unit_code,policy_code,programme_code,line,item_no,name_bg,short_bg,name_en,group_bg,group_short_bg,group_en,amount_EUR,derived
0200,0200.01.00,0200.01.01,staff,,Персонал,,Staff costs,,,,5108100,
0200,0200.01.00,0200.01.01,running,,Издръжка,,Running costs,,,,1315700,
0200,0200.01.00,0200.01.01,capital,,Капиталови разходи,,Capital spending,,,,171300,
0300,0300.01.00,0300.01.01,staff,,Персонал,,Staff costs,,,,6020500,
0300,0300.01.00,0300.01.01,running,,Издръжка,,Running costs,,,,430300,
0300,0300.01.00,0300.01.02,staff,,Персонал,,Staff costs,,,,3915600,
0300,0300.01.00,0300.01.02,running,,Издръжка,,Running costs,,,,937300,
0300,0300.01.00,0300.01.02,capital,,Капиталови разходи,,Capital spending,,,,161400,
0300,0300.01.00,0300.01.02,administered,1,Субсидии за финансиране на проекти по чл. 6е от Закона за защита от домашно насилие,Проекти срещу домашното насилие,Projects against domestic violence,,,,230000,
0300,0300.01.00,0300.01.02,administered,2,Вноска на Република България за участие в Глобалната инициатива „Партньорство за открито управление“,Вноска за „Партньорство за открито управление“,Open Government Partnership contribution,,,,61400,
0300,0300.02.00,0300.02.01,staff,,Персонал,,Staff costs,,,,245200,
0300,0300.02.00,0300.02.01,running,,Издръжка,,Running costs,,,,29900,
0300,0300.03.00,0300.03.01,staff,,Персонал,,Staff costs,,,,19157400,
0300,0300.03.00,0300.03.01,running,,Издръжка,,Running costs,,,,5359200,
0300,0300.03.00,0300.03.01,capital,,Капиталови разходи,,Capital spending,,,,1235500,
0300,0300.03.00,0300.03.01,administered,1,Изработване на кадастрални планове по § 4 от ПЗР на Закона за собствеността и ползването на земеделските земи,Кадастрални планове за земеделски земи,Cadastral plans for agricultural land,,,,139700,
0300,0300.03.00,0300.03.01,administered,2,"Провеждане на национален туристически поход „По пътя на Ботевата чета“, Козлодуй – Околчица и честване на Шипченските боеве",Поход „По пътя на Ботевата чета“ и честване на Шипченските боеве,Botev trail hike and Shipka battle commemorations,,,,84400,
0300,0300.03.00,0300.03.01,administered,3,"За изпълнение на ангажиментите на областните управители на областите Бургас, Варна и Добрич по Закона за устройството на Черноморското крайбрежие през активния летен сезон","Черноморско крайбрежие през летния сезон (Бургас, Варна, Добрич)","Black Sea coast in the summer season (Burgas, Varna, Dobrich)",,,,428200,
0300,0300.03.00,0300.03.01,administered,4,Обезщетения по Закона за политическа и гражданска реабилитация на репресирани лица,Обезщетения за репресирани лица,Compensation for politically repressed people,,,,10500,
0300,0300.03.00,0300.03.01,administered,5,"За изпълнение на ангажиментите на областните управители на областите Бургас, Варна и Добрич по чл. 7, ал. 11 и ал. 12 от Закона за устройството на Черноморското крайбрежие","Черноморско крайбрежие (Бургас, Варна, Добрич), чл. 7, ал. 11 и 12","Black Sea coast (Burgas, Varna, Dobrich), Art. 7(11)–(12)",,,,410000,
0300,0300.03.00,0300.03.01,administered,6,Изграждане на ГКПП,Изграждане на гранични контролно-пропускателни пунктове,Building border checkpoints,,,,872800,
0300,0300.04.00,0300.04.01,staff,,Персонал,,Staff costs,,,,179100,
0300,0300.04.00,0300.04.01,running,,Издръжка,,Running costs,,,,12400,
0300,0300.04.00,0300.04.01,administered,1,"Субсидии за вероизповеданията, регистрирани по Закона за вероизповеданията",Субсидии за вероизповеданията,Subsidies for religious denominations,,,,36549800,
0300,0300.05.00,0300.05.01,staff,,Персонал,,Staff costs,,,,6049900,
0300,0300.05.00,0300.05.01,running,,Издръжка,,Running costs,,,,659100,
0300,0300.05.00,0300.05.01,capital,,Капиталови разходи,,Capital spending,,,,1686900,
0300,0300.06.00,0300.06.00,staff,,Персонал,,Staff costs,,,,5586600,
0300,0300.06.00,0300.06.00,running,,Издръжка,,Running costs,,,,10772200,
0300,0300.06.00,0300.06.00,capital,,Капиталови разходи,,Capital spending,,,,2386000,
0300,0300.06.00,0300.06.00,administered,1,Държавна награда „Свети Паисий Хилендарски“,,St Paisius of Hilendar state award,,,,5100,
0300,0300.07.00,0300.07.01,staff,,Персонал,,Staff costs,,,,6932900,
0300,0300.07.00,0300.07.01,running,,Издръжка,,Running costs,,,,2909500,
0300,0300.07.00,0300.07.01,capital,,Капиталови разходи,,Capital spending,,,,2225500,
0300,0300.07.00,0300.07.02,staff,,Персонал,,Staff costs,,,,4643100,
0300,0300.07.00,0300.07.02,running,,Издръжка,,Running costs,,,,1640200,
0300,0300.07.00,0300.07.02,capital,,Капиталови разходи,,Capital spending,,,,1490300,
0300,0300.07.00,0300.07.02,administered,1,Дневни разходи на граждани на трети страни в процедура по международна закрила,Дневни разходи на търсещи закрила,Daily allowances for asylum seekers,,,,204500,
0400,0400.01.00,0400.01.01,staff,,Персонал,,Staff costs,,,,3942400,
0400,0400.01.00,0400.01.01,running,,Издръжка,,Running costs,,,,617600,
0400,0400.01.00,0400.01.01,capital,,Капиталови разходи,,Capital spending,,,,562500,
0500,0500.01.00,0500.01.01,staff,,Персонал,,Staff costs,,,,13865500,
0500,0500.01.00,0500.01.01,running,,Издръжка,,Running costs,,,,1462400,
0500,0500.01.00,0500.01.01,capital,,Капиталови разходи,,Capital spending,,,,342100,
0500,0500.02.00,0500.02.01,staff,,Персонал,,Staff costs,,,,7057200,
0500,0500.02.00,0500.02.01,running,,Издръжка,,Running costs,,,,453300,
1000,1000.01.00,1000.01.01,staff,,Персонал,,Staff costs,,,,9016100,
1000,1000.01.00,1000.01.01,running,,Издръжка,,Running costs,,,,436600,
1000,1000.01.00,1000.01.01,administered,1,"Предоставяне на подкрепа за създаването и функционирането на Офис на Световната банка в София, България за осъществяването на споделени услуги и други функции на Групата на Световната банка",Офис на Световната банка в София,World Bank office in Sofia,,,,1626600,
1000,1000.01.00,1000.01.02,staff,,Персонал,,Staff costs,,,,11919700,
1000,1000.01.00,1000.01.02,running,,Издръжка,,Running costs,,,,2739100,
1000,1000.01.00,1000.01.02,capital,,Капиталови разходи,,Capital spending,,,,189900,
1000,1000.01.00,1000.01.02,administered,1,Съдебни и арбитражни производства,,Court and arbitration proceedings,,,,20759400,
1000,1000.02.00,1000.02.01,staff,,Персонал,,Staff costs,,,,253207900,
1000,1000.02.00,1000.02.01,running,,Издръжка,,Running costs,,,,34714500,
1000,1000.02.00,1000.02.01,capital,,Капиталови разходи,,Capital spending,,,,8853600,
1000,1000.02.00,1000.02.01,administered,1,Концесионна дейност по Закона за концесиите,Концесии,Concessions,,,,1911100,
1000,1000.02.00,1000.02.01,administered,2,Кампания „Данъчно-осигурителни рискове“,,“Tax and social security risks” campaign,,,,26100,
1000,1000.03.00,1000.03.01,staff,,Персонал,,Staff costs,,,,829900,
1000,1000.03.00,1000.03.01,running,,Издръжка,,Running costs,,,,322200,
1000,1000.03.00,1000.03.02,staff,,Персонал,,Staff costs,,,,33553700,
1000,1000.03.00,1000.03.02,running,,Издръжка,,Running costs,,,,6123200,
1000,1000.04.00,1000.04.01,staff,,Персонал,,Staff costs,,,,1363300,
1000,1000.04.00,1000.04.01,running,,Издръжка,,Running costs,,,,115600,
1000,1000.04.00,1000.04.01,administered,1,Годишни такси за присъждане на държавен кредитен рейтинг на Република България,Такси за кредитен рейтинг на държавата,Sovereign credit rating fees,,,,2052500,
1000,1000.06.00,1000.06.00,staff,,Персонал,,Staff costs,,,,8240200,
1000,1000.06.00,1000.06.00,running,,Издръжка,,Running costs,,,,10315600,
1000,1000.06.00,1000.06.00,capital,,Капиталови разходи,,Capital spending,,,,741400,
1000,1000.06.00,1000.06.00,administered,1,Отпечатване и контрол върху ценни книжа,,Printing and control of securities,,,,53700,
1000,1000.06.00,1000.06.00,administered,2,"Жилищни компенсаторни записи, притежавани от гражданите по Закона за възстановяване собствеността върху одържавени недвижими имоти",Жилищни компенсаторни записи,Housing compensation vouchers,,,,40000,
1100,1100.01.00,1100.01.01,running,,Издръжка,,Running costs,,,,598200,
1100,1100.01.00,1100.01.01,administered,1,Вноски на Република България в Европейския механизъм за подкрепа на мира,Вноски в Европейския механизъм за подкрепа на мира,European Peace Facility contributions,,,,9037200,
1100,1100.01.00,1100.01.01,administered,2,Граждански бюджет на НАТО,,NATO civil budget,,,,1497800,
1100,1100.01.00,1100.01.01,administered,3,Пенсионен фонд за цивилни служители на НАТО,,NATO civilian staff pension fund,,,,257600,
1100,1100.01.00,1100.01.01,administered,4,Адаптация на ГК на НАТО,Адаптация на главната квартира на НАТО,NATO headquarters adaptation,,,,36700,
1100,1100.01.00,1100.01.01,administered,5,Финансово участие в Механизма за предоставяне на приоритетно оборудване за Украйна,Приоритетно оборудване за Украйна (механизъм на НАТО),Prioritised equipment for Ukraine (NATO mechanism),,,,16990000,
1100,1100.01.00,1100.01.01,administered,6,Други международни организации,,Other international organisations,,,,15200,
1100,1100.01.00,1100.01.02,running,,Издръжка,,Running costs,,,,96100,
1100,1100.01.00,1100.01.02,administered,1,Участие във Фонда за сътрудничество на ЦЕИ и членски внос за участие в други международни организации,Фонд за сътрудничество на ЦЕИ и други организации,CEI Cooperation Fund and other organisations,,,,150200,
1100,1100.01.00,1100.01.03,running,,Издръжка,,Running costs,,,,897900,
1100,1100.01.00,1100.01.03,administered,1,"Членски внос в бюджета на Съвета на Европа, редовния бюджет на ООН, Организацията на Северноатлантическия договор и за участие в други международни организации","Вноски в Съвета на Европа, ООН, НАТО и други организации","Contributions to the Council of Europe, the UN, NATO and others",,,,7198500,
1100,1100.01.00,1100.01.03,administered,2,"Вноска към ОИСР съгласно условията на пътната карта за присъединяване на България, приета от ОИСР",Вноска към ОИСР (присъединяване),OECD contribution (accession),,,,4499400,
1100,1100.01.00,1100.01.03,administered,3,Участие на България в Комитета по помощ за развитие,,Development Assistance Committee,,,,15900,
1100,1100.01.00,1100.01.03,administered,4,Подготовка на България за членство в ОИСР,,Preparing for OECD membership,,,,100000,
1100,1100.01.00,1100.01.04,running,,Издръжка,,Running costs,,,,78200,
1100,1100.01.00,1100.01.04,administered,1,Членски внос в международни организации,,International organisation fees,,,,29200,
1100,1100.01.00,1100.01.05,running,,Издръжка,,Running costs,,,,196800,
1100,1100.01.00,1100.01.06,administered,1,Официална помощ за развитие и хуманитарна помощ,,Official development and humanitarian aid,,,,3499500,
1100,1100.01.00,1100.01.07,administered,1,"Подкрепа на българските общности, организации и инициативи на българите в чужбина",Подкрепа за българските общности в чужбина,Support for Bulgarian communities abroad,,,,1750000,
1100,1100.01.00,1100.01.08,running,,Издръжка,,Running costs,,,,56200,
1100,1100.01.00,1100.01.09,running,,Издръжка,,Running costs,,,,12800,
1100,1100.01.00,1100.01.10,running,,Издръжка,,Running costs,,,,235200,
1100,1100.01.00,1100.01.11,staff,,Персонал,,Staff costs,,,,15489800,
1100,1100.01.00,1100.01.11,running,,Издръжка,,Running costs,,,,6266900,
1100,1100.01.00,1100.01.11,capital,,Капиталови разходи,,Capital spending,,,,2131000,
1100,1100.01.00,1100.01.12,staff,,Персонал,,Staff costs,,,,15431900,
1100,1100.01.00,1100.01.12,running,,Издръжка,,Running costs,,,,46742900,
1100,1100.01.00,1100.01.12,capital,,Капиталови разходи,,Capital spending,,,,3330300,
1100,1100.01.00,1100.01.12,administered,1,Оказване на съдействие на изпаднали в беда български граждани,Помощ за български граждани в беда,Help for Bulgarian citizens in distress,,,,255600,
1100,1100.02.00,1100.02.01,staff,,Персонал,,Staff costs,,,,457300,
1100,1100.02.00,1100.02.01,running,,Издръжка,,Running costs,,,,139500,
1100,1100.02.00,1100.02.01,capital,,Капиталови разходи,,Capital spending,,,,18500,
1100,1100.02.00,1100.02.02,staff,,Персонал,,Staff costs,,,,183400,
1100,1100.02.00,1100.02.02,running,,Издръжка,,Running costs,,,,100300,
1100,1100.02.00,1100.02.02,capital,,Капиталови разходи,,Capital spending,,,,26600,
1100,1100.02.00,1100.02.02,administered,1,Разходи за членство в Европейската мрежа на културните институти EUNIC (European Union National Institutes for Culture),Членство в EUNIC,EUNIC membership,,,,1700,
1100,1100.03.00,1100.03.01,staff,,Персонал,,Staff costs,,,,516300,
1100,1100.03.00,1100.03.01,running,,Издръжка,,Running costs,,,,255600,
1100,1100.03.00,1100.03.01,capital,,Капиталови разходи,,Capital spending,,,,23100,
1200,1200.01.00,1200.01.01,staff,,Персонал,,Staff costs,,,,1019757600,
1200,1200.01.00,1200.01.01,running,,Издръжка,,Running costs,,,,108022900,
1200,1200.01.00,1200.01.01,capital,,Капиталови разходи,,Capital spending,,,,10297400,
1200,1200.01.00,1200.01.01,administered,1,"Стипендии за деца на военнослужещи, участващи в мисии, съгласно чл. 231, ал. 3 от Закона за отбраната и въоръжените сили на Република България",Стипендии за деца на военнослужещи в мисии,Scholarships for children of service members on missions,,,,198400,
1200,1200.01.00,1200.01.01,administered,2,Разходи за членски внос,,Membership fees,,,,240700,
1200,1200.01.00,1200.01.02,staff,,Персонал,,Staff costs,,,,16181800,
1200,1200.01.00,1200.01.02,running,,Издръжка,,Running costs,,,,1423800,
1200,1200.01.00,1200.01.02,administered,1,Стипендии за курсанти и студенти,,Scholarships for cadets and students,,,,20400,
1200,1200.01.00,1200.01.03,staff,,Персонал,,Staff costs,,,,38563000,
1200,1200.01.00,1200.01.03,running,,Издръжка,,Running costs,,,,1397600,
1200,1200.01.00,1200.01.03,capital,,Капиталови разходи,,Capital spending,,,,11500,
1200,1200.01.00,1200.01.04,staff,,Персонал,,Staff costs,,,,76423200,
1200,1200.01.00,1200.01.04,running,,Издръжка,,Running costs,,,,11573000,
1200,1200.01.00,1200.01.04,capital,,Капиталови разходи,,Capital spending,,,,72300,
1200,1200.01.00,1200.01.04,administered,1,Членски внос в Международния комитет по военна медицина,,International Committee of Military Medicine fees,,,,600,
1200,1200.01.00,1200.01.05,staff,,Персонал,,Staff costs,,,,20993200,
1200,1200.01.00,1200.01.05,running,,Издръжка,,Running costs,,,,9377200,
1200,1200.01.00,1200.01.05,capital,,Капиталови разходи,,Capital spending,,,,134900,
1200,1200.01.00,1200.01.05,administered,1,"Членски внос от НВИМ за Международния съвет на музеите – ИКОМ, за международна музейна организация и CLIMS","Членски внос на военноисторическия музей (ИКОМ, CLIMS)","Military history museum fees (ICOM, CLIMS)",,,,1700,
1200,1200.01.00,1200.01.06,staff,,Персонал,,Staff costs,,,,7266100,
1200,1200.01.00,1200.01.06,running,,Издръжка,,Running costs,,,,1948300,
1200,1200.01.00,1200.01.06,capital,,Капиталови разходи,,Capital spending,,,,92300,
1200,1200.01.00,1200.01.06,administered,1,Членски внос в Българския институт за стандартизация,,Bulgarian Institute for Standardisation fees,,,,2100,
1200,1200.01.00,1200.01.07,running,,Издръжка,,Running costs,,,,81300,
1200,1200.01.00,1200.01.08,staff,,Персонал,,Staff costs,,,,95757900,
1200,1200.01.00,1200.01.08,running,,Издръжка,,Running costs,,,,170411600,
1200,1200.01.00,1200.01.08,capital,,Капиталови разходи,,Capital spending,,,,351042000,
1200,1200.01.00,1200.01.08,administered,1,Материално подпомагане съгласно Наредба № 1/2011 г. на министъра на отбраната,Материално подпомагане,Material assistance,,,,306800,
1200,1200.01.00,1200.01.08,administered,2,За осъществяване на болнична помощ и други субсидии и плащания (в т.ч. ОМП),Болнична помощ и други субсидии (вкл. ОМП),Hospital care and other subsidies (incl. mobilisation readiness),,,,2607500,
1200,1200.01.00,1200.01.08,administered,3,Субсидии за Съюза на ветераните от войните в България,Субсидия за Съюза на ветераните от войните,Union of War Veterans subsidy,,,,134000,
1200,1200.01.00,1200.01.08,administered,4,Разходи за пощенски услуги,,Postal services,,,,5100,
1200,1200.01.00,1200.01.09,running,,Издръжка,,Running costs,,,,25172000,
1200,1200.01.00,1200.01.09,capital,,Капиталови разходи,,Capital spending,,,,507034000,
1200,1200.02.00,1200.02.01,running,,Издръжка,,Running costs,,,,12823900,
1200,1200.02.00,1200.02.01,administered,1,"Разходи по съюзни ангажименти, в т.ч. вноски към военния, оперативния и административния бюджет на НАТО, вноски към бюджета на ЕС и др.","Съюзни ангажименти (вноски в бюджетите на НАТО, ЕС и др.)",Allied commitments (NATO and EU budget contributions etc.),,,,24002500,
1200,1200.02.00,1200.02.02,staff,,Персонал,,Staff costs,,,,51755000,
1200,1200.02.00,1200.02.02,running,,Издръжка,,Running costs,,,,3278500,
1200,1200.02.00,1200.02.02,capital,,Капиталови разходи,,Capital spending,,,,195800,
1300,1300.01.00,1300.01.01,staff,,Персонал,,Staff costs,,,,1182061400,
1300,1300.01.00,1300.01.01,running,,Издръжка,,Running costs,,,,38529200,
1300,1300.01.00,1300.01.01,capital,,Капиталови разходи,,Capital spending,,,,4612500,
1300,1300.01.00,1300.01.01,administered,1,"Разходи за членски внос и участие в нетърговски организации и дейности (ROADPOL, ИНТЕРПОЛ, Международен център за развитие на миграционната политика, RAI, EUCARIS, ENFSI, DCAF, Годишна вноска на Р България към административния бюджет на МОМ и за функционирането на ШИС и др.)","Членски внос (ИНТЕРПОЛ, МОМ, ШИС и др.)","Membership fees (INTERPOL, IOM, SIS etc.)",,,,347100,
1300,1300.02.00,1300.02.01,staff,,Персонал,,Staff costs,,,,304896000,
1300,1300.02.00,1300.02.01,running,,Издръжка,,Running costs,,,,14618000,
1300,1300.02.00,1300.02.01,capital,,Капиталови разходи,,Capital spending,,,,5882000,
1300,1300.03.00,1300.03.01,staff,,Персонал,,Staff costs,,,,341856100,
1300,1300.03.00,1300.03.01,running,,Издръжка,,Running costs,,,,8967200,
1300,1300.03.00,1300.03.01,capital,,Капиталови разходи,,Capital spending,,,,762900,
1300,1300.03.00,1300.03.01,administered,1,"Разходи за членски внос и участие в нетърговски организации и дейности (DPPI, CTIF, EGOLF, FEU, Български институт за стандартизация, Асоциация на лицата за оценка съответствието на строителни продукти и др.)","Членски внос (CTIF, FEU, DPPI и др.)","Membership fees (CTIF, FEU, DPPI etc.)",,,,31800,
1300,1300.04.00,1300.04.01,staff,,Персонал,,Staff costs,,,,86751000,
1300,1300.04.00,1300.04.01,running,,Издръжка,,Running costs,,,,43866000,
1300,1300.04.00,1300.04.01,capital,,Капиталови разходи,,Capital spending,,,,7860000,
1300,1300.04.00,1300.04.01,administered,1,Разходи за членски внос и участие в нетърговски организации и дейности (SELEC – Център за правоприлагане в Югоизточна Европа),Членски внос (SELEC),Membership fees (SELEC),,,,78000,
1300,1300.04.00,1300.04.02,staff,,Персонал,,Staff costs,,,,34665200,
1300,1300.04.00,1300.04.02,running,,Издръжка,,Running costs,,,,2182000,
1300,1300.04.00,1300.04.02,capital,,Капиталови разходи,,Capital spending,,,,6668800,
1300,1300.04.00,1300.04.03,staff,,Персонал,,Staff costs,,,,22329700,
1300,1300.04.00,1300.04.03,running,,Издръжка,,Running costs,,,,1764300,
1300,1300.04.00,1300.04.03,capital,,Капиталови разходи,,Capital spending,,,,2303800,
1300,1300.04.00,1300.04.03,administered,1,"Разходи за членски внос и участие в нетърговски организации и дейности (Сдружение Съвет на ректорите, Българска асоциация по криминология, Асоциация Оптима, Европейска асоциация на пожарникарските колежи и др.)",Членски внос (Съвет на ректорите и др.),Membership fees (Rectors’ Council etc.),,,,1800,
1300,1300.04.00,1300.04.03,administered,2,"Стипендии за курсантите на Академията на МВР, определени с Инструкция № 8121з-1008/24.08.2015 г. (Обн., ДВ, бр. 67/01.09.2015 г.)",Стипендии за курсантите на Академията на МВР,Scholarships for Interior Ministry Academy cadets,,,,4198400,
1400,1400.01.00,1400.01.01,staff,,Персонал,,Staff costs,,,,7914800,
1400,1400.01.00,1400.01.01,running,,Издръжка,,Running costs,,,,1249200,
1400,1400.01.00,1400.01.01,administered,1,Издръжка по Закона за подпомагане и финансова компенсация на пострадали от престъпления,Подпомагане на пострадали от престъпления,Assistance to crime victims,,,,107400,
1400,1400.01.00,1400.01.01,administered,2,Субсидии за организации с нестопанска цел по Закона за подпомагане и финансова компенсация на пострадали от престъпления,Субсидии за организации за пострадали от престъпления,Subsidies to crime-victim support organisations,,,,122700,
1400,1400.01.00,1400.01.01,administered,3,"Дължими суми по влезли в сила решения на международни съдилища, международни арбитражни съдилища или по споразумения, вкл. по реда на Глава III „А“ от Закона за съдебната власт",Суми по решения на международни съдилища,Payments under international court rulings,,,,0,
1400,1400.01.00,1400.01.01,administered,4,Субсидии по Закона за политическите партии,Субсидии за политическите партии,Political party subsidies,,,,8964300,
1400,1400.01.00,1400.01.02,staff,,Персонал,,Staff costs,,,,14240300,
1400,1400.01.00,1400.01.02,running,,Издръжка,,Running costs,,,,3025400,
1400,1400.01.00,1400.01.02,capital,,Капиталови разходи,,Capital spending,,,,2801300,
1400,1400.01.00,1400.01.03,staff,,Персонал,,Staff costs,,,,77264600,
1400,1400.01.00,1400.01.03,running,,Издръжка,,Running costs,,,,2871200,
1400,1400.01.00,1400.01.03,capital,,Капиталови разходи,,Capital spending,,,,1357800,
1400,1400.01.00,1400.01.03,administered,1,Издръжка за изпълнение на дейности по Закона за екстрадицията и Европейската заповед за арест,Екстрадиция и Европейска заповед за арест,Extradition and European arrest warrants,,,,159800,
1400,1400.01.00,1400.01.03,administered,2,"Издръжка за дейности по Закона за признаване, изпълнение и изпращане на съдебни актове за налагане на наказание лишаване от свобода или мерки, включващи лишаване от свобода",Изпълнение на чужди присъди за лишаване от свобода,Enforcing foreign custodial sentences,,,,58100,
1400,1400.01.00,1400.01.04,staff,,Персонал,,Staff costs,,,,545400,
1400,1400.01.00,1400.01.04,running,,Издръжка,,Running costs,,,,62700,
1400,1400.01.00,1400.01.04,capital,,Капиталови разходи,,Capital spending,,,,4100,
1400,1400.01.00,1400.01.04,administered,1,Издръжка по Закона за правната помощ,Правна помощ,Legal aid,,,,6226200,
1400,1400.02.00,1400.02.01,staff,,Персонал,,Staff costs,,,,141210900,
1400,1400.02.00,1400.02.01,running,,Издръжка,,Running costs,,,,4476400,
1400,1400.02.00,1400.02.01,capital,,Капиталови разходи,,Capital spending,,,,222500,
1400,1400.02.00,1400.02.01,administered,1,Други възнаграждения по Закона за изпълнение на наказанията и задържането под стража и правилника за неговото прилагане,Други възнаграждения по Закона за изпълнение на наказанията,Other remuneration (Execution of Penalties Act),,,,1442000,
1400,1400.02.00,1400.02.01,administered,2,"Издръжка (храна, медикаменти и др.) по Закона за изпълнение на наказанията и задържането под стража","Храна, лекарства и др. за задържаните","Food, medicines etc. for detainees",,,,12049500,
1400,1400.02.00,1400.02.02,staff,,Персонал,,Staff costs,,,,64673300,
1400,1400.02.00,1400.02.02,running,,Издръжка,,Running costs,,,,472400,
1400,1400.02.00,1400.02.02,capital,,Капиталови разходи,,Capital spending,,,,477500,
1400,1400.02.00,1400.02.02,administered,1,"Издръжка (храна, медикаменти и др.) по Закона за изпълнение на наказанията и задържането под стража","Храна, лекарства и др. за задържаните","Food, medicines etc. for detainees",,,,1018600,
1400,1400.03.00,1400.03.00,staff,,Персонал,,Staff costs,,,,4939600,
1400,1400.03.00,1400.03.00,running,,Издръжка,,Running costs,,,,1509400,
1400,1400.03.00,1400.03.00,capital,,Капиталови разходи,,Capital spending,,,,562900,
1500,1500.01.00,1500.01.01,staff,,Персонал,,Staff costs,,,,35705400,
1500,1500.01.00,1500.01.01,running,,Издръжка,,Running costs,,,,4137200,
1500,1500.01.00,1500.01.01,capital,,Капиталови разходи,,Capital spending,,,,280200,
1500,1500.01.00,1500.01.01,administered,1,Разходи за квалификация и програми за безработни съгласно Националния план за действие по заетостта,Обучение и програми за безработни,Training and programmes for the unemployed,,,,44993700,
1500,1500.01.00,1500.01.02,staff,,Персонал,,Staff costs,,,,169500,
1500,1500.02.00,1500.02.01,staff,,Персонал,,Staff costs,,,,14824300,
1500,1500.02.00,1500.02.01,running,,Издръжка,,Running costs,,,,1292800,
1500,1500.02.00,1500.02.01,capital,,Капиталови разходи,,Capital spending,,,,184100,
1500,1500.02.00,1500.02.01,administered,1,Проекти и програми за подобряване условията на труд по КСО,Проекти за по-добри условия на труд,Projects for better working conditions,,,,1533900,
1500,1500.02.00,1500.02.01,administered,2,Диагностика на професионалните болести по КСО,Диагностика на професионалните болести,Diagnosis of occupational diseases,,,,511300,
1500,1500.03.00,1500.03.01,staff,,Персонал,,Staff costs,,,,35510400,
1500,1500.03.00,1500.03.01,running,,Издръжка,,Running costs,,,,2104700,
1500,1500.03.00,1500.03.01,capital,,Капиталови разходи,,Capital spending,,,,794300,
1500,1500.03.00,1500.03.01,administered,1,Месечни помощи по Закона за социално подпомагане,Месечни социални помощи,Monthly social assistance,,,,78644100,
1500,1500.03.00,1500.03.01,administered,2,Еднократни помощи по Закона за социално подпомагане,Еднократни социални помощи,One-off social assistance,,,,17578200,
1500,1500.03.00,1500.03.01,administered,3,Целеви помощи за наеми по Закона за социално подпомагане,Помощи за наем,Rent assistance,,,,51100,
1500,1500.03.00,1500.03.01,administered,4,Помощи за диагностика и лечение - ПМС № 17 от 2007 г.,Помощи за диагностика и лечение,Assistance for diagnosis and treatment,,,,1789500,
1500,1500.03.00,1500.03.01,administered,5,Целеви помощи за отопление - Наредба № 07-5/2008 г. на министъра на труда и социалната политика за условията и реда за отпускане на целева помощ за отопление,Помощи за отопление,Heating aid,,,,49549300,
1500,1500.03.00,1500.03.01,administered,6,"Целеви средства за лекарства, дентална помощ и еднократна помощ при смърт на военнопострадалите и военноинвалидите по Закона за ветераните от войните на Република България и Закона за военноинвалидите и военнопострадалите","Лекарства, зъболечение и помощ при смърт за ветерани и военноинвалиди","Medicines, dental care and death grants for veterans and war invalids",,,,1865200,
1500,1500.03.00,1500.03.01,administered,7,Целеви социални програми и проекти в областта на социалното включване и социалната подкрепа,Социални програми и проекти за включване,Social inclusion programmes and projects,,,,2740500,
1500,1500.03.00,1500.03.01,administered,8,"Целева помощ за безработен член на семейството, получаващ месечна помощ по чл. 9, започнал работа (чл. 11а от ППЗСП)",Помощ за започнал работа член на семейство на социални помощи,Aid when an unemployed member of a family on assistance takes a job,,,,782400,
1500,1500.03.00,1500.03.01,administered,9,"Месечна целева помощ за младежи от 18 и 21-годишна възраст, напуснали за първи път услуга за резидентна грижа (чл. 16в от ППЗСП)","Помощ за младежи, напуснали резидентна грижа",Aid for young people leaving residential care,,,,351600,
1500,1500.03.00,1500.03.01,administered,10,Целева помощ по Програмата за компенсиране на физически лица за увеличените цени на горивата след избухване на конфликта в Близкия изток на 28 февруари 2026 г.,Компенсации за поскъпналите горива (конфликта в Близкия изток),Fuel price compensation (Middle East conflict),,,,25000000,
1500,1500.03.00,1500.03.02,staff,,Персонал,,Staff costs,,,,151200,
1500,1500.04.00,1500.04.01,staff,,Персонал,,Staff costs,,,,15417300,
1500,1500.04.00,1500.04.01,running,,Издръжка,,Running costs,,,,915100,
1500,1500.04.00,1500.04.01,capital,,Капиталови разходи,,Capital spending,,,,25600,
1500,1500.04.00,1500.04.01,administered,1,Финансова подкрепа за хора с трайни увреждания,,Financial support for people with permanent disabilities,,,,559865000,
1500,1500.04.00,1500.04.01,administered,2,Финансова подкрепа под формата на целеви помощи за хора с трайни увреждания,Целеви помощи за хора с трайни увреждания,Targeted aid for people with permanent disabilities,,,,2403100,
1500,1500.04.00,1500.04.01,administered,3,Субсидии и други текущи трансфери за нефинансови предприятия по Закона за хората с увреждания,Субсидии за предприятия по Закона за хората с увреждания,Subsidies to companies under the Persons with Disabilities Act,,,,4563100,
1500,1500.04.00,1500.04.01,administered,4,"Субсидия за рехабилитация и интеграция на хората с увреждания (чл. 10, ал. 3, т. 8 от ЗХУ)",Рехабилитация и интеграция на хората с увреждания,Rehabilitation and integration of people with disabilities,,,,204500,
1500,1500.04.00,1500.04.01,administered,5,"Национална програма за достъпна жилищна среда и лична мобилност (чл. 56, ал. 1 от ЗХУ)",Достъпна жилищна среда и лична мобилност,Accessible housing and personal mobility,,,,1278200,
1500,1500.04.00,1500.04.01,administered,6,Механизъм лична помощ,,Personal assistance scheme,,,,777205400,
1500,1500.04.00,1500.04.01,administered,7.1,Сдружение „Съюз на инвалидите в България“,Съюз на инвалидите в България,Union of the Disabled in Bulgaria,"Субсидии за национално представителните организации на и за хората с увреждания, в т.ч.:",Субсидии за национално представителните организации на хората с увреждания,Subsidies to national disability organisations,400200,
1500,1500.04.00,1500.04.01,administered,7.2,Сдружение „Съюз на военноинвалидите и военнопострадалите“,Съюз на военноинвалидите и военнопострадалите,Union of War Invalids and War Victims,"Субсидии за национално представителните организации на и за хората с увреждания, в т.ч.:",Субсидии за национално представителните организации на хората с увреждания,Subsidies to national disability organisations,159600,
1500,1500.04.00,1500.04.01,administered,7.3,Сдружение „Съюз на слепите в България“,Съюз на слепите в България,Union of the Blind in Bulgaria,"Субсидии за национално представителните организации на и за хората с увреждания, в т.ч.:",Субсидии за национално представителните организации на хората с увреждания,Subsidies to national disability organisations,407000,
1500,1500.04.00,1500.04.01,administered,7.4,Сдружение „Българска асоциация за лица с интелектуални затруднения“,Българска асоциация за лица с интелектуални затруднения,Bulgarian Association for People with Intellectual Disabilities,"Субсидии за национално представителните организации на и за хората с увреждания, в т.ч.:",Субсидии за национално представителните организации на хората с увреждания,Subsidies to national disability organisations,120000,
1500,1500.04.00,1500.04.01,administered,7.5,Сдружение „Асоциация на родителите на деца с увреден слух“,Асоциация на родителите на деца с увреден слух,Association of Parents of Children with Hearing Impairment,"Субсидии за национално представителните организации на и за хората с увреждания, в т.ч.:",Субсидии за национално представителните организации на хората с увреждания,Subsidies to national disability organisations,63600,
1500,1500.04.00,1500.04.01,administered,7.6,Сдружение „Съюз на глухите в България“,Съюз на глухите в България,Union of the Deaf in Bulgaria,"Субсидии за национално представителните организации на и за хората с увреждания, в т.ч.:",Субсидии за национално представителните организации на хората с увреждания,Subsidies to national disability organisations,210200,
1500,1500.04.00,1500.04.01,administered,7.7,Сдружение „Българска асоциация „Диабет“,Българска асоциация „Диабет“,Bulgarian Diabetes Association,"Субсидии за национално представителните организации на и за хората с увреждания, в т.ч.:",Субсидии за национално представителните организации на хората с увреждания,Subsidies to national disability organisations,229000,
1500,1500.04.00,1500.04.01,administered,7.8,Сдружение „Асоциация на родителите на деца с нарушено зрение“,Асоциация на родителите на деца с нарушено зрение,Association of Parents of Visually Impaired Children,"Субсидии за национално представителните организации на и за хората с увреждания, в т.ч.:",Субсидии за национално представителните организации на хората с увреждания,Subsidies to national disability organisations,51900,
1500,1500.04.00,1500.04.01,administered,7.9,Сдружение „Национална асоциация на сляпо-глухите в България“,Национална асоциация на сляпо-глухите в България,National Association of the Deafblind in Bulgaria,"Субсидии за национално представителните организации на и за хората с увреждания, в т.ч.:",Субсидии за национално представителните организации на хората с увреждания,Subsidies to national disability organisations,109000,
1500,1500.04.00,1500.04.01,administered,7.10,Национално сдружение на работодателите на хората с увреждания,,National Association of Employers of People with Disabilities,"Субсидии за национално представителните организации на и за хората с увреждания, в т.ч.:",Субсидии за национално представителните организации на хората с увреждания,Subsidies to national disability organisations,176400,
1500,1500.04.00,1500.04.01,administered,7.11,Сдружение „Център за психологически изследвания“,Център за психологически изследвания,Centre for Psychological Research,"Субсидии за национално представителните организации на и за хората с увреждания, в т.ч.:",Субсидии за национално представителните организации на хората с увреждания,Subsidies to national disability organisations,162200,
1500,1500.04.00,1500.04.01,administered,7.12,Сдружение „Българска асоциация за невромускулни заболявания“,Българска асоциация за невромускулни заболявания,Bulgarian Association for Neuromuscular Diseases,"Субсидии за национално представителните организации на и за хората с увреждания, в т.ч.:",Субсидии за национално представителните организации на хората с увреждания,Subsidies to national disability organisations,33800,
1500,1500.04.00,1500.04.01,administered,7.13,Сдружение „Национална организация „Малки български хора“,Национална организация „Малки български хора“,Little People of Bulgaria,"Субсидии за национално представителните организации на и за хората с увреждания, в т.ч.:",Субсидии за национално представителните организации на хората с увреждания,Subsidies to national disability organisations,30100,
1500,1500.04.00,1500.04.01,administered,7.14,Сдружение „Асоциация на родители на деца с епилепсия“,Асоциация на родители на деца с епилепсия,Association of Parents of Children with Epilepsy,"Субсидии за национално представителните организации на и за хората с увреждания, в т.ч.:",Субсидии за национално представителните организации на хората с увреждания,Subsidies to national disability organisations,33800,
1500,1500.04.00,1500.04.01,administered,7.15,Сдружение „Национален център за рехабилитация на слепи“,Национален център за рехабилитация на слепи,National Rehabilitation Centre for the Blind,"Субсидии за национално представителните организации на и за хората с увреждания, в т.ч.:",Субсидии за национално представителните организации на хората с увреждания,Subsidies to national disability organisations,133600,
1500,1500.04.00,1500.04.01,administered,7.16,"Сдружение „Българска асоциация за рекреация, интеграция и спорт“","Българска асоциация за рекреация, интеграция и спорт","Bulgarian Association for Recreation, Integration and Sport","Субсидии за национално представителните организации на и за хората с увреждания, в т.ч.:",Субсидии за национално представителните организации на хората с увреждания,Subsidies to national disability organisations,29500,
1500,1500.04.00,1500.04.01,administered,7.17,Сдружение „Национален алианс за социална отговорност“,Национален алианс за социална отговорност,National Alliance for Social Responsibility,"Субсидии за национално представителните организации на и за хората с увреждания, в т.ч.:",Субсидии за национално представителните организации на хората с увреждания,Subsidies to national disability organisations,129800,
1500,1500.04.00,1500.04.01,administered,7.18,Кооперация „Национална потребителна кооперация на слепите в България“,Национална потребителна кооперация на слепите,National Consumer Cooperative of the Blind,"Субсидии за национално представителните организации на и за хората с увреждания, в т.ч.:",Субсидии за национално представителните организации на хората с увреждания,Subsidies to national disability organisations,64300,
1500,1500.04.00,1500.04.01,administered,7.19,Сдружение „Българска асоциация за рекреация и туризъм“,Българска асоциация за рекреация и туризъм,Bulgarian Association for Recreation and Tourism,"Субсидии за национално представителните организации на и за хората с увреждания, в т.ч.:",Субсидии за национално представителните организации на хората с увреждания,Subsidies to national disability organisations,29500,
1500,1500.04.00,1500.04.01,administered,7.20,Сдружение „Национална асоциация на хората с придобити увреждания“,Национална асоциация на хората с придобити увреждания,National Association of People with Acquired Disabilities,"Субсидии за национално представителните организации на и за хората с увреждания, в т.ч.:",Субсидии за национално представителните организации на хората с увреждания,Subsidies to national disability organisations,33800,
1500,1500.05.00,1500.05.01,staff,,Персонал,,Staff costs,,,,52634800,
1500,1500.05.00,1500.05.01,running,,Издръжка,,Running costs,,,,3214500,
1500,1500.05.00,1500.05.01,capital,,Капиталови разходи,,Capital spending,,,,38300,
1500,1500.05.00,1500.05.01,administered,1,Национална телефонна линия за деца - 116111,Национална телефонна линия за деца 116 111,National child helpline 116 111,,,,161000,
1500,1500.05.00,1500.05.01,administered,2,Съвет на децата и командировки по проверки в страната (планови и по сигнал),Съвет на децата и проверки в страната,Children’s Council and inspections,,,,92000,
1500,1500.05.00,1500.05.01,administered,3,Помощи по Закона за закрила на детето,Помощи за закрила на детето,Child protection assistance,,,,9426100,
1500,1500.05.00,1500.05.01,administered,4,Еднократна помощ при бременност,,One-off pregnancy grant,,,,1265400,
1500,1500.05.00,1500.05.01,administered,5,Еднократна помощ при раждане на дете,,One-off birth grant,,,,17908000,
1500,1500.05.00,1500.05.01,administered,6,Еднократна помощ при осиновяване на дете,,One-off adoption grant,,,,89500,
1500,1500.05.00,1500.05.01,administered,7,Еднократна помощ за отглеждане на близнаци,,One-off grant for twins,,,,1288500,
1500,1500.05.00,1500.05.01,administered,8,"Еднократна помощ за отглеждане на дете от майка (осиновителка) студентка, учаща в редовна форма на обучение",Еднократна помощ за майки студентки,One-off grant for student mothers,,,,736200,
1500,1500.05.00,1500.05.01,administered,9,Еднократна помощ по чл. 10а от Закона за семейни помощи за деца,Еднократна помощ за ученици (чл. 10а),One-off grant for pupils (Art. 10a),,,,31904800,
1500,1500.05.00,1500.05.01,administered,10,"Еднократна помощ за ученици, записани в осми клас",,One-off grant for pupils enrolled in 8th grade,,,,7669400,
1500,1500.05.00,1500.05.01,administered,11,Еднократна помощ за безплатно пътуване веднъж в годината с железопътния и автобусния транспорт в страната за многодетни майки,Безплатно пътуване веднъж годишно за многодетни майки,One free trip a year for mothers of large families,,,,341000,
1500,1500.05.00,1500.05.01,administered,12,Месечни помощи за отглеждане на дете до навършване на една година,Месечни помощи за дете до 1 година,Monthly benefit for a child under 1,,,,15504900,
1500,1500.05.00,1500.05.01,administered,13,"Месечни помощи за отглеждане на дете до завършване на средно образование, но не повече от 20-годишна възраст",Месечни помощи за дете до завършване на средно образование,Monthly child benefit (until secondary school ends),,,,136617700,
1500,1500.05.00,1500.05.01,administered,14,Месечни помощи за отглеждане на дете с трайно увреждане,Месечни помощи за дете с трайно увреждане,Monthly benefit for a child with a permanent disability,,,,136163700,
1500,1500.05.00,1500.05.01,administered,15,Месечни помощи за дете без право на наследствена пенсия от починал родител,Месечни помощи за дете без наследствена пенсия,Monthly benefit for a child without a survivor’s pension,,,,2812100,
1500,1500.06.00,1500.06.01,staff,,Персонал,,Staff costs,,,,327200,
1500,1500.06.00,1500.06.01,administered,1,Националната програма за реформи в областта на минималната заплата и неравенствата в доходите,Минимална заплата и неравенство в доходите,Minimum wage and income inequality,,,,20700,
1500,1500.06.00,1500.06.01,administered,2,План за изпълнение на Националната стратегия за активен живот на възрастните хора в България 2019-2030 г.,Стратегия за активен живот на възрастните хора,Active ageing strategy,,,,45600,
1500,1500.06.00,1500.06.02,staff,,Персонал,,Staff costs,,,,227200,
1500,1500.06.00,1500.06.02,administered,1,"План за социална икономика, други инициативи, проекти и програми",Социална икономика,Social economy,,,,74500,
1500,1500.06.00,1500.06.02,administered,2,План за изпълнение на Политиката за насърчаване на корпоративната социална отговорност и устойчивост,Корпоративна социална отговорност,Corporate social responsibility,,,,45600,
1500,1500.07.00,1500.07.00,staff,,Персонал,,Staff costs,,,,5893300,
1500,1500.07.00,1500.07.00,running,,Издръжка,,Running costs,,,,2182800,
1500,1500.07.00,1500.07.00,capital,,Капиталови разходи,,Capital spending,,,,741200,
1600,1600.01.00,1600.01.01,staff,,Персонал,,Staff costs,,,,22761500,
1600,1600.01.00,1600.01.01,running,,Издръжка,,Running costs,,,,2012400,
1600,1600.01.00,1600.01.01,administered,1,Разходи за изпълнение на национални програми,Национални програми,National programmes,,,,76700,
1600,1600.01.00,1600.01.01,administered,2,Средства за участие на Република България в Международната асоциация на националните институти по обществено здраве и други,Международна асоциация на институтите по обществено здраве и др.,International Association of National Public Health Institutes etc.,,,,3100,
1600,1600.01.00,1600.01.02,staff,,Персонал,,Staff costs,,,,4266600,
1600,1600.01.00,1600.01.02,running,,Издръжка,,Running costs,,,,620900,
1600,1600.01.00,1600.01.02,administered,1,Разходи за изпълнение на национални програми,Национални програми,National programmes,,,,1491500,
1600,1600.01.00,1600.01.02,administered,2,Разходи за превенция и лечение на хазартна зависимост,Превенция и лечение на хазартна зависимост,Gambling addiction prevention and treatment,,,,2372400,
1600,1600.01.00,1600.01.02,administered,3,Стипендии за обучение на докторанти държавна поръчка,Стипендии за докторанти,PhD scholarships,,,,64200,
1600,1600.01.00,1600.01.02,administered,4,Средства за участие на Република България в Международната асоциация на националните институти по обществено здраве и други,Международна асоциация на институтите по обществено здраве и др.,International Association of National Public Health Institutes etc.,,,,10400,
1600,1600.01.00,1600.01.03,staff,,Персонал,,Staff costs,,,,17301600,
1600,1600.01.00,1600.01.03,running,,Издръжка,,Running costs,,,,2245000,
1600,1600.01.00,1600.01.03,administered,1,Разходи за изпълнение на национални програми,Национални програми,National programmes,,,,2153900,
1600,1600.01.00,1600.01.03,administered,2,Разходи за централна доставка на лекарствени продукти,Централна доставка на лекарства,Central procurement of medicines,,,,13663900,
1600,1600.01.00,1600.01.03,administered,3,Стипендии за обучение на докторанти държавна поръчка,Стипендии за докторанти,PhD scholarships,,,,117600,
1600,1600.01.00,1600.01.03,administered,4,Субсидии за осъществяване на болнична помощ,,Hospital care subsidies,,,,21021300,
1600,1600.01.00,1600.01.04,staff,,Персонал,,Staff costs,,,,428800,
1600,1600.01.00,1600.01.04,running,,Издръжка,,Running costs,,,,104700,
1600,1600.01.00,1600.01.04,administered,1,Разходи за изпълнение на национални програми,Национални програми,National programmes,,,,238400,
1600,1600.01.00,1600.01.04,administered,2,Субсидии за осъществяване на болнична помощ,,Hospital care subsidies,,,,313400,
1600,1600.02.00,1600.02.01,staff,,Персонал,,Staff costs,,,,10088800,
1600,1600.02.00,1600.02.01,running,,Издръжка,,Running costs,,,,4254200,
1600,1600.02.00,1600.02.01,capital,,Капиталови разходи,,Capital spending,,,,7015400,
1600,1600.02.00,1600.02.01,administered,1,Разходи за придобиване на специалност,Специализации на лекари,Medical specialist training,,,,6069800,
1600,1600.02.00,1600.02.01,administered,2,Средства за участие на Република България в Европейската асоциация за инспекция и надзор в здравеопазването и социалната сфера и други,Членство в европейски асоциации за здравен надзор и др.,European health inspection associations etc.,,,,8200,
1600,1600.02.00,1600.02.02,staff,,Персонал,,Staff costs,,,,2747700,
1600,1600.02.00,1600.02.02,running,,Издръжка,,Running costs,,,,623500,
1600,1600.02.00,1600.02.02,capital,,Капиталови разходи,,Capital spending,,,,2185800,
1600,1600.02.00,1600.02.02,administered,1,Разходи за дейности за насърчаване на донорството – национална програма,Насърчаване на донорството,Promoting organ and blood donation,,,,828300,
1600,1600.02.00,1600.02.02,administered,2,Субсидии за осъществяване на болнична помощ,,Hospital care subsidies,,,,80238700,
1600,1600.02.00,1600.02.02,administered,3,Капиталови разходи за приоритетни стратегически инвестиционни проекти,Приоритетни стратегически инвестиционни проекти,Priority strategic investment projects,,,,1088500,
1600,1600.02.00,1600.02.02,administered,4,Капиталови трансфери за придобиване на материални дълготрайни активи и основен ремонт на лечебните заведения,Оборудване и ремонт на болници,Hospital equipment and major repairs,,,,3534800,
1600,1600.02.00,1600.02.03,staff,,Персонал,,Staff costs,,,,174504000,
1600,1600.02.00,1600.02.03,running,,Издръжка,,Running costs,,,,14143300,
1600,1600.02.00,1600.02.03,administered,1,Разходи за осигуряване на въздушен транспорт чрез санитарна авиация,Санитарна авиация,Air ambulance,,,,102300,
1600,1600.02.00,1600.02.03,administered,2,Субсидии за осъществяване на болнична помощ,,Hospital care subsidies,,,,32807600,
1600,1600.02.00,1600.02.03,administered,3,Капиталови разходи за приоритетни стратегически инвестиционни проекти,Приоритетни стратегически инвестиционни проекти,Priority strategic investment projects,,,,13500000,
1600,1600.02.00,1600.02.04,staff,,Персонал,,Staff costs,,,,34260000,
1600,1600.02.00,1600.02.04,running,,Издръжка,,Running costs,,,,7393900,
1600,1600.02.00,1600.02.04,administered,1,Субсидии за осъществяване на болнична помощ,,Hospital care subsidies,,,,39906300,
1600,1600.02.00,1600.02.04,administered,2,Разходи за изпълнение на национални програми,Национални програми,National programmes,,,,109300,
1600,1600.02.00,1600.02.04,administered,3,Разходи за превенция и лечение на хазартна зависимост,Превенция и лечение на хазартна зависимост,Gambling addiction prevention and treatment,,,,1278200,
1600,1600.02.00,1600.02.05,staff,,Персонал,,Staff costs,,,,10321500,
1600,1600.02.00,1600.02.05,running,,Издръжка,,Running costs,,,,2904700,
1600,1600.02.00,1600.02.05,administered,1,Разходи за централна доставка на лекарствени продукти,Централна доставка на лекарства,Central procurement of medicines,,,,10395000,
1600,1600.02.00,1600.02.06,staff,,Персонал,,Staff costs,,,,24016100,
1600,1600.02.00,1600.02.06,running,,Издръжка,,Running costs,,,,4311800,
1600,1600.02.00,1600.02.06,administered,1,Разходи за централна доставка на лекарствени продукти,Централна доставка на лекарства,Central procurement of medicines,,,,2556600,
1600,1600.02.00,1600.02.06,administered,2,Разходи за дейности по асистирана репродукция,Асистирана репродукция (ин витро),Assisted reproduction (IVF),,,,11248400,
1600,1600.02.00,1600.02.06,administered,3,Разходи за изпълнение на национални програми,Национални програми,National programmes,,,,4187500,
1600,1600.02.00,1600.02.06,administered,4,Субсидии за осъществяване на болнична помощ,,Hospital care subsidies,,,,14800,
1600,1600.03.00,1600.03.01,staff,,Персонал,,Staff costs,,,,7001700,
1600,1600.03.00,1600.03.01,running,,Издръжка,,Running costs,,,,735100,
1600,1600.03.00,1600.03.01,administered,1,Разходи за централна доставка на лекарствени продукти,Централна доставка на лекарства,Central procurement of medicines,,,,18330800,
1600,1600.03.00,1600.03.01,administered,2,Средства за участие на Република България в Системата за сътрудничество в областта на фармацевтичните инспекции и други,Членство в Схемата за сътрудничество във фармацевтичните инспекции и др.,Pharmaceutical Inspection Co-operation Scheme etc.,,,,16400,
1600,1600.04.00,1600.04.00,staff,,Персонал,,Staff costs,,,,13769500,
1600,1600.04.00,1600.04.00,running,,Издръжка,,Running costs,,,,2535900,
1600,1600.04.00,1600.04.00,administered,1,Разходи за придобиване на специалност,Специализации на лекари,Medical specialist training,,,,1131000,
1600,1600.04.00,1600.04.00,administered,2.1,Планинска спасителна служба при Български Червен кръст,Планинска спасителна служба,Mountain rescue service,"Субсидии за Българския Червен кръст, в т.ч.:",Субсидии за Българския Червен кръст,Bulgarian Red Cross subsidies,1328800,
1600,1600.04.00,1600.04.00,administered,2.2,Други,,Other,"Субсидии за Българския Червен кръст, в т.ч.:",Субсидии за Българския Червен кръст,Bulgarian Red Cross subsidies,1813800,remainder
1600,1600.04.00,1600.04.00,administered,3,Субсидии за отбранително-мобилизационна подготовка,,Defence mobilisation readiness subsidies,,,,18400,
1600,1600.04.00,1600.04.00,administered,4,"Средства за участие на Република България в Световната здравна организация, Здравната мрежа на страните от Югоизточна Европа и други","Членство в СЗО, Здравната мрежа на Югоизточна Европа и др.","WHO, South-East Europe Health Network etc.",,,,448000,
1600,1600.04.00,1600.04.00,administered,5,Капиталови трансфери за Българския Червен кръст,,Capital transfers to the Bulgarian Red Cross,,,,1380500,
1700,1700.01.00,1700.01.01,staff,,Персонал,,Staff costs,,,,15327000,
1700,1700.01.00,1700.01.01,running,,Издръжка,,Running costs,,,,2257400,
1700,1700.01.00,1700.01.01,capital,,Капиталови разходи,,Capital spending,,,,4230000,
1700,1700.01.00,1700.01.01,administered,1,Средства за изпълнение на национални програми за развитие на образованието по чл. 286 от Закона за предучилищното и училищното образование (ЗПУО),Национални програми за развитие на образованието,National education development programmes,,,,115050500,
1700,1700.01.00,1700.01.01,administered,2,"Средства за възстановяване на част от извършените разходи за транспорт или за наем на педагогическите специалисти по чл. 219, ал. 5 от ЗПУО",Транспорт или наем на учители,Teachers’ travel or rent costs,,,,11606300,
1700,1700.01.00,1700.01.01,administered,3,Участие на Република България в международни сравнителни изследвания за качеството на образователния продукт,Международни изследвания на образованието (PISA и др.),International education surveys (PISA etc.),,,,255600,
1700,1700.01.00,1700.01.01,administered,4,Награди за особени заслуги към българската държава и нация,Награди за особени заслуги,Awards for outstanding service,,,,3100,
1700,1700.01.00,1700.01.01,administered,5,Ежегодни награди за директори и учители с принос в развитието на образователното дело,Награди за директори и учители,Awards for head teachers and teachers,,,,5100,
1700,1700.01.00,1700.01.02,staff,1,Персонал без делегирани бюджети,,Staff outside delegated budgets,Персонал,,Staff costs,4220800,
1700,1700.01.00,1700.01.02,staff,2,Персонал в делегираните бюджети,,Staff in delegated budgets,Персонал,,Staff costs,77102500,remainder
1700,1700.01.00,1700.01.02,running,,Издръжка,,Running costs,,,,4780800,
1700,1700.01.00,1700.01.02,capital,,Капиталови разходи,,Capital spending,,,,6250000,
1700,1700.01.00,1700.01.02,administered,1,"Средства за осигуряване на безвъзмездно ползване на познавателни книжки, учебници и учебни комплекти по ПМС № 79/2016 г.",Безплатни учебници,Free textbooks,,,,36938100,
1700,1700.01.00,1700.01.02,administered,2,Средства за образователна интеграция на децата и учениците от етническите малцинства по чл. 8 на ПМС № 4/2005 г.,Образователна интеграция на деца от етническите малцинства,Educational integration of ethnic-minority children,,,,562400,
1700,1700.01.00,1700.01.02,administered,3,Стипендии на ученици след завършено основно образование по ПМС № 328/2017 г.,Стипендии за ученици,Pupil scholarships,,,,9727800,
1700,1700.01.00,1700.01.03,staff,1,Персонал без делегирани бюджети,,Staff outside delegated budgets,Персонал,,Staff costs,3366800,
1700,1700.01.00,1700.01.03,staff,2,Персонал в делегираните бюджети,,Staff in delegated budgets,Персонал,,Staff costs,316188700,remainder
1700,1700.01.00,1700.01.03,running,,Издръжка,,Running costs,,,,48301400,
1700,1700.01.00,1700.01.03,capital,,Капиталови разходи,,Capital spending,,,,6408000,
1700,1700.01.00,1700.01.03,administered,1,Средства за преходни остатъци по делегирани бюджети за държавните училища,Преходни остатъци на държавните училища,Carry-over balances of state schools,,,,16872600,
1700,1700.01.00,1700.01.03,administered,2,Финансиране на духовни училища,,Religious schools,,,,3167100,
1700,1700.01.00,1700.01.03,administered,3,Инвестиционни проекти за общински образователни институции,Инвестиции в общински училища и детски градини,Investment in municipal schools and kindergartens,,,,1821200,
1700,1700.01.00,1700.01.04,staff,1,Персонал без делегирани бюджети,,Staff outside delegated budgets,Персонал,,Staff costs,1143600,
1700,1700.01.00,1700.01.04,staff,2,Персонал в делегираните бюджети,,Staff in delegated budgets,Персонал,,Staff costs,1213000,remainder
1700,1700.01.00,1700.01.04,running,,Издръжка,,Running costs,,,,2545500,
1700,1700.01.00,1700.01.04,capital,,Капиталови разходи,,Capital spending,,,,400000,
1700,1700.01.00,1700.01.05,staff,1,Персонал без делегирани бюджети,,Staff outside delegated budgets,Персонал,,Staff costs,395900,
1700,1700.01.00,1700.01.05,staff,2,Персонал в делегираните бюджети,,Staff in delegated budgets,Персонал,,Staff costs,1417600,remainder
1700,1700.01.00,1700.01.05,running,,Издръжка,,Running costs,,,,2823800,
1700,1700.01.00,1700.01.05,administered,1,Средства за българските неделни училища в чужбина съгласно чл. 20 от ПМС № 90/2018 г.,Български неделни училища в чужбина,Bulgarian Sunday schools abroad,,,,6933100,
1700,1700.01.00,1700.01.06,staff,,Персонал,,Staff costs,,,,1497500,
1700,1700.01.00,1700.01.06,running,,Издръжка,,Running costs,,,,267500,
1700,1700.02.00,1700.02.01,staff,,Персонал,,Staff costs,,,,2570800,
1700,1700.02.00,1700.02.01,running,,Издръжка,,Running costs,,,,5883300,
1700,1700.02.00,1700.02.01,capital,,Капиталови разходи,,Capital spending,,,,318500,
1700,1700.02.00,1700.02.01,administered,1,Пълноправно членство на Националната агенция за оценяване и акредитация в Европейската асоциация на агенциите за осигуряване на качеството на образованието (ENQA) и в Централната и източноевропейската асоциация на агенциите за осигуряване на качеството на образованието (CEENQA),Членство на агенцията за акредитация в ENQA и CEENQA,Accreditation agency membership of ENQA and CEENQA,,,,7000,
1700,1700.02.00,1700.02.01,administered,2,"Средства по чл. 73а, ал. 6, т. 1 от Закона за висшето образование за Националното представителство на студентските съвети",Национално представителство на студентските съвети,National Students’ Council,,,,153500,
1700,1700.02.00,1700.02.01,administered,3,Инвестиционни проекти за държавни висши училища,Инвестиции в държавните университети,Investment in state universities,,,,5771600,
1700,1700.02.00,1700.02.02,staff,,Персонал,,Staff costs,,,,408700,
1700,1700.02.00,1700.02.02,running,,Издръжка,,Running costs,,,,357100,
1700,1700.02.00,1700.02.02,capital,,Капиталови разходи,,Capital spending,,,,1107200,
1700,1700.02.00,1700.02.02,administered,1,"Средства по чл. 4, т. 3 от Закона за кредитиране на студенти и докторанти",Кредити за студенти и докторанти,Student and PhD loans,,,,949000,
1700,1700.02.00,1700.02.02,administered,2,Средства за хранодни и леглодни за студентски столове и студентски общежития,Студентски столове и общежития,Student canteens and dormitories,,,,5922800,
1700,1700.02.00,1700.02.02,administered,3,Инвестиционни проекти за държавни висши училища,Инвестиции в държавните университети,Investment in state universities,,,,2834700,
1700,1700.02.00,1700.02.03,staff,1,Персонал без делегирани бюджети,,Staff outside delegated budgets,Персонал,,Staff costs,402200,
1700,1700.02.00,1700.02.03,staff,2,Персонал в делегираните бюджети,,Staff in delegated budgets,Персонал,,Staff costs,406600,remainder
1700,1700.02.00,1700.02.03,running,,Издръжка,,Running costs,,,,1792000,
1700,1700.02.00,1700.02.03,administered,1,Стипендии по международни и двустранни споразумения и програми за образователен и културен обмен,Стипендии по международни споразумения,Scholarships under international agreements,,,,153400,
1700,1700.02.00,1700.02.03,administered,2,"Членски внос в Европейския университетски институт (EUI), Международния алианс за възпоменание на Холокоста и други",Членски внос (Европейски университетски институт и др.),Membership fees (European University Institute etc.),,,,204400,
1700,1700.02.00,1700.02.03,administered,3,Развитие на българистиката,,Bulgarian studies abroad,,,,0,
1700,1700.02.00,1700.02.04,staff,,Персонал,,Staff costs,,,,1777200,
1700,1700.02.00,1700.02.04,running,,Издръжка,,Running costs,,,,7196200,
1700,1700.02.00,1700.02.04,administered,1,Членски внос по Меморандума за разбирателство за поддръжка и експлоатация на CMS детектора между Република България и Европейската организация за ядрени изследвания,Членски внос за детектора CMS в ЦЕРН,CMS detector at CERN fees,,,,188000,
1700,1700.02.00,1700.02.04,administered,2,Награди за научни конкурси,,Science competition prizes,,,,34500,
1700,1700.02.00,1700.02.05,staff,,Персонал,,Staff costs,,,,1066500,
1700,1700.02.00,1700.02.05,running,,Издръжка,,Running costs,,,,2975100,
1700,1700.02.00,1700.02.05,administered,1,Средства за Българо-американската комисия за образователен обмен съгласно Споразумение между правителството на Република България и правителството на Съединените американски щати,Българо-американска комисия за образователен обмен (Фулбрайт),Bulgarian-American Fulbright Commission,,,,950000,
1700,1700.02.00,1700.02.05,administered,2,"Членски внос в Европейската организация за ядрени изследвания (ЦЕРН), Обединения институт за ядрени изследвания в Дубна и други","Членски внос (ЦЕРН, Дубна и др.)","Membership fees (CERN, Dubna etc.)",,,,4842800,
1700,1700.02.00,1700.02.05,administered,3,Средства за Македонския научен институт,Македонски научен институт,Macedonian Scientific Institute,,,,51100,
1700,1700.02.00,1700.02.05,administered,4,Средства за Добруджански научен институт,Добруджански научен институт,Dobrudzha Scientific Institute,,,,51100,
1700,1700.02.00,1700.02.05,administered,5,Средства за Тракийски научен институт,Тракийски научен институт,Thracian Scientific Institute,,,,51100,
1700,1700.02.00,1700.02.05,administered,6,Средства за Научен институт „Западни покрайнини“,Научен институт „Западни покрайнини“,“Western Outlands” Scientific Institute,,,,51100,
1700,1700.02.00,1700.02.05,administered,7,Програма за стипендии и академичен обмен за млади български учени и дейности на българската диаспора в областта на хуманитарните и социалните науки,Стипендии за млади учени и българската научна диаспора,Scholarships for young scholars and the Bulgarian academic diaspora,,,,63500,
1700,1700.03.00,1700.03.00,staff,,Персонал,,Staff costs,,,,5255700,
1700,1700.03.00,1700.03.00,running,,Издръжка,,Running costs,,,,1531000,
1800,1800.01.00,1800.01.01,staff,,Персонал,,Staff costs,,,,2492200,
1800,1800.01.00,1800.01.01,running,,Издръжка,,Running costs,,,,691400,
1800,1800.01.00,1800.01.01,administered,1,Теренни археологически проучвания и теренна консервация на недвижими археологически културни ценности - Закон за културното наследство,Археологически проучвания и консервация,Archaeological excavations and conservation,,,,2556500,
1800,1800.01.00,1800.01.01,administered,2,Консервационно-реставрационни работи за създаване и опазване на културните ценности - Закон за културното наследство,Консервация и реставрация на паметници,Conservation and restoration of monuments,,,,2556500,
1800,1800.01.00,1800.01.01,administered,3,Членски внос и участие в нетърговски организации и дейности в областта на недвижимото културно наследство,Членски внос (недвижимо наследство),Membership fees (immovable heritage),,,,3400,
1800,1800.01.00,1800.01.01,administered,4,Субсидия за Националния дарителски фонд „13 века България“,Национален дарителски фонд „13 века България“,“13 Centuries Bulgaria” National Foundation,,,,115500,
1800,1800.01.00,1800.01.01,administered,5,Реставрация и консервация на фасадите на Паметника на свободата на връх Шипка,Реставрация на Паметника на свободата на Шипка,Restoring the Shipka Freedom Monument,,,,2000000,
1800,1800.01.00,1800.01.02,staff,1,Персонал без делегирани бюджети,,Staff outside delegated budgets,Персонал,,Staff costs,544900,
1800,1800.01.00,1800.01.02,staff,2,Персонал в делегираните бюджети,,Staff in delegated budgets,Персонал,,Staff costs,8067900,remainder
1800,1800.01.00,1800.01.02,running,,Издръжка,,Running costs,,,,6333800,
1800,1800.01.00,1800.01.02,administered,1,Разходи за членски внос и участие в нетърговски организации и дейности в областта на движимото културно наследство,Членски внос (движимо наследство),Membership fees (movable heritage),,,,2500,
1800,1800.01.00,1800.01.02,administered,2,Субсидии за творчески проекти и други разходи в областта на движимото културно наследство и визуалните изкуства на основание ЗЗРК и ЗКН,Проекти за движимо наследство и визуални изкуства,Projects in movable heritage and visual arts,,,,787400,
1800,1800.02.00,1800.02.01,staff,,Персонал,,Staff costs,,,,290200,
1800,1800.02.00,1800.02.01,running,,Издръжка,,Running costs,,,,64400,
1800,1800.02.00,1800.02.01,administered,1,Издръжка за реализиране на творчески проекти,Творчески проекти (издръжка),Creative projects (running costs),,,,2077100,
1800,1800.02.00,1800.02.01,administered,2,"Субсидии за творчески проекти и други разходи за създаване, съхраняване и разпространение на произведения на изкуството и културата и за опазване и популяризиране на културно-историческото наследство на основание ЗЗРК",Субсидии за творчески проекти,Creative project grants,,,,2626800,
1800,1800.02.00,1800.02.02,staff,,Персонал,,Staff costs,,,,580000,
1800,1800.02.00,1800.02.02,running,,Издръжка,,Running costs,,,,335100,
1800,1800.02.00,1800.02.02,administered,1,Членски внос в областта на филмовото изкуство,Членски внос (кино),Membership fees (film),,,,152300,
1800,1800.02.00,1800.02.02,administered,2.1,"Субсидии за творчески проекти – за създаване и разпространение на български филми и копродукции с българско участие на основание ЗФИ (Схеми по чл. 26, ал. 1, т.1, т. 3, т.4 и т. 5",Филми и копродукции,Films and co-productions,"Субсидии за творчески проекти за създаване и разпространение на български филми и копродукции с българско участие на основание ЗФИ, в т. ч.:",Субсидии за български филми и копродукции,Grants for Bulgarian films and co-productions,17500000,
1800,1800.02.00,1800.02.02,administered,2.2,"Субсидия за схема за държавна помощ за проекти за възстановяване на разходи за производство на филми на основание на ЗФИ (Схема по чл. 26, ал. 1, т. 2)",Възстановяване на разходи за снимане на филми,Film production cost rebates,"Субсидии за творчески проекти за създаване и разпространение на български филми и копродукции с българско участие на основание ЗФИ, в т. ч.:",Субсидии за български филми и копродукции,Grants for Bulgarian films and co-productions,10713000,
1800,1800.02.00,1800.02.02,administered,2.3,"Субсидия за схема за държавна помощ за проекти за създаване на сериали на основание на ЗФИ (Схема по чл. 26, ал. 1, т. 6)",Сериали,TV series,"Субсидии за творчески проекти за създаване и разпространение на български филми и копродукции с българско участие на основание ЗФИ, в т. ч.:",Субсидии за български филми и копродукции,Grants for Bulgarian films and co-productions,1335000,
1800,1800.02.00,1800.02.03,staff,,Персонал,,Staff costs,,,,68914300,
1800,1800.02.00,1800.02.03,running,,Издръжка,,Running costs,,,,69392200,
1800,1800.02.00,1800.02.03,capital,,Капиталови разходи,,Capital spending,,,,3318800,
1800,1800.02.00,1800.02.03,administered,1,Членски внос в областта на сценичните изкуства (Международната организация на куклените театри),Членски внос (куклени театри),Membership fees (puppet theatres),,,,400,
1800,1800.02.00,1800.02.03,administered,2,Субсидии за творчески проекти и други разходи за финансово подпомагане създаването и разпространението на сценични произведения на основание ЗЗРК,Проекти в сценичните изкуства,Performing arts projects,,,,1591300,
1800,1800.02.00,1800.02.04,running,,Издръжка,,Running costs,,,,445200,
1800,1800.02.00,1800.02.04,administered,1,"Субсидии и други разходи за фестивали, конкурси, събития и чествания","Фестивали, конкурси и чествания","Festivals, competitions and celebrations",,,,1344000,
1800,1800.02.00,1800.02.04,administered,2,Национален културен календар,,National cultural calendar,,,,0,
1800,1800.02.00,1800.02.05,staff,,Персонал,,Staff costs,,,,234800,
1800,1800.02.00,1800.02.05,running,,Издръжка,,Running costs,,,,118600,
1800,1800.02.00,1800.02.06,staff,1,Персонал без делегирани бюджети,,Staff outside delegated budgets,Персонал,,Staff costs,379700,
1800,1800.02.00,1800.02.06,staff,2,Персонал в делегираните бюджети,,Staff in delegated budgets,Персонал,,Staff costs,2733800,remainder
1800,1800.02.00,1800.02.06,running,,Издръжка,,Running costs,,,,1346300,
1800,1800.02.00,1800.02.06,administered,1,Членски внос във Фонда за опазване на нематериалното културно наследство на ЮНЕСКО,Фонд на ЮНЕСКО за нематериалното наследство,UNESCO Intangible Cultural Heritage Fund,,,,1400,
1800,1800.02.00,1800.02.06,administered,2,Субсидии за творчески проекти и други разходи в областта на литературното наследство на основание ЗЗРК,Проекти за литературното наследство,Literary heritage projects,,,,744200,
1800,1800.02.00,1800.02.06,administered,3,Субсидия за Регионален център за опазване на нематериалното културно наследство в Югоизточна Европа,Регионален център за нематериалното наследство,Regional centre for intangible heritage in South-East Europe,,,,415200,
1800,1800.02.00,1800.02.06,administered,4,Награди за особени заслуги към българската държава и нацията,Награди за особени заслуги,Awards for outstanding service,,,,561700,
1800,1800.02.00,1800.02.06,administered,5,Програма „Българските библиотеки - съвременни центрове за четене и информираност“,Програма „Българските библиотеки“,Bulgarian Libraries programme,,,,1022700,
1800,1800.02.00,1800.02.06,administered,6,Разходи за 27 библиотеки на основание Закона за обществените библиотеки,27 регионални библиотеки,27 regional libraries,,,,138000,
1800,1800.02.00,1800.02.06,administered,7,Субсидия за Съюза на народните читалища,Съюз на народните читалища,Union of Community Centres (chitalishta),,,,44000,
1800,1800.02.00,1800.02.07,staff,,Персонал,,Staff costs,,,,1036600,
1800,1800.02.00,1800.02.07,running,,Издръжка,,Running costs,,,,2075000,
1800,1800.02.00,1800.02.07,administered,1,Разходи за членски внос в областта на международното културно сътрудничество,Членски внос (културно сътрудничество),Membership fees (cultural cooperation),,,,33300,
1800,1800.02.00,1800.02.08,staff,,Персонал,,Staff costs,,,,40932900,
1800,1800.02.00,1800.02.08,running,,Издръжка,,Running costs,,,,5962500,
1800,1800.02.00,1800.02.08,administered,1,Стипендии,,Scholarships,,,,259900,
1800,1800.03.00,1800.03.00,staff,,Персонал,,Staff costs,,,,2657700,
1800,1800.03.00,1800.03.00,running,,Издръжка,,Running costs,,,,1052400,
1800,1800.03.00,1800.03.00,capital,,Капиталови разходи,,Capital spending,,,,468900,
1900,1900.01.00,1900.01.01,staff,,Персонал,,Staff costs,,,,4979300,
1900,1900.01.00,1900.01.01,running,,Издръжка,,Running costs,,,,1580700,
1900,1900.01.00,1900.01.01,capital,,Капиталови разходи,,Capital spending,,,,144400,
1900,1900.01.00,1900.01.02,staff,,Персонал,,Staff costs,,,,2438200,
1900,1900.01.00,1900.01.02,running,,Издръжка,,Running costs,,,,381700,
1900,1900.01.00,1900.01.02,capital,,Капиталови разходи,,Capital spending,,,,1500,
1900,1900.01.00,1900.01.03,staff,,Персонал,,Staff costs,,,,1572200,
1900,1900.01.00,1900.01.03,running,,Издръжка,,Running costs,,,,454900,
1900,1900.01.00,1900.01.04,staff,,Персонал,,Staff costs,,,,8302300,
1900,1900.01.00,1900.01.04,running,,Издръжка,,Running costs,,,,2113200,
1900,1900.01.00,1900.01.04,capital,,Капиталови разходи,,Capital spending,,,,78800,
1900,1900.01.00,1900.01.04,administered,1,"Средства за изплащане на обезщетения за щети, нанесени от кафява мечка и корморан, съгласно чл. 79, ал. 2 от Закона за лова и опазване на дивеча",Обезщетения за щети от мечки и корморани,Compensation for damage by bears and cormorants,,,,184100,
1900,1900.01.00,1900.01.05,staff,,Персонал,,Staff costs,,,,1216100,
1900,1900.01.00,1900.01.05,running,,Издръжка,,Running costs,,,,213700,
1900,1900.01.00,1900.01.06,staff,,Персонал,,Staff costs,,,,3343800,
1900,1900.01.00,1900.01.06,running,,Издръжка,,Running costs,,,,475000,
1900,1900.01.00,1900.01.06,capital,,Капиталови разходи,,Capital spending,,,,9200,
1900,1900.01.00,1900.01.07,staff,,Персонал,,Staff costs,,,,840600,
1900,1900.01.00,1900.01.07,running,,Издръжка,,Running costs,,,,502200,
1900,1900.02.00,1900.02.01,staff,,Персонал,,Staff costs,,,,6210900,
1900,1900.02.00,1900.02.01,running,,Издръжка,,Running costs,,,,3306800,
1900,1900.02.00,1900.02.01,capital,,Капиталови разходи,,Capital spending,,,,1336100,
1900,1900.03.00,1900.03.01,staff,,Персонал,,Staff costs,,,,14187800,
1900,1900.03.00,1900.03.01,running,,Издръжка,,Running costs,,,,2905700,
1900,1900.03.00,1900.03.01,capital,,Капиталови разходи,,Capital spending,,,,281200,
1900,1900.03.00,1900.03.01,administered,1,Стипендии,,Scholarships,,,,25500,
1900,1900.03.00,1900.03.01,administered,2,Разходи за членски внос и участие в нетърговски организации и дейности,Членски внос,Membership fees,,,,2097700,
1900,1900.04.00,1900.04.00,staff,,Персонал,,Staff costs,,,,11238300,
1900,1900.04.00,1900.04.00,running,,Издръжка,,Running costs,,,,6890900,
1900,1900.04.00,1900.04.00,capital,,Капиталови разходи,,Capital spending,,,,461300,
2000,2000.01.00,2000.01.01,staff,,Персонал,,Staff costs,,,,2770800,
2000,2000.01.00,2000.01.01,running,,Издръжка,,Running costs,,,,132400,
2000,2000.01.00,2000.01.02,staff,,Персонал,,Staff costs,,,,2073000,
2000,2000.01.00,2000.01.02,running,,Издръжка,,Running costs,,,,206600,
2000,2000.01.00,2000.01.03,staff,,Персонал,,Staff costs,,,,2458500,
2000,2000.01.00,2000.01.03,running,,Издръжка,,Running costs,,,,236500,
2000,2000.01.00,2000.01.04,staff,,Персонал,,Staff costs,,,,16722800,
2000,2000.01.00,2000.01.04,running,,Издръжка,,Running costs,,,,1756900,
2000,2000.01.00,2000.01.04,capital,,Капиталови разходи,,Capital spending,,,,1524000,
2000,2000.01.00,2000.01.04,administered,1,Субсидии за нестопанската дейност на Българския институт за стандартизация,Български институт за стандартизация,Bulgarian Institute for Standardisation,,,,1060900,
2000,2000.01.00,2000.01.05,staff,,Персонал,,Staff costs,,,,856200,
2000,2000.01.00,2000.01.05,running,,Издръжка,,Running costs,,,,12000,
2000,2000.01.00,2000.01.06,staff,,Персонал,,Staff costs,,,,2911300,
2000,2000.01.00,2000.01.06,running,,Издръжка,,Running costs,,,,578800,
2000,2000.01.00,2000.01.06,administered,1,Средства за изпълнение на програми за техническа ликвидация и консервация на обекти от миннодобивния отрасъл и за саниране на околната среда,Закриване на мини и рекултивация,Closing mines and land remediation,,,,4601600,
2000,2000.01.00,2000.01.06,administered,2,Обезпечаване на договор за ремонт на изтребители с Авионамс,Договор с „Авионамс“ за ремонт на изтребители,Fighter-jet repair contract with Avionams,,,,3589300,
2000,2000.01.00,2000.01.07,staff,,Персонал,,Staff costs,,,,4186100,
2000,2000.01.00,2000.01.07,running,,Издръжка,,Running costs,,,,590800,
2000,2000.01.00,2000.01.07,administered,1,"Подпомагане чрез субсидиране на представително сдружение на потребителите на основание чл. 172 и чл. 196, т. 3 от Закона за защита на потребителите",Субсидия за сдружение на потребителите,Consumer association subsidy,,,,35800,
2000,2000.01.00,2000.01.08,staff,,Персонал,,Staff costs,,,,1470700,
2000,2000.01.00,2000.01.08,running,,Издръжка,,Running costs,,,,77500,
2000,2000.01.00,2000.01.08,administered,1,Средства за финансови мерки по Закона за насърчаване на инвестициите,Финансови мерки за насърчаване на инвестициите,Investment incentives,,,,10168800,
2000,2000.02.00,2000.02.01,staff,,Персонал,,Staff costs,,,,3338700,
2000,2000.02.00,2000.02.01,running,,Издръжка,,Running costs,,,,4366200,
2000,2000.03.00,2000.03.00,staff,,Персонал,,Staff costs,,,,5136600,
2000,2000.03.00,2000.03.00,running,,Издръжка,,Running costs,,,,681700,
2100,2100.01.00,2100.01.01,staff,,Персонал,,Staff costs,,,,262400,
2100,2100.01.00,2100.01.01,running,,Издръжка,,Running costs,,,,1705300,
2100,2100.01.00,2100.01.02,staff,,Персонал,,Staff costs,,,,527700,
2100,2100.01.00,2100.01.02,running,,Издръжка,,Running costs,,,,17700,
2100,2100.01.00,2100.01.02,administered,1,Подобряване на енергийната ефективност на жилищни сгради,Саниране на жилищни сгради,Energy efficiency of residential buildings,,,,17438900,
2100,2100.01.00,2100.01.03,staff,,Персонал,,Staff costs,,,,1113300,
2100,2100.01.00,2100.01.03,running,,Издръжка,,Running costs,,,,14800,
2100,2100.02.00,2100.02.01,staff,,Персонал,,Staff costs,,,,43250300,
2100,2100.02.00,2100.02.01,running,,Издръжка,,Running costs,,,,97138300,
2100,2100.02.00,2100.02.01,capital,,Капиталови разходи,,Capital spending,,,,53599400,
2100,2100.02.00,2100.02.01,administered,1,Текущ ремонт и поддръжка на републиканската пътна мрежа,Текущ ремонт и поддръжка на републиканските пътища,Maintenance of national roads,,,,450193100,
2100,2100.02.00,2100.02.01,administered,2,Рехабилитация и реконструкция на общински пътища,,Rehabilitation of municipal roads,,,,0,
2100,2100.02.00,2100.02.01,administered,3,Изграждане и основен ремонт на републиканска пътна мрежа,Изграждане и основен ремонт на републиканските пътища,Construction and major repair of national roads,,,,310668400,
2100,2100.02.00,2100.02.01,administered,4,"Ограничено вещно право (преминаване, прокарване) на теренно ползване (сервитутни права)",Сервитути,Easements,,,,54600,
2100,2100.02.00,2100.02.01,administered,5,Обезщетения на собственици на земя за дейности по републиканската пътна мрежа,Обезщетения на собственици на земя,Compensation to landowners,,,,7669400,
2100,2100.02.00,2100.02.01,administered,6,Системен мониторинг на шума,,Noise monitoring,,,,0,
2100,2100.02.00,2100.02.02,staff,,Персонал,,Staff costs,,,,10537600,
2100,2100.02.00,2100.02.02,running,,Издръжка,,Running costs,,,,9618400,
2100,2100.02.00,2100.02.02,capital,,Капиталови разходи,,Capital spending,,,,912300,
2100,2100.02.00,2100.02.02,administered,1,Изготвяне на устройствени планове,,Spatial plans,,,,690000,
2100,2100.02.00,2100.02.02,administered,2,Превантивни дейности за предотвратяване на свлачищните процеси на територията на Република България,Предотвратяване на свлачища,Landslide prevention,,,,1135300,
2100,2100.02.00,2100.02.02,administered,3,Субсидии за асоциации по ВиК по Закона за водите,Субсидии за ВиК асоциациите,Water utility association subsidies,,,,414100,
2100,2100.02.00,2100.02.02,administered,4,Охрана на ВиК обекти,,Security of water facilities,,,,84200,
2100,2100.02.00,2100.02.02,administered,5,"Подготвителни и проучвателни дейности, предхождащи изграждането на инфраструктурни обекти",Проучвания за инфраструктурни обекти,Surveys for infrastructure projects,,,,0,
2100,2100.02.00,2100.02.02,administered,6,"Изграждане на благоустройствени, водоснабдителни и геозащитни обекти","Благоустройство, водоснабдяване и геозащита","Public works, water supply and landslide protection",,,,21399900,
2100,2100.02.00,2100.02.02,administered,7,Визуализация на режимите на водоподаването в Република България,Карта на режимите на водоподаване,Map of water supply restrictions,,,,29900,
2100,2100.02.00,2100.02.03,staff,,Персонал,,Staff costs,,,,8177200,
2100,2100.02.00,2100.02.03,running,,Издръжка,,Running costs,,,,2013300,
2100,2100.02.00,2100.02.03,capital,,Капиталови разходи,,Capital spending,,,,75100,
2100,2100.03.00,2100.03.00,staff,,Персонал,,Staff costs,,,,8827100,
2100,2100.03.00,2100.03.00,running,,Издръжка,,Running costs,,,,8191300,
2100,2100.03.00,2100.03.00,capital,,Капиталови разходи,,Capital spending,,,,2844300,
2200,2200.01.00,2200.01.01,staff,,Персонал,,Staff costs,,,,31148200,
2200,2200.01.00,2200.01.01,running,,Издръжка,,Running costs,,,,5190000,
2200,2200.01.00,2200.01.01,administered,1,Разходи за членски внос в Организация по прехрана и земеделие на Обединените нации (FАО),Членски внос във ФАО,FAO membership fee,,,,259800,
2200,2200.01.00,2200.01.02,staff,,Персонал,,Staff costs,,,,58400,
2200,2200.01.00,2200.01.03,staff,,Персонал,,Staff costs,,,,15609200,
2200,2200.01.00,2200.01.03,running,,Издръжка,,Running costs,,,,6898700,
2200,2200.01.00,2200.01.03,capital,,Капиталови разходи,,Capital spending,,,,9000,
2200,2200.01.00,2200.01.03,administered,1,Разходи за членски внос в Международната асоциация на семетестващите лаборатории (ISTA),Членски внос в ISTA,ISTA membership fee,,,,6700,
2200,2200.01.00,2200.01.03,administered,2,Разходи за членски внос в Организацията за икономическо сътрудничество и развитие (OECD),Членски внос в ОИСР,OECD membership fee,,,,7100,
2200,2200.01.00,2200.01.03,administered,3,Разходи за членски внос в Службата на Общността за сортовете растения (CPVO),Членски внос в CPVO,CPVO membership fee,,,,2400,
2200,2200.01.00,2200.01.03,administered,4,Разходи за членски внос в Международна организация по лозата и виното (OIV),Членски внос в OIV,OIV membership fee,,,,27200,
2200,2200.01.00,2200.01.04,staff,,Персонал,,Staff costs,,,,888100,
2200,2200.01.00,2200.01.04,running,,Издръжка,,Running costs,,,,2946700,
2200,2200.01.00,2200.01.04,capital,,Капиталови разходи,,Capital spending,,,,1370700,
2200,2200.01.00,2200.01.04,administered,1,"Субсидии за извършване на обществена услуга за защита от вредното въздействие на водите, възложена на „Напоителни системи“ ЕАД",„Напоителни системи“: защита от вредното въздействие на водите,Irrigation Systems company: flood protection service,,,,14980900,
2200,2200.01.00,2200.01.05,staff,,Персонал,,Staff costs,,,,1913300,
2200,2200.01.00,2200.01.05,running,,Издръжка,,Running costs,,,,846400,
2200,2200.01.00,2200.01.05,capital,,Капиталови разходи,,Capital spending,,,,2000,
2200,2200.01.00,2200.01.05,administered,1,Разходи за членски внос в Международен комитет за контрол на животните (ICAR),Членски внос в ICAR,ICAR membership fee,,,,5300,
2200,2200.01.00,2200.01.05,administered,2,Разходи за членски внос в Европейски регионален координационен център за животински генетични ресурси (ERFP),Членски внос в ERFP,ERFP membership fee,,,,800,
2200,2200.01.00,2200.01.06,staff,,Персонал,,Staff costs,,,,994200,
2200,2200.01.00,2200.01.06,running,,Издръжка,,Running costs,,,,208700,
2200,2200.01.00,2200.01.06,capital,,Капиталови разходи,,Capital spending,,,,1600,
2200,2200.01.00,2200.01.07,staff,,Персонал,,Staff costs,,,,516100,
2200,2200.01.00,2200.01.07,running,,Издръжка,,Running costs,,,,133000,
2200,2200.01.00,2200.01.09,staff,,Персонал,,Staff costs,,,,850200,
2200,2200.01.00,2200.01.09,running,,Издръжка,,Running costs,,,,66500,
2200,2200.01.00,2200.01.10,staff,,Персонал,,Staff costs,,,,382200,
2200,2200.01.00,2200.01.10,running,,Издръжка,,Running costs,,,,243600,
2200,2200.01.00,2200.01.11,staff,,Персонал,,Staff costs,,,,53264200,
2200,2200.01.00,2200.01.11,running,,Издръжка,,Running costs,,,,6612300,
2200,2200.01.00,2200.01.11,capital,,Капиталови разходи,,Capital spending,,,,3000,
2200,2200.01.00,2200.01.11,administered,1,"Програма за профилактика, надзор, контрол и ликвидиране на болести по животните и зоонози съгласно чл. 118 от Закона за ветеринарномедицинската дейност",Профилактика и контрол на болести по животните,Animal disease prevention and control,,,,11438700,
2200,2200.01.00,2200.01.11,administered,2,Администрирана издръжка съгласно чл. 275 от Закона за ветеринарномедицинската дейност (отстраняване и унищожаване на мъртви животни),Обезвреждане на мъртви животни,Disposal of dead animals,,,,50000,
2200,2200.01.00,2200.01.11,administered,3,"Средства за покриване на разходите, свързани с епизоотични рискове съгласно чл. 108 от Закона за ветеринарномедицинската дейност",Епизоотични рискове,Epizootic risks,,,,511300,
2200,2200.01.00,2200.01.11,administered,4,Стипендии за редовни докторанти по Закона за висшето образование,Стипендии за докторанти,PhD scholarships,,,,5500,
2200,2200.01.00,2200.01.11,administered,5,Разходи за членски внос в Европейска и средиземноморска организация по растителна защита (EPPO и EUPHRESCO),Членски внос в EPPO и EUPHRESCO,EPPO and EUPHRESCO membership fees,,,,43000,
2200,2200.01.00,2200.01.11,administered,6,Разходи за членски внос в Световна организация за здравеопазване на животните (OIE),Членски внос в Световната организация за здравеопазване на животните,World Organisation for Animal Health fee,,,,63000,
2200,2200.01.00,2200.01.11,administered,7,Разходи за членски внос в Организация по прехрана и земеделие на Обединените нации (FAO),Членски внос във ФАО,FAO membership fee,,,,5000,
2200,2200.01.00,2200.01.12,staff,,Персонал,,Staff costs,,,,229800,
2200,2200.01.00,2200.01.12,running,,Издръжка,,Running costs,,,,245900,
2200,2200.02.00,2200.02.01,staff,,Персонал,,Staff costs,,,,3556200,
2200,2200.02.00,2200.02.01,running,,Издръжка,,Running costs,,,,1559000,
2200,2200.02.00,2200.02.01,administered,1,Разходи за членски внос в Генералната комисия по рибарство (GFCM),Членски внос в Генералната комисия по рибарство за Средиземно море,GFCM membership fee,,,,78300,
2200,2200.03.00,2200.03.01,staff,,Персонал,,Staff costs,,,,18156100,
2200,2200.03.00,2200.03.01,running,,Издръжка,,Running costs,,,,3795300,
2200,2200.03.00,2200.03.01,administered,1,Разходи за членски внос в Организация за икономическо сътрудничество и развитие (OECD),Членски внос в ОИСР,OECD membership fee,,,,1700,
2200,2200.03.00,2200.03.01,administered,2,Разходи за членски внос в Международен съвет по лова и опазване на дивеча,Членски внос в Международния съвет по лова,International Council for Game and Wildlife Conservation fee,,,,3500,
2200,2200.03.00,2200.03.02,running,,Издръжка,,Running costs,,,,2298600,
2200,2200.04.00,2200.04.00,staff,,Персонал,,Staff costs,,,,8659100,
2200,2200.04.00,2200.04.00,running,,Издръжка,,Running costs,,,,3863400,
2200,2200.04.00,2200.04.00,capital,,Капиталови разходи,,Capital spending,,,,321700,
2300,2300.01.00,2300.01.01,administered,1,Капиталов трансфер за доставка на нов подвижен състав и ремонт на съществуващия,Нови влакове и ремонт на подвижния състав,New trains and rolling-stock repairs,,,,41650700,
2300,2300.01.00,2300.01.01,administered,2,"Капиталови трансфери за изграждането, реконструкцията, поддържането и развитието на инфраструктурата на пристанищата за обществен транспорт с национално значение",Пристанищна инфраструктура,Port infrastructure,,,,16151700,
2300,2300.01.00,2300.01.01,administered,3,Капиталови трансфери за поддържане на техническото и експлоатационно състояние на съществуващата железопътна инфраструктура и съоръженията по сигнализация и безопасно управление на превозната дейност,Поддръжка на железопътната инфраструктура (капиталови трансфери),Railway infrastructure upkeep (capital transfers),,,,123322500,
2300,2300.01.00,2300.01.02,staff,,Персонал,,Staff costs,,,,24852200,
2300,2300.01.00,2300.01.02,running,,Издръжка,,Running costs,,,,8667300,
2300,2300.01.00,2300.01.02,capital,,Капиталови разходи,,Capital spending,,,,228900,
2300,2300.01.00,2300.01.02,administered,1,Субсидии за осигуряване на текущото поддържане и експлоатация на железопътната инфраструктура,Поддръжка и експлоатация на железопътната инфраструктура,Running and maintaining the railway network,,,,171563800,
2300,2300.01.00,2300.01.02,administered,2,"Полети за осигуряване на въздушен транспорт за нуждите на спешната медицинска помощ, организирана от държавата",Полети за спешна медицинска помощ,Emergency medical flights,,,,4381000,
2300,2300.01.00,2300.01.02,administered,3,Субсидии за превоз на пътници по дългосрочен договор за извършване на обществени превозни услуги в областта на железопътния транспорт на територията на Република България,Субсидии за пътническите влакове,Passenger rail subsidies,,,,110692400,
2300,2300.01.00,2300.01.03,staff,,Персонал,,Staff costs,,,,1288500,
2300,2300.01.00,2300.01.03,running,,Издръжка,,Running costs,,,,1240500,
2300,2300.01.00,2300.01.04,staff,,Персонал,,Staff costs,,,,317500,
2300,2300.01.00,2300.01.04,running,,Издръжка,,Running costs,,,,151700,
2300,2300.02.00,2300.02.01,staff,,Персонал,,Staff costs,,,,702200,
2300,2300.02.00,2300.02.01,running,,Издръжка,,Running costs,,,,252800,
2300,2300.02.00,2300.02.01,administered,1,Субсидии за компенсиране на несправедливата финансова тежест от извършване на универсална пощенска услуга по Закона за пощенските услуги,Компенсация за универсалната пощенска услуга,Universal postal service compensation,,,,18499800,
2300,2300.02.00,2300.02.01,administered,2,"Разпространение от „Български пощи“ ЕАД на периодични печатни издания (вестници и списания) с отстъпка на едро и дребно, директно или на абонаментна основа на територията на Република България",Разпространение на вестници и списания от „Български пощи“,Newspaper and magazine distribution by Bulgarian Posts,,,,13624800,
2300,2300.02.00,2300.02.01,administered,3,Посредничество при заявяване на административни и електронни административни услуги и получаване на резултата от тях чрез пощенски станции,Административни услуги в пощенските станции,Administrative services at post offices,,,,8605200,
2300,2300.02.00,2300.02.01,administered,4,Осигуряване на достъп до базови телемедицински услуги от разстояние чрез пощенски станции,Телемедицина в пощенските станции,Telemedicine at post offices,,,,7790400,
2300,2300.03.00,2300.03.00,staff,,Персонал,,Staff costs,,,,11968400,
2300,2300.03.00,2300.03.00,running,,Издръжка,,Running costs,,,,5168600,
2300,2300.03.00,2300.03.00,capital,,Капиталови разходи,,Capital spending,,,,591000,
2400,2400.01.00,2400.01.01,staff,,Персонал,,Staff costs,,,,1540100,
2400,2400.01.00,2400.01.01,running,,Издръжка,,Running costs,,,,327000,
2400,2400.01.00,2400.01.02,staff,,Персонал,,Staff costs,,,,602100,
2400,2400.01.00,2400.01.02,running,,Издръжка,,Running costs,,,,1917500,
2400,2400.01.00,2400.01.02,administered,1,Субсидии за нефинансови предприятия - фонд „Радиоактивни отпадъци“ и фонд „Извеждане от експлоатация на ядрени съоръжения“,Фондове за радиоактивни отпадъци и извеждане на ядрени съоръжения,Radioactive waste and nuclear decommissioning funds,,,,27838800,
2400,2400.01.00,2400.01.02,administered,2,Капиталови трансфери – фонд „РАО“ и фонд „ИЕЯС“,Капиталови трансфери за фондовете за РАО и ИЕЯС,Capital transfers to the radioactive waste and decommissioning funds,,,,2429700,
2400,2400.01.00,2400.01.03,staff,,Персонал,,Staff costs,,,,1703200,
2400,2400.01.00,2400.01.03,running,,Издръжка,,Running costs,,,,276100,
2400,2400.01.00,2400.01.03,capital,,Капиталови разходи,,Capital spending,,,,449000,
2400,2400.01.00,2400.01.04,staff,,Персонал,,Staff costs,,,,1209300,
2400,2400.01.00,2400.01.04,running,,Издръжка,,Running costs,,,,93600,
2400,2400.02.00,2400.02.00,staff,,Персонал,,Staff costs,,,,2766400,
2400,2400.02.00,2400.02.00,running,,Издръжка,,Running costs,,,,1232000,
2400,2400.02.00,2400.02.00,capital,,Капиталови разходи,,Capital spending,,,,883000,
2500,2500.01.00,2500.01.01,staff,1,Персонал без делегирани бюджети,,Staff outside delegated budgets,Персонал,,Staff costs,220700,
2500,2500.01.00,2500.01.01,staff,2,Персонал в делегираните бюджети,,Staff in delegated budgets,Персонал,,Staff costs,11554100,remainder
2500,2500.01.00,2500.01.01,running,,Издръжка,,Running costs,,,,1672700,
2500,2500.01.00,2500.01.01,administered,1,Стипендии за ученици от държавните спортни училища,Стипендии в спортните училища,Sports school scholarships,,,,56400,
2500,2500.01.00,2500.01.01,administered,2,Субсидии за финансово подпомагане на проекти на спортни организации по програми в областта на спорта за учащи,Проекти на спортни организации: спорт за учащи,Sports club projects: school sport,,,,739200,
2500,2500.01.00,2500.01.02,staff,,Персонал,,Staff costs,,,,898800,
2500,2500.01.00,2500.01.02,running,,Издръжка,,Running costs,,,,76900,
2500,2500.01.00,2500.01.02,administered,1,Субсидии за финансово подпомагане на проекти на спортни организации по програми в областта на спорта в свободното време,Проекти на спортни организации: спорт в свободното време,Sports club projects: leisure sport,,,,3552100,
2500,2500.02.00,2500.02.01,staff,,Персонал,,Staff costs,,,,438100,
2500,2500.02.00,2500.02.01,running,,Издръжка,,Running costs,,,,7400,
2500,2500.02.00,2500.02.01,administered,1,"Субсидии за финансово подпомагане на проекти на спортни организации за обезпечаване на оптимален тренировъчен и състезателен процес на спортистите с възможност за класиране на зимните олимпийски и паралимпийски игри Милано 2026 г., Летни младежки игри Дакар Сенегал 2026 г., както и на Европейските младежки фестивали по олимпийски спортове и национални олимпийски фестивали",Подготовка за олимпийските и младежките игри,Preparation for the Olympic and youth games,,,,16228400,
2500,2500.02.00,2500.02.02,staff,,Персонал,,Staff costs,,,,585400,
2500,2500.02.00,2500.02.02,running,,Издръжка,,Running costs,,,,647200,
2500,2500.02.00,2500.02.02,administered,1,"Плащания на спортисти съгласно разпоредбите на чл. 134, т. 2-5 от Закона за физическото възпитание и спорта",Плащания на спортисти,Payments to athletes,,,,8316900,
2500,2500.02.00,2500.02.02,administered,2,Субсидии за осъществяване на болнична помощ във връзка с Разпореждане № 13 на Министерския съвет от 2003 г. за промяна на ведомствената принадлежност на СБАЛТОСМ „Проф. д-р Димитър Шойлев“ ЕАД,Болница за спортна медицина „Проф. Шойлев“,Prof. Shoylev sports medicine hospital,,,,92000,
2500,2500.02.00,2500.02.02,administered,3,"Субсидии за финансово подпомагане на проекти на спортни организации за обезпечаване на оптимален тренировъчен и състезателен процес на спортистите и за развитие на елитния спорт, за финансово подпомагане организирането и провеждането на състезания от международния спортен календар на територията на Република България и други спортни дейности",Проекти на спортни организации: елитен спорт и международни състезания,Sports club projects: elite sport and international events,,,,32126600,
2500,2500.03.00,2500.03.01,staff,,Персонал,,Staff costs,,,,381400,
2500,2500.03.00,2500.03.01,running,,Издръжка,,Running costs,,,,895000,
2500,2500.03.00,2500.03.01,capital,,Капиталови разходи,,Capital spending,,,,4362600,
2500,2500.04.00,2500.04.01,staff,,Персонал,,Staff costs,,,,348300,
2500,2500.04.00,2500.04.01,running,,Издръжка,,Running costs,,,,25000,
2500,2500.05.00,2500.05.01,staff,,Персонал,,Staff costs,,,,355400,
2500,2500.05.00,2500.05.01,running,,Издръжка,,Running costs,,,,82800,
2500,2500.05.00,2500.05.01,administered,1,Субсидии за финансово подпомагане на проекти по национални програми за младежта,Национални програми за младежта,National youth programmes,,,,3850600,
2500,2500.06.00,2500.06.00,staff,,Персонал,,Staff costs,,,,2018600,
2500,2500.06.00,2500.06.00,running,,Издръжка,,Running costs,,,,174000,
3000,3000.01.00,3000.01.01,staff,,Персонал,,Staff costs,,,,133600000,
3000,3000.01.00,3000.01.01,running,,Издръжка,,Running costs,,,,4160000,
3000,3000.01.00,3000.01.01,capital,,Капиталови разходи,,Capital spending,,,,4820100,
3200,3200.01.00,3200.01.01,staff,,Персонал,,Staff costs,,,,2318500,
3200,3200.01.00,3200.01.01,running,,Издръжка,,Running costs,,,,490300,
3200,3200.01.00,3200.01.01,capital,,Капиталови разходи,,Capital spending,,,,40900,
3300,3300.01.00,3300.01.01,staff,,Персонал,,Staff costs,,,,1775100,
3300,3300.01.00,3300.01.01,running,,Издръжка,,Running costs,,,,529600,
3300,3300.01.00,3300.01.01,capital,,Капиталови разходи,,Capital spending,,,,45000,
3400,3400.01.00,3400.01.01,staff,,Персонал,,Staff costs,,,,2979500,
3400,3400.01.00,3400.01.01,running,,Издръжка,,Running costs,,,,366500,
3700,3700.01.00,3700.01.01,staff,,Персонал,,Staff costs,,,,6746100,
3700,3700.01.00,3700.01.01,running,,Издръжка,,Running costs,,,,1075700,
3700,3700.01.00,3700.01.01,capital,,Капиталови разходи,,Capital spending,,,,44000,
3800,3800.01.00,3800.01.01,staff,,Персонал,,Staff costs,,,,45079500,
3800,3800.01.00,3800.01.01,running,,Издръжка,,Running costs,,,,2953200,
3800,3800.01.00,3800.01.01,capital,,Капиталови разходи,,Capital spending,,,,858300,
3900,3900.01.00,3900.01.01,running,,Издръжка,,Running costs,,,,35647500,
3900,3900.01.00,3900.01.01,capital,,Капиталови разходи,,Capital spending,,,,242000,
4000,4000.01.00,4000.01.01,staff,,Персонал,,Staff costs,,,,2021600,
4000,4000.01.00,4000.01.01,running,,Издръжка,,Running costs,,,,588000,
4000,4000.01.00,4000.01.01,capital,,Капиталови разходи,,Capital spending,,,,23000,
4100,4100.01.00,4100.01.01,staff,,Персонал,,Staff costs,,,,18646900,
4100,4100.01.00,4100.01.01,running,,Издръжка,,Running costs,,,,2670500,
4100,4100.01.00,4100.01.01,capital,,Капиталови разходи,,Capital spending,,,,2109800,
4200,4200.01.00,4200.01.01,staff,,Персонал,,Staff costs,,,,4019300,
4200,4200.01.00,4200.01.01,running,,Издръжка,,Running costs,,,,622500,
4200,4200.01.00,4200.01.01,capital,,Капиталови разходи,,Capital spending,,,,83900,
4300,4300.01.00,4300.01.01,staff,,Персонал,,Staff costs,,,,7177600,
4300,4300.01.00,4300.01.01,running,,Издръжка,,Running costs,,,,1932700,
4300,4300.01.00,4300.01.01,capital,,Капиталови разходи,,Capital spending,,,,3121800,
4300,4300.01.00,4300.01.01,administered,1,"Ежегодна проверка за прилагането на системата за разпределението на разходите от пощенския оператор със задължение за извършване на универсалната пощенска услуга (УПУ) и одит на внесените документи, свързани с изчисляването на нетните разходи от извършването на УПУ, на основание чл. 29а, ал. 4 и чл. 29б, ал. 5 от Закона за пощенските услуги (ЗПУ)",Одит на разходите за универсалната пощенска услуга,Audit of universal postal service costs,,,,56000,
4300,4300.01.00,4300.01.01,administered,2,"Ежегодно измерване на изпълнението на нормативите за качеството на УПУ и ефикасността на обслужване, на основание чл. 15, ал. 1, т. 7 от ЗПУ",Измерване на качеството на пощенската услуга,Measuring postal service quality,,,,48300,
4300,4300.01.00,4300.01.01,administered,3,"Членски внос в Групата на независимите регулатори (IRG) и Европейския институт за стандарти в далекосъобщенията (ETSI) съгласно чл. 30, т. 20 и 23 от Закона за електронните съобщения",Членски внос в IRG и ETSI,IRG and ETSI membership fees,,,,63900,
4400,4400.01.00,4400.01.01,staff,,Персонал,,Staff costs,,,,1520200,
4400,4400.01.00,4400.01.01,running,,Издръжка,,Running costs,,,,384700,
4400,4400.01.00,4400.01.01,capital,,Капиталови разходи,,Capital spending,,,,75200,
4500,4500.01.00,4500.01.01,staff,,Персонал,,Staff costs,,,,6666400,
4500,4500.01.00,4500.01.01,running,,Издръжка,,Running costs,,,,1823500,
4500,4500.01.00,4500.01.01,capital,,Капиталови разходи,,Capital spending,,,,61000,
4600,4600.01.00,4600.01.01,staff,,Персонал,,Staff costs,,,,4751700,
4600,4600.01.00,4600.01.01,running,,Издръжка,,Running costs,,,,2062900,
4600,4600.01.00,4600.01.01,capital,,Капиталови разходи,,Capital spending,,,,40800,
4600,4600.01.00,4600.01.01,administered,1,Членски внос за участие на Република България в Международната агенция за атомна енергия,Членски внос в МААЕ,IAEA membership fee,,,,378300,
4700,4700.01.00,4700.01.01,staff,,Персонал,,Staff costs,,,,10873900,
4700,4700.01.00,4700.01.01,running,,Издръжка,,Running costs,,,,5793100,
4700,4700.01.00,4700.01.01,capital,,Капиталови разходи,,Capital spending,,,,1259000,
4800,4800.01.00,4800.01.01,staff,,Персонал,,Staff costs,,,,9577100,
4800,4800.01.00,4800.01.01,running,,Издръжка,,Running costs,,,,977100,
4800,4800.01.00,4800.01.01,capital,,Капиталови разходи,,Capital spending,,,,160000,
5300,5300.01.00,5300.01.01,staff,,Персонал,,Staff costs,,,,8040400,
5300,5300.01.00,5300.01.01,running,,Издръжка,,Running costs,,,,16669700,
5300,5300.01.00,5300.01.01,capital,,Капиталови разходи,,Capital spending,,,,5413700,
5300,5300.01.00,5300.01.01,administered,1,Плащания за попълване на държавни резерви,Попълване на държавните резерви,Replenishing state reserves,,,,39804200,
5300,5300.01.00,5300.01.02,staff,,Персонал,,Staff costs,,,,617700,
5300,5300.01.00,5300.01.02,administered,1,"Поддържане, обновяване и донатрупване на запаси за извънредни ситуации от нефт и нефтопродукти и целеви запаси от нефтопродукти",Запаси от нефт и горива за извънредни ситуации,Emergency oil and fuel stocks,,,,7686500,
7100,7100.01.00,7100.01.01,staff,,Персонал,,Staff costs,,,,1052900,
7100,7100.01.00,7100.01.01,running,,Издръжка,,Running costs,,,,710400,
7100,7100.01.00,7100.01.01,capital,,Капиталови разходи,,Capital spending,,,,152300,
7100,7100.01.00,7100.01.01,administered,1,Хуманитарна подкрепа за разселени лица от Украйна с предоставена временна закрила в Република България,Подкрепа за разселените от Украйна,Support for people displaced from Ukraine,,,,0,
7100,7100.01.00,7100.01.02,staff,,Персонал,,Staff costs,,,,454100,
7100,7100.01.00,7100.01.02,running,,Издръжка,,Running costs,,,,9389700,
7100,7100.01.00,7100.01.02,capital,,Капиталови разходи,,Capital spending,,,,180600,
7100,7100.02.00,7100.02.00,staff,,Персонал,,Staff costs,,,,1594600,
7100,7100.02.00,7100.02.00,running,,Издръжка,,Running costs,,,,763100,
7100,7100.02.00,7100.02.00,capital,,Капиталови разходи,,Capital spending,,,,164700,
7400,7400.01.00,7400.01.01,staff,,Персонал,,Staff costs,,,,2646500,
7400,7400.01.00,7400.01.01,running,,Издръжка,,Running costs,,,,6079500,
7400,7400.01.00,7400.01.01,capital,,Капиталови разходи,,Capital spending,,,,79200,
7400,7400.01.00,7400.01.01,administered,1,Предоставяне на субсидии на участници в конкурсни сесии на Националния иновационен фонд,Национален иновационен фонд,National Innovation Fund grants,,,,3992800,
7400,7400.01.00,7400.01.02,staff,,Персонал,,Staff costs,,,,1318900,
7400,7400.01.00,7400.01.02,running,,Издръжка,,Running costs,,,,138700,
7400,7400.02.00,7400.02.01,staff,,Персонал,,Staff costs,,,,4606100,
7400,7400.02.00,7400.02.01,running,,Издръжка,,Running costs,,,,1455000,
7400,7400.02.00,7400.02.01,capital,,Капиталови разходи,,Capital spending,,,,773100,
7400,7400.02.00,7400.02.02,staff,,Персонал,,Staff costs,,,,7401100,
7400,7400.02.00,7400.02.02,running,,Издръжка,,Running costs,,,,6559100,
7400,7400.02.00,7400.02.02,capital,,Капиталови разходи,,Capital spending,,,,1458100,
7400,7400.00.03,7400.00.03,staff,,Персонал,,Staff costs,,,,3982900,
7400,7400.00.03,7400.00.03,running,,Издръжка,,Running costs,,,,1697700,
8200,8200.01.00,8200.01.02,staff,,Персонал,,Staff costs,,,,3023300,
8200,8200.01.00,8200.01.02,running,,Издръжка,,Running costs,,,,734200,
8200,8200.01.00,8200.01.02,capital,,Капиталови разходи,,Capital spending,,,,35000,
8300,8300.01.00,8300.01.01,staff,,Персонал,,Staff costs,,,,1228200,
8300,8300.01.00,8300.01.01,running,,Издръжка,,Running costs,,,,223600,
8300,8300.01.00,8300.01.01,capital,,Капиталови разходи,,Capital spending,,,,13800,
8400,8400.01.00,8400.01.01,staff,,Персонал,,Staff costs,,,,17508000,
8400,8400.01.00,8400.01.01,administered,1,"Субсидии и други плащания по неразплатени проекти след изтичане на крайния срок за извършване на плащания с европейски средства, вкл. по съдебни решения и/или изпълнителни листа",Плащания по проекти след изтичане на срока за европейски средства,Payments for projects after the EU funding deadline,,,,0,
8400,8400.01.00,8400.01.01,administered,2,"Капиталови трансфери за инвестиционни проекти, в т.ч. неразплатени проекти след изтичане на крайния срок за извършване на разплащания с европейски средства, вкл. по съдебни решения и/или изпълнителни листа",Капиталови трансфери за инвестиционни проекти,Capital transfers for investment projects,,,,0,
8400,8400.01.00,8400.01.01,administered,3,Финансиране на разходи за ДДС на общини с одобрени проекти по ПРСР/СПРЗСР,ДДС на общини по проекти за развитие на селските райони,VAT of municipalities on rural development projects,,,,25000000,
8400,8400.01.00,8400.01.02,staff,,Персонал,,Staff costs,,,,1369400,
8400,8400.01.00,8400.01.02,administered,1,"Субсидии и други плащания по Селскостопанските пазарни механизми, в т.ч. за неразплатени проекти след изтичане на крайния срок за извършване на разплащания с европейски средства, вкл. по съдебни решения и/или изпълнителни листа",Плащания по селскостопанските пазарни механизми,Agricultural market measure payments,,,,6350300,
8400,8400.01.00,8400.01.02,administered,2,"Капиталови трансфери за инвестиционни проекти, в т.ч. неразплатени проекти след изтичане на крайния срок за извършване на разплащания с европейски средства, вкл. по съдебни решения и/или изпълнителни листа",Капиталови трансфери за инвестиционни проекти,Capital transfers for investment projects,,,,0,
8400,8400.01.00,8400.01.03,staff,,Персонал,,Staff costs,,,,1722500,
8400,8400.01.00,8400.01.04,staff,,Персонал,,Staff costs,,,,6068000,
8400,8400.01.00,8400.01.04,administered,1,"Субсидии за държавни помощи, преходна национална помощ и други плащания по неразплатени проекти след изтичане на крайния срок за извършване на разплащания с европейски средства, вкл. по съдебни решения и/или изпълнителни листа","Държавни помощи, преходна национална помощ и други плащания","State aid, transitional national aid and other payments",,,,223910000,
8400,8400.01.00,8400.01.04,administered,2,"Капиталови трансфери за инвестиционни проекти, в т.ч. неразплатени проекти след изтичане на крайния срок за извършване на разплащания с европейски средства, вкл. по съдебни решения и/или изпълнителни листа",Капиталови трансфери за инвестиционни проекти,Capital transfers for investment projects,,,,0,
8400,8400.02.00,8400.02.01,staff,,Персонал,,Staff costs,,,,256400,
8400,8400.02.00,8400.02.01,administered,1,Финансиране на разходи за ДДС на общини с одобрени проекти ПМДРА,ДДС на общини по проекти за рибарство,VAT of municipalities on fisheries projects,,,,200000,
8400,8400.03.00,8400.03.00,staff,,Персонал,,Staff costs,,,,8324500,
8400,8400.03.00,8400.03.00,running,,Издръжка,,Running costs,,,,8408400,
8400,8400.03.00,8400.03.00,capital,,Капиталови разходи,,Capital spending,,,,1800000,
8500,8500.01.00,8500.01.01,staff,,Персонал,,Staff costs,,,,889600,
8500,8500.01.00,8500.01.01,running,,Издръжка,,Running costs,,,,161300,
8600,8600.01.00,8600.01.01,staff,,Персонал,,Staff costs,,,,73788100,
8600,8600.01.00,8600.01.01,running,,Издръжка,,Running costs,,,,1789300,
8600,8600.01.00,8600.01.01,capital,,Капиталови разходи,,Capital spending,,,,738600,
