fy,province,municipality,ebk_code,kind,recipients,eagf_BGN,rural_BGN,national_BGN,storage_BGN,total_BGN
2015,Благоевград,,,legal,229,5664675.86,23727836.62,271787.20,0.00,29664299.68
2015,Благоевград,,,person,14655,20008298.81,16501686.57,22418177.81,0.00,58928163.19
2015,Благоевград,,,sole-trader,93,1386342.25,9632350.28,52159.33,0.00,11070851.86
2015,Бургас,,,legal,416,46377457.74,27613693.00,557316.36,0.00,74548467.10
2015,Бургас,,,person,4790,21468637.57,11466452.02,4327358.58,0.00,37262448.17
2015,Бургас,,,sole-trader,108,6616962.54,6252800.83,302964.00,0.00,13172727.37
2015,Варна,,,legal,376,40252694.65,42068398.83,387800.00,0.00,82708893.48
2015,Варна,,,person,1395,10195396.12,4501181.01,973792.78,0.00,15670369.91
2015,Варна,,,sole-trader,70,8052358.79,5775384.21,202400.00,0.00,14030143.00
2015,Велико Търново,,,legal,333,45391303.52,37144063.01,565359.40,0.00,83100725.93
2015,Велико Търново,,,person,1645,15741331.98,8277999.89,1629327.17,0.00,25648659.04
2015,Велико Търново,,,sole-trader,88,7662092.38,4496390.30,134800.00,0.00,12293282.68
2015,Видин,,,legal,88,7656333.12,10857965.06,95369.62,0.00,18609667.80
2015,Видин,,,person,1917,12961282.18,4119579.39,557393.51,0.00,17638255.08
2015,Видин,,,sole-trader,24,1334811.40,1085423.70,17400.00,0.00,2437635.10
2015,Враца,,,legal,213,22266124.14,14087259.97,1007832.21,0.00,37361216.32
2015,Враца,,,person,1625,17360687.51,6231473.87,1780335.60,0.00,25372496.98
2015,Враца,,,sole-trader,41,4886368.92,1770814.15,279177.93,0.00,6936361.00
2015,Габрово,,,legal,63,4349626.54,11706068.76,686631.60,0.00,16742326.90
2015,Габрово,,,person,587,3450474.39,2591215.62,546344.29,0.00,6588034.30
2015,Габрово,,,sole-trader,20,208265.09,846790.40,45000.00,0.00,1100055.49
2015,Добрич,,,legal,426,57050117.52,30224331.28,594590.02,0.00,87869038.82
2015,Добрич,,,person,3204,27770339.88,7398281.65,3064183.63,0.00,38232805.16
2015,Добрич,,,sole-trader,151,25219489.36,8508460.97,296550.00,0.00,34024500.33
2015,Кърджали,,,legal,59,805893.57,19455320.61,157793.14,0.00,20419007.32
2015,Кърджали,,,person,14188,14743001.31,9935641.82,30410248.56,0.00,55088891.69
2015,Кърджали,,,sole-trader,16,181144.63,468558.79,535683.92,0.00,1185387.34
2015,Кюстендил,,,legal,86,1798486.30,8127593.93,10895.00,0.00,9936975.23
2015,Кюстендил,,,person,2120,9184887.13,5708057.13,645810.75,0.00,15538755.01
2015,Кюстендил,,,sole-trader,21,194144.00,2308275.52,0.00,0.00,2502419.52
2015,Ловеч,,,legal,145,21012018.30,13920718.57,126060.00,0.00,35058796.87
2015,Ловеч,,,person,1141,8147371.95,4973455.01,889235.46,0.00,14010062.42
2015,Ловеч,,,sole-trader,46,12690396.19,3581396.69,261000.00,0.00,16532792.88
2015,Монтана,,,legal,175,22388608.81,14605813.54,211038.06,0.00,37205460.41
2015,Монтана,,,person,1834,15678767.12,7526935.32,1409164.03,0.00,24614866.47
2015,Монтана,,,sole-trader,41,3431035.55,3292776.95,38200.00,0.00,6762012.50
2015,Пазарджик,,,legal,269,9425472.01,24634663.64,277533.69,0.00,34337669.34
2015,Пазарджик,,,person,3692,13493751.79,7446885.50,1807181.07,0.00,22747818.36
2015,Пазарджик,,,sole-trader,40,1233273.77,3169349.00,183413.51,0.00,4586036.28
2015,Перник,,,legal,140,3260407.33,14388479.06,157660.00,0.00,17806546.39
2015,Перник,,,person,1309,12511461.96,8793498.81,349784.48,0.00,21654745.25
2015,Перник,,,sole-trader,18,683423.61,488968.72,7800.00,0.00,1180192.33
2015,Плевен,,,legal,316,42987853.09,41575258.81,287342.32,0.00,84850454.22
2015,Плевен,,,person,2545,21183597.94,7198203.72,2300266.48,0.00,30682068.14
2015,Плевен,,,sole-trader,144,19025693.00,11667895.60,158423.10,0.00,30852011.70
2015,Пловдив,,,legal,657,51581803.98,39192798.06,4784287.85,0.00,95558889.89
2015,Пловдив,,,person,8145,37971933.78,21367898.24,8613787.18,0.00,67953619.20
2015,Пловдив,,,sole-trader,171,9804360.79,7284230.53,3785182.09,0.00,20873773.41
2015,Разград,,,legal,231,25036557.75,20130989.53,379050.24,0.00,45546597.52
2015,Разград,,,person,3621,13929318.03,3990558.69,3371590.76,0.00,21291467.48
2015,Разград,,,sole-trader,69,6826603.47,3112371.15,355692.26,0.00,10294666.88
2015,Русе,,,legal,252,29287810.14,29587874.77,544640.00,0.00,59420324.91
2015,Русе,,,person,1982,16438501.74,5641632.99,1963667.17,0.00,24043801.90
2015,Русе,,,sole-trader,83,8336978.34,5258034.12,100579.62,0.00,13695592.08
2015,Силистра,,,legal,222,27071717.52,17893612.76,817762.84,0.00,45783093.12
2015,Силистра,,,person,6504,19433076.71,7845233.59,6743978.36,0.00,34022288.66
2015,Силистра,,,sole-trader,78,6531413.16,8282949.38,199280.27,0.00,15013642.81
2015,Сливен,,,legal,244,19481309.89,12725729.11,647673.95,0.00,32854712.95
2015,Сливен,,,person,3578,24628777.24,11842084.19,2902278.50,0.00,39373139.93
2015,Сливен,,,sole-trader,41,2759287.08,1693274.02,344200.00,0.00,4796761.10
2015,Смолян,,,legal,71,403676.83,33005685.54,50846.00,0.00,33460208.37
2015,Смолян,,,person,5319,4038356.57,4825050.38,3643978.72,0.00,12507385.67
2015,Смолян,,,sole-trader,28,127797.55,2039646.32,25174.73,0.00,2192618.60
2015,Софийска,,,legal,304,8641993.33,41209602.82,60800.00,0.00,49912396.15
2015,Софийска,,,person,3358,21905330.27,16387872.91,980713.87,0.00,39273917.05
2015,Софийска,,,sole-trader,82,2224943.92,4440320.74,50000.00,0.00,6715264.66
2015,София-град,,,legal,686,51501526.99,67359451.44,835541.13,0.00,119696519.56
2015,София-град,,,person,1309,10797654.98,12473978.71,680209.12,0.00,23951842.81
2015,София-град,,,sole-trader,103,6075269.01,16671268.56,582785.64,0.00,23329323.21
2015,Стара Загора,,,legal,419,33907115.84,28779528.68,624020.91,0.00,63310665.43
2015,Стара Загора,,,person,2525,22873466.07,12725347.72,4164315.03,0.00,39763128.82
2015,Стара Загора,,,sole-trader,122,10274085.80,6290245.65,2893769.38,0.00,19458100.83
2015,Търговище,,,legal,168,16779070.06,12687407.76,845557.94,0.00,30312035.76
2015,Търговище,,,person,2878,10713613.41,4995482.96,2022400.33,0.00,17731496.70
2015,Търговище,,,sole-trader,49,6573301.54,3219461.22,324550.00,0.00,10117312.76
2015,Хасково,,,legal,292,20614379.00,39500919.92,620452.69,0.00,60735751.61
2015,Хасково,,,person,9201,32001656.03,17488413.46,21603665.04,0.00,71093734.53
2015,Хасково,,,sole-trader,64,3969476.25,3771421.83,685462.34,0.00,8426360.42
2015,Шумен,,,legal,233,21661178.80,22628480.12,762752.91,0.00,45052411.83
2015,Шумен,,,person,4660,17727267.28,5981275.65,5988230.55,0.00,29696773.48
2015,Шумен,,,sole-trader,39,2854420.71,1900673.94,93301.37,0.00,4848396.02
2015,Ямбол,,,legal,263,26243673.32,20373534.44,645074.57,0.00,47262282.33
2015,Ямбол,,,person,1737,20957435.63,9678048.67,1820831.18,0.00,32456315.48
2015,Ямбол,,,sole-trader,90,9396065.78,6559698.30,741624.04,0.00,16697388.12
2016,Благоевград,,,legal,231,5918207.76,73369814.39,370759.05,0.00,79658781.20
2016,Благоевград,,,person,13498,20193915.44,17924101.92,22889255.86,0.00,61007273.22
2016,Благоевград,,,sole-trader,89,1296893.81,13186413.63,57478.45,0.00,14540785.89
2016,Бургас,,,legal,411,54033825.58,52396128.65,991880.60,0.00,107421834.83
2016,Бургас,,,person,3982,26972532.45,14860815.97,6952114.25,0.00,48785462.67
2016,Бургас,,,sole-trader,109,9921665.80,6807286.54,298004.35,0.00,17026956.69
2016,Варна,,,legal,383,42370345.37,44850348.38,443091.27,0.00,87663785.02
2016,Варна,,,person,1177,11978037.17,6031986.12,1608832.77,0.00,19618856.06
2016,Варна,,,sole-trader,70,8575501.90,9239007.01,189497.73,0.00,18004006.64
2016,Велико Търново,,,legal,326,46908240.38,40476488.13,482440.50,0.00,87867169.01
2016,Велико Търново,,,person,1438,18593152.17,9092520.51,2337232.90,0.00,30022905.58
2016,Велико Търново,,,sole-trader,87,7122100.08,6350602.91,190059.90,0.00,13662762.89
2016,Видин,,,legal,91,8350378.21,21788573.20,75174.47,0.00,30214125.88
2016,Видин,,,person,1122,12829792.88,4837264.34,517559.63,0.00,18184616.85
2016,Видин,,,sole-trader,22,1242836.48,1406715.19,0.00,0.00,2649551.67
2016,Враца,,,legal,224,23456434.25,27133010.01,937894.83,0.00,51527339.09
2016,Враца,,,person,1488,20059723.07,7546198.35,2362025.62,0.00,29967947.04
2016,Враца,,,sole-trader,39,4757831.60,2485634.58,246458.99,0.00,7489925.17
2016,Габрово,,,legal,60,4808518.13,5755432.07,427038.90,0.00,10990989.10
2016,Габрово,,,person,526,4080267.26,3182281.05,630782.50,0.00,7893330.81
2016,Габрово,,,sole-trader,20,334478.74,447486.62,23985.00,0.00,805950.36
2016,Добрич,,,legal,439,63551120.51,40271334.19,701701.00,0.00,104524155.70
2016,Добрич,,,person,2699,31104343.36,10576236.00,3010764.30,0.00,44691343.66
2016,Добрич,,,sole-trader,154,26879530.25,14264982.86,276484.50,0.00,41420997.61
2016,Кърджали,,,legal,52,1072067.73,19755731.97,158310.56,0.00,20986110.26
2016,Кърджали,,,person,12930,14631284.21,8990718.16,27913517.93,0.00,51535520.30
2016,Кърджали,,,sole-trader,13,141073.90,567562.91,433017.92,0.00,1141654.73
2016,Кюстендил,,,legal,93,2420304.27,18035129.97,25590.19,0.00,20481024.43
2016,Кюстендил,,,person,1509,9109310.02,7008972.64,830394.50,0.00,16948677.16
2016,Кюстендил,,,sole-trader,14,284797.49,1584273.89,8970.00,0.00,1878041.38
2016,Ловеч,,,legal,135,17185236.68,23232667.30,298181.10,0.00,40716085.08
2016,Ловеч,,,person,921,9470458.99,5615959.48,1360405.34,0.00,16446823.81
2016,Ловеч,,,sole-trader,41,8783471.78,4817967.66,199809.60,0.00,13801249.04
2016,Монтана,,,legal,178,21902018.04,39352466.49,238947.70,0.00,61493432.23
2016,Монтана,,,person,1413,16470321.22,9586590.18,1763806.21,0.00,27820717.61
2016,Монтана,,,sole-trader,35,3639988.18,2278973.49,51432.30,0.00,5970393.97
2016,Пазарджик,,,legal,257,13340343.75,36939541.45,253459.22,0.00,50533344.42
2016,Пазарджик,,,person,2854,14852046.52,9625656.78,2567617.02,0.00,27045320.32
2016,Пазарджик,,,sole-trader,40,1801108.20,3383982.04,166723.04,0.00,5351813.28
2016,Перник,,,legal,129,3774498.47,18038963.09,98093.10,0.00,21911554.66
2016,Перник,,,person,1125,12739858.79,9570598.70,380000.66,0.00,22690458.15
2016,Перник,,,sole-trader,15,854225.93,551895.45,22892.70,0.00,1429014.08
2016,Плевен,,,legal,348,45570791.41,45947153.32,400921.44,0.00,91918866.17
2016,Плевен,,,person,1943,24144728.82,8673589.38,2736250.88,0.00,35554569.08
2016,Плевен,,,sole-trader,138,20101017.43,13331212.01,312013.54,0.00,33744242.98
2016,Пловдив,,,legal,687,55195575.87,63411738.56,4349732.89,0.00,122957047.32
2016,Пловдив,,,person,5875,44572852.44,29842981.37,9787084.91,0.00,84202918.72
2016,Пловдив,,,sole-trader,177,9797462.29,13757785.84,3475266.78,0.00,27030514.91
2016,Разград,,,legal,219,26760477.36,24655042.51,369697.56,0.00,51785217.43
2016,Разград,,,person,2327,14139930.81,4926943.78,3266977.97,0.00,22333852.56
2016,Разград,,,sole-trader,69,7518182.96,3504944.35,330739.98,0.00,11353867.29
2016,Русе,,,legal,270,32554068.18,35244803.44,561233.40,0.00,68360105.02
2016,Русе,,,person,1605,18550382.05,9679570.22,2069284.87,0.00,30299237.14
2016,Русе,,,sole-trader,74,8747181.75,6193184.26,102629.30,0.00,15042995.31
2016,Силистра,,,legal,233,28151118.53,27683196.07,670189.84,0.00,56504504.44
2016,Силистра,,,person,4673,20723384.20,9685203.16,6319873.57,0.00,36728460.93
2016,Силистра,,,sole-trader,83,8025309.66,5033593.71,209062.15,0.00,13267965.52
2016,Сливен,,,legal,263,23444353.65,14934701.67,718709.27,0.00,39097764.59
2016,Сливен,,,person,3003,28920021.06,13818841.28,4060382.75,0.00,46799245.09
2016,Сливен,,,sole-trader,48,3442893.89,2912070.96,350415.00,0.00,6705379.85
2016,Смолян,,,legal,56,495235.18,25014877.13,135486.72,0.00,25645599.03
2016,Смолян,,,person,3663,2805895.70,3207457.89,3479406.55,0.00,9492760.14
2016,Смолян,,,sole-trader,24,167949.14,1697307.30,50023.51,0.00,1915279.95
2016,Софийска,,,legal,317,11420283.57,58588003.25,176086.31,0.00,70184373.13
2016,Софийска,,,person,2784,27891725.71,19989415.21,2051285.67,0.00,49932426.59
2016,Софийска,,,sole-trader,83,2812574.40,7393938.40,49476.30,0.00,10255989.10
2016,София-град,,,legal,699,55137974.48,74345627.26,853386.97,0.00,130336988.71
2016,София-град,,,person,1164,12940104.72,12993474.10,999131.87,0.00,26932710.69
2016,София-град,,,sole-trader,107,7504553.21,14835765.98,508330.46,0.00,22848649.65
2016,Стара Загора,,,legal,409,38052628.41,36941252.96,726359.10,0.00,75720240.47
2016,Стара Загора,,,person,2125,27766632.54,17151002.50,4585829.27,0.00,49503464.31
2016,Стара Загора,,,sole-trader,119,11114035.36,8039395.26,2529781.30,0.00,21683211.92
2016,Търговище,,,legal,155,19062551.13,14602522.50,900179.69,0.00,34565253.32
2016,Търговище,,,person,1980,12479793.62,6877270.79,2948639.37,0.00,22305703.78
2016,Търговище,,,sole-trader,56,7329020.95,4891108.89,295022.40,0.00,12515152.24
2016,Хасково,,,legal,308,24115439.79,41467400.69,768597.78,0.00,66351438.26
2016,Хасково,,,person,8356,37029016.11,20405080.38,20672030.20,0.00,78106126.69
2016,Хасково,,,sole-trader,67,3892250.51,5474289.64,646424.94,0.00,10012965.09
2016,Шумен,,,legal,243,23617665.30,24632500.99,936902.76,0.00,49187069.05
2016,Шумен,,,person,3420,18566074.53,6576759.54,6054874.06,0.00,31197708.13
2016,Шумен,,,sole-trader,40,2799501.10,3837632.84,81111.29,0.00,6718245.23
2016,Ямбол,,,legal,264,29161845.83,25337438.71,532987.50,0.00,55032272.04
2016,Ямбол,,,person,1527,22628532.65,10211339.82,2281020.65,0.00,35120893.12
2016,Ямбол,,,sole-trader,86,10615828.08,9808504.08,632486.06,0.00,21056818.22
2017,Благоевград,,,legal,197,6279817.10,6437969.00,330544.15,0.00,13048330.25
2017,Благоевград,,,person,13314,23228795.49,18350503.25,21948006.62,0.00,63527305.36
2017,Благоевград,,,sole-trader,51,1421915.65,1636713.78,62935.07,0.00,3121564.50
2017,Бургас,,,legal,453,58752140.91,22397651.24,852213.14,0.00,82002005.29
2017,Бургас,,,person,3954,30573122.48,14533847.14,6583482.36,0.00,51690451.98
2017,Бургас,,,sole-trader,102,7859380.06,2753365.41,303816.07,0.00,10916561.54
2017,Варна,,,legal,398,46979126.18,16296681.84,436526.94,0.00,63712334.96
2017,Варна,,,person,1231,13284997.69,5860947.58,1510390.91,0.00,20656336.18
2017,Варна,,,sole-trader,62,9251836.82,2322268.93,219915.40,0.00,11794021.15
2017,Велико Търново,,,legal,344,55872419.03,14673213.44,535120.88,0.00,71080753.35
2017,Велико Търново,,,person,1482,20070879.41,7032282.03,2291129.33,0.00,29394290.77
2017,Велико Търново,,,sole-trader,85,7321172.13,994824.36,213273.26,0.00,8529269.75
2017,Видин,,,legal,93,9575197.83,2238113.41,82735.06,0.00,11896046.30
2017,Видин,,,person,1019,14679742.27,3249422.62,458923.36,0.00,18388088.25
2017,Видин,,,sole-trader,16,1260261.22,329416.97,0.00,0.00,1589678.19
2017,Враца,,,legal,229,27007791.98,6707376.27,876437.71,0.00,34591605.96
2017,Враца,,,person,1567,21323994.75,5958279.74,2345258.31,0.00,29627532.80
2017,Враца,,,sole-trader,36,5450550.99,678783.06,237016.39,0.00,6366350.44
2017,Габрово,,,legal,63,5234480.47,2364252.56,247995.84,0.00,7846728.87
2017,Габрово,,,person,539,4526577.36,3121769.88,591259.51,0.00,8239606.75
2017,Габрово,,,sole-trader,15,324692.61,193894.48,23370.00,0.00,541957.09
2017,Добрич,,,legal,469,68093314.46,15277732.11,679929.79,0.00,84050976.36
2017,Добрич,,,person,2745,33466151.51,7477486.69,2888335.04,0.00,43831973.24
2017,Добрич,,,sole-trader,144,27966390.35,6511551.59,244296.91,0.00,34722238.85
2017,Кърджали,,,legal,48,1168669.56,797944.34,152669.21,0.00,2119283.11
2017,Кърджали,,,person,13025,16951168.80,10339765.11,26985091.48,0.00,54276025.39
2017,Кърджали,,,sole-trader,8,182283.41,30179.15,408038.43,0.00,620500.99
2017,Кюстендил,,,legal,82,3085037.90,1777990.18,22900.70,0.00,4885928.78
2017,Кюстендил,,,person,1340,10432090.31,6582711.46,902006.76,0.00,17916808.53
2017,Кюстендил,,,sole-trader,8,302635.16,198030.53,8740.00,0.00,509405.69
2017,Ловеч,,,legal,131,20883034.78,8280261.77,301970.77,0.00,29465267.32
2017,Ловеч,,,person,930,10136610.12,4514655.77,1363515.26,0.00,16014781.15
2017,Ловеч,,,sole-trader,36,13877266.82,4841971.22,107505.31,0.00,18826743.35
2017,Монтана,,,legal,155,28194117.05,5537311.96,239359.27,0.00,33970788.28
2017,Монтана,,,person,1380,17919476.07,6740957.99,1618200.13,0.00,26278634.19
2017,Монтана,,,sole-trader,32,2930479.67,383642.04,46493.84,0.00,3360615.55
2017,Пазарджик,,,legal,253,13823540.46,7274179.36,222350.93,0.00,21320070.75
2017,Пазарджик,,,person,2633,16289904.21,9422222.55,2412874.81,0.00,28125001.57
2017,Пазарджик,,,sole-trader,43,1942835.68,3798131.91,161240.13,0.00,5902207.72
2017,Перник,,,legal,125,4380109.67,3561846.77,158189.83,0.00,8100146.27
2017,Перник,,,person,1129,15104968.23,8186632.42,385710.01,0.00,23677310.66
2017,Перник,,,sole-trader,16,1091455.40,399980.24,20023.08,0.00,1511458.72
2017,Плевен,,,legal,329,51318137.09,11580094.35,330543.51,0.00,63228774.95
2017,Плевен,,,person,2049,26437442.36,6462123.84,2521783.30,0.00,35421349.50
2017,Плевен,,,sole-trader,134,21332878.34,3607325.38,310837.60,0.00,25251041.32
2017,Пловдив,,,legal,693,56802507.47,24207580.13,4321946.01,0.00,85332033.61
2017,Пловдив,,,person,5737,46062659.99,19208604.34,9142711.46,0.00,74413975.79
2017,Пловдив,,,sole-trader,162,10379890.37,2020845.22,3389185.22,0.00,15789920.81
2017,Разград,,,legal,210,28981197.84,8094957.47,363394.96,0.00,37439550.27
2017,Разград,,,person,2366,15205606.08,3981537.42,3122134.26,0.00,22309277.76
2017,Разград,,,sole-trader,66,8003649.35,1507992.09,321505.20,0.00,9833146.64
2017,Русе,,,legal,278,35506871.85,12864637.92,558193.13,0.00,48929702.90
2017,Русе,,,person,1611,18664318.03,5990935.72,1949520.78,0.00,26604774.53
2017,Русе,,,sole-trader,75,9370436.59,1216443.86,96686.96,0.00,10683567.41
2017,Силистра,,,legal,233,31901076.56,12669794.40,659229.23,0.00,45230100.19
2017,Силистра,,,person,4757,22800813.79,6920635.03,6073188.31,0.00,35794637.13
2017,Силистра,,,sole-trader,83,8624718.77,2314919.47,192013.76,0.00,11131652.00
2017,Сливен,,,legal,266,24039727.17,6904217.58,741122.46,0.00,31685067.21
2017,Сливен,,,person,2938,30863475.39,12056585.82,3885169.62,0.00,46805230.83
2017,Сливен,,,sole-trader,43,3621062.70,1288614.46,359100.00,0.00,5268777.16
2017,Смолян,,,legal,42,567520.39,2058729.75,145545.54,0.00,2771795.68
2017,Смолян,,,person,3817,3070183.88,4223209.58,3396038.00,0.00,10689431.46
2017,Смолян,,,sole-trader,18,216644.44,1193316.69,66920.39,0.00,1476881.52
2017,Софийска,,,legal,302,12450658.03,9110279.24,282937.72,0.00,21843874.99
2017,Софийска,,,person,2829,30573988.55,19222633.56,1919787.34,0.00,51716409.45
2017,Софийска,,,sole-trader,54,2812170.42,1012381.81,50243.18,0.00,3874795.41
2017,София-град,,,legal,714,57335905.20,51673918.58,1049371.49,0.00,110059195.27
2017,София-град,,,person,1193,14017524.04,9581744.11,993414.25,0.00,24592682.40
2017,София-град,,,sole-trader,78,8980448.21,2112109.73,484715.31,0.00,11577273.25
2017,Стара Загора,,,legal,422,41296652.80,12980565.79,715732.00,0.00,54992950.59
2017,Стара Загора,,,person,2219,28098477.24,10910137.78,4276807.26,0.00,43285422.28
2017,Стара Загора,,,sole-trader,112,12593925.38,3784479.87,2475572.05,0.00,18853977.30
2017,Търговище,,,legal,155,21129548.97,5554133.38,879008.30,0.00,27562690.65
2017,Търговище,,,person,1972,13593556.98,5986073.42,2832190.18,0.00,22411820.58
2017,Търговище,,,sole-trader,55,7844886.76,1415939.88,283951.37,0.00,9544778.01
2017,Хасково,,,legal,290,28569060.33,10322851.18,687699.21,0.00,39579610.72
2017,Хасково,,,person,8308,43438475.65,22463756.20,20156122.00,0.00,86058353.85
2017,Хасково,,,sole-trader,55,4669910.27,1663319.29,610971.64,0.00,6944201.20
2017,Шумен,,,legal,237,26053204.59,8338378.86,868769.82,0.00,35260353.27
2017,Шумен,,,person,3509,20860126.16,5132341.24,5871640.52,0.00,31864107.92
2017,Шумен,,,sole-trader,39,2698898.76,334865.53,78850.61,0.00,3112614.90
2017,Ямбол,,,legal,271,31078554.36,8758336.57,521087.68,0.00,40357978.61
2017,Ямбол,,,person,1564,24124825.49,8258179.53,2258735.37,0.00,34641740.39
2017,Ямбол,,,sole-trader,92,12315203.37,6789876.46,652852.72,0.00,19757932.55
2021,Благоевград,,,legal,281,10434094.73,28014361.05,403161.24,0.00,38851617.02
2021,Благоевград,,,person,12366,28486183.87,20291596.41,18296884.51,0.00,67074664.79
2021,Благоевград,,,sole-trader,46,1733519.02,1118961.91,85361.71,0.00,2937842.64
2021,Бургас,,,legal,527,65238951.56,40543369.84,2099579.00,0.00,107881900.40
2021,Бургас,,,person,3823,34546395.07,14326973.91,5950933.44,0.00,54824302.42
2021,Бургас,,,sole-trader,83,8023687.80,1979733.74,454099.93,0.00,10457521.47
2021,Варна,,,legal,464,49059321.87,24021234.24,1834039.39,0.00,74914595.50
2021,Варна,,,person,1113,12925381.36,6316561.47,1477714.27,0.00,20719657.10
2021,Варна,,,sole-trader,55,9895334.38,2025861.17,546601.75,0.00,12467797.30
2021,Велико Търново,,,legal,410,58067604.86,22385969.67,464068.07,0.00,80917642.60
2021,Велико Търново,,,person,1313,20396082.87,7113354.12,1887483.70,0.00,29396920.69
2021,Велико Търново,,,sole-trader,68,7746083.07,758546.73,175128.65,0.00,8679758.45
2021,Видин,,,legal,112,12631646.99,11420960.94,87349.17,0.00,24139957.10
2021,Видин,,,person,822,16607559.77,2977763.42,358369.41,0.00,19943692.60
2021,Видин,,,sole-trader,12,1198051.30,453399.03,0.00,0.00,1651450.33
2021,Враца,,,legal,255,30300197.54,25731027.73,725953.99,0.00,56757179.26
2021,Враца,,,person,1247,21600929.25,6692658.35,2274386.11,0.00,30567973.71
2021,Враца,,,sole-trader,30,3540091.06,343976.99,126714.36,0.00,4010782.41
2021,Габрово,,,legal,87,6184332.40,9540583.52,211943.89,0.00,15936859.81
2021,Габрово,,,person,561,4908629.83,3152298.73,478723.28,0.00,8539651.84
2021,Габрово,,,sole-trader,12,188231.33,26872.81,21023.16,0.00,236127.30
2021,Добрич,,,legal,631,75270484.45,25671601.80,3349943.26,0.00,104292029.51
2021,Добрич,,,person,2801,34215656.77,6895868.31,3015275.17,0.00,44126800.25
2021,Добрич,,,sole-trader,140,25694883.01,4150894.52,1261325.93,0.00,31107103.46
2021,Кърджали,,,legal,57,1258705.00,7690316.28,181774.29,0.00,9130795.57
2021,Кърджали,,,person,12334,15277461.86,10930337.08,21826305.19,0.00,48034104.13
2021,Кърджали,,,sole-trader,9,112140.81,41465.62,337763.74,0.00,491370.17
2021,Кюстендил,,,legal,102,3987249.18,5533630.59,30993.51,0.00,9551873.28
2021,Кюстендил,,,person,1229,13574996.62,7985077.21,955142.19,0.00,22515216.02
2021,Кюстендил,,,sole-trader,9,404291.88,1420347.02,7862.32,0.00,1832501.22
2021,Ловеч,,,legal,179,26282294.04,12991643.30,279027.35,0.00,39552964.69
2021,Ловеч,,,person,829,10233027.15,4655566.09,1269375.90,0.00,16157969.14
2021,Ловеч,,,sole-trader,32,14737266.27,2493301.44,107051.44,0.00,17337619.15
2021,Монтана,,,legal,197,30433977.70,14123913.57,270189.04,0.00,44828080.31
2021,Монтана,,,person,1195,19071308.91,5900769.52,1634809.83,0.00,26606888.26
2021,Монтана,,,sole-trader,22,2199405.40,209582.71,36845.72,0.00,2445833.83
2021,Пазарджик,,,legal,307,17707394.32,17256296.33,251612.42,0.00,35215303.07
2021,Пазарджик,,,person,2249,17736058.47,10786653.05,2393254.96,0.00,30915966.48
2021,Пазарджик,,,sole-trader,34,1870945.85,4651339.36,117361.74,0.00,6639646.95
2021,Перник,,,legal,137,5245032.38,8556742.53,214451.11,0.00,14016226.02
2021,Перник,,,person,1038,16882492.47,9974594.80,399624.64,0.00,27256711.91
2021,Перник,,,sole-trader,17,1079800.59,480488.95,12328.29,0.00,1572617.83
2021,Плевен,,,legal,400,56820833.78,32348130.62,276024.07,0.00,89444988.47
2021,Плевен,,,person,1659,26376165.59,5268480.42,2162196.88,0.00,33806842.89
2021,Плевен,,,sole-trader,118,19260690.46,2631716.27,178476.06,0.00,22070882.79
2021,Пловдив,,,legal,824,61021326.06,44851146.43,3659938.59,0.00,109532411.08
2021,Пловдив,,,person,5260,48039591.64,26406959.71,7761526.03,0.00,82208077.38
2021,Пловдив,,,sole-trader,135,10030651.96,2766290.31,2759297.99,0.00,15556240.26
2021,Разград,,,legal,273,31583772.59,12747265.74,365961.26,0.00,44696999.59
2021,Разград,,,person,2159,15571072.61,4063344.81,2587674.33,0.00,22222091.75
2021,Разград,,,sole-trader,62,7231253.63,2021299.47,312457.55,0.00,9565010.65
2021,Русе,,,legal,334,40937201.28,15410775.31,390401.76,0.00,56738378.35
2021,Русе,,,person,1519,17160060.81,6671364.40,1608478.25,0.00,25439903.46
2021,Русе,,,sole-trader,75,8853467.33,2304605.26,88610.27,0.00,11246682.86
2021,Силистра,,,legal,262,32861283.02,14672024.04,1817129.96,0.00,49350437.02
2021,Силистра,,,person,4551,23673823.89,9026619.07,5320751.60,0.00,38021194.56
2021,Силистра,,,sole-trader,78,8780241.18,1480985.50,508870.19,0.00,10770096.87
2021,Сливен,,,legal,326,27116334.05,15928985.46,1489818.88,0.00,44535138.39
2021,Сливен,,,person,2791,34050582.50,15403981.57,4548064.86,0.00,54002628.93
2021,Сливен,,,sole-trader,43,4365645.60,1229501.19,437763.15,0.00,6032909.94
2021,Смолян,,,legal,71,955528.34,14705697.65,108296.49,0.00,15769522.48
2021,Смолян,,,person,3400,5201521.93,4700725.14,2857122.68,0.00,12759369.75
2021,Смолян,,,sole-trader,16,307364.89,184473.07,96885.56,0.00,588723.52
2021,Софийска,,,legal,352,15422949.99,36184248.85,282835.96,0.00,51890034.80
2021,Софийска,,,person,2467,34565649.01,19756359.56,2184897.50,0.00,56506906.07
2021,Софийска,,,sole-trader,45,2683915.95,1191395.45,53381.86,0.00,3928693.26
2021,София-град,,,legal,793,51880317.87,76885826.35,791836.61,0.00,129557980.83
2021,София-град,,,person,1184,15027632.69,8887401.43,890281.69,0.00,24805315.81
2021,София-град,,,sole-trader,61,6727467.07,5863662.06,389419.01,0.00,12980548.14
2021,Стара Загора,,,legal,479,43783735.73,35760164.37,645177.45,0.00,80189077.55
2021,Стара Загора,,,person,2125,29961018.67,12029833.19,3527029.63,0.00,45517881.49
2021,Стара Загора,,,sole-trader,100,10803078.07,2482871.25,1930241.58,0.00,15216190.90
2021,Търговище,,,legal,192,25110161.80,11423946.68,807908.90,0.00,37342017.38
2021,Търговище,,,person,1599,13887488.44,8081802.85,2348476.13,0.00,24317767.42
2021,Търговище,,,sole-trader,47,5780014.38,1398470.46,178842.24,0.00,7357327.08
2021,Хасково,,,legal,383,33056374.15,32805089.97,546420.86,0.00,66407884.98
2021,Хасково,,,person,7877,48807632.06,25458863.98,16266969.91,0.00,90533465.95
2021,Хасково,,,sole-trader,53,4913115.58,1233444.24,502982.93,0.00,6649542.75
2021,Шумен,,,legal,272,29684439.63,24262918.64,1722846.46,0.00,55670204.73
2021,Шумен,,,person,3076,20937637.74,6371243.20,5263407.56,0.00,32572288.50
2021,Шумен,,,sole-trader,32,2391787.86,795274.49,154082.20,0.00,3341144.55
2021,Ямбол,,,legal,326,36218273.45,16766181.09,1212551.14,0.00,54197005.68
2021,Ямбол,,,person,1411,24264839.09,8243117.14,2499278.87,0.00,35007235.10
2021,Ямбол,,,sole-trader,94,11768756.73,5223110.63,960496.51,0.00,17952363.87
2022,Благоевград,,,legal,290,9750436.58,21306158.19,250668.56,0.00,31307263.33
2022,Благоевград,,,person,12095,26764523.19,14032639.43,16025277.86,0.00,56822440.48
2022,Благоевград,,,sole-trader,42,2246958.80,2169687.44,69797.10,0.00,4486443.34
2022,Бургас,,,legal,507,59284568.91,23174964.90,444196.29,0.00,82903730.10
2022,Бургас,,,person,3501,32781401.79,9388537.39,3926175.54,0.00,46096114.72
2022,Бургас,,,sole-trader,78,7335115.10,701815.23,201686.31,0.00,8238616.64
2022,Варна,,,legal,458,45842108.76,21047992.44,320969.28,0.00,67211070.48
2022,Варна,,,person,923,11943017.24,3435072.07,829083.57,0.00,16207172.88
2022,Варна,,,sole-trader,49,8657958.90,1654927.59,97874.76,0.00,10410761.25
2022,Велико Търново,,,legal,397,53926056.09,8862362.58,302063.28,0.00,63090481.95
2022,Велико Търново,,,person,1152,19623983.56,3760043.61,1468699.35,0.00,24852726.52
2022,Велико Търново,,,sole-trader,60,6624811.59,243059.21,56971.46,0.00,6924842.26
2022,Видин,,,legal,111,12122112.18,5126531.01,45371.09,0.00,17294014.28
2022,Видин,,,person,743,15159298.70,1775274.72,255973.09,0.00,17190546.51
2022,Видин,,,sole-trader,11,962796.30,242396.90,0.00,0.00,1205193.20
2022,Враца,,,legal,251,29942015.77,14730124.39,672959.31,0.00,45345099.47
2022,Враца,,,person,1085,20243999.98,3464654.18,1391862.15,0.00,25100516.31
2022,Враца,,,sole-trader,27,3134517.26,78696.60,108821.50,0.00,3322035.36
2022,Габрово,,,legal,68,5952573.58,2688467.77,181650.57,0.00,8822691.92
2022,Габрово,,,person,545,5000973.67,1912290.88,414169.69,0.00,7327434.24
2022,Габрово,,,sole-trader,11,178637.90,18143.57,22543.44,0.00,219324.91
2022,Добрич,,,legal,633,70941609.34,10960968.46,287973.25,0.00,82190551.05
2022,Добрич,,,person,2381,30959042.60,2421234.91,1862399.39,0.00,35242676.90
2022,Добрич,,,sole-trader,138,23428639.10,1166425.84,207698.23,0.00,24802763.17
2022,Кърджали,,,legal,62,1337379.07,6200371.15,110750.66,0.00,7648500.88
2022,Кърджали,,,person,11942,13643120.74,7360124.85,19503851.48,0.00,40507097.07
2022,Кърджали,,,sole-trader,8,94216.38,119864.56,337618.97,0.00,551699.91
2022,Кюстендил,,,legal,98,4117990.42,3699744.79,81980.68,0.00,7899715.89
2022,Кюстендил,,,person,1176,12375470.44,5810608.43,542217.73,0.00,18728296.60
2022,Кюстендил,,,sole-trader,5,350990.22,71031.25,8797.44,0.00,430818.91
2022,Ловеч,,,legal,168,26500269.71,13770410.18,157305.98,0.00,40427985.87
2022,Ловеч,,,person,734,9576428.32,3817640.46,999682.60,0.00,14393751.38
2022,Ловеч,,,sole-trader,27,13944369.66,1476847.43,110327.46,0.00,15531544.55
2022,Монтана,,,legal,197,32556511.33,11060180.40,200507.95,0.00,43817199.68
2022,Монтана,,,person,1095,17557817.36,4102144.13,1214205.70,0.00,22874167.19
2022,Монтана,,,sole-trader,19,1938006.65,4668.44,35006.48,0.00,1977681.57
2022,Пазарджик,,,legal,298,17520062.59,11042192.22,134987.55,0.00,28697242.36
2022,Пазарджик,,,person,2092,16434608.06,5454683.38,1676115.13,0.00,23565406.57
2022,Пазарджик,,,sole-trader,29,1403062.91,592668.49,109631.74,0.00,2105363.14
2022,Перник,,,legal,148,5082613.87,9632820.92,179272.91,0.00,14894707.70
2022,Перник,,,person,1007,15464655.67,7735240.92,265236.37,0.00,23465132.96
2022,Перник,,,sole-trader,14,887871.17,257184.20,7433.67,0.00,1152489.04
2022,Плевен,,,legal,397,54308520.92,9712067.73,255044.72,0.00,64275633.37
2022,Плевен,,,person,1428,23859682.57,2342414.00,1773208.33,0.00,27975304.90
2022,Плевен,,,sole-trader,105,17575270.19,748048.32,141372.96,0.00,18464691.47
2022,Пловдив,,,legal,770,55127235.94,24088634.33,3459094.06,0.00,82674964.33
2022,Пловдив,,,person,4973,44578501.59,12517329.06,5992448.76,0.00,63088279.41
2022,Пловдив,,,sole-trader,130,9189323.55,850182.66,2505345.96,0.00,12544852.17
2022,Разград,,,legal,260,30196104.44,7498946.01,351627.06,0.00,38046677.51
2022,Разград,,,person,2006,14921882.11,2298628.53,2306016.41,0.00,19526527.05
2022,Разград,,,sole-trader,57,6438431.08,371587.40,275793.83,0.00,7085812.31
2022,Русе,,,legal,323,39284264.71,7827372.70,343359.03,0.00,47454996.44
2022,Русе,,,person,1320,15122334.38,3383938.92,1365868.89,0.00,19872142.19
2022,Русе,,,sole-trader,68,8066899.90,546430.36,62924.12,0.00,8676254.38
2022,Силистра,,,legal,264,31901472.07,5650731.51,491529.83,0.00,38043733.41
2022,Силистра,,,person,4294,21430607.85,5555118.79,4392301.14,0.00,31378027.78
2022,Силистра,,,sole-trader,66,8131184.70,1792370.52,166317.35,0.00,10089872.57
2022,Сливен,,,legal,306,26363488.00,6783951.29,578098.18,0.00,33725537.47
2022,Сливен,,,person,2597,31446507.44,8871654.68,2738180.87,0.00,43056342.99
2022,Сливен,,,sole-trader,39,3999655.07,482066.11,346274.25,0.00,4827995.43
2022,Смолян,,,legal,61,1037645.34,15882619.76,70698.05,0.00,16990963.15
2022,Смолян,,,person,3178,4674233.47,3711700.74,2476650.19,0.00,10862584.40
2022,Смолян,,,sole-trader,18,331559.01,158255.32,83127.04,0.00,572941.37
2022,Софийска,,,legal,350,13021533.40,23805169.00,157336.22,0.00,36984038.62
2022,Софийска,,,person,2428,33045147.58,16994087.82,1425950.60,0.00,51465186.00
2022,Софийска,,,sole-trader,44,2487328.43,1106284.91,42057.41,0.00,3635670.75
2022,София-град,,,legal,761,48366970.32,50793024.63,563220.80,0.00,99723215.75
2022,София-град,,,person,1112,13653673.19,6256067.18,631515.45,0.00,20541255.82
2022,София-град,,,sole-trader,55,6233674.48,4130617.88,365204.18,0.00,10729496.54
2022,Стара Загора,,,legal,457,38787625.95,19344669.13,426813.40,0.00,58559108.48
2022,Стара Загора,,,person,1955,27817839.44,6031341.78,2847074.96,0.00,36696256.18
2022,Стара Загора,,,sole-trader,90,9189956.40,1032073.44,1801306.26,0.00,12023336.10
2022,Търговище,,,legal,181,24833490.98,4420918.48,650227.51,0.00,29904636.97
2022,Търговище,,,person,1411,12413380.29,3864047.12,1582616.82,0.00,17860044.23
2022,Търговище,,,sole-trader,45,5841059.18,413427.57,194879.13,0.00,6449365.88
2022,Хасково,,,legal,374,29107554.11,14748116.45,474507.73,0.00,44330178.29
2022,Хасково,,,person,7587,45354301.36,17011152.13,14551068.51,0.00,76916522.00
2022,Хасково,,,sole-trader,52,4522396.78,700485.28,489764.52,0.00,5712646.58
2022,Шумен,,,legal,260,27571798.89,13467521.36,575521.55,0.00,41614841.80
2022,Шумен,,,person,2888,19338308.62,3601400.35,4078950.52,0.00,27018659.49
2022,Шумен,,,sole-trader,30,2251934.02,936870.43,60566.48,0.00,3249370.93
2022,Ямбол,,,legal,329,34717176.23,9472727.49,377813.75,0.00,44567717.47
2022,Ямбол,,,person,1224,21854656.33,3685634.40,1544559.50,0.00,27084850.23
2022,Ямбол,,,sole-trader,89,10781135.30,2502661.94,579369.86,0.00,13863167.10
2023,Благоевград,,,legal,306,7938695.78,11160076.67,254126.65,0.00,19352899.10
2023,Благоевград,,,person,11843,27842827.91,14483562.17,15865701.03,0.00,58192091.11
2023,Благоевград,,,sole-trader,39,1149303.03,572632.38,67571.82,0.00,1789507.23
2023,Бургас,,,legal,502,56332412.84,19605853.78,456614.37,0.00,76394880.99
2023,Бургас,,,person,3413,32674927.33,10089303.09,3848865.02,0.00,46613095.44
2023,Бургас,,,sole-trader,75,8685603.61,1854098.77,195203.09,0.00,10734905.47
2023,Варна,,,legal,437,45024330.49,13678296.32,335247.82,0.00,59037874.63
2023,Варна,,,person,885,11712460.49,4922564.25,855307.52,0.00,17490332.26
2023,Варна,,,sole-trader,48,8435033.74,1749784.96,170344.29,0.00,10355162.99
2023,Велико Търново,,,legal,400,52951656.69,14519525.09,280363.77,0.00,67751545.55
2023,Велико Търново,,,person,1122,19663164.75,4777890.50,1406227.95,0.00,25847283.20
2023,Велико Търново,,,sole-trader,64,6293015.25,393551.43,59615.67,0.00,6746182.35
2023,Видин,,,legal,111,11971057.59,2042269.48,49804.98,0.00,14063132.05
2023,Видин,,,person,700,14765902.12,1740800.35,201910.19,0.00,16708612.66
2023,Видин,,,sole-trader,10,861213.25,29420.38,0.00,0.00,890633.63
2023,Враца,,,legal,262,29387651.52,14290687.23,678273.03,0.00,44356611.78
2023,Враца,,,person,1054,20805164.41,3741155.50,1370377.68,0.00,25916697.59
2023,Враца,,,sole-trader,26,2829833.70,76303.96,110139.68,0.00,3016277.34
2023,Габрово,,,legal,80,6274860.52,6098039.64,184299.26,0.00,12557199.42
2023,Габрово,,,person,525,4846883.46,2007230.60,367776.46,0.00,7221890.52
2023,Габрово,,,sole-trader,9,165441.50,11713.49,23686.11,0.00,200841.10
2023,Добрич,,,legal,637,71363629.71,11992457.46,303147.61,0.00,83659234.78
2023,Добрич,,,person,2236,30639356.23,3372449.53,1796651.88,0.00,35808457.64
2023,Добрич,,,sole-trader,135,22935449.41,1660430.62,202580.31,0.00,24798460.34
2023,Кърджали,,,legal,65,1318433.85,4686290.41,96910.07,0.00,6101634.33
2023,Кърджали,,,person,11776,13673280.48,7497842.01,19107677.32,0.00,40278799.81
2023,Кърджали,,,sole-trader,9,112690.05,143637.74,364503.54,0.00,620831.33
2023,Кюстендил,,,legal,106,4025162.44,4676290.54,86452.35,0.00,8787905.33
2023,Кюстендил,,,person,1130,12700386.16,5794721.13,572946.22,0.00,19068053.51
2023,Кюстендил,,,sole-trader,6,392391.21,51601.72,9243.36,0.00,453236.29
2023,Ловеч,,,legal,178,27159930.15,9210744.21,157456.35,0.00,36528130.71
2023,Ловеч,,,person,697,9508752.16,4283112.97,904094.64,0.00,14695959.77
2023,Ловеч,,,sole-trader,26,15084658.26,1588379.44,106688.37,0.00,16779726.07
2023,Монтана,,,legal,197,31106821.87,5570870.91,168251.84,0.00,36845944.62
2023,Монтана,,,person,1044,16960900.21,4208853.95,1137471.54,0.00,22307225.70
2023,Монтана,,,sole-trader,20,1947317.88,19318.08,36780.87,0.00,2003416.83
2023,Пазарджик,,,legal,310,17644069.05,13916062.75,135753.78,0.00,31695885.58
2023,Пазарджик,,,person,2004,16008488.80,6491646.31,1554936.62,0.00,24055071.73
2023,Пазарджик,,,sole-trader,32,1640659.03,1922375.90,123431.26,0.00,3686466.19
2023,Перник,,,legal,153,5514240.80,5854242.80,187739.15,0.00,11556222.75
2023,Перник,,,person,974,15465641.06,8009683.07,264779.62,0.00,23740103.75
2023,Перник,,,sole-trader,15,853222.56,346733.46,6735.48,0.00,1206691.50
2023,Плевен,,,legal,414,55648976.47,7637944.69,231973.82,0.00,63518894.98
2023,Плевен,,,person,1334,23233614.47,3278383.51,1638060.92,0.00,28150058.90
2023,Плевен,,,sole-trader,99,16998619.32,2340566.17,148552.59,0.00,19487738.08
2023,Пловдив,,,legal,778,54739068.90,25911153.30,3473572.59,0.00,84123794.79
2023,Пловдив,,,person,4827,45489890.81,13039418.50,5769581.26,0.00,64298890.57
2023,Пловдив,,,sole-trader,133,9038154.67,1645582.43,2697218.69,0.00,13380955.79
2023,Разград,,,legal,264,31181790.87,4975675.51,375514.80,0.00,36532981.18
2023,Разград,,,person,1943,14112579.57,3757921.07,2192528.07,0.00,20063028.71
2023,Разград,,,sole-trader,55,6463577.56,1053000.82,301573.50,0.00,7818151.88
2023,Русе,,,legal,335,39240840.21,9131155.28,358205.01,0.00,48730200.50
2023,Русе,,,person,1283,15131513.27,4808764.39,1270469.28,0.00,21210746.94
2023,Русе,,,sole-trader,67,7868745.08,118961.53,61189.98,0.00,8048896.59
2023,Силистра,,,legal,274,33032178.01,5849594.73,490082.86,0.00,39371855.60
2023,Силистра,,,person,4170,21111076.50,6001410.01,4321199.30,0.00,31433685.81
2023,Силистра,,,sole-trader,62,7563490.61,1886298.93,158669.16,0.00,9608458.70
2023,Сливен,,,legal,304,26743041.25,7097741.29,604709.34,0.00,34445491.88
2023,Сливен,,,person,2535,31363353.51,9894700.88,2667238.80,0.00,43925293.19
2023,Сливен,,,sole-trader,36,3800791.90,671596.84,330737.73,0.00,4803126.47
2023,Смолян,,,legal,71,1092767.57,4545399.81,98419.75,0.00,5736587.13
2023,Смолян,,,person,3096,4644204.89,3766748.92,2411523.86,0.00,10822477.67
2023,Смолян,,,sole-trader,18,316501.10,240813.12,73147.03,0.00,630461.25
2023,Софийска,,,legal,353,13888521.08,24452287.19,89010.99,0.00,38429819.26
2023,Софийска,,,person,2343,32513416.69,18418436.76,1217363.62,0.00,52149217.07
2023,Софийска,,,sole-trader,40,2108334.63,558667.16,38483.42,0.00,2705485.21
2023,София-град,,,legal,743,46108237.40,59591952.42,474197.41,0.00,106174387.23
2023,София-град,,,person,1094,14183825.66,6987867.09,550629.42,0.00,21722322.17
2023,София-град,,,sole-trader,50,6613274.24,3881352.78,363807.80,0.00,10858434.82
2023,Стара Загора,,,legal,469,39158454.86,14472222.33,599022.81,0.00,54229700.00
2023,Стара Загора,,,person,1925,28041205.95,7956256.68,2675193.29,0.00,38672655.92
2023,Стара Загора,,,sole-trader,87,9187136.74,612756.49,1905426.63,0.00,11705319.86
2023,Търговище,,,legal,181,23595387.64,6509879.63,703833.70,0.00,30809100.97
2023,Търговище,,,person,1344,13034388.33,4440220.00,1486222.69,0.00,18960831.02
2023,Търговище,,,sole-trader,41,4944962.40,592099.61,204568.23,0.00,5741630.24
2023,Хасково,,,legal,375,28531859.78,14175717.67,398914.75,0.00,43106492.20
2023,Хасково,,,person,7444,44970091.81,18199762.57,14035299.15,0.00,77205153.53
2023,Хасково,,,sole-trader,51,4655627.25,692057.68,488711.46,0.00,5836396.39
2023,Шумен,,,legal,264,27934081.06,3463340.85,556063.27,0.00,31953485.18
2023,Шумен,,,person,2787,19167649.13,3688041.99,3910813.26,0.00,26766504.38
2023,Шумен,,,sole-trader,28,2180072.62,60599.56,52946.60,0.00,2293618.78
2023,Ямбол,,,legal,329,33119220.84,7304870.74,291370.16,0.00,40715461.74
2023,Ямбол,,,person,1152,21804383.20,4589741.78,1427418.29,0.00,27821543.27
2023,Ямбол,,,sole-trader,85,10346224.30,1590576.44,549852.39,0.00,12486653.13
2024,Благоевград,Банско,5101,legal,13,312630.95,537377.99,382161.87,0.00,1232170.81
2024,Благоевград,Банско,5101,person,95,1360604.93,734720.75,1021327.14,0.00,3116652.82
2024,Благоевград,Банско,5101,sole-trader,1,11168.61,3561.43,8306.32,0.00,23036.36
2024,Благоевград,Белица,5102,legal,4,175418.51,5093178.19,42280.22,0.00,5310876.92
2024,Благоевград,Белица,5102,person,98,695512.18,702842.43,607929.44,0.00,2006284.05
2024,Благоевград,Благоевград,5103,legal,43,2546671.74,743797.85,1107826.34,0.00,4398295.93
2024,Благоевград,Благоевград,5103,person,294,4115500.28,2450601.18,2390510.58,0.00,8956612.04
2024,Благоевград,Благоевград,5103,sole-trader,8,327719.27,111024.82,112959.63,0.00,551703.72
2024,Благоевград,Гоце Делчев,5104,legal,24,457158.39,1041001.10,744142.22,0.00,2242301.71
2024,Благоевград,Гоце Делчев,5104,person,217,1236387.27,815877.73,2213222.60,0.00,4265487.60
2024,Благоевград,Гоце Делчев,5104,sole-trader,5,37008.43,90286.60,61694.22,0.00,188989.25
2024,Благоевград,Гърмен,5105,legal,9,154699.11,304001.11,175720.89,0.00,634421.11
2024,Благоевград,Гърмен,5105,person,493,891230.35,326747.54,3339164.92,0.00,4557142.81
2024,Благоевград,Гърмен,5105,sole-trader,3,129233.75,57946.52,154464.42,0.00,341644.69
2024,Благоевград,Кресна,5106,legal,16,164113.71,2679252.94,286872.57,0.00,3130239.22
2024,Благоевград,Кресна,5106,person,82,873280.29,575021.96,733101.21,0.00,2181403.46
2024,Благоевград,Кресна,5106,sole-trader,2,42083.09,12266.88,44526.20,0.00,98876.17
2024,Благоевград,Петрич,5107,legal,48,1388267.63,1946226.87,640595.29,0.00,3975089.79
2024,Благоевград,Петрич,5107,person,624,5278000.49,1787970.59,5297260.29,0.00,12363231.37
2024,Благоевград,Петрич,5107,sole-trader,3,169092.30,317689.22,210812.52,0.00,697594.04
2024,Благоевград,Разлог,5108,legal,22,365330.73,3307351.68,156594.29,0.00,3829276.70
2024,Благоевград,Разлог,5108,person,149,2189874.02,1479637.06,1614249.57,0.00,5283760.65
2024,Благоевград,Разлог,5108,sole-trader,1,14632.05,6882.07,6213.98,0.00,27728.10
2024,Благоевград,Сандански,5109,legal,40,1225870.67,649730.97,1120721.46,0.00,2996323.10
2024,Благоевград,Сандански,5109,person,381,6363480.95,3408342.31,5248840.47,0.00,15020663.73
2024,Благоевград,Сандански,5109,sole-trader,9,200985.28,31907.44,142784.76,0.00,375677.48
2024,Благоевград,Сатовча,5110,legal,6,34990.97,4444175.48,36102.38,0.00,4515268.83
2024,Благоевград,Сатовча,5110,person,723,748102.34,665838.26,4517049.81,0.00,5930990.41
2024,Благоевград,Сатовча,5110,sole-trader,1,12972.74,14847.79,17564.37,0.00,45384.90
2024,Благоевград,Симитли,5111,legal,9,2573685.11,2579059.25,816106.70,0.00,5968851.06
2024,Благоевград,Симитли,5111,person,286,1459599.30,1091838.43,2071647.06,0.00,4623084.79
2024,Благоевград,Симитли,5111,sole-trader,3,89182.95,30226.91,94699.87,0.00,214109.73
2024,Благоевград,Струмяни,5112,legal,4,132822.25,49690.11,51094.68,0.00,233607.04
2024,Благоевград,Струмяни,5112,person,101,788756.30,396630.46,689263.92,0.00,1874650.68
2024,Благоевград,Хаджидимово,5113,legal,11,557555.67,1344900.14,475901.24,0.00,2378357.05
2024,Благоевград,Хаджидимово,5113,person,403,1237740.54,625926.24,2489725.86,0.00,4353392.64
2024,Благоевград,Якоруда,5114,legal,2,87654.98,1273774.70,126616.79,0.00,1488046.47
2024,Благоевград,Якоруда,5114,person,147,1119730.83,868601.36,1100245.09,0.00,3088577.28
2024,Бургас,Айтос,5201,legal,46,5594193.77,1449274.82,2623177.97,0.00,9666646.56
2024,Бургас,Айтос,5201,person,449,4957532.94,1700456.18,4843666.87,0.00,11501655.99
2024,Бургас,Айтос,5201,sole-trader,3,273368.66,57816.26,95149.94,0.00,426334.86
2024,Бургас,Бургас,5202,legal,171,24427005.02,4703151.59,7384134.00,0.00,36514290.61
2024,Бургас,Бургас,5202,person,422,7609717.62,2913637.37,4146280.12,0.00,14669635.11
2024,Бургас,Бургас,5202,sole-trader,17,2890992.78,616525.28,815519.22,0.00,4323037.28
2024,Бургас,Камено,5203,legal,24,4215409.02,3176453.58,1256814.17,0.00,8648676.77
2024,Бургас,Камено,5203,person,68,3030199.12,545390.06,1596846.11,0.00,5172435.29
2024,Бургас,Камено,5203,sole-trader,2,297570.39,0.00,163273.77,0.00,460844.16
2024,Бургас,Карнобат,5204,legal,64,13842909.97,6110101.74,4394989.60,0.00,24348001.31
2024,Бургас,Карнобат,5204,person,214,2809361.06,1027659.89,2531539.80,0.00,6368560.75
2024,Бургас,Карнобат,5204,sole-trader,20,2599624.30,627529.65,1242194.30,0.00,4469348.25
2024,Бургас,Малко Търново,5205,legal,6,170566.87,334598.22,87882.32,0.00,593047.41
2024,Бургас,Малко Търново,5205,person,26,302176.18,262040.07,124336.96,0.00,688553.21
2024,Бургас,Несебър,5206,legal,18,2841083.88,2535361.29,1122507.23,0.00,6498952.40
2024,Бургас,Несебър,5206,person,76,1037213.92,372187.27,871611.83,0.00,2281013.02
2024,Бургас,Несебър,5206,sole-trader,1,48222.79,432.43,25363.07,0.00,74018.29
2024,Бургас,Поморие,5207,legal,46,6283762.33,4028322.31,2289483.13,0.00,12601567.77
2024,Бургас,Поморие,5207,person,177,2076868.84,743626.05,1561700.26,0.00,4382195.15
2024,Бургас,Поморие,5207,sole-trader,5,71550.91,54143.51,111048.60,0.00,236743.02
2024,Бургас,Приморско,5208,legal,3,17172.23,80853.16,897.04,0.00,98922.43
2024,Бургас,Приморско,5208,person,33,550843.96,357716.01,296505.03,0.00,1205065.00
2024,Бургас,Руен,5209,legal,17,1963746.84,874561.55,466787.60,0.00,3305095.99
2024,Бургас,Руен,5209,person,358,3556966.44,1459613.40,2915010.90,0.00,7931590.74
2024,Бургас,Руен,5209,sole-trader,5,303379.70,152.79,298011.89,0.00,601544.38
2024,Бургас,Созопол,5210,legal,7,357749.12,67732.32,367059.95,0.00,792541.39
2024,Бургас,Созопол,5210,person,36,527760.90,18220.64,712313.09,0.00,1258294.63
2024,Бургас,Созопол,5210,sole-trader,1,2963.97,0.00,6908.81,0.00,9872.78
2024,Бургас,Средец,5211,legal,32,3488635.55,1250304.86,701220.52,0.00,5440160.93
2024,Бургас,Средец,5211,person,132,4499083.24,1702747.75,1865421.02,0.00,8067252.01
2024,Бургас,Средец,5211,sole-trader,4,492645.07,37420.68,117490.62,0.00,647556.37
2024,Бургас,Сунгурларе,5212,legal,20,4036943.89,644997.85,707307.27,0.00,5389249.01
2024,Бургас,Сунгурларе,5212,person,244,2514442.51,754642.48,2435878.43,0.00,5704963.42
2024,Бургас,Сунгурларе,5212,sole-trader,5,431197.03,772371.43,302133.31,0.00,1505701.77
2024,Бургас,Царево,5213,legal,12,322506.61,340284.27,87870.12,0.00,750661.00
2024,Бургас,Царево,5213,person,46,364081.73,225290.35,333326.84,0.00,922698.92
2024,Варна,Аврен,5301,legal,14,1847087.02,2131268.39,651156.68,0.00,4629512.09
2024,Варна,Аврен,5301,person,39,679438.34,283246.69,589524.91,0.00,1552209.94
2024,Варна,Аксаково,5302,legal,15,1236870.56,1859944.83,420620.52,0.00,3517435.91
2024,Варна,Аксаково,5302,person,30,385942.88,125889.79,431498.77,0.00,943331.44
2024,Варна,Аксаково,5302,sole-trader,2,84883.00,424095.22,115151.22,0.00,624129.44
2024,Варна,Белослав,5303,legal,5,239786.35,1640990.63,206165.14,0.00,2086942.12
2024,Варна,Белослав,5303,person,23,222016.58,99530.98,320512.73,0.00,642060.29
2024,Варна,Бяла,5304,legal,3,10338.64,140072.38,1018.82,0.00,151429.84
2024,Варна,Бяла,5304,person,5,10953.47,11473.04,26245.50,0.00,48672.01
2024,Варна,Варна,5305,legal,228,26181764.91,10097233.28,8586366.18,0.00,44865364.37
2024,Варна,Варна,5305,person,329,4197487.92,2486904.39,2622417.83,0.00,9306810.14
2024,Варна,Варна,5305,sole-trader,22,3845332.58,805790.35,1028383.52,0.00,5679506.45
2024,Варна,Ветрино,5306,legal,17,3326485.48,2537408.79,1010201.80,0.00,6874096.07
2024,Варна,Ветрино,5306,person,37,525390.64,45414.33,401424.99,0.00,972229.96
2024,Варна,Ветрино,5306,sole-trader,3,594841.40,3182.09,290148.00,0.00,888171.49
2024,Варна,Вълчи дол,5307,legal,23,6868716.67,2276917.31,2179280.95,0.00,11324914.93
2024,Варна,Вълчи дол,5307,person,104,1973028.37,427412.66,1285242.26,0.00,3685683.29
2024,Варна,Вълчи дол,5307,sole-trader,4,816290.99,94683.73,241750.00,0.00,1152724.72
2024,Варна,Девня,5308,legal,10,801918.28,691825.32,355163.97,0.00,1848907.57
2024,Варна,Девня,5308,person,15,242325.72,24074.92,115389.32,0.00,381789.96
2024,Варна,Девня,5308,sole-trader,2,167045.93,0.00,44547.42,0.00,211593.35
2024,Варна,Долни чифлик,5309,legal,19,1570934.13,1050219.99,791584.94,0.00,3412739.06
2024,Варна,Долни чифлик,5309,person,75,671267.07,402434.56,661667.39,0.00,1735369.02
2024,Варна,Долни чифлик,5309,sole-trader,1,253118.77,0.00,38699.67,0.00,291818.44
2024,Варна,Дългопол,5310,legal,20,1874575.13,1166230.12,687928.98,0.00,3728734.23
2024,Варна,Дългопол,5310,person,31,166379.34,160231.56,303362.11,0.00,629973.01
2024,Варна,Дългопол,5310,sole-trader,1,4533.89,3142.27,1689.60,0.00,9365.76
2024,Варна,Провадия,5311,legal,26,2955324.55,1302561.37,1408354.95,0.00,5666240.87
2024,Варна,Провадия,5311,person,78,1204965.44,541420.95,847923.28,0.00,2594309.67
2024,Варна,Провадия,5311,sole-trader,14,2533833.92,969435.40,1093949.50,0.00,4597218.82
2024,Варна,Суворово,5312,legal,10,2277293.89,0.00,694480.12,0.00,2971774.01
2024,Варна,Суворово,5312,person,25,601476.55,226515.80,385333.08,0.00,1213325.43
2024,Велико Търново,Велико Търново,5401,legal,81,14334563.37,2575231.10,3315224.61,0.00,20225019.08
2024,Велико Търново,Велико Търново,5401,person,176,2536722.43,1192171.16,1486998.86,0.00,5215892.45
2024,Велико Търново,Велико Търново,5401,sole-trader,6,1564978.95,346.78,290257.00,0.00,1855582.73
2024,Велико Търново,Горна Оряховица,5402,legal,48,6598030.34,1108245.88,1903228.76,0.00,9609504.98
2024,Велико Търново,Горна Оряховица,5402,person,110,2045991.66,305200.40,1148458.25,0.00,3499650.31
2024,Велико Търново,Горна Оряховица,5402,sole-trader,6,566164.80,5010.76,181180.26,0.00,752355.82
2024,Велико Търново,Елена,5403,legal,23,276449.97,2023934.82,86695.44,0.00,2387080.23
2024,Велико Търново,Елена,5403,person,178,1884466.53,1354934.36,745335.12,0.00,3984736.01
2024,Велико Търново,Елена,5403,sole-trader,2,11330.66,17212.02,8606.20,0.00,37148.88
2024,Велико Търново,Златарица,5404,legal,7,115147.93,172477.66,43362.84,0.00,330988.43
2024,Велико Търново,Златарица,5404,person,67,1225072.53,294526.12,559732.74,0.00,2079331.39
2024,Велико Търново,Лясковец,5405,legal,18,2367979.88,1158200.58,627076.80,0.00,4153257.26
2024,Велико Търново,Лясковец,5405,person,49,1316858.77,383339.26,967185.46,0.00,2667383.49
2024,Велико Търново,Лясковец,5405,sole-trader,4,300108.27,17308.88,210995.27,0.00,528412.42
2024,Велико Търново,Павликени,5406,legal,74,11722959.69,3598134.36,3496376.61,0.00,18817470.66
2024,Велико Търново,Павликени,5406,person,126,1533671.93,237098.48,997633.59,0.00,2768404.00
2024,Велико Търново,Павликени,5406,sole-trader,17,2226783.22,234843.93,630984.05,0.00,3092611.20
2024,Велико Търново,Полски Тръмбеш,5407,legal,34,3589947.24,1286850.37,1180619.35,0.00,6057416.96
2024,Велико Търново,Полски Тръмбеш,5407,person,103,2483155.94,1798173.74,1368798.02,0.00,5650127.70
2024,Велико Търново,Полски Тръмбеш,5407,sole-trader,3,151478.82,0.00,93230.24,0.00,244709.06
2024,Велико Търново,Свищов,5408,legal,64,19635885.68,4592793.11,3757047.86,0.00,27985726.65
2024,Велико Търново,Свищов,5408,person,147,3487161.22,1032079.09,1830370.51,0.00,6349610.82
2024,Велико Търново,Свищов,5408,sole-trader,2,328332.93,0.00,62610.23,0.00,390943.16
2024,Велико Търново,Стражица,5409,legal,18,2397088.25,1878998.16,835219.47,0.00,5111305.88
2024,Велико Търново,Стражица,5409,person,80,858719.01,314379.30,596460.59,0.00,1769558.90
2024,Велико Търново,Стражица,5409,sole-trader,6,1387165.75,0.00,309609.67,0.00,1696775.42
2024,Велико Търново,Сухиндол,5410,legal,7,357151.52,1574309.55,284852.72,0.00,2216313.79
2024,Велико Търново,Сухиндол,5410,person,18,431657.07,69466.37,182106.66,0.00,683230.10
2024,Велико Търново,Сухиндол,5410,sole-trader,3,48130.28,3704.29,27077.87,0.00,78912.44
2024,Видин,Белоградчик,5501,legal,12,228140.66,1366758.49,138811.82,0.00,1733710.97
2024,Видин,Белоградчик,5501,person,67,1146004.96,509235.15,226153.13,0.00,1881393.24
2024,Видин,Бойница,5502,person,1,16154.08,0.00,6056.00,0.00,22210.08
2024,Видин,Брегово,5503,legal,10,682138.26,0.00,244026.71,0.00,926164.97
2024,Видин,Брегово,5503,person,48,1180283.92,24447.50,436214.87,0.00,1640946.29
2024,Видин,Видин,5504,legal,51,6194267.71,1591697.75,2144824.49,0.00,9930789.95
2024,Видин,Видин,5504,person,287,7004770.01,788006.43,2520514.73,0.00,10313291.17
2024,Видин,Видин,5504,sole-trader,3,102930.55,7746.87,53614.72,0.00,164292.14
2024,Видин,Грамада,5505,legal,2,242899.84,0.00,112289.26,0.00,355189.10
2024,Видин,Грамада,5505,person,10,164986.44,0.00,77227.61,0.00,242214.05
2024,Видин,Димово,5506,legal,12,1287912.82,1511919.49,443383.63,0.00,3243215.94
2024,Видин,Димово,5506,person,26,1046932.11,0.00,555662.45,0.00,1602594.56
2024,Видин,Димово,5506,sole-trader,3,297767.19,63663.59,113976.44,0.00,475407.22
2024,Видин,Кула,5507,legal,9,2427765.02,361509.24,710997.82,0.00,3500272.08
2024,Видин,Кула,5507,person,28,444853.07,35297.41,279230.91,0.00,759381.39
2024,Видин,Макреш,5508,person,14,854107.07,63327.13,346763.09,0.00,1264197.29
2024,Видин,Макреш,5508,sole-trader,2,311345.74,19899.86,142657.60,0.00,473903.20
2024,Видин,Ново село,5509,legal,3,1299131.40,0.00,287658.11,0.00,1586789.51
2024,Видин,Ново село,5509,person,40,885535.67,83383.73,529323.36,0.00,1498242.76
2024,Видин,Ново село,5509,sole-trader,1,122270.56,0.00,23347.64,0.00,145618.20
2024,Видин,Ружинци,5510,legal,1,25087.98,18820.27,0.00,0.00,43908.25
2024,Видин,Ружинци,5510,person,29,630162.62,57402.24,324233.50,0.00,1011798.36
2024,Видин,Чупрене,5511,legal,6,114735.70,196233.25,35878.99,0.00,346847.94
2024,Видин,Чупрене,5511,person,26,273186.16,216949.80,62616.05,0.00,552752.01
2024,Враца,Борован,5601,legal,13,1089951.96,1579786.87,405415.13,0.00,3075153.96
2024,Враца,Борован,5601,person,44,799457.92,38814.09,757681.36,0.00,1595953.37
2024,Враца,Бяла Слатина,5602,legal,45,5028796.55,626698.76,3267295.84,0.00,8922791.15
2024,Враца,Бяла Слатина,5602,person,184,3393401.70,1107538.02,2803415.47,0.00,7304355.19
2024,Враца,Бяла Слатина,5602,sole-trader,4,507046.85,0.00,308800.15,0.00,815847.00
2024,Враца,Враца,5603,legal,86,7622441.12,1954209.14,2946279.21,0.00,12522929.47
2024,Враца,Враца,5603,person,309,6948044.22,1591365.72,3463302.53,0.00,12002712.47
2024,Враца,Враца,5603,sole-trader,9,1155506.77,161842.75,484974.69,0.00,1802324.21
2024,Враца,Козлодуй,5605,legal,14,1584495.15,476715.09,602826.84,0.00,2664037.08
2024,Враца,Козлодуй,5605,person,70,1413335.29,371628.91,915628.64,0.00,2700592.84
2024,Враца,Козлодуй,5605,sole-trader,4,104588.34,22065.31,180947.43,0.00,307601.08
2024,Враца,Криводол,5606,legal,10,2372313.69,1606976.18,447000.49,0.00,4426290.36
2024,Враца,Криводол,5606,person,51,1334372.59,137529.81,736427.80,0.00,2208330.20
2024,Враца,Мездра,5607,legal,11,296072.42,1674072.79,124486.14,0.00,2094631.35
2024,Враца,Мездра,5607,person,92,2461194.51,933865.97,1061156.22,0.00,4456216.70
2024,Враца,Мизия,5608,legal,27,2552449.78,981999.20,1328797.78,0.00,4863246.76
2024,Враца,Мизия,5608,person,37,906492.30,201757.72,438135.72,0.00,1546385.74
2024,Враца,Мизия,5608,sole-trader,3,90938.02,0.00,65353.44,0.00,156291.46
2024,Враца,Оряхово,5609,legal,16,2066918.46,1302346.45,785385.28,0.00,4154650.19
2024,Враца,Оряхово,5609,person,28,693089.41,82168.11,387397.32,0.00,1162654.84
2024,Враца,Роман,5610,legal,10,1237888.48,1276894.04,374871.80,0.00,2889654.32
2024,Враца,Роман,5610,person,66,956660.45,478041.33,722507.86,0.00,2157209.64
2024,Враца,Хайредин,5611,legal,11,1130582.12,133316.06,559685.01,0.00,1823583.19
2024,Враца,Хайредин,5611,person,56,1055275.45,91229.31,637808.46,0.00,1784313.22
2024,Габрово,Габрово,5701,legal,25,904528.66,3825508.47,665854.34,0.00,5395891.47
2024,Габрово,Габрово,5701,person,223,1651344.27,1084080.37,636518.97,0.00,3371943.61
2024,Габрово,Габрово,5701,sole-trader,3,38476.45,1380.48,17851.70,0.00,57708.63
2024,Габрово,Дряново,5702,legal,6,621021.48,2938752.07,1275361.10,0.00,4835134.65
2024,Габрово,Дряново,5702,person,38,558685.34,328978.62,266190.54,0.00,1153854.50
2024,Габрово,Дряново,5702,sole-trader,1,17664.16,13126.51,0.00,0.00,30790.67
2024,Габрово,Севлиево,5703,legal,34,4396935.60,1044899.77,1398947.96,0.00,6840783.33
2024,Габрово,Севлиево,5703,person,140,1615940.97,525910.99,889911.55,0.00,3031763.51
2024,Габрово,Севлиево,5703,sole-trader,2,63669.52,0.00,40489.18,0.00,104158.70
2024,Габрово,Трявна,5704,legal,5,506857.49,2215172.54,82565.76,0.00,2804595.79
2024,Габрово,Трявна,5704,person,69,583454.51,454126.23,120119.16,0.00,1157699.90
2024,Добрич,Балчик,5801,legal,43,9058697.51,2115755.14,2804762.65,0.00,13979215.30
2024,Добрич,Балчик,5801,person,57,769197.62,287167.25,693672.96,0.00,1750037.83
2024,Добрич,Балчик,5801,sole-trader,10,1180040.21,0.00,492776.43,0.00,1672816.64
2024,Добрич,Генерал Тошево,5802,legal,93,9232963.83,2968192.29,3458595.17,0.00,15659751.29
2024,Добрич,Генерал Тошево,5802,person,262,3233005.64,280899.20,1757784.66,0.00,5271689.50
2024,Добрич,Генерал Тошево,5802,sole-trader,26,4646952.96,100073.75,1802087.86,0.00,6549114.57
2024,Добрич,Добрич,5803,legal,260,26440647.11,5254387.88,9201203.80,0.00,40896238.79
2024,Добрич,Добрич,5803,person,603,10325154.87,2997521.34,4968858.90,0.00,18291535.11
2024,Добрич,Добрич,5803,sole-trader,45,10047087.92,918467.90,2524471.10,0.00,13490026.92
2024,Добрич,Добричка,5804,legal,76,12828999.17,571780.87,4109196.52,0.00,17509976.56
2024,Добрич,Добричка,5804,person,178,3987821.36,563744.49,3182126.46,0.00,7733692.31
2024,Добрич,Добричка,5804,sole-trader,9,981346.73,273659.32,405957.84,0.00,1660963.89
2024,Добрич,Каварна,5805,legal,60,9888918.94,1444028.34,3074707.64,0.00,14407654.92
2024,Добрич,Каварна,5805,person,188,3008799.17,348430.64,2420430.88,0.00,5777660.69
2024,Добрич,Каварна,5805,sole-trader,13,2173790.73,203361.74,706203.10,0.00,3083355.57
2024,Добрич,Крушари,5806,legal,18,2617872.51,638140.69,690338.59,0.00,3946351.79
2024,Добрич,Крушари,5806,person,96,2108374.21,175177.52,1101281.49,0.00,3384833.22
2024,Добрич,Крушари,5806,sole-trader,3,1584014.35,310.78,208571.94,0.00,1792897.07
2024,Добрич,Тервел,5807,legal,35,3518534.56,1708765.48,1200540.87,0.00,6427840.91
2024,Добрич,Тервел,5807,person,290,5103106.87,446561.14,2649495.53,0.00,8199163.54
2024,Добрич,Тервел,5807,sole-trader,7,603023.37,22625.42,185875.76,0.00,811524.55
2024,Добрич,Шабла,5808,legal,26,3622372.86,533716.89,1442691.50,0.00,5598781.25
2024,Добрич,Шабла,5808,person,72,1018106.67,56784.56,691042.03,0.00,1765933.26
2024,Добрич,Шабла,5808,sole-trader,6,1181352.46,539221.23,491233.37,0.00,2211807.06
2024,Кърджали,Ардино,5901,legal,6,41333.74,3562131.28,376442.90,0.00,3979907.92
2024,Кърджали,Ардино,5901,person,118,751592.54,578602.62,1109903.30,0.00,2440098.46
2024,Кърджали,Ардино,5901,sole-trader,2,26064.47,558.89,700219.78,0.00,726843.14
2024,Кърджали,Джебел,5902,legal,3,48056.54,666024.75,149251.88,0.00,863333.17
2024,Кърджали,Джебел,5902,person,127,813410.76,387660.76,1260742.38,0.00,2461813.90
2024,Кърджали,Кирково,5903,legal,4,9323.41,3465.56,5317.44,0.00,18106.41
2024,Кърджали,Кирково,5903,person,779,1158859.43,368523.09,4981467.50,0.00,6508850.02
2024,Кърджали,Кирково,5903,sole-trader,2,36520.58,0.00,67116.31,0.00,103636.89
2024,Кърджали,Крумовград,5904,legal,5,41455.98,191165.76,20694.35,0.00,253316.09
2024,Кърджали,Крумовград,5904,person,1344,3292860.90,2312566.29,8687237.63,0.00,14292664.82
2024,Кърджали,Кърджали,5905,legal,24,890748.32,1568717.72,1289772.93,0.00,3749238.97
2024,Кърджали,Кърджали,5905,person,463,3268753.75,1721142.83,3251311.10,0.00,8241207.68
2024,Кърджали,Кърджали,5905,sole-trader,2,8715.25,3696.07,12716.95,0.00,25128.27
2024,Кърджали,Момчилград,5906,legal,7,257682.13,3220277.80,219702.29,0.00,3697662.22
2024,Кърджали,Момчилград,5906,person,291,2279625.98,1918769.15,3023844.46,0.00,7222239.59
2024,Кърджали,Черноочене,5907,legal,4,85314.90,343950.50,139012.46,0.00,568277.86
2024,Кърджали,Черноочене,5907,person,350,1560462.64,745791.10,2166985.19,0.00,4473238.93
2024,Кърджали,Черноочене,5907,sole-trader,1,0.00,209776.26,21817.05,0.00,231593.31
2024,Кюстендил,Бобовдол,6001,legal,10,690026.86,286117.64,305593.91,0.00,1281738.41
2024,Кюстендил,Бобовдол,6001,person,25,291756.16,98860.82,105699.85,0.00,496316.83
2024,Кюстендил,Бобошево,6002,legal,7,353025.86,734221.76,262880.02,0.00,1350127.64
2024,Кюстендил,Бобошево,6002,person,26,318285.24,337062.38,191948.99,0.00,847296.61
2024,Кюстендил,Дупница,6003,legal,15,738169.69,131536.63,290887.66,0.00,1160593.98
2024,Кюстендил,Дупница,6003,person,124,2405810.46,988781.49,1039822.87,0.00,4434414.82
2024,Кюстендил,Дупница,6003,sole-trader,3,134257.66,2167.18,86385.05,0.00,222809.89
2024,Кюстендил,Кочериново,6004,legal,4,145103.86,31614.38,63437.15,0.00,240155.39
2024,Кюстендил,Кочериново,6004,person,35,782890.57,422793.70,499937.62,0.00,1705621.89
2024,Кюстендил,Кочериново,6004,sole-trader,1,47865.69,18292.85,21797.91,0.00,87956.45
2024,Кюстендил,Кюстендил,6005,legal,43,1207462.82,1523656.31,1209658.81,0.00,3940777.94
2024,Кюстендил,Кюстендил,6005,person,570,6382015.67,3033445.24,4754088.89,0.00,14169549.80
2024,Кюстендил,Кюстендил,6005,sole-trader,2,53228.60,49520.17,58200.98,0.00,160949.75
2024,Кюстендил,Невестино,6006,legal,4,41429.96,16499.77,39102.05,0.00,97031.78
2024,Кюстендил,Невестино,6006,person,33,519384.87,438314.71,220884.06,0.00,1178583.64
2024,Кюстендил,Рила,6007,legal,9,205766.60,331923.58,136196.50,0.00,673886.68
2024,Кюстендил,Рила,6007,person,28,263381.69,182014.65,174007.83,0.00,619404.17
2024,Кюстендил,Сапарева баня,6008,legal,4,84304.32,176299.63,36499.71,0.00,297103.66
2024,Кюстендил,Сапарева баня,6008,person,86,1816021.07,1544745.99,841799.07,0.00,4202566.13
2024,Кюстендил,Трекляно,6009,legal,1,120918.79,88711.45,50762.47,0.00,260392.71
2024,Кюстендил,Трекляно,6009,person,17,192498.84,256898.49,35820.07,0.00,485217.40
2024,Ловеч,Априлци,6101,legal,2,4134.99,25110.79,0.00,0.00,29245.78
2024,Ловеч,Априлци,6101,person,48,420332.52,250661.62,170551.67,0.00,841545.81
2024,Ловеч,Априлци,6101,sole-trader,1,0.00,0.00,4352.76,0.00,4352.76
2024,Ловеч,Летница,6102,legal,7,2804233.59,1004844.52,534540.50,0.00,4343618.61
2024,Ловеч,Летница,6102,person,27,598929.92,261103.34,330342.42,0.00,1190375.68
2024,Ловеч,Летница,6102,sole-trader,1,262642.76,0.00,69833.21,0.00,332475.97
2024,Ловеч,Ловеч,6103,legal,61,8144485.98,1290496.07,2724227.12,0.00,12159209.17
2024,Ловеч,Ловеч,6103,person,149,3449771.36,1400012.78,1872684.79,0.00,6722468.93
2024,Ловеч,Ловеч,6103,sole-trader,11,1280362.80,71728.02,391491.22,0.00,1743582.04
2024,Ловеч,Луковит,6104,legal,21,1219309.69,2590625.06,741780.31,0.00,4551715.06
2024,Ловеч,Луковит,6104,person,61,897398.32,71332.95,717888.94,0.00,1686620.21
2024,Ловеч,Луковит,6104,sole-trader,2,208060.08,950.12,94302.73,0.00,303312.93
2024,Ловеч,Тетевен,6105,legal,10,125979.20,1318150.55,91563.35,0.00,1535693.10
2024,Ловеч,Тетевен,6105,person,83,729606.82,440818.56,694137.47,0.00,1864562.85
2024,Ловеч,Тетевен,6105,sole-trader,1,21123.11,2137.32,16583.88,0.00,39844.31
2024,Ловеч,Троян,6106,legal,33,14972336.80,1666315.17,1891365.09,0.00,18530017.06
2024,Ловеч,Троян,6106,person,162,2378732.01,1957469.50,1578560.69,0.00,5914762.20
2024,Ловеч,Троян,6106,sole-trader,8,11822047.91,1191850.44,1103832.18,0.00,14117730.53
2024,Ловеч,Угърчин,6107,legal,21,2861843.05,2683101.44,561654.81,0.00,6106599.30
2024,Ловеч,Угърчин,6107,person,48,460056.79,162255.89,318551.53,0.00,940864.21
2024,Ловеч,Угърчин,6107,sole-trader,1,835034.75,68543.11,77184.13,0.00,980761.99
2024,Ловеч,Ябланица,6108,legal,8,313324.28,411759.66,143434.27,0.00,868518.21
2024,Ловеч,Ябланица,6108,person,42,619929.97,217252.64,367365.79,0.00,1204548.40
2024,Монтана,Берковица,6201,legal,25,1014451.56,3680509.34,381760.03,0.00,5076720.93
2024,Монтана,Берковица,6201,person,132,1465593.58,837118.34,477161.59,0.00,2779873.51
2024,Монтана,Берковица,6201,sole-trader,2,32446.60,149027.23,24716.74,0.00,206190.57
2024,Монтана,Бойчиновци,6202,legal,17,1385229.19,4591.93,598058.92,0.00,1987880.04
2024,Монтана,Бойчиновци,6202,person,68,1333126.38,33894.31,805089.46,0.00,2172110.15
2024,Монтана,Бойчиновци,6202,sole-trader,4,431925.51,0.00,148774.40,0.00,580699.91
2024,Монтана,Брусарци,6203,legal,8,517608.03,1463650.83,120885.36,0.00,2102144.22
2024,Монтана,Брусарци,6203,person,25,800775.98,45597.25,423969.21,0.00,1270342.44
2024,Монтана,Брусарци,6203,sole-trader,2,352077.13,0.00,58544.38,0.00,410621.51
2024,Монтана,Вълчедръм,6204,legal,26,15690033.36,2314245.18,2049171.71,0.00,20053450.25
2024,Монтана,Вълчедръм,6204,person,98,2581573.73,1164824.94,1176725.41,0.00,4923124.08
2024,Монтана,Вършец,6205,legal,7,132759.98,780947.07,47561.85,0.00,961268.90
2024,Монтана,Вършец,6205,person,72,944428.49,389414.84,292619.68,0.00,1626463.01
2024,Монтана,Вършец,6205,sole-trader,2,102890.18,4239.24,36543.22,0.00,143672.64
2024,Монтана,Георги Дамяново,6206,legal,2,36713.69,1399740.31,20615.90,0.00,1457069.90
2024,Монтана,Георги Дамяново,6206,person,23,293646.30,192179.79,158281.35,0.00,644107.44
2024,Монтана,Лом,6207,legal,24,2674647.17,210301.96,931665.47,0.00,3816614.60
2024,Монтана,Лом,6207,person,66,1346019.80,117478.60,793900.53,0.00,2257398.93
2024,Монтана,Лом,6207,sole-trader,3,427524.41,0.00,128146.74,0.00,555671.15
2024,Монтана,Медковец,6208,legal,14,1082145.25,124443.26,486728.13,0.00,1693316.64
2024,Монтана,Медковец,6208,person,50,1056970.58,46332.33,490525.40,0.00,1593828.31
2024,Монтана,Монтана,6209,legal,72,9066518.05,939901.71,4208599.06,0.00,14215018.82
2024,Монтана,Монтана,6209,person,289,4422421.36,1419238.40,2157188.82,0.00,7998848.58
2024,Монтана,Монтана,6209,sole-trader,5,545016.28,14940.57,252347.06,0.00,812303.91
2024,Монтана,Чипровци,6210,legal,2,4872.29,1257783.75,22951.02,0.00,1285607.06
2024,Монтана,Чипровци,6210,person,48,417898.26,325031.26,152998.59,0.00,895928.11
2024,Монтана,Якимово,6211,legal,4,1371107.16,0.00,533250.63,0.00,1904357.79
2024,Монтана,Якимово,6211,person,40,1142786.61,30776.95,553696.51,0.00,1727260.07
2024,Пазарджик,Батак,6301,legal,3,167423.81,288317.90,95598.35,0.00,551340.06
2024,Пазарджик,Батак,6301,person,24,300013.95,172093.65,159711.31,0.00,631818.91
2024,Пазарджик,Белово,6302,legal,6,153487.00,779337.75,102844.38,0.00,1035669.13
2024,Пазарджик,Белово,6302,person,54,512848.17,273686.41,278587.35,0.00,1065121.93
2024,Пазарджик,Брацигово,6303,legal,4,203227.58,397514.98,82235.35,0.00,682977.91
2024,Пазарджик,Брацигово,6303,person,91,653166.58,304142.40,429112.36,0.00,1386421.34
2024,Пазарджик,Брацигово,6303,sole-trader,1,2366.87,404.22,3718.11,0.00,6489.20
2024,Пазарджик,Велинград,6304,legal,14,520696.34,2308811.32,1223780.18,0.00,4053287.84
2024,Пазарджик,Велинград,6304,person,194,1012097.70,672635.71,1382961.59,0.00,3067695.00
2024,Пазарджик,Велинград,6304,sole-trader,1,161478.45,72387.02,68507.54,0.00,302373.01
2024,Пазарджик,Лесичово,6305,legal,8,251454.15,246230.37,174575.15,0.00,672259.67
2024,Пазарджик,Лесичово,6305,person,37,473362.27,330440.26,387283.53,0.00,1191086.06
2024,Пазарджик,Лесичово,6305,sole-trader,1,78076.44,17710.39,20771.18,0.00,116558.01
2024,Пазарджик,Пазарджик,6306,legal,134,10133075.03,4386846.12,6656640.73,0.00,21176561.88
2024,Пазарджик,Пазарджик,6306,person,454,5092882.23,1954910.75,4504776.29,0.00,11552569.27
2024,Пазарджик,Пазарджик,6306,sole-trader,9,1479173.35,436198.17,933666.96,0.00,2849038.48
2024,Пазарджик,Панагюрище,6307,legal,26,1362975.53,1301933.04,667416.36,0.00,3332324.93
2024,Пазарджик,Панагюрище,6307,person,243,4086726.48,2656077.09,2354981.83,0.00,9097785.40
2024,Пазарджик,Панагюрище,6307,sole-trader,1,6387.12,1337.77,8304.61,0.00,16029.50
2024,Пазарджик,Пещера,6308,legal,12,665272.43,1763015.18,582700.44,0.00,3010988.05
2024,Пазарджик,Пещера,6308,person,45,401050.74,429043.63,325845.19,0.00,1155939.56
2024,Пазарджик,Пещера,6308,sole-trader,5,16740.24,2137015.93,143781.27,0.00,2297537.44
2024,Пазарджик,Ракитово,6309,legal,6,61754.92,2034095.70,37825.00,0.00,2133675.62
2024,Пазарджик,Ракитово,6309,person,79,389488.73,392253.00,537246.57,0.00,1318988.30
2024,Пазарджик,Ракитово,6309,sole-trader,1,14667.67,10534.49,1291.11,0.00,26493.27
2024,Пазарджик,Септември,6310,legal,38,1796387.42,2119305.65,1483046.85,0.00,5398739.92
2024,Пазарджик,Септември,6310,person,115,1167887.19,502759.08,1099083.07,0.00,2769729.34
2024,Пазарджик,Септември,6310,sole-trader,1,6929.29,4254.10,2080.00,0.00,13263.39
2024,Пазарджик,Стрелча,6311,legal,11,857430.29,235913.05,296166.82,0.00,1389510.16
2024,Пазарджик,Стрелча,6311,person,71,895497.73,449056.04,896661.40,0.00,2241215.17
2024,Пазарджик,Сърница,6312,person,32,151501.83,74570.32,147284.69,0.00,373356.84
2024,Перник,Брезник,6401,legal,31,1312722.61,554479.47,615619.61,0.00,2482821.69
2024,Перник,Брезник,6401,person,191,2950575.08,2020357.94,936322.43,0.00,5907255.45
2024,Перник,Брезник,6401,sole-trader,1,23832.62,22910.95,10624.74,0.00,57368.31
2024,Перник,Земен,6402,legal,7,167881.92,842629.73,52374.62,0.00,1062886.27
2024,Перник,Земен,6402,person,50,545601.04,418452.11,179891.48,0.00,1143944.63
2024,Перник,Ковачевци,6403,legal,6,149957.59,130846.32,71840.43,0.00,352644.34
2024,Перник,Ковачевци,6403,person,34,437429.64,275805.58,152020.41,0.00,865255.63
2024,Перник,Ковачевци,6403,sole-trader,1,14402.11,10252.90,10136.40,0.00,34791.41
2024,Перник,Перник,6404,legal,54,1794145.93,2191139.91,1397648.61,0.00,5382934.45
2024,Перник,Перник,6404,person,340,4684787.30,3395485.19,1801810.51,0.00,9882083.00
2024,Перник,Перник,6404,sole-trader,3,135323.02,64058.89,70221.56,0.00,269603.47
2024,Перник,Радомир,6405,legal,29,1147909.51,1104940.56,599068.49,0.00,2851918.56
2024,Перник,Радомир,6405,person,184,3235734.17,1555748.27,1506838.49,0.00,6298320.93
2024,Перник,Радомир,6405,sole-trader,5,435131.69,289175.90,181587.95,0.00,905895.54
2024,Перник,Трън,6406,legal,19,425478.46,276953.64,173429.30,0.00,875861.40
2024,Перник,Трън,6406,person,116,1553457.20,1009957.02,635370.52,0.00,3198784.74
2024,Перник,Трън,6406,sole-trader,1,50605.28,21173.08,24560.79,0.00,96339.15
2024,Плевен,Белене,6501,legal,12,2242713.44,2168184.65,532266.94,0.00,4943165.03
2024,Плевен,Белене,6501,person,55,1438773.50,541355.15,727211.50,0.00,2707340.15
2024,Плевен,Гулянци,6502,legal,13,2858900.62,974744.59,630905.89,0.00,4464551.10
2024,Плевен,Гулянци,6502,person,107,1990127.63,230237.00,1125576.23,0.00,3345940.86
2024,Плевен,Гулянци,6502,sole-trader,3,387252.29,0.00,146109.03,0.00,533361.32
2024,Плевен,Долна Митрополия,6503,legal,38,3118470.32,514804.58,1163440.48,0.00,4796715.38
2024,Плевен,Долна Митрополия,6503,person,177,3138393.39,366838.57,1749827.11,0.00,5255059.07
2024,Плевен,Долна Митрополия,6503,sole-trader,11,1751804.80,381029.15,581566.53,0.00,2714400.48
2024,Плевен,Долни Дъбник,6504,legal,34,4334889.93,434289.55,1944338.80,0.00,6713518.28
2024,Плевен,Долни Дъбник,6504,person,81,1421628.56,672408.40,1042389.71,0.00,3136426.67
2024,Плевен,Долни Дъбник,6504,sole-trader,8,1154306.86,4308.04,610295.68,0.00,1768910.58
2024,Плевен,Искър,6505,legal,22,3107752.93,1465347.71,911522.19,0.00,5484622.83
2024,Плевен,Искър,6505,person,75,2017998.05,139085.62,1184064.39,0.00,3341148.06
2024,Плевен,Искър,6505,sole-trader,3,517223.45,0.00,129653.95,0.00,646877.40
2024,Плевен,Кнежа,6511,legal,42,8129612.69,3886391.40,2577363.01,0.00,14593367.10
2024,Плевен,Кнежа,6511,person,127,2299573.32,396839.02,1417436.35,0.00,4113848.69
2024,Плевен,Кнежа,6511,sole-trader,15,3166536.01,283136.39,1200019.98,0.00,4649692.38
2024,Плевен,Левски,6506,legal,33,4315730.86,1491922.12,1663829.82,0.00,7471482.80
2024,Плевен,Левски,6506,person,82,1413066.23,283653.37,977066.92,0.00,2673786.52
2024,Плевен,Левски,6506,sole-trader,11,1136800.53,5417.88,301766.14,0.00,1443984.55
2024,Плевен,Никопол,6507,legal,26,3006484.21,1908558.88,1109476.89,0.00,6024519.98
2024,Плевен,Никопол,6507,person,64,912413.78,393072.24,529426.10,0.00,1834912.12
2024,Плевен,Никопол,6507,sole-trader,5,187055.38,374590.96,124087.02,0.00,685733.36
2024,Плевен,Плевен,6508,legal,140,18189800.04,4225679.81,6389666.32,0.00,28805146.17
2024,Плевен,Плевен,6508,person,266,3758613.55,724199.08,2188330.55,0.00,6671143.18
2024,Плевен,Плевен,6508,sole-trader,23,4189053.26,552269.07,1171590.14,0.00,5912912.47
2024,Плевен,Пордим,6509,legal,21,2371667.40,35992.65,751507.13,0.00,3159167.18
2024,Плевен,Пордим,6509,person,20,621947.92,91770.33,331674.49,0.00,1045392.74
2024,Плевен,Пордим,6509,sole-trader,2,208096.02,359675.47,158705.70,0.00,726477.19
2024,Плевен,Червен бряг,6510,legal,26,3403639.75,1064658.00,1006420.66,0.00,5474718.41
2024,Плевен,Червен бряг,6510,person,127,2261171.66,579988.62,1580861.16,0.00,4422021.44
2024,Плевен,Червен бряг,6510,sole-trader,7,3272293.99,40625.19,561281.52,0.00,3874200.70
2024,Пловдив,Асеновград,6601,legal,38,4078575.83,2065959.36,2467380.65,0.00,8611915.84
2024,Пловдив,Асеновград,6601,person,254,2052143.91,749159.47,2088417.95,0.00,4889721.33
2024,Пловдив,Асеновград,6601,sole-trader,9,1554002.27,653156.39,1685414.97,0.00,3892573.63
2024,Пловдив,Брезово,6602,legal,26,3436457.58,2237379.22,1352292.74,0.00,7026129.54
2024,Пловдив,Брезово,6602,person,75,1445503.44,502306.30,1300477.35,0.00,3248287.09
2024,Пловдив,Брезово,6602,sole-trader,1,222905.00,146636.70,49490.50,0.00,419032.20
2024,Пловдив,Калояново,6603,legal,27,2202649.02,199381.06,1131142.01,0.00,3533172.09
2024,Пловдив,Калояново,6603,person,211,4322451.90,1341684.18,3213928.32,0.00,8878064.40
2024,Пловдив,Калояново,6603,sole-trader,7,251605.07,20658.74,392201.38,0.00,664465.19
2024,Пловдив,Карлово,6604,legal,51,1696863.04,2961857.90,1171851.96,0.00,5830572.90
2024,Пловдив,Карлово,6604,person,510,6660635.59,5203469.18,7686199.17,0.00,19550303.94
2024,Пловдив,Карлово,6604,sole-trader,7,783661.69,246371.45,467340.06,0.00,1497373.20
2024,Пловдив,Кричим,6605,legal,6,127635.45,84192.04,101587.16,0.00,313414.65
2024,Пловдив,Кричим,6605,person,92,730919.76,225572.93,631843.12,0.00,1588335.81
2024,Пловдив,Куклен,6617,legal,4,69588.17,221150.47,50943.95,0.00,341682.59
2024,Пловдив,Куклен,6617,person,56,412307.58,75461.34,377293.36,0.00,865062.28
2024,Пловдив,Лъки,6606,person,8,18764.68,13224.20,17112.87,0.00,49101.75
2024,Пловдив,Перущица,6608,legal,5,79060.31,0.00,66790.02,0.00,145850.33
2024,Пловдив,Перущица,6608,person,57,544241.61,171261.29,640866.44,0.00,1356369.34
2024,Пловдив,Перущица,6608,sole-trader,3,12091.21,0.00,8517.62,0.00,20608.83
2024,Пловдив,Пловдив,6609,legal,235,18054447.98,7226406.43,11183363.86,0.00,36464218.27
2024,Пловдив,Пловдив,6609,person,545,5719714.44,1962280.13,4687030.81,0.00,12369025.38
2024,Пловдив,Пловдив,6609,sole-trader,27,2178475.40,1088277.17,1549669.77,0.00,4816422.34
2024,Пловдив,Първомай,6610,legal,55,4544255.03,2306485.98,4402712.02,0.00,11253453.03
2024,Пловдив,Първомай,6610,person,430,4558753.85,716143.90,3858011.52,0.00,9132909.27
2024,Пловдив,Първомай,6610,sole-trader,17,1831170.07,201331.48,2867671.46,0.00,4900173.01
2024,Пловдив,Раковски,6611,legal,49,6355195.59,2287070.63,1815513.81,0.00,10457780.03
2024,Пловдив,Раковски,6611,person,158,2873055.57,532330.58,2084607.38,0.00,5489993.53
2024,Пловдив,Раковски,6611,sole-trader,4,148287.63,0.00,119729.20,0.00,268016.83
2024,Пловдив,Садово,6613,legal,31,1618715.49,657709.34,908989.21,0.00,3185414.04
2024,Пловдив,Садово,6613,person,206,2118079.55,43213.88,1706734.01,0.00,3868027.44
2024,Пловдив,Садово,6613,sole-trader,3,180954.29,0.00,182322.40,0.00,363276.69
2024,Пловдив,Сопот,6618,legal,12,469725.56,1145568.19,158451.05,0.00,1773744.80
2024,Пловдив,Сопот,6618,person,58,512112.75,449973.73,688571.00,0.00,1650657.48
2024,Пловдив,Стамболийски,6614,legal,12,315745.20,28439.06,351255.08,0.00,695439.34
2024,Пловдив,Стамболийски,6614,person,102,1417868.86,48241.91,1104318.04,0.00,2570428.81
2024,Пловдив,Стамболийски,6614,sole-trader,1,125768.82,0.00,140023.15,0.00,265791.97
2024,Пловдив,Съединение,6615,legal,23,2860626.94,2906445.57,1651230.12,0.00,7418302.63
2024,Пловдив,Съединение,6615,person,158,1820802.92,313301.13,1278399.27,0.00,3412503.32
2024,Пловдив,Съединение,6615,sole-trader,15,1334076.80,5627.09,1340595.85,0.00,2680299.74
2024,Пловдив,Хисаря,6616,legal,41,3914123.70,2257495.80,1204878.66,0.00,7376498.16
2024,Пловдив,Хисаря,6616,person,171,3528790.29,2444804.59,2838635.40,0.00,8812230.28
2024,Пловдив,Хисаря,6616,sole-trader,4,75936.94,54280.16,53722.13,0.00,183939.23
2024,Пловдив,„Марица“,6607,legal,60,4938053.58,3667016.52,2949654.66,0.00,11554724.76
2024,Пловдив,„Марица“,6607,person,246,3853180.68,1071902.11,2587512.15,0.00,7512594.94
2024,Пловдив,„Марица“,6607,sole-trader,6,236586.48,70627.06,338094.31,0.00,645307.85
2024,Пловдив,„Родопи“,6612,legal,43,3046511.55,1404136.22,1490081.52,0.00,5940729.29
2024,Пловдив,„Родопи“,6612,person,313,2601008.85,997177.98,2609985.32,0.00,6208172.15
2024,Пловдив,„Родопи“,6612,sole-trader,6,203447.85,1239295.49,90665.11,0.00,1533408.45
2024,Разград,Завет,6701,legal,30,3534802.29,1497457.41,1238384.79,0.00,6270644.49
2024,Разград,Завет,6701,person,121,2149066.12,480064.91,1495782.25,0.00,4124913.28
2024,Разград,Завет,6701,sole-trader,6,148986.08,16116.51,89764.74,0.00,254867.33
2024,Разград,Исперих,6702,legal,64,9430646.12,2244971.75,2668126.60,0.00,14343744.47
2024,Разград,Исперих,6702,person,364,3543056.08,817794.11,3314728.03,0.00,7675578.22
2024,Разград,Исперих,6702,sole-trader,7,737747.56,1067978.56,496358.69,0.00,2302084.81
2024,Разград,Кубрат,6703,legal,30,1990932.16,689377.59,1119433.89,0.00,3799743.64
2024,Разград,Кубрат,6703,person,239,2582457.14,471662.78,2738017.69,0.00,5792137.61
2024,Разград,Кубрат,6703,sole-trader,15,2966260.97,334235.02,1223583.42,0.00,4524079.41
2024,Разград,Лозница,6704,legal,23,1588852.04,431914.57,1014219.50,0.00,3034986.11
2024,Разград,Лозница,6704,person,108,1601858.87,181945.94,1134351.93,0.00,2918156.74
2024,Разград,Лозница,6704,sole-trader,3,52394.37,48575.62,112413.72,0.00,213383.71
2024,Разград,Разград,6705,legal,99,11282635.68,3365535.68,3988375.50,0.00,18636546.86
2024,Разград,Разград,6705,person,193,2116536.79,704914.30,1491776.52,0.00,4313227.61
2024,Разград,Разград,6705,sole-trader,18,1544043.17,23565.14,468099.29,0.00,2035707.60
2024,Разград,Самуил,6706,legal,14,1403871.16,1008437.30,452037.11,0.00,2864345.57
2024,Разград,Самуил,6706,person,95,1048399.52,443463.70,755970.39,0.00,2247833.61
2024,Разград,Самуил,6706,sole-trader,1,229606.37,0.00,100850.59,0.00,330456.96
2024,Разград,Цар Калоян,6707,legal,10,1544589.06,0.00,645573.77,0.00,2190162.83
2024,Разград,Цар Калоян,6707,person,43,462080.59,376115.04,398828.67,0.00,1237024.30
2024,Разград,Цар Калоян,6707,sole-trader,1,67607.86,22087.09,66389.13,0.00,156084.08
2024,Русе,Борово,6801,legal,12,2698043.10,1463579.99,807513.39,0.00,4969136.48
2024,Русе,Борово,6801,person,27,212932.31,73724.07,200683.76,0.00,487340.14
2024,Русе,Борово,6801,sole-trader,4,519758.90,0.00,163818.37,0.00,683577.27
2024,Русе,Бяла,6802,legal,27,5254075.84,1554299.08,1013442.46,0.00,7821817.38
2024,Русе,Бяла,6802,person,119,1913710.69,1021631.35,1408366.01,0.00,4343708.05
2024,Русе,Бяла,6802,sole-trader,8,2281826.06,0.00,379862.10,0.00,2661688.16
2024,Русе,Ветово,6803,legal,22,2129679.93,1263452.10,981079.75,0.00,4374211.78
2024,Русе,Ветово,6803,person,83,690355.31,266695.35,646983.80,0.00,1604034.46
2024,Русе,Ветово,6803,sole-trader,6,260931.38,162677.64,150533.41,0.00,574142.43
2024,Русе,Две могили,6804,legal,23,3439792.48,822252.15,1004163.83,0.00,5266208.46
2024,Русе,Две могили,6804,person,71,802164.49,182849.35,617717.85,0.00,1602731.69
2024,Русе,Две могили,6804,sole-trader,7,421119.94,45389.82,214418.81,0.00,680928.57
2024,Русе,Иваново,6805,legal,31,4552244.72,728554.95,1490458.65,0.00,6771258.32
2024,Русе,Иваново,6805,person,80,1427165.20,554860.38,929822.38,0.00,2911847.96
2024,Русе,Иваново,6805,sole-trader,6,610269.61,0.00,136051.54,0.00,746321.15
2024,Русе,Русе,6806,legal,154,17613181.01,3688736.95,7425464.19,0.00,28727382.15
2024,Русе,Русе,6806,person,395,4199088.25,2604698.77,4036482.39,0.00,10840269.41
2024,Русе,Русе,6806,sole-trader,20,1995346.67,14665.02,858739.16,0.00,2868750.85
2024,Русе,Сливо поле,6807,legal,51,4547882.13,4674769.67,1974942.01,0.00,11197593.81
2024,Русе,Сливо поле,6807,person,159,2474486.08,2095146.04,2075116.94,0.00,6644749.06
2024,Русе,Сливо поле,6807,sole-trader,5,567098.23,0.00,209115.29,0.00,776213.52
2024,Русе,Ценово,6808,legal,19,1556226.79,1277455.98,521275.88,0.00,3354958.65
2024,Русе,Ценово,6808,person,93,1921986.61,176645.65,1010551.89,0.00,3109184.15
2024,Русе,Ценово,6808,sole-trader,5,443713.46,21882.75,141027.22,0.00,606623.43
2024,Силистра,Алфатар,6901,legal,12,984444.43,348450.34,494328.13,0.00,1827222.90
2024,Силистра,Алфатар,6901,person,63,738031.62,585309.15,536818.36,0.00,1860159.13
2024,Силистра,Алфатар,6901,sole-trader,3,194449.54,23877.77,86801.23,0.00,305128.54
2024,Силистра,Главиница,6902,legal,43,4331660.12,2043136.85,1592886.89,0.00,7967683.86
2024,Силистра,Главиница,6902,person,353,2144092.34,554960.01,2746401.86,0.00,5445454.21
2024,Силистра,Главиница,6902,sole-trader,6,159294.65,159627.23,65183.77,0.00,384105.65
2024,Силистра,Дулово,6903,legal,45,4033170.24,638899.83,1157403.68,0.00,5829473.75
2024,Силистра,Дулово,6903,person,676,6389761.25,2109440.18,6187607.14,0.00,14686808.57
2024,Силистра,Дулово,6903,sole-trader,20,3587885.32,1053893.44,1274550.80,0.00,5916329.56
2024,Силистра,Кайнарджа,6904,legal,6,541376.03,1368703.60,248247.50,0.00,2158327.13
2024,Силистра,Кайнарджа,6904,person,66,814195.73,122030.86,804705.26,0.00,1740931.85
2024,Силистра,Кайнарджа,6904,sole-trader,1,4668.89,8104.84,12423.57,0.00,25197.30
2024,Силистра,Силистра,6905,legal,94,17129411.46,5225917.71,5275882.64,0.00,27631211.81
2024,Силистра,Силистра,6905,person,307,4164674.94,1791196.04,3094125.36,0.00,9049996.34
2024,Силистра,Силистра,6905,sole-trader,9,1564570.94,353793.04,401884.31,0.00,2320248.29
2024,Силистра,Ситово,6906,legal,17,2679877.53,2277595.08,1031606.60,0.00,5989079.21
2024,Силистра,Ситово,6906,person,253,2815201.48,837119.03,3022655.73,0.00,6674976.24
2024,Силистра,Ситово,6906,sole-trader,5,873392.01,550188.44,357690.61,0.00,1781271.06
2024,Силистра,Тутракан,6907,legal,44,6373663.41,2101950.13,2379936.61,0.00,10855550.15
2024,Силистра,Тутракан,6907,person,333,3137052.87,960291.33,4064468.85,0.00,8161813.05
2024,Силистра,Тутракан,6907,sole-trader,11,939884.85,140045.23,576154.18,0.00,1656084.26
2024,Сливен,Котел,7001,legal,25,1429405.82,4838120.49,633691.02,0.00,6901217.33
2024,Сливен,Котел,7001,person,308,3636720.64,2880836.44,3070865.88,0.00,9588422.96
2024,Сливен,Нова Загора,7002,legal,64,10533691.10,2495827.55,3062620.07,0.00,16092138.72
2024,Сливен,Нова Загора,7002,person,349,8136987.08,990330.95,4171089.25,0.00,13298407.28
2024,Сливен,Нова Загора,7002,sole-trader,17,2528326.59,514783.27,1253004.11,0.00,4296113.97
2024,Сливен,Сливен,7003,legal,171,16506564.85,9670156.70,8196490.72,0.00,34373212.27
2024,Сливен,Сливен,7003,person,1413,14340222.00,5501665.95,13276780.36,0.00,33118668.31
2024,Сливен,Сливен,7003,sole-trader,16,793487.23,609793.78,575406.16,0.00,1978687.17
2024,Сливен,Твърдица,7004,legal,14,406766.61,5774596.00,262384.27,0.00,6443746.88
2024,Сливен,Твърдица,7004,person,208,2921995.66,1997066.72,2406295.61,0.00,7325357.99
2024,Сливен,Твърдица,7004,sole-trader,2,239584.01,84909.62,125615.47,0.00,450109.10
2024,Смолян,Баните,7101,legal,2,3426.41,1647508.96,2663.04,0.00,1653598.41
2024,Смолян,Баните,7101,person,94,468354.41,405591.36,372264.72,0.00,1246210.49
2024,Смолян,Борино,7102,legal,9,122248.51,120041.33,69800.82,0.00,312090.66
2024,Смолян,Борино,7102,person,124,589988.73,409771.34,175322.40,0.00,1175082.47
2024,Смолян,Борино,7102,sole-trader,4,112365.42,54923.58,106679.97,0.00,273968.97
2024,Смолян,Девин,7103,legal,10,120716.72,150361.19,84666.14,0.00,355744.05
2024,Смолян,Девин,7103,person,134,817393.01,705813.27,479994.59,0.00,2003200.87
2024,Смолян,Девин,7103,sole-trader,4,40580.52,30923.10,41196.13,0.00,112699.75
2024,Смолян,Доспат,7104,legal,3,0.00,231892.37,37667.80,0.00,269560.17
2024,Смолян,Доспат,7104,person,165,479531.62,223680.29,651838.98,0.00,1355050.89
2024,Смолян,Златоград,7105,legal,3,21815.84,634948.68,18896.98,0.00,675661.50
2024,Смолян,Златоград,7105,person,156,318595.24,114449.36,112364.87,0.00,545409.47
2024,Смолян,Златоград,7105,sole-trader,1,3939.12,0.00,8894.90,0.00,12834.02
2024,Смолян,Мадан,7106,legal,4,128341.95,536387.60,413364.50,0.00,1078094.05
2024,Смолян,Мадан,7106,person,479,925841.67,102325.69,56333.44,0.00,1084500.80
2024,Смолян,Неделино,7107,legal,3,36999.12,427494.57,267863.28,0.00,732356.97
2024,Смолян,Неделино,7107,person,195,332578.88,89548.50,1316595.49,0.00,1738722.87
2024,Смолян,Рудозем,7108,legal,1,0.00,488561.39,0.00,0.00,488561.39
2024,Смолян,Рудозем,7108,person,210,448111.55,95854.29,39799.11,0.00,583764.95
2024,Смолян,Рудозем,7108,sole-trader,2,1955.80,163.50,44837.07,0.00,46956.37
2024,Смолян,Смолян,7109,legal,18,475513.42,916691.37,356392.68,0.00,1748597.47
2024,Смолян,Смолян,7109,person,223,1760564.55,1478940.50,872867.98,0.00,4112373.03
2024,Смолян,Смолян,7109,sole-trader,6,26177.39,17647.68,50106.61,0.00,93931.68
2024,Смолян,Чепеларе,7110,legal,5,88760.27,346110.90,170856.49,0.00,605727.66
2024,Смолян,Чепеларе,7110,person,75,477611.87,349745.27,324056.94,0.00,1151414.08
2024,Софийска,Антон,7301,legal,2,0.00,574391.83,7874.25,0.00,582266.08
2024,Софийска,Антон,7301,person,42,1198565.95,743364.58,492101.30,0.00,2434031.83
2024,Софийска,Божурище,7302,legal,14,738507.38,776223.34,356119.25,0.00,1870849.97
2024,Софийска,Божурище,7302,person,39,1687711.12,558948.99,629617.87,0.00,2876277.98
2024,Софийска,Божурище,7302,sole-trader,1,91550.19,0.00,31481.09,0.00,123031.28
2024,Софийска,Ботевград,7303,legal,31,1579360.16,742311.36,556393.31,0.00,2878064.83
2024,Софийска,Ботевград,7303,person,141,2680536.79,2349462.14,1625430.26,0.00,6655429.19
2024,Софийска,Ботевград,7303,sole-trader,4,63483.30,27697.37,70226.16,0.00,161406.83
2024,Софийска,Годеч,7304,legal,15,328152.24,883392.94,75799.51,0.00,1287344.69
2024,Софийска,Годеч,7304,person,157,1811495.54,1675064.53,299358.16,0.00,3785918.23
2024,Софийска,Годеч,7304,sole-trader,1,24425.34,13825.76,4523.04,0.00,42774.14
2024,Софийска,Горна Малина,7305,legal,18,745405.75,428774.01,223106.14,0.00,1397285.90
2024,Софийска,Горна Малина,7305,person,39,611667.88,267719.33,221147.99,0.00,1100535.20
2024,Софийска,Горна Малина,7305,sole-trader,2,22777.84,13366.96,3788.48,0.00,39933.28
2024,Софийска,Долна баня,7306,legal,12,268901.60,263249.88,80993.21,0.00,613144.69
2024,Софийска,Долна баня,7306,person,49,557198.34,328226.03,95843.73,0.00,981268.10
2024,Софийска,Долна баня,7306,sole-trader,1,158940.50,54306.48,27542.39,0.00,240789.37
2024,Софийска,Драгоман,7307,legal,7,620736.60,303458.99,121479.47,0.00,1045675.06
2024,Софийска,Драгоман,7307,person,102,1670281.80,1676831.59,526564.22,0.00,3873677.61
2024,Софийска,Елин Пелин,7308,legal,25,2713052.05,4817983.94,602907.43,0.00,8133943.42
2024,Софийска,Елин Пелин,7308,person,84,1528650.26,667198.42,663836.88,0.00,2859685.56
2024,Софийска,Елин Пелин,7308,sole-trader,7,224346.57,5752.43,165320.88,0.00,395419.88
2024,Софийска,Етрополе,7309,legal,11,489133.07,898375.76,279995.93,0.00,1667504.76
2024,Софийска,Етрополе,7309,person,84,652476.94,192304.35,282699.75,0.00,1127481.04
2024,Софийска,Етрополе,7309,sole-trader,2,13218.55,1551.81,82086.35,0.00,96856.71
2024,Софийска,Златица,7310,legal,1,13394.62,8439.82,46874.86,0.00,68709.30
2024,Софийска,Златица,7310,person,47,662469.47,649120.53,317823.41,0.00,1629413.41
2024,Софийска,Ихтиман,7311,legal,36,1253865.40,2508239.54,579462.35,0.00,4341567.29
2024,Софийска,Ихтиман,7311,person,137,1974876.69,929704.54,939510.37,0.00,3844091.60
2024,Софийска,Ихтиман,7311,sole-trader,1,41610.47,11451.07,41458.14,0.00,94519.68
2024,Софийска,Копривщица,7312,legal,2,437.52,118654.51,1216.62,0.00,120308.65
2024,Софийска,Копривщица,7312,person,141,948184.95,722681.46,661076.13,0.00,2331942.54
2024,Софийска,Костенец,7313,legal,21,387691.88,1582955.07,139618.24,0.00,2110265.19
2024,Софийска,Костенец,7313,person,87,1169552.36,692374.84,378591.07,0.00,2240518.27
2024,Софийска,Костенец,7313,sole-trader,1,32195.27,17702.53,2131.25,0.00,52029.05
2024,Софийска,Костинброд,7314,legal,18,486003.46,1797667.08,989931.40,0.00,3273601.94
2024,Софийска,Костинброд,7314,person,101,1826855.80,1337646.70,555749.53,0.00,3720252.03
2024,Софийска,Костинброд,7314,sole-trader,2,36400.41,4542.11,0.00,0.00,40942.52
2024,Софийска,Мирково,7315,legal,5,176760.32,288996.00,141308.19,0.00,607064.51
2024,Софийска,Мирково,7315,person,28,741136.09,479876.41,358037.54,0.00,1579050.04
2024,Софийска,Пирдоп,7316,legal,6,287186.66,155720.09,97529.42,0.00,540436.17
2024,Софийска,Пирдоп,7316,person,59,854325.65,548463.60,175462.09,0.00,1578251.34
2024,Софийска,Пирдоп,7316,sole-trader,1,7159.00,4961.63,1423.61,0.00,13544.24
2024,Софийска,Правец,7317,legal,11,500602.11,758625.30,245453.04,0.00,1504680.45
2024,Софийска,Правец,7317,person,48,693114.17,495169.35,307212.63,0.00,1495496.15
2024,Софийска,Правец,7317,sole-trader,1,141937.38,228468.43,34929.64,0.00,405335.45
2024,Софийска,Самоков,7318,legal,40,1172349.91,3468798.45,1093183.22,0.00,5734331.58
2024,Софийска,Самоков,7318,person,440,4458855.09,3496251.44,4131308.16,0.00,12086414.69
2024,Софийска,Самоков,7318,sole-trader,6,311891.40,125341.80,217401.75,0.00,654634.95
2024,Софийска,Своге,7319,legal,3,27800.94,384749.41,149.58,0.00,412699.93
2024,Софийска,Своге,7319,person,164,1646442.17,1566065.97,363514.66,0.00,3576022.80
2024,Софийска,Сливница,7320,legal,22,1200423.83,2558489.90,410448.85,0.00,4169362.58
2024,Софийска,Сливница,7320,person,75,1094487.20,705328.90,408366.11,0.00,2208182.21
2024,Софийска,Сливница,7320,sole-trader,2,81330.59,163014.93,59460.37,0.00,303805.89
2024,Софийска,Чавдар,7321,legal,4,94720.89,359861.25,44014.85,0.00,498596.99
2024,Софийска,Чавдар,7321,person,18,334726.02,208679.27,252659.56,0.00,796064.85
2024,Софийска,Чавдар,7321,sole-trader,1,6073.79,4493.06,625.74,0.00,11192.59
2024,Софийска,Челопеч,7322,person,14,260475.10,136803.97,90309.21,0.00,487588.28
2024,София-град,Столична община,7225,legal,626,46342666.45,109188064.95,23705730.07,0.00,179236461.47
2024,София-град,Столична община,7225,person,867,13199417.61,7313256.73,6219150.23,0.00,26731824.57
2024,София-град,Столична община,7225,sole-trader,45,5274327.66,4480371.18,5742910.44,0.00,15497609.28
2024,Стара Загора,Братя Даскалови,7401,legal,17,1791485.82,770499.54,566599.09,0.00,3128584.45
2024,Стара Загора,Братя Даскалови,7401,person,73,2141905.51,651017.10,1165336.27,0.00,3958258.88
2024,Стара Загора,Братя Даскалови,7401,sole-trader,1,183534.14,24819.10,87059.15,0.00,295412.39
2024,Стара Загора,Гурково,7402,legal,7,556053.67,143358.74,351909.38,0.00,1051321.79
2024,Стара Загора,Гурково,7402,person,38,357079.77,114342.04,333674.00,0.00,805095.81
2024,Стара Загора,Гълъбово,7403,legal,14,742768.78,553890.14,222314.90,0.00,1518973.82
2024,Стара Загора,Гълъбово,7403,person,52,1631200.19,465037.13,764641.80,0.00,2860879.12
2024,Стара Загора,Гълъбово,7403,sole-trader,9,1322152.31,494775.22,279665.21,0.00,2096592.74
2024,Стара Загора,Казанлък,7404,legal,58,3466458.53,1385565.66,3297965.81,0.00,8149990.00
2024,Стара Загора,Казанлък,7404,person,410,3114410.64,2128581.09,2476550.65,0.00,7719542.38
2024,Стара Загора,Казанлък,7404,sole-trader,12,638333.09,281763.21,208749.65,0.00,1128845.95
2024,Стара Загора,Мъглиж,7405,legal,16,1194479.65,5964975.26,603502.30,0.00,7762957.21
2024,Стара Загора,Мъглиж,7405,person,64,896213.77,172914.96,708947.09,0.00,1778075.82
2024,Стара Загора,Мъглиж,7405,sole-trader,4,147374.40,38555.40,845403.39,0.00,1031333.19
2024,Стара Загора,Николаево,7406,legal,7,224368.64,137542.43,111338.13,0.00,473249.20
2024,Стара Загора,Николаево,7406,person,34,543459.66,538359.08,432441.99,0.00,1514260.73
2024,Стара Загора,Николаево,7406,sole-trader,1,5040.36,0.00,29997.23,0.00,35037.59
2024,Стара Загора,Опан,7407,legal,6,1053285.40,288178.26,371874.04,0.00,1713337.70
2024,Стара Загора,Опан,7407,person,25,532061.45,126365.39,313109.60,0.00,971536.44
2024,Стара Загора,Опан,7407,sole-trader,1,870.98,0.00,5744.73,0.00,6615.71
2024,Стара Загора,Павел баня,7408,legal,32,1476510.22,1585114.57,1188362.03,0.00,4249986.82
2024,Стара Загора,Павел баня,7408,person,150,1613096.88,1339700.21,1584733.97,0.00,4537531.06
2024,Стара Загора,Павел баня,7408,sole-trader,6,533355.19,98880.73,545650.70,0.00,1177886.62
2024,Стара Загора,Раднево,7409,legal,19,3695693.16,1140162.67,1213162.84,0.00,6049018.67
2024,Стара Загора,Раднево,7409,person,117,2608670.31,166850.37,1321690.75,0.00,4097211.43
2024,Стара Загора,Раднево,7409,sole-trader,5,867074.69,0.00,423016.53,0.00,1290091.22
2024,Стара Загора,Стара Загора,7410,legal,226,21721462.62,9866177.17,9451986.89,0.00,41039626.68
2024,Стара Загора,Стара Загора,7410,person,614,11617060.07,3885528.48,6249925.00,0.00,21752513.55
2024,Стара Загора,Стара Загора,7410,sole-trader,36,4451959.92,67815.70,2770381.99,0.00,7290157.61
2024,Стара Загора,Чирпан,7411,legal,34,5215424.79,700173.69,2217604.29,0.00,8133202.77
2024,Стара Загора,Чирпан,7411,person,101,3288433.48,786932.12,1343754.40,0.00,5419120.00
2024,Стара Загора,Чирпан,7411,sole-trader,3,947437.25,138277.18,201856.87,0.00,1287571.30
2024,Търговище,Антоново,7501,legal,7,206621.66,282178.10,152839.91,0.00,641639.67
2024,Търговище,Антоново,7501,person,66,526411.22,365686.49,545821.07,0.00,1437918.78
2024,Търговище,Антоново,7501,sole-trader,1,9414.43,11390.58,26424.53,0.00,47229.54
2024,Търговище,Омуртаг,7502,legal,21,2009249.98,2582350.42,994624.83,0.00,5586225.23
2024,Търговище,Омуртаг,7502,person,293,3774675.21,1092608.57,2865847.35,0.00,7733131.13
2024,Търговище,Омуртаг,7502,sole-trader,2,12556.95,2514.88,9868.83,0.00,24940.66
2024,Търговище,Опака,7503,legal,11,2758976.48,1488245.70,1022774.77,0.00,5269996.95
2024,Търговище,Опака,7503,person,58,648271.74,246661.90,604165.68,0.00,1499099.32
2024,Търговище,Попово,7504,legal,60,8893472.35,2847954.71,3644681.12,0.00,15386108.18
2024,Търговище,Попово,7504,person,222,2546103.68,1842985.61,2315124.35,0.00,6704213.64
2024,Търговище,Попово,7504,sole-trader,12,1678192.60,209255.76,562613.72,0.00,2450062.08
2024,Търговище,Търговище,7505,legal,77,12322753.60,4175429.46,4015182.62,0.00,20513365.68
2024,Търговище,Търговище,7505,person,373,5214364.46,1616730.41,3408095.33,0.00,10239190.20
2024,Търговище,Търговище,7505,sole-trader,22,2899854.46,816220.56,1287671.49,0.00,5003746.51
2024,Хасково,Димитровград,7601,legal,57,7318765.91,517194.87,2744940.49,0.00,10580901.27
2024,Хасково,Димитровград,7601,person,279,5218763.55,984974.70,2652264.04,0.00,8856002.29
2024,Хасково,Димитровград,7601,sole-trader,6,847212.56,15352.73,302873.30,0.00,1165438.59
2024,Хасково,Ивайловград,7602,legal,17,517250.66,360367.54,342411.53,0.00,1220029.73
2024,Хасково,Ивайловград,7602,person,372,3257433.03,1074179.40,3670646.91,0.00,8002259.34
2024,Хасково,Ивайловград,7602,sole-trader,2,152938.47,12864.54,59409.50,0.00,225212.51
2024,Хасково,Любимец,7603,legal,22,1411873.22,435992.43,623948.38,0.00,2471814.03
2024,Хасково,Любимец,7603,person,185,2862709.55,1067354.74,2691053.32,0.00,6621117.61
2024,Хасково,Любимец,7603,sole-trader,1,29149.33,12.52,16588.64,0.00,45750.49
2024,Хасково,Маджарово,7604,legal,3,24074.35,5197.10,3807.46,0.00,33078.91
2024,Хасково,Маджарово,7604,person,102,2003974.54,1288529.42,2056560.64,0.00,5349064.60
2024,Хасково,Минерални бани,7605,legal,11,167919.71,1045994.96,204727.17,0.00,1418641.84
2024,Хасково,Минерални бани,7605,person,201,1790972.94,953867.43,1638391.00,0.00,4383231.37
2024,Хасково,Свиленград,7606,legal,54,3067256.30,6156926.36,1747502.87,0.00,10971685.53
2024,Хасково,Свиленград,7606,person,458,7808219.19,4603317.88,5681553.29,0.00,18093090.36
2024,Хасково,Свиленград,7606,sole-trader,11,1140804.95,337722.17,576272.10,0.00,2054799.22
2024,Хасково,Симеоновград,7607,legal,8,688399.88,2214412.50,223643.59,0.00,3126455.97
2024,Хасково,Симеоновград,7607,person,67,1295420.01,216699.57,1151367.65,0.00,2663487.23
2024,Хасково,Стамболово,7608,legal,13,604211.20,2841987.32,315951.67,0.00,3762150.19
2024,Хасково,Стамболово,7608,person,361,1632261.71,360353.26,2949685.05,0.00,4942300.02
2024,Хасково,Тополовград,7609,legal,19,1746426.82,789660.13,560298.29,0.00,3096385.24
2024,Хасково,Тополовград,7609,person,226,4670538.58,2330476.63,2249427.91,0.00,9250443.12
2024,Хасково,Тополовград,7609,sole-trader,11,439391.70,129269.54,152032.27,0.00,720693.51
2024,Хасково,Харманли,7610,legal,66,4912495.44,13807479.92,2224808.46,0.00,20944783.82
2024,Хасково,Харманли,7610,person,717,7382296.50,2939067.94,7873852.75,0.00,18195217.19
2024,Хасково,Харманли,7610,sole-trader,5,916665.27,282346.01,216342.40,0.00,1415353.68
2024,Хасково,Хасково,7611,legal,88,12341816.06,7817305.32,4354958.18,0.00,24514079.56
2024,Хасково,Хасково,7611,person,805,7213942.08,2415658.53,7636312.72,0.00,17265913.33
2024,Хасково,Хасково,7611,sole-trader,11,933264.15,18004.99,522729.31,0.00,1473998.45
2024,Шумен,Велики Преслав,7701,legal,18,1312167.82,2599139.63,693949.42,0.00,4605256.87
2024,Шумен,Велики Преслав,7701,person,89,645113.95,715679.99,529938.41,0.00,1890732.35
2024,Шумен,Велики Преслав,7701,sole-trader,2,25727.02,9492.03,10802.18,0.00,46021.23
2024,Шумен,Венец,7702,legal,14,1796850.53,1048407.13,858355.48,0.00,3703613.14
2024,Шумен,Венец,7702,person,109,1174554.38,63805.85,809205.88,0.00,2047566.11
2024,Шумен,Венец,7702,sole-trader,1,42997.05,0.00,19906.13,0.00,62903.18
2024,Шумен,Върбица,7703,legal,20,1237737.93,477291.15,503263.03,0.00,2218292.11
2024,Шумен,Върбица,7703,person,100,1734807.20,1126056.55,1007996.83,0.00,3868860.58
2024,Шумен,Каолиново,7704,legal,19,1294637.83,882629.63,604660.47,0.00,2781927.93
2024,Шумен,Каолиново,7704,person,525,4422638.36,564635.81,4776734.68,0.00,9764008.85
2024,Шумен,Каолиново,7704,sole-trader,3,536118.17,0.00,139256.43,0.00,675374.60
2024,Шумен,Каспичан,7705,legal,15,2002187.90,415346.65,595743.16,0.00,3013277.71
2024,Шумен,Каспичан,7705,person,36,569253.31,287810.73,362483.37,0.00,1219547.41
2024,Шумен,Каспичан,7705,sole-trader,3,610362.56,8219.84,257290.85,0.00,875873.25
2024,Шумен,Никола Козлево,7706,legal,13,836958.98,989120.93,285110.36,0.00,2111190.27
2024,Шумен,Никола Козлево,7706,person,114,1562745.77,111550.91,830614.22,0.00,2504910.90
2024,Шумен,Никола Козлево,7706,sole-trader,1,0.00,0.00,5814.63,0.00,5814.63
2024,Шумен,Нови пазар,7707,legal,25,1563832.93,1913956.23,640877.41,0.00,4118666.57
2024,Шумен,Нови пазар,7707,person,135,1533316.35,339060.44,1114814.55,0.00,2987191.34
2024,Шумен,Нови пазар,7707,sole-trader,2,222545.14,0.00,75223.58,0.00,297768.72
2024,Шумен,Смядово,7708,legal,8,348074.79,32144.30,117068.04,0.00,497287.13
2024,Шумен,Смядово,7708,person,29,343812.43,67414.36,223115.90,0.00,634342.69
2024,Шумен,Хитрино,7709,legal,20,2763075.42,1691651.97,999178.88,0.00,5453906.27
2024,Шумен,Хитрино,7709,person,75,1379861.83,65774.18,718913.30,0.00,2164549.31
2024,Шумен,Хитрино,7709,sole-trader,2,282599.58,0.00,123470.26,0.00,406069.84
2024,Шумен,Шумен,7710,legal,108,14353432.41,2937589.07,5706211.65,0.00,22997233.13
2024,Шумен,Шумен,7710,person,338,4475375.03,2361420.03,2959233.20,0.00,9796028.26
2024,Шумен,Шумен,7710,sole-trader,8,421114.13,34365.57,202202.40,0.00,657682.10
2024,Ямбол,Болярово,7801,legal,16,1314132.96,764215.42,310166.85,0.00,2388515.23
2024,Ямбол,Болярово,7801,person,87,3376101.72,1353534.57,1553895.48,0.00,6283531.77
2024,Ямбол,Болярово,7801,sole-trader,12,2438220.49,618597.13,654246.39,0.00,3711064.01
2024,Ямбол,Елхово,7802,legal,42,5056290.94,2888306.51,1319560.70,0.00,9264158.15
2024,Ямбол,Елхово,7802,person,168,3198633.87,1236377.66,1796843.44,0.00,6231854.97
2024,Ямбол,Елхово,7802,sole-trader,8,1617380.20,290918.81,360312.51,0.00,2268611.52
2024,Ямбол,Стралджа,7803,legal,34,5217755.35,1645480.11,1981408.20,0.00,8844643.66
2024,Ямбол,Стралджа,7803,person,175,3552377.62,685426.85,2067018.92,0.00,6304823.39
2024,Ямбол,Стралджа,7803,sole-trader,15,2161318.59,1222330.68,1639157.35,0.00,5022806.62
2024,Ямбол,Ямбол,7805,legal,149,15386547.81,9879913.12,4771680.35,0.00,30038141.28
2024,Ямбол,Ямбол,7805,person,308,4897179.95,1438745.63,2399487.15,0.00,8735412.73
2024,Ямбол,Ямбол,7805,sole-trader,25,3088462.42,912724.38,856604.69,0.00,4857791.49
2024,Ямбол,„Тунджа“,7804,legal,79,8327936.31,2117272.12,2860248.02,0.00,13305456.45
2024,Ямбол,„Тунджа“,7804,person,344,5810778.48,995521.35,3094592.14,0.00,9900891.97
2024,Ямбол,„Тунджа“,7804,sole-trader,13,1185960.01,914973.78,314529.57,0.00,2415463.36
2025,Благоевград,Банско,5101,legal,14,294314.38,595326.10,107499.40,0.00,997139.88
2025,Благоевград,Банско,5101,person,99,1524499.54,640647.39,469521.21,0.00,2634668.14
2025,Благоевград,Банско,5101,sole-trader,1,9828.74,3329.55,4646.33,0.00,17804.62
2025,Благоевград,Белица,5102,legal,5,137756.96,1016363.83,18507.37,0.00,1172628.16
2025,Благоевград,Белица,5102,person,107,777748.33,515689.80,298690.09,0.00,1592128.22
2025,Благоевград,Благоевград,5103,legal,47,2528128.95,1997337.17,772767.17,0.00,5298233.29
2025,Благоевград,Благоевград,5103,person,314,4550063.69,2377271.81,1184124.16,0.00,8111459.66
2025,Благоевград,Благоевград,5103,sole-trader,8,307365.20,99889.24,59419.43,0.00,466673.87
2025,Благоевград,Гоце Делчев,5104,legal,32,510988.66,3538417.95,637272.01,0.00,4686678.62
2025,Благоевград,Гоце Делчев,5104,person,235,1526083.72,1269948.92,1200541.84,0.00,3996574.48
2025,Благоевград,Гоце Делчев,5104,sole-trader,5,44563.47,495807.02,19689.86,0.00,560060.35
2025,Благоевград,Гърмен,5105,legal,10,140053.35,584825.02,92999.54,0.00,817877.91
2025,Благоевград,Гърмен,5105,person,570,866632.97,1138296.73,2985382.41,0.00,4990312.11
2025,Благоевград,Гърмен,5105,sole-trader,3,142979.12,72227.88,77626.63,0.00,292833.63
2025,Благоевград,Кресна,5106,legal,18,184620.80,445403.60,64995.11,0.00,695019.51
2025,Благоевград,Кресна,5106,person,89,949247.32,623119.80,357645.06,0.00,1930012.18
2025,Благоевград,Кресна,5106,sole-trader,2,41780.54,11546.28,13109.72,0.00,66436.54
2025,Благоевград,Петрич,5107,legal,55,2163916.81,2329062.86,145033.71,0.00,4638013.38
2025,Благоевград,Петрич,5107,person,665,6094499.83,2535253.53,2068079.11,0.00,10697832.47
2025,Благоевград,Петрич,5107,sole-trader,3,173623.04,30725.19,34562.51,0.00,238910.74
2025,Благоевград,Разлог,5108,legal,31,411266.08,3866628.05,96070.92,0.00,4373965.05
2025,Благоевград,Разлог,5108,person,151,2280061.14,1405373.75,843173.48,0.00,4528608.37
2025,Благоевград,Разлог,5108,sole-trader,1,12361.97,5728.62,2545.28,0.00,20635.87
2025,Благоевград,Сандански,5109,legal,45,1248293.20,1014907.12,282097.74,0.00,2545298.06
2025,Благоевград,Сандански,5109,person,405,6673104.07,3619020.00,2366972.37,0.00,12659096.44
2025,Благоевград,Сандански,5109,sole-trader,9,938200.94,29127.94,40948.13,0.00,1008277.01
2025,Благоевград,Сатовча,5110,legal,8,54237.78,1734101.93,13847.81,0.00,1802187.52
2025,Благоевград,Сатовча,5110,person,785,864718.15,872730.99,4140944.26,0.00,5878393.40
2025,Благоевград,Сатовча,5110,sole-trader,1,10643.77,12244.80,9044.79,0.00,31933.36
2025,Благоевград,Симитли,5111,legal,9,1347994.80,829882.36,346879.36,0.00,2524756.52
2025,Благоевград,Симитли,5111,person,304,1610702.86,1152603.51,1517313.04,0.00,4280619.41
2025,Благоевград,Симитли,5111,sole-trader,3,72750.15,25297.09,42232.68,0.00,140279.92
2025,Благоевград,Струмяни,5112,legal,5,200450.71,42844.65,22561.32,0.00,265856.68
2025,Благоевград,Струмяни,5112,person,104,821702.49,412149.47,270869.81,0.00,1504721.77
2025,Благоевград,Хаджидимово,5113,legal,13,501938.01,3037576.29,382170.27,0.00,3921684.57
2025,Благоевград,Хаджидимово,5113,person,443,1398241.99,667384.94,2165670.64,0.00,4231297.57
2025,Благоевград,Якоруда,5114,legal,4,140287.03,1503958.77,70514.51,0.00,1714760.31
2025,Благоевград,Якоруда,5114,person,159,1194655.37,861247.76,535680.21,0.00,2591583.34
2025,Бургас,Айтос,5201,legal,51,5456039.37,1170009.23,1383796.64,0.00,8009845.24
2025,Бургас,Айтос,5201,person,457,5223504.85,1585994.48,1577675.23,0.00,8387174.56
2025,Бургас,Айтос,5201,sole-trader,4,220904.24,157976.91,43573.24,0.00,422454.39
2025,Бургас,Бургас,5202,legal,184,24468015.92,7568327.82,3983935.95,0.00,36020279.69
2025,Бургас,Бургас,5202,person,442,9184300.05,2467529.28,1798664.50,0.00,13450493.83
2025,Бургас,Бургас,5202,sole-trader,17,2545663.08,1562766.43,356729.35,0.00,4465158.86
2025,Бургас,Камено,5203,legal,26,4269720.14,2290027.74,632837.47,0.00,7192585.35
2025,Бургас,Камено,5203,person,73,3246205.18,237166.84,668880.81,0.00,4152252.83
2025,Бургас,Камено,5203,sole-trader,2,375081.63,0.00,71594.16,0.00,446675.79
2025,Бургас,Карнобат,5204,legal,69,13506866.78,16627980.00,2098183.86,0.00,32233030.64
2025,Бургас,Карнобат,5204,person,222,3276462.62,716547.90,1255183.41,0.00,5248193.93
2025,Бургас,Карнобат,5204,sole-trader,21,3747379.51,688657.20,531707.77,0.00,4967744.48
2025,Бургас,Малко Търново,5205,legal,6,158846.41,1495744.49,43258.82,0.00,1697849.72
2025,Бургас,Малко Търново,5205,person,26,377583.69,238722.04,62063.98,0.00,678369.71
2025,Бургас,Несебър,5206,legal,20,2959128.55,2919083.95,489176.84,0.00,6367389.34
2025,Бургас,Несебър,5206,person,83,1200252.56,402108.79,377740.71,0.00,1980102.06
2025,Бургас,Несебър,5206,sole-trader,2,13380.71,390767.23,3719.08,0.00,407867.02
2025,Бургас,Поморие,5207,legal,48,6466215.85,2754203.17,651127.66,0.00,9871546.68
2025,Бургас,Поморие,5207,person,179,2447008.06,747118.80,558968.40,0.00,3753095.26
2025,Бургас,Поморие,5207,sole-trader,5,388075.07,55546.48,23205.70,0.00,466827.25
2025,Бургас,Приморско,5208,legal,5,22257.48,1043359.59,6875.10,0.00,1072492.17
2025,Бургас,Приморско,5208,person,34,659074.28,68593.22,153780.67,0.00,881448.17
2025,Бургас,Руен,5209,legal,18,1870041.72,939436.91,242572.16,0.00,3052050.79
2025,Бургас,Руен,5209,person,375,4114411.56,1289039.51,1249744.05,0.00,6653195.12
2025,Бургас,Руен,5209,sole-trader,5,350920.71,0.00,220601.69,0.00,571522.40
2025,Бургас,Созопол,5210,legal,7,390173.94,1454429.45,62762.35,0.00,1907365.74
2025,Бургас,Созопол,5210,person,40,639546.21,16786.66,352527.77,0.00,1008860.64
2025,Бургас,Созопол,5210,sole-trader,1,2979.04,0.00,1105.60,0.00,4084.64
2025,Бургас,Средец,5211,legal,35,3361672.94,1887831.74,478884.45,0.00,5728389.13
2025,Бургас,Средец,5211,person,137,5442553.73,1710217.93,925551.48,0.00,8078323.14
2025,Бургас,Средец,5211,sole-trader,4,127090.21,21097.36,56935.24,0.00,205122.81
2025,Бургас,Сунгурларе,5212,legal,23,3672778.71,4126548.48,333101.31,0.00,8132428.50
2025,Бургас,Сунгурларе,5212,person,251,2886420.96,758529.75,1253884.96,0.00,4898835.67
2025,Бургас,Сунгурларе,5212,sole-trader,5,422026.22,1108.63,100962.58,0.00,524097.43
2025,Бургас,Царево,5213,legal,12,337528.46,1498509.52,33489.43,0.00,1869527.41
2025,Бургас,Царево,5213,person,50,483379.67,235199.09,201420.15,0.00,919998.91
2025,Варна,Аврен,5301,legal,16,1596639.09,2470845.76,321987.95,0.00,4389472.80
2025,Варна,Аврен,5301,person,40,750487.94,104510.59,248829.31,0.00,1103827.84
2025,Варна,Аксаково,5302,legal,17,1339018.52,3354871.43,187044.00,0.00,4880933.95
2025,Варна,Аксаково,5302,person,31,405768.13,144702.46,190581.57,0.00,741052.16
2025,Варна,Аксаково,5302,sole-trader,2,183860.54,353315.71,64075.14,0.00,601251.39
2025,Варна,Белослав,5303,legal,5,295189.66,1858640.87,54055.22,0.00,2207885.75
2025,Варна,Белослав,5303,person,23,211523.67,116047.46,154759.23,0.00,482330.36
2025,Варна,Бяла,5304,legal,4,13964.57,320491.09,7258.50,0.00,341714.16
2025,Варна,Бяла,5304,person,5,11082.51,13852.43,9625.86,0.00,34560.80
2025,Варна,Варна,5305,legal,250,23099728.52,14155687.09,6028778.76,0.00,43284194.37
2025,Варна,Варна,5305,person,354,4542824.15,2822605.06,1279624.54,0.00,8645053.75
2025,Варна,Варна,5305,sole-trader,22,3149748.41,788879.48,562845.69,0.00,4501473.58
2025,Варна,Ветрино,5306,legal,19,3097833.45,3037174.64,523829.77,0.00,6658837.86
2025,Варна,Ветрино,5306,person,38,548108.81,33633.03,184418.12,0.00,766159.96
2025,Варна,Ветрино,5306,sole-trader,3,693973.91,3219.07,144450.89,0.00,841643.87
2025,Варна,Вълчи дол,5307,legal,24,7227689.64,2701073.38,1585835.37,0.00,11514598.39
2025,Варна,Вълчи дол,5307,person,107,2103667.24,124755.27,589144.67,0.00,2817567.18
2025,Варна,Вълчи дол,5307,sole-trader,4,702691.64,47307.72,148716.17,0.00,898715.53
2025,Варна,Девня,5308,legal,11,897825.15,1660939.05,161697.02,0.00,2720461.22
2025,Варна,Девня,5308,person,15,239999.83,36782.72,45913.40,0.00,322695.95
2025,Варна,Девня,5308,sole-trader,2,203916.93,0.00,36311.82,0.00,240228.75
2025,Варна,Долни чифлик,5309,legal,20,1880413.41,2126360.65,328455.90,0.00,4335229.96
2025,Варна,Долни чифлик,5309,person,79,753829.40,299648.30,281797.10,0.00,1335274.80
2025,Варна,Долни чифлик,5309,sole-trader,1,224161.18,0.00,35025.73,0.00,259186.91
2025,Варна,Дългопол,5310,legal,20,1982207.20,1524859.00,378719.00,0.00,3885785.20
2025,Варна,Дългопол,5310,person,33,223462.82,74168.00,160851.81,0.00,458482.63
2025,Варна,Дългопол,5310,sole-trader,1,5256.04,3430.63,703.32,0.00,9389.99
2025,Варна,Провадия,5311,legal,27,3526085.07,953836.00,605681.13,0.00,5085602.20
2025,Варна,Провадия,5311,person,82,1169435.62,514259.40,374465.82,0.00,2058160.84
2025,Варна,Провадия,5311,sole-trader,14,2269752.67,1223555.73,547613.90,0.00,4040922.30
2025,Варна,Суворово,5312,legal,11,2445928.52,132196.49,415182.57,0.00,2993307.58
2025,Варна,Суворово,5312,person,26,603304.27,46920.82,174672.96,0.00,824898.05
2025,Велико Търново,Велико Търново,5401,legal,91,14264013.73,5417861.92,2618670.64,0.00,22300546.29
2025,Велико Търново,Велико Търново,5401,person,186,2568513.23,1201652.25,792591.51,0.00,4562756.99
2025,Велико Търново,Велико Търново,5401,sole-trader,6,1395504.90,338.14,281571.28,0.00,1677414.32
2025,Велико Търново,Горна Оряховица,5402,legal,52,7081163.37,1459622.82,1377365.98,0.00,9918152.17
2025,Велико Търново,Горна Оряховица,5402,person,112,1991246.44,453399.68,521595.81,0.00,2966241.93
2025,Велико Търново,Горна Оряховица,5402,sole-trader,6,544606.11,5265.02,114281.04,0.00,664152.17
2025,Велико Търново,Елена,5403,legal,26,302404.61,2875272.98,25293.04,0.00,3202970.63
2025,Велико Търново,Елена,5403,person,182,2203570.08,1455178.06,427904.26,0.00,4086652.40
2025,Велико Търново,Елена,5403,sole-trader,2,9275.80,17189.45,4141.86,0.00,30607.11
2025,Велико Търново,Златарица,5404,legal,9,251441.76,88373.16,32270.07,0.00,372084.99
2025,Велико Търново,Златарица,5404,person,71,1380359.36,275641.58,290145.66,0.00,1946146.60
2025,Велико Търново,Лясковец,5405,legal,27,2190467.32,3875937.15,392619.48,0.00,6459023.95
2025,Велико Търново,Лясковец,5405,person,50,1430082.46,292229.74,455273.86,0.00,2177586.06
2025,Велико Търново,Лясковец,5405,sole-trader,4,306723.42,16555.85,158068.72,0.00,481347.99
2025,Велико Търново,Павликени,5406,legal,86,10890734.16,4426745.28,2310630.26,0.00,17628109.70
2025,Велико Търново,Павликени,5406,person,131,1763034.59,182095.86,477545.89,0.00,2422676.34
2025,Велико Търново,Павликени,5406,sole-trader,18,1969542.04,52882.82,412725.81,0.00,2435150.67
2025,Велико Търново,Полски Тръмбеш,5407,legal,38,4096400.55,1886681.50,719910.74,0.00,6702992.79
2025,Велико Търново,Полски Тръмбеш,5407,person,104,2461714.65,885383.81,803449.43,0.00,4150547.89
2025,Велико Търново,Полски Тръмбеш,5407,sole-trader,3,127666.91,0.00,44152.76,0.00,171819.67
2025,Велико Търново,Свищов,5408,legal,67,16431383.73,3837161.84,2786301.73,0.00,23054847.30
2025,Велико Търново,Свищов,5408,person,151,3626054.73,1001493.26,917802.25,0.00,5545350.24
2025,Велико Търново,Свищов,5408,sole-trader,2,263746.24,119846.09,48876.91,0.00,432469.24
2025,Велико Търново,Стражица,5409,legal,23,2705435.55,358195.77,448195.19,0.00,3511826.51
2025,Велико Търново,Стражица,5409,person,81,969563.81,361006.44,308462.70,0.00,1639032.95
2025,Велико Търново,Стражица,5409,sole-trader,6,943328.08,0.00,192700.48,0.00,1136028.56
2025,Велико Търново,Сухиндол,5410,legal,8,383108.15,1158331.10,137409.32,0.00,1678848.57
2025,Велико Търново,Сухиндол,5410,person,19,455029.13,29798.03,83742.15,0.00,568569.31
2025,Велико Търново,Сухиндол,5410,sole-trader,3,48769.30,3119.50,12636.43,0.00,64525.23
2025,Видин,Белоградчик,5501,legal,13,4344230.52,2627554.03,61244.22,0.00,7033028.77
2025,Видин,Белоградчик,5501,person,69,1246363.04,533124.61,131584.92,0.00,1911072.57
2025,Видин,Бойница,5502,person,1,15513.42,0.00,1514.00,0.00,17027.42
2025,Видин,Брегово,5503,legal,11,687463.34,962933.00,134238.03,0.00,1784634.37
2025,Видин,Брегово,5503,person,50,1151805.02,127035.68,195448.78,0.00,1474289.48
2025,Видин,Видин,5504,legal,57,6806373.21,1101869.69,1267692.31,0.00,9175935.21
2025,Видин,Видин,5504,person,297,6989414.74,1863301.11,1200196.69,0.00,10052912.54
2025,Видин,Видин,5504,sole-trader,3,95985.62,8053.85,21308.86,0.00,125348.33
2025,Видин,Грамада,5505,legal,2,235689.97,0.00,48086.86,0.00,283776.83
2025,Видин,Грамада,5505,person,10,153761.86,0.00,27765.56,0.00,181527.42
2025,Видин,Димово,5506,legal,13,1320236.11,1789412.27,191467.49,0.00,3301115.87
2025,Видин,Димово,5506,person,26,955318.30,0.00,251284.76,0.00,1206603.06
2025,Видин,Димово,5506,sole-trader,3,267551.49,60580.78,51292.31,0.00,379424.58
2025,Видин,Кула,5507,legal,10,2421196.51,188716.61,360989.64,0.00,2970902.76
2025,Видин,Кула,5507,person,29,495130.42,275532.38,112876.34,0.00,883539.14
2025,Видин,Макреш,5508,person,14,745546.54,63697.84,144560.96,0.00,953805.34
2025,Видин,Макреш,5508,sole-trader,2,284986.12,20558.23,61794.13,0.00,367338.48
2025,Видин,Ново село,5509,legal,4,1637789.85,0.00,183693.08,0.00,1821482.93
2025,Видин,Ново село,5509,person,40,826781.71,72911.40,188549.22,0.00,1088242.33
2025,Видин,Ново село,5509,sole-trader,1,113155.43,0.00,21499.24,0.00,134654.67
2025,Видин,Ружинци,5510,legal,2,24379.40,343242.59,0.00,0.00,367621.99
2025,Видин,Ружинци,5510,person,30,553061.89,58931.24,164228.18,0.00,776221.31
2025,Видин,Чупрене,5511,legal,8,115279.29,526021.75,20244.40,0.00,661545.44
2025,Видин,Чупрене,5511,person,27,288274.58,224284.37,34361.52,0.00,546920.47
2025,Враца,Борован,5601,legal,13,1073667.39,963041.78,198952.42,0.00,2235661.59
2025,Враца,Борован,5601,person,45,893930.77,579636.55,463717.11,0.00,1937284.43
2025,Враца,Бяла Слатина,5602,legal,51,6133422.69,2445293.79,2190643.36,0.00,10769359.84
2025,Враца,Бяла Слатина,5602,person,194,3691997.68,827867.05,1404167.27,0.00,5924032.00
2025,Враца,Бяла Слатина,5602,sole-trader,4,908351.03,0.00,173237.02,0.00,1081588.05
2025,Враца,Враца,5603,legal,90,8315172.64,4339380.71,1624672.75,0.00,14279226.10
2025,Враца,Враца,5603,person,319,6739764.13,2152791.85,1644479.47,0.00,10537035.45
2025,Враца,Враца,5603,sole-trader,9,952097.82,481555.67,214401.07,0.00,1648054.56
2025,Враца,Козлодуй,5605,legal,14,2217269.10,1517437.29,406929.48,0.00,4141635.87
2025,Враца,Козлодуй,5605,person,73,1515992.50,618246.19,482136.65,0.00,2616375.34
2025,Враца,Козлодуй,5605,sole-trader,4,104979.91,23252.92,138510.22,0.00,266743.05
2025,Враца,Криводол,5606,legal,10,2416341.31,973035.57,308036.73,0.00,3697413.61
2025,Враца,Криводол,5606,person,53,1406708.54,154745.97,335967.15,0.00,1897421.66
2025,Враца,Мездра,5607,legal,14,276143.07,3048760.37,40698.95,0.00,3365602.39
2025,Враца,Мездра,5607,person,95,2498565.53,1088246.60,559729.35,0.00,4146541.48
2025,Враца,Мизия,5608,legal,29,2912295.07,2453775.18,739872.25,0.00,6105942.50
2025,Враца,Мизия,5608,person,37,776495.09,605431.11,229086.84,0.00,1611013.04
2025,Враца,Мизия,5608,sole-trader,3,92364.43,0.00,27721.06,0.00,120085.49
2025,Враца,Оряхово,5609,legal,16,2282518.25,1663843.17,450796.81,0.00,4397158.23
2025,Враца,Оряхово,5609,person,29,686481.58,72971.57,179485.98,0.00,938939.13
2025,Враца,Роман,5610,legal,12,1429846.18,590637.70,236030.76,0.00,2256514.64
2025,Враца,Роман,5610,person,67,1138185.64,617728.59,409189.19,0.00,2165103.42
2025,Враца,Роман,5610,sole-trader,1,0.00,24674.73,0.00,0.00,24674.73
2025,Враца,Хайредин,5611,legal,13,1169004.28,1112287.49,291700.67,0.00,2572992.44
2025,Враца,Хайредин,5611,person,58,1031230.59,292333.71,289293.54,0.00,1612857.84
2025,Габрово,Габрово,5701,legal,26,983795.44,904973.46,435152.52,0.00,2323921.42
2025,Габрово,Габрово,5701,person,249,2076595.88,1277300.68,278846.91,0.00,3632743.47
2025,Габрово,Габрово,5701,sole-trader,3,45411.67,1499.39,8288.65,0.00,55199.71
2025,Габрово,Дряново,5702,legal,10,746903.77,5001185.05,1568961.52,0.00,7317050.34
2025,Габрово,Дряново,5702,person,39,642729.93,326941.12,130379.33,0.00,1100050.38
2025,Габрово,Дряново,5702,sole-trader,1,17483.62,11681.99,0.00,0.00,29165.61
2025,Габрово,Севлиево,5703,legal,40,4442902.46,2582896.06,955238.93,0.00,7981037.45
2025,Габрово,Севлиево,5703,person,154,1967505.19,577646.14,403463.72,0.00,2948615.05
2025,Габрово,Севлиево,5703,sole-trader,3,59506.79,0.00,24248.26,0.00,83755.05
2025,Габрово,Трявна,5704,legal,8,429798.81,2098419.17,76871.78,0.00,2605089.76
2025,Габрово,Трявна,5704,person,69,611404.80,459485.10,42569.69,0.00,1113459.59
2025,Габрово,Трявна,5704,sole-trader,1,0.00,45000.00,0.00,0.00,45000.00
2025,Добрич,Балчик,5801,legal,48,9188187.52,490805.61,1487454.63,0.00,11166447.76
2025,Добрич,Балчик,5801,person,58,962667.76,508632.17,395982.55,0.00,1867282.48
2025,Добрич,Балчик,5801,sole-trader,10,1231753.89,0.00,234981.27,0.00,1466735.16
2025,Добрич,Генерал Тошево,5802,legal,101,9657671.35,4008089.41,1884913.01,0.00,15550673.77
2025,Добрич,Генерал Тошево,5802,person,264,3249554.62,583114.95,775920.82,0.00,4608590.39
2025,Добрич,Генерал Тошево,5802,sole-trader,26,3848658.19,111450.03,889181.38,0.00,4849289.60
2025,Добрич,Добрич,5803,legal,272,26095635.62,6477661.23,5406965.48,0.00,37980262.33
2025,Добрич,Добрич,5803,person,625,10292196.44,2043875.13,2821889.90,0.00,15157961.47
2025,Добрич,Добрич,5803,sole-trader,45,8635043.16,1825109.85,1669427.46,0.00,12129580.47
2025,Добрич,Добричка,5804,legal,82,12912255.91,590600.04,2496641.03,0.00,15999496.98
2025,Добрич,Добричка,5804,person,180,3855744.17,744083.47,1647908.61,0.00,6247736.25
2025,Добрич,Добричка,5804,sole-trader,10,1242063.69,62449.87,359641.69,0.00,1664155.25
2025,Добрич,Каварна,5805,legal,62,10472800.15,3265216.76,1584163.96,0.00,15322180.87
2025,Добрич,Каварна,5805,person,191,2926270.14,741409.71,675426.21,0.00,4343106.06
2025,Добрич,Каварна,5805,sole-trader,15,2386740.10,551767.37,340240.99,0.00,3278748.46
2025,Добрич,Крушари,5806,legal,18,2390291.67,511487.16,428427.06,0.00,3330205.89
2025,Добрич,Крушари,5806,person,99,2081775.94,174933.00,573109.73,0.00,2829818.67
2025,Добрич,Крушари,5806,sole-trader,3,1380103.67,314.88,191290.34,0.00,1571708.89
2025,Добрич,Тервел,5807,legal,39,4014424.58,2693092.12,741999.09,0.00,7449515.79
2025,Добрич,Тервел,5807,person,299,5167853.68,1314141.47,1363513.27,0.00,7845508.42
2025,Добрич,Тервел,5807,sole-trader,7,498366.91,22224.37,136938.45,0.00,657529.73
2025,Добрич,Шабла,5808,legal,27,3867504.56,1579940.18,728861.00,0.00,6176305.74
2025,Добрич,Шабла,5808,person,73,1057446.96,49239.93,240066.62,0.00,1346753.51
2025,Добрич,Шабла,5808,sole-trader,6,1363621.05,84651.72,252254.77,0.00,1700527.54
2025,Кърджали,Ардино,5901,legal,6,60832.05,2207415.55,356629.84,0.00,2624877.44
2025,Кърджали,Ардино,5901,person,121,867924.53,742566.83,630101.18,0.00,2240592.54
2025,Кърджали,Ардино,5901,sole-trader,2,38750.40,558.89,674011.95,0.00,713321.24
2025,Кърджали,Джебел,5902,legal,7,52624.02,921564.15,79397.52,0.00,1053585.69
2025,Кърджали,Джебел,5902,person,130,916592.23,400648.21,756343.72,0.00,2073584.16
2025,Кърджали,Кирково,5903,legal,10,15838.08,609350.68,3834.17,0.00,629022.93
2025,Кърджали,Кирково,5903,person,871,1495954.46,577165.59,4199886.63,0.00,6273006.68
2025,Кърджали,Кирково,5903,sole-trader,2,35562.86,94400.00,79029.92,0.00,208992.78
2025,Кърджали,Крумовград,5904,legal,8,83963.92,800998.50,13809.80,0.00,898772.22
2025,Кърджали,Крумовград,5904,person,1398,3800942.82,2291308.00,7091190.01,0.00,13183440.83
2025,Кърджали,Крумовград,5904,sole-trader,1,7741.08,0.00,52135.61,0.00,59876.69
2025,Кърджали,Кърджали,5905,legal,26,916009.29,2279202.17,898869.67,0.00,4094081.13
2025,Кърджали,Кърджали,5905,person,478,3552815.78,1633803.67,1737139.08,0.00,6923758.53
2025,Кърджали,Кърджали,5905,sole-trader,2,5072.44,7490.80,2971.05,0.00,15534.29
2025,Кърджали,Момчилград,5906,legal,9,259553.94,2585402.33,122060.88,0.00,2967017.15
2025,Кърджали,Момчилград,5906,person,306,2811187.63,2332584.82,1668079.20,0.00,6811851.65
2025,Кърджали,Черноочене,5907,legal,9,123237.11,1932424.18,68668.30,0.00,2124329.59
2025,Кърджали,Черноочене,5907,person,373,1734972.92,736991.40,1421376.70,0.00,3893341.02
2025,Кърджали,Черноочене,5907,sole-trader,2,23851.86,123890.18,10397.40,0.00,158139.44
2025,Кюстендил,Бобовдол,6001,legal,10,666744.31,63748.59,89685.27,0.00,820178.17
2025,Кюстендил,Бобовдол,6001,person,28,282020.22,84700.39,29382.79,0.00,396103.40
2025,Кюстендил,Бобошево,6002,legal,8,397838.39,1364772.28,183795.34,0.00,1946406.01
2025,Кюстендил,Бобошево,6002,person,26,329508.95,166704.09,66767.91,0.00,562980.95
2025,Кюстендил,Дупница,6003,legal,18,768315.15,180599.52,147206.69,0.00,1096121.36
2025,Кюстендил,Дупница,6003,person,132,2512759.10,1295299.61,419030.08,0.00,4227088.79
2025,Кюстендил,Дупница,6003,sole-trader,3,360044.63,14719.32,56670.28,0.00,431434.23
2025,Кюстендил,Кочериново,6004,legal,5,140024.55,1018595.47,17867.22,0.00,1176487.24
2025,Кюстендил,Кочериново,6004,person,35,771431.50,732554.93,265866.02,0.00,1769852.45
2025,Кюстендил,Кочериново,6004,sole-trader,1,35417.10,20530.34,7305.16,0.00,63252.60
2025,Кюстендил,Кюстендил,6005,legal,49,1477675.85,4856864.34,304457.72,0.00,6638997.91
2025,Кюстендил,Кюстендил,6005,person,587,6980662.52,4291007.55,1148223.68,0.00,12419893.75
2025,Кюстендил,Кюстендил,6005,sole-trader,2,56068.86,53244.11,10805.76,0.00,120118.73
2025,Кюстендил,Невестино,6006,legal,4,50585.10,17115.89,8551.04,0.00,76252.03
2025,Кюстендил,Невестино,6006,person,35,537392.03,195445.47,62514.68,0.00,795352.18
2025,Кюстендил,Рила,6007,legal,9,583828.72,179430.31,47840.38,0.00,811099.41
2025,Кюстендил,Рила,6007,person,29,242123.26,240911.26,99589.06,0.00,582623.58
2025,Кюстендил,Сапарева баня,6008,legal,9,121159.11,2471301.13,13336.31,0.00,2605796.55
2025,Кюстендил,Сапарева баня,6008,person,88,1851990.00,1232897.66,354127.32,0.00,3439014.98
2025,Кюстендил,Трекляно,6009,legal,1,60862.95,61486.32,17765.24,0.00,140114.51
2025,Кюстендил,Трекляно,6009,person,18,212189.15,150476.41,10488.07,0.00,373153.63
2025,Ловеч,Априлци,6101,legal,7,10665.91,919704.26,0.00,0.00,930370.17
2025,Ловеч,Априлци,6101,person,51,499631.80,274854.15,102231.16,0.00,876717.11
2025,Ловеч,Априлци,6101,sole-trader,2,0.00,148950.00,4843.01,0.00,153793.01
2025,Ловеч,Летница,6102,legal,8,2351911.66,4609740.72,283784.17,0.00,7245436.55
2025,Ловеч,Летница,6102,person,27,668928.09,7811.15,134027.66,0.00,810766.90
2025,Ловеч,Летница,6102,sole-trader,1,192926.42,0.00,31546.97,0.00,224473.39
2025,Ловеч,Ловеч,6103,legal,69,7813445.76,3733323.98,1334659.50,0.00,12881429.24
2025,Ловеч,Ловеч,6103,person,151,3611302.57,776660.52,873159.53,0.00,5261122.62
2025,Ловеч,Ловеч,6103,sole-trader,11,1073147.52,637566.78,214833.28,0.00,1925547.58
2025,Ловеч,Луковит,6104,legal,26,1749371.76,2144695.10,353884.21,0.00,4247951.07
2025,Ловеч,Луковит,6104,person,65,1071868.38,351348.63,315615.96,0.00,1738832.97
2025,Ловеч,Луковит,6104,sole-trader,2,142364.87,1655.82,37008.71,0.00,181029.40
2025,Ловеч,Тетевен,6105,legal,11,234266.79,1391466.00,26859.47,0.00,1652592.26
2025,Ловеч,Тетевен,6105,person,89,913853.36,580342.44,246094.38,0.00,1740290.18
2025,Ловеч,Тетевен,6105,sole-trader,1,26570.71,3181.96,9377.29,0.00,39129.96
2025,Ловеч,Троян,6106,legal,39,14673859.28,3465319.70,1894127.95,0.00,20033306.93
2025,Ловеч,Троян,6106,person,169,3147902.86,1498109.72,760683.90,0.00,5406696.48
2025,Ловеч,Троян,6106,sole-trader,8,10847344.43,782919.80,1754914.39,0.00,13385178.62
2025,Ловеч,Угърчин,6107,legal,22,2564365.28,2107919.54,390756.90,0.00,5063041.72
2025,Ловеч,Угърчин,6107,person,49,540049.37,191323.12,167371.27,0.00,898743.76
2025,Ловеч,Угърчин,6107,sole-trader,1,765462.03,99782.57,101476.18,0.00,966720.78
2025,Ловеч,Ябланица,6108,legal,10,405346.55,1316490.79,71965.05,0.00,1793802.39
2025,Ловеч,Ябланица,6108,person,47,868150.93,228867.66,211574.13,0.00,1308592.72
2025,Монтана,Берковица,6201,legal,35,1147525.02,4293192.78,159833.13,0.00,5600550.93
2025,Монтана,Берковица,6201,person,139,1674041.99,895972.35,258308.41,0.00,2828322.75
2025,Монтана,Берковица,6201,sole-trader,2,36388.97,1242.89,10969.25,0.00,48601.11
2025,Монтана,Бойчиновци,6202,legal,20,1441574.80,1271201.86,280789.85,0.00,2993566.51
2025,Монтана,Бойчиновци,6202,person,68,1350881.51,36218.95,346471.23,0.00,1733571.69
2025,Монтана,Бойчиновци,6202,sole-trader,4,388579.09,0.00,73623.36,0.00,462202.45
2025,Монтана,Брусарци,6203,legal,8,548026.75,961501.64,91891.55,0.00,1601419.94
2025,Монтана,Брусарци,6203,person,25,793378.87,14111.38,227674.44,0.00,1035164.69
2025,Монтана,Брусарци,6203,sole-trader,2,327842.58,0.00,60323.19,0.00,388165.77
2025,Монтана,Вълчедръм,6204,legal,28,16821066.87,2930905.63,2189339.16,0.00,21941311.66
2025,Монтана,Вълчедръм,6204,person,100,2608289.99,846956.36,670883.78,0.00,4126130.13
2025,Монтана,Вършец,6205,legal,8,111368.42,954314.34,19840.51,0.00,1085523.27
2025,Монтана,Вършец,6205,person,82,1124510.34,468846.42,183469.14,0.00,1776825.90
2025,Монтана,Вършец,6205,sole-trader,2,82232.52,116839.09,15751.82,0.00,214823.43
2025,Монтана,Георги Дамяново,6206,legal,3,38890.46,1762507.55,10777.86,0.00,1812175.87
2025,Монтана,Георги Дамяново,6206,person,24,290376.12,226369.60,85096.74,0.00,601842.46
2025,Монтана,Лом,6207,legal,29,3008986.83,2377964.82,521311.80,0.00,5908263.45
2025,Монтана,Лом,6207,person,66,1162315.75,522908.84,392778.38,0.00,2078002.97
2025,Монтана,Лом,6207,sole-trader,3,342473.08,0.00,75440.72,0.00,417913.80
2025,Монтана,Медковец,6208,legal,16,1113232.54,1062359.26,233127.75,0.00,2408719.55
2025,Монтана,Медковец,6208,person,50,1061434.44,51300.64,243798.65,0.00,1356533.73
2025,Монтана,Монтана,6209,legal,75,10709375.42,1799779.78,2675562.02,0.00,15184717.22
2025,Монтана,Монтана,6209,person,302,4469713.71,1358428.81,990785.55,0.00,6818928.07
2025,Монтана,Монтана,6209,sole-trader,5,593056.12,14539.32,132301.11,0.00,739896.55
2025,Монтана,Чипровци,6210,legal,3,16472.13,1272894.85,10748.00,0.00,1300114.98
2025,Монтана,Чипровци,6210,person,48,461473.90,344721.45,87414.09,0.00,893609.44
2025,Монтана,Якимово,6211,legal,4,1245634.41,0.00,233338.22,0.00,1478972.63
2025,Монтана,Якимово,6211,person,41,1097767.00,308629.03,264795.64,0.00,1671191.67
2025,Пазарджик,Батак,6301,legal,3,171165.99,151330.83,46728.77,0.00,369225.59
2025,Пазарджик,Батак,6301,person,26,389741.90,213681.29,80991.02,0.00,684414.21
2025,Пазарджик,Белово,6302,legal,6,175790.24,3696952.63,29592.22,0.00,3902335.09
2025,Пазарджик,Белово,6302,person,57,563942.69,290302.57,121908.61,0.00,976153.87
2025,Пазарджик,Брацигово,6303,legal,6,219226.97,2138149.22,32909.64,0.00,2390285.83
2025,Пазарджик,Брацигово,6303,person,94,696904.91,295942.25,147096.40,0.00,1139943.56
2025,Пазарджик,Брацигово,6303,sole-trader,1,3242.08,404.22,720.72,0.00,4367.02
2025,Пазарджик,Велинград,6304,legal,15,558241.37,599356.12,1039360.45,0.00,2196957.94
2025,Пазарджик,Велинград,6304,person,204,1091143.82,536748.15,646756.61,0.00,2274648.58
2025,Пазарджик,Велинград,6304,sole-trader,1,197412.02,390699.61,31851.37,0.00,619963.00
2025,Пазарджик,Лесичово,6305,legal,8,265116.73,216988.93,48085.22,0.00,530190.88
2025,Пазарджик,Лесичово,6305,person,39,566173.03,308236.18,158439.50,0.00,1032848.71
2025,Пазарджик,Лесичово,6305,sole-trader,1,71320.28,17610.57,9483.62,0.00,98414.47
2025,Пазарджик,Пазарджик,6306,legal,147,11482586.33,6313804.80,3113874.60,0.00,20910265.73
2025,Пазарджик,Пазарджик,6306,person,480,5543381.91,2905159.74,1576798.77,0.00,10025340.42
2025,Пазарджик,Пазарджик,6306,sole-trader,9,1141744.11,132490.75,620936.91,0.00,1895171.77
2025,Пазарджик,Панагюрище,6307,legal,31,1640913.57,2962600.84,216840.96,0.00,4820355.37
2025,Пазарджик,Панагюрище,6307,person,248,4662282.99,2517968.89,882384.20,0.00,8062636.08
2025,Пазарджик,Панагюрище,6307,sole-trader,1,4940.16,1337.77,4340.73,0.00,10618.66
2025,Пазарджик,Пещера,6308,legal,13,623808.21,1321372.80,216530.84,0.00,2161711.85
2025,Пазарджик,Пещера,6308,person,45,453487.19,1009830.81,159045.00,0.00,1622363.00
2025,Пазарджик,Пещера,6308,sole-trader,5,16796.93,12192.61,67413.26,0.00,96402.80
2025,Пазарджик,Ракитово,6309,legal,7,94767.13,539625.61,9987.42,0.00,644380.16
2025,Пазарджик,Ракитово,6309,person,81,432727.11,289615.24,275236.12,0.00,997578.47
2025,Пазарджик,Ракитово,6309,sole-trader,1,16963.62,11437.73,514.27,0.00,28915.62
2025,Пазарджик,Септември,6310,legal,40,2009088.60,2168775.84,348705.40,0.00,4526569.84
2025,Пазарджик,Септември,6310,person,124,1170826.96,425843.13,335299.50,0.00,1931969.59
2025,Пазарджик,Септември,6310,sole-trader,2,7527.16,46395.84,1013.20,0.00,54936.20
2025,Пазарджик,Стрелча,6311,legal,12,794628.91,1288667.27,130893.41,0.00,2214189.59
2025,Пазарджик,Стрелча,6311,person,74,1110516.11,441124.90,472585.52,0.00,2024226.53
2025,Пазарджик,Сърница,6312,legal,1,0.00,449952.84,0.00,0.00,449952.84
2025,Пазарджик,Сърница,6312,person,32,147763.47,96201.21,54245.99,0.00,298210.67
2025,Перник,Брезник,6401,legal,34,1396214.60,802796.00,337062.61,0.00,2536073.21
2025,Перник,Брезник,6401,person,198,3245450.42,1985113.93,407741.10,0.00,5638305.45
2025,Перник,Брезник,6401,sole-trader,1,24460.53,26647.29,6462.47,0.00,57570.29
2025,Перник,Земен,6402,legal,7,154905.32,1304712.20,28851.58,0.00,1488469.10
2025,Перник,Земен,6402,person,51,585045.46,352919.03,74859.05,0.00,1012823.54
2025,Перник,Ковачевци,6403,legal,6,158670.42,486483.98,31892.64,0.00,677047.04
2025,Перник,Ковачевци,6403,person,35,473651.97,306427.50,59314.99,0.00,839394.46
2025,Перник,Ковачевци,6403,sole-trader,1,15327.19,11055.96,6599.28,0.00,32982.43
2025,Перник,Перник,6404,legal,56,2135061.74,1168949.81,931038.91,0.00,4235050.46
2025,Перник,Перник,6404,person,356,5061582.72,3081011.01,646814.49,0.00,8789408.22
2025,Перник,Перник,6404,sole-trader,3,131732.45,64206.05,26548.01,0.00,222486.51
2025,Перник,Радомир,6405,legal,33,1276753.51,2629795.20,282203.90,0.00,4188752.61
2025,Перник,Радомир,6405,person,188,3447871.24,1750658.64,605477.54,0.00,5804007.42
2025,Перник,Радомир,6405,sole-trader,5,454153.03,119278.73,112186.55,0.00,685618.31
2025,Перник,Трън,6406,legal,22,493337.16,1031902.23,66311.58,0.00,1591550.97
2025,Перник,Трън,6406,person,119,1796178.41,1209204.30,179407.46,0.00,3184790.17
2025,Перник,Трън,6406,sole-trader,1,48796.16,21226.02,9928.67,0.00,79950.85
2025,Плевен,Белене,6501,legal,15,2434620.73,1049073.79,399675.43,0.00,3883369.95
2025,Плевен,Белене,6501,person,58,1462447.39,304445.52,380186.29,0.00,2147079.20
2025,Плевен,Белене,6501,sole-trader,1,0.00,73237.50,0.00,0.00,73237.50
2025,Плевен,Гулянци,6502,legal,15,3705998.65,223866.04,509455.20,0.00,4439319.89
2025,Плевен,Гулянци,6502,person,108,2181884.81,143275.12,568309.90,0.00,2893469.83
2025,Плевен,Гулянци,6502,sole-trader,3,410179.93,0.00,76403.24,0.00,486583.17
2025,Плевен,Долна Митрополия,6503,legal,43,3115180.25,1697384.20,564854.00,0.00,5377418.45
2025,Плевен,Долна Митрополия,6503,person,181,3195552.65,372848.02,842899.81,0.00,4411300.48
2025,Плевен,Долна Митрополия,6503,sole-trader,11,1729330.79,1016659.14,360677.72,0.00,3106667.65
2025,Плевен,Долни Дъбник,6504,legal,35,4161783.98,817543.87,1024600.17,0.00,6003928.02
2025,Плевен,Долни Дъбник,6504,person,84,1401218.36,642095.71,404087.06,0.00,2447401.13
2025,Плевен,Долни Дъбник,6504,sole-trader,8,1051066.05,1369195.28,242238.83,0.00,2662500.16
2025,Плевен,Искър,6505,legal,24,3027821.49,983923.13,580514.82,0.00,4592259.44
2025,Плевен,Искър,6505,person,75,2087151.50,283793.67,577756.39,0.00,2948701.56
2025,Плевен,Искър,6505,sole-trader,3,477185.24,0.00,100733.85,0.00,577919.09
2025,Плевен,Кнежа,6511,legal,44,8208725.33,1628563.85,1589046.68,0.00,11426335.86
2025,Плевен,Кнежа,6511,person,128,2510385.27,112378.91,702239.90,0.00,3325004.08
2025,Плевен,Кнежа,6511,sole-trader,16,3243846.62,831855.19,703310.22,0.00,4779012.03
2025,Плевен,Левски,6506,legal,34,4769092.80,2844972.47,872191.72,0.00,8486256.99
2025,Плевен,Левски,6506,person,88,1550201.02,180214.09,509195.12,0.00,2239610.23
2025,Плевен,Левски,6506,sole-trader,11,1069348.97,4733.59,270263.29,0.00,1344345.85
2025,Плевен,Никопол,6507,legal,27,3045541.54,1661845.48,554051.65,0.00,5261438.67
2025,Плевен,Никопол,6507,person,65,1070779.76,440511.04,240454.47,0.00,1751745.27
2025,Плевен,Никопол,6507,sole-trader,6,305028.00,177103.11,70023.68,0.00,552154.79
2025,Плевен,Плевен,6508,legal,144,19268066.45,2986188.90,3903368.36,0.00,26157623.71
2025,Плевен,Плевен,6508,person,276,4212973.86,967384.50,905230.16,0.00,6085588.52
2025,Плевен,Плевен,6508,sole-trader,23,3382080.49,737407.33,723291.55,0.00,4842779.37
2025,Плевен,Пордим,6509,legal,22,2303193.15,329104.15,431128.44,0.00,3063425.74
2025,Плевен,Пордим,6509,person,21,730561.51,226947.61,189748.13,0.00,1147257.25
2025,Плевен,Пордим,6509,sole-trader,2,244865.28,0.00,55626.71,0.00,300491.99
2025,Плевен,Червен бряг,6510,legal,28,3526483.65,2016766.56,711291.19,0.00,6254541.40
2025,Плевен,Червен бряг,6510,person,133,2359441.87,977638.28,831157.89,0.00,4168238.04
2025,Плевен,Червен бряг,6510,sole-trader,7,2308511.12,39760.86,468283.10,0.00,2816555.08
2025,Пловдив,Асеновград,6601,legal,42,3973859.00,2156443.15,1375449.32,0.00,7505751.47
2025,Пловдив,Асеновград,6601,person,259,2461100.88,588046.99,971537.91,0.00,4020685.78
2025,Пловдив,Асеновград,6601,sole-trader,9,1299624.08,336934.73,1335544.36,0.00,2972103.17
2025,Пловдив,Брезово,6602,legal,30,3179019.73,1125700.02,603643.18,0.00,4908362.93
2025,Пловдив,Брезово,6602,person,77,1516435.12,366027.57,493551.18,0.00,2376013.87
2025,Пловдив,Брезово,6602,sole-trader,1,222871.31,0.00,36471.03,0.00,259342.34
2025,Пловдив,Калояново,6603,legal,30,2343582.09,2323887.00,308724.88,0.00,4976193.97
2025,Пловдив,Калояново,6603,person,214,4417502.75,1391554.92,1121754.72,0.00,6930812.39
2025,Пловдив,Калояново,6603,sole-trader,7,178445.97,19149.66,192043.73,0.00,389639.36
2025,Пловдив,Карлово,6604,legal,53,1622004.35,2144848.53,514353.98,0.00,4281206.86
2025,Пловдив,Карлово,6604,person,524,7125353.04,5173754.91,3623825.77,0.00,15922933.72
2025,Пловдив,Карлово,6604,sole-trader,8,748294.32,246314.10,265173.90,0.00,1259782.32
2025,Пловдив,Кричим,6605,legal,9,147509.13,1077531.47,23592.40,0.00,1248633.00
2025,Пловдив,Кричим,6605,person,95,756177.89,225046.80,147592.83,0.00,1128817.52
2025,Пловдив,Куклен,6617,legal,9,60657.61,1252277.75,17719.34,0.00,1330654.70
2025,Пловдив,Куклен,6617,person,57,437182.87,180559.21,88565.24,0.00,706307.32
2025,Пловдив,Лъки,6606,legal,2,15903.17,52945.85,0.00,0.00,68849.02
2025,Пловдив,Лъки,6606,person,8,23246.30,11428.41,9637.69,0.00,44312.40
2025,Пловдив,Перущица,6608,legal,7,92478.09,2316104.79,12903.34,0.00,2421486.22
2025,Пловдив,Перущица,6608,person,58,628786.43,72206.60,142720.21,0.00,843713.24
2025,Пловдив,Перущица,6608,sole-trader,3,12514.13,0.00,1702.16,0.00,14216.29
2025,Пловдив,Пловдив,6609,legal,261,19800643.57,13908062.21,6946660.12,0.00,40655365.90
2025,Пловдив,Пловдив,6609,person,571,6711408.44,3257146.58,1423006.35,0.00,11391561.37
2025,Пловдив,Пловдив,6609,sole-trader,27,2576609.44,1447528.31,844691.76,0.00,4868829.51
2025,Пловдив,Първомай,6610,legal,61,5047534.54,6073792.37,3498608.91,0.00,14619935.82
2025,Пловдив,Първомай,6610,person,435,4584714.69,1525747.31,1913455.60,0.00,8023917.60
2025,Пловдив,Първомай,6610,sole-trader,17,1845371.49,7104.49,2498578.06,0.00,4351054.04
2025,Пловдив,Раковски,6611,legal,53,5605807.24,5196639.09,988302.03,0.00,11790748.36
2025,Пловдив,Раковски,6611,person,161,2904203.32,1071829.64,827555.76,0.00,4803588.72
2025,Пловдив,Раковски,6611,sole-trader,4,160468.37,288992.74,33238.92,0.00,482700.03
2025,Пловдив,Садово,6613,legal,35,1737000.72,3456613.98,336455.79,0.00,5530070.49
2025,Пловдив,Садово,6613,person,208,2074865.77,111998.34,513944.83,0.00,2700808.94
2025,Пловдив,Садово,6613,sole-trader,3,170366.23,0.00,126724.31,0.00,297090.54
2025,Пловдив,Сопот,6618,legal,12,558083.10,511523.42,54154.27,0.00,1123760.79
2025,Пловдив,Сопот,6618,person,63,541392.22,406539.82,306557.50,0.00,1254489.54
2025,Пловдив,Стамболийски,6614,legal,14,314884.64,2276022.37,193878.14,0.00,2784785.15
2025,Пловдив,Стамболийски,6614,person,105,1288967.24,225319.47,276306.16,0.00,1790592.87
2025,Пловдив,Стамболийски,6614,sole-trader,1,111386.72,0.00,29529.36,0.00,140916.08
2025,Пловдив,Съединение,6615,legal,25,2776199.01,372237.95,418553.90,0.00,3566990.86
2025,Пловдив,Съединение,6615,person,163,2095847.78,431244.77,466787.47,0.00,2993880.02
2025,Пловдив,Съединение,6615,sole-trader,15,1114455.28,1210915.39,1329597.58,0.00,3654968.25
2025,Пловдив,Хисаря,6616,legal,44,3337520.71,1174304.52,470135.97,0.00,4981961.20
2025,Пловдив,Хисаря,6616,person,177,3927501.96,2615175.74,1176880.26,0.00,7719557.96
2025,Пловдив,Хисаря,6616,sole-trader,4,102210.55,55999.10,10602.61,0.00,168812.26
2025,Пловдив,„Марица“,6607,legal,73,4950070.51,2692285.56,1377454.23,0.00,9019810.30
2025,Пловдив,„Марица“,6607,person,255,3645311.44,699949.94,840891.67,0.00,5186153.05
2025,Пловдив,„Марица“,6607,sole-trader,6,239673.25,70665.74,233455.27,0.00,543794.26
2025,Пловдив,„Родопи“,6612,legal,55,3754686.92,6363308.04,594868.51,0.00,10712863.47
2025,Пловдив,„Родопи“,6612,person,325,3037851.24,918717.56,744148.55,0.00,4700717.35
2025,Пловдив,„Родопи“,6612,sole-trader,6,217364.44,34574.80,36945.47,0.00,288884.71
2025,Разград,Завет,6701,legal,33,3939104.11,3196359.03,697164.92,0.00,7832628.06
2025,Разград,Завет,6701,person,129,2262411.67,1989347.32,763575.85,0.00,5015334.84
2025,Разград,Завет,6701,sole-trader,6,103321.46,17907.79,53653.94,0.00,174883.19
2025,Разград,Исперих,6702,legal,69,9878418.19,1831916.24,1840768.70,0.00,13551103.13
2025,Разград,Исперих,6702,person,374,4131061.22,779808.12,1920342.92,0.00,6831212.26
2025,Разград,Исперих,6702,sole-trader,10,943610.82,147245.33,276757.73,0.00,1367613.88
2025,Разград,Кубрат,6703,legal,34,2344762.58,1610050.37,508453.06,0.00,4463266.01
2025,Разград,Кубрат,6703,person,245,2689212.63,677297.85,1786818.41,0.00,5153328.89
2025,Разград,Кубрат,6703,sole-trader,16,3560369.62,2126379.16,863796.15,0.00,6550544.93
2025,Разград,Лозница,6704,legal,26,1998336.44,2637318.92,362474.30,0.00,4998129.66
2025,Разград,Лозница,6704,person,115,1522168.25,209474.66,490291.73,0.00,2221934.64
2025,Разград,Лозница,6704,sole-trader,4,91294.10,52777.26,33665.45,0.00,177736.81
2025,Разград,Разград,6705,legal,103,11859658.59,2964570.59,2148323.44,0.00,16972552.62
2025,Разград,Разград,6705,person,198,2447862.97,1610903.19,658403.91,0.00,4717170.07
2025,Разград,Разград,6705,sole-trader,18,1474925.10,153260.99,279847.95,0.00,1908034.04
2025,Разград,Самуил,6706,legal,15,1417644.79,518279.16,246223.24,0.00,2182147.19
2025,Разград,Самуил,6706,person,96,1057990.37,351559.27,372725.38,0.00,1782275.02
2025,Разград,Самуил,6706,sole-trader,1,227190.64,11723.07,42736.84,0.00,281650.55
2025,Разград,Цар Калоян,6707,legal,13,1713307.39,261600.00,301472.59,0.00,2276379.98
2025,Разград,Цар Калоян,6707,person,45,460645.63,327886.44,183922.83,0.00,972454.90
2025,Разград,Цар Калоян,6707,sole-trader,1,67555.99,319502.68,26454.58,0.00,413513.25
2025,Русе,Борово,6801,legal,12,2643499.01,1461620.49,519450.76,0.00,4624570.26
2025,Русе,Борово,6801,person,29,217902.22,56619.44,108112.42,0.00,382634.08
2025,Русе,Борово,6801,sole-trader,4,519025.59,0.00,99675.51,0.00,618701.10
2025,Русе,Бяла,6802,legal,28,4453251.24,1557302.99,721230.74,0.00,6731784.97
2025,Русе,Бяла,6802,person,128,2321163.25,1193826.75,719657.23,0.00,4234647.23
2025,Русе,Бяла,6802,sole-trader,8,2370095.92,138862.48,364239.56,0.00,2873197.96
2025,Русе,Ветово,6803,legal,23,2560721.60,2176999.48,535446.39,0.00,5273167.47
2025,Русе,Ветово,6803,person,86,812401.69,220349.85,379316.76,0.00,1412068.30
2025,Русе,Ветово,6803,sole-trader,6,435756.44,4565.81,77121.28,0.00,517443.53
2025,Русе,Две могили,6804,legal,25,4179312.40,515428.61,752933.23,0.00,5447674.24
2025,Русе,Две могили,6804,person,72,808615.02,164724.20,302121.86,0.00,1275461.08
2025,Русе,Две могили,6804,sole-trader,7,478078.30,78417.80,149388.73,0.00,705884.83
2025,Русе,Иваново,6805,legal,33,4548530.14,720053.02,881907.16,0.00,6150490.32
2025,Русе,Иваново,6805,person,80,1524553.45,563316.31,404893.08,0.00,2492762.84
2025,Русе,Иваново,6805,sole-trader,6,562624.89,0.00,112845.34,0.00,675470.23
2025,Русе,Русе,6806,legal,164,17984131.11,8094823.45,4538046.01,0.00,30617000.57
2025,Русе,Русе,6806,person,406,4374681.38,1905831.21,2216097.22,0.00,8496609.81
2025,Русе,Русе,6806,sole-trader,20,2187146.50,375828.35,480844.97,0.00,3043819.82
2025,Русе,Сливо поле,6807,legal,52,4563455.80,2164525.97,904566.14,0.00,7632547.91
2025,Русе,Сливо поле,6807,person,161,2675750.20,1363757.71,774933.52,0.00,4814441.43
2025,Русе,Сливо поле,6807,sole-trader,5,523262.76,272691.49,110710.46,0.00,906664.71
2025,Русе,Ценово,6808,legal,19,1603102.68,2010013.23,258265.44,0.00,3871381.35
2025,Русе,Ценово,6808,person,95,2081449.52,275020.51,499329.23,0.00,2855799.26
2025,Русе,Ценово,6808,sole-trader,5,482967.24,21333.13,92662.40,0.00,596962.77
2025,Силистра,Алфатар,6901,legal,12,1000783.75,715932.83,227139.02,0.00,1943855.60
2025,Силистра,Алфатар,6901,person,67,709506.94,210918.03,294287.71,0.00,1214712.68
2025,Силистра,Алфатар,6901,sole-trader,3,157531.09,26669.28,36537.35,0.00,220737.72
2025,Силистра,Главиница,6902,legal,44,4452755.04,1916182.36,893744.08,0.00,7262681.48
2025,Силистра,Главиница,6902,person,361,2347593.94,624453.32,1767546.11,0.00,4739593.37
2025,Силистра,Главиница,6902,sole-trader,7,179668.65,413336.89,41786.65,0.00,634792.19
2025,Силистра,Дулово,6903,legal,49,4564423.77,1214965.39,669603.85,0.00,6448993.01
2025,Силистра,Дулово,6903,person,698,7135025.36,1926672.96,4020290.79,0.00,13081989.11
2025,Силистра,Дулово,6903,sole-trader,21,3635072.05,548435.41,554874.55,0.00,4738382.01
2025,Силистра,Кайнарджа,6904,legal,8,723741.56,1298741.47,168934.16,0.00,2191417.19
2025,Силистра,Кайнарджа,6904,person,66,901198.57,156351.43,454912.01,0.00,1512462.01
2025,Силистра,Кайнарджа,6904,sole-trader,1,4410.17,13800.12,10274.29,0.00,28484.58
2025,Силистра,Силистра,6905,legal,99,15807749.69,6231986.83,3185486.01,0.00,25225222.53
2025,Силистра,Силистра,6905,person,324,5149767.61,2175782.23,1340677.74,0.00,8666227.58
2025,Силистра,Силистра,6905,sole-trader,11,1659329.08,80344.90,234585.44,0.00,1974259.42
2025,Силистра,Ситово,6906,legal,18,2627357.20,2917646.53,795781.75,0.00,6340785.48
2025,Силистра,Ситово,6906,person,261,2971411.60,781502.73,1724576.62,0.00,5477490.95
2025,Силистра,Ситово,6906,sole-trader,5,1011168.91,164541.31,132909.69,0.00,1308619.91
2025,Силистра,Тутракан,6907,legal,47,6049057.85,1726777.30,1202427.75,0.00,8978262.90
2025,Силистра,Тутракан,6907,person,345,3681599.34,917911.65,2222065.09,0.00,6821576.08
2025,Силистра,Тутракан,6907,sole-trader,11,1107006.28,96519.71,283223.03,0.00,1486749.02
2025,Сливен,Котел,7001,legal,26,1334664.18,2774274.25,330289.02,0.00,4439227.45
2025,Сливен,Котел,7001,person,322,4189939.23,2928924.36,1806773.72,0.00,8925637.31
2025,Сливен,Нова Загора,7002,legal,72,9539790.15,3825807.86,1646240.57,0.00,15011838.58
2025,Сливен,Нова Загора,7002,person,356,7931651.11,2351381.20,1806106.00,0.00,12089138.31
2025,Сливен,Нова Загора,7002,sole-trader,18,2727800.58,596482.86,709895.63,0.00,4034179.07
2025,Сливен,Сливен,7003,legal,186,19028384.84,14799356.73,5081160.92,0.00,38908902.49
2025,Сливен,Сливен,7003,person,1455,17206360.78,5906906.36,4751427.53,0.00,27864694.67
2025,Сливен,Сливен,7003,sole-trader,17,674795.79,1307704.14,278045.77,0.00,2260545.70
2025,Сливен,Твърдица,7004,legal,14,525682.21,684714.84,182703.27,0.00,1393100.32
2025,Сливен,Твърдица,7004,person,212,3259480.05,1769847.04,1127799.07,0.00,6157126.16
2025,Сливен,Твърдица,7004,sole-trader,2,248831.24,416402.92,63899.43,0.00,729133.59
2025,Смолян,Баните,7101,legal,2,3034.69,4639642.15,665.76,0.00,4643342.60
2025,Смолян,Баните,7101,person,98,483906.92,400019.45,202928.17,0.00,1086854.54
2025,Смолян,Борино,7102,legal,11,160768.66,2452739.26,34887.69,0.00,2648395.61
2025,Смолян,Борино,7102,person,135,799368.38,362949.35,103933.77,0.00,1266251.50
2025,Смолян,Борино,7102,sole-trader,4,45145.52,1007319.20,28781.87,0.00,1081246.59
2025,Смолян,Девин,7103,legal,12,164784.12,151701.79,28960.44,0.00,345446.35
2025,Смолян,Девин,7103,person,154,921074.74,713807.63,237731.84,0.00,1872614.21
2025,Смолян,Девин,7103,sole-trader,4,43644.98,25719.65,15955.98,0.00,85320.61
2025,Смолян,Доспат,7104,legal,5,0.00,1768949.36,7453.39,0.00,1776402.75
2025,Смолян,Доспат,7104,person,199,680118.20,269361.66,417094.00,0.00,1366573.86
2025,Смолян,Доспат,7104,sole-trader,1,0.00,385174.51,0.00,0.00,385174.51
2025,Смолян,Златоград,7105,legal,4,21489.63,657952.39,9428.31,0.00,688870.33
2025,Смолян,Златоград,7105,person,182,455720.20,155078.74,63401.38,0.00,674200.32
2025,Смолян,Златоград,7105,sole-trader,3,2497.05,63635.50,3465.28,0.00,69597.83
2025,Смолян,Мадан,7106,legal,5,79885.79,909235.77,476181.10,0.00,1465302.66
2025,Смолян,Мадан,7106,person,555,1376326.90,149314.03,22143.39,0.00,1547784.32
2025,Смолян,Неделино,7107,legal,3,36394.39,926751.17,240250.80,0.00,1203396.36
2025,Смолян,Неделино,7107,person,223,472210.31,164325.58,1155196.19,0.00,1791732.08
2025,Смолян,Рудозем,7108,legal,1,0.00,487913.81,0.00,0.00,487913.81
2025,Смолян,Рудозем,7108,person,256,680590.57,98339.29,13842.40,0.00,792772.26
2025,Смолян,Рудозем,7108,sole-trader,2,48494.49,1000383.96,17934.35,0.00,1066812.80
2025,Смолян,Смолян,7109,legal,23,501667.56,1117111.54,200707.45,0.00,1819486.55
2025,Смолян,Смолян,7109,person,255,2050371.67,1776262.53,477060.82,0.00,4303695.02
2025,Смолян,Смолян,7109,sole-trader,6,35567.35,20038.65,28526.20,0.00,84132.20
2025,Смолян,Чепеларе,7110,legal,8,92010.60,749046.77,105419.93,0.00,946477.30
2025,Смолян,Чепеларе,7110,person,78,504602.10,381880.03,163650.70,0.00,1050132.83
2025,Софийска,Антон,7301,legal,2,0.00,946894.14,4843.32,0.00,951737.46
2025,Софийска,Антон,7301,person,44,1957494.46,685076.12,272437.79,0.00,2915008.37
2025,Софийска,Божурище,7302,legal,19,1230268.91,301379.43,257017.70,0.00,1788666.04
2025,Софийска,Божурище,7302,person,41,1846914.32,416240.32,314592.10,0.00,2577746.74
2025,Софийска,Божурище,7302,sole-trader,1,93967.78,0.00,24567.24,0.00,118535.02
2025,Софийска,Ботевград,7303,legal,36,1848032.10,1517748.98,272072.10,0.00,3637853.18
2025,Софийска,Ботевград,7303,person,149,3269475.77,2988071.79,634300.86,0.00,6891848.42
2025,Софийска,Ботевград,7303,sole-trader,5,85342.80,1888553.64,50833.33,0.00,2024729.77
2025,Софийска,Годеч,7304,legal,19,360431.61,3199002.55,25357.25,0.00,3584791.41
2025,Софийска,Годеч,7304,person,163,2014463.51,1556651.35,153269.46,0.00,3724384.32
2025,Софийска,Годеч,7304,sole-trader,1,24497.40,14529.31,2094.57,0.00,41121.28
2025,Софийска,Горна Малина,7305,legal,20,749124.86,1736462.23,97492.13,0.00,2583079.22
2025,Софийска,Горна Малина,7305,person,40,621909.81,273989.19,91735.29,0.00,987634.29
2025,Софийска,Горна Малина,7305,sole-trader,2,20219.18,12103.42,947.12,0.00,33269.72
2025,Софийска,Долна баня,7306,legal,14,313746.58,1089913.50,54194.06,0.00,1457854.14
2025,Софийска,Долна баня,7306,person,59,585959.59,342582.42,23647.15,0.00,952189.16
2025,Софийска,Долна баня,7306,sole-trader,1,138479.40,50890.50,17378.01,0.00,206747.91
2025,Софийска,Драгоман,7307,legal,8,665447.09,1180894.58,91329.25,0.00,1937670.92
2025,Софийска,Драгоман,7307,person,106,1717551.28,1070935.56,228363.35,0.00,3016850.19
2025,Софийска,Елин Пелин,7308,legal,30,2658978.38,2799699.40,378967.37,0.00,5837645.15
2025,Софийска,Елин Пелин,7308,person,88,1492765.18,802697.38,308665.93,0.00,2604128.49
2025,Софийска,Елин Пелин,7308,sole-trader,7,251432.79,9043.62,145942.77,0.00,406419.18
2025,Софийска,Етрополе,7309,legal,13,766256.00,1135675.96,143823.42,0.00,2045755.38
2025,Софийска,Етрополе,7309,person,88,745505.97,218740.84,124791.69,0.00,1089038.50
2025,Софийска,Етрополе,7309,sole-trader,2,31501.36,1780.72,75268.12,0.00,108550.20
2025,Софийска,Златица,7310,legal,1,20482.66,8546.85,8578.24,0.00,37607.75
2025,Софийска,Златица,7310,person,49,759857.07,514272.04,170396.37,0.00,1444525.48
2025,Софийска,Ихтиман,7311,legal,37,1340817.70,2936072.93,306162.99,0.00,4583053.62
2025,Софийска,Ихтиман,7311,person,141,1941727.52,925847.35,360191.33,0.00,3227766.20
2025,Софийска,Ихтиман,7311,sole-trader,2,57001.86,21460.84,21504.00,0.00,99966.70
2025,Софийска,Копривщица,7312,legal,2,2444.75,517654.14,264.00,0.00,520362.89
2025,Софийска,Копривщица,7312,person,149,975994.83,691595.68,195768.87,0.00,1863359.38
2025,Софийска,Костенец,7313,legal,28,463696.44,1406296.80,59758.30,0.00,1929751.54
2025,Софийска,Костенец,7313,person,90,1398544.07,696005.07,170761.48,0.00,2265310.62
2025,Софийска,Костенец,7313,sole-trader,1,32637.71,17800.77,2555.09,0.00,52993.57
2025,Софийска,Костинброд,7314,legal,24,560836.91,3953912.20,1120131.73,0.00,5634880.84
2025,Софийска,Костинброд,7314,person,109,2051297.39,777582.93,241914.31,0.00,3070794.63
2025,Софийска,Костинброд,7314,sole-trader,2,31494.58,3835.38,0.00,0.00,35329.96
2025,Софийска,Мирково,7315,legal,6,324795.05,574995.45,61658.50,0.00,961449.00
2025,Софийска,Мирково,7315,person,29,820072.15,518255.68,152615.10,0.00,1490942.93
2025,Софийска,Пирдоп,7316,legal,7,315133.73,1251482.39,47325.29,0.00,1613941.41
2025,Софийска,Пирдоп,7316,person,59,1091552.99,576537.38,87802.15,0.00,1755892.52
2025,Софийска,Пирдоп,7316,sole-trader,2,6759.04,3234.43,0.00,0.00,9993.47
2025,Софийска,Правец,7317,legal,13,504279.69,1362250.98,116954.61,0.00,1983485.28
2025,Софийска,Правец,7317,person,50,781631.27,414562.60,151940.83,0.00,1348134.70
2025,Софийска,Правец,7317,sole-trader,1,182913.44,23312.94,36238.03,0.00,242464.41
2025,Софийска,Самоков,7318,legal,46,1920832.23,5052777.83,270701.06,0.00,7244311.12
2025,Софийска,Самоков,7318,person,464,5370205.30,3627372.64,1165030.47,0.00,10162608.41
2025,Софийска,Самоков,7318,sole-trader,6,329379.88,126505.44,79154.83,0.00,535040.15
2025,Софийска,Своге,7319,legal,8,58717.96,2276651.33,0.00,0.00,2335369.29
2025,Софийска,Своге,7319,person,178,2742555.33,1228968.63,176365.84,0.00,4147889.80
2025,Софийска,Сливница,7320,legal,23,1216199.79,2732515.10,233925.62,0.00,4182640.51
2025,Софийска,Сливница,7320,person,80,1111236.85,413596.47,192944.47,0.00,1717777.79
2025,Софийска,Сливница,7320,sole-trader,4,67432.90,94207.80,21552.27,0.00,183192.97
2025,Софийска,Чавдар,7321,legal,5,91489.75,620540.88,18962.68,0.00,730993.31
2025,Софийска,Чавдар,7321,person,19,409568.98,212456.27,118157.06,0.00,740182.31
2025,Софийска,Чавдар,7321,sole-trader,1,6745.75,5044.94,208.15,0.00,11998.84
2025,Софийска,Челопеч,7322,legal,1,0.00,1246434.06,0.00,0.00,1246434.06
2025,Софийска,Челопеч,7322,person,14,203483.03,134176.29,45675.81,0.00,383335.13
2025,София-град,Столична община,7225,legal,712,49985138.07,138152560.60,18628992.55,0.00,206766691.22
2025,София-град,Столична община,7225,person,946,14869792.16,7246859.80,2612850.32,0.00,24729502.28
2025,София-град,Столична община,7225,sole-trader,47,5594843.82,8161781.36,4957294.96,0.00,18713920.14
2025,Стара Загора,Братя Даскалови,7401,legal,20,1357039.67,2088068.95,294895.98,0.00,3740004.60
2025,Стара Загора,Братя Даскалови,7401,person,76,2151929.82,1040599.46,480763.35,0.00,3673292.63
2025,Стара Загора,Братя Даскалови,7401,sole-trader,1,166775.80,191065.74,35590.25,0.00,393431.79
2025,Стара Загора,Гурково,7402,legal,7,520222.22,141878.64,108206.56,0.00,770307.42
2025,Стара Загора,Гурково,7402,person,38,423842.55,164244.08,104885.39,0.00,692972.02
2025,Стара Загора,Гурково,7402,sole-trader,1,0.00,161560.00,0.00,0.00,161560.00
2025,Стара Загора,Гълъбово,7403,legal,16,934867.98,1616433.64,139355.29,0.00,2690656.91
2025,Стара Загора,Гълъбово,7403,person,53,1480106.09,254116.43,358230.61,0.00,2092453.13
2025,Стара Загора,Гълъбово,7403,sole-trader,9,1649853.35,205167.09,232127.80,0.00,2087148.24
2025,Стара Загора,Казанлък,7404,legal,62,3768044.83,1949891.79,2253336.31,0.00,7971272.93
2025,Стара Загора,Казанлък,7404,person,432,3539015.71,2009931.44,965419.69,0.00,6514366.84
2025,Стара Загора,Казанлък,7404,sole-trader,12,569593.35,372864.84,97070.14,0.00,1039528.33
2025,Стара Загора,Мъглиж,7405,legal,17,1033542.97,1612669.19,182889.19,0.00,2829101.35
2025,Стара Загора,Мъглиж,7405,person,67,881535.71,240961.07,272577.71,0.00,1395074.49
2025,Стара Загора,Мъглиж,7405,sole-trader,5,134848.86,210307.39,795221.27,0.00,1140377.52
2025,Стара Загора,Николаево,7406,legal,7,302379.96,1283373.56,47492.69,0.00,1633246.21
2025,Стара Загора,Николаево,7406,person,35,675190.12,169334.48,171580.05,0.00,1016104.65
2025,Стара Загора,Николаево,7406,sole-trader,1,2636.15,0.00,25636.32,0.00,28272.47
2025,Стара Загора,Опан,7407,legal,7,961762.97,1627256.28,226317.24,0.00,2815336.49
2025,Стара Загора,Опан,7407,person,25,587664.36,13520.74,151463.94,0.00,752649.04
2025,Стара Загора,Опан,7407,sole-trader,1,1039.19,0.00,3682.79,0.00,4721.98
2025,Стара Загора,Павел баня,7408,legal,34,1440072.81,3530298.90,356525.03,0.00,5326896.74
2025,Стара Загора,Павел баня,7408,person,157,1795893.14,1236405.99,697320.33,0.00,3729619.46
2025,Стара Загора,Павел баня,7408,sole-trader,6,598422.66,83498.48,282830.76,0.00,964751.90
2025,Стара Загора,Раднево,7409,legal,20,3289419.66,622121.32,498443.91,0.00,4409984.89
2025,Стара Загора,Раднево,7409,person,118,2719375.15,691898.19,656116.68,0.00,4067390.02
2025,Стара Загора,Раднево,7409,sole-trader,5,747773.97,21862.71,128318.87,0.00,897955.55
2025,Стара Загора,Стара Загора,7410,legal,243,20830899.19,13813988.08,4758133.75,0.00,39403021.02
2025,Стара Загора,Стара Загора,7410,person,641,12223660.62,4571525.41,2638109.97,0.00,19433296.00
2025,Стара Загора,Стара Загора,7410,sole-trader,36,3872133.54,1130652.12,2077691.93,0.00,7080477.59
2025,Стара Загора,Чирпан,7411,legal,43,5927359.11,6858437.54,1041295.97,0.00,13827092.62
2025,Стара Загора,Чирпан,7411,person,105,3107277.10,1271757.84,696732.59,0.00,5075767.53
2025,Стара Загора,Чирпан,7411,sole-trader,4,737197.94,21581.43,122563.01,0.00,881342.38
2025,Търговище,Антоново,7501,legal,8,211091.92,1171266.44,86017.39,0.00,1468375.75
2025,Търговище,Антоново,7501,person,68,562174.55,416865.26,290562.32,0.00,1269602.13
2025,Търговище,Антоново,7501,sole-trader,2,82041.95,11498.44,18093.08,0.00,111633.47
2025,Търговище,Омуртаг,7502,legal,21,2320481.91,3619972.93,500651.45,0.00,6441106.29
2025,Търговище,Омуртаг,7502,person,298,4236582.81,2126045.86,1363896.06,0.00,7726524.73
2025,Търговище,Омуртаг,7502,sole-trader,2,20843.64,4265.76,1820.24,0.00,26929.64
2025,Търговище,Опака,7503,legal,11,2562603.87,559484.68,629124.70,0.00,3751213.25
2025,Търговище,Опака,7503,person,60,580622.43,223021.34,241569.33,0.00,1045213.10
2025,Търговище,Попово,7504,legal,65,8580348.51,3348738.95,1695869.99,0.00,13624957.45
2025,Търговище,Попово,7504,person,229,2456542.97,1570095.67,881319.94,0.00,4907958.58
2025,Търговище,Попово,7504,sole-trader,12,1467287.21,650602.35,278702.89,0.00,2396592.45
2025,Търговище,Търговище,7505,legal,86,11767177.28,5129403.69,2416107.79,0.00,19312688.76
2025,Търговище,Търговище,7505,person,383,5630284.64,2103920.28,1559218.58,0.00,9293423.50
2025,Търговище,Търговище,7505,sole-trader,22,3096724.25,543681.00,624045.73,0.00,4264450.98
2025,Хасково,Димитровград,7601,legal,58,7018081.06,833963.44,1427350.68,0.00,9279395.18
2025,Хасково,Димитровград,7601,person,287,5058804.09,1254371.72,1124393.54,0.00,7437569.35
2025,Хасково,Димитровград,7601,sole-trader,6,728266.69,15833.13,145701.50,0.00,889801.32
2025,Хасково,Ивайловград,7602,legal,18,686940.03,1064081.92,121157.22,0.00,1872179.17
2025,Хасково,Ивайловград,7602,person,390,3285986.93,1106306.07,2088744.21,0.00,6481037.21
2025,Хасково,Ивайловград,7602,sole-trader,3,164761.27,12532.30,31507.63,0.00,208801.20
2025,Хасково,Любимец,7603,legal,22,1471326.63,1779423.67,243460.68,0.00,3494210.98
2025,Хасково,Любимец,7603,person,192,3007622.74,928856.20,1053748.38,0.00,4990227.32
2025,Хасково,Любимец,7603,sole-trader,1,41665.42,0.00,6569.71,0.00,48235.13
2025,Хасково,Маджарово,7604,legal,3,67513.35,8136.69,1363.60,0.00,77013.64
2025,Хасково,Маджарово,7604,person,102,2230146.56,1260212.81,1224586.92,0.00,4714946.29
2025,Хасково,Минерални бани,7605,legal,11,175228.07,2501303.50,89976.29,0.00,2766507.86
2025,Хасково,Минерални бани,7605,person,206,2018794.30,767139.19,971721.60,0.00,3757655.09
2025,Хасково,Свиленград,7606,legal,58,4180284.31,3811180.04,751572.59,0.00,8743036.94
2025,Хасково,Свиленград,7606,person,482,8820986.25,6182425.41,2287918.53,0.00,17291330.19
2025,Хасково,Свиленград,7606,sole-trader,11,1036431.39,358931.49,218207.99,0.00,1613570.87
2025,Хасково,Симеоновград,7607,legal,9,676342.42,2640005.61,119753.84,0.00,3436101.87
2025,Хасково,Симеоновград,7607,person,70,1415215.31,285322.98,554025.93,0.00,2254564.22
2025,Хасково,Стамболово,7608,legal,16,651397.06,1474636.23,103026.53,0.00,2229059.82
2025,Хасково,Стамболово,7608,person,377,1745989.62,658329.67,2133868.80,0.00,4538188.09
2025,Хасково,Тополовград,7609,legal,21,1766494.88,1504528.44,302995.84,0.00,3574019.16
2025,Хасково,Тополовград,7609,person,235,5471941.67,2259349.52,1127904.19,0.00,8859195.38
2025,Хасково,Тополовград,7609,sole-trader,11,408863.93,119181.12,83219.88,0.00,611264.93
2025,Хасково,Харманли,7610,legal,74,5018337.19,4629968.03,818857.47,0.00,10467162.69
2025,Хасково,Харманли,7610,person,727,8445765.22,3746916.20,5011039.97,0.00,17203721.39
2025,Хасково,Харманли,7610,sole-trader,7,795012.48,450641.85,113119.89,0.00,1358774.22
2025,Хасково,Хасково,7611,legal,96,13686622.34,5670488.19,2506500.59,0.00,21863611.12
2025,Хасково,Хасково,7611,person,840,7490910.49,2349035.48,4714985.41,0.00,14554931.38
2025,Хасково,Хасково,7611,sole-trader,11,1067728.54,47789.00,494683.43,0.00,1610200.97
2025,Шумен,Велики Преслав,7701,legal,19,1198810.88,2861687.94,290534.26,0.00,4351033.08
2025,Шумен,Велики Преслав,7701,person,93,728198.15,282772.61,227063.04,0.00,1238033.80
2025,Шумен,Велики Преслав,7701,sole-trader,2,27223.47,27441.59,1774.08,0.00,56439.14
2025,Шумен,Венец,7702,legal,14,2200871.17,2087442.09,451810.40,0.00,4740123.66
2025,Шумен,Венец,7702,person,114,1108753.98,109988.01,461677.78,0.00,1680419.77
2025,Шумен,Венец,7702,sole-trader,1,36985.64,0.00,6322.04,0.00,43307.68
2025,Шумен,Върбица,7703,legal,20,1389347.75,767215.52,243229.30,0.00,2399792.57
2025,Шумен,Върбица,7703,person,102,1759937.46,1337630.55,430825.28,0.00,3528393.29
2025,Шумен,Каолиново,7704,legal,20,1538772.93,618733.39,333489.88,0.00,2490996.20
2025,Шумен,Каолиново,7704,person,543,4491272.65,534743.45,2973487.99,0.00,7999504.09
2025,Шумен,Каолиново,7704,sole-trader,3,556799.93,0.00,66043.17,0.00,622843.10
2025,Шумен,Каспичан,7705,legal,20,1978900.68,1844166.74,373426.78,0.00,4196494.20
2025,Шумен,Каспичан,7705,person,37,580471.01,235479.51,189750.87,0.00,1005701.39
2025,Шумен,Каспичан,7705,sole-trader,3,621092.54,8107.57,154104.06,0.00,783304.17
2025,Шумен,Никола Козлево,7706,legal,14,899574.73,894075.65,198343.35,0.00,1991993.73
2025,Шумен,Никола Козлево,7706,person,122,2252197.81,126306.78,472719.59,0.00,2851224.18
2025,Шумен,Никола Козлево,7706,sole-trader,2,1635.08,0.00,10881.57,0.00,12516.65
2025,Шумен,Нови пазар,7707,legal,27,1433487.85,897797.49,311830.33,0.00,2643115.67
2025,Шумен,Нови пазар,7707,person,136,1720429.70,372891.11,495403.70,0.00,2588724.51
2025,Шумен,Нови пазар,7707,sole-trader,2,188166.98,0.00,36841.19,0.00,225008.17
2025,Шумен,Смядово,7708,legal,9,357938.06,1245914.32,78317.84,0.00,1682170.22
2025,Шумен,Смядово,7708,person,30,406601.64,94401.60,121729.57,0.00,622732.81
2025,Шумен,Хитрино,7709,legal,20,2870978.86,2776101.27,531318.06,0.00,6178398.19
2025,Шумен,Хитрино,7709,person,76,1346840.51,902978.81,339939.52,0.00,2589758.84
2025,Шумен,Хитрино,7709,sole-trader,2,266315.42,0.00,50335.02,0.00,316650.44
2025,Шумен,Шумен,7710,legal,115,13893414.68,7064724.85,2878403.78,0.00,23836543.31
2025,Шумен,Шумен,7710,person,347,4851628.27,1620067.21,1323932.37,0.00,7795627.85
2025,Шумен,Шумен,7710,sole-trader,8,415494.88,39145.93,101702.26,0.00,556343.07
2025,Ямбол,Болярово,7801,legal,18,1433456.04,739178.49,186505.50,0.00,2359140.03
2025,Ямбол,Болярово,7801,person,89,3480786.42,1418102.39,711619.27,0.00,5610508.08
2025,Ямбол,Болярово,7801,sole-trader,12,2572772.83,498643.97,405436.18,0.00,3476852.98
2025,Ямбол,Елхово,7802,legal,47,4757523.64,2326970.12,739918.45,0.00,7824412.21
2025,Ямбол,Елхово,7802,person,172,3664269.24,1309184.24,956682.22,0.00,5930135.70
2025,Ямбол,Елхово,7802,sole-trader,8,1473734.43,922557.16,264890.05,0.00,2661181.64
2025,Ямбол,Стралджа,7803,legal,43,5120394.75,4046023.54,978963.03,0.00,10145381.32
2025,Ямбол,Стралджа,7803,person,178,4077009.64,425655.86,966000.20,0.00,5468665.70
2025,Ямбол,Стралджа,7803,sole-trader,15,1669997.62,1338308.17,1267427.40,0.00,4275733.19
2025,Ямбол,Ямбол,7805,legal,163,16031796.57,8893913.91,2223757.73,0.00,27149468.21
2025,Ямбол,Ямбол,7805,person,321,5650960.80,2219899.87,1012872.76,0.00,8883733.43
2025,Ямбол,Ямбол,7805,sole-trader,26,2852836.45,1253804.82,482342.98,0.00,4588984.25
2025,Ямбол,„Тунджа“,7804,legal,85,9427364.75,4730805.36,1368709.60,0.00,15526879.71
2025,Ямбол,„Тунджа“,7804,person,353,5984018.11,283328.82,1427477.02,0.00,7694823.95
2025,Ямбол,„Тунджа“,7804,sole-trader,14,943027.78,117475.39,158076.20,0.00,1218579.37
