code,name_bg,municipality,province,ebk_code,application,agreement,agreement_EUR,transfers_EUR,forecast_2026_EUR,later_EUR
OP-24.001-0001,"Архитектурно-художествено оформление с реконструкция на техническата инфраструктура и изграждане на водопровод и разделна канализация на ул. ""Пирин"" в частта между ул. ""П. Р. Славейков"" и ул. ""Христо Матов""",Банско,Благоевград,5101,ПРО-236/12.01.2024,РД-02-30-159/14.03.2024,2789097.21,2629780.95,0,
OP-24.001-0002,"Реконструкция на канализационната и водопроводна мрежа, реконструкция на асфалтовата настилка и тротоарната настилка и изграждане на кабелен колектор за кабелизация на разпределителната мрежа и улично осветление и слаботокови кабели на ул. ""Захари Стоянов"", гр. Банско",Банско,Благоевград,5101,ПРО-237/12.01.2024,РД-02-30-158/14.03.2024,2534269.34,2326342.35,0,
OP-24.001-0003,"Реконструкция на канализационната и водопроводна мрежа, реконструкция на асфалтовата настилка и тротоарната настилка и изграждане на кабелен колектор за кабелизация на разпределителната мрежа и улично осветление и слаботокови кабели на ул. ""Солун"", гр. Банско",Банско,Благоевград,5101,ПРО-382/18.01.2024,РД-02-30-161/14.03.2024,1585004.83,1465033.01,0,
OP-24.001-2355,"Реконструкция на асфалтовата и тротоарна настилка и изграждане на кабелен колектор за кабелизация на разпределителната мрежа и уличното осветление на ул. ""Иван Галчев"", реконструкция на тротоарната настилка на ул. ""Ленин"" и ул. ""Пирин"" (от ул. ""Иван Галчев"" до ул. ""Десилица""), гр. Добринище, общ. Банско",Банско,Благоевград,5101,ПРО-2488/12.11.2024,РД-02-30-19/16.06.2025,888983.19,16447.03,872536.16,
OP-24.001-2698,"Изграждане на детска площадка и благоустрояване на пешеходни зони и алеи с местонахождение ПИ 02676.501.2681 по КК на гр. Банско, УПИ I, кв. 146 по плана на гр. Банско, общ. Банско – РС 52/28.08.2024 г.",Банско,Благоевград,5101,ПРО-2585/06.12.2024,РД-02-30-20/16.06.2025,332186.34,0,332186.34,
OP-24.001-0005,"Ремонт и реконструкция на улична мрежа в община Белица, включително подмяна на водопровод и канализация",Белица,Благоевград,5102,ПРО-1139/08.03.2024,РД-02-30-358/25.03.2024,2300813.47,2296851.73,0,
OP-24.001-0006,"Реконструкция на път BLG 1020/II-84, Якоруда – Разлог/жп гара Белица – Краище – Лютово – Орцево от км 14+800 до км 20+655",Белица,Благоевград,5102,ПРО-1137/08.03.2024,РД-02-30-805/26.04.2024; Анекс РД-02-30-805(1)/04.06.2024; Анекс РД-02-30-805(2)/20.11.2024,3221138.85,2867139.23,353999.62,
OP-24.001-0007,"Изграждане на местен път до Парк за мечки с начало ПИ с идентификатор 03504.8.30 по КККР на гр. Белица, минаващ през ПИ с идентификатор 03504.1.515 и завършващ при паркинга на парка, с дължина 2335 м",Белица,Благоевград,5102,ПРО-1136/08.03.2024,РД-02-30-804/26.04.2024; Анекс РД-02-30-804(1)/04.06.2024; Анекс РД-02-30-804(2)/13.12.2024,1643087.59,1479486.26,163601.33,
OP-24.001-0008,"Укрепителни мероприятия по шест броя дерета, преминаващи през с. Краище, общ. Белица",Белица,Благоевград,5102,ПРО-1141/08.03.2024,РД-02-30-943/04.06.2024,1533875.64,708906.09,824969.55,
OP-24.001-0009,Корекция на река Белишка,Белица,Благоевград,5102,ПРО-1140/08.03.2024,РД-02-30-941/04.06.2024,1595230.67,578168.65,1017062.02,
OP-24.001-0010,"Реконструкция и модернизация на улично осветление в село Горно Краище, село Бабяк и село Дагоново, община Белица",Белица,Благоевград,5102,ПРО-1138/08.03.2024,РД-02-30-361/25.03.2024,371913.71,371818.23,0,
OP-24.001-1628,"Рехабилитация и модернизация на общинската инфраструктура – системи за външно изкуствено осветление на град Белица и с. Краище, част от община Белица",Белица,Благоевград,5102,ПРО-1679/10.06.2024,РД-02-30-1060/25.06.2024,478978.23,478075.51,0,
OP-25.001-0088,"Внедряване на енергийноефективни мерки на сградата на ОУ ""Св. св. Кирил и Методий"" в ПИ с идентификатор 02107.1.150 по КККР на село Бабяк, община Белица, област Благоевград",Белица,Благоевград,5102,ПРО-2858/14.08.2025,РД-02-30-293/28.08.2025,797615.33,701925.65,95689.68,
OP-25.001-0134,"Инженеринг (проектиране, СМР и авторски надзор) на обект ""Изграждане на нов довеждащ водопровод за с. Бабяк, община Белица""",Белица,Благоевград,5102,ПРО-2949/23.09.2025,РД-02-30-450/29.12.2025,2658717.78,0,2658717.78,
OP-25.001-0135,"Инженеринг (проектиране, СМР и авторски надзор) на обект: ""Реконструкция и разширение на път BLG 3023 /III-8406/ Белица – м. Андрианов чарк""",Белица,Благоевград,5102,ПРО-2966/29.09.2025,РД-02-30-355/20.10.2025,3655736.95,0,3655736.95,
OP-25.001-0136,"Рехабилитация и реконструкция на улици, тротоари и съоръженията към тях на територията на община Белица",Белица,Благоевград,5102,ПРО-2952/24.09.2025,РД-02-30-448/29.12.2025,664679.45,0,664679.45,
OP-25.001-0137,"Инженеринг (проектиране, СМР и авторски надзор) на обект: ""Основен ремонт и разширение на мост в урбанизираната територия на село Дагоново, общ. Белица""",Белица,Благоевград,5102,ПРО-2948/23.09.2025,РД-02-30-449/29.12.2025,168215.03,0,168215.03,
OP-25.001-0194,"Инженеринг (проектиране, СМР и авторски надзор) на обект: ""Изграждане на многофункционална зала в село Краище, общ. Белица""",Белица,Благоевград,5102,ПРО-2950/23.09.2025,РД-02-30-447/29.12.2025,522029.01,0,522029.01,
OP-24.001-0011,"Реконструкция на ВиК мрежи и благоустрояване на ул. ""Катина и Никола Хайдукови""",Благоевград,Благоевград,5103,ПРО-2182/26.09.2024,РД-02-30-1911/16.12.2024,2472403.02,0,2472403.02,
OP-24.001-0012,"Изграждане на ул. ""Здраве"", IV м.р.",Благоевград,Благоевград,5103,ПРО-1246/29.03.2024,РД-02-30-654/03.04.2024,2234703.43,312880.26,1921823.17,
OP-24.001-0014,"Реконструкция на ВиК мрежи и благоустрояване на ул. ""Христо Чернопеев""",Благоевград,Благоевград,5103,ПРО-1787/09.07.2024,РД-02-30-1912/16.12.2024,1444348.44,228199.36,1216149.08,
OP-24.001-0015,"Ремонт и реконструкция на ВиК на ул. ""Аргир Манасиев""",Благоевград,Благоевград,5103,ПРО-757/06.02.2024,РД-02-30-109/23.02.2024; Анекс РД-02-30-109(1)/24.09.2024,1375579.68,1246341.06,129238.62,
OP-24.001-0016,"Реконструкция на ВиК мрежи и благоустрояване на ул. ""Христо Смирненски""",Благоевград,Благоевград,5103,ПРО-1238/29.03.2024,РД-02-30-653/03.04.2024,1271071.62,244867.98,1026203.64,
OP-24.001-0018,"Реконструкция на ВиК мрежи и благоустрояване на ул. ""Гьорче Петров""",Благоевград,Благоевград,5103,ПРО-1239/29.03.2024,РД-02-30-1910/16.12.2024,1120291.64,213058.01,907233.63,
OP-24.001-0019,"Реконструкция на ВиК мрежи и благоустрояване на ул. ""Димитър Йосифов""",Благоевград,Благоевград,5103,ПРО-1750/26.06.2024,РД-02-30-1592/21.10.2024,960461.80,699964.42,260497.38,
OP-24.001-0020,"Ремонт и реконструкция на ВиК на ул. ""Свети Иван Рилски""",Благоевград,Благоевград,5103,ПРО-755/06.02.2024,РД-02-30-106/23.02.2024; Анекс РД-02-30-106(1)/24.09.2024,771846.22,622720.57,149125.65,
OP-24.001-0021,"Реконструкция на ВиК мрежи и благоустрояване на ул. ""Преспа""",Благоевград,Благоевград,5103,ПРО-1240/29.03.2024,РД-02-30-1593/21.10.2024,751905.84,0,751905.84,
OP-24.001-0022,"Благоустрояване на Гробищен парк ""Нови гробища""",Благоевград,Благоевград,5103,,,0,0,0,743929.69
OP-24.001-0023,"Реконструкция на ВиК мрежи и благоустрояване на ул. ""Антим I""",Благоевград,Благоевград,5103,ПРО-1243/29.03.2024,РД-02-30-1596/21.10.2024,697964.55,129851.10,568113.45,
OP-24.001-0024,"Благоустрояване на ул. ""Кресна""",Благоевград,Благоевград,5103,,,0,0,0,679660.30
OP-24.001-0025,"Ремонт и реконструкция на ВиК на ул. ""Стефан Стамболов""",Благоевград,Благоевград,5103,ПРО-754/06.02.2024,РД-02-30-107/23.02.2024; Анекс РД-02-30-107(1)/24.09.2024,670917.21,539752.41,131164.80,
OP-24.001-0026,"Реконструкция на ВиК мрежи за минерална вода по ул. ""Костур"", ул. ""Христо Чернопеев"", ул. ""Катина и Никола Хайдукови""",Благоевград,Благоевград,5103,ПРО-2647/18.02.2025,,0,0,501423.95,
OP-24.001-0027,"Реконструкция на ВиК мрежи и благоустрояване на ул. ""Сотир Атанасов""",Благоевград,Благоевград,5103,ПРО-1241/29.03.2024,РД-02-30-1597/21.10.2024,484551.32,94804.15,389747.17,
OP-24.001-0028,"Реконструкция на ВиК мрежи и благоустрояване на ул. ""Свети Наум""",Благоевград,Благоевград,5103,ПРО-1251/29.03.2024,РД-02-30-1595/21.10.2024,477904.52,130674.99,347229.53,
OP-24.001-0029,"Ремонт и реконструкция на ВиК на ул. ""Иван Вазов""",Благоевград,Благоевград,5103,ПРО-760/06.02.2024,РД-02-30-110/23.02.2024; Анекс РД-02-30-110(1)/24.09.2024,474734.51,375757.40,98977.11,
OP-24.001-0030,"Ремонт и реконструкция на ВиК на ул. ""Иларион Макариополски""",Благоевград,Благоевград,5103,ПРО-761/06.02.2024,РД-02-30-111/23.02.2024; Анекс РД-02-30-111(1)/24.09.2024,457913.01,400580.03,57332.98,
OP-24.001-0032,"Реконструкция на ВиК мрежи и благоустрояване на ул. ""Данаил Крапчев""",Благоевград,Благоевград,5103,ПРО-1245/29.03.2024,РД-02-30-1458/24.09.2024,450090.24,355643.87,94446.37,
OP-24.001-0033,"Ремонт и реконструкция на ВиК на ул. ""Захари Стоянов""",Благоевград,Благоевград,5103,ПРО-759/06.02.2024,РД-02-30-108/23.02.2024; Анекс РД-02-30-108(1)/24.09.2024,348649.93,69686.41,278963.52,
OP-24.001-0034,"Реконструкция на ВиК мрежи и благоустрояване на ул. ""Костур""",Благоевград,Благоевград,5103,ПРО-1244/29.03.2024,РД-02-30-1599/21.10.2024,344099.44,0,344099.44,
OP-24.001-0035,"Благоустрояване на ул. ""Витоша""",Благоевград,Благоевград,5103,ПРО-1242/29.03.2024,РД-02-30-1603/21.10.2024,335458.60,72286.42,263172.18,
OP-24.001-0036,"Реконструкция на ВиК мрежи и благоустрояване на ул. ""Сава Михайлов""",Благоевград,Благоевград,5103,ПРО-1754/27.06.2024,РД-02-30-1604/21.10.2024,295526.71,49201.01,246325.70,
OP-24.001-0038,"Благоустрояване на ул. ""Зеленка""",Благоевград,Благоевград,5103,,,0,0,0,293839.44
OP-24.001-0039,"Реконструкция и благоустрояване на междублоково пространство в кв. 133, Благоевград",Благоевград,Благоевград,5103,ПРО-1221/25.03.2024,РД-02-30-600/01.04.2024,287908.46,50385.00,237523.46,
OP-24.001-0040,"Реконструкция и благоустрояване на междублоково пространство в кв. 175, Благоевград",Благоевград,Благоевград,5103,ПРО-1220/25.03.2024,РД-02-30-598/01.04.2024,227985.05,49364.82,178620.23,
OP-24.001-0041,"Благоустрояване на ул. ""Юрий Гагарин""",Благоевград,Благоевград,5103,ПРО-2671/30.04.2025,,0,0,210856.77,
OP-24.001-0042,"Реконструкция на ВиК мрежи и благоустрояване на ул. ""Родолюбие""",Благоевград,Благоевград,5103,ПРО-1753/27.06.2024,РД-02-30-1374/20.09.2024,168828.58,134382.07,34446.51,
OP-24.001-0043,"Реконструкция и благоустрояване на междублоково пространство в кв. 134, Благоевград",Благоевград,Благоевград,5103,ПРО-1219/25.03.2024,РД-02-30-597/01.04.2024,167448.09,29270.33,138177.76,
OP-24.001-0044,"Реконструкция и благоустрояване на междублоково пространство в кв. 116, Благоевград",Благоевград,Благоевград,5103,ПРО-1218/25.03.2024,РД-02-30-599/01.04.2024,145104.64,31270.76,113833.88,
OP-24.001-0045,Реконструкция на комбинирана спортна площадка в с. Изгрев,Благоевград,Благоевград,5103,ПРО-758/06.02.2024,РД-02-30-105/23.02.2024,134725.41,30287.14,105818.76,
OP-24.001-0046,"Реконструкция и благоустрояване на междублоково пространство в кв. 117, Благоевград",Благоевград,Благоевград,5103,ПРО-1217/25.03.2024,РД-02-30-594/01.04.2024,114682.77,24729.38,89953.39,
OP-24.001-0047,"Реконструкция на спортна площадка в ж.к. ""Струмско"", Благоевград",Благоевград,Благоевград,5103,ПРО-1252/29.03.2024,РД-02-30-1614/21.10.2024,98014.65,21839.09,76175.56,
OP-24.001-0048,"Проект за изграждане на многоетажен паркинг (""Кончето"") (проектиране)",Благоевград,Благоевград,5103,,,0,0,0,76693.78
OP-24.001-0049,"Изграждане на авариен изход на ДГ ""Първи юни""",Благоевград,Благоевград,5103,ПРО-1249/29.03.2024,РД-02-30-655/03.04.2024,75671.20,74400.52,0,
OP-24.001-0050,"Реконструкция и благоустрояване на междублоково пространство в кв. 114, Благоевград",Благоевград,Благоевград,5103,ПРО-1216/25.03.2024,РД-02-30-596/01.04.2024,62070.83,13252.60,48818.23,
OP-24.001-0051,"Проект за изграждане на улица от о.т. 12 до о.т. 253 (ул. ""Вардар"") (проектиране)",Благоевград,Благоевград,5103,ПРО-1441/10.05.2024,РД-02-30-1608/21.10.2024,35790.43,0,35790.43,
OP-24.001-0052,"Проект за реконструкция на парк ""Ален мак"", Благоевград",Благоевград,Благоевград,5103,,,0,0,0,17026.02
OP-24.001-1629,"Ремонт и реконструкция на ВиК на ул. ""Арсени Костенцев"" – Етап I",Благоевград,Благоевград,5103,ПРО-756/06.02.2024,РД-02-30-595/01.04.2024; Анекс РД-02-30-595(1)/24.09.2024,840768.37,147544.16,693224.21,
OP-24.001-1630,"Ремонт и реконструкция на ВиК на ул. ""Арсени Костенцев"" – Етап II",Благоевград,Благоевград,5103,ПРО-1455/10.05.2024,РД-02-30-1372/20.09.2024,679609.17,0,679609.17,
OP-24.001-1631,"Ремонт и реконструкция на ВиК на ул. ""Арсени Костенцев"" – Етап III",Благоевград,Благоевград,5103,ПРО-1456/10.05.2024,РД-02-30-1373/20.09.2024,163153.24,0,163153.24,
OP-24.001-1632,"Ремонт и реконструкция на ВиК на ул. ""Арсени Костенцев"" – Етап IV",Благоевград,Благоевград,5103,ПРО-1457/10.05.2024,РД-02-30-1368/20.09.2024,414248.68,299106.13,115142.55,
OP-24.001-1633,"Проект за основен ремонт и въвеждане на мерки за ЕЕ на сграда с ид. 04279.612.98.2 (Регионална библиотека, зала ""Пейо Яворов"" и др.)",Благоевград,Благоевград,5103,,,0,0,0,127822.97
OP-24.001-1634,"Изграждане на пристройка към централна сграда за 2 бр. работни места, ДГ № 12 ""Алени макове""",Благоевград,Благоевград,5103,ПРО-2147/16.09.2024,РД-02-30-1590/21.10.2024,30575.25,27538.72,3036.53,
OP-24.001-1635,Проект за реконструкция на път BLG1071 – /I-1 – Благоевград – Симитли/ – граница община (Благоевград – Симитли) – Симитли – Черниче – /I-1/,Благоевград,Благоевград,5103,ПРО-1440/10.05.2024,РД-02-30-1611/21.10.2024,30677.51,0,56242.11,
OP-24.001-1636,"Проект за реконструкция на общински път BLG2061 – /I- 1/ – Благоевград – Бистрица – лет. ""Бодрост"" – м. Картала",Благоевград,Благоевград,5103,ПРО-1444/10.05.2024,,0,0,153387.56,
OP-24.001-1638,Проект за реконструкция на пешеходна зона на ЦГЧ,Благоевград,Благоевград,5103,ПРО-1451/10.05.2024,РД-02-30-1610/21.10.2024,102258.38,0,102258.38,
OP-24.001-1641,"Проект за изграждане на ул. ""Св. Иван Рилски"", с. Рилци",Благоевград,Благоевград,5103,ПРО-1454/10.05.2024,РД-02-30-1607/21.10.2024,35790.43,0,35790.43,
OP-24.001-1642,"Проект за пешеходен мост над р. Бистрица м/у парк ""Даме Груев"" и алея при Американски общежития",Благоевград,Благоевград,5103,ПРО-1449/10.05.2024,РД-02-30-1602/21.10.2024,12782.30,0,12782.30,
OP-24.001-1643,"Проект за изграждане на ул. ""Перелик"" от о.т. 45 до о.т. 48, включително корекция на Еленовско дере",Благоевград,Благоевград,5103,ПРО-1447/10.05.2024,РД-02-30-1594/21.10.2024,15338.76,0,15338.76,
OP-24.001-1645,Проект за реконструкция на общински път BLG2060 – /I- 1/ – Дупница – Благоевград – Рилци – /KNL1084/,Благоевград,Благоевград,5103,ПРО-1442/10.05.2024,РД-02-30-1613/21.10.2024,20451.68,0,51129.19,
OP-24.001-1646,Проект за реконструкция на път KNL1084 – /III-107/ Кочериново – Бараково – граница община (Кочериново – Благоевград) – Благоевград/BLG2061/,Благоевград,Благоевград,5103,ПРО-1446/10.05.2024,РД-02-30-1612/21.10.2024,25564.59,0,51129.19,
OP-24.001-1648,"Проект за реконструкция на бул. ""Васил Левски"" (от кръстовище с ул. ""Крушево"" до кръстовище с бул. ""Св. Д. Солунски"")",Благоевград,Благоевград,5103,ПРО-1448/10.05.2024,РД-02-30-1606/21.10.2024,20451.68,0,20451.68,
OP-24.001-1649,"Проект за реконструкция на бул. ""Св. св. Кирил и Методий""",Благоевград,Благоевград,5103,ПРО-2382/18.10.2024,РД-02-30-1909/16.12.2024,51129.19,0,51129.19,
OP-24.001-1650,"Проект за реконструкция на ул. ""Броди"", ж.к. ""Струмско""",Благоевград,Благоевград,5103,ПРО-1445/10.05.2024,РД-02-30-1605/21.10.2024,25564.59,0,25564.59,
OP-24.001-1654,"Проект за реконструкция на кръстовище м/у ул. ""Симеон Радев"" и ул. ""Борис Ангелушев""",Благоевград,Благоевград,5103,ПРО-1450/10.05.2024,РД-02-30-1601/21.10.2024,15338.76,0,15338.76,
OP-25.001-0001,"Изграждане на ВиК мрежи в имот с ид. 04279.621.215, местност Мандаджи баир, ул. ""Свобода"" от о.т. 70, 67, 66, 65, 64 до о.т. 59",Благоевград,Благоевград,5103,ПРО-2701/22.05.2025,,0,0,357086.25,
OP-25.001-0002,"Реконструкция на ВиК мрежи на ул. ""Христо Силянов"" от о.т. 316 до о.т. 251",Благоевград,Благоевград,5103,,,0,0,,770005.57
OP-25.001-0195,Рехабилитация и модернизация на системите за външно изкуствено осветление на населени места на територията на община Благоевград – етап 2,Благоевград,Благоевград,5103,,,0,0,,766937.82
OP-25.001-0196,"Основен ремонт на покрив на ДДЯ № 2 ""Радост""",Благоевград,Благоевград,5103,,,0,0,,145206.89
OP-25.001-0197,"Основен ремонт на покрив на ДДЯ № 3 ""Славей""",Благоевград,Благоевград,5103,,,0,0,,116216.64
OP-25.001-0198,"Реконструкция на ул. ""Александър Стамболийски"" и изграждане на пътен възел между ул. ""Александър Стамболийски"" и бул. ""Св. Димитър Солунски""",Благоевград,Благоевград,5103,,,0,0,,1230577.30
OP-24.001-0053,"Реконструкция и рехабилитация на път BLG 1091 (II-19, Добринище – Гоце Делчев) – Брезница, община Гоце Делчев",Гоце Делчев,Благоевград,5104,ПРО-762/07.02.2024,РД-02-30-259/19.03.2024,3686056.56,718140.69,2967915.87,
OP-24.001-0054,Реконструкция и рехабилитация на улици в гр. Гоце Делчев,Гоце Делчев,Благоевград,5104,ПРО-987/29.02.2024,РД-02-30-1743/25.11.2024,1131488.93,502091.27,629397.66,
OP-24.001-0055,Реконструкция и рехабилитация на улици в с. Лъжница,Гоце Делчев,Благоевград,5104,ПРО-764/07.02.2024,РД-02-30-297/09.09.2025,1000189.18,0,1000189.18,
OP-24.001-0056,"Улица с о.т. 693, о.т. 691, о.т. 686, о.т 1171, о.т. 914, о.т. 909 и мостово съоръжение над река Градска в гр. Гоце Делчев, община Гоце Делчев",Гоце Делчев,Благоевград,5104,ПРО-3155/29.05.2026,,0,0,0,833814.80
OP-24.001-0057,Реконструкция и рехабилитация на улици в с. Борово,Гоце Делчев,Благоевград,5104,ПРО-765/07.02.2024,РД-02-30-1132/19.07.2024,680324.98,545817.52,134507.46,
OP-24.001-0058,"Резервоар с обем 500 м3, с. Буково, община Гоце Делчев",Гоце Делчев,Благоевград,5104,ПРО-1569/22.05.2024,РД-02-30-981/14.06.2024,367209.83,193921.76,173288.07,
OP-24.001-0059,Реконструкция и рехабилитация на улици в с. Господинци,Гоце Делчев,Благоевград,5104,ПРО-766/07.02.2024,РД-02-30-975/14.06.2024,362045.78,0,362045.78,
OP-24.001-0060,Реконструкция и рехабилитация на улици в с. Корница,Гоце Делчев,Благоевград,5104,ПРО-767/07.02.2024; ПРО-2868/15.08.2025,РД-02-30-1062/25.06.2024; Анекс РД-02-30-1062(1)/08.12.2025,444619.42,370697.18,73922.24,
OP-24.001-0061,Благоустрояване на площад в с. Корница,Гоце Делчев,Благоевград,5104,ПРО-768/07.02.2024,РД-02-30-267/19.03.2024,336327.80,232017.65,104310.15,
OP-24.001-0062,Благоустрояване на площад в с. Мосомище,Гоце Делчев,Благоевград,5104,ПРО-769/07.02.2024,РД-02-30-263/19.03.2024,306979.65,229872.73,77106.92,
OP-24.001-1661,"Реконструкция и основен ремонт на улици, намиращи се в централна градска част на гр. Гоце Делчев",Гоце Делчев,Благоевград,5104,,,0,0,0,1431617.27
OP-24.001-1662,Реконструкция и рехабилитация на улична мрежа в югозападната част на гр. Гоце Делчев,Гоце Делчев,Благоевград,5104,ПРО-3127/09.01.2026,,0,0,0,2086070.88
OP-24.001-1663,"Изграждане на нов стоманобетонен мост на улица между о.т. 92 и о.т. 113 по плана на с. Лъжница, общ. Гоце Делчев",Гоце Делчев,Благоевград,5104,,,0,0,,94589.00
OP-24.001-1664,"Пристройка за обособяване на читалище към сграда на кметство с. Борово, общ. Гоце Делчев",Гоце Делчев,Благоевград,5104,ПРО-1574/23.05.2024,РД-02-30-1485/08.10.2024,260758.86,0,260758.86,
OP-24.001-1665,"Реконструкция и обновяване на футболно игрище в УПИ- I, кв. 84, с. Брезница, общ. Гоце Делчев",Гоце Делчев,Благоевград,5104,ПРО-1573/23.05.2024,РД-02-30-979/14.06.2024,873797.82,0,873797.82,
OP-24.001-1666,Реконструкция и рехабилитация на улици в с. Мосомище,Гоце Делчев,Благоевград,5104,ПРО-1816/25.07.2024,РД-02-30-1548/09.10.2024,547082.31,238483.57,308598.74,
OP-24.001-1667,Реконструкция и рехабилитация на улици в с. Брезница,Гоце Делчев,Благоевград,5104,ПРО-1815/25.07.2024,РД-02-30-473/30.12.2025,536856.48,0,536856.48,
OP-24.001-1668,Реконструкция и рехабилитация на улица в с. Буково,Гоце Делчев,Благоевград,5104,ПРО-2158/18.09.2024,РД-02-30-1638/30.10.2024,107371.30,92051.04,15320.26,
OP-25.001-0117,"Изграждане на довеждащ водопровод от втори водоизточник на самоизлив на 2,5 км до изградена инфраструктура на съществуващ водоизточник в с. Буково",Гоце Делчев,Благоевград,5104,ПРО-2909/25.08.2025,РД-02-30-333/13.10.2025,127822.97,0,127822.97,
OP-25.001-0199,"Реконструкция на ул. ""Пейо Яворов"" в обхват о.т. 697- 899-898-897-896-895-894-893-892 по плана на гр. Гоце Делчев",Гоце Делчев,Благоевград,5104,ПРО-3151/20.05.2026,,0,0,0,230081.35
OP-25.001-0200,"Реконструкция на ул. ""Пейо Яворов"" в обхват о.т. 647- 823-820-836-697 по плана на гр. Гоце Делчев",Гоце Делчев,Благоевград,5104,ПРО-2910/25.08.2025,РД-02-30-400/08.12.2025,291436.37,0,291436.37,
OP-25.001-0201,"Инженеринг и строителен надзор за реконструкция на улична канализация по ул. ""Хан Крум"", гр. Гоце Делчев с о.т. 817 до о.т. 829",Гоце Делчев,Благоевград,5104,ПРО-2906.25.08.2025,РД-02-30-399/08.12.2025,132935.89,0,132935.89,
OP-25.001-0202,"Проектиране и основен ремонт на ВиК инфраструктура по ул. ""Пейо Яворов"", о.т. 647-823-820-836-697, по плана на гр. Гоце Делчев",Гоце Делчев,Благоевград,5104,ПРО-2908/25.08.2025,РД-02-30-401/08.12.2025,145206.89,0,145206.89,
OP-25.001-0759,Основен ремонт на улици в с. Лъжница,Гоце Делчев,Благоевград,5104,ПРО-2907/25.08.2025,РД-02-30-398/08.12.2025,214742.59,0,214742.59,
OP-24.001-0063,Реконструкция и рехабилитация на улици в община Гърмен,Гърмен,Благоевград,5105,ПРО-747/06.02.2024,РД-02-30-692/04.04.2024,1173823.90,1052509.68,121314.22,
OP-24.001-0064,Реконструкция на външни водопроводи с. Осиково и с. Рибново по обособена позиция № 1 с предмет: Реконструкция на съществуващ водопровод за с. Осиково,Гърмен,Благоевград,5105,ПРО-651/29.01.2024,РД-02-30-867/20.05.2024,598927.31,198128.64,400798.67,
OP-24.001-0065,"Пречиствателна станция за питейни води, село Рибново, община Гърмен",Гърмен,Благоевград,5105,ПРО-732/02.02.2024,РД-02-30-865/20.05.2024,410618.51,306568.29,104174.68,
OP-24.001-1669,"Реконструкция и рехабилитация на улици на територията на община Гърмен, област Благоевград",Гърмен,Благоевград,5105,ПРО-747(5)/10.05.2024,РД-02-30-924/04.06.2024,1533875.64,688818.47,845057.17,
OP-24.001-1670,"КПИИ Основен ремонт и реконструкция на стадион, намиращ се в УПИ I, кв. 63 по плана на с. Дебрен, община Гърмен",Гърмен,Благоевград,5105,ПРО-1374/08.05.2024,РД-02-30-863/20.05.2024,715808.63,148274.65,567533.98,
OP-24.001-1671,"Укрепителни и брегоукрепителни мероприятия на р. Канина в района на Огняновски минерални бани, общ. Гърмен, обл. Благоевград",Гърмен,Благоевград,5105,ПРО-1373/08.05.2024,РД-02-30-1314/22.08.2024,679506.91,611556.22,67950.69,
OP-25.001-0071,"3 299 328 лв. за реконструкция и разширение на материално-техническата база на СУ ""Йордан Йовков"" в с. Рибново и 793 947 лв. за изграждане на пристройка на Детска градина ""Никола Вапцаров"" в с. Дебрен в УПИ XVI, кв. 29, по плана на село Дебрен, общ. Гърмен, област Благоевград",Гърмен,Благоевград,5105,ПРО-2754/27.06.2025,РД-02-30-298/09.09.2025,2092871.06,418594.66,1674276.40,
OP-25.001-0203,"Изграждане на помпена станция и външен водопровод до съществуващ Група Рибново – I етап, местност Железен мост, землище с. Осиково, за селата Рибново и Осиково, община Гърмен",Гърмен,Благоевград,5105,ПРО-2826/08.08.2025,,0,0,876354.28,
OP-24.001-0066,"Реконструкция на вътрешна водопроводна мрежа и благоустрояване на улици в с. Сливница, община Кресна",Кресна,Благоевград,5106,ПРО-153/11.01.2024,РД-02-30-245/19.03.2024,3445391.47,3282054.11,0,
OP-24.001-0067,"Благоустрояване на с. Долна Градешница, община Кресна, област Благоевград – реконструкция на улична мрежа и площад, изграждане на детски площадки – Етап II",Кресна,Благоевград,5106,ПРО-155/11.01.2024,РД-02-30-243/19.03.2024,2670733.14,2670708.04,0,
OP-24.001-0068,Реконструкция на част от вътрешна водопроводна мрежа на гр. Кресна,Кресна,Благоевград,5106,ПРО-157/11.01.2024,РД-02-30-1061/25.06.2024,1523905.45,1238412.65,0,
OP-24.001-2700,Благоустрояване и реконструкция на улици в с. Горна Брезница,Кресна,Благоевград,5106,ПРО-2321/15.10.2024,РД-02-30-1887/13.12.2024,4038081.02,176218.77,3861862.25,
OP-24.001-2701,"Основен ремонт на общински път BLG 3134 /I-1 гр. Кресна – Струмяни/ – Градешки минерални бани от км 0+000 до км 4+153,51, община Кресна",Кресна,Благоевград,5106,ПРО-2316/15.10.2024,РД-02-30-1888/13.12.2024,3761369.85,912656.00,2848713.85,
OP-25.001-0204,"Реконструкция на съществуващ главен довеждащ водопровод на гр. Кресна, с. Долна Градешница, с. Влахи и с. Сливница, община Кресна",Кресна,Благоевград,5106,ПРО-2785/01.08.2025,РД-02-30-486/30.12.2025,13907139.17,76693.78,13830445.39,
OP-24.001-0069,"Реконструкция на водопроводни клонове по индикативни улици в гр. Петрич и рехабилитация на улиците, в т.ч. и ремонт на бордюри в обхвата на реконструкцията с подобекти: – Подобект 1 ""Реконструкция и доизграждане на водопровод и канализация по ул. ""Д-р Асен Златаров"" в участъка между о.т. 243 и о.т. 603 по плана на гр. Петрич, имот с идентификатор 56126.603.1685 по КККР на гр. Петрич в кръстовище при о.т. 243 с ул. ""Полк. Дрангов"", имот с идентификатор 56126.601.1521 по КККР на гр. Петрич, с дължина L=200 m""; – Подобект: ""Реконструкция на водопроводни клонове по 17 индикативни улици в гр. Петрич и рехабилитация на 18 индикативни улици, в т.ч. и ремонт на бордюри в обхвата на реконструкцията""",Петрич,Благоевград,5107,ПРО-823/13.02.2024,РД-02-30-634/02.04.2024 РД-02-30-634(1)/16.12.2024,4389696.45,3716156.19,673540.26,
OP-24.001-0070,"Реконструкция на водопровод в кв. ""Дълбошница"", гр. Петрич, община Петрич",Петрич,Благоевград,5107,ПРО-307/16.01.2024,РД-02-30-369/25.03.2024,2919221.00,2435690.33,0,
OP-24.001-0071,"Реконструкция на ул. ""Георги Урумов"", гр. Пет-рич, от о.т. 61 (кръстовище с ул. ""Рокфелер"") – о.т. 360 (кръстовище с ул. ""Ильо Войвода"") – о.т. 361 (кръстовище с ул. ""Стара планина"") – о.т. 343 (кръстовище с ул. ""България""), включително тротоари, уличен водопровод в участъка, както и улични водосборни шахти и реконструкция на прилежащите кръстовища",Петрич,Благоевград,5107,ПРО-351/17.01.2024,РД-02-30-372/25.03.2024 РД-02-30-372(1)/16.12.2024,1388771.01,205416.93,1183354.08,
OP-24.001-0072,"Основен ремонт на ул. ""Св. св. Кирил и Методий"" – гр. Петрич, от о.т. 160-о.т. 154-о.т. 213-о.т.233, включително тротоари и уличен водопровод в участъка",Петрич,Благоевград,5107,ПРО-308/16.01.2024,РД-02-30-370/25.03.2024,956985.01,184386.66,772598.35,
OP-24.001-0073,"Реконструкция на ул. ""Пирин"" – гр. Петрич, в участъка от ул. ""Рокфелер"" до ул. ""Елтепе"" от о.т. 59-о.т. 45-о.т. 33- о.т. 32-о.т. 22, включително тротоари в участъка",Петрич,Благоевград,5107,ПРО-510/22.01.2024,РД-02-30-112/28.02.2024,839387.88,746740.92,92646.96,
OP-24.001-0074,"Реконструкция на ул. ""Битоля"" – гр. Петрич, в участъка от ул. ""Цар Борис III"" до ул. ""Пирин"" от о.т. 96-о.т. 95-о.т. 94-о.т. 93-о.т. 92-о.т. 91-о.т. 45, включително тротоари в участъка",Петрич,Благоевград,5107,ПРО-352/17.01.2024,РД-02-30-119/28.02.2024,837905.13,166094.25,671810.88,
OP-24.001-0075,"Основен ремонт на ул. ""Свобода"" – гр. Петрич, от о.т. 157 – о.т. 46 – о.т. 37 – о.т. 156 – о.т. 117 – о.т. 110 – о.т.115 – о.т.114 – о.т. 114 – о.т. 81 – о.т. 38, включително тротоари в участъка",Петрич,Благоевград,5107,ПРО-509/22.01.2024,РД-02-30-132/28.02.2024,770465.74,763721.12,6744.62,
OP-24.001-0076,"Реконструкция на ул. ""Битоля"" – гр. Петрич, в участъка от ул. ""Цар Борис III"" до ул. ""Свобода"" от о.т. 960 – о.т. 114, включително тротоари и уличен водопровод в участъка на реконструкцията, както и реконструкция на кръстовището при ул. ""Цар Борис III"" и ул. ""Битоля""",Петрич,Благоевград,5107,ПРО-309/16.01.2024,РД-02-30-375/25.03.2024,716575.57,137014.65,579560.92,
OP-24.001-0077,"Основен ремонт на ул. ""22-ри октомври"" от о.т. 40 – о.т. 40А – о.т. 41 – о.т. 48 – о.т. 76 – о.т. 89 – о.т. 72 – о.т. 68 – о.т. 70 и ул. ""Вит"" от о.т. 11 – о.т. 15А – о.т. 41А – о.т. 40А – о.т. 40 – гр. Петрич, включително тротоарите в участъка",Петрич,Благоевград,5107,ПРО-511/22.01.2024,РД-02-30-114/28.02.2024,663912.51,653272.13,10640.38,
OP-24.001-0078,"Основен ремонт на ул. ""Отец Паисий"" – гр. Пет-рич, от о.т. 328 – о.т. 330 – о.т. 332 – о.т. 333 – о.т. 334 – о.т. 335 – о.т. 338, включително тротоари в участъка",Петрич,Благоевград,5107,ПРО-506/22.01.2024,РД-02-30-118/28.02.2024,511752.04,456147.62,55604.42,
OP-24.001-0079,"Основен ремонт на ул. ""Връх Китка"" от о.т. 85 – о.т. 650 – о.т. 70 – о.т. 69 – о.т. 66 и ул. ""Атанас Лютвиев"" от о.т. 85 – о.т. 82 – гр. Петрич, включително тротоарите в участъците",Петрич,Благоевград,5107,ПРО-353/17.01.2024,РД-02-30-121/28.02.2024,467627.55,92750.39,374877.16,
OP-24.001-0080,"Основен ремонт на ул. ""Генерал Тодоров"" – гр. Петрич, от о.т. 175 – о.т. 73 – о.т. 74 – о.т. 75 – о.т. 48 – о.т. 36 – о.т. 34 – о.т. 33, включително тротоари в участъка",Петрич,Благоевград,5107,ПРО-507/22.01.2024,РД-02-30-373/25.03.2024,449885.73,400856.09,49029.64,
OP-24.001-0081,"Основен ремонт на ул. ""Тома Митов"" от о.т. 233 – о.т. 225, включително тротоари и уличен водопровод в участъка",Петрич,Благоевград,5107,ПРО-306/16.01.2024,РД-02-30-371/25.03.2024,426570.82,0,426570.82,
OP-24.001-1672,"Реконструкция на ул. ""Стойо Хаджиев"" – гр. Пет-рич, включително тротоари и реконструкция на прилежащите кръстовища",Петрич,Благоевград,5107,ПРО-1831/07.08.2024,РД-02-30-1493/08.10.2024,486545.35,95979.37,390565.98,
OP-25.001-0205,"Основен ремонт на улично платно от о.т. 67-о.т. 66-о.т. 65-о.т. 64-о.т. 63-о.т. 62-о.т. 104-о.т. 50-о.т. 17-о.т. 40, с. Кърналово, община Петрич",Петрич,Благоевград,5107,ПРО-2872/18.08.2025,,0,0,576277.08,
OP-25.001-0206,"Реконструкция на улично платно на ул. ""Беласица"" от о.т. 103а – о.т. 14 – о.т. 7 – о.т. 13 – о.т. 22 – о.т. 23 – о.т. 44 – о.т. 41, с. Беласица, община Петрич",Петрич,Благоевград,5107,ПРО-2870/18.08.2025,,0,0,557819.44,
OP-25.001-0207,"Реконструкция на улично платно от о.т. 33-о.т.32-о.т.31- о.т.30-о.т.22, вкл. тротоари и уличен водопровод в участъка, с. Генерал Тодоров, община Петрич",Петрич,Благоевград,5107,ПРО-2871/18.08.2025,,0,0,442318.61,
OP-25.001-0208,"Реконструкция на улично платно на ул. ""Пет-ра"" от о.т. 25а – о.т. 12а и ул. ""Беласица"" от о.т. 27а – о.т. 73, продължение на ул. ""Георги Раковски"" от о.т. 25 – о.т. 25а – о.т. 27 – о.т. 27а, с. Рупите, община Петрич",Петрич,Благоевград,5107,ПРО-2869/18.08.2025,,0,0,347525.09,
OP-24.001-0082,Изграждане на многофункционална спортна зала в гр. Разлог,Разлог,Благоевград,5108,ПРО-21/09.01.2024,РД-02-30-627/01.04.2024; Анекс РД-02-30-627(1)/09.09.2025,6544536.08,3599494.84,2945041.24,
OP-24.001-0083,"Изграждане и ремонт на водопроводна, канализационна и улична мрежа на територията на община Разлог",Разлог,Благоевград,5108,ПРО-16/09.01.2024,РД-02-30-864/20.05.2024; Анекс РД-02-30-864(1)/11.11.2024,3564727.00,3020953.52,543773.48,
OP-24.001-0084,Аварийна подмяна на захранващ водопровод с. Годлево,Разлог,Благоевград,5108,ПРО-20/09.01.2024,РД-02-30-868/20.05.2024,2147119.13,1638179.19,508939.94,
OP-24.001-0085,Корекция на р. Бяла река – I участък,Разлог,Благоевград,5108,ПРО-19/09.01.2024 ПРО-1344/02.05.2024,РД-02-30-870/20.05.2024,1036133.00,506617.36,529515.64,
OP-24.001-0086,"Реконструкция на площадно и пешеходно пространство на гр. Разлог, общ. Разлог – втори етап",Разлог,Благоевград,5108,ПРО-13/09.01.2024,РД-02-30-866/20.05.2024,1115127.59,0,1115127.59,
OP-24.001-0087,Обществена баня в с. Баня – ПИ 02693.501.1349 по КК на с. Баня,Разлог,Благоевград,5108,ПРО-17/09.01.2024,РД-02-30-869/20.05.2024,899873.71,794253.64,105620.07,
OP-24.001-1673,"Спортна, културна и развлекателна туристичес-ка атракция – парк ""Разлог"" в ПИ 61813.763.48, част от УПИ I, кв. 141 по плана на гр. Разлог, общ. Разлог",Разлог,Благоевград,5108,ПРО-1351/02.05.2024,РД-02-30-871/20.05.2024,1130466.35,494214.73,636251.62,
OP-24.001-0088,ВиК мрежа на гр. Сандански – реконструкция на съществуващи и изграждане на нови: водопроводна мрежа със сградни водопроводни отклонения /СВО/ и канализационна мрежа със сградни канализационни отклонения /СКО/ и изграждане на ново пътно платно по улици V и VI клас – регулация на гр. Сандански,Сандански,Благоевград,5109,ПРО-549/23.01.2024,РД-02-30-175/14.03.2024; Анекс РД-02-30-175(1)/16.10.2025,8293409.96,1335583.93,6957826.03,
OP-24.001-0089,"Реконструкция на водопроводна мрежа на село Склаве, община Сандански /за първи етап – 4 373 072 лв., при обща инвестиционна стойност на проекта 7 706 820 лв./",Сандански,Благоевград,5109,ПРО-550/23.01.2024,РД-02-30-601/01.04.2024,3940424.27,188967.55,3751456.72,
OP-24.001-0090,"Пазар и паркинг в УПИ VІІ-1329, 3726, 3740, кв. 60 по плана на гр. Сандански, имот с идентификатор 65334.300.1409 по КККР на гр. Сандански /за първи етап – 2 500 000 лв., при обща инвестиционна стойност на проекта 7 434 820 лв./",Сандански,Благоевград,5109,ПРО-552/23.01.2024,РД-02-30-602/01.04.2024,1789521.58,0,3801352.88,
OP-24.001-0091,"Реконструкция на вътрешна водопроводна мрежа на село Катунци /за първи етап – 3 317 520 лв., при обща инвестиционна стойност на проекта 12 332 520 лв./",Сандански,Благоевград,5109,ПРО-553/23.01.2024,РД-02-30-603/01.04.2024,6305507.12,234042.71,6071464.41,
OP-24.001-0092,"Изграждане на спортни съоръжения и благо-устройство на прилежащ терен в УПИ V, кв. 170 по плана на град Сандански, поземлен имот с идентификатор 65334.301.9524 по КККР на град Сандански",Сандански,Благоевград,5109,ПРО-555/23.01.2024,РД-02-30-178/14.03.2024,1258289.32,244895.87,1013393.45,
OP-24.001-0093,"Изграждане на улици ""Дезудава"", ""Първа"", ""Втора"", ""Трета"" и ""Четвърта"" и участък от 1004 – 1048 по уличната регулация на местност Нишан Таши, землището на град Сандански и землището на село Поленица",Сандански,Благоевград,5109,ПРО-556/23.01.2024,РД-02-30-176/14.03.2024,1172085.51,0,1172085.51,
OP-24.001-0094,"Южна дъга – гр. Сандански I етап: Път за транспортен достъп до кв. ""Изгрев – юг"" от о.т. 78 (ПИ 65334.301.9537 – ул. ""Стефан Стамболов"") през ПИ 57176.28.206, ПИ 57176.28.5, ПИ 65334.216.30, ПИ 65334.131.9 до улица с о.т. 64 – 64а (ПИ 56334.301.6356 – ул. ""Синаница"") II етап: Улица от о.т. 64 (ПИ 65334.301.6356 – ул. ""Синаница"") през о.т. 64а, 50, 34, 5 до о.т. 4 (ПИ 65334.301.54 – ул. ""Осогово"")",Сандански,Благоевград,5109,ПРО-557/23.01.2024,РД-02-30-177/14.03.2024,744440.98,0,744440.98,
OP-24.001-2702,"Доизграждане и реконструкция на канализационна мрежа и частична реконструкция на съпътстващи водопроводи с пътна и тротоарна настилка на бул. ""Тодор Каблешков"", град Сандански",Сандански,Благоевград,5109,ПРО-2329/16.10.2024,РД-02-30-1807/12.12.2024,2525014.96,203225.55,2321789.41,
OP-24.001-2703,"Доизграждане и реконструкция на канализационна мрежа и частична реконструкция на съпътстващи водопроводи с пътна и тротоарна настилка на ул. ""Първи май"" и ул. ""Серес"", град Сандански",Сандански,Благоевград,5109,ПРО-2326/16.10.2024,РД-02-30-1808/12.12.2024,4238967.60,185651.28,4053316.32,
OP-25.001-0758,"Цялостна реконструкция, консервация и реставрация на сградата на Конака в град Мелник и нейната адаптация и преустройство в музей за историята на град Мелник и региона",Сандански,Благоевград,5109,ПРО-2892/21.08.2025,,0,0,1533875.64,
OP-24.001-0095,Основен ремонт на улици в община Сатовча,Сатовча,Благоевград,5110,ПРО-1250/29.03.2024,РД-02-30-956/14.06.2024,1766513.45,795714.38,970799.07,
OP-24.001-0096,"Детска градина ""Боголин"", община Сатовча",Сатовча,Благоевград,5110,ПРО-708/1.02.2024,РД-02-30-958/14.06.2024,191223.16,165547.30,25675.86,
OP-24.001-0097,Довършителни работи по сграда за обществени мероприятия в с. Сатовча,Сатовча,Благоевград,5110,ПРО-775/7.02.2024,РД-02-30-1057/25.06.2024,87430.91,78539.15,8891.76,
OP-24.001-1675,"Основен ремонт на помещения в сграда на Средно училище ""Христо Ботев"", с. Вълкосел",Сатовча,Благоевград,5110,ПРО-1744/24.06.2024,РД-02-30-1522/08.10.2024,92032.54,80375.08,11657.46,
OP-24.001-1676,"Основен ремонт на стадион, монтаж на съоръжения: скамейки, изграждане на дренажна и оросителна система, оградна и подпорна стена към футболно игрище (стадион) в УПИ I от кв. 3 по плана на село Плетена, община Сатовча, област Благоевград",Сатовча,Благоевград,5110,ПРО-1598/29.05.2024,РД-02-30-963/14.06.2024,419259.34,369664.78,49594.56,
OP-24.001-1677,"Основен ремонт на стадион, монтаж на съоръжения: скамейки, изграждане на дренажна и оросителна система, оградна и подпорна стена към футболно игрище (стадион) в УПИ I от кв. 41 по плана на село Слащен, община Сатовча, област Благоевград",Сатовча,Благоевград,5110,ПРО-1597/29.05.2024,РД-02-30-961/14.06.2024,332339.72,294949.18,37595.06,
OP-24.001-1678,"Изграждане на корекционни стени на река Кочанска, с. Кочан, община Сатовча",Сатовча,Благоевград,5110,ПРО-2153/17.09.2024,РД-02-30-1555/21.10.2024,76693.78,0,76693.78,
OP-24.001-1679,"Изграждане на корекционни стени на река Бистрица, монтаж на парапети с. Сатовча",Сатовча,Благоевград,5110,ПРО-2155/17.09.2024,РД-02-30-1559/21.10.2024,204516.75,0,204516.75,
OP-24.001-1680,"Основен ремонт на площадно пространство в Боголин, община Сатовча",Сатовча,Благоевград,5110,ПРО-1745/24.06.2024,РД-02-30-1524/08.10.2024,48572.73,3067.75,45504.98,
OP-24.001-1681,"Основен ремонт на площадно пространство в Годешево, община Сатовча",Сатовча,Благоевград,5110,ПРО-1746/24.06.2024,РД-02-30-1523/08.10.2024,46016.27,40417.62,5598.65,
OP-24.001-1682,Ремонт по вертикална планировка и вътрешен ремонт на стаи на детска градина в с. Слащен,Сатовча,Благоевград,5110,ПРО-2154/17.09.2024,РД-02-30-1556/21.10.2024,43459.81,0,43459.81,
OP-24.001-1683,"Основен ремонт на площадно пространство в Туховища, община Сатовча",Сатовча,Благоевград,5110,ПРО-1743/24.06.2024,РД-02-30-1521/08.10.2024,61355.03,53636.56,7718.47,
OP-24.001-1684,"Основен ремонт на тротоари по главен път на село Вълкосел, община Сатовча",Сатовча,Благоевград,5110,ПРО-2152/17.09.2024,РД-02-30-1560/21.10.2024,81806.70,71411.73,10394.97,
OP-24.001-2704,"Реконструкция и рехабилитация на общински път BLG1270/III-1972, Вълкосел – Фъргово – Слащен – Туховища – Годешево от км 5+480 до км 6+650 на територията на община Сатовча",Сатовча,Благоевград,5110,ПРО-2215/02.10.2024,РД-02-30-1552/21.10.2024,889136.58,0,889136.58,
OP-24.001-2705,"Реконструкция и рехабилитация на общински път BLG2114/III-197, Гоце Делчев – Сатовча/ – Граница община /Гърмен – Сатовча/ – Крибул – /III-1972/ – участък от км 0+000 до км 2+500 на територията на община Сатовча",Сатовча,Благоевград,5110,ПРО-2214/02.10.2024,РД-02-30-1558/21.10.2024,407499.63,0,407499.63,
OP-24.001-2706,"Реконструкция и рехабилитация на общински път BLG1270/III-1972, Вълкосел – Фъргово/ – Слащен – Туховища – Годешево от км 12+934,40 до км 13+300 на територията на община Сатовча",Сатовча,Благоевград,5110,ПРО-2213/02.10.2024,РД-02-30-117/19.06.2025,365062.40,0,365062.40,
OP-25.001-0760,"Основен ремонт на парк в ПИ 12499.64.4 по КККР на село Вълкосел и изграждане на велоалея и път до парка в ПИ 12499.64.4 по КККР на село Вълкосел, община Сатовча",Сатовча,Благоевград,5110,,,0,0,,509962.52
OP-25.001-0761,"Промяна предназначение на втори етаж от Обединено детско заведение в Основно училище ""Стефка Събчева"" и монтаж на отоплителна инсталация в УПИ XIV от кв. 6 по плана на село Ваклиново, община Сатовча, област Благоевград",Сатовча,Благоевград,5110,ПРО-2985/10.10.2025,,0,0,184065.08,
OP-25.001-0762,"Основен ремонт на довеждащ водопровод от отклонение на Водоснабдителна група ""Сатовча – Слащен"" до напорен резервоар 12499.18.59 по КККР на с. Вълкосел, и основен ремонт на напорния резервоар, намиращ се в ПИ 12499.18.59 по КККР на с. Вълкосел, община Сатовча",Сатовча,Благоевград,5110,ПРО-3139/23.02.2026,,0,0,0,766937.82
OP-25.001-0763,"Основен ремонт на довеждащ водопровод от водохващане до ПСПВ с. Кочан, община Сатовча",Сатовча,Благоевград,5110,ПРО-3020/29.10.2025,,0,0,766937.82,
OP-25.001-0764,"Основен ремонт на довеждащ водопровод от водохващане до резервоар ПИ 10046.5.270 на село Ваклиново, община Сатовча",Сатовча,Благоевград,5110,ПРО-3011/24.11.2025,,0,0,511291.88,
OP-24.001-0098,"Основен ремонт на път BLG1293 за село Долно Осеново, община Симитли",Симитли,Благоевград,5111,ПРО-2122/10.09.2024,РД-02-30-1355/18.09.2024,1224032.76,230118.16,993914.60,
OP-24.001-0099,"Рехабилитация и/или реконструкция на общински път BLG1071 /I-1 Благоевград – Симитли/ – Граница общ. (Благоевград – Симитли) – Симитли – Черниче – I-1/, участък от о.т. 12 до о.т. 83 по плана на с. Железница",Симитли,Благоевград,5111,ПРО-1169/14.03.2024,РД-02-30-502/28.03.2024,1115996.79,211439.24,904577.60,
OP-24.001-0100,"Изграждане на футболно игрище – село Полена, община Симитли",Симитли,Благоевград,5111,ПРО-1166/14.03.2024,РД-02-30-522/28.03.2024 РД-02-30-522(1)/12.12.2024,1078825.87,1061001.02,17837.85,
OP-24.001-0101,Основен ремонт на общински път BLG1071 в община Симитли /от село Железница до граница общ. (Благоевград – Симитли)/,Симитли,Благоевград,5111,ПРО-2123/10.09.2024,РД-02-30-1356/18.09.2024,964807.78,12275.30,952536.77,
OP-24.001-0102,"Благоустрояване на парк в село Крупник, община Симитли",Симитли,Благоевград,5111,ПРО-1165/14.03.2024,РД-02-30-518/28.03.2024 РД-02-30-518(1)/12.12.2024,964807.78,826975.72,137844.29,
OP-24.001-0103,"Основен ремонт на улица Васил Коларов от о.т. 13 до о.т. 132, с. Крупник, община Симитли",Симитли,Благоевград,5111,ПРО-1172/15.03.2024,РД-02-30-499/28.03.2024,540869.04,92363.80,448505.24,
OP-24.001-0104,"Основен ремонт на улица Кирил и Методий от о.т. 7 до о.т. 13, с. Крупник, община Симитли",Симитли,Благоевград,5111,ПРО-1175/15.03.2024,РД-02-30-521/28.03.2024,491819.42,83603.98,408215.44,
OP-24.001-0105,"Основен ремонт на улица Преспа от о.т. 152 до о.т. 137, кв. Ораново, град Симитли",Симитли,Благоевград,5111,ПРО-1176/15.03.2024,РД-02-30-505/28.03.2024,311027.12,59267.00,251760.12,
OP-24.001-0106,"Основен ремонт на улица ""5"", с. Полето, община Симитли",Симитли,Благоевград,5111,ПРО-1177/15.03.2024,РД-02-30-503/28.03.2024,261781.44,50088.68,211692.76,
OP-24.001-0107,"Основен ремонт на улица Георги Трайков от о.т. 41 до о.т. 119, с. Крупник, община Симитли",Симитли,Благоевград,5111,ПРО-1178/15.03.2024,РД-02-30-498/28.03.2024,207974.77,38839.41,169135.36,
OP-24.001-0108,"Основен ремонт на ул. от о.т. 83 – о.т. 76а – о.т. 58 – о.т. 59 до о.т. 205, с. Брежани, община Симитли",Симитли,Благоевград,5111,ПРО-1179/15.03.2024,РД-02-30-520/28.03.2024,191734.46,36789.99,154944.47,
OP-24.001-0109,"Основен ремонт на улица Васил Априлов от о.т. 11 до о.т. 14, кв. Ораново, град Симитли",Симитли,Благоевград,5111,ПРО-1180/15.03.2024,РД-02-30-496/28.03.2024,156449.50,27143.79,129305.71,
OP-24.001-0111,"Основен ремонт на улица от о.т. 123 до о.т. 199, с. Брежани, община Симитли",Симитли,Благоевград,5111,ПРО-1182/15.03.2024,РД-02-30-515/28.03.2024,78123.62,11144.38,66979.24,
OP-24.001-0112,"Основен ремонт на улица Хан Аспарух от о.т. 116 до о.т. 115, с. Крупник, община Симитли",Симитли,Благоевград,5111,ПРО-1183/15.03.2024,РД-02-30-513/28.03.2024,55730.82,10532.25,45198.57,
OP-24.001-0113,"Основен ремонт на улица ""1"", с. Полето, община Симитли",Симитли,Благоевград,5111,ПРО-1184/15.03.2024,РД-02-30-519/28.03.2024,46016.27,8486.47,37529.80,
OP-24.001-0114,"Основен ремонт на улица ""2"", с. Полето, община Симитли",Симитли,Благоевград,5111,ПРО-1186/15.03.2024,РД-02-30-517/28.03.2024,42948.52,7811.42,35137.10,
OP-24.001-0115,"Основен ремонт на улица Яне Сандански от о.т. 74 до о.т. 81, с. Крупник, община Симитли",Симитли,Благоевград,5111,ПРО-1185/15.03.2024,РД-02-30-501/28.03.2024,37007.41,6432.16,30575.25,
OP-25.001-0209,"Основен ремонт на ул. Паисий Хилендарски от о.т. 166 до о.т. 76А, с. Крупник, община Симитли",Симитли,Благоевград,5111,,,0,0,,511291.88
OP-24.001-0116,"Изграждане на пречиствателна станция за отпадъчни води (ПОСВ) за агломерация Микрево, община Струмяни",Струмяни,Благоевград,5112,ПРО-526/23.01.2024,,0,0,4133845.99,
OP-24.001-0117,Реконструкция и рехабилитация на общински път BLG1310/I-1/Струмяни – Илинденци/BLG3317/ от км 0+000 до км 2+485,Струмяни,Благоевград,5112,ПРО-426/18.01.2024,,0,0,2123190.67,
OP-24.001-0118,"Рехабилитация и реконструкция на общински път BLG2334 / III – 1906/Копривлен – Парил/ – Лъки – Тешово, участък от км 2+480 до 5+670",Хаджидимово,Благоевград,5113,ПРО-192/11.01.2024,РД-02-30-1641/30.10.2024,1847348.70,175341.20,1672007.50,
OP-24.001-0119,"Рехабилитация и реконструкция на улици, тротоари и съоръженията и принадлежностите към тях на територията на община Хаджидимово, Подобект: ул. ""Драма"" в село Копривлен от о.т. 4, о.т. 6, о.т. 36, о.т. 37, о.т. 53, о.т. 52, о.т. 51, о.т. 50, о.т. 49 до о.т. 85 с дължина 635,15 м",Хаджидимово,Благоевград,5113,ПРО-191/11.01.2024,РД-02-30-1642/30.10.2024,1017675.36,446053.81,571621.55,
OP-24.001-0120,Изграждане на тротоари и бордюри в населени места в община Хаджидимово,Хаджидимово,Благоевград,5113,ПРО-190/11.01.2024,РД-02-30-1640/30.10.2024,280187.95,0,280187.95,
OP-25.001-0003,Рехабилитация и реконструкция на общински път BLG1331 / II-19 Копривлен-Садово/Садово- Хаджидимово-/III-1907 с дължина 1790,Хаджидимово,Благоевград,5113,,,0,0,,1840650.77
OP-25.001-0004,"Рехабилитация и реконструкция на улици, тротоари и съоръжения и принадлежностите към тях на територията на община Хаджидимово, подобект: ""ул. Цар Иван Шишман в град Хаджидимово от о.т. 316 до о.т. 269""",Хаджидимово,Благоевград,5113,,,0,0,,122710.05
OP-24.001-0121,"Основен ремонт на улична мрежа в съставните населени места в община Якоруда – с. Аврамово – ул. от о.т. 13 до о.т. 17, ул. от о.т. 92 до о.т. 118 и ул. от о.т. 33 до о.т. 36; с. Конарско – ул. от о.т. 70 до о.т. 92, ул. от о.т. 70 до о.т. 51, ул. от о.т. 87 до о.т. 128, ул. от о.т. 52 до о.т. 13, ул. от о.т. 104 до о.т. 81 и ул. от о.т. 141 до о.т. 89; с. Черна Места – ул. от о.т. 27 до о.т. 12; с. Юруково – ул. от о.т. 39 до о.т. 40 и ул. от о.т. 72 до о.т. 68",Якоруда,Благоевград,5114,ПРО-1173/15.03.2024,РД-02-30-803/26.04.2024,1431617.27,1175359.91,256257.36,
OP-24.001-0122,"Основен ремонт на улична мрежа в община Якоруда на следните улици: ул. ""Екзарх Йосиф"", ул. ""Черковна"", ул. ""Стара планина"", ул. ""Пирин"", ул. ""Салих Лятифов"", ул. ""Джебре"", ул. ""Освобождение"", ул. ""Иван Вазов"", ул. ""Васил Левски"", ул. ""Стоян Табаков"" и ул. ""Грънчар""",Якоруда,Благоевград,5114,ПРО-1174/15.03.2024,РД-02-30-801/26.04.2024,1278229.70,1247249.62,0,
OP-24.001-1685,"Основен ремонт на сгради, в които се предоставят обществени услуги, и благоустрояване на прилежащите терени към тях",Якоруда,Благоевград,5114,ПРО-1383/09.05.2024,РД-02-30-951/14.06.2024,657010.07,656398.04,0,
OP-24.001-1686,"Основен ремонт на покривна конструкция на спортна зала, намираща се в град Якоруда, община Якоруда",Якоруда,Благоевград,5114,ПРО-1385/09.05.2024,РД-02-30-949/14.06.2024,155944.02,155915.43,0,
OP-24.001-1687,"Основен ремонт на улична мрежа в град Якоруда: ул. ""Хаджи Никола Вардев"", ул. ""Никифор Попфилипов"", ул. ""Ореховица"", ул. ""Витоша"", ул. ""Яне Сандански"", ул. ""Лазарец"", ул. ""Пелистер"", ул. ""Якорудски бор"", ул. ""Стойко Маджере"", ул. ""Богдан войвода"", ул. ""Шеста"" и ул. ""Девета""",Якоруда,Благоевград,5114,ПРО-1384/09.05.2024,РД-02-30-954/14.06.2024,2254797.20,2231367.54,23429.66,
OP-25.001-0007,"Основен ремонт на улична мрежа в съставни населени места в община Якоруда – с. Юруково – ул. от о.т. 85 до о.т. 119А; с. Конарско – ул. от о.т. 81 до о.т. 89, ул. от о.т. 41 до о.т. 20, ул. от о.т. 13 до о.т. 53",Якоруда,Благоевград,5114,ПРО-3090/17.12.2025,РД-02-30-463/30.12.2025,1198979.46,0,1198979.46,
OP-25.001-0008,"Основен ремонт на улична мрежа в гр. Якоруда на следните улици: ул. ""Белмекен"", ул. ""Кожух"", ул. ""Алпийска"", ул. ""Бърдо"", ул. ""Места"", ул. ""Грънчар"", ул. ""Грагьовец""",Якоруда,Благоевград,5114,ПРО-3092/17.12.2025,РД-02-30-459/29.12.2025,1145293.81,0,1145293.81,
OP-25.001-0010,"Основен ремонт на общинска сграда, намираща се в с. Аврамово, община Якоруда",Якоруда,Благоевград,5114,ПРО-3104/22.12.2025,РД-02-30-451/29.12.2025,104303.54,0,104303.54,
OP-25.001-0011,"Основен ремонт на стадион в с. Аврамово, община Якоруда",Якоруда,Благоевград,5114,ПРО-3103/22.12.2025,РД-02-30-456/29.12.2025,52151.77,0,52151.77,
OP-25.001-0014,"Основен ремонт на общински сгради в с. Конарско, с. Бунцево и с. Бел камен",Якоруда,Благоевград,5114,ПРО-3098/22.12.2025,РД-02-30-457/29.12.2025,521517.72,0,521517.72,
OP-25.001-0015,"Основен ремонт на улична мрежа в съставните населени места в община Якоруда – с. Конарско – ул. от о.т. 51 до о.т. 11, ул. от о.т. 71 до о.т. 20, ул. от о.т. 20 до о.т. 61 и ул. от о.т. 45 до о.т. 71; с. Юруково – ул. от о.т. 93 до о.т. 103, ул. от о.т. 123 до о.т. 122, ул. от о.т. 74 до о.т. 139, ул. от о.т. 37 до о.т. 36, ул. от о.т. 40 до о.т. 37",Якоруда,Благоевград,5114,ПРО-3101/22.12.2025,РД-02-30-454/30.12.2025,1043035.44,0,1043035.44,
OP-25.001-0210,"Реконструкция на тротоари – етап 2, улица ""Цар Борис III"" от о.т. 198 до о.т. 352 по плана на гр. Якоруда, община Якоруда, и от о.т. 559 до о.т. 184 по плана на гр. Якоруда, община Якоруда",Якоруда,Благоевград,5114,ПРО-2853/14.08.2025,РД-02-30-371/07.11.2025,460162.69,85724.55,374438.14,
OP-25.001-0211,"Инженеринг /проектиране, строителство и авторски надзор/ за основен ремонт на общинска сграда, намираща се в УПИ VI, кв. 67 по плана на гр. Якоруда, община Якоруда",Якоруда,Благоевград,5114,ПРО-3091/17.12.2025,РД-02-30-462/30.12.2025,1613125.89,0,1613125.89,
OP-25.001-0212,"Инженеринг /проектиране, строителство и авторски надзор/ за основен ремонт на стадион, намиращ се в УПИ I, кв. 24 по плана на гр. Якоруда, община Якоруда",Якоруда,Благоевград,5114,ПРО-3094/17.12.2025,РД-02-30-455/29.12.2025,1073712.95,0,1073712.95,
OP-25.001-0213,"Инженеринг /проектиране, строителство и авторски надзор/ за основен ремонт на общинска сграда, намираща се в УПИ XIV, кв. 26 по плана на гр. Якоруда, община Якоруда",Якоруда,Благоевград,5114,ПРО-3093/17.12.2025,РД-02-30-452/29.12.2025,1298681.38,0,1298681.38,
OP-25.001-0214,"Инженеринг /проектиране, строителство и авторски надзор/ за основен ремонт на общински път BLG1350/III- 8434, II-84 Рохлево – Аврамово – Якоруда",Якоруда,Благоевград,5114,ПРО-3099/22.12.2025,РД-02-30-453/29.12.2025,825225.10,0,825225.10,
OP-25.001-0215,"Инженеринг /проектиране, строителство и авторски надзор/ за изграждане на закрита спортна инфраструктура към ОбУ ""Братя Миладинови"", с. Конарско, община Якоруда, намиращ се в УПИ I, кв. 24 по плана на гр. Якоруда, община Якоруда",Якоруда,Благоевград,5114,ПРО-3100/22.12.2025,РД-02-30-460/29.12.2025,511291.88,0,511291.88,
OP-25.001-0216,"Инженеринг /проектиране, строителство и авторски надзор/ за основен ремонт и благоустрояване в УПИ V, пл. № 479 по плана на гр. Якоруда",Якоруда,Благоевград,5114,ПРО-3096/19.12.2025,РД-02-30-461/30.12.2025,173839.24,0,173839.24,
OP-25.001-0217,"Инженеринг /проектиране, строителство и авторски надзор/ за ""Основен ремонт на общински плувен басейн, намиращ се в м. Баните, град Якоруда",Якоруда,Благоевград,5114,ПРО-3102/22.12.2025,РД-02-30-458/29.12.2025,766937.82,0,766937.82,
OP-24.001-0123,Реконструкция на общински път BGS1004 – /I-6/ – Айтос- Карагеоргиево-Тополица-граница община /Айтос- Карнобат/-Кликач-/I-6/,Айтос,Бургас,5201,ПРО-270/16.01.2024,РД-02-30-855/20.05.2024; Анекс РД-02-30-855(1)/30.10.2024,3318693.34,2453314.47,865378.87,
OP-24.001-0124,"Реконструкция и рехабилитация на общински път BGS 1002 /I-6, Карнобат – Айтос/ – Черноград – Граница общ. (Айтос – Карнобат – Айтос) – Раклиново на територията на община Айтос",Айтос,Бургас,5201,ПРО-281/16.01.2024; ПРО-281(1)/25.04.2024,РД-02-30-854/20.05.2024; Анекс РД-02-30-854(1)/09.09.2025,3105689.14,2665706.48,440017.79,
OP-24.001-0125,Основен ремонт на общински път BGS 2007 /I-6/ Айтос – Малка поляна,Айтос,Бургас,5201,ПРО-285/16.01.2024; ПРО-285(11)/13.08.2025,РД-02-30-481/28.03.2024; Анекс РД-02-30-481(1)/20.05.2024; Анекс РД-02-30-481(2)/09.09.2025,3634058.17,1827533.97,1806524.20,
OP-24.001-0126,"Основен ремонт на общински път BGS 2013BGS 2011, гр. Айтос – с. Мъглен – с. Пещерско",Айтос,Бургас,5201,ПРО-158/11.01.2024,РД-02-30-494/28.03.2024; Анекс РД-02-30-494(1)/20.05.2024,2539331.13,1753012.28,786318.85,
OP-24.001-0127,Благоустрояване на кв. 154 по плана на гр. Айтос,Айтос,Бургас,5201,ПРО-159/11.01.2024,РД-02-30-527/29.03.2024; Анекс РД-02-30-527(1)/20.05.2024; Анекс РД-02-30-527(2)/30.10.2024,1054283.86,1054043.18,0,
OP-24.001-0128,Благоустрояване на УПИ II и III с прилежащите улици в кв. 49 по плана на гр. Айтос,Айтос,Бургас,5201,ПРО-156/11.01.2024,РД-02-30-480/28.03.2024; Анекс РД-02-30-480(1)/20.05.2024; Анекс РД-02-30-480(2)/30.10.2024,816533.13,816278.46,0,
OP-25.001-0016,"Основен ремонт на улица ""Иван Карагеоргиев"" по плана на град Айтос, община Айтос",Айтос,Бургас,5201,ПРО-2831/13.08.2025,,0,0,531027.75,
OP-25.001-0218,"Основен ремонт на ул. ""Гарова"", гр. Айтос",Айтос,Бургас,5201,ПРО-2832/13.08.2025,,0,0,667542.68,
OP-24.001-0129,"Южен обход – пътна връзка от о.т. 95 – 209 по плана на ж.к. ""Меден рудник"", гр. Бургас, до път I-9, Етап 1: Изграждане на ул. ""Кооператор"" от о.т. 95 до о.т. 209, включително съоръжения при о.т. 46 и о.т. 209",Бургас,Бургас,5202,ПРО-2535/2.11.2024,РД-02-30-1845/13.12.2024; Анекс РД-02-30-1845(1)/20.01.2026,24673361.18,11435669.57,13237691.61,
OP-24.001-0130,"Реконструкция на ул. ""Одрин"" – етап 3 от км 0+000 до км 0+600",Бургас,Бургас,5202,ПРО-1171/15.03.2024,РД-02-30-547/29.03.2024,4192593.43,3631557.43,561036.00,
OP-24.001-0131,"Основен ремонт на път BGS1039 /III-906, Каб-лешково – Бургас/ Рудник – Брястовец /III-6009/ от жп прелез до о.т. 507 /ул. ""Морава"", кв. ""Черно море""/",Бургас,Бургас,5202,ПРО-273/16.01.2024,РД-02-30-262/19.03.2024,3655736.95,3277849.69,377887.26,
OP-24.001-0132,Реконструкция на общински път BGS1030 от км 2+100 до км 4+100,Бургас,Бургас,5202,ПРО-274/16.01.2024,РД-02-30-256/19.03.2024,3466558.95,3429664.98,0,
OP-24.001-0133,Реконструкция на ул. Индустриална и ул. Чаталджа в обхвата между ул. Спортна и бул. Тодор Александров,Бургас,Бургас,5202,ПРО-276/16.01.2024,РД-02-30-208/18.03.2024,3246703.45,3246647.83,0,
OP-24.001-0134,"Реконструкция на ул. ""Гладстон"" от о.т. 374А до о.т. 314 с подмяна на същ. водопровод и БФК от о.т. 315 до о.т. 314",Бургас,Бургас,5202,ПРО-370/17.01.2024,РД-02-30-736/25.04.2024,2321571.92,2281135.13,0,
OP-24.001-0135,"Eтажен паркинг в УПИ I-265 ""за здравни нужди"", кв. 4а по плана на ж.к. ""Зорница"", гр. Бургас",Бургас,Бургас,5202,ПРО-1749/25.06.2024,РД-02-30-1141/19.07.2024,2454201.03,2013419.12,440781.91,
OP-24.001-0136,"Реконструкция на ул. ""Дебелт"" с подмяна на съществуващ водопровод от ОТ 404 до ОТ 513 и 454",Бургас,Бургас,5202,ПРО-2511/19.11.2024,РД-02-30-33/16.06.2025,1832061.07,766146.91,1065914.16,
OP-24.001-0137,"Жилищна сграда за настаняване на млади специалисти в УПИ IV-683, кв. 19, ж.к. ""Изгрев"", гр. Бургас",Бургас,Бургас,5202,ПРО-343/17.01.2024,РД-02-30-1426/24.09.2024,1674992.20,1318321.38,356670.82,
OP-24.001-0138,"Реконструкция на ул. ""Ивайло"" от ОТ 508 до ОТ 407",Бургас,Бургас,5202,ПРО-369/17.01.2024; ПРО-369(2)/16.05.2024,РД-02-30-875/21.05.2024 РД-02-30-875(1)/13.12.2024,1175971.33,952188.30,223783.03,
OP-24.001-0139,"ИНОВАЦИОНЕН СТУДЕНТСКИ И НАУЧЕН КАМПУС – Етапно строителство: I ЕТАП – Сграда 2 – Сграда за настаняване на студенти с подземен паркинг, и Сграда 4 – Сграда за настаняване на преподаватели, гост лектори",Бургас,Бургас,5202,ПРО-2536/22.11.2024,РД-02-30-1843/13.12.2024; Анекс РД-02-30-1843(1)/24.09.2025,21866215.37,4694998.99,17171216.38,
OP-24.001-0140,"Парк със зона за спорт в УПИ I-16 в кв. 116, зона ""В"", ж.к. ""Меден рудник"", гр. Бургас",Бургас,Бургас,5202,ПРО-1943/20.08.2024,РД-02-30-36/16.06.2025,524585.47,8091.59,842595.84,
OP-24.001-0141,"Изграждане на нова сграда за диагностична дейност и основен ремонт на съществуваща сграда на Специализирана болница за активно лечение по пневмо- фтизиатрични болести, гр. Бургас",Бургас,Бургас,5202,ПРО-2517/20.11.2024,РД-02-30-1852/13.12.2024,1533875.64,873179.60,660696.04,
OP-24.001-0142,"Изграждане на второ пътно платно по бул. ""Никола Петков"" и преконструиране на кръстовище на бул. ""Никола Петков"" и ул. ""Димитър Димов"", гр. Бургас, в кръстовище с кръгово движение",Бургас,Бургас,5202,ПРО-1331/30.04.2024,РД-02-30-876/21.05.2024,1922457.47,1831188.76,91268.71,
OP-24.001-0143,"Реконструкция на ул. ""Св. Патриарх Евтимий"" с подмяна на същ. водопровод и БФК от о.т. 370 до о.т. 317",Бургас,Бургас,5202,ПРО-1168/14.03.2024,РД-02-30-740/25.04.2024 РД-02-30-740(1)/13.12.2024,2577984.79,2559782.51,18202.28,
OP-24.001-0144,"Защитена лодкостоянка, източно от УПИ I, кв. 2б по плана на ПЗ ""Юг-Изток"", гр. Бургас, в прилежащата акватория на Черно море",Бургас,Бургас,5202,,,0,0,,11558110.88
OP-24.001-0145,"Реконструкция на 2 бр. същ. кръстовища по бул. ""Захари Стоянов"" и изграждане на нова улична мрежа в територията на ПЗ ""Юг-Запад"", гр. Бургас: Етап 1 – Нова улица от о.т. 251 до о.т. 97 по регулационния план на ПЗ ""Юг-Запад"", гр. Бургас",Бургас,Бургас,5202,ПРО-2439/04.11.2024,РД-02-30-1849/13.12.2024,2832557.02,2538366.53,294190.49,
OP-24.001-0146,"Реконструкция на ул. ""Оборище"" с подмяна на същ. водопровод и БФК от ОТ 172 до ОТ 92",Бургас,Бургас,5202,ПРО-2513/19.11.2024,РД-02-30-35/16.06.2025,1499261.18,227904.56,1271356.62,
OP-24.001-0147,"Общински път BGS1033 от км 3+850 /гр. Българово/ до км 4+982 /АМ ""Тракия""/ПВ ""Българово""/",Бургас,Бургас,5202,ПРО-341/17.01.2024,РД-02-30-205/18.03.2024,1365149.32,1222781.17,142368.15,
OP-24.001-0148,"Нова велоалея в землище на квартал ""Крайморие"" с рампово съоръжение/пасарелка",Бургас,Бургас,5202,ПРО-1310/17.04.2024; ПРО-1310(2)/16.05.2024,РД-02-30-872/20.05.2024,1193201.86,1025135.71,168066.15,
OP-24.001-0149,"Реконструкция на ул. ""Асен Златаров"" с подмяна на същ. водопровод и БФК от ОТ 166 до ОТ 93",Бургас,Бургас,5202,ПРО-2512/19.11.2024,РД-02-30-37/16.06.2025,1153014.32,204123.91,948890.41,
OP-24.001-0151,"Изграждане на улици в ж.р. ""Меден рудник"" от ОТ 384- 80 до ОТ 129",Бургас,Бургас,5202,ПРО-1213/25.03.2024,РД-02-30-753/25.04.2024,1499261.18,680660.58,818600.60,
OP-24.001-0152,"Основен ремонт на сградата на Дентален цен-тър I, ул. Александровска № 120, гр. Бургас",Бургас,Бургас,5202,ПРО-2516/20.11.2024,,0,0,750014.06,
OP-24.001-0155,"Приют за кучета в УПИ I-942 в м. 75, ж.р. ""Меден рудник"", гр. Бургас",Бургас,Бургас,5202,ПРО-2537/22.11.2024,РД-02-30-1855/13.12.2024,1242439.27,272027.73,1392073.96,
OP-24.001-1688,"Благоустрояване на обслужваща зона в УПИ I, кв. 12 по плана на Зона ""А"", ж.р. ""Меден рудник"", гр. Бургас, ПИ с идентификатор 07079.651.293 по КК на гр. Бургас",Бургас,Бургас,5202,,,0,0,,1613125.89
OP-24.001-1689,"Основен ремонт на парк в УПИ I, кв. 45 по плана на ж.к. ""Славейков"", гр. Бургас, ПИ с идентификатор 07079.602.330 по КК на гр. Бургас",Бургас,Бургас,5202,ПРО-1868/13.08.2024,РД-02-30-1589/21.10.2024,869196.20,767446.40,101749.80,
OP-24.001-1690,"Основен ремонт на част от парк в УПИ I, кв. 19 по плана на ж.к. ""Изгрев"", гр. Бургас, ПИ с идентификатор 07079.501.696 по КК на гр. Бургас",Бургас,Бургас,5202,ПРО-2518/20.11.2024,РД-02-30-34/16.06.2025,715808.63,0,715808.63,
OP-24.001-1691,"Основен ремонт на път I-9 ""Варна – Бургас"" в участъка от км 236+270 до км 237+840 (дясно платно) и от км 236+257 до км 237+880 (ляво платно)",Бургас,Бургас,5202,ПРО-1742/21.06.2024,РД-02-30-1892/16.12.2024,1350782.02,1286657.78,64124.24,
OP-25.001-0219,"Южен обход – пътна връзка от о.т. 95-209 по плана на ж.к. ""Меден рудник"", гр. Бургас, до път I-9, Етап 2: от съоръжение при о.т. 209 до пътен възел при път I-9",Бургас,Бургас,5202,,,0,0,,55381909.47
OP-25.001-0220,"ИНОВАЦИОНЕН СТУДЕНТСКИ И НАУЧЕН КАМПУС – Етапно строителство: II ЕТАП – Сграда 5 – Сграда за самообучение, и Сграда 6 – Учебна и научноизследователска дейност",Бургас,Бургас,5202,,,0,0,,14276598.68
OP-25.001-0221,"ИНОВАЦИОНЕН СТУДЕНТСКИ И НАУЧЕН КАМПУС – Етапно строителство: III ЕТАП – Сграда 1 – Обществено хранене, и Сграда 3 – Спортен център",Бургас,Бургас,5202,,,0,0,,6939048.89
OP-24.001-0157,"Интегриран проект за намаляване на загубите на вода на територията на община Камено: Фаза 1: Реконструкция на вътрешна водопроводна мрежа в с. Полски извор; Фаза 3: Реконструкция на улична водопроводна мрежа с. Константиново, община Камено",Камено,Бургас,5203,ПРО-204/12.01.2024,РД-02-30-628/02.04.2024; Анекс РД-02-30-628(1)/20.05.2024; Анекс РД-02-30-628(2)/30.10.2024; Анекс РД-02-30-628(3)/09.09.2025,5804952.37,3238113.74,2566838.63,
OP-24.001-0158,Рехабилитация на път BGS1051 /път III-539/Русокастро- Ливада-Тръстиково-Константиново /участък от км 4+520 до км 7+320/ Ливада-Тръстиково,Камено,Бургас,5203,ПРО-203/12.01.2024,РД-02-30-636/03.04.2024; Анекс РД-02-30-636(1)/20.05.2024; Анекс РД-02-30-636(2)/30.10.2024,2957005.47,2921954.15,35051.32,
OP-24.001-2707,Рехабилитация на път BGS1051 /път III-539/Русокастро- Ливада-Тръстиково-Константиново /участък от км 9+000 до км 11+830/ Тръстиково-Константиново,Камено,Бургас,5203,ПРО-2281/10.10.2024,РД-02-30-1639/30.10.2024; Анекс РД-02-30-1639(1)/09.09.2025,2546795.99,2542705.11,4090.88,
OP-24.001-0159,"Обслужващ път за ПСОВ Карнобат – участък от 0,00 км до км 1+860",Карнобат,Бургас,5204,ПРО-650/23.01.2024,РД-02-30-670/04.04.2024,920325.39,190150.61,730174.78,
OP-24.001-0160,"Благоустрояване на проcтранство пред жп гара и на проcтранство около УПИ ХХ от кв. 50 и паркинга в него по УРП на ""Производствена зона – Севep"", гр. Карнобат",Карнобат,Бургас,5204,ПРО-630/29.01.2024,РД-02-30-668/04.04.2024,460162.69,235825.26,224337.43,
OP-24.001-1692,"Основен ремонт на водопроводна мрежа и асфалтови настилки по улици ""Люлин"", ""Малчика"", ""Чавдар Войвода"", ""Андрей Пeнев"", ""Освобождение"", ""Цариброд"", ""Атанас Манчев"", ""Елин връх"", ""Борис Хаджисотиров"", ""Райна Княгиня"", ""Николай Лъсков"", ""Балчик"" и ""Христо Кабакчиев"" в кв. ""Красно село"", гр. Карнобат",Карнобат,Бургас,5204,ПРО-1556/20.05.2024,РД-02-30-1461/08.10.2024,1967451.16,0,1967451.16,
OP-24.001-1693,"Изграждане на водопровод, канализация, електрификация и асфалтови настилки на ул. ""Атанас Комшев"", ул. ""Паисий Хилендарски"", ул. ""Иван Карановски"", ул. ""Атанас Караиванов"", ул. ""Стефана Чамурова"", ул. ""Паскал Петров"", ул. ""Атанас Тодоров"" ул ""Капитан Петко войвода"", ул. ""Маркели"", ул. ""Атанас Жеков"", гр. Карнобат",Карнобат,Бургас,5204,ПРО-1557/20.05.2024,РД-02-30-1369/20.09.2024,2166343.70,1443712.73,722630.97,
OP-24.001-1694,"Изграждане на водопровод, канализация, електрификация и асфалтови настилки на ул. ""Атанас Комшев"", ул. ""Маркели"", ул. ""Хаджи Мина Попов"", ул. ""Якоб Жибцов"", ул. ""Хан Кардам"", гр. Карнобат",Карнобат,Бургас,5204,ПРО-1558/20.05.2024,РД-02-30-1366/20.09.2024,1228634.39,910456.36,318178.03,
OP-24.001-2357,"Основен ремонт на общински път BGS 1060 /III-5391/ с. Аспарухово – с. Сърнево – с. Черково – с. Екзарх Антимово – с. Смолник – участък с. Екзарх Антимово – с. Черково – с. Сърнево, община Карнобат",Карнобат,Бургас,5204,ПРО-2430/01.11.2024,,0,0,1049937.88,
OP-24.001-2358,"Изграждане на паркинг в УПИ I-845 ""за болница"", кв. 15 по пл. на гр. Карнобат – етап 1 и етап 2",Карнобат,Бургас,5204,ПРО-1924/16.08.2024,,0,0,716831.22,
OP-24.001-2359,"Улично осветление по улица ""Първа"" от бул. ""Москва"" до жп гара Карнобат и реконструкция на тротоар от бул. ""Москва"" до жп гара Карнобат",Карнобат,Бургас,5204,ПРО-1923/16.08.2024,РД-02-30-1862/13.12.2024,513439.31,0,513439.31,
OP-24.001-2360,"Благоустрояване и паркоустрояване на районен парк ""Първи май"" и спортни площадки – гр. Карнобат",Карнобат,Бургас,5204,ПРО-2088/04.09.2024,РД-02-30-1863/13.12.2024,1191821.38,0,1191821.38,
OP-24.001-2361,"Изграждане на тренировъчно игрище в УПИ I-72, 73, 74, кв. 20 УРП ""Производствена зона – Север"" /плувен басейн/, гр. Карнобат",Карнобат,Бургас,5204,ПРО-1903/14.08.2024,РД-02-30-1860/13.12.2024,345122.02,0,345122.02,
OP-24.001-2362,"Изграждане на спортни площадки и преуст-ройство на част от сграда в зали за спортни дейности и фитнес за хора в неравностойно положение със санитарни помещения и съблекални към сградата на ЦСРИ, УПИ I- 2194, кв. 88, гр. Карнобат",Карнобат,Бургас,5204,ПРО-1925/16.08.2024,,0,0,552195.23,
OP-24.001-2708,"Изпълнение на инженеринг – изготвяне на инвестиционен проект във фаза технически проект, изпълнение на СМР и упражняване на авторски надзор на проект ""Реконструкция на довеждащ водопровод за с. Невестино, община Карнобат""",Карнобат,Бургас,5204,ПРО-2212/02.10.2024,,0,0,497435.87,
OP-24.001-2709,"Изпълнение на инженеринг – изготвяне на инвестиционни проект във фаза технически проект, изпълнение на СМР и упражняване на авторски надзор на проект ""Реконструкция на довеждащ водопровод за с. Сигмен, община Карнобат""",Карнобат,Бургас,5204,ПРО-2206/02.10.2024,,0,0,168572.93,
OP-24.001-2710,"Изготвяне на инвестиционен проект на обект ""Реконструкция на довеждащ водопровод до напорен водоем на гр. Карнобат""",Карнобат,Бургас,5204,ПРО-2205/02.10.2024,,0,0,62582.13,
OP-24.001-2711,"Изготвяне на инвестиционен проект на обект ""Реконструкция на улична водопроводна мрежа в с. Венец, община Карнобат""",Карнобат,Бургас,5204,ПРО-2208/02.10.2024,,0,0,44738.04,
OP-24.001-2712,"Изготвяне на инвестиционен проект на обект ""Реконструкция на улична водопроводна мрежа в с. Житосвят, община Карнобат""",Карнобат,Бургас,5204,ПРО-2211/02.10.2024,,0,0,44226.75,
OP-24.001-2713,"Изготвяне на инвестиционен проект на обект ""Реконструкция на улична водопроводна мрежа в с. Смолник, община Карнобат""",Карнобат,Бургас,5204,ПРО-2207/02.10.2024,,0,0,39113.83,
OP-24.001-2714,"Изготвяне на инвестиционен проект на обект ""Реконструкция на улична водопроводна мрежа в с. Раклица, община Карнобат""",Карнобат,Бургас,5204,ПРО-2209/02.10.2024,,0,0,26331.53,
OP-24.001-2715,"Изготвяне на инвестиционен проект на обект ""Реконструкция на улична водопроводна мрежа в с. Драганци, община Карнобат""",Карнобат,Бургас,5204,ПРО-2210/02.10.2024,,0,0,25308.95,
OP-25.001-0222,"Инженеринг – проектиране, СМР и упражняване на авторски надзор на обект: ""Основен ремонт на велосипедна алея и тротоарна настилка по част от бул. ""Москва"", заключена между о.т. 527, 528, 529 до вход на под. 1472А",Карнобат,Бургас,5204,ПРО-2939/11.09.2025,,0,0,1508311.05,
OP-25.001-0223,"Благоустрояване на междублоково пространство в УПИ I?1557, 1558, 1559, 1560, 3569, 4010, кв. 89, гр. Карнобат (ул. ""Христо Смирненски"")",Карнобат,Бургас,5204,ПРО-2927/03.09.2025,,0,0,567124.95,
OP-24.001-0161,Извършване на ремонт и рехабилитация на улична мрежа в гр. Малко Търново,Малко Търново,Бургас,5205,ПРО-40/10.01.2024,РД-02-30-333/25.03.2024,1815597.47,1503993.78,311603.69,
OP-24.001-0162,"Реконструкция на водопроводната мрежа в с. Младежко, община Малко Търново",Малко Търново,Бургас,5205,ПРО-38/10.01.2024,РД-02-30-728/25.04.2024,736260.31,447407.36,288852.95,
OP-24.001-0163,"Реконструкция на компрометирани участъци на водопроводната мрежа в с. Евренозово, общ. Малко Търново",Малко Търново,Бургас,5205,ПРО-47/10.01.2024; ПРО-47-[2]/14.05.2024; ПРО-47-[3]/16.05.2024,РД-02-30-922/04.06.2024,630934.18,368126.60,262807.58,
OP-24.001-0164,"Ремонт и рехабилитация на местните общински пътища в община Малко Търново – ПЪРВИ ЕТАП: Общински път BGS3094 /I-9, Звездец – Малко Търново/ – Бръшлян",Малко Търново,Бургас,5205,ПРО-44/10.01.2024,РД-02-30-1058/25.06.2024,422429.35,0,422429.35,
OP-24.001-2716,"Изготвяне на технически проект и упражняване на авторски надзор за обект: ""Пречиствателна станция за отпадъчни води (ПСОВ) на гр. Малко Търново и довеждащ колектор към нея""",Малко Търново,Бургас,5205,ПРО-2767/09.07.2025,,0,0,184065.08,
OP-24.001-2717,"Рехабилитация на Градски парк, намиращ се в гр. Малко Търново, УПИ I в кв. 60 по плана на града – Етап II",Малко Търново,Бургас,5205,ПРО-2766/08.07.2025,,0,0,459804.79,
OP-24.001-2718,"Основен ремонт на Централен площад и Паркова зона в УПИ I – за площад и озеленяване, ПИ 46663.501.1980, и УПИ V – за озеленяване и църква, идент. с ПИ 46663.501.1610 по КК на гр. Малко Търново, общ. Малко Търново",Малко Търново,Бургас,5205,ПРО-2765/08.07.2025,,0,0,947935.15,
OP-24.001-2719,"Изготвяне на технически проект и упражняване на авторски надзор за обект: ""Основен ремонт на 38 броя улици от уличната мрежа в гр. Малко Търново, общ. Малко Търново""",Малко Търново,Бургас,5205,ПРО-2764/07.07.2025,,0,0,143161.73,
OP-24.001-0166,"Преработка и актуализация на съществуващ проект за водопроводна мрежа на с. Оризаре, община Несебър – I етап",Несебър,Бургас,5206,ПРО-548/23.01.2024,РД-02-30-545/29.03.2024; Анекс РД-02-30-545(1)/22.07.2024,1746061.77,1303084.12,442983.29,
OP-24.001-0167,"Селищна водопроводна система на с. Гильовца, община Несебър – етап 2",Несебър,Бургас,5206,ПРО-547/23.01.2024; ПРО-547(2)/22.05.2024; ПРО-547(3)/28.06.2024,РД-02-30-1219/22.07.2024,1400939.75,1162070.35,0,
OP-24.001-1695,"Закрит плувен басейн в УПИ II, кв. 3 по плана на ж.к. ""Черно море"", гр. Несебър, община Несебър",Несебър,Бургас,5206,ПРО-1616/03.06.2024,РД-02-30-1491/08.10.2024,2709846.97,2417353.49,292493.48,
OP-24.001-1696,"Подземен паркинг в УПИ I-общ., кв. 57 по плана на гр. Несебър (ПИ 51500.502.429), община Несебър",Несебър,Бургас,5206,ПРО-1615/03.06.2024,РД-02-30-1322/02.09.2024,2438862.27,2415771.37,0,
OP-24.001-1697,"Преустройство на полифункционална обществена сграда с клубно предназначение в УПИ I-общ., кв. 28 по плана на с. Равда /ПИ 61056.501.76.2 по к.к. на с. Равда, община Несебър/ – етапно строителство – I и II етап",Несебър,Бургас,5206,ПРО-1617/03.06.2024,РД-02-30-1739/25.11.2024,4933966.65,1045242.73,3888723.92,
OP-24.001-1698,"Изграждане на спортни игрища с огради, осветление и паркинг с местонахождение: ПИ 11538.501.539 в гр. Свети Влас, община Несебър",Несебър,Бургас,5206,ПРО-1691/13.06.2024,РД-02-30-1320/02.09.2024,516404.80,0,516404.80,
OP-24.001-1699,"Ново улично осветление на велоалея от к.к. Слънчев бряг (път I-9) до ПИ 51500.57.53, землище Несебър",Несебър,Бургас,5206,ПРО-1695/13.06.2024,РД-02-30-1337/02.09.2024,283920.38,0,283920.38,
OP-24.001-1700,"Реконструкция на улица от ОТ 307 к.к. Слънчев бряг до кръстовище с ул. ""Сатурн"" (в ПИ 51500.505.295 и ПИ 51500.31.43), община Несебър",Несебър,Бургас,5206,ПРО-1662/06.06.2024,РД-02-30-1741/25.11.2024,306775.13,234131.04,72644.09,
OP-24.001-1701,"Изграждане на улица ""Камчия"" (ПИ 61056.501.510) от ОТ 596 – 597 – 598 – 590, с. Равда, община Несебър",Несебър,Бургас,5206,ПРО-1694/13.06.2024,РД-02-30-1889/13.12.2024,102258.38,0,102258.38,
OP-24.001-1702,"Изграждане на улица ""Резвая"" (ПИ 61056.501.503) от ОТ 12 – 10, с. Равда, община Несебър",Несебър,Бургас,5206,ПРО-1693/13.06.2024,РД-02-30-1325/02.09.2024,173839.24,0,173839.24,
OP-24.001-1703,"Изграждане на осветление на голямо игрище с изкуствена настилка до градски стадион, гр. Несебър, УПИ VI-общ., кв. 403, с идент. 51500.508.89 по КК Слънчев бряг – запад, община Несебър",Несебър,Бургас,5206,ПРО-1692/13.06.2024,РД-02-30-1326/02.09.2024,50617.90,0,50617.90,
OP-24.001-1704,"Изграждане на ново улично осветление на улица ""Резвая"" /ПИ 61056.501.503/, о.т. 12 – 10, с. Равда, общ. Несебър",Несебър,Бургас,5206,ПРО-1660/06.06.2024,РД-02-30-1579/21.10.2024,42334.97,820.99,41516.90,
OP-24.001-1705,"Изграждане на ново улично осветление на улица ""Дунав"" /ПИ 61056.501.513/, о.т. 564 – 565 – 567 – 569, с. Равда, общ. Несебър",Несебър,Бургас,5206,ПРО-1657/06.06.2024,РД-02-30-1583/21.10.2024,36301.72,1056.55,35245.17,
OP-24.001-1706,"Изграждане на ново улично осветление на улица ""Искър"" /ПИ 61056.501.514/, о.т. 570 – 571 – 574 – 575 – 578, с. Равда, общ. Несебър",Несебър,Бургас,5206,ПРО-1659/06.06.2024,РД-02-30-1578/21.10.2024,50515.64,0,50515.64,
OP-24.001-1707,"Изграждане на ново улично осветление на улица ""Камчия"" /ПИ 61056.501.510/, о.т. 596 – 597 – 598 – 570, с. Равда, общ. Несебър",Несебър,Бургас,5206,ПРО-1658/06.06.2024,РД-02-30-1580/21.10.2024,31188.80,907.76,30281.04,
OP-24.001-1708,"Изграждане на площадка за спорт на открито в ПИ 61056.65.17 по плана на с. Равда, общ. Несебър",Несебър,Бургас,5206,ПРО-1661/06.06.2024,РД-02-30-231/21.07.2025,208607.09,0,208607.09,
OP-24.001-1709,"Преустройство, укрепване и надстройка на съществуващи едноетажни сгради 53045.502.294.4 и 53045.502.294.5 и обособяване на етажна сграда ""Археологически музей"" в УПИ I от кв. 24 по регулационния план на гр. Обзор, община Несебър",Несебър,Бургас,5206,ПРО-1663/06.06.2024,РД-02-30-1740/25.11.2024,686153.70,0,686153.70,
OP-24.001-0168,"Основен ремонт на общински път BGS 1144 Горица – Порой – Път III 906, от км 0+000 до км 11+782,24, с дължина 11,78 км. Като ще се извърши основен ремонт на целия път, свързващ трите населени места: Горица – Гълъбец – Порой, с републиканската пътна мрежа Бургас – Каблешково – Варна",Поморие,Бургас,5207,ПРО-515/22.01.2024,РД-02-30-688/04.04.2024; Анекс РД-02-30-688(1)/09.07.2024,10723324.62,600447.60,10122877.02,
OP-24.001-0169,"Изграждане на спортен обект – шпорт хале, многофункционална спортна зала",Поморие,Бургас,5207,ПРО-517/22.01.2024,РД-02-30-73/19.06.2025,2618325.72,0,2618325.72,
OP-24.001-0170,"СМР, включващи основен ремонт на улици, тротоари и реконструкция на прилежащата им ВиК инфраструктура, намиращи се в ЦГЧ на гр. Поморие",Поморие,Бургас,5207,ПРО-516/22.01.2024; ПРО-516(2)/24.04.2024; ПРО-516(3)/27.05.2024,РД-02-30-1040/25.06.2024,2605032.13,1056740.12,1548292.01,
OP-24.001-0171,"Реконструкция на съществуващо кръстовище, ул. Княз Борис и ул. Европа, гр. Поморие – кръгово кръстовище",Поморие,Бургас,5207,ПРО-514/22.01.2024,РД-02-30-691/04.04.2024,792502.42,775831.88,0,
OP-25.001-0139,"Реконструкция на водопроводната мрежа на селата Гълъбец, Порой и Горица",Поморие,Бургас,5207,ПРО-3024/05.11.2025,РД-02-30-392/21.11.2025,1240547.49,0,1240547.49,
OP-24.001-0177,Инженеринг – проектиране и реконструкция на улична мрежа,Приморско,Бургас,5208,ПРО-1710/19.06.2024,РД-02-30-357/31.10.2025,1611080.72,0,1611080.72,
OP-24.001-0178,Реконструкция и доизграждане на водопроводна мрежа,Приморско,Бургас,5208,ПРО-1715/19.06.2024,РД-02-30-1173/22.07.2024; Анекс РД-02-30-1173(1)/13.10.2025,1839628.19,357800.08,1481828.11,
OP-24.001-1710,Инженеринг – благоустрояване и ремонт на площадно пространство пред автогара гр. Китен,Приморско,Бургас,5208,,,0,0,,225275.20
OP-24.001-1711,"Реконструкция и рехабилитация на част от улица ""Георги Бенковски""",Приморско,Бургас,5208,ПРО-2470/07.11.2024,РД-02-30-1653/20.11.2024,1774694.12,0,1774694.12,
OP-24.001-1712,"Реконструкция и рехабилитация на улица в ПИ 37023.501.872 – участък с осови точки 618, 619, 620, 621, 622, 623, 624, 625, 626, 627, 628, 629, 630, 631, 632, 633, 634 и 635, землище гр. Китен, общ. Приморско",Приморско,Бургас,5208,ПРО-1714/19.06.2024,РД-02-30-1175/22.07.2024; Анекс РД-02-30-1175(1)/20.11.2024,1726530.42,239267.19,1487263.23,
OP-24.001-2720,Изграждане на морски парк и паркинг,Приморско,Бургас,5208,ПРО-2467/06.11.2024,,0,0,1437752.77,
OP-25.001-0224,Инженеринг – благоустрояване и ремонт на автогара гр. Приморско,Приморско,Бургас,5208,,,0,0,,306775.13
OP-24.001-0179,"Основен ремонт на общински път BGS 1191 ""III-7305, Череша – Вресово/ – Зайчар"" от км 0+865,00 (край на нов асфалт в края на с. Вресово (между ОТ 144 и ОТ 155) до км 6+015,59 (начало бордюри в началото на с. Зайчар при ОТ 16)",Руен,Бургас,5209,"ПРО-1211/22.03.2024, ПРО-1211-[2]/16.05.2024",РД-02-30-925/04.06.2024,2708773.26,2539927.36,168845.90,
OP-24.001-0181,"Център за извънкласна работа към ОУ ""Реджеб Кюпчю"", намиращ се в недвижим имот, съставляващ УПИ V-89, кв. 8 по плана на с. Топчийско, общ. Руен, обл. Бургас",Руен,Бургас,5209,ПРО-1247/29.03.2024,РД-02-30-920/04.06.2024,312706.11,0,312706.11,
OP-24.001-1713,"Изграждане и обновяване на площи за широко обществено ползване за трайно задоволяване на обществени потребности от общинско значение на територията на УПИ XIII, кв. 25, с. Дъскотна",Руен,Бургас,5209,ПРО-1386/09.05.2024,РД-02-30-173/04.07.2025,149246.10,59292.16,89953.94,
OP-25.001-0225,"Изграждане и обновяване на площи за широко обществено ползване, предназначени за трайно задоволяване на обществени потребности от общинско значение, заключени между улици с о.т. 88, 89, 61 и 59 по плана на с. Ябълчево, община Руен",Руен,Бургас,5209,ПРО-2847/14.08.2025,,0,0,735697.89,
OP-25.001-0226,"Реконструкция на съществуваща сграда на детска градина с пристройка и надстройка в УПИ VII-159, кв. 21 по плана на с. Добромир, община Руен, област Бургас",Руен,Бургас,5209,ПРО-2846/14.08.2025,,0,0,582872.74,
OP-25.001-0227,"Изграждане и обновяване на площи за широко обществено ползване, предназначени за трайно задоволяване на обществени потребности от общинско значение в УПИ I, кв. 25 по плана на с. Просеник, община Руен",Руен,Бургас,5209,ПРО-2849/14.08.2025,,0,0,381781.65,
OP-25.001-0228,"Изграждане и обновяване на площи за широко обществено ползване, предназначени за трайно задоволяване на обществени потребности от общинско значение в УПИ I, кв. 18 по плана на с. Ръжица, община Руен",Руен,Бургас,5209,ПРО-2851/14.08.2025,,0,0,281159.41,
OP-25.001-0229,"Изграждане и обновяване на площи за широко обществено ползване, предназначени за трайно задоволяване на обществени потребности от общинско значение в УПИ XIII, кв. 22 по плана на с. Руен, община Руен",Руен,Бургас,5209,ПРО-2835/13.08.2025,,0,0,213157.59,
OP-24.001-0182,"Улична мрежа в местност Мисаря, гр. Созопол: Мусала, Стара планина, Хан Аспарух, Хан Исперих, Хан Кубрат, Хан Омуртаг, Хан Тервел, Цар Борис, Цар Иван Асен II, Цар Иван Шишман, Цар Калоян, Цар Петър, Цар Самуил /частично/, Цар Симеон Велики /частично/ и ул. Безименна от о.т. 653 до о.т. 880 – етапно строителство – III и IV етап",Созопол,Бургас,5210,ПРО-356/17.01.2024; ПРО-356(1)/05.06.2024; ПРО-356(2)/05.06.2024,РД-02-30-1193/22.07.2024,5456506.96,1027020.84,4429486.12,
OP-24.001-0183,"Рехабилитация на общински път BGS 1213 /III 7908, Присад – Димчево/ в участък от с. Зидарово до с. Вършило, общ. Созопол",Созопол,Бургас,5210,ПРО-357/17.01.2024,РД-02-30-1070/25.06.2024,1051113.85,1046173.07,4940.78,
OP-24.001-1714,"Изграждане на трасе на улична канализация в обхвата на ПИ с идентификатори 81178.502.20 /о.т. 201 – о.т. 202/, ПИ 81178.502.89 /о.т. 204 – о.т. 198/ и 81178.502.90 /о.т. 198 – о.т. 197/ по КК на гр. Черноморец, община Созопол",Созопол,Бургас,5210,ПРО-1559/21.05.2024,РД-02-30-1529/09.10.2024,82829.28,13594.49,69234.79,
OP-24.001-1715,"Изграждане на уличен водопровод и улична канализация за ПИ 67800.503.542 и ПИ 67800.503.541 в м. Мисаря, з- ще на гр. Созопол",Созопол,Бургас,5210,ПРО-1548/20.05.2024,РД-02-30-1530/09.10.2024,37324.31,5942.91,31381.40,
OP-24.001-1716,"Реконструкция на Градски парк в кв. 70, гр. Созопол",Созопол,Бургас,5210,ПРО-1568/21.05.2024,РД-02-30-72/19.06.2025,360460.78,0,360460.78,
OP-24.001-1717,Основен ремонт на улици в гр. Созопол,Созопол,Бургас,5210,ПРО-1555/20.05.2024,РД-02-30-1528/09.10.2024,680018.20,141558.26,538459.94,
OP-25.001-0230,"Напорен резервоар и отклонение към него от главен водопровод за питейно водообезпечаване на с. Равадиново, община Созопол",Созопол,Бургас,5210,,,0,0,,2154379.47
OP-24.001-0184,"Рехабилитация и реконструкция на уличната мрежа в градска среда в гр. Средец – ул. ""Йорданка Николова""",Средец,Бургас,5211,"ПРО-675/31.01.2024, ПРО-675-[2]/31.01.2024",РД-02-30-906/04.06.2024,1175255.52,1155174.97,20080.55,
OP-24.001-0185,"Реконструкция и рехабилитация на улична мрежа, тротоари, съоръженията и принадлежностите към тях в гр. Средец, община Средец",Средец,Бургас,5211,ПРО-677/31.01.2024,РД-02-30-714/05.04.2024 Анекс РД-02-30-714(1)/09.10.2024,919865.22,814152.02,105713.20,
OP-24.001-0186,"Рехабилитация и реконструкция на уличната мрежа и градска среда в град Средец – улица ""Васил Левски""",Средец,Бургас,5211,ПРО-676/31.01.2024,РД-02-30-715/05.04.2024 Анекс РД-02-30-715(1)/09.10.2024,206510.79,165000.76,41510.03,
OP-24.001-1718,Реконструкция на водопроводната мрежа – с. Светлина,Средец,Бургас,5211,ПРО-1396/09.05.2024,РД-02-30-914/04.06.2024,1172034.38,1028933.81,143100.57,
OP-24.001-1719,Реконструкция на водопроводната мрежа – с. Загорци,Средец,Бургас,5211,ПРО-1397/09.05.2024,РД-02-30-919/04.06.2024,3113358.52,2709382.18,403976.34,
OP-24.001-2363,"Рехабилитация и реконструкция на общински път BGS 2242 /III-908, м. Босна – п.к. II-79/Голямо Буково – Кирово – Граничар от км 0+000 до км 6+634 – Етап II Участък: от км 1+500 до км 5+053",Средец,Бургас,5211,ПРО-1929/16.08.2024,РД-02-30-1532/09.10.2024,1082353.78,600107.64,482246.14,
OP-25.001-0231,Проектиране на вътрешна водопроводна мрежа на населени места в община Средец,Средец,Бургас,5211,,,0,0,,104252.41
OP-25.001-0232,Проектиране на външно водоснабдяване на населени места в община Средец,Средец,Бургас,5211,,,0,0,,41516.90
OP-25.001-0233,Проектиране на улици в град Средец,Средец,Бургас,5211,,,0,0,,30728.64
OP-25.001-0234,Проектиране на вътрешна водопроводна мрежа на населени места в община Средец,Средец,Бургас,5211,,,0,0,,17026.02
OP-25.001-0235,Проектиране на улици в град Средец,Средец,Бургас,5211,,,0,0,,10328.10
OP-24.001-0187,"Рехабилитация и реконструкция на път BGS 2268 (ІІ-73 Веселиново – Лозарево) – Подвис – Есен – BGS 2266 от км 0+000 до км 4+402,16",Сунгурларе,Бургас,5212,ПРО-671/30.01.2024,РД-02-30-539/29.03.2024,3576384.45,3217445.42,358939.03,
OP-24.001-0188,Реконструкция и рехабилитация на улици в населени места на община Сунгурларе,Сунгурларе,Бургас,5212,ПРО-672/30.01.2024,РД-02-30-852/20.05.2024,2747938.22,2339427.38,408510.84,
OP-24.001-0189,"Модернизация на образователната среда, вкл. въвеждане на мерки за енергийна ефективност, изграждане на фотоволтаична централа за собствени нужди и основен ремонт на Детска градина ""Щастливо детство"", с. Лозарево, УПИ V, кв. 10 по ПУП на с. Лозарево",Сунгурларе,Бургас,5212,ПРО-673/30.01.2024,РД-02-30-543/29.03.2024; Анекс РД-02-30-543(1)/24.09.2024,1030099.75,901641.79,128457.96,
OP-24.001-0190,ИЗГРАЖДАНЕ НА КРЪГОВО КРЪСТОВИЩЕ НА ПЪТ ІІІ-7306,Сунгурларе,Бургас,5212,ПРО-674/30.01.2024,РД-02-30-853/20.05.2024,312706.11,276754.86,35951.25,
OP-25.001-0236,"ИЗГРАЖДАНЕ НА СПОРТНА ПЛОЩАДКА В С. МАНОЛИЧ, ОБЩИНА СУНГУРЛАРЕ",Сунгурларе,Бургас,5212,,,0,0,,61355.03
OP-24.001-0191,Многофункционална спортна зала в гр. Царево,Царево,Бургас,5213,ПРО-822(1)/15.02.2024,РД-02-30-224/18.03.2024,4090335.05,815036.07,3275298.98,
OP-24.001-0192,"Рехабилитация на общински път BGS2282 (ІІІ-9901, гр. Царево – гр. Ахтопол) – с. Бродилово от км 0+000 до км 10+645,59",Царево,Бургас,5213,ПРО-821(1)/15.02.2024,РД-02-30-746/25.04.2024,5473379.59,4514798.74,958580.85,
OP-24.001-0193,Реконструкция на водопроводна мрежа с. Варвара,Царево,Бургас,5213,ПРО-879/15.02.2024,РД-02-30-225/18.03.2024,1171880.99,537112.12,634768.87,
OP-24.001-0194,"Реконструкция на съществуваща ПСОВ Синеморец в КПС в ПИ 66528.501.446, изграждане на нова ПСОВ в ПИ 66528.26.286 по КККР на с. Синеморец, тласкател за сурови води от КПС до нова ПСОВ и отвеждащ колектор от ПСОВ до заустването й в съществуваща шахта до КПС",Царево,Бургас,5213,ПРО-910/21.02.2024,РД-02-30-1342/02.09.2024,102258.38,0,102258.38,
OP-24.001-2364,"Подмяна на водопроводната мрежа на с. Кости, община Царево, област Бургас",Царево,Бургас,5213,ПРО-2187/26.09.2024,РД-02-30-1916/16.12.2024,41977.06,20451.68,21525.38,
OP-24.001-2365,"Подмяна на водопроводната мрежа на с. Бродилово, община Царево, област Бургас",Царево,Бургас,5213,ПРО-2186/26.09.2024,РД-02-30-1917/16.12.2024,34154.30,16616.99,17537.31,
OP-24.001-2366,"Нова сграда за училище от I до VII клас към СУ ""Никола Вапцаров"", гр. Царево, в ПИ 48619.501.243",Царево,Бургас,5213,ПРО-2190/26.09.2024,,0,0,48214.82,
OP-24.001-2367,"Подмяна на водопроводната мрежа на с. Изгрев, община Царево, област Бургас",Царево,Бургас,5213,ПРО-2189/26.09.2024,РД-02-30-1915/16.12.2024,26382.66,12782.30,13600.36,
OP-24.001-2368,"Център за настаняване на лица в надтрудоспособна възраст, гр. Царево, в ПИ 48619.501.452",Царево,Бургас,5213,ПРО-2185/26.09.2024,РД-02-30-42/16.06.2025,30677.51,15031.98,15645.53,
OP-24.001-2369,"Център за настаняване на лица с физически увреждания в гр. Царево, в ПИ 48619.501.451",Царево,Бургас,5213,ПРО-2188/26.09.2024,РД-02-30-41/16.06.2025,30677.51,15031.98,15645.53,
OP-24.001-2370,"Подмяна на водопроводната мрежа на с. Българи, община Царево, област Бургас",Царево,Бургас,5213,ПРО-2184/26.09.2024,РД-02-30-1914/16.12.2024,16003.44,7669.38,8334.06,
OP-25.001-0237,Улични водопроводи в м. Вургарски път в гр. Царево,Царево,Бургас,5213,,,0,0,,61355.03
OP-24.001-0196,Рехабилитация на общински път VAR 2005 от км 0+000 до км 4+740 (с. Бенковски – с. Равна гора),Аврен,Варна,5301,ПРО-817/12.02.2024,РД-02-30-713/05.04.2024; Анекс РД-02-30-713(1)/14.06.2024,2327554.03,2237453.84,0,
OP-24.001-0197,"Напорен и разпределителен водопровод от о.т. 146 до о.т. 458 по плана на с. Аврен, община Аврен, област Варненска",Аврен,Варна,5301,ПРО-1534/17.05.2024,РД-02-30-946/13.06.2024,1507288.47,1506700.77,0,
OP-24.001-0198,"Рехабилитация на общински път VAR 2007 – VAR 2005 Китка – Круша от км 5+593,32 – етапно строителство: Първи етап от км 0+000 до км 1+340, Втори етап от км 1+340 до км 2+370 и Трети етап от км 2+370 до км 5+593,32",Аврен,Варна,5301,ПРО-2588/10.12.2024,РД-02-30-30/16.06.2025; Анекс РД-02-30-30(1)/05.02.2026,2335836.96,1061239.18,1274597.78,
OP-24.001-3095,"Проектиране, авторски надзор и изпълнение на строеж /инженеринг/ за основен ремонт на част от уличната мрежа в с. Бенковски, с. Дъбравино и с. Синдел",Аврен,Варна,5301,ПРО-2717/05.06.2025,,0,0,1022583.76,
OP-25.001-0017,"Изграждане и благоустрояване на зона за отдих в с. Близнаци, община Аврен",Аврен,Варна,5301,,,0,0,,255645.94
OP-25.001-0238,"Обект: Основен ремонт на път VAR 2005 (/I-9, Приселци- Старо Оряхово/-Равна гара-Бенковски-/III-9042/) от км 0+000 до км 4+440, етапно строителство: Етап 1 – от км 0+000 до км 3+382, и Етап 2 – от км 3+382 до км 4+440",Аврен,Варна,5301,,,0,0,,3769346.01
OP-25.001-0239,"Изграждане и реконструкция на част от улична мрежа по регулационния план на с. Приселци, общ. Аврен – етапно строителство – EТАПИ I, III, IV, VII, IX, X",Аврен,Варна,5301,,,0,0,,707423.45
OP-25.001-0240,Авариен ремонт на съществуващ водопровод от водоем от с. Здравец до водоем с. Бенковски,Аврен,Варна,5301,,,0,0,,1129903.93
OP-25.001-0241,"Проектиране, авторски надзор и изпълнение на строеж /инженеринг/ на път VAR3009 / III-9042, Садово – Бенковски/ – Добри дол/",Аврен,Варна,5301,,,0,0,,1073712.95
OP-24.001-0199,Подобряване водоснабдителната система на с. Любен Каравелово,Аксаково,Варна,5302,ПРО-418/18.01.2024,РД-02-30-199/18.03.2024,3861873.48,3149641.17,0,
OP-24.001-0200,"Рехабилитация и реконструкция на път VAR2033/ III-902, Оброчище – Кичево / – Орешак – Граница общ. (Аксаково – Варна) – Каменар – / VAR2028 /",Аксаково,Варна,5302,ПРО-912/21.02.2024,РД-02-30-203/18.03.2024; Анекс РД-02-30-203(1)/26.09.2025,3107632.05,2874132.86,483718.55,
OP-24.001-0201,"Рехабилитация и реконструкция на път VAR2021 /I-2, Девня – Варна/ – Игнатиево – Доброглед – /III – 2901/",Аксаково,Варна,5302,ПРО-1142/08.03.2024,РД-02-30-731/25.04.2024; Анекс РД-02-30-731(1)/26.09.2025,4045597.01,1730165.63,2315431.38,
OP-24.001-0202,"Неотложни възстановителни работи на улици и отводнителни канавки от о.т. 4 до о.т. 17, от о.т. 100 до о.т. 19 и поясни канали от о.т. 1+50 м до о.т. 100 в с. Въглен, община Аксаково",Аксаково,Варна,5302,ПРО-408/18.01.2024,РД-02-30-196/18.03.2024,970585.38,897854.54,72730.84,
OP-24.001-2721,"Реконструкция на водоснабдителната система на с. Слънчево, община Аксаково – етап 1",Аксаково,Варна,5302,ПРО-2385/22.10.2024,,0,0,254725.62,
OP-25.001-0077,"Рехабилитация и реконструкция на участък от общински път VAR 1022 /I – 2, Девня – Граница общ. (Аксаково – Белослав) – Езерово – /III – 2008, община Аксаково, област Варна",Аксаково,Варна,5302,,,0,0,,1427526.93
OP-25.001-0118,Доизграждане на битови канализационни клонове и подмяна на част от водопроводната мрежа в гр. Игнатиево – етап 3,Аксаково,Варна,5302,ПРО-2715/05.06.2025,РД-02-30-29/16.06.2025; Анекс РД-02-30-29(1)/26.09.2025,2063062.74,246492.66,1816570.08,
OP-24.001-0203,"Рехабилитация на път VAR1022 /I – 2, Девня – Граница общ. (Аксаково – Белослав) – Езерово – /III – 2008/ в участъка от с. Езерово до границата общини Белослав – Аксаково (извън населено място) с дължина 1340 м",Белослав,Варна,5303,ПРО-580/25.01.2024,РД-02-30-188/18.03.2024,947526.11,946770.75,755.36,
OP-24.001-0204,"Изграждане и рехабилитация на улична мрежа на територията на кв. ""Акации"", град Белослав",Белослав,Варна,5303,ПРО-1200/20.03.2024 ПРО-1200(1)/05.04.2024 ПРО-1200(2)/15.04.2024,РД-02-30-843/20.05.2024,492067.31,487346.30,0,
OP-24.001-0205,"Тласкател за отпадъчни води в с. Езерово от канализационна помпена станция на ул. ""Александър Стамболийски"" до източната регулационна граница на с. Езерово, общ. Белослав",Белослав,Варна,5303,ПРО-585/25.01.2024,РД-02-30-185/18.03.2024,365880.47,274411.89,91468.58,
OP-24.001-1720,"Основен ремонт и рехабилитация на част от уличната мрежа на с. Страшимирово, общ. Белослав",Белослав,Варна,5303,ПРО-1341/02.05.2024,РД-02-30-878/04.06.2024,1067270.67,1032903.66,34367.01,
OP-24.001-1721,"Основен ремонт и рехабилитация на част от уличната мрежа на гр. Белослав, общ. Белослав",Белослав,Варна,5303,ПРО-1342/02.05.2024,РД-02-30-881/04.06.2024,1610569.43,688414.10,922155.33,
OP-24.001-1722,"Изграждане /основен ремонт, преустройство, въвеждане на мерки за енергийна ефективност и осигуряване на достъпна среда/ на административна сграда за обществено ползване – сграда на полицейско управление, намираща се в УПИ IX-412 (ПИ 03719.503.412), квартал 31 по плана на гр. Белослав, община Белослав",Белослав,Варна,5303,ПРО-1343/02.05.2024,РД-02-30-884/04.06.2024,629604.82,5112.92,791275.32,
OP-25.001-0062,"Рехабилитация на път VAR 1060/III-2008, Езерово – Казашко/ – Промишлена зона Езерово, община Белослав, област Варна",Белослав,Варна,5303,ПРО-3081/09.12.2025,,0,0,3579043.17,
OP-25.001-0242,"Изграждане на улична мрежа, част ЮГ, гр. Белослав, общ. Белослав",Белослав,Варна,5303,,,0,0,,617640.59
OP-25.001-0243,"Изграждане, рехабилитация и основен ремонт на улична мрежа, част ИЗТОК, с. Езерово, общ. Белослав",Белослав,Варна,5303,,,0,0,,1469197.22
OP-25.001-0244,"Изграждане, рехабилитация и основен ремонт на част от улична мрежа, с. Разделна, общ. Белослав",Белослав,Варна,5303,,,0,0,,1224083.89
OP-25.001-0245,"Изграждане на улична мрежа, част ЮГ, с. Разделна, общ. Белослав",Белослав,Варна,5303,,,0,0,,995485.29
OP-25.001-0246,"Изграждане, рехабилитация и основен ремонт на част от улична мрежа, с. Езерово, общ. Белослав",Белослав,Варна,5303,,,0,0,,982754.12
OP-25.001-0247,"Основен ремонт и рехабилитация на ул. ""Светлина"", с. Езерово, общ. Белослав",Белослав,Варна,5303,,,0,0,,585991.63
OP-25.001-0248,"Изграждане на ул. ""Георги Бенковски"" в кв. ""Стара гара"", с. Разделна, общ. Белослав",Белослав,Варна,5303,,,0,0,,283460.22
OP-24.001-0206,"Разширяване, реконструкция и модернизация на рибарско пристанище ""Чайка"", гр. Бяла, и свързаните с него укрепване на свлачище и брегоукрепване. ВТОРИ ЕТАП: Реконструкция и модернизация на рибарско пристанище ""Чайка"" и техническа инфраструктура за пристанищни нужди, включващ подобекти: Реконструкция и модернизация на рибарско пристанище ""Чайка"" и техническа инфраструктура за пристанищни нужди – част ВиК, и Реконструкция и модернизация на рибарско пристанище ""Чайка"" и техническа инфраструктура за пристанищни нужди – част електрическа",Бяла,Варна,5304,ПРО-259/15.01.2024,РД-02-30-405/26.03.2024,1140845.57,863697.71,277147.86,
OP-24.001-0207,"Реконструкция на ул. ""Йордан Ноев"" от о.т. 110 до о.т. 447",Бяла,Варна,5304,ПРО-1232/27.03.2024,РД-02-30-898/04.06.2024,833405.77,305255.35,528150.42,
OP-24.001-0208,"Реконструкция на ул. ""Гроздьо Желев"" от о.т. 98 до о.т. 202",Бяла,Варна,5304,ПРО-1234/28.03.2024,РД-02-30-905/04.06.2024,561398.49,549306.79,0,
OP-24.001-0209,"Реконструкция на ул. ""Хан Крум"" от о.т. 222 до о.т. 418",Бяла,Варна,5304,ПРО-748/06.02.2024,РД-02-30-514/28.03.2024,553268.95,447517.35,105751.60,
OP-24.001-0210,"Реконструкция, ремонт и въвеждане на мерки за енергийна ефективност в автогара гр. Бяла, община Бяла, област Варна",Бяла,Варна,5304,ПРО-402/18.01.2024,РД-02-30-402/26.03.2024,588905.99,509010.46,79895.53,
OP-24.001-0211,Реконструкция на улица в с. Господиново от о.т. 6 през о.т. 24 до о.т. 38,Бяла,Варна,5304,ПРО-2437/04.11.2024,РД-02-30-1831/13.12.2024,539924.23,202733.83,337190.40,
OP-24.001-0212,"Реконструкция на ул. ""Димитър Панчев"" от о.т. 218 до о.т. 222",Бяла,Варна,5304,ПРО-716/01.02.2024,РД-02-30-510/28.03.2024,317000.97,250462.79,0,
OP-24.001-0213,"Реконструкция на ул. ""Щерьо Певтичев"" от о.т. 132 до о.т. 135",Бяла,Варна,5304,ПРО-733/02.02.2024,РД-02-30-506/28.03.2024,311888.05,250625.81,0,
OP-24.001-0214,"Основен ремонт и изграждане на тротоари по ул. ""Брегова"" от ул. ""Черноморка"" до ул. ""Иван Калчев""",Бяла,Варна,5304,ПРО-698/31.01.2024,РД-02-30-409/26.03.2024,296549.29,276483.48,0,
OP-24.001-0215,"Реконструкция на ул. ""Теменуга"" от о.т. 461 до о.т. 212",Бяла,Варна,5304,ПРО-984/28.02.2024,РД-02-30-509/28.03.2024,76693.78,70110.49,6583.29,
OP-24.001-2371,Културен център и детска площадка в с. Попович,Бяла,Варна,5304,ПРО-2452/05.11.2024,РД-02-30-1817/12.12.2024,184780.89,0,207022.08,
OP-24.001-2372,Благоустройствени дейности на зелени площи за широко обществено ползване,Бяла,Варна,5304,ПРО-1978/23.08.2024,РД-02-30-59/16.06.2025,122198.76,104737.32,17461.44,
OP-24.001-2722,"Благоустройствени дейности на зелени площи за широко обществено ползване в ПИ 24739.501.853, с. Дюлино",Бяла,Варна,5304,ПРО-2438/04.11.2024,,0,0,25564.59,
OP-24.001-2723,"Благоустройствени дейности на зелени площи за широко обществено ползване в ПИ 24739.501.57, с. Дюлино",Бяла,Варна,5304,ПРО-2436/04.11.2024,,0,0,23570.56,
OP-24.001-0216,"Ремонт на напорен тръбопровод ф 500 за отпадъчни води, намиращ се на дъното на Варненското езеро",Варна,Варна,5305,ПРО-943/27.02.2024; ПРО-1728/21.06.2024,РД-02-30-574/01.04.2024; Анекс РД-02-30-574(1)/22.07.2024 Анекс РД-02-30-574(2)/04.12.2024,11234821.02,6367946.67,4866880.50,
OP-24.001-0217,"Основен ремонт на общински път VAR 1087/I-9/, кв. ""Аспарухово"", кв. ""Галата"", от отбивката за местност Карантината до кръстовището с общински път VAR3089/I-9, Варна – Приселци/ – в.з. ""Боровец"" – кв. ""Галата"" – в.з. ""Ракитника"" – х. ""Черноморец"", гр. Варна",Варна,Варна,5305,ПРО-949/27.02.2024,РД-02-30-561/01.04.2024; Анекс РД-02-30-561(1)/22.07.2024 Анекс РД-02-30-561(2)/04.12.2024,5123809.33,4405746.75,718076.80,
OP-24.001-0219,"Основен ремонт на подлези на територията на община Варна, гр. Варна, включващ: 1. Пешеходен подлез № 3 и автоподлез при ул. ""Найден Геров"", 2. Пешеходен подлез № 4 – ""Спортна зала"" – проектиране и изграждане",Варна,Варна,5305,ПРО-1729/21.06.2024,,0,0,1401144.27,
OP-24.001-0220,"Нова сграда на Регионална библиотека ""Пенчо Славейков"", гр. Варна",Варна,Варна,5305,ПРО-1228/27.03.2024,РД-02-30-578/01.04.2024; Анекс РД-02-30-578(1)/22.07.2024 Анекс РД-02-30-578(2)/04.12.2024,38228271.37,0,39102938.39,
OP-24.001-0222,"Основен ремонт на улица към ЮПЗ – Западна наземна връзка от Северен пътен възел (СПВ) на Аспарухов мост до обръщач на Остров пред Петролна база, по плана на Южна промишлена зона (ЮПЗ), гр. Варна, I етап: Основен ремонт на улица към ЮПЗ – Западна наземна връзка, в участъка от СПВ на Аспарухов мост до клапов мост, включително улица – напречна връзка към БУЛЯРД, по плана на ЮПЗ, гр. Варна",Варна,Варна,5305,ПРО-951/27.02.2024,РД-02-30-590/01.04.2024; Анекс РД-02-30-590(1)/22.07.2024,886426.73,656435.26,229991.47,
OP-24.001-0223,"Реконструкция и благоустрояване на ул. ""Александър Стамболийски"" чрез обособяване на зони на отдих, подмяна на улично осветление, обновяване на ландшафта по пешеходната зона на улицата и предболково пространство в ПИ с ид. № 10135.2562.182, граничещо с бул. ""Княз Борис I"", по плана на 19-и и 20-и микрорайони, район ""Приморски"", гр. Варна",Варна,Варна,5305,ПРО-950/27.02.2024,РД-02-30-575/01.04.2024,5726469.07,0,5741807.83,
OP-24.001-0224,"Основен ремонт на ул. ""Св. св. Константин и Елена"", кв. ""Виница"", в участъка от ул. ""Цар Борис III"" до Гробищен парк, гр. Варна",Варна,Варна,5305,ПРО-946/27.02.2024,РД-02-30-589/01.04.2024; Анекс РД-02-30-589(1)/22.07.2024 Анекс РД-02-30-589(2)/02.04.2026,1147696.89,0,1147696.89,
OP-24.001-0226,"Основен ремонт на ул. ""Капитан Райчо"" по плана на 15-и м. р., район ""Младост"", гр. Варна",Варна,Варна,5305,ПРО-944/27.02.2024,РД-02-30-592/01.04.2024; Анекс РД-02-30-592(1)/22.07.2024 Анекс РД-02-30-592(2)/07.05.2026,986895.59,0,986895.59,
OP-24.001-0227,"Основен ремонт на ул. ""Д-р Пискюлиев"" от ул. ""Ангел Кънчев"" до бул. ""Христо Ботев"", по плана на 10-и м.р., район ""Одесос"", гр. Варна",Варна,Варна,5305,ПРО-945/27.02.2024,РД-02-30-573/01.04.2024; Анекс РД-02-30-573(1)/22.07.2024,1247296.54,583281.68,664014.86,
OP-24.001-0229,"Проектиране и изграждане на обект: Парк ""Република"" в ПИ 10135.3512.1414 по плана на I м.р. на ж.к. ""Младост"", гр. Варна",Варна,Варна,5305,ПРО-965/27.02.2024,РД-02-30-591/01.04.2024; Анекс РД-02-30-591(1)/22.07.2024,3177679.04,0,3177679.04,
OP-24.001-0231,"Парк ""Младост 1"" в ПИ 10135.3512.48 по плана на I м.р. на ж.к. ""Младост"", гр. Варна",Варна,Варна,5305,ПРО-968/27.02.2024,РД-02-30-579/01.04.2024; Анекс РД-02-30-579(1)/22.07.2024 Анекс РД-02-30-579(2)/02.04.2026,2129019.39,38997.25,2090022.14,
OP-24.001-0236,"Основен ремонт на улици в кв. ""Виница"", район ""Приморски"", гр. Варна, включващ: ул. ""Ал. Кръстев"" от ул. ""Св. Димитър Солунски"" до ул. ""Кастрица"", ул. ""Аладжа манастир"" от ул. ""Кастрица"" до ул. ""Овеч"", ул. ""Константин Павлов"" от ул. ""Цар Борис III"" до ул. ""Св. Прокопий Варненски"", ул. ""Св. Димитър Солунски"" от ул. ""Св. Прокопий Варненски"" до ул. ""Александър Кръстев"", ул. ""Св. Прокопий Варненски"" от ул. ""Константин Павлов"" до ул. ""Св. Димитър Солунски"", гр. Варна – проектиране и изграждане",Варна,Варна,5305,ПРО-1731/21.06.2024,РД-02-30-1414/24.09.2024 Анекс РД-02-30-1414(1)/02.04.2026,2240992.32,0,2240992.32,
OP-24.001-0239,"Реконструкция и основен ремонт на прилежаща сграда към Художествен музей ""Георги Велчев"" с идентификатор 10135.1504.67.3, намиращ се в УПИ Х-15 /с идентификатор 10135.1504.67/, кв. 409, по плана на 4- ти м.р., с административен адрес: гр. Варна, ул. ""Ген. Радко Димитриев"" № 8, филиал на Градска художествена галерия ""Борис Георгиев"", с цел създаване на Арт център ""Георги Велчев""",Варна,Варна,5305,ПРО-1230/27.03.2024,РД-02-30-566/01.04.2024; Анекс РД-02-30-566(1)/22.07.2024 Анекс РД-02-30-566(2)/07.05.2026,278142.78,0,278142.78,
OP-24.001-0240,"Изготвяне на ТП за обект: Реконструкция на пътен възел на бул. ""Васил Левски"" с бул. ""Осми приморски полк"" (при сп. ""Явор""), по плана на район ""Приморски""",Варна,Варна,5305,ПРО-947/27.02.2024; ПРО-1738/21.06.2024,,0,0,613550.26,
OP-24.001-0243,"Изготвяне на ТП за обект: Основен ремонт на улици в 8- ми м.р., район ""Одесос"", гр. Варна, включващ: ул. ""Александър Малинов"", ул. ""Копривщица"", ул. ""Марко Балабанов"", ул. ""27 юли"", ул. ""Воден"", ул. ""Иван Вазов"", ул. ""Иларион Макариополски"", ул. ""Петър Парчевич"", ул. ""Петър Енчев"", ул. ""Баба Рада"", ул. ""Стефан Стамболов"", ул. ""Одрин"", ул. ""Преспа"", ул. ""Цар Самуил"", ул. ""Княз Дондуков"", ул. ""Цар Иван Шишман"", ул. ""Йоан Екзарх"", ул. ""Хан Крум"", ул. ""Хан Аспарух"" от ул. ""Свети Климент"" до ул. ""Михаил Колони""",Варна,Варна,5305,ПРО-957/27.02.2024,РД-02-30-568/01.04.2024,132935.89,0,132935.89,
OP-24.001-0245,"Изготвяне на ТП за обект: Благоустрояване на междублоково пространство и прилежащата улична мрежа между бул. ""Христо Смирненски"", ул. ""Васил Ставрев"", ул. ""Д-р Басанович"", бул. ""Васил Левски"", ул. ""Ген. Георги Попов"", по плана на 24-ти м.р., район ""Приморски"", гр. Варна",Варна,Варна,5305,ПРО-956/27.02.2024,РД-02-30-562/01.04.2024 Анекс РД-02-30-562(1)/07.05.2026,120153.59,0,120153.59,
OP-24.001-0246,"Изработване на Технически проект за облекчаване на трафика по бул. ""Христо Смирненски"" чрез изграждане на безконфликтно преминаване (пътни възли) при пресичането с бул. ""Владислав Варненчик"" и бул. ""Сливница""",Варна,Варна,5305,ПРО-953/27.02.2024; ПРО-1736/21.06.2024,РД-02-30-1182/22.07.2024,306775.13,0,368130.15,
OP-24.001-0253,"Изготвяне на ТП за обект: Основен ремонт на сгради в имот 10135.1505.218, област Варна, община Варна, гр. Варна, район ""Одесос"", бул. ""8-ми Приморски полк"" № 43",Варна,Варна,5305,ПРО-960/27.02.2024; ПРО-1734/21.06.2024,РД-02-30-1158/22.07.2024,442420.87,0,442420.87,
OP-24.001-0256,"Изготвяне на технически проект и СМР за обект: Реконструкция на пътен възел на бул. ""Вл. Варненчик"" с бул. ""Република"", по плана на ЗПЗ, гр. Варна",Варна,Варна,5305,ПРО-952/27.02.2024; ПРО-1737/21.06.2024,РД-02-30-1156/22.07.2024,306775.13,0,9940076.59,
OP-24.001-0260,"Изготвяне на ТП за обект: Основен ремонт на улици в 3- ти м.р., район ""Одесос"", гр. Варна, включващ ул. ""Опълчеснка, ул. ""Любен Каравелов"", ул. ""Славянска"", ул. ""Македония"", ул. ""Братя Миладинови"", ул. ""Александър Пушкин""",Варна,Варна,5305,ПРО-971/27.02.2024,РД-02-30-570/01.04.2024,76693.78,0,76693.78,
OP-24.001-0262,"Изготвяне на ТП и основен ремонт на общински път VAR2086/III-2902/Куманово – граница общ. (Варна – Аксаково) – Каменар /VAR2033/, община Варна",Варна,Варна,5305,ПРО-969/27.02.2024,РД-02-30-576/01.04.2024; Анекс РД-02-30-576(1)/22.07.2024 Анекс РД-02-30-576(2)/02.04.2026,1980744.75,48157.56,1932587.19,
OP-24.001-0263,"Основен ремонт на ул. ""30-та"" от Гробищен парк, кв. ""Виница"", до вход курортен комплекс Св. св. Константин и Елена, район ""Приморски"", гр. Варна – проектиране и изграждане",Варна,Варна,5305,ПРО-961/27.02.2024,РД-02-30-560/01.04.2024,28121.05,0,3527913.98,
OP-24.001-1723,"Проектиране и основен ремонт/изграждане – инженеринг на улично осветление на територията на община Варна, включващо: 1. ул. ""Ген. Колев"" – от бул. ""Чаталджа"" до бул. ""Владислав Варненчик""; 2. бул. ""Владислав Варненчик"" – от бул. ""Съборни"" до бул. ""Ян Хуняди""; 3. бул. ""Христо Смирненски"" – от бул. ""Сливница"" до бул. ""Владислав Варненчик""; 4. ул. ""Георги Пеячевич"" – от бул. ""Владислав Варненчик"" до бул. ""Васил Левски""; 5. ул. ""Акад. Андрей Сахаров"" – от бул. ""Вл. Варненчик"" до бул. ""Цар Освободител""; 6. бул. ""Ян Хунияди"" – от бул. ""Владислав Варненчик"" до бул. ""Трети март""; 7. бул. ""Република"" – от бул. ""Владислав Варненчик"" до бул. ""Трети март""; 8. бул. ""Света Елена"" – от бул. ""Трети март"" до бул. ""Константин и Фружин""; 9. бул. ""Трети март"" – от бул. ""Ян Хунияди"" до бул. ""Константин и Фружин""; 10. ул. ""Царевец"" – от бул. ""Васил Левски"" до бул. ""Осми приморски полк""; 11. бул. ""Осми приморски полк"" – от бул. ""Христо Смирненски"" до бул. ""Цар Борис ІІІ""; 12. главен път І-9 – от пътен възел к.к. Св. св. Константин и Елена до входа на к.к. Златни пясъци; 13. междублоково пространство в карето между бул. ""Цар Освободител"", бул. ""Чаталджа"", ул. ""Ген Колев"", бул. ""Осми приморски полк""; 14. междублоково пространство в карето между бул. ""Чаталджа"", ул. ""Ген. Колев"", ул. ""Селиолу"", ул. ""Илинден""",Варна,Варна,5305,ПРО-1740/21.06.2024,,0,0,2556459.41,
OP-24.001-1726,"Основен ремонт на ул. ""Отец Паисий"", по плана на 13-и м.р. и 14-и м.р., район ""Одесос"", гр. Варна",Варна,Варна,5305,ПРО-1229/27.03.2024,РД-02-30-565/01.04.2024; Анекс РД-02-30-565(1)/22.07.2024 Анекс РД-02-30-565(2)/02.04.2026,2570775.58,27135.49,2543640.09,
OP-24.001-1734,"Благоустрояване на междублоково пространство, заключено между бул. ""Чаталджа"", ул. ""Цар Асен"", ул. ""Войнишка"" и ул. ""Драва Чех"", по плана на 6-и м.р., гр. Варна",Варна,Варна,5305,ПРО-1732/21.06.2024,РД-02-30-1727/21.11.2024,572544.65,0,572544.65,
OP-24.001-1737,"Инвестиционно проектиране на водопроводна мрежа и актуализация на проект за канализационна мрежа и отпадъчни води с. Звездица, община Варна",Варна,Варна,5305,,,0,0,,61355.03
OP-24.001-2690,"Основен ремонт на ул. ""Магнолия"" от бул. ""Акад. А. Сахаров"" до ул. ""Г. Сотиров"", гр. Варна – етап II",Варна,Варна,5305,,,0,0,,968898.11
OP-24.001-2691,"Реконструкция на ул. ""Вяра"" от бул. ""Сливница"" до бул. ""Цар Освободител"" по плана на район ""Младост"", гр. Варна – проектиране и изграждане",Варна,Варна,5305,ПРО-2504/15.11.2024,,0,0,4729449.90,
OP-24.001-2692,"Основен ремонт на ул. ""Магнолия"" от бул. ""Акад. А. Сахаров"" до ул. ""Г. Сотиров"", гр. Варна – етап I",Варна,Варна,5305,,,0,0,,609817.83
OP-24.001-2724,"Нова учебна база на математическа гимназия ""Д-р Петър Берон"" в ПИ 10135.3513.1960 и ПИ 10135.3513.250 в 26- и м.р., район ""Младост"", град Варна – проектиране и изграждане",Варна,Варна,5305,ПРО-2475/08.11.2024,,0,0,50355092.21,
OP-24.001-2725,"Проектиране и основен ремонт на улица в ПЗ ""Клисе баир"" от о.т. 1 до о.т. 10, гр. Варна",Варна,Варна,5305,ПРО-2540/22.11.2024,,0,0,1840650.77,
OP-25.001-0249,"Благоустрояване на пространството около Парк- паметник на Българо-съветската дружба, намиращ се в имот с ид. 10135.2563.188, по плана на ж.к. ""Бриз"", гр. Варна",Варна,Варна,5305,,,0,0,,10225837.62
OP-25.001-0250,"СМР за обект: Основен ремонт на улици в 8-ми м.р., район ""Одесос"", гр. Варна, включващ: ул. ""Александър Малинов"", ул. ""Копривщица"", ул. ""27 юли"", ул. ""Воден"", ул. ""Иларион Макариополски"", ул. ""Баба Рада"", ул. ""Стефан Стамболов""",Варна,Варна,5305,,,0,0,,3840773.48
OP-25.001-0251,"Проектиране и изпълнение на СМР за обект: Основен ремонт на ул. ""Ген Колев"" от бул. ""Владислав Варненчик"" до ул. ""Чаталджа"", гр. Варна",Варна,Варна,5305,,,0,0,,2854389.19
OP-25.001-0252,"СМР за обект: Основен ремонт на улици в 3-ти м.р., район ""Одесос"", гр. Варна, включващ ул. ""Опълченска"" и ул. ""Любен Каравелов""",Варна,Варна,5305,,,0,0,,2552369.07
OP-25.001-0253,"Проектиране и изпълнение на СМР на подлези на територията на район ""Приморски"", гр. Вар-на, включващ: 1. Основен ремонт на подлез, находящ се на бул. ""Васил Левски"", с ид. № 10135.2563.248.4 по КК и КР на гр. Варна при ул. ""Рупи"". 2. Основен ремонт на подлез, находящ се на бул. ""Васил Левски"", с ид. № 10135.2558.126.1 по КК и КР на гр. Варна при бул. ""Осми приморски полк"". 3. Основен ремонт на подлез, находящ се на бул. ""Осми приморски полк"" при спирка ""Паметника"" (завод ""Дружба""), с ид. № 10135.2558.126.1 по КК и КР на гр. Варна. 4. Основен ремонт на подлез, находящ се на бул. ""Осми приморски полк"" при спирка ""Паметника"" (стадион ""Тича""), с ид. № 10135.2559.107.3 по КК и КР на гр. Варна. 5. Основен ремонт на подлез, находящ се на бул. ""Осми приморски полк"", с ид. № 10135.2559.107.2 по КК и КР на гр. Варна при ул. ""Д-р Анастасия Железкова"".",Варна,Варна,5305,,,0,0,,2556459.41
OP-25.001-0254,"Проектиране и изпълнение на СМР за обект: Основен ремонт на ул. ""Студентска"" от ул. ""Мир"" до бул. ""Осми приморски полк"" по плана на 23-ти м.р., гр. Варна",Варна,Варна,5305,,,0,0,,2039134.28
OP-25.001-0255,"Проектиране и изпълнение на СМР за обект: Основен ремонт на ул. ""Княз Н. Николаевич"" по плана на 18-и м.р., гр. Варна",Варна,Варна,5305,,,0,0,,1590986.95
OP-25.001-0256,"Проектиране и изпълнение на СМР на подлези на територията на район ""Младост"", гр. Варна, включващ: 1. Основен ремонт на подлез, находящ се на бул. ""Владислав Варненчик"" при спирка ""Автогара"", с ид. № 10135.3516.135.2 по КК и КР на гр. Варна. 2. Основен ремонт на подлез, находящ се на бул. ""Владислав Варненчик"" при спирка ""Борсата"", с ид. № 10135.3515.764.1 по КК и КР на гр. Варна. 3. Основен ремонт на подлез, находящ се на бул. ""Владислав Варненчик"" при спирка ""ВАМО"", с ид. № 10135.3514.77.8 по КК и КР на гр. Варна. 4. Основен ремонт на подлез, находящ се на бул. ""Сливница"" при спирка ""Тих труд"", с ид. № 10135.3513.253.1 по КК и КР на гр. Варна.",Варна,Варна,5305,,,0,0,,1022583.76
OP-25.001-0257,"Изработване на Технически проект и СМР за обект: Реконструкция и основен ремонт на сгради с идентификатори 10135.2029.32.1 и 10135.2029.32.2, част от комплекс ""БАЗА ЗА КОНЕН СПОРТ-ЮГ и ново строителство за съпътстващи дейности""",Варна,Варна,5305,ПРО-2924/03.09.2025,,0,0,1866215.37,
OP-25.001-0258,"Проектиране и изпълнение на СМР за обект: Основен ремонт на ул. ""Ген. Киселов"" по плана на 2-ри м.р., гр. Варна",Варна,Варна,5305,,,0,0,,982703.00
OP-25.001-0259,"Проектиране и изпълнение на СМР за обект: Основен ремонт на ул. ""Цар Асен"" от бул. ""Цар Освободител"" до ул. ""Чаталджа"" по плана на 2-ри м.р., гр. Варна",Варна,Варна,5305,,,0,0,,959285.83
OP-25.001-0260,"Проектиране и изпълнение на СМР за обект: Основен ремонт на ул. ""Проф. Марин Дринов"" от бул. ""Чаталджа"" до бул. ""Цар Освободител"" по плана на 2-ри м.р., гр. Варна",Варна,Варна,5305,,,0,0,,959285.83
OP-25.001-0261,"Проектиране и изпълнение на СМР за обект: Основен ремонт на ул. ""Хаджи Димитър"" от ул. ""Братя Миладинови"" до бул. ""Сливница"" по плана на 13-и м.р., гр. Варна",Варна,Варна,5305,,,0,0,,787389.50
OP-25.001-0262,"Проектиране и изпълнение на СМР на подлези на територията на район ""Одесос"", гр. Варна, включващ: 1. Основен ремонт на подлез, находящ се на бул. ""Владислав Варненчик"" при спирка ""Тракия"", с ид. № 10135.1501.1157.2 по КК и КР на гр. Варна. 2. Основен ремонт на подлез, находящ се на бул. ""Владислав Варненчик"" при спирка ""Пат-риарх Евтимий"", с ид. № 10135.1501.1157.1 по КК и КР на гр. Варна.",Варна,Варна,5305,,,0,0,,613550.26
OP-25.001-0263,"Проектиране и изпълнение на СМР за обект: Основен ремонт на ул. ""Никола Михайловски"" от ул. ""Васил Друмев"" до бул. ""Княз Борис I"", по плана на 18-и м.р., гр. Варна",Варна,Варна,5305,,,0,0,,531743.56
OP-25.001-0264,"Проектиране и изпълнение на СМР за обект: Основен ремонт на ул. ""Тинтява"" по плана на 25-и м.р., гр. Варна",Варна,Варна,5305,,,0,0,,337452.64
OP-24.001-0267,Реконструкция и рехабилитация на улична водопроводна мрежа,Ветрино,Варна,5306,ПРО-505/22.01.2024,РД-02-30-643/03.04.2024,6336133.51,1458511.22,4877622.29,
OP-24.001-0268,"Ремонт и реконструкция на улица между о.т. 14-13-21-22- 123-122-121а-143-144-142-145-146-91-92-93-134-103- 105а-106, с. Ягнило, общ. Ветрино",Ветрино,Варна,5306,ПРО-446/19.01.2024,РД-02-30-700/04.04.2024,621066.25,618244.73,2974.91,
OP-24.001-0269,"Ремонт и реконструкция на улица между о.т. 50-51-52-53- 54-55-56-57-58-61-62, с. Невша",Ветрино,Варна,5306,ПРО-445/19.01.2024,РД-02-30-698/04.04.2024,292561.21,289709.96,2851.25,
OP-24.001-0270,"Ремонт и реконструкция на ул. ""Г. С. Раковски"" от о.т. 121-138, с. Ветрино",Ветрино,Варна,5306,ПРО-444/19.01.2024,РД-02-30-699/04.04.2024,286425.71,285196.42,0,
OP-25.001-0105,"Ремонт на част от уличната мрежа в село Белоградец, община Bетрино, област Варна",Ветрино,Варна,5306,ПРО-2982/08.10.2025,,0,0,409033.50,
OP-25.001-0265,Рехабилитация на участък от общински път VAR 1100 с начало път I-2 и край до началото на урбанизирана територия на с. Невша,Ветрино,Варна,5306,ПРО-2988/13.10.2025,РД-02-30-370/07.11.2025,3141070.54,0,3141070.54,
OP-24.001-0271,Рехабилитация на път VAR 2116 Вълчи дол – Войводино – граница община (Вълчи дол – Суворово) – Николаевка от км 5+000 до км 6+740,Вълчи дол,Варна,5307,ПРО-589/26.01.2024,РД-02-30-537/29.03.2024,1352929.45,757637.23,595403.51,
OP-24.001-0272,Основен ремонт и реконструкция на площадно пространство – централна градска част в гр. Вълчи дол,Вълчи дол,Варна,5307,ПРО-590/26.01.2024,РД-02-30-621/01.04.2024,620145.92,0,620145.92,
OP-24.001-1738,Строеж: Реконструкция на част от път VAR 1112 от км 0+000 (кръст. с път II-27) до км 14+600 (кръст. с път III- 2702); I ЕТАП: Участък от км 10+710 с. Брестак до км 14+600 (кръст. с път III-2702),Вълчи дол,Варна,5307,ПРО-2320/15.10.2024,,0,0,2249888.79,
OP-24.001-1739,"Строителство на многофункционална спортна зала в УПИ I-23, кв. 4 (ПИ с идентификатор № 12574.501.1317) по плана на гр. Вълчи дол, общ. Вълчи дол, обл. Варна",Вълчи дол,Варна,5307,ПРО-2325/15.10.2024,РД-02-30-1884/13.12.2024,889852.39,0,889852.39,
OP-25.001-0266,Строеж: Реконструкция на част от път VAR 1112 от км 0+000 /кръстовището с път II-27 /до км 14+600/ кръстовището с път III-2702/ III етап: Участък от км 0+000 до км 3+270 извън населеното място; IV етап: Участък от км 3+270 до км 4+760 в с. Караманите; V етап: Участък от км 4+760 до км 6+029 в с. Караманите,Вълчи дол,Варна,5307,ПРО-2960/26.09.2025,,0,0,3184939.39,
OP-25.001-0267,Строеж: Реконструкция на път VAR 1112 от км 0+000 (кръст. с път II-27) до км 14+600 (кръст. с път III-2702) EТАП 2: Участък от км 9+165 с. Брестак до км 10+710 с. Брестак,Вълчи дол,Варна,5307,ПРО-2795/04.08.2025,,0,0,1235536.83,
OP-25.001-0268,"Строеж: Реконструкция на ул. ""Васил Левски"" о.т. 49, о.т. 50, о.т. 70, о.т. 71, о.т. 84, о.т. 83, о.т. 143, о.т. 142, о.т. 139 до о.т. 137, с. Брестак, община Вълчи дол, област Варна",Вълчи дол,Варна,5307,ПРО-2794/04.08.2025,,0,0,692340.34,
OP-24.001-0274,Подмяна на улични водопроводи на територията на община Девня,Девня,Варна,5308,ПРО-539/23.01.2024,РД-02-30-193/18.03.2024,4597229.82,3383474.64,1213755.18,
OP-24.001-0275,"Изграждане на плувен басейн със ЗП/РЗП 214,05 кв. м и инфраструктура към него",Девня,Варна,5308,ПРО-538/23.01.2024,РД-02-30-665/04.04.2024,1278229.70,1276353.97,0,
OP-24.001-0276,"Реконструкция, основен ремонт и въвеждане на енергийна ефективност на Музей на мозайките и благоустрояване на прилежащата паркова среда",Девня,Варна,5308,ПРО-542/23.01.2024,РД-02-30-264/19.03.2024,2818752.14,602564.23,2216187.91,
OP-24.001-0277,"Ремонт на бул. ""Съединение"", кв. ""Девня""",Девня,Варна,5308,ПРО-1323/26.04.2024,РД-02-30-840/20.05.2024,2045167.53,659234.37,1386112.29,
OP-24.001-0278,Изграждане на стадион в гр. Девня с РЗП 2327 кв. м и инфраструктура към него,Девня,Варна,5308,ПРО-541/23.01.2024,РД-02-30-666/04.04.2024,2147425.90,1611462.31,1297910.21,
OP-24.001-0279,"Сграда за обществено хранене с идентификатор 20482.307.40.1, находяща се в УПИ IV – ""клуб"", кв. 35 по ПУП – ПРЗ на кв. ""Повеляново"", гр. Девня",Девня,Варна,5308,ПРО-540/23.01.2024; ПРО-1818/31.07.2024,РД-02-30-58/16.06.2025,441858.44,0,441858.44,
OP-24.001-0280,Основен ремонт и мерки за енергийна ефективност на сградата на кметство с. Падина,Девня,Варна,5308,ПРО-543/23.01.2024,РД-02-30-528/29.03.2024,281210.53,281210.53,321091.32,
OP-25.001-0269,Изграждане на спортна зала,Девня,Варна,5308,,,0,0,,2556459.41
OP-25.001-0270,Основен ремонт на улици в община Девня,Девня,Варна,5308,,,0,0,,1882372.19
OP-24.001-0281,"Реконструкция на път № VAR1175/III-904/, Долни чифлик – Кривини – Голица – Булаир от км 3+770 до км 8+900",Долни чифлик,Варна,5309,ПРО-1592/28.05.2024; ПРО-1592(1)/29.05.2024,РД-02-30-1153/22.07.2024,2812105.35,1225269.10,1586836.25,
OP-24.001-0282,"Реконструкция на водопроводна и улична мрежа по ул. ""Орлов камък"", ул. ""Камчийска долина"" в с. Горен чифлик",Долни чифлик,Варна,5309,ПРО-409/18.01.2024,РД-02-30-189/18.03.2024 Анекс РД-02-30-189(2)/04.12.2024,1952930.47,1006267.80,946662.67,
OP-24.001-0283,"Реконструкция на водопроводна мрежа и изграждане на канализационна мрежа по ул. ""Шипка"", ул. ""Рила"", ул. ""Смолян"" и ул. ""Витоша""",Долни чифлик,Варна,5309,ПРО-406/18.01.2024,РД-02-30-266/19.03.2024; Анекс РД-02-30-266(1)/20.05.2024,1730723.02,1440838.61,289884.41,
OP-24.001-0284,"Реконструкция на площад ""Тича"", гр. Долни чифлик",Долни чифлик,Варна,5309,ПРО-1610/30.05.2024,РД-02-30-1144/19.07.2024,1124842.14,0,1124842.14,
OP-25.001-0115,"Ремонт на сградата на здравната служба с. Пчелник, община Долни чифлик, област Варна",Долни чифлик,Варна,5309,,,0,0,,217759.21
OP-24.001-0285,"Реконструкция на компрометирани участъци от водопроводната мрежа в с. Аспарухово, общ. Дългопол – Етап 1",Дългопол,Варна,5310,ПРО-1303/10.04.2024,РД-02-30-133/26.06.2025,2077524.63,1669907.43,407617.20,
OP-24.001-0287,"Доизграждане на канализационна мрежа и подмяна на водопроводна мрежа в гр. Дългопол, община Дългопол – етапи 1, 2, 3, 4, 5",Дългопол,Варна,5310,ПРО-400/18.01.2024,РД-02-30-983/14.06.2024,1041348.17,865658.12,0,
OP-24.001-0288,"Ремонтни дейности, обновяване и оборудване на сградния фонд на община Дългопол с цел подоб-ряване енергийната ефективност на сградите",Дългопол,Варна,5310,ПРО-1305/12.04.2024,РД-02-30-988/14.06.2024,578782.41,574491.43,0,
OP-24.001-0289,"Неотложни аварийно-възстановителни работи по покривна конструкция на НЧ ""Н. Й. Вапцаров – 1896 г."", гр. Дългопол",Дългопол,Варна,5310,ПРО-1225/26.03.2024,РД-02-30-679/04.04.2024,263417.58,259719.62,0,
OP-24.001-1740,"Изграждане на спортна зала в гр. Дългопол, общ. Дългопол",Дългопол,Варна,5310,ПРО-1352/02.05.2024,РД-02-30-987/14.06.2024,1155979.81,524741.42,631238.39,
OP-25.001-0085,"Ремонт на улична мрежа на територията на с. Рояк, с. Медовец, с. Цонево, с. Лопушна, с. Поляците, с. Партизани и гр. Дългопол, община Дългопол, област Варна",Дългопол,Варна,5310,,,0,0,,1009136.79
OP-25.001-0091,"Ремонт на улична мрежа на територията на с. Медовец, с. Цонево, с. Лопушна, с. Поляците и с. Партизани, община Дългопол, област Варна",Дългопол,Варна,5310,,,0,0,,758654.89
OP-25.001-0765,"Изграждане на захранващ водопровод от помпена станция по ул. ""Георги Димитров"" до о.т. 199 на ул. ""Антон Иванов"" и от края на регулацията при ул. ""Христо Ботев"" до водоем в землището на гр. Дългопол, област Варна",Дългопол,Варна,5310,ПРО-2891/20.08.2025,РД-02-30-376/21.11.2025,882898.82,180128.13,702770.69,
OP-24.001-0290,"Рехабилитация на път VAR 1211 – /III-208, Ветрино – Провадия/ – Петров дол – граница общ. (Провадия – Ветрино) – Габърница – Неофит Рилски",Провадия,Варна,5311,ПРО-587/25.01.2024,РД-02-30-850/20.05.2024,4072439.83,1941018.48,2131421.35,
OP-24.001-0291,Рехабилитация на път VAR 2217 – /III-731 Черноок – Градинарово/ – Славейково,Провадия,Варна,5311,ПРО-586/25.01.2024,РД-02-30-846/20.05.2024,2911193.71,2335710.43,575483.28,
OP-24.001-2726,Реконструкция и модернизация на уличното осветление на територията на гр. Провадия,Провадия,Варна,5311,ПРО-2564/02.12.2024,РД-02-30-1846/13.12.2024,581492.26,112939.44,468552.82,
OP-25.001-0140,"Рехабилитация на общински път VAR 2219 – / III – 731, Блъсково – Храброво / – Овчага – Черковна – III – 2082",Провадия,Варна,5311,ПРО-2687/13.05.2025,,0,0,7369045.37,
OP-25.001-0141,"Рехабилитация на общински път VAR2216 /III-208, Провадия – п.к. Храброво/ Тутракан-ци – Бозвелийско/ III-904/ от км 0+000 до км 2+485",Провадия,Варна,5311,ПРО-2686/13.05.2025,,0,0,1447365.06,
OP-24.001-0292,"Рехабилитация на общински път VAR 2240/III-2901/ Суворово – Дръндар – Николаевка / VAR – 2116/, участък – Суворово – Дръндар от км 0+000 до км 5+540",Суворово,Варна,5312,ПРО-288/16.01.2024,РД-02-30-215/18.03.2024,2344273.28,1980339.36,363933.92,
OP-24.001-0293,Рехабилитация и реконструкция на част от второстепенната улична мрежа в община Суворово по две обособени позиции,Суворово,Варна,5312,ПРО-269/16.01.2024,РД-02-30-255/19.03.2024,1114309.53,982314.97,131994.56,
OP-24.001-0294,Изготвяне на технически проект и осъществяване на авторски надзор на обект: Рехабилитация на общинска пътна мрежа в община Суворово в две обособени позиции,Суворово,Варна,5312,ПРО-290/16.01.2024,РД-02-30-209/18.03.2024,168726.32,135257.16,33469.16,
OP-24.001-0295,"Проектиране на сградата на Детска градина ""Буратино"", гр. Суворово – група с различен адрес ""Звездички"", с. Чернево",Суворово,Варна,5312,ПРО-289/16.01.2024,РД-02-30-212/18.03.2024,10737.13,8691.96,0,
OP-24.001-1741,"Изготвяне на технически проект и упражняване на авторски надзор на обект: Реконструкция на водопроводна мрежа в с. Изгрев, общ. Суворово, обл. Варна",Суворово,Варна,5312,ПРО-1532/17.05.2024,РД-02-30-992/14.06.2024,182531.20,66212.30,116318.90,
OP-24.001-2727,"Въвеждане на мерки за енергийна ефективност и основен ремонт на сградата на Детска градина ""Буратино"", гр. Суворово – група с различен адрес ""Звездички"", с. Чернево, находяща се в УПИ III – ""детски дом"", кв. 18 по ПР на с. Чернево, община Суворово, област Варна, с идентификатор 80861.501.1130.1",Суворово,Варна,5312,ПРО-2688/14.05.2025,РД-02-30-217/21.07.2025,552553.14,98116.42,454436.72,
OP-24.001-2728,Изготвяне на технически проект и упражняване на авторски надзор на обект: Изграждане на канализационна и реконструкция на съществуваща водопроводна мрежа в гр. Суворово в три етапа,Суворово,Варна,5312,ПРО-2690/14.05.2025,РД-02-30-219/21.07.2025,232637.81,0,232637.81,
OP-24.001-0296,"Общински път VTR 1012 ""/път ІІІ-504/ – Водолей – Дичин – граница общ. (В. Търново – Пав-ликени) – Лесичери /VTR 1204/""",Велико Търново,Велико Търново,5401,ПРО-198/12.01.2024 ПРО-2425/01.11.2024,РД-02-30-377/25.03.2024,2213484.81,2150650.75,0,
OP-24.001-0297,"Основен ремонт на път VTR2001/път III 3031, Стамболово – Русаля – Дичин/VTR1012, включително еднопосочно платно за посока Дичин – Русаля. Участък от км 0+000 до км 5+525,73/ км 0+000 до км 0+207,90",Велико Търново,Велико Търново,5401,ПРО-195/12.01.2024 ПРО-2428/01.11.2024,РД-02-30-374/25.03.2024,1559440.24,0,1559440.24,
OP-24.001-0298,"Основен ремонт на общински път VTR1036 (път I-5) – граница община (Горна Оряховица – Велико Търново – археологически комплекс ""Никополис ад Иструм"" – с. Никюп (VTR1013), участък от км 0+420 до км 2+009,93",Велико Търново,Велико Търново,5401,ПРО-202/12.01.2024 ПРО-2427/01.11.2024,РД-02-30-833/20.05.2024; Анекс РД-02-30-833(1)/13.12.2024,742395.81,663618.94,78776.87,
OP-24.001-0299,"Реконструкция на VTR 1021 ""/път ІІІ-551, о.п. Дебелец – Плаково/""",Велико Търново,Велико Търново,5401,ПРО-193/12.01.2024 ПРО-2426/01.11.2024,РД-02-30-376/25.03.2024,827065.75,726615.24,100450.51,
OP-24.001-1744,"Основен ремонт на път VTR 1013 ""/път ІІІ-504, Ресен – Стефан Стамболово/ – с. Никюп – граница общ. (В. Търново – Г. Оряховица) – Крушето"", участък от км 0+045,46 до км 3+871,55",Велико Търново,Велико Търново,5401,ПРО-1853/12.08.2024,РД-02-30-1405/24.09.2024,1278229.70,0,1278229.70,
OP-24.001-1745,"Реконструкция на улица ""Полтава"", гр. Велико Търново – Етап 1",Велико Търново,Велико Търново,5401,ПРО-1850/12.08.2024; ПРО-1850(2)/21.08.2024; ПРО-1850(5)/01.11.2024,РД-02-30-7/12.06.2025,810397.63,0,810397.63,
OP-24.001-1747,"Проектиране и реконструкция на улица ""Полтава"" – етап II, гр. Велико Търново",Велико Търново,Велико Търново,5401,ПРО-1843/12.08.2024,РД-02-30-1402/24.09.2024; Анекс РД-02-30-1402(1)/13.12.2024,1268515.16,0,1268515.16,
OP-24.001-1748,"Реконструкция на улица ""Мармарлийска"" (ОК 370-ОК 372-ОК 341-ОК 860в-ОК 378-ОК 598), гр. Велико Търново",Велико Търново,Велико Търново,5401,ПРО-1848/12.08.2024,РД-02-30-1389/24.09.2024,2556459.41,1139349.11,1417110.30,
OP-24.001-1749,"Проектиране и основен ремонт с въвеждане на мерки за енергийна ефективност на ДКС ""Васил Левски"", гр. Велико Търново – Етап I",Велико Търново,Велико Търново,5401,ПРО-1847/12.08.2024,РД-02-30-1401/24.09.2024; Анекс РД-02-30-1401(1)/13.12.2024,4522887.98,0,4522887.98,
OP-24.001-1750,"Реконструкция на ул.""Никола Габровски"" (ОК 233 – ОК 72), в т.ч. и улица с ОК 1905 – ОК 8100 – ОК 8101, връзка с улица ""Магистрална"", гр. Велико Търново",Велико Търново,Велико Търново,5401,ПРО-1851/12.08.2024,РД-02-30-1408/24.09.2024,3425655.60,0,3425655.60,
OP-24.001-1751,"Реконструкция на ул. ""Йоновка"", гр. Велико Търново",Велико Търново,Велико Търново,5401,ПРО-1844/12.08.2024,РД-02-30-1406/24.09.2024,460162.69,0,460162.69,
OP-24.001-1752,"Реконструкция на ул. ""Ниш"", гр. Велико Търново",Велико Търново,Велико Търново,5401,ПРО-1854/12.08.2024,РД-02-30-1398/24.09.2024,807790.04,0,807790.04,
OP-24.001-1753,"Проектиране на водопровод и изграждане на ВиК мрежа на с. Беляковец, община Велико Търново",Велико Търново,Велико Търново,5401,ПРО-1849/12.08.2024 ПРО-2972/06.10.2025,РД-02-30-1395/24.09.2024,5266306.38,0,12725032.34,
OP-24.001-2729,"Разширение на Гробищен парк, гр. Велико Търново, I етап, II етап, III етап – Етап 1",Велико Търново,Велико Търново,5401,ПРО-2429/01.11.2024,РД-02-30-6/12.06.2025,662122.99,0,662122.99,
OP-25.001-0271,"VTR 1014 – /път ІІІ-514, Г. Оряховица – В. Търново/ – Арбанаси – Шереметя – граница общ. (В. Търново – Лясковец) – Драгижево – /път ІІ-53/, км 3+400 до км 7+300",Велико Търново,Велико Търново,5401,,,0,0,,2745841.92
OP-25.001-0272,"Изграждане на ДГ, кв. ""Картала"", гр. В. Търново",Велико Търново,Велико Търново,5401,,,0,0,,511291.88
OP-25.001-0273,"Реконструкция на ВиК на ул. ""Полтава"" и локална лента и паркинги – III етап",Велико Търново,Велико Търново,5401,ПРО-2979/06.10.2025,РД-02-30-444/29.12.2025,918587.00,0,918587.00,
OP-25.001-0274,"Реконструкция на водопровод на ул. ""Йоновка"", гр. В. Търново – фаза 2",Велико Търново,Велико Търново,5401,ПРО-2980/06.10.2025,,0,0,233507.00,
OP-25.001-0275,"Реконструкция на водопровод на ул. ""Ниш"", гр. В. Търново – фаза 2",Велико Търново,Велико Търново,5401,ПРО-2977/06.10.2025,,0,0,176958.12,
OP-25.001-0276,"Реконструкция на водопровод на ул. ""Н. Габровски"", ОК 233 – ОК 72, в т.ч. и улица с ОК 1905 – ОК 8100 – ОК 8101, връзка с улица ""Магистрална"", гр. Велико Търново – фаза 2",Велико Търново,Велико Търново,5401,ПРО-2974/06.10.2025,,0,0,752468.26,
OP-25.001-0277,"Изграждане на водопровод по ул. ""Дълга лъка"" от РП I-5 /Русе – Свиленград/ – ул. ""Сан Стефано"" – ул. ""Козлуджа"" от кръговото на ул. ""Н. Габровски"" до границата с ПИ 10447.16.150, част от РПМ",Велико Търново,Велико Търново,5401,ПРО-2967/06.10.2025,,0,0,281721.83,
OP-25.001-0278,"Изграждане на многоетажен паркинг в УПИ XIV, кв. 24 по плана на гр. В. Търново, ул. ""Ален мак""",Велико Търново,Велико Търново,5401,,,0,0,,1540471.31
OP-25.001-0279,"Проектиране и изграждане на ВиК на ул. ""Крайбрежна""",Велико Търново,Велико Търново,5401,ПРО-2970/06.10.2025,,0,0,292458.96,
OP-25.001-0280,"Въвеждане на мерки за енергийна ефективност на ДКС ""В. Левски"", гр. В. Търново – ФАЗА 2",Велико Търново,Велико Търново,5401,,,0,0,,1549214.40
OP-25.001-0281,"Изграждане на водопровод, с. Никюп",Велико Търново,Велико Търново,5401,ПРО-2883/19.08.2025,РД-02-30-367/04.11.2025,9553488.80,0,9553488.80,
OP-25.001-0282,"Реконструкция на напорен водопровод /АЦ ф 150/ от помпена станция /ПС/ до с. Малки чифлик, общ. Велико Търново",Велико Търново,Велико Търново,5401,ПРО-2976/06.10.2025,,0,0,365062.40,
OP-25.001-0283,"Основен ремонт на улица ""Патриарх Евтимий Търновски"" в ПИ 20242.35.390, ПИ 20242.500.9021, ПИ 20242.500.9076 и ПИ 20242.84.451 по КККР на гр. Дебелец, общ. В. Търново, вкл. подмяна на водопровод по същата",Велико Търново,Велико Търново,5401,ПРО-2968/06.10.2025,,0,0,2607588.59,
OP-25.001-0284,"Пристрояване на нов физкултурен салон с топла връзка към съществуващата основна сграда на ОУ ""Св. Патриарх Евтимий"", гр. Велико Търново",Велико Търново,Велико Търново,5401,,,0,0,,1764468.28
OP-25.001-0285,"Изграждане на водопровод, с. Ресен",Велико Търново,Велико Търново,5401,ПРО-2971/06.10.2025,,0,0,15358696.82,
OP-25.001-0286,"Основен ремонт на ул. ""Мизия"", гр. В. Търново",Велико Търново,Велико Търново,5401,,,0,0,,457708.49
OP-25.001-0287,"Основен ремонт на ул. ""Тракия"", гр. В. Търново",Велико Търново,Велико Търново,5401,,,0,0,,323238.73
OP-25.001-0288,"Основен ремонт на ул. ""Момина крепост"", гр. В. Търново",Велико Търново,Велико Търново,5401,,,0,0,,227524.89
OP-25.001-0289,"Основен ремонт на ул. ""Средна гора"", гр. В. Търново",Велико Търново,Велико Търново,5401,,,0,0,,453209.12
OP-25.001-0290,"Основен ремонт на ул. ""Стара планина"", гр. В. Търново",Велико Търново,Велико Търново,5401,,,0,0,,399421.22
OP-25.001-0291,"VTR 2002 – /път ІІІ-303 / Пушево – Шемшево / път GAB 3110/ и изграждане на велоалея, км 0+000 до км 7+000",Велико Търново,Велико Търново,5401,,,0,0,,4928342.44
OP-25.001-0292,"VTR 2016 – /път ІІ-55, Килифарево – Гурково/ – Нацовци – Големани – Плаково /ІІІ-551/, км 0+000 до км 6+600",Велико Търново,Велико Търново,5401,,,0,0,,4302521.18
OP-25.001-0293,"VTR 2011 – /ІІІ-504, Самоводене – Ресен/ – Хотница – Момин сбор – /І-4/, км 0+000 до км 16+500",Велико Търново,Велико Търново,5401,,,0,0,,10756302.95
OP-25.001-0294,"GAB 3110 – /път ІІІ-303, Пушево – Дряново/ Керека – граница общ. (Дряново – Велико Търново) – Шемшево – В. Търново /VTR 1010/, км 1+800 до км 12+400",Велико Търново,Велико Търново,5401,,,0,0,,6587995.89
OP-25.001-0295,"VTR 3015 – /път ІІІ-5302, Къпиново – Присово/ – Велчево /път VTR 1021/, км 0+000 до км 5+900",Велико Търново,Велико Търново,5401,,,0,0,,3846193.18
OP-25.001-0296,"VTR 2212 – /път ІІІ-405/ Вишовград – граница общ. (Павликени – Велико Търново) – Емен – Балван / път І- 4/, км 0+000 до км 11+000",Велико Търново,Велико Търново,5401,,,0,0,,7170868.63
OP-25.001-0297,"VTR 1010 – /път І-5 / о.п. Дебелец – жп гара Дебелец – Велико Търново, кв. Чолаковци – Велико Търново, ул. ""Сан Стефано"" GAB 3110/, км 0+000 до км 3+300",Велико Търново,Велико Търново,5401,,,0,0,,2151260.59
OP-25.001-0298,"VTR 2007 – /път І-4, В. Търново – Омуртаг/ – Малки чифлик, км 0+000 до км 0+900, вкл. ново кръстовище с I- 5 и площадно пространство",Велико Търново,Велико Търново,5401,,,0,0,,844858.70
OP-25.001-0299,"VTR 2184 – /ІІ-53, Лясковец – Мерданя/ Драгижево) – граница общ. (Лясковец – В. Търново) – Церова кория /път ІІІ – 5302/, км 0+000 до км 1+900",Велико Търново,Велико Търново,5401,,,0,0,,1238604.58
OP-25.001-0300,"VTR 3005 – /път І-4, о.п. Севлиево – В. Търново/ – Ветренци, км 0+000 до км 4+300",Велико Търново,Велико Търново,5401,,,0,0,,2803157.74
OP-25.001-0301,"VTR 3017 – /път ІІ-55, Килифарево – Гурково / – Радковци, км 0+000 до км 3+300",Велико Търново,Велико Търново,5401,,,0,0,,2151260.59
OP-25.001-0302,"VTR 3019 – /път ІІ-55, Килифарево – Гурково/ – Войнежа – Кладни дял, км 0+000 до км 8+500",Велико Търново,Велико Търново,5401,,,0,0,,5541125.76
OP-25.001-0303,"Основен ремонт за обект: общински път VTR 3023 "" /път ІІ-55, Килифарево – Вонеща вода/ – село Габровци – Шодековци"", от второкласния път за Хаинбоаз до село Габровци, км 0+000 до км 4+100",Велико Търново,Велико Търново,5401,,,0,0,,2672778.31
OP-25.001-0304,"VTR 1202 – /път ІІІ-405/ Павликени – Дъскот – Паскалевец – граница общ. (Павликени – Велико Търново) – /път VTR 1012/, км 0+000 – км 3+400",Велико Търново,Велико Търново,5401,,,0,0,,2216450.30
OP-25.001-0305,"Изграждане на мост над р. Килифарска, Килифаревски манастир",Велико Търново,Велико Търново,5401,,,0,0,,2440702.92
OP-25.001-0306,"Изграждане на паркинг и подпорни стени към тренировъчно игрище на стадион ""Ивайло""",Велико Търново,Велико Търново,5401,,,0,0,,1905073.55
OP-25.001-0307,"Изграждане на обществени паркинги в кв. 620 и кв. 336 в жк ""Бузлуджа"", гр. В. Търново",Велико Търново,Велико Търново,5401,,,0,0,,1648405.02
OP-25.001-0308,"Обособяване на паркинги и вътрешнообслужващи алеи в УПИ V, кв. 231 и УПИ І, кв. 232 в жк ""Колю Фичето"", гр. В. Търново",Велико Търново,Велико Търново,5401,,,0,0,,1542056.31
OP-25.001-0309,Изграждане на обществен паркинг на територията на Старо военно училище,Велико Търново,Велико Търново,5401,,,0,0,,420077.41
OP-25.001-0310,"Изграждане на обществен паркинг, с. Арбанаси",Велико Търново,Велико Търново,5401,,,0,0,,1355946.07
OP-25.001-0311,"Изграждане на парк в кв. 661 и кв. 662, кв. ""Картала"", гр. В. Търново",Велико Търново,Велико Търново,5401,,,0,0,,1199490.75
OP-25.001-0312,"Реконструкция на водопровод и канализация на улици в кв. ""Варуша"" и възстановяване на калдъръмена настилка",Велико Търново,Велико Търново,5401,ПРО-2975/06.10.2025,,0,0,13559460.69,
OP-25.001-0313,"Изграждане на канализация, с. Леденик – Шемшево",Велико Търново,Велико Търново,5401,ПРО-2978/06.10.2025,,0,0,14367813.15,
OP-25.001-0314,"Изграждане на ВиК, гр. Килифарево",Велико Търново,Велико Търново,5401,ПРО-2969/06.10.2025,,0,0,18774637.88,
OP-25.001-0315,Реконструкция на сграда на Комплексен онкологичен център – Велико Търново ЕООД за инсталиране на РЕТ скенер,Велико Търново,Велико Търново,5401,,,0,0,,656498.78
OP-25.001-0316,Въздушно преминаване над р. Янтра на централен водопровод на гр. В. Търново,Велико Търново,Велико Търново,5401,ПРО-2973/06.10.2025,,0,0,518859.00,
OP-25.001-0317,"Изграждане на локална система за пречистване на битово-отпадни води, гр. Дебелец",Велико Търново,Велико Търново,5401,,,0,0,,3423099.14
OP-25.001-0318,"Основен ремонт на ХГ ""И. Христов"", ул. ""Гурко"", гр. Велико Търново",Велико Търново,Велико Търново,5401,,,0,0,,1043035.44
OP-25.001-0319,"Обособяване на сградата, намираща се на територията на Сержантско училище, за административни нужди, в т.ч. мерки върху прилежащ терен",Велико Търново,Велико Търново,5401,,,0,0,,255645.94
OP-25.001-0766,"Изготвяне на инвестиционен проект за обект ""Реконструкция на магистрален водопровод от ВС Зона ""Язовир Йовковци"", в участък от град Велико Търново през с. Ново село до с. Емен",Велико Търново,Велико Търново,5401,ПРО-2882/19.08.2025,РД-02-30-304/16.09.2025,204516.75,0,204516.75,
OP-24.001-0300,"Основен ремонт на улична мрежа гр. Горна Оряховица с подобекти: ул. ""Младост"" и ул. ""П. Р. Славейков"", ул. ""П. Цвикев""",Горна Оряховица,Велико Търново,5402,ПРО-1271/04.04.2024,РД-02-30-1116/19.07.2024,2014950.17,0,2014950.17,
OP-24.001-0302,"Изграждане водопровод, канализация, отводняване и улично осветление по улици в гр. Горна Оряховица – ул. ""П. Цвикев"", ул. ""Младост"" и ул. ""П. Р. Славейков""",Горна Оряховица,Велико Търново,5402,ПРО-1936/19.08.2024,РД-02-30-1479/08.10.2024,1753475.51,16811.28,1736664.23,
OP-24.001-0303,"Основен ремонт на улица – водопровод, канализация, отводняване, улично осветление и пътна част на ул. ""Антон Страшимиров""",Горна Оряховица,Велико Търново,5402,ПРО-1937/19.08.2024,РД-02-30-1481/08.10.2024,1721161.86,20421.00,1700740.86,
OP-24.001-0304,"Основен ремонт на улична мрежа гр. Горна Оряховица с подобекти: ул. ""Васил Априлов"", ул. ""Мано Тодоров"", ул. ""Пирот"" и ул. ""Христо Смирненски""",Горна Оряховица,Велико Търново,5402,ПРО-1269/04.04.2024,РД-02-30-999/14.06.2024,1924604.90,1732263.43,192341.47,
OP-24.001-0306,"Основен ремонт на ул. ""Съединение"" – водопровод, канализация, отводняване, улично осветление и пътна част",Горна Оряховица,Велико Търново,5402,ПРО-1939/19.08.2024,РД-02-30-1482/08.10.2024,1663743.78,0,1422260.63,
OP-24.001-0307,"Основен ремонт на общински път VTR 1292 /III-514, Камен – п. к. Сушица/ – граница общ. (Стражица – Г. Оряховица) Паисий – Стрелец – граница общ. (Г. Оряховица – П. Тръмбеш) – Петко Каравелово – /I-5/, участък от км 4+200 до км 8+693,65",Горна Оряховица,Велико Търново,5402,ПРО-1270/04.04.2024,РД-02-30-1120/19.07.2024,1229401.33,1219584.48,0,
OP-24.001-0308,"Основен ремонт на път VTR 2050 /III-4073, Горски горен Тръмбеш – Драганово/ – Горски долен Тръмбеш – Върбица, участък от км 3+350 до км 5+885,28",Горна Оряховица,Велико Търново,5402,ПРО-1272/04.04.2024,РД-02-30-977/14.06.2024; РД-02-30- 977(1)/29.04.2026,749809.54,2760.98,747048.56,
OP-24.001-0309,"Основен ремонт на общински път VTR 1013 – /III-504, Ресен – Стамболово/ – Никюп – Граница общ. (В. Търново – Г. Оряховица) – Крушето, участък от км 9+230 до км 11+324,74",Горна Оряховица,Велико Търново,5402,ПРО-1273/04.04.2024,РД-02-30-1115/19.07.2024,667747.20,667325.75,0,
OP-24.001-0310,"Основен ремонт на общински път VTR 1013 – /I-5, П. Тръмбеш – В. Търново/ – Крушето, участък от км 7+370 до км 9+217,47",Горна Оряховица,Велико Търново,5402,ПРО-1267/04.04.2024,РД-02-30-976/14.06.2024,520853.04,520631.08,0,
OP-24.001-0311,"Основен ремонт на общински път VTR 2053 от път /III- 514, Сушица – Драганово/ – Стрелец – /VTR 1292/, участък от км 6+105 до км 7+875,20",Горна Оряховица,Велико Търново,5402,ПРО-1266/04.04.2024,РД-02-30-1122/19.07.2024,484755.83,0,484755.83,
OP-24.001-1754,"Изграждане водопровод, канализация, отвод-няване, улично осветление и основен ремонт на пътна част по ул. ""Цар Освободител"", гр. Горна Оряховица",Горна Оряховица,Велико Търново,5402,ПРО-1268/04.04.2024,РД-02-30-998/14.06.2024,1429111.94,0,1429111.94,
OP-24.001-2730,"Рехабилитация на водопроводна мрежа с. Драганово, част от проект: ""Изграждане на ПСОВ, напорна канализация и рехабилитация на водопроводна мрежа с. Драганово"". Етап I: Довеждащ водопровод, главни клонове от първи (главен клон I) до четвърти (главен клон IV) и разпределителни клонове от първи (1) до тридесети (30) без десети (10)",Горна Оряховица,Велико Търново,5402,ПРО-2282/10.10.2024,РД-02-30-1742/25.11.2024,3895072.68,218189.71,3676882.97,
OP-24.001-0312,Реконструкция на водопроводна мрежа с. Мийковци,Елена,Велико Търново,5403,ПРО-714/01.02.2024,РД-02-30-1135/19.07.2024; Анекс РД-02-30-1135(1)/01.10.2025,1407586.55,1220362.86,187223.69,
OP-24.001-0314,"Ул. ""Иван Момчилов"" с подземна инфраструктура",Елена,Велико Търново,5403,ПРО-715/01.02.2024,РД-02-30-1338/02.09.2024,1429060.81,758333.25,670898.78,
OP-24.001-1755,"Реконструкция на водопроводна мрежа на улица ""Разпоповци"" – гр. Елена",Елена,Велико Търново,5403,ПРО-1612/31.05.2024,РД-02-30-1059/25.06.2024,1001518.54,983696.14,0,
OP-24.001-2731,Допълнително водоснабдяване с. Майско,Елена,Велико Търново,5403,ПРО-2775/23.07.2025,РД-02-30-318/01.10.2025,570652.87,243886.23,326766.64,
OP-24.001-2732,"Довеждащ водопровод за с. Буйновци от ПС ""Беброво""",Елена,Велико Търново,5403,,,0,0,,230081.35
OP-25.001-0320,"Изграждане на довеждащ водопровод и реконструкция на вътрешна водопроводна мрежа в с. Средни колиби и с. Раювци, община Елена – Етап 2 Реконструкция вътрешна водопроводна мрежа на с. Средни колиби, община Елена",Елена,Велико Търново,5403,ПРО-3078/04.12.2025,,0,0,1381510.66,
OP-25.001-0321,"Изграждане и допълнително водоснабдяване и подмяна на вътрешна водопроводна мрежа за ул. ""Усои"", ул. ""Пърчевци"" и ул. ""Долни Новачкини"", град Елена – Етап 1 Реконструкция вътрешна водопроводна мрежа на ул. ""Усои""",Елена,Велико Търново,5403,,,0,0,,894096.11
OP-25.001-0322,"Изграждане на довеждащ водопровод и реконструкция на вътрешна водопроводна мрежа в с. Средни колиби и с. Раювци, община Елена – Етап 1 Реконструкция вътрешна водопроводна мрежа на с. Раювци, община Елена",Елена,Велико Търново,5403,ПРО-3077/04.12.2025,,0,0,658543.94,
OP-25.001-0323,Деривация Йовковци – ППР,Елена,Велико Търново,5403,,,0,0,0,613550.26
OP-25.001-0324,Реконструкция на довеждащ водопровод за с. Костел – ППР,Елена,Велико Търново,5403,ПРО-3141/27.03.2026,,0,0,0,153387.56
OP-25.001-0325,"Реконструкция на водопроводна мрежа от резервоар гр. Елена до помпена станция ""Беб-рово"" – ППР",Елена,Велико Търново,5403,ПРО-3142/27.03.2026,,0,0,0,127822.97
OP-25.001-0326,"Изграждане на довеждащ водопровод и реконструкция на вътрешна водопроводна мрежа в с. Средни колиби и с. Раювци, община Елена – ЕТАП 3: РЕКОНСТРУКЦИЯ НА ДОВЕЖДАЩ ВОДОПРОВОД ОТ С. СРЕДНИ КОЛИБИ ДО С. РАЮВЦИ",Елена,Велико Търново,5403,,,0,0,,641671.31
OP-25.001-0327,"Изграждане на довеждащ водопровод и реконструкция на вътрешна водопроводна мрежа в с. Средни колиби и с. Раювци, община Елена – ЕТАП 4: ""ИЗГРАЖДАНЕ НА НОВА ПС В ИМОТА НА СЪЩ. НР НАД С. РЕБРЕВ-ЦИ И ТЛАСКАТЕЛ ОТ НЕЯ ДО НР НАД С. СРЕДНИ КОЛИБИ""",Елена,Велико Търново,5403,,,0,0,,1186708.46
OP-25.001-0328,"Изграждане на довеждащ водопровод и реконструкция на вътрешна водопроводна мрежа в с. Средни колиби и с. Раювци, община Елена – ЕТАП 5: ""ИЗГРАЖДАНЕ НА НОВ НР ЗА С. РЕБРЕВЦИ, С. ГЪРДЕВЦИ, С. ШИЛКОВЦИ И С. БАЕВЦИ, КАКТО И ОБЕМ ЗА ВОДОЧЕРПЕНЕ НА НОВА ПС ЗА С. СРЕДНИ КОЛИБИ И С. РАЮВЦИ""",Елена,Велико Търново,5403,,,0,0,,185087.66
OP-25.001-0329,"Изграждане на довеждащ водопровод и реконструкция на вътрешна водопроводна мрежа в с. Средни колиби и с. Раювци, община Елена – ЕТАП 6: ""ИЗГРАЖДАНЕ НА КАБЕЛНО ТРАСЕ, ЗАХРАНВАЩО НОВОПРОЕКТИРАНА ПС В ИМОТА НА СЪЩ. НР НАД С. РЕБРЕВ-ЦИ""",Елена,Велико Търново,5403,,,0,0,,29143.64
OP-25.001-0330,"Изграждане и допълнително водоснабдяване и подмяна на вътрешна водопроводна мрежа за ул. ""Усои"", ул. ""Пърчевци"" и ул. ""Долни Новачкини"", град Елена – ЕТАП 2: ""РЕКОНСТРУКЦИЯ НА ВЪТРЕШНАТА ВОДОПРОВОДНА МРЕЖА НА С. ПЪРЧЕВЦИ"" и ""РЕКОНСТРУКЦИЯ НА ВЪТРЕШНАТА ВОДОПРОВОДНА МРЕЖА НА С. ДОЛНИ НОВАЧКИНИ""",Елена,Велико Търново,5403,,,0,0,,881978.50
OP-25.001-0331,"Изграждане и допълнително водоснабдяване и подмяна на вътрешна водопроводна мрежа за ул. ""Усои"", ул. ""Пърчевци"" и ул. ""Долни Новачкини"", град Елена – ЕТАП 3: ""ИЗГРАЖДАНЕ НА НАПОРЕН ВОДОЕМ V=300 m3"", ""ИЗГРАЖДАНЕ НА ХРАНИТЕЛEН ВОДОПРОВОД ГТ2"" и ""ДООБОРУДВАНЕ НА ПС ""МАЛИНА"", ИЗГРАЖДАНЕ НА ТЛАСКАТЕЛ И ХРАНИТЕЛНИ ВОДОПРОВОДИ ГТ1, ГТ3 и ГТ4""",Елена,Велико Търново,5403,,,0,0,,2260932.70
OP-25.001-0332,"Изграждане и допълнително водоснабдяване и подмяна на вътрешна водопроводна мрежа за ул. ""Усои"", ул. ""Пърчевци"" и ул. ""Долни Новачкини"", град Елена – ЕТАП 4: ""РЕКОНСТРУКЦИЯ НА ВОДОПРОВОДНА ВРЪЗКА ОТ УЛ. ""П. Ю. ТОДОРОВ"" ДО СЪЩЕСТВУВАЩА ПС ""МАЛИНА"", гр. ЕЛЕНА""",Елена,Велико Търново,5403,,,0,0,,77205.07
OP-24.001-0315,Изграждане на канализационна мрежа в гр. Златарица,Златарица,Велико Търново,5404,ПРО-354/17.01.2024 ПРО-354(2)/12.08.2024,РД-02-30-1316/22.08.2024,2148397.36,1593580.23,554817.13,
OP-24.001-1756,"Канализация гр. Златарица, Колектор I по ул. ""Георги Димитров"" и ул. ""Александър Стамболийски"" по десния бряг на река Златаришка",Златарица,Велико Търново,5404,ПРО-1789/10.07.2024 ПРО-1789(1)/12.08.2024,РД-02-30-1315/22.08.2024,919353.93,652004.35,267349.58,
OP-24.001-2687,"Реконструкция, възстановяване и рехабилитация на улици в гр. Златарица и селата Родина, Горско ново село, Сливовица, Чешма, Долно Шивачево, Калайджии, Резач, Средно село, Равново, Дедина, Дединци и Разсоха",Златарица,Велико Търново,5404,ПРО-3105/23.12.2025,РД-02-30-474/30.12.2025,4839837.82,0,4839837.82,
OP-24.001-2688,"Рехабилитация на път VTR 1161/III-4004, Горско ново село – Златарица/ – Росно – Калайджии – Средно село – Дълги припек, участък Горна Хаджийска – Средно село",Златарица,Велико Търново,5404,ПРО-3106/23.12.2025,РД-02-30-479/30.12.2025,373856.62,0,373856.62,
OP-24.001-0316,"Реконструкция и подмяна на участъци от водопроводна мрежа на с. Джулюница, общ. Лясковец",Лясковец,Велико Търново,5405,ПРО-1263/03.04.2024,РД-02-30-769/26.04.2024,2820286.02,2325280.86,0,
OP-24.001-0317,"Реконструкция и рехабилитация на участък от общински път VTR 1182 в обхвата на поземлени имоти 44793.108.149, 44793.47.148, 44793.48.147 по КККР на гр. Лясковец",Лясковец,Велико Търново,5405,ПРО-1262/03.04.2024,РД-02-30-749/25.04.2024,1264884.98,0,1264884.98,
OP-24.001-0318,"Укрепително-ремонтни работи на НЧ ""Развитие – 1894"", с. Драгижево",Лясковец,Велико Търново,5405,ПРО-1261/03.04.2024,РД-02-30-752/25.04.2024,467014.00,0,467014.00,
OP-24.001-0319,"Подмяна на отоплителната инсталация в сградата на СУ ""М. Райкович"", гр. Лясковец",Лясковец,Велико Търново,5405,ПРО-1260/03.04.2024,РД-02-30-747/25.04.2024,258202.40,0,250533.02,
OP-24.001-0320,"Изграждане на открита спортна площадка в с. Драгижево, общ. Лясковец",Лясковец,Велико Търново,5405,ПРО-1904/14.08.2024,РД-02-30-1434/24.09.2024,106399.84,0,103894.51,
OP-24.001-0321,"Аварийно-възстановителни, строителни и монтажни работи на водосток над дере в с. Добри дял на ул. ""Победа"" между ОТ 407-409-410",Лясковец,Велико Търново,5405,ПРО-1259/03.04.2024,РД-02-30-751/25.04.2024,103178.70,0,94844.64,
OP-24.001-0322,"Ремонт на спортни площадки в СУ ""Максим Райкович"", гр. Лясковец – трети етап – огради и трибуни",Лясковец,Велико Търново,5405,ПРО-1258/03.04.2024,РД-02-30-741/25.04.2024,64473.91,0,63093.42,
OP-24.001-2733,"Реконструкция и рехабилитация на улици, тротоари и съоръжения към тях в квартали на град Лясковец – Подобект № 13: улица ""Тодор Хрулев"" – участък с осови точки 11-127-125-131-169-167-166-165 с дължина 749,50 м",Лясковец,Велико Търново,5405,ПРО-2697/21.05.2025,РД-02-30-296/01.09.2025,467474.17,0,467474.17,
OP-24.001-2734,"Реконструкция и рехабилитация на улици, тротоари и съоръжения към тях в квартали на град Лясковец – Подобект № 20: улица с осови точки 192-193-194 – ПИ 391 с дължина 159,96 м",Лясковец,Велико Търново,5405,ПРО-2699/21.05.2025; ПРО-2699(2)/20.08.2025,РД-02-30-295/01.09.2025,66467.94,0,66467.94,
OP-24.001-0323,Път ІV 34325 VTR 1202 /ІІІ 405 Павликени – Дъскот – Паскалевец – граница община Павликени – Велико Търново VTR 1012 / от км 13+738 до 19+510 – Етап 2 – реконструкция и рехабилитация,Павликени,Велико Търново,5406,ПРО-1727/20.06.2024,РД-02-30-1196/22.07.2024,1727808.65,247641.56,1480167.09,
OP-24.001-0326,"Основен ремонт, рехабилитация и благоустрояване на ул. ""Ловец"" от ОК 114 до ОК 249, гр. Павликени – Втори етап: ул. ""Ловец"" от ОК 114 до ОК 249, гр. Павликени",Павликени,Велико Търново,5406,ПРО-1045/06.03.2024,РД-02-30-483/28.03.2024,686153.70,682779.18,3374.53,
OP-24.001-0327,"Ремонт и реконструкция на лекоатлетическа писта на стадион ""Ганчо Панов"" в гр. Павликени, община Павликени",Павликени,Велико Търново,5406,ПРО-1044/06.03.2024,РД-02-30-492/28.03.2024,643460.83,133111.54,510349.29,
OP-24.001-1757,"Реконструкция на вътрешната водопроводна мрежа на гр. Павликени – ІІ етап, подетапи ІІ.7.1, ІІ.7.2, ІІ.7.3 и ІІ.7.4",Павликени,Велико Търново,5406,ПРО-1458/10.05.2024,РД-02-30-885/04.06.2024,997632.72,892681.08,104951.64,
OP-24.001-1758,"Реконструкция и модернизация на водоснабдителната система с. Недан – І етап (тласкател и гл. кл. 1, гл. кл. 2, кл. 1, кл. 2 и кл. 2а)",Павликени,Велико Търново,5406,ПРО-1594/29.05.2024,РД-02-30-1066/25.06.2024,2547256.15,1256968.53,1290287.62,
OP-24.001-1759,"Изготвяне на технически проект за ""Реконструкция на вътрешна водопроводна мрежа в с. Бутово"" и последващо осъществяване на авторски надзор (само за проектирането)",Павликени,Велико Търново,5406,ПРО-1476/10.05.2024,РД-02-30-882/04.06.2024,35790.43,17895.22,17895.21,
OP-24.001-1760,"Изготвяне на технически проект за ""Реконструкция на вътрешна водопроводна мрежа в с. Горна Липница"" и последващо осъществяване на авторски надзор (само за проектирането)",Павликени,Велико Търново,5406,ПРО-1474/10.05.2024,РД-02-30-888/04.06.2024,31597.84,15798.92,15798.92,
OP-24.001-1761,"Изготвяне на технически проект за ""Реконструкция на вътрешна водопроводна мрежа в с. Долна Липница"" и последващо осъществяване на авторски надзор (само за проектирането)",Павликени,Велико Търново,5406,ПРО-1467/10.05.2024,РД-02-30-891/04.06.2024,45300.46,22650.23,22650.23,
OP-24.001-1762,"Изготвяне на технически проект за ""Реконструкция на вътрешна водопроводна мрежа в с. Дъскот"" и последващо осъществяване на авторски надзор (само за проектирането)",Павликени,Велико Търново,5406,ПРО-1471/10.05.2024,РД-02-30-879/04.06.2024,25654.59,12782.30,12872.29,
OP-24.001-1763,"Изготвяне на технически проект за ""Реконструкция на вътрешна водопроводна мрежа в с. Лесичери"" и последващо осъществяване на авторски надзор (само за проектирането)",Павликени,Велико Търново,5406,ПРО-1466/10.05.2024,РД-02-30-877/04.06.2024,39829.64,39599.56,0,
OP-24.001-1764,"Изготвяне на технически проект за ""Реконструкция на вътрешна водопроводна мрежа в с. Патреш"" и последващо осъществяване на авторски надзор (само за проектирането)",Павликени,Велико Търново,5406,ПРО-1475/10.05.2024,РД-02-30-894/04.06.2024,36813.02,34256.56,0,
OP-24.001-2374,"Реконструкция и рехабилитация на улично платно и тротоари по ул. ""Трети март"" от ОК 349 до 329 и тротоари на ул. ""Св. св. Кирил и Методий"" от ОК 623 до ОК 317, гр. Павликени, подобект: ул. ""Трети март"" от ОК 349 до ОК 329",Павликени,Велико Търново,5406,ПРО-2091/05.09.2024,РД-02-30-60/16.06.2025,347167.18,0,347167.18,
OP-25.001-0333,"Път ІV 34325 VTR 1202 /ІІІ 405 Павликени – Дъскот – Паскалевец – граница община Павликени – Велико Търново VTR 1012 / от км 13+738 до км 19+510 – ЕТАП 2 – реконструкция и рехабилитация – Подетап 2.2 от км 15+720 до км 19+510,69",Павликени,Велико Търново,5406,ПРО-2938/10.09.2025,,0,0,2325355.48,
OP-25.001-0334,"Реконструкция на част от вътрешна водопроводна мрежа на гр. Бяла черква, общ. Павликени, І етап",Павликени,Велико Търново,5406,ПРО-2942/15.09.2025,,0,0,1062157.75,
OP-25.001-0335,"Реконструкция и рехабилитация на бул. ""Дондуков"" в гр. Павликени",Павликени,Велико Търново,5406,,,0,0,,
OP-25.001-0336,"Реконструкция на част от вътрешна водопроводна мрежа на гр. Бяла черква, общ. Павликени – ІІ етап",Павликени,Велико Търново,5406,ПРО-2953/25.09.2025,,0,0,605829.75,
OP-24.001-0328,"Рехабилитация на ул. ""Янтра"" в гр. Полски Тръмбеш",Полски Тръмбеш,Велико Търново,5407,ПРО-224/12.01.2024,РД-02-30-134/28.02.2024,1203887.86,933585.37,270302.49,
OP-24.001-0329,"Реконструкция на водопровод и изграждане на дъждовна канализация по улица ""Кирил и Методий"" и улица ""Добруджа"" в град Полски Тръмбеш",Полски Тръмбеш,Велико Търново,5407,ПРО-225/12.01.2024,РД-02-30-931/04.06.2024,753695.36,127762.68,625932.68,
OP-24.001-0330,"Рехабилитация на улична настилка и водопровод на ул. ""Д-р Петър Берон"" в гр. Полски Тръмбеш – СМР, авторски и строителен надзор",Полски Тръмбеш,Велико Търново,5407,ПРО-222/12.01.2024,РД-02-30-137/28.02.2024,619532.37,590255.71,0,
OP-24.001-0331,Възстановяване проводимостта на отводнителен канал с. Климентово,Полски Тръмбеш,Велико Търново,5407,ПРО-230/12.01.2024,РД-02-30-936/04.06.2024,587985.66,500239.51,87746.15,
OP-24.001-0332,"Рехабилитация на ул. ""Яворова"" в гр. Полски Тръмбеш – ОТ 165 до ОТ 180",Полски Тръмбеш,Велико Търново,5407,ПРО-220/12.01.2024,РД-02-30-150/28.02.2024,523256.11,504370.59,0,
OP-24.001-0333,"Рехабилитация на ул. ""20-и април"" в гр. Полски Тръмбеш",Полски Тръмбеш,Велико Търново,5407,ПРО-229/12.01.2024,РД-02-30-1078/25.06.2024,457452.85,396062.58,0,
OP-24.001-0334,"Рехабилитация на ул. ""Изворова"" в гр. Полски Тръмбеш",Полски Тръмбеш,Велико Търново,5407,ПРО-238/12.01.2024,РД-02-30-1079/25.06.2024,354018.50,303433.58,50584.92,
OP-24.001-0335,"Рехабилитация на ул. ""Стрема"" в гр. Полски Тръмбеш",Полски Тръмбеш,Велико Търново,5407,ПРО-228/12.01.2024,РД-02-30-147/28.02.2024,286527.97,202689.37,83838.60,
OP-24.001-0336,"Реконструкция на водопровод и изграждане на дъждовна канализация по улица ""Ропотамо"" в гр. Полски Тръмбеш",Полски Тръмбеш,Велико Търново,5407,ПРО-226/12.01.2024,РД-02-30-926/04.06.2024,218117.12,157832.34,0,
OP-24.001-0337,"Работен проект за реконструкция на водопровод, изграждане на дъждовна канализация и основен ремонт на улични и тротоарни настилки по ул. ""Дунав"", ул. ""Пирин"", ул. ""Огоста"" и ул. ""Люлин"" в град Полски Тръмбеш",Полски Тръмбеш,Велико Търново,5407,ПРО-232/12.01.2024,РД-02-30-151/28.02.2024,22496.84,22496.84,0,
OP-24.001-0338,"Проектиране – внедряване на мерки за енергийна ефективност в сграда – общинска собственост, разположена в ПИ 57354.300.1038 по КК и КР на гр. Полски Тръмбеш /болница и поликлиника в гр. П. Тръмбеш/",Полски Тръмбеш,Велико Търново,5407,ПРО-233/12.01.2024,РД-02-30-149/28.02.2024,20042.64,20042.64,0,
OP-24.001-0339,"Проектиране – внедряване на мерки за енергийна ефективност в сграда – общинска собственост, разположена в ПИ 57354.300.1141 по КК и КР на гр. Полски Тръмбеш /общински хотел/",Полски Тръмбеш,Велико Търново,5407,ПРО-235/12.01.2024,РД-02-30-152/28.02.2024,10634.87,10634.87,0,
OP-24.001-2735,"Реконструкция, преустройство и модернизация на съществуваща сграда в УПИ Х-2474 в стр. кв. 76 по плана на гр. Полски Тръмбеш – Етап II: Вътрешно преустройство и модернизация на залата за петанк и внедряване на мерки за достъпна среда",Полски Тръмбеш,Велико Търново,5407,ПРО-2395/25.10.2024,РД-02-30-21/16.06.2025,340724.91,0,340724.91,
OP-25.001-0337,"Реконструкция на водопровод по улица ""о.т.34-о.т.35- о.т.36-о.т.37-о.т.40-о.т.41"" и улица ""о.т.36-о.т.92"" в с. Иванча, община Полски Тръмбеш",Полски Тръмбеш,Велико Търново,5407,ПРО-3071/02.12.2025,,0,0,92441.57,
OP-25.001-0338,"Реконструкция на водопровод по ул. ""Първа"" в с. Петко Каравелово, община Полски Тръмбеш",Полски Тръмбеш,Велико Търново,5407,ПРО-3076/03.12.2025,,0,0,51998.38,
OP-25.001-0339,"РЕКОНСТРУКЦИЯ НА ВОДОПРОВОД И ИЗГРАЖДАНЕ НА ДЪЖДОВНА КАНАЛИЗАЦИЯ И ОСНОВЕН РЕМОНТ НА УЛИЧНИ И ТРОТОАРНИ НАСТИЛКИ ПО УЛ. ""ДУНАВ"", УЛ. ""ПИРИН"", УЛ. ""ОГОСТА"" И УЛ. ""ЛЮЛИН"" В ГР. ПОЛСКИ ТРЪМБЕШ",Полски Тръмбеш,Велико Търново,5407,,,0,0,,4272661.73
OP-24.001-0340,"КРР, експониране и социализиране на НКЦ – Средновековна крепост ""Калето"" (до пристанището) с кат. ""национално значение"". Благоустрояване на градска жизнена среда в местата за обществено ползване – парк ""Калето"", гр. Свищов",Свищов,Велико Търново,5408,ПРО-31/10.01.2024,РД-02-30-465/28.03.2024,3011509.18,2181011.10,830498.08,
OP-24.001-0341,"Основен ремонт на улици на територията на община Свищов – с. Българско Сливово, с. Вардим, с. Драгомирово, с. Козловец, с. Морава, с. Овча могила, с. Ореш, с. Хаджидимитрово и с. Царевец",Свищов,Велико Търново,5408,ПРО-35/10.01.2024,РД-02-30-167/14.03.2024,2556459.41,1137154.04,1419305.37,
OP-24.001-0342,"Реконструкция и рехабилитация на улици, пътни съоръжения и принадлежности към тях на територията на община Свищов",Свищов,Велико Търново,5408,ПРО-106/10.01.2024,РД-02-30-930/04.06.2024,1022583.76,0,1022583.76,
OP-24.001-0343,"Основен ремонт на път VTR 1261 /III-407, Павел – Совата/ – Хаджидимитрово – /III-407/ от км 0+000 до км 1+915 – II етап",Свищов,Велико Търново,5408,ПРО-107/10.01.2024,РД-02-30-168/14.03.2024,761824.90,657800.53,0,
OP-24.001-0344,"Реконструкция на довеждащ водопровод от ""Гиглик 1"" до черпателен резервоар с. Хаджидимитрово, община Свищов",Свищов,Велико Търново,5408,ПРО-36/10.01.2024,РД-02-30-12/20.02.2024,741373.23,463261.98,0,
OP-24.001-0345,"Основен ремонт на път VTR 1261 /III-407, Павел – Совата/ – Хаджидимитрово – /III-407/ от км 0+000 до км 1+915 – I етап",Свищов,Велико Търново,5408,ПРО-108/10.01.2024,РД-02-30-170/14.03.2024,484193.41,474720.92,0,
OP-24.001-0346,"Укрепване на улица ""Главна"", с. Ореш, община Свищов",Свищов,Велико Търново,5408,ПРО-39/10.01.2024,РД-02-30-169/14.03.2024,180997.33,180997.33,0,
OP-24.001-0347,"Аварийно-възстановителни работи за реконструкция на хранителен водопровод с. Александрово, община Свищов",Свищов,Велико Търново,5408,ПРО-41/10.01.2024,РД-02-30-466/28.03.2024,96838.68,77697.90,0,
OP-24.001-0349,"Аварийно-възстановителни работи за реконструкция на напорен водопровод с. Алеково, община Свищов",Свищов,Велико Търново,5408,ПРО-48/10.01.2024,РД-02-30-33/20.02.2024,75671.20,45828.70,0,
OP-24.001-1765,"Основен ремонт на компрометирани настилки и водна площ на площад ""Алеко"", гр. Свищов, община Свищов",Свищов,Велико Търново,5408,ПРО-1934/19.08.2024,РД-02-30-1318/02.09.2024,1053261.28,934827.04,118434.24,
OP-24.001-1766,"Консервационно-реставрационни работи (КРР), експониране и социализиране на недвижима културна ценност (НКЦ) – Средновековна крепост ""Калето"" (до пристанището) с категория ""национално значение"". Благоустрояване на градска жизнена среда в местата за обществено ползване – парк ""Калето"", гр. Свищов – I етап – подобект 1 – КРР, експониране и социализиране на НКЦ – Средновековна крепост ""Калето"" с категория ""национално значение""",Свищов,Велико Търново,5408,ПРО-1835/08.08.2024,РД-02-30-1331/02.09.2024,1179039.08,960150.90,218888.18,
OP-24.001-1767,"Рехабилитация на ул. ""Иларион Макриополски"", гр. Свищов, от ОК 177 до ОК 193",Свищов,Велико Търново,5408,ПРО-1832/07.08.2024,РД-02-30-1444/24.09.2024,157989.19,0,157989.19,
OP-24.001-1768,"Аварийно-възстановителни работи за реконструкция на улична канализационна мрежа на територията на гр. Свищов: Подобект 1: Реконструкция на улична канализационна мрежа по ул. ""Стефан Караджа"" и ул. ""Иларион Макариополски"", град Свищов. Подобект 2: Реконструкция на улична канализационна мрежа по ул. ""Емануил Чакъров"", гр. Свищов. Подобект 3: Реконструкция на улична канализационна мрежа по ул. ""Д-р Димитър Павлович"", гр. Свищов. Подобект 4: Реконструкция на улична канализационна мрежа по ул. ""Иларион Макариополски"", гр. Свищов.",Свищов,Велико Търново,5408,ПРО-2095/05.09.2024,РД-02-30-1531/09.10.2024,344610.73,0,344610.73,
OP-24.001-1770,"Ремонт на покрив на МБАЛ ""Д-р Димитър Павлович"" – сграда с идентификатор № 65766.702.334.3 по КК и КР на гр. Свищов",Свищов,Велико Търново,5408,ПРО-1836/08.08.2024,РД-02-30-1327/02.09.2024,208095.80,207708.97,0,
OP-24.001-2376,"""Зеленият Дунав"" – основен ремонт, парко-устройство и благоустройство на квартал ""Дунав"", гр. Свищов",Свищов,Велико Търново,5408,ПРО-2183/26.09.2024,РД-02-30-1737/25.11.2024,1982738.79,898883.67,1083855.12,
OP-24.001-2736,"Основен ремонт, паркоустройство и благо-устройство на квартали 28, 30, 57, 59, 60 по ПУП на гр. Свищов с поетапност в строителство: I ЕТАП – Основен ремонт, паркоустройство и благоустройство на квартали 59 и 60 по ПУП на гр. Свищов",Свищов,Велико Търново,5408,ПРО-2770/14.07.2025,,0,0,916235.05,
OP-25.001-0018,"Основен ремонт, паркоустройство и благо-устройство на квартали 28, 30, 57, 59, 60 по ПУП на гр. Свищов с поетапност в строителство: II ЕТАП – Основен ремонт, паркоустройство и благоустройство на квартали 28, 30 и 57 по ПУП на гр. Свищов",Свищов,Велико Търново,5408,ПРО-2771/14.07.2025,,0,0,837598.36,
OP-25.001-0340,"Ремонт, обновяване, оборудване и прилагане на мерки за енергийна ефективност в сградата на НЧ ""Възраждане"", с. Българско Сливово, общ. Свищов",Свищов,Велико Търново,5408,ПРО-2786/01.08.2025,,0,0,1048148.36,
OP-25.001-0341,Основен ремонт на улици на територията на гр. Свищов,Свищов,Велико Търново,5408,,,0,0,,1022583.76
OP-25.001-0342,"Основен ремонт на улици в с. Г. Студена, с. Алеково, с. Совата, с. Александрово, с. Червена, с. Деляновци, общ. Свищов",Свищов,Велико Търново,5408,,,0,0,,1022583.76
OP-25.001-0343,"Възстановяване на воденица при р. Текир дере, имот 65766.508.21 по КККР гр. Свищов, местност Паметниците, община Свищов, област Велико Търново",Свищов,Велико Търново,5408,,,0,0,,354325.27
OP-25.001-0344,"Изработване на технически инвестиционен проект за реконструкция на водопроводи в с. Г. Сту-дена, с. Алеково, с. Овча могила, с. Козловец, с. Совата, с. Хаджидимитрово, общ. Свищов",Свищов,Велико Търново,5408,,,0,0,,51129.19
OP-25.001-0345,"Основен ремонт и благоустройство на УПИ IX-4482, кв. 66 на гр. Свищов за възстановяване, рекреация и отдих в района на МБАЛ ""Д-р Д. Павлович""",Свищов,Велико Търново,5408,,,0,0,,613550.26
OP-25.001-0346,"Основен ремонт, реконструкция на трибуни, благоустрояване на стадион ""Академик"" – Втори етап",Свищов,Велико Търново,5408,,,0,0,,2300813.47
OP-25.001-0347,"Основен ремонт, паркоустройство и благо-устройство на м. Паметниците",Свищов,Велико Търново,5408,,,0,0,,1533875.64
OP-25.001-0348,"Ремонт, реконструкция и подобряване на енергийната ефективност на Народно читалище ""Просвета – 1912 г."", с. Драгомирово",Свищов,Велико Търново,5408,ПРО-2801/04.08.2025,,0,0,511291.88,
OP-25.001-0349,"Въвеждане на мерки за ЕЕ на общественообслужваща сграда – НЧ ""Светлина – 1911"", находяща се в УПИ IX, кв. 1 по плана на с. Морава, общ. Свищов",Свищов,Велико Търново,5408,ПРО-2802/04.08.2025,,0,0,664679.45,
OP-25.001-0350,Реконструкция на път PVN1112 (ос III-303 Градище – Овча могила – Драгомирово – ос III-302) в участъка от км 12+316 до км 22+744,Свищов,Велико Търново,5408,ПРО-3150/18.05.2026,,0,0,0,7505764.82
OP-25.001-0351,"Повишаване на енергийната ефективност на социалната инфраструктура за предоставяне на социални услуги за Център за настаняване от семеен тип за пълнолетни лица с деменция 1 и 2, село Овча могила, община Свищов",Свищов,Велико Търново,5408,ПРО-2793/01.08.2025,,0,0,658543.94,
OP-24.001-0350,"Изграждане на част от канализационна мрежа на село Кесарево, община Стражица, втори етап – подетап 1 и подетап 2",Стражица,Велико Търново,5409,ПРО-90/10.01.2024 ПРО-2204/02.10.2024,РД-02-30-353/25.03.2024 Анекс РД-02-30-353(1)/25.11.2024,3650470.64,3270022.95,380447.69,
OP-24.001-0351,"Рехабилитация и реконструкция на ул. ""Уилям Гладстон"", гр. Стражица, общ. Стражица",Стражица,Велико Търново,5409,ПРО-85/10.01.2024,РД-02-30-337/25.03.2024 Анекс РД-02-30-337(1)/25.11.2024,1238195.55,265403.19,972792.36,
OP-24.001-0352,"Рехабилитация и реконструкция на ул. ""Александър Стамболийски"" и ул. ""Първи май"", с. Сушица",Стражица,Велико Търново,5409,ПРО-86/10.01.2024 ПРО-86(4)/02.10.24г. Коригирано заявление анекс,РД-02-30-336/25.03.2024 Анекс РД-02-30-336(1)/25.11.2024,826298.81,736305.88,0,
OP-24.001-1777,Реконструкция на част от водопроводната мрежа на с. Сушица – етап втори,Стражица,Велико Търново,5409,ПРО-1366/08.05.2024,РД-02-30-889/04.06.2024,532970.66,481205.78,51774.73,
OP-24.001-1778,"Реконструкция на водопроводи в с. Сушица; Реконструкция на водопровод по ул. ""Първи май"" в участъка от ул. ""Хр. Смирненски"" до ул. ""Ал. Стамболийски"", с. Сушица – етап 1; Реконструкция на водопровод по ул. ""Ал. Стамболийски"" в участъка от ул. ""Първи май"" до ул. ""Христо Ботев"", с. Сушица – етап 2",Стражица,Велико Търново,5409,ПРО-1365/08.05.2024,РД-02-30-896/04.06.2024,136361.54,116149.21,20212.33,
OP-24.001-1779,"Изготвяне на работен проект за обект ""Реконструкция на участъци от водопроводната мрежа на гр. Стражица""",Стражица,Велико Търново,5409,ПРО-1368/08.05.2024,РД-02-30-886/20.05.2024,2658.72,2658.72,0,
OP-24.001-1780,"Изготвяне на работен проект за обект ""Реконструкция на участъци от водопроводните мрежи в с. Асеново, с. Благоево, с. Горски Сеновец, с. Лозен и с. Царски извор""",Стражица,Велико Търново,5409,ПРО-1367/08.05.2024,РД-02-30-880/04.06.2024,16770.37,0,16770.37,
OP-24.001-1781,"Изготвяне на работен проект за ""Реконструкция на улични настилки в селищата на община Стражица и ул. ""Сава Цонев"", гр. Стражица""",Стражица,Велико Търново,5409,ПРО-1372/08.05.2024,РД-02-30-893/04.06.2024,27967.67,0,29348.15,
OP-24.001-1782,"Изготвяне на работен проект за обект ""Реконструкция на съоръжения и изграждане на инсталации в градски стадион в УПИ I, кв. 164А, гр. Стражица""",Стражица,Велико Търново,5409,ПРО-1371/08.05.2024,РД-02-30-903/04.06.2024,24542.01,0,24542.01,
OP-24.001-1783,"Изготвяне на работен проект за обект ""Благоустрояване на дворно пространство на ДГ ""Ангел Каралийчев"" в УПИ I, кв. 89, гр. Стражица""",Стражица,Велико Търново,5409,ПРО-1369/08.05.2024,РД-02-30-883/04.06.2024,30677.51,0,30677.51,
OP-24.001-1784,"Изготвяне на работен проект за обект ""Изграждане на покрит общински пазар и благоустрояване на прилежащото пространство в УПИ I, кв. 163, гр. Стражица""",Стражица,Велико Търново,5409,ПРО-1370/08.05.2024,РД-02-30-900/04.06.2024,30677.51,30677.51,0,
OP-24.001-2737,"Реконструкция на настилки и техническа инфраструктура по ул. ""Иван Вазов"", гр. Стражица",Стражица,Велико Търново,5409,ПРО-2331/16.10.2024,РД-02-30-1765/25.11.2024,576583.85,15415.96,561167.89,
OP-24.001-2738,"Реконструкция на настилки и техническа инфраструктура по ул. ""Бузлуджа"", гр. Стражица",Стражица,Велико Търново,5409,ПРО-2330/16.10.2024,РД-02-30-1760/25.11.2024,501219.43,439806.35,61413.08,
OP-24.001-2739,"Реконструкция на настилки и техническа инфраструктура по ул. ""Любен Каравелов"" в участъка от ул. ""Ангел Каралийчев"" до ул. ""Иван Вазов"", гр. Стражица",Стражица,Велико Търново,5409,ПРО-2332/16.10.2024,РД-02-30-1759/25.11.2024,364857.89,0,364857.89,
OP-24.001-2740,"Реконструкция на улично осветление по ул. ""Уилям Гладстон"", гр. Стражица",Стражица,Велико Търново,5409,ПРО-2196/02.10.2024,РД-02-30-1762/25.11.2024,192399.13,4429.44,187969.69,
OP-24.001-2741,"Изготвяне на инвестиционен проект за обект ""Реконструкция на път VTR 1285 / ІІІ – 4005, жп гара Кесарево – Стражица / – Благоево – Балканци – Кесарево / ІІІ – 4082 /""",Стражица,Велико Търново,5409,ПРО-2200/02.10.2024,РД-02-30-1761/25.11.2024,29143.64,0,58287.27,
OP-24.001-2742,Реконструкция на част от водопроводната мрежа на село Теменуга,Стражица,Велико Търново,5409,ПРО-2195/02.10.2024,РД-02-30-1769/25.11.2024,126391.35,3357.06,123034.29,
OP-24.001-2743,"Изготвяне на инвестиционен проект ""Благоустрояване на тротоари и пешеходни пространства по ул. ""Дончо Узунов"" и ул. ""Михаил Друмев"" в гр. Стражица""",Стражица,Велико Търново,5409,ПРО-2199/02.10.2024,РД-02-30-1763/25.11.2024,19940.38,0,39880.77,
OP-24.001-2744,"Изготвяне на инвестиционен проект за обект ""Изграждане на канализационна мрежа на с. Камен – част втора""",Стражица,Велико Търново,5409,ПРО-2201/02.10.2024,РД-02-30-1766/25.11.2024,16361.34,0,32722.68,
OP-24.001-2745,"Изготвяне на инвестиционен проект за обект ""Реконструкция на път VTR 2280 /І-4, Кесарево – Антоново/ – Железарци – Граница общ. (Стражица – Антоново) – Черни бряг – /І-4/в участъка от път I-4 до граница общ. (Стражица – Антоново)""",Стражица,Велико Търново,5409,ПРО-2197/02.10.2024,РД-02-30-1767/25.11.2024,10737.13,0,21474.26,
OP-24.001-2746,"Изготвяне на инвестиционен проект ""Реконструкция на улични настилки в с. Камен и с. Кесарево""",Стражица,Велико Търново,5409,ПРО-2198/02.10.2024,РД-02-30-1768/25.11.2024,13293.59,0,13293.59,
OP-24.001-2747,"Изготвяне на инвестиционен проект за обект ""Реконструкция на участъци от водопроводната мрежа на гр. Стражица – Етап 2""",Стражица,Велико Търново,5409,ПРО-2202/02.10.2024,РД-02-30-1764/25.11.2024,8436.32,8436.32,0,
OP-24.001-2748,"Изготвяне на инвестиционен проект ""Реконструкция на улични настилки и водопроводна мрежа по улици в с. Бряговица""",Стражица,Велико Търново,5409,ПРО-2203/02.10.2024,РД-02-30-1753/25.11.2024,7976.15,0,7976.15,
OP-25.001-0352,"Реконструкция на настилни и техническа инфраструктура по ул. ""Ангел Каралийчев"", гр. Стражица",Стражица,Велико Търново,5409,ПРО-2790/01.08.2025,,0,0,803495.19,
OP-25.001-0353,Реконструкция на участъци от водопроводната мрежа на гр. Стражица,Стражица,Велико Търново,5409,ПРО-2791/01.08.2025,,0,0,241022.99,
OP-25.001-0354,"Реконструкция на участъци от водопроводните мрежи в с. Асеново, с. Благоево, с. Горски Сеновец, с. Лозен и с. Царски извор",Стражица,Велико Търново,5409,ПРО-2792/01.08.2025,,0,0,1411881.40,
OP-25.001-0355,"Реконструкция на улични настилки в селищата на община Стражица и ул. ""Сава Цонев"", гр. Стражица",Стражица,Велико Търново,5409,ПРО-2789/01.08.2025,,0,0,4847404.94,
OP-24.001-0353,"Реконструкция на улици в гр. Сухиндол – възстановяване на асфалтова настилка, полагане на нови бордюри, възстановяване на съществуващи и изграждане на нови тротоари",Сухиндол,Велико Търново,5410,ПРО-2653/28.03.2025,РД-02-30-182/14.07.2025,613550.26,243309.73,2824441.56,
OP-24.001-0354,Изграждане на нов гробищен парк на град Белоградчик с траурен дом,Белоградчик,Видин,5501,ПРО-2550/27.11.2024,РД-02-30-1806/12.12.2024,2655547.77,526640.81,2128906.96,
OP-24.001-0355,Реконструкция на част от водоснабдителната система на с. Рабиша,Белоградчик,Видин,5501,ПРО-1798/18.07.2024,РД-02-30-1812/12.12.2024,1395724.58,294862.51,1100862.07,
OP-24.001-0356,"Реконструкция на участък от общински път VID 1004, община Белоградчик",Белоградчик,Видин,5501,ПРО-702/01.02.2024,РД-02-30-315/22.03.2024,1077291.99,1060923.71,0,
OP-24.001-0357,Реконструкция на улици в гр. Белоградчик,Белоградчик,Видин,5501,ПРО-734/02.02.2024,РД-02-30-318/22.03.2024,557696.73,543972.93,0,
OP-24.001-0358,Изготвяне на инвестиционен проект за реконструкция и рехабилитация на улична мрежа в с. Рабиша,Белоградчик,Видин,5501,ПРО-796/08.02.2024,РД-02-30-76/22.02.2024,122710.05,60710.80,61999.25,
OP-24.001-0359,Изготвяне на инвестиционен проект за реконструкция и рехабилитация на улична мрежа в с. Раяновци,Белоградчик,Видин,5501,ПРО-800/08.02.2024,РД-02-30-68/22.02.2024,101849.34,50617.90,51231.44,
OP-24.001-0360,Изготвяне на инвестиционен проект за реконструкция и рехабилитация на улична мрежа в с. Боровица,Белоградчик,Видин,5501,ПРО-799/08.02.2024,РД-02-30-86/22.02.2024,93259.64,45985.59,47274.05,
OP-24.001-0361,Изготвяне на инвестиционен проект за реконструкция и рехабилитация на улици в гр. Белоградчик,Белоградчик,Видин,5501,ПРО-788/08.02.2024,РД-02-30-97/22.02.2024,92032.54,45372.04,46660.50,
OP-24.001-0362,Изготвяне на инвестиционен проект за реконструкция на вътрешната водопроводна мрежа на с. Раяновци,Белоградчик,Видин,5501,ПРО-784/08.02.2024,РД-02-30-100/22.02.2024,80988.63,0,67490.53,
OP-24.001-0363,Изготвяне на инвестиционен проект за реконструкция и рехабилитация на улична мрежа в с. Салаш,Белоградчик,Видин,5501,ПРО-797/08.02.2024,РД-02-30-94/22.02.2024,79761.53,39543.31,40218.22,
OP-24.001-0364,Изготвяне на инвестиционен проект за реконструкция на част от вътрешната водопроводна мрежа на гр. Белоградчик,Белоградчик,Видин,5501,ПРО-786/08.02.2024,РД-02-30-96/22.02.2024,77920.88,0,64934.07,
OP-24.001-0365,Изготвяне на инвестиционен проект за реконструкция и рехабилитация на улична мрежа в с. Гранитово,Белоградчик,Видин,5501,ПРО-803/08.02.2024,РД-02-30-83/22.02.2024,72398.93,35862.01,36536.92,
OP-24.001-0366,"Изготвяне на инвестиционен проект за реконструкция и рехабилитация на улична мрежа, с. Струиндол",Белоградчик,Видин,5501,ПРО-807/08.02.2024,РД-02-30-66/22.02.2024,69944.73,11657.45,58287.28,
OP-24.001-0367,Изготвяне на инвестиционен проект за реконструкция и рехабилитация на улична мрежа в с. Чифлик,Белоградчик,Видин,5501,ПРО-801/08.02.2024,РД-02-30-87/22.02.2024,66263.43,32518.16,33745.27,
OP-24.001-0368,Изготвяне на инвестиционен проект за реконструкция на вътрешната водопроводна мрежа на с. Салаш,Белоградчик,Видин,5501,ПРО-787/08.02.2024,РД-02-30-104/22.02.2024,53992.42,0,44993.69,
OP-24.001-0369,"Изготвяне на инвестиционен проект за основен ремонт на покрив на МБАЛ ""Проф. д-р Георги Златарски"", гр. Белоградчик",Белоградчик,Видин,5501,ПРО-814/08.02.2024,РД-02-30-99/22.02.2024,51129.19,0,0,
OP-24.001-0370,"Изготвяне на инвестиционни проекти за реконструкция на покриви на кметства, община Белоградчик",Белоградчик,Видин,5501,ПРО-815/08.02.2024,РД-02-30-102/22.02.2024,51129.19,0,51129.19,
OP-24.001-0371,Изготвяне на инвестиционен проект за реконструкция на вътрешната водопроводна мрежа на с. Гранитово,Белоградчик,Видин,5501,ПРО-789/08.02.2024,РД-02-30-69/22.02.2024,49084.02,0,40903.35,
OP-24.001-0372,Изготвяне на инвестиционен проект за реконструкция и рехабилитация на улична мрежа в с. Граничак,Белоградчик,Видин,5501,ПРО-809/08.02.2024,РД-02-30-72/22.02.2024,49084.02,0,48470.47,
OP-24.001-0373,Изготвяне на инвестиционен проект за реконструкция и рехабилитация на улична мрежа в с. Дъбравка,Белоградчик,Видин,5501,ПРО-805/08.02.2024,РД-02-30-65/22.02.2024,45402.72,22394.58,23008.14,
OP-24.001-0374,Изготвяне на инвестиционен проект за реконструкция и рехабилитация на улична мрежа в с. Стакевци,Белоградчик,Видин,5501,ПРО-798/08.02.2024,РД-02-30-79/22.02.2024,42948.52,21014.10,21934.42,
OP-24.001-0375,Изготвяне на инвестиционен проект за реконструкция и рехабилитация на улична мрежа в с. Праужда,Белоградчик,Видин,5501,ПРО-806/08.02.2024,РД-02-30-71/22.02.2024,42948.52,0,42334.97,
OP-24.001-0376,Изготвяне на инвестиционен проект за реконструкция и рехабилитация на улична мрежа в с. Ошане,Белоградчик,Видин,5501,ПРО-802/08.02.2024,РД-02-30-89/22.02.2024,36813.02,0,35790.43,
OP-24.001-0377,Изготвяне на инвестиционен проект за реконструкция на вътрешната водопроводна мрежа на с. Граничак,Белоградчик,Видин,5501,ПРО-793/08.02.2024,РД-02-30-75/22.02.2024,33131.71,0,33131.71,
OP-24.001-0378,Изготвяне на инвестиционен проект за реконструкция и рехабилитация на улична мрежа в с. Върба,Белоградчик,Видин,5501,ПРО-808/08.02.2024,РД-02-30-78/22.02.2024,31904.61,15492.14,16412.47,
OP-24.001-0379,"Изготвяне на инвестиционен проект за реконструкция на покрив на СУ ""Христо Ботев"", гр. Белоградчик",Белоградчик,Видин,5501,ПРО-813/08.02.2024,РД-02-30-98/22.02.2024,30677.51,15031.98,15645.53,
OP-24.001-0380,Изготвяне на инвестиционен проект за реконструкция на вътрешната водопроводна мрежа на с. Праужда,Белоградчик,Видин,5501,ПРО-791/08.02.2024,РД-02-30-101/22.02.2024,28836.86,0,28836.86,
OP-24.001-0381,Изготвяне на инвестиционен проект за реконструкция на вътрешната водопроводна мрежа на с. Ошане,Белоградчик,Видин,5501,ПРО-785/08.02.2024,РД-02-30-67/22.02.2024,24542.01,0,20451.68,
OP-24.001-0382,Изготвяне на инвестиционен проект за реконструкция и рехабилитация на улична мрежа в с. Сливовник,Белоградчик,Видин,5501,ПРО-812/08.02.2024,РД-02-30-82/22.02.2024,23314.91,11657.45,11657.46,
OP-24.001-0383,Изготвяне на инвестиционен проект за реконструкция на вътрешната водопроводна мрежа на с. Върба,Белоградчик,Видин,5501,ПРО-792/08.02.2024,РД-02-30-95/22.02.2024,21474.26,0,17895.22,
OP-24.001-0384,Изготвяне на инвестиционен проект за реконструкция и рехабилитация на улична мрежа в с. Крачимир,Белоградчик,Видин,5501,ПРО-810/08.02.2024,РД-02-30-91/22.02.2024,20860.71,10430.35,10430.36,
OP-24.001-0385,Изготвяне на инвестиционен проект за реконструкция и рехабилитация на улична мрежа в с. Пролазница,Белоградчик,Видин,5501,ПРО-811/08.02.2024,РД-02-30-90/22.02.2024,17179.41,8589.70,8589.71,
OP-24.001-0386,Изготвяне на инвестиционен проект за реконструкция и рехабилитация на улична мрежа в с. Вещица,Белоградчик,Видин,5501,ПРО-804/08.02.2024,РД-02-30-92/22.02.2024,15952.31,0,7976.15,
OP-24.001-0388,Изготвяне на инвестиционен проект за реконструкция на вътрешната водопроводна мрежа на с. Крачимир,Белоградчик,Видин,5501,ПРО-794/08.02.2024,РД-02-30-103/22.02.2024,14111.66,0,11759.71,
OP-24.001-0389,Изготвяне на инвестиционен проект за реконструкция на вътрешната водопроводна мрежа на с. Пролазница,Белоградчик,Видин,5501,ПРО-795/08.02.2024,РД-02-30-74/22.02.2024,11657.45,0,9714.55,
OP-24.001-0390,Изготвяне на инвестиционен проект за реконструкция на вътрешната водопроводна мрежа на с. Вещица,Белоградчик,Видин,5501,ПРО-790/08.02.2024,РД-02-30-93/22.02.2024,10430.35,0,8691.96,
OP-24.001-2377,"Проектиране и изграждане на обект ""Внедряване на мерки за енергийна ефективност, изграждане на отоплителна инсталация и промяна на предназначението от ""Сграда за търговия"" на ""Общински информационен център"" в сграда с идентификатор 03616.501.741.1, находяща се в УПИ III-741, кв. 71 по плана на гр. Белоградчик, община Белоградчик, област Видин, ПИ с идентификатор 03616.501.741, административен адрес – ул. ""Славянска"" № 2""",Белоградчик,Видин,5501,ПРО-2707/02.06.2025,,0,0,435313.91,
OP-24.001-2378,Изготвяне на инвестиционен проект за реконструкция на вътрешната водопроводна мрежа на с. Струиндол,Белоградчик,Видин,5501,,,0,0,,30677.51
OP-25.001-0356,Реконструкция и рехабилитация на улична мрежа в с. Крачимир,Белоградчик,Видин,5501,ПРО-3138/19.02.2026,,0,0,0,995331.91
OP-25.001-0357,Реконструкция и рехабилитация на улична мрежа в с. Пролазница,Белоградчик,Видин,5501,,,0,0,,619941.41
OP-25.001-0358,Реконструкция и рехабилитация на улична мрежа в с. Сливовник,Белоградчик,Видин,5501,,,0,0,,705276.02
OP-25.001-0359,Реконструкция и рехабилитация на улична мрежа в с. Стакевци,Белоградчик,Видин,5501,,,0,0,,2142517.50
OP-25.001-0360,Реконструкция и рехабилитация на улична мрежа в с. Струиндол,Белоградчик,Видин,5501,,,0,0,,941186.09
OP-25.001-0361,Реконструкция на вътрешната водопроводна мрежа в с. Крачимир,Белоградчик,Видин,5501,,,0,0,,387099.08
OP-25.001-0362,Реконструкция на вътрешната водопроводна мрежа в с. Пролазница,Белоградчик,Видин,5501,,,0,0,,310712.08
OP-24.001-0391,"Закрито стрелбище Бойница, УПИ VIII-общ., кв. 19, с. Бойница",Бойница,Видин,5502,ПРО-178/11.01.2024,РД-02-30-1811/12.12.2024,336430.06,336174.88,0,
OP-24.001-0392,"Реконструкция на водопровод на село Косово, община Брегово. Изцяло подмяна на азбестоциментови тръби",Брегово,Видин,5503,ПРО-763/07.02.2024,РД-02-30-1244/05.08.2024,949417.89,702356.61,247061.28,
OP-24.001-0393,"Рехабилитация, авторски и строителен надзор на общински път VID-1031/II-12 Видин – Брегово/Гъмзово/II-12 от км 1+210 до км 2+838",Брегово,Видин,5503,ПРО-884/07.02.2024,РД-02-30-418/26.03.2024,634359.84,0,634359.84,
OP-24.001-0395,"Рехабилитация, авторски и строителен надзор на улица ""Граничар"" от ОК 175 до ОК 185",Брегово,Видин,5503,ПРО-878/07.02.2024,РД-02-30-1545/09.10.2024,209731.93,0,209731.93,
OP-24.001-0396,"Рехабилитация, авторски и строителен надзор на улица ""Йордан Радичков"" от ОК 331 до ОК 369",Брегово,Видин,5503,ПРО-888/07.02.2024,РД-02-30-1109/19.07.2024,202727.23,0,202727.23,
OP-24.001-0397,"Рехабилитация, авторски и строителен надзор на улица ""Иван Срацимир"" от ОК 359 до ОК 357",Брегово,Видин,5503,ПРО-876/13.02.2024,РД-02-30-1546/09.10.2024,130328.30,0,130328.30,
OP-24.001-0398,"Рехабилитация, авторски и строителен надзор на улица ""Емил Марков"" от ОК 350 до ОК 360",Брегово,Видин,5503,ПРО-877/13.02.2024,РД-02-30-1547/09.10.2024,117546.00,0,117546.00,
OP-24.001-0399,Изготвяне на инвестиционен проект за реконструкция на водопроводната мрежа на гр. Брегово с дължина 44 км,Брегово,Видин,5503,ПРО-824/13.02.2024,РД-02-30-280/20.03.2024,51129.19,19173.45,31955.74,
OP-24.001-0400,"Рехабилитация, авторски и строителен надзор на улица ""Граф Игнатиев"" от ОК 122 до ОК 128",Брегово,Видин,5503,ПРО-887/16.02.2024,,0,0,41874.81,
OP-25.001-0363,"Инженеринг/проектиране, СМР, авторски и строителен надзор/ на обект: ""Основна реконструкция на централна градска част в ПИ 06224.201.16, 06224.201.18 и 06224.201.35 по кадастралната карта на гр. Брегово""",Брегово,Видин,5503,,,0,0,,644227.77
OP-25.001-0364,"Изготвяне на инвестиционен проект за реконструкция на вътрешна водопроводна мрежа на с. Гъмзово, община Брегово",Брегово,Видин,5503,,,0,0,,25564.59
OP-25.001-0365,Изготвяне на инвестиционни проекти за реконструкция на улици в община Брегово,Брегово,Видин,5503,,,0,0,,25564.59
OP-25.001-0366,"Изготвяне на инвестиционен проект за реконструкция на вътрешна водопроводна мрежа на с. Връв, община Брегово",Брегово,Видин,5503,,,0,0,,17895.22
OP-25.001-0367,"Изготвяне на инвестиционен проект за реконструкция на вътрешна водопроводна мрежа на с. Балей, община Брегово",Брегово,Видин,5503,,,0,0,,17895.22
OP-24.001-0403,"Изграждане на зелена и велосипедна достъпна среда в Крайдунавски парк и прилежащите му територии, гр. Видин – Етап 1; Етап 2; Етап 3; Етап 4; Етап 5",Видин,Видин,5504,ПРО-856/15.02.2024,РД-02-30-456/28.03.2024,9203253.86,3281320.86,5921933.00,
OP-24.001-0404,"Ремонт на ул. ""Цар Иван Асен II"" от около-връстен път до бул. ""Панония"", гр. Видин",Видин,Видин,5504,ПРО-857/15.02.2024,РД-02-30-455/28.03.2024,3579043.17,0,3579043.17,
OP-24.001-0405,"Ремонт на бул. ""Панония"" от околовръстен път до ул. ""Цар Александър I"", гр. Видин",Видин,Видин,5504,ПРО-859/15.02.2024,РД-02-30-454/28.03.2024,3579043.17,0,3579043.17,
OP-24.001-0406,"Основен ремонт на общински път VID 2052 /I-1, Видин – София/ – Срацимирово – Въртоп от км 0+000 до км 2+873",Видин,Видин,5504,ПРО-861/15.02.2024,РД-02-30-458/28.03.2024,1022583.76,0,1022583.76,
OP-24.001-0407,"Основна реконструкция на централна пешеходна зона – кв. 371, к-с ""Централна градска част"", и кв. 329, к-с ""Зона на услугите"" по плана на гр. Видин, етап V",Видин,Видин,5504,ПРО-862/15.02.2024,РД-02-30-457/28.03.2024,1585004.83,1351769.08,233235.75,
OP-24.001-0408,"Изготвяне на технически проект и упражняване на авторски надзор за обект: път VID 1120: /II-14, Видин – Кула/ – Цар Петрово – Тополовец – граница общини Кула – Видин – Каленик – Дружба – Генерал Мариново – Рупци – о.п. Видин",Видин,Видин,5504,ПРО-864/15.02.2024,РД-02-30-452/28.03.2024,149297.23,0,149297.23,
OP-24.001-0409,"Изработване на инвестиционни проекти за улици, пътища и междублокови пространства на територията на община Видин: За Обособена позиция № 1 – Изготвяне на инвестиционен проект за обект: ""Ремонт на ул. ""Широка"" от жп надлез до бул. ""Панония"", гр. Видин""; За Обособена позиция № 2 – Изготвяне на инвестиционен проект за обект: ""Ремонт на път, свързващ стари и нови гробища на гр. Видин""; За Обособена позиция № 3 – Изготвяне на инвестиционен проект за обект: ""Ремонт на междублоково пространство между жилищни блокове № 14, № 16 и № 26 на ж.к. ""Бонония"", гр. Видин""; За Обособена позиция № 4 – Изготвяне на инвестиционен проект за обект: ""Ремонт на междублоково пространство между жилищни блокове № 16, № 26, № 27 и № 28 на ж.к. ""Бонония"", гр. Видин""; За Обособена позиция № 5 – Изготвяне на инвестиционен проект за обект: ""Ремонт на междублоково пространство между жилищни блокове № 14 и № 16 на ж.к. ""Г. Бенковски"", гр. Видин""; За Обособена позиция № 6 – Изготвяне на инвестиционен проект за обект: ""Ремонт на ул. ""Цар Симеон Велики"", гр. Видин""; За Обособена позиция № 7 – Изготвяне на инвестиционен проект за обект: ""Ремонт на ул. ""Редута"",",Видин,Видин,5504,ПРО-865/15.02.2024,РД-02-30-453/28.03.2024,106860.00,0,106860.00,
OP-24.001-0410,"Изготвяне на инвестиционен проект за обект: ""Път VID 1042/III-1221/ – Кошава – Гомотарци – Покрайна – /III – 1221/"", общ. Видин"", с дължина 16 км, включително заустванията на съществуващи улици и пътища във фаза ""технически проект""",Видин,Видин,5504,ПРО-867/15.02.2024,РД-02-30-464/28.03.2024,105326.13,0,105326.13,
OP-24.001-0411,"Изготвяне на проект за реконструкция на футболен терен, реконструкция на лекоатлетическа писта и реконструкция/изграждане на трибуни",Видин,Видин,5504,ПРО-855/15.02.2024,РД-02-30-461/28.03.2024,64934.07,0,64934.07,
OP-24.001-0412,Изготвяне на проект за Гребна база Видин и изграждане на гребен канал до река Дунав,Видин,Видин,5504,ПРО-858/15.02.2024,РД-02-30-1056/25.06.2024,64422.78,0,64422.78,
OP-24.001-0413,"Изготвяне на инвестиционен проект за обект: ""Ремонт на централна градска част – ул. ""Железничарска"", ул. ""Княз Александър Батенберг"" в обхвата до ул. ""Цар Симеон Велики"" и до ул. ""Цар Александър II"", гр. Видин"", във фаза ""техническа""",Видин,Видин,5504,ПРО-860/15.02.2024,РД-02-30-450/28.03.2024,47038.85,0,47038.85,
OP-24.001-0416,"Изготвяне на проект фаза ""техническа"": ""Ремонт на Речна гара""",Видин,Видин,5504,ПРО-868/15.02.2024,РД-02-30-459/28.03.2024,27098.47,0,27098.47,
OP-24.001-0417,"Изготвяне на проект ""Ремонт на спортна зала ""Фестивална""",Видин,Видин,5504,ПРО-869/15.02.2024,РД-02-30-451/28.03.2024,26075.89,0,26075.89,
OP-24.001-0418,"Изготвяне на проект ""Ремонт и преустройство на Дизелова централа""",Видин,Видин,5504,ПРО-870/15.02.2024,РД-02-30-460/28.03.2024,11759.71,0,11759.71,
OP-24.001-1785,"Рехабилитация на бул. ""Панония"" от ул. ""Цар Иван Асен II"" до ул. ""Гео Милев""",Видин,Видин,5504,ПРО-1571/23.05.2024,РД-02-30-1052/25.06.2024,1789521.58,1788166.72,0,
OP-24.001-1786,"Изготвяне на инвестиционен проект за благоустрояване на кв. ""Нов път"", гр. Видин",Видин,Видин,5504,ПРО-2365/18.10.2024,,0,0,102258.38,
OP-24.001-1787,"Изготвяне на инвестиционен проект за благоустрояване на ж.к. ""Бонония"", гр. Видин",Видин,Видин,5504,ПРО-2372/18.10.2024,,0,0,61355.03,
OP-24.001-1788,"Изготвяне на инвестиционен проект за благоустрояване на ж.к. ""Бонония 2"", гр. Видин",Видин,Видин,5504,ПРО-2367/18.10.2024,,0,0,61355.03,
OP-24.001-1789,"Изготвяне на инвестиционен проект за благоустрояване на ж.к. ""Гео Милев"", гр. Видин",Видин,Видин,5504,ПРО-2368/18.10.2024,,0,0,61355.03,
OP-24.001-1790,"Изготвяне на инвестиционен проект за благоустрояване на ж.к. ""Крум Бъчваров"", гр. Видин",Видин,Видин,5504,ПРО-2377/18.10.2024,,0,0,61355.03,
OP-24.001-1791,"Изготвяне на инвестиционен проект за благоустрояване на ж.к. ""Васил Левски"", гр. Видин",Видин,Видин,5504,ПРО-2371/18.10.2024,,0,0,61355.03,
OP-24.001-1792,"Изготвяне на инвестиционен проект за благоустрояване на ж.к. ""Панония"", гр. Видин",Видин,Видин,5504,ПРО-2379/18.10.2024,,0,0,51129.19,
OP-24.001-1793,"Изготвяне на инвестиционен проект за благоустрояване на ж.к. ""Строител"", гр. Видин",Видин,Видин,5504,ПРО-2376/18.10.2024,,0,0,51129.19,
OP-24.001-1794,"Изготвяне на инвестиционен проект за благоустрояване на ж.к. ""Химик"", гр. Видин",Видин,Видин,5504,ПРО-2374/18.10.2024,,0,0,51129.19,
OP-24.001-1795,"Изготвяне на инвестиционен проект за благоустрояване на ж.к. ""Вида"", гр. Видин",Видин,Видин,5504,ПРО-2378/18.10.2024,,0,0,40903.35,
OP-24.001-1796,"Изготвяне на инвестиционен проект за благоустрояване на ж.к. ""Александър Стамболийски"", гр. Видин",Видин,Видин,5504,ПРО-2369/18.10.2024,,0,0,40903.35,
OP-24.001-1797,"Изготвяне на инвестиционен проект ""Кът за отдих в с. Покрайна""",Видин,Видин,5504,ПРО-2361/18.10.2024,,0,0,14111.66,
OP-24.001-2379,"Ремонт на ул. ""Цар Симеон Велики"", гр. Видин",Видин,Видин,5504,ПРО-2577/04.12.2024,,0,0,3016622.10,
OP-24.001-2380,"Основен ремонт на част от уличен канал ф 600 по ул. ""Любен Каравелов"", гр. Видин",Видин,Видин,5504,ПРО-2576/04.12.2024,,0,0,145667.06,
OP-24.001-2696,"Реконструкция на уличен водопровод и канализация по улица ""Цар Симеон Велики"" в град Видин",Видин,Видин,5504,ПРО-2579/04.12.2024,,0,0,1789521.58,
OP-24.001-2749,"Реконструкция и преустройство на водоснабдяване с. Градец, община Видин",Видин,Видин,5504,ПРО-2578/04.12.2024,,0,0,3187086.81,
OP-25.001-0119,Ремонт на улици на територията на община Видин,Видин,Видин,5504,,,0,0,,1022583.76
OP-25.001-0142,Реконструкция и основен ремонт на уличната мрежа на територията на община Видин,Видин,Видин,5504,,,0,0,,2045167.52
OP-25.001-0368,"Ремонт на междублоково пространство между жилищни блокове № 14, № 16, № 26, № 27 и № 28 на ж.к. ""Бонония"", гр. Видин",Видин,Видин,5504,ПРО-3108/23.12.2025,РД-02-30-498/30.12.2025,1312895.29,0,1312895.29,
OP-25.001-0369,"Ремонт на междублоково пространство между жилищни блокове № 14 и № 16 на ж.к. ""Г. Бенковски"", гр. Видин",Видин,Видин,5504,,,0,0,,1243564.11
OP-25.001-0370,"Рехабилитация на бул. ""Панония"" в участък от ул. ""Цар Александър II"" до ул. ""Горазд"", гр. Видин",Видин,Видин,5504,,,0,0,,1227100.51
OP-24.001-0419,Реконструкция и рехабилитация на общински път VID3088 /III-141/ – Грамада – Водна – /III-1413/ от км 3+200 до км 4+160,Грамада,Видин,5505,ПРО-900/20.02.2024,РД-02-30-326/25.03.2024,582208.07,0,540588.91,
OP-24.001-0420,"Реконструкция и рехабилитация на улица ""Коста Йорданов"" от ОТ 58 до ОТ 15",Грамада,Видин,5505,ПРО-899/20.02.2024,РД-02-30-334/25.03.2024,438688.43,436063.88,0,
OP-24.001-0421,"Прединвестиционни проучвания и изработване на инвестиционни проекти във фаза ""технически проект"" за обект: ""Реконструкция на общински път VID3085 /III- 141/ – Грамада – Водна – /III-1413/ от км 0+000 до км 3+200 и от км 4+160 до км 9+800, с обща дължина 8840 м",Грамада,Видин,5505,ПРО-927/20.02.2024,РД-02-30-329/25.03.2024,192245.75,0,191325.42,
OP-24.001-0422,"Прединвестиционни проучвания и изработване на инвестиционни проекти във фаза ""технически проект"" за обект: Реконструкция на общински път VID3083 /III- 1411, п.к. Кула – Буковец/ – Медешевци от км 0+000 до км 3+000, с обща дължина 3000 м",Грамада,Видин,5505,ПРО-928/26.02.2024,РД-02-30-340/25.03.2024,109825.50,21014.10,88811.40,
OP-24.001-0423,"Изготвяне на технически проект и упражняване на авторски надзор на обект: ""Реконструкция и рехабилитация на част от уличната мрежа на гр. Грамада, община Грамада""",Грамада,Видин,5505,ПРО-931/26.02.2024,РД-02-30-341/25.03.2024,47243.37,0,45709.49,
OP-24.001-0424,"Изготвяне на технически проект и упражняване на авторски надзор на обект: ""Реконструкция/подмяна на част от вътрешната водопроводна мрежа на гр. Грамада, общ. Грамада, обл. Видин""",Грамада,Видин,5505,ПРО-930/26.02.2024,РД-02-30-343/25.03.2024,17997.47,14316.17,0,
OP-24.001-0425,"Изготвяне на технически проект и упражняване на авторски надзор на обект: ""Реконструкция и внедряване на мерки за енергийна ефективност на административна, делова сграда с идентификатор 17654.501.754.1 по КККР на гр. Грамада, община Грамада""",Грамада,Видин,5505,ПРО-926/26.02.2024,РД-02-30-339/25.03.2024,12271.01,0,12219.88,
OP-24.001-1798,"Реконструкция на уличен водопровод 100 мм АЦ по улица ""Първа"", село Водна, община Грамада, област Видин",Грамада,Видин,5505,ПРО-1359/07.05.2024,РД-02-30-1480/08.10.2024,199557.22,41451.14,158106.08,
OP-24.001-1799,"Реконструкция на уличен водопровод 60 мм АЦ по улица ""Никола Вапцаров"", гр. Грамада, общ. Грамада, обл. Видин",Грамада,Видин,5505,ПРО-2128/11.09.2024,,0,0,181457.49,
OP-24.001-1800,"Основен ремонт на ул. ""Н. Й. Вапцаров"" от ОТ 183 през ОТ 458 до ОТ 460 – гр. Грамада",Грамада,Видин,5505,ПРО-2127/11.09.2024,,0,0,637223.07,
OP-24.001-1801,"Основен ремонт на ул. ""Втора"" от ОТ 43, през осови точки 44, 30, 29, 28, 48, 49, 50, 51, 70, 69, 68, 66, 63, 64, 58, 59 до ОТ 60, с. Бранковци, общ. Грамада",Грамада,Видин,5505,ПРО-2131/11.09.2024,,0,0,195262.37,
OP-24.001-1802,"Благоустрояване и паркоустрояване на УПИ Х, кв. 15, по плана на гр. Грамада, община Грамада",Грамада,Видин,5505,ПРО-2124/10.09.2024,,0,0,281670.70,
OP-25.001-0371,"Реконструкция и внедряване на мерки за енергийна ефективност на административна делова сграда с идентификатор 17645.501.754.1 по КККР на гр. Грамада, община Грамада",Грамада,Видин,5505,,,0,0,,167959.38
OP-24.001-0427,"Рехабилитация на път VID 1003 /III-102, Бела – Белоградчик / – граница община (Белоградчик – Димово) – Орешец – Медовница – /I – 1/",Димово,Видин,5506,ПРО-513/22.01.2024,РД-02-30-641/03.04.2024; Анекс РД-02-30-641(1)/02.09.2024,1668038.63,1668006.94,0,
OP-24.001-0428,Реконструкция и рехабилитация на улици на територията на община Димово,Димово,Видин,5506,ПРО-272/16.01.2024,РД-02-30-642/03.04.2024,1192741.70,1182191.38,0,
OP-24.001-2381,"Реконструкция на централна част – площад с. Гара Орешец, община Димово",Димово,Видин,5506,ПРО-2163/19.09.2024,РД-02-30-121/19.06.2025,206970.95,41394.18,165576.77,
OP-25.001-0104,"Неотложен ремонт на път VID 2092/III-114, Ружинци – Белоградчик/ – Върбовец – Орешец – Гара Орешец от км 0+000 до км 9+300 с обща дължина – 9,300 км",Димово,Видин,5506,ПРО-2689/14.05.2025,,0,0,434598.10,
OP-25.001-0110,"Реконструкция на улична мрежа на територията на град Димово, община Димово",Димово,Видин,5506,ПРО-2664/15.04.2025,,0,0,320170.98,
OP-24.001-0429,Проект за основен ремонт на общински път VID2122 II- 14 (Кула) – Големаново от км 0+000 до км 7+250,Кула,Видин,5507,ПРО-210/12.01.2024,РД-02-30-434/26.03.2024,20349.42,16504.50,515944.64,
OP-24.001-0430,Основен ремонт на общински път VID1120 от км 6+392 до км 12+400,Кула,Видин,5507,ПРО-212/12.01.2024,РД-02-30-437/26.03.2024,15338.76,14633.17,1725303.32,
OP-24.001-0431,"Основен ремонт на улица ""Възраждане"", гр. Кула",Кула,Видин,5507,ПРО-211/12.01.2024,РД-02-30-436/26.03.2024,7669.38,7515.99,0,
OP-24.001-1803,"Реконструкция и обновяване на спортно съоръжение ""стадион"", гр. Кула",Кула,Видин,5507,ПРО-1718/20.06.2024,,0,0,680018.20,
OP-24.001-1804,Технически проект за основен ремонт на улици в селата на община Кула,Кула,Видин,5507,ПРО-2150/17.09.2024,,0,0,38346.89,
OP-24.001-1805,Технически проект за благоустрояване и обновяване на парк в гр. Кула,Кула,Видин,5507,,,0,0,,39267.22
OP-24.001-1806,Основен ремонт на административна сграда/младежки дом/ с идентификатор 40525.701.2081.1 – инженеринг,Кула,Видин,5507,,,0,0,,282233.12
OP-24.001-1807,Изготвяне на технически проект за обект: Изграждане на общински приют за безстопанствени кучета в гр. Кула,Кула,Видин,5507,,,0,0,,29654.93
OP-24.001-2750,"Основен ремонт на сграден фонд СУ ""Васил Левски"" в гр. Кула",Кула,Видин,5507,ПРО-3154/20.05.2026,,0,0,0,1794634.50
OP-24.001-0432,"Път VID1121: /III-141, Кула – Грамада/ – Полетковци – Старопатица – граница общини (Кула – Макреш) – Раковица /III-1412/ от км 14+012,00 до км 18+637,45 (участък на територията на община Макреш)",Макреш,Видин,5508,ПРО-1841/09.08.2024,,0,0,2207553.83,
OP-24.001-0433,"Реконструкция на част от вътрешната водопроводна мрежа на село Макреш, община Макреш, област Видин – етап 2",Макреш,Видин,5508,,,0,0,,589826.31
OP-24.001-0434,"Реконструкция на част от вътрешната водопроводна мрежа на село Макреш, община Макреш, област Видин – етап 1",Макреш,Видин,5508,ПРО-1766/04.07.2024,,0,0,267763.56,
OP-24.001-0435,"Реконструкция на улици в с. Макреш, община Макреш, област Видин",Макреш,Видин,5508,ПРО-1767/04.07.2024,,0,0,184320.72,
OP-24.001-0436,"Реконструкция и рехабилитация на улици на територията на с. Винарово, община Ново село, улица ""Тринадесета"" – етап 1 – улично платно",Ново село,Видин,5509,ПРО-377/17.01.2024 ПРО-2261/07.10.2024,РД-02-30-138/04.07.2025,510576.07,0,510576.07,
OP-24.001-0437,"Реконструкция на улица ""Петко Р. Славейков"", с. Ново село",Ново село,Видин,5509,ПРО-349/17.01.2024,РД-02-30-1209/22.07.2024,297520.75,0,297520.75,
OP-24.001-0438,"Основен ремонт и асфалтиране на ул. ""Дванадесета"", с. Ясен",Ново село,Видин,5509,ПРО-347/17.01.2024,РД-02-30-1891/16.12.2024,187388.47,0,187388.47,
OP-24.001-0439,"Реконструкция на ул. ""Дванадесета"", с. Флорентин",Ново село,Видин,5509,ПРО-345/17.01.2024,РД-02-30-379/26.03.2024,186161.37,164492.00,21669.37,
OP-24.001-0440,"Реконструкция на ул. ""Георги Марков"", с. Ново село",Ново село,Видин,5509,ПРО-346/17.01.2024,РД-02-30-382 /26.03.2024,127260.55,112357.11,14903.44,
OP-24.001-0441,"Основен ремонт и асфалтиране на ул. ""Двадесета"", с. Неговановци /от път Неговановци – Винарово до ул. ""Шеста""/ – 220 м",Ново село,Видин,5509,ПРО-348/17.01.2024,РД-02-30-386/26.03.2024,82215.73,0,82215.73,
OP-24.001-0442,"Основен ремонт и асфалтиране на ул. ""Двадесет и девета"", с. Винарово",Ново село,Видин,5509,ПРО-344/17.01.2024,РД-02-30-388/26.03.2024,69791.34,0,69791.34,
OP-24.001-0443,"Основен ремонт и асфалтиране на ул. ""Тридесета"" /от ул. 5 до път Неговановци – Винарово – 135 м/ в с. Винарово",Ново село,Видин,5509,ПРО-350/17.01.2024,РД-02-30-383/26.03.2024,56037.59,0,56037.59,
OP-24.001-2751,"Реконструкция и рехабилитация на улици на територията на с. Винарово, община Ново село, улица ""Пета"" – етап 7 – улично платно",Ново село,Видин,5509,ПРО-2252/07.10.2024,РД-02-30-139/04.07.2025,345019.76,0,345019.76,
OP-24.001-2752,"Реконструкция и рехабилитация на улици на територията на с. Негованци, община Ново село, улица ""Девета"" – етап 9 – улично платно",Ново село,Видин,5509,ПРО-2250/07.10.2024,РД-02-30-140/04.07.2025,244602.04,0,244602.04,
OP-24.001-2753,"Реконструкция и рехабилитация на улици на територията на с. Винарово, община Ново село, улица ""Дванадесета"" – етап 3 – улично платно",Ново село,Видин,5509,ПРО-2256/07.10.2024,РД-02-30-141/04.07.2025,198023.35,0,198023.35,
OP-24.001-2754,"Основен ремонт на улица ""Дванадесета"", с. Ясен – II етап – пътно платно от ПТ 31 до ПТ 65",Ново село,Видин,5509,ПРО-2255/07.10.2024,РД-02-30-1890/16.12.2024,188717.83,0,188717.83,
OP-24.001-2755,"Реконструкция и рехабилитация на улици на територията на с. Винарово, община Ново село, улица ""Седемнадесета"" – етап 13 – улично платно",Ново село,Видин,5509,ПРО-2254/07.10.2024,,0,0,154819.18,
OP-24.001-2756,"Реконструкция и рехабилитация на улици на територията на с. Флорентин, община Ново село, улица ""Пета"" – етап 3 – улично платно",Ново село,Видин,5509,ПРО-2251/07.10.2024,,0,0,93361.90,
OP-24.001-2757,"Реконструкция и рехабилитация на улици на територията на с. Винарово, община Ново село, улица ""Двадесет и трета"" – етап 17 – улично платно",Ново село,Видин,5509,ПРО-2260/07.10.2024,,0,0,78483.30,
OP-24.001-2758,"Реконструкция и рехабилитация на улици на територията на с. Винарово, община Ново село, улица ""Тридесет и трета"" – етап 5 – улично платно",Ново село,Видин,5509,ПРО-2257/07.10.2024,,0,0,73830.55,
OP-24.001-2759,"Реконструкция и рехабилитация на улици на територията на с. Винарово, община Ново село, улица ""Двадесет и втора"" – етап 9 – улично платно",Ново село,Видин,5509,ПРО-2259/07.10.2024,,0,0,67081.49,
OP-24.001-2760,"Реконструкция и рехабилитация на улици на територията на с. Винарово, община Ново село, улица ""Двадесета"" – етап 11 – улично платно",Ново село,Видин,5509,ПРО-2258/07.10.2024,,0,0,53839.04,
OP-24.001-2761,"Реконструкция и рехабилитация на улици на територията на с. Винарово, община Ново село, улица ""Десета"" – етап 15 – улично платно",Ново село,Видин,5509,ПРО-2253/07.10.2024,,0,0,52765.32,
OP-24.001-0444,Ремонт/реконструкция на улици в община Ружинци,Ружинци,Видин,5510,ПРО-95/10.01.2024; ПРО-95(1)/25.03.2024,РД-02-30-1258/15.08.2024,1631021.10,1468938.10,162083.00,
OP-24.001-0445,"Преустройство и промяна на предназначение на общинска сграда в Център за предоставяне на социални услуги и пристройка за котелно с максимални размери 3,50/8,80 м – II етап",Ружинци,Видин,5510,ПРО-1236/28.03.2024,РД-02-30-1261/15.08.2024,971454.57,870880.14,100574.43,
OP-24.001-2762,"Реконструкция и рехабилитация на ул. ""17 партизани"", с. Дреновец, община Ружинци, област Видин",Ружинци,Видин,5510,ПРО-2841/13.08.2025,,0,0,50362.25,
OP-24.001-2763,"Реконструкция и рехабилитация на ул. ""Шеста"", с. Плешивец, община Ружинци, област Видин",Ружинци,Видин,5510,ПРО-2838/13.08.2025,,0,0,104354.67,
OP-24.001-2764,"Реконструкция и рехабилитация на ул. ""Шеста"", с. Динково, община Ружинци, област Видин",Ружинци,Видин,5510,ПРО-2840/13.08.2025,,0,0,145002.38,
OP-24.001-2765,"Реконструкция и рехабилитация на ул. ""Георги Димитров"", с. Дражинци, община Ружинци, област Видин",Ружинци,Видин,5510,ПРО-2839/13.08.2025,,0,0,163869.05,
OP-24.001-0446,Асфалтиране на вътрешни улици в населени места от община Чупрене,Чупрене,Видин,5511,ПРО-1013/01.03.2024,РД-02-30-635/03.04.2024,1022583.76,197903.39,824680.37,
OP-25.001-0019,Реконструкция и рехабилитация на участъци от общински път Върбово – Чупрене,Чупрене,Видин,5511,,,0,0,,1221987.60
OP-25.001-0020,Реконструкция и рехабилитация на участъци от общински път Долни Лом – Репляна,Чупрене,Видин,5511,,,0,0,,823179.93
OP-24.001-0447,"Основен ремонт на уличната мрежа на с. Борован, община Борован – I етап",Борован,Враца,5601,ПРО-1001/01.03.2024,РД-02-30-1294/15.08.2024,2364724.95,875525.99,1489198.96,
OP-24.001-0448,Частично изграждане на нова канализационна система и реконструкция и разширение на водопроводната система за нуждите на с. Борован – I етап,Борован,Враца,5601,ПРО-998/01.03.2024,РД-02-30-1107/19.07.2024,1661698.61,1207415.78,454282.83,
OP-24.001-0449,"Благоустрояване и обновяване на парк в поземлен имот 536, квартал 66 по плана на с. Нивянин, община Борован",Борован,Враца,5601,ПРО-1004/01.03.2024,РД-02-30-1289/15.08.2024,370533.23,197538.06,172995.17,
OP-24.001-0450,Основен ремонт на парка в кв. 1-В в с. Борован,Борован,Враца,5601,ПРО-999/01.03.2024,РД-02-30-1104/19.07.2024,306775.13,0,306775.13,
OP-24.001-0451,"Основен ремонт на административна сграда на Община Борован в с. Борован, община Борован",Борован,Враца,5601,ПРО-996/01.03.2024,РД-02-30-1111/19.07.2024,268428.24,0,268428.24,
OP-24.001-0452,"Благоустрояване и обновяване на площад – УПИ VIII, между 5 и 7 по плана на с. Добролево, община Борован",Борован,Враца,5601,ПРО-1003/01.03.2024,РД-02-30-1286/15.08.2024,162079.53,0,162079.53,
OP-24.001-0453,"Благоустрояване и обновяване на парк – УПИ 13, квартал 121 по плана на с. Малорад",Борован,Враца,5601,ПРО-1002/01.03.2024,РД-02-30-953/14.06.2024,31239.93,0,31239.93,
OP-24.001-0454,"Основен ремонт на асфалтова настилка по улици, гр. Бяла Слатина",Бяла Слатина,Враца,5602,ПРО-832/14.02.2024,РД-02-30-234/18.03.2024,4285699.68,3702711.89,582987.79,
OP-24.001-0455,Ремонт и благоустрояване на централен площад в гр. Бяла Слатина,Бяла Слатина,Враца,5602,ПРО-1807/22.07.2024,РД-02-30-1364/20.09.2024,1816313.28,800683.00,1015630.28,
OP-24.001-0456,"Ремонт и благоустройство на пешеходно пространство по ул. ""Димитър Благоев"", гр. Бяла Слатина",Бяла Слатина,Враца,5602,ПРО-51/10.01.2024,РД-02-30-221/18.03.2024,727517.22,727501.26,0,
OP-24.001-0457,"Ремонт на тротоари по протежение на ул. ""Георги Димитров"" в с. Търнава",Бяла Слатина,Враца,5602,ПРО-50/10.01.2024,РД-02-30-238/18.03.2024,487363.42,485750.56,0,
OP-24.001-0458,"Ремонт на тротоари по протежение на ул. ""Георги Димитров"" в с. Алтимир",Бяла Слатина,Враца,5602,ПРО-54/10.01.2024,РД-02-30-226/18.03.2024,351666.56,316185.72,35480.84,
OP-25.001-0372,Реконструкция на част от вътрешната водопроводна мрежа на община Бяла Слатина – втори етап,Бяла Слатина,Враца,5602,,,0,0,,511291.88
OP-25.001-0373,Реконструкция на вътрешната водопроводна мрежа в южната част на гр. Бяла Слатина,Бяла Слатина,Враца,5602,,,0,0,,1009290.17
OP-25.001-0374,Реконструкция на част от вътрешната водопроводна мрежа в гр. Бяла Слатина,Бяла Слатина,Враца,5602,,,0,0,,831871.89
OP-25.001-0375,Реконструкция и рехабилитация на улици в югоизточната част на гр. Бяла Слатина,Бяла Слатина,Враца,5602,,,0,0,,1110525.97
OP-25.001-0376,Реконструкция и рехабилитация на улици в гр. Бяла Слатина,Бяла Слатина,Враца,5602,,,0,0,,1071667.78
OP-24.001-0459,"Реконструкция и удължаване на водопроводната система и изграждане на нова канализационна система на с. Згориград, община Враца",Враца,Враца,5603,ПРО-1276/05.04.2024,РД-02-30-767/26.04.2024; Анекс РД-02-30-767(1)/14.06.2024,11248421.39,0,9373718.57,
OP-24.001-0460,"Основен ремонт на уличната мрежа на кв. ""Бистрец"", гр. Враца",Враца,Враца,5603,ПРО-746/06.02.2024,РД-02-30-362/25.03.2024; Анекс РД-02-30-362(1)/16.12.2024,5211598.15,4700554.66,511043.49,
OP-24.001-1808,"Изготвяне на технически проект и упражняване на авторски надзор за обект: Реконструкция и удължаване на водопроводната система и изграждане на нова канализационна система на с. Згориград, община Враца",Враца,Враца,5603,ПРО-1420/09.05.2024,РД-02-30-989/14.06.2024; Анекс РД-02-30-989(1)/16.12.2024,207379.99,157989.19,49390.80,
OP-24.001-1809,"Инженеринг – проектиране, СМР и упражняване на авторски надзор за обект: Основен ремонт на ул. ""Генерал Леонов"" в участъка от бул. ""Втори юни"" до ул. ""Козлодуйски бряг"", гр. Враца",Враца,Враца,5603,ПРО-1405/09.05.2024,РД-02-30-990/14.06.2024,920325.39,182469.84,737855.55,
OP-24.001-1810,"Инженеринг – проектиране, СМР и упражняване на авторски надзор за обект: Основен ремонт на ул. ""Безименна"", междублоково пространство на блокове ""Химици"" в участъка от ул. ""Генерал Леонов"" до ул. ""Радецки"", гр. Враца",Враца,Враца,5603,ПРО-1414/09.05.2024,РД-02-30-970/14.06.2024,639114.85,0,638041.14,
OP-24.001-1811,"Инженеринг – проектиране, СМР и упражняване на авторски надзор за обект: Основен ремонт на ул. ""Димчо Дебелявнов"" в участъка от ул. ""Ди-ко Илиев"" до бул. ""Мито Орозов"", гр. Враца",Враца,Враца,5603,ПРО-1416/09.05.2024,РД-02-30-962/14.06.2024,389246.51,0,388939.73,
OP-24.001-1812,"Инженеринг – проектиране, СМР и упражняване на авторски надзор за обект: Основен ремонт на ул. ""Безименна (Река Лева 58)"" в участъка от ул. ""Генерал Гурко"" до ул. ""Граф Игнатиев"", гр. Враца",Враца,Враца,5603,ПРО-1409/09.05.2024,РД-02-30-1157/22.07.2024,248487.85,0,248283.34,
OP-24.001-1813,"Инженеринг – проектиране, СМР и упражняване на авторски надзор за обект: Основен ремонт на ул. ""Антим I"" в участъка от бул. ""Христо Ботев"" до ул. ""Стефанаки Савов"", гр. Враца",Враца,Враца,5603,ПРО-1419/09.05.2024,РД-02-30-1160/22.07.2024,308309.00,0,307951.10,
OP-24.001-1814,"Инженеринг – проектиране, СМР и упражняване на авторски надзор за обект: Основен ремонт на ул. ""Ангел Кънчев"" в участъка от ул. ""Цар Борис I"" до ул. ""Ниш"", гр. Враца",Враца,Враца,5603,ПРО-1425/09.05.2024,РД-02-30-1188/22.07.2024,360205.13,71386.57,288818.56,
OP-24.001-1815,"Инженеринг – проектиране, СМР и упражняване на авторски надзор за обект: Основен ремонт на ул. ""Братя Миладинови"" в участъка от ул. ""Дико Илиев"" до бул. ""Мито Орозов"" 35, гр. Враца",Враца,Враца,5603,ПРО-1412/09.05.2024,РД-02-30-1168/22.07.2024,212441.78,0,212237.26,
OP-24.001-1816,"Инженеринг – проектиране, СМР и упражняване на авторски надзор за обект: Основен ремонт на предблоково пространство за бл. № 21 в ж.к. ""Дъбника"", гр. Враца",Враца,Враца,5603,ПРО-1411/09.05.2024,РД-02-30-1166/22.07.2024,195211.24,0,194751.08,
OP-24.001-1817,"Инженеринг – проектиране, СМР и упражняване на авторски надзор за обект: Основен ремонт на предблоково пространство за бл. № 26 в ж.к. ""Дъбника"", гр. Враца",Враца,Враца,5603,ПРО-1415/09.05.2024,РД-02-30-982/14.06.2024,368130.15,0,367516.60,
OP-24.001-1818,"Инженеринг – проектиране, СМР и упражняване на авторски надзор за обект: Основен ремонт на предблоково пространство за бл. ""Стоян Заимов"" № 46, гр. Враца",Враца,Враца,5603,ПРО-1422/09.05.2024,РД-02-30-1172/22.07.2024,134623.15,0,134214.12,
OP-24.001-1819,"Инженеринг – проектиране, СМР и упражняване на авторски надзор за обект: Основен ремонт на ул. ""Васил Атанасов"" в участъка от бул. ""Втори юни"" до ул. ""Амур"", гр. Враца",Враца,Враца,5603,ПРО-1407/09.05.2024,РД-02-30-1186/22.07.2024,385462.95,0,385156.17,
OP-24.001-1820,"Инженеринг – проектиране, СМР и упражняване на авторски надзор за обект: Основен ремонт на ул. ""Атанас Йованович"" в участъка от ул. ""Елин Пелин"" до ул. ""Черна вода"", гр. Враца",Враца,Враца,5603,ПРО-1406/09.05.2024,РД-02-30-1165/22.07.2024,220111.15,0,219855.51,
OP-24.001-1821,"Инженеринг – проектиране, СМР и упражняване на авторски надзор за обект: Основен ремонт на ул. ""Поп Сава Катрафилов"" в участъка от ул. ""Трапезица"" до бул. ""Река Лева"", гр. Враца",Враца,Враца,5603,ПРО-1410/09.05.2024,РД-02-30-1162/22.07.2024,226655.69,1104.39,225551.30,
OP-24.001-1822,"Инженеринг – проектиране, СМР и упражняване на авторски надзор за обект: Основен ремонт на ул. ""Мито Бояджиев"" в участъка от ул. ""Кръстьо Българията"" до ул. ""Георги Бързашки"", гр. Враца",Враца,Враца,5603,ПРО-1429/09.05.2024,РД-02-30-1169/22.07.2024,64422.78,2178.10,62244.68,
OP-24.001-1823,"Инженеринг – проектиране, СМР и упражняване на авторски надзор за обект: Основен ремонт на ул. ""Ниш"" в участъка от ул. ""Ангел Кънчев"" до ул. ""Цар Симеон I"", гр. Враца",Враца,Враца,5603,ПРО-1428/09.05.2024,РД-02-30-1184/22.07.2024,50720.15,2313.08,48407.07,
OP-24.001-1824,"Инженеринг – проектиране, СМР и упражняване на авторски надзор за обект: Основен ремонт на ул. ""Цар Калоян"" в участъка от ул. ""Стоян Заимов"" до ул. ""Трайко Китанчев"", гр. Враца",Враца,Враца,5603,ПРО-1423/09.05.2024,РД-02-30-1117/22.07.2024,61355.03,0,61252.77,
OP-24.001-1825,"Инженеринг – проектиране, СМР и упражняване на авторски надзор за обект: Основен ремонт на предблоково пространство за бл. № 41 и бл. № 43 в ж.к. ""Дъбника"", гр. Враца",Враца,Враца,5603,ПРО-1418/09.05.2024,РД-02-30-1174/22.07.2024,317512.26,2307.16,315205.10,
OP-24.001-1826,"Инженеринг – проектиране, СМР и упражняване на авторски надзор за обект: Основен ремонт на ул. ""Камчия"" в участъка от ул. ""Топилки"" до ул. ""Три уши"", гр. Враца",Враца,Враца,5603,ПРО-1421/09.05.2024,РД-02-30-1176/22.07.2024,60588.09,2214.92,58373.17,
OP-24.001-1827,"Инженеринг – проектиране, СМР и упражняване на авторски надзор за обект: Основен ремонт на предблоково пространство между бл. ""Вапцаров 3"" и бл. ""Вапцаров 5"", гр. Враца",Враца,Враца,5603,ПРО-1426/09.05.2024,РД-02-30-1192/22.07.2024,78994.60,0,78994.60,
OP-24.001-1828,"Инженеринг – проектиране, СМР и упражняване на авторски надзор за обект: Основен ремонт на предблоково пространство за бл. № 34 в ж.к. ""Дъбника"", гр. Враца",Враца,Враца,5603,ПРО-1424/09.05.2024,РД-02-30-1163/22.07.2024,157222.25,2328.76,154893.49,
OP-24.001-1829,"Инженеринг – проектиране, СМР и упражняване на авторски надзор за обект: Основен ремонт на предблоково пространство за бл. № 3 и бл. № 3 в ж.к. ""Младост"", гр. Враца",Враца,Враца,5603,ПРО-1417/09.05.2024,РД-02-30-1167/22.07.2024,147252.06,31524.21,115727.85,
OP-24.001-1830,"Инженеринг – проектиране, СМР и упражняване на авторски надзор за обект: Основен ремонт на ул. ""Никола Занкин"" в участъка от ул. ""Река Лева"" до ул. ""Драва"", гр. Враца",Враца,Враца,5603,ПРО-1427/09.05.2024,РД-02-30-1179/22.07.2024,47550.14,2331.49,45218.65,
OP-24.001-1831,"Инженеринг – проектиране, СМР и упражняване на авторски надзор за обект: Основен ремонт на ул. ""Драва"" в участъка от ул. ""Преслав"" до ул. ""Драгоман"", гр. Враца",Враца,Враца,5603,ПРО-1431/09.05.2024,РД-02-30-1181/22.07.2024,222411.97,0,222411.97,
OP-24.001-1832,"Инженеринг – проектиране, СМР и упражняване на авторски надзор за обект: Основен ремонт на ул. ""Кокиче"", с. Бели извор, община Враца",Враца,Враца,5603,ПРО-2636/03.02.2025,,0,0,785599.98,
OP-24.001-1833,"Инженеринг – проектиране, СМР и упражняване на авторски надзор за обект: Основен ремонт на ул. ""Тракия"", с. Паволче, община Враца",Враца,Враца,5603,ПРО-1430/09.05.2024,РД-02-30-1159/22.07.2024,272927.61,3679.35,269248.26,
OP-24.001-1834,"Инженеринг – проектиране, СМР и упражняване на авторски надзор за обект: Основен ремонт на ул. ""Никола Петков"", с. Челопек, община Враца",Враца,Враца,5603,ПРО-1408/09.05.2024 ПРО-1413/09.05.2024,РД-02-30-1190/22.07.2024,714786.05,147558.84,567227.21,
OP-24.001-1835,Ремонт и модернизация на съществуваща лекоатлетическа писта,Враца,Враца,5603,ПРО-1404/09.05.2024,РД-02-30-966/14.06.2024,1201535.92,222919.34,978616.58,
OP-24.001-2766,"Инженеринг – проектиране, СМР и упражняване на авторски надзор за обект: Основен ремонт на ул. ""Васил Кoларов"", с. Горно Пещене, община Враца",Враца,Враца,5603,ПРО-2384/21.10.2024,РД-02-30-1895/16.12.2024,97656.75,2441.93,95214.82,
OP-25.001-0143,"Изготвяне на инвестиционен проект и упражняване на авторски надзор за изграждане на Център за енергийно развитие и нови науки, гр. Враца",Враца,Враца,5603,,,0,0,,766937.82
OP-24.001-0461,"Мултифункционални игрища за спорт в кв. 259 в гр. Козлодуй – Спортен комплекс ""Арена Козлодуй""",Козлодуй,Враца,5605,ПРО-215/12.01.2024,РД-02-30-244/19.03.2024,2438402.11,1900894.29,537507.82,
OP-24.001-0462,Реконструкция и рехабилитация на системата за външно изкуствено осветление в гр. Козлодуй,Козлодуй,Враца,5605,ПРО-216/12.01.2024,РД-02-30-246/19.03.2024,2322492.24,2057714.87,264777.37,
OP-24.001-2767,"Реконструкция и рехабилитация на водоснабдителна система и съоръжения в с. Бутан, община Козлодуй, област Враца",Козлодуй,Враца,5605,,,0,0,,13804880.79
OP-24.001-2768,"Внедряване на мерки за енергийна ефективност в сградата на ДГ ""Радост""",Козлодуй,Враца,5605,,,0,0,,1852052.58
OP-25.001-0377,"Изграждане на ул. ""Козлодуй""",Козлодуй,Враца,5605,,,0,0,,4090335.05
OP-25.001-0378,"Изграждане на зона за отдих в парк ""Дигата""",Козлодуй,Враца,5605,,,0,0,,9188630.91
OP-25.001-0379,Изграждане на канализация в гр. Козлодуй Папура,Козлодуй,Враца,5605,,,0,0,,8257261.62
OP-25.001-0380,Проектиране на канализация Папура,Козлодуй,Враца,5605,ПРО-3135/04.02.2026,,0,0,,60741.48
OP-25.001-0381,"Модернизация и изграждане на съоръжения в парк ""Христо Ботев""",Козлодуй,Враца,5605,,,0,0,,5112918.81
OP-25.001-0382,Изграждане на кръгово кръстовище,Козлодуй,Враца,5605,,,0,0,,797615.33
OP-24.001-0463,"Реконструкция на местни пътища, част от общинската пътна мрежа на община Криводол с подобект: Общински път № VRC 1067/III-101, Криводол – Бойчиновци – Ракево – Добруша – Градешница – граница общ. (Криводол – Бойчиновци) от км 5+100 до км 12+170 и от км 13+325 до км 13+595, с обща дължина 7340 м",Криводол,Враца,5606,ПРО-907/20.02.2024 г. ПРО-205/12.01.2024 г.; ПРО-205(5)/23.08.2024,РД-02-30-391/26.03.2024; Анекс РД-02-30-391(1)/13.12.2024,4905334.31,2349691.93,2555642.38,
OP-25.001-0021,"Строително-монтажни работи за изграждане на покрит общински пазар и благоустрояване на околното пространство в гр. Криводол, община Криводол",Криводол,Враца,5606,,,0,0,,2692463.05
OP-25.001-0022,"Реконструкция и подмяна на участъци от водопроводната мрежа на с. Краводер, община Криводол",Криводол,Враца,5606,ПРО-3021/29.10.2025,,0,0,1605456.51,
OP-24.001-0464,Основен ремонт на улици в гр. Мездра,Мездра,Враца,5607,ПРО-66/10.01.2024,РД-02-30-478/28.03.2024; Анекс РД-02-30-478(1)/30.10.2024,2543063.56,2412157.66,0,
OP-24.001-1836,"Реконструкция и обновяване на площад ""България"" и прилежащите пешеходни пространства и паркинги",Мездра,Враца,5607,ПРО-3050/17.11.2025,,0,0,3783202.02,
OP-24.001-1837,"Изграждане на комбинирана междуквартална площадка за игра, спорт и отдих в кв. 10, гр. Мездра",Мездра,Враца,5607,,,0,0,,418339.02
OP-24.001-1838,"Преустройство на съществуващо помещение в многофункционална зала, ул. ""Хр. Ботев"" № 27, в УПИ XI-1412 от кв. 68 по плана на гр. Мездра",Мездра,Враца,5607,ПРО-2547/26.11.2024,РД-02-30-414/10.12.2025,284533.93,0,284533.93,
OP-24.001-1839,"Благоустройство на централното площадно пространство, кв. 15, с. Моравица, общ. Мездра",Мездра,Враца,5607,ПРО-2531/21.11.2024,РД-02-30-87/19.06.2025,231564.09,225724.15,0,
OP-24.001-1840,"Преустройство и основен ремонт на Кметство Зверино, УПИ I-568, 569, кв. 74 (30510.501.569.1) по плана на с. Зверино",Мездра,Враца,5607,ПРО-2546/26.11.2024,РД-02-30-415/10.12.2025,237086.05,0,237086.05,
OP-24.001-2387,Изграждане на спортна площадка в с. Брусен,Мездра,Враца,5607,,,0,0,,86101.55
OP-24.001-2388,Изграждане на спортна площадка в с. Ребърково,Мездра,Враца,5607,,,0,0,,79454.76
OP-24.001-2389,Изграждане на спортна площадка в с. Руска Бела,Мездра,Враца,5607,,,0,0,,81448.80
OP-24.001-2390,Изграждане на спортна площадка в с. Горна Кремена,Мездра,Враца,5607,,,0,0,,35279.14
OP-24.001-0465,"Реконструкция, ремонт, оборудване и обзавеждане на Народно читалище ""Просвета 1915"" в гр. Мизия, общ. Мизия, обл. Враца",Мизия,Враца,5608,ПРО-231/12.01.2024,РД-02-30-489/28.03.2024,2530894.81,39880.77,2491014.04,
OP-24.001-0466,"Благоустрояване на централната пешеходна зона, включително централния парк и площад ""Свобода"" – гр. Мизия, етап I и етап II",Мизия,Враца,5608,ПРО-227/12.01.2024; ПРО-227(2)/14.08.2024,РД-02-30-1637/30.10.2024,4959531.25,2751824.03,2207707.22,
OP-24.001-0467,"Изграждане и регламентиране на общински пазар в УПИ I, II – 1566, кв. 88 по план на с. Крушовица, община Мизия, област Враца",Мизия,Враца,5608,ПРО-221/12.01.2024,РД-02-30-493/28.03.2024,1022583.76,1022292.77,0,
OP-24.001-0468,"Реконструкция на лекоатлетическа писта и прилежаща инфраструктура в двора на ОУ ""Цанко Церковски"", гр. Мизия",Мизия,Враца,5608,ПРО-223/12.01.2024,РД-02-30-1584/21.10.2024,690244.04,132876.82,557367.22,
OP-25.001-0383,"Изграждане на нова сграда на Участък Мизия към Районно управление Оряхово, в УПИ VIII, кв. 121 по плана на гр. Мизия",Мизия,Враца,5608,ПРО-3016/28.10.2025,,0,0,480563.24,
OP-25.001-0384,"Реконструкция и рехабилитация на площад в с. Липница общ. Мизия, УПИ III, кв. 1",Мизия,Враца,5608,ПРО-3012/28.10.2025,,0,0,281210.53,
OP-25.001-0385,"Реконструкция и рехабилитация на площад ""Проф. Иван Митев"" в с. Крушовица, общ. Мизия, УПИ I, кв. 22",Мизия,Враца,5608,ПРО-3013/28.10.2025,,0,0,255645.94,
OP-24.001-0469,"Реконструкция, рехабилитация и доизграждане на улична ВиК мрежа в южни жилищни квартали на територията на гр. Оряхово, общ. Оряхово",Оряхово,Враца,5609,ПРО-10/10.01.2024,РД-02-30-529/29.03.2024,4315354.61,3886378.34,428976.27,
OP-24.001-1841,"Рехабилитация на общински път VRC1128 – Горни Вадин – Долни Вадин, от км 0+000 до км 8+200/ I етап от км 0+000 до км 5+200 /",Оряхово,Враца,5609,ПРО-2135/12.09.2024,РД-02-30-1747/25.11.2024,2045729.95,397229.05,1648500.90,
OP-24.001-2391,"Реконструкция, рехабилитация на улична ВиК мрежа по ул. ""Коста Лулчев"", ул. ""Андрей Чапразов"" и ул. ""Васил Левски"", гр. Оряхово, общ. Оряхово",Оряхово,Враца,5609,ПРО-2634/03.02.2025,,0,0,1308293.67,
OP-25.001-0386,"Реконструкция, рехабилитация и доизграждане на улична ВиК мрежа в южни жилищни квартали на територията на гр. Оряхово, общ. Оряхово – Етап 3",Оряхово,Враца,5609,ПРО-2945/17.09.2025,РД-02-30-364/03.11.2025,2425875.46,0,2425875.46,
OP-25.001-0387,"Подмяна на съществуващ водопровод в с. Селановци – Етап 1, по ул. ""Ангел Кънчев"" от о.т. 408 до о.т. 50, ул. ""Христо Ботев"" от о.т. 118 до о.т. 181, ул. ""Стефан Стамболов"" от о.т. 160 до о.т. 263, ул. ""Александър Стамболийски"" от о.т. 107 до о.т. 212 и отклонения по ул. ""Андрей Николов"" от о.т. 156 до о.т. 140, ул. ""Сергей Румянцев"" от о.т. 157 до о.т. 141, ул. ""Георги Бенковски"" от о.т. 158 до о.т. 143, ул. ""Виктор Юго"" от о.т. 186 до о.т. 184, ул. ""Виктор Юго"" от о.т. 184 до о.т. 174, ул. ""Петко Д. Петков"" от о.т. 187 до о.т. 182, ул. ""Лев Толстой"" от о.т. 188 до о.т. 181",Оряхово,Враца,5609,,,0,0,,5380938.02
OP-25.001-0388,"Подмяна на съществуващ водопровод в с. Селановци – Етап 2, по ул. ""Първи май"" от о.т. 368 до о.т. 246",Оряхово,Враца,5609,,,0,0,,1966275.19
OP-24.001-0470,"Реконструкция на участък от ул. ""Рила"", от кръговото кръстовище до каменния мост/включително/ над р. Малък Искър в гр. Роман",Роман,Враца,5610,ПРО-266/16.01.2024,РД-02-30-429/26.03.2024; Анекс РД-02-30-429(1)/02.09.2024,2215836.75,91438.00,2124459.39,
OP-24.001-0471,"Православен храм ""Св. Роман Сладкопевец"", гр. Роман",Роман,Враца,5610,ПРО-261/15.01.2024,РД-02-30-420/26.03.2024,403562.68,86333.12,317229.56,
OP-24.001-0472,"Реконструкция на ул. ""Генерал Скобелев"" от о.т. 59 до о.т. 57, гр. Роман",Роман,Враца,5610,ПРО-470/19.01.2024,РД-02-30-432/26.03.2024,145258.02,142391.33,0,
OP-24.001-0473,"Реконструкция на ул. ""Софроний Врачански"" от ОК 51 до ОК 59, гр. Роман",Роман,Враца,5610,ПРО-473/19.01.2024,РД-02-30-412/26.03.2024; Анекс РД-02-30-412(1)/13.12.2024,64627.29,64084.58,0,
OP-24.001-0474,"Реконструкция на ул. ""Любен Каравелов"" от ОК 39 до ОК 61, с. Хубавене, община Роман",Роман,Враца,5610,ПРО-468/19.01.2024,РД-02-30-427/26.03.2024,60332.44,12494.86,47837.58,
OP-24.001-1842,"Основен ремонт и подмяна на водопровод на ул. ""Гео Милев"", гр. Роман от ОК 71 до ОК 72",Роман,Враца,5610,ПРО-2621/22.01.2025,,0,0,180077.00,
OP-24.001-1843,"Основен ремонт и подмяна на водопровод на ул. ""Карашка"" от ОК 309 до ОК 301 и участък от ул. ""Малък Искър"", гр. Роман",Роман,Враца,5610,ПРО-2620/22.01.2025,,0,0,396711.37,
OP-24.001-1844,"Основен ремонт и подмяна на водопровод на ул. ""Генерал Скобелев"" от ОК 64 до ОК 59, гр. Роман",Роман,Враца,5610,ПРО-2619/22.01.2025,,0,0,316540.80,
OP-24.001-1845,"Плътна ограда и благоустрояване на дворно пространство към Православен храм ""Св. Роман Сладкопевец"", УПИ XVIII-713, кв. 30 по КРП на гр. Роман",Роман,Враца,5610,ПРО-2622/22.01.2025,,0,0,254469.97,
OP-24.001-1846,"Основен ремонт и подмяна на водопровод на ул. ""Александър Стамболийски"" от ОК 181 до ОК 248, гр. Роман",Роман,Враца,5610,,,0,0,,430712.28
OP-24.001-2769,"Реконструкция на водопроводна мрежа на с. Камено поле, община Роман – втори строителен етап",Роман,Враца,5610,ПРО-2714/04.06.2025,РД-02-30-359/31.10.2025,1563070.41,0,1563070.41,
OP-24.001-2770,"Основен ремонт на улица ""Г. С. Раковски"" от ОК 58 през ОК 41, 40, 31, 29, 30, 23 до ОК 21 (от ул. ""Паисий Хилендарски"" до ул. ""Водотечна""), с. Камено поле",Роман,Враца,5610,,,0,0,,137435.26
OP-24.001-2771,"Основен ремонт на ул. ""Васил Левски"" от ОК 91 през ОК 92, 94, 95, 96, 97, 98, 99, 100, 101 до ОК 102; от ОК 102 посока към ОК 52 до имот VI-169, кв. 12; заустване от ОК 102, 103, 104 до ОК 105, с. Караш",Роман,Враца,5610,,,0,0,,107166.78
OP-24.001-2772,"Основен ремонт на ул. ""Пейо Яворов"" от ОК 184 през ОК 185, 186, 72, 71, 70, 69 до ОК 39 (от ул. ""Цар Симеон I"" до ул. ""Любен Каравелов""), с. Хубавене",Роман,Враца,5610,,,0,0,,84363.16
OP-24.001-2773,"Основен ремонт на улица ""Васил Левски"" от ОК 127 през ОК 103, 128, 129, до връзката с път SFO 2046, с. Курново",Роман,Враца,5610,,,0,0,,77511.85
OP-24.001-2774,"Ремонт на улица ""Св. св. Кирил и Методий"" от ОК 89 през 43, 47, 46, 45, 43, 42, 41, 38, 37, 36, 23, 24 до 25, с. Радовене – I етап",Роман,Враца,5610,,,0,0,,64320.52
OP-24.001-2775,"Основен ремонт на ул. ""Околчица"" от ОК 81 през 82,83,84 до ОК 98 от ул. ""Цар Борис I"" до ул. ""Ген. Столетов"" – с. Синьо бърдо",Роман,Враца,5610,,,0,0,,53276.61
OP-24.001-2776,"Основен ремонт на улица ""Момина сълза"" от ОК 138 през ОК 135 до ОК 134 (от ул. ""Цар Борис I"" до ул. "" Ст. Караджа""), с. Хубавене",Роман,Враца,5610,,,0,0,,40289.80
OP-24.001-2777,"Основен ремонт на ул. ""Цар Симеон I"" от ОК 133 през ОК 132, 131, 130, 127, с. Курново",Роман,Враца,5610,,,0,0,,29757.19
OP-24.001-2778,"Основен ремонт на ул. ""Страцин"" от ОК 71 през 72 до ОК 73 (от ул. ""Христо Ботев"" до ул. ""Цар Симеон I""), с. Синьо бърдо",Роман,Враца,5610,,,0,0,,15901.18
OP-24.001-2779,"Основен ремонт на ул. ""Алеко Константинов"" от ОК 99 до ОК 98, с. Стояновци",Роман,Враца,5610,,,0,0,,15798.92
OP-24.001-2780,"Основен ремонт на ул. ""Страцин"" от ОК 69 до ОК 70, от ул. ""Н. Вапцаров"" до ул. ""Христо Ботев"", с. Синьо бърдо",Роман,Враца,5610,,,0,0,,14111.66
OP-24.001-2781,"Основен ремонт на ул. ""Търговска"" от ОК 25 до ОК 35, с. Стояновци",Роман,Враца,5610,,,0,0,,7618.25
OP-25.001-0096,"Ремонт и реконструкция на улична мрежа на територията на община Роман, област Враца",Роман,Враца,5610,,,0,0,,664679.45
OP-25.001-0767,"Ремонт на водопроводна мрежа в с. Синьо бърдо, община Роман – ПЪРВИ ЕТАП",Роман,Враца,5610,,,0,0,,1176073.59
OP-24.001-0476,"Строително-ремонтни дейности на ДГ ""Славейче"" – филиална група, с. Рогозен, общ. Хайредин, обл. Враца",Хайредин,Враца,5611,ПРО-2300/11.10.2024,РД-02-30-94/19.06.2025,1247552.19,0,1247552.19,
OP-24.001-1847,"Ремонт и реконструкция на съществуваща сграда в Домашен социален патронаж, находящ се в УПИ XVIII, пл. № 1849, кв. 111",Хайредин,Враца,5611,ПРО-2301/11.10.2024,РД-02-30-91/19.06.2025,1533875.64,0,1533875.64,
OP-25.001-0389,Ремонт и рехабилитация на околовръстен път с. Хайредин,Хайредин,Враца,5611,,,0,0,,2776314.91
OP-24.001-0477,"Реконструкция на улица ""Свищовска"" и ул. ""Транспортна"", гр. Габрово",Габрово,Габрово,5701,ПРО-458/19.01.2024,РД-02-30-366/25.03.2024,2991057.50,1500761.92,1490295.58,
OP-24.001-0478,Основен ремонт GAB 1018 /ІІІ – 4403/ – Габрово – Киевци – /ІІІ – 5004/,Габрово,Габрово,5701,ПРО-459/19.01.2024,РД-02-30-368/25.03.2024,2658717.78,500680.00,2158037.78,
OP-24.001-0479,"Благоустрояване на парк ""Баждар"", гр. Габрово",Габрово,Габрово,5701,ПРО-1187/18.03.2024,РД-02-30-445/28.03.2024,2500217.30,498645.87,2001571.43,
OP-24.001-0480,"Изграждане на кръгово кръстовище при бул. ""Васил Априлов"" и ул. ""Юрий Венелин"", гр. Габрово",Габрово,Габрово,5701,ПРО-906/20.02.2024,РД-02-30-367/25.03.2024,1207671.42,967658.14,240013.28,
OP-24.001-0481,"Основен ремонт на улица ""Христо Ботев"", град Габрово",Габрово,Габрово,5701,ПРО-462/19.01.2024,РД-02-30-365/25.03.2024,719387.68,611530.85,107856.83,
OP-24.001-0482,"Проектиране за обект: Водоснабдяване на група села: Седянковци, Свинарски дол, Ветрово, Читаковци, Шипчени и Сейковци, от вътрешната водопроводна мрежа на гр. Габрово",Габрово,Габрово,5701,ПРО-1954/23.08.2024,РД-02-30-1446/24.09.2024,283255.70,97145.46,186110.24,
OP-24.001-0483,"Водоснабдяване на група села: Велковци, Кметчета, Лесичарка, Карали, Костенковци, Стойчовци, Драгомани, Тодорчета, Междене, Узуни и Старилковци от вътрешната водопроводна мрежа на гр. Габрово",Габрово,Габрово,5701,ПРО-1189/18.03.2024,РД-02-30-484/28.03.2024,13589626.91,30023.06,13559603.85,
OP-24.001-0484,"Проектиране за обект: Водоснабдяване на група села: Шарани, Банковци, Гръблевци, Солари, Иванили, Парчовци, Спанци и Гайкини, от вът-решната водопроводна система на гр. Габрово",Габрово,Габрово,5701,ПРО-1955/23.08.2024,РД-02-30-1449/24.09.2024,175373.12,0,175373.12,
OP-24.001-1848,"Водоснабдяване и канализация на район ""Зоопарка"" и зона ""Градище"", гр. Габрово",Габрово,Габрово,5701,ПРО-1651/05.06.2024,РД-02-30-1039/25.06.2024,1827868.48,5251.99,1822616.49,
OP-24.001-1849,"Основен ремонт на пътна естакада в Северната промишлена зона на гр. Габрово за квартал ""Трендафила"", град Габрово",Габрово,Габрово,5701,ПРО-1649/05.06.2024,РД-02-30-1027/25.06.2024,1351855.73,257417.33,1094438.40,
OP-24.001-1850,"Преустройство на част от сграда за социални дейности /част от корпус А и корпус В на бивш Дом ""Майка и дете""/ за обособяване на Център за интегрирани здравно- социални услуги",Габрово,Габрово,5701,ПРО-1648/05.06.2024,РД-02-30-1037/25.06.2024,624798.68,509887.60,114911.08,
OP-24.001-1851,"Аварийно укрепване на терен зад спортно хале на стадион ""Христо Ботев"" – гр. Габрово",Габрово,Габрово,5701,ПРО-1646/05.06.2024,РД-02-30-1034/25.06.2024,406988.34,388071.82,18916.52,
OP-24.001-1852,"Аварийно укрепване на брега на река Янтра при ул. ""Иван Калпазанов"", град Габрово",Габрово,Габрово,5701,ПРО-1644/05.06.2024,РД-02-30-1024/25.06.2024,364806.76,69593.72,295213.04,
OP-24.001-1853,"Аварийно укрепване на пътно платно на ул. ""Негенска"", град Габрово",Габрово,Габрово,5701,ПРО-1645/05.06.2024,РД-02-30-1029/25.06.2024,180997.33,35015.00,145982.33,
OP-24.001-1854,"Нoв парк в кв. ""Младост"", гр. Габрово – УПИ II – за ЕСП училище, кв. 54 по плана на кв. ""Младост"", гр. Габрово – I етап, V част, ПИ 14218.501.1143 по КККР",Габрово,Габрово,5701,ПРО-1647/05.06.2024,РД-02-30-1042/25.06.2024,1480190.00,593548.68,886641.32,
OP-24.001-1855,"Основен ремонт на улица ""Петър Михов"" и прилежащи пространства, гр. Габрово",Габрово,Габрово,5701,ПРО-2065/03.09.2024,РД-02-30-46/16.06.2025,1482746.46,22431.40,1460315.06,
OP-24.001-1856,"Реконструкция на водопровод и възстановяване на настилки по улици в кв. ""Априлово"", гр. Габ-рово – ул. ""Ножарска"", ул. ""Слънчев дол"", ул. ""Казашка"", ул. ""Въстаническа"", пл. ""Добри Пенчев""",Габрово,Габрово,5701,ПРО-1650/05.06.2024,РД-02-30-1033/25.06.2024,1352878.32,266831.27,1086047.05,
OP-24.001-2393,"Изграждане на прожекторна осветителна уредба на терена на стадион ""Христо Ботев"", находящ се в УПИ I (ПИ 14218.515.378), кв. 193, гр. Габ-р--ово, общ. Габрово",Габрово,Габрово,5701,ПРО-2093/05.09.2024,РД-02-30-1920/16.12.2024,939754.48,909275.25,30479.23,
OP-24.001-2394,"Основен ремонт на стадион ""Априлов"", гр. Габ-рово",Габрово,Габрово,5701,ПРО-2178/25.09.2024,РД-02-30-1669/20.11.2024,2747171.28,27818.66,2719352.62,
OP-24.001-2395,"Основен ремонт на общински път GAB1028/GAB1027/ – кв. ""Етъра"" – кв. ""Водици"" – Соколски манастир ""Успение Богородично"", от км 0+000 до км 4+300",Габрово,Габрово,5701,ПРО-2181/25.09.2024,РД-02-30-1625/22.10.2024,3595915.80,0,3595915.80,
OP-24.001-2396,"Основен ремонт на общински път GAB1027/I-5, Габрово – Казанлък/ – кв. ""Етъра"" – кв. ""Шумели"" – кв. ""Ябълка"" от км 0+000 до км 2+025",Габрово,Габрово,5701,ПРО-2179/25.09.2024,РД-02-30-1627/22.10.2024,2000173.84,0,2000173.84,
OP-24.001-2397,"Основен ремонт на общински път GAB2026/I-5, Габрово/ – Борики – Източник /GAB3036/ – км 0+000 до км 8+700",Габрово,Габрово,5701,ПРО-2180/25.09.2024,РД-02-30-1626/22.10.2024,153387.56,61048.25,92339.31,
OP-24.001-2782,"Изграждане на спортен комплекс в кв. ""Трендафил"" в УПИ I, кв. 36, град Габрово",Габрово,Габрово,5701,ПРО-2649/10.03.2025,РД-02-30-216/21.07.2025,4090335.05,0,6135502.57,
OP-24.001-2783,"Благоустрояване пространство между ул. ""Нап-редък"", ул. ""Златна нива"" и ул. ""Зелена ливада"", кв. 58 и УПИ X – общ. обсл., кв. 57",Габрово,Габрово,5701,ПРО-2642/12.02.2025,РД-02-30-215/21.07.2025,882745.43,0,882745.43,
OP-24.001-2784,"Ремонт улично осветление, тротоарни настилки, благоустрояване ул. ""Брянска"" и ул. ""Христо Смирненски""",Габрово,Габрово,5701,ПРО-2915/26.08.2025,,0,0,1501408.61,
OP-24.001-2785,"Хале за карнавална работилница в ПИ с идентификатор 14218.550.196 по КККР, отреден за УПИ I – СП ""БКС"", кв. 31Д по плана на гр. Габрово – 72 част",Габрово,Габрово,5701,ПРО-2474/08.11.2024,РД-02-30-482/30.12.2025,1087517.83,0,1087517.83,
OP-24.001-2786,"Основен ремонт на сградата на Дом на културата, с. Враниловци, община Габрово",Габрово,Габрово,5701,ПРО-2644/12.02.2025,РД-02-30-214/21.07.2025,754155.52,0,754155.52,
OP-24.001-2787,"Основен ремонт на сградата на Народно читалище ""Паисий Хилендарски – 1909"", с. Гъбене, община Габрово",Габрово,Габрово,5701,ПРО-2643/12.02.2025,РД-02-30-227/21.07.2025,196847.37,0,196847.37,
OP-24.001-2788,"Основен ремонт на сградата на Народно читалище ""Христо Ботев – 1923"", с. Драгановци, община Габрово",Габрово,Габрово,5701,ПРО-2646/12.02.2025,РД-02-30-212/21.07.2025,350234.94,0,350234.94,
OP-24.001-2789,"Основен ремонт на сградата на Народно читалище ""Васил Левски – 1922"", с. Яворец, община Габрово",Габрово,Габрово,5701,ПРО-2645/12.02.2025,РД-02-30-222/21.07.2025,296549.29,0,296549.29,
OP-24.001-2790,Основен ремонт на улици в с. Борики,Габрово,Габрово,5701,ПРО-2448/05.11.2024,РД-02-30-44/16.06.2025,1035366.06,0,1035366.06,
OP-24.001-2791,Основен ремонт на улици в с. Враниловци,Габрово,Габрово,5701,ПРО-2446/05.11.2024,РД-02-30-46/16.06.2025,1150406.73,0,1150406.73,
OP-24.001-2792,Основен ремонт на улици в с. Жълтеш,Габрово,Габрово,5701,ПРО-2451/05.11.2024,РД-02-30-49/16.06.2025,460162.69,0,460162.69,
OP-24.001-2793,Основен ремонт на улици в с. Новаковци,Габрово,Габрово,5701,ПРО-2445/05.11.2024,РД-02-30-48/16.06.2025,1035366.06,0,1035366.06,
OP-24.001-2794,Основен ремонт на улици в с. Поповци,Габрово,Габрово,5701,ПРО-2453/05.11.2024,РД-02-30-230/21.07.2025,1150406.73,8589.70,1141817.03,
OP-24.001-2795,Основен ремонт на улици в с. Райновци,Габрово,Габрово,5701,ПРО-2450/05.11.2024,РД-02-30-47/16.06.2025,306775.13,0,306775.13,
OP-24.001-2796,Основен ремонт на улици в с. Стоевци,Габрово,Габрово,5701,ПРО-2447/05.11.2024,РД-02-30-220/21.07.2025,1073712.95,0,1073712.95,
OP-24.001-2797,Основен ремонт на улици в с. Яворец,Габрово,Габрово,5701,ПРО-2449/05.11.2024,РД-02-30-229/21.07.2025,1227100.51,0,1227100.51,
OP-24.001-2798,"Изграждане на улично осветление на ул. ""Д-р Илиев – Детския""",Габрово,Габрово,5701,ПРО-2593/16.12.2024,РД-02-30-224/21.07.2025,140042.85,1457.18,138585.67,
OP-24.001-2799,Изграждане на улично осветление на ул. Житарска,Габрово,Габрово,5701,ПРО-2571/04.12.2024,РД-02-30-226/21.07.2025,29961.70,525.81,29435.89,
OP-24.001-2800,"Изграждане на районно осветление в междублоково пространство на ул. ""Зелена ливада"" от № 16 до № 38",Габрово,Габрово,5701,ПРО-2572/04.12.2024,РД-02-30-218/21.07.2025,77000.56,0,77000.56,
OP-24.001-2801,"Реконструкция и модернизация на плувен басейн в СУ ""Отец Паисий"", град Габрово",Габрово,Габрово,5701,,,0,0,,1346742.82
OP-24.001-2803,"Основен ремонт на ул. ""Палатките"", град Габ-рово",Габрово,Габрово,5701,ПРО-2708/02.06.2025,РД-02-30-213/21.07.2025,665650.90,0,665650.90,
OP-25.001-0390,"Ремонт на обслужващи помещения към басейни в сграда на Природоматематическа гимназия ""Акад. Иван Гюзелев"", град Габрово",Габрово,Габрово,5701,,,0,0,,383468.91
OP-25.001-0391,"Изпълнение на основен ремонт на общински път GAB 2026 / I-5, Габрово/ – Борики – Източник /GAB 3036/ – км 0+000 до км 8+700",Габрово,Габрово,5701,,,0,0,,8691961.98
OP-25.001-0392,"Основен ремонт на ул. ""Индустриална"" от о.т. 113 до о.т. 177 в гр. Габрово",Габрово,Габрово,5701,,,0,0,,3579043.17
OP-25.001-0393,"Изграждане административна сграда, трибуни и паркинг в ПИ 14218.515.378, стадион ""Христо Ботев"" в гр. Габрово",Габрово,Габрово,5701,,,0,0,,3067751.29
OP-24.001-0485,"Реконструкция на общински път GAB3122 /ІІІ – 609, Трявна – Дряново / Царева ливада – Граница общ. (Дряново – Габрово) – Донино – / ІІІ – 5524 /",Дряново,Габрово,5702,ПРО-381/18.01.2024,РД-02-30-423/26.03.2024,1891626.57,1866855.18,0,
OP-24.001-0486,"Реконструкция на общински път GAB3119 /III – 609, Трявна – Царева ливада/ – Бучуковци",Дряново,Габрово,5702,ПРО-319/17.01.2024,РД-02-30-53/20.02.2024,1532853.06,1531833.58,0,
OP-24.001-0487,Реконструкция на висока зона ВВМ в с. Гостилица,Дряново,Габрово,5702,ПРО-241/15.01.2024,РД-02-30-755/26.04.2024,913218.43,653907.41,259311.02,
OP-24.001-0489,"Ремонт и обновяване на площадно пространство, част от ул. ""Стефан Стамболов"" в гр. Дряново",Дряново,Габрово,5702,ПРО-296/16.01.2024,РД-02-30-759/26.04.2024,913218.43,801464.53,111753.90,
OP-24.001-0490,"Подпорна стена на десен бряг на р. Дряновска в района на автогара от съществуваща пасарелка за жп гара до стадион ""Локомотив"" с пешеходна алея",Дряново,Габрово,5702,ПРО-1312/19.04.2024,РД-02-30-1038/25.06.2024,859941.81,469693.03,390248.78,
OP-24.001-0491,Проектиране на Пречиствателна станция за отпадъчни води град Дряново и довеждащ колектор към нея,Дряново,Габрово,5702,ПРО-321/17.01.2024,РД-02-30-756/26.04.2024,278551.82,109927.75,168624.07,
OP-24.001-0492,Водоснабдяване на село Чуково,Дряново,Габрово,5702,ПРО-242/15.01.2024,РД-02-30-54/20.02.2024,252731.58,180967.26,71764.32,
OP-24.001-0493,"Реконструкция на общински пътища/участъци от общински пътища GAB1111, GAB2114, GAB3110, GAB3112, GAB3125, GAB3133, GAB3139, GAB3140 и GAB3142",Дряново,Габрово,5702,ПРО-322/17.01.2024,РД-02-30-18/20.02.2024,173839.24,171098.72,0,
OP-24.001-0494,"Площад, зеленина и паркинг в УПИ I, кв. 83, гр. Дряново",Дряново,Габрово,5702,ПРО-293/16.01.2024,РД-02-30-55/20.02.2024,144347.92,143725.86,0,
OP-24.001-1858,"Ремонт фасади, вътрешен ремонт и вертикална планировка на съществуваща административна сграда – УПИ II, кв. 8 по плана на с. Ганчовец, общ. Дряново, обл. Габрово",Дряново,Габрово,5702,ПРО-1360/07.05.2024,РД-02-30-1032/25.06.2024,227218.11,227214.70,0,
OP-24.001-2804,"Основен ремонт на улица ""Филип Тотьо"" – от ОТ 544 до ОТ 552",Дряново,Габрово,5702,ПРО-2739/17.06.2025,,0,0,74853.13,
OP-24.001-2805,"Основен ремонт на улица ""Панайот Хитов"" – от ОТ 540 до ОТ 551",Дряново,Габрово,5702,ПРО-2738/17.06.2025,,0,0,69637.95,
OP-24.001-2806,"Основен ремонт на улица ""Петър Пармаков"" – от ОТ 523 до ОТ 539",Дряново,Габрово,5702,ПРО-2737/17.06.2025,,0,0,61457.28,
OP-24.001-2807,"Основен ремонт на улица ""Георги Измирлиев"" – от ОТ 524 до ОТ 538",Дряново,Габрово,5702,ПРО-2734/17.06.2025,,0,0,57469.21,
OP-25.001-0394,"Благоустрояване и изграждане на парк в ПИ 23947.501.9767 по КККР на гр. Дряново, за който е отреден УПИ I ""Озеленяване и детска площадка"", кв. 20 по ПУП на гр. Дряново",Дряново,Габрово,5702,ПРО-2889/20.08.2025,,0,0,348343.16,
OP-24.001-0497,"Изграждане на спортно-тренировъчна зала ""Севлиево"", УПИ I /за спортен комплекс към парк ""Казармите""/, кв. 11, гр. Севлиево",Севлиево,Габрово,5703,ПРО-133/10.01.2024,РД-02-30-532/29.03.2024,1480631.75,276367.13,1204283.03,
OP-24.001-0498,"Изграждане на футболно игрище с изкуствена трева, УПИ I, кв. 80 по плана на град Севлиево",Севлиево,Габрово,5703,ПРО-134/10.01.2024,РД-02-30-534/29.03.2024,1029588.46,163050.56,866537.90,
OP-24.001-0499,"Обновяване на прилежащата територия на Дом на културата ""Мара Белчева"" в УПИ IX, кв. 53, гр. Севлиево",Севлиево,Габрово,5703,ПРО-135/10.01.2024,РД-02-30-1006/25.06.2024,907849.86,165648.89,742200.97,
OP-24.001-0500,"Реконструкция на уличните водопроводи в централната градска част на Севлиево, Под-обект: Етап IV, Етап V, Етап VI, Етап VII, Етап VIII, Етап IX, Етап X, Етап XI, Етап XII, Етап XIII, Етап XIV и Етап XV, с обща дължина 2854,00 м",Севлиево,Габрово,5703,ПРО-136/10.01.2024,РД-02-30-535/29.03.2024,834684.00,533273.32,301410.68,
OP-24.001-2398,"Изработване на технически проект за основен ремонт и благоустрояване на улици в община Севлиево, Подобект 3: ""Основен ремонт и благоустрояване на улици с. Ряховците""; 3.1. Основен ремонт и благоустройство на ул. ""23-и септември""; 3.2. Основен ремонт и благоустрояване на ул. ""Марица""",Севлиево,Габрово,5703,ПРО-2278/09.10.2024,,0,0,83033.80,
OP-24.001-2399,"Изработване на технически проект за основен ремонт и благоустрояване на улици в община Севлиево, Подобект 4: ""Основен ремонт и благоустрояване на улици в с. П. Славейков""; 4.1. Основен ремонт и благоустройство на ул. ""Шипка""; 4.2. Основен ремонт и благо-устрояване на ул. ""Ехо""; 4.3. Основен ремонт и благоустройство на ул. ""Обзор""; 4.4. Основен ремонт и благоустройство на ул. ""Радост""",Севлиево,Габрово,5703,ПРО-2276/09.10.2024,,0,0,79966.05,
OP-24.001-2400,"Изработване на технически проект за основен ремонт и благоустрояване на улици в община Севлиево, Подобект 1: ""Основен ремонт и благоустрояване на улици в с. Крушево""; 1.1. Основен ремонт и благоустройство на ул. ""9 май""; 1.2. Основен ремонт и благоустрояване на ул. ""23 герои""",Севлиево,Габрово,5703,ПРО-2269/09.10.2024,,0,0,75824.59,
OP-24.001-2401,"Изработване на технически проект за основен ремонт и благоустрояване на улици в община Севлиево, Подобект 2: ""Основен ремонт и благоустрояване на улици с. Градница""; 2.1. Основен ремонт и благоустройство на ул. ""Дунав""; 2.2. Основен ремонт и благоустрояване на ул. ""Пирин""",Севлиево,Габрово,5703,ПРО-2277/09.10.2024,,0,0,69637.95,
OP-24.001-3097,"Инженеринг – проектиране, изпълнение на строително- монтажни работи и упражняване на авторски надзор на обект ""Реконструкция на GAB1182""",Севлиево,Габрово,5703,ПРО-2262/08.10.2024,РД-02-30-202/21.07.2025,2152180.92,0,2152180.92,
OP-24.001-3098,"Проектиране, изпълнение на строително-монтажни работи и упражняване на авторски надзор на обект: ""Основен ремонт на улици в град Севлиево""",Севлиево,Габрово,5703,ПРО-2266/09.10.2024,РД-02-30-198/21.07.2025,1851285.64,0,1851285.64,
OP-24.001-3099,"Проектиране, изпълнение на строително-монтажни работи и упражняване на авторски надзор на обект: ""Основен ремонт на улична настилка и водопроводи по улици в град Севлиево""",Севлиево,Габрово,5703,ПРО-2267/09.10.2024,РД-02-30-142/04.07.2025,1826794.76,0,1826794.76,
OP-24.001-3100,"Реконструкция на вътрешноводопроводната мрежа на с. Дамяново, община Севлиево",Севлиево,Габрово,5703,ПРО-2274/09.10.2024,РД-02-30-143/04.07.2025,1710782.63,0,1710782.63,
OP-24.001-3101,"Проектиране, изпълнение на строително-монтажни работи и упражняване на авторски надзор на обект: ""Реконструкция на участък от GAB3161""",Севлиево,Габрово,5703,ПРО-2268/09.10.2024,РД-02-30-204/21.07.2025,1582448.37,0,1582448.37,
OP-24.001-3102,"Проектиране, изпълнение на строително-монтажни работи и упражняване на авторски надзор на обект ""Реконструкция на улица ""Стара планина"" в с. Шумата, община Севлиево""",Севлиево,Габрово,5703,ПРО-2270/09.10.2024,,0,0,920325.39,
OP-24.001-3103,"Проектиране, изпълнение на строително-монтажни работи и упражняване на авторски надзор на обект: ""Реконструкция на участък от GAB1176""",Севлиево,Габрово,5703,ПРО-2275/09.10.2024,РД-02-30-200/21.07.2025,733703.85,0,733703.85,
OP-24.001-0503,"Рехабилитация и/или реконструкция на участък от общински път GAB 2276, община Трявна /с. Престой – с. Бахреци/",Трявна,Габрово,5704,ПРО-397/18.01.2024,РД-02-30-683/04.04.2024,1669879.28,1665711.76,0,
OP-24.001-0504,"Рехабилитация и/или реконструкция на участък от общински път GAB 2276, община Трявна",Трявна,Габрово,5704,ПРО-399/18.01.2024,РД-02-30-13/20.02.2024,1257778.03,1091707.50,166070.53,
OP-24.001-0505,"Рехабилитация и/или реконструкция на участък от общински път GAB 3303, община Трявна",Трявна,Габрово,5704,ПРО-700/01.02.2024,РД-02-30-680/04.04.2024,1049170.94,0,1049170.94,
OP-24.001-0506,"Водоснабдяване поземлени имоти в местности-те Данова поляна и Вареницата, землище Трявна и землище Черновръх, община Трявна, област Габрово",Трявна,Габрово,5704,ПРО-318/17.01.2024,РД-02-30-6/20.02.2024,618356.40,465016.78,153339.62,
OP-24.001-0507,"Благоустрояване на УПИ IX-3067 ""За обществено обслужване и спортни дейности"", кв. 51 по плана на град Трявна""",Трявна,Габрово,5704,ПРО-388/18.01.2024,РД-02-30-677/04.04.2024,343076.85,0,343076.85,
OP-24.001-0508,Изготвяне на технически проект за нуждите на община Трявна,Трявна,Габрово,5704,ПРО-385/18.01.2024,РД-02-30-4/20.02.2024,83442.84,41383.96,42058.88,
OP-24.001-0510,Изготвяне на технически проект за нуждите на община Трявна,Трявна,Габрово,5704,ПРО-395/18.01.2024,РД-02-30-80/20.02.2024,33745.26,16535.18,17210.08,
OP-24.001-0511,Реконструкция на улици в община Трявна – етап 2,Трявна,Габрово,5704,ПРО-1524/16.05.2024,РД-02-30-1000/25.06.2024,101849.34,0,101849.34,
OP-24.001-1859,"Внедряване на мерки за енергийна ефективност в сграда за здравно заведение, находяща се в УПИ I, кв. 23 по плана на гр. Трявна, с административен адрес: ул. ""Лясков дял"" № 1, Етап 1 – Внедряване на мерки за енергийна ефективност в блок 1, блок 2 и блок 3 от сграда за здравно заведение, находяща в УПИ I, кв. 23 по плана на гр. Трявна, с административен адрес ул. ""Лясков дял"" № 1",Трявна,Габрово,5704,ПРО-1494/14.05.2024,РД-02-30-907/04.06.2024,2454201.03,0,2454201.03,
OP-24.001-1860,Изготвяне на технически проект за подмяна на съществуващ довеждащ водопровод Гръбчево – Трявна,Трявна,Габрово,5704,ПРО-1506/15.05.2024,РД-02-30-1009/25.06.2024,14827.46,0,14827.46,
OP-24.001-2808,"Изготвяне на технически проект за рехабилитация и/или реконструкция на улици в с. Престой, община Трявна",Трявна,Габрово,5704,ПРО-2296/11.10.2024,РД-02-30-1688/20.11.2024,26382.66,0,26382.66,
OP-24.001-2809,Изготвяне на технически проект за реконструкция и/или рехабилитация на участък от общински път GAB 2276,Трявна,Габрово,5704,ПРО-2297/11.10.2024,РД-02-30-1685/20.11.2024,16565.86,0,16565.86,
OP-25.001-0395,Основен ремонт и рехабилитация на общински път GAB 3307 в община Трявна,Трявна,Габрово,5704,ПРО-2596/25.09.2025,,0,0,4523399.27,
OP-25.001-0396,Основен ремонт и рехабилитация на участък от общински път GAB 2275 в община Трявна,Трявна,Габрово,5704,ПРО-295725.09.2025,,0,0,2323821.60,
OP-24.001-0512,"Рехабилитация на общински път DOB 1047 с дължина 9130,00 м.л.",Балчик,Добрич,5801,ПРО-394/18.01.2024,,0,0,3575975.42,
OP-24.001-0513,"Рехабилитация на част от водопроводната мрежа в с. Кранево – ул. ""Приморска"" и ул. ""Дунав""",Балчик,Добрич,5801,ПРО-383/18.01.2024,РД-02-30-921/04.06.2024,772817.68,4877.72,767939.96,
OP-24.001-1862,"Рехабилитация на път DOB 1010 (III-902, Оброчище – Кичево/ – Кранево /I-9); у-к от км 0+000 до км 2+253,91",Балчик,Добрич,5801,ПРО-1589/27.05.2024,,0,0,325692.93,
OP-24.001-1863,"Рехабилитация на път DOB 3016 от кръстовище с ул. ""Златко Петков"" по плана на гр. Балчик, до кръстовище с път I-9 (E87)",Балчик,Добрич,5801,ПРО-1590/27.05.2024,,0,0,456788.17,
OP-24.001-1864,"DOB 1047 – / III-296 / – Василево – Балкан-ци – граница община (Ген. Тошево – Балчик) – Дропла – Преспа – Сенокос – Храброво/ DOB 1107 /; участък от с. Дропла (до табелата), общ. Балчик, до граница на землището на с. Василево, общ. Ген. Тошево с дължина 4500,00 метра",Балчик,Добрич,5801,ПРО-1588/27.05.2024,РД-02-30-1801/12.12.2024,1391941.02,275089.94,1116851.08,
OP-24.001-1865,"Изграждане на Спортен комплекс в кв. ""Балик"", Етап 2 – Спортна зала, игрища за волейбол и баскетбол, алейна мрежа",Балчик,Добрич,5801,ПРО-1587/27.05.2024,,0,0,482403.89,
OP-24.001-1866,"Рехабилитация на ул. ""Варненска"" – гр. Балчик – участък от ул. ""Стара планина"" до главен път I-9 (E87); участък от км 0+000 до км 1+481,52 (DOB 1011)",Балчик,Добрич,5801,ПРО-1586/27.05.2024,,0,0,104814.84,
OP-24.001-0514,"Рехабилитация на път DOB /III-296, Генерал Тошево – Василевоа – Каварна/ – с. Средина от км 0+000 до км 4+700; етапност на строителството: Етап I – участък от км 0+005,7 до км 4+030",Генерал Тошево,Добрич,5802,ПРО-934/26.02.2024,РД-02-30-933/04.06.2024,1577335.45,457688.21,1119647.24,
OP-24.001-0515,"Проектиране и авторски надзор на обект: ""Рехабилитация на улица ""Димитър Благоев"" – ""Трети март"", гр. Генерал Тошево""",Генерал Тошево,Добрич,5802,ПРО-1318/24.04.2024,РД-02-30-1155/22.07.2024,25564.59,0,25564.59,
OP-24.001-1867,"Рехабилитация на път DOB3045 /III-296, Генерал Тошево Преселенци/ – с. Писарово от км 0+000 до км 3+500",Генерал Тошево,Добрич,5802,ПРО-1839/08.08.2024,РД-02-30-81/19.06.2025,1373176.61,0,1373176.61,
OP-24.001-1869,"Подобряване на енергийната ефективност на сградата на СУ ""Никола Й. Вапцаров"", гр. Генерал Тошево",Генерал Тошево,Добрич,5802,ПРО-1840/08.08.2024,РД-02-30-78/19.06.2025,512109.95,0,710746.84,
OP-24.001-1870,"Енергийно обновяване на ДГ ""Пролет"" в УПИ I-1884, кв. 104, гр. Генерал Тошево",Генерал Тошево,Добрич,5802,ПРО-1319/24.04.2024,РД-02-30-928/04.06.2024,475092.42,197312.74,277779.68,
OP-25.001-0397,"Подмяна на улични водопроводи в следните населени места на територията на община Генерал Тошево: Подобект 1: Подмяна на водопровод по улица ""Четвърта"", с. Балканци; Подобект 2: Подмяна на водопровод по улица ""Първа"", с. Житен; Подобект 3: Подмяна на водопровод по улица ""Първа"", с. Йовково; Подобект 4: Подмяна на водопровод по улица ""Първа"", с. Равнец; Подобект 5: Подмяна на водопровод по улична мрежа в село Росен – улица ""Първа""; Подобект 6: Подмяна на водопровод по улична мрежа в село Чернооково – улица ""Шеста"", от ок. 5 до ок. 38, и улица ""Десета"" от ок. 38 до ок. 31""; Подобект 7: Подмяна на водопровод по улична мрежа в село Спасово – улица ""Първа"", от ок. 59 до ок. 76""; Подобект 8: Подмяна на водопровод по улична мрежа в село Кардам – улица ""Опъл-ченска""; Подобект 9: Подмяна на водопровод улица ""Първа"", с. Великово",Генерал Тошево,Добрич,5802,,,0,0,,1698358.24
OP-25.001-0398,"Реконструкция на улични настилки в населени места в община Генерал Тошево, както следва: Подобект 1: Улица ""Първа"", с. Пчеларово; Под-обект 2: Улица ""Деветнадесета"", с. Пчеларово; Подобект 3: Улица ""Втора"", с. Василево; Под-обект 4: Улица ""Пета"", с. Василево; Подобект 5: Улица ""Седма"", с. Преселенци; Подобект 6: Улица ""Оборище"", с. Кардам; Подобект 7: Улица ""Осемнадесета"", с. Спасово",Генерал Тошево,Добрич,5802,,,0,0,,709622.00
OP-25.001-0399,"Реконструкция на улични настилки в населени места в община Генерал Тошево, както следва: Подобект 1: Улица ""Четвърта"", с. Балканци; Подобект 2: Улица ""Първа"", с. Житен; Подобект 3: Улица ""Първа"", с. Йовково; Подобект 4: Улица ""Първа"", с. Равнец; Подобект 5: Улица ""Първа"", с. Росен; Подобект 6: Улица ""Опълченска"", с. Кардам; Подобект 7: Улица ""Шеста"" от ок. 5 до ок. 38 и улица ""Десета"" от ок. 38 до ок. 31, с. Чернооково",Генерал Тошево,Добрич,5802,,,0,0,,1115127.59
OP-25.001-0400,Ремонт на път DOB3039 / III – 2904/ Кардам – Спасово / – Рогозина от км 0+000 до км 1+100,Генерал Тошево,Добрич,5802,,,0,0,,411538.84
OP-25.001-0401,Ремонт на път DOB3039 / III – 2904/ Кардам – Спасово / – Чернооково от км 0+000 до км 0+520,Генерал Тошево,Добрич,5802,,,0,0,,194290.91
OP-24.001-0517,Нов облик на централен пазар в град Добрич и прилежащата му територия,Добрич,Добрич,5803,ПРО-617/29.01.2024; ПРО-617(3)/26.08.2024,РД-02-30-131/28.02.2024,6628234.56,1774294.72,4853939.84,
OP-24.001-0518,"Битова канализация в кв. ""Рилци"" – етапи V и VI",Добрич,Добрич,5803,ПРО-618/29.01.2024,РД-02-30-133/28.02.2024,6654566.09,2572820.75,4081745.34,
OP-24.001-0520,"Реконструкция на вътрешноразпределителна водопроводна мрежа за кв. ""Рилци"" – етапи II, III, IV и V, гр. Добрич",Добрич,Добрич,5803,ПРО-620/29.01.2024,РД-02-30-126/28.02.2024; Анекс РД-02-30-126(1)/08.04.2024,6165055.25,2700397.65,3464657.60,
OP-24.001-0521,"Изграждане на нова сграда за Детска градина № 12 ""Щурче"", гр. Добрич",Добрич,Добрич,5803,ПРО-621/29.01.2024,РД-02-30-120/28.02.2024,1896228.20,247781.31,2605585.29,
OP-24.001-0522,"Укрепване на подпорна стена по ул. ""Христо Ботев"" и прилежащото стълбище, реконструкция на ул. ""Христо Ботев"" между бул. ""Русия"" и бул. ""Добруджа"", гр. Добрич",Добрич,Добрич,5803,ПРО-624/29.01.2024,РД-02-30-128/28.02.2024,1043035.44,0,1043035.44,
OP-24.001-0524,"Основен ремонт и обновяване на Огледална зала ""Нели Божкова"", гр. Добрич",Добрич,Добрич,5803,ПРО-627/29.01.2024,РД-02-30-1145/19.07.2024,819856.53,0,819856.53,
OP-24.001-0525,"Реконструкция на сградата на Детска градина № 17 ""Първи юни"", гр. Добрич",Добрич,Добрич,5803,ПРО-628/29.01.2024,РД-02-30-136/28.02.2024,745770.34,0,1146674.30,
OP-24.001-0529,"Основен ремонт на ул. ""Вежен"" в участъка от ул. ""Иван Шишман"" до ул. ""Стефан Караджа"", град Добрич",Добрич,Добрич,5803,ПРО-633/29.01.2024,РД-02-30-142/28.02.2024,399779.12,0,399779.12,
OP-24.001-0530,"Спортно-тренировъчно игрище с естествен терен за футбол и съблекални в парк ""Свети Георги"", гр. Добрич",Добрич,Добрич,5803,ПРО-635/29.01.2024,РД-02-30-154/01.03.2024,354325.27,0,645710.52,
OP-24.001-0533,"Основен ремонт и рехабилитация на ул. ""Вардар"" в участъка между бул. ""Русия"" и ул. ""Никола Петков""",Добрич,Добрич,5803,ПРО-636/29.01.2024,,0,0,214895.98,
OP-24.001-0535,"Изграждане на нова детска площадка на открито в кв. ""Рилци"", гр. Добрич",Добрич,Добрич,5803,ПРО-638/29.01.2024,РД-02-30-135/28.02.2024,132373.47,613.55,131759.92,
OP-24.001-0536,"Основен ремонт на водопроводи и улична настилка по ул. ""Св. св. Кирил и Методий"" – промишлена зона ""Запад"", в участък с дължина 300 м",Добрич,Добрич,5803,ПРО-639/29.01.2024,,0,0,377742.44,
OP-24.001-0537,"Основен ремонт на ул. ""Любен Каравелов"" и ул. ""Сан Стефано"" – кръстовище",Добрич,Добрич,5803,ПРО-640/29.01.2024,,0,0,378611.64,
OP-24.001-0541,"Основен ремонт на детска площадка в градски парк ""Свети Георги"", гр. Добрич",Добрич,Добрич,5803,ПРО-643/29.01.2024,РД-02-30-139/28.02.2024,32313.65,613.55,31700.10,
OP-24.001-2810,"Изграждане на Индустриален парк Добрич, в т.ч. довеждаща и вътрешна техническа инфраструктура, необходима за функционирането му",Добрич,Добрич,5803,ПРО-2937/10.09.2025,РД-02-30-420/11.12.2025,31502891.35,1152613.23,30350278.12,
OP-24.001-0543,"Реконструкция на стадиона в село Дончево, ПИ 22988.45.44, община Добричка, област Добрич",Добричка,Добрич,5804,ПРО-1322/26.04.2024,РД-02-30-1473/08.10.2024,1974609.25,0,1974609.25,
OP-24.001-0544,Основен ремонт на път DOB 1104 /III970/Добрич – Методиево/ – Победа – Полк. Минково – Котленци – Полк. Свещарово – Поп-григорово/,Добричка,Добрич,5804,ПРО-1145/08.03.2024,РД-02-30-1284/15.08.2024,1578358.04,1499420.93,78937.11,
OP-24.001-0545,Рехабилитация на общински път DOB2100 /III – 7106 Карапелит – Гешаново – Кочмар/ Карапелит – Медово – Бенковски /DOB1199 Жегларци – Бенковски – Владимирово/на територията на община Добричка,Добричка,Добрич,5804,ПРО-1146/08.03.2024,РД-02-30-1472/08.10.2024,1482746.46,1171256.74,311489.72,
OP-24.001-0546,"Преустройство на част от сграда на Детска градина ""Здравец"", с. Стожер, в социална инфраструктура",Добричка,Добрич,5804,ПРО-1223/25.03.2024,РД-02-30-1151/19.07.2024,221849.55,140324.87,81524.68,
OP-24.001-2402,Рехабилитация на път DOB1108 – /III-293 Паскалево – Свобода/ – Росеново – Божурово – границата на община Добричка и община Крушари – Лозенец – DOB2176/ на територията на община Добричка – участък от км 2+760 до км 9+350,Добричка,Добрич,5804,ПРО-1941/19.08.2024,РД-02-30-16/16.06.2025,2585603.04,12884.56,2572718.48,
OP-25.001-0402,Основен ремонт на DOB 3101 / ІІ-71/Карапелит-Добрич /- Златия-Самуилово – ІІ-27/ участък от км 4+570 до км 10+140,Добричка,Добрич,5804,ПРО-3067/01.12.2025,,0,0,2683771.08,
OP-25.001-0403,Основен ремонт на път DOB1071 /ІІ-97-граница община Добрич-Добричка-Дончево-Опанец-Драганово/ в участъка от км 1+200 до км 3+280 и от км 4+270 до км 10+242,Добричка,Добрич,5804,ПРО-3063/01.12.2025,,0,0,2710102.62,
OP-25.001-0404,"Рехабилитация на DOB 1199 / ІІІ – 207, Векилски – Кочмар / Жегларци – Граница общ. (Тервел – Добричка) – Бенковски – Владимирово / ІІ – 27 / – от км 10+900 до км 17+530",Добричка,Добрич,5804,ПРО-3066/01.12.2025,,0,0,2221358.71,
OP-25.001-0405,Основен ремонт на DOB 3101 / ІІ-71/Карапелит-Добрич /- Златия-Самуилово – ІІ-27/ – участък от км 0+030 до км 4+570,Добричка,Добрич,5804,ПРО-3065/01.12.2025,,0,0,1545072.94,
OP-25.001-0406,"Рехабилитация на улица 17 и улица 22, включително водопровод и СВО, с. Житница, община Добричка",Добричка,Добрич,5804,ПРО-3064/01.12.2025,,0,0,405505.59,
OP-25.001-0407,"Рехабилитация на улица 26-а, включително водопровод и СВО, в село Паскалево, община Добричка",Добричка,Добрич,5804,ПРО-3062/01.12.2025,,0,0,393081.20,
OP-24.001-0547,"Улична канализация от о.т. 1304 до о.т. 1301 на ул. ""Нефтяник"" и от о.т. 1301 до съществуваща РШ 483 на ул. ""Простор"" в гр. Каварна",Каварна,Добрич,5805,ПРО-73/10.01.2024,РД-02-30-129/28.02.2024,1324603.88,994008.14,330595.74,
OP-24.001-0548,"Доизграждане на водопроводна мрежа по ул. ""Андрей Василев-Амира"" от о.т. 604 до о.т. 615, ул. ""Христо Смирненски"" от о.т. 370 до о.т. 604, ул. ""Христо Ботев"" от о.т. 367 до о.т. 606 в гр. Каварна, в три етапа",Каварна,Добрич,5805,ПРО-72/10.01.2024 ПРО-72(8)/03.10.2024,РД-02-30-144/28.02.2024,718876.38,558840.60,160035.78,
OP-24.001-0549,"Доизграждане на улична мрежа по ул. ""Андрей Василев- Амира"" от о.т. 604 до о.т. 615, ул. ""Христо Смирненски"" от о.т. 370 до о.т. 604, ул. ""Христо Ботев"" от о.т. 367 до о.т. 606 в гр. Каварна, в три етапа",Каварна,Добрич,5805,ПРО-70/10.01.2024,РД-02-30-127/28.02.2024,668258.49,625687.15,42571.34,
OP-24.001-2680,"Изграждане на част от улица ""Стефан Караджа"" от о.т. 83 до о.т. 79, съгласно РП на гр. Каварна, ПИ с идентификатор 35064.501.9506 по КККР на гр. Каварна, общ. Каварна",Каварна,Добрич,5805,ПРО-2553/27.11.2024,РД-02-30-1799/12.12.2024,2356646.54,1635774.65,720871.89,
OP-25.001-0023,"Основен ремонт и реконструкция на надлез, част от ул. ""Добротица"", над ул. ""Черноморска"" в гр. Каварна",Каварна,Добрич,5805,ПРО-3056/24.11.2025,,0,0,3885818.30,
OP-24.001-0550,Рехабилитация на общ. път DOB2171/III–7103/Телериг – Александрия/III-293/от км 0+000 до км 9+150,Крушари,Добрич,5806,ПРО-420/18.01.2024,РД-02-30-155/01.03.2024,4518235.22,847754.66,3670531.69,
OP-24.001-0551,"Рехабилитация на улица ""Първа"" в с. Лозенец, община Крушари, област Добрич",Крушари,Добрич,5806,ПРО-421/18.01.2024,РД-02-30-156/01.03.2024,1757923.75,1474715.35,283208.40,
OP-24.001-0552,"Аварийно-възстановителни работи по дере, с. Северняк, община Крушари, област Добрич",Крушари,Добрич,5806,ПРО-419/18.01.2024; ПРО-419(1)/18.07.2024; ПРО-419(2)/18.07.2024,,0,0,521517.72,
OP-24.001-0553,Основен ремонт на път Безмер – Гуслар (DOB 1192),Тервел,Добрич,5807,ПРО-139/10.01.2024,РД-02-30-1263/15.08.2024,1888712.21,1706085.59,191676.28,
OP-24.001-0554,Основен ремонт на път Жегларци – Бенковски (DOB 1199),Тервел,Добрич,5807,ПРО-140/10.01.2024,РД-02-30-275/19.03.2024,1840650.77,826130.26,1014520.51,
OP-24.001-0555,"Преустройство на сграда, предоставена от МС, в комплекс с общински жилища и трапезария",Тервел,Добрич,5807,ПРО-138/10.01.2024,РД-02-30-1266/15.08.2024,2534985.15,1212884.52,1337822.00,
OP-24.001-0556,"Изграждане на инфраструктура на две новообразувани улици в гр. Тервел – водопровод, канализация, пътна настилка, улично осветление, тротоари",Тервел,Добрич,5807,ПРО-141/10.01.2024,РД-02-30-1106/19.07.2024,511803.17,0,511803.17,
OP-24.001-0557,"Изграждане на площадка за игра в ж.к. ""Изгрев"" в гр. Тервел",Тервел,Добрич,5807,ПРО-142/11.01.2024,РД-02-30-839/20.05.2024; Анекс РД-02-30-839(1)/16.12.2024,137026.22,125563.56,11462.66,
OP-24.001-0558,"Основен ремонт на улица ""18-а"" в с. Зърнево",Тервел,Добрич,5807,ПРО-143/11.01.2024,РД-02-30-273/19.03.2024; Анекс РД-02-30-273(1)/16.12.2024,108393.88,108393.88,0,
OP-24.001-1872,Преустройство на неизползваема сграда на детска градина за превръщането й в общинска пералня,Тервел,Добрич,5807,ПРО-1498/14.05.2024,РД-02-30-1937/18.12.2024,189178.00,0,189178.00,
OP-24.001-1873,"Кръгово кръстовище между улица ""Тича"" /III 207 Ветрино – Кочмар – Тервел – Алфатар/, общински път DOB 3194 Тервел – Полковник Савово и улица ""Цар Калоян"" при входа на град Тервел",Тервел,Добрич,5807,ПРО-1479/13.05.2024,РД-02-30-1265/15.08.2024,148274.65,128245.59,20029.06,
OP-24.001-1874,"Основен ремонт на улица ""Четиринадесета"", с. Жегларци",Тервел,Добрич,5807,ПРО-1535/17.05.2024,РД-02-30-1124/19.07.2024,138048.81,58519.86,79528.95,
OP-24.001-1875,"Основен ремонт на водопреносна мрежа на ул. ""2-ра"" в с. Божан",Тервел,Добрич,5807,ПРО-1593/28.05.2024,РД-02-30-1936/18.12.2024,53685.65,0,53685.65,
OP-24.001-1876,"Основен ремонт на ул. ""Захари Стоянов"" в гр. Тервел",Тервел,Добрич,5807,ПРО-1536/17.05.2024,РД-02-30-1012/25.06.2024,66979.24,62892.88,0,
OP-24.001-1877,Рехабилитация на общински път DOB3193/DOB1192/Безмер – Мали Извор/ІІІ – 7102/,Тервел,Добрич,5807,ПРО-1820/01.08.2024 г.,РД-02-30-1484/08.10.2024,1891268.67,0,1891268.67,
OP-24.001-1878,"Основен ремонт на покриви с номера 4, 8, 9, 10 и изграждане на мълниезащита на покрива на сградата на Общинска администрация – Тервел",Тервел,Добрич,5807,ПРО-1507/15.05.2024,РД-02-30-1007/25.06.2024,46016.27,20032.05,25984.22,
OP-25.001-0408,"Основен ремонт на ул. ""11-а"" в с. Жегларци – от о.т. 13В до о.т. 16",Тервел,Добрич,5807,,,0,0,,217810.34
OP-24.001-0559,Рехабилитация на общински път DOB1226 /III-901 – Тюленово – Горун – I-9/,Шабла,Добрич,5808,ПРО-298/16.01.2024,РД-02-30-240/18.03.2024,3104564.30,3093350.77,0,
OP-24.001-0560,Рехабилитация на общински път DOB2220 /I-9 – Ваклино – Смин – Черноморци – Захари Стояново/,Шабла,Добрич,5808,ПРО-300/16.01.2024,РД-02-30-236/18.03.2024,2645424.19,2351836.97,293587.22,
OP-24.001-0561,"Реконструкция и рехабилитация на водоснабдителни системи и съоръжения в с. Граничар, с. Горун, с. Тюленово",Шабла,Добрич,5808,ПРО-299/16.01.2024,РД-02-30-239/18.03.2024,1763956.99,0,1763956.99,
OP-24.001-0562,"Реконструкция на ул. ""П. Българанов"" и площад ""Червено знаме"", гр. Шабла, в пешеходна зона",Шабла,Добрич,5808,ПРО-302/16.01.2024,РД-02-30-233/18.03.2024,1099277.54,0,1099277.54,
OP-24.001-0563,"Рехабилитация на ул. ""2-ри юни"" и ул. ""Червеноармейска"" в гр. Шабла, общ. Шабла",Шабла,Добрич,5808,ПРО-301/16.01.2024,РД-02-30-230/18.03.2024,838518.69,753809.04,84709.65,
OP-24.001-1879,"Проектиране и авторски надзор за обект: ""Основен ремонт, реконструкция и изграждане на нова техническа инфраструктура в СО ""Къмпинг – Добруджа"", община Шабла""",Шабла,Добрич,5808,ПРО-2497/15.11.2024,РД-02-30-24/16.06.2025,65956.65,0,65956.65,
OP-24.001-1880,"Проектиране и авторски надзор за обект: ""Основен ремонт, реконструкция и изграждане на нова техническа инфраструктура в СО ""Кария"", община Шабла""",Шабла,Добрич,5808,ПРО-2496/15.11.2024,РД-02-30-25/16.06.2025,43971.10,0,43971.10,
OP-24.001-1881,"Проектиране и авторски надзор за обект: ""Рехабилитация на общински път DOB1224 /III-901, Шабла-фар Шабла/ – езеро Шабленско езеро/ и общински път DOB1225 /DOB1224, Шабла – Шабленско езеро/ – езеро Шабленска тузла/""",Шабла,Добрич,5808,ПРО-2495/15.11.2024,,0,0,26382.66,
OP-24.001-1882,"Проектиране и авторски надзор за обект: ""Рехабилитация на общински път DOB2222 /I-9, Дуранкулак-Шабла/- Крапец-къмпинг Карвуна/"", от км 0+000 до км 3+610",Шабла,Добрич,5808,ПРО-2494/15.11.2024,,0,0,21474.26,
OP-24.001-1883,"Проектиране и авторски надзор за обект: ""Основен ремонт, реконструкция и изграждане на нова техническа инфраструктура в гр. Шабла, община Шабла""",Шабла,Добрич,5808,ПРО-2493/15.11.2024,РД-02-30-23/16.06.2025,81806.70,0,81806.70,
OP-25.001-0409,"Доизграждане на ПСОВ гр. Шабла с довеждащи комуникации и частично доизграждане на довеждащ, заустващ канализационен колектор и вътрешна канализационна мрежа по определени улици – II-ри етап: Вътрешна канализационна мрежа по определени улици: L=2772 метра и сградни канализационни отклонения: 160 бр. – КК 1 – ул. ""Търновска"" (DN/ID300; L=999 м); ПИ 83017.504.4076; 4078; 4082; КК 2 – ул. ""Опълченска"" (DN/ID300; L=121 м); ПИ 83017.504.4081; КК 3 – ул. ""2- ри юни"" (DN/ID300; L=119 м); ПИ 83017.504.4083; КК 4 – ул. ""Черно море"" (DN/ID300; L=127 м); ПИ 83017.504.4084; 4089; КК 5 – ул. ""Търновска"" (DN/ID300; L=122 м); ПИ 83017.504.4090; КК 6 – ул. ""Опълченска"" и ул. ""Арда"" (DN/ID300; L=522 м) ПИ 83017.504.4081; 4017; 4085; 4088; КК 7 – ул. ""Ропотамо"" (DN/ID300; L=145 метра); ПИ 83017.504.4087; КК 8 – ул. ""2-ри юни"" (DN/ID300; L=91 метра); ПИ 83017.504.4083; КК 9 – ул. ""2-ри юни"" (DN/ID300; L=139 мет-ра); ПИ 83017.504.4083; КК 10 – ул. ""Мак"" и ул. ""Ропотамо"" (DN/ID300; L=240 метра); ПИ 83017.504.4086; 4098; КК 11 – ул. ""Ропотамо"" (DN/ID300; L=57 метра); ПИ 83017.504.4098; КК 12 – ул. ""Ропотамо"" (DN/ID300; L=90 метра); ПИ 83017.504.4087",Шабла,Добрич,5808,,,0,0,,1533875.64
OP-24.001-0564,Обновяване и модернизиране на градската среда чрез благоустрояване на пешеходна крайречна зона и речното корито на р. Ардинска – гр. Ардино,Ардино,Кърджали,5901,ПРО-1356/02.04.2024,РД-02-30-40/16.06.2025,737282.89,147456.58,589826.31,
OP-24.001-0565,"Реконструкция и модернизация на зрителна зала в НЧ ""Родопска искра"" в гр. Ардино, община Ардино",Ардино,Кърджали,5901,ПРО-1354/02.05.2024,РД-02-30-247/21.07.2025,946401.27,15338.76,931062.51,
OP-24.001-1884,"Реконструкция и рехабилитация на общински път ""KRZ2003/ III-865, п.к. Стояново – Светулка/ – Седларци – Жълтуша – /KRZ1002/"" от км 0+000 до км 5+537",Ардино,Кърджали,5901,ПРО-1353/02.05.2024,РД-02-30-887/04.06.2024,3275335.79,2195449.39,1079886.40,
OP-25.001-0768,Благоустрояване на централната зона на с. Жълтуша,Ардино,Кърджали,5901,ПРО-2837/13.08.2025,РД-02-30-466/30.12.2025,153898.86,0,153898.86,
OP-24.001-0567,"Основен ремонт на улици ""Върбица"" – в участъка ОТ 157 – ОТ 189, ""Антарктида"", ""Григорий Чернобузов"", ""Надежда"", ""Чавдар Войвода"", ""Самуил"" – в участъка ОТ 157 – ОТ 213, ""Алада"" – в участъка ОТ 212 – ОТ 213, ""Кирил и Методий"" – в участъка ОТ 225 – ОТ 511, ""Еделвайс"" – в участъка ОТ 225 – ОТ 251, ""Васил Левски"" – в участъка ОТ 251 – ОТ 253 и ОТ 229 – ОТ 255а, и ""Тракия"" в участъка на ПИ с идент. 20746.501.1126 и 20746.501.1127 по КККР на гр. Джебел, по ПУП на гр. Джебел",Джебел,Кърджали,5902,ПРО-295/16.01.2024,РД-02-30-39/20.02.2024,1193866.54,1185617.00,0,
OP-24.001-0568,Основен ремонт на път KRZ3070 /ІІІ-508 – п.к. І-5 – Джебел/ – Плазище – мах. Горно Плазище от км 0+000 до 0+567; от км 0+593 до км 0+834 и от км 0+868 до км 2+604,Джебел,Кърджали,5902,ПРО-294/16.01.2024,РД-02-30-49/20.02.2024,1021867.95,1015583.74,0,
OP-24.001-0569,"Основен ремонт на ДГ ""Щастливо детство""",Джебел,Кърджали,5902,ПРО-297/16.01.2024,РД-02-30-356/25.03.2024,513797.21,513512.86,0,
OP-24.001-0570,"Благоустрояване на общински парк ""Горичката""",Джебел,Кърджали,5902,ПРО-292/16.01.2024,РД-02-30-378/25.03.2024,387047.95,386608.08,0,
OP-24.001-0571,"Основен ремонт на ДГ ""Изгрев""",Джебел,Кърджали,5902,ПРО-291/16.01.2024,РД-02-30-354/25.03.2024,384491.49,345641.50,38849.99,
OP-24.001-1885,"Изграждане на закрит басейн за минерална вода в УПИ I, кв. 54, по ПУП на гр. Джебел, общ. Джебел /ПИ с идентификатор 20746.501.333 по КККР на гр. Джебел, общ. Джебел",Джебел,Кърджали,5902,ПРО-1321/25.04.2024,РД-02-30-986/14.06.2024,439097.47,438750.20,0,
OP-24.001-1886,"Основен ремонт на градски стадион в УПИ I, кв. 12, по ПУП на гр. Джебел, общ. Джебел /ПИ с идентификатор 20746.501.262 по КККР на гр. Джебел",Джебел,Кърджали,5902,ПРО-1320/25.04.2024,РД-02-30-984/14.06.2024,467218.52,462500.41,0,
OP-24.001-2811,"Основен ремонт на улица ""8-ма"" през ОТ 373А-373Б- 373В-143Б-143А-372А-372Б-380В-380А-381-138-137-136- 142-135-134-463 до ОТ 355А и участък от улица ""6-а"" от ОТ 138-158 до ОТ 159 по ПУП на гр. Джебел, общ. Джебел",Джебел,Кърджали,5902,ПРО-2230/03.10.2024,РД-02-30-84/19.06.2025,705480.54,382118.83,323361.71,
OP-25.001-0102,"Укрепване на скат с подпорна стена L=54 метра в ПИ с идентификатор 207469.17.289 по КККР на гр. Джебел, община Джебел, област Кърджали",Джебел,Кърджали,5902,ПРО-2716/05.06.2025,РД-02-30-303/10.09.2025,465991.42,0,465991.42,
OP-24.001-0572,"Реконструкция и рехабилитация на улична мрежа, тротоари, съоръженията и принадлежностите към тях на територията на община Кирково, село Чакаларово",Кирково,Кърджали,5903,ПРО-607/26.01.2024,РД-02-30-1075/25.06.2024,1382686.63,1049905.65,332780.98,
OP-24.001-0574,"Основно обновяване и модернизация на стадион в с. Бенковски, общ. Кирково, обл. Кърджали",Кирково,Кърджали,5903,ПРО-605/26.01.2024,РД-02-30-110/19.06.2025,977283.30,0,1346078.14,
OP-24.001-0575,Рехабилитация на общински път KRZ3141/KRZ2120/Върбен – Кърчовско/KRZ2121,Кирково,Кърджали,5903,ПРО-606/26.01.2024,РД-02-30-171/04.07.2025,694845.67,0,694845.67,
OP-24.001-0576,"Реконструкция, оборудване и обзавеждане на образователна инфраструктура на територията на община Кирково на обект ДГ ""Дъга"", с. Горно Кирково",Кирково,Кърджали,5903,ПРО-609/26.01.2024,РД-02-30-274/19.03.2024,365624.82,343127.98,22496.84,
OP-24.001-0577,"Реконструкция и рехабилитация на улична мрежа, тротоари, съоръженията и принадлежностите към тях на територията на община Кирково, село Чорбаджийско",Кирково,Кърджали,5903,ПРО-611/26.01.2024,РД-02-30-1071/25.06.2024,333975.86,292405.17,41570.69,
OP-24.001-0578,"Реконструкция на улица ""Димитър Благоев"", с. Кирково, община Кирково",Кирково,Кърджали,5903,ПРО-610/26.01.2024,РД-02-30-272/19.03.2024,333515.69,296318.81,37196.88,
OP-25.001-0410,"Дофинансиране на обект: ""Масивен мост над р. Върбица, включително пътните подходи, при с. Еровете, община Кирково, област Кърджали""",Кирково,Кърджали,5903,,,0,0,,618918.82
OP-25.001-0411,"Основен ремонт на местен път в ПИ 57039.60.157 в землището на с. Подкова, община Кирково",Кирково,Кърджали,5903,,,0,0,,365522.57
OP-24.001-0579,"Рехабилитация на общински път KRZ 1215 Горна Кула – Долна Кула от км 0+000 до км 5+000, първи етап",Крумовград,Кърджали,5904,ПРО-449/19.01.2024,РД-02-30-125/28.02.2024,990014.47,803086.16,186928.31,
OP-24.001-0580,"Изграждане и благоустрояване на улица от ОТ 443 през ОТ 552, 554, 556, 557, 558, 559 до ОТ 560 и от ОТ 558 до ОТ 562 в гр. Крумовград",Крумовград,Кърджали,5904,ПРО-450/19.01.2024,РД-02-30-123/28.02.2024,910866.49,15591.48,895275.01,
OP-24.001-0581,Надстройка на обслужваща сграда за спортен център с многофункционална зала,Крумовград,Кърджали,5904,ПРО-447/19.01.2024,РД-02-30-153/29.02.2024,443596.84,202435.31,241161.53,
OP-24.001-2403,Реконструкция на път HKV2101/HKV2109/Маджарово – границата общ. /Маджарово – Крумовград/ – Бряговец,Крумовград,Кърджали,5904,ПРО-2366/18.10.2024,РД-02-30-375/21.11.2025,1393832.80,0,1393832.80,
OP-24.001-2404,"Основен ремонт на път KRZ 1213 /III-509, Кукуряк – Токачка/ – Пашинци – Бук – Лъжичник от км 0+000 до км 5+560",Крумовград,Кърджали,5904,ПРО-2362/18.10.2024,РД-02-30-166/04.07.2025,1046052.06,222923.26,823128.80,
OP-24.001-2405,"Благоустрояване на част от градски парк с местонахождение: УПИ I, кв. 73, представляващ ПИ с ид. № 39970.501.956 по КК и КР на град Крумовград",Крумовград,Кърджали,5904,ПРО-2370/18.10.2024,РД-02-30-161/04.07.2025,178287.48,81788.22,96499.26,
OP-24.001-2812,"Реконструкция на път KRZ2219/III – 5906, Казак – Голямо Каменяне/ – Черничево – /III – 5904/ – участък от км 0+000 до км 8+028,47",Крумовград,Кърджали,5904,ПРО-2333/16.10.2024,РД-02-30-164/04.07.2025,2706728.09,43439.36,2663288.73,
OP-24.001-0582,Основен ремонт на улици в град Кърджали,Кърджали,Кърджали,5905,ПРО-1160/12.03.2024,РД-02-30-407/26.03.2024,11808286.00,11057482.02,0,
OP-24.001-0583,Основен ремонт на общинска пътна мрежа,Кърджали,Кърджали,5905,ПРО-1159/12.03.2024,РД-02-30-396/26.03.2024,10137435.26,9181345.64,956089.62,
OP-24.001-0584,"Благоустройство на междублокови пространства в най- големия квартал – кв. ""Възрожденци"" – Кърджали",Кърджали,Кърджали,5905,ПРО-1156/12.03.2024,РД-02-30-403/26.03.2024,2340643.10,1051512.19,1289130.91,
OP-24.001-0585,"Основен ремонт и въвеждане на мерки за енергийна ефективност на детски градини в гр. Кърджали /ДГ ""Здравец"", кв. ""Гледка"", ДГ ""Орфей"", кв. ""Веселчане"" и ДГ ""Щастие"", кв. ""Веселчане"", гр. Кърджали/",Кърджали,Кърджали,5905,ПРО-1158/12.03.2024,РД-02-30-486/28.03.2024,1278229.70,0,1278229.70,
OP-25.001-0064,"Изграждане на младежки център в гр. Кърджали, община Кърджали, област Кърджали",Кърджали,Кърджали,5905,,,0,0,0,3036664.74
OP-25.001-0073,"Ремонт и доставка на оборудване и обзавеждане на спортен комплекс ""Арпезос""",Кърджали,Кърджали,5905,,,0,0,0,1840650.77
OP-25.001-0120,"Спортна площадка с фитнес уреди и спортни атракции на открито в кв. ""Байкал"", гр. Кърджали",Кърджали,Кърджали,5905,,,0,0,0,153387.56
OP-24.001-0586,"Преустройство, реконструкция и обновяване на съществуваща обществена сграда ""Лятно кино"" с цел обособяване на многофункционална общественообслужваща сграда с ритуална зала, зали за провеждане на културни дейности и лятно кино",Момчилград,Кърджали,5906,ПРО-437/19.01.2024,РД-02-30-431/26.03.2024,1681945.77,1177402.94,504542.83,
OP-24.001-0587,"Обновяване, реконструкция и архитектурно оформление на Централен градски площад – гр. Момчилград",Момчилград,Кърджали,5906,ПРО-386/18.01.2024,РД-02-30-141/28.02.2024,1370006.60,661811.15,708195.45,
OP-24.001-0588,"Рехабилитация на път KRZ2375/ II – 59, Момчилград – Звездел / – мах. Ауста от км 0+000 до км 1+800 с дължина 1800 м",Момчилград,Кърджали,5906,ПРО-379/17.01.2024,РД-02-30-138/28.02.2024,480818.89,420414.22,0,
OP-24.001-1887,"Основен ремонт на улица ""Капитан Петко войвода"", ул. ""Стара планина"" и ул. ""Чучулига"" в гр. Момчилград и прилежащи площи към тях",Момчилград,Кърджали,5906,ПРО-1751/26.06.2024,РД-02-30-57/16.06.2025,754360.04,298938.41,455421.63,
OP-24.001-1888,"Обект: ""Рехабилитация на общински път KRZ 2378 /II- 59, Звездел – Крумовград/ – Чайка – махала Търнене от км 0+000 до км 3+487""",Момчилград,Кърджали,5906,ПРО-1510/16.05.2024,РД-02-30-892/04.06.2024,553575.72,471615.62,81960.10,
OP-24.001-1889,"Рехабилитация на общински път КRZ2380/КRZ1370, Груево – Летовник/ – Свобода от км 0+000 до км 0+914,42 с дължина 0,9 км",Момчилград,Кърджали,5906,ПРО-1511/16.05.2024,РД-02-30-248/21.07.2025,186110.24,162659.40,23450.84,
OP-24.001-1890,"Благоустрояване на улици в квартали 103, 116, 117, 118, 119, 120, 121, 122, 123, гр. Момчилград, част: ВиК",Момчилград,Кърджали,5906,ПРО-1756/27.06.2024,РД-02-30-56/16.06.2025,1053261.28,737282.89,315978.39,
OP-24.001-1891,Обновяване на Градски парк Момчилград,Момчилград,Кърджали,5906,ПРО-1752/26.06.2024,РД-02-30-249/21.07.2025,1329358.89,526892.48,802466.41,
OP-24.001-1892,"Изграждане на метална конструкция на покрит пазар – обновяване на съществуващ градски пазар в УПИ ІV, кв. 33, гр. Момчилград",Момчилград,Кърджали,5906,ПРО-1696/14.06.2024,РД-02-30-250/21.07.2025,235194.27,235100.63,0,
OP-24.001-0589,"Рехабилитация на път KRZ 12435/II58, Габрово – Комунига/ Черна нива – Ново селище – Бакалите – /KRZ1343/ от км 0+000 до км 2+460",Черноочене,Кърджали,5907,ПРО-1151/11.03.2024,РД-02-30-656/03.04.2024,825889.78,533185.33,0,
OP-24.001-0590,"Изграждане на площад със сцена в кв. 7, паркоустрояване и благоустрояване с места за спорт и отдих по плана на с. Черноочене – център",Черноочене,Кърджали,5907,ПРО-1152/11.03.2024,РД-02-30-657/03.04.2024; Анекс РД-02-30-657(1)/04.11.2025,836217.87,132561.36,703656.51,
OP-24.001-0591,"Рехабилитация на път KRZ 1434 (/KRZ1433 Черноочене Севдалина/Бели вир Каняк/KRZ1432/) – отбивка за село Яворово, община Черноочене",Черноочене,Кърджали,5907,ПРО-1153/11.03.2024,РД-02-30-43/16.06.2025,404789.78,0,404789.78,
OP-24.001-2813,"Благоустрояване и основен ремонт на улици от о.т. 16 до о.т. 8, улица от о.т. 104 до о.т. 91, улица от о.т. 76 до о.т. 75, УПИ II и IV от кв. 14, УПИ III от кв. 15 и детска площадка в УПИ II, кв. 20 по КРП на с. Черноочене, общ. Черноочене",Черноочене,Кърджали,5907,ПРО-2347/17.10.2024,РД-02-30-1660/20.11.2024,1189469.43,0,1189469.43,
OP-25.001-0093,"Основен ремонт на общински път З 2437/ИИ-58, Комунига – Тополово/Паничково, общ. Черноочене, обл. Кърджали",Черноочене,Кърджали,5907,ПРО-2735/17.06.2025,РД-02-30-307/16.09.2025,717240.25,120979.53,596260.72,
OP-24.001-0592,Рехабилитация и реконструкция на общински пътища – път KNL1013,Бобов дол,Кюстендил,6001,ПРО-1197/20.03.2024,РД-02-30-1672/20.11.2024,4916378.21,0,4916378.21,
OP-24.001-0593,"Реконструкция и рехабилитация на съществуващи улици: ул. ""В. Левски"" от път III-602 (Б. дол – Бабино) от о.т. 49- 48-364-378-43, ул. ""Дъбрава"" от път III-602 (Б. дол – Бабино), кръстовище с ул. ""Ал. Янев"" от о.т. 31-34-37, ул. ""Дунав"" от път III-602 (Б. дол – Бабино) от о.т. 73-74-75, ул. ""Ал. Стамболийски"" от път III-623 (Б. дол – Жедна) от о.т. 114-111-63-61, тротоари и принадлежности към тях в гр. Бобов дол",Бобов дол,Кюстендил,6001,ПРО-941/26.02.2024,РД-02-30-1678/20.11.2024,1006017.91,210293.91,795724.00,
OP-24.001-0594,Рехабилитация и реконструкция на общински пътища – път KNL1016,Бобов дол,Кюстендил,6001,ПРО-1201/20.03.2024,РД-02-30-1668/20.11.2024,1376193.23,254222.19,1121971.04,
OP-24.001-0595,"Рехабилитация и реконструкция на улична мрежа в община Бобов дол, Бобов дол, вкл. проектиране – ул. ""Д. Благоев""",Бобов дол,Кюстендил,6001,ПРО-1503/14.05.2024,РД-02-30-1535/09.10.2024,1364535.77,0,1364535.77,
OP-24.001-0597,"Подпорни стени – ул. ""Георги Димитров"" при УПИ III- 147 и УПИ IV-146, гр. Бобов дол",Бобов дол,Кюстендил,6001,ПРО-1328/30.04.2024,РД-02-30-151/04.07.2025,1022583.76,0,1022583.76,
OP-24.001-0598,"Рехабилитация и реконструкция на улична мрежа в община Бобов дол, Бобов дол, вкл. проектиране – ул. ""Св. Спас""",Бобов дол,Кюстендил,6001,ПРО-1499/14.05.2024,РД-02-30-147/24.09.2024,682267.89,0,682267.89,
OP-24.001-0599,"Аварийно укрепване на ската западно на улица ""Свилен Русев"" в обхвата на блок № 57, № 58 и № 59, кв. ""Миньор"", град Бобов дол – IIб етап",Бобов дол,Кюстендил,6001,ПРО-975/27.02.2024; ПРО-975(1)/24.04.2024; ПРО-975(3)/12.06.2024,РД-02-30-1539/09.10.2024,280750.37,273315.59,0,
OP-24.001-0600,"Рехабилитация и реконструкция на улична мрежа в община Бобов дол, Бобов дол, вкл. проектиране – ул. ""Стефан Стамболов""",Бобов дол,Кюстендил,6001,ПРО-1501/14.05.2024,РД-02-30-1538/09.10.2024,545804.08,0,545804.08,
OP-24.001-0601,"Подпорни стени – ул. ""Георги Димитров"", при о.т. 106- 107, гр. Бобов дол",Бобов дол,Кюстендил,6001,ПРО-1327/30.04.2024,РД-02-30-152/04.07.2025,434598.10,0,434598.10,
OP-24.001-0602,"Водопровод в гр. Бобов дол – Довеждащ водопровод от Хлораторно, ул. ""Хаджи Димитър"" до ул. ""Ал. Стамболийски"", кв. Христо Ботев – 1400 м",Бобов дол,Кюстендил,6001,ПРО-1624/04.06.2024,РД-02-30-1788/12.12.2024,429485.18,0,429485.18,
OP-24.001-0603,"Водопровод в гр. Бобов дол – Довеждащ водопровод от Хлораторно до ул. ""Георги Димит-ров"" – 1400 м",Бобов дол,Кюстендил,6001,ПРО-1626/04.06.2024,РД-02-30-1824/13.12.2024,429485.18,0,429485.18,
OP-24.001-0604,"Рехабилитация и реконструкция на улична мрежа в община Бобов дол, Бобов дол, вкл. проектиране – ул. ""Стубело""",Бобов дол,Кюстендил,6001,ПРО-1504/14.05.2024,РД-02-30-1826/13.12.2024,409340.28,0,409340.28,
OP-24.001-0605,"Водопровод в гр. Бобов дол – Водопровод по ул. ""Стубело"", ул. ""Ивайло"", ул. ""Антим I"" – 1300",Бобов дол,Кюстендил,6001,ПРО-1628/04.06.2024,РД-02-30-1822/13.12.2024,398807.67,0,398807.67,
OP-24.001-0606,"Водопровод в гр. Бобов дол – Водопровод по ул. ""Георги Димитров"" от о.т. до о.т. и кв. ""Южен – бл. 71, 72, 73, 74"" – 900",Бобов дол,Кюстендил,6001,ПРО-1625/04.06.2024,РД-02-30-1791/12.12.2024,276097.62,0,276097.62,
OP-24.001-0607,"Рехабилитация и реконструкция на улична мрежа в община Бобов дол, Бобов дол, вкл. проектиране – ул. ""Никола Вапцаров""",Бобов дол,Кюстендил,6001,ПРО-1500/14.05.2024,РД-02-30-1541/09.10.2024,238773.31,0,238773.31,
OP-24.001-0608,"Водопровод в гр. Бобов дол – Довеждащ водопровод от Хлораторно, ул. с о.т. (Хоспис Бобов дол) до Градски парк – 700 м",Бобов дол,Кюстендил,6001,ПРО-1632/04.06.2024,РД-02-30-1777/12.12.2024,214742.59,0,214742.59,
OP-24.001-0609,"Рехабилитация и реконструкция на улична мрежа в община Бобов дол, Бобов дол, вкл. проектиране – ул. с о.т. 31-33, с. Мала Фуча",Бобов дол,Кюстендил,6001,ПРО-1496/14.05.2024,РД-02-30-1542/09.10.2024,170566.97,0,170566.97,
OP-24.001-0610,"Водопровод в гр. Бобов дол – Водопровод по ул. ""Цар. Симеон"" – 540",Бобов дол,Кюстендил,6001,ПРО-1629/04.06.2024,РД-02-30-1829/13.12.2024,165658.57,0,165658.57,
OP-24.001-0611,"Рехабилитация и реконструкция на улична мрежа в община Бобов дол, Бобов дол, вкл. проектиране – ул. ""Кокиче"" с о.т. 30-19-18, с. Мламолово",Бобов дол,Кюстендил,6001,ПРО-1495/14.05.2024,РД-02-30-1533/09.10.2024,158449.35,0,158449.35,
OP-24.001-0612,"Подпорни стени – ул. ""Алекси Янев"", гр. Бобов дол – Наличен проект и РС",Бобов дол,Кюстендил,6001,ПРО-1191/19.03.2024,РД-02-30-1536/09.10.2024,120255.85,0,120255.85,
OP-24.001-0613,"Водопровод в гр. Бобов дол – Водопровод по ул. ""Пролет"" – 350",Бобов дол,Кюстендил,6001,ПРО-1627/04.06.2024,РД-02-30-1819/13.12.2024,107371.30,0,107371.30,
OP-24.001-0614,"Рехабилитация и реконструкция на улична мрежа в община Бобов дол, Бобов дол, вкл. проектиране – ул. ""Еделвайс"" от о.т. до о.т., кв. Христо Ботев",Бобов дол,Кюстендил,6001,ПРО-1502/14.05.2024,РД-02-30-1397/24.09.2024,102360.63,0,102360.63,
OP-24.001-0616,"Водопровод в гр. Бобов дол – Довеждащ водопровод от Хлораторно до ул. ""Димитър Благоев"" – 300 м",Бобов дол,Кюстендил,6001,ПРО-1631/04.06.2024,РД-02-30-1786/12.12.2024,92032.54,0,92032.54,
OP-24.001-0617,"Рехабилитация и реконструкция на улична мрежа в община Бобов дол, Бобов дол, вкл. проектиране – ул. с о.т. 378-387, кв. Хр. Ботев",Бобов дол,Кюстендил,6001,ПРО-1497/14.05.2024,РД-02-30-1394/24.09.2024,68206.34,0,68206.34,
OP-24.001-0619,"Водопровод в гр. Бобов дол – Довеждащ водопровод от Хлораторно до Хидрофор, кв. Миньор – 200 м",Бобов дол,Кюстендил,6001,ПРО-1635/04.06.2024,РД-02-30-1830/13.12.2024,61355.03,0,61355.03,
OP-24.001-0620,"Рехабилитация и реконструкция на улична мрежа в община Бобов дол, Бобов дол, вкл. проектиране – ул. ""Иван Вазов""",Бобов дол,Кюстендил,6001,ПРО-1630/04.06.2024,РД-02-30-153/04.07.2025,477239.84,0,477239.84,
OP-24.001-0621,"Водопровод в гр. Бобов дол – Водопровод по ул. ""Люляк"" – 140",Бобов дол,Кюстендил,6001,ПРО-1633/04.06.2024,РД-02-30-1779/12.12.2024,42948.52,0,42948.52,
OP-24.001-0622,"Водопровод в гр. Бобов дол – Водопровод по ул. ""Младост"" – 130",Бобов дол,Кюстендил,6001,ПРО-1636/04.06.2024,РД-02-30-1833/13.12.2024,39880.77,0,39880.77,
OP-24.001-0623,"Подпорни стени – ул. ""Миньорска"" при УПИ I-111, с. Мламолово",Бобов дол,Кюстендил,6001,ПРО-1326/30.04.2024,РД-02-30-1409/24.09.2024,15338.76,0,15338.76,
OP-24.001-1893,"Реконструкция и рехабилитация на ул. ""27-ми октомври"" – централна градска част, гр. Бобов дол",Бобов дол,Кюстендил,6001,ПРО-1634/04.06.2024,РД-02-30-1790/12.12.2024,613550.26,0,613550.26,
OP-25.001-0412,"Проектиране: Изработване на инвестиционен проект за водоснабдяване на община Бобов дол, обл. Кюстендил с обхват Помпена станция от язовир Дяково, довеждащи и отвеждащи водопроводи, Пречиствателна станция за питейни води и резервоар за питейни води",Бобов дол,Кюстендил,6001,,,0,0,,690244.04
OP-24.001-0624,"Основен ремонт на канализация с. Блажево и канализация по ул. ""Г. С. Раковски"" – гр. Бобошево",Бобошево,Кюстендил,6002,ПРО-736/02.02.2024,РД-02-30-327/25.03.2024,2359663.16,229665.97,2129997.19,
OP-24.001-0625,"Изпълнение на инженеринг (проектиране, осъществяване на авторски надзор и изпълнение на СМР) за обект: ""Реконструкция и основен ремонт на масивна двуетажна сграда – Детска градина ""Здравец"", гр. Бобошево",Бобошево,Кюстендил,6002,ПРО-735/02.02.2024; ПРО-735(2)/19.08.2024,РД-02-30-289/19.08.2025,525710.31,0,525710.31,
OP-24.001-2689,"Реконструкция на улици и улична водопроводна мрежа на територията на гр. Бобошево и с. Слатино, община Бобошево",Бобошево,Кюстендил,6002,ПРО-2855/14.08.2025,,0,0,2083003.12,
OP-25.001-0095,"Реконструкция и основен ремонт на масивна сграда – хижа ""Пионер"", гр. Бобошево, община Бобошево, област Кюстендил",Бобошево,Кюстендил,6002,ПРО-2860/14.08.2025,,0,0,674905.28,
OP-24.001-0626,"Рехабилитация на водоснабдителна система на с. Джерман, общ. Дупница, обл. Кюстендил, и връзка с възможност за аварийно захранване",Дупница,Кюстендил,6003,ПРО-1299/08.04.2024,РД-02-30-1333/02.09.2024,1640940.16,267698.11,1373242.05,
OP-24.001-0627,"Строително-ремонтни дейности на социално-спортно съоръжение – стадион ""Бончук""",Дупница,Кюстендил,6003,ПРО-1005/01.03.2024,РД-02-30-1511/08.10.2024,1265447.41,632342.51,633104.90,
OP-24.001-2406,"Реконструкция на съществуващата водопроводна мрежа на с. Самораново, община Дупница",Дупница,Кюстендил,6003,ПРО-1917/15.08.2024; ПРО-1917(1)/19.08.2024,РД-02-30-1336/02.09.2024,4334937.09,1976679.95,2358257.14,
OP-24.001-2814,"Реконструкция на улична водопроводна мрежа на село Яхиново, община Дупница",Дупница,Кюстендил,6003,ПРО-2746/20.06.2025,РД-02-30-369/07.11.2025,3817305.19,808611.09,3008694.10,
OP-24.001-2815,"Реконструкция и подмяна на водопроводната мрежа в гр. Дупница, етап 1: по продължението на ул. ""Родопи"", ул. ""Бузлуджа"", ул. ""Акад. Петър Динеков"", ул. ""Иван Шишман"", ул. ""Ал. Стамболийски"", ул. ""Росица"", ул. ""Искър"", ул. ""Вл. Димитров – Майстора"", ул. ""Паничище""",Дупница,Кюстендил,6003,ПРО-2747/20.06.2025,,0,0,1152451.90,
OP-24.001-2816,"Проектиране, основен ремонт и подмяна на водопроводна мрежа на ул. ""Драгой Болярин"", ул. ""Свобода"" и ул. ""Атанасий Чолаков"" в гр. Дупница",Дупница,Кюстендил,6003,ПРО-2744/20.06.2025,,0,0,494930.54,
OP-24.001-2818,"Ремонт и преустройство на плувен басейн при ОУ ""Климент Охридски"" гр. Дупница, ул. ""Венелин"" № 92",Дупница,Кюстендил,6003,ПРО-2745/20.06.2025,,0,0,985770.75,
OP-25.001-0413,Ремонт и преустройство на общинска сграда за административни услуги,Дупница,Кюстендил,6003,,,0,0,,1605456.51
OP-25.001-0414,Изграждане на Младежки парк,Дупница,Кюстендил,6003,,,0,0,,1036899.94
OP-24.001-0628,"Реконструкция на улични водопроводи на с. Пороминово, общ. Кочериново",Кочериново,Кюстендил,6004,ПРО-1148/11.03.2024,РД-02-30-1220/22.07.2024,684313.05,507397.52,176915.53,
OP-24.001-0629,"Реконструкция на улични водопроводи на с. Бараково, общ. Кочериново",Кочериново,Кюстендил,6004,ПРО-1147/11.03.2024,РД-02-30-1221/22.07.2024,558126.22,376971.86,181154.36,
OP-24.001-0630,Спортна площадка за комбиниран спорт,Кочериново,Кюстендил,6004,ПРО-1206/21.03.2024,РД-02-30-1466/08.10.2024,236165.72,0,236165.72,
OP-24.001-1894,"Рехабилитация на участъци от вътрешна водопроводна мрежа на гр. Кочериново, област Кюстендил",Кочериново,Кюстендил,6004,ПРО-1391/09.05.2024,РД-02-30-1217/22.07.2024,2087297.98,2055621.32,31676.66,
OP-24.001-1895,"Рехабилитация на общински път KNL3087 (/KNL1086/ – Стоб – Пороминово – /KNL1084/) от км 2+470 до км 5+100, община Кочериново, област Кюстендил, Етап I км 2+470 до км 4+100",Кочериново,Кюстендил,6004,ПРО-1403/09.05.2024,РД-02-30-1686/20.11.2024,991599.47,27742.14,963857.33,
OP-24.001-2407,"Рекултивация на общинско депо за неопасни битови отпадъци, находящо се в землището на с. Бараково, община Кочериново, част Биологична рекултивация",Кочериново,Кюстендил,6004,ПРО-1993/27.08.2024,РД-02-30-1468/08.10.2024,34358.81,0,34358.81,
OP-24.001-2408,"Изработване на инвестиционен проект за обект: ""Реконструкция на улични водопроводи на с. Стоб, община Кочериново, област Кюстендил""",Кочериново,Кюстендил,6004,ПРО-1932/16.08.2024,РД-02-30-1464/08.10.2024,33233.97,0,33233.97,
OP-24.001-2409,"Изработване на инвестиционен проект за обект: ""Реконструкция на улични водопроводи на с. Мурсалево, община Кочериново, област Кюстендил""",Кочериново,Кюстендил,6004,ПРО-1933/16.08.2024,РД-02-30-1465/08.10.2024,30677.51,0,30677.51,
OP-24.001-2410,"Изработване на инвестиционен проект ""Ремонт на съществуваща Детска градина ""Ален мак"", гр. Кочериново, община Кочериново, област Кюстендил""",Кочериново,Кюстендил,6004,ПРО-1985/26.08.2024,РД-02-30-1467/08.10.2024,25564.59,25564.59,0,
OP-24.001-2819,"Актуализация на технически проект ""Комплексен проект за изграждане на инженерна инфраструктура на гр. Кочериново: Подобект: Изграждане на пречиствателна станция за отпадъчни води за гр. Кочериново и с. Бараково, находяща се в ПИ 02748.113.913 по КККР на с. Бараково, община Кочериново; Подобект: Изграждане на канализация за гр. Кочериново",Кочериново,Кюстендил,6004,ПРО-2466/06.11.2024,РД-02-30-154/04.07.2025,20247.16,0,20247.16,
OP-25.001-0415,"Проектиране, изпълнение на строителство и авторски надзор за обект: ""Изграждане на напорен резервоар за ПБН – 1200 м3 и изграждане на водопровод до новоизградения резервоар, намиращ се в землище на с. Стоб, община Кочериново""",Кочериново,Кюстендил,6004,,,0,0,,650363.27
OP-24.001-0631,"Преустройство и реконструкция на Художествена галерия ""Владимир Димитров – Майстора"" – СМР и строителен надзор",Кюстендил,Кюстендил,6005,ПРО-1277/08.04.2024; ПРО-1277(2)/22.08.2024,РД-02-30-1346/04.09.2024; Анекс РД-02-30-1346(1)/13.10.2025,10154972.57,2183329.50,7971643.07,
OP-24.001-0632,"Основен ремонт на сградата на Езикова гимназия ""Доктор Петър Берон"", Етап I.2 – Въвеждане на мерки за енергийна ефективност; Етап II – Ремонт на инсталации, в УПИ I, кв. 127, гр. Кюстендил, авторски и строителен надзор",Кюстендил,Кюстендил,6005,ПРО-1205/21.03.2024,РД-02-30-1347/04.09.2024,3049498.17,1450773.69,1598724.48,
OP-24.001-0633,"Обновяване и реконструкция на Зоопарк ""Кюстендил""",Кюстендил,Кюстендил,6005,ПРО-1278/08.04.2024,РД-02-30-1112/19.07.2024; Анекс РД-02-30-1112(1)/20.11.2024; Анекс РД-02-30-1112(2)/13.10.2025,2908472.96,1472261.92,1436211.04,
OP-24.001-0634,"Реконструкция на водопроводна мрежа от напорен резервоар до о.т. 143а, по път III-601 (от о.т. 113б до о.т. 150), по ул. ""Възход"" (от о.т. 143а до о.т. 37), по ул. ""Пионер"" (от о.т. 37 до о.т. 40), по ул. ""Христо Божички"" (от о.т. 143а до о.т. 33), по ул. ""Младост"" (от о.т. 33 до о.т. 36), село Соволяно, общ. Кюстендил",Кюстендил,Кюстендил,6005,ПРО-1297/08.04.2024,РД-02-30-1712/20.11.2024,1304663.49,998669.91,305993.58,
OP-24.001-0635,"Реконструкция на водопроводна мрежа по път III-637 (от о.т. 225 до о.т. 126), по път III-637 (от о.т. 122 до о.т. 8), по ул. ""Драговищенско шосе"" (от о.т. 8 до о.т. 47), с. Драговищица, общ. Кюстендил",Кюстендил,Кюстендил,6005,ПРО-1281/08.04.2024,РД-02-30-1113/19.07.2024; Анекс РД-02-30-1113(1)/16.12.2024,540179.87,485266.14,0,
OP-24.001-0637,"Основен ремонт на съществуващи улици ведно с водопровод, тротоари и пътно платно на територията на гр. Кюстендил: етап II – ул. ""Уилям Гладстон"" в участъка между бул. ""Александър Стамболийски"" и ул. ""Свети Мина""; етап III – ул. ""Нов живот"" в участъка между бул. ""Цар Освободител"" и ул. ""Сливница"", авторски и строителен надзор",Кюстендил,Кюстендил,6005,ПРО-1295/08.04.2024; ПРО-1295(1)/19.06.2024; ПРО-1295(3)/22.08.2024,РД-02-30-1350/12.09.2024; Анекс РД-02-30-1350(1)/20.11.2024,581543.39,241849.28,339694.11,
OP-24.001-0639,"Проект за ""Основен ремонт и реконструкция на 70 км общинска пътна мрежа и съоръжения на територията на община Кюстендил""",Кюстендил,Кюстендил,6005,ПРО-1296/08.04.2024,РД-02-30-1907/16.12.2024,349723.65,0,349723.65,
OP-24.001-0641,"Проект за ""Улици и съпътстваща инфраструктура по ПУП за м. Хисарлъка"", гр. Кюстендил",Кюстендил,Кюстендил,6005,ПРО-1279/08.04.2024; ПРО-1279(2)/13.06.2024; ПРО-1279(3)/22.08.2024,РД-02-30-1348/04.09.2024,131913.31,0,131913.31,
OP-24.001-0643,"Проучване и проектиране на ""Укрепване на алеи и улици в гр. Кюстендил и м. Хисарлъка""",Кюстендил,Кюстендил,6005,ПРО-1292/08.04.2024,РД-02-30-964/14.06.2024; Анекс РД-02-30-964(1)/08.10.2024,81602.18,0,81602.18,
OP-24.001-0646,"Основен ремонт на сграда с идентификатор 17680.501.59.1 по КККР, авторски и строителен надзор",Кюстендил,Кюстендил,6005,ПРО-2087/04.09.2024,РД-02-30-1527/09.10.2024,178952.16,89320.65,89631.51,
OP-24.001-0647,"Обследване и технически проект за ""ВиК на с. Коняво, вкл. ПСОВ""",Кюстендил,Кюстендил,6005,ПРО-1291/08.04.2024,РД-02-30-955/14.06.2024; Анекс РД-02-30-955(1)/08.10.2024,46016.27,0,46016.27,
OP-24.001-0648,"Проект за ""Спортен комплекс ""Странджата"", вкл. многофункционална спортна зала"" в УПИ I, кв. 11, гр. Кюстендил",Кюстендил,Кюстендил,6005,ПРО-1282/08.04.2024,РД-02-30-957/14.06.2024,76693.78,0,76693.78,
OP-24.001-0649,"Проект за ""Реконструкция на водовземни съоръжения и водопроводна мрежа на с. Радловци, вкл. ПСПВ""",Кюстендил,Кюстендил,6005,ПРО-1290/08.04.2024,РД-02-30-1354/12.09.2024,32824.94,6563.62,26261.32,
OP-24.001-0650,"Обследване и технически проект за ""ВиК на с. Пиперков чифлик, вкл. ПСОВ""",Кюстендил,Кюстендил,6005,ПРО-1289/08.04.2024,РД-02-30-1353/12.09.2024,35279.14,7055.83,28223.31,
OP-24.001-0651,"Проект за ""Реконструкция на водовземното съоръжение и водопроводната мрежа на с. Граница, вкл. ПСПВ""",Кюстендил,Кюстендил,6005,ПРО-1288/08.04.2024,РД-02-30-1352/12.09.2024,36455.11,7289.78,29165.33,
OP-24.001-0652,"Проект за ""Корекция на 680 м от р. Банщица на територията на гр. Кюстендил – продължение на изградената корекция – до моста на околовръстния път""",Кюстендил,Кюстендил,6005,ПРО-1285/08.04.2024,РД-02-30-950/14.06.2024; Анекс РД-02-30-950(1)/08.10.2024,42948.52,0,42948.52,
OP-24.001-0653,"Проект за ""Реконструкция на водопроводната мрежа на с. Горна Гращица, вкл. ПСПВ""",Кюстендил,Кюстендил,6005,ПРО-1287/08.04.2024,РД-02-30-1351/12.09.2024,28683.47,5736.69,22946.78,
OP-24.001-0656,"Проект за ""Основен ремонт на ОДК"" в УПИ I, кв. 325, гр. Кюстендил",Кюстендил,Кюстендил,6005,ПРО-1284/08.04.2024; ПРО-1284(3)/22.08.2024,РД-02-30-1349/04.09.2024,29757.19,0,29757.19,
OP-24.001-0657,"Проект за ""Реконструкция на ВиК мрежата на с. Николичевци, вкл. ПСОВ""",Кюстендил,Кюстендил,6005,ПРО-1286/08.04.2024,РД-02-30-968/14.06.2024; Анекс РД-02-30-968(1)/08.10.2024,24030.72,4806.14,19224.58,
OP-24.001-0658,"Обследване и проект за ""Реконструкция на ВиК на с. Жабокрът, вкл. ПСОВ""",Кюстендил,Кюстендил,6005,ПРО-1298/08.04.2024,РД-02-30-959/14.06.2024; Анекс РД-02-30-959(1)/08.10.2024,24030.72,4806.14,19224.58,
OP-24.001-0659,"Проект за ""Благоустройство на външните пространства, изкуствено осветление и спортни съоръжения, находящи се на територията на спортен комплекс ""Осогово"" в гр. Кюстендил"" в УПИ II, кв. 204, гр. Кюстендил",Кюстендил,Кюстендил,6005,ПРО-1192/19.03.2024,РД-02-30-952/14.06.2024,27354.12,27354.12,0,
OP-24.001-0660,"Проект за ""Траурен обреден дом с прилежащи сгради и ограда на централния траурен парк в Кюстендил""",Кюстендил,Кюстендил,6005,ПРО-1195/19.03.2024,РД-02-30-948/14.06.2024,23008.13,23008.13,0,
OP-24.001-0661,"Проект за ""Улици и съпътстваща инфраструктура по ПУП за Станева махала в м. Хисарлъка"", гр. Кюстендил",Кюстендил,Кюстендил,6005,ПРО-1193/19.03.2024,РД-02-30-947/14.06.2024,18406.51,0,18406.51,
OP-24.001-1896,"Благоустройство на външните пространства, изкуствено осветление и спортни съоръжения, находящи се на територията на спортен комплекс ""Осогово"" в гр. Кюстендил, в УПИ II, кв. 204, гр. Кюстендил, авторски и строителен надзор",Кюстендил,Кюстендил,6005,ПРО-2304/14.10.2024,РД-02-30-1718/20.11.2024,2841964.79,1225969.27,1615995.52,
OP-24.001-2411,"Основен ремонт на ул. ""Дупнишко шосе"", гр. Кюстендил",Кюстендил,Кюстендил,6005,ПРО-2086/04.09.2024,РД-02-30-1723/20.11.2024,920785.55,826550.27,94235.28,
OP-24.001-2412,"Проект за ""Реконструкция на ул. ""Бузлуджа"" в участъка от ул. ""Ефрем Каранов"" до ул. ""Овощарска"", гр. Кюстендил",Кюстендил,Кюстендил,6005,ПРО-2303/14.10.2024,РД-02-30-1713/20.11.2024,61355.03,0,61355.03,
OP-24.001-2413,"Обследване и технически проект за ""ВиК на с. Шишковци""",Кюстендил,Кюстендил,6005,ПРО-2066/04.09.2024,РД-02-30-1525/09.10.2024,23877.33,4969.76,19879.03,
OP-24.001-2414,"Проект за ""Реконструкция на водопроводната мрежа в с. Гюешево"", общ. Кюстендил",Кюстендил,Кюстендил,6005,ПРО-2083/04.09.2024,РД-02-30-1526/09.10.2024,28632.35,0,28632.35,
OP-24.001-2415,"Проект за ""Разширение на Централния гробищен парк в гр. Кюстендил""",Кюстендил,Кюстендил,6005,ПРО-2305/14.10.2024,РД-02-30-1722/20.11.2024,15338.76,0,15338.76,
OP-24.001-2684,"Основен ремонт на ул. ""Цар Освободител"" – вход в гр. Кюстендил от гр. София до първото кръгово кръстовище",Кюстендил,Кюстендил,6005,ПРО-2085/04.09.2024,РД-02-30-1721/20.11.2024,1558571.04,1400629.98,157941.06,
OP-24.001-2820,"Улица с паркинг в м. Хисарлъка, гр. Кюстендил – изграждане (СМР, авторски и строителен надзор)",Кюстендил,Кюстендил,6005,ПРО-2306/14.10.2024,РД-02-30-1905/16.12.2024,689477.10,122676.58,566800.52,
OP-25.001-0416,Траурен обреден дом с прилежащи сгради и ограда на централния траурен парк в Кюстендил,Кюстендил,Кюстендил,6005,ПРО-2900/22.08.2025,,0,0,370942.26,
OP-24.001-0662,Реконструкция и рехабилитация на съществуващи улици в община Невестино,Невестино,Кюстендил,6006,ПРО-567/24.01.2024,РД-02-30-687/04.04.2024,732425.62,0,732425.62,
OP-24.001-0663,"Реконструкция на част от вътрешна улична мрежа на град Рила, осигуряваща свързаност с републикански път III-107 извън границите му, както следва: улица ""Първи май"" о.т. 318-317-316 и улица ""Хан Крум"" о.т. 411-307- 318 до границата с път III-107; улица ""Любен Каравелов"" о.т. 235-236-234-238-239-240-270-271-272-305 до границата с път III-107; улица ""Димо Хаджидимов"" о.т. 234-237-193-174-170-163-155 и улица ""Доктор Спас Стойчев"" о.т. 35-79-80-98-117-116-155-188 до границата с път III-107; улица ""Макаренко"" о.т. 270-269-241 до границата с път III-107",Рила,Кюстендил,6007,ПРО-3049/13.11.2025,,0,0,1238604.58,
OP-24.001-0664,Реконструкция на довеждащ питеен водопровод от село Пастра (хлораторно) до гр. Рила,Рила,Кюстендил,6007,,,0,0,,506332.35
OP-24.001-0665,"Реконструкция на мост на река Рилска в кв. 34, на улица с о.т. 98 – 297, гр. Рила",Рила,Кюстендил,6007,ПРО-3075/02.12.2025,,0,0,253600.77,
OP-24.001-2416,"Реконструкция на съществуваща вътрешна улична мрежа на гр. Рила и съществуващи водоснабдителни (мрежи) и съоръжения към нея на улица ""Георги Кирков"", ""Димитър Благоев"" и улица ""Цар Асен и Петър""",Рила,Кюстендил,6007,ПРО-3074/02.12.2025,,0,0,678228.68,
OP-24.001-2417,"Реконструкция на съществуваща вътрешна улична мрежа на гр. Рила и съществуващи водоснабдителни (мрежи) и съоръжения към нея на улица ""Трети гвардейски полк"", ""Царев връх"" и улица ""Погар""",Рила,Кюстендил,6007,ПРО-3070/02.12.2025,,0,0,576174.82,
OP-24.001-2418,"Реконструкция на съществуваща вътрешна улична мрежа на гр. Рила и съществуващи водоснабдителни (мрежи) и съоръжения към нея на улица ""Опълченска"" и улица ""Христо Ботев""",Рила,Кюстендил,6007,ПРО-3068/02.12.2025,,0,0,489561.98,
OP-24.001-2419,"Реконструкция на съществуваща вътрешна улична мрежа на гр. Рила и съществуващи водоснабдителни (мрежи) и съоръжения към нея на улица ""Васил Демиревски"", ""Цар Самуил"", ""Раковска"", ""Иван Вазов"" и улица ""Майстор Алекси""",Рила,Кюстендил,6007,ПРО-3073/02.12.2025,,0,0,466758.36,
OP-24.001-2420,"Реконструкция на съществуваща вътрешна улична мрежа на гр. Рила и съществуващи водоснабдителни (мрежи) и съоръжения към нея на улица ""Яворов"" и улица, граничеща с УПИ VIII – клуб, кв. 31 до улица ""Яворов""",Рила,Кюстендил,6007,ПРО-3072/02.12.2025,,0,0,206664.18,
OP-24.001-2821,"Реконструкция на съществуваща вътрешна улична мрежа на гр. Рила и съществуващи водоснабдителни (мрежи) и съоръжения към нея на улица ""Мусала"" с о.т. 135 – 132, улица ""Възрожденска"" с о.т. 58 – 98 и улица ""Александър Стамболийски"" с о.т. 112 – 77",Рила,Кюстендил,6007,ПРО-3069/02.12.2025,,0,0,712792.01,
OP-24.001-0666,"Улична канализационна мрежа и довеждащ външен колектор кв. 105-111, гр. Сапарева баня",Сапарева баня,Кюстендил,6008,ПРО-886/16.02.2024,РД-02-30-1055/25.06.2024,1316934.50,942926.46,374039.60,
OP-24.001-0667,Реконструкция на водопровод за допълнително водоснабдяване на с. Сапарево,Сапарева баня,Кюстендил,6008,ПРО-885/16.02.2024,РД-02-30-190/18.03.2024,459907.05,348205.05,0,
OP-24.001-1897,"Покритие на сграда за обществено обслужване с предназначение – амфитеатър, находящ се в град Сапарева баня",Сапарева баня,Кюстендил,6008,,,0,0,,894249.50
OP-24.001-1898,"Реконструкция на второстепенни водопроводни клонове, с. Сапарево, община Сапарева баня (кл.1-10)",Сапарева баня,Кюстендил,6008,ПРО-1768/04.07.2024,РД-02-30-1537/09.10.2024,1028054.59,436013.23,592041.36,
OP-24.001-1899,"Експозиционна сграда ""За културно-историчес-ко наследство"" в град Сапарева баня",Сапарева баня,Кюстендил,6008,ПРО-1769/04.07.2024,РД-02-30-1540/09.10.2024,664986.22,120144.29,544841.93,
OP-24.001-1900,"Строителство, реконструкция и рехабилитация на улици, тротоари, съоръженията и принадлежностите към тях в с. Овчарци, община Сапарева баня",Сапарева баня,Кюстендил,6008,ПРО-2226/03.10.2024,РД-02-30-1902/16.12.2024,506894.77,102610.57,404284.20,
OP-24.001-1901,"Строителство, реконструкция и рехабилитация на улици, тротоари, съоръженията и принадлежностите към тях в с. Ресилово, община Сапарева баня",Сапарева баня,Кюстендил,6008,ПРО-2227/03.10.2024,РД-02-30-1906/16.12.2024,669638.98,135852.54,533786.44,
OP-24.001-1902,"Строителство, реконструкция и рехабилитация на улици, тротоари, съоръженията и принадлежностите към тях в гр. Сапарева баня, община Сапарева баня",Сапарева баня,Кюстендил,6008,ПРО-2768/10.07.2025,,0,0,3557875.68,
OP-24.001-1903,"Реконструкция и рехабилитация на улична мрежа, тротоари, съоръженията и принадлежностите към тях в с. Сапарево, община Сапарева баня",Сапарева баня,Кюстендил,6008,ПРО-2587/10.12.2024,РД-02-30-90/19.06.2025,732579.01,0,732579.01,
OP-24.001-2822,"Довеждащ водопровод за с. Ресилово, захранващ резервоар за висока зона за с. Ресилово, община Сапарева баня",Сапарева баня,Кюстендил,6008,ПРО-2228/03.10.2024,РД-02-30-1898/16.12.2024,927739.12,608040.49,319698.63,
OP-24.001-2823,"Довеждащ водопровод от разпределителна шахта в местността Валявица до бъдещ резервоар 1000 м3 в поземлен имот с идентификатор № 65365.210.994, в местността Рила, и захранващ водопровод от бъдещ резервоар 1000 м3 до съществуващ водопровод ПЕ ф 140 мм в местността Кузни бунар в землището на гр. Сапарева баня",Сапарева баня,Кюстендил,6008,ПРО-2700/22.05.2025,РД-02-30-416/10.12.2025,1022583.76,174832.68,847751.08,
OP-24.001-2824,"Покрит пазар-улица на занаятите върху р. Валявица и благоустрояване на околното пространство на улица ""Валявица"" и улица ""Серафим Йорданов"", включително изграждане на паркинги, гр. Сапарева баня.",Сапарева баня,Кюстендил,6008,,,0,0,,2812105.35
OP-24.001-2825,"Напорен резервоар в ПИ № 65365.210.994 в местност Рила, гр. Сапарева баня",Сапарева баня,Кюстендил,6008,,,0,0,,1022583.76
OP-25.001-0417,"Спортно игрище за баскетбол и спортно многофункционално игрище, закрита сцена, силова спортна площадка, благоустрояване на спортното пространство на училищния двор и реконструкция и реновация на съществуващата ограда в УПИ I – ""за училище"", кв. 32 по плана на с. Овчарци, поземлен имот 53254.501.90 по плана на с. Овчарци, община Сапарева баня",Сапарева баня,Кюстендил,6008,ПРО-3148/12.05.2026,,0,0,0,575714.66
OP-25.001-0418,"Спортни игрища за футбол, баскетбол и волейбол, детска площадка, силова спортна площадка, паркинг за посетители, зона за тенис на маса и надстройка и преустройство на съществуваща сграда – външни тоалетни в ""Съблекални"" в УПИ VII – ""за училище"", кв. 10 по плана за с. Ресилово, поземлен имот с пл. № 395 по плана на с. Ресилово, община Сапарева баня",Сапарева баня,Кюстендил,6008,ПРО-3149/12.05.2026,,0,0,0,766937.82
OP-24.001-0668,"Реконструкция на част от водопроводната мрежа на гр. Априлци, реконструкция на водопроводна мрежа на кв. Видима, етап 1",Априлци,Ловеч,6101,ПРО-342/17.01.2024,РД-02-30-441/27.03.2024,2463148.64,2028784.98,0,
OP-24.001-0669,"Реконструкция на част от водопроводната мрежа на гр. Априлци, реконструкция на водопроводна мрежа на кв. Видима, етап 3",Априлци,Ловеч,6101,ПРО-329/17.01.2024,РД-02-30-473/28.03.2024,737231.76,552767.46,184464.30,
OP-24.001-0670,Изработване на технически проект за изграждане на туристически лифт,Априлци,Ловеч,6101,ПРО-355/17.01.2024,РД-02-30-469/28.03.2024,120153.59,0,120153.59,
OP-25.001-0419,"Реконструкция и рехабилитация на улица ""Курорт"", кв. Видима, гр. Априлци",Априлци,Ловеч,6101,,,0,0,,550150.06
OP-25.001-0420,"Реконструкция и рехабилитация на улици и тротоари и съоръжения и принадлежностите към тях на територията на гр. Априлци, община Априлци"", етап 4: ул. ""Топола""",Априлци,Ловеч,6101,,,0,0,,117085.84
OP-25.001-0421,"Ремонт на улици, съоръженията и принадлежности към тях на територията на община Априлци, Подобект 3: Ремонт на улици, съоръженията и принадлежности към тях в гр. Априлци, кв. Зла река; Подобект 3.1: Ул. ""Зла река""",Априлци,Ловеч,6101,,,0,0,,462207.86
OP-25.001-0422,"Ремонт на улици, съоръженията и принадлежности към тях на територията на община Априлци, Подобект 4: Ремонт на улици, съоръженията и принадлежности към тях в гр. Априлци, кв. Видима; Подобект 4.4: Ул. ""Маринска""",Априлци,Ловеч,6101,,,0,0,,157989.19
OP-24.001-0671,Рехабилитация на улици в община Летница,Летница,Ловеч,6102,ПРО-161/11.01.2024,РД-02-30-223/18.03.2024,1638843.87,1377186.89,0,
OP-24.001-0672,Реконструкция на част от вътрешна водопроводна мрежа и изграждане на канализация в гр. Летница – етапно строителство,Летница,Ловеч,6102,ПРО-145/11.01.2024,РД-02-30-217/18.03.2024,1131488.93,838876.59,292612.34,
OP-24.001-0673,Стадион с обслужваща част – етапно строителство,Летница,Ловеч,6102,ПРО-209/12.01.2024,РД-02-30-214/18.03.2024,593354.23,559700.80,0,
OP-24.001-0674,Подобряване функционалността на Център за настаняване от семеен тип,Летница,Ловеч,6102,ПРО-251/15.01.2024,РД-02-30-210/18.03.2024,83442.84,81020.07,0,
OP-24.001-2422,"Реконструкция на вътрешна водопроводна мрежа на гр. Летница, Първа част – етапно строителство",Летница,Ловеч,6102,ПРО-1942/20.08.2024,РД-02-30-1474/08.10.2024,1665788.95,1281165.25,384623.70,
OP-25.001-0423,"Реконструкция на вътрешна водопроводна мрежа на гр. Летница, Втора част – етапно строителство",Летница,Ловеч,6102,ПРО-2854/14.08.2025,,0,0,859532.78,
OP-24.001-0676,Реконструкция на вътрешна водопроводна мрежа на с. Александрово,Ловеч,Ловеч,6103,ПРО-1795/12.07.2024,РД-02-30-1268/15.08.2024,2228772.44,0,2228772.44,
OP-24.001-0677,Реконструкция на вътрешна водопроводна мрежа на с. Умаревци,Ловеч,Ловеч,6103,ПРО-1790/11.07.2024; ПРО-1790(1)/19.07.2024,РД-02-30-1925/17.12.2024,1363104.16,0,1363104.16,
OP-24.001-0678,Допълнително водоснабдяване на с. Радювене от водопроводна група Черни Осъм,Ловеч,Ловеч,6103,,,0,0,,1242132.50
OP-24.001-0680,"Път LOV 2070 – Участък от улица ""Кубрат"", километър 0+000 до километър 1+680",Ловеч,Ловеч,6103,ПРО-1512/16.05.2024,РД-02-30-1211/22.07.2024,685335.64,0,685335.64,
OP-24.001-0681,"Реконструкция на ВиК мрежата, основен ремонт на уличната мрежа и ландшафтно оформление на зелените площи на ж.к. ""Здравец"", гр. Ловеч",Ловеч,Ловеч,6103,ПРО-908/20.02.2024,РД-02-30-400/26.03.2024,213464.36,15831.94,197632.42,
OP-24.001-0682,"Реконструкция и рехабилитация, включващо въвеждане на енергоспестяващо осветление на улица Баховско шосе, град Ловеч",Ловеч,Ловеч,6103,ПРО-1791/11.07.2024,,0,0,1061441.95,
OP-24.001-0683,Изграждане на вътрешна водопроводна мрежа на с. Александрово,Ловеч,Ловеч,6103,ПРО-2409/29.10.2024,РД-02-30-1933/17.12.2024,44635.78,0,44635.78,
OP-24.001-1904,"Основен ремонт на улична мрежа на кв. ""Кольо Фичето"", гр. Ловеч, улица ""Стара планина""",Ловеч,Ловеч,6103,ПРО-1514/16.05.2024,РД-02-30-1214/22.07.2024,585889.37,300722.08,285167.29,
OP-24.001-1905,"Основен ремонт на улична мрежа на ж.к. ""Младост"", гр. Ловеч, улица 2-79",Ловеч,Ловеч,6103,ПРО-1516/16.05.2024,,0,0,201909.16,
OP-24.001-1906,"Основен ремонт на улична мрежа на ж.к. ""Младост"", гр. Ловеч, улица ""Академик Иван Урумов"" от ОТ 1 – ОТ 82 – ОТ 266",Ловеч,Ловеч,6103,ПРО-1517/16.05.2024,,0,0,290618.31,
OP-24.001-1908,Обследване и основен ремонт на сградата на читалището в с. Дойренци с прилагане на мерки за енергийна ефективност,Ловеч,Ловеч,6103,ПРО-1520/16.05.2024,РД-02-30-1277/15.08.2024,82573.64,0,82573.64,
OP-24.001-1909,Обследване и основен ремонт на сградата на читалището в с. Радювене с прилагане на мерки за енергийна ефективност,Ловеч,Ловеч,6103,ПРО-1521/16.05.2024,РД-02-30-1278/15.08.2024,34000.91,0,34000.91,
OP-24.001-1910,Обследване и основен ремонт на сградата на читалището в с. Славяни с прилагане на мерки за енергийна ефективност,Ловеч,Ловеч,6103,ПРО-1522/16.05.2024,РД-02-30-1271/15.08.2024,44431.26,0,44431.26,
OP-24.001-1911,Обследване и основен ремонт на сградата на читалището в с. Слатина с прилагане на мерки за енергийна ефективност,Ловеч,Ловеч,6103,ПРО-1523/16.05.2024,РД-02-30-1274/15.08.2024,57929.37,0,57929.37,
OP-24.001-1912,"Изработване на работен проект за ""Регионална система за управление на отпадъците за регион Ловеч""",Ловеч,Ловеч,6103,ПРО-1509/16.05.2024,,0,0,2153356.89,
OP-24.001-1913,"Основен ремонт на улична мрежа на ж.к. ""Младост"", гр. Ловеч, улица ""Стара планина""",Ловеч,Ловеч,6103,ПРО-1519/16.05.2024,,0,0,577453.05,
OP-24.001-2423,"Основен ремонт на ул. ""Васил Левски"", гр. Ловеч",Ловеч,Ловеч,6103,ПРО-2176/25.09.2024,,0,0,54912.75,
OP-24.001-2425,"Основен ремонт на улица ""Търговска"" от ОТ 16 до ОТ 110, гр. Ловеч",Ловеч,Ловеч,6103,ПРО-2174/25.09.2024,,0,0,23826.20,
OP-24.001-2427,"Реконструкция на ВиК мрежа и основен ремонт на улица ""Осъмска"" от ОТ 615 до ОТ 1095, гр. Ловеч",Ловеч,Ловеч,6103,ПРО-2168/24.09.2024,,0,0,41210.13,
OP-24.001-2431,Укрепване на подпорна стена с. Слатина – община Ловеч,Ловеч,Ловеч,6103,ПРО-2167/24.09.2024,,0,0,7567.12,
OP-24.001-2437,"Изпълнение на строително-монтажни работи за доизграждане на обект ""Училищна спортна зала и рехабилитация на дворното пространство на ОУ ""Проф. Димитър Димов""",Ловеч,Ловеч,6103,,,0,0,,835093.03
OP-24.001-2826,Изготвяне на инвестиционен проект за основен ремонт на улици в населените места без изградени водопроводни мрежи и съоръжения на територията на община Ловеч,Ловеч,Ловеч,6103,ПРО-2405/29.10.2024,,0,0,169033.10,
OP-24.001-2827,Изготвяне на инвестиционен проект за основен ремонт на улици в населените места с изградени водопроводни мрежи и съоръжения на територията на община Ловеч,Ловеч,Ловеч,6103,ПРО-2406/29.10.2024,,0,0,81397.67,
OP-24.001-2828,Общински център и приют за обработка на безстопанствени кучета на територията на община Ловеч,Ловеч,Ловеч,6103,ПРО-2408/29.10.2024,,0,0,153387.56,
OP-24.001-2829,"Основен ремонт на улици в ж.к. ""Младост"" – ул. 16-99- 1492, ул. 14-24, ул. 33-38-35, ул. 42-73а-250, ул. 11-48-49- 1215-74а",Ловеч,Ловеч,6103,ПРО-2410/29.10.2024,,0,0,2632795.28,
OP-24.001-2830,"Основен ремонт на улици в ж.к. ""Младост"" – ул. 8-56-48, ул. 56-62-49, ул. 62-63-1212, ул. 1024-1023, ул. 1-82-266",Ловеч,Ловеч,6103,ПРО-2411/29.10.2024,,0,0,1660982.81,
OP-24.001-2831,"Основен ремонт на улична мрежа в ж.к. ""Младост"", гр. Ловеч, Подобект квартал ""Кольо Фичето"" – ул. Отец Климент, ул. Кольо Фичето, ул. Пастор Стефан Генев, ул. проф. д-р Стефан Ватев, ул. Одрин, ул. Черно море, ул. Хан Омуртаг, ул. д-р Никола Сяров, ул. Ана Предич",Ловеч,Ловеч,6103,ПРО-2412/29.10.2024,,0,0,2016535.18,
OP-25.001-0424,"Реконструкция на водопроводна и канализационна мрежа, основен ремонт на улична мрежа и ландшафтно оформяне на зелените площи на ж. к. Здравец, гр. Ловеч",Ловеч,Ловеч,6103,,,0,0,,5015671.10
OP-25.001-0425,"Реконструкция на вътрешна водопроводна мрежа на с. Къкрина, община Ловеч",Ловеч,Ловеч,6103,,,0,0,,2324026.12
OP-24.001-0684,Реконструкция/рехабилитация на участък от общински път LOV 1093 – етап 2 (от км 5+000 до км 7+860),Луковит,Ловеч,6104,ПРО-991/29.02.2024,РД-02-30-180/14.03.2024; Анекс РД-02-30-180(1)/14.06.2024,1486325.50,312985.75,1173363.74,
OP-24.001-0685,"Реконструкция, пристрояване, модернизация и внедряване на мерки за енергийна ефективност в сградата на спортна зала ""Христо Ботев"", находяща се в УПИ I – 981, кв. 25, гр. Луковит, община Луковит, с идентификатор № 44327.502.981 по КК на гр. Луковит",Луковит,Ловеч,6104,ПРО-990/29.02.2024,РД-02-30-179/14.03.2024; Анекс РД-02-30-179(1)/04.04.2024; Анекс РД-02-30-179(2)/14.06.2024; Анекс РД-02-30-179(3)/25.11.2024,1959014.84,1764949.20,194065.64,
OP-24.001-1914,"Реконструкция и модернизация на сградата на Детска градина ""Славейче"", село Дерманци, община Луковит (СМР и оборудване)",Луковит,Ловеч,6104,ПРО-1537/17.05.2024,РД-02-30-985/14.06.2024,1582755.15,1241639.85,341127.34,
OP-24.001-1915,"Инженеринг за реконструкция и модернизация на НЧ ""Дико Илиев 1904"", с. Карлуково, община Луковит",Луковит,Ловеч,6104,ПРО-1541/17.05.2024,РД-02-30-1279/15.08.2024,635024.52,327362.81,307661.71,
OP-24.001-1916,"Реконструкция/рехабилитация на участък от общински път LOV 1094 – /LOV 1093, Луковит – жп гара Карлуково/ – Карлуково център, от км 0+000 до км 1+390 – 1,390",Луковит,Ловеч,6104,ПРО-1538/17.05.2024,РД-02-30-994/14.06.2024,781253.99,169379.78,611874.21,
OP-24.001-1917,"Реконструкция/рехабилитация на общински път LOV 1095 – от км 5+110 до км 7+860 – 2,750 км",Луковит,Ловеч,6104,ПРО-1539/17.05.2024,РД-02-30-996/14.06.2024,1504220.71,25155.56,1479065.15,
OP-24.001-1918,"Инженеринг – проектиране, упражняване на авторски надзор и изпълнение на СМР за обект: ""Мултифункционална спортна площадка в УПИ I, кв. 93 по регулационния и кадастрален план на с. Дерманци, община Луковит""",Луковит,Ловеч,6104,ПРО-1540/17.05.2024,РД-02-30-993/14.06.2024,133907.34,133102.98,0,
OP-24.001-2832,"Основен ремонт на улица ""Йордан Йовков"" в град Луковит",Луковит,Ловеч,6104,ПРО-2656/08.04.2025,,0,0,596882.14,
OP-24.001-2833,"Основен ремонт на улица ""Воденичарска"" в град Луковит",Луковит,Ловеч,6104,ПРО-2657/08.04.2025,,0,0,427746.79,
OP-24.001-2834,"Основен ремонт на улица ""Македонска"" в град Луковит",Луковит,Ловеч,6104,ПРО-2655/08.04.2025,,0,0,254521.10,
OP-24.001-2835,"Основен ремонт на улица ""Йосиф Йосифов"" в град Луковит",Луковит,Ловеч,6104,ПРО-2658/08.04.2025,,0,0,214998.24,
OP-24.001-2836,"Основен ремонт на общински път LOV2097/III-305, Садовец – Ъглен /Бежаново – /III-3052/ в участъка от км 0+000 до км 6+399",Луковит,Ловеч,6104,ПРО-2245/04.10.2024,РД-02-30-1749/25.11.2024,7596007.83,114733.90,7481273.93,
OP-24.001-0686,Реконструкция на водоснабдителна мрежа за град Тетевен,Тетевен,Ловеч,6105,ПРО-1024/05.03.2024,РД-02-30-712/05.04.2024,4835133.93,866492.77,3968641.16,
OP-24.001-0687,"Изграждане на захранващо водопроводно трасе за село Глогово, община Тетевен",Тетевен,Ловеч,6105,ПРО-1019/05.03.2024; ПРО-1019[1]/09.05.2024,РД-02-30-980/14.06.2024,2057387.40,22982.57,2034404.83,
OP-24.001-0689,"Основен ремонт на съществуващи спортни площадки на територията на община Тетевен – с. Градежница, с. Глогово и с. Рибарица",Тетевен,Ловеч,6105,ПРО-1030/05.03.2024,РД-02-30-786/26.04.2024; Анекс РД-02-30-786(1)/26.06.2024,281772.96,249169.50,32603.46,
OP-24.001-0690,"Реконструкция на вътрешна водопроводна мрежа в обхвата на квартали № 33, 24, 21, 19, 14, 13, 12, 10, 5 и част от кв. 3 – гр. Тетевен – Етап 2",Тетевен,Ловеч,6105,ПРО-1017/05.03.2024,РД-02-30-788/26.04.2024; Анекс РД-02-30-788(1)/13.12.2024,301150.92,185732.27,115418.65,
OP-24.001-0691,"Реконструкция на сграда на НЧ ""Цачо Ненов – 1897 г."" – с. Гложене",Тетевен,Ловеч,6105,ПРО-1020/05.03.2024; ПРО-1020(1)/09.05.2024,РД-02-30-1082/26.06.2024,822770.90,0,822770.90,
OP-24.001-0692,"Изграждане на дендрологичен горски парк ""Арбуретум"", гр. Тетевен",Тетевен,Ловеч,6105,ПРО-1022/05.03.2024,РД-02-30-1094/26.06.2024,276097.62,0,276097.62,
OP-24.001-0693,"Изграждане на ново мостово съоръжение над река Бели Вит на мястото на съществуващо съоръжение между ОТ 76 и ОТ 75, гр. Тетевен",Тетевен,Ловеч,6105,ПРО-1127/07.03.2024; ПРО-1127[1]/09.05.2024,РД-02-30-1085/26.06.2024,1311770.45,21213.50,1290556.95,
OP-24.001-0694,"Реконструкция на улица Йото Николов Врачев, с. Гложене",Тетевен,Ловеч,6105,ПРО-1029/05.03.2024; ПРО-1029[1]/09.05.2024,РД-02-30-904/04.06.2024,474887.90,21985.55,452902.35,
OP-24.001-0695,"Реконструкция на улица Христо Ботев с ОТ 246-226 и улица Капитан Войновски с ОТ 96-237, с. Черни Вит",Тетевен,Ловеч,6105,ПРО-1036/05.03.2024; ПРО-1036(1)/09.05.2024,РД-02-30-1087/26.06.2024,2078350.37,95100.28,1983250.09,
OP-24.001-0696,Основен ремонт на общински път LOV 2121 /ІІІ – 358/ Тетевен – Бабинци,Тетевен,Ловеч,6105,ПРО-1018/05.03.2024; ПРО-1018[1]/09.05.2024,РД-02-30-1084/26.06.2024,156915.48,70558.28,86357.20,
OP-24.001-0698,"Основен ремонт на общински път LOV 2113 /ІІІ – 358, Рибарица – Тетевен/ – Брязово",Тетевен,Ловеч,6105,ПРО-1027/05.03.2024; ПРО-1027[1]/09.05.2024,РД-02-30-1090/26.06.2024,155892.89,141116.55,0,
OP-24.001-0699,"Основен ремонт на общински път LOV 2111 /III – 358, Рибарица – Тетевен/ – Васильово – мах. Езерото",Тетевен,Ловеч,6105,ПРО-1031/05.03.2024; ПРО-1031[1]/09.05.2024,РД-02-30-1092/26.06.2024,140349.62,125777.80,0,
OP-24.001-0700,Основен ремонт на общински път LOV3114 /III – 358/ Тетевен – м. Козница – паметник Сава Младенов,Тетевен,Ловеч,6105,ПРО-1035/05.03.2024; ПРО-1035(1)/09.05.2024,РД-02-30-932/04.06.2024,2125951.64,96940.94,2029010.70,
OP-24.001-0702,"Основен ремонт на общински път LOV 2115 III – 3701, Ямна – Черни Вит – м. Десеткар – Дивчовото",Тетевен,Ловеч,6105,ПРО-1034/05.03.2024; ПРО-1034[1]/09.05.2024,РД-02-30-937/04.06.2024,1680872.06,0,1680872.06,
OP-24.001-0703,"Частична реконструкция и изграждане на водопроводна мрежа в с. Градежница, община Тетевен",Тетевен,Ловеч,6105,ПРО-1032/05.03.2024; ПРО-1032[1]/9.05.2024,РД-02-30-1086/26.06.2024,112637.60,81755.58,0,
OP-24.001-0704,Основен ремонт на общински път LOV 3120 /I-4 Български извор – Микре/ – Малка Желязна,Тетевен,Ловеч,6105,ПРО-1021/05.03.2024; ПРО-1021[1]/09.05.2024,РД-02-30-1093/26.06.2024,56702.27,50311.12,0,
OP-24.001-0705,"Основен ремонт на общински път LOV2112 III-358, Шипково – Тетевен – Рибарица – паметник Георги Бенковски",Тетевен,Ловеч,6105,ПРО-1033/05.03.2024; ПРО-1033(1)09.05.2024,РД-02-30-940/04.06.2024,1244177.66,50924.67,1193252.99,
OP-24.001-0706,"Основен ремонт на общински път LOV1119 /I-4, Български извор – Микре – Български извор – Галата/",Тетевен,Ловеч,6105,ПРО-1025/05.03.2024; ПРО-1025[1]/09.05.2024,РД-02-30-1091/26.06.2024,29910.58,26587.18,0,
OP-24.001-0707,"Изграждане на рекреационен парк за спорт и отдих в местност Синчец, гр. Тетевен",Тетевен,Ловеч,6105,ПРО-1026/05.03.2024; ПРО-1026[1]/09.05.2024,РД-02-30-1088/26.06.2024,138048.81,6391.15,131657.66,
OP-24.001-0709,Изграждане на конзолен паркинг с дължина 100 м и укрепване на подпорна стена от десния бряг на река Бели Вит по улица Христо Ботев между ОТ 273-270,Тетевен,Ловеч,6105,ПРО-1028/05.03.2024; ПРО-1028[1]/09.05.2024,РД-02-30-1083/26.06.2024,248487.85,0,248487.85,
OP-24.001-1919,"Изграждане на улица ""Ген. Дендевил"" и водопровод, с. Голям извор, община Тетевен",Тетевен,Ловеч,6105,ПРО-1389/09.05.2024,РД-02-30-978/14.06.2024,828292.85,38040.12,790252.73,
OP-24.001-1920,"Реконструкция на улица ""Първомайска"" и водопровод, с. Голям извор, община Тетевен",Тетевен,Ловеч,6105,ПРО-1395/09.05.2024,РД-02-30-890/04.06.2024,552195.23,25523.69,526671.54,
OP-24.001-1921,"Реконструкция на улица ""Цар Самуил"", с. Градежница, община Тетевен",Тетевен,Ловеч,6105,ПРО-1394/09.05.2024,РД-02-30-912/04.06.2024,138048.81,30464.18,107584.63,
OP-24.001-1922,"Основен ремонт на централен площад в с. Български извор, община Тетевен",Тетевен,Ловеч,6105,ПРО-1392/09.05.2024,РД-02-30-974/14.06.2024,358926.90,16616.99,342309.91,
OP-24.001-1923,"Реконструкция на водоснабдителна мрежа за с. Галата, община Тетевен",Тетевен,Ловеч,6105,ПРО-1387/09.05.2024,РД-02-30-944/04.06.2024,1932683.31,36429.55,1896253.76,
OP-24.001-2837,"Реконструкция на улица с ОТ 168-178-179-180-181-182- 245-244-243-248-249-250-251-252-253-254-255-256-257 и ремонт на мостово съоръжение, село Гложене, община Тетевен",Тетевен,Ловеч,6105,,,0,0,,576532.73
OP-24.001-0710,Многофункционална спортна зала – промяна бюджет,Троян,Ловеч,6106,ПРО-1224/26.03.2024; ПРО-1224(2)/05.04.2024,РД-02-30-750/25.04.2024; Анекс РД-02-30-750(1)/17.12.2024,1009290.17,910033.43,99256.74,
OP-24.001-0711,"Реконструкция на централна градска зона – Троян: площад ""Възраждане"" и прилежащ терен – ул. ""Васил Левски"" – ОТ 325-355-665",Троян,Ловеч,6106,ПРО-839/14.02.2024,РД-02-30-417/26.03.2024,3783559.92,0,3783559.92,
OP-24.001-0712,"Транспортна връзка между улица ""Генерал Карцов"" и улица ""Македония"" в участъка от ОТ 942 до ОТ 566, гр. Троян, с подобект Пешеходна връзка – Троян, с местонахождение квартали с № 334, 178 и 318 по плана на град Троян",Троян,Ловеч,6106,ПРО-2388/22.10.2024,РД-02-30-1725/20.11.2024,2896468.51,270725.55,2625742.96,
OP-24.001-0713,"Археологически комплекс ""Состра"" – посетителски център с оборудване и паркинг",Троян,Ловеч,6106,ПРО-1134/07.03.2024,РД-02-30-734/25.04.2024,1111037.26,175309.59,935727.67,
OP-24.001-0714,"Изграждане на дъждовна канализация в ж.к. ""Лъгът"", гр. Троян",Троян,Ловеч,6106,ПРО-2398/28.10.2024,РД-02-30-1724/20.11.2024,1265447.41,0,1265447.41,
OP-24.001-0715,"Основен ремонт на улица ""Любен Каравелов""",Троян,Ловеч,6106,ПРО-836/14.02.2024,РД-02-30-394/26.03.2024,690244.04,0,690244.04,
OP-24.001-0716,"Преустройство на съществуваща кухня в СУ ""Св. Климент Охридски"", гр. Троян, в кухня за обединено хранене (СМР и оборудване)",Троян,Ловеч,6106,ПРО-2387/22.10.2024,РД-02-30-1726/20.11.2024,639114.85,0,639114.85,
OP-24.001-0717,Аварийно укрепване на участък от общински път LOV 1140 с. Орешак – с. Черни Осъм (п. и. 53707.501.9501 по КККР на с. Орешак) – етапно строителство – Етап 2: Укрепване на стена от каменна зидария – ламели 1-8 (от т. 1 до т. 9) и ламели 10-13 (от т. 10 до т. 14),Троян,Ловеч,6106,ПРО-909/21.02.2024,РД-02-30-406/26.03.2024,419259.34,380677.16,0,
OP-24.001-0718,Разширение на Природонаучен музей в с. Черни Осъм,Троян,Ловеч,6106,ПРО-3015/28.10.2025,,0,0,792502.42,
OP-24.001-0720,"Укрепване на участък от общински път за кв. Попишка, гр. Попишка, гр. Троян",Троян,Ловеч,6106,ПРО-1575/23.05.2024,РД-02-30-1297/15.08.2024,260758.86,49314.31,211444.55,
OP-24.001-0721,"Укрепване на участък от общински път на с. Горно Трапе, община – Троян",Троян,Ловеч,6106,ПРО-1576/23.05.2024,РД-02-30-1282/15.08.2024,554751.69,104059.43,450692.26,
OP-24.001-0722,Изграждане на детски площадки на територията на община Троян (4 бр.),Троян,Ловеч,6106,ПРО-1478/13.05.2024,РД-02-30-895/04.06.2024,245420.10,193041.25,52378.85,
OP-24.001-0724,"Подпорна стена при НГПИ ""Венко Колев"", Троян",Троян,Ловеч,6106,,,0,0,,434598.10
OP-24.001-0725,"Изграждане на подпорна стена на ул. ""Генерал Карцов"", с. Балканец",Троян,Ловеч,6106,,,0,0,,315978.38
OP-24.001-0726,"Изграждане на подпорна стена на ул. ""Зюмбилска"", с. Чифлик",Троян,Ловеч,6106,,,0,0,,342565.56
OP-24.001-0727,"Основен ремонт на вила ""Беклеме"" (общинска база за обучение и отдих)",Троян,Ловеч,6106,ПРО-834/14.02.2024,РД-02-30-408/26.03.2024,332339.72,261947.57,70392.15,
OP-24.001-0728,"Реконструкция на общинска сграда, в която се предоставят обществени услуги, представляваща сграда на Кметство с. Голяма Желязна, община Троян, с цел подобряване на нейната енергийна ефективност",Троян,Ловеч,6106,ПРО-1254/01.04.2024 ПРО-2594/17.12.2024,РД-02-30-732/25.04.2024,51129.19,0,158500.48,
OP-24.001-0729,"Реконструкция на пешеходен мост ""Централен площад"", гр. Троян",Троян,Ловеч,6106,ПРО-835/14.02.2024,РД-02-30-392/26.03.2024,158500.48,0,158500.48,
OP-24.001-0730,"Проектиране на изложбени, атракционни и обслужващи площи в Национално изложение на художествените занаяти и изкуствата в с. Орешак за развитие на туристическия потенциал на туристическа дестинация – Троян",Троян,Ловеч,6106,ПРО-1253/01.04.2024,РД-02-30-729/25.04.2024,77716.37,0,77716.37,
OP-24.001-0732,"Проектиране обект ""Изграждане на битова канализация и прилежащите й съоръжения в южната част на гр. Троян""",Троян,Ловеч,6106,ПРО-1254/01.04.2024,РД-02-30-732/25.04.2024,51129.19,0,51129.19,
OP-24.001-0734,Проектиране на основен ремонт на съществуващи двуетажни сгради на ОУ Хаджийски – Троян,Троян,Ловеч,6106,ПРО-1167/14.02.2024,РД-02-30-739/25.04.2024,12782.30,9816.80,0,
OP-24.001-1924,"Основен ремонт на административна сграда, находяща се на ул. ""Г. С. Раковски"" № 55, град Троян – проектиране",Троян,Ловеч,6106,ПРО-1515/16.05.2024,РД-02-30-1117/19.07.2024,29143.64,0,29143.64,
OP-24.001-1925,"Изграждане на детски площадки в ДГ ""Здравец"", гр. Троян",Троян,Ловеч,6106,ПРО-1513/16.05.2024,РД-02-30-1110/19.07.2024; Анекс РД-02-30-1110(1)/17.12.2024,71069.57,63758.61,7310.96,
OP-24.001-1926,"Преустройство на сграда – общинска собственост, в с. Голяма Желязна, община Троян, за здравна служба",Троян,Ловеч,6106,ПРО-1477/13.05.2024,РД-02-30-899/04.06.2024,122710.05,101903.79,20806.26,
OP-24.001-1927,Изграждане на трасе за писта за летен биатлон (ролбан),Троян,Ловеч,6106,ПРО-1681/11.06.2024,РД-02-30-1308/15.08.2024,828292.85,92516.14,735776.71,
OP-24.001-1928,"Продължаване на ул. ""Минко Радковски"" до ""Минко Радковски"" до МБАЛ – проект",Троян,Ловеч,6106,ПРО-1595/29.05.2024,РД-02-30-1304/15.08.2024,12577.78,6442.28,0,
OP-24.001-2839,"Реконструкция на участък от ул. ""Опълченска"", гр. Троян",Троян,Ловеч,6106,,,0,0,0,1521400.12
OP-24.001-2840,"Ремонт и реконструкция на сграда за център за социални услуги в с. Врабево, община Троян",Троян,Ловеч,6106,,,0,0,0,1621306.56
OP-24.001-2841,"Основен ремонт на сградите на кметство и НЧ ""Напредък – 1900 г."" в с. Дълбок дол, община Троян – инженеринг",Троян,Ловеч,6106,ПРО-2526/20.11.2024,РД-02-30-17/16.06.2025,1778528.81,0,1778528.81,
OP-24.001-2842,"Преустройство на част от сграда общинска собственост за читалище в с. Борима, община Троян – инженеринг",Троян,Ловеч,6106,ПРО-2595/17.12.2024,,0,0,893226.92,
OP-24.001-2843,Основен ремонт на градски стадион на гр. Троян и благоустрояване на околното му пространство – инженеринг,Троян,Ловеч,6106,ПРО-2525/20.11.2024,,0,0,1919389.72,
OP-24.001-2844,"Благоустрояване на част от дворното пространство на ОУ ""Христо Ботев"", с. Врабево, община Троян – инженеринг",Троян,Ловеч,6106,ПРО-2524/20.11.2024,,0,0,272007.28,
OP-24.001-2845,"Благоустрояване на терени за озеленяване в централната част на с. Орешак, община Троян – инженеринг",Троян,Ловеч,6106,ПРО-2523/20.11.2024,,0,0,193779.62,
OP-24.001-2846,Проектиране и изграждане на техническа инфраструктура на кв. 368 по регулационния план на гр. Троян – инженеринг,Троян,Ловеч,6106,ПРО-2784/31.07.2025,,0,0,325692.93,
OP-24.001-2847,"Благоустрояване на площадното пространство на с. Калейца, община Троян – инженеринг",Троян,Ловеч,6106,ПРО-2873/18.09.2025,,0,0,182019.91,
OP-24.001-2848,"Вертикална планировка на поземлен имот № 73198.506.390, ж.к. ""Лъгът"", гр. к. ""Лъгът"", гр – Троян",Троян,Ловеч,6106,,,0,0,0,213924.52
OP-24.001-2849,"Вертикална планировка на ж.к. ""Младост"", гр. Троян",Троян,Ловеч,6106,,,0,0,0,1137113.14
OP-24.001-2850,"Вертикална планировка на ж.к. ""Черногор"", гр. Троян",Троян,Ловеч,6106,,,0,0,0,919865.22
OP-24.001-2851,"Площ за обществено ползване в НУ ""Св. св. Кирил и Методий"", гр. Троян – инженеринг",Троян,Ловеч,6106,ПРО-2522/20.11.2024,,0,0,347167.19,
OP-24.001-0735,Рехабилитация и реконструкция на общински път LOV2201 (Бежаново-Ъглен/Драгана),Угърчин,Ловеч,6107,ПРО-1257/03.04.2024,РД-02-30-792/26.04.2024,2888799.13,2586363.63,0,
OP-24.001-0736,"Реконструкция на вътрешна водопроводна мрежа на с. Каленик, община Угърчин",Угърчин,Ловеч,6107,ПРО-1314/23.04.2024,РД-02-30-830/20.05.2024,1227100.51,1227074.95,0,
OP-24.001-0737,"Изграждане на канализационна система по улици: ""Иглика"", ""Юрий Гагарин"", ""Хан Кубрат"", ""Захари Стоянов"", ""Александър Пушкин"", ""Димчо Дебелянов"", ""Скачка"", ""Софроний Врачански"", ""Освобождение"", ""Осогово"", ""Патриарх Евтимий"", ""Пейо К.Яворов"", ""Тракия"", ""Осъм"", ""Цар Калоян"", ""Мара Петлешкова"", ""Шейново"", ""Люлин"" и ""Маргарец"", гр. Угърчин, община Угърчин",Угърчин,Ловеч,6107,ПРО-932/26.02.2024,РД-02-30-207/18.03.2024; Анекс РД-02-30-207(1)/04.04.2024 Анекс РД-02-30-207(2)/02.12.2024,1175408.91,1175415.35,0,
OP-24.001-0738,Реконструкция на външен водопровод от разпределителни шахти при резервоарите на гр. Угърчин до напорен резервоар на с. Драгана,Угърчин,Ловеч,6107,ПРО-1315/24.04.2024,РД-02-30-827/20.05.2024,2921317.29,2054370.78,866946.51,
OP-25.001-0426,"Рехабилитация на общински път LOV1203/111402, Български извор-Борима/-Лесидрен, в участъка от км 0+000 до км 7+300, ЕТАП 1: от км 0+000 до км 3+620",Угърчин,Ловеч,6107,,,0,0,,2382671.30
OP-24.001-0739,"Изграждане и реконструкция на захранващ водопровод и вътрешна водопроводна мрежа в квартал ""Шумака"", гр. Ябланица, Канализация за битово-фекални отпадъчни води, кв. ""Шумака"", гр. Ябланица",Ябланица,Ловеч,6108,ПРО-456/19.01.2024,РД-02-30-659/04.04.2024; Анекс РД-02-30-659(1)/30.12.2025,4921695.65,463923.33,4457772.32,
OP-24.001-0741,"Вътрешна водопроводна мрежа (ВВМ) с. Орешене, общ. Ябланица, главен клон I и тласкателен водопровод",Ябланица,Ловеч,6108,ПРО-457/19.01.2024,РД-02-30-658/04.04.2024; Анекс РД-02-30-658(1)/30.12.2025,2824887.64,508451.89,2316435.75,
OP-24.001-0742,"Реконструкция водопровод по ул. ""Централна"" от ОТ85 до ОТ419, с. Добревци, общ. Ябланица",Ябланица,Ловеч,6108,ПРО-3041/12.11.2025,,0,0,1664255.07,
OP-25.001-0427,"Реконструкция на водоснабдителна система на с. Голяма Брестница, община Ябланица, етап I",Ябланица,Ловеч,6108,,,0,0,,968386.82
OP-25.001-0428,"Инженеринг – проектиране, упражняване на авторски надзор и изпълнение на СМР за обект Реконструкция на общински път LOV 1257",Ябланица,Ловеч,6108,,,0,0,,647704.56
OP-25.001-0429,Изграждане на напорен резервоар Шумака V200 м3,Ябланица,Ловеч,6108,,,0,0,,173123.43
OP-24.001-0743,"Аварийно възстановяване на общински път MON 1026 (Петрохан – о.п. Берковица) – Берковица – (о.п. Берковица – Благово) от км 2+966 до км 5+163,72",Берковица,Монтана,6201,ПРО-2654/03.04.2025,РД-02-30-181/14.07.2025,2203565.75,1806314.76,397250.99,
OP-24.001-0746,"Изграждане на водопровод по ул. ""Средна гора"" – реконструкция на уличното платно и тротоара по плана на гр. Берковица от ОТ 280 до ОТ 311",Берковица,Монтана,6201,ПРО-1307/16.04.2024,РД-02-30-1330/02.09.2024,102514.02,17915.05,84618.81,
OP-24.001-1929,"Реконструкция на ВиК мрежи и обновяване на ул. ""Еделвайс"", ул. ""Грамада"", ул. ""Йордан Йовков"", ул. ""Пирин"", ул. ""Ясен"", ул. ""Странджа"", ул. ""Тополите"" и ул. ""Бор"" в гр. Берковица, общ. Берковица, обл. Монтана",Берковица,Монтана,6201,ПРО-1755/27.06.2024; ПРО-1755(1)/27.06.2024,РД-02-30-1332/02.09.2024,2280821.95,1963247.93,317574.02,
OP-24.001-1930,"Реконструкция и изграждане на ВиК мрежи и рехабилитация на ул. ""Кирил и Методий"", гр. Берковица, община Берковица",Берковица,Монтана,6201,,,0,0,,1742022.57
OP-25.001-0025,"Реконструкция на водопроводна мрежа и обновяване на ул. ""Шабовица"", гр. Берковица",Берковица,Монтана,6201,ПРО-2893/21.08.2025,РД-02-30-496/30.12.2025,951207.42,188208.29,762999.13,
OP-25.001-0026,"Реконструкция на ВиК мрежа и обновяване на ул. ""Лале"", кв. ""Раковица"", гр. Берковица",Берковица,Монтана,6201,ПРО-3107/23.12.2025,РД-02-30-495/30.12.2025,896857.09,171643.10,725213.99,
OP-25.001-0430,"Неотложно аварийно възстановяване на ул.""Кочо Честименски"", гр. Берковица, община Берковица",Берковица,Монтана,6201,ПРО-2888/20.08.2025,РД-02-30-338/15.10.2025,775834.30,683413.44,92420.86,
OP-25.001-0431,"Инженеринг – проектиране, изпълнение на СМР, авторски надзор за обект: Реконструкция, рехабилитация, изграждане на ВиК мрежа и дъждовна канализация на ул. ""1 май"", ул. ""Юсеим Керим"" и ул. ""Мир"" в кв. ""Раковица"", община Берковица",Берковица,Монтана,6201,ПРО-3111/29.12.2025,РД-02-30-500/30.12.2025,2264511.74,0,2264511.74,
OP-25.001-0432,"Реконструкция на пътна настилка на част от ул. ""Липа"", с. Бързия, общ. Берковица",Берковица,Монтана,6201,ПРО-3089/17.12.2025,РД-02-30-494/30.12.2025,338833.13,52446.64,286386.49,
OP-25.001-0433,"Реконструкция на водопровод, открит канал, пътна и тротоарна настилка на ул. ""Калето"", гр. Берковица от о.т. 875 – 36 до о.т. 34 с приблизителна дължина 330 м.",Берковица,Монтана,6201,,,0,0,,425394.85
OP-24.001-0748,Основен ремонт и реконструкция на улична мрежа на територията на община Бойчиновци – 2024 г.,Бойчиновци,Монтана,6202,ПРО-149/11.01.2024,РД-02-30-108/19.06.2025,1022583.76,0,1022583.76,
OP-24.001-1931,Реконструкция и рехабилитация на улична мрежа на територията на община Бойчиновци – 2024 г.,Бойчиновци,Монтана,6202,ПРО-2711/04.06.2025,РД-02-30-408/08.12.2025,2045167.52,0,2045167.52,
OP-25.001-0122,Ремонт на улици на територията на община Бойчиновци,Бойчиновци,Монтана,6202,,,0,0,,766937.82
OP-25.001-0147,Реконструкция и основен ремонт на улична и пътна инфраструктура на територията на община Бойчиновци,Бойчиновци,Монтана,6202,,,0,0,,1022583.76
OP-24.001-0749,Рехабилитация на общински път MON 1062 – /III-112/ – Смирненски – Буковец – Граница на общини (Брусарци – Монтана),Брусарци,Монтана,6203,ПРО-1/08.01.2024,РД-02-30-629/02.04.2024,3067751.29,2760976.16,306775.13,
OP-24.001-2441,"Реконструкция и рехабилитация на общински път MON 1071/III-818/, Вълчедръм – Долни Цибър/ – Разград – Златия – /III-818/, община Вълчедръм, с дължина 6383 м",Вълчедръм,Монтана,6204,ПРО-1944/20.08.2024,РД-02-30-1746/25.11.2024,3192506.51,1552930.93,1639575.58,
OP-24.001-2852,"Основен ремонт, рехабилитация и реконструкция на улична мрежа в с. Долни Цибър, община Вълчедръм",Вълчедръм,Монтана,6204,ПРО-2730/13.06.2025,РД-02-30-368/04.11.2025,1476304.18,229020.91,1247283.27,
OP-24.001-2853,"Реконструкция на водопроводни клонове от вътрешната водопроводна мрежа на град Вълчедръм, община Вълчедръм",Вълчедръм,Монтана,6204,ПРО-2393/24.10.2024,РД-02-30-1821/13.12.2024,1401093.14,1146620.23,254472.91,
OP-24.001-2854,"Основен ремонт на площадно пространство пред Народно читалище ""РАЛО-1891"" – гр. Вълчедръм",Вълчедръм,Монтана,6204,ПРО-2705/30.05.2025,,0,0,58491.79,
OP-25.001-0123,Ремонт на улици на територията на община Вълчедръм,Вълчедръм,Монтана,6204,,,0,0,,766937.82
OP-24.001-0750,"Реконструкция на водопроводна и улична мрежа на бул. ""България"" от о.т. 230 до о.т. 213, гр. Вършец",Вършец,Монтана,6205,ПРО-144/11.01.2024,РД-02-30-1014/25.06.2024,733857.24,603640.14,130217.10,
OP-24.001-0751,"Възстановяване на стоманобетонен мост при път MON3096 над р. Ботуня, гр. Вършец",Вършец,Монтана,6205,ПРО-146/11.01.2024,РД-02-30-676/04.04.2024,551274.91,543955.69,0,
OP-24.001-0752,"Възстановяване на пешеходен мост над р. Ботуня, при пазара, гр. Вършец",Вършец,Монтана,6205,ПРО-147/11.01.2024,РД-02-30-674/04.04.2024,141116.56,140269.90,0,
OP-24.001-0753,"Проектиране и авторски надзор на обект: Реконструкция на водопроводната мрежа в с. Долно Озирово, община Вършец",Вършец,Монтана,6205,ПРО-2499/15.11.2024,РД-02-30-106/19.06.2025,82829.28,67234.88,0,
OP-24.001-0754,"Проектиране и авторски надзор на обект: Доизграждане канализацията на кв. Заножене, гр. Вършец и реконструкция на съпътстваща водопроводна мрежа",Вършец,Монтана,6205,ПРО-2498/15.11.2024,РД-02-30-107/19.06.2025,81806.70,0,67234.88,
OP-24.001-0755,"Проектиране и авторски надзор на обект: Реконструкция на довеждащ водопровод и прилежащи съоръжения от водохващане ""Зелени дел"", гр. Вършец",Вършец,Монтана,6205,ПРО-2502/15.11.2024,РД-02-30-105/19.06.2025,69024.40,0,56753.40,
OP-24.001-0756,"Проектиране и авторски надзор на обект: Реконструкция на съществуващ стадион, лекоатлетическа писта и помощни игрища, гр. Вършец",Вършец,Монтана,6205,ПРО-2501/15.11.2024,РД-02-30-281/31.07.2025,32722.68,32702.23,0,
OP-24.001-0757,Проектиране и авторски надзор на обект: Частична рехабилитация на уличното осветление в населените места на община Вършец,Вършец,Монтана,6205,ПРО-2503/15.11.2024,РД-02-30-210/21.07.2025,27098.47,26628.08,0,
OP-24.001-0759,"Проектиране и авторски надзор на обект: Обновяване на парк ""Слънчева градина"" в гр. Вършец",Вършец,Монтана,6205,ПРО-2500/15.11.2024,РД-02-30-211/21.07.2025,17895.22,17486.18,0,
OP-24.001-1932,"Довършване реконструкцията на водопроводната мрежа на с. Спанчевци, община Вършец",Вършец,Монтана,6205,ПРО-1680/11.06.2024,РД-02-30-1357/20.09.2024,791275.32,780494.00,0,
OP-24.001-1933,"Реконструкция на ул. ""Отец Паисий"" от о.т. 35 до о.т. 22, ул. ""Климент Охридски"" от о.т. 22 до о.т. 163 и ул. ""Александър Стамболийски"" от о.т. 163 до о.т. 217, гр. Вършец",Вършец,Монтана,6205,ПРО-1654/06.06.2024,РД-02-30-1358/20.09.2024,1663334.75,1606496.03,0,
OP-24.001-2855,Проектиране и авторски надзор на обект: Реконструкция на част от уличната мрежа на гр. Вършец,Вършец,Монтана,6205,ПРО-2298/11.10.2024,РД-02-30-1683/20.11.2024,82829.28,0,68308.60,
OP-24.001-2856,Проектиране и авторски надзор на обект: Реконструкция на част от водопроводната мрежа на гр. Вършец,Вършец,Монтана,6205,ПРО-2299/11.10.2024,РД-02-30-1736/25.11.2024,70558.28,50515.64,0,
OP-25.001-0148,Реконструкция на част от водопроводната мрежа на гр. Вършец,Вършец,Монтана,6205,ПРО-2776/29.07.2025,РД-02-30-342/16.10.2025,916183.92,496129.10,420054.82,
OP-25.001-0434,"Реконструкция на водопроводната мрежа в с. Долно Озирово, община Вършец – Етап 2",Вършец,Монтана,6205,ПРО-3026/05.11.2025,,0,0,1278229.70,
OP-25.001-0435,"Реконструкция на част от уличната мрежа на гр. Вършец – ул. ""Втора"" и ул. ""Седма"", бул. ""България"", ул. ""Преслав""",Вършец,Монтана,6205,,,0,0,,1022379.25
OP-24.001-0760,"Рехабилитация/реконструкция на път MON 2112/III- 1024, Говежда – Дълги дел/ – Дива Слатина",Георги Дамяново,Монтана,6206,ПРО-29/09.01.2024,РД-02-30-265/19.03.2024,1178987.95,1060529.49,118458.46,
OP-24.001-0761,"Рехабилитация и частична реконструкция на общински път MON 2111/III-102, Бели мел – Монтана/ – Видлица – Чемиш – Каменна Рикса – I-1 (Е79), от км 0+000 до км 3+060, община Георги Дамяново",Георги Дамяново,Монтана,6206,ПРО-2/08.01.2024,РД-02-30-268/19.03.2024,3382042.41,2547368.83,834673.58,
OP-24.001-0762,"Благоустрояване на улична мрежа в с. Меляне, с. Дълги дел и с. Каменна Рикса, община Георги Дамяново",Георги Дамяново,Монтана,6206,ПРО-2156/18.09.2024,РД-02-30-1798/12.12.2024,505054.12,0,501066.04,
OP-24.001-1934,"Проектиране на обект: Водоснабдяване – реконструкция на вътрешна водопроводна мрежа – с. Видлица, община Георги Дамяново",Георги Дамяново,Монтана,6206,ПРО-2477/11.11.2024,,0,0,19940.38,
OP-24.001-1935,"Проектиране на обект: Водоснабдяване – реконструкция на вътрешна водопроводна мрежа – с. Главановци, община Георги Дамяново",Георги Дамяново,Монтана,6206,ПРО-2483/11.11.2024,,0,0,23519.43,
OP-24.001-1936,"Проектиране на обект: Водоснабдяване – реконструкция на довеждащ водопровод – с. Дълги дел – с. Говежда, община Георги Дамяново",Георги Дамяново,Монтана,6206,ПРО-2480/11.11.2024,,0,0,25564.59,
OP-24.001-1937,"Проектиране на обект: Водоснабдяване – реконструкция на вътрешна водопроводна мрежа – с. Дълги дел, община Георги Дамяново",Георги Дамяново,Монтана,6206,ПРО-2479/11.11.2024,РД-02-30-101/19.06.2025,38346.89,0,38346.89,
OP-24.001-1938,"Проектиране на обект: Водоснабдяване – реконструкция на вътрешна водопроводна мрежа – с. Дива Слатина, община Георги Дамяново",Георги Дамяново,Монтана,6206,ПРО-2481/11.11.2024,,0,0,17895.22,
OP-24.001-1939,"Проектиране на обект: Водоснабдяване – изграждане на довеждащ водопровод – с. Копиловци, община Георги Дамяново",Георги Дамяново,Монтана,6206,ПРО-2482/11.11.2024,РД-02-30-100/19.06.2025,46016.27,0,46016.27,
OP-24.001-1940,"Проектиране на обект: Водоснабдяване – реконструкция на вътрешна водопроводна мрежа – с. Каменна Рикса, община Георги Дамяново",Георги Дамяново,Монтана,6206,ПРО-2484/11.11.2024,РД-02-30-96/19.06.2025,32211.39,0,32211.39,
OP-24.001-1941,"Проектиране на обект: Водоснабдяване – реконструкция на довеждащ водопровод – с. Чемиш, община Георги Дамяново",Георги Дамяново,Монтана,6206,ПРО-2478/11.11.2024,,0,0,5112.92,
OP-24.001-1942,"Проектиране на обект: Водоснабдяване – реконструкция на вътрешна водопроводна мрежа – с. Чемиш, община Георги Дамяново",Георги Дамяново,Монтана,6206,ПРО-2485/11.11.2024,РД-02-30-98/19.06.2025,26587.18,0,26587.18,
OP-24.001-1943,"Проектиране на обект: Рехабилитация и частична реконструкция на общински път MON 2111/III-102, Бели мел – Монтана/ – Видлица – Чемиш – Каменна Рикса – I- 1 (Е79), от км 4+760 до км 7+510, община Георги Дамяново",Георги Дамяново,Монтана,6206,,,0,0,,14060.53
OP-24.001-1944,"Проектиране на обект: Рехабилитация на улична мрежа в село Видлица, община Георги Дамяново",Георги Дамяново,Монтана,6206,,,0,0,,4601.63
OP-24.001-1945,"Проектиране на обект: Рехабилитация на улична мрежа в село Гаврил Геново, община Георги Дамяново",Георги Дамяново,Монтана,6206,,,0,0,,8180.67
OP-24.001-1946,"Проектиране на обект: Рехабилитация на улична мрежа в село Георги Дамяново, община Георги Дамяново",Георги Дамяново,Монтана,6206,,,0,0,,5112.92
OP-24.001-1947,"Проектиране на обект: Рехабилитация на улична мрежа в село Главановци, община Георги Дамяново",Георги Дамяново,Монтана,6206,,,0,0,,5879.86
OP-24.001-1948,"Проектиране на обект: Рехабилитация на улична мрежа в село Говежда, община Георги Дамяново",Георги Дамяново,Монтана,6206,,,0,0,,5624.21
OP-24.001-1949,"Проектиране на обект: Рехабилитация на улична мрежа в село Дълги дел, община Георги Дамяново",Георги Дамяново,Монтана,6206,,,0,0,,4908.40
OP-24.001-1950,"Проектиране на обект: Рехабилитация на улична мрежа в село Каменна Рикса, община Георги Дамяново",Георги Дамяново,Монтана,6206,,,0,0,,12782.30
OP-24.001-1951,"Проектиране на обект: Рехабилитация на улична мрежа в село Копиловци, община Георги Дамяново",Георги Дамяново,Монтана,6206,,,0,0,,3170.01
OP-24.001-1952,"Проектиране на обект: Рехабилитация на улична мрежа в село Меляне, община Георги Дамяново",Георги Дамяново,Монтана,6206,,,0,0,,3374.53
OP-24.001-1953,"Проектиране на обект: Рехабилитация на улична мрежа в село Чемиш, община Георги Дамяново",Георги Дамяново,Монтана,6206,,,0,0,,5624.21
OP-25.001-0436,"Изграждане на улица ""Калафат"" в село Главановци, община Георги Дамяново",Георги Дамяново,Монтана,6206,,,0,0,,411385.45
OP-25.001-0437,"Рехабилитация/реконструкция на общински път MON2112/III-1024, Говежда – Дълги дел/ – Дива Слатина – II ЕТАП",Георги Дамяново,Монтана,6206,,,0,0,,180639.42
OP-24.001-0763,"Ремонт на обект: Водоснабдяване на град Лом – Гравитачен водопровод от НВ V 300 м3 до водоем гр. Лом, с обща дължина 18 700 м",Лом,Монтана,6207,ПРО-26/09.01.2024,РД-02-30-172/14.03.2024,8843304.38,7433170.46,0,
OP-24.001-0764,"Изграждане и рехабилитация на водопровод в с. Замфир, община Лом",Лом,Монтана,6207,ПРО-27/09.01.2024,РД-02-30-171/14.03.2024,2511414.59,2092129.20,419285.39,
OP-24.001-0765,"Рехабилитация на общински път MON 1130 (II-81, Расово – Лом) – Комощица от км 0+000 до км 3+730",Лом,Монтана,6207,ПРО-28/09.01.2024,РД-02-30-173/14.03.2024,2138836.20,2138667.90,0,
OP-24.001-0766,Изграждане и рехабилитация на водопровод в с. Трайково,Лом,Монтана,6207,ПРО-1014/01.03.2024,РД-02-30-174/14.03.2024,3907599.33,189397.08,3718202.25,
OP-24.001-1954,"Изготвяне на инвестиционен проект за Пречиствателна станция за отпадъчни води, гр. Лом, община Лом",Лом,Монтана,6207,ПРО-2249/07.10.2024,РД-02-30-1731/25.11.2024,76693.78,31393.32,45300.46,
OP-24.001-1955,"Изготвяне на инвестиционен проект за реконструкция на водопроводна и канализационна мрежа ВиК в централна градска част на гр. Лом, община Лом",Лом,Монтана,6207,ПРО-2560/29.11.2024,РД-02-30-118/19.06.2025,230081.35,95611.58,134469.77,
OP-25.001-0027,Изготвяне на инвестиционен проект за рехабилитация на общински път MON3137/III-114/ от км 0+000 до км 9+000,Лом,Монтана,6207,,,0,0,,75671.20
OP-25.001-0028,Изготвяне на инвестиционен проект за рехабилитация на част от общински път MON1131/II-11/ от км 6+600 до км 9+000,Лом,Монтана,6207,,,0,0,,23008.13
OP-25.001-0124,Ремонт на улична мрежа в община Лом,Лом,Монтана,6207,,,0,0,,1022583.76
OP-25.001-0149,"Реконструкция и доизграждане на ВиК мрежи по ул. ""Пристанищна"", ул. ""Дунавска"", ул. ""Иван Кулин"", ул. ""Бенковски"", ул. ""Раковска"" и ул. ""Захари Стоянов"" на град Лом, област Монтана",Лом,Монтана,6207,ПРО-2905/25.08.2025,РД-02-30-406/08.12.2025,4090335.05,0,4090335.05,
OP-25.001-0438,"Реконструкция на улична мрежа с. Трайково, община Лом",Лом,Монтана,6207,ПРО-2899/22.08.2025,РД-02-30-405/08.12.2025,1893313.84,241436.94,1651876.90,
OP-25.001-0439,"Реконструкция на улична мрежа с. Ст. махала, община Лом, етап – 1; етап 2; етап 3; етап 4; етап 5; етап 6 и етап 7",Лом,Монтана,6207,ПРО-2901/22.08.2025,,0,0,1544101.48,
OP-25.001-0440,"Реконструкция на улична мрежа гр. Лом, община Лом – етап 7; етап 8; етап 9 и етап 10",Лом,Монтана,6207,,,0,0,,1352878.32
OP-25.001-0441,"Реконструкция на улична мрежа с. Ст. махала, община Лом – етап 14 и етап 15",Лом,Монтана,6207,ПРО-2903/25.09.2025,РД-02-30-407/08.12.2025,1278740.99,250941.66,1027799.33,
OP-25.001-0442,"Авариен ремонт на напорен тръбопровод от ПС ""Добри дол"" до НР V 300 м3, община Лом – п2 етап",Лом,Монтана,6207,ПРО-2911/25.08.2025,,0,0,913167.30,
OP-25.001-0443,"Инженеринг – проектиране, изпълнение на СМР и упражняване на авторски надзор по Реконструкция и възстановяване на покрит плувен басейн в град Лом",Лом,Монтана,6207,ПРО-2913/26.08.2025,,0,0,5164048.00,
OP-25.001-0444,"Реконструкция на улична мрежа с. Ст. Махала, община Лом – етап 16; етап 17; етап 18; етап 19; етап 20; етап 21; етап 22 и етап 23",Лом,Монтана,6207,ПРО-2904/25.08.2025,,0,0,1863147.62,
OP-25.001-0445,"Реконструкция на улична мрежа с. Ст. махала, община Лом – етап 8; етап 9; етап 10; етап 11; етап 12 и етап 13",Лом,Монтана,6207,ПРО-2902/25.08.2025,РД-02-30-497/30.12.2025,1453602.82,0,1453602.82,
OP-25.001-0446,"Реконструкция на улична мрежа гр. Лом, община Лом – етап 1, етап 2 и етап 3.",Лом,Монтана,6207,,,0,0,,1183640.70
OP-25.001-0447,"Реконструкция на улична мрежа гр. Лом, община Лом – етап 4; етап 5 и етап 6",Лом,Монтана,6207,,,0,0,,681040.79
OP-25.001-0448,"Реконструкция на улична мрежа гр. Лом, община Лом – етап 11 и етап 12",Лом,Монтана,6207,,,0,0,,372220.49
OP-24.001-0767,"Доизграждане и реконструкция на част от водопроводна мрежа на с. Медковец по главен клон II, клон 15, 16, 17, 18, 19, 20, 21, 22, 23, 24, 25, 26, 27, 28, 29, 30, 31",Медковец,Монтана,6208,ПРО-112/10.01.2024,РД-02-30-164/14.03.2024,1448438.77,1206401.04,0,
OP-24.001-0768,"Реконструкция на водопроводна мрежа на с. Сливовик – втори етап по клон 2, 3а, 5, 14а, 63, 64, 40, 49, 43",Медковец,Монтана,6208,ПРО-391/18.01.2024,РД-02-30-165/14.03.2024,319557.43,0,319557.43,
OP-24.001-1956,"Реконструкция на водопроводи от вътрешната водопроводна мрежа на село Медковец, община Медковец, по главен клон II, клон 33, 37, 47, 96, 98, 99, 100, 103, 104, 108, 114, 119, 120, 123, 125, 137, 147",Медковец,Монтана,6208,ПРО-2125/10.09.2024,РД-02-30-1745/25.11.2024,1081024.42,211877.93,869146.49,
OP-24.001-2442,"Доизграждане и реконструкция на водопроводни клонове от вътрешната водопроводна мрежа на село Медковец, община Медковец, по клонове – главен клон IV, клон 39, 50, 110, 118",Медковец,Монтана,6208,ПРО-2280/09.10.2024,,0,0,514410.76,
OP-25.001-0125,Рехабилитиране на уличната пътна мрежа в община Медковец,Медковец,Монтана,6208,,,0,0,,1124842.14
OP-25.001-0150,Реконструкция и основен ремонт на улична и пътна мрежа на територията на община Медковец,Медковец,Монтана,6208,,,0,0,,1022583.76
OP-24.001-0769,"Основен ремонт на път MON1062 /III-112/ – Смирненски – Буковец – гр. община Брусарци – Белотинци, от км 12+400 до км 16+900",Монтана,Монтана,6209,ПРО-303/16.01.2024,РД-02-30-363/25.03.2024; Анекс РД-02-30-363(1)/30.10.2024,2256842.36,2256888.17,0,
OP-24.001-0770,"Основен ремонт на път MON1152 ""ІІІ-112 – Славотин – Клисурица – І-1"" от км 0+000 до км 8+700",Монтана,Монтана,6209,ПРО-305/16.01.2024,РД-02-30-364/25.03.2024,1460863.16,1435625.71,0,
OP-24.001-1957,"Основен ремонт и подмяна на водопровод на улица ""Сливница"" от о.т. 19 до о.т. 71 и от о.т. 71 до о.т. 74, улица ""Подп. Богдан Илиев"" от о.т. 18 до о.т. 85, улица ""Иларион Драгостинов"" от о.т. 25 до о.т. 70 и от о.т. 70 до о.т. 198, улица ""Чавдар Войвода"" от о.т. 26 до о.т. 69 и от о.т. 69 до о.т. 199, улица ""Хайдут Велко"" от о.т. 59 до о.т. 207, улица ""Баба Тонка"" от о.т. 213 до о.т. 9076",Монтана,Монтана,6209,ПРО-1803/19.07.2024,РД-02-30-1551/17.10.2024,1009699.21,981188.43,75060.82,
OP-24.001-1958,"Основен ремонт на ул. ""Андрей Попов"" от о.т. 140 до о.т. 1520, ул. ""Васил Петлешков"" от о.т. 118 до о.т. 119 и от о.т. 119 до о.т. 134, ул. ""Болярска"" от о.т. 114 до о.т. 111, ул. ""Младен Томов"" от о.т. 102 до о.т. 106, ул. ""Иван Козарев"" от о.т. 192 до о.т. 214 и от о.т. 213 до о.т. 215, ул. ""Кочо Честименски"" от о.т. 172 до о.т. 176, ул. ""Христо Ясенов"" от о.т. 223 до о.т. 190, ул. ""Елтепе"" от о.т. 44 до о.т. 41, ул. ""Макгахан"" от о.т. 31 до о.т. 4, ул. ""Лъката"" от о.т. 44 до о.т. 29, ул. ""Червен бряг"" от о.т. 48 до о.т. 55",Монтана,Монтана,6209,ПРО-1804/19.07.2024,РД-02-30-1477/08.10.2024,1641655.97,1431100.69,210555.28,
OP-24.001-1959,"Основен ремонт (рехабилитация) и реконструкция на уличната мрежа в кв. Кошарник, община Монтана",Монтана,Монтана,6209,ПРО-1802/19.07.2024,РД-02-30-1476/08.10.2024,1622380.27,1406340.42,216039.85,
OP-24.001-1960,"Основен ремонт на общински път MON1150 /I-1, Монтана – Крапчене/ – Николово – Долно Белотинци",Монтана,Монтана,6209,ПРО-2192/27.09.2024,РД-02-30-1550/17.10.2024,3475762.21,3336936.92,0,
OP-24.001-1961,"Реконструкция и рехабилитация на бул. ""Трети март"", ул. ""Иван Давидков"", изграждане на ул. ""Широка планина"", ул. ""Индустриална"", ул. ""Съединение"" и ул. ""Инвестиционна"", гр. Монтана, и техническата инфраструктура към тях и корекция на канал ""Изворска бара"", гр. Монтана – етапно",Монтана,Монтана,6209,ПРО-2396/25.10.2024,РД-02-30-1728/25.11.2024; Анекс РД-02-30-1728(1)/01.10.2025,24691767.69,4770395.12,19921372.57,
OP-24.001-1962,"Рехабилитация на съществуващи магистрални водопроводи в парк ""Огоста"" – 758,69 м, парк ""Калето"" – 319,62 м и парк ""Слънчева градина"" – 488,62 м",Монтана,Монтана,6209,ПРО-1805/19.07.2024,РД-02-30-1549/17.10.2024,516455.93,43459.81,472996.12,
OP-24.001-0771,Доизграждане и модернизация на водопреносната и канализационна мрежа и изграждане на ПСОВ в гр. Чипровци – Подобект: Външен водопровод,Чипровци,Монтана,6210,ПРО-282/16.01.2024 ПРО-282(2)/13.05.2024,РД-02-30-860/20.05.2024,1225928.63,920716.03,312583.74,
OP-24.001-0772,"Реконструкция на улична мрежа град Чипровци, общ. Чипровци, подобект 4: Реконструкция на улица ""Точо Войвода"" ОК 102 – ОК 230",Чипровци,Монтана,6210,ПРО-1212/22.03.2024,РД-02-30-862/20.05.2024,719336.55,125999.56,593336.99,
OP-24.001-0773,"Реконструкция/рехабилитация на общински път – MON 2181 ""РП ІІІ – 102 (Монтана – Превала) – отклонение Горно Лука"", от км 0 + 000 – 1 + 000 – 1,000 км",Чипровци,Монтана,6210,ПРО-1198/20.03.2024,РД-02-30-859/20.05.2024,717137.99,127639.32,589498.67,
OP-24.001-0774,Обект: Общински път MON 3183 РП III-102 – отклонение Челюстница,Чипровци,Монтана,6210,ПРО-1204/21.03.2024,РД-02-30-858/20.05.2024,687329.68,118346.67,568983.01,
OP-24.001-0775,"Реконструкция и рехабилитация на общински местен път ""Отклонение Чипровци – Гушовски манастир"" от км 0+000 до км 7+018"", ІІІ участък: от км 5+436,08 до км 7+419,97, ІІІ участък: от км 5+436,08 до км 7+419,97",Чипровци,Монтана,6210,ПРО-1233/28.03.2024,РД-02-30-861/20.05.2024,514461.89,101012.00,413449.89,
OP-24.001-0776,"Реконструкция на улична мрежа на територията на община Чипровци, подобект: 10-а и ул. 11-а – ОТ 74-47- 27-26-10, с. Мартиново",Чипровци,Монтана,6210,ПРО-493/22.01.2024,РД-02-30-311/22.03.2024,225326.33,202566.41,22780.99,
OP-24.001-0777,"Реконструкция на улична мрежа на територията на община Чипровци, подобект: 4-та – от о.т. 168 до о.т. 109, с. Белимел",Чипровци,Монтана,6210,ПРО-495/22.01.2024,РД-02-30-313/22.03.2024,170822.62,151930.75,18908.99,
OP-24.001-0778,"Реконструкция на улична мрежа на територията на община Чипровци, подобект: 7-та – от Р.Т. 14 до Р.Т. 57, с. Митровци",Чипровци,Монтана,6210,ПРО-482/22.01.2024,РД-02-30-1011/25.06.2024,124192.80,0,124192.80,
OP-24.001-0779,"Реконструкция на улична мрежа на територията на община Чипровци, подобект: 16-а – от о.т. 28 до о.т. 96, с. Железна",Чипровци,Монтана,6210,ПРО-483/22.01.2024,РД-02-30-1008/25.06.2024,92339.31,0,92339.31,
OP-24.001-0780,"Реконструкция на улична мрежа на територията на община Чипровци, подобект: ул. Георги Димитров – от о.т. 8 до о.т. 11, с. Горна Лука",Чипровци,Монтана,6210,ПРО-484/22.01.2024,РД-02-30-428/26.03.2024,73881.68,64282.04,9719.64,
OP-24.001-0781,"Реконструкция на улична мрежа на територията на община Чипровци, подобект: ул. Димитър Благоев – от о.т. 46 до о.т. 69, с. Превала",Чипровци,Монтана,6210,ПРО-485/22.01.2024,РД-02-30-314/22.03.2024,71631.99,63553.03,8078.96,
OP-24.001-0782,"Реконструкция на улична мрежа на територията на община Чипровци, подобект: 24-та – от о.т. 29 до о.т. 8, с. Железна",Чипровци,Монтана,6210,ПРО-486/22.01.2024,РД-02-30-316/22.03.2024,58798.57,52730.27,6068.30,
OP-24.001-0783,"Реконструкция на улична мрежа на територията на община Чипровци, подобект: 16-та – от о.т. 149 до о.т. 113, с. Белимел",Чипровци,Монтана,6210,ПРО-487/22.01.2024,РД-02-30-424/26.03.2024,53583.39,47752.08,5831.31,
OP-24.001-0784,"Реконструкция на улична мрежа на територията на община Чипровци, подобект: ул. Иван Бобанов – от о.т. 79 до о.т. 89, с. Горна Лука",Чипровци,Монтана,6210,ПРО-489/22.01.2024,РД-02-30-425/26.03.2024,39216.09,35290.62,3945.47,
OP-24.001-0785,"Реконструкция на улична мрежа на територията на община Чипровци, подобект: 18-та – от о.т. 23 до о.т. 92, с. Железна",Чипровци,Монтана,6210,ПРО-488/22.01.2024,РД-02-30-426/26.03.2024,26433.79,23766.90,2666.89,
OP-24.001-0786,"Реконструкция на улична мрежа на територията на община Чипровци, подобект: 20-та – от о.т. 22 до о.т. 96, с. Железна",Чипровци,Монтана,6210,ПРО-521/22.01.2024,РД-02-30-422/26.03.2024,23366.04,20801.48,2564.56,
OP-24.001-0787,"Реконструкция на улична мрежа на територията на община Чипровци, подобект: 17-та – от о.т. 25 до о.т. 90, с. Железна",Чипровци,Монтана,6210,ПРО-520/22.01.2024,РД-02-30-309/22.03.2024,22701.36,20140.59,2560.77,
OP-24.001-1963,"Подмяна на уличен водопровод и сградни водопроводни отклонения по ул. ""Иван Бобанов"", с. Горна Лука, община Чипровци, в участъка от ОК – 140 до ОК – 62",Чипровци,Монтана,6210,ПРО-1998/28.08.2024,РД-02-30-1620/22.10.2024,197256.41,0,197256.41,
OP-24.001-1964,"Реконструкция на улична мрежа на територията на община Чипровци, подобект: ул. 21-ва – от о.т. 17 до о.т. 24, с. Железна",Чипровци,Монтана,6210,ПРО-1997/28.08.2024,РД-02-30-1557/21.10.2024,60928.10,0,60945.99,
OP-24.001-0789,Реконструкция на част от водопроводната мрежа на село Долно Церовене,Якимово,Монтана,6211,ПРО-218/12.01.2024,РД-02-30-1270/15.08.2024,227371.50,169291.09,58080.41,
OP-24.001-0790,"Проектиране и авторски надзор на обект: Подмяна на част от довеждащ водопровод от с. Долно Церовене до ВВМ, с. Дългоделци",Якимово,Монтана,6211,ПРО-219/12.01.2024,РД-02-30-1273/15.08.2024,58031.63,0,58031.63,
OP-24.001-1965,"Рехабилитация на улична мрежа с ОТ 6 – ОТ 22 – ОТ 19 – ОТ 21 – ОТ 23 – ОТ 70 – ОТ 70А – ОТ 70Б – ОТ 68А (ул. ""Бенковска""), с. Дългоделци, община Якимово",Якимово,Монтана,6211,ПРО-2584/06.12.2024,РД-02-30-1810/12.12.2024,466553.84,246617.25,219936.59,
OP-24.001-1966,"Рехабилитация на улична мрежа с ОТ 198 – ОТ 199 – ОТ 213 – ОТ 212 – ОТ 207 – ОТ 208 (ул. ""Васил Коларов""), с. Дългоделци, община Якимово",Якимово,Монтана,6211,ПРО-2583/06.12.2024,РД-02-30-1809/12.12.2024,324823.73,64790.53,260033.20,
OP-24.001-1967,"Подмяна и реконструкция на част от довеждащ водопровод от с. Долно Церовене до ВВМ с. Дългоделци, община Якимово",Якимово,Монтана,6211,,,0,0,,1986880.25
OP-24.001-2443,"Реконструкция на част от водопроводната мрежа на с. Долно Церовене, общ. Якимово, обл. Монтана по: ул. ""Ленин"", ул. ""Иван Вазов"", ул. ""Ангел Кънчев"", ул. ""Панайот Хитов"", ул. ""Пирот"", ул. ""Марин Дринов"", ул. о.т. 198 до о.т. 167, ул. о.т. 165а до о.т. 98а, ул. о.т. 175 до о.т. 177 по плана на село Долно Церовене, община Якимово – II етап",Якимово,Монтана,6211,,,0,0,,613550.26
OP-24.001-2444,"Реконструкция на част от водопроводната мрежа на с. Долно Церовене, общ. Якимово, обл. Монтана по: ул. ""Радецки"", ул. ""Антон Иванов"", ул. ""Ангел Кънчев"", ул. ""Климент Охридски"", ул. ""Отец Паисий"", ул. ""Поп Андрей"", ул. ""Георги Бенковски"", ул. о.т. 94 до о.т. 84, ул. о.т. 89 до о.т. 86, ул. о.т. 55 до о.т. 184, ул. о.т. 54 до о.т. 187 по плана на село Долно Церовене, община Якимово – III етап",Якимово,Монтана,6211,,,0,0,,511291.88
OP-25.001-0126,Ремонт на улична мрежа в община Якимово,Якимово,Монтана,6211,,,0,0,,613550.26
OP-25.001-0151,Основен ремонт на уличната мрежа на територията на община Якимово,Якимово,Монтана,6211,,,0,0,,1022583.76
OP-24.001-0791,"Реконструкция и рехабилитация на общински път PAZ2002 /III – 376 /лет. Цигов чарк – контрастена яз. Батак, на територията на община Батак",Батак,Пазарджик,6301,ПРО-2193/01.10.2024,РД-02-30-1674/20.11.2024,3373452.70,24542.00,3348910.70,
OP-24.001-0792,"Реконструкция и рехабилитация на улици в гр. Батак, с. Нова махала и с. Фотиново, общ. Батак",Батак,Пазарджик,6301,ПРО-1202/20.03.2024; ПРО-1202(2)/27.06.2024,РД-02-30-1137/19.07.2024,751445.68,0,751445.68,
OP-24.001-0793,"Подмяна на водопроводната мрежа в град Батак на улици: ""Георги Бенковски"", ""Ангел Калоянов"", ""Шипка"", ""Орфей"" и ""Здравец""",Батак,Пазарджик,6301,,,0,0,,749042.61
OP-24.001-2857,"Изготвяне на проекти за реконструкция и рехабилитация на улична мрежа, площади, паркинги, водоснабдителни и канализационни съоръжения и общински пътища в община Батак",Батак,Пазарджик,6301,ПРО-2750/24.06.2025,РД-02-30-358/31.10.2025,235194.27,0,235194.27,
OP-24.001-0794,"Реконструкция на ВВМ, с. Момина клисура, община Белово",Белово,Пазарджик,6302,ПРО-903/20.02.2024,РД-02-30-430/26.03.2024; Анекс РД-02-30-430(1)/22.10.2024,1475008.50,1475008.50,0,
OP-24.001-0795,"Реконструкция на уличната мрежа в село Мененкьово, община Белово",Белово,Пазарджик,6302,ПРО-902/20.02.2024,РД-02-30-288/20.03.2024,1515469.14,0,1520582.05,
OP-24.001-0796,"Рехабилитация и реконструкция на общинска пътна мрежа в община Белово – Подобект 1: PAZ 1020 от началото на населеното място с. Габровица от 0+000 до км 1+547,93 – етап I",Белово,Пазарджик,6302,ПРО-904/20.02.2024,РД-02-30-295/20.03.2024,1008165.33,0,1038433.81,
OP-24.001-0798,"Благоустрояване на улица от ОТ 147 до ОТ 114 село Сестримо, общ. Белово",Белово,Пазарджик,6302,ПРО-901/20.02.2024,РД-02-30-292/20.03.2024,266996.62,59982.56,207014.06,
OP-24.001-1968,"Основен ремонт на водопроводна мрежа по бул. ""Юндола"", гр. Белово, община Белово",Белово,Пазарджик,6302,ПРО-2319/15.10.2024,РД-02-30-125/19.06.2025,349723.65,137574.18,212149.47,
OP-24.001-1969,"Инженеринг – проектиране, авторски надзор и строителство на обект ""Реконструкция на вътрешна водопроводна мрежа на село Габровица, община Белово""",Белово,Пазарджик,6302,ПРО-2159/19.09.2024,РД-02-30-1619/22.10.2024,1935495.42,370200.44,1565294.98,
OP-24.001-1970,Предпроектно проучване и технически проекти за ПСОВ и колектори и изграждане на канализационна мрежа агломерация Белово,Белово,Пазарджик,6302,ПРО-2323/15.10.2024,РД-02-30-279/30.07.2025,208607.09,0,208607.09,
OP-24.001-1971,"Подобект: Благоустрояване на улица ""Св. Климент Охридски"" от ОТ 118 до ОТ 122, гр. Белово",Белово,Пазарджик,6302,ПРО-2324/15.10.2024,РД-02-30-1827/13.12.2024,240102.67,211168.06,28934.61,
OP-24.001-1972,"Ремонт на вътрешни помещения на съществуващата читалищна сграда на читалище ""Просвета 1958"", село Аканджиево, община Белово",Белово,Пазарджик,6302,ПРО-2363/18.10.2024,РД-02-30-1820/13.12.2024,108342.75,0,108342.75,
OP-24.001-1973,"Реконструкция на водопроводната мрежа на с. Мененкьово, община Белово",Белово,Пазарджик,6302,ПРО-1814/24.07.2024; ПРО-1814(1)/15.08.2024,РД-02-30-1478/08.10.2024,1617420.74,0,1617420.74,
OP-24.001-1974,"Ремонт на вътрешни помещения на съществуващата читалищна сграда на читалище ""Благой Захариев"", кв. Малко Белово, община Белово",Белово,Пазарджик,6302,ПРО-2364/18.10.2024,РД-02-30-1823/13.12.2024,131146.37,0,131146.37,
OP-24.001-1975,"Реконструкция на водопроводната мрежа на село Дъбравите, община Белово",Белово,Пазарджик,6302,ПРО-2397/25.10.2024,РД-02-30-124/19.06.2025,2849531.91,0,2849531.91,
OP-24.001-0799,"Реконструкция и рехабилитация на улична мрежа, тротоари, съоръжения и принадлежности към тях в с. Равногор, общ. Брацигово",Брацигово,Пазарджик,6303,ПРО-15/09.01.2024 ПРО-15(1)/29.04.2024 № 08-00-596/26.04.2024 ПРО-15(4)/04.09.2024,РД-02-30-849/20.05.2024,2035555.24,1493345.10,542210.14,
OP-24.001-1977,"Реконструкция на селищна водопроводна мрежа на с. Розово, общ. Брацигово",Брацигово,Пазарджик,6303,ПРО-1325/29.04.2024,РД-02-30-844/20.05.2024,1472674.01,41159.00,1431515.01,
OP-24.001-2445,"Реконструкция на съществуващи и изграждане на нови канализационни мрежи и съоръжения, съпътстващи водопроводи и 1 бр. ПСОВ, с. Исперихово, общ. Брацигово – I етап",Брацигово,Пазарджик,6303,ПРО-2598/18.12.2024,,0,0,1604127.15,
OP-24.001-2858,"Основен ремонт на ул. ""Никола Мишев"", гр. Брацигово",Брацигово,Пазарджик,6303,,,0,0,,184474.11
OP-24.001-2859,"Основен ремонт на ул. ""Христо Смирненски"", гр. Брацигово",Брацигово,Пазарджик,6303,,,0,0,,139173.65
OP-24.001-2860,"Изготвяне на технически проект и осъществяване на авторски надзор на обект ""Детска площадка в ПИ 06207.501.1774 по плана на гр. Брацигово, общ. Брацигово""",Брацигово,Пазарджик,6303,ПРО-2413/30.10.2024,,0,0,12117.62,
OP-24.001-0800,"Реконструкция и рехабилитация на улични настилки по улици – ""Неофит Рилски"", ""Димитър Полянов"", ""Николай Островски"", ""Владая"", ""Кокиче"", ""Радецки"", ""Гогол""",Велинград,Пазарджик,6304,ПРО-332/17.01.2024;,РД-02-30-694/04.04.2024,2448065.53,2388769.49,59296.04,
OP-24.001-0801,"Нов водопровод и реконструкция на съществуващ от ПС ""Клептуза"" до шахта към ПСПВ Велинград (от ПИ 10450.503.998 до ПИ 10450.212.73), вкл. реконструкция на тръбна връзка с КЕИ ""Клептуза""",Велинград,Пазарджик,6304,ПРО-339/17.01.2024; ПРО-339(1)/01.04.2024,РД-02-30-695/04.04.2024,2255564.13,436741.12,1818823.01,
OP-24.001-0802,"Реконструкция на водопроводни клонове в кв. Каменица, гр. Велинград, и възстановяване на асфалтова настилка, извършване на СМР, авторски надзор и НСН – етап II",Велинград,Пазарджик,6304,ПРО-340/17.01.2024; ПРО-340(2)/20.02.2024,РД-02-30-542/29.03.2024,916235.05,687937.09,228297.96,
OP-24.001-0803,"Изготвяне проекти за основен ремонт и реконструкция на част от водопроводната мрежа по улици: ул. ""Цар Самуил"" в участъка от кръстовището с ул. ""Петър Янев"" до ул. ""Будилник"", ул. ""Пионерска"" и ул. ""Петър Берон"", гр. Велинград",Велинград,Пазарджик,6304,ПРО-331/17.01.2024,РД-02-30-47/20.02.2024,42948.52,0,42948.52,
OP-24.001-0804,"Изготвяне проекти за реконструкция и/или рехабилитация на част от уличната мрежа по улици: ул. ""Цар Самуил"" в участъка от кръстовището с ул. ""Петър Янев"" до ул. ""Будилник"", ул. ""Пионерска"" и ул. ""Петър Берон"", гр. Велинград",Велинград,Пазарджик,6304,ПРО-325/17.01.2024,РД-02-30-11/20.02.2024,42948.52,0,42948.52,
OP-24.001-0805,"Изготвяне проекти за реконструкция и/или рехабилитация на част от уличната мрежа по улици: ул. ""Крупская"", ул. ""Бялата скала"", ул. ""Тодор Узенов"", ул. ""Крайречна"", ул. ""Юрий Венелин"" в участъка от ул. ""Бялата скала"" до ул. ""Тодор Узенов"", ул. ""Скриеница"", ""Стою Калпазанов"", ул. ""Д. Дебелянов"", ул. ""М. Драгинов"" и ул. ""Беговица"", гр. Велинград",Велинград,Пазарджик,6304,ПРО-328/17.01.2024,РД-02-30-540/29.03.2024,41107.87,40801.09,0,
OP-24.001-0806,"Изготвяне проекти за основен ремонт и реконструкция на част от водопроводната мрежа по улици: ул. ""Крупская"", ул. ""Бялата скала"", ул. ""Тодор Узенов"", ул. ""Крайречна"", ул. ""Юрий Венелин"" в участъка от ул. ""Бялата скала"" до ул. ""Тодор Узенов"", ул. ""Скриеница"", ""Стою Калпазанов"", ул. ""Д. Дебелянов"", ул. ""М. Драгинов"" и ул. ""Беговица"", гр. Велинград",Велинград,Пазарджик,6304,ПРО-336/17.01.2024,РД-02-30-20/20.02.2024,36813.02,30493.45,0,
OP-24.001-0807,"Изготвяне проекти за основен ремонт и реконструкция на част от водопроводната мрежа по улици: ул. ""Елин връх"", ул. ""Ген. Гурко"", ул. ""С. М. Киров"", ул. ""Кладова"", ул. ""П. Хитов"", ул. ""М. Шатаров"", ул. ""Свети Иван Рилски"", ул. ""Цар Крум"" и ул. ""Чавдар Войвода"", гр. Велинград",Велинград,Пазарджик,6304,ПРО-334/17.01.2024,РД-02-30-60/20.02.2024,30677.51,25400.98,0,
OP-24.001-0808,"Изготвяне проекти за реконструкция и/или рехабилитация на част от уличната мрежа по улици: ул. ""Елин връх"", ул. ""Ген. Гурко"", ул. ""С. М. Киров"", ул. ""Кладова"", ул. ""П. Хитов"", ул. ""М. Шатаров"", ул. ""Свети Иван Рилски"", ул. ""Цар Крум"" и ул. ""Чавдар Войвода"", гр. Велинград",Велинград,Пазарджик,6304,ПРО-326/17.01.2024,РД-02-30-22/20.02.2024,30677.51,0,30677.51,
OP-24.001-0809,"Изготвяне проекти за основен ремонт и реконструкция на част от водопроводната мрежа по улици: ул. ""Христо Смирненски"" в участъка от пл. ""П. Славейков"" до ул. ""Г. Кирков"", ул. ""Йорданка Чанкова"" и ул. ""Алеко Константинов"", гр. Велинград",Велинград,Пазарджик,6304,ПРО-333/17.01.2024,РД-02-30-32/20.02.2024,23928.46,0,23928.46,
OP-24.001-0810,"Изготвяне проекти за реконструкция и/или рехабилитация на част от уличната мрежа по улици: ул. ""Христо Смирненски"" в участъка от пл. ""П. Славейков"" до ул. ""Г. Кирков"", ул. ""Йорданка Чанкова"" и ул. ""Алеко Константинов"", гр. Велинград",Велинград,Пазарджик,6304,ПРО-335/17.01.2024,РД-02-30-29/20.02.2024,23928.46,0,23928.46,
OP-24.001-0811,"Изготвяне проекти за реконструкция и/или рехабилитация на част от уличната мрежа по улици: ул. ""Тодор Каблешков"" в участъка от кръстовището с ул. ""Бачо Киро"" до ул. ""Н. Хрелков"", ул. ""Г. Бенковски"", ул. ""Стела Благоева"" и ул. ""Стефан Попов"", гр. Велинград",Велинград,Пазарджик,6304,ПРО-330/17.01.2024,РД-02-30-28/20.02.2024,22701.36,22578.65,0,
OP-24.001-0812,"Изготвяне проекти за основен ремонт и реконструкция на част от водопроводната мрежа по улици: ул. ""Тодор Каблешков"" в участъка от кръстовището с ул. ""Бачо Киро"" до ул. ""Н. Хрелков"", ул. ""Г. Бенковски"", ул. ""Стела Благоева"" и ул. ""Стефан Попов"", гр. Велинград",Велинград,Пазарджик,6304,ПРО-337/17.01.2024,РД-02-30-31/20.02.2024,22701.36,18682.61,0,
OP-24.001-0813,"Изготвяне проекти за основен ремонт и реконструкция на част от водопроводната мрежа по улици: ул. ""Евлоги Георгиев"" в участъка от ул. ""Връх киселец"" до ул. ""Тошо Стайков"", ул. ""Боров парк"", ул. ""Пушкин"" и ул. ""Братя Кръстини"", гр. Велинград",Велинград,Пазарджик,6304,ПРО-338/17.01.2024,РД-02-30-63/20.02.2024,21474.26,17716.26,0,
OP-24.001-0814,"Изготвяне проекти за реконструкция и/или рехабилитация на част от уличната мрежа по улици: ул. ""Евлоги Георгиев"" в участъка от ул. ""Връх киселец"" до ул. ""Тошо Стайков"", ул. ""Боров парк"", ул. ""Пушкин"" и ул. ""Братя Кръстини"", гр. Велинград",Велинград,Пазарджик,6304,ПРО-327/17.01.2024,РД-02-30-19/20.02.2024,21474.26,21290.19,0,
OP-24.001-1978,"Основен ремонт и реконструция на част от водопроводната мрежа по улици: ул. ""Елин връх"", ул. ""Ген. Гурко"", ул. ""С. М. Киров"", ул. ""Кладова"", ул. ""П. Хитов"", ул. ""М. Шатаров"", ул. ""Свети Иван Рилски"", ул. ""Цар Крум"" и ул. ""Чавдар Войвода"", гр. Велинград",Велинград,Пазарджик,6304,ПРО-2639/12.02.2025,РД-02-30-193/18.07.2025,585480.33,114923.08,470557.25,
OP-24.001-1979,"Основен ремонт и реконструкция на част от водопроводната мрежа по улици: ул. ""Крупская"", ул. ""Бялата скала"", ул. ""Тодор Узунов"", ул. ""Крайречна"", ул. ""Антон Попов"", ул. ""Ален мак"" ул. ""Юрий Венелин"" в участъка от ул. ""Бялата скала"" до ул. ""Тодор Узунов"", ул. ""Скриеница"", ""Стою Калпазанов"", ул. ""Д. Дебелянов"", ул. ""М. Драгинов"" и ул. ""Беговица"", гр. Велинград",Велинград,Пазарджик,6304,ПРО-2641/12.02.2025,РД-02-30-189/18.07.2025,843784.99,166102.68,677682.31,
OP-24.001-1980,"Реконструкция и/или рехабилитация на част от уличната мрежа по улици: ул. ""Крупская"", ул. ""Бялата скала"", ул. ""Тодор Узунов"", ул. ""Крайречна"", ул. ""Антон Попов"", ул. ""Ален мак"", ул. ""Юрий Венелин"", ул. ""Скриеница"", ""Стою Калпазанов"", ул. ""Д. Дебелянов"", ул. ""М. Драгинов"" и ул. ""Беговица"", гр. Велинград",Велинград,Пазарджик,6304,ПРО-2592/16.12.2024,РД-02-30-14/16.06.2025,2255666.39,444271.74,1811394.65,
OP-24.001-1981,"Основен ремонт и реконструкция на част от водопроводната мрежа по улици: ул. ""Тодор Каблешков"" в участъка от кръстовището с ул. ""Бачо Киро"" до ул. ""Н. Хрелков"", ул. ""Г. Бенковски"", ул. ""Стела Благоева"" и ул. ""Стефан Попов"", гр. Велинград",Велинград,Пазарджик,6304,ПРО-2638/12.02.2025,РД-02-30-195/18.07.2025,519881.58,102383.23,417498.35,
OP-24.001-1982,"Реконструкция и/или рехабилитация на част от уличната мрежа по улици: ул. ""Тодор Каблешков"" в участъка от кръстовището с ул. ""Бачо Киро"" до ул. ""Н. Хрелков"", ул. ""Г. Бенковски"", ул. ""Стела Благоева"" и ул. ""Стефан Попов"", гр. Велинград",Велинград,Пазарджик,6304,ПРО-2591/12.12.2024,РД-02-30-15/16.06.2025,289107.95,284841.93,1160733.61,
OP-24.001-1983,"Основен ремонт и реконструкция на част от водопроводната мрежа по улици: ул. ""Евлоги Георгиев"" в участъка от ул. ""Връх киселец"" до ул. ""Тошо Стайков"", ул. ""Боров парк"", ул. ""Пушкин"" и ул. ""Братя Кръстини"", гр. Велинград",Велинград,Пазарджик,6304,ПРО-2640/12.02.2025,РД-02-30-191/18.07.2025,451061.70,88820.19,362241.51,
OP-24.001-1984,"Реконструкция и/или рехабилитация на част от уличната мрежа по улици: ул. ""Евлоги Георгиев"" в участъка от ул. ""Връх киселец"" до ул. ""Тошо Стайков"", ул. ""Боров парк"", ул. ""Пушкин"" и ул. ""Братя Кръстини"", гр. Велинград",Велинград,Пазарджик,6304,ПРО-2590/12.12.2024,РД-02-30-11/16.06.2025,1306504.14,257310.71,1049193.43,
OP-24.001-1985,"Основен ремонт на уличната настилка на улица ""Никола Вапцаров"", гр. Велинград, в участъка от жп прелеза до ул. ""Еделвайс"" – първи етап",Велинград,Пазарджик,6304,ПРО-1685/12.06.2024,РД-02-30-1205/22.07.2024,229570.05,2270.14,227299.91,
OP-24.001-1986,"Основен ремонт /подмяна и реконструкция/ проектиране, авторски надзор, СМР на водопроводната и канализационната мрежа на ул. ""Еделвайс"" в участъка между ул. ""Никола Вапцаров"" и ул. ""Тарас Шевченко"", в гр. Велинград",Велинград,Пазарджик,6304,ПРО-1689/12.06.2024,РД-02-30-1203/22.07.2024,104150.16,20072.81,84077.35,
OP-24.001-1987,"Ремонт на улица ""Юндола"" в с. Пашови, общ. Велинград",Велинград,Пазарджик,6304,ПРО-1703/18.06.2024,РД-02-30-1226/22.07.2024,273336.64,55554.89,217781.75,
OP-24.001-1988,"Рехабилитация на отклонение от републикански път III- 8434 (Велинград – Горски пункт ""Селище"") – Кръстава – Биркова – Рохлева – (Юндола – Якоруда) – Бузгова от км 0+000 до км 0+300, общ. Велинград",Велинград,Пазарджик,6304,,,0,0,,166425.51
OP-24.001-1989,"Рехабилитация на отклонение от републикански път II- 84 /Юндола – Черна Места/ – с. Пашови от км 0+000 до км 0+770, общ. Велинград",Велинград,Пазарджик,6304,,,0,0,,281517.31
OP-24.001-1990,"Ремонт на улица ""Острец"" в с. Св. Петка, общ. Велинград",Велинград,Пазарджик,6304,ПРО-1918/16.08.2024,РД-02-30-1420/24.09.2024,416498.37,0,416498.37,
OP-24.001-1991,"Ремонт на улица ""Ст. Калпазанов"" в с. Св. Петка, общ. Велинград",Велинград,Пазарджик,6304,ПРО-1920/16.08.2024,РД-02-30-1421/24.09.2024,208146.92,0,208146.92,
OP-24.001-1992,"Ремонт на главната улица в с. Всемирци, общ. Велинград",Велинград,Пазарджик,6304,ПРО-1686/12.06.2024,РД-02-30-1210/22.07.2024,262190.48,0,262190.48,
OP-24.001-1993,"Ремонт на ул. ""Пирин"" в село Кандьови, общ. Велинград",Велинград,Пазарджик,6304,ПРО-1921/16.08.2024,РД-02-30-1415/24.09.2024,285812.16,0,285812.16,
OP-24.001-1994,"Ремонт на улица ""Иглика"" в Долна Дъбева, общ. Велинград",Велинград,Пазарджик,6304,ПРО-1705/18.06.2024,РД-02-30-1222/22.07.2024,116114.39,23750.28,92364.11,
OP-24.001-1995,"Ремонт на улица в Далова махала, общ. Велинград, с осови точки 14, 13, 39, 12, 11, 22, 23, 40, 24 до 28 и осови точки 11, 9, 17, 7, 6, 38",Велинград,Пазарджик,6304,ПРО-2932/04.09.2025,,0,0,166169.86,
OP-24.001-1996,"Рехабилитация на отклонение от републикански път III- 8434 (Велинград – Горски пункт ""Селище"") – Кръстава – Биркова – Рохлева – (Юндола – Якоруда) – Дренкова от км 0+000 до км 0+570, общ. Велинград",Велинград,Пазарджик,6304,ПРО-2918/28.08.2025г.,,0,0,302889.31,
OP-24.001-1997,"Реконструкция на водопроводна мрежа в с. Всемирци, общ. Велинград",Велинград,Пазарджик,6304,ПРО-1687/12.06.2024,РД-02-30-1223/22.07.2024,77000.56,75167.57,0,
OP-24.001-1998,"Ремонт на улица ""Ст. Калпазанов"" в с. Грашево, общ. Велинград",Велинград,Пазарджик,6304,ПРО-2713/04.06.2025,,0,0,126391.35,
OP-24.001-1999,"Ремонт на улица ""Княгиня Мария Луиза"" в с. Юндола, общ. Велинград",Велинград,Пазарджик,6304,ПРО-1701/18.06.2024,РД-02-30-1212/22.07.2024,185650.08,37578.60,148071.48,
OP-24.001-2000,"Ремонт на улица ""Мальовица"" в с. Юндола, общ. Велинград",Велинград,Пазарджик,6304,ПРО-1702/18.06.2024,РД-02-30-1227/22.07.2024,242352.35,48862.90,193489.45,
OP-24.001-2001,"Ремонт на улица ""Д-р Аджаров"" с дължина 307 м в с. Юндола, общ. Велинград",Велинград,Пазарджик,6304,ПРО-1706/18.06.2024,РД-02-30-1224/22.07.2024,220162.28,44306.06,175856.22,
OP-24.001-2002,"Ремонт на улица с дължина 105 м в с. Боровиново, общ. Велинград",Велинград,Пазарджик,6304,,,0,0,,54912.75
OP-24.001-2003,"Ремонт на улица с дължина 137 м в с. Биркова, общ. Велинград",Велинград,Пазарджик,6304,ПРО-1919/16.08.2024,РД-02-30-1416/24.09.2024,135850.25,0,135850.25,
OP-24.001-2004,"Ремонт на улица с дължина 150 м в с. Биркова, общ. Велинград",Велинград,Пазарджик,6304,ПРО-1922/16.08.2024,РД-02-30-1418/24.09.2024,61815.19,0,61815.19,
OP-24.001-2005,"Рехабилитация на отклонение на републикански път ІІІ- 843 /Биркова – Кръстава/ – с. Чолаково – Дживгова махала от км 1+300 до км 2+500, община Велинград",Велинград,Пазарджик,6304,,,0,0,,616975.91
OP-24.001-2006,"Ремонт на 4 броя улици с обща дължина 256 м в с. Рохлева, общ. Велинград",Велинград,Пазарджик,6304,ПРО-2935/04.09.2025,,0,0,112995.51,
OP-24.001-2007,"Изграждане на улици в с. Бутрева, общ. Велинград",Велинград,Пазарджик,6304,ПРО-2861/15.08.2025,,0,0,49390.80,
OP-24.001-2008,"Ремонт на ул. ""Бор"" с дължина 140 м в с. Алендарова, общ. Велинград",Велинград,Пазарджик,6304,ПРО-1699/18.06.2024,РД-02-30-1225/22.07.2024,73472.64,0,73472.64,
OP-24.001-2009,"Ремонт на ул. ""Белмекен"" с дължина 340 м в с. Алендарова, общ. Велинград",Велинград,Пазарджик,6304,ПРО-2934/04.09.2025,,0,0,132833.63,
OP-24.001-2010,"Подпорна стена с дължина 32 м в с. Рохлева, общ. Велинград",Велинград,Пазарджик,6304,ПРО-2933/04.09.2025,,0,0,82062.35,
OP-24.001-2011,"Ремонт/реконструкция на уличен водопровод на улица ""Мальовица"" с дължина 295 м в с. Юндола, общ. Велинград",Велинград,Пазарджик,6304,ПРО-1704/18.06.2024,РД-02-30-1218/22.07.2024,40289.80,35548.09,4741.71,
OP-24.001-2012,"Ремонт/реконструкция на уличен водопровод на улица ""Княгиня Мария Луиза"" с дължина 310 м в с. Юндола, общ. Велинград",Велинград,Пазарджик,6304,ПРО-1700/18.06.2024,РД-02-30-1215/22.07.2024,44942.56,37730.29,7212.27,
OP-24.001-2013,"Ремонт/реконструкция на ул. ""Еделвайс"" от ул. ""Тарас Шевченко"" до ул. ""Никола Вапцаров"", гр. Велинград",Велинград,Пазарджик,6304,ПРО-1684/12.06.2024,РД-02-30-1202/22.07.2024,163255.50,1509.34,161746.16,
OP-24.001-2014,"Ремонт/реконструкция на ул. ""Тарас Шевченко"" от ул. ""Еделвайс"" до ул. ""Братя Маврикови"", гр. Велинград",Велинград,Пазарджик,6304,ПРО-1682/12.06.2024,РД-02-30-1207/22.07.2024,133191.54,1533.88,131657.66,
OP-24.001-2015,"Реконструкция на водопровод и канализация по ул. ""Тарас Шевченко"" в участъка от ул. ""Еделвайс"" до ул. ""Братя Маврикови"", гр. Велинград, община Велинград",Велинград,Пазарджик,6304,ПРО-1683/12.06.2024,РД-02-30-1201/22.07.2024,98628.20,20047.76,78580.44,
OP-24.001-2861,"Сгради за обществено хранене, развлечения и посетителски информационен център в парк ""Клептуза"", УПИ VI, кв. 394, гр. Велинград, община Велинград",Велинград,Пазарджик,6304,ПРО-2612/14.01.2025 ПРО-2696/20.05.2025,РД-02-30-194/18.07.2025,4218158.02,0,4218158.02,
OP-24.001-2862,"Основен ремонт и/или рехабилитация на част пътна на ул. ""Никола Бандаков"" в участъка между ул. ""Никола Вапцаров"" и ул. ""Жасмин"", гр. Велинград",Велинград,Пазарджик,6304,ПРО-2568/03.12.2024,РД-02-30-12/16.06.2025,303911.89,0,303911.89,
OP-24.001-2863,"Основен ремонт и/или рехабилитация на пътната част на улици в с. Грашево, общ. Велинград",Велинград,Пазарджик,6304,ПРО-2712/04.06.2025,,0,0,1381203.89,
OP-24.001-2864,"Основен ремонт и/или рехабилитация на пътната част на улици в с. Драгиново, общ. Велинград",Велинград,Пазарджик,6304,ПРО-2693/15.05.2025,,0,0,1405950.41,
OP-24.001-2866,"Изместване на съществуващ довеждащ водопровод ""Сухата Лъка"" по бул. ""Съединение"" от кръстовището с ул. ""8 март"" до кръстовище с улица ""Цар Самуил, гр. Велинград",Велинград,Пазарджик,6304,ПРО-2567/03.12.2024,РД-02-30-13/16.06.2025,1126887.31,224968.43,901918.88,
OP-24.001-2867,"Основен ремонт и/или реконструкция на водопроводната мрежа по улица ""Трети март"" в участъка от улица ""Елин Пелин"" до улица ""Саркиница"", с. Драгиново, общ. Велинград",Велинград,Пазарджик,6304,ПРО-2694/15.05.2025,,0,0,173992.63,
OP-25.001-0449,"Основен ремонт и/или рехабилитация на улици в с. Кръстава, общ. Велинград",Велинград,Пазарджик,6304,ПРО-2864/15.08.2025,,0,0,859021.49,
OP-25.001-0450,"Основен ремонт и/или рехабилитация на улици в с. Горна Дъбева, общ. Велинград",Велинград,Пазарджик,6304,ПРО-2857/14.08.2025,,0,0,177980.70,
OP-25.001-0451,"Основен ремонт и/или рехабилитация на централна улица в с. Враненци, общ. Велинград",Велинград,Пазарджик,6304,ПРО-2850/14.08.2025,,0,0,229467.80,
OP-25.001-0452,"Основен ремонт и/или рехабилитация на улици в с. Абланица, махала Магерови колиби, общ. Велинград",Велинград,Пазарджик,6304,ПРО-2856/14.08.2025,,0,0,784730.78,
OP-25.001-0769,"Изграждане на нов водопровод за питейни нужди по ул. ""Острец"", с. Света Петка",Велинград,Пазарджик,6304,ПРО-2848/14.08.2025,,0,0,204516.75,
OP-24.001-0815,"Реконструкция, рехабилитация и доизграждане на вътрешната водопроводна мрежа в с. Калугерово, общ. Лесичово – първи етап",Лесичово,Пазарджик,6305,ПРО-280/16.01.2024,РД-02-30-231/18.03.2024,2408849.44,1947569.89,461279.55,
OP-24.001-0816,"Реконструкция и рехабилитация на улици и тротоари на територията на община Лесичово – етап 2, подобект: с. Калугерово: ул. ""5-а"" о.т. 88-40-39-24-27",Лесичово,Пазарджик,6305,ПРО-279/16.01.2024,РД-02-30-227/18.03.2024,346655.90,346263.38,0,
OP-24.001-0817,"Реконструкция и рехабилитация на улици и тротоари на територията на община Лесичово – етап 2, подобект: с. Калугерово: ул. ""7-а"" о.т. 128-94-35-34",Лесичово,Пазарджик,6305,ПРО-278/16.01.2024,РД-02-30-220/18.03.2024; Анекс РД-02-30-220(1)/11.11.2024,320989.04,320397.92,0,
OP-24.001-0818,"Реконструкция и рехабилитация на улици и тротоари на територията на община Лесичово – етап 2, подобект: с. Лесичово: ул. ""Г. Иванчев"" о.т. 129-184-185-186-187 и 134-183-184",Лесичово,Пазарджик,6305,ПРО-275/16.01.2024,РД-02-30-260/19.03.2024; Анекс РД-02-30-260(1)/11.11.2024,193933.01,193778.33,0,
OP-24.001-0819,"Реконструкция и рехабилитация на улици и тротоари на територията на община Лесичово – етап 2, подобект: с. Динката: ул. ""24-та"" о.т. 81-60-61-63",Лесичово,Пазарджик,6305,ПРО-277/16.01.2024,РД-02-30-218/18.03.2024; Анекс РД-02-30-218(1)/11.11.2024,155074.83,154901.65,0,
OP-25.001-0453,"РЕКОНСТРУКЦИЯ И РЕХАБИЛИТАЦИЯ НА ВЪТРЕШНАТА ВОДОПРОВОДНА МРЕЖА НА c. БОРИМЕЧКОВО, ОБЩИНА ЛЕСИЧОВО – етап 2",Лесичово,Пазарджик,6305,ПРО-2782/30.07.2025,РД-02-30-336/13.10.2025,1445677.79,0,1445677.79,
OP-25.001-0454,"ПОДОБРЯВАНЕ НА ТРАНСПОРТНАТА ИНФРАСТРУКТУРА В ОБЩИНА ЛЕСИЧОВО ЧРЕЗ РЕКОНСТРУКЦИЯ И РЕХАБИЛИТАЦИЯ НА УЛИЦИ И ТРОТОАРИ, ПОДОБЕКТ 4: УЛ. ""17-ТА"", ЕТАП 2 ОТ о.т. 110-109-108-107-106-103- 99-98-94-92, С.КАЛУГЕРОВО",Лесичово,Пазарджик,6305,ПРО-2780/30.07.2025,РД-02-30-335/13.10.2025,935766.40,0,935766.40,
OP-25.001-0455,"ПОДОБРЯВАНЕ НА ТРАНСПОРТНАТА ИНФРАСТРУКТУРА В ОБЩИНА ЛЕСИЧОВО ЧРЕЗ РЕКОНСТРУКЦИЯ И РЕХАБИЛИТАЦИЯ НА УЛИЦИ И ТРОТОАРИ, ПОДОБЕКТ: УЛ. ""ИЛИЯ ТАБАКОВ"", ЕТАП 2 ОТ О.Т. 11-16-17-18-19-20-283, С. ЛЕСИЧОВО",Лесичово,Пазарджик,6305,ПРО-2781/30.07.2025,РД-02-30-334/13.10.2025,275075.03,54339.07,220735.96,
OP-25.001-0456,"Основен ремонт на ул. ""9-та"" от о.т. 124-99 в с. Калугерово, община Лесичово",Лесичово,Пазарджик,6305,ПРО-2783/30.07.2025,РД-02-30-337/13.10.2025,269092.92,0,269092.92,
OP-25.001-0770,"Реконструкция, рехабилитация и доизграждане на вътрешната водопроводна мрежа в с. Калугерово, общ. Лесичово – втори етап",Лесичово,Пазарджик,6305,,,0,0,,7485262.01
OP-24.001-0820,"Доизграждане на канализационна и реконструкция на водопроводната мрежа – етап III на с. Ивайло, община Пазарджик",Пазарджик,Пазарджик,6306,ПРО-682/31.01.2024,РД-02-30-51/20.02.2024; Анекс РД-02-30-51(1)/12.12.2024,10110643.56,6635591.50,3475065.06,
OP-24.001-0821,"Реновиране на градската жизнена среда в жилищни райони в квартал ""Марица-Болницата"" на град Пазарджик",Пазарджик,Пазарджик,6306,ПРО-683/31.01.2024,РД-02-30-482/28.03.2024; Анекс РД-02-30-482(1)/12.12.2024,7432905.72,1439465.07,5993440.65,
OP-24.001-0826,"Изработване на работен/технически проект за обновяване и благоустрояване на междублоковите пространства в кв. Ябълките, гр. Пазарджик",Пазарджик,Пазарджик,6306,ПРО-687/31.01.2024 ПРО-3036/10.11.2025,РД-02-30-62/20.02.2024,214742.59,67490.53,147252.06,
OP-24.001-0827,"Изработване на работен/технически проект за основен ремонт на ул. ""Ивайловско шосе"" от ул. ""Двадесет и девета"" в с. Ивайло (вход на с. Ивайло) до бул. ""Георги Бенковски"" в гр. Пазарджик",Пазарджик,Пазарджик,6306,ПРО-688/31.01.2024,РД-02-30-3/20.02.2024,207840.15,94305.13,113535.02,
OP-24.001-0828,"Изработване на работен/технически проект за обновяване и благоустрояване на междублоковите пространства в кв. Широк център – юг, гр. Пазарджик",Пазарджик,Пазарджик,6306,ПРО-689/31.01.2024 ПРО-3035/10.11.2025,РД-02-30-52/20.02.2024,204516.75,67490.53,137026.22,
OP-24.001-0829,"Изработване на работен/технически проект за основен ремонт на ул. ""Пловдивска"" от ул. ""Ген. Гурко"" до бул. ""Стефан Стамболов"" в гр. Пазарджик",Пазарджик,Пазарджик,6306,ПРО-690/31.01.2024,РД-02-30-21/20.02.2024,198790.28,86817.36,111972.92,
OP-24.001-0830,"Изработване на работен/технически проект за основен ремонт на бул. ""България"" от ул. ""Ген. Гурко"" до бул. ""Стефан Стамболов"" в гр. Пазарджик",Пазарджик,Пазарджик,6306,ПРО-691/31.01.2024,РД-02-30-25/20.02.2024,136208.16,59514.37,76693.79,
OP-24.001-0832,"Изработване на работен/технически проект за изграждане на канализация на с. Мокрище, общ. Пазарджик и включване на отпадните води в ГПСОВ Пазарджик",Пазарджик,Пазарджик,6306,ПРО-693/31.01.2024,РД-02-30-16/20.02.2024; Анекс РД-02-30-16(1)/13.12.2024,79250.24,0,79250.24,
OP-24.001-0833,"Изработване на работен/технически проект за основен ремонт на ул. ""Димчо Дебелянов"" от ул. ""Пловдивска"" до бул. ""Стефан Стамболов"" в гр. Пазарджик",Пазарджик,Пазарджик,6306,ПРО-694/31.01.2024,РД-02-30-14/20.02.2024,86510.59,39880.76,46629.83,
OP-24.001-0834,"Изработване на работен/технически проект за основен ремонт на ул. ""Александър Батенберг"" от ул. ""Градинарска"" до бул. ""България"" в гр. Пазарджик",Пазарджик,Пазарджик,6306,ПРО-695/31.01.2024,РД-02-30-37/20.02.2024,62582.13,29143.64,33438.49,
OP-24.001-2016,"Изработване на работен/технически проект за основен ремонт на ул. ""Геори Бенковски"" от ул. ""Петър Бонев"" до ул. ""Генерал Гурко"" в гр. Пазарджик",Пазарджик,Пазарджик,6306,ПРО-1483/13.05.2024,РД-02-30-1392/24.09.2024,427440.01,187132.83,240307.18,
OP-24.001-2017,"Изработване на работен/технически проект за основен ремонт на ул. ""Генерал Гурко"" от ул. ""Г. Бенковски"" до площад ""Възраждане"" в гр. Пазарджик",Пазарджик,Пазарджик,6306,ПРО-1485/13.05.2024,РД-02-30-1391/24.09.2024,115551.97,53839.03,61712.94,
OP-24.001-2018,"Преустройство на част от съществуваща сграда, в която се помещава Специализирана болница за активно лечение на пневмофтизиатрични заболявания ""Д-р Никола Пенчев"" – Пазарджик"" ЕООД",Пазарджик,Пазарджик,6306,ПРО-1486/13.05.2024 ПРО-3037/10.11.2025,РД-02-30-1388/24.09.2024,169902.29,63474.82,106427.47,
OP-24.001-2019,Изработване на работен/технически проект за изграждане на Общински приют за безстопанствени кучета – Пазарджик,Пазарджик,Пазарджик,6306,,,0,0,,27098.47
OP-24.001-2868,"Оновен ремонт и реконструкция на съществуващи улици от уличната мржа на гр. Пазарджик – Етапно строителство по чл. 152, ал. 2 от ЗУТ",Пазарджик,Пазарджик,6306,ПРО-2435/04.11.2024,,0,0,2142568.63,
OP-24.001-2870,"Ремонт на уличен водопровод по ул. ""Св. св. Кирил и Методий"" /от кръстовището с ул. ""Пеньо Пенев"" до кръстовището с ул. ""Васил Левски"", с. Огняново, общ. Пазарджик, в обхвата на републикански път III-8004 ""Мало Конаре – Огняново – Исперихово"" от км 3+408 до км 4+230",Пазарджик,Пазарджик,6306,ПРО-2432/01.11.2024,РД-02-30-1781/12.12.2024,312910.63,0,312910.63,
OP-24.001-2871,"Изпълнение на Инженеринг – проектиране, авторски надзор и строителство на водопроводната мрежа по главните улици на селата Мало Конаре, Пищигово, Черногорово и Овчеполци, част от републиканската пътна мрежа – републикански път III-8003 и попадащи в строителната програма на АПИ",Пазарджик,Пазарджик,6306,ПРО-2434/04.11.2024,РД-02-30-1784/12.12.2024,1923837.96,0,1923837.96,
OP-24.001-2872,"Изпълнение на Инженеринг – проектиране, авторски надзор и монтаж на 4 бр. асансьори с по 14 спирки в административната сграда на Община Пазарджик с адрес: бул. ""България"" № 2, гр. Пазарджик",Пазарджик,Пазарджик,6306,ПРО-2431/01.11.2024,РД-02-30-1776/12.12.2024,255645.94,0,255645.94,
OP-25.001-0457,"Изпълнение на инженеринг – проектиране, авторски надзор и СМР за основен ремонт на пътни платна, бордюри и тротоари на 12 улици в гр. Пазарджик.",Пазарджик,Пазарджик,6306,,,0,0,,2582024.00
OP-24.001-0836,"Укрепване на коритото на река Луда Яна в регулационните граници на гр. Панагюрище – Етап IV от км 2+022,00 до км 3+001,83 – Подетап от км 0+293,51 до км 0+979,83",Панагюрище,Пазарджик,6307,ПРО-1464/10.05.2024,РД-02-30-1189/22.07.2024,4100560.89,3389239.46,711321.43,
OP-24.001-0837,"Реконструкция и рехабилитация на водопроводна мрежа на с. Баня и с. Бъта, община Панагюрище. Подобект: реконструкция и рехабилитация на водопроводна мрежа на с. Бъта, община Панагюрище. Втори етап: главни клонове 1, 2, 3, клон 1, 2, 3, 19, 21, 39, 43",Панагюрище,Пазарджик,6307,ПРО-1698/14.06.2024,РД-02-30-1503/08.10.2024,1533875.64,641409.93,892465.71,
OP-24.001-0838,"Реконструкция и рехабилитация на водопроводна мрежа на с. Баня и с. Бъта, община Панагюрище. Подобект: реконструкция и рехабилитация на водопроводна мрежа на с. Баня, община Панагюрище – етапно строителство. Втори етап: главен клон I, довършване на главен клон 2, Клон 2, 4, 5, 26, 28, 36, 46, 57, 50",Панагюрище,Пазарджик,6307,ПРО-1461/10.05.2024,РД-02-30-1500/08.10.2024,1533875.64,612191.48,921684.16,
OP-24.001-0840,Водоснабдяване на град Панагюрище от тръбни кладенци при с. Злокучене – Реконструкция на ПС I подем до ПС II подем с оптимизация работата на тръбните кладенци,Панагюрище,Пазарджик,6307,ПРО-1542/17.05.2024,РД-02-30-1191/22.07.2024,1021714.57,895213.63,126500.94,
OP-24.001-0841,"Рехабилитация на съществуваща водопроводна мрежа в село Панагюрски колонии в регулацията на село Панагюрски колонии – етапно строителство. ПЪРВИ ЕТАП: Главен клон I, Клон 1, Клон 5, Клон 6, Клон 8, Клон 9, Клон 10, Клон 13",Панагюрище,Пазарджик,6307,ПРО-1434/10.05.2024,РД-02-30-1502/08.10.2024,845779.03,0,845779.03,
OP-24.001-0842,"Водоснабдяване на град Панагюрище от тръбни кладенци при с. Злокучене – реконструкция на водопровод от ОШ ""Бошуля"" до ПС III подем – Участък 1 от ОШ ""Бошуля"" до т. 42 и Участък 2 от о.т. 286 /ШВЗ/ до о.т. 292",Панагюрище,Пазарджик,6307,ПРО-1308/17.04.2024,РД-02-30-1505/08.10.2024; Анекс РД-02-30-1505(1)/20.11.2024,507048.16,457407.70,49640.46,
OP-24.001-0843,"Инженеринг – проектиране, строителство и авторски надзор за обект ""Интелигентно улично осветление в град Панагюрище""",Панагюрище,Пазарджик,6307,ПРО-463/19.01.2024,РД-02-30-413/26.03.2024,797615.33,700547.74,97067.59,
OP-24.001-0844,"Инженеринг – проектиране, строителство и авторски надзор за обект ""Интелигентно улично осветление в малките населени места в община Панагюрище""",Панагюрище,Пазарджик,6307,ПРО-471/19.01.2024,РД-02-30-1649/15.11.2024,790457.25,5521.95,784935.30,
OP-24.001-0845,Благоустрояване на парк Панагюрище – северна част,Панагюрище,Пазарджик,6307,ПРО-1487/13.05.2024,РД-02-30-1646/15.11.2024,613550.26,111666.04,501884.22,
OP-24.001-0846,"Благоустройство на ул. Кръстьо Гешанов от км 0+000,00 до км 0+547,00",Панагюрище,Пазарджик,6307,ПРО-469/19.01.2024,РД-02-30-401/26.03.2024,338679.74,304811.77,33867.97,
OP-24.001-0847,Изготвяне на технически проект за обект: Основен ремонт на Театър – Дом паметник,Панагюрище,Пазарджик,6307,ПРО-467/19.01.2024,РД-02-30-35/20.02.2024,76693.78,34972.36,41721.42,
OP-24.001-2020,"Реконструкция и рехабилитация на водопроводна мрежа на село Баня и с. Бъта, община Панагюрище – Етап 3. Подобект: реконструкция и рехабилитация на водопроводна мрежа на с. Баня, община Панагюрище – етапно строителство. Трети етап: клон 3, 17, 19, 20, 22, 30, 32, 38, 39, 41, 42, 44, 49, 51, 52, 55, 58, 59, 62",Панагюрище,Пазарджик,6307,ПРО-1472/10.05.2024,РД-02-30-1509/08.10.2024,1278229.70,509259.11,768970.59,
OP-24.001-2021,"Рехабилитация на съществуваща водопроводна мрежа в село Панагюрски колонии в регулацията на село Панагюрски колонии – етапно строителство. Втори етап: Клон 2, Клон 3, Клон 4, Клон 7, Клон 11",Панагюрище,Пазарджик,6307,ПРО-1435/10.05.2024,РД-02-30-1648/15.11.2024,118466.33,0,118466.33,
OP-24.001-2022,"Водоснабдяване на група Панагюрище от тръбни кладенци при с. Злокучене – реконструкция на водопровод от ОШ ""Бошуля"" до ПС III подем: подобекти – Участък 2 от т. 292` до ЧР при ПС III подем",Панагюрище,Пазарджик,6307,ПРО-1910/15.08.2024,РД-02-30-1506/08.10.2024,555927.66,0,555927.66,
OP-24.001-2023,Изготвяне на технически проект и авторски надзор за обект: Основен ремонт на сграда общинска собственост Център за подкрепа и личностно развитие,Панагюрище,Пазарджик,6307,ПРО-1377/09.05.2024,РД-02-30-1644/15.11.2024,6493.41,2668.94,3824.47,
OP-24.001-2024,Изготвяне на технически проект и авторски надзор за обект: Основен ремонт на сграда общинска собственост – Градска минерална баня,Панагюрище,Пазарджик,6307,ПРО-1376/09.05.2024,РД-02-30-1645/15.11.2024,11534.74,5767.37,6554.76,
OP-24.001-2025,Изготвяне на технически проект и авторски надзор за обект: Основен ремонт на сграда общинска собственост – Поликлиника,Панагюрище,Пазарджик,6307,ПРО-1375/09.05.2024,РД-02-30-1650/15.11.2024,41312.38,13498.10,27814.28,
OP-24.001-2873,"Водоснабдяване на група Панагюрище от тръбни кладенци при с. Злокучене – изготвяне на проект, строителство и авторски надзор на магистрален водопровод от ОШ ""15 м3"" до резервоар ""Ушите"", гр. Панагюрище – Участък 1: от т. 29 до т. 41 и Участък 2: от т. 53 до т. 56",Панагюрище,Пазарджик,6307,ПРО-2284/10.10.2024,РД-02-30-1647/15.11.2024,1170347.12,0,1170347.12,
OP-24.001-0848,Изграждане на Многофункционална спортна зала в гр. Пещера,Пещера,Пазарджик,6308,ПРО-745/05.02.2024,РД-02-30-762/26.04.2024; Анекс РД-02-30-762(1)/13.12.2024,5614240.50,1106721.95,4507518.55,
OP-24.001-0849,"Обект: ""Проект за благоустрояване на район ""Изгрев"", в кв. 27 по плана на гр. Пещера, община Пещера, област Пазарджик""",Пещера,Пазарджик,6308,ПРО-74/10.01.2024,РД-02-30-352/25.03.2024,1815801.99,1815525.79,0,
OP-24.001-0850,"Благоустрояване на публични пространства в гр. Пещера, участък от ул. ""Дойранска епопея"" от ос. т. 544 до ос. т. 513, участък ул. ""Георги Зафиров"" от ул. ""Дойранска епопея"" до коритото на река Стара река и ул. ""Димитър Горов"" между ос. т. 541 до ос. т. 549, вкл. улица тупик между ос. т. 514 и ос. т. 548",Пещера,Пазарджик,6308,ПРО-76/10.01.2024; ПРО-76(8)/21.08.2024,РД-02-30-350/25.03.2024; Анекс РД-02-30-350(1)/13.12.2024,1333602.61,1291251.19,0,
OP-24.001-0851,"Основен ремонт на водопровод и пътна част на ул. ""Петър Горанов"" и ул. ""Симон Налбант""",Пещера,Пазарджик,6308,ПРО-77/10.01.2024,РД-02-30-384/26.03.2024,1185174.58,1129500.76,0,
OP-24.001-2446,"Основен ремонт на ВиК мрежи и пътна част на ул. ""Освобождение"" и ул. ""Атанас Горов"", гр. Пещера",Пещера,Пазарджик,6308,ПРО-1952/21.08.2024,РД-02-30-9/16.06.2025,1533875.64,1245951.49,287924.15,
OP-25.001-0458,"Реконструкция на довеждащ водопровод от съществуващ каптаж ""Новомахленски"" до утаител в ПИ с иден. № 56277.1.1363, гр. Пещера, общ. Пещера",Пещера,Пазарджик,6308,ПРО-3088/16.12.2025,,0,0,1844025.30,
OP-25.001-0459,"Основен ремонт на ул. ""Георги Гънин"" от о.т. 25 до о.т. 57 и ул. ""Вела Пеева""от о.т. 48 до о.т. 73, с. Радилово",Пещера,Пазарджик,6308,ПРО-2962/29.09.2025,РД-02-30-445/29.12.2025,631956.77,0,631956.77,
OP-25.001-0460,"Основен ремонт на общински пазар гр. Пещера и основен ремонт на улици с о.т. 552-о.т.551, УПИ I ""Пазар"" и пространството между о.т. 551 – о.т. 611 – настилки, гр. Пещера",Пещера,Пазарджик,6308,ПРО-2963/29.09.2025,РД-02-30-489/30.12.2025,789945.96,84719.78,705226.18,
OP-25.001-0461,"Основен ремонт на ВИК мрежа и пътна част на ул. ""Резервоара"" и ул. ""Ангел Калоянов"", гр. Пещера",Пещера,Пазарджик,6308,ПРО-2961/29.09.2025,РД-02-30-411/08.12.2025,642489.38,118372.75,524116.63,
OP-25.001-0462,"Основен ремонт на водопровод и пътна част на ул. ""Цар Симеон"" и ул. ""Цар Борис"" – инженеринг",Пещера,Пазарджик,6308,ПРО-3087/16.12.2025,РД-02-30-446/29.12.2025,631956.77,0,631956.77,
OP-25.001-0463,"Основен ремонт на ВИК мрежа – ул. ""Орешака"", yл. ""Paдeцки"" oт o.т. 750 до о.т. 749, yл. ""Poдопа"" от o.т. 749 до о.т. 738 и yл. ""Иван Цвеев"" oт o.т. 738 дo o.т. 735a в гр. Пещера",Пещера,Пазарджик,6308,ПРО-2965/29.09.2025,РД-02-30-410/08.12.2025,526630.64,99438.78,427191.86,
OP-25.001-0464,"Изграждане на продължение на ул. ""Стефан Караджа"" от о.т. 298 до о.т. 249 между кв. 27 и кв. 80 и о.т. 253, 2985, 254 между кв. 27 и кв. 308, гр. Пещера",Пещера,Пазарджик,6308,ПРО-2964/29.09.2025,РД-02-30-443/29.12.2025,210652.26,40907.89,169744.37,
OP-24.001-0852,"Реконструкция на ул. ""Васил Левски"" – гр. Костандово, в участъка от т. 12 до т. 230, при улица ""Мел"" – гр. Костандово, община Ракитово – СМР",Ракитово,Пазарджик,6309,ПРО-363/17.01.2024,РД-02-30-439/27.03.2024,2162048.85,2162027.68,21.17,
OP-24.001-0853,"Реконструкция на ул. ""Христо Ботев"" – гр. Костандово, в участъка от о.т. 71 до о.т. 94, при улица ""Техеран"" – гр. Костандово, община Ракитово – СМР",Ракитово,Пазарджик,6309,ПРО-365/17.01.2024,РД-02-30-632/02.04.2024,1925218.45,1925205.17,13.28,
OP-24.001-0854,"Благоустрояване на ул. ""Борова гора"", гр. Ракитово от о.т. 237 до о.т. 273 – СМР",Ракитово,Пазарджик,6309,ПРО-376/17.01.2024,РД-02-30-397/26.03.2024,513541.57,509262.20,4279.37,
OP-24.001-0855,"Реконструкция и доизграждане на вътрешна водопроводна мрежа кв. Запад – ул. ""Пирин"", гр. Ракитово – СМР",Ракитово,Пазарджик,6309,ПРО-378/17.01.2024,РД-02-30-440/27.03.2024,183502.66,151964.02,31538.64,
OP-24.001-0856,"Реконструкция и рехабилитация на водопроводната мрежа, тротоари и асфалтиране на улица ""Страцин"", град Костандово – етап 1",Ракитово,Пазарджик,6309,ПРО-380/17.01.2024,РД-02-30-633/02.04.2024; Анекс РД-02-30-633(1)/22.07.2024,56446.62,49668.50,6778.12,
OP-24.001-2026,"Втори етап: Реконструкция и рехабилитация на тротоари и асфалтиране на ул. Страцин от о.т. 200-202-203, гр. Костандово, общ. Ракитово, обл. Пазарджик – СМР",Ракитово,Пазарджик,6309,ПРО-1653/06.06.2024,РД-02-30-1180/22.07.2024,164124.69,151261.36,12863.33,
OP-24.001-2027,"Благоустрояване и реконструкция ул. ""Волга"" от о.т. 417 до о.т. 418, гр. Ракитово – СМР",Ракитово,Пазарджик,6309,ПРО-1652/06.06.2024,РД-02-30-1183/22.07.2024,138611.23,129238.21,9373.02,
OP-25.001-0092,"ОСНОВЕН РЕМОНТ НА ОБЩИНСКИ ПЪТ PAZ1180 /ІІІ-376/ РАКИТОВО – КОСТАНДОВО /PAZ1181/ ОТ КМ 3+070.00 ДО КМ 3+890.91 Обект: ОБЩИНСКИ ПЪТ PAZ1180 /ІІІ-376/ РАКИТОВО – КОСТАНДОВО /PAZ1181/ Етап 2 – ДИРЕКТНО ТРАСЕ ОТ км 2+200 до км 3+020,91",Ракитово,Пазарджик,6309,ПРО-2875/19.08.2025,РД-02-30-344/16.10.2025,777777.21,0,777777.21,
OP-25.001-0101,"РЕКОНСТРУКЦИЯ НА УЛИЧЕН ВОДОПРОВОД ПО УЛ. ""БЛАТО"" В УЧАСТЪКА ОТ УЛ. ""ЧЕПИНЕЦ"" ДО УЛ. ""ВАСИЛ ЛЕВСКИ"", гр. КОСТАНДОВО, ОБЩ. РАКИТОВО, Етап 2 – РЕКОНСТРУКЦИЯ НА ТРОТОАРИ И АСФАЛТИРАНЕ",Ракитово,Пазарджик,6309,ПРО-2877/19.08.2025,РД-02-30-347/16.10.2025,506945.90,0,506945.90,
OP-25.001-0107,"Благоустрояване на ул. ""Георги Мамарчев"" – реконструкция и рехабилитация от о.т. 114 до о.т. 225, гр. Костандово",Ракитово,Пазарджик,6309,,,0,0,,377537.93
OP-25.001-0108,"БЛАГОУСТРОЯВАНЕ НА УЛИЦА ""ГЕОРГИ БЕНКОВСКИ"" – РЕКОНСТРУКЦИЯ И РЕХАБИЛИТАЦИЯ НА УЛ. ""Г. БЕНКОВСКИ"" В УЧАСТЪКА ОТ О.Т. 169 ДО О.Т. 245 ПО ПЛАНА НА ГР. РАКИТОВО"", ГР. КОСТАНДОВО, ОБЩИНА РАКИТОВО",Ракитово,Пазарджик,6309,ПРО-2921/01.09.2025,,0,0,368539.19,
OP-25.001-0109,"РЕКОНСТРУКЦИЯ НА УЛИЧЕН ВОДОПРОВОД ПО УЛ. ""БАТАК"" В УЧАСТЪКА ОТ УЛ. ""ЧЕПИНЕЦ"" ДО УЛ. ""ПЕРУЩИЦА"", ГР. КОСТАНДОВО, ОБЩ. РАКИТОВО, Етап 2 – РЕКОНСТРУКЦИЯ НА ТРОТОАРИ И АСФАЛТИРАНЕ",Ракитово,Пазарджик,6309,ПРО-2879/19.08.2025,РД-02-30-343/16.10.2025,350797.36,0,350797.36,
OP-25.001-0111,"РЕКОНСТРУКЦИЯ НА УЛИЧЕН ВОДОПРОВОД ПО УЛ. ""ПЪРВИ МАЙ"" В УЧАСТЪКА ОТ УЛ. ""ВИХРЕН"" ДО УЛ. ""БАТАК"", ГР. КОСТАНДОВО, ОБЩ. РАКИТОВО, Етап 2 – РЕКОНСТРУКЦИЯ НА ТРОТОАРИ И АСФАЛТИРАНЕ",Ракитово,Пазарджик,6309,ПРО-2881/19.08.2025,РД-02-30-352/16.10.2025,278347.30,0,278347.30,
OP-25.001-0112,"БЛАГОУСТРОЯВАНЕ НА УЛ. ""СПАРТАК – БРЕЗА"" – РЕКОНСТРУКЦИЯ И РЕХАБИЛИТАЦИЯ НА УЛ. ""СПАРТАК – БРЕЗА"" ОТ О.Т. 157 ДО О.Т. 165 ПО ПЛАНА НА ГР. РАКИТОВО, ОБЩИНА РАКИТОВО",Ракитово,Пазарджик,6309,ПРО-2874/19.08.2025,РД-02-30-350/16.10.2025,242403.48,0,242403.48,
OP-25.001-0113,"РЕКОНСТРУКЦИЯ НА УЛИЧЕН ВОДОПРОВОД ПО УЛ. ""БЛАТО"" В УЧАСТЪКА ОТ УЛ. ""ЧЕПИНЕЦ"" ДО УЛ. ""ВАСИЛ ЛЕВСКИ"", ГР. КОСТАНДОВО, ОБЩ. РАКИТОВО, Етап 1 – РЕКОНСТРУКЦИЯ НА УЛИЧЕН ВОДОПРОВОД",Ракитово,Пазарджик,6309,ПРО-2876/19.08.2025,РД-02-30-348/16.10.2025,194904.47,0,194904.47,
OP-25.001-0114,"РЕКОНСТРУКЦИЯ НА УЛИЧЕН ВОДОПРОВОД ПО УЛ. ""БАТАК"" В УЧАСТЪКА ОТ УЛ. ""ЧЕПИНЕЦ"" ДО УЛ. ""ПЕРУЩИЦА"", ГР. КОСТАНДОВО, ОБЩ. РАКИТОВО, Етап 1 – РЕКОНСТРУКЦИЯ НА УЛИЧЕН ВОДОПРОВОД",Ракитово,Пазарджик,6309,ПРО-2878/19.08.2025,РД-02-30-351/16.10.2025,189484.77,0,189484.77,
OP-25.001-0116,"РЕКОНСТРУКЦИЯ НА УЛИЧЕН ВОДОПРОВОД ПО УЛ. ""ПЪРВИ МАЙ"" В УЧАСТЪКА ОТ УЛ. ""ВИХРЕН"" ДО УЛ. ""БАТАК"", ГР. КОСТАНДОВО, ОБЩ. РАКИТОВО, Етап 1 – РЕКОНСТРУКЦИЯ НА УЛИЧЕН ВОДОПРОВОД",Ракитово,Пазарджик,6309,ПРО-2880/19.08.2025,РД-02-30-341/16.10.2025,110387.92,0,110387.92,
OP-25.001-0152,"Довършване ""Реконструкция на вътрешна водопроводна мрежа с. Дорково, общ. Ракитово, II-ри етап""",Ракитово,Пазарджик,6309,ПРО-3010/24.10.2025,,0,0,1959475.01,
OP-25.001-0154,"Реконструкция и подмяна на елементи на съществуващ водопровод за минерална и питейна вода от т. А до т. В ул. ""Иван Клинчаров"" о.т. 1 до т. В о.т. – отсечка между о.т. 86 и о.т. 87, ул. ""Тодор Тупаров"", гр. Ракитово, общ. Ракитово, обл. Пазарджик",Ракитово,Пазарджик,6309,ПРО-2923/01.09.2025,,0,0,603324.42,
OP-25.001-0156,"Реконструкция на водопроводна мрежа по ул. ""Христо Ботев"", ул. ""Братя Кръстини"", ул. ""Малина Тодорова"" и ул. ""Доц. д-р Васил Ташев"" в ПИ 62004.5.9614, 62004.6.9573, 62004.7.9541 и 62004.5.9532 по КК на гр. Ракитово, община Ракитово",Ракитово,Пазарджик,6309,ПРО-2922/01.09.2025,,0,0,387047.95,
OP-25.001-0157,"Обект: Изграждане и рек-я на геотермална отоплителна система на гр. Ракитово; Подобект ""Доизграждане на гл. топлопроводен клон 1 по ул. Хр. Ботев (от ул. Т. Тупаров до о.т. 179), ул. Бр. Кръстини (от от. 179 до от. 207), ул. Г.Георгиев (от 207 до от 188) и ул. Сл. Йовчев (от 188 до от 223)",Ракитово,Пазарджик,6309,ПРО-2916/27.08.2025,РД-02-30-353/16.10.2025,658083.78,0,658083.78,
OP-25.001-0167,"РЕКОНСТРУКИЯ НА ВЪТРЕШНА ВОДОПРОВОДНА МРЕЖА НА УЛИЦА ""ГЕОРГИ ГЕОРГИЕВ"" ОТ О.Т. 215 ДО О.Т. 188 ПО РЕГУЛАЦИОННИЯ ПЛАН НА ГР. РАКИТОВО, ОБЩ. РАКИТОВО",Ракитово,Пазарджик,6309,ПРО-2895/22.08.2025,РД-02-30-340/16.10.2025,119284.40,0,119284.40,
OP-25.001-0170,"РЕКОНСТРУКИЯ НА ВЪТРЕШНА ВОДОПРОВОДНА МРЕЖА И БЛАГОУСТРОЯВАНЕ НА УЛИЦА ""ПЛИСКА"" ОТ О.Т. 529 ДО О.Т. 534 ПО РЕГУЛАЦИОННИЯ ПЛАН НА ГР. РАКИТОВО, ОБЩ. РАКИТОВО, Етап 1 – РЕКОНСТРУКИЯ НА ВЪТРЕШНА ВОДОПРОВОДНА МРЕЖА",Ракитово,Пазарджик,6309,ПРО-2926/03.09.2025,,0,0,65649.88,
OP-25.001-0172,"РЕКОНСТРУКИЯ НА ВЪТРЕШНА ВОДОПРОВОДНА МРЕЖА И БЛАГОУСТРОЯВАНЕ НА УЛИЦА ""ШИПКА"" ОТ О.Т. 345 ДО О.Т. 530 ПО РЕГУЛАЦИОННИЯ ПЛАН НА ГР. РАКИТОВО, ОБЩ. РАКИТОВО, Етап1 – РЕКОНСТРУКИЯ НА ВЪТРЕШНА ВОДОПРОВОДНА МРЕЖА",Ракитово,Пазарджик,6309,ПРО-2930/04.09.2025,,0,0,37886.73,
OP-25.001-0173,"РЕКОНСТРУКЦИЯ НА ВЪТРЕШНА ВОДОПРОВОДНА МРЕЖА И БЛАГОУСТРОЯВАНЕ НА УЛ. ""БРАТЯ КРЪСТИНИ"" ОТ О.Т. 178 ДО О.Т. 207 И ДО О.Т. 251 ПО РЕГУЛАЦИОННИЯ ПЛАН НА ГР. РАКИТОВО – I етап",Ракитово,Пазарджик,6309,ПРО-2896/22.08.2025,РД-02-30-346/16.10.2025,24593.14,0,24593.14,
OP-25.001-0465,"БЛАГОУСТРОЯВАНЕ И РЕКОНСТРУКЦИЯ НА УЛ. ""ХРИСТО БОТЕВ"", ГР. РАКИТОВО, ОБЩ. РАКИТОВО",Ракитово,Пазарджик,6309,ПРО-2928/04.09.2025,,0,0,515382.22,
OP-25.001-0466,"РЕКОНСТРУКЦИЯ НА ВЪТРЕШНА ВОДОПРОВОДНА МРЕЖА И БЛАГОУСТРОЯВАНЕ НА УЛ. ""БРАТЯ КРЪСТИНИ"" ОТ О.Т. 178 ДО О.Т. 207 И ДО О.Т. 251 ПО РЕГУЛАЦИОННИЯ ПЛАН НА ГР. РАКИТОВО – ЕТАП 2",Ракитово,Пазарджик,6309,ПРО-2897/22.08.2025,РД-02-30-349/16.10.2025,499583.30,0,499583.30,
OP-25.001-0467,"РЕКОНСТРУКЦИЯ И БЛАГОУСТРОЯВАНЕ НА УЛ. ""ГЕОРГИ ГЕОРГИЕВ"" ОТ О.Т. 215 ДО О.Т. 157 ПО ПЛАНА НА ГР. РАКИТОВО, ОБЩ. РАКИТОВО",Ракитово,Пазарджик,6309,ПРО-2894/22.08.225,,0,0,389451.03,
OP-25.001-0468,"РЕКОНСТРУКЦИЯ НА ВЪТРЕШНА ВОДОПРОВОДНА МРЕЖА И БЛАГОУСТРОЯВАНЕ НА УЛ. ""ЮНДОЛА"" ПО РЕГУЛАЦИОННИЯ ПЛАН НА ГР. РАКИТОВО, етап 1",Ракитово,Пазарджик,6309,ПРО-2931/04.09.2025,,0,0,79147.98,
OP-25.001-0469,"РЕКОНСТРУКЦИЯ НА ВЪТРЕШНА ВОДОПРОВОДНА МРЕЖА НА УЛ. ""ЦАР КАЛОЯН"" ПО РЕГУЛАЦИОННИЯ ПЛАН НА ГР. КОСТАНДОВО, етап 1",Ракитово,Пазарджик,6309,ПРО-2920/01.09.2025,,0,0,69535.70,
OP-25.001-0470,"Закрит плувен басейн в имот с идентификатор 62004.5.1322 по КККР на гр. Ракитово в УПИ 33 – спортен център, кв. 9, обл. Пазарджик, общ. Ракитово, ул. ""Тодор Тупаров"" № 4а",Ракитово,Пазарджик,6309,,,0,0,,4094681.03
OP-24.001-0857,"Изграждане на нови водопроводи за минерална вода от с. Варвара до гр. Септември, общ. Септември",Септември,Пазарджик,6310,ПРО-9/09.01.2024,РД-02-30-81/22.02.2024; Анекс РД-02-30-81(1)/12.12.2024,2386301.47,2386278.98,0,
OP-24.001-0858,"НОВ ОБЩИНСКИ ПЪТ ОТ ПЪТ ДО ВРЗ – ГР. СЕПТЕМВРИ ДО ПЪТ IV КЛАС ""PAZ1206 СЕПТЕМВРИ – ВЕТРЕН"", ПРЕМИНАВАЩ ПРЕЗ ЗЕМЛИЩАТА НА ГР. СЕПТЕМВРИ И ГР. ВЕТРЕН, ОБЩ. СЕПТЕМВРИ, ОБЛ. ПАЗАРДЖИК",Септември,Пазарджик,6310,ПРО-11/09.01.2024,РД-02-30-645/03.04.2024,2815684.39,2514779.18,300905.21,
OP-24.001-0859,"Аварийна реконструкция на водопровод за минерална вода от съществуващо находище на минерална вода ""Варвара"" до с. Варавара и с. Ветрен дол, община Септември",Септември,Пазарджик,6310,ПРО-14/09.01.2024,РД-02-30-644/03.04.2024; Анекс РД-02-30-644(1)/13.12.2024,926256.37,926155.20,0,
OP-24.001-0860,"РЕКОНСТРУКЦИЯ НА ВОДОПРОВОД ЗА МИНЕРАЛНА ВОДА ДО ДЕТСКА ГРАДИНА С.ВАРВАРА, ОБЩ. СЕПТЕМВРИ",Септември,Пазарджик,6310,ПРО-18/09.01.2024,РД-02-30-70/22.02.2024; Анекс РД-02-30-70(1)/12.12.2024,269501.95,269468.75,0,
OP-24.001-0861,"Реконструкция на уличен водопровод по ул. ""Република"" – от бул. ""България"" до ул. ""Поп Богомил"" в гр. Септември, община Септември, обл. Пазарджик",Септември,Пазарджик,6310,ПРО-23/09.01.2024,РД-02-30-84/22.02.2024; Анекс РД-02-30-84(1)/12.12.2024,58696.31,0,58696.31,
OP-24.001-0862,"Реконструкция уличен водопровод по ул. ""Римски път"" – от ул. ""Република"" до ул. ""Поп Богомил"" в гр. Септември, община Септември, обл. Пазарджик",Септември,Пазарджик,6310,ПРО-5/09.01.2024,РД-02-30-73/22.02.2024; Анекс РД-02-30-73(1)/13.12.2024,55117.26,0,55117.26,
OP-24.001-0863,"Реконструкция на уличен водопровод по ул. ""Захари Стоянов"" – от бул. ""България"" до ул. ""Г. С. Раковски"" в гр. Септември, община Септември, обл. Пазарджик",Септември,Пазарджик,6310,ПРО-24/09.01.2024,РД-02-30-77/22.02.2024; Анекс РД-02-30-77(1)/12.12.2024,49390.80,44517.43,4873.37,
OP-24.001-2028,"Реконструкция и рехабилитация на улична мрежа в с. Злокучене, улица от о.т. 26 до о.т. 20, общ. Септември",Септември,Пазарджик,6310,ПРО-1785/08.07.2024,РД-02-30-1257/15.08.2024,132884.76,119832.26,13052.50,
OP-24.001-2029,"СПОРТЕН КОМПЛЕКС, НАХОДЯЩ СЕ В УПИ УПИ I, кв. 116, гр. Септември, общ. Септември",Септември,Пазарджик,6310,ПРО-1783/08.07.2024,РД-02-30-1260/15.08.2024,155228.22,154614.66,0,
OP-24.001-2030,"Реконструкция на сграда за Автогара, находяща се в УПИ II – за автогара и услуги в кв. 140, общ. Септември; Oбновяване и благоустрояване на парковo пространствo, находящо се в УПИ І – седмичен пазар, кв. 140 по регулационния план на гр. Септември, общ. Септември",Септември,Пазарджик,6310,ПРО-1784/08.07.2024,РД-02-30-190/18.07.2025,10123.58,0,10123.58,
OP-24.001-2031,"Фасадно оформление и реконструкция на пок-рив на съществуваща сграда ДГ ""Приказно вълшебство"", находяща се в УПИ I – детски комбинат, кв. 77 по регулационния план на гр. Септември, общ. Септември",Септември,Пазарджик,6310,ПРО-1786/08.07.2024,РД-02-30-1262/15.08.2024,14418.43,14418.43,0,
OP-24.001-2447,"Обновяване и благоустрояване на парковo пространствo, находящо се в УПИ I – Админист-ративни услуги, търговия и услуги в кв. 25, и тротоари в улици между осови точки 95-68-67, и между квартал 24, кв. 35 кв. 37, кв. 38, УПИ IX – Кметство, площад и здравна служба в кв. 11, с. Бошуля, общ. Септември",Септември,Пазарджик,6310,ПРО-1855/12.08.2024,РД-02-30-103/19.06.2025,276660.04,248898.98,27761.06,
OP-24.001-2448,"Oбщински път, преминаващ през стопански двор ""Фермата"" до рибарниците на р. Марица в землището на гр. Септември, местност ""Адата""",Септември,Пазарджик,6310,ПРО-1856/12.08.2024,РД-02-30-104/19.06.2025,266127.42,3681.30,262446.12,
OP-24.001-2449,"Реконструкция и рехабилитация на част от общински път PAZ 3209 от км 3+116 до км 3+433 /който в регулационните граници на с. Виноградец съвпада с ул. ""5-та"" от о.т. 152 до о.т. 161/",Септември,Пазарджик,6310,ПРО-1857/12.08.2024,РД-02-30-102/19.06.2025,127107.16,1840.65,125266.51,
OP-24.001-2450,"Трасе на общински /обслужващ/ път ПИ 385.740 до ПИ 385008 с НТП ""Складов терен"", местност ""Бунара"" по КВС на землище Варвара, общ. Септември",Септември,Пазарджик,6310,ПРО-1858/12.08.2024,РД-02-30-192/18.07.2025,125573.29,113186.57,12386.72,
OP-24.001-0865,"Подобряване на енергийна ефективност на административна сграда в УПИ-II – Поликлиника, кв. 63, ул. Иван Павлов в гр. Стрелча – Целта на проектното предложение е подобряване енергийните характеристики на сградата, намаляване потреблението на ел. енергия. След изпълнение на пакета енергоспестяващи мерки ще се подобрят експлоатационните характеристики за удължаване на жизнения цикъл на сградата и ще се намалят разходите за нейната поддръжка",Стрелча,Пазарджик,6311,ПРО-61/10.01.2024,РД-02-30-56/20.02.2024,558177.35,301783.17,256394.18,
OP-24.001-0866,"ПОДОБЕКТ: ЛОТ 5 – ул. ""Освобождение"" – т. 1-о.т. 408- о.т. 409-о.т. 386-о.т. 385-о.т. 448-т.-7-1",Стрелча,Пазарджик,6311,ПРО-53/10.01.2024,РД-02-30-487/28.03.2024,508275.26,376895.34,131379.92,
OP-24.001-0867,"Реконструкция на вътрешна водопроводна мрежа гр. Стрелча, ул. ""Средна гора"" – от о.т. 238 до о.т. 219А; ул. ""Руски"" – запад, от о.т. 335 /площад ""Оборище""/ до р.т. 228, ул. ""Топола"" – от о.т. 329 /""Руски""/ до о.т. 345 /""Фантастико""/ и от о.т. 345, през о.т. 346 до о.т. 347, бул. ""Руски"" горно ниво /север/ – от о.т. 397 до о.т. 456 /330Б/, бул. ""Руски"" – изток /долно ниво/ от о.т. 326Б /след моста/ до 40 метра преди о.т. 31 (329Б-312)",Стрелча,Пазарджик,6311,ПРО-57/10.01.2024 ПРО-1349/02.05.2024,,0,0,1614659.76,
OP-24.001-0868,"ПОДОБЕКТ: ЛОТ 3 – ул. ""Иван Вазов"", ул. ""Н. Сапунджиев"", ул. ""Освобождение""",Стрелча,Пазарджик,6311,ПРО-59/10.01.2024,РД-02-30-42/20.02.2024,883205.60,0,883205.60,
OP-24.001-0869,"ПОДОБЕКТ: 3 броя улици от ЛОТ 2 – ул. ""Света гора"", ул. ""Язовирна"", ул. ""М. Дринов""",Стрелча,Пазарджик,6311,ПРО-55/10.01.2024,РД-02-30-44/20.02.2024,540640.04,0,540640.04,
OP-24.001-0870,"ПОДОБЕКТ: ЛОТ 4 – ул. ""Т. Каблешков""",Стрелча,Пазарджик,6311,ПРО-64/10.01.2024 ПРО-1345/02.05.2024,РД-02-30-757/26.04.2024,85078.97,0,85078.97,
OP-24.001-0871,"Ремонт, реконструкция на водохващане към ПСПВ гр. Стрелча",Стрелча,Пазарджик,6311,ПРО-33/10.01.2024,РД-02-30-774/26.04.2024,150524.33,118735.13,31789.20,
OP-24.001-2032,"Благоустрояване на 12 броя улици в град Стрелча, община Стрелча",Стрелча,Пазарджик,6311,ПРО-1348/02.05.2024,РД-02-30-1143/19.07.2024,2812616.64,0,2813127.93,
OP-24.001-2033,"Изграждане на канализационна мрежа по бул. ""Руски"" от о.т. 282 до РШ на съществуващ главен колектор до моста на р. Стрелчанска Луда Яна и ул. ""Димитър Благоев"" локално платно, от о.т. 282 до о.т. 324 на бул. ""Руски"" в гр. Стрелча",Стрелча,Пазарджик,6311,ПРО-1346/02.05.2024,РД-02-30-838/20.05.2024,428973.89,422787.11,6186.78,
OP-24.001-2034,"Благоустрояване на ул. ""Акация"" от о.т. 437+35 м до о.т. 736 и от о.т. 218 до о.т. 365 в град Стрелча",Стрелча,Пазарджик,6311,ПРО-1347/02.05.2024,РД-02-30-835/20.05.2024,298594.46,161709.89,136884.57,
OP-24.001-0872,"Основен ремонт на общински път Сърница – м. Орлино – границата с общ. Доспат – SML-3086 (от км 13+080 до км 15+200 м и от км 17+300 м до км 20+250 м), включително изграждане на мостови съоръжения",Сърница,Пазарджик,6312,ПРО-933/26.02.2024,РД-02-30-202/18.03.2024,3067751.29,2516622.32,551128.97,
OP-25.001-0099,"Проектиране и изграждане/основен ремонт/рехабилитация на общинска улична мрежа на територията на община Сърница, област Пазарджик",Сърница,Пазарджик,6312,ПРО-3060/27.11.2025,,0,0,511291.88,
OP-25.001-0471,"Проектиране и осъществяване на авторски надзор на обект: Изграждане на нов спортен обект, включващ многофункционална спортна зала, спортен терен на открито, прилежаща инфраструктура и благоустрояване на външно пространство в УПИ УПИ X-290 ""Спортен терен"", находящ се в кв. № 21 по регулационния план на гр. Сърница, общ. Сърница",Сърница,Пазарджик,6312,,,0,0,,93566.41
OP-24.001-0873,"Реконструкция на довеждащ водопровод от язовир ""Красава"" до Помпена станция за питейни води ""Гърло""",Брезник,Перник,6401,ПРО-6/09.01.2024; ПРО-6(1)/20.02.2024; ПРО-6(2)/15.03.2024,РД-02-30-689/04.04.2024; Анекс РД-02-30-689(1)/04.06.2024,1109503.38,902378.25,207125.13,
OP-24.001-0874,"Изграждане на парк в УПИ VI, кв. 49, гр. Брезник, община Брезник",Брезник,Перник,6401,ПРО-7/09.01.2024; ПРО-7(1)/20.02.2024; ПРО-7(2)/15.03.2024,РД-02-30-690/04.04.2024; Анекс РД-02-30-690(1)/04.06.2024,301662.21,132100.77,169561.44,
OP-24.001-2035,"Реконструкция и преустройство на админист-ративна сграда на ул. ""Андрей Михайлов"" № 75, град Брезник, за нуждите на общинска администрация",Брезник,Перник,6401,ПРО-2084/04.09.2024,РД-02-30-1544/09.10.2024,1158587.40,0,1785738.02,
OP-24.001-2036,"Изграждане на улична канализация и реконструкция на водопровод по ул. ""Георги Бунджулов"" и ул. ""Трън"" в участъка от кръстовището при бензиностанция ""Лукойл"" до кръстовището с ул. ""Нестор Петров"", гр. Брезник, община Брезник",Брезник,Перник,6401,,,0,0,,338833.13
OP-24.001-2037,"Реконструкция на довеждащ водопровод от РШ13 до съществуващ водопровод при р. Конска, гр. Брезник, община Брезник",Брезник,Перник,6401,ПРО-1591/28.05.2024,РД-02-30-1015/25.06.2024,458475.43,429888.02,28587.41,
OP-24.001-2038,"Нов пътен мост на река Турска на ул. ""Енчо Николов"" в гр. Брезник",Брезник,Перник,6401,ПРО-1870/13.08.2024,РД-02-30-1387/24.09.2024,236574.75,120907.62,115667.13,
OP-24.001-2039,"Реконструкция и рехабилитация на ул. ""Цвета Лумбарова"" и ул. ""Енчо Николов"", гр. Брезник",Брезник,Перник,6401,ПРО-1871/13.08.2024,РД-02-30-134/26.06.2025,945071.91,0,945071.91,
OP-24.001-2040,"Реконструкция вътрешна водопроводна мрежа по ул. ""Елена Георгиева"", ул. ""Борис Антов"" и ул. ""Шипка"", гр. Брезник",Брезник,Перник,6401,ПРО-1834/ 07.08.2024,РД-30-132/26.06.2025,433361.28,342376.18,90995.10,
OP-24.001-2041,"Реконструкция и рехабилитация на пътна настилка и тротоари по улица ""Нестор Петров"" и улица ""Йордан Милев"", гр. Брезник, община Брезник",Брезник,Перник,6401,,,0,0,,246902.85
OP-24.001-2451,"Реконструкция на довеждащ водопровод за гр. Брезник – Етап 1 по ул. ""Георги Бунджулов"" и ул. ""Трън"" в участъка от кръстовището при бензиностанция ""Лукойл"" до кръстовището с ул. ""Некрит Кузманов"", гр. Брезник",Брезник,Перник,6401,,,0,0,,104354.67
OP-24.001-2452,"Реконструкция на ВиК мрежа по улица ""Христо Ботев"" и улица ""Андрей Михайлов"", град Брезник",Брезник,Перник,6401,ПРО-2605/09.01.2025,РД-02-30-320/01.10.2025,129510.23,0,129510.23,
OP-24.001-2453,"Изграждане на улична водопроводна и канализационна мрежа на квартал ""Петров камък"", гр. Брезник",Брезник,Перник,6401,ПРО-2652/19.03.2025,РД-02-30-319/01.10.2025,513183.66,0,513183.66,
OP-24.001-2454,"Реконструкция и рехабилитация на пътна настилка и тротоари по улица ""Елена Георгиева"", гр. Брезник, община Брезник",Брезник,Перник,6401,ПРО-2606/09.01.2025,,0,0,782941.26,
OP-24.001-2874,"Реконструкция и преустройство на админист-ративна сграда на площад ""9-ти септември"" № 2, гр. Брезник, за нуждите на общински съвет – гр. Брезник",Брезник,Перник,6401,,,0,0,,471104.34
OP-24.001-2876,"Реконструкция на канализационна мрежа по ул ""9-ти септември"", ул. ""Георги Бунджулов"" и ул. ""Андрей Михайлов"", град Брезник",Брезник,Перник,6401,,,0,0,,220111.15
OP-24.001-2877,"Реконструкция на довеждащ водопровод от водопровод при р. Конска до РШ на ул. ""Александър Филипов"", гр. Брезник, община Брезник",Брезник,Перник,6401,,,0,0,,521364.33
OP-25.001-0472,Изграждане на система от тръбни кладенци в ПИ 52324.69.1812 и ПИ 52324.888.9901 с. Ноевци и тласкател от тях до НР Ноевци,Брезник,Перник,6401,,,0,0,,449936.86
OP-25.001-0473,"Реконструкция на улица ""Ген. Владимир Заимов"", гр. Брезник",Брезник,Перник,6401,,,0,0,,434598.10
OP-25.001-0474,"Реконструкция на улична водопроводна мрежа по ул. ""Октомври"", ул. ""Ясна поляна"", ул. ""Гоздовска"", ул. ""Логатор"", ул. ""Петров камък"", ул. ""Криви колник"", ул. ""Цвета Лумбарова"", ул. ""Бреза"", ул. ""Шипка"" и ул. ""Борова гора"", гр. Брезник",Брезник,Перник,6401,,,0,0,,1175971.33
OP-25.001-0475,"Изграждане на дълбок сондаж и шахтов кладенец с дренажи – ""Гърло 2"" в ПИ с кадастрален идентификатор 18349.45.63 по КККР на с. Гърло, общ. Брезник",Брезник,Перник,6401,ПРО-2779/30.07.2025,РД-02-30-283/19.08.2025г.,306775.13,262189.32,44585.81,
OP-25.001-0476,"ВЕДОМСТВЕН ОТКРИТ ПАРКИНГ И ПОДПОРНА СТЕНА ПО УЛИЧНИТЕ РЕГУЛАЦИОННИ ЛИНИИ НА УПИ ІІІ, кв. 58 по регулационния план на общ. Брезник, гр. Брезник",Брезник,Перник,6401,,,0,0,,383468.91
OP-25.001-0477,"Реконструкция на улична водопроводна мрежа по ул. ""Иван Тимофеев"", ул. ""Владо Захариев"" и ул. ""Гребен"", гр. Брезник",Брезник,Перник,6401,,,0,0,,409033.50
OP-25.001-0478,Резервоар Букова глава и водопровод до с. Конска,Брезник,Перник,6401,,,0,0,,460162.69
OP-25.001-0479,"Довеждащ колектор до ПСОВ ""Батановци""",Брезник,Перник,6401,,,0,0,,51129.19
OP-25.001-0480,"Реконструкция на улична водопроводна мрежа на село Горна Секирна, община Брезник",Брезник,Перник,6401,,,0,0,,511291.88
OP-25.001-0481,"Реконструкция на улична водопроводна мрежа на село Долна Секирна, община Брезник",Брезник,Перник,6401,,,0,0,,971454.57
OP-25.001-0482,"Реконструкция на улична водопроводна мрежа на село Ноевци, община Брезник",Брезник,Перник,6401,,,0,0,,1022583.76
OP-25.001-0483,"Изграждане шахтов кладенец, дълбок сондаж и водопровод до помпена станция в с. Гърло 1",Брезник,Перник,6401,ПРО-2941/12.09.2025,,0,0,1329358.89,
OP-25.001-0484,Водопровод резервоар Бегуновци – с. Непразненци,Брезник,Перник,6401,,,0,0,,536856.48
OP-24.001-2455,"Основен ремонт на сграда на ""Поликлиника"", гр. Земен",Земен,Перник,6402,ПРО-2263/08.10.2024,РД-02-30-145/04.07.2025,1298988.15,0,1298988.15,
OP-24.001-2456,"Реконструкция и основен ремонт на ""Сграда на общинската администрация"" – бивше училище – СГТУ",Земен,Перник,6402,ПРО-2264/08.10.2024,РД-02-30-144/04.07.2025,1012000.02,180355.63,831644.39,
OP-24.001-2457,"Реконструкция на водоснабдителна система – гр. Земен, Етап IV",Земен,Перник,6402,ПРО-2265/08.10.2024,РД-02-30-1770/26.11.2024,566767.05,123169.10,443597.95,
OP-25.001-0029,"Основен ремонт и реконструкция на пътен участък от кръстовището на ул. ""Земенски манастир"" с ул. ""Христо Смирненски"" до Земенски манастир ""Св. Йоан Богослов"" и благоустройство",Земен,Перник,6402,ПРО-2884/19.08.2025,,0,0,2183983.27,
OP-25.001-0030,"Ремонт и реконструкция на път PER3039 /III-605, Габров дол – Мурено/ – Падине",Земен,Перник,6402,,,0,0,,1008216.46
OP-25.001-0031,Ремонт и реконструкция на път PER3042 /III-605/ Мурено – мах. Воиници,Земен,Перник,6402,,,0,0,,980555.57
OP-25.001-0485,Инженринг за основен ремонт и реконструкция на улици и тротоари в гр. Земен,Земен,Перник,6402,ПРО-2836/13.08.2025,РД-02-30-492/30.12.2025,6155136.18,0,6155136.18,
OP-24.001-0876,"Подмяна на водопроводна мрежа на с. Егълница, община Ковачевци",Ковачевци,Перник,6403,ПРО-1762/03.07.2024,РД-02-30-1470/08.10.2024,2261443.99,1130977.64,1130466.35,
OP-24.001-0878,"Изграждане на резервоар за питейна вода, село Лобош",Ковачевци,Перник,6403,ПРО-1761/03.07.2024,РД-02-30-1471/08.10.2024,187644.12,0,187644.12,
OP-24.001-2043,"Спортно-възстановителна база към спортен комплекс ""Димитровец"", с. Ковачевци",Ковачевци,Перник,6403,ПРО-1801/19.07.2024,РД-02-30-1469/08.10.2024,618663.18,0,618663.18,
OP-24.001-0880,"Реконструкция на кръстовище с кръгово движение при ул. ""Св. св. Кирил и Методий"" и изграждане на свързваща улица с републикански път II-63",Перник,Перник,6404,ПРО-498/22.01.2024,,0,0,3527913.98,
OP-24.001-0881,"Технологично оборудване на ПСПВ с АКХ филтри и площадков водопровод. Подобекти: Ламелен утаител, Хлораторно и тръбопровод за хлорна вода, Тръбопровод от АКХ филтри до шахта № 3(съществуваща)",Перник,Перник,6404,ПРО-492/22.01.2024,РД-02-30-765/26.04.2024,2880004.91,471696.96,2408307.95,
OP-24.001-0882,"Реконструкция на ул. ""Рашо Димитров"" от ул. ""Бучински път"" до ул. ""Младен Стоянов"" и на ул. ""Бучински път"" от кръгово кръстовище при ул. ""Юрий Гагарин"" до ул. ""Рашо Димит-ров"", кв. Изток, гр. Перник",Перник,Перник,6404,ПРО-1009/01.03.2024,РД-02-30-766/26.04.2024; Анекс РД-02-30-766(1)/17.12.2024,4692636.89,4103602.51,589034.38,
OP-24.001-0883,"Инженеринг – проектиране, изпълнение на СМР и упражняване авторски надзор за обект: Изграждане на нов стоманобетонов мост за тежко натоварване над р. Струма, свързващ ул. ""Ю. Гагарин"" с ул. ""Младен Стоянов""/ул. ""Старо Мошино",Перник,Перник,6404,ПРО-1006/01.03.2024,РД-02-30-775/26.04.2024,2556459.41,0,2556459.41,
OP-24.001-0884,"Реконструкция на ул. ""Струма"" от кръстовище при ул. ""Кракра"" до кръстовище с ул. ""Кракра"" и ул. ""Средец"", гр. Перник",Перник,Перник,6404,ПРО-2751/26.06.2025,РД-02-30-300/10.09.2025,1994038.34,391813.19,1602225.15,
OP-24.001-0885,"Допълнително водоснабдяване и канализация на с. Драгичево, община Перник",Перник,Перник,6404,ПРО-491/22.01.2024,РД-02-30-764/26.04.2024,1789521.58,0,1789521.58,
OP-24.001-0886,"Инженеринг – проектиране, изпълнение на СМР и упражняване авторски надзор за обект: Рехабилитация на пътната настилка по ул. ""Република"" с дължина 1000 м в участъка от кръстовище с ул. ""Ю. Гагарин"" до разклона за депо за отпадъци, гр. Перник. Ремонт на тротоарна настилка и уличното осветление. Подмяна на канализацията в участъка",Перник,Перник,6404,ПРО-1007/01.03.2024,РД-02-30-772/26.04.2024,1354923.49,0,1354923.49,
OP-24.001-0887,Изпълнение на СМР за обект: Изграждане на ул. Палма,Перник,Перник,6404,ПРО-490/22.01.2024,РД-02-30-761/26.04.2024,1252665.11,246889.08,1005776.03,
OP-24.001-0888,"Укрепване на свлачище с идентификатор №PER 32.11288-01, с. Витановци – /II-63/, община Перник, област Перник",Перник,Перник,6404,ПРО-497/22.01.2024,,0,0,1141970.42,
OP-24.001-0889,"Инженеринг – проектиране, изпълнение на СМР и упражняване авторски надзор за обект: Частична рехабилитация на пътната настилка по ул. ""Кракра"", гр. Перник. Ремонт на тротоарна настилка и уличното осветление от кръстовището с ул. ""Тунджа"" до кръстовището с ул. ""Струма"" при VI училище. Подмяна на стара канализация в участъка по ул. ""Кракра"" между ул. ""Райко Даскалов"" и ул. ""Тунджа"" и ВиК инфраструктура по ул. ""Кракра""",Перник,Перник,6404,ПРО-2752/26.06.2025,РД-02-30-302/10.09.2025,1291012.00,0,1291012.00,
OP-24.001-0890,"Инженеринг – проектиране, изпълнение на СМР и упражняване авторски надзор за реконструкция на водопровод по ул. ""Св. св. Кирил и Методий"", гр. Перник, община Перник",Перник,Перник,6404,ПРО-1008/01.03.2024,РД-02-30-768/26.04.2024,346661.21,0,346661.21,
OP-24.001-0891,"Изготвяне на инвестиционен проект и авторски надзор за обект: Изграждане на битова канализация на кв. Стара чешма, гр. Перник",Перник,Перник,6404,,,0,0,,41414.64
OP-24.001-0892,Изготвяне на инвестиционен проект и авторски надзор за обект: Допълнително водоснабдяване на с. Селищен дол,Перник,Перник,6404,,,0,0,,25053.30
OP-24.001-0893,"Изготвяне на инвестиционен проект и авторски надзор за обект: Ремонт на общински път PER 1094/ I-1, Владая – Перник/– Драгичево – /PER 1095/ от о.т. 101 до о.т. 335, с. Драгичево",Перник,Перник,6404,,,0,0,,19684.74
OP-24.001-0894,Изготвяне на инвестиционен проект и авторски надзор за обект: Реконструкция на водопровод от кв. Радина чешма до напорен резервоар 500 м3,Перник,Перник,6404,,,0,0,,17383.92
OP-24.001-0895,Изготвяне на инвестиционен проект и авторски надзор за обект: Допълнително водоснабдяване на с. Зидарци,Перник,Перник,6404,,,0,0,,9970.19
OP-24.001-2045,"Проектиране, изграждане и надзор на кръгово кръстовище в кв. Църква, гр. Перник, при пресичането на ул. ""Димитър Благоев"" с ул. ""Владайско въстание""",Перник,Перник,6404,ПРО-2753/26.06.2025,РД-02-30-301/10.09.2025,434393.58,0,434393.58,
OP-25.001-0486,"Изграждане на ул. ""Самодивска"" в кв. Каменина, гр. Перник, ВиК и подпорна стена",Перник,Перник,6404,,,0,0,,277120.20
OP-25.001-0487,"Основен ремонт на ул. ""Върбица"". ВиК инфраструктура по ул. Върбица, гр. Перник",Перник,Перник,6404,,,0,0,,207686.76
OP-25.001-0488,"Реконструкция на мост над река Струма на ул. ""Св. св. Кирил и Методий"" в кв. Хумни дол, гр. Перник",Перник,Перник,6404,,,0,0,,593609.87
OP-25.001-0489,"Кръстовище с кръгово движение при VI ОУ ""Св. св. Кирил и Методий"", гр. Перник (реконструкция на кръстовище при ул. ""Кракра"", ул. ""Струма"" и ул. ""Средец"", гр. Перник)",Перник,Перник,6404,,,0,0,,536856.48
OP-24.001-0896,"Реконструкция на вътрешна водопроводна мрежа на с. Друган – актуализация, общ. Радомир",Радомир,Перник,6405,ПРО-518/22.01.2024,РД-02-30-722/05.04.2024,4363773.95,659400.76,3704373.19,
OP-24.001-0897,"Реконструкция на общински път PER2127/III-604, Бобораци-Жедна/-Негованци-/I-6/, от км 0+000 до км 5+400",Радомир,Перник,6405,ПРО-666/29.01.2024,РД-02-30-1003/25.06.2024,1924553.77,302910.11,1621643.66,
OP-24.001-0898,Реконструкция на общински път PER2134 от път III-627 с. Друган-Радомир до с. Стефаново-с. Кондофрей /III- 6041/ от км 0+000 до км 9+200,Радомир,Перник,6405,ПРО-665/29.01.2024,РД-02-30-1001/25.06.2024,2850759.01,340162.91,2510596.10,
OP-24.001-0899,"Реконструкция на част от водопроводната мрежа на с. Гълъбник, с. Чуковец, с. Кондофрей, общ. Радомир",Радомир,Перник,6405,ПРО-1623/03.06.2024,РД-02-30-1013/25.06.2024,766937.82,666277.57,100660.25,
OP-24.001-0900,"Довеждащ водопровод – с. Касилаг – с. Жедна, общ. Радомир",Радомир,Перник,6405,ПРО-2586/09.12.2024,,0,0,843631.60,
OP-24.001-2697,"Изграждане на част от градски парк, град Радомир",Радомир,Перник,6405,ПРО-2663/10.04.2025,,0,0,2096296.71,
OP-25.001-0490,"Напорен водопровод от ПС ""Гълъбник"" до захранващ резервоар в село Гълъбник",Радомир,Перник,6405,,,0,0,,1533875.64
OP-25.001-0491,Реконструкция на вътрешната водопроводна мрежа на село Кленовик,Радомир,Перник,6405,,,0,0,,997019.17
OP-25.001-0492,Изграждане на военноисторичерски музей в пределите на бившето военно поделение в град Радомир,Радомир,Перник,6405,,,0,0,,2045167.52
OP-25.001-0493,Реконструкция и на централна градска част в град Радомир,Радомир,Перник,6405,,,0,0,,2980831.67
OP-25.001-0494,Реконструкция на вътрешната водопроводна мрежа средна и висока зона в град Радомир,Радомир,Перник,6405,,,0,0,,3332600.48
OP-24.001-0901,"Рехабилитация и реконструкция на общински път PER3167 /II-63,Трън-Стрезимировци/-Реяновци-Бохова от км 0+000 до км 2+562.10 и от км 2+969.45 до км 4+551.80",Трън,Перник,6406,ПРО-79/10.01.2024,РД-02-30-960/14.06.2024,1288966.83,1082784.40,206182.43,
OP-24.001-0902,"Реконструкция на напорен тръбопровод (тласкател) от Помпена станция ""Банкя"" до преходен резервоар за гр. Трън",Трън,Перник,6406,ПРО-93/10.01.2024,РД-02-30-965/14.06.2024,1497011.50,757016.96,739994.54,
OP-24.001-0903,Рехабилитация и реконструкция на общински път PER3173 /III-630/ Велиново – Милкьовци от км 0+000 до км 3+912.77,Трън,Перник,6406,ПРО-81/10.01.2024,РД-02-30-1329/02.09.2024,1100300.12,926454.62,173845.50,
OP-24.001-0904,"Рехабилитация и реконструкция на общински път PER3166 /II-63, Трън – Стрезимировци/ – Цегриловци от км 0+000 до км 3+434.24",Трън,Перник,6406,ПРО-88/10.01.2024,РД-02-30-303/20.03.2024,884892.86,738455.92,146436.94,
OP-24.001-0905,"Рехабилитация и реконструкция на общински път PER3154 /II-63, Филиповци – Трън/ – Ездимирци от км 0+000 до км 2+434.18",Трън,Перник,6406,ПРО-82/10.01.2024,РД-02-30-297/20.03.2024,508735.42,427506.38,81254.30,
OP-24.001-0906,"Реконструкция и/или рехабилитация на съществуващи общински улици, тротоари, находящи се в община Трън: Улица дясно по протежение на селска река от о.т. 20 – о.т. 22 – о.т. 23 – о.т. 24 – о.т. 25 – о.т. 26 – о.т. 64 – о.т. 67 – о.т. 27 – о.т. 28 – о.т. 13 – о.т. 29 – о.т. 14",Трън,Перник,6406,ПРО-80/10.01.2024,РД-02-30-969/14.06.2024,412152.39,0,412152.39,
OP-24.001-0907,"Рехабилитация и реконструкция на общински път PER3172 /III-637, Вукан – Горочевци/ – Кожинци от км 0+000 до км 0+658.10",Трън,Перник,6406,ПРО-83/10.01.2024,РД-02-30-301/20.03.2024,229927.96,193200.90,36727.06,
OP-24.001-0908,"Реконструкция и/или рехабилитация на съществуващи общински улици, тротоари, находящи се в община Трън: улица ""Стефан Рангелов"" – от о.т. 95-96-97-97а-98-320а- 320-319-318-317-316-315-314-304-303 – до о.т. 307, град Трън",Трън,Перник,6406,ПРО-84/10.01.2024,РД-02-30-302/20.03.2024,233097.97,45225.70,187872.27,
OP-24.001-0909,"Реконструкция и/или рехабилитация на съществуващи общински улици, тротоари, находящи се в община Трън: Улица ""Атанас Ботев"" – от о.т. 240-239-238-224-225-226- 227 до о.т. 228, град Трън",Трън,Перник,6406,ПРО-87/10.01.2024,РД-02-30-296/20.03.2024,146433.99,28414.00,118019.99,
OP-24.001-0910,"Реконструкция и/или рехабилитация на съществуващи общински улици, тротоари, находящи се в община Трън: Улица ляво по протежението на Селска река, с. Филиповци от о.т. 5-7-8-16-17-18-68-19-15",Трън,Перник,6406,ПРО-89/10.01.2024,РД-02-30-1319/02.09.2024,126340.22,0,126340.22,
OP-24.001-0911,"Реконструкция и/или рехабилитация на съществуващи общински улици, тротоари, находящи се в община Трън: Улица ""Христо Ботев"" – о.т. 66-57-59б-59а-55-76, град Трън",Трън,Перник,6406,ПРО-91/10.01.2024,РД-02-30-1317/02.09.2024,96531.91,18729.10,77802.81,
OP-24.001-0912,"Реконструкция и/или рехабилитация на съществуващи общински улици, тротоари, находящи се в община Трън: Улица от о.т. 2 до о.т. 54, с. Филиповци, община Трън",Трън,Перник,6406,ПРО-92/10.01.2024,РД-02-30-300/20.03.2024,44431.26,0,44431.26,
OP-24.001-0913,"Реконструкция и/или рехабилитация на съществуващи общински улици, тротоари, находящи се в община Трън: Улица о.т. 124 – о.т. 466, гр. Трън",Трън,Перник,6406,ПРО-94/10.01.2024,РД-02-30-299/20.03.2024,25820.24,4981.52,20838.72,
OP-24.001-0914,"Изграждане на канализация и рехабилитация на водопровод по ул. ""Радецки"", ул. ""Черно море"", ул. ""Филип Станиславов"", ул. ""Райко Даскалов"" и ул. ""Александър Стамболийски"" в гр. Белене, община Белене",Белене,Плевен,6501,ПРО-436/19.01.2024,РД-02-30-495/28.03.2024,1269588.87,521568.32,748020.55,
OP-24.001-0915,"Изграждане на тротоари и междублокови пространства от о.т. 779-о.т. 780-о.т. 781/о.т. 783-о.т. 784/-о.т. 782 – о.т. 785-о.т. 786-о.т. 787/о.т. 788/-о.т. 789/о.т. 790/– о.т. 791 до о.т. 792, стр.кв. 77 – гр. Белене",Белене,Плевен,6501,ПРО-439/19.01.2024,РД-02-30-524/29.03.2024,1003614.83,0,1003614.83,
OP-24.001-0916,"Основен ремонт на ул. ""Първи май"" от о.т. 47 до о.т. 52 – ВТОРИ ЕТАП",Белене,Плевен,6501,ПРО-441/19.01.2024,РД-02-30-27/16.06.2025,506485.74,0,506485.74,
OP-24.001-0917,"Реконструкция на ул. ""Лозенец"" от о.т. 378а през о.т. 378, о.т. 379 до о.т. 389, гр. Белене – първи и втори етап",Белене,Плевен,6501,ПРО-443/19.01.2024,РД-02-30-468/28.03.2024,217303.40,217303.40,0,
OP-24.001-2878,"Инженеринг – проектиране, авторски надзор и строителство на обект ""Изграждане на техническа инфраструктура на НМВ ""Белене"" в ПИ 03366.130.3 по КК и КР на гр. Белене, община Белене",Белене,Плевен,6501,,,0,0,,3117551.12
OP-25.001-0495,"Инженеринг: проектиране, авторски надзор и СМР на обект ""Реконструкция на напорен водопровод от ПС Белене до водонапорна кула в гр. Белене и реконструкция помпена станция ""Раней"" – втори подем",Белене,Плевен,6501,ПРО-2917/27.08.2025,РД-02-30-409/08.12.2025,1729189.14,212595.16,1516593.98,
OP-24.001-0918,"Инженеринг за изпълнение на обект ""Авариен ремонт на външни водопроводи и обслужващи пътища в град Гулянци, село Брест и село Сомовит в община Гулянци""",Гулянци,Плевен,6502,ПРО-252/15.01.2024,РД-02-30-479/28.03.2024,7429837.97,5978154.15,1451683.82,
OP-24.001-0919,"Рехабилитация на улица ""Мито Пачев"" от о.т. 195 до о.т. 326 в село Гиген, община Гулянци, област Плевен – втори етап",Гулянци,Плевен,6502,ПРО-667/29.01.2024,РД-02-30-1076/25.06.2024,696532.93,628373.47,0,
OP-24.001-0920,"Превантивни дейности за предотвратяване на последствията от свлачищните, ерозионните и абразионни процеси на съвременно периодично-активно свлачище с № PVN08.68045.01.01 в участък на улица ""Батак"", PVN08.68045.01.10 в района на ""Цвятково дере"" и PVN08.68045.01.11 в района на ""Гойчево дере"" в село Сомовит, община Гулянци. Подобект 2: Укрепване на свлачище в район ""Цвятково дере"" в село Сомовит, община Гулянци",Гулянци,Плевен,6502,ПРО-396/18.01.2024,РД-02-30-1489/08.10.2024,518654.48,88983.09,429671.39,
OP-25.001-0127,Ремонт на улици на територията на община Гулянци,Гулянци,Плевен,6502,ПРО-3119/29.12.2025,РД-02-30-465/30.12.2025,613550.26,0,613550.26,
OP-25.001-0496,"Инженеринг – проектиране, упражняване на авторски надзор и изпълнение на СМР за обект ""Основен ремонт на общински път PVN 1022/ІІ-11/ – Гиген – Дъбован – Гулянци – /ІІ-11/ от км 0+000 до км 7+900""",Гулянци,Плевен,6502,ПРО-2803/04.08.2025,РД-02-30-467/30.12.2025,6774055.00,55219.52,6718835.48,
OP-25.001-0497,"Инженеринг, включително проектиране, СМР и авторски надзор за обект ""Ремонт и реконструкция на пътна и водопроводна мрежа на улици ""Московска"", ""Рила"", ""Зора"" и ""Любен Каравелов"" в гр. Гулянци""",Гулянци,Плевен,6502,,,0,0,,1803224.21
OP-24.001-0921,"Рехабилитация на общински път PVN 1047 от път III-118 – Горна Митрополия – Староселци, участък от км 5+225 до км 7+310",Долна Митрополия,Плевен,6503,ПРО-387/18.01.2024,РД-02-30-113/28.02.2024; Анекс РД-02-30-113(1)/03.04.2024,1533415.48,1294982.56,238432.92,
OP-24.001-0922,"Реконструкция и рехабилитация на уличната мрежав гр. Тръстеник, община Долна Митрополия",Долна Митрополия,Плевен,6503,ПРО-384/18.01.2024,РД-02-30-116/28.02.2024,1508311.05,1451620.32,0,
OP-24.001-2879,Канализационна и водопроводна мрежа на гр. Тръстеник – етап 2,Долна Митрополия,Плевен,6503,ПРО-2718/09.06.2025,РД-02-30-292/26.08.2025,6732998.27,0,6732998.27,
OP-25.001-0498,"Реконструкция на водопроводната мрежа на с. Ставерци, общ. Долна Митрополия, обл. Плевен – Трети етап",Долна Митрополия,Плевен,6503,ПРО-2914/26.08.2025,РД-02-30-294/28.08.2025г.,1436270.02,0,1436270.02,
OP-24.001-0923,"Рехабилитация на улици в община Долни Дъбник – ул. ""Св. св. Кирил и Методий"", с. Крушовица от общински път PVN 1060 до репуб-ликански път ІІІ-305 и ул. ""Иван Асен ІІ-ри"", с. Садовец от републикански път ІІІ-305 до пресечка с ул. ""Генерал Столетов""",Долни Дъбник,Плевен,6504,ПРО-1673/07.06.2024,РД-02-30-1321/02.09.2024,1154241.42,0,1154241.42,
OP-24.001-0924,"Реконструкция на водопроводни клонове гр. Дол-ни Дъбник – І етап, Главен клон І, Главен клон ІІ, Главен клон ІІІ и Тласкател",Долни Дъбник,Плевен,6504,ПРО-534/23.01.2024,РД-02-30-387/26.03.2024; Анекс РД-02-30-3871()/25.11.2024,799762.76,666250.40,0,
OP-24.001-0925,"Реконструкция на общински път PVN 2061 ""Долни Дъбник – Градина"" в участъка от км 0+000 до км 2+880",Долни Дъбник,Плевен,6504,ПРО-1674/07.06.2024,РД-02-30-1324/02.09.2024,1477991.44,292411.61,1185579.83,
OP-24.001-0927,"Реконструкция на плочни водостоци по река Дъбнишка бара и възстановяване на част от улица ""Ручина бара"" в село Горни Дъбник, община Долни Дъбник",Долни Дъбник,Плевен,6504,ПРО-1672/07.02.2024,РД-02-30-1413/24.09.2024,500503.62,0,500503.62,
OP-24.001-2047,"Прилагане на мерки за енергийна ефективност на сграда за обществено обслужване – Народно читалище ""Развитие – 1907"", с. Крушовица, община Долни Дъбник",Долни Дъбник,Плевен,6504,ПРО-1675/07.06.2024,РД-02-30-1328/02.09.2024,612629.93,0,612629.93,
OP-24.001-2459,"Внедряване на мерки за енергийна ефективност на сграда общинска собственост с идентификатор 22407.601.527.1, находяща се в УПИ ХI-527; стр. кв. 42, област Плевен, община Долни Дъбник, гр. Долни Дъбник, ул. ""Христо Янчев"" № 59 – проектиране и основен ремонт",Долни Дъбник,Плевен,6504,ПРО-2471/07.11.2024,,0,0,694334.37,
OP-24.001-2460,"Ремонт и реконструкция на част от покрива на сграда общинска собственост и конструктивно възстановяване на спомагателни помещения към кинозала, сграда с идентификатор 22407.601.527.1, находяща се в УПИ ХI- 527; стр. кв. 42, област Плевен, община Долни Дъбник, гр. Долни Дъбник, ул. ""Христо Янчев"" № 59 – проектиране, ремонт и реконструкция",Долни Дъбник,Плевен,6504,ПРО-2148/16.09.2024 ПРО-2279/09.10.2024,РД-02-30-1738/25.11.2024,367414.35,0,367414.35,
OP-24.001-2880,"Реконструкция на водопроводни клонове гр. Дол-ни Дъбник – Втори етап, Второстепенни водопроводни клонове по ул. ""Христо Янчев"" с № 69, 18, 17, 148, 149 от ОК 103 до ОК 282",Долни Дъбник,Плевен,6504,ПРО-2728/13.06.2025,,0,0,1108787.57,
OP-24.001-2881,"Реконструкция на главни водопроводни клонове в село Бъркач, община Долни Дъбник",Долни Дъбник,Плевен,6504,ПРО-2729/13.06.2025,,0,0,1612307.82,
OP-24.001-0928,"Реконструкция на улица ""Георги Димитров"" от ОК 231 до ОК 331 в с. Писарово",Искър,Плевен,6505,ПРО-512/22.01.2024,РД-02-30-1128/19.07.2024,487210.03,450988.37,36221.66,
OP-24.001-0929,"Реконструкция на улица ""Валентина Терешкова"" от ОК 30 до ОК 120Б в гр. Искър",Искър,Плевен,6505,ПРО-304/16.01.2024,РД-02-30-1125/19.07.2024,317335.86,275140.99,42194.87,
OP-24.001-2048,"Реконструкция на ул. ""Кирил и Методий"" от о.т. 42 през о.т. 12, о.т. 20, о.т. 95, о.т. 107 до о.т. 99",Искър,Плевен,6505,ПРО-2580/04.12.2024,РД-02-30-1836/13.12.2024,1922661.99,421551.65,1501110.34,
OP-24.001-2049,"Реконструкция на ул. ""Одрин"" от ОК 237 до ОК 239 в гр. Искър",Искър,Плевен,6505,ПРО-2566/03.12.2024,РД-02-30-1794/12.12.2024,218014.86,192323.17,25691.69,
OP-24.001-2882,Внедряване на енергоспестяващи мерки в уличното осветление на населените места в община Искър,Искър,Плевен,6505,ПРО-2383/18.10.2024 ПРО-2569/03.12.2024,РД-02-30-1835/13.12.2024,1381817.44,242965.90,1138851.54,
OP-24.001-2883,"Реконструкция на ул. ""Кирил и Методий"" в с. Долни Луковит, община Искър",Искър,Плевен,6505,ПРО-2348/17.10.2024,РД-02-30-1840/13.12.2024,535936.15,104122.24,431813.91,
OP-24.001-2884,"Реконструкция на ул. ""Васил Коларов"" в с. Староселци, община Искър",Искър,Плевен,6505,ПРО-2349/17.10.2024,РД-02-30-1838/13.12.2024,457299.46,80702.75,376596.71,
OP-24.001-2885,"Реконструкция на улици в гр. Искър: ул. ""Септември"" от о.т. 71 до о.т. 125 в гр. Искър",Искър,Плевен,6505,ПРО-2350/17.10.2024,РД-02-30-1837/13.12.2024,371095.65,65490.32,305605.33,
OP-24.001-2886,"Реконструкция на улици в гр. Искър: ул. ""Никола Вапцаров"" от о.т. 24 до о.т. 109 в гр. Искър",Искър,Плевен,6505,ПРО-2351/17.10.2024,РД-02-30-1841/13.12.2024,174452.79,32961.34,153046.65,
OP-24.001-2887,"Реконструкция на улици в гр. Искър: ул. ""Чавдарци"" от о.т. 63 до о.т. 134 в гр. Искър",Искър,Плевен,6505,ПРО-2352/17.10.2024,РД-02-30-1848/13.12.2024,174452.79,30780.89,143671.90,
OP-24.001-2888,"Реконструкция на улици в гр. Искър: ул ""Ернст Телман"" от о.т. 69 до о.т. 132 в гр. Искър",Искър,Плевен,6505,ПРО-2353/17.10.2024,РД-02-30-1839/13.12.2024,144695.60,25531.29,119164.31,
OP-25.001-0128,Ремонт на улици на територията на община Искър,Искър,Плевен,6505,,,0,0,,613550.26
OP-25.001-0499,"Превенция от наводнения – укрепване на бреговете на река Писаровска от ОК 227 през ОК133, ОК31А до ОК5 в град Искър, община Искър",Искър,Плевен,6505,ПРО-2811/05.08.2025,РД-02-30-471/30.12.2025,8770445.28,0,8770445.28,
OP-24.001-0930,"Изграждане на еко-къмпинг зона в границите на Лесопарк ""Гергана"", гр. Кнежа",Кнежа,Плевен,6511,ПРО-744/05.02.2024,РД-02-30-61/20.02.2024,1846888.53,1662218.62,184669.91,
OP-24.001-0931,Реконструкция на вътрешна водопроводна и улична мрежа в гр. Кнежа,Кнежа,Плевен,6511,ПРО-25/09.01.2024,РД-02-30-743/25.04.2024,1326086.62,1103948.11,0,
OP-24.001-0932,Реконструкция и модернизация на общинския пазар в град Кнежа,Кнежа,Плевен,6511,ПРО-740/05.02.2024,РД-02-30-24/20.02.2024,1043035.44,1005260.64,0,
OP-24.001-2058,Реконструкция на улици в град Кнежа – Етап 2 и Етап 4,Кнежа,Плевен,6511,ПРО-1393/09.05.2024,РД-02-30-1341/02.09.2024,896908.22,500472.85,396435.37,
OP-25.001-0507,"Закрит басейн, фитнес и обслужващи помещния в гр. Кнежа",Кнежа,Плевен,6511,ПРО-3055/21.11.2025,,0,0,4668503.91,
OP-25.001-0508,"Благоустрояване и обновяване на част от горски парк ""Гергана"" в ПИ 37376.592.1 в община Кнежа",Кнежа,Плевен,6511,ПРО-2936/10.09.2025,,0,0,957138.40,
OP-24.001-0933,"Строителство на Музейно-експозиционен комплекс ""Георги Парцалев"", гр. Левски",Левски,Плевен,6506,ПРО-324/17.01.2024,РД-02-30-36/20.02.2024,2013978.72,416785.93,1597192.79,
OP-24.001-0934,"Рехабилитация и реконструкция на ул. ""Малчика"" от о.т. 125 до о.т. 469",Левски,Плевен,6506,ПРО-722/02.02.2024,РД-02-30-46/20.02.2024,1488319.54,243943.15,1244376.39,
OP-24.001-0935,Ремонт на път PVN 1112 от връзката с път PVN 2111 до общинска граница с община Свищов,Левски,Плевен,6506,ПРО-890/19.02.2024,РД-02-30-307/22.03.2024,1341118.60,1338002.79,0,
OP-24.001-0936,"Реконструкция, паркоустрояване и благоустрояване на градски парк в гр. Левски, находящ се в пм. с идентиф. № 43236.401.3447 по КК, парцел 1, кв. 130, по плана на гр. Левски, община Левски",Левски,Плевен,6506,ПРО-323/17.01.2024,РД-02-30-308/22.03.2024,1187168.62,1047492.27,139676.35,
OP-24.001-0937,"Рехабилитация и реконструкция на ул. ""Шипка"" от о.т. 82 до о.т. 37",Левски,Плевен,6506,ПРО-721/02.02.2024,РД-02-30-15/20.02.2024; Анекс РД-02-30-15(1)/12.12.2024,343894.92,309069.31,34825.61,
OP-24.001-0938,"Реконструкция и доизграждане на водопроводната система в гр. Левски – Профили 20, 17, 13 и 10 по ул. ""Малчика""",Левски,Плевен,6506,ПРО-720/02.02.2024,РД-02-30-2/20.02.2024,195518.02,71068.08,124449.94,
OP-24.001-2050,"Покрит общински пазар и благоустрояване на околното пространство в гр. Левски, община Левски",Левски,Плевен,6506,ПРО-1561/21.05.2024,РД-02-30-1339/02.09.2024,306110.45,63629.03,242481.42,
OP-24.001-2051,"Спортна площадка със скейт парк и два тенис корта на открито в УПИ IV, кв. 140 по плана на град Левски",Левски,Плевен,6506,ПРО-1562/21.05.2024,РД-02-30-1340/02.09.2024,764790.40,160834.90,603955.50,
OP-25.001-0129,Ремонт на улична мрежа на територията на община Левски,Левски,Плевен,6506,,,0,0,,613550.26
OP-25.001-0500,"Реконструкция и доизграждане на профили 4, 6, 8, 14, 15, 16, 21, 22, 23, 32, 33, 34, 35, 36 и 42 от водопроводната мрежа на гр. Левски, общ. Левски",Левски,Плевен,6506,,,0,0,,1819534.42
OP-25.001-0501,"Инженеринг, включително проектиране, СМР и авторски надзор за обект ""Ремонт и реконструкция на пътна и водопроводна мрежа на улици: ""Княз Борис"", ""Софроний Врачански"", ""Милин камък"" и ремонт и реконструкция – част пътна на улица ""Ангел Кънчев"" на територията на град Левски""",Левски,Плевен,6506,,,0,0,,2552011.17
OP-25.001-0502,"Инженеринг, включително проектиране, СМР и авторски надзор за обект ""Ремонт и реконструкция на пътна и водопроводна мрежа на ул. ""Александър Стамболийски"" – с. Асеновци и ремонт и реконструкция – част пътна на ул. ""Марица"" – с. Обнова на територията на община Левски""",Левски,Плевен,6506,,,0,0,,1332222.13
OP-24.001-0939,Реконструкция на улици в община Никопол,Никопол,Плевен,6507,ПРО-833/14.02.2024,РД-02-30-857/20.05.2024,2342534.88,2323651.28,0,
OP-24.001-0940,Основен ремонт на площади на територията на община Никопол,Никопол,Плевен,6507,ПРО-709/01.02.2024,РД-02-30-8/20.02.2024,565925.98,546451.62,0,
OP-24.001-0941,Реконструкция и рехабилитация на улици на територията на община Никопол,Никопол,Плевен,6507,ПРО-712/01.02.2024,РД-02-30-57/20.02.2024,410465.12,410446.89,0,
OP-24.001-0942,"Укрепване и възстановяване на мост и част от улица ""Генерал Криднер"" – от о.т. 378 до о.т. 335+6.00 м гр. Никопол",Никопол,Плевен,6507,ПРО-707/01.02.2024,РД-02-30-45/20.02.2024,407397.37,361619.77,45777.60,
OP-24.001-0943,Проектиране на улици на територията на община Никопол,Никопол,Плевен,6507,ПРО-706/01.02.2024,РД-02-30-23/20.02.2024,283460.22,139552.01,143908.21,
OP-24.001-0944,Реконструкция на улици и паркинг в град Никопол,Никопол,Плевен,6507,ПРО-710/01.02.2024,РД-02-30-41/20.02.2024,236012.33,235129.83,0,
OP-24.001-0945,Проектиране на водопровод на територията на община Никопол,Никопол,Плевен,6507,ПРО-705/01.02.2024,РД-02-30-64/20.02.2024,80988.63,33208.41,47780.22,
OP-24.001-2889,"Реконструкция и рехабилитация на ул. ""Юрий Гагарин"", с. Драгаш войвода, община Никопол – Етап 2, в участъка от 0+750 км до 1+0.54 км",Никопол,Плевен,6507,ПРО-3014/28.10.2025,,0,0,229927.96,
OP-24.001-2890,"Инженеринг (проектиране, строителство и авторски надзор) за обект: Основен ремонт и реконструкция на покриви на читалища на територията на община Никопол",Никопол,Плевен,6507,ПРО-3137/16.02.2026,,0,0,0,369970.81
OP-24.001-2891,"Инженеринг (проектиране, строителство и авторски надзор) за обект: Основен ремонт и реконструкция на покриви на читалища на територията на община Никопол",Никопол,Плевен,6507,,,0,0,,186161.37
OP-25.001-0130,"Аварийно възстановяване на подпорна стена в ПИ 51723.500.92 с адрес: гр. Никопол, ул. ""Сливница"" 2, СУ ""Христо Ботев"" и извършване на аварийни дейности за дренажна система на ул. ""Шипка"" в гр. Никопол",Никопол,Плевен,6507,,,0,0,,766937.82
OP-25.001-0175,Реконструкция и/или рехабилитация на улици в община Никопол – Етап 1,Никопол,Плевен,6507,,,0,0,,1022583.76
OP-25.001-0503,Реконструкция и/или рехабилитация на улици в община Никопол – Етап 2,Никопол,Плевен,6507,,,0,0,,3048117.68
OP-25.001-0504,"Ажурна ограда в част от ПИ 51723.136.7 и част от ПИ 51723.136.10, приемен център с открит паркинг, приемна сграда и сцена в ПИ 51723.136.7, паркоустрояване и благоустрояване на археологическа площадка на АИНКЦ ""Никополска крепост"" в част от ПИ 51723.136.10 на обект ""Опазване, проучване, консервация и социализация на АИНКЦ ""Никополска крепост"", в местност ""Баладжа"", град Никопол, община Никопол, област Плевен",Никопол,Плевен,6507,ПРО-3019/29.10.2025,,0,0,2599101.15,
OP-24.001-0946,Многофункционална спортна зала,Плевен,Плевен,6508,ПРО-1823/06.08.2024,РД-02-30-1851/13.12.2024,18418778.73,3545355.79,14873422.94,
OP-24.001-0947,"Основен ремонт на ул. ""Васил Левски"" от пл. ""Ст. Стамболов"" до ул. ""Полк. инж. Цв. Лазаров""",Плевен,Плевен,6508,ПРО-829/14.02.2024 ПРО-1826/06.08.2024,РД-02-30-254/19.03.2024,2006053.70,373978.02,1632075.68,
OP-24.001-0948,"Изграждане на улица в ж.к. ""Дружба"" от ОК 271 до ОК 442 – продължение на ул. ""Климент Охридски"": Етап 1: от км 0+000 до км 0+142 – дясно платно (южно) и южен тротоар, и Етап 2: от км 0+142 до км 0+411,60",Плевен,Плевен,6508,ПРО-827/14.02.2024,РД-02-30-252/19.03.2024,1142328.32,211119.36,931208.96,
OP-24.001-0949,"Реконструкция на кръстовище бул. ""Хр. Ботев"" – ул. ""Ген. л-т Ат. Стефанов"", гр. Плевен",Плевен,Плевен,6508,ПРО-826/14.02.2024,РД-02-30-248/19.03.2024,567533.99,111595.21,490860.01,
OP-24.001-2053,"Основен ремонт на ул. ""Цар Самуил"" от ОК 340а до ОК 1197",Плевен,Плевен,6508,ПРО-1829/06.08.2024,РД-02-30-1508/08.10.2024,704969.25,0,704969.25,
OP-24.001-2054,"Рехабилитация на част от общински път PVN 3123 на територията на община Плевен, Етап 1: от км 4+700 до км 5+838; Етап 2: от км 0+000 до км 4+700",Плевен,Плевен,6508,ПРО-1825/06.08.2024,РД-02-30-65/17.06.2025,3809124.51,342264.61,3466859.90,
OP-24.001-2055,"Основен ремонт на ул. ""Ген. Столетов"": Етап 1: от ОК 51б до ОК 83а (от ул. ""Стоян войвода"" до ул. ""Ведрина"") и Етап 2: от ОК 73а до ОК 114 (от ул. ""Петко войвода"" до ул. ""Ильо войвода""), гр. Плевен",Плевен,Плевен,6508,ПРО-1827/06.08.2024,РД-02-30-1516/08.10.2024,461185.28,0,461185.28,
OP-24.001-2461,"Реконструкция на ул. ""Дойран"" в участъка от пл. ""Свобода"" до ул. ""Васил Левски"" при кръговото кръстовище (от ОК 1243 – ляво и ОК 627 – дясно до ОК 1317) – в проекта се предвижда и частично покриване на р. Тученица с обособени паркинг зони",Плевен,Плевен,6508,ПРО-1965/23.08.2024,РД-02-30-71/17.06.2025,10880955.91,0,10880955.91,
OP-24.001-2462,"Проектиране на обект: Основен ремонт PVN1150 – /ІІ- 35,Плевен-Ловеч/-Бохот-Тученица-Радишево/PVN1146/",Плевен,Плевен,6508,ПРО-1963/23.08.2024,РД-02-30-1850/13.12.2024,238773.31,0,238773.31,
OP-24.001-2465,"Основен ремонт ул. ""Тодор Александров"" ОК 130-ОК 185, с. Мечка",Плевен,Плевен,6508,ПРО-1862/12.08.2024,РД-02-30-273/22.07.2025,554598.30,0,554598.30,
OP-24.001-2466,"Основен ремонт ул. ""Цветан Спасов"" ОК 1-ОК 12, с. Ясен",Плевен,Плевен,6508,ПРО-1962/23.08.2024,РД-02-30-183/14.07.2025,815408.29,0,815408.29,
OP-24.001-2467,"Основен ремонт ул. ""Христо Ботев"" ОК 32-162, с. Бохот",Плевен,Плевен,6508,ПРО-1972/23.08.2024,РД-02-30-180/14.07.2025,768471.70,0,768471.70,
OP-24.001-2469,"Основен ремонт ул. ""Княз Борис I"" ОК 589-605, гр. Плевен",Плевен,Плевен,6508,ПРО-1977/23.08.2024,РД-02-30-186/14.07.2025,1623147.21,0,1623147.21,
OP-24.001-2470,"Ремонт, реконструкция и модернизация на стадион ""Плевен"", гр. Плевен",Плевен,Плевен,6508,ПРО-1860/12.08.2024,РД-02-30-1510/08.10.2024,4326551.90,869185.97,3457365.93,
OP-24.001-2471,"Основен ремонт ул. ""Христо Сръбски"", с. Опанец",Плевен,Плевен,6508,ПРО-1971/23.08.2024,РД-02-30-176/14.07.2025,617742.85,0,617742.85,
OP-24.001-2472,"Основен ремонт ул. ""Плевен"" ОК 126-ОК 36, с. Ралево",Плевен,Плевен,6508,ПРО-1957/23.08.2024,РД-02-30-267/22.07.2025,542685.20,0,542685.20,
OP-24.001-2473,"Основен ремонт ул. ""Юрий Гагарин"" ОК 204-ОК 149, с. Николаево",Плевен,Плевен,6508,ПРО-1970/23.08.2024,РД-02-30-271/22.07.2025,533021.79,0,533021.79,
OP-24.001-2474,"Основен ремонт ул. ""Ген. Вл. Заимов"" ОК 44-56, с. Тученица",Плевен,Плевен,6508,ПРО-1966/23.08.2024,РД-02-30-277/22.07.2025,530260.81,0,530260.81,
OP-24.001-2475,"Основен ремонт ул. ""Патриарх Евтимий"" ОК 698а-186а, гр. Плевен",Плевен,Плевен,6508,ПРО-1975/23.08.2024,РД-02-30-274/22.07.2025,487158.90,0,487158.90,
OP-24.001-2476,"Основен ремонт ул. ""Стара планина"" ОК 54-ОК 23, с. Тодорово",Плевен,Плевен,6508,ПРО-1960/23.08.2024,РД-02-30-270/22.07.2025,478211.30,0,478211.30,
OP-24.001-2477,"Основен ремонт ул. ""Г. Хаджиев"" – ОК 147 – ОК 151, с. Славяново",Плевен,Плевен,6508,ПРО-1961/23.08.2024,РД-02-30-275/22.07.2025,470541.92,0,470541.92,
OP-24.001-2478,"Основен ремонт ул. ""Бяло море"" ОК 567-1286, гр. Плевен",Плевен,Плевен,6508,ПРО-1864/12.08.2024,РД-02-30-185/14.07.2025,1076882.96,0,1076882.96,
OP-24.001-2479,"Основен ремонт ул. ""Искър"" ОК 146-ОК 180, с. Върбица",Плевен,Плевен,6508,ПРО-1964/23.08.2024,РД-02-30-276/22.07.2025,438790.69,0,438790.69,
OP-24.001-2480,"Основен ремонт ул. ""Христо Смирненски"" ОК 34-ОК 59, с. Търнене",Плевен,Плевен,6508,ПРО-1968/23.08.2024,РД-02-30-272/22.07.2025,429740.83,0,429740.83,
OP-24.001-2481,Проектиране на обект: Основен ремонт PVN1146 – /ІІ- 35/Плевен-Пелишат-Гр. общ. (Плевен-Пордим)- Вълчитрън-Борислав /LOV1065/,Плевен,Плевен,6508,ПРО-1874/13.08.2024,РД-02-30-1666/20.11.2024,242965.90,0,242965.90,
OP-24.001-2482,"Основен ремонт ул. ""Рудозем"" ОК 4-ОК 2, с. Къшин",Плевен,Плевен,6508,ПРО-1958/23.08.2024,РД-02-30-268/22.07.2025,352995.91,0,352995.91,
OP-24.001-2483,"Основен ремонт ул. ""Перуника"" ОК 5-ОК 49, с. Радишево",Плевен,Плевен,6508,ПРО-1959/23.08.2024,РД-02-30-269/22.07.2025,352331.24,0,352331.24,
OP-24.001-2484,"Основен ремонт ул. ""Камчия – Дедеагач"" ОК 730-731- 731а, гр. Плевен",Плевен,Плевен,6508,ПРО-1973/23.08.2024,РД-02-30-68/17.06.2025,304372.06,0,304372.06,
OP-24.001-2485,"Основен ремонт ул. ""Антим I"" ОК 276-283, гр. Плевен",Плевен,Плевен,6508,ПРО-1863/12.08.2024,РД-02-30-66/17.06.2025,708855.06,0,708855.06,
OP-24.001-2486,"Проектиране на обект: Основен ремонт на път PVN1144 – /ІІ-34, п. к. Гривица – Коиловци/ – Върбица – Буковлък/ІІІ-3004/",Плевен,Плевен,6508,ПРО-1875/13.08.2024,РД-02-30-1654/20.11.2024,155228.22,0,155228.22,
OP-24.001-2487,"Основен ремонт ул. ""Ведрина"" бл. 23 – ОК 27 – 8 и паркинг, гр. Плевен",Плевен,Плевен,6508,ПРО-1969/23.08.2024,РД-02-30-70/17.06.2025,265462.74,0,265462.74,
OP-24.001-2488,"Основен ремонт ул. ""Добрич-Балаклия"" ОК 284-299а- 312а, гр. Плевен",Плевен,Плевен,6508,ПРО-1967/23.08.2024,РД-02-30-69/17.06.2025,180690.55,0,180690.55,
OP-24.001-2489,"Основен ремонт ул. ""Бинка Парашкевова"" ОК 6-ОК 5, с. Горталово",Плевен,Плевен,6508,ПРО-1956/23.08.2024,РД-02-30-266/22.07.2025,300537.37,0,300537.37,
OP-24.001-2490,"Проектиране на обект: Основен ремонт на ул. ""Александър Стамболийски"", с. Опанец, община Плевен",Плевен,Плевен,6508,ПРО-1872/13.08.2024,РД-02-30-1652/20.11.2024,19838.12,0,19838.12,
OP-24.001-2491,"Проектиране на обект: Основен ремонт на ул. ""Шипка"" от ОК 85 до ОК 56, с. Николаево, община Плевен",Плевен,Плевен,6508,ПРО-1915/15.08.2024,РД-02-30-1661/20.11.2024,14009.40,0,14009.40,
OP-24.001-2492,"Проектиране на обект: Основен ремонт на ул. ""Георги Димитров"" от ОК 109 до ОК 67, с. Горталово",Плевен,Плевен,6508,ПРО-1908/15.08.2024,РД-02-30-1682/20.11.2024,13907.14,0,13907.14,
OP-24.001-2493,"Основен ремонт ул. ""Преслав"" ОК 41-ОК 38, с. Къшин",Плевен,Плевен,6508,ПРО-1879/13.08.2024,РД-02-30-1656/20.11.2024,10379.23,0,10379.23,
OP-24.001-2494,"Проектиране на обект: ""Основен ремонт на ул. ""Г. Бенковски"" от ОК 147 до ОК 183а, с. Върбица""",Плевен,Плевен,6508,ПРО-1912/15.08.2024,РД-02-30-1677/20.11.2024,10276.97,0,10276.97,
OP-24.001-2495,"Проектиране на обект: ""Основен ремонт на ул. ""Мусала"" от ОК 136 до ОК 217, с. Бохот""",Плевен,Плевен,6508,ПРО-1873/13.08.2024,РД-02-30-1657/20.11.2024,9407.77,0,9407.77,
OP-24.001-2496,"Проектиране на обект: Основен ремонт на ул. ""Сторгозия"" от ОК 10 до ОК 5, с. Тодорово",Плевен,Плевен,6508,ПРО-1876/13.08.2024,РД-02-30-1676/20.11.2024,7618.25,0,7618.25,
OP-24.001-2497,"Проектиране на обект: Основен ремонт на ул. ""Генерал Гурко"" от ОК 1 до ОК 27, с. Тученица, община Плевен",Плевен,Плевен,6508,ПРО-1913/15.08.2024,РД-02-30-1664/20.11.2024,7515.99,0,7515.99,
OP-24.001-2498,"Проектиране на обект: Основен ремонт ул. ""Люлин"", ОК 149 – ОК 165, гр. Славяново",Плевен,Плевен,6508,ПРО-1907/15.08.2024,РД-02-30-1681/20.11.2024,7055.83,0,7055.83,
OP-24.001-2499,"Проектиране на обект: Основен ремонт на ул. ""Прилеп"" от ОК 15 до ОК 25, с. Радишево",Плевен,Плевен,6508,ПРО-1878/13.08.2024,РД-02-30-1671/20.11.2024,7055.83,0,7055.83,
OP-24.001-2500,"Проектиране на обект: Основен ремонт на ул. ""Върбишка"" от ОК 139 до ОК 90, с. Търнене, община Плевен",Плевен,Плевен,6508,ПРО-1914/15.08.2024,РД-02-30-1667/20.11.2024,6493.41,0,6493.41,
OP-24.001-2501,"Проектиране на обект: Основен ремонт ул. ""Христо Ботев"", ОК 149 – ОК 162, гр. Славяново",Плевен,Плевен,6508,ПРО-1877/13.08.2024,РД-02-30-1659/20.11.2024,4294.85,0,4294.85,
OP-24.001-2502,"Проектиране на обект: Основен ремонт на ул. ""Перущица"" от ОК 33 до ОК 46, с. Ясен",Плевен,Плевен,6508,ПРО-1911/15.08.2024,РД-02-30-1658/20.11.2024,3067.75,0,3067.75,
OP-24.001-2503,"Проектиране на обект: Основен ремонт на ул. ""Васил Левски"" от ОК 66 до ОК 120, с. Ралево",Плевен,Плевен,6508,ПРО-1909/15.08.2024,РД-02-30-1662/20.11.2024,2403.07,0,2403.07,
OP-24.001-2893,"Проектиране и СМР на обект: Основен ремонт на ул. ""Братя Гъркови"" от ОК 200 до ОК 209, с. Коиловци",Плевен,Плевен,6508,ПРО-2627/23.01.2025,РД-02-30-323/02.10.2025,350286.07,0,350286.07,
OP-24.001-2894,"Проектиране и СМР на обект: Основен ремонт на ул. ""Плевен"" от ОК 174 до ОК 178, с. Буковлък",Плевен,Плевен,6508,ПРО-2628/23.01.2025,РД-02-30-321/02.10.2025,213566.62,0,213566.62,
OP-24.001-2895,"Проектиране и СМР на обект: Основен ремонт на ул. ""Николае Нанкович"" от ОК 119 до ОК 48, с. Гривица",Плевен,Плевен,6508,ПРО-2623/23.01.2025,РД-02-30-322/02.10.2025,782583.35,0,782583.35,
OP-24.001-2896,"Проектиране и СМР на обект: Основен ремонт ул. ""Александър Стамболийски"" ОК 511 – ОК 549а – ОК 561",Плевен,Плевен,6508,ПРО-2625/23.01.2025,РД-02-30-327/02.10.2025,749144.86,0,749144.86,
OP-24.001-2897,"Проектиране и СМР на обект: Основен ремонт на ул. ""Любен Каравелов"" от ОК 363 до ОК 258, с. Беглеж",Плевен,Плевен,6508,ПРО-2624/23.01.2025,РД-02-30-329/02.10.2025,677768.52,0,677768.52,
OP-24.001-2898,"Проектиране и СМР на обект: Основен ремонт на ул. ""Александър Петров"" от ОК 13 до ОК 124, с. Брестовец",Плевен,Плевен,6508,ПРО-2629/23.01.2025,РД-02-30-328/02.10.2025,645301.48,0,645301.48,
OP-24.001-2899,"Проектиране и СМР на обект: Основен ремонт на ул. ""Георги Димитров"" от ОК 44 до ОК 89, с. Къртожабене",Плевен,Плевен,6508,ПРО-2630/23.01.2025,РД-02-30-324/02.10.2025,592433.90,0,592433.90,
OP-24.001-2900,"Проектиране и СМР на обект: Основен ремонт на ул. ""Любен Вешков"" от ОК 190 до ОК 207, с. Пелишат",Плевен,Плевен,6508,ПРО-2631/23.01.2025,РД-02-30-326/02.10.2025,502344.27,0,502344.27,
OP-24.001-2901,"Проектиране и СМР на обект: Основен ремонт на ул. ""Кратов"" от ОК 98 до ОК 103, с. Ласкар",Плевен,Плевен,6508,ПРО-2632/23.01.2025,РД-02-30-325/02.10.2025,61968.58,0,61968.58,
OP-24.001-2902,"Проектиране на обект: Основен ремонт на ул. ""Игнат Панталеев"" от ОК 21 до ОК 103, с. Мечка",Плевен,Плевен,6508,ПРО-2456/06.11.2024,РД-02-30-1856/13.12.2024,44380.14,0,44380.14,
OP-24.001-2903,"Проектиране на обект: Основен ремонт на ул. ""Трифон Гърчев"" от ОК 62 до ОК 83, с. Пелишат",Плевен,Плевен,6508,ПРО-2459/06.11.2024,РД-02-30-1797/12.12.2024,19071.19,0,19071.19,
OP-24.001-2904,"Проектиране на обект: Основен ремонт на ул. ""Редник Григоре Йон"" от ОК 111 до ОК 48, с. Гривица",Плевен,Плевен,6508,ПРО-2454/06.11.2024,РД-02-30-1853/13.12.2024,18099.73,0,18099.73,
OP-24.001-2905,"Проектиране на обект: Основен ремонт на ул. ""Георги Ненов"" от ОК 248 до ОК 358, с. Беглеж",Плевен,Плевен,6508,ПРО-2455/06.11.2024,РД-02-30-1854/13.12.2024,12424.39,0,12424.39,
OP-24.001-2906,"Проектиране на обект: Основен ремонт на ул. ""Освобождение"" от ОК 99 до ОК 168, с. Брестовец",Плевен,Плевен,6508,ПРО-2458/06.11.2024,РД-02-30-1795/12.12.2024,11555.20,0,11555.20,
OP-24.001-2907,"Проектиране на обект: Основен ремонт на ул. ""Родопи"" от ОК 198 до ОК 60, с. Коиловци",Плевен,Плевен,6508,ПРО-2460/06.11.2024,РД-02-30-1857/13.12.2024,8691.96,0,8691.96,
OP-24.001-2908,"Проектиране на обект: Основен ремонт на ул. ""Демокрация"" от ОК 15 до ОК 171, с. Буковлък",Плевен,Плевен,6508,ПРО-2457/06.11.2024,РД-02-30-1792/12.12.2024,4703.89,0,4703.89,
OP-25.001-0505,"Реконструкция на вътрешна водопроводна мрежа гр. Плевен – ул. ""Сан Стефано"" и ул. ""Шипка""",Плевен,Плевен,6508,ПРО-2859/14.08.2025,РД-02-30-397/04.12.2025,3445340.34,189878.41,3255461.93,
OP-25.001-0776,"Инженеринг за обект: ""Реконструкция на довеждащи водопроводи от НР Брестовица до висока зона на кв. Дружба, община Плевен""",Плевен,Плевен,6508,ПРО-2993/17.10.2025,РД-02-30-362/03.11.2025,8541488.78,0,8541488.78,
OP-25.001-0777,"Инженеринг за обект: ""Реконструкция (основен ремонт) на довеждащи водопроводи за гр. Плевен, община Плевен""",Плевен,Плевен,6508,ПРО-2991/17.10.2025,РД-02-30-363/03.11.2025,6878154.03,0,6878154.03,
OP-25.001-0778,"Реконструкция и доизграждане на вътрешна водопроводна мрежа на кв. Дружба 3 и 3 и промишлена зона, гр. Плевен",Плевен,Плевен,6508,ПРО-2995/17.10.2025,РД-02-30-361/03.11.2025,6729163.58,0,6729163.58,
OP-25.001-0779,Реконструкция на довеждащ водопровод от НР 4-ти км до НР Скобелев парк,Плевен,Плевен,6508,,,0,0,,4446756.62
OP-25.001-0780,"Реконструкция и доизграждане на вътрешна водопроводна мрежа на кв. Сторгозия, гр. Плевен",Плевен,Плевен,6508,,,0,0,,5920811.11
OP-25.001-0781,"Реконструкция и доизграждане на вътрешна водопроводна мрежа на кв. Дружба – ниска зона и градска зона, гр. Плевен",Плевен,Плевен,6508,,,0,0,,4951043.80
OP-25.001-0782,"Реконструкция и доизграждане на вътрешна водопроводна мрежа на кв. Дружба 1 и 2 и градска част, гр. Плевен",Плевен,Плевен,6508,ПРО-2994/17.10.2025,РД-02-30-360/03.11.2025,3702878.06,0,3702878.06,
OP-24.001-0950,"Реконструкция на участък от общински път PVN 2145 /III – 3402/ Славяново – граница общини (Плевен – Пордим) – Тотлебен – /I – 3/ от км 3+400 до км 6+500, община Пордим",Пордим,Плевен,6509,ПРО-172/11.01.2024,РД-02-30-725/08.04.2024,1286717.15,0,1286921.66,
OP-24.001-0951,Асфалтиране на вътрешноквартални улици и подобряване на физическата среда в гр. Пордим,Пордим,Плевен,6509,ПРО-173/11.01.2024,РД-02-30-723/08.04.2024,947628.37,781592.64,166035.73,
OP-24.001-0952,"Обновяване на общински спортен комплекс гр. Пордим и основен ремонт на съществуваща сграда ""Съблекалня"", находящ се в УПИ I-962, кв. 89 по плана на гр. Пордим, общ. Пордим, обл. Плевен",Пордим,Плевен,6509,ПРО-174/11.01.2024,РД-02-30-724/08.04.2024,509400.10,0,509400.10,
OP-24.001-2504,Асфалтиране на вътрешноквартални улици и подобряване на физическата среда в град Пордим – втори етап,Пордим,Плевен,6509,ПРО-2149/17.09.2024,РД-02-30-1754/25.11.2024,324005.67,144987.73,179171.32,
OP-24.001-0954,"Реконструкция и рехабилитация на довеждащ водопровод от кладенци № 19 в ПИ 81 551.57.21 по КККР на с. Чомаковци и № 20 в ПИ 37863.117.101 по ККККР на гр. Койнаре до помпена станция № 3 в ПИ 81551.96.20 по КККР на с. Чомаковци община Червен бряг, област Плевен",Червен бряг,Плевен,6510,ПРО-389/18.01.2024,РД-02-30-372/07.11.2025,1507288.47,213038.28,1294250.19,
OP-24.001-0955,"Основен ремонт на театрален салон на Народно читалище ""Христо Ботев – 1889"" – гр. Койнаре, УПИ IX, кв. 70, гр. Койнаре, община Червен бряг",Червен бряг,Плевен,6510,ПРО-390/18.01.2024,РД-02-30-1635/29.10.2024,782276.58,0,782276.58,
OP-24.001-0956,"Изготвяне на технически инвестиционни проекти за селищната водопроводна мрежа на част от населените места на територията на община Червен бряг, област Плевен",Червен бряг,Плевен,6510,ПРО-1275/04.04.2024,РД-02-30-856/20.05.2024,726034.47,258854.30,467180.17,
OP-24.001-0957,"Основен ремонт на съществуващ терен за футбол в гр. Червен бряг с размери 64/94 м и монтаж на преместваеми съоръжения, ограда и осветителна система, в предварително заготвени и монтирани на място фундаменти",Червен бряг,Плевен,6510,ПРО-393/18.01.2024,РД-02-30-1632/29.10.2024,523051.59,0,523051.59,
OP-24.001-2056,"Реконструкция и рехабилитация на част от ВиК мрежата и съоръженията на гр. Червен бряг, община Червен бряг",Червен бряг,Плевен,6510,ПРО-1916/15.08.2024,РД-02-30-1636/29.10.2024,2454712.32,388485.77,2066226.55,
OP-24.001-2057,"Изгражане на мост над река Искър на общински път PVN1188, свързващ гр. Червен бряг и с. Горник",Червен бряг,Плевен,6510,ПРО-1757/27.06.2024,РД-02-30-1633/29.10.2024,2576911.08,2293512.22,283398.86,
OP-24.001-2505,"Реконструкция на селищната водопроводна мрежа на с. Рупци, община Червен бряг, област Плевен",Червен бряг,Плевен,6510,ПРО-2002/29.08.2024,РД-02-30-1634/29.10.2024,2811082.76,1267611.65,1543471.11,
OP-24.001-2506,"Изготвяне на инвестиционен проект и упражняване на авторски надзор по време на строителството на обект ""Проектиране на централен градски площад и пешеходни зони в част от ул. ""Васил Априлов"" и ул. ""Отец Паисий"", гр. Червен бряг, община Червен бряг, област Плевен""",Червен бряг,Плевен,6510,ПРО-581/25.01.2024 ПРО-2486/11.11.2024,РД-02-30-1858/13.12.2024,61355.03,0,61355.03,
OP-25.001-0506,Енергийно ефективна система за улично осветление на територията на община Червен бряг и основен ремонт на улично осветление,Червен бряг,Плевен,6510,,,0,0,,1676526.08
OP-24.001-0958,"Инсталация за компостиране на разделно събрани зелени и/или биоразградими битови отпадъци и на инсталация за предварително третиране на смесено събрани битови отпадъци – РУСО – Асеновград, и съпътстваща инфраструктура",Асеновград,Пловдив,6601,ПРО-163/11.01.2024,РД-02-30-942/04.06.2024; Анекс РД-02-30-942(1)/08.10.2024,2423932.55,2400234.80,23697.75,
OP-24.001-0959,Укрепване на двата бряга на р. Асеница /р. Чепеларска/ в регулацията на гр. Асеновград,Асеновград,Пловдив,6601,ПРО-165/11.01.2024 ПРО-165(3)/12.08.2024,РД-02-30-1586/21.10.2024,9970191.68,8924311.06,1045880.62,
OP-24.001-0960,"Реконструкция на пешеходен мост и кръстовището му с ул. ""Индустриална"", гр. Асеновград",Асеновград,Пловдив,6601,ПРО-164/11.01.2024,,0,0,544781.50,
OP-24.001-2507,"Благоустрояване на част от централната зона и площад ""Акад. Николай Хайтов"" в гр. Асеновград – II етап",Асеновград,Пловдив,6601,ПРО-1859/12.08.2024,РД-02-30-1587/21.10.2024,5405735.67,0,5405735.67,
OP-24.001-2508,"Изграждане на път с. Мулдава – манастир ""Света Петка Мулдавска"" от км 0+900 до км 2+570, включително обръщало при км 2+570",Асеновград,Пловдив,6601,ПРО-1901/14.08.2024,РД-02-30-1588/21.10.2024,2717771.99,2173487.13,544284.86,
OP-24.001-2509,"Изграждане на нова детска градина за шест групи деца от 3 до 6 год. в УПИ XIII-509, кв. 521, ПИ № 00702.521.509 по КККР на гр. Асеновград, област Пловдив",Асеновград,Пловдив,6601,ПРО-1902/14.08.2024,РД-02-30-1585/21.10.2024,900180.49,824126.95,76053.54,
OP-24.001-0962,"Реконструкция и рехабилитация на общински път PVD 1230 /II-56, Раковски – Пловдив – граница с общ. Раковски/ – Отец Кирилово – Дрангово – Златосел – яз. ""Дондуково"" от км 5+300 до км 10+800, съоръжения и принадлежности към него, общ. Брезово, обл. Пловдив",Брезово,Пловдив,6602,ПРО-1016/05.03.2024,РД-02-30-638/03.04.2024; Анекс РД-02-30-638(1)/24.09.2024; Анекс РД-02-30-638(2)/13.12.2024,3653180.49,2428034.52,1225145.97,
OP-24.001-0963,Реконструкция на вътрешен водопровод от НР 500 куб. м до о.т. 1 и Главен клон II в участъка от о.т. 244 до о.т. 318 на град Брезово,Брезово,Пловдив,6602,ПРО-1015/05.03.2024,РД-02-30-1136/19.07.2024; Анекс РД-02-30-1136(1)/13.12.2024,1216363.39,185496.37,1030867.02,
OP-24.001-2510,"Инженеринг – проектиране, строителство и авторски надзор за обект: Изграждане на многофункционална спортна зала в гр. Брезово",Брезово,Пловдив,6602,ПРО-2151/17.09.2024,РД-02-30-1874/13.12.2024,3039630.23,26075.89,3013554.34,
OP-24.001-2909,"Инженеринг – проектиране, строителство и авторски надзор за обект: Реконструкция на вътрешна водопроводна мрежа на с. Тюркмен",Брезово,Пловдив,6602,ПРО-2271/09.10.2024,РД-02-30-1796/12.12.2024,3898600.59,0,3898600.59,
OP-24.001-2910,Реконструкция на улици в гр. Брезово,Брезово,Пловдив,6602,ПРО-2273/09.10.2024,РД-02-30-1802/12.12.2024,1071156.49,697031.95,374124.54,
OP-24.001-2911,Реконструкция на улици в с. Пъдарско,Брезово,Пловдив,6602,ПРО-2272/09.10.2024,РД-02-30-1793/12.12.2024,839796.91,125679.24,714117.67,
OP-25.001-0509,"Инженеринг – проектиране, строителство и авторски надзор за обект: Изграждане на физ-културен салон, реконструкция на сградата и прилежащото пространство на детската градина в гр. Брезово",Брезово,Пловдив,6602,,,0,0,,557308.15
OP-24.001-0964,"Основен ремонт ул. ""2-ра"", с. Дълго поле, община Калояново",Калояново,Пловдив,6603,ПРО-1208/22.03.2024 ПРО-2162/19.09.2024,РД-02-30-745/25.04.2024; Анекс РД-02-30-745(1)/14.06.2024; Анекс РД-02-30-745(2)/30.12.2025,1165234.20,609580.89,555653.31,
OP-24.001-0965,"Реконструкция на тротоари по ул. ""Александър Стамболийски"" и ул. ""Асен Гаргов"", с. Калояново",Калояново,Пловдив,6603,ПРО-1209/22.03.2024,РД-02-30-726/25.04.2024; Анекс РД-02-30-726(1)/14.06.2024,639114.85,549733.24,89381.61,
OP-24.001-0966,"Реконструкция на водопровод по ул. ""3-та"", с. Дълго поле, община Калояново",Калояново,Пловдив,6603,ПРО-1207/22.03.2024,РД-02-30-748/25.04.2024; Анекс РД-02-30-748(1)/14.06.2024,337452.64,51886.05,285566.59,
OP-24.001-2059,"Основен ремонт на улица ""Копривщица"", с. Калояново",Калояново,Пловдив,6603,ПРО-1794/12.07.2024,РД-02-30-1412/24.09.2024,536856.48,0,536856.48,
OP-24.001-2060,Благоустройство на площадни пространства на с. Калояново,Калояново,Пловдив,6603,ПРО-2422/30.10.2024,,0,0,760291.03,
OP-24.001-2061,Благоустройство на площадни пространства на с. Ръжево Конаре,Калояново,Пловдив,6603,ПРО-2423/30.10.2024,,0,0,598722.79,
OP-24.001-2511,"Основен ремонт на ул. ""3-та"", с. Дълго поле",Калояново,Пловдив,6603,ПРО-2710/04.06.2025,РД-02-30-481/30.12.2025,1114616.30,569450.90,545165.40,
OP-25.001-0510,Основен ремонт на път PDV2341 III-606 Любен – Голям чардак/Неделево – Церетелево – Царимир – граница общини/Съединение – Калояново/ – II-64 от км 0+000 до км 3+144,Калояново,Пловдив,6603,ПРО-3002/23.10.2025,,0,0,2253263.32,
OP-24.001-0967,"Рехабилитация и реконструкция на част от общински път PDV 2078 и водопроводна мрежа в с. Марино поле, община Карлово",Карлово,Пловдив,6604,ПРО-1227/27.03.2024,РД-02-30-823/20.05.2024,4856250.29,4687423.77,168826.52,
OP-24.001-0968,"Благоустрояване на урегулирани поземлени имоти в кв. 53в, гр. Карлово",Карлово,Пловдив,6604,ПРО-1226/27.03.2024,РД-02-30-873/21.05.2024,874104.60,180709.32,693395.28,
OP-24.001-2062,Реконструкция на водопроводи и основен ремонт настилки по улици в град Карлово,Карлово,Пловдив,6604,ПРО-1640/05.06.2024,РД-02-30-1422/24.09.2024; Анекс РД-02-30-1422(1)/21.11.2025,774965.10,203856.23,592245.68,
OP-24.001-2063,"""Сграда за културна дейност в с. Климент""",Карлово,Пловдив,6604,ПРО-1639/04.06.2024,РД-02-30-1423/24.09.2024,885557.54,466467.54,419090.00,
OP-24.001-2064,"""Сграда за културна дейност в с. Христо Даново""",Карлово,Пловдив,6604,ПРО-1638/04.06.2024,РД-02-30-1419/24.09.2024,898339.84,0,898339.84,
OP-24.001-2065,"Многофункционална зала ""Васил Левски"" в гр. Карлово",Карлово,Пловдив,6604,ПРО-1643/05.06.2024,РД-02-30-1417/24.09.2024,3425655.60,0,3425655.60,
OP-25.001-0511,"Реконструкция на водопроводи и основен ремонт на настилки на пет улици в ""Старинно Карлово""",Карлово,Пловдив,6604,ПРО-2919/28.08.2025,РД-02-30-385/21.11.2025,1735938.20,0,1735938.20,
OP-25.001-0512,"Основен ремонт на настилки по ул. ""Ген. Заимов""",Карлово,Пловдив,6604,ПРО-2887/20.08.2025,РД-02-30-390/21.11.2025,1268566.29,0,1268566.29,
OP-25.001-0513,"Реконструкция на водопроводи и основен ремонт на настилки на ул. ""Драгоман"" и ул. ""Раковска""",Карлово,Пловдив,6604,ПРО-2885/20.08.2025,РД-02-30-391/21.11.2025,287192.65,0,287192.65,
OP-25.001-0514,"Реконструкция на водопроводи и основен ремонт на настилки на ул. ""Граф Игнатиев""",Карлово,Пловдив,6604,ПРО-3058/27.11.2025,,0,0,353967.37,
OP-25.001-0515,"Реконструкция на водопроводи и основен ремонт на настилки на ул. ""Юмрукчал""",Карлово,Пловдив,6604,ПРО-2912/26.08.2025,РД-02-30-389/21.11.2025,163511.14,31129.49,132381.65,
OP-24.001-0970,"Обособяване на ПИ 39921.4.71 по кадастралната карта на гр. Кричим с функционално предназначение – ""Гробищен парк-ОГР"" – Етапно строителство, както следва: Етап II: Сграда на портиер и санитарни възли, Алеи, автомобилен път и паркинг, Урнови стени, Паркоустройство и Благоустрояване",Кричим,Пловдив,6605,ПРО-770/07.02.2024,РД-02-30-1047/25.06.2024,389757.80,385007.67,4750.13,
OP-24.001-2512,"Внедряване на мерки за енергийна ефективност и основен ремонт на сградата на Народно читалище ""Пробуда – 1912 г."", гр. Кричим",Кричим,Пловдив,6605,ПРО-1994/28.08.2024,РД-02-30-1459/08.10.2024,2862314.21,562517.12,2299797.09,
OP-24.001-2513,"Благоустрояване на поземлен имот с идентификатор 39921.502.561 по КК на гр. Кричим, попадащ в улична регулация по ЗРП на гр. Кричим, пл. ""Демокрация"" и обособяване на зона за паркиране",Кричим,Пловдив,6605,ПРО-1996/28.08.2024,РД-02-30-1425/24.09.2024,277324.72,55780.83,221543.89,
OP-24.001-2514,"Строителство и реконструкция на нови и съществуващи улици и тротоари на територията на град Кричим, II-ри етап – Подобект: ул. ""Н. Вапцаров"" – от ул. ""Витоша"" до бул. ""Тракия"" (път III), с дължина 365,87 м",Кричим,Пловдив,6605,ПРО-1995/28.08.2024,РД-02-30-1427/24.09.2024,261832.57,52541.67,209290.90,
OP-25.001-0176,"Технически проект за част от улица ""Крали Марко"", гр. Кричим от о.т. 423 до о.т. 426",Кричим,Пловдив,6605,ПРО-2698/21.05.2025,,0,0,142650.43,
OP-25.001-0516,"Реконструкция и рехабилитация на уличната мрежа по: ул. ""Никола Петков"" (от кръстовището с бул. ""Ал. Стамболийски"" до кръстовището с Републикански път III 8602); ул. ""Търговска"" (от бул. ""Ал. Стамболийски"" до ул. ""Райко Даскалов""); ул. ""Варна""; кръгово кръстовище на ул. ""Васил Левски"" (кръстовище на ул. ""Варна"", ул. ""Лиляна Димитрова"" и бул. ""Александър Стамболийски""), гр. Кричим"", ЕТАП II – Под-обект ""Реконструкция и рехабилитация на уличната мрежа по ул. ""Търговска"" (от бул. ""Ал. Стамболийски"" до ул. ""Райко Даскалов""), гр. Кричим",Кричим,Пловдив,6605,,,0,0,,791224.19
OP-24.001-0972,"Изграждане на канализация на гр. Куклен, ПОДОБЕКТ: канали с № 69, 108, 109, 86‘ и 86",Куклен,Пловдив,6617,ПРО-152/11.01.2024,РД-02-30-684/04.04.2024,957138.40,714422.04,242716.36,
OP-24.001-0973,"Реконструкция, ремонт, оборудване и обзавеждане на триетажна сграда ""стара сграда – висока част"" към СУ ""Отец Паисий""",Куклен,Пловдив,6617,ПРО-151/11.01.2024,РД-02-30-681/04.04.2024,861168.92,305993.30,555175.62,
OP-24.001-0974,Реконструкция и рехабилитация на улична мрежа в гр. Куклен,Куклен,Пловдив,6617,ПРО-154/11.01.2024,РД-02-30-678/04.04.2024,830286.89,668231.69,162055.20,
OP-24.001-2525,"Нова сграда за детска ясла с млечна кухня – част от ДГ ""Приятели"" в УПИ I-166, 167 социални дейности, детски ясли и детска градина от кв. 69 по плана на гр. Куклен",Куклен,Пловдив,6617,ПРО-2089/04.09.2024,РД-02-30-1774/11.12.2024,2556459.41,0,2556459.41,
OP-24.001-2526,"Нов път КЦМ с приблизителна дължина 700 м, засягащ ПИ с идентификатори: 40467.11.539; 40467.11.499; 40467.11.447; 40467.11.394; 40467.11.386; 40467.11.382; 40467.11.384",Куклен,Пловдив,6617,ПРО-2090/04.09.2024,РД-02-30-1775/11.12.2024,409033.50,0,409033.50,
OP-24.001-0975,"Реконструкция на път PDV 2132/III-861, Лъки-Здравец/- Джурково",Лъки,Пловдив,6606,ПРО-160/11.01.2024,РД-02-30-685/04.04.2024; Анекс РД-02-30-685(1)/16.12.2024,1526615.30,1349454.29,177161.01,
OP-24.001-2066,Корекции на реки Манастирска и Лъкинска в участъка им в урбанизираната територия на община Лъки – етап II,Лъки,Пловдив,6606,ПРО-1570/22.05.2024,РД-02-30-1063/25.06.2024; Анекс РД-02-30-1063(1)/16.12.2024,1028156.84,1028155.55,1.29,
OP-24.001-2515,"Благоустрояване на прилежащото пространство и покриване на коритото на река Джурковска с цел защита от вредното въздействие на водите и наводнение в участъка между мост на ул. ""Освобождение"" и кръстовище с ул. ""Дичо Петров"", гр. Лъки, община Лъки",Лъки,Пловдив,6606,ПРО-1949/21.08.2024,РД-02-30-1900/16.12.2024,1044824.96,470736.84,574088.12,
OP-24.001-2516,"Реконструкция и рехабилитация на ул. ""Кольо Шишманов"", гр. Лъки, община Лъки, област Пловдив",Лъки,Пловдив,6606,ПРО-1951/21.08.2024,РД-02-30-1903/16.12.2024,1023401.83,918494.32,104907.51,
OP-24.001-2517,"Реконструкция и рехабилитация на ул. ""Преспа"", гр. Лъки, община Лъки, област Пловдив",Лъки,Пловдив,6606,ПРО-1950/21.08.2024,РД-02-30-1899/16.12.2024,534504.53,479032.77,55471.76,
OP-24.001-2518,"Реконструкция и рехабилитация на ул. ""Кап. Петко войвода"", гр. Лъки, община Лъки, област Пловдив",Лъки,Пловдив,6606,ПРО-1948/21.08.2024,РД-02-30-1901/16.12.2024,209578.54,183839.70,25738.84,
OP-24.001-0976,"Ремонт /рехабилитация/ на общински път PDV1153 (стар № IV-800043), участък /""Път I-8 – Костиево – Радиново от км 0+000 до км 4+200"" /и участък / ""Радиново – Бенковски"" от км 4+200 до км 7+360""/",Марица,Пловдив,6607,ПРО-360/17.01.2024,РД-02-30-85/22.02.2024,3044231.86,1331182.59,1713049.27,
OP-24.001-0977,"Пречиствателна станция за отпадъчни води с. Маноле и с. Манолско Конаре за 3500 ЕЖ в УПИ 035073 – пречиствателна станция за отпадъчни води, масив 35, землище с. Маноле, община ""Марица"", област Пловдив, включително довеждащ колектор до ПСОВ",Марица,Пловдив,6607,ПРО-364/17.01.2024,РД-02-30-511/28.03.2024; Анекс РД-02-30-511(1)/21.05.2024,3067751.29,502253.17,2565498.12,
OP-24.001-0978,Рехабилитация на общински път PDV1150 /II-56/ Калековец-Крислово-PDV1152/ – втори строителен етап от км 0+480 до км 2+300,Марица,Пловдив,6607,ПРО-366/17.01.2024,РД-02-30-829/20.05.2024,1496755.85,1485349.32,11406.53,
OP-24.001-0979,"Реконструкция на местен път в поземлен имот 73242.45.702 и част от поземлен имот 73242.501.1895, местност Висината, землище на с. Труд, община ""Марица"", област Пловдив",Марица,Пловдив,6607,ПРО-367/17.01.2024,РД-02-30-88/22.02.2024; Анекс РД-02-30-88(1)/13.12.2024,1084450.08,649200.22,435249.86,
OP-25.001-0177,"Канализация на с. Бенковски, община ""Марица"", област Пловдив, Етап 4: подетап 1, подетап 2",Марица,Пловдив,6607,,,0,0,,5496234.34
OP-25.001-0178,Рехабилитация на общински път PDV1152 – в урбанизираната територия на с. Крислово от км 2+760 до км 3+230 и извън урбанизираната територия от км 3+230 до км 5+310 между селата Крислово-Желязно,Марица,Пловдив,6607,,,0,0,,2491320.82
OP-25.001-0179,"Придобиване и реконструкция на съоръжения – напоителни канали в населените места с. Крислово, с. Калековец, с. Желязно, с. Войводиново, с. Бенковски, с. Строево и с. Царацово на територията на община ""Марица"", област Пловдив",Марица,Пловдив,6607,,,0,0,,323392.11
OP-25.001-0517,"Основен ремонт на общински път PDV1160/III-565, Маноле-Белозем/-Манолско Конаре-Ясно поле от км 0+800 до км 3+837",Марица,Пловдив,6607,,,0,0,,3733146.54
OP-25.001-0518,"Основен ремонт и реконструкция на ул. ""Хан Аспарух"" от км 1+207 до км 1+980, с. Царацово",Марица,Пловдив,6607,,,0,0,,1336210.20
OP-25.001-0519,"Основен ремонт на пътно платно на ул. ""Комсомолска"", с. Строево",Марица,Пловдив,6607,,,0,0,,286221.20
OP-25.001-0520,"Основен ремонт на пътно платно на ул. ""Митко Палаузов"", с. Скутаре",Марица,Пловдив,6607,,,0,0,,503469.12
OP-25.001-0521,"Основен ремонт на пътно платно на ул. ""Волга"", с. Войводиново",Марица,Пловдив,6607,,,0,0,,125368.77
OP-25.001-0522,"Основен ремонт на пътно платно на ул. ""18-та"", с. Ясно поле",Марица,Пловдив,6607,,,0,0,,146996.42
OP-25.001-0523,"Основен ремонт на пътно платно на ул. ""12-та"", с. Манолско Конаре",Марица,Пловдив,6607,,,0,0,,156046.28
OP-24.001-0980,Строителство и рехабилитация на водопроводна мрежа на гр. Перущица,Перущица,Пловдив,6608,ПРО-245/15.01.2024,РД-02-30-1187/22.07.2024; Анекс РД-02-30-1187(1)/13.12.2024,1284723.11,1120601.15,164138.00,
OP-24.001-0981,"Реконструкция на водопроводната мрежа на гр. Перущица/проект ""ЕН Би проджект"" ООД",Перущица,Пловдив,6608,ПРО-247/15.01.2024,РД-02-30-126/19.06.2025,936942.37,183924.12,753018.25,
OP-24.001-0982,Паметник на трите поколения: Възстановяване и благоустрояване на паметника и прилежащите територии,Перущица,Пловдив,6608,ПРО-248/15.01.2024,РД-02-30-1756/25.11.2024,515279.96,0,515279.96,
OP-24.001-0983,"Ремонт, оборудване и обзавеждане на Туристически информационен център в УПИ VІІІ – общ. обсл. дейност и КОО, кв. 65, гр. Перущица",Перущица,Пловдив,6608,ПРО-249/15.01.2024,РД-02-30-1460/08.10.2024,106041.94,98160.42,7900.13,
OP-24.001-2067,"Инженеринг – проектиране, строителство и авторски надзор на обект: Изграждане на спортно игрище за футбол в ПИ 55909.501.386, гр. Перущица",Перущица,Пловдив,6608,ПРО-1357/07.05.2024,РД-02-30-1488/08.10.2024,164124.69,161772.75,2351.94,
OP-24.001-2068,"Инженеринг – проектиране, строителство и авторски надзор на обект: Основен ремонт и внедряване на мерки за енергийна ефективност на комплекс за здравеопазване на гр. Перущица",Перущица,Пловдив,6608,ПРО-1358/07.05.2024,РД-02-30-1486/08.10.2024,1046614.48,921961.53,124652.95,
OP-24.001-2519,"Инженеринг – проектиране, строителство и авторски надзор на обект: Реконструкция на довеждащ водопровод гр. Перущица",Перущица,Пловдив,6608,ПРО-2062/03.09.2024,РД-02-30-1744/25.11.2024,1238348.94,14060.53,1224288.41,
OP-24.001-2520,"Инженеринг – проектиране, строителство и авторски надзор за обект: Основен ремонт на читалище Просвета – 1862, гр. Перущица",Перущица,Пловдив,6608,ПРО-2507/18.11.2024,РД-02-30-1861/13.12.2024,1184152.00,0,1184152.00,
OP-24.001-0984,"Проектиране и изпълнение на строителство, част от общинската спортна инфраструктура – Стадион ""Локомотив"" – град Пловдив: Етап 1: ""Благоустрояване и инфраструктура""; Етап 5: ""Централна трибуна""",Пловдив,Пловдив,6609,ПРО-1038/05.03.2024,РД-02-30-554/29.03.2024,21474259.01,9171386.23,12302872.78,
OP-24.001-0985,"Изпълнение на строеж, част от общинската спортна инфраструктура – Стадион ""Христо Ботев"" – град Пловдив",Пловдив,Пловдив,6609,ПРО-1042/05.03.2024,РД-02-30-555/29.03.2024; Анекс РД-02-30-555(1)/25.07.2024 Анекс РД-02-30-555(2)/18.12.2024,17170919.76,8728981.58,8442428.71,
OP-24.001-0986,Реконструкция и разширение на Голямоконарско шосе,Пловдив,Пловдив,6609,ПРО-1043/05.03.2024,РД-02-30-703/04.04.2024; Анекс РД-02-30-703(1)/25.07.2024,9714545.74,6949802.16,2764743.58,
OP-24.001-0987,"Изграждане на нова улична мрежа със свързваща инфраструктура на територията на район ""Тракия"" – община Пловдив – Северна улица ОК 278 – ОК 121, Пловдив – район ""Тракия""",Пловдив,Пловдив,6609,ПРО-1040/05.03.2024,РД-02-30-702/04.04.2024,2644401.61,2207278.10,471257.72,
OP-24.001-0988,"Основен ремонт и благоустрояване на обществено пространство в УПИ VIII-521.1456 Кино от кв. 293 нов/296 стар/ по плана на ""Централна градска част"", гр. Пловдив, ПИ с идентификатор 56784.521.1456 по КК на гр. Пловдив",Пловдив,Пловдив,6609,ПРО-1041/05.03.2024,РД-02-30-399/26.03.2024; Анекс РД-02-30-399(1)/25.07.2024,4162171.56,1937043.87,2225127.69,
OP-24.001-0989,"Реконструкция на ул. ""Славянска"" в участъка от бул. ""Източен"" до ул. ""Лев Толстой""",Пловдив,Пловдив,6609,ПРО-1039/05.03.2024,РД-02-30-704/04.04.2024,1843769.65,640333.30,1203436.35,
OP-24.001-0990,"Реконструкция на ул. ""Генерал Колев"" в обхвата на ПИ с идентификатор 56784.511.9570 по КК и КР на гр. Пловдив, кв. ""Христо Смирненски"", гр. Пловдив, община Пловдив, от км +0,00 до км 0+480",Пловдив,Пловдив,6609,ПРО-1037/05.03.2024,РД-02-30-421/26.03.2024 Анекс РД-02-30-421(1)/17.04.2026,1150406.73,0,1150406.73,
OP-25.001-0059,"Основен ремонт на ОУ ""Райна Княгиня"" – 4 241 226 лв., ОУ ""Димитър Талев"" – 5 940 000 лв., ОУ ""Яне Сандански"" – 5 922 000 лв.",Пловдив,Пловдив,6609,,,0,0,,8233435.42
OP-25.001-0060,"Нова детска градина в район ""Западен""",Пловдив,Пловдив,6609,,,0,0,,6135502.57
OP-25.001-0061,"Нова детска градина в район ""Северен""",Пловдив,Пловдив,6609,,,0,0,,4090335.05
OP-25.001-0063,"Основен ремонт СУ ""Цар Симеон Велики""",Пловдив,Пловдив,6609,,,0,0,,3579043.17
OP-25.001-0065,"Нова ясла за 10 групи в район ""Южен""",Пловдив,Пловдив,6609,,,0,0,,2556459.41
OP-25.001-0066,"Ул. ""Иван Вазов"" – пешеходна",Пловдив,Пловдив,6609,,,0,0,,3579043.17
OP-25.001-0067,"Реконструкция на бул. ""Марица – север"" между бул. ""Цар Борис III Обединител"" до пешеходен мост над р. Марица",Пловдив,Пловдив,6609,,,0,0,,4090335.05
OP-25.001-0068,"Ремонт на Околовръстен път в ""Тракия""",Пловдив,Пловдив,6609,,,0,0,,8180670.10
OP-25.001-0069,Реконструкция на Рогошко шосе,Пловдив,Пловдив,6609,ПРО-2774/21.07.2025,РД-02-30-288/19.08.2025,7578879.55,1485024.37,6093855.18,
OP-25.001-0070,"Ясла за 8 групи в район ""Тракия""",Пловдив,Пловдив,6609,,,0,0,,2300813.47
OP-25.001-0074,"Обновяване на общински зали за спорт за лека атлетика, волейбол и баскетбол",Пловдив,Пловдив,6609,,,0,0,,1789521.58
OP-25.001-0081,"Нов физкултурен салон в училище ""Васил Петлешков""",Пловдив,Пловдив,6609,,,0,0,,1022583.76
OP-25.001-0082,"Основен ремонт Кукленско шосе, последен етап",Пловдив,Пловдив,6609,ПРО-2727/12.06.2025,РД-02-30-129/26.06.2025,1022583.76,0,1022583.76,
OP-25.001-0090,"Енергийно обновяване на зала за спорт по бокс, вдигане на тежести и джудо",Пловдив,Пловдив,6609,,,0,0,,766937.82
OP-25.001-0132,Изграждане на Географска информационна система на Пловдив,Пловдив,Пловдив,6609,,,0,0,,10225837.62
OP-25.001-0133,Многофункционална спортна база ЕГ Пловдив,Пловдив,Пловдив,6609,,,0,0,,6135502.57
OP-25.001-0180,"Изграждане на бул. ""Северен"" – етап II",Пловдив,Пловдив,6609,,,0,0,,20451675.25
OP-25.001-0181,"Реконструкция на ул. ""Царевец"" в участъка от бул. ""Пещерско шосе"" до бул. ""Свобода"" – ЕТАП II",Пловдив,Пловдив,6609,,,0,0,,6902440.40
OP-25.001-0182,"Реконструкция на улица ""Парк отдих и култура"" – продължение на бул. ""Шести септември"", в участъка от кръстовище с ул. ""Рая"" до кръстовище с бул. ""Пещерско шосе"", район ""Западен"", община Пловдив, гр. Пловдив в имоти публична общинска собственост",Пловдив,Пловдив,6609,,,0,0,,6646794.46
OP-25.001-0183,"Реконструкция на ул. ""Полет""",Пловдив,Пловдив,6609,,,0,0,,5112918.81
OP-25.001-0184,"Реконструкция на ул. ""Любен Каравелов"" от бул. ""Васил Априлов"" до бул. ""Христо Ботев""",Пловдив,Пловдив,6609,,,0,0,,4090335.05
OP-25.001-0185,"Изграждане на обект/строеж: ""Тренировъчни спортни зали, заведение, обслужващи помещения и благоустрояване"", в УПИ IX-511.9586 спорт, общ. обсл. и ТП, кв. 77 – нов по плана на кв. ""Христо Смирненски"" – гр. Пловдив, идентичен с ПИ с ИД 56784.511.818 по КК на гр. Пловдив (стар XXXII-1169,1170 спортни и обсл. дейности и ТП по плана на жк ""Кишинев"", кв. 16, ПИ с ИД 56784.511.9586 по КК на гр. Пловдив)",Пловдив,Пловдив,6609,ПРО-2726/11.06.2025,РД-02-30-130/26.06.2025,3129106.31,0,3129106.31,
OP-25.001-0186,"Реконструкция на ул. ""Леденика""",Пловдив,Пловдив,6609,ПРО-2719/09.06.2025,РД-02-30-128/26.06.2025,2454201.03,0,2454201.03,
OP-25.001-0187,"Реконструкция на бул. ""Васил Априлов"" – източно платно от бул. ""6-ти септември"" до бул. ""Марица""",Пловдив,Пловдив,6609,ПРО-2720/10.06.2025,РД-02-30-131/26.06.2025,1278229.70,566268.49,711961.21,
OP-25.001-0188,"Изготвяне на проектна документация за нов мост над р. Марица и изграждане на пътни връзки от и към бул. ""Марица – север"", вкл. бул. ""Марица – север"" от Лекси до съоръжението",Пловдив,Пловдив,6609,,,0,0,,766937.82
OP-25.001-0189,Изготвяне на проектна документация за изграждане на фуникуляр на Хълм на Освободителите,Пловдив,Пловдив,6609,,,0,0,,255645.94
OP-25.001-0524,"Временна пътна връзка като продължение на бул. ""Македония"" от ул. ""Борис Шивачев"" до бул. ""Ал. Стамболийски""",Пловдив,Пловдив,6609,,,0,0,,1994038.34
OP-24.001-0993,Рехабилитация на общински път PDV 1210/III- 667/Първомай – Караджалово-граница общ. (Първомай- Димитровград)-Скобелево-Сталево-Ябълково/HKV1009/ – участък от км 3+440 до км 8+147,Първомай,Пловдив,6610,ПРО-453/19.01.2024,РД-02-30-1178/22.07.2024,7019066.07,0,7019066.07,
OP-24.001-0994,"Реконструкция на ул. ""Малина"" в участъка от о.т. 343-342 до о.т. 506 и ул. ""Ал. Стамболийски"" в участъка от о.т. 477-469-468 до о.т. 432 и реконструкция на уличен водопровод по описаните участъци от улиците",Първомай,Пловдив,6610,ПРО-452/19.01.2024,РД-02-30-1280/15.08.2024,1358349.14,1316033.36,42315.78,
OP-24.001-0995,"Рехабилитация и Реконструкция на УЛ. ""БРАТЯ МИЛАДИНОВИ – СЕВЕР"", ЕТАП 2, в участъка от ул. ""Х. Димитър"" (км 0+000) до ул. ""Софроний Врачански"" (км 1+930) в гр. Първомай, обл. Пловдив",Първомай,Пловдив,6610,ПРО-494/22.01.2024,РД-02-30-1272/15.08.2024,1306862.05,520299.23,786562.82,
OP-25.001-0525,"Реконструкция на общ. път PDV1213 Първомай-Б. река- Православен-Драгойново-Буково, в участъка от км 6+317,46 (локален км 0+000) до км 11+825 (локален км 5+507,55)",Първомай,Пловдив,6610,ПРО-2852/14.08.2025,РД-02-30-483/30.12.2025,6902440.40,0,6902440.40,
OP-25.001-0526,"Реконструкция ул. ""Княз Борис I"" в участъка от ул. ""Д. Благоев"" до ул. ""К. Честименски"", гр. Първомай",Първомай,Пловдив,6610,,,0,0,,613550.26
OP-25.001-0527,"Реконструкция ВиК мрежи по ул. ""Княз Борис I"" в участъка от ул. ""Д. Благоев"" до ул. ""К. Честименски"", гр. Първомай",Първомай,Пловдив,6610,,,0,0,,562421.07
OP-24.001-0996,"Реконструкция на част от уличната мрежа на гр. Раковски, община Раковски – нови подобекти: 1. ул. ""Пирин""; 2. ул. ""Гурко"", 3. ул. ""Средец"", 4. ул. ""Велико Търново"", 5. ул. ""Надежда"", 6. ул. ""Репин"", 7. ул. ""Тиса"", 8. ул. ""Победа"", 9. ул. ""Петко Славейков"", 10. ул. ""Искра"", 11. ул. ""Панагюрище"", с. Стряма, община Раковски, 12. ул. ""Георги Бенковски"" от о.т. 129 до о.т. 104, 13. ул. ""Люлин"" /Гл. клон ІV/, с. Белозем, община Раковски, 15. ул. ""Гусла"" /Клон І-22/",Раковски,Пловдив,6611,ПРО-286/16.01.2024,РД-02-30-730/25.04.2024,4090283.92,1837477.65,2252806.27,
OP-24.001-0997,"Изграждане на многофункционална спортна зала – ""Раковски"", гр. Раковски, община Раковски, област Пловдив; Първи етап ""Изграждане на многофункционална спортна зала""; Втори етап ""Изграждане на закрит плувен басейн""",Раковски,Пловдив,6611,ПРО-283/16.01.2024,РД-02-30-738/25.04.2024,8492251.37,5480040.58,3012210.79,
OP-24.001-0998,Реконструкция на водопроводна мрежа на село Белащица – първи етап,Родопи,Пловдив,6612,ПРО-986/29.02.2024,РД-02-30-916/04.06.2024; Анекс РД-02-30-916(1)/13.12.2024,1483615.65,636373.08,847242.57,
OP-24.001-0999,Канализация с. Цалапица – Главни колектори – актуализация на второстепенна канализационна мрежа по улици в регулация – І етап,Родопи,Пловдив,6612,ПРО-919/22.02.2024,РД-02-30-290/20.03.2024; Анекс РД-02-30-290(1)/13.12.2024,1131846.84,0,1131846.84,
OP-24.001-1000,Главна и второстепенна канализационна мрежа в регулацията на с. Брани поле – първи етап – Главен колектор II,Родопи,Пловдив,6612,ПРО-918/22.02.2024,РД-02-30-287/20.03.2024; Анекс РД-02-30-287(1)/13.12.2024,1049886.75,915933.88,133975.22,
OP-24.001-1001,Канализация с. Ягодово – Главна и второстепенна канализационна мрежа по улици в регулация – първи етап – Главен колектор I –актуализация,Родопи,Пловдив,6612,ПРО-916/22.02.2024,РД-02-30-293/20.03.2024; Анекс РД-02-30-293(1)/13.12.2024,888267.39,875966.68,12300.71,
OP-24.001-1002,"Изграждане на игрище за футбол, волейбол, баскетбол, тенис корт, съблекалня, трибуна, паркоместа, с. Крумово",Родопи,Пловдив,6612,ПРО-883/15.02.2024,РД-02-30-304/20.03.2024,931676.07,931656.58,19.49,
OP-24.001-1004,"Основен ремонт на част от ул. ""Д. Благоев"", с. Брестник, подмяна на водопровод и изграждане на улична канализация",Родопи,Пловдив,6612,ПРО-1149/11.03.2024; ПРО-1149(2)/28.03.2024,РД-02-30-836/20.05.2024; Анекс РД-02-30-836(1)/13.12.2024,213055.33,191160.44,21894.89,
OP-24.001-1005,"Изграждане на подпорна стена, укрепваща ул. ""Крайречна"" между осови точки 160-161-162 по регулационния план на село Устина, община ""Родопи""",Родопи,Пловдив,6612,ПРО-881/15.02.2024,РД-02-30-298/20.03.2024,209629.67,208595.92,1033.75,
OP-24.001-1006,"Реконструкция на вътрешна водопроводна мрежа на ул. ""Стадиона"", с. Марково, с осови точки 87, 90, 91а, 92 до осова точка 94, с. Марково, община ""Родопи""",Родопи,Пловдив,6612,ПРО-882/15.02.2024,РД-02-30-305/20.03.2024; Анекс РД-02-30-305(1)/13.12.2024,202215.94,191440.09,10785.85,
OP-24.001-1007,"Реконструкция и рехабилитация на участък от ул. ""Кирил и Методий"" от кръстовище с ул. ""Тракия"" при км 0+000 до кръстовище с ул. ""Цар Самуил"" при км 0+180 с приблизителна дължина 180 м, с. Марково",Родопи,Пловдив,6612,ПРО-992/29.02.2024,РД-02-30-910/04.06.2024,171282.78,170439.67,843.11,
OP-24.001-2521,"Реконструкция на вътрешна водопроводна мрежа на с. Брестовица, община ""Родопи"", II етап – висока зона",Родопи,Пловдив,6612,ПРО-2004/02.09.2024,РД-02-30-1842/13.12.2024,1387901.81,1304937.62,82964.19,
OP-25.001-0528,"Реконструкция и модернизация на съществуващ стадион, паркинг и нови обслужващи сгради в УПИ IV – спортен терен, кв. 46, с. Първенец",Родопи,Пловдив,6612,,,0,0,,2909353.06
OP-25.001-0529,Главна и второстепенна канализационна мрежа в регулацията на с. Брани поле – втори етап – Главен колектор IV и второстепенна канализационна мрежа,Родопи,Пловдив,6612,,,0,0,,5064601.73
OP-25.001-0530,"Основен ремонт на ул. ""Ал. Стамболийски"" – запад, с. Цалапица – възстановяване на закрит отводнителен канал, община ""Родопи"" – II-ри етап",Родопи,Пловдив,6612,,,0,0,,338475.23
OP-25.001-0531,"Реконструкция на вътрешна водопроводна мрежа на с. Брестовица, община ""Родопи"", II-ри етап – висока зона, пътни настилки",Родопи,Пловдив,6612,,,0,0,,185854.60
OP-24.001-1008,"Рехабилитация и реконструкция на част от общински път PDV 1272 жп гара Чешнегирово – с. Чешнегирово – гр. Садово, преминаващ през територията на гр. Садово и с. Чешнегирово",Садово,Пловдив,6613,ПРО-162/11.01.2024,РД-02-30-1023/25.06.2024,2369326.58,0,2369326.58,
OP-24.001-2069,"Ремонт и реконструкция на общински улици на територията на община Садово, област Пловдив",Садово,Пловдив,6613,ПРО-1709/19.06.2024,РД-02-30-1276/15.08.2024,1661698.61,250551.80,1411146.81,
OP-24.001-2070,"Ремонт и реконструкция на уличните мрежи в селата Селци, Богданица и Ахматово",Садово,Пловдив,6613,ПРО-1707/19.06.2024,,0,0,591053.41,
OP-24.001-2071,"Ремонт и реконструкция на уличните мрежи в селата Селци, Богданица и Ахматово",Садово,Пловдив,6613,ПРО-1940/19.08.2024,,0,0,490840.21,
OP-25.001-0193,"Реконструкция на централен парк в УПИ I-903, градина в кв. 30, село Катуница, община Садово",Садово,Пловдив,6613,ПРО-2695/15.05.2025,РД-02-30-92/19.06.2025,966290.53,0,966290.53,
OP-24.001-1009,Преустройство на централен площад и парк на гр. Сопот – ЕТАП 2,Сопот,Пловдив,6618,ПРО-897/20.02.2024,РД-02-30-351/25.03.2024,2893912.05,0,2893912.05,
OP-24.001-1010,"Изграждане на нов преливник на Главен колектор I от канализационната мрежа на гр. Сопот във връзка с констатирани нарушени експлоатационни характеристики на част от съоръженията на мрежата преди изпълнението на обект: ""Ремонт на ул. ""Христо Ботев"" в участъка от ул. ""Трети март"" до кръстовище с ул. в ПИ 68080.27.521"" и ""Ремонт на улица в ПИ 68080.27.521 от кръстовище с ул. ""Христо Ботев"" до SKF Bearings Bulgaria EAD"", гр. Сопот",Сопот,Пловдив,6618,ПРО-1170/14.03.2024,РД-02-30-784/26.04.2024,1252920.75,912315.09,340605.66,
OP-24.001-1011,"Ремонт на сграда на сектор ""Местни данъци и такси""",Сопот,Пловдив,6618,ПРО-898/20.02.2024,РД-02-30-349/25.03.2024,227831.66,219335.12,8496.54,
OP-25.001-0533,"Инженеринг на обект ""Благоустрояване на междублокови пространства в ж.к. ""Сарая"", гр. Сопот""",Сопот,Пловдив,6618,,,0,0,,3885818.30
OP-25.001-0534,"Инженеринг на обект ""Реконструкция на тротоари по протежението на ул. ""Иван Вазов"", гр. Сопот""",Сопот,Пловдив,6618,,,0,0,,843631.60
OP-25.001-0535,"Ремонт на сграда предоставяща обществени услиги с адрес ""Иван Вазов"" 14 – проектиране и изпълнение на СМР",Сопот,Пловдив,6618,,,0,0,,613550.26
OP-25.001-0536,Инженеринг – Многофункционално спортно игрище в ПИ 68080.502.826,Сопот,Пловдив,6618,,,0,0,,153387.56
OP-25.001-0537,Инженеринг – Изграждане на спортно игрище за футбол в ПИ 68080.502.1555,Сопот,Пловдив,6618,,,0,0,,102258.38
OP-25.001-0538,Проектиране и изграждане на паркинг в ПИ 68080.501.106,Сопот,Пловдив,6618,,,0,0,,81806.70
OP-25.001-0539,"Изготвяне на технически проект и упражняване на авторски надзор за обект ""Основен ремонт и въвеждане на мерки за ЕЕ на сграда на ул. ""Иван Вазов"" 53, гр. Сопот""",Сопот,Пловдив,6618,,,0,0,,25564.59
OP-24.001-1012,"Реконструкция на водопроводната мрежа на с. Йоаким Груево, община Стамболийски, по улици: 1. улица 2 (о.т. 28 – о.т. 120) 2. улица 3 (о.т. 17 – о.т. 51) 3. улица 4 (о.т. 15 – о.т. 112) 4. улица 5 (о.т. 18 – о.т. 58) 5. улица 6 (о.т. 3 – о.т. 61) 6. улица 7 (о.т. 63 – о.т. 77) 7. улица 9 (о.т. 8 – о.т. 65) 8. улица 10 (о.т. 58 – о.т. 62) 9. улица 11 (о.т. 5 – о.т. 9) 10. улица 12 (о.т. 4 – о.т. 10) 11. улица 13 (о.т. 11 – о.т. 60) 12. улица 14 (о.т. 12 – о.т. 13) 13. улица 19 (о.т. 100 – о.т. 87) 14. улица 24 (о.т. 83 – о.т. 90) 15. улица 25 (о.т. 14 – о.т. 15) 16. улица 29 (о.т. 26 – о.т. 21)",Стамболийски,Пловдив,6614,ПРО-529/23.01.2024; 08-00-492/03.04.2024,РД-02-30-1847/13.12.2024,2454201.03,239515.55,2214685.48,
OP-24.001-1013,Изграждане на довеждащ колектор с канализационна помпена станция (КПС) за с. Куртово Конаре,Стамболийски,Пловдив,6614,ПРО-530/23.01.2024; 08-00-492/03.04.2024,РД-02-30-1859/13.12.2024,1926701.20,185798.09,1740903.11,
OP-24.001-1014,"Изпълнение на строително-монтажни работи на обект: ""Канализация и водопровод, кв. 170, кв. 171 по плана на град Стамболийски""",Стамболийски,Пловдив,6614,ПРО-531/23.01.2024; ПРО-531(1)/23.01.2024; ПРО-531(2)/07.03.2024,РД-02-30-499/30.12.2025,812136.02,0,812136.02,
OP-24.001-1015,"Реконструкция на ул. ""Перущица"" в участъка от кръговото кръстовище с бул. ""Васил Левски"" до ул. ""Цар Симеон"" – град Стамболийски",Стамболийски,Пловдив,6614,ПРО-533/23.01.2024; 08-00-492/03.04.2024,РД-02-30-1245/13.08.2024,947935.15,806114.23,141820.92,
OP-24.001-1016,"Основен ремонт и модернизация на спортна зала ""Тракия"", гр. Стамболийски",Стамболийски,Пловдив,6614,ПРО-532/23.01.2024,РД-02-30-630/02.04.2024,741628.87,143024.76,598604.11,
OP-24.001-2073,"Изработване на технически проект за реконструкция на ул. ""Марица"", гр. Стамболийски",Стамболийски,Пловдив,6614,ПРО-1364/08.05.2024,РД-02-30-1296/15.08.2024,25308.95,12271.01,13037.94,
OP-24.001-2076,Изработване на технически проект за изграждане на демонстрационен туристически център с. Куртово Конаре,Стамболийски,Пловдив,6614,ПРО-1363/08.05.2024,РД-02-30-1290/15.08.2024,21474.26,21474.26,0,
OP-24.001-2522,"Инженеринг – проектиране, строителство и авторски надзор на обект: Реконструкция на ВВМ на гр. Стамболийски – 1 етап",Стамболийски,Пловдив,6614,ПРО-2354/17.10.2024,РД-02-30-1896/16.12.2024,9430778.75,76693.78,9354084.97,
OP-24.001-2523,"Инженеринг – проектиране, строителство и авторски надзор за обект – Основен ремонт на градски пазар – гр. Стамболийски",Стамболийски,Пловдив,6614,ПРО-2355/17.10.2024,РД-02-30-1886/13.12.2024,1309929.80,265053.71,1044876.09,
OP-25.001-0532,Реконструкция на водопроводна мрежа по улици в с. Ново село,Стамболийски,Пловдив,6614,ПРО-3121/30.12.2025,РД-02-30-502/30.12.2025,1789521.58,0,1789521.58,
OP-24.001-1017,Основен ремонт (рехабилитация) на път: PDV 2340 /ІІІ- 6062/ Съединение – Голям Чардак /ІІІ-606/ от км 0+000 до км 8+185,Съединение,Пловдив,6615,ПРО-243/15.01.2024,РД-02-30-675/04.04.2024,4330897.88,3719595.95,611301.93,
OP-24.001-1018,"Реконструкция и рехабилитация на част от водопроводна мрежа в с. Царимир, община Съединение, област Пловдив",Съединение,Пловдив,6615,ПРО-246/15.01.2024,РД-02-30-763/26.04.2024,782020.93,689092.02,92928.91,
OP-24.001-2685,"Основен ремонт на път PDV-1342 ""/III – 6062/ Съединение – Найден Герово – Драгомир"" от км 0+000 до км 11+515, включително кръстовище с път PAZ – 2123",Съединение,Пловдив,6615,ПРО-2465/06.11.2024 ПРО-2462/06.11.2024,РД-02-30-290/22.08.2025,10149859.65,0,10149859.65,
OP-24.001-2686,"Основен ремонт на път PAZ – 2123 ""/ІІІ – 8003/ Черногорово – Тополи дол – граница община (Пазарджик – Съединение) – Драгомир /PDV1342/"" от км 10+125 до км 12+250",Съединение,Пловдив,6615,ПРО-2464/06.11.2024 ПРО-2463/06.11.2024,РД-02-30-291/22.08.2025,2556459.41,0,2556459.41,
OP-24.001-1019,"Допълнително водоснабдяване на с. Кръстевич, община Хисаря, от сондажен кладенец",Хисаря,Пловдив,6616,ПРО-496/22.01.2024,РД-02-30-310/22.03.2024,1713287.96,1514645.24,198664.20,
OP-24.001-1020,"Реконструкция на питеен водопровод, преминаващ успоредно на трасето на напорен водопровод от нов сондажен кладенец по улици с о.т. 126, 53, 51, 2, 85а, 80, 76, до ПИ 40333.113.23 по плана на с. Кръстевич, община Хисаря",Хисаря,Пловдив,6616,ПРО-551/23.01.2024,РД-02-30-312/22.03.2024,1196013.97,638789.08,557224.89,
OP-24.001-1624,"Реконструкция и благоустройство на ул. ""Васил Левски"", гр. Хисаря, в участъка от о.т. 34 до о.т. 237 (от моста при Беш бунар дере до паркинга на стадион ""Крепост""); реконструкция и благоустройство на ул. ""Шейново"", гр. Хисаря, в участъка от 197г – 197в – 61а – 86 (включва неблагоустроената част от ул. ""Шейново"" и алеята покрай парк ""Летен театър""); реконструкция и благоустрояване на ул. от о.т. 122, 121, 120, 119, 118, 81 до о.т. 82, по регулационния план на кв. ""Момина баня"", гр. Хисаря, община Хисаря",Хисаря,Пловдив,6616,ПРО-554/23.01.2024; ПРО-554(1)/18.03.2024,РД-02-30-1103/19.07.2024,1581630.31,262739.70,1318890.61,
OP-24.001-2077,"Реконструкция и благоустрояване, вкл. подмяна на улични водопроводи и сградни водопроводни отклонения на улици в кв. ""Веригово"" и в кв. ""Момина баня"", гр. Хисаря",Хисаря,Пловдив,6616,ПРО-2132/11.09.2024,РД-02-30-22/16.06.2025,3148893.31,0,3148893.31,
OP-24.001-1021,"Основен ремонт и енергоефективна рехабилитация на читалища в община Завет, подобект ""Основен ремонт и енергоефективна рехабилитация на НЧ ""Саморазвитие 1902 г."", гр. Завет",Завет,Разград,6701,ПРО-935/26.02.2024,РД-02-30-355/25.03.2024,502702.18,271060.60,231641.58,
OP-24.001-1022,"Основен ремонт и енергоефективна рехабилитация на читалища в община Завет, подобект ""Основен ремонт и енергоефективна рехабилитация на НЧ ""Христо Ботев 1913"" в с. Прелез, община Завет",Завет,Разград,6701,ПРО-936/26.02.2024,РД-02-30-360/25.03.2024,479745.17,238778.03,240967.14,
OP-24.001-1023,"Рехабилитация на път RAZ 3001 /III-205, Исперих – Веселец/ – Иван Шишманово/ – III-205",Завет,Разград,6701,ПРО-818/12.02.2024 г.,РД-02-30-359/25.03.2024,288624.27,288362.52,0,
OP-24.001-2912,"Внедряване на мерки за енергийна ефективност в ДГ ""Слънчо"", гр. Завет",Завет,Разград,6701,ПРО-2725/10.06.2025,РД-02-30-232/21.07.2025,986026.39,0,986026.39,
OP-24.001-2913,"Изготвяне на инвестиционен проект за реконструкция на довеждащ водопровод от ВС ""Воден"" в района на гр. Завет, община Завет",Завет,Разград,6701,ПРО-2761/03.07.2025,,0,0,23519.43,
OP-24.001-2914,"Изготвяне на инвестиционен проект за реконструкция на довеждащ водопровод от ВС ""Воден"" в района на с. Острово, община Завет",Завет,Разград,6701,ПРО-2762/03.07.2025,,0,0,36813.02,
OP-24.001-2915,"Изготвяне на инвестиционен проект за реконструкция на улични водопроводи и сградни водопроводни отклонения в с. Острово, община Завет",Завет,Разград,6701,ПРО-2759/03.07.2025,,0,0,184576.37,
OP-24.001-2916,"Изготвяне на инвестиционен проект за реконструкция на улични водопроводи и сградни водопроводни отклонения в с. Брестовене, община Завет",Завет,Разград,6701,ПРО-2760/03.07.2025,,0,0,185087.66,
OP-24.001-1024,"Основен ремонт, модернизиране и внедряване на интелигентно управление на уличното осветление на 24 населени места на територията на община Исперих",Исперих,Разград,6702,ПРО-1830/07.08.2024,РД-02-30-2/03.06.2025,2815019.71,736359.32,2078660.39,
OP-24.001-1025,"Рехабилитация на улична мрежа гр. Исперих, ПОДОБЕКТ улица ""Лудогорие""",Исперих,Разград,6702,ПРО-465/19.01.2024 г.,РД-02-30-344/25.03.2024,1323479.03,1314039.60,0,
OP-24.001-1026,"Рехабилитация на улична мрежа гр. Исперих, ПОДОБЕКТ улица ""Васил Левски"" – II и III етап",Исперих,Разград,6702,ПРО-461/19.01.2024 г.,РД-02-30-345/25.03.2024,1081893.62,968075.72,113817.90,
OP-24.001-1027,Рехабилитация и ремонт на централна градска част – гр. Исперих,Исперих,Разград,6702,ПРО-451/19.01.2024 г.,РД-02-30-346/25.03.2024,670661.56,653213.36,17470.21,
OP-24.001-2078,"Основен ремонт на ул. ""Арда"" от о.т. 78 до о.т. 6, гр. Исперих",Исперих,Разград,6702,ПРО-1665/06.06.2024,РД-02-30-4/03.06.2025,188973.48,0,188973.48,
OP-24.001-2079,"Основен ремонт на ул. ""Ангел Кънчев"" от о.т. 509 до о.т. 544 и ул. ""Втора"" от о.т. 525 до о.т. 531, Промишлена зона – гр. Исперих",Исперих,Разград,6702,ПРО-1666/07.06.2024,РД-02-30-3/03.06.2025,398500.89,0,398500.89,
OP-24.001-2527,"Благоустрояване на УПИ I-9631, кв. 70 по плана на гр. Исперих",Исперих,Разград,6702,ПРО-2231/03.10.2024,РД-02-30-5/03.06.2025,1099277.54,0,1099277.54,
OP-25.001-0540,"Рехабилитация на уличната мрежа в населени места на територията на община Исперих: с. Драгомъж – ул. ""Захари Стоянов"", ул. ""Елин Пелин"", ул. ""Иван Кръстев"", ул. ""Йордан Йовков"", ул. ""Димитър Полянов"" и ул. ""Борис Савов""; с. Вазово – ул. ""Дунав""; с. Китанчево – ул. ""Гео Милев""",Исперих,Разград,6702,ПРО-3001/22.10.2025,,0,0,462872.54,
OP-24.001-1029,"Основен ремонт на общински път RAZ1063/II – 49, Топчии – Кубрат/Каменово – Равно – Граница общ. (Кубрат – Ветово) – /III – 2003/",Кубрат,Разград,6703,ПРО-1010/01.03.2024,РД-02-30-581/01.04.2024,4026781.47,0,4026781.47,
OP-24.001-1030,"ОСНОВЕН РЕМОНТ НА УЛ. ""СТЕФАН КАРАДЖА"", ГР. КУБРАТ; ОСНОВЕН РЕМОНТ НА УЛ. ""КОЗЛОДУЙ"", ОСНОВЕН РЕМОНТ НА УЛ. ""КАМЧИЯ"", ГР. КУБРАТ, ОСНОВЕН РЕМОНТ НА УЛ. ""ЕКЗАРХ ЙОСИФ"", ГР. КУБРАТ, ОСНОВЕН РЕМОНТ НА УЛ. ""ДУНАВ"", ГР. КУБРАТ, ОСНОВЕН РЕМОНТ НА УЛ. ""ХРИСТО БОТЕВ"", ГР. КУБРАТ, ОСНОВЕН РЕМОНТ НА УЛ. ""СРЕБЪРНА"", С. ЗВЪНАРЦИ, ОБЩИНА КУБРАТ, УЛ. ""ЛЮЛИН"", С. ЗВЪНАРЦИ, ОБЩИНА КУБРАТ, ОСНОВЕН РЕМОНТ НА УЛ. ""ОПЪЛЧЕНСКА"", С. ЮПЕР, ОБЩИНА КУБРАТ, ОСНОВЕН РЕМОНТ НА УЛ. ""ИВАН ВАЗОВ"", С. РАВНО, ОБЩИНА КУБРАТ, ОСНОВЕН РЕМОНТ НА УЛ. ""ЗДРАВЕЦ"", С. САВИН",Кубрат,Разград,6703,ПРО-422/18.01.2024 г.,РД-02-30-74/19.06.2025,401773.16,0,1003410.32,
OP-24.001-1031,"Ремонт и въвеждане на мерки за енергийна ефективност в детска градина ""Пролет"", с. Севар, община Кубрат",Кубрат,Разград,6703,ПРО-284/16.01.2024 г.,РД-02-30-331/25.03.2024,692544.85,604673.04,87871.81,
OP-24.001-1032,"Основен ремонт на общински път RAZ1062 /II – 49/ Кубрат – Севар – Граница общ. (Кубрат – Завет) – Прелез – /III – 4902/ – участък от 700 м, включително и укрепване на насип",Кубрат,Разград,6703,ПРО-985/28.02.2024,РД-02-30-582/01.04.2024,516251.41,0,516251.41,
OP-24.001-1033,"Основен ремонт на тротоарни площи по протежение на ул. ""Трапезица"" в с. Каменово",Кубрат,Разград,6703,ПРО-179/11.01.2024 г.,РД-02-30-583/01.04.2024,189689.29,34246.11,155443.18,
OP-24.001-1034,"Реконструкция на водопроводната мрежа на с. Синя вода, община Лозница – с етапно изграждане и въвеждане в експлоатация при условията на чл. 152, ал. 2 от ЗУТ като Първи етап – главни клонове I, II, III и IV и съоръженията към тях, всички второстепенни клонове от зона 1 на разпределителната мрежа /от клон 1 до клон 27/, всички връзки за връзка на главните клонове от зона 2 на съществуващата мрежа. Втори етап – второстепенни клонове в зона 2 /от клон 28 до клон 47/",Лозница,Разград,6704,ПРО-2742/18.06.2025,РД-02-30-150/04.07.2025,3157022.85,306376.07,2850646.78,
OP-24.001-2080,"Рехабилитация на път RAZ 2080 /І-2, Разград – Веселина/ – Каменар – /III-206/ от км 1+790 до км 4+100 Каменар – Пороище",Лозница,Разград,6704,,,0,0,,787696.27
OP-24.001-2081,Основен ремонт на общински път RAZ 1092 /RAZ1088/ Лозница – Манастирци – граница общ. (Лозница – Търговище) – Макариополско /III-5102 от км 5+500 до км 6+400/,Лозница,Разград,6704,,,0,0,,241278.64
OP-24.001-2082,"Рехабилитация на път RAZ 1089/II-49 Трапище – Разград/ – Сейдол, граница общ. /Лозница – Търговище/ от км 3+820 до км 4+400 Сейдол – Миладиновци",Лозница,Разград,6704,,,0,0,,184883.14
OP-24.001-2917,"Паркоустрояване, благоустрояване и подобряване на физическата среда на междублоково пространство в кв. 54, гр. Лозница",Лозница,Разград,6704,ПРО-3045/12.11.2025,,0,0,324312.44,
OP-24.001-2918,"Паркоустрояване, благоустрояване и подобряване на физическата среда на междублоково пространство в кв. 43, гр. Лозница",Лозница,Разград,6704,ПРО-3046/12.11.2025,,0,0,176446.83,
OP-24.001-2919,"Паркоустрояване, благоустрояване и подобряване на физическата среда на междублоково пространство в кв. 34, гр. Лозница",Лозница,Разград,6704,ПРО-3047/12.11.2025,,0,0,147763.35,
OP-24.001-2920,"Паркоустрояване, благоустрояване и подобряване на физическата среда на зелено пространство с детски кът в кв. 88, гр. Лозница",Лозница,Разград,6704,ПРО-3044/12.11.2025,,0,0,92492.70,
OP-24.001-1035,Ремонт и доизграждане коритото на река Бели Лом в регулацията на гр. Разград,Разград,Разград,6705,ПРО-1199/20.03.2024,РД-02-30-997/14.06.2024,15898825.56,0,15898825.56,
OP-24.001-1037,Ремонт/рехабилитация на път RAZ 2110/RAZ 1113 o.п. Разград – Дянково/ж.п. прелез Ясеновец – /III-205/,Разград,Разград,6705,ПРО-398/18.01.2024,РД-02-30-806/26.04.2024,1533875.64,1451629.83,0,
OP-24.001-1039,"Реконструкция на ул. ""Странджа"" и прилежащите кръстовища в гр. Разград – Трети участък от ул. ""Странджа""",Разград,Разград,6705,ПРО-731/02.02.2024,РД-02-30-790/26.04.2024,664679.45,545752.26,118927.19,
OP-24.001-1040,Инвестиционен проект в работна фаза за реконструкция на съществуващата пречиствателна станция за отпадъчни води в гр. Разград,Разград,Разград,6705,ПРО-738/05.02.2024,РД-02-30-807/26.04.2024,536856.48,170457.55,366398.93,
OP-24.001-1041,Ремонт на общински път RAZ 1111/III-204 Разград – Благоево/ – граница общ. (Разград – Попово) – Еленово – Дриново /III-204/,Разград,Разград,6705,ПРО-1161/12.03.2024,РД-02-30-558/29.03.2024,522438.04,398398.63,124039.41,
OP-24.001-2921,"Изграждане на социални жилища за настаняване на малцинствени и социално слаби групи в кв. ""Орел"", отговарящи на съвременните хигиенни изисквания, УПИ VIII, кв. 805 по плана на гр. Разград, ПИ с идентификатор 61710.504.6397 по КККР на гр. Разград, Под-обект: Типова сграда 1, 2, 3, 4",Разград,Разград,6705,ПРО-2476/11.11.2024;,,0,0,1650501.32,
OP-24.001-2922,"Изграждане на съвременна градска среда, образователна и социална инфраструктура в гр. Разград гаранция за интегрирано градско развитие, подобект: Благоустрояване и паркоустрояване междублокови пространства в ж.к. ""Житница"" – кв. 54, гр. Разград",Разград,Разград,6705,ПРО-2552/27.11.2024,РД-02-30-28/16.06.2025,1242694.92,238358.03,1004336.89,
OP-24.001-2923,"Основен ремонт на път RAZ 3121/II-49, Манастирско – Разград/ – гробищен парк – депо СО, гр. Разград",Разград,Разград,6705,ПРО-2613/17.01.2025,РД-02-30-386/21.11.2025,987815.91,0,987815.91,
OP-24.001-2924,Изготвяне на инвестиционен проект за реконструкция на улични водопроводи и сградни водопроводни отклонения в гр. Разград,Разград,Разград,6705,ПРО-2476(4)/21.08.2025,РД-02-30-305/16.09.2025,588241.31,0,588241.31,
OP-24.001-2925,"Основен ремонт на улица ""Силистра"", гр. Разград",Разград,Разград,6705,ПРО-2616/22.01.2025,РД-02-30-383/21.11.2025,152722.88,0,152722.88,
OP-24.001-2926,"Изготвяне на инвестиционен проект за реконструкция на улични водопроводи и сградни водопроводни отклонения в с. Ясеновец, община Разград",Разград,Разград,6705,ПРО-2555/28.11.2024,РД-02-30-306/16.09.2025,134981.06,0,134981.06,
OP-24.001-2927,"Основен ремонт на улица ""Добруджа"", гр. Разград",Разград,Разград,6705,ПРО-2617/22.01.2025,РД-02-30-384/21.11.2025,124499.57,0,124499.57,
OP-24.001-2928,"Изготвяне на инвестиционен проект за реконструкция на улични водопроводи и сградни водопроводни отклонения в с. Гецово, община Разград",Разград,Разград,6705,ПРО-2557/29.11.2024,РД-02-30-287/19.08.2025,119642.30,0,119642.30,
OP-24.001-2929,"Изготвяне на инвестиционен проект за реконструкция на улични водопроводи и сградни водопроводни отклонения в с. Осенец, община Разград",Разград,Разград,6705,ПРО-2554/28.11.2024,РД-02-30-285/19.08.2025,116574.55,0,116574.55,
OP-24.001-2930,"Изготвяне на инвестиционен проект за реконструкция на улични водопроводи и сградни водопроводни отклонения в с. Мортагоново, община Разград",Разград,Разград,6705,ПРО-2556/28.11.2024,РД-02-30-286/19.08.2025,101235.79,0,101235.79,
OP-24.001-2931,"Основен ремонт на улица ""Гвардейска"", гр. Разград",Разград,Разград,6705,ПРО-2615/20.01.2025,РД-02-30-381/21.11.2025,90703.18,0,90703.18,
OP-24.001-2932,"Изготвяне на инвестиционен проект за реконструкция на улични водопроводи и сградни водопроводни отклонения в с. Стражец, община Разград",Разград,Разград,6705,ПРО-2558/29.11.2024,РД-02-30-284/19.08.2025,49084.02,0,49084.02,
OP-24.001-2933,"Основен ремонт на улица ""Мачин"", гр. Разград",Разград,Разград,6705,ПРО-2618/22.01.2025,РД-02-30-387/21.11.2025,35994.95,0,35994.95,
OP-24.001-2934,"Основен ремонт на улица ""Ропотамо"", гр. Разград",Разград,Разград,6705,ПРО-2614/20.01.2025,РД-02-30-382/21.11.2025,34154.30,0,34154.30,
OP-25.001-0541,Основен ремонт на улици в населените места на територията на община Разград,Разград,Разград,6705,,,0,0,,1416431.90
OP-25.001-0542,Реконструкция и модернизация на Колодрум в градски парк в гр. Разград,Разград,Разград,6705,,,0,0,,6196857.60
OP-25.001-0543,Проект за изграждане на велоалея Разград – Гецово,Разград,Разград,6705,,,0,0,,587985.66
OP-25.001-0544,Уличен водопровод до Нов гробищен парк в гр. Разград,Разград,Разград,6705,,,0,0,,258202.40
OP-24.001-1042,Реконструкция и подмяна на вътрешна водопроводна мрежа в селата Желязковец и Самуил – Първи етап: Изпълнение на клонове от клон 1 до клон 16 за село Желязковец,Самуил,Разград,6706,ПРО-435/19.01.2024 ПРО-435(1)/03.04.2024,РД-02-30-776/26.04.2024,1022583.76,170612.04,851971.72,
OP-24.001-1043,"Рехабилитация на път RAZ 2144 /III – 2005, Ножарово – Здравец/Владимировци – Кара Михал – Голяма вода/III – 7002/ в участъка от края с. Кара Михал до началото на с. Голяма вода, с дължина до 2000 м",Самуил,Разград,6706,ПРО-438/19.01.2024,РД-02-30-615/01.04.2024,691317.75,134929.69,556388.06,
OP-24.001-2083,"Ремонтно-възстановителни работи за напорен тръбопровод с дължина 1780 м от ПС Голям извор до напорен резервоар – Самуил, трети подем",Самуил,Разград,6706,,,0,0,,518961.26
OP-24.001-2084,Ремонтно-възстановителни работи за напорен тръбопровод от дълбок сондаж Р-137Х в землището на с. Желязковец до водоема на с. Самуил,Самуил,Разград,6706,ПРО-1313/23.04.2024,,0,0,831309.47,
OP-24.001-1044,"Реконструкция и рехабилитация на общински пътища в община Цар Калоян, подобект: Път RAZ1162 от км 0+000 до км 1+733,50 село Езерче, дължина 1733,50 м",Цар Калоян,Разград,6707,ПРО-1602/30.05.2024,,0,0,833559.15,
OP-24.001-1045,"Подпорна стена на ляв бряг на р. Турлашки Лом, укрепваща ул. ""Цар Иван Асен"" от ул. ""Кирил и Методий"" до ул. ""Генерал Скобелев"", гр. Цар Калоян, община Цар Калоян",Цар Калоян,Разград,6707,ПРО-871/15.02.2024,РД-02-30-182/18.03.2024,421202.25,419647.64,0,
OP-24.001-1046,"Реконструкция и рехабилитация на част от улична мрежа в гр. Цар Калоян и село Езерче. Подобект: Улица ""Черно море"", гр. Цар Калоян",Цар Калоян,Разград,6707,ПРО-872/15.02.2024,РД-02-30-183/18.03.2024,203391.91,3758.00,199633.91,
OP-24.001-2935,"Подпорна стена, укрепваща ул. ""Цар Иван Асен"" от ул. ""Генерал Скобелев"" до ул. ""Пенчо Хинков"", гр. Цар Калоян, община Цар Калоян, област Разград",Цар Калоян,Разград,6707,ПРО-2530/21.11.2024,,0,0,292663.47,
OP-24.001-2936,"Изграждане на дом на пенсионера и инвалида в УПИ IX- 216, кв. 58, ПИ 27156.501.161, с. Езерче, община Цар Калоян",Цар Калоян,Разград,6707,,,0,0,,186723.80
OP-25.001-0034,"Реконструкция на водопроводна мрежа в с. Езерче, община Цар Калоян – Етап 2",Цар Калоян,Разград,6707,,,0,0,,1130210.70
OP-24.001-1047,"Реконструкция и рехабилитация на участък от общински път RSE 2002 – /I – 5, Тръстеник – Бяла/ – Екзарх Йосиф – /",Борово,Русе,6801,ПРО-1096/07.03.2024; 08-00-487/02.04.2024; 08-00-487(1)/12.04.2024; ПРО-1096(1)/25.04.2024,РД-02-30-939/04.06.2024,1331710.83,290809.85,1040900.98,
OP-24.001-1048,"Основен ремонт, реконструкция и смяна на предназначението от ""Работническа поликлиника"" на ""Център за резидентна грижа за лица в надтрудоспособна възраст без увреждания"", ""Общностен център за ранно детско развитие"", ""Домашен социален патронаж"" и гаражен комплекс към него в сгради с идентификатори 05611.1.1434.1, 05611.1.1434.2 и 05611.1.1434.3, находящи се в УПИ I-1434, кв. 36 по плана на гр. Борово, община Борово, с адрес: ул. ""Белите брези"" № 2. ЕТАП 2: Основен ремонт, реконструкция и смяна на предназначението от ""Работническа поликлиника"" на ""Домашен социален патронаж"" и гаражен комплекс към него в сгради с идентификатори 05611.1.1434.2 и 05611.1.1434.3, находящи се в УПИ I- 1434, кв. 36 по плана на гр. Борово, община Борово, с адрес: ул. ""Белите брези"" № 2",Борово,Русе,6801,ПРО-1196/19.03.2024,РД-02-30-760/26.04.2024; Анекс РД-02-30-760(1)/16.12.2024,1278229.70,269440.59,1008789.11,
OP-24.001-1049,"Инженеринг (проектиране, строителство и авторски надзор), включващ реконструкция и рехабилитация на улични водопроводи с разваляне и възстановяване на асфалтовата настилка в гр. Борово",Борово,Русе,6801,ПРО-703/01.02.2024; 08-00-487/02.04.2024; 08-00-487(1)/12.04.2024,РД-02-30-935/04.06.2024,776908.01,603323.56,173584.45,
OP-24.001-1050,"Енергийна ефективност на сграда на общинска администрация с ПИ 05611.1.516.1, намираща се в парцел I, кв. 31, град Борово, общ. Борово",Борово,Русе,6801,ПРО-668/30.01.2024,РД-02-30-733/25.04.2024,557308.15,0,557308.15,
OP-24.001-2085,"Инженеринг – изготвяне на инвестиционен проект, упражняване на авторски надзор и извършване на строително-ремонтни дейности на обект: ""Реконструкция и рехабилитация на улични водопроводи с разваляне и възстановяване на съществуваща настилка в с. Брестовица""",Борово,Русе,6801,ПРО-1473/10.05.2024,РД-02-30-1018/25.06.2024,1342141.19,1209256.43,132884.76,
OP-25.001-0545,"Открит басейн с обслужващи помещения и заведение за хранене и развлечение в УПИ I-1589, кв. 34а по плана на гр. Борово, община Борово",Борово,Русе,6801,,,0,0,,2884606.54
OP-24.001-1052,Реконструкция на участък от общински път RSE1003,Бяла,Русе,6802,ПРО-475/19.01.2024,РД-02-30-530/29.03.2024,2147425.90,452984.18,1694441.72,
OP-24.001-1053,Реконструкция на участък от общински път RSE1003,Бяла,Русе,6802,ПРО-476/19.01.2024,РД-02-30-541/29.03.2024,1471446.90,1459508.45,0,
OP-24.001-1054,"Реконструкция на водопроводна мрежа в село Босилковци, община Бяла, област Русе",Бяла,Русе,6802,ПРО-479/19.01.2024,РД-02-30-536/29.03.2024,613550.26,102155.72,511394.54,
OP-24.001-1055,Разширяване на съществуваща многофункционална спортна зала и изграждане на тренировъчна база в гр. Бяла,Бяла,Русе,6802,ПРО-1797/18.07.2024; ПРО-1797(1)/18.07.2024,РД-02-30-1344/04.09.2024,1881554.12,0,1881554.12,
OP-24.001-1056,"Реновиране на съществуващи и изграждане на нови подпорни стени, възстановяване на основи на мостови съоръжения, почистване и облагородяване на поречието на река Беленска, град Бяла, област Русе",Бяла,Русе,6802,ПРО-477/19.01.2024,РД-02-30-1345/04.09.2024; Анекс РД-02-30-1345(1)/13.12.2024,589417.28,530486.60,58957.19,
OP-24.001-1057,"Възстановяване проводимостта на речното корито на р. Шипа в границите на с. Дряновец, обл. Русе",Бяла,Русе,6802,ПРО-2609/10.01.2025,,0,0,494930.54,494930.54
OP-24.001-1058,"Реконструкция, паркоустройство и благоустройст-во на пл. ""Екзарх Йосиф I"" в гр. Бяла",Бяла,Русе,6802,ПРО-2608/09.01.2025 ПРО-2608(1)/19.08.2025,,0,0,864083.28,864083.28
OP-24.001-1059,Ремонт на административната сграда на Община Бяла в гр. Бяла с цел подобряване на енергийна ефективност и повишаване качеството на предлаганите административни услуги,Бяла,Русе,6802,ПРО-478/19.01.2024,РД-02-30-1019/25.06.2024,257691.11,49037.93,208653.18,
OP-25.001-0546,"Благоустрояване и обновяване на градски парк – част от УПИ XXVI в кв. 40 по плана на гр. Бяла, обл. Русе",Бяла,Русе,6802,,,0,0,,1271276.13
OP-25.001-0547,"Изграждане на нова паркова и къмпингова зона в ПИ 07603.910.884 в землището на гр. Бяла, общ. Бяла, обл. Русе",Бяла,Русе,6802,,,0,0,,2126769.71
OP-25.001-0548,Реконструкция на участък от общински път RSE2020,Бяла,Русе,6802,,,0,0,,1475588.37
OP-24.001-1060,"Рехабилитация и реконструкция на улица ""Съединение"" от км 0+000 до км 0+510,00 и от км 0+510,00 до км 1+530,00, град Ветово, община Ветово, област Русе",Ветово,Русе,6803,ПРО-773/07.02.2024,РД-02-30-754/26.04.2024; Анекс РД-02-30-754(1)/21.10.2024,2883328.31,2868173.63,0,
OP-24.001-1063,"Реконструкция и основен ремонт на съществуващо спортно игрище, находящо се в УПИ ІІ, кв. 44 по плана на град Сеново, община Ветово, област Русе",Ветово,Русе,6803,ПРО-774/07.02.24; ПРО-774/24.07.24; ПРО-774/5/29.07.24; ПРО-774/6/30.07.24; ПРО-774/10/27.08.24,РД-02-30-777/26.04.2024; Анекс РД-02-30-777(1)/21.10.2024,184167.34,172740.84,11426.50,
OP-24.001-2086,"Рехабилитация и реконструкция на улица ""Генерал Владимир Заимов"", гр. Глоджево, общ. Ветово",Ветово,Русе,6803,ПРО-771/07.02.2024 ПРО-1338/30.04.2024,РД-02-30-1574/21.10.2024,975340.39,954948.65,0,
OP-24.001-2087,"Рехабилитация и реконструкция на улица ""Иван Вазов"", град Ветово, община Ветово, област Русе",Ветово,Русе,6803,ПРО-772/07.02.2024 ПРО-1339/30.04.2024,РД-02-30-1576/21.10.2024,729409.00,713812.62,0,
OP-24.001-2088,"Рехабилитация и реконструкция на улица ""Георги Сава Раковски"" и част от улица ""Васил Друмев"", град Ветово, община Ветово, област Русе",Ветово,Русе,6803,ПРО-1340/30.04.2024,РД-02-30-1575/21.10.2024,239386.86,229385.89,0,
OP-25.001-0079,"Реконструкция и рехабилитация на общински път RSE 3053/RSE 2052 – Сеново – Цар Калоян/Кривня – жп гара Кривня/ – от път RSE 2052 до края на регулацията на с. Кривня, община Ветово, област Русе",Ветово,Русе,6803,ПРО-2703/27.05.2025,РД-02-30-354/20.10.2025,1139362.83,1013336.28,126026.55,
OP-25.001-0549,"Реконструкция и рехабилитация на ул. ""Драва"" и част от ул. ""Бачо Киро"", град Глоджево, община Ветово",Ветово,Русе,6803,ПРО-3110/23.12.2025,,0,0,2096296.71,
OP-25.001-0550,"Изграждане на нови тротоари по ул. ""Трети март"" и ул. ""Христо Ботев"" в гр. Сеново, община Ветово",Ветово,Русе,6803,ПРО-3109/23.12.2025,,0,0,262804.03,
OP-24.001-1064,"Обект 1: Подобект 1.1: ""Рехабилитация и/или реконструкция на участъци от общински път RSE 1082 /П.К. RSE 1005/ – Баниска/TGV1137, община Две могили – Участък 1: Общински път RSE 1082 от П.К. с път RSE 1005 до П.К. с път RSE 2006",Две могили,Русе,6804,ПРО-558/23.01.2024,РД-02-30-247/19.03.2024,1017726.49,1009466.06,8260.43,
OP-24.001-1065,"Реконструкция и/или рехабилитация на улици в гр. Две могили, община Две могили, област Русе"" – ул. ""Св. св. Кирил и Методий"" с обхват от бул. ""България"" (РП III- 501) до ул. ""Цар Освободител""",Две могили,Русе,6804,ПРО-615/29.01.2024,РД-02-30-587/01.04.2024,598364.89,114846.96,483517.93,
OP-24.001-1066,"Реконструкция и/или рехабилитация на улици в гр. Две могили, община Две могили, област Русе – ул. ""Филип Тотю"" с обхват от ул. ""Ст. Терзиев"" до ул. ""Св. св. Кирил и Методий""",Две могили,Русе,6804,ПРО-614/29.01.2024,РД-02-30-586/01.04.2024,353813.98,67300.45,286513.53,
OP-24.001-1067,"Реконструкция и/или рехабилитация на улици в гр. Две могили, община Две могили, област Русе – ул. ""Пловдив"" с обхват от бул. ""България"" до ул. ""Св. св. Кирил и Методий""",Две могили,Русе,6804,ПРО-619/29.01.2024,РД-02-30-584/01.04.2024,230030.22,43918.58,186111.64,
OP-24.001-1068,"Реконструкция и/или рехабилитация на улици в гр. Две могили, община Две могили, област Русе – ул. ""Стоян Терзиев"" с обхват от бул. ""България"" до ул. ""Филип Тотю""",Две могили,Русе,6804,ПРО-616/29.01.2024,РД-02-30-585/01.04.2024,188666.70,36080.96,152585.74,
OP-24.001-1069,"Реконструкция и/или рехабилитация на улици в гр. Две могили и село Батишница, община Две могили, област Русе – ул. ""Райна Княгиня""",Две могили,Русе,6804,ПРО-625/29.01.2024,РД-02-30-588/01.04.2024,179003.29,33744.46,145258.83,
OP-24.001-1070,"Ремонт на улица ""Ангел Кънчев"" в гр. Две могили, община Две могили, област Русе",Две могили,Русе,6804,ПРО-559/23.01.2024,РД-02-30-250/19.03.2024,160903.56,31018.77,129884.79,
OP-24.001-1071,"Реконструкция и/или рехабилитация на улици в гр. Две могили и село Батишница, община Две могили, област Русе – ул. ""Възраждане""",Две могили,Русе,6804,ПРО-642/29.01.2024,РД-02-30-802/26.04.2024,115347.45,22163.36,93184.09,
OP-24.001-1072,"Реконструкция и/или рехабилитация на улици в гр. Две могили и село Батишница, община Две могили, област Русе – ул. ""Стоян Терзиев"" – етап 2",Две могили,Русе,6804,ПРО-632/29.01.2024,РД-02-30-798/26.04.2024,114069.22,21435.46,92633.76,
OP-24.001-1073,"Реконструкция и/или рехабилитация на улици в гр. Две могили и село Батишница, община Две могили, област Русе – ул. ""Марин Дринов""",Две могили,Русе,6804,ПРО-622/29.01.2024,РД-02-30-793/26.04.2024,106502.10,20107.82,86394.28,
OP-24.001-1074,"Ремонт и/или реконструкция на улици в гр. Две могили, община Две могили, област Русе – ул. ""Васил Априлов""",Две могили,Русе,6804,ПРО-574/24.01.2024,РД-02-30-797/26.04.2024,83084.93,15735.00,67349.93,
OP-24.001-1075,"Реконструкция и/или рехабилитация на улици в гр. Две могили и село Батишница, община Две могили, област Русе – ул. ""Витоша""",Две могили,Русе,6804,ПРО-623/29.01.2024,РД-02-30-795/26.04.2024,67030.37,12715.98,54314.39,
OP-24.001-1076,"Реконструкция и/или рехабилитация на улици в гр. Две могили и село Батишница, община Две могили, област Русе – ул. ""Трети март""",Две могили,Русе,6804,ПРО-646/29.01.2024,РД-02-30-794/26.04.2024,61406.15,11766.06,49640.09,
OP-24.001-2089,"Реконструкция и/или рехабилитация на улици и тротоари и ремонт и/или изграждане на улично/парково осветление в гр. Две могили, община Две могили, област Русе",Две могили,Русе,6804,ПРО-1554/20.05.2024,РД-02-30-160/04.07.2025,896550.31,0,896550.31,
OP-24.001-2937,"Благоустрояване на тротоарно пространство и зелени площи пред сградата на Община Две могили в поземлен имот с идентификатор 20184.1.1033 и зелени площи в поземлени имоти с идентификатори 20184.1.2863, 20184.1.2621 по плана на гр. Две могили, община Две могили, област Русе",Две могили,Русе,6804,ПРО-2684/08.05.2025,,0,0,695152.44,
OP-25.001-0551,"Подмяна на водопровод по бул. ""България"" в гр. Две могили, община Две могили, обл. Русе",Две могили,Русе,6804,ПРО-3082/10.12.2025,,0,0,415578.04,
OP-25.001-0552,"Реконструкция на улици в община Две могили, област Русе – Обект 2: Реконструкция на улици в с. Каран Върбовка, Подобект 2.1: Реконструкция на ул. ""Вела Пискова""",Две могили,Русе,6804,ПРО-2987/13.10.2025,,0,0,170055.68,
OP-25.001-0553,"Изграждане на ул. ""Рила"" в село Кацелово, община Две могили, обл. Русе",Две могили,Русе,6804,ПРО-3052/18.11.2025,,0,0,588701.47,
OP-25.001-0554,"Ремонт и/или реконструкция на улици в община Две могили, област Русе, Подобект № 10: Ремонт и/или реконструкция на участък от ул. ""Камбурка"" в с. Кацелово, община Две могили, област Русе",Две могили,Русе,6804,ПРО-3017/28.10.2025,,0,0,804568.90,
OP-25.001-0555,"Реконструкция на улици в община Две могили, област Русе – Обект 1: Реконструкция на улици в с. Широково, Подобект 1.1: Реконструкция на ул. ""Никола Вапцаров"" и Подобект 1.2: Реконструкция на ул. ""Широки брод""",Две могили,Русе,6804,ПРО-2986/13.10.2025,,0,0,548207.16,
OP-25.001-0556,"Изграждане на пътнически асансьор за Обществена сграда ""Д-р Ангел Брайков"" – медицински център и център за обществена подкрепа – гр. Две могили",Две могили,Русе,6804,,,0,0,,186161.37
OP-25.001-0557,"Изграждане на парк в поземлен имот с идентификационен номер 20184.1.2705 по КККР на гр. Две могили, община Две Могили, област Русе и алея в поземлен имот с идентификатор 20184.1.2706 по КККР на гр. Две Могили, община Две Могили, област Русе",Две могили,Русе,6804,ПРО-2989/13.10.2025,,0,0,375390.50,
OP-25.001-0558,"Благоустрояване на гробищен парк, изграждане на параклис, урнова стена и навес в гр. Две могили",Две могили,Русе,6804,ПРО-3018/28.10.2025,,0,0,3020201.14,
OP-25.001-0559,"Проект ""Изграждане на съоръжения, укрепване и облицовка на корито на дере, минаващо през с. Широково, община Две могили""",Две могили,Русе,6804,,,0,0,,941901.90
OP-25.001-0560,"Ремонт и рехабилитация на ул. ""Ал. Стамболийски"" от ОТ 108, през ОТ 109, ОТ 35, 36, 37, 38, 40, 41 до ОТ 43 ул. ""Георги Димитров"" в с. Чилнов, община Две могили",Две могили,Русе,6804,ПРО-3004/23.10.2025,,0,0,192399.13,
OP-25.001-0561,"Ремонт и рехабилитация на ул. ""Баба Тонка"" и стълби в с. Чилнов, община Две могили",Две могили,Русе,6804,ПРО-3006/23.10.2025,,0,0,89169.30,
OP-25.001-0562,"Ремонт и рехабилитация на ул. ""Пеньо Пенев"" от ОТ 38, през ОТ 32А, ОТ 32 до ОТ 31 в с. Чилнов, община Две могили",Две могили,Русе,6804,ПРО-3005/23.10.2025,,0,0,142497.05,
OP-25.001-0563,"Ремонт и рехабилитация на ул. ""Димчо Дебелянов"", с. Помен, община Две могили",Две могили,Русе,6804,,,0,0,,211010.16
OP-25.001-0564,"Ремонт и рехабилитация на ул. ""Филип Тотю"" с. Бъзовец, община Две могили",Две могили,Русе,6804,ПРО-3003/23.10.2025,,0,0,334947.31,
OP-25.001-0565,"Ремонт и рехабилитация на ул. ""Централна"" с. Баниска, община Две могили – от п.к. с ул. ""Баниски Лом"" до п. к. с ул. ""Хан Аспарух"", ул. ""Ал. Стамболийски""",Две могили,Русе,6804,ПРО-3007/23.10.2025,,0,0,251504.48,
OP-25.001-0566,"Реконструкция, модернизация и обновяване на част от сграда – читалище, находящо се в УПИ I-236 на село Каран Върбовка, община Две могили, обл. Русе",Две могили,Русе,6804,ПРО-3009/23.10.2025,,0,0,120920.53,
OP-25.001-0567,"Ремонт и реконструкция на градски пазар, находящ се в УПИ II – за обществено обслужване, кв. 149, (ПИ 20184.1.2141), гр. Две могили, общ. Две могили",Две могили,Русе,6804,ПРО-3008/23.10.2025,,0,0,2375308.69,
OP-24.001-1077,"Реконструкция и рехабилитация на съществуващи водопроводи в с. Щръклево, общ. Иваново – трета финална част",Иваново,Русе,6805,ПРО-132/10.01.2024,РД-02-30-269/19.03.2024; Анекс РД-02-30-269(1)/18.12.2024,1604945.22,1593955.14,0,
OP-24.001-1078,"Реконструкция и рехабилитация на участък от 3.800 км на общински път RSE 2107/II-52, Пиргово – Мечка/Иваново/III-501 от км 5+300 до км 9+100",Иваново,Русе,6805,ПРО-131/10.01.2024,РД-02-30-17/20.02.2024; Анекс РД-02-30-17(1)/18.12.2024,1870459.09,1870459.09,0,
OP-24.001-1079,"Реконструкция и рехабилитация на общински път RSE 1101/III-202, Русе – Щръклево/Красен/III-501/ от км 5+500 до км 8+800",Иваново,Русе,6805,ПРО-129/10.01.2024,РД-02-30-5/20.02.2024; Анекс РД-02-30-5(1)/13.12.2024,1282882.46,1282870.97,11.49,
OP-24.001-2528,"Изработване на инвестиционен проект във фаза ""техническа"" на транспортна техническа инфраструктура на обект: ""Реконструкция и рехабилитация на общински път RSE 2107/II-52, Пиргово – Мечка/ – Иваново III-501/ на територията на община Иваново от кръстовището с I- 5 до кръстовището с II-52/км 0+000 до км 5+059.62""",Иваново,Русе,6805,ПРО-2006/02.09.2024,РД-02-30-1930/17.12.2024,61099.38,30548.95,30550.43,
OP-24.001-2529,"Изработване на инвестиционен проект във фаза ""техническа"" за транспортна техническа инфраструктура за обект ""Ремонт на ул. ""Баба Тонка"" от о.т. 50 до о.т. 161, с. Червен, общ. Иваново, обл. Русе""",Иваново,Русе,6805,ПРО-2027/02.09.2024,РД-02-30-1929/17.12.2024,22650.23,0,22650.23,
OP-24.001-2530,"Изработване на инвестиционен проект във фаза ""техническа"" за транспортна техническа инфраструктура за обект ""Ремонт на ул. ""Стефан Караджа"" от о.т. 69 до о.т. 107 и от о.т. 115 до о.т. 155, с. Червен, общ. Иваново, обл. Русе""",Иваново,Русе,6805,ПРО-2032/02.09.2024,РД-02-30-80/19.06.2025,15492.14,0,15492.14,
OP-24.001-2531,"Изработване на инвестиционен проект във фаза ""техническа"" за транспортна техническа инфраструктура за обект ""Ремонт на ул. ""Младост"" от о.т. 184 до о.т. 50, с. Щръклево, общ. Иваново, обл. Русе""",Иваново,Русе,6805,ПРО-2033/02.09.2024,РД-02-30-77/19.06.2025,12219.88,0,12219.88,
OP-24.001-2532,"Изработване на инвестиционен проект във фаза ""техническа"" за транспортна техническа инфраструктура за обект ""Ремонт на ул. ""Васил Левски"" от о.т. 121 – площад пред кметството до о.т. 3, с. Табачка, общ. Иваново, обл. Русе",Иваново,Русе,6805,ПРО-2035/02.09.2024,РД-02-30-86/19.06.2025,11043.90,0,11043.90,
OP-24.001-2533,"Изработване на инвестиционен проект във фаза ""техническа"" за транспортна техническа инфраструктура за обект ""Ремонт на ул. ""Гоце Делчев"" от о.т. 157 до о.т. 166 и от о.т. 157 до о.т. 153, с. Табачка, общ. Иваново, обл. Русе""",Иваново,Русе,6805,ПРО-2036/02.09.2024,РД-02-30-89/19.06.2025,10328.10,0,10328.10,
OP-24.001-2534,"Изработване на инвестиционен проект във фаза ""техническа"" за транспортна техническа инфраструктура за обект ""Ремонт на ул. ""Капитан Райчо Николов"" от о.т. 195 до о.т. 279, с. Пиргово, общ. Иваново, обл. Русе""",Иваново,Русе,6805,ПРО-2037/02.09.2024,РД-02-30-83/19.06.2025,9049.87,0,9049.87,
OP-24.001-2535,"Изработване на инвестиционен проект във фаза ""техническа"" за транспортна техническа инфраструктура за обект ""Ремонт на ул. ""Стефан Караджа"" от о.т. 163 до о.т. 182 и продължение, с. Нисово, общ. Иваново, обл. Русе""",Иваново,Русе,6805,ПРО-2039/02.09.2024,РД-02-30-75/19.06.2025,9049.87,0,9049.87,
OP-24.001-2536,"Изработване на инвестиционен проект във фаза ""техническа"" за транспортна техническа инфраструктура за обект ""Ремонт на ул. ""Рила"" от о.т. 96 до о.т. 153, с. Мечка, общ. Иваново, обл. Русе""",Иваново,Русе,6805,ПРО-2040/02.09.2024,РД-02-30-237/21.07.2025,8947.61,0,8947.61,
OP-24.001-2537,"Изработване на инвестиционен проект във фаза ""техническа"" за транспортна техническа инфраструктура за обект ""Ремонт на ул. ""Царевец"" от о.т. 51 до о.т. 87, с. Пиргово, общ. Иваново, обл. Русе""",Иваново,Русе,6805,ПРО-2042/02.09.2024,РД-02-30-235/21.07.2025,8896.48,0,8896.48,
OP-24.001-2538,"Изработване на инвестиционен проект във фаза ""техническа"" за транспортна техническа инфраструктура за обект ""Ремонт на ул. ""Шести септември"" от о.т. 3 до о.т. 65, с. Тръстеник, общ. Иваново, обл. Русе""",Иваново,Русе,6805,ПРО-2021/02.09.2024 ПРО-2044/02.09.2024,РД-02-30-1926/17.12.2024,8743.09,8743.07,0,
OP-24.001-2539,"Изработване на инвестиционен проект във фаза ""техническа"" за транспортна техническа инфраструктура за обект ""Ремонт на ул. ""Възраждане"" от о.т. 250 до о.т. 257, с. Тръстеник, общ. Иваново, обл. Русе""",Иваново,Русе,6805,ПРО-2045/02.09.2024,РД-02-30-246/21.07.2025,8385.19,0,8385.19,
OP-24.001-2540,"Изработване на инвестиционен проект във фаза ""техническа"" за транспортна техническа инфраструктура за обект ""Ремонт на ул. ""Стара планина"" от о.т. 30 до о.т. 36 и от о.т. 36 до о.т. 53, с. Красен, общ. Иваново, обл. Русе""",Иваново,Русе,6805,ПРО-2022/02.09.2024 ПРО-2048/02.09.2024,РД-02-30-1883/13.12.2024,8231.80,8231.78,0,
OP-24.001-2541,"Изработване на инвестиционен проект във фаза ""техническа"" за транспортна техническа инфраструктура за обект ""Ремонт на ул. ""Хаджи Димитър"" от о.т. 164 до о.т. 49, с. Нисово, общ. Иваново, обл. Русе""",Иваново,Русе,6805,ПРО-2047/02.09.2024,РД-02-30-243/21.07.2025,8180.67,0,8180.67,
OP-24.001-2542,"Изработване на инвестиционен проект във фаза ""техническа"" за транспортна техническа инфраструктура за обект ""Ремонт на ул. ""Лом"" о.т. 50 до о.т. 164, с. Щръклево, общ. Иваново, обл. Русе""",Иваново,Русе,6805,ПРО-2056/02.09.2024,РД-02-30-240/21.07.2025,8129.54,0,8129.54,
OP-24.001-2543,"Изработване на инвестиционен проект във фаза ""техническа"" за транспортна техническа инфраструктура за обект ""Ремонт на ул. ""Тодор Маринов"" от о.т. 154 до о.т. 203, с. Кошов, общ. Иваново, обл. Русе""",Иваново,Русе,6805,ПРО-2049/02.09.2024,РД-02-30-239/21.07.2025,8129.54,0,8129.54,
OP-24.001-2544,"Изработване на инвестиционен проект във фаза ""техническа"" за транспортна техническа инфраструктура за обект ""Ремонт на ул. ""Вит"" от о.т. 11 до о.т. 46, с. Божичен, общ. Иваново, обл. Русе""",Иваново,Русе,6805,ПРО-2059/02.09.2024,РД-02-30-241/21.07.2025,7873.89,0,7873.89,
OP-24.001-2545,"Изработване на инвестиционен проект във фаза ""техническа"" за транспортна техническа инфраструктура за обект ""Ремонт на ул. ""Братя Миладинови"" от о.т. 158 до о.т. 153, с. Пиргово, общ. Иваново, обл. Русе""",Иваново,Русе,6805,ПРО-2023/02.09.2024,РД-02-30-1928/17.12.2024,7158.09,7158.08,0,
OP-24.001-2546,"Изработване на инвестиционен проект във фаза ""техническа"" за транспортна техническа инфраструктура за обект ""Ремонт на ул. ""Патриарх Евтимий"" от о.т. 124 до о.т. 119, с. Тръстеник, общ. Иваново, обл. Русе""",Иваново,Русе,6805,ПРО-2046/02.09.2024,РД-02-30-242/21.07.2025,7055.83,0,7055.83,
OP-24.001-2547,"Изработване на инвестиционен проект във фаза ""техническа"" за транспортна техническа инфраструктура за обект ""Ремонт на ул. ""Мизия"" от о.т. 52А – площад – до о.т. 63, с. Церовец, общ. Иваново, обл. Русе""",Иваново,Русе,6805,ПРО-2043/02.09.2024,РД-02-30-245/21.07.2025,6749.05,6748.98,0,
OP-24.001-2548,"Изработване на инвестиционен проект във фаза ""техническа"" за транспортна техническа инфраструктура за обект ""Ремонт на ул. ""Цар Иван Асен"" от о.т. 64 до о.т. 160/156, с. Кошов, общ. Иваново, обл. Русе""",Иваново,Русе,6805,ПРО-2041/02.09.2024,РД-02-30-238/21.07.2025,6595.67,0,6595.67,
OP-24.001-2549,"Изработване на инвестиционен проект във фаза ""техническа"" за транспортна техническа инфраструктура за обект ""Ремонт на ул. ""Мадара"" от о.т. 136 до о.т. 130, с. Божичен, общ. Иваново, обл. Русе""",Иваново,Русе,6805,ПРО-2038/02.09.2024,РД-02-30-236/21.07.2025,5879.86,0,5879.86,
OP-24.001-2551,"Изработване на инвестиционен проект във фаза ""техническа"" за транспортна техническа инфраструктура за обект ""Ремонт на ул. ""Камчия"" от о.т. 9 до о.т. 50, с. Церовец, общ. Иваново, обл. Русе""",Иваново,Русе,6805,ПРО-2029/02.09.2024,РД-02-30-233/21.07.2025,5726.47,0,5726.47,
OP-24.001-2552,"Изработване на инвестиционен проект във фаза ""техническа"" за транспортна техническа инфраструктура за обект ""Ремонт на ул. ""Искър"" от о.т. 64 до о.т. 58/59, с. Мечка, общ. Иваново, обл. Русе""",Иваново,Русе,6805,ПРО-2011/02.09.2024,РД-02-30-1932/17.12.2024,5573.08,5572.92,0.16,
OP-24.001-2553,"Изработване на инвестиционен проект във фаза ""техническа"" за транспортна техническа инфраструктура за обект ""Ремонт на ул. ""Иван Вазов"" от о.т. 94 до о.т. 111, с. Мечка, общ. Иваново, обл. Русе""",Иваново,Русе,6805,ПРО-2030/02.09.2024,,0,0,5521.95,
OP-24.001-2554,"Изработване на инвестиционен проект във фаза ""техническа"" за транспортна техническа инфраструктура за обект ""Ремонт на ул. ""Цар Самуил"" от о.т. 127 до о.т. 193, с. Пиргово, общ. Иваново, обл. Русе""",Иваново,Русе,6805,ПРО-2034/02.09.2024,РД-02-30-244/21.07.2025,5164.05,0,5164.05,
OP-24.001-2555,"Изработване на инвестиционен проект във фаза ""техническа"" за транспортна техническа инфраструктура за обект ""Ремонт на ул. ""Васил Левски"" от о.т. 90 до о.т. 64, с. Пиргово, общ. Иваново, обл. Русе""",Иваново,Русе,6805,ПРО-2031/02.09.2024,РД-02-30-234/21.07.2025,4755.01,0,4755.01,
OP-24.001-2556,"Изработване на инвестиционен проект във фаза ""техническа"" за транспортна техническа инфраструктура за обект ""Ремонт на ул. ""Балкан"" от о.т. 37 до о.т. 49 и от о.т. 49 до о.т. 48, с. Красен, общ. Иваново, обл. Русе""",Иваново,Русе,6805,ПРО-2028/02.09.2024,РД-02-30-1815/12.12.2024,4755.01,4755.00,0,
OP-24.001-2557,"Изработване на инвестиционен проект във фаза ""техническа"" за транспортна техническа инфраструктура за обект "" Ремонт на ул. ""Христо Смирненски"" от о.т. 57 до о.т. 61, с. Щръклево, общ. Иваново, обл. Русе""",Иваново,Русе,6805,ПРО-2010/02.09.2024,РД-02-30-1814/12.12.2024,4090.34,4090.30,0,
OP-24.001-2558,"Изработване на инвестиционен проект във фаза ""техническа"" за транспортна техническа инфраструктура за обект ""Ремонт на ул. ""Розова долина"" от о.т. 203 до о.т. 216, с. Щръклево, общ. Иваново, обл. Русе""",Иваново,Русе,6805,ПРО-2009/02.09.2024,РД-02-30-1880/13.12.2024,4090.34,4090.28,0,
OP-24.001-2559,"Изработване на инвестиционен проект във фаза ""техническа"" за транспортна техническа инфраструктура за обект ""Ремонт на улица към гробището от о.т. 85 до о.т. 124, с. Кошов, общ. Иваново, обл. Русе""",Иваново,Русе,6805,ПРО-2007/02.09.2024,РД-02-30-1879/13.12.2024,4039.21,0,4039.21,
OP-24.001-2560,"Изработване на инвестиционен проект във фаза ""техническа"" за транспортна техническа инфраструктура за обект ""Ремонт на ул. ""Баба Тонка"" от о.т. 88 до о.т. 81, с. Иваново, общ. Иваново, обл. Русе""",Иваново,Русе,6805,ПРО-2026/02.09.2024,РД-02-30-1882/13.12.2024,4039.21,4039.19,0,
OP-24.001-2561,"Изработване на инвестиционен проект във фаза ""техническа"" за транспортна техническа инфраструктура за обект ""Ремонт на ул. ""Чавдар"" от о.т. 36 до о.т. 37, с. Иваново, общ. Иваново, обл. Русе""",Иваново,Русе,6805,ПРО-2012/02.09.2024,РД-02-30-1816/12.12.2024,3885.82,0,3885.82,
OP-24.001-2562,"Изработване на инвестиционен проект във фаза ""техническа"" за транспортна техническа инфраструктура за обект ""Ремонт на ул. ""Йордан Йовков"" от о.т. 87 до о.т. 97, с. Иваново, общ. Иваново, обл. Русе""",Иваново,Русе,6805,ПРО-2005/02.09.2024,РД-02-30-1621/22.10.2024,3170.01,3157.03,0,
OP-24.001-2563,"Изработване на инвестиционен проект във фаза ""техническа"" за транспортна техническа инфраструктура за обект ""Ремонт на ул. ""Розова долина"" от о.т. 50 до о.т. 52, с. Красен, общ. Иваново, обл. Русе""",Иваново,Русе,6805,ПРО-2025/02.09.2024,РД-02-30-1878/13.12.2024,3170.01,0,3170.01,
OP-24.001-2564,"Изработване на инвестиционен проект във фаза ""техническа"" за транспортна техническа инфраструктура за обект ""Ремонт на ул. ""Гео Милев"" от о.т. 260 до о.т. 268, с. Щръклево, общ. Иваново, обл. Русе""",Иваново,Русе,6805,ПРО-2024/02.09.2024,РД-02-30-1927/17.12.2024,2863.23,0,2863.23,
OP-24.001-2565,"Изработване на инвестиционен проект във фаза ""техническа"" за транспортна техническа инфраструктура за обект ""Ремонт на ул. ""Цар Самуил"" от о.т. 29 до о.т. 38, с. Червен, общ. Иваново, обл. Русе""",Иваново,Русе,6805,ПРО-2020/02.09.2024,РД-02-30-1931/17.12.2024,2863.23,0,2863.23,
OP-24.001-2566,"Изработване на инвестиционен проект във фаза ""техническа"" за транспортна техническа инфраструктура за обект ""Ремонт на ул. ""Юндола"" от о.т. 43 до кръстовище с ул. ""Руси Дамянов"", с. Сваленик, общ. Иваново, обл. Русе""",Иваново,Русе,6805,ПРО-2013/02.09.2024,РД-02-30-1874/13.12.2024,2709.85,0,2709.85,
OP-24.001-2567,"Изработване на инвестиционен проект във фаза ""техническа"" за транспортна техническа инфраструктура за обект ""Ремонт на ул. ""Панайот Хитов"" от о.т. 55 до о.т. 58, с. Иваново, общ. Иваново, обл. Русе""",Иваново,Русе,6805,ПРО-2015/02.09.2024,РД-02-30-1881/13.12.2024,2147.43,0,2147.43,
OP-24.001-2568,"Изработване на инвестиционен проект във фаза ""техническа"" за транспортна техническа инфраструктура за обект ""Ремонт на пл. ""Демокрация"" между о.т. 49, о.т. 32 и о.т. 33, с. Сваленик, общ. Иваново, обл. Русе""",Иваново,Русе,6805,ПРО-2014/02.09.2024,РД-02-30-1875/13.12.2024,2147.43,0,2147.43,
OP-24.001-2569,"Изработване на инвестиционен проект във фаза ""техническа"" за транспортна техническа инфраструктура за обект ""Ремонт на ул. ""Димчо Дебелянов"" от о.т. 245 до о.т. 201, с. Пиргово, общ. Иваново, обл. Русе""",Иваново,Русе,6805,ПРО-2017/02.09.2024,РД-02-30-1813/12.12.2024,1738.39,0,1738.39,
OP-24.001-2570,"Изработване на инвестиционен проект във фаза ""техническа"" за транспортна техническа инфраструктура за обект ""Ремонт на ул. ""Никола Вапцаров"" от о.т. 44 до о.т. 53, с. Иваново, общ. Иваново, обл. Русе""",Иваново,Русе,6805,ПРО-2016/02.09.2024,РД-02-30-1825/13.12.2024,1585.00,0,1585.00,
OP-24.001-2571,"Изработване на инвестиционен проект във фаза ""техническа"" за транспортна техническа инфраструктура за обект ""Ремонт на ул. ""Младежка"" от о.т. 58 до о.т. 58А, с. Иваново, общ. Иваново, обл. Русе""",Иваново,Русе,6805,ПРО-2019/02.09.2024,РД-02-30-1877/13.12.2024,1431.62,0,1431.62,
OP-24.001-2572,"Изработване на инвестиционен проект във фаза ""техническа"" за транспортна техническа инфраструктура за обект ""Ремонт на ул. ""Людмил Стоянов"" от о.т. 215 до о.т. 211, с. Щръклево, общ. Иваново, обл. Русе""",Иваново,Русе,6805,ПРО-2018/02.09.2024,РД-02-30-1828/13.12.2024,1278.23,0,1278.23,
OP-25.001-0568,"Реконструкция и рехабилитация на общински път RSE 2100 /I-2, Русе – Писанец/ Щръклево – RSE 1108/ от км 0+000 до км 4+000, община Иваново, област Русе",Иваново,Русе,6805,,,0,0,,2419330.92
OP-25.001-0569,"Реконструкция на компрометирани участъци от водопроводна мрежа в с. Сваленик, община Иваново, област Русе – ЕТАП IБ",Иваново,Русе,6805,ПРО-3086/11.12.2025,,0,0,1735069.00,
OP-24.001-1084,"Инженеринг ""Водопровод в гр. Русе, от к. 157 до ул. ""Зора"", кв. ""Средна кула""",Русе,Русе,6806,ПРО-1983/26.08.2024,РД-02-30-1623/22.10.2024,894760.79,0,894760.79,
OP-24.001-1088,"Изграждане на ул. ""Слатинска"" от о.т. 9482 (км 1+040) до Помпена станция Дунарит о.т. 9485 (км 2+400) в Индустриален парк – Русе, гр. Русе",Русе,Русе,6806,,,0,0,,545395.05
OP-24.001-2091,Рехабилитация на общински път RSE1130 /I-2/ Русе – Николово – граница общ. (Русе – Сливо поле) – Юделник – Борисово /III – 2102/ в участък от км 0+350 до км 6+020,Русе,Русе,6806,ПРО-1760/01.07.2024,РД-02-30-1454/24.09.2024,5577171.84,0,5577171.84,
OP-24.001-2092,"Инженеринг на ""ПСОВ"" и ""Канализация"" с. Николово, община Русе, ЕТАП 1, Главен клон 1, водопровод, КПС, СКО и СВО",Русе,Русе,6806,ПРО-1982/26.08.2024,РД-02-30-1679/20.11.2024,11391327.46,0,11391327.46,
OP-24.001-2093,"Актуализация на проекти за ""ПСОВ"" и ""Канализация"" на с. Басарбово, община Русе",Русе,Русе,6806,ПРО-2505/18.11.2024,РД-02-30-38/16.06.2025,149143.84,0,149143.84,
OP-24.001-2094,"Актуализация на проект ""Благоустрояване на крайбрежната ивица северно от Парка на младежта и обособяването й като зона за обществен отдих, от ул. ""Мостова"" до Зимовника на ИАПП на р. Дунав"", гр. Русе – със 7 етапа",Русе,Русе,6806,ПРО-2599/18.12.2024,РД-02-30-225/21.07.2025,73626.03,0,73626.03,
OP-24.001-2095,"СМР ""Изграждане на Дневен център за стари хора с ажурна ограда по регулационните линии на УПИ III""",Русе,Русе,6806,ПРО-2468/06.11.2024,РД-02-30-228/21.07.2025,1476099.66,241750.21,1234349.45,
OP-24.001-2096,"Актуализация на проект: ""Ремонт на възрожденско читалище ""Зора 1866"", в т.ч. въвеждане на мерки за енергийна ефективност""",Русе,Русе,6806,ПРО-2506/18.11.2024,РД-02-30-280/31.07.2025,15696.66,0,15696.66,
OP-24.001-2097,"Изпълнение на СМР ""Изграждане на нова детска ясла, външни ВиК отклонения, ел. захранване и ограда""",Русе,Русе,6806,ПРО-2302/11.10.2024,РД-02-30-26/16.06.2025,2035555.24,394318.91,1641236.33,
OP-24.001-2098,"Инженеринг ""Основен ремонт на читалище ""Васил Левски"", в т. ч. въвеждане на мерки за енергийна ефективност и ограда""",Русе,Русе,6806,ПРО-1980/26.08.2024,РД-02-30-1553/21.10.2024,657623.62,15645.53,641978.09,
OP-24.001-2099,"Инженеринг ""Водопровод по бул. ""Гоце Делчев"" от ул. ""Генерал Котузов"" до паметник ""Русофили""",Русе,Русе,6806,ПРО-1984/26.08.2024,РД-02-30-1655/20.11.2024,511291.88,266517.00,244774.88,
OP-24.001-2100,"СМР ""Благоустрояване на общински терен в кв. 205, ПИ 63427.2.2136 – за жилищно строителство, заключен между ул. Цариград, механа Русе, гаражи, бл. Мургаш и бл. Георги Димитров, гр. Русе""",Русе,Русе,6806,ПРО-1788/09.07.2024,РД-02-30-1453/24.09.2024,155944.02,0,155944.02,
OP-24.001-2573,"Изграждане на Медицински център към СБАЛПФЗ ""Д-р Граматиков"" ЕООД Русе"" в УПИ VI-5105 ""за здравеопазване"" в кв. 919 по плана на гр. Русе",Русе,Русе,6806,ПРО-1981/26.08.2024,,0,0,485778.42,
OP-24.001-2939,"Рехабилитация и реконструкция на път RSE2132 – I-2, Русе – п.к. Ново село – Русе, кв. Средна кула – /III-501/",Русе,Русе,6806,ПРО-2404/29.10.2024,,0,0,3272268.04,
OP-24.001-2940,"Изграждане на локално пътно платно на бул. ""Липник"" от ул. ""Стоян Заимов"" до кръгово кръстовище при КАТ, гр. Русе",Русе,Русе,6806,ПРО-2401/29.10.2024,,0,0,2147425.90,
OP-24.001-2941,"Реконструкция на ул. ""Потсдам"" и свързването й с пътен възел бул. ""България"" – бул. ""Липник"" от кръговото кръстовище на ул. ""Тулча"" до кръговото кръстовище до КАТ, етап 4 ""Участък от о.т. 146 до кръгово кръстовище при бул. ""Липник""",Русе,Русе,6806,ПРО-2424/30.10.2024,РД-02-30-221/21.07.2025,3121436.93,0,3121436.93,
OP-24.001-2942,"Инженеринг ""Строително-ремонтни дейности и благоустрояване на гребна база за академично гребане в с. Николово, община Русе""",Русе,Русе,6806,ПРО-2399/29.10.2024,РД-02-30-39/16.06.2025,1312384.00,0,1312384.00,
OP-24.001-2943,"Изграждане на тротоари и зони за паркиране по ул. ""Братислава"" и ул. ""Рига"" – етап 1 и етап 2",Русе,Русе,6806,ПРО-2402/29.10.2024,,0,0,265053.71,
OP-24.001-2944,"Изграждане на зони за паркиране по ул. ""Киев"" от кръстовището с ул. ""Братислава"" до входа на паркинга на бл. ""Маестро Атанасов""",Русе,Русе,6806,ПРО-2403/29.10.2024,РД-02-30-223/21.07.2025,96071.74,0,96071.74,
OP-25.001-0570,"Реконструкция на вътрешната водопроводна мрежа на с. Долно Абланово, Реконструкция и рехабилитация на ул. ""Александър Стамболийски"", ул. ""Христо Ботев"" и ул. ""Васил Коларов"" – 10 км",Русе,Русе,6806,ПРО-3113/29.12.2025,РД-02-30-504/30.12.2025,4295209.71,0,4295209.71,
OP-25.001-0571,"Рехабилитация на път с. Николово – с. Долно Абланово, с дължина 3600 м",Русе,Русе,6806,ПРО-3118/29.12.2025,РД-02-30-503/30.12.2025,3319409.15,0,3319409.15,
OP-25.001-0572,Инженеринг – Водопровод с. Просена – Етап I – 7600 м,Русе,Русе,6806,ПРО-3117/29.12.2025,РД-02-30-506/30.12.2025,3209941.56,0,3209941.56,
OP-25.001-0573,"Реконструкция на ул. ""Христо Македонски""",Русе,Русе,6806,,,0,0,,3141377.32
OP-25.001-0574,Инженеринг рехабилитация с. Долно Абланово – с. Ново село,Русе,Русе,6806,ПРО-3116/29.12.2025,РД-02-30-508/30.12.2025,3141377.32,0,3141377.32,
OP-25.001-0575,"Инженеринг основен ремонт Паркинг Арена ""Русе""",Русе,Русе,6806,,,0,0,,3016622.10
OP-25.001-0576,"Изпълнение на мерки за енергийна ефективност на Спортна зала ""Дунав"", ул. ""Околчица"" №6",Русе,Русе,6806,,,0,0,,2556459.41
OP-25.001-0577,"Изпълнение на мерки за енергийна ефективност и ремонт на Спортен комплекс ""Ялта"", гр. Русе, ул. ""Драма"" №13",Русе,Русе,6806,,,0,0,,2097319.30
OP-25.001-0578,Рехабилитация на път – отклонение за Дунарит,Русе,Русе,6806,,,0,0,,1558162.01
OP-25.001-0579,"Изпълнение на мерки за енергийна ефективност на Спортен комплекс ""Локомотив"", Зала ""Акробатика и гимнастика, ул. ""Цветница"" № 6",Русе,Русе,6806,,,0,0,,1380488.08
OP-25.001-0580,"Реконструкция на ул. ""Видин"", вкл. улично-алейна растителност",Русе,Русе,6806,,,0,0,,1327876.14
OP-25.001-0581,"Прилагане на мерки за енергийна ефективност на Административна сграда, намираща се в гр. Русе, ул. ""Олимпи Панов"" № 6",Русе,Русе,6806,,,0,0,,1626930.77
OP-25.001-0582,"Реконструкция на ул. ""Драгажен флот""",Русе,Русе,6806,,,0,0,,1140385.41
OP-25.001-0583,"Проектиране на канализационна мрежа, подмяна на същ. водопроводна мрежа и ПСОВ в гр. Мартен",Русе,Русе,6806,ПРО-3114/29.12.2025,РД-02-30-507/30.12.2025,399830.25,0,399830.25,
OP-25.001-0584,"Проектиране на спортна зала за лека атлетика, гр. Русе",Русе,Русе,6806,,,0,0,,306775.13
OP-25.001-0585,"Благоустрояване на бл. ""Асен"", бл. ""Петър"" и бл. ""Калоян"", кв. ""Изток"", гр. Русе (междублоково пространство)",Русе,Русе,6806,,,0,0,,729102.22
OP-24.001-1097,"Рехабилитация на общински пътища на територията на община Сливо поле по обособени позиции, обособена позиция 3: ПЪТ RSE-2170 /III-2102, Борисово – Юпер/ Черешово – Граница община Сливо поле – Кубрат/ – Сеслав /II-23/",Сливо поле,Русе,6807,ПРО-404/18.01.2024,,0,0,1727246.23,
OP-24.001-1098,"Рехабилитация на общински пътища на територията на община Сливо поле по обособени позиции, обособена позиция 1: ПЪТ RSE-3187 /RSE-1173/ Малко Враново – Голямо Враново/Голямо Враново-/II-21",Сливо поле,Русе,6807,ПРО-403/18.01.2024,РД-02-30-476/28.03.2024,1624476.56,1553534.30,0,
OP-24.001-1099,"Рехабилитация на общински пътища на територията на община Сливо поле по обособени позиции, обособена позиция 2: ПЪТ RSE-3196 /II-21/ Русе – Бръшлен/ Сливо поле – Гробищен парк",Сливо поле,Русе,6807,ПРО-405/18.01.2024,РД-02-30-477/28.03.2024,512928.02,507573.53,5354.49,
OP-24.001-2102,"Оразмеряване и възстановяване на главно дере по ул. ""Хр. Смирненски"" в с. Кошарна, община Сливо поле, област Русе",Сливо поле,Русе,6807,ПРО-2134/12.09.2024,РД-02-30-1919/16.12.2024,303042.70,59154.83,243887.87,
OP-24.001-2103,"Проектиране на основен ремонт на административна сграда, Сливо поле",Сливо поле,Русе,6807,ПРО-2129/11.09.2024,РД-02-30-1918/16.12.2024,32467.03,0,32467.03,
OP-24.001-2104,Проектиране на канализация и ПСОВ агломерация Сливо поле,Сливо поле,Русе,6807,ПРО-2130/11.09.2024,,0,0,296958.32,
OP-24.001-2574,"Рехабилитация на ул. ""Възраждане"" от о.т. 7 (пт 1) до о.т. 129 (пт 157) по регулационния план на с. Юделник, община Сливо поле",Сливо поле,Русе,6807,ПРО-2133/12.09.2024,РД-02-30-1622/22.10.2024,616004.46,592916.51,0,
OP-24.001-1100,"Информационен и обучителен център, с. Ценово",Ценово,Русе,6808,ПРО-973/27.02.2024; ПРО-973(1)/19.04.2024,РД-02-30-845/20.05.2024,1021356.66,454474.93,566881.73,
OP-24.001-1101,"Изграждане на игрище за мини футбол в с. Белцов, община Ценово",Ценово,Русе,6808,ПРО-1011/01.03.2024; ПРО-1011(1)/19.04.2024,РД-02-30-848/20.05.2024,172356.49,150634.52,21721.97,
OP-24.001-1102,"Изграждане на игрище за мини футбол в с. Кривина, община Ценово",Ценово,Русе,6808,ПРО-1012/01.03.2024; ПРО-1012(1)/19.04.2024,РД-02-30-842/20.05.2024,172356.49,171839.35,0,
OP-24.001-2105,"Основен ремонт на улици в населените места Белцов, Беляново, Джулюница, Долна Студена и Новград на територията на община Ценово, област Русе",Ценово,Русе,6808,ПРО-1599/29.05.2024,РД-02-30-1171/22.07.2024,1109349.99,989001.84,120348.15,
OP-24.001-2106,"Основен ремонт на улица ""Дунав"", с. Кривина, община Ценово, област Русе",Ценово,Русе,6808,ПРО-1600/29.05.2024,РД-02-30-1170/22.07.2024,587525.50,524013.29,63512.21,
OP-25.001-0586,"Основен ремонт на улици в селата Ценово, Пиперково, Кривина и Джулюница, община Ценово, област Русе",Ценово,Русе,6808,ПРО-2829/11.08.2025,,0,0,553371.20,
OP-25.001-0587,"Реконструкция на сградата на Народно читалище – ""Отец Паисий 1931"" – с. Кривина, община Ценово, област Русе",Ценово,Русе,6808,ПРО-2828/11.08.2025,,0,0,238057.50,
OP-25.001-0588,"Изграждане на парк в УПИ I в кв. 83 в с. Новград, община Ценово, област Русе",Ценово,Русе,6808,ПРО-2830/11.08.2025,,0,0,209425.15,
OP-24.001-1103,Рехабилитация и реконструкция на четвъртокласна общинска пътна мрежа в община Алфатар,Алфатар,Силистра,6901,ПРО-480/22.01.2024,РД-02-30-820/20.05.2024,2056058.04,396773.65,1659284.39,
OP-24.001-1104,"Искане за спешен и неотложен авариен ремонт на сграда – част от ОУ ""Христо Ботев"", гр. Алфатар",Алфатар,Силистра,6901,ПРО-481/22.01.2024,РД-02-30-159/04.07.2025,379787.61,0,379787.61,
OP-24.001-2575,Рехабилитация и реконструкция на четвъртокласна общинска мрежа – част от път SLS 2003,Алфатар,Силистра,6901,ПРО-2492/14.11.2024,,0,0,1379976.79,
OP-24.001-2576,Рехабилитация и реконструкция на четвъртокласна общинска мрежа – път SLS 2005,Алфатар,Силистра,6901,ПРО-2491/14.11.2024,РД-02-30-158/04.07.2025,684108.54,0,684108.54,
OP-24.001-2945,Реконструкция и рехабилитация на улична водопроводна мрежа в с. Кутловица,Алфатар,Силистра,6901,ПРО-2662/09.04.2025,РД-02-30-485/30.12.2025,2890844.30,0,2890844.30,
OP-24.001-2946,Реконструкция и рехабилитация на улична водопроводна мрежа в с. Чуковец,Алфатар,Силистра,6901,ПРО-2637/11.02.2025,РД-02-30-487/30.12.2025,3080022.29,500716.23,2579306.06,
OP-24.001-2947,Реконструкция и рехабилитация на улична водопроводна мрежа в с. Бистра,Алфатар,Силистра,6901,ПРО-2661/09.04.2025,РД-02-30-484/30.12.2025,3973249.21,0,3973249.21,
OP-25.001-0589,"Основен ремонт и възстановяване на земно-насипна баражна стена и основен ремонт, възстановяване на коритото и бетоновата облицовка и доизграждане на канали в гр. Алфатар",Алфатар,Силистра,6901,ПРО-2947/19.09.2025,,0,0,1575136.90,
OP-24.001-1105,"Основен ремонт на път SLS 1026 ""Път III-235 с. Сокол – път II-21 с. Коларово""",Главиница,Силистра,6902,ПРО-1402/09.05.2024,РД-02-30-95/19.06.2025,1785738.02,1723735.14,62002.88,
OP-24.001-1106,"Основен ремонт на път SLS 1022 ""Път III-235 ул. Първа, с. Звенимир – площад с. Зарица"", участък от км 0+000 до км 0+889.96 и участък от км 2+095.43 до км 2+835.72",Главиница,Силистра,6902,ПРО-1400/09.05.2024,РД-02-3097/19.06.2025,886784.64,812982.75,73801.89,
OP-24.001-1107,"Реконструкция и доизграждане на вътрешната водопроводна мрежа, гр. Главиница, община Главиница, област Силистра",Главиница,Силистра,6902,ПРО-1302/09.04.2024,РД-02-30-822/20.05.2024,1045540.77,840722.40,204818.37,
OP-24.001-1108,"Реконструкция и рехабилитация на водопровод между селата Звенимир и Зарица, общ. Главиница, и Реконструкция и рехабилитация на довеждащ водопровод и ел. кабел, от тръбен кладенец № 3 до помпена станция с. Звенимир, общ. Главиница",Главиница,Силистра,6902,ПРО-1309/17.04.2024,РД-02-30-824/20.05.2024,370430.97,313337.56,57093.41,
OP-24.001-1110,"Реконструкция на благоустрояване в част от УПИ I-402, кв. 34, гр. Главиница, и прилежащи тротоари",Главиница,Силистра,6902,ПРО-1164/13.03.2024,РД-02-30-533/29.03.2024,253805.29,196996.97,0,
OP-24.001-2107,"Рехабилитация (основен ремонт) на ул. Пирин, с. Стефан Караджа, общ. Главиница",Главиница,Силистра,6902,ПРО-1399/09.05.2024,РД-02-30-99/19.06.2025,352791.40,316290.25,36501.15,
OP-24.001-2108,"Основен ремонт и енергийна ефективност на ""Комплекс за социални услуги за лица с психически разстройства"" в гр. Главиница, ПИ 15031.504.1.9 по КК на гр. Главиница, обл. Силистра",Главиница,Силистра,6902,ПРО-1401/09.05.2024,,0,0,445744.26,
OP-25.001-0035,"Основен ремонт и осигуряване на достъпна среда на Административна сграда с идентификатор № 15031.501.1212.4, по плана на гр. Главиница, общ. Главиница",Главиница,Силистра,6902,,,0,0,,529749.52
OP-24.001-1111,"Реконструкция и паркоустрояване, в т.ч. изграждане на детски площадки и спортни площадки на открито за Централен градски парк в гр. Дулово",Дулово,Силистра,6903,ПРО-1301/09.04.2024,РД-02-30-413/10.12.2025,1053261.28,0,1053261.28,
OP-24.001-1112,"Основен ремонт на сградата на общинска администрация, гр. Дулово",Дулово,Силистра,6903,ПРО-1300/09.04.2024,РД-02-30-412/10.12.2025,991906.25,0,991906.25,
OP-24.001-2109,Основен ремонт на улици в населените места на територията на община Дулово,Дулово,Силистра,6903,,,0,0,,1237326.35
OP-24.001-2110,"Внедряване на мерки за енергийна ефективност в сграда – общинска собственост, разположена в ПИ 24030.501.9284 по КК и КР на гр. Дулово /Здравно заведение/",Дулово,Силистра,6903,,,0,0,,879422.04
OP-24.001-2111,Изграждане и регламентиране на открит градски пазар и паркинг в имот с идентификатор 24030.13.72 по КККР на град Дулово,Дулово,Силистра,6903,,,0,0,,685131.12
OP-24.001-2112,"Реконструкция, ремонт, оборудване и обзавеждане на Народно читалище ""Христо Ботев – 1948"" в с. Руйно, общ. Дулово, обл. Силистра",Дулово,Силистра,6903,,,0,0,,623776.10
OP-24.001-2113,"Преустройство и промяна на предназначение на общинска сграда ""Бивше общежитие"" в ""Център за предоставяне на социални и административни услуги"" в гр. Дулово",Дулово,Силистра,6903,,,0,0,,1147850.27
OP-24.001-2114,"Основен ремонт на спортна зала, тренировъчна зала по борба и съблекални за футболните отбори, реконструкция на трибуните, терена и благоустрояване на градски стадион, гр. Дулово",Дулово,Силистра,6903,,,0,0,,1043035.44
OP-24.001-1113,"Изграждане на физкултурен салон към ПГМСС ""Никола Й. Вапцаров"", село Средище",Кайнарджа,Силистра,6904,ПРО-240/15.01.2024,РД-02-30-604/01.04.2024,971607.96,814122.53,157485.43,
OP-24.001-2948,"Основен ремонт и рехабилитация на сграда с идентификатор 68357.90.273.9 по КК и КР на с. Средище, община Кайнарджа",Кайнарджа,Силистра,6904,ПРО-2229/03.10.2024,РД-02-30-85/19.06.2025,1788447.87,300536.83,1487911.04,
OP-24.001-2949,"Реконструкция на водопровод от каптаж ""Дюлгера"" до началото на вътрешната водопроводна мрежа, с. Давидово, община Кайнарджа",Кайнарджа,Силистра,6904,ПРО-2233/03.10.2024,РД-02-30-88/19.06.2025,189024.61,0,189024.61,
OP-24.001-1114,Основен ремонт на път Професор Иширково – Йорданово – община Силистра,Силистра,Силистра,6905,ПРО-852/15.02.2024,РД-02-30-414/26.03.2024; Анекс РД-02-30-414(1)/24.09.2024,3059468.36,2894220.12,165248.24,
OP-24.001-1115,Основен ремонт на ул. Харалампи Джамджиев – гр. Силистра,Силистра,Силистра,6905,ПРО-854/15.02.2024,РД-02-30-385/26.03.2024; Анекс РД-02-30-385(1)/24.09.2024,3701753.22,3333602.51,368150.71,
OP-24.001-1116,Основен ремонт на път Богорово – Поп Кралево – община Силистра,Силистра,Силистра,6905,ПРО-853/08.02.2024,РД-02-30-410/26.03.2024; Анекс РД-02-30-410(1)/24.09.2024,3322579.16,3234878.91,87700.25,
OP-24.001-1117,"Изграждане инсталация за предварително ТБО, вкл. Инсталация за стабилизиране на подситовата фракция и компостираща инсталация за разделно събиране на зелени отпадъци, гр. Силистра",Силистра,Силистра,6905,ПРО-781/08.02.2024,РД-02-30-735/25.04.2024; Анекс РД-02-30-735(1)/24.09.2024; Анекс РД-02-30-735(2)/31.10.2025,4002443.98,663408.97,3339035.01,
OP-24.001-1118,"Модернизиране на драматичен театър ""Сава Доброплодни"", гр. Силистра",Силистра,Силистра,6905,ПРО-966/27.02.2024,РД-02-30-475/28.03.2024; Анекс РД-02-30-475(1)/24.09.2024 Анекс РД-02-30-475(2)/31.10.2025,7234933.51,751046.46,6483887.05,
OP-24.001-1119,"Преустройство, реконструкция и обновяване на Младежки дом, гр. Силистра",Силистра,Силистра,6905,ПРО-922/23.02.2024,РД-02-30-474/28.03.2024; Анекс РД-02-30-474(1)/24.09.2024,3218582.39,638502.44,2580079.95,
OP-24.001-1120,Изграждане на площадки за игра и спорт на открито в населени места в община Силистра,Силистра,Силистра,6905,ПРО-1215/25.03.2024,РД-02-30-1026/25.06.2024; Анекс РД-02-30-1026(1)/31.10.2025,1219993.56,1088564.84,131428.72,
OP-24.001-1121,"Основен ремонт на път Калипетрово, промишлена зона – община Силистра",Силистра,Силистра,6905,ПРО-1214/25.03.2024,РД-02-30-1021/25.06.2024; Анекс РД-02-30-1021(1)/24.09.2024,799609.37,741849.78,57759.59,
OP-24.001-1122,Проектиране за извършване на благоустройство на квартали на гр. Силистра и с. Айдемир и Калипетрово,Силистра,Силистра,6905,ПРО-782/08.02.2024,РД-02-30-143/28.02.2024,862293.76,351001.88,511291.88,
OP-24.001-1123,Проектране за извършване на основен ремонт на улична мрежа в населените места в община Силистра,Силистра,Силистра,6905,ПРО-783/08.02.2024,РД-02-30-148/28.02.2024,432970.15,432932.11,0,
OP-24.001-1124,Проектиране на улична мрежа на територията на град Силистра,Силистра,Силистра,6905,ПРО-777/08.02.2024,РД-02-30-115/28.02.2024,92032.54,91675.45,0,
OP-24.001-1125,Проектиране на сгради с обществено предназначение в град Силистра,Силистра,Силистра,6905,ПРО-779/08.02.2024,РД-02-30-117/28.02.2024,94716.82,36352.85,58389.53,
OP-24.001-1126,Проектиране на сградите на читалища в населени места в община Силистра,Силистра,Силистра,6905,ПРО-780/08.02.2024,РД-02-30-146/28.02.2024; Анекс РД-02-30-146(1)/24.09.2024,232944.58,38858.18,194086.40,
OP-24.001-1127,Проектиране на сгради с обществено предназначение в град Силистра,Силистра,Силистра,6905,ПРО-778/08.02.2024,РД-02-30-145/28.02.2024,65905.52,24787.43,41118.09,
OP-24.001-2115,Проектиране за извършване на благоустройство на централна градска част и на квартали на гр. Силистра,Силистра,Силистра,6905,ПРО-1719/20.06.2024,РД-02-30-1411/24.09.2024,149194.97,43120.31,106074.66,
OP-24.001-2577,Изготвяне на технически проекти за ремонт на сградите на градска поликлиника и бивша стоматология,Силистра,Силистра,6905,ПРО-1869/13.08.2024,РД-02-30-1410/24.09.2024,199403.83,51845.00,147558.83,
OP-25.001-0590,"Осн. ремонт улична мрежа, гр. Силистра",Силистра,Силистра,6905,ПРО-2797/04.08.2025,РД-02-30-377/21.11.2025,4176232.09,350055.09,3826177.00,
OP-25.001-0591,"Основен ремонт улична мрежа, с. Калипетрово",Силистра,Силистра,6905,ПРО-2799/04.08.2025,РД-02-30-395/21.11.2025,3131662.77,236621.22,2895041.55,
OP-25.001-0592,"Основен ремонт улична мрежа, с. Проф. Иширково и с. Брадвари",Силистра,Силистра,6905,ПРО-2816/07.08.2025,РД-02-30-378/21.11.2025,1899960.63,253335.84,1646624.79,
OP-25.001-0593,"Основен ремонт улична мрежа, с. Ветрен и с. Сребърна",Силистра,Силистра,6905,ПРО-2796/04.08.2025,РД-02-30-393/21.11.2025,1489342.12,249876.81,1239465.31,
OP-25.001-0594,Улично осветление в гр. Силистра и населени места на територията на община Силистра,Силистра,Силистра,6905,ПРО-2981/08.10.2025,РД-02-30-380/21.1.2025,2008201.12,379120.86,1629080.26,
OP-25.001-0595,"Благоустрояване на централна зона, с. Айдемир",Силистра,Силистра,6905,ПРО-3042/12.11.2025,,0,0,1697489.05,
OP-25.001-0596,Извършване на инженеринг за изграждане на осветителна инсталация на път 213 в рамките на населените места на община Силистра,Силистра,Силистра,6905,ПРО-2798/04.05.2025,,0,0,1983301.21,
OP-25.001-0597,"Основен ремонт, внедряване на мерки за енергийна ефективност и осигуряване на достъпна среда в Народно читалище ""Пробуда 1940"", с. Калипетрово",Силистра,Силистра,6905,ПРО-2863/15.08.2025,РД-02-30-379/21.11.2025,1294591.04,244082.16,1050508.88,
OP-25.001-0598,"Основен ремонт, внедряване на мерки за енергийна ефективност и осигуряване на достъпна среда в Народно читалище ""Родолюбие-2006"", с. Айдемир",Силистра,Силистра,6905,ПРО-2862/15.08.2025,РД-02-30-396/21.11.2025,789945.96,148988.62,640957.34,
OP-25.001-0599,"Основен ремонт, внедряване на мерки за енергийна ефективност и осигуряване на достъпна среда в Народно читалище ""Заря-1957"", с. Брадвари",Силистра,Силистра,6905,ПРО-2800/04.08.2025,РД-02-30-394/21.11.2025,748020.02,140324.43,607695.59,
OP-25.001-0600,Проектиране на IV-класна пътна мрежа и улици в населени места на територията на община Силистра,Силистра,Силистра,6905,ПРО-2812/06.08.2025,,0,0,263213.06,
OP-24.001-1128,"Реконструкция на общински път SLS 1024 /III-235, Главиница-Зафирово/Сокол – Суходол – граница общ. (Главиница – Ситово) – Босна – III-216 от км 7+885 до км 13+980",Ситово,Силистра,6906,ПРО-1235/28.03.2024,РД-02-30-744/25.04.2024; Анекс РД-02-30-744(1)/17.12.2024,1286921.66,1002626.69,284294.97,
OP-24.001-1129,"Реконструкция на общински път SLS1112 – III-216, Ситово-Златоклас/ – Добротица – Ирник – Босна – /SLS 1024 от км 0+220 до км 2+610",Ситово,Силистра,6906,ПРО-1157/12.03.2024,РД-02-30-549/29.03.2024,1320360.15,275066.85,1045293.30,
OP-24.001-1130,Изграждане на фотоволтаични инсталации за производство и съхранение на електрическа енергия за подпомагане енергонуждите на детските и учебните заведения на територията на община Ситово,Ситово,Силистра,6906,ПРО-921/23.02.2024,РД-02-30-737/25.04.2024,470593.05,457792.59,12800.46,
OP-24.001-1131,"Реконструкция на ул. ""Осма"", с. Гарван, община Ситово",Ситово,Силистра,6906,ПРО-678/31.01.2024,РД-02-30-548/29.03.2024,130481.69,117188.10,0,
OP-24.001-1132,"Реконструкция на ул. ""Стара планина"", с. Попина, община Ситово",Ситово,Силистра,6906,ПРО-680/31.01.2024 ПРО-680(1)/02.04.2024,РД-02-30-718/05.04.2024,89782.85,84873.34,0,
OP-24.001-1133,"Реконструкция на ул. ""Н. Петров – Караджата"", с. Ситово, община Ситово",Ситово,Силистра,6906,ПРО-679/31.01.2024,РД-02-30-550/29.03.2024,66570.20,61352.16,0,
OP-24.001-1134,"Реконструкция на ул. ""Трета"", с. Нова Попина, община Ситово",Ситово,Силистра,6906,ПРО-681/31.01.2024 ПРО-681(1)/02.04.2024,РД-02-30-717/05.04.2024,65036.33,54048.67,0,
OP-24.001-1135,Закриване и рекултивация на общинско депо за неопасни отпадъци на Община Тутракан,Тутракан,Силистра,6907,ПРО-214/12.01.2024,РД-02-30-917/04.06.2024,1916168.58,1105289.06,2690183.96,
OP-24.001-1136,"Реконструкция на улица ""Ана Вентура"", гр. Тутракан, от път II-21 Русе – Силистра до кръстовище с улица ""Радецки"" от км 0+000 до км 1+570",Тутракан,Силистра,6907,ПРО-213/12.01.2024,РД-02-30-1020/25.06.2024,1386367.94,953359.19,433008.75,
OP-24.001-2116,"Реконструкция на съществуващ водопровод и благоустрояване на ул. ""Александър Стамболийски"" от о.т. 21 (ул. ""Силистра"" и ул. ""Христо Ботев"") – о.т. 140 – о.т. 142 – о.т. 82 – о.т. 83 – о.т. 85 – о.т. 63 – о.т. 47 –о.т. 48 – о.т. 29 – о.т 49 (площад ""21-ви септември"") в гр. Тутракан",Тутракан,Силистра,6907,ПРО-1759/01.07.2024,РД-02-30-1267/15.08.2024,2088729.59,31147.12,3443285.73,
OP-24.001-2117,"Реконструкция на съществуващ водопровод и благоустрояване на ул. ""Силистра"" от о.т. 33 до о.т. 22 (ул. ""Александър Стамболийски"") в гр. Тутракан",Тутракан,Силистра,6907,ПРО-1758/28.06.2024,РД-02-30-1269/15.08.2024,2262262.06,0,3874825.52,
OP-24.001-2951,"Реконструкция на съществуващ водопровод и благоустрояване на улица ""Трансмариска"" от о.т. 1 до о.т. 100 (кръстовището с ул. ""Братован Илиев"") в гр. Тутракан",Тутракан,Силистра,6907,ПРО-2003/29.08.2024,РД-02-30-488/30.12.2025,6446265.78,0,6446265.78,
OP-24.001-2952,Проектиране и изграждане на Закрит градски пазар,Тутракан,Силистра,6907,,,0,0,,4030769.55
OP-24.001-2953,"Реконструкция на съществуващ водопровод и благоустрояване на ул. ""Хемус"" от о.т. 223 (ул. ""Исперих"") – о.т. 280 – о.т. 231 – о.т. 275 – о.т 233 до кръстовището с ул. ""Мусала"" в гр. Тутракан",Тутракан,Силистра,6907,,,0,0,,1183896.35
OP-24.001-2954,"Рехабилитация и реконструкция на ул. ""Богдан Войвода"" с о.т. 6 – о.т. 171 – о.т. 29 – о.т. 30 –о.т. 92 в с. Цар Самуил, община Тутракан",Тутракан,Силистра,6907,,,0,0,,125368.77
OP-24.001-2955,"Рехабилитация и реконструкция на ул. ""Вежен"" с о.т. 82 – о.т. 81 – о.т. 80 – о.т. 79 в с. Нова Черна, община Тутракан",Тутракан,Силистра,6907,,,0,0,,793115.97
OP-24.001-2956,"Рехабилитация и реконструкция на ул. ""Втора"" с о.т. 16- 14-15-13-12 и ул. ""Четвърта"" с о.т. 8-8а-10-29, с. Търновци, община Тутракан",Тутракан,Силистра,6907,,,0,0,,1055715.48
OP-24.001-1137,"Реконструкция на водоснабдителна и вътрешна водопроводна мрежа на с. Малко село, община Котел",Котел,Сливен,7001,ПРО-448/19.01.2024,РД-02-30-270/19.03.2024; Анекс РД-02-30-270(1)/21.10.2024,4345981.00,3924113.38,421897.62,
OP-24.001-1138,Рехабилитация (основен ремонт) на общински път SLV 1003 за с. Медвен в участъка от кръстовището с Път II- 48 (км 0+000) до кръстовището с Път ІІІ-7006 (км 4+800),Котел,Сливен,7001,ПРО-423/18.01.2024,РД-02-30-719/05.04.2024; Анекс РД-02-30-719(1)/21.10.2024,2194464.75,1982422.21,212042.54,
OP-24.001-1139,"Основен ремонт на ул. ""Котленски проход"", с. Ябланово, община Котел"" – I етап",Котел,Сливен,7001,ПРО-424/18.01.2024,РД-02-30-720/05.04.2024; Анекс РД-02-30-720(1)/21.10.2024,689732.75,0,689732.75,
OP-24.001-1140,"Реконструкция на ВиК по главна улица на кв. ""Изток"", с. Градец, общ. Котел",Котел,Сливен,7001,ПРО-234/12.01.2024,РД-02-30-780/26.04.2024,247005.11,145544.34,101460.77,
OP-24.001-2957,"Основен ремонт на общински път SLV 1005, път II-48 (м. Катунишки мост) – Катунище – Нейково – граница община Сливен от км 7+77 до км 14+077",Котел,Сливен,7001,ПРО-2563/02.12.2024,РД-02-30-113/19.06.2025,3561147.95,0,3561147.95,
OP-24.001-2958,"Реконструкция на вътрешна водопроводна мрежа на с. Медвен, община Котел",Котел,Сливен,7001,ПРО-2194/02.10.2024,РД-02-30-116/19.06.2025,5362940.54,43397.99,5319542.55,
OP-24.001-2959,Изграждане на нов довеждащ водопровод за гр. Котел,Котел,Сливен,7001,ПРО-2562/02.12.2024,РД-02-30-115/19.06.2025,5065368.67,0,5065368.67,
OP-24.001-2960,"Ремонт и реконструкция на централен площад ""Възраждане"", прилежащи пешеходни зони и съоръжения към тях, гр. Котел",Котел,Сливен,7001,ПРО-2561/02.12.2024,РД-02-30-114/19.06.2025,1526206.27,0,1526206.27,
OP-24.001-1141,"Реконструкция на вътрешна водопроводна мрежа на ул. ""Хаджи Димитър"" от о.т. 177 до о.т. 362 с дължина 990 м",Нова Загора,Сливен,7002,ПРО-1150/11.03.2024,РД-02-30-799/26.04.2024,648727.14,206092.75,442634.39,
OP-24.001-1142,"Преустройство на част от младежки дом с идентификатор по КККР 51809.504.2002.1, в който се изгражда младежки център в УПИ VII, кв. 98 по плана на гр. Нова Загора",Нова Загора,Сливен,7002,ПРО-1330/30.04.2024,РД-02-30-1490/08.10.2024,341031.68,295843.88,0,
OP-24.001-2578,"Основен ремонт на ул. ""Хаджи Димитър"" с отводняване на повърхностни води, от ул. ""Св. св. Кирил и Методий"" – о.т. 177 до ул. ""Димитър Благоев"" – о.т. 362, с дължина 990 м, Нова Загора",Нова Загора,Сливен,7002,,,0,0,,579089.18
OP-24.001-2961,"Изготвяне на проект и основен ремонт на ул. ""14-и януари""",Нова Загора,Сливен,7002,ПРО-2216/03.10.2024,,0,0,369919.68,
OP-24.001-2962,"Изготвяне на проект и основен ремонт на ул. ""Генерал Скобелев""",Нова Загора,Сливен,7002,ПРО-2219/03.10.2024,,0,0,969920.70,
OP-24.001-2963,"Изготвяне на проект и основен ремонт на ул. ""Г. С. Раковски""",Нова Загора,Сливен,7002,ПРО-2222/03.10.2024,,0,0,391036.03,
OP-24.001-2964,"Реконструкция на вътрешна водопроводна мрежа на ул. ""14-и януари"", гр. Нова Загора",Нова Загора,Сливен,7002,ПРО-2218/03.10.2024,,0,0,67439.40,
OP-24.001-2965,"Реконструкция на вътрешна водопроводна мрежа, с. Радево, общ. Нова Загора, с дължина 3100 м",Нова Загора,Сливен,7002,ПРО-2223/03.10.2024,РД-02-30-331/08.10.2025,308820.30,0,308820.30,
OP-24.001-2966,"Реконструкция на вътрешна водопроводна мрежа на ул. ""Г. С. Раковски"", гр. Нова Загора",Нова Загора,Сливен,7002,ПРО-2217/03.10.2024,РД-02-30-330/08.10.2025,50413.38,0,50413.38,
OP-24.001-2967,"Почистване на дере в с. Бял кладенец, общ. Нова Загора",Нова Загора,Сливен,7002,ПРО-2220/03.10.2024,,0,0,805796.00,
OP-24.001-2968,"Почистване на дере в с. Кортен, общ. Нова Загора",Нова Загора,Сливен,7002,ПРО-2221/03.10.2024,,0,0,786775.95,
OP-24.001-2969,"Почистване на дере в с. Крива круша, общ. Нова Загора",Нова Загора,Сливен,7002,ПРО-2224/03.10.2024,,0,0,276813.42,
OP-24.001-2970,"Почистване на дере в с. Пет могили, общ. Нова Загора",Нова Загора,Сливен,7002,ПРО-2225/03.10.2024,,0,0,784219.49,
OP-25.001-0601,"Реконструкция на вътрешна водопроводна мрежа, с. Радево, общ. Нова Загора – втори етап",Нова Загора,Сливен,7002,ПРО-2825/08.08.2025,,0,0,4693812.86,
OP-25.001-0602,"Реконструкция на вътрешна водопроводна мрежа, с. Кортен, общ. Нова Загора",Нова Загора,Сливен,7002,ПРО-2819/08.08.2025,,0,0,1840650.77,
OP-25.001-0603,"Основен ремонт на Централна пешеходна зона, гр. Нова Загора",Нова Загора,Сливен,7002,ПРО-2820/08.08.2025,,0,0,7362603.09,
OP-25.001-0604,"Реконструкция на вътрешна водопроводна мрежа, с. Асеновец, общ. Нова Загора",Нова Загора,Сливен,7002,ПРО-2821/08.08.2025,РД-02-03-388/21.11.2025,1360462.48,228735.57,1131726.91,
OP-25.001-0605,"Реконструкция на вътрешна водопроводна мрежа, с. Еленово, общ. Нова Загора – втори етап",Нова Загора,Сливен,7002,ПРО-2822/08.08.2025,,0,0,10279830.05,
OP-25.001-0606,"Реконструкция на водоснабдителната мрежа на с. Езеро, общ. Нова Загора",Нова Загора,Сливен,7002,ПРО-2824/08.08.2025,,0,0,5055654.12,
OP-25.001-0607,"Реконструкция на водоснабдителната мрежа на с. Любенова махала, общ. Нова Загора",Нова Загора,Сливен,7002,ПРО-2823/08.08.2025,,0,0,8952720.84,
OP-24.001-1143,"Асфалтиране на улици в гр. Сливен, кв. ""Речица"", след изпълнение на воден цикъл",Сливен,Сливен,7003,ПРО-1481/13.05.2024,РД-02-30-1302/15.08.2024,14789117.66,3079757.11,11709360.55,
OP-24.001-1144,"Реконструкция на вътрешната водопроводна мрежа на с. Гавраилово, община Сливен",Сливен,Сливен,7003,ПРО-2704/29.05.2025,,0,0,2318810.94,
OP-24.001-1145,Ревитализация на колодрума в гр. Сливен,Сливен,Сливен,7003,ПРО-1614/31.05.2024,РД-02-30-1455/24.09.2024,8507385.61,0,8507385.61,
OP-24.001-1146,"Благоустрояване кв. ""Клуцохор"", гр. Сливен",Сливен,Сливен,7003,,,0,0,,2126718.58
OP-24.001-1147,"Основен ремонт на бул. ""Цар Симеон"", гр. Сливен – от кръстовище с бул. ""Братя Миладинови"" до кръстовище с бул. ""Илинденско въстание""",Сливен,Сливен,7003,ПРО-1796/16.07.2024,РД-02-30-1305/15.08.2024,1591549.37,563857.72,1027691.65,
OP-24.001-1148,"Благоустрояване кв. ""Дружба"", гр. Сливен",Сливен,Сливен,7003,ПРО-2691/14.05.2025,,0,0,1471804.81,
OP-24.001-1149,"Благоустрояване кв. ""Българка"", гр. Сливен",Сливен,Сливен,7003,,,0,0,,1467561.09
OP-24.001-1150,"Допълнително водоснабдяване на с. Градско, община Сливен",Сливен,Сливен,7003,ПРО-1484/13.05.2024,РД-02-30-1036/25.06.2024,1031787.02,225320.33,806466.69,
OP-24.001-2118,"Две допълнителни училищни сгради за ППМГ ""Д. Чинтулов"" и ПГПЗЕ ""З. Стоянов"", гр. Сливен",Сливен,Сливен,7003,ПРО-1547/20.05.2024,РД-02-30-1041/25.06.2024,2134132.31,930912.86,1203423.97,
OP-24.001-2119,"Основен ремонт на стадион в УПИ I, кв. 711 по плана на кв. ""Стоян Заимов-юг"", гр. Сливен",Сливен,Сливен,7003,ПРО-1482/13.05.2024,РД-02-30-1494/08.10.2024,1296431.69,494184.94,802246.75,
OP-24.001-2120,Подобряване на улично осветление в гр. Сливен – Реконструкция на системата за външно изкуствено осветление на 11 булеварда в гр. Сливен,Сливен,Сливен,7003,ПРО-2248/07.10.2024,РД-02-30-111/19.06.2025,761313.61,302019.36,459345.38,
OP-24.001-2971,"Реконструкция и разширение на съществуваща сграда за детска градина в с. Чинтулово, община Сливен",Сливен,Сливен,7003,ППО-2392/24.10.2024,РД-02-30-112/19.06.2025,732118.84,0,875842.99,
OP-25.001-0608,"Вътрешна водопроводна мрежа, с. Крушаре, община Сливен",Сливен,Сливен,7003,,,0,0,,5608871.94
OP-24.001-1151,Реконструкция и рехабилитация на участък от път IV клас SLV1112 на територията на община Твърдица,Твърдица,Сливен,7004,ПРО-407/18.01.2024,РД-02-30-909/04.06.2024; Анекс РД-02-30-909(1)/15.08.2024,1794787.89,1786807.73,0,
OP-24.001-2121,"Реконструкция на част от вътрешната водопроводна мрежа на гр. Твърдица, община Твърдица, с разрушаване и възстановяване на съществуващата настилка",Твърдица,Сливен,7004,ПРО-1488/14.05.2024,РД-02-30-1298/15.08.2024,2814661.81,101235.80,2713426.01,
OP-24.001-2122,"Основен ремонт на част от сграда на Народно читалище ""Св. св. Кирил и Методий"", гр. Твърдица",Твърдица,Сливен,7004,ПРО-1490/14.05.2024,РД-02-30-1293/15.08.2024,503417.99,11350.68,492067.31,
OP-25.001-0609,"Реконструкция и/или рехабилитация на участък от ул. Ленин в с. Сборище, община Твърдица",Твърдица,Сливен,7004,ПРО-3029/05.11.2025,,0,0,766988.95,
OP-25.001-0610,"Реконструкция на водопроводна мрежа в кв. Козарево, гр. Твърдица",Твърдица,Сливен,7004,ПРО-3027/05.11.2025,,0,0,3959955.62,
OP-25.001-0611,"Реконструкция и/или рехабилитация на участък от ул. Поп Харитон в гр. Шивачево, община Твърдица",Твърдица,Сливен,7004,ПРО-3028/05.11.2025,,0,0,393848.14,
OP-25.001-0612,"Реконструкция на водопроводи в с. Бяла паланка, община Твърдица",Твърдица,Сливен,7004,ПРО-3025/05.11.2025,,0,0,2398981.51,
OP-24.001-1153,"Ремонт и подобряване на енергийната ефективност на Народно читалище ""Просвета – 1947"" в УПИ IV – читалище, кв. 112 по плана на с. Баните, общ. Баните",Баните,Смолян,7101,ПРО-718/02.02.2024,РД-02-30-285/20.03.2024,667235.90,624907.49,42328.41,
OP-24.001-1154,"Изграждане на ""Атрактивен маршрут за пешеходен и велосипеден туризъм – алея от с. Баните до язовирната стена на МВЕЦ Баните"" – II етап, подобект: участък от км 0+840 до км 1+492,59",Баните,Смолян,7101,ПРО-723/02.02.2024,РД-02-30-279/20.03.2024,467269.65,465954.92,1454.33,
OP-24.001-1155,Изграждане на улица и транспортен подход към Пречиствателна станция за отпадни води в с. Баните – Първи етап,Баните,Смолян,7101,ПРО-917/22.02.2024,РД-02-30-938/04.06.2024,307030.77,0,307030.77,
OP-24.001-1156,"Почистване и укрепване с подпорна стена коритото на река Малка Арда в кв. 36 по регулационния план на с. Малка Арда, община Баните, област Смолян",Баните,Смолян,7101,ПРО-1671/07.06.2024,РД-02-30-1832/13.12.2024,127260.55,0,127260.55,
OP-24.001-1157,"Вътрешна водопроводна мрежа, с. Оряховец",Баните,Смолян,7101,ПРО-891/19.02.2024,РД-02-30-1287/15.08.2024,121840.86,0,121840.86,
OP-24.001-1158,"Подпорна стена под общински път SML 1008 III-8632 в участък от км 4+300 до км 4+400, община Баните, област Смолян",Баните,Смолян,7101,ПРО-1317/24.04.2024,РД-02-30-1428/24.09.2024,91163.34,0,91163.34,
OP-24.001-1159,"Спортен комплекс с. Оряховец, подобект игрища и трибуни и обслужваща сграда в УПИ I – спорт, в кв. 129 по плана на с. Баните – Оряховец",Баните,Смолян,7101,ПРО-717/02.02.2024,РД-02-30-277/20.03.2024,48572.73,42948.52,0,
OP-24.001-1160,Обновяване на парково пространство в с. Оряховец,Баните,Смолян,7101,ПРО-719/02.02.2024,РД-02-30-282/20.03.2024,37375.44,0,37375.44,
OP-24.001-2123,"Изпълнение на СМР на обект ""Спортен комплекс в с. Оряховец, община Баните, област Смолян, подобект: ""Овоидален водосток"" в УПИ I – спорт, и УПИ II – озеленяване, по ПУП на с. Оряховец, община Баните""",Баните,Смолян,7101,ПРО-1819/01.08.2024,РД-02-30-1433/24.09.2024,1345617.97,285072.27,1060545.70,
OP-25.001-0613,"Изработване на технически инвестиционен проект за строеж: ""Изграждане на спортен комплекс – спрортно игрище и многофункционална спортна зала"" в УПИ I – за обществено обслужване и спорт, кв. 93 по ПУП на с. Баните-Оряховец, в с. Баните, обл. Смолян",Баните,Смолян,7101,ПРО-3030/06.11.2025,,0,0,98168.04,
OP-24.001-1161,"Реконструкция на общински път SML 1032 от път SML 1031 – Тешел – Буйново до с. Ягодина от км 0+000 до км 2+240, община Борино, обл. Смолян",Борино,Смолян,7102,ПРО-315/16.01.2024,РД-02-30-639/03.04.2024,1656330.05,1587510.07,0,
OP-24.001-1162,"Подмяна на етернитови тръби АС ф 110 на довеждащ водопровод от извора до водоема на с. Буйново, община Борино, обл. Смолян, с тръби PE-HD ф 110",Борино,Смолян,7102,ПРО-317/17.01.2024,РД-02-30-831/20.05.2024; Анекс РД-02-30-831(1)/24.09.2025,658339.43,652881.10,0,
OP-24.001-1163,"Реконструкция на напорен водопровод от ПС ""Караджа дере"" до ОШ1 от външния водопровод за с. Борино, община Борино, обл. Смолян",Борино,Смолян,7102,ПРО-314/16.01.2024,РД-02-30-640/03.04.2024,448402.98,357073.28,0,
OP-24.001-1164,"Изграждане на парково пространство от о.т. 139 до о.т. 160 по плана на с. Борино, община Борино",Борино,Смолян,7102,ПРО-316/16.01.2024,РД-02-30-281/20.03.2024; Анекс РД-02-30-281(1)/04.11.2025,392365.39,392365.39,0,
OP-24.001-3096,"Оформяне на парково пространство в ПИ 80159.100.49 в кв. 3, с. Чала, община Борино",Борино,Смолян,7102,ПРО-2235/03.10.2024,РД-02-30-163/04.07.2025,50515.64,0,50515.64,
OP-24.001-1165,"Изграждане и рехабилитация на външна и вътрешна водоснабдителна система и съоръжения на с. Беден, община Девин, обл. Смолян",Девин,Смолян,7103,ПРО-725/02.02.2024,РД-02-30-705/04.04.2024,1826181.21,1626106.19,200075.02,
OP-24.001-1166,"Изграждане и рехабилитация на външна и вътрешна водоснабдителна система и съоръжения, с. Осиково, община Девин, обл. Смолян",Девин,Смолян,7103,ПРО-727/02.02.2024,РД-02-30-707/04.04.2024,921859.26,407517.56,514341.70,
OP-24.001-1167,"Рехабилитация на централна част на кв. Настан, гр. Девин – Етап 2 – улица ""Лиляна Димитрова"" от кръстовището до о.т. 1086 и мостово съоръжение в долния участък до новото преминаване през дерето до жилищния блок",Девин,Смолян,7103,ПРО-724/02.02.2024,РД-02-30-711/04.04.2024,881364.94,8184.76,873180.18,
OP-24.001-1168,"Изграждане и рехабилитация на външна и вътрешна водоснабдителна система и съоръжения, с. Михалково, община Девин, обл. Смолян",Девин,Смолян,7103,ПРО-729/02.02.2024,РД-02-30-708/04.04.2024,625463.36,277644.45,347818.91,
OP-24.001-1169,"Рехабилитация и реконструкция на улица в с. Гьоврен, община Девин – от о.т. 38 през о.т. 90А, о.т. 83, о.т. 83В до о.т. 103А с дължина 131,33 м",Девин,Смолян,7103,ПРО-726/02.02.2024,РД-02-30-710/04.04.2024,320733.40,320072.11,0,
OP-24.001-1170,"Ремонт и реконструкция на съществуваща спортна площадка с изграждане на нова обслужваща сграда към нея в УПИ I – спортна площадка и обсл. сграда, кв. 155, кад. идент. – 20465.502.25, гр. Девин, община Девин, обл. Смолян",Девин,Смолян,7103,ПРО-728/02.02.2024,РД-02-30-709/04.04.2024,303809.64,136394.53,167415.11,
OP-24.001-1171,"Основен ремонт на част от улици ""Шина Андреева"", ""Равня"", ""Шипка"" и ""Слави Кацаров"" и прилежащата им инфраструктура, гр. Девин, Етап 2 – ул. ""Шипка"" от о.т. 490 през о.т. 507, о.т. 508, о.т. 509 до о.т. 1489",Девин,Смолян,7103,ПРО-730/02.02.2024,РД-02-30-706/04.04.2024,263775.48,0,263775.48,
OP-24.001-2124,"Въвеждане на мерки за енергийна ефективност на обект: Дом на културата, град Девин, находящ се в УПИ III, кв. 36, сграда с идентификатор 20465.502.287.1, община Девин, област Смолян",Девин,Смолян,7103,ПРО-1605/30.05.2024,РД-02-30-253/21.07.2025,69024.40,0,69024.40,
OP-24.001-2125,"Мостово съоръжение между ул. ""Гимназиална"" и ул. ""Освобождение"" – от о.т. 736 през о.т. 158 до о.т. 37 в град Девин",Девин,Смолян,7103,ПРО-1606/30.05.2024,РД-02-30-167/04.07.2025,17383.92,0,17383.92,
OP-24.001-2126,Реконструкция и основен ремонт на тротоари по улици в ЦГЧ на град Девин,Девин,Смолян,7103,ПРО-1608/30.05.2024,РД-02-30-165/04.07.2025,8180.67,0,8180.67,
OP-24.001-2127,"Основен ремонт и реконструкция на улица ""Пирин"" и улица ""Акация"" в град Девин",Девин,Смолян,7103,ПРО-1611/30.05.2024,РД-02-30-251/21.07.2025,4601.63,4380.75,0,
OP-24.001-2128,"Основен ремонт и реконструкция на улица ""Ален мак"" и улица ""Кокиче"" в град Девин",Девин,Смолян,7103,ПРО-1609/30.05.2024,РД-02-30-252/21.07.2025,5112.92,4932.94,0,
OP-24.001-2129,Основен ремонт и рехабилитация на централна градска част в гр. Девин – II етап,Девин,Смолян,7103,ПРО-1607/30.05.2024,РД-02-30-169/04.07.2025,12271.01,0,12271.01,
OP-24.001-2972,"Изграждане и рехабилитация на външна и вътрешна водоснабдителна система и съоръжения на с. Брезе, община Девин",Девин,Смолян,7103,ПРО-3022/30.10.2025,РД-02-30-373/11.11.2025,1768047.33,355814.83,1412232.50,
OP-24.001-1172,"Реконструкция и рехабилитация на нови и съществуващи улици, съоръженията и принадлежностите към тях на територията на община Доспат",Доспат,Смолян,7104,ПРО-1567/21.05.2024; ПРО-1584/27.05.2024,РД-02-30-1161/22.07.2024,2147425.90,1929691.60,217734.30,
OP-24.001-1173,Рехабилитация на общински път SML 2083/II-37/Барутин- Чавдар,Доспат,Смолян,7104,ПРО-850/15.02.2024,РД-02-30-826/20.05.2024,1525388.20,1492282.42,33105.78,
OP-24.001-1174,"Изграждане на улица ""Крайбрежна"", Доспат – 1-ви етап",Доспат,Смолян,7104,ПРО-851/15.02.2024,РД-02-30-1150/19.07.2024,1318570.63,965983.75,352586.88,
OP-24.001-2130,Проектиране на инфраструктурни обекти на територията на община Доспат – водопроводи и канализации,Доспат,Смолян,7104,ПРО-1560/21.05.2024,РД-02-30-137/04.07.2025,38960.44,0,38960.44,
OP-24.001-2131,Проектиране на инфраструктурни обекти на територията на община Доспат – улици,Доспат,Смолян,7104,ПРО-1549/20.05.2024,РД-02-30-1149/19.07.2024,3936.95,0,21218.61,
OP-24.001-2132,Проектиране на туристическа инфраструктура,Доспат,Смолян,7104,ПРО-1566/21.05.2024; ПРО-1516(1)/21.05.2024; ПРО-1516(2)/12.06.2024; ПРО-1516(3)/27.06.2024,РД-02-30-136/04.07.2025,61355.03,0,61355.03,
OP-25.001-0614,Изграждане на многофункционална площадка за игра в с. Късак,Доспат,Смолян,7104,,,0,0,,112944.38
OP-24.001-1175,"Интегрирано използване на термоминералните води, натрупани в геотермалната система – Ерма река Елидже",Златоград,Смолян,7105,ПРО-1155/11.03.2024,РД-02-30-1844/13.12.2024,3355097.32,0,3410419.11,
OP-24.001-1176,"Подобект ""Външен водопровод"" от обект ""Доизграждане, реконструкция и рехабилитация на водоснабдителна и канализационна мрежа на гр. Златоград""",Златоград,Смолян,7105,ПРО-528/23.01.2024,РД-02-30-241/18.03.2024,1287586.34,1233244.47,0,
OP-24.001-1177,"Основен ремонт на улична мрежа в гр. Златоград, ул. ""Стефан Стамболов"" от УПИ I – производствени и складови дейности, през о.т. 11 до о.т. 49 (мост при старата воденица) – I етап",Златоград,Смолян,7105,ПРО-697/31.01.2024,РД-02-30-242/18.03.2024,1033576.54,0,1033576.54,
OP-24.001-1178,"Изграждане на Общински кооперативен пазар, УПИ XIII – ПАРК и обществено обслужване, кв. 46, гр. Златоград",Златоград,Смолян,7105,ПРО-915/29.01.2024 ПРО-1311/19.04.2024,РД-02-30-934/04.06.2024,893738.21,357285.66,536472.25,
OP-24.001-1179,Благоустрояване и изграждане на парк в град Златоград,Златоград,Смолян,7105,ПРО-647/29.01.2024,РД-02-30-682/04.04.2024,330192.30,72955.06,257237.24,
OP-24.001-1180,"Основен ремонт на улица ""Хан Аспарух"" от о.т. 522 през о.т. 835 към о.т. 836 по ПУП на град Златоград",Златоград,Смолян,7105,ПРО-937/26.02.2024,РД-02-30-1130/19.07.2024,159523.07,152182.25,0,
OP-24.001-1181,"Благоустрояване на улица ""Освобождение"", гр. Златоград, от о.т. 460 до о.т. 418",Златоград,Смолян,7105,ПРО-938/26.02.2024,РД-02-30-1133/19.07.2024,149859.65,142796.46,0,
OP-24.001-1182,"Основен ремонт на улица ""Прогрес"" – от о.т. 821 до о.т. 908 по ПУП на град Златоград",Златоград,Смолян,7105,ПРО-940/26.02.2024,РД-02-30-1123/19.07.2024,141269.95,125360.62,0,
OP-24.001-1183,"Основен ремонт на улица ""Косора"" от о.т. 818 през о.т. 784 до о.т. 779 и участък от о.т. 784 през о.т. 785 към о.т. 788, по ПУП на град Златоград",Златоград,Смолян,7105,ПРО-648/29.01.2024,РД-02-30-232/18.03.2024,100673.37,45868.93,54804.44,
OP-24.001-1184,"Благоустрояване на улица ""Славей"", гр. Златоград, от о.т. 419 към о.т. 801, о.т. 804 до о.т. 807",Златоград,Смолян,7105,ПРО-939/26.02.2024,РД-02-30-1127/19.07.2024,98065.78,1003.15,97062.63,
OP-24.001-1185,"Основен ремонт на улица ""Ангел Киряков"" от о.т. 500 до о.т. 509 по ПУП на град Златоград",Златоград,Смолян,7105,ПРО-634/29.01.2024,РД-02-30-237/18.03.2024,66723.59,61841.65,0,
OP-24.001-1186,"Основен ремонт на ул. ""Проф. д-р Асен Шопов"" от о.т. 866 до о.т. 557 по ПУП на гр. Златоград",Златоград,Смолян,7105,ПРО-652/29.01.2024,РД-02-30-235/18.03.2024,53174.36,0,53174.36,
OP-24.001-1187,"Рехабилитация на път ""Шаренска-Крайна -Върба"" на територията на община Мадан",Мадан,Смолян,7106,ПРО-1748/24.06.2024,РД-02-30-1695/20.11.2024,1887178.33,1592498.93,294679.40,
OP-24.001-1189,"Изпълнение на инженеринг (проектиране, АН и строителство) на обект: реконструкция на участък от път SML 2133 /Печинско – Петров дол/ на територията на община Мадан",Мадан,Смолян,7106,ПРО-889/19.02.2024,РД-02-30-918/04.06.2024,695868.25,693326.67,0,
OP-24.001-1190,"Ремонт и реконструкция на сграда, находяща се в УПИ XII-25 – детско заведение, кв. 8 по ПРЗ на гр. Мадан – корпус към СУ ""Отец Паи-сий"" – гр. Мадан",Мадан,Смолян,7106,ПРО-892/19.02.2024,РД-02-30-419/26.03.2024,1134352.17,1127753.75,0,
OP-24.001-1191,"Доизграждане на канализационна мрежа, захранваща главен и довеждащи колектори към ПСОВ Мадан и съпътстващи обекти в гр. Мадан",Мадан,Смолян,7106,ПРО-894/19.02.2024,РД-02-30-404/26.03.2024; Анекс РД-02-30-404(1)/09.10.2024,1062822.43,1062822.43,0,
OP-24.001-2133,"Реконструкция на улици в с. Средногорци, Участък 2 – ул. ""Опълченска"" от о.т. 147 до о.т. 162",Мадан,Смолян,7106,ПРО-1578/23.05.2024,РД-02-30-1518/08.10.2024,249510.44,247701.93,0,
OP-24.001-2134,"Реконструкция на улици в с. Средногорци, Участък 1 – ул. ""Персенк"" от о.т. 9 до о.т. 31",Мадан,Смолян,7106,ПРО-1579/23.05.2024,РД-02-30-1520/08.10.2024,115040.67,115031.65,0,
OP-24.001-2135,"Реконструкция на улици в с. Средногорци, Участък 3 – ул. ""Арда"" от о.т. 331 до о.т. 342 (без участък от о.т. 333 до о.т. 338)",Мадан,Смолян,7106,ПРО-1580/23.05.2024,РД-02-30-1519/08.10.2024,64422.78,63400.23,0,
OP-24.001-2973,"Рехабилитация и основен ремонт на участък от общински път SML2131/0+000- 1+500/ в с. Шаренска, община Мадан, СМР, АН, СН",Мадан,Смолян,7106,ПРО-2310/15.10.2024,РД-02-30-1803/12.12.2024,1035570.58,1005746.75,29823.83,
OP-24.001-2974,"Рехабилитация и основен ремонт на участък от общински път към промишлено селище Крушев дол, община Мадан – СМР, АН, СН",Мадан,Смолян,7106,ПРО-2312/15.10.2024,РД-02-30-1804/12.12.2024,777981.73,730415.47,47770.77,
OP-24.001-2975,Рехабилитация на улична мрежа в с. Цирка,Мадан,Смолян,7106,ПРО-2313/15.10.2024,РД-02-30-1690/20.11.2024,131044.11,123648.17,0,
OP-24.001-2976,Реконструкция на вътрешна улица /към Кикови/ в с. Равнил,Мадан,Смолян,7106,ПРО-2315/15.10.2024,РД-02-30-1693/20.11.2024,125726.67,118026.08,0,
OP-24.001-2977,"Изготвяне на проект за обект: Основен ремонт на спортно игрище, намиращо се в имот № 46045.502.223, община Мадан, кв. ""Батанци"", ул. ""Студенец""",Мадан,Смолян,7106,ПРО-2314/15.10.2024,РД-02-30-1805/12.12.2024,30421.87,30063.96,0,
OP-25.001-0036,"Реконструкция на площадно пространство между ул. ""Република"" и ул. ""Явор"" – гр. Мадан, община Мадан, ПИ 46045.501.878 по КК – гр. Мадан",Мадан,Смолян,7106,ПРО-2833/13.08.2025,РД-02-30-477/30.12.2025,413226.10,0,413226.10,
OP-25.001-0615,"Подмяна на довеждащ водопровод от водопровод ст. тр. ф 530 до резервоар за питейни нужди за с. Средногорци, напорен водопровод от водопровод ст. тр. ф 530 до резервоар за с. Равнища, междинна ПС, резервоар с хлораторно за с. Равнища и ПС за с. Лещак и вътрешна водопроводна мрежа за с. Равнища; подобект 3: вътрешна водопроводна мрежа на с. Равнища, напорен водопровод за с. Лещак и междинна ПС",Мадан,Смолян,7106,ПРО-2808/05.08.2025,РД-02-30-478/30.12.2025,1545379.71,0,1545379.71,
OP-25.001-0616,"Напорен водопровод от ПС в с. Равнища до резервоар за с. Лещак и Резервоар 500 м3 за с. Лещак и с. Леска, община Мадан",Мадан,Смолян,7106,ПРО-2809/05.08.2025,РД-02-30-475/30.12.2025,1237735.39,0,1237735.39,
OP-24.001-1194,"Упражняване на авторски и независим строителен надзор и изпълнение на СМР на строеж: Реконструкция на общински път SML 1171 от път III-8652 – с. Средец – с. Бурево – с. Гърнати – с. Марамати, община Неделино, под-обект – етап: Oбщински път SML 1171 от път III- 8652 – с. Средец",Неделино,Смолян,7107,ПРО-1329/30.04.2024,РД-02-30-1334/02.09.2024,2160719.49,984119.93,1176855.21,
OP-24.001-1195,"Инженеринг – проектиране, упражняване на авторски надзор и изпълнение на строително-монтажни работи на улици на територията на община Неделино и упражняване на строителен надзор",Неделино,Смолян,7107,ПРО-1332/30.04.2024,РД-02-30-1934/17.12.2024,1372307.41,0,1372307.41,
OP-24.001-1196,"Упражняване на авторски независим строителен надзор и изпълнение на СМР на строеж: ""Ремонт и реконструкция на водоснабдителна мрежа на община Неделино чрез реконструкция на тласкателен водопровод от ПС на р. Оваджик до НР 100 м3 за с. Изгрев и с. Еленка, общ. Неделино, ремонт на ПС и водохващане""",Неделино,Смолян,7107,ПРО-1333/30.04.2024; ПРО-2827/08.08.2025; ПРО-2827(1)/13.08.2025 ПРО-2827(3)/18.08.2025,РД-02-30-299/09.09.2025,637580.98,0,637580.98,
OP-24.001-1197,"Прокарване на структурен сондаж за търсене и хидрогеоложка оценка на дълбоко находище на минерална вода в землището на община Неделино, област Смолян – Етап I, и прокарване на търсещ структурен сондаж и хидрогеоложка оценка",Неделино,Смолян,7107,ПРО-1334/30.04.2024,,0,0,516098.02,
OP-24.001-1198,"Упражняване на авторски и независим строителен надзор и изпълнение на СМР на строеж: Реконструкция и ремонт на сграда с културно предназначение – Народно читалище ""Светлина-1938"", гр. Неделино, II етап",Неделино,Смолян,7107,ПРО-1335/30.04.2024,РД-02-30-1897/16.12.2024,426417.43,0,426417.43,
OP-25.001-0087,"Реконструкция и основен ремонт на ул. ""Напредък"" от ос.т. 271 до ос.т. 111, ул. ""Бор"" от ос.т. 111 до ос.т. 118 и ул. ""Дичо Петров"" от ос.т. 118 до ос.т. 520 с обща дължина 1450 м",Неделино,Смолян,7107,,,0,0,,820316.69
OP-24.001-1200,"Вътрешна водопроводна мрежа, с. Чепинци – лот 10",Рудозем,Смолян,7108,ПРО-523/23.01.2024,РД-02-30-779/26.04.2024,1300317.51,866861.30,433456.21,
OP-24.001-1201,"Проектиране, упражняване на авторски надзор и изпълнение на строително-монтажните работи по паркоустрояване и благоустрояване на съществуващ обществен селищен парк – ""Лесопарка"" на гр. Рудозем – изграждане на подходи към парка за МПС, велосипеди и пешеходни туристи; паркинг/и; алейна мрежа; енергоспестяващо осветление; зони за отдих, атракциони и др.",Рудозем,Смолян,7108,ПРО-578/25.01.2024,РД-02-30-197/18.03.2024,1195195.90,1072896.93,122298.97,
OP-24.001-1202,Рехабилитация на път SML 2248 /III-8683/ Смилян – Букаците – Горово – граница общ. (Смолян – Рудозем) – Витина – Елховец /ІІІ 8681/ от км 8+300 до км 12+100,Рудозем,Смолян,7108,ПРО-527/23.01.2024,РД-02-30-782/26.04.2024,924364.59,892432.72,0,
OP-24.001-1203,"Реконструкция на улична мрежа на с. Елховец, общ. Рудозем, подобект ул. ""Байкушевска""",Рудозем,Смолян,7108,ПРО-522/23.01.2024,РД-02-30-200/18.03.2024,751803.58,612328.33,139475.25,
OP-24.001-1204,"Благоустрояване на централна част град Рудозем – ЛОТ I, зона 5",Рудозем,Смолян,7108,ПРО-1162/12.03.2024,РД-02-30-778/26.04.2024; Анекс РД-02-30-778(1)/26.09.2025,582821.62,516777.43,66044.19,
OP-24.001-1205,"Парково пространство в УПИ IХ, кв. 39, гр. Рудозем",Рудозем,Смолян,7108,ПРО-525/23.01.2024,РД-02-30-204/18.03.2024,284176.03,244731.28,39444.75,
OP-24.001-1206,"Реконструкция на улица от ПТ 42, с. Равнината",Рудозем,Смолян,7108,ПРО-524/23.01.2024,РД-02-30-206/18.03.2024,127874.10,127726.35,0,
OP-24.001-2137,"Пешеходна алея с. Оглед oт км 0+000 до км 0+143,86",Рудозем,Смолян,7108,ПРО-1480/13.05.2024,РД-02-30-135/26.06.2025,117546.00,103271.24,14274.76,
OP-25.001-0617,"Вътрешна канализационна и водопроводна мрежа – с. Витина, подобект – Вътрешна водопроводна мрежа – с. Витина",Рудозем,Смолян,7108,,,0,0,,1103981.43
OP-24.001-1207,"Разширение на гробищен парк – кв. Райково, гр. Смолян, в УПИ XIII-375, 386 – за разширение на гробищен парк, кв. 79, кв. Райково, гр. Смолян",Смолян,Смолян,7109,ПРО-776/07.02.2024,РД-02-30-716/05.04.2024,1401155.01,1359743.44,41411.57,
OP-24.001-1208,Реконструкция на вътрешната водоснабдителна мрежа на с. Долно Влахово,Смолян,Смолян,7109,ПРО-1842/09.08.2024,РД-02-30-1463/08.10.2024,1051113.85,796440.18,254673.67,
OP-24.001-1209,"Инвестиционно проектиране на улици в с. Момчиловци, общ. Смолян",Смолян,Смолян,7109,,,0,0,,153387.56
OP-24.001-1210,"Инвестиционно проектиране на улица, с. Габрица – от републиканска пътна мрежа до с. Габрица",Смолян,Смолян,7109,,,0,0,,32722.68
OP-24.001-1211,"Инвестиционно проектиране на улица, с. Долно Фатово – от републиканска пътна мрежа до с. Долно Фатово",Смолян,Смолян,7109,,,0,0,,21474.26
OP-24.001-1212,"Инвестиционно проектиране на улица, с. Полковник Серафимово – улицата, свързваща махала Костовска и махала Згуровска",Смолян,Смолян,7109,,,0,0,,17383.92
OP-24.001-1213,"Инвестиционно проектиране на улица, с. Горно Фатово – от републиканска пътна мрежа до Горно Фатово",Смолян,Смолян,7109,,,0,0,,11504.07
OP-24.001-1214,"Инвестиционно проектиране на улица, с. Чок-маново – улицата от републиканска пътна мрежа до махала Пильовска",Смолян,Смолян,7109,,,0,0,,7158.09
OP-24.001-1215,"Инвестиционно проектиране на улица, с. Чок-маново – улицата от републиканска пътна мрежа до Читалище",Смолян,Смолян,7109,,,0,0,,7158.09
OP-24.001-2138,"Инженеринг на транспортна връзка на ул. ""Кап. П. Войвода"", гр. Смолян",Смолян,Смолян,7109,ПРО-2335/17.10.2024,РД-02-30-168/04.07.2025,1181851.18,0,1181851.18,
OP-24.001-2139,"Обект: Рехабилитация на уличната мрежа в гр. Смолян, община Смолян, подобект: ул. ""Георги Сава Раковски"" от о.т. 497 до о.т. 499, от о.т. 499 до о.т. 544, о.т. 544 до връзка с ул. ""Миньорска""",Смолян,Смолян,7109,,,0,0,,142957.21
OP-24.001-2140,"Инженеринг на ул. ""Коста Аврамиков"", гр. Смолян",Смолян,Смолян,7109,ПРО-2346/17.10.2024,,0,0,1103623.53,
OP-24.001-2141,"Проектиране на улица Метакса Гугински, гр. Смолян",Смолян,Смолян,7109,,,0,0,,4039.21
OP-24.001-2142,"Проектиране на улица ""Панорама"", гр. Смолян",Смолян,Смолян,7109,,,0,0,,4601.63
OP-24.001-2143,"Обект: Обособена позиция № 1: Рехабилитация на уличната мрежа в с. Смилян, община Смолян, подобект: ул. ""П-к Дичо Петров"" от о.т. 396 до кръстовището при о.т. 406, до о.т. 407, до о.т. 143 (при ул. ""Васил Левски""), включително отклонка от о.т. 406 до о.т. 391 при ул. ""Васил Левски""",Смолян,Смолян,7109,,,0,0,,160494.52
OP-24.001-2144,Проектиране на улица в с. Арда,Смолян,Смолян,7109,ПРО-2340/17.10.2024,РД-02-30-254/21.07.2025,9970.19,0,9970.19,
OP-24.001-2145,Проектиране на улица в с. Могилица,Смолян,Смолян,7109,ПРО-2342/17.10.2024,РД-02-30-256/21.07.2025,12066.49,0,12066.49,
OP-24.001-2146,Проектиране на улица в с. Подвис,Смолян,Смолян,7109,ПРО-2343/17.10.2024,РД-02-30-257/21.07.2025,8998.74,0,8998.74,
OP-24.001-2147,Проектиране на улица в с. Сивино,Смолян,Смолян,7109,ПРО-2344/17.10.2024,РД-02-30-258/21.07.2025,9458.90,0,9458.90,
OP-24.001-2148,"Обект: Обособена позиция № 1: Рехабилитация на уличната мрежа в с. Смилян, община Смолян, подобект: ул. ""Хаджи Димитър"" от о.т. 292 до тупик при о.т. 338",Смолян,Смолян,7109,,,0,0,,1616142.51
OP-24.001-2149,"Проектиране на общински път SML2273II-86, Смолян – Търън – Еленска",Смолян,Смолян,7109,ПРО-2345/17.10.2024,,0,0,52356.29,
OP-24.001-2150,"Проектиране на общински път SML2241 /III-863, Момчиловци – Славейно – с. Кутела",Смолян,Смолян,7109,ПРО-2341/17.10.2024,РД-02-30-175/04.07.2025,14213.91,0,14213.91,
OP-24.001-2151,"Възстановяване и изграждане на подпорни стени по бреговете на река Арда, Етап II: Подпорни стени по левия бряг на река Арда – ламели от Стена 2.1 до Стена 2.15",Смолян,Смолян,7109,ПРО-2490/13.11.2024,РД-02-30-174/04.07.2025,383468.91,0,383468.91,
OP-24.001-2152,"Възстановяване на подпорна стена по десния бряг на река Широколъшка при км 33+250 на РП III-866, общ. Смолян",Смолян,Смолян,7109,ПРО-2757/03.07.2025,,0,0,290567.18,
OP-24.001-2153,"Изграждане на подпорна стена по десния бряг на р. Черешовска река, на общински път SML3242/III- 8683/Смилян-Могилица/Черешовска река-Киселчово, при км 2+100, общ. Смолян",Смолян,Смолян,7109,ПРО-2758/03.07.2025,,0,0,145871.57,
OP-24.001-2154,"Реконструкция на вътрешната водоснабдителна мрежа на с. Смилян, община Смолян",Смолян,Смолян,7109,ПРО-2607/09.01.2025,,0,0,3161880.12,
OP-24.001-2156,"Инженеринг – проектиране, изпълнение на СМР и авторски надзор на обект: Реконструкция на вътрешната водопроводна мрежа, с. Кутела, община Смолян",Смолян,Смолян,7109,ПРО-2336/17.10.2024,РД-02-30-170/04.07.2025,3893589.93,0,3893589.93,
OP-24.001-2157,"Инженеринг – проектиране, строителство и авторски надзор, на обект ""Музей на магията"", с. Момчиловци",Смолян,Смолян,7109,ПРО-2391/23.10.2024,РД-02-30-339/16.10.2025,1643292.11,372331.40,1270960.71,
OP-24.001-2158,"Инженеринг на закрито мембранно спортно съоръжение и прилежащ терен – стадион Смолян, гр. Смолян",Смолян,Смолян,7109,ПРО-2339/17.10.2024,РД-02-30-259/21.07.2025,448812.01,0,448812.01,
OP-24.001-2159,"Инженеринг – основен ремонт и реконструкция на спортна сграда и ремонт на прилежащ терен и поливна система – стадион Райково, гр. Смолян",Смолян,Смолян,7109,ПРО-2390/23.10.2024,РД-02-30-255/21.07.2025,1150202.22,249530.89,900671.33,
OP-24.001-2160,"Инженеринг на площадно пространство и Водна каскада в кв. Нов център, гр. Смолян",Смолян,Смолян,7109,ПРО-2334/17.10.2024,РД-02-30-260/21.07.2025,432041.64,0,432041.64,
OP-24.001-2161,"Инженеринг на гаражи и настилки около Административна сграда на Община Смолян, Нов център, гр. Смолян",Смолян,Смолян,7109,ПРО-2337/17.10.2024,,0,0,697708.90,
OP-24.001-2163,"Инженеринг на площадка за временно съхранение на излезли от употреба гуми, строителни отпадъци, едрогабаритни отпадъци, опасни и други отпадъци на територията на община Смолян",Смолян,Смолян,7109,ПРО-2527/21.11.2024,,0,0,4285188.39,
OP-24.001-2579,"Инженеринг на обект: Зона за рекреация в УПИ I –Музей, Картинна галерия и Библиотека, кв. 15, Нов център",Смолян,Смолян,7109,ПРО-2338/17.10.2024,,0,0,184065.08,
OP-24.001-2978,"Инженеринг на вертикален паркинг, гр. Смолян",Смолян,Смолян,7109,,,0,0,,
OP-24.001-2979,"Укрепване на улица ""Орфееви скали"", над имот, намиращ се в УПИ XXX-2004, кв. 143, гр. Смолян",Смолян,Смолян,7109,ПРО-3057/27.11.2025,,0,0,111257.11,
OP-24.001-2980,"Инженеринг на ОВК и СМР на Родопски драматичен театър, гр. Смолян",Смолян,Смолян,7109,ПРО-2389/23.10.2024,РД-02-30-172/04.07.2025,1533875.64,0,1533875.64,
OP-24.001-1216,Рехабилитация на магистрален водопровод за водоснабдителна група Орехово – Малево – Хвойна – Павелско,Чепеларе,Смолян,7110,ПРО-2000/29.08.2024,РД-02-30-1507/08.10.2024,3884795.71,562196.72,3322598.99,
OP-24.001-1217,"Реконструкция на ул. ""Христо Ботев"", гр. Чепеларе",Чепеларе,Смолян,7110,ПРО-1046/06.03.2024,РД-02-30-1022/25.06.2024,1738392.40,385951.53,1352440.87,
OP-24.001-1218,"Реконструкция на улица ""Панорама"" и улица ""Преспа"" – гр. Чепеларе",Чепеларе,Смолян,7110,ПРО-1601/30.05.2024,РД-02-30-31/16.06.2025,715808.63,135351.71,580456.92,
OP-24.001-1219,"Реконструкция на ул. ""Ручей"" от км 0+000 до км 0+195 - гр – гр-гр. Чепеларе",Чепеларе,Смолян,7110,,,0,0,,485573.90
OP-24.001-1220,Обновяване на централен градски парк с площад в УПИ VII – Централен градски парк с пешеходна алея в гр. Чепеларе,Чепеларе,Смолян,7110,ПРО-577/24.01.2024,РД-02-30-416/26.03.2024,646221.81,597365.77,48856.04,
OP-24.001-2580,"Реконструкция на улица ""Васил Дечев"" от о.т. 678 до УПИ I-2167, 2158 – Автогара, и улица ""Хан Аспарух"" от о.т. 577 до о.т. 116, град Чепеларе, община Чепеларе",Чепеларе,Смолян,7110,ПРО-2469/07.11.2024,РД-02-30-32/16.06.2025,437614.72,232461.84,205152.88,
OP-24.001-1331,"Рехабилитация и реконструкция на общински пътища на територията на община Антон, подобект: SFO1450 участък от км 10+500 (Граница общ. Пирдоп – Антон) до км 13+400 (близо до път I-6) с приблизителна дължина 2,900 км",Антон,София област,7301,ПРО-425/18.01.2024,РД-02-30-667/04.04.2024; Анекс РД-02-30-667(1)/08.10.2024,1755418.42,1751305.85,0,
OP-24.001-2608,"Строителство на улица ""Хан Аспарух"" от о.т. 189 до о.т. 197 и Рехабилитация на улица ""Стара планина"" от о.т. 88 до о.т. 100, улица ""Европа"" от о.т. 105 до о.т. 310 и улица ""Джемина"" от о.т. 35 до о.т. 370 в с. Антон, община Антон",Антон,София област,7301,ПРО-1905/15.08.2024,РД-02-30-1515/08.10.2024,1252920.75,623135.83,629784.92,
OP-24.001-2609,"Многофункционално спортно игрище към ОУ ""Св. св. Кирил и Методий"", находящо се в ПИ с идент. № 00504.502.240, ул. ""България"" № 47, с. Антон, общ. Антон, обл. София",Антон,София област,7301,ПРО-1906/15.08.2024,РД-02-30-1513/08.10.2024,58440.66,58336.54,0,
OP-24.001-1332,"Реконструкция на общински път SFO3024 (/I-8/ – Бобен – Хераково – /SFO1400/), км 0+000 – км 2+800 с дължина L=2,800 км",Божурище,София област,7302,ПРО-78/10.01.2024,РД-02-30-553/29.03.2024,1493279.07,298024.26,1195254.81,
OP-24.001-1333,"Ремонт и реконструкция на водопровод 3374 м – село Гурмазово, община Божурище",Божурище,София област,7302,ПРО-58/10.01.2024,РД-02-30-551/29.03.2024,975544.91,754584.29,0,
OP-24.001-1334,"Реконструкция на общински път SFO3027 (/I-8/ – Сливница – Божурище – мах. Черна бара), участък от км 0+000 до км 0+400",Божурище,София област,7302,ПРО-56/10.01.2024,РД-02-30-552/29.03.2024,179770.23,37272.59,143979.79,
OP-24.001-2167,"Изграждане на открита спортна площадка, находяща се в ПИ с идентификатор 18174.71.908, съставляващ УПИ VIII-000259, кв. 103, гр. Божурище, общ. Божурище",Божурище,София област,7302,ПРО-2081/04.09.2024,РД-02-30-1730/25.11.2024,122710.05,0,122710.05,
OP-24.001-2168,"Вертикална планировка на ПИ с идентификатор 18174.71.908, съставляващ УПИ VIII-000259, кв. 103, гр. Божурище, общ. Божурище",Божурище,София област,7302,ПРО-2080/04.09.2024,РД-02-30-1758/25.11.2024,173839.24,0,173839.24,
OP-24.001-2169,"Реконструкция, отводняване и благоустройство на междублоковото пространство, кв. Пролет, блокове 1, 2, 3 и 4, гр. Божурище",Божурище,София област,7302,ПРО-2067/04.09.2024,РД-02-30-1569/21.10.2024,788923.37,0,788923.37,
OP-24.001-2170,"Реконструкция, отводняване и благоустройство на междублоковите пространства, кв. Пролет, бл. 6, 7, 8 и бл. 11, 12, 13, гр. Божурище",Божурище,София област,7302,ПРО-2069/04.09.2024,РД-02-30-1755/25.11.2024,533277.43,0,533277.43,
OP-24.001-2171,"Основен ремонт на ул. Васил Левски, изграждане на канализация от пресечка с ул. Георги Бенковски при о.т. 189 до пресечка с бул. Иван Вазов при о.т. 185, гр. Божурище",Божурище,София област,7302,ПРО-2070/04.09.2024,РД-02-30-1567/21.10.2024,431019.06,0,431019.06,
OP-24.001-2172,"Реконструкция на ул. Захари Стоянов – от пресечка с бул. Европа при о.т. 101 до о.т. 98а, гр. Божурище",Божурище,София област,7302,ПРО-2073/04.09.2024,РД-02-30-1564/21.10.2024,213720.01,0,213720.01,
OP-24.001-2173,"Реконструкция на улици Иглика, Янтра, Кокиче и Явор, гр. Божурище",Божурище,София област,7302,ПРО-2079/04.09.2024,РД-02-30-1752/25.11.2024,579805.00,0,579805.00,
OP-24.001-2174,"Реконструкция и благоустройство на поземлен имот с идентификатор 05027.601.661, гр. Божурище",Божурище,София област,7302,,,0,0,,268939.53
OP-24.001-2175,"Реконструкция на улици Лотос, Кипарис, Роза и Рила, гр. Божурище",Божурище,София област,7302,ПРО-2074/04.09.2024,РД-02-30-1570/21.10.2024,335151.83,0,335151.83,
OP-24.001-2176,"Реконструкция на улици Трети март, Малина и Отец Паисий, гр. Божурище",Божурище,София област,7302,ПРО-2077/04.09.2024,РД-02-30-1751/25.11.2024,758757.15,0,758757.15,
OP-24.001-2177,"Реконструкция на улици Люлин, Даме Груев, Неофит Рилски, Бреза и Генерал Гурко, гр. Божурище",Божурище,София област,7302,ПРО-2075/04.09.2024,РД-02-30-1565/21.10.2024,866639.73,0,866639.73,
OP-24.001-2178,"Реконструкция на ул. Мура, гр. Божурище",Божурище,София област,7302,,,0,0,,252578.19
OP-24.001-2179,"Изграждане на ул. Цар Самуил, гр. Божурище",Божурище,София област,7302,,,0,0,,147252.06
OP-24.001-2180,"Реконструкция, отводняване и благоустройство на междублоковото пространство в поземлен имот 05027.601.1254, гр. Божурище",Божурище,София област,7302,ПРО-2082/04.09.2024,РД-02-30-1568/21.10.2024,466809.49,0,466809.49,
OP-24.001-2181,"Реконструкция на улици ""Младен Панов"" и ""Христо Ботев"", с. Гурмазово",Божурище,София област,7302,ПРО-2071/04.09.2024,РД-02-30-1572/21.10.2024,437154.56,0,437154.56,
OP-24.001-2182,"Реконструкция на водопровод и пътна настилка на улица ""Васил Левски"", с. Пролеша",Божурище,София област,7302,ПРО-2072/04.09.2024,РД-02-30-1566/21.10.2024,1240394.10,0,1240394.10,
OP-24.001-2183,"Реконструкция на улица ""Васил Левски"", с. Гурмазово",Божурище,София област,7302,ПРО-2076/04.09.2024,РД-02-30-1563/21.10.2024,1137624.44,0,1137624.44,
OP-24.001-2185,"Изграждане на улици в кв. Девети септември, гр. Божурище – ул. ""Орел"", ул. ""Лястовица"", ул. ""Щъркел"" и ул. ""Феникс""",Божурище,София област,7302,ПРО-2078/04.09.2024,РД-02-30-1750/25.11.2024,513848.34,0,513848.34,
OP-24.001-2186,"Изграждане на ул. Гранит, с. Росоман",Божурище,София област,7302,,,0,0,,278654.08
OP-24.001-2187,"Реконструкция на ул. Св. Кирил и Методий, с. Делян",Божурище,София област,7302,,,0,0,,267916.95
OP-24.001-2188,"Реконструкция на общински път SFO2022 към м. Белица, с. Хераково, община Божурище",Божурище,София област,7302,,,0,0,,1150406.73
OP-24.001-2191,Общински път /SFO3023/ – махала Старо село (Храбърско) км 0+000 – км 2+922.11,Божурище,София област,7302,,,0,0,,1683684.16
OP-24.001-2192,"Подпорна стена на ул. ""Промишлена"" от о.т. 91 до о.т. 97 и отводняване на ул. ""Космонавт Георги Иванов"" от о.т. 49 до о.т. 97 в с. Пожарево, община Божурище, Софийска област",Божурище,София област,7302,ПРО-2068/04.09.2024,РД-02-30-1757/25.11.2024,754666.82,0,754666.82,
OP-24.001-2194,"Изграждане на ул. ""Беласица"" и част от улица ""Еделвайс"", гр. Божурище",Божурище,София област,7302,,,0,0,,141627.85
OP-24.001-2195,"Рехабилитация и реконструкция на водопроводната мрежа и съоръжения на с. Пролеша, община Божурище",Божурище,София област,7302,,,0,0,,1476099.66
OP-25.001-0625,"Реконструкция и благоустройство на поземлен имот с идентификатор 05027.601.1267 (пл. Дружба), гр. Божурище",Божурище,София област,7302,,,0,0,,217299.05
OP-25.001-0626,"Реконструкция и благоустройство на поземлен имот с идентификатор 05027.601.589 (пл. Първи май), гр. Божурище",Божурище,София област,7302,,,0,0,,212186.13
OP-25.001-0627,"Изграждане на ул. Снежанка, гр. Божурище, от ОТ. 122а до ОТ 38 (участък между ул. Бор и ул. Здравец)",Божурище,София област,7302,,,0,0,,191734.46
OP-25.001-0628,"Реконструкция на бул. Иван Вазов, гр. Божурище",Божурище,София област,7302,,,0,0,,526630.64
OP-25.001-0629,"Реконструкция на улици Ангел Кънчев, Асен Йорданов (от ОТ 93 до ОТ 95а), Ягода, Шипка, Панайот Волов, Божур, Летец (от ОТ 177 до ОТ 217) и Момина сълза, гр. Божурище",Божурище,София област,7302,,,0,0,,1119729.22
OP-25.001-0630,"Изграждане на ул. Страхил Войвода и ул. Георги Бенковски, с. Гурмазово",Божурище,София област,7302,,,0,0,,645250.35
OP-25.001-0631,"Реконструкция на ул. Трети март, с. Пролеша",Божурище,София област,7302,,,0,0,,537879.06
OP-24.001-1335,"Реконструкция на ВиК инфраструктура във в.з. Зелин, община Ботевград",Ботевград,София област,7303,ПРО-600/26.01.2024,РД-02-30-923/04.06.2024,4502231.79,3720671.97,0,
OP-24.001-1336,"Реконструкция на ВиК инфраструктура във в.з. Зелин, община Ботевград, подобект ""Реконструкция на канализационната система във в.з. Зелин, община Ботевград""",Ботевград,София област,7303,ПРО-599/26.01.2024,РД-02-30-1134/19.07.2024,3639529.00,2714836.35,924692.65,
OP-24.001-1337,Рехабилитация на общински път SFO 1093 /I-1 (Новачене – Ботевград) Новачене – Боженица/,Ботевград,София област,7303,ПРО-604/26.01.2024,РД-02-30-1534/09.10.2024,2747171.28,0,2737968.02,
OP-24.001-1338,"Реконструкция и доизграждане на ВиК инфраструктура в с. Врачеш, община Ботевград – Етап 1 и Етап 2",Ботевград,София област,7303,ПРО-603/26.01.2024,РД-02-30-1457/24.09.2024,3671024.58,1523409.07,2147615.51,
OP-24.001-1339,Рехабилитация и обновяване на пешеходна зона в централна градска част на гр. Ботевград – Етап 1,Ботевград,София област,7303,ПРО-602/26.01.2024,РД-02-30-433/26.03.2024; Анекс РД-02-30-433(1)/24.09.2024,1671157.51,1033863.49,637294.02,
OP-24.001-1340,"Преустройство, реконструкция и промяна на предназначението на част от сградата на ""Младежки дом"" – гр. Ботевград – промяна в хода на строителството по чл. 154 от ЗУТ",Ботевград,София област,7303,ПРО-601/26.01.2024,РД-02-30-927/04.06.2024; Анекс РД-02-30-927(1)/24.09.2024,762847.49,131594.10,1740194.35,
OP-24.001-3020,"Улични мрежи и съоръжения (УМС) – Югоизточен обход на ж.к. Васил Левски и УМС – Вътрешноквартални улици в ж.к. Васил Левски за реализация на част от уличната мрежа на гр. Ботевград, община Ботевград, област Софийска",Ботевград,София област,7303,ПРО-2544/26.11.2024,,0,0,1568183.33,
OP-24.001-3021,"Ремонт на ул. ""Гурко"" от о.т. 20 през о.т. 19, о.т. 174 до о.т. 457а., гр. Ботевград",Ботевград,София област,7303,ПРО-2545/26.11.2024,,0,0,631956.77,
OP-25.001-0632,"Изграждане на спортен комплекс – хотел и тренировъчна зала към многофункционална спортна зала ""Арена Ботевград"" в УПИ III за многофункционална спортна зала, стадион, тренировъчен и хотелски комплекс, трафопост, паркинг и озеленяване в кв. 80 по плана на гр. Ботевград",Ботевград,София област,7303,ПРО-3120/30.12.2025,,0,0,15748659.14,
OP-25.001-0633,"Реконструкция и изграждане на водопроводната система във в.з. Зелин на гр. Ботевград, общ. Ботевград",Ботевград,София област,7303,ПРО-2925/03.09.2025,,0,0,8857467.16,
OP-25.001-0634,"Реконструкция на Пречиствателна станция за питейни води (ПСПВ) ""Чеканица 1"", гр. Ботевград",Ботевград,София област,7303,,,0,0,,5131274.19
OP-25.001-0635,Изграждане на покрит Фермерски пазар в гр. Ботевград,Ботевград,София област,7303,,,0,0,,1291012.00
OP-25.001-0636,Реконструкция на вътрешна разпределителна водопроводна мрежа на гр. Ботевград,Ботевград,София област,7303,,,0,0,,1823011.20
OP-25.001-0637,"Изграждане на нов корпус на ППМГ ""Акад. проф. д-р Асен Златаров"", гр. Ботевград – етапно строителство",Ботевград,София област,7303,,,0,0,,700521.01
OP-24.001-1341,"Реконструкция на улици, тротоари, съоръжения и принадлежностите към тях в град Годеч с улици: Етап 1 – Улица ""Заводска"" в гр. Годеч – о.т. 28-33 Етап 2 – Улица ""Липа"" в град Годеч – о.т. 530-531 Етап 5 – Улица ""Иван Вазов"" в град Годеч – о.т. 53-78 Етап 8 – Улица ""Петрова бара"" в град Годеч – о.т. 70-30 Етап 10 – Улица ""Осми март"" в град Годеч – о.т. 345-351 Етап 11 – Улица ""1-ви май"" в град Годеч – о.т. 339-340 Етап 12 – Улица ""Шипка"" в град Годеч – о.т. 10-24 Етап 13 – Улица ""Молашка"" в град Годеч – о.т. 3-8 Етап 14 – Улица ""Петров рид"" в град Годеч – о.т. 8-16 Етап 15 – Улица ""Новодомска"" в град Годеч – о.т. 5-532 Етап 16 – Улица ""Бор"" в град Годеч – о.т. 17-23 Етап 17 – Улица ""Екатерина Георгиева"" в град Годеч – о.т. 433-50",Годеч,София област,7304,ПРО-4/8.01.2024,РД-02-30-291/20.03.2024,1349043.63,1348072.18,971.45,
OP-24.001-1342,"Реконструкция на водопроводна мрежа и частична рехабилитация на канализацията на град Годеч – част II, етап 13 и етап 14",Годеч,София област,7304,ПРО-3/8.01.2024,РД-02-30-284/20.03.2024,1276133.41,957353.56,318779.85,
OP-24.001-2610,"Реконструкция на улици, тротоари, съоръжения и принадлежностите към тях в град Годеч, в 27 етапа: – Етап 13 – Улица ""Хаджи Димитър"" в град Годеч – о.т. 282-310; – Етап 14 – Улица ""Васил Друмев"" в град Годеч – о.т 307- 317; – Етап 15 – Улица ""Ангел Кънчев"" в град Годеч – о.т. 323 312; – Етап 16 – Улица ""Васил Левски"" в град Годеч – о.т. 240- 244; – Етап 17 – Улица ""Явор"" в град Годеч – о.т. 80-88; – Етап 18 – Улица ""Видлич"" в град Годеч – о.т. 394-397; – Етап 19 – Улица ""Хан Аспарух"" в град Годеч – о.т. 393- 399; – Етап 20 – Улица ""Княз Борис"" в град Годеч – о.т. 459- 455; – Етап 21 – Улица ""Преслав"" в град Годеч – о.т. 446-459; – Етап 23 – Улица ""Елха"" в град Годеч – о.т. 499-383; – Етап 24 – Улица ""Тодор Каблешков"" в град Годеч – о.т. 286-314; – Етап 25 – Улица ""Найденова"" в град Годеч – о.т. 505- 401; – Етап 27 – Улица ""Зли дол"" в град Годеч – о.т. 110-120",Годеч,София област,7304,ПРО-1927/16.08.2024,РД-02-30-1445/24.09.2024,1867237.95,1655191.08,212046.87,
OP-24.001-2611,"Реконструкция на улици, тротоари, съоръжения и принадлежностите към тях в град Годеч, в 27 етапа: – Етап 1 – Улица ""Градина"" в град Годеч – о.т. 216-206; – Етап 2 – Улица ""Грамада"" в град Годеч – о.т 223-234; – Етап 3 – Улица ""Люляк"" в град Годеч – о.т. 65-232; – Етап 4 – Улица ""Ракета"" в град Годеч – о.т. 221-236; – Етап 5 – Улица ""Грънчарица"" в град Годеч – о.т. 216- 427; – Етап 6 – Улица ""Ясен"" в град Годеч – о.т. 187-189; – Етап 7 – Улица ""Чайка"" в град Годеч – о.т. 167-188; – Етап 8 – Улица ""Синчец"" в град Годеч – о.т. 131-190; – Етап 9 – Улица ""Брест"" в град Годеч – о.т. 171-209; – Етап 10 – Улица ""Иглика"" в град Годеч – о.т. 172-199; – Етап 11 – Улица ""Царина"" в град Годеч – о.т. 191-193 и о.т. 195-201; – Етап 12 – Улица ""Бреза"" в град Годеч – о.т. 193-194 и о.т. 214-212; – Етап 22 – Улица ""Теменуга"" в град Годеч – о.т. 68-57; – Етап 26 – Улица ""Пуалица"" в град Годеч – о.т. 175-183",Годеч,София област,7304,ПРО-1926/16.08.2024,РД-02-30-1450/24.09.2024,1812529.72,0,1812529.72,
OP-24.001-2612,"Реконструкция на улици, тротоари, съоръжения и принадлежностите към тях в град Годеч на 6 етапа: Eтап 1 – улица ""Ахтопол"" о.т. 451-о.т. 486; Етап 2 – улица ""Русе"" о.т. 451 – о.т. 398; Етап 3 – улица ""Топлица"" о.т. 450 – о.т. 445; Етап 4 – улица ""Ямбол"" о.т. 445 – о.т. 451; Етап 5 – улица ""6-ти септември"" о.т. 386 – о.т. 518",Годеч,София област,7304,ПРО-1928/16.08.2024,РД-02-30-1437/24.09.2024,933107.68,0,933107.68,
OP-24.001-3022,"Обновяване на парково пространство, прилежащо към районна болница и поликлиника",Годеч,София област,7304,ПРО-2487/12.11.2024,РД-02-30-146/04.07.2025,949469.02,522011.29,427508.86,
OP-25.001-0638,"Реконструкция на водопроводната мрежа и частична рехабилитация на канализационната мрежа на кв. Молак, гр. Годеч",Годеч,София област,7304,ПРО-2817/07.08.2025,,0,0,1880224.76,
OP-25.001-0639,"Реконструкция на улици, тротоари, съоръжения и принадлежностите към тях в град Годеч, в 16 етапа: – Етап 2 – улица ""Дунав"" – о.т. 356-505; – Етап 4 – улица ""Здравец"" – о.т. 300-296а; – Етап 6 – улица ""Нишава"" – о.т. 149-535; – Етап 10 – улица в град Годеч – о.т. 453-393; – Етап 12 – улица ""Явор"" – о.т. 146-77 и о.т. 145-80",Годеч,София област,7304,ПРО-2818/07.08.2025,,0,0,1243308.47,
OP-25.001-0640,"Реконструкция на водопроводната мрежа на селата Ропот, Смолча, Комщица и Бърля, община Годеч, в обхвата на републикански път III-8132 (Годеч – Ропот – Смолча – Комщица) в 4 етапа",Годеч,София област,7304,,,0,0,,1020078.43
OP-25.001-0641,"Реконструкция на тротоарна мрежа в гр. Годеч, успоредна на път III-813 (о.т. 319 до о.т. 413) и улица ""Александър Стамболийски"" (от о.т. 253 до о.т. 413), разделена на четири етапа",Годеч,София област,7304,ПРО-3054/20.11.2025,,0,0,635229.03,
OP-24.001-1343,"Рехабилитация и реконструкция на общински път SFO 2170 / I-6, Долни Богров – Пирдоп / – Долна Малина – Априлово – от км 0+000 до км 4+380",Горна Малина,София област,7305,ПРО-2386/22.10.2024,РД-02-30-493/30.12.2025,3553478.57,0,3553478.57,
OP-24.001-1344,"Рехабилитация и реконструкция на общински път SFO 3176 / I-6, Долни Богров – Пирдоп/ – с. Осойца – от км 0+000 до км 3+330",Горна Малина,София област,7305,ПРО-1154/11.03.2024,РД-02-30-631/02.04.2024,1367041.10,1154383.66,212657.44,
OP-24.001-1345,"Пристрояване на детска градина ""Вяра, Надежда и Любов"", с. Горна Малина",Горна Малина,София област,7305,ПРО-1362/08.05.2024,РД-02-30-1030/25.06.2024,1522780.61,0,1522780.61,
OP-24.001-1346,"Основен ремонт и подновяване на част от уличната водопроводна мрежа на гр. Долна баня, в това число ул. Люляк, Момина сълза, Цанко Церковски, Екзарх Йосиф, Яне Сандански, Г. С. Раковски, Христо Ботев, Васил Левски, Иван Вазов, Септемврийци, Пейо Яворов, Спортна слава, Хан Аспарух, Тодор Каблешков, Райко Даскалов, община Долна баня, обл. Софийска",Долна баня,София област,7306,ПРО-8/9.01.2024,РД-02-30-652/03.04.2024; Анекс РД-02-30-652(1)/13.12.2024,818067.01,818067.01,0,
OP-24.001-2196,Изграждане на Рехабилитационен център за подготовка на спортисти в община Долна баня,Долна баня,София област,7306,,,0,0,,1590117.75
OP-24.001-2198,"Основен ремонт и реконструкция на улица ""Ибър"" и улица ""Никола Вапцаров""",Долна баня,София област,7306,ПРО-1817/25.07.2024,РД-02-30-67/17.06.2025,1203581.09,0,775629.78,
OP-24.001-2613,"Основен ремонт и реконструкция на 15 броя улици, част от общинска улична мрежа – ул. Люляк, Момина сълза, Цанко Церковски, Екзарх Йосиф, Яне Сандански, Г. С. Раковски, Христо Ботев, Васил Левски, Иван Вазов, Септемврийци, Пейо Яворов, Спортна слава, Хан Аспарух, Тодор Каблешков, Райко Даскалов",Долна баня,София област,7306,,,0,0,,1023606.35
OP-24.001-3023,Рехабилитация на обществени зелени площи – обновяване и реконструкция на градски парк,Долна баня,София област,7306,ПРО-2565/03.12.2024,РД-02-30-64/17.06.2025,905497.92,181168.59,724329.33,
OP-25.001-0642,"Основен ремонт и подновяване на част от уличната мрежа на гр. Долна баня, в това число ул. ""Малиново поле"", ул. ""Младост"", ул. ""Иглика"", ул. ""Димчо Дебелянов"", ул. ""Детелина"", община Долна баня, обл. Софийска",Долна баня,София област,7306,,,0,0,,954070.65
OP-24.001-1347,"Реконструкция на площад ""СЪЕДИНЕНИЕ"" – ЕТАП I, УПИ VIII – ""Читалище, хотел, търговски обекти, паркинги, градска градина и площад"", кв. 79, УПИ XI – ""Общ. сграда, кметство, ДСК банка, поща и площад"", кв. 78 по плана на град Драгоман – ЦГЧ, общ. Драгоман, област София",Драгоман,София област,7307,ПРО-126/10.01.2024,РД-02-30-500/28.03.2024,2480532.56,2081904.33,398628.23,
OP-24.001-1348,"Реконструкция на път SFO3210/III-813, Габер – Круша/Несла – Вишан – Долно Ново село, участък 1: от км 0+000,00 до км 4+407,31; участък 2: от км 5+397=0+000 до км 4+135,23",Драгоман,София област,7307,ПРО-560/24.01.2024,РД-02-30-516/28.03.2024,4196479.24,0,4161558.01,
OP-24.001-3024,"Реконструкция на съществуваща водоснабдителна система и доизграждане на нова в гр. Драгоман, община Драгоман – II етап",Драгоман,София област,7307,ПРО-2380/18.10.2024,РД-02-30-1818/12.12.2024,3319971.57,659719.91,2660251.66,
OP-24.001-1349,"Рехабилитация на път SFO 1231 / /III-6002, Мусачево – Елин Пелин / – Мусачево – Равно поле – граница общ. (Елин Пелин – София-град) – /АМ Тракия/ от км 0+000 до км 3+626,70",Елин Пелин,София област,7308,ПРО-253/15.01.2024; ПРО-1799/18.07.2024,РД-02-30-1562/21.10.2024,5072015.46,252577.59,4819437.87,
OP-24.001-1351,"Реконструкция на водопроводна мрежа в село Лесново – Етап 2, Подобект: ""Всички главни и второстепенни клонове, ситуирани източно от осови точки № 23, 29, 30, 61, 50, 60, 58а, 267, 268, 268а, 239, 237, 240, 241"", местонахождение: по плана на село Лесново, община Елин Пелин, Етап: 2.2 Всички главни и второстепенни водопроводни клонове, ситуирани между осови точки № 29, 116, 102, 126, 130, 82, 95, 237, 268, 58а, 60 и 61; Етап: 2.3 Всички главни и второстепенни водопроводни клонове, ситуирани между осови точки № 237, 217, 93, 95, 82, 130, 127, 126, 147, 141, 157, 159, 162, 167, 197, 189, 196, 234 и 61",Елин Пелин,София област,7308,ПРО-1800/18.07.2024 ПРО-2709/02.06.2025,РД-02-30-1561/21.10.2024,2597362.76,1932686.38,664676.38,
OP-25.001-0643,"Реконструкция на водопроводна мрежа в село Лесново – Етап 2, Подобект: ""Всички главни и второстепенни клонове, ситуирани източно от осови точки № 23, 29, 30, 61, 50, 60, 58а, 267, 268, 268а, 239, 237, 240, 241"", местонахождение: по плана на село Лесново, община Елин Пелин, Етап: 2.4 Всички главни и второстепенни водопроводни клонове, ситуирани между осови точки № 237, 232, 234, 196, 189, 197, 285, 294, 296, 288, 251 и 24",Елин Пелин,София област,7308,,,0,0,,5684031.84
OP-25.001-0644,"Рехабилитация на път SFO 1231 / /III-6002, Мусачево – Елин Пелин / – Мусачево – Равно поле – граница общ. (Елин Пелин – София-град) – /АМ Тракия/ от км 0+000 до км 3+626,70 – ДОФИНАНСИРАНЕ",Елин Пелин,София област,7308,,,0,0,,445335.23
OP-25.001-0645,"ПРИСТРОЙКА: ""СГРАДА ЗА ОБЩЕСТВЕНО ОБСЛУЖВАНЕ – КМЕТСТВО"" И ""СЦЕНА КЪМ ПЛОЩАД С ПОКРИТА ЧАСТ‘‘, УПИ XVI – ""за търговски комплекс, обществена зала, кметство, магазин, клуб, пункт за услуги и горски дом"", кв. 19, по плана на с. Чурек",Елин Пелин,София област,7308,,,0,0,,260758.86
OP-25.001-0646,"""ЧИТАЛНЯ"" – НАДСТРОЙКА НАД СЪЩЕСТВУВАЩА ИЗЛОЖБЕНА ЗАЛА КЪМ ЧИТАЛИЩЕ ""ЕЛИН ПЕЛИН"", УПИ VI-124 – ""за читалище"", кв. 89, по плана на гр. Елин Пелин, община Елин Пелин, област Софийска",Елин Пелин,София област,7308,,,0,0,,137537.52
OP-25.001-0647,"РАЗШИРЕНИЕ НА СУ ""ВАСИЛ ЛЕВСКИ"", гр. Елин Пелин, УПИ VIII – за училище, басейн и КОО, кв. 89",Елин Пелин,София област,7308,,,0,0,,622753.51
OP-25.001-0648,"Детска градина за четири групи, УПИ II – за ОДЗ, кв. 19, с. Столник",Елин Пелин,София област,7308,,,0,0,,518961.26
OP-24.001-1355,"Основни ремонти (реконструкция) на общински улици, находящи се в гр. Етрополе – ЕТАП 1 (ул. ""Софроний"", ул. ""Елаците"", ул. ""Ха-джийца"", ул. ""Калина Вескова"", ул. ""Сашка"", ул. ""Христо Ботев"", ул. ""Марко Марков"" и ул. ""Георги Бакалов"")",Етрополе,София област,7309,ПРО-442/19.01.2024 ПРО-442(3)/18.10.2024г.,РД-02-30-661/04.04.2024; Анекс РД-02-30-661(1)/13.12.2024,566255.76,102459.45,463796.31,
OP-24.001-1356,"Основни ремонти (реконструкция) на общински улици, находящи се в гр. Етрополе – ЕТАП 3 (ул. ""Пролетарска"", ул. ""Никола Вапцаров"", ул. ""Христо Ботев"", ул. ""Георги С. Раковски"", ул. ""Батак"", ул. ""Мико Лаков"" и ул. ""Никола Михайлов"")",Етрополе,София област,7309,ПРО-466/19.01.2024,РД-02-30-662/04.04.2024; Анекс РД-02-30-662(1)/13.12.2024,537009.86,96823.59,440186.27,
OP-24.001-1357,"Изграждане на улица – пътна връзка от бул. ""Малък Искър"" о.т. 464 през о.т. 480 до 473 – Път II-37 – Джурово – Етрополе – Златица",Етрополе,София област,7309,ПРО-464/19.01.2024,РД-02-30-663/04.04.2024; Анекс РД-02-30-663(1)/16.12.2024,453771.54,70234.66,383536.88,
OP-24.001-2199,"Инженеринг (проектиране, строителство и авторски надзор) на обект: ""Реконструкция на захранващи водопроводни клонове в гр. Етрополе по бул. ""Партизански"" в следните участъци: 1. От о.т. 727 до о.т. 643 /от ""Табашки мост"" до кв. ""Вранащица""/; 2. От о.т. 197 до о.т. 209 /от ул. ""Георги Димитров"" до бул. ""Стамболийски""/; 3. От о.т. 354 до след о.т. 358 /от бул. ""Георги Антонов"" до кв. 128/""",Етрополе,София област,7309,ПРО-1811/23.07.2024 ПРО-1811(2)/18.10.2024,РД-02-30-1311/15.08.2024; Анекс РД-02-30-1311(1)/16.12.2024,1049222.07,20130.58,1029091.49,
OP-24.001-2200,"Инженеринг (проектиране, строителство и авторски надзор) на обект: ""Реконструкция на главен водопроводен клон на с. Лъга, община Етрополе""",Етрополе,София област,7309,ПРО-1813/23.07.2024 ПРО-2375/18.10.2024 ПРО-1813(2)/18.10.2024,РД-02-30-1306/15.08.2024; Анекс РД-02-30-1306(1)/16.12.2024,2561316.68,48893.56,2512423.12,
OP-24.001-2201,"Инженеринг (проектиране, строителство и авторски надзор) на обект: ""Реконструкция на главен водопроводен клон на с. Малки Искър, общ. Етрополе""",Етрополе,София област,7309,ПРО-1810/23.07.2024 ПРО-1810(2)/18.10.2024,РД-02-30-1312/15.08.2024; Анекс РД-02-30-1312(1)/16.12.2024,1348634.60,25874.95,1322759.65,
OP-24.001-2202,"Инженеринг (проектиране, строителство и авторски надзор) на обект: ""Реконструкция на част от главен водопроводен клон на с. Ямна, общ. Етрополе""",Етрополе,София област,7309,ПРО-1809/23.07.2024 ПРО-1809(2)/18.10.2024,РД-02-30-1303/15.08.2024; Анекс РД-02-30-1303(1)/16.12.2024,1283086.98,24209.67,1258877.31,
OP-24.001-2203,"Изработване на инвестиционен проект за обект: ""Изграждане на трасе за велоалея, прилежаща на Републикански път III-3701"", от гр. Етрополе/кръстовище с път II-37/до с. Рибарица/кръстовище с общински път Етрополски манастир/",Етрополе,София област,7309,ПРО-1812/23.07.2024,РД-02-30-1310/15.08.2024,23877.33,11933.55,11943.78,
OP-24.001-3025,"Изграждане на нов физкултурен салон в двора на Професионална гимназия ""Тодор Пеев"", гр. Етрополе",Етрополе,София област,7309,ПРО-3023/03.11.2025,,0,0,990474.63,
OP-24.001-3027,"Изграждане на детски площадки в УПИ I – ""Парк и спортна база"", кв. 175, гр. Етрополе",Етрополе,София област,7309,ПРО-2373/18.10.2024,РД-02-30-1894/16.12.2024,257844.50,0,257844.50,
OP-24.001-3028,"Инженеринг (проектиране, строителство и авторски надзор) на обект: ""Реконструкция и модернизация на ПСПВ (Пречиствателна станция за питейни води) в ПИ 27632.140.552 – за хидротехнически, пречистващи и съпътстващи съоръжения към ПСПВ, местност Баш Самоков по КККР на гр. Етрополе""",Етрополе,София област,7309,ПРО-2360/17.10.2024,РД-02-30-1893/16.12.2024,6277130.43,0,6277130.43,
OP-24.001-3029,"Изработване на инвестиционен проект за обект: ""Реконструкция на междублоково пространство в кв. 128 по плана на гр. Етрополе, община Етрополе""",Етрополе,София област,7309,,,0,0,,63911.49
OP-24.001-3030,"Инженеринг (проектиране, строителство и авторски надзор) на обект: ""Реконструкция на междублоково пространство в кв. 132 по плана на гр. Етрополе, община Етрополе""",Етрополе,София област,7309,ПРО-2358/17.10.2024,РД-02-30-62/16.06.2025,344099.44,0,601432.64,
OP-24.001-3031,"Инженеринг (проектиране, строителство и авторски надзор) на обект: ""Реконструкция на междублоково пространство в кв. 85 по плана на гр. Етрополе, община Етрополе""",Етрополе,София област,7309,ПРО-2359/17.10.2024,РД-02-30-61/16.06.2025,275484.07,0,306928.52,
OP-24.001-3032,"Инженеринг (проектиране, строителство и авторски надзор) на обект: ""Реконструкция на междублоково пространство в кв. 125 по плана на гр. Етрополе, община Етрополе""",Етрополе,София област,7309,ПРО-2357/17.10.2024,РД-02-30-63/16.06.2025,166987.93,0,291896.53,
OP-25.001-0771,"Реконструкция и разширение на улица от о.т. 73а до о.т. 788, осигуряваща транспортна връзка до съществуващия гробищен парк",Етрополе,София област,7309,ПРО-3097/19.12.2025,РД-02-30-472/30.12.2025,513183.66,0,513183.66,
OP-24.001-1358,Доизграждане и реконструкция на Главен канализационен колектор ІІ етап и реконструкция на съпътстващата водопроводна мрежа в гр. Златица,Златица,София област,7310,ПРО-670/30.01.2024,РД-02-30-544/29.03.2024; Анекс РД-02-30-544(1)/14.06.2024,1576057.22,1419967.75,156089.47,
OP-24.001-1359,"Реконструкция на улици в град Златица, община Златица",Златица,София област,7310,ПРО-612/26.01.2024 г.,РД-02-30-538/29.03.2024,1270662.58,1123197.31,147465.27,
OP-24.001-1360,"Реконструкция и доизграждане на част главен клон I, главни клонове III, IV и клонове 2, 28, 34, от ниската зона на водопроводната мрежа на гр. Златица, община Златица – Етап 2",Златица,София област,7310,ПРО-613/26.01.2024 г.,РД-02-30-1054/25.06.2024,415578.04,62511.28,353066.76,
OP-24.001-2204,"Етап 2 – ""Реконструкция на улици в гр. Златица, община Златица""",Златица,София област,7310,ПРО-1553/20.05.2024,РД-02-30-1081/26.06.2024,609050.89,535069.45,73981.44,
OP-24.001-2205,"Изпълнение на инженеринг – проектиране, строителство и упражняване на авторски надзор на строеж: ""Реконструкция на част от водопроводната мрежа на гр. Златица, община Златица, с разваляне и възстановяване на съществуващата настилка""",Златица,София област,7310,ПРО-1551/20.05.2024,РД-02-30-1064/25.06.2024,1510867.51,0,1510867.51,
OP-24.001-2206,"Изпълнение на инженеринг – проектиране, строителство и упражняване на авторски надзор на строеж: ""Реконструкция на водопровод и канал по ул. ""Медет"" в участъка от ул. ""Софийско шосе"" до табела ""Златица"" (от о.т. 54 до о.т. 115)",Златица,София област,7310,ПРО-1550/20.05.2024,РД-02-30-1068/25.06.2024,1391020.69,221290.96,1169729.73,
OP-24.001-2207,"Изпълнение на инженеринг – проектиране, строителство и упражняване на авторски надзор на строеж: ""Реконструкция и/или рехабилитация на улици в гр. Златица, община Златица""",Златица,София област,7310,ПРО-1552/20.05.2024,РД-02-30-1080/26.06.2024,803495.19,0,886886.90,
OP-25.001-0649,"АВАРИЕН ДОВЕЖДАЩ ВОДОПРОВОД ЗА С. КАРЛИЕВО, ОБЩИНА ЗЛАТИЦА",Златица,София област,7310,ПРО-3040/11.11.2025,РД-02-30-491/30.12.2025,897572.90,145652.70,751920.20,
OP-25.001-0650,РЕКОНСТРУКЦИЯ НА ВЪНШЕН ВОДОПРОВОД НА С. ЦЪРКВИЩЕ,Златица,София област,7310,ПРО-3039/11.11.2025,РД-02-30-468/30.12.2025,707679.09,0,707679.09,
OP-25.001-0651,Реконструкция на част от канализационната мрежа в гр. Златица и уличен водопровод,Златица,София област,7310,ПРО-3000/22.10.2025,,0,0,1797446.61,
OP-25.001-0652,Реконструкция път SFO3304 от кръстовището с път III- 6005 до общинска граница Златица – Мирково,Златица,София област,7310,ПРО-3038/11.11.2025,,0,0,4266628.49,
OP-25.001-0772,"Ремонт на покрив на сградата на НЧ ""Христо Смирненски 1889"", гр. Златица",Златица,София област,7310,ПРО-2940/12.09.2025,РД-02-30-314/24.09.2025,339037.65,0,339037.65,
OP-24.001-1361,"Строително-монтажни работи на обект ""Общински път SFO3334""",Ихтиман,София област,7311,ПРО-109/10.01.2024 г.,РД-02-30-508/28.03.2024; Анекс РД-02-30-508(1)/29.10.2024,4567114.73,4567114.73,0,
OP-24.001-1362,"Изграждане на зала ""Арена Ихтиман""",Ихтиман,София област,7311,ПРО-110/10.01.2024 г.,РД-02-30-415/26.03.2024,4045903.79,2143129.90,1913330.43,
OP-24.001-1363,"Реконструкция и рехабилитация на съществуваща водоснабдителна мрежа в гр. Ихтиман, община Ихтиман – етап 2",Ихтиман,София област,7311,ПРО-111/10.01.2024 г.,РД-02-30-507/28.03.2024,879473.16,652707.64,226765.52,
OP-24.001-3033,Основен ремонт на общински път SFO 3335//III-8223// Веринско-Борика в участък от км 0+000 до км 8+796,Ихтиман,София област,7311,ПРО-2318/15.10.2024,РД-02-30-1782/12.12.2024,7199552.11,193713.11,7005839.00,
OP-24.001-3034,"Реконструкция на улична мрежа, пешеходни зони и паркови пространства на територията на град Ихтиман",Ихтиман,София област,7311,ПРО-2328/16.10.2024,РД-02-30-1785/12.12.2024,4724336.98,13804.88,4710532.10,
OP-25.001-0653,"Реконструкция на уличната мрежа в с. Черньово, община Ихтиман",Ихтиман,София област,7311,ПРО-2810/05.08.2025,РД-02-30-490/30.12.2025,8691961.98,81295.41,8610666.57,
OP-24.001-1364,"Подмяна на водопровод, канализация и пътна настилка по ул. ""Райново дере"", ул. ""Тороманова"" от ОТ. 1066 до ОТ. 212 и по ул. ""Любен Каравелов"" от ОТ. 1227 до ОТ. 616 и разклонения",Копривщица,София област,7312,ПРО-653/29.01.2024 г.,,0,0,1948533.36,
OP-24.001-1365,Адаптация на съществуващ водопровод от водохващане река Ширинейка – Стръмна река до гр. Копривщица и Реконструкция и преустройство на речно водохващане в м. Ширинейка,Копривщица,София област,7312,ПРО-654/29.01.2024 г.,,0,0,1486632.27,
OP-24.001-1366,"Пътна настилка по ул. ""Л. Каравелов""",Копривщица,София област,7312,ПРО-655/29.01.2024 г.,РД-02-30-501/30.12.2025,115040.67,0,115040.67,
OP-24.001-2208,"Пътна настилка по бул. ""Хаджи Ненчо Дончев Палавеев"" – западен бряг на река Тополница",Копривщица,София област,7312,ПРО-1505/15.05.2024; ПРО-1505(3)/19.06.2024; ПРО-655(2)/02.04.2024,РД-02-30-1264/15.08.2024,1022583.76,910201.81,112381.95,
OP-24.001-3035,Инженеринг на ул. Груйо Ценов и ул. Иван Кривиралчев и разклонения,Копривщица,София област,7312,,,0,0,,605011.68
OP-24.001-3036,"Основен ремонт на пътна настилка по ул. ""Христо Тороманов"" и ул. ""Здравец""",Копривщица,София област,7312,ПРО-3043/12.11.2025,,0,0,176651.34,
OP-24.001-1367,"Ремонт на съществуваща многофункционална спортна зала към училище ""Христо Смирненски"" в УПИ ІІ, кв. 25, по плана на гр. Момин проход, община Костенец",Костенец,София област,7313,ПРО-63/10.01.2024 г.,РД-02-30-673/04.04.2024,1100249.00,217813.70,882435.30,
OP-24.001-1368,"Реконструкция и благоустрояване на ул. ""Младежка"", гр. Костенец – Етап І и Етап ІІ",Костенец,София област,7313,ПРО-69/10.01.2024 г.,РД-02-30-348/25.03.2024,1002899.02,644681.20,358217.82,
OP-24.001-1369,Реконструкция и подмяна на съществуващата водопроводна мрежа на територията на община Костенец,Костенец,София област,7313,ПРО-65/10.01.2024 г.,РД-02-30-347/25.03.2024,711225.45,355116.71,356108.74,
OP-24.001-1370,"Реконструкция на уличен водопровод за питейна вода по ул. ""Средна гора"", ул. ""Бор"" и ул. ""Рила"" в курорт Пчелински бани, община Костенец",Костенец,София област,7313,ПРО-75/10.01.2024 г.,РД-02-30-1800/12.12.2024,255236.91,39460.88,215776.03,
OP-24.001-2209,"Подмяна на улични водопроводи на ул. ""Липа"", гр. Костенец, ул. ""Младост"", ул. ""Здравец"", ул. ""Иглика"" и ул ""Бор"", с. Костенец",Костенец,София област,7313,ПРО-2520/20.11.2024,,0,0,421611.29,
OP-24.001-2210,"Реконструкция и благоустрояване на улица ""Ал. Стамболийски"", град Костенец",Костенец,София област,7313,ПРО-2489/12.11.2024,,0,0,709775.39,
OP-24.001-2211,"Реконструкция и благоустрояване на ул. ""Радост"", село Костенец",Костенец,София област,7313,,,0,0,,293532.67
OP-24.001-2212,"Реконструкция и рехабилитация на улица ""Рила"", град Костенец",Костенец,София област,7313,ПРО-2519/20.11.2024,,0,0,374316.79,
OP-24.001-2213,"Изготвяне на инвестиционни проекти за ремонт, реконструкция и изграждане на обекти в община Костенец",Костенец,София област,7313,ПРО-2551/27.11.2024,,0,0,49339.67,
OP-24.001-2214,"Реконструкция и благоустрояване на ул. ""Акация"", град Костенец",Костенец,София област,7313,ПРО-2611/13.01.2025,,0,0,204414.49,
OP-24.001-2215,"Реконструкция и рехабилитация на ул. ""Бузлуджа"", град Костенец",Костенец,София област,7313,ПРО-2521/20.11.2024,,0,0,269195.18,
OP-24.001-2216,"Реконструкция и благоустрояване на ул. ""Еделвайс"", град Момин проход",Костенец,София област,7313,ПРО-2610/13.01.2024,,0,0,263366.45,
OP-24.001-2217,"Реконструкция и благоустрояване на ул. ""Георги Победоносец"", село Костенец",Костенец,София област,7313,ПРО-2509/18.11.2024,,0,0,583128.39,
OP-24.001-2218,"Реконструкция и благоустрояване на ул. ""Родопи"", село Костенец",Костенец,София област,7313,ПРО-2539/22.11.2024,,0,0,422991.77,
OP-24.001-2219,"Реконструкция и рехабилитация на улица ""Сълзица"", град Момин проход",Костенец,София област,7313,ПРО-2589/12.12.2024,,0,0,194546.56,
OP-24.001-2220,"Реконструкция и благоустрояване на ул. ""Софроний Врачански"", село Костенец",Костенец,София област,7313,ПРО-2538/22.11.2024,,0,0,304014.15,
OP-24.001-2221,"Реконструкция и благоустрояване на ул. ""Свети Георги"" от ул. ""Люляк"" до ул. ""Перуника"", град Костенец",Костенец,София област,7313,ПРО-2635/03.02.2025,,0,0,128845.55,
OP-24.001-2222,"Реконструкция и благоустрояване на ул. ""Васил Левски"", село Костенец",Костенец,София област,7313,ПРО-2508/18.11.2024,,0,0,617078.17,
OP-24.001-2223,"Спортна площадка за футбол с гъвкава настилка и покриващо съоръжение с метална конструкция, разположена в имоти с ид. № 38902.500.2037 и 38902.500.9851 по КККР на град Костенец",Костенец,София област,7313,ПРО-2570/03.12.2024,,0,0,437461.33,
OP-24.001-3037,"Реконструкция и благоустрояване на ул. ""Княз Борис I"", гр. Момин проход, в обхвата от о.т. 201 до кръстовището с ул. ""Радост"" между о.т. 172, о.т. 173 и о.т. 174",Костенец,София област,7313,,,0,0,,253191.74
OP-24.001-3038,"Основен ремонт на лекоатлетическа писта при спортен комплекс ""Бенковски"", гр. Костенец",Костенец,София област,7313,ПРО-2724/10.06.2025,,0,0,210089.83,
OP-24.001-3039,"Основен ремонт на лекоатлетическа писта при СУ ""Климент Охридски"", гр. Костенец",Костенец,София област,7313,ПРО-2723/10.06.2025,,0,0,76080.23,
OP-24.001-3040,"Реконструкция и благоустрояване на ул. ""Иван Вазов"", гр. Костенец, от о.т. 62 до о.т. 5",Костенец,София област,7313,ПРО-2772/14.07.2025,,0,0,193268.33,
OP-24.001-3041,"Реконструкция и благоустрояване на ул. ""Трети март"", гр. Костенец, от о.т. 686 до о.т. 627",Костенец,София област,7313,ПРО-2773/14.07.2025,,0,0,170771.49,
OP-24.001-3042,"Реконструкция и благоустрояване на ул. ""Оборище"", гр. Костенец – Етап ІІ тротоари",Костенец,София област,7313,ПРО-2748/24.06.2025,,0,0,57673.72,
OP-24.001-1371,Рехабилитация на общинска пътна мрежа в община Костинброд – Етап II – SFO 1401/SFO1400/Костинброд – Петърч – Безден/от км 0+000 до км 1+910 (общинският път преминава в населеното място през ул. Обединена),Костинброд,София област,7314,ПРО-113/10.01.2024 г.,РД-02-30-160/14.03.2024,2309045.26,2307880.85,0,
OP-24.001-1372,"Рехабилитация на общинска пътна мрежа в община Костинброд – Етап III – SFO 1402 /ІІ – 81/ Костинброд – Голяновци /SFO2404/ от км 0+000 до км 1+150 (общинският път преминава в населеното място през ул. ""Славянска"")",Костинброд,София област,7314,ПРО-116/10.01.2024 г.,РД-02-30-157/14.03.2024,1080871.04,1079467.24,0,
OP-24.001-1373,"Реконструкция и доизграждане на водопроводната мрежа на селата Драговищица и Голяновци – община Костинброд – Четвърти етап ""Изграждане на довеждащ водопровод до село Голяновци, ремонтна помпена станция и напорен резервоар 500 m3 за село Драговищица и село Голяновци, община Костинброд""",Костинброд,София област,7314,ПРО-262/15.01.2024 г.,РД-02-30-381/26.03.2024,947372.73,153392.69,793980.04,
OP-24.001-1374,"Реконструкция и доизграждане на водопроводната мрежа на селата Драговищица и Голяновци – община Костинброд – Подетап II.3. на Втори етап – обект ""Частична подмяна на улична водопроводна мрежа на с. Драговищица, община Костинброд""",Костинброд,София област,7314,ПРО-263/15.01.2024 г.,РД-02-30-389/26.03.2024,616260.10,97195.94,519064.16,
OP-24.001-2224,"""Ботаническа градина – Парк"", УПИ IV – ""За учебен полигон"", кв. 86А, ПИ 38978.900.7129 по КК и КР на гр. Костинброд, община Костинброд, област Софийска",Костинброд,София област,7314,ПРО-1564/21.05.2024,РД-02-30-1044/25.06.2024,1218494.45,1096659.74,121871.52,
OP-24.001-2225,Преустройство и ремонт на общинска сграда с идентификатор 38978.900.6779.1 по КК и КР на гр. Костинброд в общински музей,Костинброд,София област,7314,ПРО-1565/21.05.2024,РД-02-30-1050/25.06.2024,258458.05,0,258458.05,
OP-24.001-2226,"Изготвяне на инвестиционен проект за обект: ""Мост над река Сливнишка, находящ се на път SFO 2406/I-8 Божурище – Сливница – Петърч/ в землището на с. Петърч извън регулация, граничещ със следните полски пътища 604, 605, 606 и 564"" и изготвяне на доклад за съответствието",Костинброд,София област,7314,ПРО-1563/21.05.2024,РД-02-30-93/19.06.2025,22496.84,0,22496.84,
OP-24.001-2227,"Рехабилитация на част от уличната мрежа в гр. Костинброд по ул. Синчец, ул. Янтра и ул. Тунджа",Костинброд,София област,7314,ПРО-1711/19.06.2024,РД-02-30-1119/19.07.2024,453924.93,0,453924.93,
OP-24.001-2228,"Рехабилитация на пътна настилка на уличната мрежа в село Голяновци, община Костинброд – I ЕТАП, ул. Черковна, ул. Лилия, ул. Нарцис, ул. Г. С. Раковски",Костинброд,София област,7314,ПРО-1712/19.06.2024,РД-02-30-1114/19.07.2024,762131.68,0,762131.68,
OP-25.001-0773,Изготвяне на инвестиционен проект за отводнителни съоръжения към пътен подлез – гара Петърч,Костинброд,София област,7314,ПРО-2951/23.09.2025,РД-02-30-418/10.12.2025,61355.03,0,61355.03,
OP-24.001-1376,"Реконструкция на водопроводната мрежа на с. Буново, община Мирково – III етап",Мирково,София област,7315,ПРО-182/11.01.2024 г.,РД-02-30-1213/22.07.2024,1145907.36,731931.44,413975.92,
OP-24.001-1377,"Реконструкция на водопроводната мрежа на с. Буново, община Мирково – II етап",Мирково,София област,7315,ПРО-189/11.01.2024 г.,РД-02-30-1028/25.06.2024,1024986.83,0,1024986.83,
OP-24.001-1378,"Рехабилитация на общински път SFО 3304 от км 5+081.87 до км 8+702, с. Каменица",Мирково,София област,7315,ПРО-181/11.01.2024 г.,РД-02-30-1216/22.07.2024,969256.02,193851.20,775629.79,
OP-24.001-1379,"Рехабилитация и възстановяване на пътен участък SFO 3434 IV 80137 /III-6006/, с. Бенковски, община Мирково",Мирково,София област,7315,ПРО-176/11.01.2024 г.,РД-02-30-1288/15.08.2024,477188.71,0,477188.71,
OP-24.001-1380,"Корекция на речното корито на река Буновска от км 0+674 до км 0+764, с. Буново, община Мирково",Мирково,София област,7315,ПРО-186/11.01.2024 г.,РД-02-30-1281/15.08.2024,446664.59,446275.14,389.45,
OP-24.001-1381,"Благоустройство на УПИ VI-473, 585 към читалище ""Хр. Ботев"", с. Мирково",Мирково,София област,7315,ПРО-188/11.01.2024 г.,РД-02-30-1285/15.08.2024,346349.12,0,346349.12,
OP-24.001-1382,"Основен ремонт на улици в село Мирково на два подобекта – ПОДОБЕКТ 1: Основен ремонт на ул. ""Крайречна"" в участък от ул. ""П. Мечкаров"" до ул. ""Акация""; ул. ""Петър Берон"" в участъка от ул. ""Крайречна"" до ул. ""Цвятко Караджов""; ул. ""Тиха"" и ул. ""Филип Тотьо""",Мирково,София област,7315,ПРО-184/11.01.2024 г.,РД-02-30-1017/25.06.2024,186928.31,166828.73,20113.98,
OP-24.001-1383,"Основен ремонт на улици в село Мирково на два подобекта – ПОДОБЕКТ 2: Основен ремонт на ул. ""Зора"" в участък от ул. ""Изток"" до ул. ""Бузлуджа""; ул. ""Емил Марков"" в участъка от ул. ""Опълченска"" до ул. ""Зора; ул. ""П. Славейков"" и ул. ""Бузлуджа"" в участъка от ул. ""Зора"" до ул. ""Опълченска""",Мирково,София област,7315,ПРО-183/11.01.2024 г.,РД-02-30-1005/25.06.2024,182224.43,161152.01,21072.42,
OP-24.001-1385,"Основен ремонт на улици в с. Буново, община Мирково, ЕТАП 1 – улица от о.т. 97 до о.т. 100, от о.т. 99 до о.т. 132, от о.т. 101 до о.т. 130, от о.т. 102 до о.т. 127, от о.т. 114 до о.т. 126",Мирково,София област,7315,ПРО-187/11.01.2024 г.,РД-02-30-1025/25.06.2024,116881.32,23271.67,93617.54,
OP-24.001-1386,"Основен ремонт на улици в с. Буново, община Мирково, ЕТАП 2 – улица от о.т. 113 до о.т. 125, от о.т. 123 до о.т. 120, от о.т. 120 до о.т. 187",Мирково,София област,7315,ПРО-185/11.01.2024 г.,РД-02-30-1010/25.06.2024,102769.67,20452.03,82317.64,
OP-24.001-2614,"Основен ремонт на улици в с. Смолско, община Мирково – от осова т. 202 до осова т. 165 и от осова т. 240 до осова т. 245",Мирково,София област,7315,ПРО-1865/13.08.2024,РД-02-30-1462/08.10.2024,95151.42,0,95151.42,
OP-25.001-0654,"Основен ремонт на улицa в с. Буново, община Мирково – от осова т. 174 до осова т. 159",Мирково,София област,7315,ПРО-2866/15.08.2025,,0,0,259736.28,
OP-25.001-0655,"Изпълнение на СМР на обект ""Мост в с. Буново""",Мирково,София област,7315,ПРО-2867/15.08.2025,,0,0,117085.84,
OP-25.001-0656,"Основен ремонт на улици в с. Смолско, община Мирково – от осова т. 212 до гробищен парк, с. Смолско",Мирково,София област,7315,ПРО-2865/15.08.2025,,0,0,48572.73,
OP-24.001-1387,"Реконструкция и рехабилитация на улична мрежа от регулацията на с. Душанци, община Пирдоп, включваща: ул. ""Маньо Стоянов"", ул. ""Черковна"", ул. ""Бор"", ул. ""Искро Нейчев"", ул. ""Кирил и Методий"", ул. ""Димитър Шопов"", ул. ""Александър Стамболийски"", ул. ""Бреза"", ул. ""Георги Салчев"", ул. ""Димитър Пенев"", ул. ""Здравец"", ул. ""Найден Кирилов"", ул. ""Свети Георги"", ул. ""Георги Стойчев"", ул. ""Куфарита"", ул. ""Полк. Кирил Найденов"", ул. ""Спасови могили"", ул. ""Оброк"", ул. ""Иван Костадинов – Агронома"", ул. ""Даскал Никола Балов"", ул. ""Главоч"", ул. ""Димитър Оджаков"", ул. ""Никола Койчев"", ул. ""Бялата вода"", ул. ""Селище"", ул. ""Юрий Гагарин""",Пирдоп,София област,7316,ПРО-434/19.01.2024 г.,РД-02-30-523/28.03.2024; Анекс РД-02-30-523(1)/22.07.2024,5065470.93,2012743.49,3052727.44,
OP-24.001-2229,"Рехабилитация и реконструкция на общински пътища на територията на община Пирдоп, SFO 1450 участък от км 0+000 до км 7+500 /I-6, Пирдоп – Розино/ – Граница община /Пирдоп – Антон/",Пирдоп,София област,7316,ПРО-1642/05.06.2024,РД-02-30-1194/22.07.2024,3265109.95,0,3265109.95,
OP-24.001-3043,"Изработка на технически проект на реконструкция и рехабилитация на улична мрежа от регулацията на гр. Пирдоп, община Пирдоп, включващ: ул. Скока, ул. Стефан Стамболов, ул. Манджерин, ул. Райна Княгиня, ул. Димитър Ненов, ул. Никола Пушкаров, ул. Чавдар войвода, ул. Кирил и Методий, ул. Александър Батенберг, ул. Георги Бенковски, ул. Княз Борис I, ул. Сергей Румянцев, ул. Панагюрско шосе в участък: от кръстовище с ул. Цар Освободител до кръстовище с ул. Стефан Стамболов, проектиране на паркинги и алеи в междублоково пространство в кв. 174",Пирдоп,София област,7316,,,0,0,,53072.10
OP-24.001-1389,"Улични мрежи и съоръжения на техническата инфраструктура – изграждане на водопровод за кв. 102, 103, 104, 105, 106, 107, 108, 109, 110, 111, 112, 113 и 114 по действащите подробни устройствени планове на гр. Правец, общ. Правец, обл. Софийска",Правец,София област,7317,ПРО-974/27.02.2024,РД-02-30-664/04.04.2024,727927.79,626945.38,0,
OP-24.001-1390,"Ремонт, преустройство и промяна на предназначението на стопанска сграда – офиси, за жилища за временно настаняване",Правец,София област,7317,ПРО-1390/09.05.2024,РД-02-30-915/04.06.2024,376310.82,344179.76,0,
OP-24.001-2230,"Улични мрежи и съоръжения на техническата инфраструктура – изграждане на улици и тротоари за кв. 102, 103, 104, 105, 106, 107, 108, 109, 110, 111, 112, 113 и 114 по действащите подробни устройствени планове на град Правец, община Правец, област Софийска",Правец,София област,7317,ПРО-1572/23.05.2024,РД-02-30-1185/22.07.2024,2203156.72,700181.86,1502974.86,
OP-24.001-3044,"Ремонт и възстановяване на гробищен парк – основен ремонт на обреден дом, благоустрояване на алеи, строителство на ограда и стена за урни, в УПИ I, кв. 149 от РП на гр. Правец (етапно изпълнение)",Правец,София област,7317,,,0,0,,623213.67
OP-24.001-3045,"Инженеринг – проектиране и авторски надзор, и изпълнение на СМР на обект: ""Ремонт на спортна зала в гр. Правец с цел подобряване на нейната енергийна ефективност""",Правец,София област,7317,ПРО-2600/02.01.2025,РД-02-30-187/14.07.2025,981680.41,45095.93,936584.48,
OP-24.001-3046,"Инженеринг – проектиране и авторски надзор, и изпълнение на СМР на обект: ""Реконструкция на вътрешна водопроводна мрежа на село Джурово, община Правец""",Правец,София област,7317,ПРО-2769/14.07.2025,,0,0,2654218.41,
OP-24.001-3047,"Проектиране на обект ""Реконструкция на вът-решна водопроводна мрежа на село Осиковица, община Правец""",Правец,София област,7317,ПРО-2603/08.01.2025,РД-02-30-188/14.07.2025,14060.53,0,14060.53,
OP-25.001-0657,"Изпълнение на основен ремонт и надзор на обект ""Реконструкция на вътрешна водопроводна мрежа на с. Осиковица, община Правец""",Правец,София област,7317,,,0,0,,2084537.00
OP-25.001-0658,"Инженеринг – проектиране и авторски надзор, и изпълнение на СМР на обект ""Преустройство и промяна на предназаначението на Търговски комплекс в Сграда за култура и изкуство – УПИ XIV, кв. 20, гр. Правец""",Правец,София област,7317,,,0,0,,766937.82
OP-25.001-0659,"Основен ремонт на тротоари по улица ""Трети март"" от о.т. 93 през о.т. 94-95-96-97-98-99-100-101-102-58-60-62- 54-104-70 до о.т. 80 и паркинг в УПИ I, кв. 7, за обществено обслужващи дейности в с. Разлив, община Правец",Правец,София област,7317,,,0,0,,920325.39
OP-24.001-1391,"Реконструкция на вътрешна водопроводна мрежа на с. Широки дол, община Самоков",Самоков,София област,7318,ПРО-60/10.01.2024 г.,РД-02-30-490/28.03.2024,2288031.17,1680451.04,607580.13,
OP-24.001-1392,"Модернизация и ремонт на съществуващ лекоатлетически стадион – лекоатлетическа писта и съоръжения за лекоатлетически дисциплини, гр. Самоков: Етап 1: Модернизация и ремонт на лекоатлетическа писта; Етап 2: Модернизация и ремонт на съоръжения за лекоатлетически дисциплини",Самоков,София област,7318,ПРО-62/10.01.2024 г.,РД-02-30-411/26.03.2024; Анекс РД-02-30-411(1)/12.12.2024,757172.15,733692.89,0,
OP-24.001-2231,"Изграждане на физк. салон към ОБУ ""Неофит Рилски"" в УПИ VIII – за училище, кв. 17, с идентификатор 65231.903.366 по КК на гр. Самоков",Самоков,София област,7318,ПРО-1664/06.06.2024 г.,РД-02-30-1004/25.06.2024,1729904.95,251076.22,1478828.73,
OP-24.001-2615,"Основен ремонт на общински път SFO2579/II-82, Самоков – София/ – Горни Окол – Долни Окол – /II-82/ в участъка от км 0+000 до км 9+819,36/Граница София- град",Самоков,София област,7318,ПРО-1866/13.08.2024,РД-02-30-1363/20.09.2024; Анекс РД-02-30-1363(1)/04.11.2025,7600353.81,2002803.43,5597550.38,
OP-24.001-2616,"Основен ремонт на общински път SFO2571/III-181, Железница – п.к. Алино/ – Ковачевци – Ярлово в участъка от км 0+000 до км 4+8000",Самоков,София област,7318,ПРО-1867/13.08.2024,РД-02-30-1375/24.09.2024,2963294.36,426386.44,2536907.92,
OP-24.001-1394,"Изграждане на предпазна дига по десния бряг на река Искър в УПИ XV – ""За озеленяване и водни площи"", кв. 174 по ПУП на град Своге",Своге,София област,7319,ПРО-820/12.02.2024 г.,РД-02-30-147/04.07.2025,3606601.80,617901.43,2988700.37,
OP-24.001-1395,"Изграждане и рехабилитация на канализационната и водоснабдителна мрежа на град Своге. Втори етап: ""Рехабилитация на водоснабдителна мрежа на централна градска част на град Своге"": ""Изграждане и рехабилитация на канализационната мрежа на централна градска част на град Своге"" и ""Основен ремонт пътна настилка на централна градска част на град Своге""",Своге,София област,7319,ПРО-819/12.02.2024 г.,РД-02-30-1016/25.06.2024; Анекс РД-02-30-1016(1)/13.12.2024,2224528.72,1728427.65,496101.07,
OP-24.001-2232,"Изграждане ""Мост над река Искър, гр. Своге – улица с ОТ 616 през ОТ 1267-1268-1270 (Б)-1272 (А)-ОТ 1272 между кв. 78 и 174 по ПУП на гр. Своге""",Своге,София област,7319,ПРО-1546/20.05.2024,РД-02-30-1313/16.08.2024,4021055.00,227457.12,3850249.02,
OP-24.001-1397,"Реконструкция на част от съществуващата водоснабдителна система и съоръжения на град Сливница, община Сливница, и изграждане на нови клонове",Сливница,София област,7320,ПРО-206/12.01.2024 г.,РД-02-30-770/26.04.2024,7682620.68,3734083.92,3948553.80,
OP-24.001-1398,"Реконструкция на бул. ""Юрий Гагарин"" от о.т. 164 до о.т. 81 по части ВиК и улично осветление и нов пътен мост над река Сливнишка, гр. Сливница, от о.т. 108 до о.т. 317",Сливница,София област,7320,ПРО-207/12.01.2024 г.,РД-02-30-162/14.03.2024; Анекс РД-02-30-162(1)/09.10.2024; Анекс РД-02-30-162(2)/15.11.2024,1536227.59,801715.77,734511.82,
OP-24.001-1399,"Основен ремонт на общински път SFO3214 /I-8/ – Драгоман – Граница общ. (Драгоман – Сливница) – Сливница – Граница общ. (Сливница – Божурище) – /SFO2021/, участък от км 4+847 до км 8+874 с дължина 4,027 км, част от общинската пътна мрежа",Сливница,София област,7320,ПРО-208/12.01.2024 г.,РД-02-30-163/14.03.2024,5374291.22,5317355.30,0,
OP-24.001-2678,"Преустройство и смяна на предназначението на обществена сграда в детска градина в УПИ с идентификатор 67372.200.120 с адм. адрес ул. ""Св. Климент Охридски"" № 43, гр. Сливница, община Сливница",Сливница,София област,7320,ПРО-2063/03.09.2024,РД-02-30-1543/09.10.2024,777879.47,700067.03,77812.44,
OP-24.001-2679,"Прилагане на мерки за енергийна ефективност и реконструкция на старата сграда на ПГТ ""Н. Й. Вапцаров"", гр. Сливница, ул. ""Кирил и Методий"" № 4 (УПИ I, кв. 49) и смяна на предназначението в етнографски музей",Сливница,София област,7320,ПРО-2064/03.09.2024,РД-02-30-1651/15.11.2024,420793.22,378355.82,42448.66,
OP-25.001-0660,"ВОДОПРОВОДНА МРЕЖА НА ГР. СЛИВНИЦА, ОБЩИНА СЛИВНИЦА – ЕТАПНО ИЗГРАЖДАНЕ II ЕТАП: Гл. кл. III/част/, Гл. кл. IX/част/, Гл. кл. VII/част/ k 23, k-24,k-71, k-74, k-75/ч/, k-76/ч/, k-79, k-81, k-83, k-85, k-86, k-87, k-91, k-92/ч/, k-99, k-101, k-113/ч/, k-114/ч/, k- 115/ч/, k-119, k-124, k-125, k-126, k-127, k-128, k-129, k- 130, k-135, k-135А, k-138/ч/, k-139/ч/, k-142, k-144, k-145, k-147, k-151, k-157, Гл. кл. V/част/",Сливница,София област,7320,,,0,0,,7311473.90
OP-24.001-1400,Общински център за гости,Чавдар,София област,7321,ПРО-150/11.01.2024 г.,РД-02-30-512/28.03.2024,1117172.76,932665.11,184507.65,
OP-24.001-1401,Реконструкция и рехабилитация на улици и тротоари в с. Чавдар,Чавдар,София област,7321,ПРО-148/11.01.2024 г.,РД-02-30-504/28.03.2024; Анекс РД-02-30-504(1)/04.09.2024,646324.07,645685.66,0,
OP-24.001-2234,"Аварийно-възстановителни работи по почистване, укрепване и реконструкция на отводнителна канавка и отводнителни съоръжения, прилежащи на ул. ""Александър Стамболийски"" в с. Чавдар",Чавдар,София област,7321,ПРО-1770/05.07.2024,,0,0,259378.37,
OP-24.001-2617,"Основен ремонт на улици ""Рила"" и ""Витоша"" от уличната мрежа на с. Чавдар, община Чавдар",Чавдар,София област,7321,,,0,0,,578833.54
OP-25.001-0661,"Внедряване на мерки за ЕЕ и изграждане на ФЕЦ на покрива на сградата на читалище ""Надежда"" – с. Чавдар",Чавдар,София област,7321,,,0,0,,548871.83
OP-24.001-1402,"Плувен комплекс в УПИ XVIII-325, 326, 327",Челопеч,София област,7322,ПРО-310/16.01.2024 г.,РД-02-30-660/04.04.2024; Анекс РД-02-30-660(1)/21.10.2024,6135502.57,2466983.33,3668519.24,
OP-24.001-2618,Довеждащи водопроводи на с. Челопеч,Челопеч,София област,7322,ПРО-2165/20.09.2024,РД-02-30-1624/22.10.2024,3067751.29,600767.96,2466983.33,
OP-24.001-1221,"Ул. ""Опълченска"" от бул. ""Тодор Александров"" до бул. ""Сливница""",Столична община,София-град,7225,ПРО-994/01.03.2024,РД-02-30-625/01.04.2024; Анекс РД-02-30-625(1)/19.07.2024; Анекс РД-02-30-625(2)/30.10.2024,7194899.35,4446863.75,2748045.60,
OP-24.001-1222,"Рехабилитация на бул. ""Ал. Стамболийски"" от бул. ""Константин Величков"" до Западен парк",Столична община,София-град,7225,ПРО-997/01.03.2024,РД-02-30-614/01.04.2024; Анекс РД-02-30-614(1)/22.07.2024; Анекс РД-02-30-614(2)/30.10.2024,23453469.88,10717767.91,12735701.97,
OP-24.001-1223,"Изграждане на етажен паркинг и подземен гараж в УПИ VI-265, 266 – ""за ПГ и етажен паркинг"", кв. 2в, м. ""Младост-3""",Столична община,София-град,7225,ПРО-1125/07.03.2024,РД-02-30-696/04.04.2024,4018140.64,0,4018140.64,
OP-24.001-1224,"Изграждане на бул. ""Филип Кутев"" от бул. ""Черни връх"" до ул. ""Сребърна""",Столична община,София-град,7225,ПРО-993/01.03.2024,РД-02-30-623/01.04.2024; Анекс РД-02-30-623(1)/22.07.2024; Анекс РД-02-30-623(2)/30.10.2024,2477311.42,2005776.85,471558.25,
OP-24.001-1225,"Корекция на р. Владайска в участъка от км 0+349 до км 0+730, район ""Овча купел"", в т.ч. и надзор",Столична община,София-град,7225,ПРО-920/22.02.2024,РД-02-30-1238/23.07.2024; Анекс РД-02-30-1238(1)/30.10.2024,1277718.41,0,1277718.41,
OP-24.001-1226,"Основен ремонт на р. Владайска в участъка от ул. ""Камен Андреев"" до бул. ""Мария-Луиза"", район ""Възраждане"", в т.ч. СН, АН и др.",Столична община,София-град,7225,ПРО-980/27.02.2024,РД-02-30-1230/23.07.2024; Анекс РД-02-30-1230(1)/30.10.2024,1910186.47,33234.74,1876951.73,
OP-24.001-1227,"Ремонт на ул. ""Велчо Атанасов"", район ""Слатина"" (от о.т. 229б при ул. ""Калиманци"" – през о.т. 224-о.т. 232-о.т. 23 о.т. 79-о.т. 64 до о.т. 5, където е кръстовището с ул. ""Атанас Узунов"" и продължава по о.т. 67 до о.т. 81 преди кръстовището с ул. ""Боян Магесник"")",Столична община,София-град,7225,ПРО-1085/07.03.2024,,0,0,2099313.34,
OP-24.001-1229,"Събаряне на едноетажна сграда /етернитова/ и изграждане на Самостоятелен корпус на два етажа и зала в двора на 126 ОУ ""П. Ю. Тодоров"", строителен и авторски надзор",Столична община,София-град,7225,ПРО-1126/07.03.2024,РД-02-30-1098/27.06.2024; Анекс РД-02-30-1098(1)/22.07.2024,2936195.89,863482.43,2103106.81,
OP-24.001-1230,"Ремонт на ул. ""Атанас Узунов"" (от ул. ""Братован"" до кръстовището с ул. ""Велчо Атанасов""), район ""Слатина""",Столична община,София-град,7225,ПРО-1087/07.03.2024,,0,0,1671004.13,
OP-24.001-1231,"Проектиране и изграждане на ул. ""Добротица Деспот"" (ПИ 68134.201.131) и благоустрояване на зоните около нея (ПИ 68134.201.176, 68134.201.127, 68134.201.130, 68134.201.163 и 68134.201.164) в ж.к. ""Лагера"", гр. София",Столична община,София-град,7225,ПРО-1091/07.03.2024,,0,0,2249684.28,
OP-24.001-1232,"Ул. ""Хенрик Ибсен"" от бул. ""Черни връх"" до ул. ""Козяк""",Столична община,София-град,7225,ПРО-995/01.03.2024,РД-02-30-610/01.04.2024; Анекс РД-02-30-610(1)/22.07.2024,1009596.95,0,1810995.84,
OP-24.001-1233,"Изграждане на улици и паркинги в ж.к. ""Лев Толстой"" – СМР, строителен надзор, авторски надзор",Столична община,София-град,7225,ПРО-1105/07.03.2024,РД-02-30-1102/27.06.2024; Анекс РД-02-30-1102(1)/22.07.2024,954939.85,0,954939.85,
OP-24.001-1234,"ВиК мрежа по ул. ""Розова долина""; по ул. ""Беласица""; по ул. ""Бреза"" и по ул. ""Гина Кунчева"", кв. ""Курило"", гр. Нови Искър",Столична община,София-град,7225,ПРО-1075/07.03.2024,РД-02-30-619/01.04.2024; Анекс РД-02-30-619(1)/19.07.2024,901918.88,163915.98,738002.90,
OP-24.001-1235,"Изграждане на ВиК мрежи по ул. ""Хаджи Димитър"", ул. ""Банска"", ""Стое Джуров"", ул. ""Детелина"", ул. ""Калиакра"" и ул. ""Средец"", кв. ""Кумарица"", р-н ""Нови Искър""",Столична община,София-град,7225,ПРО-977/27.02.2024,РД-02-30-1246/13.08.2024,818067.01,0,1840650.77,
OP-24.001-1236,"Изграждане на ВиК мрежи по улици ""Оброчище"", ""Върбовка"", ""Беласица"", ""Гина Кунчева"", район ""Нови Искър""",Столична община,София-град,7225,ПРО-978/27.02.2024,РД-02-30-613/01.04.2024; Анекс РД-02-30-613(1)/19.07.2024,814999.26,0,814999.26,
OP-24.001-1237,"Основен ремонт на р. Владайска в участъка от бул. ""Овча купел"" до съществуваща корекция при стадион ""Славия"", район ""Овча купел"", в т.ч. СН, АН и др.",Столична община,София-град,7225,ПРО-979/27.02.2024,РД-02-30-1228/23.07.2024,775374.14,0,775374.14,
OP-24.001-1238,"Изграждане на улици в кв. Симеоново (Шумако, 86-а, 82- ра)",Столична община,София-град,7225,ПРО-1119/07.03.2024,РД-02-30-1097/27.06.2024,766937.82,0,766937.82,
OP-24.001-1241,"Смяна на предназначението на първи етаж от многофункционална сграда, с. Владая, в медицински център, аптека, лаборатория и кафе-чайна",Столична община,София-град,7225,ПРО-1114/07.03.2024,РД-02-30-1235/23.07.2024,740861.94,0,740861.94,
OP-24.001-1243,"Изграждане на улица (от о.т. 31а до о.т. 32а) от ул. ""Зайчар"" до ул. ""Царибродска"", включително съпътстваща техническа инфраструктура, и Изграждане на улица (от о.т. 17б до о.т. 30а) от ул. ""Царибродска"" до ул. ""Димитър Петков""",Столична община,София-град,7225,ПРО-1128/07.03.2024,РД-02-30-626/01.04.2024; Анекс РД-02-30-626(1)/22.07.2024,597751.34,105360.21,492391.13,
OP-24.001-1244,"Изграждане на ул. ""Проф. Никола Милев"" и ул. ""Синьо езеро"" в участъка от ул. ""Перуника"" до ул. ""Гръсниче"". Ул. ""Перуника"" от о.т. 349 до ул. ""Лотос""",Столична община,София-град,7225,ПРО-923(1)/07.03.2024,РД-02-30-622/01.04.2024; Анекс РД-02-30-622(1)/19.07.2024; Анекс РД-02-30-622(2)/30.10.2024,961535.51,178611.09,782924.42,
OP-24.001-1245,"Основен ремонт и реконструкция на площада пред НЧ ""Виделина"", разположен на нивото на терена, и укрепване на съществуваща стоманобетонна плоча под него заедно с полагане на нова хидроизолация и реконструкция на помещенията под площада и изграждане на нов архив",Столична община,София-град,7225,ПРО-1084/07.03.2024,РД-02-30-265/22.07.2025,558177.35,305597.55,252579.80,
OP-24.001-1247,"Изграждане на ВиК мрежата на кв. ""Суходол"", район ""Овча купел"" – Подобект: ""Канализационни клонове 73, 77, 74, 78, 70, 67, 68, 61, 63, 64, 56"", в т.ч. СН, АК и др.",Столична община,София-град,7225,ПРО-976/27.02.2024,РД-02-30-611/01.04.2024; Анекс РД-02-30-611(1)/22.07.2024,455816.71,0,766937.82,
OP-24.001-1248,"Изграждане на канализация по ул. ""Ефрем Чучков"" в у-ка от ул. ""24"" (ОТ4) до включването в Десен Какачки колектор (о.т. 1), кв. ""Обеля"", р-н ""Връбница""",Столична община,София-град,7225,ПРО-981/27.02.2024,РД-02-30-608/01.04.2024; Анекс РД-02-30-608(1)/19.07.2024,438023.75,0,715808.63,
OP-24.001-1249,"Основен ремонт на Дом на културата, гр. Бухово (Построен през 1950 г. от ДСО ""Редки метали"", Дом на културата, гр. Бухово, е най-старият културен дом на територията на столицата и конкретно район ""Кремиковци"" с характерен за периода архитектурен стил и мащаби. По модел на Народен театър ""Иван Вазов"", проект на известни виенски архитекти.)",Столична община,София-град,7225,ПРО-1115/07.03.2024,РД-02-30-616/01.04.2024; Анекс РД-02-30-616(1)/22.07.2024,359898.36,273332.83,86565.53,
OP-24.001-1250,"Изграждане на Дубльор на канализационен колектор по бул. ""Симеоновско шосе"" от о.т. 71 до о.т. 72, райони ""Студентски"" и ""Лозенец""",Столична община,София-град,7225,ПРО-982/27.02.2024,РД-02-30-607/01.04.2024; Анекс РД-02-30-607(1)/19.07.2024,358569.00,253284.71,0,
OP-24.001-1251,"Проектиране и изграждане на ул. ""Проф. Кирил Попов"" в участъка между о.т. 465-о.т. 4а-о.т. 40-о.т. 39-о.т. 42-о.т. 38-о.т. 49-о.т. 68-о.т. 75 и о.т. 76",Столична община,София-град,7225,ПРО-1124/07.03.2024,РД-02-30-1241/23.07.2024,357904.32,35463.20,0,
OP-24.001-1252,"Изграждане на ново мостово съоръжение на ул. ""Тодор Джебаров"", кв. ""Манастирски ливади-изток""",Столична община,София-град,7225,ПРО-1130/07.03.2024,РД-02-30-814/17.05.2024; Анекс РД-02-30-814(1)/19.07.2024,398807.67,70693.41,328114.26,
OP-24.001-1253,"Изграждане на Главен канализационен клон I по ул. ""Свети Иван Рилски"" и по ул. ""Брезова гора"", кв. ""Курило"", гр. Нови Искър",Столична община,София-град,7225,ПРО-1078/07.03.2024,РД-02-30-605/01.04.2024; Анекс РД-02-30-605(1)/19.07.2024,294913.16,53236.89,241676.27,
OP-24.001-1256,Укрепване на опасен участък на ул. Бор,Столична община,София-град,7225,ПРО-1092/07.03.2024,РД-02-30-808/17.05.2024,255645.94,4325.53,251320.41,
OP-24.001-1257,"Стълбище и асансьор до хотел ""Сердика""",Столична община,София-град,7225,ПРО-1264/03.04.2024,РД-02-30-1231/23.07.2024,255645.94,0,255645.94,
OP-24.001-1259,"Изготвяне на работен проект за основен ремонт на междублоково пространство в ж.к. ""Света Троица"", бл. 365, бл. 366, бл. 366A и бл. 367",Столична община,София-град,7225,ПРО-1122/07.03.2024,РД-02-30-311/17.09.2025,63144.55,0,63144.55,
OP-24.001-1261,"Проектиране и основен ремонт на ул. ""Българска морава"" между бул. ""Тодор Александров"" и ул. ""Пиротска"" – пътно платно",Столична община,София-град,7225,ПРО-1131/07.03.2024; ПРО-1131(3)/21.08.2024,,0,0,230081.35,
OP-24.001-1262,"Изготвяне проект в идейна фаза на ВиК мрежи в кв. ""Факултета"" – Главен клон V – по ул. ""Суходолска"", ул. ""Ришки проход"", ул. ""Добротич"", вкл. и прилежащите й клонове",Столична община,София-град,7225,ПРО-1060/06.03.2024,РД-02-30-819/17.05.2024,220008.90,0,220008.90,
OP-24.001-1263,"Основен ремонт на опасна подпорна стена на ул. ""Иван Вазов""",Столична община,София-град,7225,ПРО-1000/01.03.2024,РД-02-30-262/22.07.2025,214742.59,168276.40,46466.19,
OP-24.001-1265,"Реконструкция, ремонт, обновяване на мостове/пасарелки над Перловска река",Столична община,София-град,7225,ПРО-1083/07.03.2024 ПРО-2139/13.09.2024,,0,0,361483.36,
OP-24.001-1266,"Едноетажна пристройка на входно фоайе и асансьор за осигуряване на достъп на хора в неравностойно положение към административна сграда на 4 етажа (районна администрация – ""Люлин"" и НАП)",Столична община,София-град,7225,ПРО-1113/07.03.2024,,0,0,204516.75,
OP-24.001-1267,Проектиране на многоетажни квартални паркинги – 7 броя,Столична община,София-град,7225,ПРО-1111/07.03.2024,РД-02-30-440/23.12.2025,204516.75,0,204516.75,
OP-24.001-1271,Проект в техническа фаза за локална пречиствателна станция за отпадни води в с. Волуяк,Столична община,София-град,7225,ПРО-1093/07.03.2024,,0,0,281210.53,
OP-24.001-1273,"Изграждане на мост над р. Клисурска при ул. Липа, кв. Вердикал",Столична община,София-град,7225,ПРО-1089/07.03.2024,,0,0,220366.80,
OP-24.001-1276,"Реконструкция и възстановяване на водното огледало и алейното осветление и видеонаблюдение в градина ""Равин Гавриел Меркадо Алмоснино""",Столична община,София-град,7225,ПРО-1081/07.03.2024,,0,0,154410.15,
OP-24.001-1278,"Пешеходен мост на река Суходолска, по който се осъществява достъпът до Западен парк от живущите в район ""Люлин – 10 м.р.",Столична община,София-град,7225,ПРО-1104/07.03.2024,,0,0,152364.98,
OP-24.001-1279,"Внедряване на мерки за повишаване на енергийната ефективност и съпътстващи мероприятия на сграда 68134.8552.169.1 (Кметството на кв. Враждебна представлява масивна сграда, построена през 1952 г., състояща се от един етаж с полуподземно ниво и подпокривно пространство с таванска стая.)",Столична община,София-град,7225,ПРО-1112/07.03.2024,РД-02-30-620/01.04.2024; Анекс РД-02-30-620(1)/19.07.2024,137179.61,107377.42,29802.19,
OP-24.001-1280,"Сграда на НЧ ""Виделина"" и районна администрация, с. Панчарево. Изготвяне на цялостен проект за реконструкция и укрепване, подмяна на облицовката и проект за енергийно обследване и изготвяне на паспорт, свързано с цялостното саниране на сградата на НЧ ""Виделина"" и районната администрация",Столична община,София-град,7225,ПРО-1077/07.03.2024,РД-02-30-1240/23.07.2024,130123.78,122710.05,0,
OP-24.001-1282,"Проектиране на обект: Ремонт на бул. ""Петър Дертлиев"" – проучвателни и проектни работи",Столична община,София-град,7225,ПРО-1102/07.03.2024,,0,0,127822.97,
OP-24.001-1284,"Изготвяне на технически проект за обект: ""Водоснабдяване и канализация на ж.к. ""Левски-В"" на територията на Столична община, район ""Подуяне""",Столична община,София-град,7225,ПРО-1133/07.03.2024,,0,0,103792.25,
OP-24.001-1285,"Изграждане на ВиК мрежи по ул. ""Орех"" от о.т. 148 до о.т. 149, кв. ""Суходол"", р-н ""Овча купел""",Столична община,София-град,7225,ПРО-983/27.02.2024,РД-02-30-606/01.04.2024; Анекс РД-02-30-606(1)/19.07.2024,102258.38,0,102258.38,
OP-24.001-1286,"Изграждане на ул. ""Айдемир"" (о.т. 107 – о.т. 108), м. Дървеница",Столична община,София-град,7225,ПРО-1110/07.03.2024,РД-02-30-1095/27.06.2024,102258.38,0,102258.38,
OP-24.001-1287,"Вертикална планировка в пространството пред бл. 549 откъм бул. ""П. Владигеров"", ж.к. ""Люлин"" – 5 м.р.",Столична община,София-град,7225,ПРО-1094/07.03.2024,,0,0,100980.15,
OP-24.001-1288,"Проектиране и изграждане на улица с о.т. 4 – 5 – 101 между квартали 79, 80 (южна страна) и квартали 78 и 77 (северна страна) в ж.к. ""Дружба 1"" – инженеринг",Столична община,София-град,7225,ПРО-1118/07.03.2024,,0,0,1181084.25,
OP-24.001-1289,Внедряване на мерки за повишаване на енергийната ефективност на сграда с ид. 68134.8200.384.1 (Сградата на кметството е построена през 1928 г. и представлява масивна едноетажна сграда.),Столична община,София-град,7225,ПРО-1123/07.03.2024,РД-02-30-609/01.04.2024; Анекс РД-02-30-609(1)/19.07.2024,94895.77,70216.00,24679.77,
OP-24.001-1290,"Изготвяне на технически проект за обект: ""Етажен паркинг-гараж на територията на Столична община, район ""Подуяне""",Столична община,София-град,7225,ПРО-1132/07.03.2024,РД-02-30-442/23.12.2025,88453.50,0,88453.50,
OP-24.001-1291,"Изготвяне проект в идейна фаза на ВиК мрежи в кв. ""Факултета"" – Главен клон III – по ул. ""Житница"", нереализирана улица, ул. ""Ришки проход"" до бул. ""Н. Мушанов"", вкл. и прилежащите й клонове",Столична община,София-град,7225,ПРО-1061/06.03.2024,РД-02-30-810/17.05.2024,79608.15,0,79608.15,
OP-24.001-1292,"Проектиране на обект: ""Ремонт на бул. ""Добринова скала"" – проучвателни и проектни работи",Столична община,София-град,7225,ПРО-1097/07.03.2024,,0,0,76693.78,
OP-24.001-1293,"Проектиране за изграждане на пътна връзка от о.т. 41 до о.т. 42и и о.т. 42з до о.т. 56 и съпътстващата я техническа инфраструктура (продължението на ул. Александър Паскалев), ж.к. ""Младост-4"", район ""Младост""",Столична община,София-град,7225,ПРО-1086/07.03.2024 ПРО-2515/20.11.2024,,0,0,76693.78,
OP-24.001-1294,"Проектиране и градоустройство на пешеходен мост над бул. ""Михай Еминеску""",Столична община,София-град,7225,ПРО-1080/07.03.2024,,0,0,76693.78,
OP-24.001-1295,"Изготвяне проект в идейна фаза на ВиК мрежи в кв. ""Факултета"" – Главен клон I – по ул. ""Суходолска"" до съществуващ клон по бул. ""Президент Линкълн"", вкл. и прилежащите й клонове",Столична община,София-град,7225,ПРО-1063/06.03.2024,РД-02-30-818/17.05.2024,76131.36,0,76131.36,
OP-24.001-1297,"Изготвяне проект в идейна фаза на ВиК мрежи в кв. ""Факултета"" – Главен клон IV – по бул. ""Възкресение"" от ул. ""Кърпи кожух"" до ул. ""Ришки проход"", вкл. и прилежащите й клонове",Столична община,София-град,7225,ПРО-1064/06.03.2024,РД-02-30-813/17.05.2024,58236.15,0,58236.15,
OP-24.001-1298,"Изготвяне проект в идейна фаза на ВиК мрежи в кв. ""Факултета"" – Главен клон II – по ул. ""Нов живот"", ул. ""Метохия"" и ул. ""Житница"", вкл. и прилежащите й клонове",Столична община,София-град,7225,ПРО-1065/06.03.2024,РД-02-30-812/17.05.2024,56855.66,0,56855.66,
OP-24.001-1301,"Основен ремонт на градска тоалетна в парк ""Кестените""",Столична община,София-град,7225,ПРО-1108/07.03.2024,РД-02-30-263/22.07.2025,51129.19,1533.88,49595.31,
OP-24.001-1303,"Улично осветление по ул. ""Страцин"" от кръстовището с ул. ""Банат"" до кръстовището с бул. ""Черни връх""",Столична община,София-град,7225,ПРО-1099/07.03.2024,РД-02-30-612/01.04.2024; Анекс РД-02-30-612(1)/22.07.2024,48112.57,0,48112.57,
OP-24.001-1304,"Реконструкция на тротоари и джобове за паркиране по безименна улица в ж.к. "" Илинден"" от ул. ""Антон"" до ул. ""Индже войвода"", в участъка от бл. 13 до бл. 16, вкл. стр. надзор",Столична община,София-град,7225,ПРО-1066/07.03.2024 ПРО-2898/20.08.2025 ПРО-2898/22.08.2025,,0,0,84363.16,
OP-24.001-1307,"Изготвяне на технически проект за обект: ""Обществен паркинг в УПИ ІІ, кв. 36, м. ""Суха река-запад"", Столична община, район ""Подуяне""",Столична община,София-град,7225,ПРО-1090/07.03.2024,РД-02-30-1101/27.06.2024,32211.39,0,32211.39,
OP-24.001-1310,"Сграда на НЧ ""Виделина"" и районна администрация, с. Панчарево. Изработване на проект за основен ремонт и реконструкция на площада пред НЧ ""Виделина"", разположен на нивото на терена, и укрепване на съществуваща стоманобетонна плоча под него заедно с проект за полагане на нова хидроизолация и реконструкция на пространствата под площада и изграждане на нов архив",Столична община,София-град,7225,ПРО-1073/07.03.2024,РД-02-30-1243/23.07.2024,28018.80,27865.41,0,
OP-24.001-1312,"Проектиране на ново ел. осветление в ж.к. ""Красна поляна"" 1, по бул. ""Вардар"" от бул. ""Ал. Стамболийски"" до пазара. Ориентировъчна дължина на трасето",Столична община,София-град,7225,ПРО-1069/07.03.2024,РД-02-30-815/17.05.2024,23519.43,23314.91,0,
OP-24.001-1313,"Изготвяне на инвестиционен проект за мост над р. Клисурска при ул. Радово, кв. Бели брег",Столична община,София-град,7225,ПРО-1095/07.03.2024,РД-02-30-1232/23.07.2024; Анекс РД-02-30-1232(1)/30.10.2024,23008.13,11504.07,11504.06,
OP-24.001-1314,"Изготвяне на инвестиционен проект за възстановяване на същ. мост на р. Банска по безименна улица към стадион ""Банкя""",Столична община,София-град,7225,ПРО-1103/07.03.2024,,0,0,23008.13,
OP-24.001-1315,"Изготвяне на инвестиционен проект за възстановяване на същ. мост на р. Михайловска, кв. Михайлово",Столична община,София-град,7225,ПРО-1100/07.03.2024,,0,0,23008.13,
OP-24.001-1316,"Изготвяне на инвестиционен проект за възстановяване на същ. мост на р. Клисурска при ул. Липа, кв. Вердикал",Столична община,София-град,7225,ПРО-1106/07.03.2024,РД-02-30-1096/27.06.2024; Анекс РД-02-30-1096(1)/30.10.2024,26996.21,24535.87,0,
OP-24.001-1317,"Изготвяне проект в идейна фаза на ВиК мрежи в кв. ""Факултета"" – Главен клон V – довеждащ – по бул. ""Никола Мушанов"", ул. ""Орлица"", бул. ""Вардар"" до колектора",Столична община,София-град,7225,ПРО-1068/07.03.2024,РД-02-30-809/17.05.2024,20042.64,0,20042.64,
OP-24.001-1319,"Изготвяне на технически проект за изграждане на кръгово кръстовище между ул. ""Проф. д-р Иван Странски"", ул. ""Акад. Стефан Младенов"" и ул. ""Проф. Живко Сталев"", между кв. 270 и 270а, м. Студентски град, и кв. 5 и кв. 54, м. Малинова долина",Столична община,София-град,7225,ПРО-1109/07.03.2024,РД-02-30-1099/27.06.2024,15338.76,0,15338.76,
OP-24.001-1320,"НЧ ""Светлина"", с. Лозен, изготвяне на проект за основен ремонт, енергийно обследване и паспорт, свързани с цялостно саниране и подмяна на покрива на сградата на НЧ ""Светлина"" в с. Горни Лозен",Столична община,София-град,7225,ПРО-1074/07.03.2024,РД-02-30-1100/27.06.2024,10686.00,10256.11,0,
OP-24.001-1321,"Проектиране на ново ел. осветление в ж.к. ""Красна поляна"" 2, междублоковото пространство на бл. 215, бл. 216 и бл. 217. Строителен и авторски надзор. Ориентировъчна дължина на трасето",Столична община,София-град,7225,ПРО-1049/06.03.2024,РД-02-30-1233/23.07.2024,9407.77,9203.25,0,
OP-24.001-1322,"Проектиране на ново ел. осветление в ж.к. ""Красна поляна"" 1, м/у бл. 23, бл. 24 и бл. 25 и детската площадка. Строителен и авторски надзор. Ориентировъчна дължина на трасето",Столична община,София-град,7225,ПРО-1053/06.03.2024,РД-02-30-1236/23.07.2024,6595.67,6135.50,0,
OP-24.001-1323,"Изготвяне проект в идейна фаза на ВиК мрежи в кв. ""Факултета"" – второстепенна канализационна мрежа, заустваща се в съществуващата канализация по бул. ""Александър Стамболийски""",Столична община,София-град,7225,ПРО-1050/06.03.2024,РД-02-30-816/17.05.2024,6493.41,0,6493.41,
OP-24.001-1324,"Проектиране на ново ел. осветление в ж.к. ""Разсадник – Коньовица"", карето м/у ул. ""Алеко Туранджа"" и бл. 24. Строителен и авторски надзор. Ориентировъчна дължина на трасето",Столична община,София-град,7225,ПРО-1051/06.03.2024,РД-02-30-1237/23.07.2024,5624.21,5521.95,0,
OP-24.001-1325,"Проектиране на ново ел. осветление в ж.к. ""Западен парк"", междублоковото пространство на бл. 86, бл. 87 до бл. 83 – изготвяне на проекти по части Електро, Геодезия и ПБЗ, Строителен и авторски надзор. Ориентировъчна дължина на трасето",Столична община,София-град,7225,ПРО-1052/06.03.2024,РД-02-30-1242/23.07.2024,4703.89,4601.63,0,
OP-24.001-1326,"Проектиране на ново ел. осветление в ж.к. ""Красна поляна"" 1, междублоковото пространство на бл. 26А, бл. 26Б и бл. 26В. Строителен и авторски надзор. Ориентировъчна дължина на трасето",Столична община,София-град,7225,ПРО-1054/06.03.2024,РД-02-30-1234/23.07.2024,4703.89,4601.63,0,
OP-24.001-1329,"Проектиране на спортно игрище за баскетбол, волейбол и бадминтон в ПИ 68134.1108.189, ж.к. ""Западен парк"", срещу СГХСТ – Софийска гимназия по хлебни и сладкарски технологии",Столична община,София-град,7225,ПРО-1057/06.03.2024,РД-02-30-811/17.05.2024,3170.01,0,3170.01,
OP-24.001-1330,"Проектиране на детска площадка за деца от 3 до 12 г. в ПИ 68134.1108.115, ж.к. ""Красна поляна II част"", между бл. 45 и бл. 46, вкл. упражняване на авторски надзор",Столична община,София-град,7225,ПРО-1058/06.03.2024,,0,0,3170.01,
OP-24.001-2164,Изготвяне на технически проект за обект – изпълнение мерки за повишаване на EE на сградата на ДГ 92 – основна сграда,Столична община,София-град,7225,,,0,0,,22241.20
OP-24.001-2165,"Изготвяне на технически проект за обект – изпълнение мерки за повишаване на EE на сградата на 24 СУ ""Пейо Крачолов Яворов""",Столична община,София-град,7225,ПРО-1436/10.05.2024,РД-02-30-1239/23.07.2024,25769.11,0,25769.11,
OP-24.001-2166,"Уличен паркинг съгласно одобрена улична регулация, срещу бл. 57, на ул. ""Ген. Стоян Стоянов"", ж.к. ""Дружба 1"", СО – район ""Искър""",Столична община,София-град,7225,,,0,0,,176395.70
OP-24.001-2581,"Спортен комплекс – футболен стадион с трибуни, находящ се в УПИ I – за спорт и озеленяване, кв. 131, м. Ж.к. Овча купел 1, ПИ с идентификатор 68134.4334.9554",Столична община,София-град,7225,ПРО-2094/05.09.2024,РД-02-30-439/23.12.2025,766937.82,0,766937.82,
OP-24.001-2582,"Изграждане на ул. ""Тодор Недков"" в участъка между о.т. 15 – о.т. 117; о.т. 108 – о.т. 111 и от о.т. 26 – о.т. 22, м. ""Малинова долина 1-ва, 2-ра, 3-та, 4-та, 5-а и 6-а част"", СО, район ""Студентски""",Столична община,София-град,7225,ПРО-2138/13.09.2024,,0,0,867151.03,
OP-24.001-2583,"Реконструкция, ремонт, обновяване на мостове/пасарелки над Перловска река",Столична община,София-град,7225,ПРО-2140/13.09.2024,,0,0,444823.94,
OP-24.001-2584,"Изработване на работен инвестиционен проект за ""Изграждане на Училищна сграда на 33 Езикова гимназия ""Света София""",Столична община,София-град,7225,ПРО-2053/03.09.2024,РД-02-30-309/17.09.2025,230081.35,0,230081.35,
OP-24.001-2585,"Изграждане на нова детска площадка за деца от 3 до 12 г. в кв. 26 за ОЖС и КОО, ПИ 68134.1108.115, местност Ж.к. ""Красна поляна"", и облагородяване на прилежащите й площи, попадащи в междублоковото пространство на бл. 9 и бл. 10, ж.к. ""Красна поляна I част"", район ""Красна поляна""",Столична община,София-град,7225,,,0,0,,76898.30
OP-24.001-2586,"Инвестиционно проектиране на внедряване на мерки за енергийна ефективност и на основен ремонт на училищния двор на 21 СУ ""Христо Ботев"", район ""Лозенец"" – СО",Столична община,София-град,7225,ПРО-1992/26.08.2024,,0,0,152876.27,
OP-24.001-2587,Изготвяне на работни инвестиционни проекти за основен ремонт/реконструкция на детски площадки за игра на открито – 6 броя,Столична община,София-град,7225,ПРО-2058/03.09.2024,,0,0,61355.03,
OP-24.001-2588,"Изпълнение на строително-монтажни работи по ремонт на съществуващи съоръжения и отвод-няване на ул. ""Митю Войнишки"", с. Казичене",Столична община,София-град,7225,ПРО-2528/21.11.2024,,0,0,348036.38,
OP-24.001-2589,"Изграждане на детска площадка за деца от 3 до 12 г. в ПИ 68134.1106.23, ж.к. ""Илинден"", между бл. 15 и бл. 16",Столична община,София-град,7225,,,0,0,,40749.96
OP-24.001-2590,"Проектиране на ул. ""Нишава"" (ПИ 68134.205.118) от бул. България до ул. Дойран в ж.к. ""Белите брези"", гр. София",Столична община,София-град,7225,ПРО-2008/02.09.2024,,0,0,30677.51,
OP-24.001-2591,"Изготвяне на технически проект за изграждане на улично осветление на ул. Лисец № 1, 2, ул. Буная, ул. Каймакчалан и ул. Сердика на територията на район ""Оборище""",Столична община,София-град,7225,ПРО-2137/13.09.2024,,0,0,30166.22,
OP-24.001-2592,"Изготвяне на работен инвестиционен проект за ""Реконструкция и благоустрояване на ул. ""Иван Хаджиенев"" от о.т. 20 до служебен вход на ПГТЕ ""Хенри Форд""",Столична община,София-град,7225,ПРО-2057/03.09.2024,РД-02-30-312/17.09.2025,29399.28,0,29399.28,
OP-24.001-2593,"Изготвяне на технически проекти по всички части за нова сграда в ПИ 68134.1114.1336, УПИ I-127, 1336, кв. ""Факултета"", предназначена за настаняване на социално слаби граждани (приблизително за 17 семейства)",Столична община,София-град,7225,,,0,0,,27712.02
OP-24.001-2594,"Инвестиционно проектиране на преустройство на ул. ""Кишинев"" в участъка от бул. ""Черни връх"" до ул. ""Козяк"", район ""Лозенец"" – СО",Столична община,София-град,7225,ПРО-1990/26.08.2024,,0,0,51129.19,
OP-24.001-2595,"Изготвяне на технически проекти по всички части за нова сграда в ПИ 68134.1114.1336, УПИ I-1336, кв. ""Факултета"", предназначена за настаняване на социално слаби граждани (приблизително за 16 семейства)",Столична община,София-град,7225,ПРО-2581/05.12.2025,,0,0,24337.49,
OP-24.001-2596,"Изготвяне на работен проект за ""Благоустрояване, озеленяване и ремонт на пешеходно пространство – подход към метростанция ""Вардар""",Столична община,София-град,7225,ПРО-2055/02.09.2024,РД-02-30-310/17.09.2025,23008.13,0,23008.13,
OP-24.001-2598,"Инвестиционно проектиране на изграждане на ул. ""Флора Кънева"" и ул. ""Борис Руменов"", в участъка от ул. ""Арарат"" до ул. ""Филип Кутев"", район ""Лозенец"" – СО",Столична община,София-град,7225,ПРО-1987/26.08.2024,,0,0,29654.93,
OP-24.001-2599,"Инвестиционно проектиране на преустройство на пешеходна алея със стълбище, разположена между кв. 236 и кв. 236а, м. Лозенец I част, и на част от ул. ""Милевска планина"" до ул. ""Кожух планина"", район ""Лозенец"" – СO",Столична община,София-град,7225,ПРО-1999/28.08.2024,,0,0,20451.68,
OP-24.001-2600,"Инвестиционно проектиране на изграждане на ул. ""Проф. Елисавета Карамихайлова"" и части от ул. ""Дионисий Дионисиев"" и ул. ""Иван Радоев"", район ""Лозенец"" – СО",Столична община,София-град,7225,ПРО-1991/26.08.2024,,0,0,20451.68,
OP-24.001-2601,"Изготвяне на технически проект за монтаж на зарядни станции по стълбове около Докторски паметник на територията на район ""Оборище""",Столична община,София-град,7225,ПРО-2136/13.09.2024,,0,0,9714.55,
OP-24.001-2602,"Изготвяне на работен проект за ""Основен ремонт на площад (ПИ с идентификатор 68134.1201.168) и ул. ""Зайчар"" от о.т. 12 до о.т. 16""",Столична община,София-град,7225,ПРО-2054/03.09.2024,РД-02-30-308/17.09.2025,8947.61,0,8947.61,
OP-24.001-2603,"Инвестиционно проектиране на основен ремонт на пешеходна алея със стълбище, разположена между кв. 238а и кв. 238б, м. Лозенец I част, район ""Лозенец"" – СО",Столична община,София-град,7225,ПРО-1989/26.08.2024,,0,0,12782.30,
OP-24.001-2604,"Реконструкция, ремонт, обновяване на междублокови пространства за бл. 430, бл. 431, бл. 432 и бл. 433 в СО, р- н ""Люлин""",Столична община,София-град,7225,,,0,0,,184065.08
OP-24.001-2605,"Инвестиционно проектиране на основен ремонт на пешеходна алея със стълбище, разположена между кв. 242б и кв. 242в, м. Лозенец I част, район ""Лозенец"" – СО",Столична община,София-град,7225,ПРО-1988/26.08.2024,,0,0,10225.84,
OP-24.001-2606,"Инвестиционно проектиране на реконструкция на детска площадка, разположена в УПИ I-458 (ПИ с идентификатор 68134.902.458), кв. 126, м. Лозенец – III част, район ""Лозенец"" – СО",Столична община,София-град,7225,ПРО-1986/26.08.2024,,0,0,7669.38,
OP-24.001-2607,"Изготвяне на технически проекти по всички части на нова детска площадка за деца от 3 до 12 г. в кв. 26 за ОЖС и КОО, ПИ 68134.1108.115, местност Ж.к. Красна поляна, и облагородяване на прилежащите й площи, попадащи в междублоковото пространство на бл. 9 и бл. 10, ж.к. ""Красна поляна I част"", район ""Красна поляна""",Столична община,София-град,7225,ПРО-2290/11.10.2024,,0,0,3630.17,
OP-24.001-2693,"Основен ремонт и осигуряване на достъпна архитектурна среда в сградата на Дом на културата – гр. Бухово, район ""Кремиковци"", Столична община",Столична община,София-град,7225,ПРО-2061/03.09.2024,,0,0,402591.23,
OP-24.001-2694,"Етап две на изградена игрална площадка за футбол с дренажна система: ""Изграждане на предпазна ограда със система за осветление"", с. Желява, район ""Кремиковци"", Столична община",Столична община,София-град,7225,ПРО-2060/03.09.2024,,0,0,68564.24,
OP-24.001-2695,"Основен ремонт и реновиране на ""Войнишки паметник"" и околно пространство, кв. Враждебна, район ""Кремиковци"", Столична община",Столична община,София-град,7225,ПРО-2166/24.09.2024,,0,0,58440.66,
OP-24.001-2981,Проектиране и изграждане на източния надлез над жп линията при Бакърена фабрика,Столична община,София-град,7225,ПРО-2246/04.10.2024,РД-02-30-402/08.12.2025,6595665.27,0,6595665.27,
OP-24.001-2982,"Многофункционална спортна зала в УПИ III, квартал 26, град Нови Искър, квартал ""Курило"", гр. Нови Искър, район ""Нови Искър"", Столична община",Столична община,София-град,7225,ПРО-2394/25.10.2024,,0,0,4428861.40,
OP-24.001-2983,"Изграждане на ул. ""Крикор Азарян"" между кв. 3а, 4а, 5а, 6 и кв. 9, 8, 7, м. Малинова долина 1-ва, 2-ра, 3-та, 4-та, 5- а и 6-а, І част: От о.т. 38-о.т. 37-о.т. 36-о.т. 89-о.т. 89-о.т. 32 до о.т. 31, район ""Студентски"", гр. София",Столична община,София-град,7225,ПРО-2543/26.11.2024,,0,0,1273116.78,
OP-24.001-2984,"Изграждане на ново осветление в ж.к. ""Разсадника – Коньовица"", карето между ул. ""Алеко Туранджа"" и бл. 24, находящо се в ПИ 68134.1106.309",Столична община,София-град,7225,,,0,0,,125266.51
OP-24.001-2985,"Изграждане на ново улично осветление в ж.к. ""Красна поляна"" 1 по бул. ""Вардар"" от бул. ""Ал. Стамболийски"" до пазар ""Росица"" (от о.т. 29б – о.т. 26б до имотна граница между УПИ IV-123 и УПИ I-79, кв. 109)",Столична община,София-град,7225,,,0,0,,122710.05
OP-24.001-2986,"Реконструкция на междублоково пространство с детски площадки за деца от 0 до 3 и от 3 до 12 години, ""Младост 1""",Столична община,София-град,7225,ПРО-2534/21.11.2024,РД-02-30-261/22.07.2025,357904.32,0,357904.32,
OP-24.001-2987,"Изграждане на ново осветление в ж.к. ""Красна поляна"" 2, междублоковото пространство на бл. 215, бл. 216 и бл. 217, находящо се в ПИ 68134.1108.54",Столична община,София-град,7225,,,0,0,,63042.29
OP-24.001-2988,"Изграждане на ново осветление в ж.к. ""Западен парк"", междублоково пространство на бл. 86, бл. 87 до бл. 83, находящо се в ПИ 68134.1105.121",Столична община,София-град,7225,,,0,0,,54196.94
OP-24.001-2989,"Изграждане на ново осветление в ж.к. ""Красна поляна"" 1, междублоковото пространство на бл. 23, бл. 24 и бл. 25, находящо се в ПИ 68134.1108.96",Столична община,София-град,7225,,,0,0,,50259.99
OP-24.001-2990,"Проектиране и изпълнение на основен ремонт на 39 СУ, район ""Младост""",Столична община,София-град,7225,ПРО-2541/22.11.2024,,0,0,1636134.02,
OP-24.001-2991,"Инженеринг (проектиране, строителство и упражняване на авторски надзор) за изпълнение на строеж: ""Основен ремонт на улица ""Христо Белчев"" СО – район ""Средец""",Столична община,София-град,7225,ПРО-2292/11.10.2024,,0,0,1871328.29,
OP-24.001-2992,"Изграждане на ново осветление в ж.к ""Красна поляна"" 1, междублоковото пространство на бл. 26А, бл. 26Б, находящо се в ПИ 68134.1108.58",Столична община,София-град,7225,,,0,0,,40647.70
OP-24.001-2993,"Изготвяне инвестиционен проект за основен ремонт на улица ""Аксаков"" СО – район ""Средец""",Столична община,София-град,7225,ПРО-2289/11.10.2024,,0,0,40136.41,
OP-24.001-2994,"Изготвяне и изпълнение на инвестиционен проект чрез инженеринг – основен ремонт на подпокривното пространство и преустройството му в използваеми помещения и пристройка за нов физкултурен салон на 127 СУ ""Иван Николаевич Денкоглу"" – район ""Средец""",Столична община,София-град,7225,ПРО-2288/11.10.2024,,0,0,1592674.21,
OP-24.001-2995,"Двуетажна постройка с четири учебни помещения: два специализирани кабинета и две STEM стаи към 159 ОУ, гр. София, кв. Челопечене, район ""Кремиковци"", Столична община",Столична община,София-град,7225,ПРО-2667/25.04.2025,,0,0,644636.80,
OP-24.001-2996,"Проектиране и изпълнение на основен ремонт на административната сграда на Район ""Младост"", СО",Столична община,София-град,7225,ПРО-2533/21.11.2024,,0,0,2045167.52,
OP-24.001-2997,"Проектиране и изпълнение на реконструкция на парк в ""Младост 3"" пред общината",Столична община,София-град,7225,ПРО-2514/20.11.2024,,0,0,766937.82,
OP-24.001-2998,"Проектиране и изпълнение за реконструкция на парк ""Сухото дере"" в ""Младост 4""",Столична община,София-град,7225,,,0,0,,1408609.13
OP-24.001-2999,"Проектиране и възстановяване на паркова среда, достъпна среда и изграждане на спортни игрища в имот с идентификатор 07140.8092.1726, находящ се в гр. Бухово, район ""Кремиковци"", Столична община",Столична община,София-град,7225,ПРО-2668/25.04.2025,,0,0,564261.72,
OP-24.001-3000,"Проектиране и възстановяване на паркова среда, достъпна среда, изграждане на спортно игрище, детска площадка и паркова сцена в имот с идентификатор 22304.7891.925, находящ се в с. Долни Богров, район ""Кремиковци"", Столична община",Столична община,София-град,7225,ПРО-2669/25.04.2025,,0,0,686409.35,
OP-24.001-3001,"Проектиране и изграждане на пристройка с три градински групи към съществуваща сграда на ДГ 89, както и музикален кабинет в гр. София, кв. Враждебна, район ""Кремиковци"", Столична община",Столична община,София-град,7225,ПРО-2666/25.04.2025,,0,0,1046563.35,
OP-24.001-3002,"Изготвяне на работен проект ""Реконструкция на път до с. Кътина между о.т. 252 /при ул. ""Локомотив""/ до о.т. 6в""",Столична община,София-град,7225,ПРО-2461/06.11.2024,РД-02-30-441/23.12.2025,19429.09,0,19429.09,
OP-24.001-3004,"Основен ремонт и внедряване на енергоефективни мерки в 68 СУ ""Академик Никола Обрешков"", жк ""Дружба 2"", район ""Искър"", гр. София",Столична община,София-град,7225,ПРО-2295/11.10.2024,,0,0,2426898.04,
OP-24.001-3005,"Основен ремонт на физкултурния салон на 4-то ОУ ""Професор Джон Атанасов"", кв. ""Дружба 1"", район ""Искър"", гр. София",Столична община,София-град,7225,ПРО-2287/11.10.2024,,0,0,310558.69,
OP-24.001-3006,"Основен ремонт и внедряване на енергоефективни мерки в 21 Детска градина ""Ежко Бежко"" – Филиал, кв. ""Дружба-1"", район ""Искър"", гр. София",Столична община,София-град,7225,ПРО-2293/11.10.2024,,0,0,2270647.24,
OP-24.001-3007,"Проектиране, СМР и упражняване на авторски надзор за обект: ""Изграждане на паркоместа и реконструкция на тротоари по улици между квартали 13, 14, 15 и 16 по плана на м. Дружба 1 – I и II част, р-н ""Искър"" (инженеринг)",Столична община,София-град,7225,ПРО-2291/11.10.2024,,0,0,749144.86,
OP-24.001-3008,"Проектиране, СМР и упражняване на авторски надзор за обект: ""Изграждане на паркоместа и реконструкция на тротоари по улици между квартали 27, 29, 30, 31, 32 и 33 по плана на м. ""Дружба 1 – I и II част"", р-н ""Искър"" (инженеринг)",Столична община,София-град,7225,ПРО-2294/11.10.2024,,0,0,1015425.68,
OP-24.001-3009,"Изграждане и обновяване на три междублокови пространства до бл. 543, до бл. 31 и до бл. 983",Столична община,София-град,7225,,,0,0,,1602900.05
OP-24.001-3010,"Вътрешно преустройство и смяна предназначението на помещение за съхранение в зала за спорт към 78 СУ, находящи се в подземен етаж в блок А1 на 78 СУ, УПИ I – единно политехническо училище, кв. 33, гр. Банкя, район ""Банкя""",Столична община,София-град,7225,ПРО-2602/07.01.2025,,0,0,144082.05,
OP-24.001-3011,Основен ремонт на спортни игрища на 78 СУ,Столична община,София-град,7225,ПРО-2601/06.01.2025,,0,0,153387.56,
OP-24.001-3012,"Спортна площадка в УПИ III-2316 за спорт (ПИ с идентификатор 35239.6102.2344), кв. 17А, местност С. Казичене, СО – район ""Панчарево""",Столична община,София-град,7225,ПРО-2529/21.11.2024,,0,0,101849.34,
OP-24.001-3013,Инженеринг – проектиране и изграждане на ДГ в с. Железница за четири групи деца,Столична община,София-град,7225,ПРО-2510/18.11.2024,РД-02-30-264/22.07.2025г.Анекс РД-02- 30-264(1)/18.02.2026 г.,2401793.61,0,2401793.61,
OP-24.001-3014,"Сграда за медицински център и обществено обслужване в УПИ XIV, кв. 39, м. Орландовци – Малашевци, ПИ с идентификатор 68134.508.1810 по КККР на СО – район ""Сердика""",Столична община,София-град,7225,ПРО-2548/26.11.2024,,0,0,526374.99,
OP-24.001-3015,"Сграда за лаборатория, амбулатория и обществено обслужване в УПИ XIV, кв. 39, м. Орландовци – Малашевци, ПИ с идентификатор 68134.508.1809 по КККР на СО – район ""Сердика""",Столична община,София-град,7225,ПРО-2549/26.11.2024,,0,0,275075.03,
OP-24.001-3016,"Изграждане на концертна зала за район ""Люлин"" – СО, в ПИ 68134.4360.976",Столична община,София-град,7225,,,0,0,,1620795.26
OP-24.001-3017,"Изграждане на общинската администрация за район ""Люлин"" – СО, в ПИ 68134.4360.976",Столична община,София-град,7225,,,0,0,,2432726.77
OP-24.001-3018,"Уличен водопровод ф 250 ПЕВП/Клон А/ с начало съществуващ водопровод с диаметър ф 1200 мм стомана през учреден сервитут за техническа инфраструктура и колектор, местност ОСЗ ""Сгуроотвала"", район ""Подуяне"" и р-н ""Сердика"", гр. София",Столична община,София-град,7225,,,0,0,,662122.99
OP-24.001-3019,"Реконструкция на път до с. Кътина между о.т. 252 (при ул. ""Локомотив"") до о.т. 6в",Столична община,София-град,7225,,,0,0,,1189060.40
OP-25.001-0618,"Инженеринг (проектиране, строителство и авторски надзор) за изграждане и оборудване на детска градина за 12 (дванадесет) групи в УПИ I – ""за детска градина"", ПИ 68134.4089.5694, кв. 24, м. Бул. Ал. Малинов, кв. 2, 14, 19, 21, 24, 32А, по плана на гр. София, район ""Младост""",Столична община,София-град,7225,,,0,0,,6514881.15
OP-25.001-0619,"Инженеринг (проектиране, строителство и упражняване на авторски надзор) за изграждане на сграда, предназначена за училище, в УПИ V – за училище (ПИ с идент. 68134.1976.1085 по КККР на гр. София), кв. 67, кв. ""Драгалевци"", гр. София, район ""Витоша""",Столична община,София-град,7225,,,0,0,,11385191.96
OP-25.001-0620,"Изграждане на нов център за рехабилитация с минерална вода и кинезитерапия, кв. Кумарица, гр. Нови Искър, район ""Нови Искър"", Столична община",Столична община,София-град,7225,,,0,0,,1906607.42
OP-25.001-0621,"Инженеринг (проектиране, авторски надзор и строителство) на обект: Основен ремонт на ул. ""Преображенско въстание"" от о.т. 89 до о.т. 114, ж.к. ""Света Троица"", район ""Илинден"" – СО",Столична община,София-град,7225,,,0,0,,506997.03
OP-25.001-0622,"Облагородяване на училищен двор, изграждане на спортна зала и на 20 класни стаи с цел преминаване на едносменен режим на обучение в 138 СУЗИЕ ""Проф. Васил Златарски"", район ""Слатина""",Столична община,София-град,7225,,,0,0,,5185829.03
OP-25.001-0623,"Облагородяване на училищен двор и прилежащо незастроено пространство в размер на 15 дка и изграждане на спортна зала в съседен общински имот в 88 СУ ""Димитър Попниколов"", район ""Овча купел""",Столична община,София-град,7225,,,0,0,,4309934.91
OP-25.001-0624,"Инженеринг (проектиране и основен ремонт), включващ основни сгради и дворно пространство на обект ДГ 69 ""Жар птица"", находящ се в ж.к. Хаджи Димитър, ул. ""Найден Георгиев"" 12",Столична община,София-град,7225,,,0,0,,1278229.70
OP-24.001-1403,"Реконструкция на част от водопроводната мрежа на с. Братя Даскалови, общ. Братя Даскалови",Братя Даскалови,Стара Загора,7401,ПРО-664/29.01.2024,РД-02-30-435/26.03.2024,1209256.43,900603.23,308653.20,
OP-24.001-2619,"Реконструкция на ул. ""Тракия"" – от ул. ""Крайречна"" до кръстовище с път ІІІ-5603",Братя Даскалови,Стара Загора,7401,ПРО-2733/17.06.2025,,0,0,899004.51,
OP-24.001-2620,"Реконструкция на улица в с. Плодовитово между о.т. 81 (кръстовище с път ІІІ-667), о.т. 83, о.т. 94, о.т. 93, о.т. 92, о.т. 91, о.т. 89 и о.т. 88",Братя Даскалови,Стара Загора,7401,ПРО-2731/17.06.2025,,0,0,441653.93,
OP-24.001-2621,"Реконструкция на улица в с. Оризово от о.т. 3 (кръстовище с път ІІІ-666), о.т. 4 и о.т. 8",Братя Даскалови,Стара Загора,7401,ПРО-2732/17.06.2025,,0,0,254214.32,
OP-24.001-3049,"Реконструкция на улици в с. Мирово между о.т. 62, о.т. 63, о.т. 64, о.т. 72, о.т. 74, о.т. 117 и о.т. 116 (кръстовище с републикански път II-66)",Братя Даскалови,Стара Загора,7401,,,0,0,,558330.73
OP-24.001-3050,"Асфалтобетонова настилка на улица от о.т. 94 до о.т. 22 (през о.т. 72, о.т. 28, о.т. 24, о.т. 23) в с. Малко Дряново, община Братя Даскалови",Братя Даскалови,Стара Загора,7401,,,0,0,,104047.90
OP-25.001-0662,"Реконструкция и рехабилитация на улица от о.т. 88 през о.т. 89, о.т. 92, о.т. 94 до о.т. 41 в с. Братя Даскалови, община Братя Даскалови",Братя Даскалови,Стара Загора,7401,,,0,0,,503366.86
OP-24.001-1404,"Основен ремонт и реконструкция на улица ""Михаил Греков"", гр. Гурково",Гурково,Стара Загора,7402,ПРО-565/24.01.2024,РД-02-30-208/21.07.2025,1251696.81,265622.00,986074.81,
OP-24.001-1407,"Основен ремонт и реконструкция на улица ""Захари Стоянов"" (от о.т. 34 до о.т. 100), гр. Гурково",Гурково,Стара Загора,7402,ПРО-562/24.01.2024,РД-02-30-686/04.04.2024; Анекс РД-02-30-686(1)/19.07.2024,271240.34,145738.09,125502.25,
OP-24.001-1408,"Основен ремонт и реконструкция на улица ""Чайка"" (о.т. 36-о.т. 84) в с. Паничерево, община Гурково",Гурково,Стара Загора,7402,ПРО-564/24.01.2024,РД-02-30-1443/24.09.2024,161261.46,0,161261.46,
OP-24.001-1409,"Основен ремонт и реконструкция на улица ""Севастопол"" (о.т. 3-о.т. 94) в с. Паничерево, община Гурково",Гурково,Стара Загора,7402,ПРО-566/24.01.2024,РД-02-30-209/21.07.2025,312603.86,64328.53,248275.33,
OP-24.001-1410,"Основен ремонт и реконструкция на улица ""Хаджи Димитър Асенов"" (от о.т. 77 до о.т. 80), гр. Гурково",Гурково,Стара Загора,7402,ПРО-579/25.01.2024,РД-02-30-1129/19.07.2024,101849.34,20689.26,81160.08,
OP-24.001-1412,"Основен ремонт и реконструкция на улица ""Байкал"" (о.т. 117-о.т. 124) в с. Паничерево, община Гурково",Гурково,Стара Загора,7402,ПРО-561/24.01.2024,РД-02-30-1126/19.07.2024,84516.55,17386.59,67129.96,
OP-24.001-1625,"Основен ремонт и реконструкция на улица ""Александър Стамболийски"" (от о.т. 107 до о.т. 111), гр. Гурково, община Гурково",Гурково,Стара Загора,7402,ПРО-573/24.01.2024,РД-02-30-1438/24.09.2024,110234.53,22577.41,87657.12,
OP-24.001-2235,"Основен ремонт и реконструкция на улица ""Паисий"" (от о.т. 7 през о.т. 14, о.т. 13, о.т. 29, о.т. 28, о.т. 34, о.т. 33, о.т. 74, о.т. 75, о.т. 81, о.т. 82 до о.т. 93), гр. Гурково",Гурково,Стара Загора,7402,ПРО-1773/05.07.2024,РД-02-30-155/04.07.2025,705276.02,145278.98,559997.04,
OP-24.001-2236,"Основен ремонт и реконструкция на улица ""Тунджа"" (от о.т. 154 през о.т. 155 до о.т. 158), гр. Гурково",Гурково,Стара Загора,7402,ПРО-1771/05.07.2024,РД-02-30-157/04.07.2025,81244.28,16568.71,64675.57,
OP-24.001-2237,"Основен ремонт и реконструкция на улица ""Панайот Волов"", гр. Гурково",Гурково,Стара Загора,7402,ПРО-1772/05.07.2024,РД-02-30-156/04.07.2025,59054.21,11998.33,47055.88,
OP-24.001-2238,"Основен ремонт и реконструкция на ул. от о.т. 104 до о.т. 106, с дължина 129 м, с. Конаре, общ. Гурково, обл. Стара Загора",Гурково,Стара Загора,7402,ПРО-1782/05.07.2024,РД-02-30-1452/24.09.2024,80528.47,16124.88,64403.59,
OP-24.001-2239,"Основен ремонт и реконструкция на улица от о.т. 54 през о.т. 56, о.т. 57, о.т. 57, о.т. 44, о.т. 45, о.т. 16, о.т. 17, о.т. 18, о.т. 20, о.т. 21 до о.т. 9 в с. Конаре, община Гурково",Гурково,Стара Загора,7402,ПРО-1780/05.07.2024,РД-02-30-1448/24.09.2024,551121.52,113483.45,437638.07,
OP-24.001-2240,"Основен ремонт и реконструкция на улица от 155 през о.т. 163, о.т. 162, о.т. 173 до о.т. 175 в с. Конаре, община Гурково",Гурково,Стара Загора,7402,ПРО-1775/05.07.2024,РД-02-30-1429/24.09.2024,245062.20,50512.83,194549.37,
OP-24.001-2241,"Основен ремонт и реконструкция на улица от о.т. 22 през о.т. 23, о.т. 24 до о.т. 5 в с. Конаре, община Гурково",Гурково,Стара Загора,7402,ПРО-1779/05.07.2024,РД-02-30-1729/25.11.2024,198739.15,40850.34,157888.81,
OP-24.001-2242,"Основен ремонт и реконструкция на улица о.т. 56 през о.т. 63, о.т. 62 до о.т. 61, с. Конаре, община Гурково",Гурково,Стара Загора,7402,ПРО-1781/05.07.2024,РД-02-30-1435/24.09.2024,162488.56,33166.58,129321.98,
OP-24.001-2243,"Основен ремонт и реконструкция на улица ""Бояна"" (о.т. 96 през о.т. 56, о.т. 55, о.т. 53 до о.т. 52) в с. Паничерево, община Гурково",Гурково,Стара Загора,7402,ПРО-1776/05.07.2024,РД-02-30-1432/24.09.2024,273234.38,52133.59,221100.79,
OP-24.001-2244,"Основен ремонт и реконструкция на улица ""Язовирна"" (о.т. 84 през о.т. 83, о.т. 88, о.т. 87, о.т. 86, о.т. 91, о.т. 134, о.т. 133, о.т. 132 до о.т. 131) в с. Паничерево, община Гурково",Гурково,Стара Загора,7402,ПРО-1778/05.07.2024,РД-02-30-1447/24.09.2024,282335.38,151034.69,131300.69,
OP-24.001-2245,"Основен ремонт и реконструкция на улица ""Драва"" (о.т. 66 през о.т. 65, о.т. 58, о.т. 59 до о.т. 60) в с. Паничерево, община Гурково",Гурково,Стара Загора,7402,ПРО-1777/05.07.2024,РД-02-30-1431/24.09.2024,255288.04,52200.51,203087.53,
OP-24.001-2246,"Основен ремонт и реконструкция на улица ""Дружба"" (о.т. 99-о.т. 112) в с. Паничерево, община Гурково",Гурково,Стара Загора,7402,ПРО-1774/05.07.2024 ПРО-1774(1)/05.07.2024,РД-02-30-1451/24.09.2024,518040.93,106352.18,411688.75,
OP-25.001-0663,"Основен ремонт на общински паркинг с открити и закрити паркоместа, находящ се в ПИ 18157.501.1113, кв. 15, УПИ II в гр. Гурково",Гурково,Стара Загора,7402,,,0,0,,189126.87
OP-24.001-1413,"Реконструкция на общински път SZR 1042 Гълъбово – с. Априлово, от км 5+500 до км 8+000",Гълъбово,Стара Загора,7403,ПРО-896/19.02.2024 ПРО-2672/02.05.2025,РД-02-30-55/16.06.2025,2262466.57,210862.38,2051604.19,
OP-24.001-1414,"Изграждане на обслужваща сграда и трибуни и основен ремонт на градски стадион Гълъбово – тревно покритие, писта, ограда, осветление, поливна инсталация и др.",Гълъбово,Стара Загора,7403,,,0,0,,2041077.19
OP-24.001-1415,"Реконструкция на ул. ""Славянска"", от бул. ""Република"" до ул. ""Лозенец"" – гр. Гълъбово",Гълъбово,Стара Загора,7403,ПРО-895/19.02.2024,РД-02-30-53/16.06.2025,705582.80,124368.14,581214.66,
OP-24.001-2247,"Реконструкция и рехабилитация на общински път SZR 1044 /от път II-55 до с. Помощник/, км 0+000 до км 5+800",Гълъбово,Стара Загора,7403,ПРО-1492/14.05.2024,РД-02-30-1499/08.10.2024,6145217.12,1256397.54,4888819.58,
OP-24.001-2248,"Реконструкция на водопроводна мрежа, изграждане на канализация за битови отпадни води и пречиствателна станция за битови отпадни води /ПСОВ/ в с. Обручище",Гълъбово,Стара Загора,7403,ПРО-2670/25.04.2025,РД-02-30-184/14.07.2025,27714320.77,144695.60,322829.70,
OP-24.001-2249,Изграждане на общински пазар в гр. Гълъбово,Гълъбово,Стара Загора,7403,,,0,0,,3989099.26
OP-24.001-2250,"Реконструкция и рехабилитация на общински път SZR 1043 /от път III-5504 до с. Обручище/, км 0+000 до км 0+950",Гълъбово,Стара Загора,7403,ПРО-1491/14.05.2024,РД-02-30-901/04.06.2024,50362.25,50311.12,306.78,
OP-24.001-2622,"Реконструкция и рехабилитация на улица с о.т. 84 – о.т. 132, с. Медникарово",Гълъбово,Стара Загора,7403,,,0,0,,511291.88
OP-24.001-2623,"Реконструкция на ул. ""Шипка"", гр. Гълъбово",Гълъбово,Стара Загора,7403,,,0,0,,237750.72
OP-24.001-2624,"Реконструкция на ул. ""Хан Аспарух"", гр. Гълъбово",Гълъбово,Стара Загора,7403,,,0,0,,168726.32
OP-24.001-2625,"Реконструкция на ул. ""Възход"", гр. Гълъбово",Гълъбово,Стара Загора,7403,,,0,0,,108905.17
OP-24.001-2681,Подмяна на водопроводна мрежа в обхвата на републикански път III-5504 в с. Обручище,Гълъбово,Стара Загора,7403,ПРО-2051/02.09.2024,РД-02-30-1497/08.10.2024,755331.50,118525.04,636806.46,
OP-24.001-2682,Подмяна на водопроводна мрежа в обхвата на републикански път III-5504 в с. Медникарово,Гълъбово,Стара Загора,7403,ПРО-2052/02.09.2024,РД-02-30-1495/08.10.2024,575254.50,420037.69,155216.81,
OP-24.001-2683,Подмяна на водопроводна мрежа в обхвата на републикански път III-5504 в с. Искрица,Гълъбово,Стара Загора,7403,ПРО-2050/02.09.2024,РД-02-30-50/16.06.2025,371197.91,160269.83,210928.08,
OP-24.001-1416,"Реконструкция на общински спортен обект ""Колодрум"" в град Казанлък в закрита многофункционална спортна зала",Казанлък,Стара Загора,7404,ПРО-739/05.02.2024; ПРО-739(2)/27.05.2024,РД-02-30-213/18.03.2024; Анекс РД-02-30-213(1)/02.09.2024,9167821.33,0,9167821.33,
OP-24.001-1417,Реконструкция на общински път SZR 2070 и изграждане на велоалея от гр. Казанлък – яз. Копринка. Туристически маршрут Севтополис,Казанлък,Стара Загора,7404,ПРО-742/05.02.2024,РД-02-30-929/04.06.2024; Анекс РД-02-30-929(1)/02.09.2024,2295905.06,1863571.49,432333.57,
OP-24.001-1418,"Изграждане на пътно кръстовище ""Детелина"" – пътен възел на път I-6 София – Бургас при км 312+00",Казанлък,Стара Загора,7404,ПРО-743/05.02.2024,РД-02-30-1335/02.09.2024,1908754.85,1440988.42,467766.43,
OP-24.001-1419,Изграждане на западен вход на град Казанлък с кръгово кръстовище,Казанлък,Стара Загора,7404,ПРО-741/05.02.2024,РД-02-30-211/18.03.2024; Анекс РД-02-30-211(1)/02.09.2024,2007178.54,283683.15,1723495.39,
OP-24.001-3051,"Изграждане на парк ""Северен"", град Казанлък",Казанлък,Стара Загора,7404,ПРО-2582/06.12.2024,,0,0,673627.05,
OP-25.001-0664,"Реконструкция на водопроводна мрежа, с. Енина, община Казанлък – етап I",Казанлък,Стара Загора,7404,ПРО-2804/04.08.2025,РД-02-30-316/24.09.2025,3078795.20,0,3078795.20,
OP-25.001-0665,Реконструкция на част от път SZR 1064/II-56 Шипка – Павел баня – Шейново – Крън – Енина – Горно Изворово/,Казанлък,Стара Загора,7404,ПРО-2806/04.08.2025,,0,0,2556459.41,
OP-25.001-0666,"Основен ремонт на ПЪТ SZR /I-6, Дунавци – Казанлък – яз. Копринка от км 0+000 до км 3+600/",Казанлък,Стара Загора,7404,ПРО-2805/04.08.2025,,0,0,2300813.47,
OP-24.001-1420,"Основен ремонт на ул. ""Еделвайс"" от о.т. 6 до о.т. 186 в село Тулово, община Мъглиж",Мъглиж,Стара Загора,7405,ПРО-568/24.01.2024; ПРО-568(2)/28.08.2024,РД-02-30-651/03.04.2024; Анекс РД-02-30-651(1)/21.10.2024,2171967.91,1110513.09,1061454.82,
OP-24.001-1421,"Основен ремонт на ул. ""Отдих"" от о.т. 122 до о.т. 164 в село Тулово, община Мъглиж",Мъглиж,Стара Загора,7405,ПРО-570/24.01.2024,РД-02-30-249/19.03.2024,223690.20,221283.46,2406.74,
OP-24.001-1422,"Основен ремонт на ул. ""Тинтява"" от о.т. 108 до о.т. 168 в село Тулово, община Мъглиж",Мъглиж,Стара Загора,7405,ПРО-569/24.01.2024,РД-02-30-261/19.03.2024,125368.77,120793.68,4575.09,
OP-24.001-1423,"Основен ремонт на ул. ""Дружба"" от о.т. 164 до о.т. 168 в село Тулово, община Мъглиж",Мъглиж,Стара Загора,7405,ПРО-571/24.01.2024,РД-02-30-258/19.03.2024,121789.73,118752.69,3037.04,
OP-24.001-2251,"Основен ремонт на ул. ""Роза"" от о.т. 134 до о.т. 98 в с. Тулово, община Мъглиж",Мъглиж,Стара Загора,7405,ПРО-1583/27.05.2024,РД-02-30-1600/21.10.2024,1572989.47,258436.28,1314553.19,
OP-24.001-2252,"Основен ремонт на ул. ""Бояна"" от о.т. 113 до о.т. 99 в с. Тулово, община Мъглиж",Мъглиж,Стара Загора,7405,ПРО-1581/27.05.2024,РД-02-30-1591/21.10.2024,756200.69,143820.88,612379.81,
OP-24.001-2253,"Основен ремонт и подмяна на уличен водопровод на ул. ""Славянска"" в с. Дъбово, община Мъглиж",Мъглиж,Стара Загора,7405,ПРО-1582/27.05.2024; ПРО-1582(1)/29.05.2024,РД-02-30-1598/21.10.2024; Анекс РД-02-30-1598(1)/13.12.2024,2315845.45,221655.50,2094189.95,
OP-24.001-3052,"Реконструкция на водопроводната мрежа на с. Юлиево, община Мъглиж – първи етап, втори подетап",Мъглиж,Стара Загора,7405,ПРО-2308/14.10.2024,РД-02-30-1885/13.12.2024,2147579.29,1923159.13,224420.16,
OP-24.001-3053,"Основен ремонт на ул. ""Лев Попов"" и подмяна на водопровоната мрежа по нея в гр. Мъглиж, община Мъглиж",Мъглиж,Стара Загора,7405,ПРО-2309/14.10.2024,РД-02-30-1789/12.12.2024,1556014.58,224484.38,1331530.20,
OP-24.001-3054,"Основен ремонт на общински път SZR 1081 Тулово – Мъглиж – Селце – отстраняване на каменопади, сипеи, свличания и вследствие на това – възстановяване на увредена асфалтобетонова настилка и монтаж на ОСП на планински участък общински път SZR 1081 от км 6+259 до км 19+500 между гр. Мъглиж и с. Селце, община Мъглиж",Мъглиж,Стара Загора,7405,ПРО-2317/15.10.2024,РД-02-30-1783/12.12.2024,2090365.73,274710.46,1830022.57,
OP-24.001-3055,"Основен ремонт на ул. ""Звезда"" от о.т. 29, о.т. 39 до о.т. 94 в село Тулово, община Мъглиж",Мъглиж,Стара Загора,7405,ПРО-2311/15.10.2024,РД-02-30-1787/12.12.2024,571624.32,108176.40,463447.92,
OP-25.001-0667,"Изграждане и реконструкция на ВиК мрежа и ПСОВ в град Мъглиж, общ. Мъглиж – етапно, подобект 2 ""Изграждане и реконструкция на водопроводна и канализационна мрежа в град Мъглиж, общ. Мъглиж – етап 1""",Мъглиж,Стара Загора,7405,ПРО-2807/05.08.2025,РД-02-30-480/30.12.2025,4323381.89,0,4323381.89,
OP-24.001-1424,"Реконструкция и подмяна на вътрешна водопроводна мрежа в с. Едрево, общ. Николаево – Първи етап",Николаево,Стара Загора,7406,ПРО-1048/06.03.2024,РД-02-30-701/04.04.2024; Анекс РД-02-30-701(1)/24.09.2024 Анекс РД-02-30-701(2)/13.12.2024,1032656.21,773994.76,258661.45,
OP-24.001-1425,Реконструкция на външен водопровод с. Едрево от БПС до НВ V=120 куб. м – II и III етап от точка B6 до НВ V=120 куб. м,Николаево,Стара Загора,7406,ПРО-1047/06.03.2024,РД-02-30-693/04.04.2024; Анекс РД-02-30-693(1)/24.09.2024,540640.04,405874.67,134765.37,
OP-24.001-2254,"Реконструкция на бул. ""Св. св. Кирил и Методий"" и ул. ""Освобождение"" в гр. Николаево",Николаево,Стара Загора,7406,ПРО-1953/22.08.2024; ПРО-1953(1)/28.08.2024,РД-02-30-1456/24.09.2024; Анекс РД-02-30-1456(1)/13.12.2024,1533773.39,274171.07,1259602.32,
OP-24.001-3056,"Реконструкция на общински път SZR1023 /ІІ – 55/ Паничерево – Граница общ. (Гурково – Николаево) – Едрево – Елхово – Граница общ. (Николаево – Мъглиж) – /ІІІ – 5007/, с идентификаторен номер 48163.17.248 по КККР на с. Елхово, общ. Николаево",Николаево,Стара Загора,7406,ПРО-2285/10.10.2024,РД-02-30-1771/04.12.2024,4089056.82,1294130.88,2794925.94,
OP-24.001-3057,"Реконструкция на общински път SZR2101 / ІІІ – 5007 / Николаево – Граница общ. (Николаево – Гурково) – Брестова – Дворище – Жълтопоп, с идентификаторен номер 51648.51.59 по КККР на гр. Николаево",Николаево,Стара Загора,7406,ПРО-2283/10.10.2024,РД-02-30-1772/04.12.2024,2044553.98,0,2044553.98,
OP-24.001-3058,"Рехабилитация и изграждане на част от вътрешната водопроводна мрежа на с. Елхово, община Николаево, с дължина 495.35 м – етап II",Николаево,Стара Загора,7406,ПРО-2286/10.10.2024,РД-02-30-1773/04.12.2024,203289.65,30524.45,172765.20,
OP-25.001-0668,"Реконструкция и подмяна на вътрешна водопроводна мрежа в с. Едрево, общ. Николаево – втори етап",Николаево,Стара Загора,7406,ПРО-2946/19.09.2025,РД-02-30-419/10.12.2025,1712725.54,0,1712725.54,
OP-24.001-1426,"Рехабилитация на път SZR2112/III-503, Опан – Симеоновград – Столетово от км 0+000 до км 1-000",Опан,Стара Загора,7407,ПРО-431/19.01.2024,РД-02-30-438/27.03.2024,491198.11,438369.26,52828.85,
OP-24.001-1427,"Основен ремонт и рехабилитация на улица от о.т. 102, о.т. 103, о.т. 112 до о.т. 146 по плана на село Бял извор, община Опан, област Стара Загора",Опан,Стара Загора,7407,ПРО-433/19.01.2024 ПРО-3059/27.11.2025,РД-02-30-913/04.06.2024,398807.67,0,398807.67,
OP-24.001-1428,"Проектиране и изграждане на фотоволтаичен парк за постигане на енергийна ефективност на сградата на Общинска администрация, с. Опан",Опан,Стара Загора,7407,ПРО-432/19.01.2024; ПРО-432(1)/06.06.2024,РД-02-30-1035/25.06.2024,30677.51,0,30677.51,
OP-24.001-2255,"Реконструкция на съществуваща водопроводна мрежа с. Бял извор, община Опан – I етап",Опан,Стара Загора,7407,ПРО-1621/03.06.2024,РД-02-30-1198/22.07.2024; Анекс РД-02-30-1198(1)/21.10.2024,1575494.80,1133337.07,442157.73,
OP-24.001-2256,"Реконструкция на съществуваща водопроводна мрежа с. Средец, община Опан – I етап",Опан,Стара Загора,7407,ПРО-1622/03.06.2024,РД-02-30-1200/22.07.2024,1614046.21,1266405.69,347640.52,
OP-24.001-2257,"Реконструкция на съществуваща водопроводна мрежа с. Тракия, община Опан – I етап",Опан,Стара Загора,7407,ПРО-1678/07.06.2024,РД-02-30-1617/21.10.2024,1790084.00,0,1790084.00,
OP-24.001-2258,"Реконструкция на съществуваща водопроводна мрежа с. Ястребово, община Опан – I етап",Опан,Стара Загора,7407,ПРО-1677/07.06.2024,РД-02-30-1616/21.10.2024,1765388.61,0,1765388.61,
OP-24.001-1429,"Реконструкция на водопроводна мрежа на село Тъжа, община Павел баня",Павел баня,Стара Загора,7408,ПРО-704/01.02.2024,РД-02-30-526/29.03.2024,4740800.58,3949185.27,791615.31,
OP-24.001-1430,Основен ремонт на улици на територията на община Павел баня – етапно строителство,Павел баня,Стара Загора,7408,ПРО-1203/21.03.2024,РД-02-30-847/20.05.2024; Анекс РД-02-30-847(1)/10.09.2025,4985095.84,2741289.86,2243805.98,
OP-25.001-0669,"Реконструкция на водопроводна мрежа на село Осетеново, община Павел баня – етапно строителство СМР",Павел баня,Стара Загора,7408,ПРО-2890/20.08.2025,РД-02-30-366/04.11.2025,2420967.06,209209.31,2211757.75,
OP-25.001-0670,"Реконструкция на водопроводна мрежа на с. Александрово, община Павел баня – етапно строителство СМР",Павел баня,Стара Загора,7408,ПРО-2886/20.08.2025,РД-02-30-365/04.11.2025,2592249.84,197531.80,2394718.04,
OP-24.001-1431,"Реконструкция на участък от път SZR 1154 /III-554, Раднево – Гълъбово/ Бели бряг – Рисиманово – Българене – Знаменосец – /SZR 1173/ между с. Българене и с. Рисиманово, община Раднево, област Стара Загора",Раднево,Стара Загора,7409,ПРО-519/22.01.2024,РД-02-30-669/04.04.2024,2898104.64,257234.01,2640870.63,
OP-24.001-1432,Реконструкция на участъци от общински път SZR 1156 в община Раднево. От край (указателна табела) населено място с. Тихомирово до начало (указателна табела) с. Свободен с дължина на отсечката 3405.28 м,Раднево,Стара Загора,7409,ПРО-454/19.01.2024,РД-02-30-671/04.04.2024,1828891.06,1828877.97,13.09,
OP-24.001-1433,"Реконструкция на път № SZR2153 от кръстовище с път II- 57 до табела за с. Даскал Атанасово, община Раднево, област Стара Загора",Раднево,Стара Загора,7409,ПРО-455/19.01.2024,РД-02-30-398/26.03.2024,1538119.37,3926.72,1534192.65,
OP-24.001-1434,"Изграждане на външен асансьор, ремонт на ВиК инсталация и ремонтни дейности на отделни помещения в сграда на общинска администрация, гр. Раднево",Раднево,Стара Загора,7409,ПРО-472/19.01.2024,РД-02-30-395/26.03.2024,1113389.20,907967.32,205421.88,
OP-24.001-1435,"Реконструкция и доизграждане на водопроводна мрежа на с. Тополяне, община Раднево",Раднево,Стара Загора,7409,ПРО-583/25.01.2024,РД-02-30-58/20.02.2024; Анекс РД-02-30-58(1)/25.11.2024,1486683.40,1338016.26,148667.14,
OP-24.001-1436,Изграждане на водопроводна мрежа на с. Боздуганово – II етап,Раднево,Стара Загора,7409,ПРО-582/25.01.2024,РД-02-30-34/20.02.2024; Анекс РД-02-30-34(1)/25.11.2024,1658579.73,724103.23,934476.50,
OP-24.001-1437,"Рехабилитация на ул. ""Андончо Черковски"" от о. т. 1355 до о. т. 1416, с дължина 785,65 м, гр. Раднево",Раднево,Стара Загора,7409,ПРО-474/19.01.2024,РД-02-30-897/04.06.2024,608437.34,239155.57,369281.77,
OP-24.001-2259,Реконструкция на участъци от общински път SZR 1156 в община Раднево,Раднево,Стара Загора,7409,ПРО-1545/20.05.2024,РД-02-30-1254/15.08.2024,2332360.17,485591.95,1846768.22,
OP-24.001-2260,"Реконструкция на част от водопроводната мрежа с разваляне и възстановяване на съществуващата настилка в с. Даскал Атанасово, община Раднево, и реконструкция на довеждащ водопровод",Раднево,Стара Загора,7409,ПРО-1526/16.05.2024,РД-02-30-1247/15.08.2024,1037922.52,37835.60,1000086.92,
OP-24.001-2261,"Реконструкция и/или рехабилитация на участък от ул. ""Рашо Костов"" в гр. Раднево, община Раднево",Раднево,Стара Загора,7409,ПРО-1525/16.05.2024,РД-02-30-1250/15.08.2024,665702.03,23928.46,641773.57,
OP-24.001-3059,"Основен ремонт на зала за бойни изкуства и топла връзка към Спортен комплекс, гр. Раднево",Раднево,Стара Загора,7409,ПРО-2327/16.10.2024,,0,0,576532.73,
OP-25.001-0671,"Реконструкция на част от улични водопроводи с разваляне и възстановяване на съществуващата настилка в с. Даскал Атанасово, община Раднево – Етап 2 и Етап 3",Раднево,Стара Загора,7409,ПРО-3053/20.11.2025,,0,0,2058205.47,
OP-24.001-1438,"Реконструкция на уличната мрежа, благо-устрояване на междублоково пространство и изграждане на улична дъждовна канализация в кв. ""Казански"", град Стара Загора",Стара Загора,Стара Загора,7410,ПРО-658/29.01.2024,РД-02-30-317/22.03.2024,8823875.29,7017406.29,1806469.00,
OP-24.001-1440,"Реконструкция, модернизация и въвеждане на мерки за ЕЕ за сградата на ОУ ""Самара""",Стара Загора,Стара Загора,7410,ПРО-660/29.01.2024,РД-02-30-324/22.03.2024,3609720.68,2910715.32,699005.36,
OP-24.001-1441,"Паркоустрояване, благоустрояване и подобряване на физическата среда на градина ""Пети октомври"", УПИ XIII – градина, кв. 1в по плана на град Стара Загора, с цел постигане на устойчива градска среда",Стара Загора,Стара Загора,7410,ПРО-662/29.01.2024; ПРО-1726/20.06.2024,РД-02-30-321/22.03.2024; Анекс РД-02-30-321(1)/25.06.2024,3348961.82,1254973.65,2093988.17,
OP-24.001-1442,"Паркоустрояване, благоустрояване и подобряване на физическата среда на градина ""Александър Стамболийски"", УПИ IV – градина, кв. 46б по плана на град Стара Загора",Стара Загора,Стара Загора,7410,ПРО-657/29.01.2024; ПРО-1720/20.06.2024,РД-02-30-322/22.03.2024; Анекс РД-02-30-322(1)/25.06.2024,2577933.66,0,2577933.66,
OP-24.001-1443,"Основен ремонт и въвеждане на мерки за енергийна ефективност в сградата на ЦДГ № 66 ""Детски рай""",Стара Загора,Стара Загора,7410,ПРО-656/29.01.2024; ПРО-1722/20.06.2024,РД-02-30-323/22.03.2024; Анекс РД-02-30-323(1)/25.06.2024,1289989.42,1044602.80,245386.62,
OP-24.001-1444,"Реконструкция, благоустрояване и подобряване на физическата среда на ул. ""Свети Княз Борис"" от ул. ""Свети Отец Паисий"" до бул. ""Митрополит Методий Кусев"" – II етап",Стара Загора,Стара Загора,7410,ПРО-663/29.01.2024,РД-02-30-320/22.03.2024,778186.24,597256.65,180929.59,
OP-24.001-1445,"Реконструкция, благоустрояване и подобряване на физическата среда на ул. ""Граф Игнатиев"" (от ул. ""Димитър Наумов"" до бул. ""Св. Патриарх Евтимий)",Стара Загора,Стара Загора,7410,ПРО-661/29.01.2024,РД-02-30-319/22.03.2024,674905.28,210090.82,710234.57,
OP-24.001-2262,"Основен ремонт на бул. ""Цар Симеон Велики"" от бул. ""Патриарх Евтимий"" до бул. ""Крайречен""",Стара Загора,Стара Загора,7410,ПРО-659/29.01.2024; ПРО-1713/19.06.2024; ПРО-1713(1)/27.06.2024,РД-02-30-1140/19.07.2024,1217488.23,495838.55,721649.68,
OP-24.001-2263,"Основен ремонт на бул. ""Цар Симеон Велики"" от бул. ""Крайречен"" до бул. ""Никола Петков""",Стара Загора,Стара Загора,7410,ПРО-1723/20.06.2024; ПРО-1723(1)/04.07.2024,РД-02-30-1146/19.07.2024,1575341.42,380132.52,1195208.90,
OP-24.001-2264,"Основен ремонт на ул. ""Хрищян Войвода"", кв. ""Зора"", град Стара Загора",Стара Загора,Стара Загора,7410,ПРО-1717/19.06.2024,РД-02-30-1138/19.07.2024,1098715.12,426327.70,672387.42,
OP-24.001-2265,"Изграждане на спортни площадки в СУ ""Васил Левски"", град Стара Загора",Стара Загора,Стара Загора,7410,ПРО-1725/20.06.2024; ПРО-1725(1)/25.06.2024,РД-02-30-1148/19.07.2024,214742.59,107882.59,106860.00,
OP-24.001-2266,"Изграждане на спортни площадки в двора на ППМГ ""Гео Милев"", град Стара Загора",Стара Загора,Стара Загора,7410,ПРО-1721/20.06.2024,РД-02-30-1164/22.07.2024,314955.80,0,314955.80,
OP-24.001-2267,"Основен ремонт и въвеждане на мерки за енергийна ефективност на сградата на спортно училище ""Тодор Каблешков"", УПИ III – училище, кв. ""Кольо Ганчев"", град Стара Загора",Стара Загора,Стара Загора,7410,ПРО-1724/20.06.2024; ПРО-1724(1)/25.06.2024,РД-02-30-1147/19.07.2024,4132925.66,0,4132925.66,
OP-25.001-0190,"Реконструкция, облагородяване и подобряване на градската среда на пространството между бул. ""Цар Симеон Велики"", бул. ""Руски"", ул. ""Свети Княз Борис I"" и ул. ""Кольо Ганчев"", град Стара Загора",Стара Загора,Стара Загора,7410,ПРО-3061/28.11.2025,РД-02-30-505/30.12.2025,5112918.81,0,5112918.81,
OP-24.001-1446,"Обновяване, ремонт и проектни мероприятия в парк ""Д-р Т. Стоилов"", гр. Чирпан",Чирпан,Стара Загора,7411,ПРО-2322/15.10.2024,РД-02-30-1908/16.12.2024,1035366.06,0,1981613.94,
OP-24.001-1447,"Ремонт на ул. ""Кочо Цветаров"" от о.т. 573 до о.т. 597 – Републикански път II-66, гр. Чирпан, обл. Стара Загора",Чирпан,Стара Загора,7411,ПРО-361/17.01.2024,РД-02-30-222/18.03.2024,909025.84,744987.25,164073.56,
OP-24.001-1448,"Ремонт и реконструкция на път SZR 2224 – /SZR 1223, Воловарово – Гита/ – Държава",Чирпан,Стара Загора,7411,ПРО-1880/14.08.2024,РД-02-30-1577/21.10.2024,1616500.41,0,1616500.41,
OP-24.001-1449,"Ремонт и благоустрояване на улица ""Христо Смирненски"", гр. Чирпан",Чирпан,Стара Загора,7411,ПРО-358/17.01.2024; ПРО-358(2)/03.06.2024,РД-02-30-1051/25.06.2024; Анекс РД-02-30-1051(1)/16.12.2024,951360.80,0,951360.80,
OP-24.001-1450,"Ремонт, реконструкция и благоустрояване на градски стадион, гр. Чирпан",Чирпан,Стара Загора,7411,ПРО-2307/14.10.2024,РД-02-30-1913/16.12.2024,676439.16,0,805847.13,
OP-24.001-1451,"Доизграждане на Детска градина и ажурна ограда, с. Свобода",Чирпан,Стара Загора,7411,ПРО-368/17.01.2024,РД-02-30-1152/22.07.2024,531078.88,227417.19,303661.69,
OP-24.001-1452,"Ремонт на участък от улица между о.т. 151 и о.т. 152, и участък между о.т. 161, о.т. 162, о.т. 165, о.т. 166 и о.т. 125 по плана на с. Свобода",Чирпан,Стара Загора,7411,ПРО-375/17.01.2024 ПРО-375(7)/04.10.24г.,РД-02-30-945/04.06.2024; Анекс РД-02-30-945(1)/16.12.2024,421099.99,2445.00,421099.99,
OP-24.001-1453,"Ремонт на улица ""Фридрих Енгелс"" от ул. ""Кочо Цветаров"" до републикански път II-66, гр. Чирпан, обл. Стара Загора",Чирпан,Стара Загора,7411,ПРО-362/17.01.2024,РД-02-30-219/18.03.2024,390269.09,320369.57,69899.52,
OP-24.001-1454,"Ремонт и благоустрояване на улица ""Кочо Цветаров"" о.т. 549 – о.т. 572 по плана на гр. Чирпан и реконструкция на електроразпределителната мрежа",Чирпан,Стара Загора,7411,ПРО-2650/11.03.2025,,0,0,811062.31,
OP-24.001-1455,"Ремонт и благоустрояване на улица ""Русен Атанасов"" – о.т. 20 до о.т. 167 по плана на гр. Чирпан",Чирпан,Стара Загора,7411,ПРО-1336/30.04.2024,РД-02-30-1253/15.08.2024,511956.56,100855.30,411129.80,
OP-24.001-1456,"Ремонт и благоустрояване на улица ""Ернст Телман"", гр. Чирпан",Чирпан,Стара Загора,7411,ПРО-359/17.01.2024; ПРО-359(2)/03.06.2024 ПРО-2243/03.10.2024,РД-02-30-1048/25.06.2024; Анекс РД-02-30-1048(1)/16.12.2024,489204.07,0,489204.07,
OP-24.001-1457,"Междублоково пространство между улица ""Янко Кочев"" и улица ""Янко Иванов"", град Чирпан – Етап 2 и Етап 3",Чирпан,Стара Загора,7411,ПРО-374/17.01.2024; ПРО-374(2)/08.05.2024,РД-02-30-1053/25.06.2024,348803.32,171691.29,177316.02,
OP-24.001-1458,Pемонт и благоустрояване на улица между о.т. 50-55-56- 79 до о.т. 72 по плана на с. Зетьово,Чирпан,Стара Загора,7411,ПРО-711/01.02.2024,РД-02-30-789/26.04.2024; Анекс РД-02-30-789(1)/24.09.2024,277529.23,52816.15,224713.08,
OP-24.001-1459,"Основно обновяване на открити площадки за игра в ДДЯ ""Д-р Иван Софкаров"", гр. Чирпан",Чирпан,Стара Загора,7411,ПРО-371/17.01.2024,РД-02-30-228/18.03.2024; Анекс РД-02-30-228(1)/22.07.2024,173839.24,32374.32,141464.92,
OP-24.001-1460,"Ремонт и благоустрояване на улица ""Комсомолска"", гр. Чирпан",Чирпан,Стара Загора,7411,ПРО-2651/11.03.2025,,0,0,307593.20,
OP-24.001-1461,"Ремонт и благоустрояване на улица ""П. К. Яворов"" – о.т. 214 до о.т. 209, включително триъгълното кръстовище западно от ул. ""Д-р Петър Генов""",Чирпан,Стара Загора,7411,ПРО-373/17.01.2024; ПРО-373(2)/03.06.2024,РД-02-30-1046/25.06.2024; Анекс РД-02-30-1046(1)/24.09.2024,420128.54,79555.04,340573.50,
OP-24.001-1462,"Ремонт и благоустрояване на улица ""Бузлуджански конгрес""",Чирпан,Стара Загора,7411,ПРО-1337/30.04.2024,РД-02-30-1249/15.08.2024,255390.29,50658.72,204731.57,
OP-24.001-1463,"Изработване на инвестиционен проект за реконструкция, преустройство и разширение на комплекс за култура и изкуство в град Чирпан",Чирпан,Стара Загора,7411,ПРО-411/18.01.2024,РД-02-30-1399/24.09.2024,104303.54,0,104303.54,
OP-24.001-1464,Изработване на инвестиционен проект за изграждане на нова спортна зала в град Чирпан,Чирпан,Стара Загора,7411,ПРО-2685/08.05.2025,,0,0,51538.22,
OP-24.001-1465,Изработване на инвестиционен проект за изграждане на нов детски развлекателен център в град Чирпан,Чирпан,Стара Загора,7411,ПРО-413/18.01.2024,РД-02-30-271/18.03.2024,20247.16,0,10430.35,
OP-24.001-1466,"Изработване на инвестиционен проект за ""Реконструкция на общински път ""Чирпан-Ценово- Златна ливада"" от км 2+500 до с. Златна ливада",Чирпан,Стара Загора,7411,ПРО-415/18.01.2024,РД-02-30-1436/24.09.2024,23008.13,0,17690.70,
OP-24.001-1467,"Изработване на инвестиционен проект за основен ремонт на Средно училище ""Пейо Крачолов Яворов"", гр. Чирпан",Чирпан,Стара Загора,7411,ПРО-416/18.01.2024,РД-02-30-1400/24.09.2024,20247.16,0,10430.35,
OP-24.001-1468,"Изработване на инвестиционен проект за основен ремонт на пространството пред жп гара Чирпан и улична връзка с бул. ""Георги Димитров"", град Чирпан",Чирпан,Стара Загора,7411,ПРО-2164/20.09.2024,РД-02-30-1904/16.12.2024,12271.01,0,12271.01,
OP-24.001-2268,Доизграждане на общински приют за бездомни животни и довеждаща инфраструктура,Чирпан,Стара Загора,7411,,,0,0,,412356.90
OP-25.001-0191,Благоустрояване на разширение на гробищен парк – гр. Чирпан,Чирпан,Стара Загора,7411,ПРО-2660/08.04.2025,,0,0,283051.19,
OP-25.001-0192,Изграждане на Център за специализирана подкрепа за лица с увреждания и техните семейства,Чирпан,Стара Загора,7411,,,0,0,,192705.91
OP-25.001-0672,"Въвеждане на мерки за енергийна ефективност на сградата на ""Исторически музей"", гр. Чирпан",Чирпан,Стара Загора,7411,,,0,0,,144746.73
OP-24.001-1469,Реконструкция на вътрешна водопроводна мрежа – с. Добротица,Антоново,Търговище,7501,ПРО-1304/12.04.2024,РД-02-30-908/04.06.2024; Анекс РД-02-30-908(1)/13.12.2024,1863965.68,1620585.23,243380.45,
OP-24.001-1470,"Рехабилитация на път TGV 1015 /III-409, Омуртаг – Конак/ – Трескавец и изграждане на тротоари",Антоново,Търговище,7501,ПРО-1190/18.03.2024,,0,0,1523649.81,
OP-24.001-1471,"Многофункционална сграда със застроена площ 672,6 кв. м, находяща се в УПИ I, кв. 17, с. Трескавец, община Антоново",Антоново,Търговище,7501,ПРО-508/22.01.2024,РД-02-30-556/29.03.2024,869196.20,466530.26,402665.94,
OP-24.001-2269,"Рехабилитация на общински път TGV 1017/III-409, Омуртаг – Моравка/ – Китино – Граница община (Антоново – Търговище) – Цветница – /III-4009/, община Антоново",Антоново,Търговище,7501,ПРО-1697/14.06.2024,РД-02-30-1139/19.07.2024,2293041.83,460162.69,1832879.14,
OP-24.001-2270,"Обновяване на паркови пространства в гр. Антоново. Благоустрояване на УПИ I, кв. 16, гр. Антоново",Антоново,Търговище,7501,ПРО-1708/19.06.2024,РД-02-30-1142/19.07.2024,1831498.65,269230.59,1562268.06,
OP-24.001-2626,Реконструкция на вътрешна водопроводна мрежа – с. Стеврек,Антоново,Търговище,7501,ПРО-1935/19.08.2024,РД-02-30-1442/24.09.2024,1469452.87,1464425.46,5027.41,
OP-24.001-3060,"Рехабилитация /реконструкция/ на улици в населени места в община Антоново, подобект с. Разделци: ул. ""Васил Левски""",Антоново,Търговище,7501,ПРО-2443/04.11.2024,РД-02-30-1922/17.12.2024,98628.20,0,98628.20,
OP-24.001-3061,"Рехабилитация /реконструкция/ на улици в населени места в община Антоново, подобект с. Длъжка поляна: ул. ""Бояна""",Антоново,Търговище,7501,ПРО-2440/04.11.2024,РД-02-30-1924/17.12.2024,88760.27,0,88760.27,
OP-24.001-3062,"Рехабилитация /реконструкция/ на улици в населени места в община Антоново, подобект с. Кьосевци: ул. ""Генерал Заимов""",Антоново,Търговище,7501,ПРО-2442/04.11.2024,РД-02-30-1923/17.12.2024,76489.27,0,76489.27,
OP-24.001-3063,"Рехабилитация /реконструкция/ на улици в населени места в община Антоново, подобект с. Китино: ул. ""Иван Салтиров""",Антоново,Търговище,7501,ПРО-2441/04.11.2024,РД-02-30-1921/17.12.2024,58031.63,0,58031.63,
OP-24.001-3064,"Рехабилитация /реконструкция/ на улици в населени места в община Антоново, подобект с. Трескавец: ул. ""Стара планина""",Антоново,Търговище,7501,ПРО-2444/04.11.2024,,0,0,23621.68,
OP-25.001-0086,"Изграждане на площадка за игра на открито и благоустрояване в УПИ XI с ид. 00518.502.785, кв. 16, гр. Антоново, община Антоново, област Търговище",Антоново,Търговище,7501,ПРО-2702/23.05.2025,,0,0,934385.91,
OP-24.001-1472,"Реконструкция на вътрешна водопроводна мрежа на гр. Омуртаг – II етап – Реконструкция на водопроводи от водоснабдителните зони към напорен водоем ""Средна зона""",Омуртаг,Търговище,7502,ПРО-750/06.02.2024,РД-02-30-1206/22.07.2024,4058328.18,254811.53,3803516.65,
OP-24.001-1473,"Реконструкция на вътрешна водопроводна мрежа на гр. Омуртаг – III етап – Реконструкция на водопроводи от водоснабдителните зони към напорен водоем ""Висока зона""",Омуртаг,Търговище,7502,ПРО-752/06.02.2024,РД-02-30-1204/22.07.2024,2920754.87,0,2440856.31,
OP-24.001-1474,"Допълнително водоснабдяване с. Чернокапци, община Омуртаг",Омуртаг,Търговище,7502,ПРО-751/06.02.2024,РД-02-30-51/16.06.2025,267916.95,0,298134.30,
OP-24.001-1475,"Рехабилитация /основен ремонт/ на уличното платно на улица ""Стефан Караджа"" от о.т. 5 до о.т. 56 с дължина 1090 м, с. Величка",Омуртаг,Търговище,7502,ПРО-749/06.02.2024,РД-02-30-1208/22.07.2024,273643.41,45889.06,227754.35,
OP-25.001-0673,"Рехабилитация на път TGV3083/II-48, Омуртаг-п.к. Зелена Морава/-м. Кайника",Омуртаг,Търговище,7502,,,0,0,,273541.16
OP-25.001-0674,Рехабилитация на път TGV3036/TGV 1073 Врани кон – Обител/Обител – Чернокапци,Омуртаг,Търговище,7502,,,0,0,,245062.20
OP-24.001-1476,Ремонт на път TGV 2124 (IV-20408) с. Люблен – с. Гърчиново от км 14+400 до км 16+920,Опака,Търговище,7503,ПРО-842/14.02.2024,РД-02-30-253/19.03.2024,2055904.65,223440.56,1832924.26,
OP-24.001-1477,"Ремонт на път TGV 1100 (IV-20231) с. Крепча – с. Гърчиново, I резерва в ДФЗ",Опака,Търговище,7503,ПРО-843/14.02.2024,РД-02-30-257/19.03.2024,2055904.65,940861.47,1115043.18,
OP-24.001-1478,"Ремонт на улица, част от път TGV 2124 (IV-20408) с. Люблен – с. Гърчиново от км 18+400 до км 21+000",Опака,Търговище,7503,ПРО-844/14.02.2024,РД-02-30-800/26.04.2024,1654131.49,179184.27,1474947.22,
OP-24.001-1479,Ремонт на път TGV 1100 (20231) с. Гърчиново-землищна граница с. Церовец от км 4+290/Край регулация с. Гърчиново до км 7+200/Граница на община Иваново,Опака,Търговище,7503,ПРО-845/14.02.2024,РД-02-30-783/26.04.2024,795570.17,153210.85,642359.32,
OP-24.001-1480,"Ремонт на улица, част от път, част от път TGV 2124 (IV- 20408) с. Гърчиново от км 23+440 до км 24+296",Опака,Търговище,7503,ПРО-846/14.02.2024,РД-02-30-791/26.04.2024,496515.55,226300.03,270215.52,
OP-24.001-1481,"Ремонт на улици, съоръжения и принадлежности към тях на територията на община Опака – с. Горско Абланово",Опака,Търговище,7503,ПРО-847/14.02.2024,РД-02-30-1195/22.07.2024,342616.69,68657.86,273958.83,
OP-24.001-1482,"Ремонт на улици, съоръжения и принадлежности към тях на територията на община Опака – с. Гърчиново",Опака,Търговище,7503,ПРО-848/14.02.2024,РД-02-30-1199/22.07.2024,231257.32,46367.74,184889.58,
OP-24.001-1483,"Ремонт на улици, съоръжения и принадлежности към тях на територията на община Опака – с. Голямо Градище",Опака,Търговище,7503,ПРО-849/14.02.2024,РД-02-30-1197/22.07.2024,151802.56,30393.53,121409.03,
OP-25.001-0084,"Реконструкция на водопроводната мрежа на град Опака – Етап 3 с дължина 1431,34 м и Реконструкция на водопроводната мрежа на град Опака – Етап 4 с дължина 1562,98 м, първи етап",Опака,Търговище,7503,ПРО-2706/30.05.2025,,0,0,1022583.76,
OP-24.001-1484,Реализация на мерки за предотвратяване на наводнения от река Поповска в рамките на регулацията на гр. Попово от км 5+726.76 до км 6+305 в т.ч. стр. надзор и авт. надзор,Попово,Търговище,7504,ПРО-500/22.01.2024,РД-02-30-1002/25.06.2024,1571251.08,1247978.77,323272.31,
OP-24.001-1485,"Интегрирано подобряване, възстановяване и благоустрояване на градската среда на ж.к. ""Младост"", гр. Попово",Попово,Търговище,7504,ПРО-502/22.01.2024,РД-02-30-650/03.04.2024,1491029.38,803365.88,687663.50,
OP-24.001-1486,Реконструкция и рехабилитация на общински път RAZ 1111 /от регулация с. Дриново до регулация с. Еленово/,Попово,Търговище,7504,ПРО-504/22.01.2024,РД-02-30-649/03.04.2024,1352520.41,1173397.06,179123.35,
OP-24.001-1487,"Реконструкция и рехабилитация на общински път TGV 2124 /III – 2002, Захари Стояново – Зараево/– Садина – граница общ. (Попово – Опака) – от км 0+000 до 5+195 /от с. Садина до граница Попово – Опака/",Попово,Търговище,7504,ПРО-503/22.01.2024,РД-02-30-648/03.04.2024,1219891.30,1001746.90,218144.40,
OP-24.001-1488,Реконструкция и рехабилитация на общински път TGV 2125 Ломци – Еленово – Маково от км 4+710 до км 8+610 /от с. Еленово до граница община Попово – Търговище/,Попово,Търговище,7504,ПРО-501/22.01.2024,РД-02-30-646/03.04.2024,1059042.45,0,1059042.45,
OP-24.001-1489,Реконструкция и рехабилитация на общински път TGV 2125 Ломци – Еленово – Маково от км 0+000 до км 3+623.50 /от с. Ломци до с. Еленово/,Попово,Търговище,7504,ПРО-499/22.01.2024,РД-02-30-647/03.04.2024,953048.07,816097.93,136950.14,
OP-25.001-0038,"Реконструкция на ул. ""Ген. Прохоров"" от осова точка 631 до осова точка 625а; Етап 1 Изграждане на канализация и доизграждане на водопровод на ул. ""Ген. Прохоров""",Попово,Търговище,7504,ПРО-2984/08.10.2025,,0,0,349672.52,
OP-25.001-0039,"Реконструкция на водопровод на ул. ""Мара Тасева"" от ул. ""Панайот Хитов"" до път II-51",Попово,Търговище,7504,ПРО-2983/08.10.2025,РД-02-30-476/30.12.2025,350541.71,0,350541.71,
OP-24.001-1490,"Благоустрояване на УПИ VI, кв. 61, и промяна на предназначението на сграда с идентификатор 73626.506.729.2 – покрит пазар в търговски комплекс и офиси",Търговище,Търговище,7505,ПРО-537/23.01.2024,РД-02-30-251/19.03.2024,2812105.35,287599.01,2524506.34,
OP-24.001-1491,"Преустройство на сграда – бивша земеделска банка, в изложбени зали",Търговище,Търговище,7505,ПРО-546/23.01.2024,РД-02-30-192/18.03.2024,2300813.47,1804289.75,496523.72,
OP-24.001-1492,Регионално депо за неопасни битови отпадъци за регион Търговище,Търговище,Търговище,7505,ПРО-545/23.01.2024; ПРО-545[1]/05.03.2024; ПРО-545[3]/04.04.2024,РД-02-30-911/04.06.2024,1891779.96,1676939.73,214878.56,
OP-24.001-1493,"Спорта зала ""Иван Ангелов""",Търговище,Търговище,7505,ПРО-544/23.01.2024,РД-02-30-187/18.03.2024,1891779.96,858647.67,1033132.29,
OP-24.001-1494,"Допълнително питейно-битово водоснабдяване, с. Овчарово",Търговище,Търговище,7505,ПРО-535/23.01.2024,РД-02-30-194/18.03.2024,383468.91,60864.08,322604.83,
OP-24.001-2627,"Основен ремонт на общински път – TGV-1166/I – 4, /Търговище – Пробуда/ – Васил Левски – Ловец – Острец /III-5102/ от км 0+000 до км 9+500",Търговище,Търговище,7505,ПРО-2239/04.10.2024,РД-02-30-1716/20.11.2024,3522852.19,0,3522852.19,
OP-24.001-2628,"Основен ремонт общински път – TGV-2160 /III-5102, /Мировец – Буховци/ – Макариополско – Алваново – /I-4/ ГП от км 0+000 до км 6+500",Търговище,Търговище,7505,ПРО-2236/04.10.2024,РД-02-30-1699/20.11.2024,2443668.42,2174035.57,269632.85,
OP-24.001-2629,Основен ремонт на общински път – TGV-2163/III-4008 Пролаз – Вардун/ – Вардун – Черковна от км 0+900 до км 4+500,Търговище,Търговище,7505,ПРО-2237/04.10.2024,РД-02-30-1701/20.11.2024,1612052.17,0,1612052.17,
OP-24.001-2630,"Основен ремонт на промишлена обслужваща улица от ул. ""Ал. Стамболийски"" до хладилна база, гр. Търговище",Търговище,Търговище,7505,ПРО-2242/04.10.2024,РД-02-30-1697/20.11.2024,1003461.45,155558.56,847902.89,
OP-24.001-3065,"Разширение на бул. ""Митрополит Андрей"", гр. Търговище – Етап 1.1, Етап 1.2, Етап 2 от ул. ""Г. С. Раковски"" до ул. ""Поп Сава Катрафилов"" и потапяне на ел. трасе",Търговище,Търговище,7505,ПРО-2238/04.10.2024,РД-02-30-1698/20.11.2024,5754283.34,0,5754283.34,
OP-24.001-3066,"Основен ремонт на ул. ""Цар Симеон"" в участъка между ул. ""Гладстон"" и бул. ""Митрополит Андрей"" в гр. Търговище и изместване на съществуващ стълб",Търговище,Търговище,7505,ПРО-2243/04.10.2024,РД-02-30-1707/20.11.2024,973397.48,0,973397.48,
OP-24.001-3067,"Изграждане на резервно захранване на с. Кралево, общ. Търговище, от водопровода, захранващ гр. Търговище от язовир ""Тича""",Търговище,Търговище,7505,ПРО-2241/04.10.2024,РД-02-30-1720/20.11.2024,491095.86,0,491095.86,
OP-24.001-3068,"Ремонт и реконструкция на преливника на язовир ""Лиляк"", общ. Търговище",Търговище,Търговище,7505,ПРО-2240/04.10.2024,РД-02-30-1700/20.11.2024,284329.42,0,284329.42,
OP-24.001-3069,"Основен ремонт на ул. ""Шипка"" в гр. Търговище",Търговище,Търговище,7505,ПРО-2244/04.10.2024,РД-02-30-1704/20.11.2024,66774.72,0,66774.72,
OP-25.001-0040,"Проектиране на обект: ""Основен ремонт на общински път RAZ 1092/RAZ 1088, Лозница-Манастирци-Граница (общ. Лозница-Търговище) – Макариополско – / III-5102 /""",Търговище,Търговище,7505,ПРО-2678/02.05.2025,РД-02-30-203/21.07.2025,7669.38,0,7669.38,
OP-25.001-0041,"Проектиране на обект: ""Основен ремонт на общински път TGV – 2125 / III-204, Благоево – Попово / Ломци – Еленово – Граница / общ. Попово – Търговище / – Маково – RAZ – 1089 / – от км 8+500 до км 11+400""",Търговище,Търговище,7505,ПРО-2682/02.05.2025,РД-02-30-205/21.07.2025,7669.38,0,7669.38,
OP-25.001-0042,"Проектиране на обект: ""Основен ремонт на общински път TGV – 1167 / III-5102, Острец – Дългач / Надарево – Граница / общ. Търговище-Велики Преслав / – Кочово – Хан Крум / I – 7 / от км 13+000 до км 15+000""",Търговище,Търговище,7505,ПРО-2679/02.05.2025,РД-02-30-196/21.07.2025,7669.37,0,7669.37,
OP-25.001-0043,"Проектиране на обект: ""Основен ремонт на ""Център за младежки дейности и инициативи"" в гр. Търговище""",Търговище,Търговище,7505,ПРО-2683/02.05.2025,РД-02-30-207/21.07.2025,20451.67,0,20451.67,
OP-25.001-0044,"Проектиране на обект: ""Изграждане на паркинг зона към парк Източен в гр. Търговище""",Търговище,Търговище,7505,ПРО-2676/02.05.2025,РД-02-30-201/21.07.2025,16361.34,0,16361.34,
OP-25.001-0045,"Проектиране на обект: ""Изграждане на паркинг зона към стадион ""Димитър Бурков""",Търговище,Търговище,7505,ПРО-2677/02.05.2025,,0,0,16361.34,
OP-25.001-0046,"Проектиране на обект: ""Основен ремонт на централна пешеходна алея от площад ""Свобода"" до площад ""Независимост"" и пешеходна зона на ул. ""Цар Симеон""",Търговище,Търговище,7505,ПРО-2675/02.05.2025,РД-02-30-197/21.07.2025,28632.35,0,28632.35,
OP-25.001-0047,"Проектиране на обект: ""Изграждане на нова канализационна мрежа и реконструкция на съществуваща водопроводна мрежа на територията на село Разбойна""",Търговище,Търговище,7505,ПРО-2681/02.05.2025,РД-02-30-178/14.07.2025,25564.59,0,25564.59,
OP-25.001-0048,"Проектиране на обект: ""Изграждане на закрит комплекс с басейн""",Търговище,Търговище,7505,ПРО-2680/02.05.2025,,0,0,81806.70,
OP-25.001-0049,"Проектиране на обект: ""Благоустрояване на междублоково пространство и обслужваща улица в квартал Запад 3""",Търговище,Търговище,7505,ПРО-2674/02.05.2025,РД-02-30-206/21.07.2025,7669.38,0,7669.38,
OP-25.001-0131,"Инженеринг (проектиране, строителство и авторски надзор) при изпълнение на проект ""Основен ремонт, обновяване и модернизация на сградата на Четвърто ОУ ""Иван Вазов"" – гр. Търговище""",Търговище,Търговище,7505,ПРО-2673/02.05.2025,РД-02-30-199/21.07.2025,1204501.41,285702.54,918798.87,
OP-24.001-1495,"Основен ремонт на второстепенна улична мрежа – 40 броя събирателни улици V клас в кв. Черноконево, гр. Димитровград",Димитровград,Хасково,7601,ПРО-166/11.01.2024,РД-02-30-443/28.03.2024,6646794.46,101917.50,6544876.96,
OP-24.001-1496,Рехабилитация и основен ремонт на общински път HKV1009/І-8/Горски извор – Ябълково – жп гара Ябълково/,Димитровград,Хасково,7601,ПРО-171/11.01.2024,РД-02-30-444/28.03.2024,3323397.23,0,3323397.23,
OP-24.001-1497,"Рехабилитация и облагородяване на парк ""Н. Й. Вапцаров"", включително осигуряване на достъпност за хора с увреждания, гр. Димитровград",Димитровград,Хасково,7601,ПРО-167/11.01.2024,РД-02-30-448/28.03.2024,2300813.47,2055715.35,245098.12,
OP-24.001-1498,"Прилагане на мерки за енергийна ефективност и преустройство на Междуучилищен център в ""Къща на изкуствата"", гр. Димитровград, в УПИ ІІ-1019, кв. 163",Димитровград,Хасково,7601,ПРО-168/11.01.2024,РД-02-30-624/01.04.2024,1175971.33,521944.53,654026.80,
OP-24.001-1499,Рехабилитация и основен ремонт на общински път /HKV1007/ІІІ – 506 – Добрич – Крум – жп гара Крум/,Димитровград,Хасково,7601,ПРО-169/11.01.2024,РД-02-30-446/28.03.2024,971454.57,364955.78,606498.79,
OP-24.001-1500,"Изграждане на вододайна зона и довеждащи магистрални водопроводи от нова вододайна зона до водоема на с. Крепост, община Димитровград",Димитровград,Хасково,7601,ПРО-170/11.01.2024,РД-02-30-442/28.03.2024,920325.39,12692.82,907632.57,
OP-24.001-1501,"Реконструкция и рехабилитация на Общински път HKV 3045 – от републикански път II-59, п. к. III – 598 – Ивайловград/ – Кобилино – /III – 5908, с приблизителна дължина 3000 м",Ивайловград,Хасково,7602,ПРО-12/09.01.2024,РД-02-30-186/18.03.2024; Анекс РД-02-30-186(1)/19.07.2024,2144153.63,1921369.44,222784.19,
OP-24.001-1502,Реконструкция и рехабилитация на Общински път HKV 2047 – от републикански път II-59 до с. Покрован,Ивайловград,Хасково,7602,ПРО-22/09.01.2024,РД-02-30-488/28.03.2024,2050638.35,1822243.71,228394.64,
OP-24.001-1503,"Местен път, находящ се в ПИ 77520.30.288 в землището на с. Хухла, община Ивайловград, с приблизителна дължина 3500 м",Ивайловград,Хасково,7602,ПРО-68/10.01.2024,,0,0,1073355.05,
OP-24.001-1504,"Реконструкция на водопровод по улици: ул. ""Любимец""",Ивайловград,Хасково,7602,ПРО-30/09.01.2024,РД-02-30-1118/19.07.2024,826247.68,681510.30,0,
OP-24.001-1505,"Реконструкция и рехабилитация на общински улици на територията на община Ивайловград, улица ""Армира"", с. Свирачи, от кръстовище с път III-598 до кръстовище III- 598 с обща дължина 800 m",Ивайловград,Хасково,7602,ПРО-52/10.01.2024,РД-02-30-201/18.03.2024,557308.15,425531.18,131776.97,
OP-24.001-1506,"Реконструкция и рехабилитация на улица ""1-ва"" от път II- 59 до край регулация с. Славеево, участък от км 0.00 до км 0+470",Ивайловград,Хасково,7602,ПРО-32/10.01.2024,РД-02-30-1121/19.07.2024,368130.15,196095.06,172035.09,
OP-24.001-1507,Реконструкция и рехабилитация на път от общинската пътна мрежа на община Ивайловград HKV 3063/III-597 – Ивайловград – п.к. Ламбух/ – язовирно селище с приблизителна дължина 1 км,Ивайловград,Хасково,7602,ПРО-34/09.01.2024,РД-02-30-198/18.03.2024,167141.32,164282.98,0,
OP-24.001-1508,"Реконструкция и рехабилитация на общински улици на територията на община Ивайловград, улица ""Яни Попов"" от кръстовище с ул. ""Климент Охридски"" до кръстовище с ул. ""Родопи"" с обща дължина 245 m",Ивайловград,Хасково,7602,ПРО-42/10.01.2024,РД-02-30-191/18.03.2024,126544.74,109966.42,16578.32,
OP-24.001-1509,"Реконструкция и рехабилитация на общински улици на територията на община Ивайловград, улица ""България"" от кръстовище с ул. ""Хр. Ботев"" до ул. ""Кап. Петко Войвода"" с обща дължина 110 m",Ивайловград,Хасково,7602,ПРО-45/10.01.2024,РД-02-30-195/18.03.2024,75006.52,14461.42,60545.10,
OP-24.001-2271,"Рекoнструкция и рехабилитация на общински улици на територията на община Ивайловград, улица ""Любимец"" от кръстовище с ул. ""Витоша"" до кръстовище с ул. ""Армира"" с обща дължина 437 m",Ивайловград,Хасково,7602,ПРО-49/10.01.2024; 08-00-838/21.06.2024,РД-02-30-1131/19.07.2024,250430.76,0,250430.76,
OP-25.001-0050,"Изграждане на ""Спортно-развлекателен комплекс"", разположен в УПИ № XXIII, кв. 112, местност Кв. ""Лъджа"" – Ивайловград",Ивайловград,Хасково,7602,,,0,0,,30063.96
OP-25.001-0675,"Основен ремонт и реконструкция на тротоари и бордюри, прилежащи пространства и съоръжения към тях на определени участъци на улица ""Армира"", гр. Ивайловград",Ивайловград,Хасково,7602,,,0,0,,171589.56
OP-24.001-1511,"Околовръстна улица на град Любимец, по направление на Републикански път III-597/обходен път запад/",Любимец,Хасково,7603,ПРО-417/18.01.2024,РД-02-30-184/18.03.2024,2505330.22,2496330.67,8999.55,
OP-24.001-1512,"Инженеринг – проектиране, авторски надзор и строителство за обект: ""Реконструкция на улици и благоустрояване междублокови пространства (тротоари, бордюри и пътни настилки) в гр. Любимец, област Хасково""",Любимец,Хасково,7603,ПРО-260/15.01.2024,РД-02-30-181/18.03.2024,2076867.62,2052336.64,0,
OP-24.001-1513,"Реконструкция на тротоари, бордюри и настилки по улици в община Любимец",Любимец,Хасково,7603,ПРО-265/15.01.2024,РД-02-30-821/20.05.2024,1361774.80,1359487.00,0,
OP-25.001-0676,"Реконструкция на улична мрежа и тротоари в гр. Любимец и с. Лозен, община Любимец, област Хасково, на подобекти",Любимец,Хасково,7603,ПРО-3080/09.12.2025,,0,0,2531406.10,
OP-25.001-0677,Подмяна на напорен водопровод до напорен резервоар за водоснабдяване на гр. Любимец,Любимец,Хасково,7603,ПРО-3079/09.12.2025,,0,0,1153474.48,
OP-25.001-0678,"Подмяна на участъци от водопроводната мрежа по улици на територията на град Любимец, по подобекти",Любимец,Хасково,7603,ПРО-3051/17.11.2025,РД-02-30-417/10.12.2025,968898.11,0,968898.11,
OP-25.001-0679,Подмяна на захранващ водопровод от напорен резервоар до входна шахта на вътрешна водопроводна мрежа за водоснабдяване на гр. Любимец,Любимец,Хасково,7603,,,0,0,,2617814.43
OP-24.001-1514,Рехабилитация на общински път с. Ръженово – с. Долно Съдиево,Маджарово,Хасково,7604,ПРО-1306/15.04.2024,РД-02-30-1275/15.08.2024,746486.15,147249.78,599236.37,
OP-24.001-1515,Реконструкция на централен парк и площад пред културен дом – град Маджарово,Маджарово,Хасково,7604,ПРО-1641/05.06.2024,РД-02-30-1300/15.08.2024,744952.27,662403.84,82548.43,
OP-24.001-1516,"Рехабилиация на напорен водопровод – гр. Маджарово – промишлена зона – помпена станция, с. Горно поле",Маджарово,Хасково,7604,ПРО-1324/29.04.2024,РД-02-30-1292/15.08.2024,683597.25,112424.39,571172.86,
OP-24.001-2272,Рехабилитация на път № HKV2101 /HKV2105/ МАДЖАРОВО – ГРАНИЦА ОБЩ. (МАДЖАРОВО – КРУМОВГРАД) – БРЯГОВЕЦ от км 0+000 до км 3+200,Маджарово,Хасково,7604,ПРО-1822/06.08.2024,РД-02-30-1361/20.09.2024,1083632.01,212547.31,871084.70,
OP-24.001-1517,Рехабилитация на вътрешна водопроводна мрежа и довеждащ водопровод на с. Сираково,Минерални бани,Хасково,7605,ПРО-412/18.01.2024,РД-02-30-546/29.03.2024,2386352.60,0,2386352.60,
OP-24.001-1518,"Благоустрояване на улична мрежа на с. Ангел войвода, община Минерални бани",Минерални бани,Хасково,7605,ПРО-414/18.01.2024,РД-02-30-758/26.04.2024,1842440.29,0,1842440.29,
OP-24.001-1519,Рехабилитация и доизграждане на гравитачен водопровод от каптажи Сърница до ПС Сърница и до ПС Караманци на територията на община Минерални бани I етап: Доизграждане на гравитачен водопровод от каптажи Сърница до ПС Сърница,Минерални бани,Хасково,7605,ПРО-410/18.01.2024 ПРО-410(3)/04.04.2024,РД-02-30-773/26.04.2024,1060163.72,0,1060163.72,
OP-24.001-2273,"Рехабилитация на селищна водопроводна мрежа на с. Татарево и довеждащ водопровод от съществуващ водоем, находящ се в ПИ 72103.51.85, местност Каракус, и до клон 6 – Западно спрямо регулацията на селото",Минерални бани,Хасково,7605,ПРО-1543/20.05.2024; ПРО-1544/20.05.2024,РД-02-30-991/14.06.2024,1944033.99,0,1944033.99,
OP-24.001-1520,"ОР на част от път HKV 1145/III-5509, Сладун – Студена – Дервишка могила /III-7612/ 9 км, общ. Свиленград",Свиленград,Хасково,7606,ПРО-104/10.01.2024,РД-02-30-40/20.02.2024,5333848.03,1066738.93,4267109.10,
OP-24.001-1521,Изграждане на паркинги и благоустрояване на междублокови пространства в квартали,Свиленград,Хасково,7606,ПРО-100/10.01.2024,РД-02-30-672/04.04.2024,3221138.85,2892050.61,329088.24,
OP-24.001-1522,"Изграждане на улици в кв. 325, кв. 326, кв. 327, кв. 328, кв. 329, кв. 330, кв. 331 и кв. 332, гр. Свиленград",Свиленград,Хасково,7606,ПРО-103/10.01.2024,РД-02-30-43/20.02.2024,1840650.77,0,1840650.77,
OP-24.001-1523,"Основен ремонт на част от улици (ул. ""Кл. Охридски‘ от о.т. 913 до о.т. 176; ул. ""М. Горки"" от о.т. 316 до о.т. 172; ул. ""Първи май"" от о.т. 919 до о.т. 171; ул. ""К. Преславски"" от о.т. 850 до о.т. 167; ул. ""Ален мак"" от о.т. 176 до о.т. 166 и от кръстовището с ул. ""Климент Охридски"" до кръстовището с ул. ""Христо Шишманов"" /о.т. 177/; ул. ""К. Честименски"" от о.т. 914 до о.т. 850)",Свиленград,Хасково,7606,ПРО-105/10.01.2024,РД-02-30-10/20.02.2024,1022583.76,204338.01,818245.75,
OP-24.001-1524,"Изграждане на канализационна и водопроводна мрежа за нови квартали – кв. 39, кв. 307, кв. 308, кв. 309, кв. 310, кв. 311, кв. 312 и кв. 313, гр. Свиленград – актуализация",Свиленград,Хасково,7606,ПРО-99/10.01.2024,РД-02-30-9/20.02.2024,943589.17,669549.68,274039.49,
OP-24.001-1525,"Рехабилитация на бул. ""България"" от о.т. 920 до о.т. 495 в гр. Свиленград",Свиленград,Хасково,7606,ПРО-102/10.01.2024,РД-02-30-491/28.03.2024; Анекс РД-02-30-491(1)/24.09.2024,391138.29,391138.29,0,
OP-24.001-1526,Подмяна на водопроводна мрежа в гр. Свиленград,Свиленград,Хасково,7606,ПРО-67/10.01.2024,РД-02-30-59/20.02.2024,415220.14,69184.47,346035.67,
OP-24.001-1527,"Рехабилитация на ул. ""Родопи"" от о.т. 58, о.т. 59, о.т. 167, о.т. 166, о.т. 165, о.т. 163, о.т. 162, о.т. 161 до о.т. 160 в село Момково",Свиленград,Хасково,7606,ПРО-98/10.01.2024,РД-02-30-7/20.02.2024; Анекс РД-02-30-7(1)/24.09.2024,289902.50,283649.56,0,
OP-24.001-1528,"Рехабилитация на ул. ""Лозан Господинов"" от о.т. 70 до о.т. 15, ул. ""Стефан Милушев"" от о.т. 89 до о.т. 82, в село Левка",Свиленград,Хасково,7606,ПРО-101/10.01.2024,РД-02-30-38/20.02.2024; Анекс РД-02-30-38(1)/24.09.2024,296958.32,296914.81,0,
OP-24.001-2274,Подмяна на водопроводна мрежа в гр. Свиленград,Свиленград,Хасково,7606,ПРО-1380/09.05.2024,РД-02-30-1307/15.08.2024,262957.41,44404.25,218553.16,
OP-24.001-2275,Основен ремонт на улици в гр. Свиленград,Свиленград,Хасково,7606,ПРО-1381/09.05.2024,РД-02-30-1301/15.08.2024,616515.75,124174.39,492341.36,
OP-24.001-2276,"Подмяна на канализационна и водопроводна мрежа на част от ул. ""Михаил Шомов"", гр. Свиленград",Свиленград,Хасково,7606,ПРО-1378/09.05.2024,РД-02-30-1309/15.08.2024,128998.94,96081.54,32917.40,
OP-24.001-2277,"Основен ремонт на част от улицa ""Михаил Шомов"", гр. Свиленград",Свиленград,Хасково,7606,ПРО-1379/09.05.2024,РД-02-30-1299/15.08.2024,93873.19,0,93873.19,
OP-24.001-2278,"Рехабилитация на част от ул. ""Септемврийска"" в село Студена, община Свиленград",Свиленград,Хасково,7606,ПРО-1382/09.05.2024,РД-02-30-1554/21.10.2024,247669.79,242678.92,0,
OP-24.001-2631,Разширяване на гробищен парк в гр. Свиленград,Свиленград,Хасково,7606,ПРО-1945/20.08.2024,РД-02-30-1430/24.09.2024,233711.52,0,233711.52,
OP-25.001-0680,Основен ремонт на водопроводна мрежа в гр. Свиленград – Етап I и Етап II,Свиленград,Хасково,7606,ПРО-2777/30.08.2025,,0,0,7585015.06,
OP-25.001-0681,Основен ремонт на път HKV 3140 Левка – Лисово,Свиленград,Хасково,7606,,,0,0,,17094532.76
OP-25.001-0682,"Основен ремонт на улици в гр. Свиленград/ул. ""Д. Новаков"", ул. ""Рила"", ул. ""Оборище"", ул. ""Родопи"", ул. ""Бачо Киро"", ул. ""Михаил Шомов"" /в участъка от ул. ""Отец Паисий"" до ул. ""Генерал Скобелев""/, ул. ""Сергей Румянцев"", ул. ""Вишеград"", ул. ""Братя Миладинови"", ул. ""Черно море"", ул. ""Язовирска"", ул. ""Възраждане""",Свиленград,Хасково,7606,ПРО-2778/30.07.2025,,0,0,4366432.67,
OP-25.001-0683,"Изграждане на ул. ""Зорница"" в гр. Свиленград",Свиленград,Хасково,7606,ПРО-2944/16.09.2025,,0,0,7669378.22,
OP-25.001-0684,"Изграждане на техническа инфраструктура в кв. 385, кв. 341, кв. 342, кв. 347 – ВиК и улици",Свиленград,Хасково,7606,ПРО-2943/16.09.2025,,0,0,2556459.41,
OP-24.001-1529,"Основен ремонт на улици ""Г. Бенковски"", ""Ст. Караджа"", ""Патриарх Евтимий"" и ""Янко Сакъзов""",Симеоновград,Хасково,7607,ПРО-194/12.01.2024; ПРО-194(2)/05.04.2024,РД-02-30-787/26.04.2024; Анекс РД-02-30-787(1)/15.08.2024,1590117.75,1559133.97,30983.78,
OP-24.001-1530,"Основен ремонт на общински път НКV1160/III-554, Гълъбово-Симеоновград/ Калугерово-Навъсен/ и част от улица в с. Навъсен, общ. Симеоновград",Симеоновград,Хасково,7607,ПРО-196/12.01.2024; ПРО-196(1)/05.04.2024,РД-02-30-796/26.04.2024; Анекс РД-02-30-796(1)/15.08.2024,1288455.54,1266741.70,21713.84,
OP-24.001-1532,"Подмяна на водопроводна мрежа и основен ремонт на улица ""Здравец""",Симеоновград,Хасково,7607,ПРО-199/12.01.2024,РД-02-30-785/26.04.2024; Анекс РД-02-30-785(1)/15.08.2024,872263.95,157395.40,714868.55,
OP-24.001-1533,Реконструкция на централен градски парк,Симеоновград,Хасково,7607,ПРО-200/12.01.2024,РД-02-30-637/03.04.2024; Анекс РД-02-30-637(1)/15.08.2024,507712.84,444739.21,62973.63,
OP-24.001-1534,"Основен ремонт на пешеходна зона на ул. ""Търговска""",Симеоновград,Хасково,7607,ПРО-201/12.01.2024; ПРО-201(1)/05.04.2024,РД-02-30-781/26.04.2024; Анекс РД-02-30-781(1)/15.08.2024,337452.64,0,337452.64,
OP-24.001-2279,"Подмяна на водопроводна мрежа по улици ""Георги Бенковски"", ""Стефан Караджа"", ""Патриарх Евтимий"" и ""Янко Сакъзов""",Симеоновград,Хасково,7607,ПРО-1388/09.05.2024,РД-02-30-1256/15.08.2024,516404.80,400999.67,115405.13,
OP-24.001-3070,"Проектиране, изпълнение на СМР и осъществяване на авторски надзор на обект: ""Подмяна на водопровод и основен ремонт на ул. ""Хан Аспарух"", ул. ""Цар Асен"", ул. ""Ген. Гурко"", ул. ""Шести септември"", ул. ""Цар Самуил"", ул. ""Роберт Кремер"", ул. ""Беласица"", ул. ""Самарско знаме"" на гр. Симеоновград, общ. Симеоновград, обл. Хасково""",Симеоновград,Хасково,7607,ПРО-2749/24.06.2025,РД-02-30-177/14.07.2025,10216123.08,2405679.43,7810443.65,
OP-25.001-0685,Аварийно почистване на дерета на територията на община Симеоновград,Симеоновград,Хасково,7607,,,0,0,,2415393.98
OP-24.001-1535,"Реконструкция на улици в община Стамболово, област Хасково",Стамболово,Хасково,7608,ПРО-830/14.02.2024,РД-02-30-825/20.05.2024,1071258.75,289959.28,781299.47,
OP-24.001-1536,Основен ремонт на общински път HKV 2175 от км 3+450 до км 7+191 – с. Пътниково – с. Светослав,Стамболово,Хасково,7608,ПРО-828/14.02.2024,РД-02-30-832/20.05.2024,931369.29,761524.00,169845.29,
OP-24.001-1537,Реконструкция и основен ремонт на път HKV 2171 /ІІІ- 5074/ Стамболово – Царева поляна от км 1+770 до км 3+500,Стамболово,Хасково,7608,ПРО-831/14.02.2024,РД-02-30-834/20.05.2024,866690.87,708741.80,157949.07,
OP-24.001-1538,"Основен ремонт на улици в село Жълти бряг, община Стамболово",Стамболово,Хасково,7608,ПРО-1350/02.05.2024,РД-02-30-828/20.05.2024,177213.77,177009.25,0,
OP-24.001-3104,"Реконструкция на довеждащия водопровод на селата Светослав и Бял кладенец и възстановяване на водоподаването на питейна вода на село Пчелари от водоизточник село Светослав, община Стамболово, област Хасково",Стамболово,Хасково,7608,ПРО-2573/04.12.2024,РД-02-30-122/19.06.2025,1628209.00,732665.28,895543.72,
OP-24.001-3105,"Реконструкция на вътрешна водопроводна мрежа с. Светослав, община Стамболово",Стамболово,Хасково,7608,ПРО-2574/04.12.2024,РД-02-30-120/19.06.2025,229314.41,103076.14,126238.27,
OP-24.001-3106,"Реконструкция на вътрешна водопроводна мрежа с. Бял кладенец, община Стамболово",Стамболово,Хасково,7608,ПРО-2575/04.12.2024,РД-02-30-119/19.06.2025,246647.20,0,246647.20,
OP-25.001-0097,"Реконструкция на улици в с. Долно Ботево, община Стамболово",Стамболово,Хасково,7608,ПРО-2743/18.06.2025,РД-02-30-332/13.10.2025,639114.85,287399.25,351715.60,
OP-24.001-1539,Реконструкция на вътрешна водопроводна мрежа на с. Орешник,Тополовград,Хасково,7609,ПРО-244/15.01.2024,РД-02-30-286/20.03.2024; Анекс РД-02-30-286(1)/13.12.2024,9194561.90,6792664.71,2401897.19,
OP-24.001-1540,"Реконструкция/рехабилитация на водопровода по улици – ул. ""Москва""; ""Васил Левски""; ""Искър"" и ""Трети март"" – гр. Тополовград",Тополовград,Хасково,7609,ПРО-239/15.01.2024,РД-02-30-289/20.03.2024; Анекс РД-02-30-289(1)/13.12.2024,3042084.43,2186925.98,855158.45,
OP-24.001-1541,"Благоустрояване на площад ""Александър Стамболийски"", кв. 54 по плана на гр. Тополовград, обл. Хасково",Тополовград,Хасково,7609,ПРО-250/15.01.2024,РД-02-30-283/20.03.2024; Анекс РД-02-30-283(1)/13.12.2024,672860.12,363906.29,859057.69,
OP-24.001-2632,"Благоустрояване на площадно пространство УПИ II, в кв. 47 по ПУП на с. Устрем, общ. Тополовград, област Хасково",Тополовград,Хасково,7609,ПРО-2814/07.08.2025,,0,0,715808.63,
OP-24.001-2633,"Ремонт на свободностояща сграда – съблекалня към игрище в спортен комплекс – с. Срем, община Тополовград",Тополовград,Хасково,7609,ПРО-2815/07.08.2025,,0,0,150831.10,
OP-24.001-3071,Реконструкция на Градски парк в град Тополовград,Тополовград,Хасково,7609,ПРО-2813/07.08.2025,,0,0,2630596.73,
OP-25.001-0051,Благоустрояване на улици в град Тополовград,Тополовград,Хасково,7609,ПРО-2929/04.09.2025,,0,0,5308743.60,
OP-25.001-0052,"Рехабилитация на парк в село Устрем, община Тополовград",Тополовград,Хасково,7609,,,0,0,,2556459.41
OP-25.001-0053,Ремонт на спортен комплекс – Тополовград,Тополовград,Хасково,7609,,,0,0,,1022583.76
OP-24.001-1542,"Рехабилитация и реконструкция на път HKV/II – 76, Българин – Харманли – Доситеево/ от км 3+000 до км 8+870",Харманли,Хасково,7610,ПРО-115/10.01.2024 ПРО-1792/11.07.2024,,0,0,1789521.58,
OP-24.001-1543,"Ремонт на съществуваща водопроводна мрежа, сградни отклонения и рехабилитация на улична мрежа в малките населени места на община Харманли",Харманли,Хасково,7610,ПРО-311/16.01.2024,РД-02-30-338/25.03.2024,1482746.46,0,1482746.46,
OP-24.001-1544,"Основен ремонт на централен площад и прилежащи пространства, град Харманли",Харманли,Хасково,7610,ПРО-96/10.01.2024,РД-02-30-742/25.04.2024,1278434.22,1125700.12,152734.10,
OP-24.001-1545,"Рехабилитация и реконструкция на път НКV 1217/II-76, Богомил – Харманли/Българин – Шишманово от км 0+000 до км 1+300",Харманли,Хасково,7610,ПРО-97/10.01.2024,РД-02-30-330/25.03.2024,823026.54,161485.66,661540.88,
OP-24.001-1546,"Рехабилитация и реконструкция с подмяна на ВиК на улица ""Никола Петков"" в участъка от о.т. 672 до о.т. 1670, гр. Харманли",Харманли,Хасково,7610,ПРО-121/10.01.2024,РД-02-30-1291/15.08.2024,511291.88,0,511291.88,
OP-24.001-1547,"Рехабилитация и реконструкция с подмяна на водопровод на улица ""Христо Смирненски"" в участъка от ул. ""Балкан"" до ул. ""Люле Бургас"", гр. Харманли",Харманли,Хасково,7610,ПРО-128/10.01.2024,РД-02-30-335/25.03.2024,419259.34,0,419259.34,
OP-24.001-1548,"Рехабилитация и реконструкция на улица ""Сакар планина"" на територията на гр. Харманли",Харманли,Хасково,7610,ПРО-114/10.01.2024,РД-02-30-1295/15.08.2024,398807.67,318889.98,79917.69,
OP-24.001-1549,"Рехабилитация и реконструкция с подмяна на водопровод на улица ""Петко Каравелов"" в участъка от ул. ""Ал. Стамболийски"" до ул. ""Васил Левски"", гр. Харманли",Харманли,Хасково,7610,ПРО-120/10.01.2024,РД-02-30-328/25.03.2024,240307.18,0,240307.18,
OP-24.001-1550,"Рехабилитация и реконструкция с подмяна на водопровод на улица ""П. П. Славейкови"" в участъка от бул. ""България"" до ул. ""Васил Левски"", гр. Харманли",Харманли,Хасково,7610,ПРО-119/10.01.2024,РД-02-30-325/25.03.2024,207073.21,0,207073.21,
OP-24.001-1551,"Рехабилитация и реконструкция с подмяна на водопровод на улица ""Искър"" в участъка от ул. ""Г. М. Димитров"" до ул. ""Капитан Петко войвода"", гр. Харманли",Харманли,Хасково,7610,ПРО-117/10.01.2024,РД-02-30-332/25.03.2024,107371.30,0,107371.30,
OP-24.001-2283,"Рехабилитация и реконструкция с подмяна на водопровод на ул. ""Хаджи Димитър""",Харманли,Хасково,7610,,,0,0,,409033.50
OP-24.001-2288,"Рехабилитация и реконструкция на мост в село Доситеево на река Балъчка и на път HKV/II – 76, Българин – Харманли – Доситеево/ от км 8+870 до км 9+600",Харманли,Хасково,7610,ПРО-1793/11.07.2024,,0,0,940777.06,
OP-24.001-2637,Благоустрояване на прилежащи пространства около жилищни блокове в гр. Харманли,Харманли,Хасково,7610,,,0,0,,383468.91
OP-24.001-2641,"Основен ремонт на площад в с. Върбово, общ. Харманли",Харманли,Хасково,7610,,,0,0,,127822.97
OP-24.001-2642,"Основен ремонт на площад в с. Доситеево между о.т. 61 – о.т. 66 – о.т. 70 – о.т. 71 – о.т. 72, общ. Харманли",Харманли,Хасково,7610,,,0,0,,107371.30
OP-25.001-0686,Почистване и основен ремонт на диги и съоръжения по речните корита на реки в територията на община Харманли,Харманли,Хасково,7610,,,0,0,,3067751.29
OP-25.001-0687,"Реконструкция и рехабилитация на водопроводната мрежа в границите на с. Поляново – Етап I, община Харманли",Харманли,Хасково,7610,,,0,0,,3066012.89
OP-25.001-0688,"Реконструкция и рехабилитация на водопроводната мрежа в границите на с. Върбово – Етап I, община Харманли",Харманли,Хасково,7610,,,0,0,,2954244.49
OP-25.001-0689,"Реконструкция и рехабилитация на водопроводната мрежа в границите на с. Иваново – Етап I, община Харманли",Харманли,Хасково,7610,,,0,0,,2791091.25
OP-25.001-0690,Основен ремонт на улица в гр. Харманли с подмяна на водопровод в участъка от о.т. 515 до о.т. 320,Харманли,Хасково,7610,,,0,0,,1278229.70
OP-25.001-0691,"Изграждане на канализация в участъка от о.т. 672, о.т. 1670, гр. Харманли, и част от местен път с идентификатор 77181.21.336 по КК на гр. Харманли",Харманли,Хасково,7610,,,0,0,,1124842.14
OP-25.001-0692,"Основен ремонт на ул. ""Бенковска"", гр. Харманли, с подмяна на водопровод",Харманли,Хасково,7610,,,0,0,,1104390.46
OP-25.001-0693,"Изграждане на ул. ""Здраве"", ул. ""Пепа Николова"" и част от ул. ""Балкан"" от о.т 494д до о.т. 1669 с водопровод и канализация в кв. 99 Б/нов жилищен квартал на гр. Харманли",Харманли,Хасково,7610,,,0,0,,971454.57
OP-25.001-0694,"Основен ремонт на ул. ""Люле Бургас"", гр. Харманли, с подмяна на водопровод в участъка от о.т. 536 до о.т. 315",Харманли,Хасково,7610,,,0,0,,562421.07
OP-25.001-0695,Основен ремонт на част от улица в гр. Харманли с подмяна на водопровод в участъка от о.т. 445 до о.т. 192,Харманли,Хасково,7610,,,0,0,,664679.45
OP-25.001-0696,"Реконструкция и рехабилитация на водопроводната мрежа в границите на с. Иваново – Етап II, община Харманли",Харманли,Хасково,7610,ПРО-3133/22.01.2026,,0,0,,2974593.91
OP-25.001-0697,"Реконструкция и рехабилитация на водопроводната мрежа в границите на с. Иваново – Етап III, община Харманли",Харманли,Хасково,7610,ПРО-3130/22.01.2026,,0,0,,1903232.90
OP-25.001-0698,"Реконструкция и рехабилитация на част от довеждащ водопровод за с. Иваново, община Харманли",Харманли,Хасково,7610,,,0,0,,2662245.70
OP-25.001-0699,"Реконструкция и рехабилитация на водопроводната мрежа в границите на с. Върбово – Етап II, община Харманли",Харманли,Хасково,7610,ПРО-3131/22.01.2026,,0,0,,624082.87
OP-25.001-0700,"Реконструкция и рехабилитация на водопроводната мрежа в границите на с. Поляново – Етап II, община Харманли",Харманли,Хасково,7610,ПРО-3132/22.01.2026,,0,0,,3066012.89
OP-25.001-0701,"Реконструкция и рехабилитация на Довеждащ водопровод – Тласкател от помпена станция до напорен резервоар, Хранителен от напорен резервоар до група населени места с. Надежден, с. Остър камък и депо за отпадъци, включително реконструкция на напорен резервоар – Етап I, община Харманли",Харманли,Хасково,7610,,,0,0,,2662245.70
OP-25.001-0702,"Реконструкция/рехабилитация на Довеждащ водопровод – Тласкателен от помпена станция до напорен резервоар, Хранителен от напорен резервоар до група населени места с. Надежден, с. Остър камък и депо за отпадъци, включително реконструкция на напорен резервоар – Етап II, община Харманли",Харманли,Хасково,7610,,,0,0,,2662245.70
OP-25.001-0703,"Реконструкция/рехабилитация на Довеждащ водопровод – Тласкателен от помпена станция до напорен резервоар, Хранителен от напорен резервоар до група населени места с. Надежден, с. Остър камък и депо за отпадъци, включително реконструкция на напорен резервоар – Етап III, община Харманли",Харманли,Хасково,7610,,,0,0,,1723718.32
OP-24.001-1556,"Основен ремонт на железопътен надлез на бул. ""Съединение"" в гр. Хасково с обособяване на велоалея",Хасково,Хасково,7611,ПРО-127/10.01.2024,РД-02-30-1935/17.12.2024,2433442.58,463169.09,1970273.49,
OP-24.001-1557,"Частичен ремонт, реконструкция на външно стълбище и реконструкция на покрив на читалище ""Заря"", с местонахождение УПИ I – културен дом, кв. 387а по РП на гр. Хасково",Хасково,Хасково,7611,ПРО-125/10.01.2024,РД-02-30-166/14.03.2024,2132393.92,2002075.46,0,
OP-24.001-1558,"Изграждане на открит спортен комплекс в поземлен имот № 77195.31.53, УПИ I, кв. 901 по плана на гр. Хасково и прилежаща към него улица в поземлен имот № 77195.31.27 по КК на гр. Хасково",Хасково,Хасково,7611,ПРО-124/10.01.2024,РД-02-30-1377/24.09.2024,1186810.71,1059110.45,127700.26,
OP-24.001-2645,"Основен ремонт на общински път HKV 1240 /I-5, Хасково – Конуш/ – Войводово – Орлово – Мандра/HKV 1241/",Хасково,Хасково,7611,ПРО-1881/14.08.2024,РД-02-30-1386/24.09.2024,6615145.49,941711.37,5673434.12,
OP-24.001-2646,"Основен ремонт на общински път HKV 1241 /I-5, Конуш – Козлец/ – Мандра – Големанци",Хасково,Хасково,7611,ПРО-1882/14.08.2024,РД-02-30-1379/24.09.2024,6128958.04,1241816.80,4887141.24,
OP-24.001-2647,"Реконструкция на техническа инфраструктура – вътрешна водопроводна мрежа и улици в кв. Болярово, град Хасково",Хасково,Хасково,7611,ПРО-1883/14.08.2024,РД-02-30-1780/12.12.2024,2228414.54,17056.70,2211357.84,
OP-24.001-2648,"Изместване на съществуващ водопровод ст. 377 в участъка от о.т. 72 на ул. ""Бял камък"" до ул. ""Пловдивска"" и до резервоар ""Бирена"" и изграждане на водопровод ф 90 по ул. ""Бял камък"" в участъка от ул. ""Розова долина"" до ул. ""Пловдивска""",Хасково,Хасково,7611,ПРО-1884/14.08.2024,РД-02-30-1360/20.09.2024,1188753.62,442880.50,745873.12,
OP-24.001-2649,"Реконструкция на вътрешна водопроводна мрежа по бул. ""Илинден"", гр. Хасково",Хасково,Хасково,7611,ПРО-1885/14.08.2024,РД-02-30-1371/20.09.2024,793729.52,296389.34,497340.18,
OP-24.001-2650,"Реконструкция и изместване на водопровод ет. ф 546, захранващ резервоар ""Радарите"" и водопровод ет. ф 350 от резервоар ""Радарите"" до кранова шахта с регулатор в гр. Хасково",Хасково,Хасково,7611,ПРО-1886/14.08.2024,РД-02-30-1380/24.09.2024,511291.88,4420.12,506871.76,
OP-24.001-2651,"Реконструкция на водопровод по ул. ""Георги Китов"" в участъка от ул. ""Ирис"" до ул. ""Бяла ружа"", гр. Хасково",Хасково,Хасково,7611,ПРО-1887/14.08.2024,РД-02-30-1383/24.09.2024,293992.83,2814.66,291178.17,
OP-24.001-2652,"Реконструкция на водопроводи по ул. ""Ястреб"" /кв. ""Република""/ в частта от ул. ""Ятак"" до ул. ""Акация"", гр. Хасково",Хасково,Хасково,7611,ПРО-1888/14.08.2024,РД-02-30-1381/24.09.2024,273336.64,2865.79,270470.85,
OP-24.001-2653,"Реконструкция вътрешна водопроводна мрежа в участъка по ул. ""Аргир Стоилов"", с. Узунджово, община Хасково",Хасково,Хасково,7611,ПРО-122/10.01.2024; ПРО-122(3)/04.07.2024,РД-02-30-1154/22.07.2024; Анекс РД-02-30-1154(1)/24.09.2024,224150.36,156679.46,0,
OP-24.001-2654,"Реконструкция на водопровод по ул. ""Гюмюрджина"" (в участъка от кръстовището на бул. ""Освобождение"" и бул. ""Илинден"" до ул. ""Тракийска низина"") и по ул. ""Тракийска низина"" (в участъка от ул. ""Гюмюрджина"" до ул. ""Днепър""), гр. Хасково",Хасково,Хасково,7611,ПРО-1889/14.08.2024,РД-02-30-1359/20.09.2024,202573.84,1942.19,200631.65,
OP-24.001-2655,"Реконструкция на водопровод по ул. ""Картечар"" /кв. ""Република""/ от ул. ""Калето"" до ул. ""Единство"", гр. Хасково",Хасково,Хасково,7611,ПРО-1890/14.08.2024,РД-02-30-1382/24.09.2024,187848.64,1994.04,185854.60,
OP-24.001-2656,"Реконструкция на вътрешна водопроводна мрежа на гр. Хасково в участък по ул. ""Каменна"", от ул. ""Генерал Столетов"" до съществуващ спирателен кран /СК/ преди ул. ""Крали Марко""",Хасково,Хасково,7611,ПРО-1891/14.08.2024,РД-02-30-1378/24.09.2024,139020.26,138948.68,0,
OP-24.001-2657,"Реконструкция на водопровод по ул. ""Петър Янев"" в кв. ""Болярово"", гр. Хасково, в участъка от ул. ""Хан Пресиян"" до ул. ""Ал. Паскалев""",Хасково,Хасково,7611,ПРО-1892/14.08.2024,РД-02-30-1370/20.09.2024,138406.71,1645.08,136761.63,
OP-24.001-2658,"Реконструкция на вътрешна водопроводна мрежа на гр. Хасково, кв. Болярово, в участък по ул. ""Хасковска"", от съществуваща шахта на ул. ""Перущица"" до ул. ""Свети Харалампий""",Хасково,Хасково,7611,ПРО-1979/26.08.2024,РД-02-30-1376/24.09.2024,138048.81,137911.10,0,
OP-24.001-2659,"Реконструкция на вътрешна водопроводна мрежа на гр. Хасково в участъци по ул. ""Червена стена"", от ул. ""Генерал Столетов"" до съществуващ спирателен кран /СК/ преди ул. ""Бяло море"" и по ул. ""Поборническа"", от ул. ""Червена стена"" до ул. ""Тракия""",Хасково,Хасково,7611,ПРО-2161/19.09.2024,РД-02-30-1618/21.10.2024,112688.73,112618.18,0,
OP-24.001-2660,"Реконструкция на вътрешна водопроводна мрежа на гр. Хасково в участък по ул. ""Св. св. Кирил и Методий"", от ул. ""Стара планина"" до съществуващ спирателен кран /СК/ преди ул. ""Дунав""",Хасково,Хасково,7611,ПРО-2157/18.09.2024,РД-02-30-1582/21.10.2024,110081.14,110030.01,0,
OP-24.001-2661,"Реконструкция на водопровод по ул. ""Яне Сандански"" (участъка от ул. ""Байкал"" до ул. ""Дружба"") и по ул. ""Дружба"" (участък от ул. ""Яне Сандански"" до ул. ""Тракийска низина""), гр. Хасково",Хасково,Хасково,7611,ПРО-1893/14.08.2024,РД-02-30-1365/20.09.2024,96736.42,1021.66,95714.76,
OP-24.001-2662,"Реконструкция на водопровод по ул. ""Светлина"" от ул. ""Одеса"" до ул. ""Кресна"", гр. Хасково",Хасково,Хасково,7611,ПРО-1896/14.08.2024,РД-02-30-109/19.06.2025,87686.56,0,87686.56,
OP-24.001-2663,"Реконструкция на водопровод в ж.к. ""Орфей"" от училище ""Шандор Петьофи"" до СК до бл. 9, гр. Хасково",Хасково,Хасково,7611,ПРО-1895/14.08.2024,РД-02-30-1362/20.09.2024,71989.90,721.31,71268.59,
OP-24.001-2664,"Реконструкция на водопровод по ул. ""Цар Симеон Велики"", гр. Хасково",Хасково,Хасково,7611,ПРО-1897/14.08.2024,РД-02-30-1384/24.09.2024,63246.81,971.45,62275.36,
OP-24.001-2665,"Реконструкция вътрешна водопроводна мрежа на гр. Хасково в участък по ул. ""Бадема"", от ул. ""22-ри септември"" до отклонението за жил. бл. 30, ж. р-н ""Бадема""",Хасково,Хасково,7611,ПРО-2160/19.09.2024,РД-02-30-1581/21.10.2024,42130.45,41974.31,0,
OP-24.001-2666,"Изграждане на водопровод ПЕ-ВП ф 160 по ул. ""Калето"" в участъка от ул. ""Република"" до ул. ""Звезда"", гр. Хасково",Хасково,Хасково,7611,ПРО-1899/14.08.2024,РД-02-30-1367/20.09.2024,24797.66,260.76,24536.90,
OP-24.001-2667,"Реконструкция на водопровод по ул. ""Щип"", гр. Хасково",Хасково,Хасково,7611,ПРО-1900/14.08.2024,РД-02-30-1385/24.09.2024,21883.29,467.19,21416.10,
OP-25.001-0076,"Реконструкция на съществуваща вътрешна водопроводна мрежа с. Козлец, община Хасково, на етернитови тръби ф 80 с обща дължина 5800 л.м и тяхната подмяна с ПЕВП ф 90 без ДДС",Хасково,Хасково,7611,ПРО-2843/14.08.2025,,0,0,1431617.27,
OP-25.001-0704,"Изграждане на допълнително водоснабдяване на населените места с нарушено водоподаване – с. Широка поляна и с. Николово, на община Хасково, област Хасково",Хасково,Хасково,7611,ПРО-2845/14.08.2025,,0,0,580316.29,
OP-25.001-0705,"Изграждане на допълнително водоснабдяване на населените места с нарушено водоподаване – с. Текето, с. Долно Големанци, с. Зорница, с. Горно Войводино и с. Елена на община Хасково, област Хасково",Хасково,Хасково,7611,ПРО-2834/13.08.2025,,0,0,488283.75,
OP-25.001-0706,"Изграждане на допълнително водоснабдяване на населените места с нарушено водоподаване – с. Козлец, на община Хасково, област Хасково",Хасково,Хасково,7611,ПРО-2842/14.08.2025,,0,0,56242.11,
OP-25.001-0707,"Реконструкция на вътрешна водопроводна мрежа в с. Динево, общ. Хасково – 1 етап",Хасково,Хасково,7611,ПРО-2844/14.08.2025,,0,0,2172990.50,
OP-24.001-1559,"Довеждащ водопровод от РШ-Велики Преслав до МФОС и допълнително водоснабдяване на група села от водоснабдителната система язовир ""Тича"" в общ. Велики Преслав, обл. Шумен (с. Драгоево, с. Златар, с. Суха река, с. Миланово и с. Мокреш)",Велики Преслав,Шумен,7701,ПРО-2001/29.08.2024,РД-02-30-123/19.06.2025,2977150.37,0,2977150.37,
OP-24.001-1560,"Основен ремонт и реконструкция на ВиК мрежата, в това число водопроводи и водопроводни отклонения на територията на град Велики Преслав (9 улици) и водопроводи на територията на селата от общината (с. Драгоево, с. Златар, с. Имренчево, с. Миланово, с. Мокреш, с. Осмар, с. Троица и с. Хан Крум)",Велики Преслав,Шумен,7701,ПРО-287/16.01.2024,РД-02-30-306/22.03.2024,2724521.05,2232402.61,492118.44,
OP-24.001-1561,"Обект ""Реконструкция и рехабилитация на уличните и тротоарни настилки на улици на територията на гр. Велики Преслав и на селата в общината (Миланово, Хан Крум, Троица, Суха река, Драгоево, Осмар, Мокреш, Златар)"" – част пътна",Велики Преслав,Шумен,7701,ПРО-988/29.02.2024,РД-02-30-1077/25.06.2024,1445575.54,1284996.97,160578.57,
OP-24.001-2291,"Реконструкция и рехабилитация на уличната и тротоарна настилка на ул. ""Райко Даскалов"", гр. Велики Преслав, СМР, СН и АН",Велики Преслав,Шумен,7701,ПРО-1533/17.05.2024,,0,0,474836.77,
OP-24.001-2292,"Реконструкция и рехабилитация на уличната и тротоарна настилка на ул. ""Юбилейна"" от ОК-61 до ОК-607, гр. Велики Преслав, СМР, СН и АН",Велики Преслав,Шумен,7701,ПРО-1655/06.06.2024,РД-02-30-1259/15.08.2024,12168.75,12159.52,0,
OP-24.001-2293,"Реконструкция и рехабилитация на улична и тротоарна настилка, водопроводи и водопроводни отклонения на ул. ""Лилия"", гр. Велики Преслав, СМР, СН и АН",Велики Преслав,Шумен,7701,ПРО-1656/06.06.2024,РД-02-30-1343/04.09.2024,27967.67,25494.24,0,
OP-25.001-0054,Реконструкция на съществуващи водопроводи и възстановяване на уличните настилки на улици на територията на община Велики Преслав,Велики Преслав,Шумен,7701,,,0,0,,2264307.23
OP-25.001-0708,Реконструкция на съществуващи водопроводи и възстановяване на уличните настилки на улици в гр. Велики Преслав и населени места в община Велики Преслав,Велики Преслав,Шумен,7701,,,0,0,,8749226.67
OP-24.001-1562,"Ремонт на покрив, въвеждане на мерки за енергийна ефективност и благоустрояване на дворното пространство на СУ ""Никола Й. Вап-царов"", с. Венец – Eтап II ""Благоустрояване на дворното пространство на СУ ""Никола Вапцаров"", с. Венец",Венец,Шумен,7702,ПРО-1188/18.03.2024,РД-02-30-618/01.04.2024,1350833.15,1333644.25,0,
OP-24.001-1563,"Мерки за енергийна ефективност в сградата на ДГ ""Първи юни"" в УПИ V-249, кв. 27, с. Осеновец, общ. Венец",Венец,Шумен,7702,ПРО-429/19.01.2024,РД-02-30-30/20.02.2024,278091.65,271371.89,0,
OP-24.001-1564,"Аварийно-възстановителни работи за сградата на кметство, с. Изгрев",Венец,Шумен,7702,ПРО-428/19.01.2024,РД-02-30-27/20.02.2024,189535.90,185673.71,0,
OP-24.001-1565,"Изработване на технически инвестиционни проекти за обект ""Реконструкция на довеждащ водопровод и вътрешна водопроводна мрежа на с. Черноглавци, община Венец, област Шумен"" и ПУП – парцеларен план – комплексен проект по реда на чл. 150, ал. 6 от ЗУТ",Венец,Шумен,7702,ПРО-427/19.01.2024,РД-02-30-26/20.02.2024,122710.05,101133.53,0,
OP-24.001-1566,"Реконструкция на част от уличната мрежа с. Страхилица, общ. Венец, обл. Шумен – Етап I: Реконструкция на ул. ""Добруджа""",Венец,Шумен,7702,ПРО-430/19.01.2024; ПРО-430-6/26.07.24; ПРО-430-7/29.07.24,РД-02-30-50/20.02.2024,83954.13,79746.53,0,
OP-24.001-2294,"Инженеринг – проектиране, изпълнение на строително- монтажни работи и упражняване на авторски надзор на обект ""Основен ремонт и реконструкция на улица ""Кирил и Методий"", с. Венец, община Венец""",Венец,Шумен,7702,ПРО-1398/09.05.2024,РД-02-30-973/14.06.2024,1031991.53,921675.18,110316.35,
OP-25.001-0774,"Реконструкция и рехабилитация на улици в с. Борци, с. Венец и с. Ясенково, община Венец, етап 3, етап 5, етап 6, етап 7 и етап 9",Венец,Шумен,7702,ПРО-2958/26.09.2025,РД-02-30-345/16.10.2025,657828.13,259582.89,398245.24,
OP-25.001-0775,"Изграждане на многофункционална зала в УПИ I, кв. 13, с. Борци, община Венец, област Шумен",Венец,Шумен,7702,ПРО-2959/26.09.2025,,0,0,500350.23,
OP-24.001-1567,"Реконструкция и рехабилитация на общински път – SHU 1043 /I-7, Велики Преслав – Върбица/ – Иваново – Методиево/",Върбица,Шумен,7703,ПРО-2141/13.09.2024,РД-02-30-1734/25.11.2024,1363564.32,1318062.67,45501.65,
OP-24.001-1568,"Реконструкция и рехабилитация на общински път – SHU 2044 /III-7304, Нова Бяла река – Върбица/ – Маломир/",Върбица,Шумен,7703,ПРО-2145/13.09.2024,РД-02-30-1615/21.10.2024,797308.56,774561.26,22747.30,
OP-24.001-2295,"Общински комплекс за отдих, рекреация, търговия и услуги в гр. Върбица",Върбица,Шумен,7703,ПРО-2146/13.09.2024,РД-02-30-18/16.06.2025,1843207.23,0,1843207.23,
OP-24.001-2296,Изграждане на водоем в землището на гр. Върбица за водоснабдителната система на гр. Върбица,Върбица,Шумен,7703,ПРО-2143/13.09.2024,РД-02-30-1748/25.11.2024,330192.30,0,330192.30,
OP-24.001-2297,Изграждане на водоем в землището на с. Бяла река за водоснабдителната система на с. Бяла река,Върбица,Шумен,7703,ПРО-2142/13.09.2024,РД-02-30-1732/25.11.2024,330192.30,0,330192.30,
OP-24.001-2298,Изграждане на площад и парк в с. Чернооково,Върбица,Шумен,7703,ПРО-2144/13.09.2024,РД-02-30-1733/25.11.2024,448454.11,0,448454.11,
OP-24.001-1569,Реконструкция и рехабилитация на общински пътища на територията на община Каолиново,Каолиново,Шумен,7704,ПРО-669/30.01.2024,РД-02-30-697/04.04.2024,1822090.88,1789694.28,0,
OP-24.001-1570,"Обновяване и реконструкция на площад и парк в с. Тодор Икономово в имот № I, кв. 61 по плана на с. Тодор Икономово",Каолиново,Шумен,7704,ПРО-1493/14.05.2024,РД-02-30-1043/25.06.2024,267865.82,238324.29,0,
OP-25.001-0098,"Обновяване и реконструкция на площад и парк в с. Тодор Икономово в имот № I, кв. 61 по плана на с. Тодор Икономово – Парк",Каолиново,Шумен,7704,ПРО-2736/17.06.2025,РД-02-30-374/21.11.2025,525965.96,0,525965.96,
OP-25.001-0709,"Реконструкция на Път SHU1060 / III – 7005, Изгрев – Каолиново / Тъкач – Сини вир – Граница общ. (Каолиново – Никола Козлево) – Крива река – / III – 701/ – Участък 1 – от км 0+000 до км 4+531.88 и Участък 2 – от км 6+500 до км 8+862.69",Каолиново,Шумен,7704,,,0,0,,3022962.12
OP-24.001-1571,Общински път SHU 2081 – /SHU 1080/ Каспичан – жп Гара Каспичан – Могила – /III-2081/,Каспичан,Шумен,7705,ПРО-1618/03.06.2024,РД-02-30-1108/19.07.2024,3121232.42,0,3121232.42,
OP-24.001-1572,"Подмяна на водопровод и рехабилитация на улична настилка на ул. ""Христо Ботев""",Каспичан,Шумен,7705,ПРО-1620/03.06.2024,РД-02-30-1396/24.09.2024,548104.90,526680.55,0,
OP-24.001-1573,Реконструкция и изграждане на водопроводна мрежа на гр. Каспичан,Каспичан,Шумен,7705,ПРО-271/16.01.2024; ПРО-271(1)/03.06.2024; ПРО-271(2)/03.06.2024,,0,0,656140.87,
OP-24.001-2300,"Основен ремонт на ул. ""Искър"" и ул. ""Аврора"", град Каспичан",Каспичан,Шумен,7705,ПРО-1637/04.06.2024; ПРО-1637(1)/04.06.2024,РД-02-30-1390/24.09.2024,623827.22,121751.57,502075.65,
OP-24.001-2301,"Реконструкция на междублоково пространство, кв. 18 по плана на град Каспичан",Каспичан,Шумен,7705,ПРО-1619/03.06.2024,РД-02-30-1105/19.07.2024,163613.40,163308.63,0,
OP-24.001-1574,"Частична подмяна на водопроводна мрежа по ул. ""Ленин"", с. Пет могили, общ. Никола Козлево",Никола Козлево,Шумен,7706,ПРО-180/11.01.2024,РД-02-30-393/26.03.2024,343588.14,254932.00,88656.14,
OP-24.001-1575,Основен ремонт на площад в с. Никола Козлево,Никола Козлево,Шумен,7706,ПРО-177/11.01.2024; ПРО-1529/16.05.2024,РД-02-30-1252/15.08.2024,357546.41,12577.78,344968.63,
OP-24.001-1576,"Основен ремонт на ул. ""Ленин"" /път SHU1102/, с. Пет могили, общ. Никола Козлево",Никола Козлево,Шумен,7706,ПРО-175/11.01.2024,РД-02-30-390/26.03.2024,227473.76,0,227473.76,
OP-24.001-2302,"Основен ремонт на ул. ""Баба Тонка"", ул. ""Кирил и Методий"" и ул. ""Христо Георгиев"", с. Никола Козлево",Никола Козлево,Шумен,7706,ПРО-1527/16.05.2024,РД-02-30-995/14.06.2024,132168.95,128699.56,0,
OP-24.001-2303,"Основен ремонт на ул. ""Козлодуй"" и ул. ""Чавдар"", с. Вълнари",Никола Козлево,Шумен,7706,ПРО-1528/16.05.2024,РД-02-30-967/14.06.2024; Анекс РД-02-30-967(1)/13.12.2024,223843.59,223177.24,0,
OP-24.001-2304,"Основен ремонт на площад с парк, с. Пет могили",Никола Козлево,Шумен,7706,ПРО-1530/16.05.2024,РД-02-30-1248/15.08.2024,509246.71,10706.45,498540.26,
OP-24.001-2305,"Инженеринг – проектиране, изпълнение на строително- монтажни работи и упражняване на авторски надзор на обект: ""Реконструкция на вътрешна водопроводна мрежа в село Крива река"" – Етап 1",Никола Козлево,Шумен,7706,ПРО-1531/16.05.2024,РД-02-30-1735/25.11.2024,1345004.42,41312.38,1303692.04,
OP-24.001-1577,"Корекция на р. Крива, гр. Нови пазар, от ОК 809 до ОК 844 и изгр. дъно в същ. коригиран участък от ОК 212б до ОК 283а",Нови пазар,Шумен,7707,ПРО-1808/22.07.2024,РД-02-30-1873/13.12.2024,2208780.93,211444.02,1997336.91,
OP-24.001-1578,"Подмяна на водопровод и асфалтиране на улици в с. Войвода, община Нови пазар",Нови пазар,Шумен,7707,ПРО-942/26.02.2024,РД-02-30-1498/08.10.2024,1840650.77,875030.17,965620.60,
OP-24.001-1579,"Реконструкция, обновяване и благоустрояване на градски пазар, гр. Нови пазар",Нови пазар,Шумен,7707,ПРО-1747/24.06.2024,РД-02-30-149/04.07.2025,1349810.57,204462.74,1145347.83,
OP-24.001-1580,"Реконструкция настилки, съоръжения и оборудване на стадион ""Христо Ботев"", гр. Нови пазар",Нови пазар,Шумен,7707,ПРО-2126/11.09.2024,РД-02-30-1876/13.12.2024,1227100.51,230377.48,996723.03,
OP-24.001-1581,"Подмяна водопровод и асфалтова настилка ул. ""Плиска"" ОК 154-59-57-655-50-647 – край на регулация, гр. Нови пазар",Нови пазар,Шумен,7707,ПРО-816/12.02.2024,РД-02-30-216/18.03.2024,710695.71,403707.43,306988.28,
OP-24.001-1582,Основен ремонт на многофункционална зала в с. Войвода,Нови пазар,Шумен,7707,ПРО-1806/19.07.2024,РД-02-30-148/04.07.2025,368130.15,0,368130.15,
OP-25.001-0710,"Реконструкция, настилки, съоръжения и оборудване на стадион ""Христо Ботев"" в УПИ I, кв. 30 по плана на гр. Нови пазар, община Нови пазар – етап ІІ",Нови пазар,Шумен,7707,,,0,0,,2505330.22
OP-25.001-0711,"Изграждане и оборудване на тръбен кладенец ТК-1 ""Избул – общ. Нови пазар"", с дълбочина 600 м, за добив на подземни води в ПИ с идентификатор 32353.28.43, за допълнително обществено питейно-битово водоснабдяване на с. Избул, общ. Нови пазар, обл. Шумен",Нови пазар,Шумен,7707,,,0,0,,671326.24
OP-25.001-0712,"Изграждане и оборудване на тръбен кладанец ТК-1 ""Правенци – общ. Нови пазар"", с дълбочина 600 м, за добив на подземни води в ПИ с идентификатор 58027.21.84, за допълнително обществено питейно- битово водоснабдяване на с. Правенци, общ. Нови пазар, обл. Шумен",Нови пазар,Шумен,7707,,,0,0,,671326.24
OP-25.001-0713,"Основен ремонт на ул. ""Евлоги Георгиев"" ОТ 242-ОТ 250 ОТ 251-ОТ 252 в гр. Нови пазар",Нови пазар,Шумен,7707,,,0,0,,250533.02
OP-25.001-0714,"Основен ремонт на ул. ""Младост"" ОТ 155-ОТ 53-ОТ 12 в с. Памукчии",Нови пазар,Шумен,7707,,,0,0,,143161.73
OP-25.001-0715,"Основен ремонт на ул. ""Козлодуй"" ОТ 63-ОТ 63а-ОТ 88 в с. Памукчии",Нови пазар,Шумен,7707,,,0,0,,96122.87
OP-25.001-0716,"Основен ремонт на ул. ""Марица"" ОТ 143-ОТ 142 в с. Памукчии",Нови пазар,Шумен,7707,,,0,0,,92032.54
OP-25.001-0717,"Основен ремонт на ул. ""Родопи"" OT 834-OT 824 в гр. Нови пазар",Нови пазар,Шумен,7707,,,0,0,,61355.03
OP-25.001-0718,"Основен ремонт на ул. ""Рила"" ОТ 128-ОТ 143, с. Памукчии",Нови пазар,Шумен,7707,,,0,0,,61355.03
OP-24.001-1584,"Изграждане на парк ""СМЕДА"", находящ се в УПИ I – 639 (за парк), кв. 92а, по плана на гр. Смядово, общ. Смядово, с идентификатор 67708.306.639 по КККР на гр. Смядово, общ. Смядово, обл. Шумен",Смядово,Шумен,7708,ПРО-737/02.02.2024,РД-02-30-1283/15.08.2024,464457.54,242720.47,221737.07,
OP-24.001-2306,"Рехабилитация на общински пътища II етап, общ. Смядово, обл. Шумен. SHU1133 /ІІ – 73, Смядово – Веселиново/ – жп гара Смядово – Смядово /ІІІ-7302/",Смядово,Шумен,7708,ПРО-1433/09.05.2024,РД-02-30-1073/25.06.2024,824611.55,824611.55,0,
OP-24.001-2307,"Рехабилитация на общински пътища II етап, общ. Смядово, обл. Шумен. Подобект: SHU3135 /ІІ – 73, Веселиново – п.к. III-7304-Риш/ – Александрово",Смядово,Шумен,7708,ПРО-1437/10.05.2024,РД-02-30-1074/25.06.2024,1049426.59,462191.92,587234.67,
OP-24.001-2308,"Рехабилитация на общински пътища II етап, общ. Смядово, обл. Шумен. Подобект: SHU2134 /ІІІ – 7301, Кълново – Желъд / Янково – Бял бряг",Смядово,Шумен,7708,ПРО-1443/10.05.2024,РД-02-30-1072/25.06.2024,932085.10,813591.78,118493.32,
OP-24.001-2309,"Рехабилитация на общински пътища II етап, общ. Смядово, обл. Шумен. Подобект: SHU3130 /ІІІ-7301, Янково – Желъд/ – Ново Янково",Смядово,Шумен,7708,ПРО-1438/10.05.2024,РД-02-30-1067/25.06.2024,582565.97,506935.84,75630.13,
OP-24.001-3078,"Ремонт на част от ул. ""Ген. Скобелев"" от ОT 389 до ОT 378, разположена в ПИ 67708.308.332, гр. Смядово, общ. Смядово",Смядово,Шумен,7708,ПРО-2418/30.10.2024,РД-02-30-1871/13.12.2024,234836.36,0,234836.36,
OP-24.001-3079,"Ремонт на ул. ""Хан Омуртаг"" от о.т. 338 до о.т. 353",Смядово,Шумен,7708,ПРО-2415/30.10.2024,РД-02-30-1868/13.12.2024,213822.26,0,213822.26,
OP-24.001-3080,"Ремонт на ул. ""Смеда"", разположена в ПИ 67708.307.309 и ПИ 67708.307.318",Смядово,Шумен,7708,ПРО-2416/30.10.2024,РД-02-30-1867/13.12.2024,204158.85,0,204158.85,
OP-24.001-3081,"Ремонт на ул. ""Атанас Колев"" от о.т. 160 до о.т. 126, с. Янково, общ. Смядово",Смядово,Шумен,7708,ПРО-2421/30.10.2024,РД-02-30-1866/13.12.2024,182275.56,0,182275.56,
OP-24.001-3082,"Ремонт на част от ул. ""Г. С. Раковски"" от о.т. 352 до о.т. 379",Смядово,Шумен,7708,ПРО-2419/30.10.2024,РД-02-30-1864/13.12.2024,126800.39,0,126800.39,
OP-24.001-3083,"Ремонт на част от ул. ""Христо Ботев"" от о.т. 330 до о.т. 391, разположена в ПИ 67708.307.369",Смядово,Шумен,7708,ПРО-2414/30.10.2024,РД-02-30-1870/13.12.2024,125010.86,0,125010.86,
OP-24.001-3084,"Ремонт на ул. ""Първа"", разположена в ПИ 67708.307.267 и ПИ 67708.307.280, гр. Смядово, общ. Смядово",Смядово,Шумен,7708,ПРО-2417/30.10.2024,РД-02-30-1869/13.12.2024,90089.63,0,90089.63,
OP-24.001-3085,"Ремонт на част от ул. ""Васил Левски"" от ОT 327 до ОT 330",Смядово,Шумен,7708,ПРО-2420/30.10.2024,РД-02-30-1865/13.12.2024,82215.73,0,82215.73,
OP-25.001-0719,"Рехабилитация и реконструкция на ул. ""Васил Петлешков"" от ОК 243 до ОК 221 – 655 м (от кръстовището с ул. ""Ришки проход"" до кръстовището с ул. ""Г. С. Раковски"")",Смядово,Шумен,7708,,,0,0,,286323.45
OP-25.001-0720,"Рехабилитация и реконструкция на част от ул. ""Кирил и Методий"" от ОК 261 до ОК 346; от ОК 259 до ОК 347; от ОК 346 до ОК 370",Смядово,Шумен,7708,,,0,0,,237239.43
OP-25.001-0721,"Рехабилитация и реконструкция на ул. ""Илия Блъсков"" от ОК 27 до ОК 67 – 508 м (от кръстовището с ул. ""Априлско въстание"" до кръстовището с ул. ""Паисий Хилендарски"")",Смядово,Шумен,7708,,,0,0,,244397.52
OP-25.001-0722,"Рехабилитация и реконструкция на ул. ""Драва"" от ОК 124 до ОК 12",Смядово,Шумен,7708,,,0,0,,212186.13
OP-25.001-0723,"Рехабилитация и реконструкция на част от ул. ""Любен Каравелов"" от ОК 152 до ОК 291",Смядово,Шумен,7708,,,0,0,,207073.21
OP-25.001-0724,"Рехабилитация и реконструкция на улица ""Индустриална"" от ОТ 166 до ОТ 348, от ОТ 348 до ОТ 178 и част от ПИ 67708.306.109",Смядово,Шумен,7708,,,0,0,,199403.83
OP-25.001-0725,"Рехабилитация и реконструкция на ул. ""Сан Стефано"" от ОК 22 до ОК 49 – 232 м (от кръстовището с ул. ""Възрожденска"" до кръстовището с ул. ""Владайско въстание"")",Смядово,Шумен,7708,,,0,0,,173839.24
OP-25.001-0726,"Рехабилитация и реконструкция на ул. ""Акация"" от ОК 228 до ОК 225 – 370 м (от кръстовището с ул. ""Иван Вазов"" до кръстовището с ул. ""Г. С. Раковски"")",Смядово,Шумен,7708,,,0,0,,171282.78
OP-25.001-0727,"Рехабилитация и реконструкция на ул. ""Шести септември"" от ОК 313 до ОК 326 – 316 м (от кръстовището с ул. ""Христо Ботев"" до кръстовището с ул. ""Тутракан"")",Смядово,Шумен,7708,,,0,0,,166169.86
OP-25.001-0728,"Рехабилитация и реконструкция на ул. ""Стефан Караджа"" от ОК 301 до ОК 305 – 348 м (от кръстовището с ул. ""Бежанска"" до кръстовището с ул. ""Райна Княгиня"")",Смядово,Шумен,7708,,,0,0,,166169.86
OP-25.001-0729,"Рехабилитация и реконструкция на ул. ""Плиска"" от ОК 245 до ОК 250 – 250 м (от кръстовището с ул. ""Ришки проход"" до кръстовището с ул. ""Г. С. Раковски"")",Смядово,Шумен,7708,,,0,0,,132935.89
OP-25.001-0730,"Рехабилитация и реконструкция на ул. ""Симеон Велики"" от ОК 345 до ОК 365 – 285 м (от кръстовището с ул. ""Цар Калоян"" до кръстовището с ул. ""Шумен"")",Смядово,Шумен,7708,,,0,0,,127822.97
OP-25.001-0731,"Рехабилитация и реконструкция на част от ул. ""Христо Смирненски"" ОК 62 до ОК 86 – 225 м (от кръстовището с ул. ""Цар Асен"" до кръстовището с ул. ""Начо Гайдов"")",Смядово,Шумен,7708,,,0,0,,109927.75
OP-25.001-0732,"Рехабилитация и реконструкция на ул. ""Иван Вазов"" от ОК 236 до ОК 237б – 230 м (от кръстовището с ул. ""Г. С. Раковски"" до тупик ОТ 237б)",Смядово,Шумен,7708,,,0,0,,109416.46
OP-25.001-0733,"Рехабилитация и реконструкция на ул. ""Македония"" от ОК 77 до ОК 64 – 215 м (от кръстовището с ул. ""Преслав"" до кръстовището с ул. ""Цар Асен"")",Смядово,Шумен,7708,,,0,0,,99701.92
OP-25.001-0734,"Рехабилитация и реконструкция на ул. ""Пирин"" от ОК 78 до ОК 65 – 215 м (от кръстовището с ул. ""Македония"" до кръстовището с ул. ""Цар Асен"")",Смядово,Шумен,7708,,,0,0,,97145.46
OP-25.001-0735,"Рехабилитация и реконструкция на ул. ""Вардар"" ОК 62 до ОК 87 – 160 м (от кръстовището с ул. ""Цар Асен"" до кръстовището с ул. ""Начо Гайдов"")",Смядово,Шумен,7708,,,0,0,,89476.08
OP-24.001-1588,"Реконструкция на водопроводна мрежа в с. Тимарево, общ. Хитрино – втори етап",Хитрино,Шумен,7709,ПРО-1144/08.03.2024,РД-02-30-1424/24.09.2024,3065961.77,2375947.24,0,
OP-24.001-1589,"Рехабилитация на път SHU 1065 /ІІІ-7003/ – Царев брод – Велино – граница общ. (Шумен – Хитрино) – Живково – Граница общ. (Хитрино – Каолиново) – /SHU 1060/ в участъка от кръстовище с път SHU 2159 до начало регулация на с. Становец, община Хитрино, област Шумен – Втори етап",Хитрино,Шумен,7709,ПРО-1274/04.04.2024,РД-02-30-1475/08.10.2024,692033.56,0,692186.95,
OP-24.001-1590,"Реконструкция, рехабилитация и благоустрояване на централен площад в с. Хитрино",Хитрино,Шумен,7709,ПРО-1143/08.03.2024,РД-02-30-557/29.03.2024,655373.93,323778.69,331595.24,
OP-24.001-1592,Изграждане на спортна площадка в УПИ XVI в кв. 6 в с. Трем,Хитрино,Шумен,7709,ПРО-2400/29.10.2024,,0,0,328402.78,
OP-24.001-1593,Реконструкция на спортна площадка в ПИ XII за 146 в с. Живково,Хитрино,Шумен,7709,ПРО-2665/22.04.2025,,0,0,268019.20,
OP-25.001-0736,"Подобряване на уличните настилки на населените места на община Хитрино, подобект: ""Ул. ""Камчия"", с. Студеница, от км 0+000 до км 1+328,75",Хитрино,Шумен,7709,,,0,0,,477546.62
OP-24.001-1594,"Реконструкция и реновиране на спортен комплекс стадион ""Панайот Волов"" – Шумен",Шумен,Шумен,7710,ПРО-1256/02.04.2024,РД-02-30-54/16.06.2025,19429091.49,0,19429091.49,
OP-24.001-1596,"Рехабилитация на SHU 1188 (I-7, Шумен – В. Преслав) – Шумен – Лозево (SHU 2005)",Шумен,Шумен,7710,ПРО-1255/02.04.2024,РД-02-30-1670/20.11.2024,2119816.14,412781.12,1707035.02,
OP-24.001-1597,"Рехабилитация и реконструкция на ул. ""Северна"", гр. Шумен",Шумен,Шумен,7710,ПРО-1222/25.03.2024 ПРО-1222(1)/03.04.2024 ПРО-1222(2)/05.04.2024,РД-02-30-721/05.04.2024; Анекс РД-02-30-721(1)/20.11.2024,1243973.15,668223.02,575750.13,
OP-24.001-2310,"Рехабилитация и реконструкция на бул. ""Симеон Велики"", гр. Шумен",Шумен,Шумен,7710,ПРО-1508/15.05.2024; ПРО-1508(1)/16.05.2024,РД-02-30-1440/24.09.2024,12019756.32,2261323.43,9758432.89,
OP-24.001-2311,Изграждане на закрит спортен басейн,Шумен,Шумен,7710,ПРО-1463/10.05.2024,РД-02-30-1439/24.09.2024,5087354.22,4866050.65,0,
OP-24.001-2312,"Проектиране, авторски надзор и СМР за обект: Реконструкция на водопровод по бул. Ришки проход",Шумен,Шумен,7710,ПРО-1460/10.05.2024,РД-02-30-1441/24.09.2024,451470.73,442226.14,0,
OP-24.001-2313,"Изграждане на локално платно с паркоместа и зелени площи по ул. ""Марица"" в участъка от ул. ""В. Друмев"" до ул. ""Ген. Скобелев""",Шумен,Шумен,7710,ПРО-1465/10.05.2024,РД-02-30-1711/20.11.2024,1022583.76,989589.74,32994.02,
OP-24.001-2314,"Рехабилитация на SHU 2005 (TGV 1167, Надарево – Осмар) Кочово – граница общ. (В. Преслав – Шумен) – Лозево – (I-2), гр. Шумен",Шумен,Шумен,7710,ПРО-1470/10.05.2024,РД-02-30-1702/20.11.2024,2300813.47,2233310.48,0,
OP-24.001-2315,"Рехабилитация на ул. ""Велико Железов"", кв. Дивдядово, гр. Шумен",Шумен,Шумен,7710,ПРО-1469/10.05.2024,РД-02-30-1665/20.11.2024,664679.45,541344.17,123335.28,
OP-24.001-2317,"Проектиране и авторски надзор за обект: ""Паркоустройство на парк ""Кьошкове"", гр. Шумен",Шумен,Шумен,7710,ПРО-2104/05.09.2024,РД-02-30-1684/20.11.2024,27098.47,0,27098.47,
OP-24.001-2319,"Инженеринг – проектиране, строителство и авторски надзор за обект: Изграждане на прилежащ паркинг към спортна зала ""Плиска""",Шумен,Шумен,7710,ПРО-2096/05.09.2024,РД-02-30-1708/20.11.2024,142343.66,0,142343.66,
OP-24.001-2320,"Проектиране и авторски надзор на 6 спортни площадки в кв. Боян Българанов, кв. Тракия, кв. Добруджа, кв. Гривица и централна част",Шумен,Шумен,7710,ПРО-2116/05.09.2024,РД-02-30-1705/20.11.2024,29808.32,0,29808.32,
OP-24.001-2321,"Проектиране и авторски надзор за обект: Разширение на Гробищен парк – Шумен, етап, гр. Шумен",Шумен,Шумен,7710,ПРО-2121/05.09.2024,РД-02-30-1703/20.11.2024,12782.30,0,12782.30,
OP-24.001-2322,Проектиране и авторски надзор за обект: Изграждане на пристройка и реконструкция на спортна зала Младост в гр. Шумен,Шумен,Шумен,7710,ПРО-2098/05.09.2024,РД-02-30-1696/20.11.2024,40903.35,0,40903.35,
OP-24.001-2324,Проектиране и авторски надзор за обект: Реконструкция на Градски пазар в град Шумен,Шумен,Шумен,7710,ПРО-2106/05.09.2024,РД-02-30-52/16.06.2025,28632.35,0,28632.35,
OP-24.001-2325,"Проектиране и авторски надзор за обект: Реконструкция на улици в град Шумен – ул. ""Катюша"" и ул. ""Независимост""",Шумен,Шумен,7710,ПРО-2110/05.09.2024,РД-02-30-1496/08.10.2024,11759.71,0,11759.71,
OP-24.001-2326,"Инженеринг – проектиране, строителство и авторски надзор за обект: Рехабилитация на път SHU 1187 /I – 7, о.п. Шумен – о.п. Велики Преслав/ – Мараш – Салманово /SHU1190/",Шумен,Шумен,7710,ПРО-2100/05.09.2024,РД-02-30-1492/08.10.2024,4253948.45,0,4253948.45,
OP-24.001-2328,"Проектиране и авторски надзор за обект: Реконструкция на междублоково пространство между ул. ""Дедеагач"", ул. ""Родопи"", ул. ""Лозенград"" и бул. ""Симеон Велики"" в кв. Тракия",Шумен,Шумен,7710,ПРО-2105/05.09.2024,РД-02-30-1663/20.11.2024,28632.35,0,28632.35,
OP-24.001-2329,"Проектиране и авторски надзор за обект: Реконструкция на междублокови пространства между ул. ""Самара"", ул. ""Стара планина"", ул. ""Средна гора"" и ул. ""Генерал Радецки"" в кв. Б. Българанов",Шумен,Шумен,7710,ПРО-2099/05.09.2024,РД-02-30-1714/20.11.2024,51129.19,0,51129.19,
OP-24.001-2330,"Проектиране и авторски надзор за обект: Реконструкция на прилежащо междублоково пространство на блокове с № 7, 8, 9, 10 и 11, кв. 572, в кв. Б. Българанов",Шумен,Шумен,7710,ПРО-2103/05.09.2024,РД-02-30-1715/20.11.2024,26587.18,0,26587.18,
OP-24.001-2331,"Проектиране и авторски надзор за обект: Реконструкция на междублокови пространства около многофамилни жилищни сгради по протежение на ул. ""Асен Златаров"", в части от кв. 642в, 644 и кв. 643г, по плана на град Шумен",Шумен,Шумен,7710,ПРО-2102/05.09.2024,РД-02-30-1692/20.11.2024,26587.18,0,26587.18,
OP-24.001-2333,Проектиране и авторски надзор за обект: Реконструкция на междублоково пространство на кв. 641а в ж.к. Еверест,Шумен,Шумен,7710,ПРО-2112/05.09.2024,РД-02-30-1710/20.11.2024,15338.76,0,15338.76,
OP-24.001-2335,Проектиране и авторски надзор за обект: Реконструкция на водопроводната мрежа в село Салманово,Шумен,Шумен,7710,ПРО-2109/05.09.2024,РД-02-30-1483/08.10.2024,20451.68,0,21474.26,
OP-24.001-2336,Проектиране и авторски надзор за обект: Реконструкция на водопроводната мрежа в село Струйно,Шумен,Шумен,7710,ПРО-2115/05.09.2024,РД-02-30-1487/08.10.2024,19429.09,0,19429.09,
OP-24.001-2337,Проектиране и авторски надзор за обект: Реконструкция на водопроводната мрежа в село Вехтово,Шумен,Шумен,7710,ПРО-2113/05.09.2024,РД-02-30-1501/08.10.2024,16361.34,0,16361.34,
OP-24.001-2338,Проектиране и авторски надзор за обект: Реконструкция на довеждащ водопровод към село Друмево,Шумен,Шумен,7710,ПРО-2101/05.09.2024,РД-02-30-1514/08.10.2024,26587.18,0,26587.18,
OP-24.001-2339,Проектиране и авторски надзор за обект: Дълбок сондаж за питейно водоснабдяване в село Лозево,Шумен,Шумен,7710,ПРО-2120/05.09.2024,,0,0,12782.30,
OP-24.001-2340,Проектиране и авторски надзор за обект: Дълбок сондаж за питейно водоснабдяване в село Струйно,Шумен,Шумен,7710,ПРО-2119/05.09.2024,,0,0,12782.30,
OP-24.001-2341,"Проектиране и авторски надзор за обект: Рехабилитация и реконструкция на улица ""Захари Стоянов"" и части от ул. ""Бузлуджа"" и ул. ""Кирил и Методий"" в село Царев брод",Шумен,Шумен,7710,ПРО-2118/05.09.2024,РД-02-30-1504/08.10.2024,12782.30,0,12782.30,
OP-24.001-2342,Проектиране и авторски надзор за обект: Реконструкция на централно площадно пространство и изграждане на градски парк в село Мараш,Шумен,Шумен,7710,ПРО-2097/05.09.2024,РД-02-30-1694/20.11.2024,29654.93,0,29654.93,
OP-24.001-2343,Проектиране и авторски надзор за обект: Изграждане на централно площадно пространство и паркова зона в село Дибич,Шумен,Шумен,7710,ПРО-2108/05.09.2024,РД-02-30-1709/20.11.2024,20451.68,0,20451.68,
OP-24.001-2344,"Проектиране и авторски надзор за обект: Благоустрояване и реконструкция на централно площадно пространство, изграждане на детска площадка и комбинирана спортна площадка в село Мадара",Шумен,Шумен,7710,ПРО-2111/05.09.2024,РД-02-30-1719/20.11.2024,26587.18,0,26587.18,
OP-24.001-2345,"Проектиране и авторски надзор за обект: Благоустрояване на централно площадно пространство, селищен парк и изграждане на детска площадка в село Салманово",Шумен,Шумен,7710,ПРО-2114/05.09.2024,РД-02-30-1717/20.11.2024,17895.22,0,17895.22,
OP-24.001-2346,Проектиране и авторски надзор за обект: Благоустрояване и реконструкция на парк в кв. Дивдядово,Шумен,Шумен,7710,ПРО-2107/05.09.2024,РД-02-30-1706/20.11.2024,20451.68,0,20451.68,
OP-24.001-2347,"Проектиране и авторски надзор за обект: Рехабилитация и реконструкция на общинска пътна мрежа SHU 1192 (III 731, Р. Димитриево – Черноок) Друмево – Овчарово – В. Друмев– о.п. Шумен в участъка от село Костена река до село Овчарово",Шумен,Шумен,7710,ПРО-2117/05.09.2024,РД-02-30-1517/08.10.2024,12782.30,0,12782.30,
OP-24.001-2349,"Реконструкция на уличен водопровод по ул. ""Г. С. Раковски"", гр. Шумен, и сградни водопроводни отклонения в участъка от кръстовище с ул. ""Райна Княгиня"" до входа на парк ""Кьошкове""",Шумен,Шумен,7710,ПРО-1462/10.05.2024; ПРО-1462(2)/16.08.2024,РД-02-30-1680/20.11.2024,148274.65,111894.35,0,
OP-24.001-2350,"Реконструкция на улична канализация по ул. ""Тича"" в участъка от ОК 533 до ОК 531 и изграждане на нова канализация от ОК 531 на ул. ""Тича"" до ОК 569А на ул. ""Генерал Ганецки""",Шумен,Шумен,7710,ПРО-1468/10.05.2024,РД-02-30-1687/20.11.2024,112484.21,0,112484.21,
OP-24.001-2352,"Рехабилитация и реконструкция на улица, намираща се между ул. ""Ген. Радецки"" и ул. ""Ген. Драгомиров""",Шумен,Шумен,7710,ПРО-1821/05.08.2024,РД-02-30-1675/20.11.2024,410465.12,0,410465.12,
OP-24.001-2668,"Рехабилитация на път SHU 2186 (III – 7003, Царев брод – Шумен) – Коньовец",Шумен,Шумен,7710,ПРО-1931/16.08.2024,РД-02-30-1689/20.11.2024,2714959.89,2453550.37,0,
OP-24.001-2669,"Рехабилитация и реконструкция на ул. ""Владайско въстание"", гр. Шумен, в участъка й западно от ул. ""Охрид""",Шумен,Шумен,7710,ПРО-1930/16.08.2024,РД-02-30-1691/20.11.2024,1481212.58,0,1634600.14,
OP-24.001-3086,"Рехабилитация на път SHU 1065 (III – 7003, Царев брод – Велино – граница общ. (Шумен – Хитрино) – Живково– граница общ. (Хитрино – Каолиново) – SHU 1060)",Шумен,Шумен,7710,ПРО-2247/04.10.2024,РД-02-30-1673/20.11.2024,3971715.33,621370.79,3350344.54,
OP-25.001-0055,"Проект по рехабилитация на път SHU 1190 (II-73, Шумен-Ивански) P. Димитриево-Салманово-граница общ. (В. Преслав-Шумен)-Златар (Ш-7302)",Шумен,Шумен,7710,,,0,0,,4303543.76
OP-25.001-0056,"Реконструкция водопроводната мрежа, с. Черенча",Шумен,Шумен,7710,ПРО-3085/11.12.2025,РД-02-30-469/30.12.2025,4755014.50,0,4755014.50,
OP-25.001-0057,"Реконструкция водопроводната мрежа, с. Лозево",Шумен,Шумен,7710,ПРО-3083/11.12.2025,РД-02-30-470/30.12.2025,4857272.87,0,4857272.87,
OP-25.001-0058,"Реконструкция водопроводната мрежа, с. Градище",Шумен,Шумен,7710,ПРО-3084/11.12.2025,РД-02-30-464/30.12.2025,4696164.80,0,4696164.80,
OP-24.001-1600,Реконструкция на вътрешна водопроводна мрежа на с. Малко Шарково,Болярово,Ямбол,7801,ПРО-1459/10.05.2024,РД-02-30-1049/25.06.2024,632825.96,108079.27,524746.69,
OP-24.001-1601,Реконструкция на вътрешна водопроводна мрежа на с. Мамарчево,Болярово,Ямбол,7801,ПРО-1489/14.05.2024,РД-02-30-1045/25.06.2024,5033361.80,4018549.83,1014811.97,
OP-24.001-3087,Основен ремонт на местен общински път JAM Малко Шарково – Шарково от км 0+000 до км 5+910,Болярово,Ямбол,7801,ПРО-3034/07.11.2025,,0,0,1398281.04,
OP-24.001-3088,Реконструкция на водопроводната мрежа в с. Голямо Крушево,Болярово,Ямбол,7801,ПРО-3033/07.11.2025,,0,0,4392150.65,
OP-24.001-3089,Реконструкция на напорния и довеждащ водопровод от водоснабдителната система на село Стефан Караджово и реконструкция на част от вътрешната водопроводна мрежа на селото,Болярово,Ямбол,7801,ПРО-3032/07.11.2025,,0,0,3125680.66,
OP-24.001-3090,Реконструкция на водопроводната мрежа в с. Попово,Болярово,Ямбол,7801,ПРО-3031/07.11.2025,,0,0,2043531.39,
OP-25.001-0737,Реконструкция на вътрешна водопроводна мрежа на с. Малко Шарково – 2 етап,Болярово,Ямбол,7801,,,0,0,,991241.57
OP-24.001-1602,Основен ремонт на улична мрежа в град Елхово,Елхово,Ямбол,7802,ПРО-1669/07.06.2024,РД-02-30-79/19.06.2025,2247997.01,63617.49,2184379.52,
OP-24.001-1603,Реконструкция на част от водопроводната мрежа в град Елхово,Елхово,Ямбол,7802,ПРО-1163/13.03.2024,РД-02-30-771/26.04.2024,1147083.34,816369.52,330713.82,
OP-24.001-1604,"Основен ремонт ул. ""Ангел Вълев"", гр. Елхово",Елхово,Ямбол,7802,ПРО-880/15.02.2024; ПРО-880(2)/27.05.2024,РД-02-30-1069/25.06.2024,1019158.11,818654.68,0,
OP-24.001-1605,"Основен ремонт на улица ""Морава"" от ул. ""Камчия"" до о.т. 38 в град Елхово",Елхово,Ямбол,7802,ПРО-914/22.02.2024,РД-02-30-449/28.03.2024,636047.10,474160.59,0,
OP-24.001-1606,"Основен ремонт на общински път JAM2030 / III – 7009, Бояново – Борисово / – Жребино – Граница общ. (Елхово – Болярово) – Попово / JAM1028 /, участък от км 0+000 до км 6+900",Елхово,Ямбол,7802,ПРО-1668/07.06.2024,РД-02-30-76/19.06.2025,487572.03,0,1659142.15,
OP-24.001-1607,"Основен ремонт ул. ""Ж. Петков"" в участъка от пл. ""Христо Ботев"" до ул. ""Ал. Стамболийски"" в град Елхово",Елхово,Ямбол,7802,ПРО-873/15.02.2024; ПРО-873(2)/27.05.2024,РД-02-30-1065/25.06.2024,350183.81,286267.63,0,
OP-24.001-1608,"Основен ремонт на общински път JAM2020 /I-7, Окоп – о.п. Елхово/ – Кирилово, участък от км 0+050 до км 2+050",Елхово,Ямбол,7802,ПРО-1667/07.06.2024,,0,0,512570.11,
OP-24.001-1610,"Изграждане на кръгово кръстовище на ул. ""Александър Стамболийски"" с ул. ""Ангел Вълев"", гр. Елхово",Елхово,Ямбол,7802,ПРО-913/22.02.2024,РД-02-30-447/28.03.2024; Анекс РД-02-30-447(1)/13.12.2024,268837.27,9816.80,259020.47,
OP-24.001-1611,"Изграждане на ПСОВ, разделна канализация и водопроводна мрежа, град Стралджа",Стралджа,Ямбол,7803,ПРО-1248/29.03.2024; ПРО-1248(2)/27.05.2024; ПРО-1248(3)/13.06.2024 ПРО-1248(4)/21.08.2024,РД-02-30-1631/24.10.2024,2454303.29,0,2454303.29,
OP-24.001-2671,Основен ремонт и реконструкция на съществуващ довеждащ водопровод от напорен водоем до входа на град Стралджа,Стралджа,Ямбол,7803,,,0,0,,1278229.70
OP-24.001-2673,"Благоустрояване на пространства от централна градска част в кв. 141 и кв. 142 по ПУП на град Стралджа, община Стралджа – публична общинска собственост, съгласно приложение",Стралджа,Ямбол,7803,,,0,0,,1144884.78
OP-24.001-2674,"Благоустрояване на централно площадно пространство в УПИ XII – за площад, кв. 35 по плана на село Зимница, община Стралджа",Стралджа,Ямбол,7803,,,0,0,,235501.04
OP-24.001-1612,"Основен ремонт на JAM 2089/I-7, Окоп-Елхово/Коневец- Маломир/JAM 1096 в участъка от км 2+000 до км 7+127,66 – 2 етап",Тунджа,Ямбол,7804,ПРО-838/14.02.2024,РД-02-30-357/25.03.2024,3021735.02,485431.25,2536303.77,
OP-24.001-1613,"Реконструкция и разширение на водопроводна мрежа, с. Ботево, община ""Тунджа"", втори етап – изграждане на второстепенни клонове",Тунджа,Ямбол,7804,ПРО-837/14.02.2024,РД-02-30-1031/25.06.2024,2858121.62,210294.36,2647827.26,
OP-24.001-1614,"Канализационна мрежа с ПСОВ, с. Веселиново",Тунджа,Ямбол,7804,ПРО-840/14.02.2024,РД-02-30-851/20.05.2024,1610569.43,0,1610569.43,
OP-24.001-1615,"Допълнително водоснабдяване на с. Ханово, община ""Тунджа""",Тунджа,Ямбол,7804,ПРО-841/14.02.2024,,0,0,178952.16,
OP-24.001-3091,"Реконструкция и рехабилитация на път JAM 1096 /I-7, Окоп-Елхово/-Тенево-Маломир-Дряново-Драма от км 0+000 до км 3+350 и ТКМ за оптичен интернет",Тунджа,Ямбол,7804,,,0,0,,2821768.76
OP-24.001-1616,"Основен ремонт на участък от ул. ""Преслав"", на север от ул. ""Димитър Благоев"" от о.т. 1337 до о.т. 702, Етап II: ""Основен ремонт на участък от ул. ""Преслав"", на север от ул. ""Димитър Благоев"", от ул. ""Акация"" до о.т. 702; Етап II A – Основен ремонт на участък от ул. ""Преслав"", на север от ул. ""Димитър Благоев"", от кръстовище с ул. ""Акация"" до кръстовище с ул. ""Тимок"" без площта на кръстовищата; етап II Б – Основен ремонт на участък от ул. ""Преслав"", на север от ул. ""Димитър Благоев"", от кръстовище с ул. ""Тимок"" до кръстовище с околовръстен път изток, включително площта на кръстовищата",Ямбол,Ямбол,7805,ПРО-591/26.01.2024,РД-02-30-471/28.03.2024,3410316.85,346823.31,3063493.54,
OP-24.001-1617,"Обновяване и модернизиране на градската среда чрез реконструкция на пешеходни зони – гр. Ямбол. Поетапно изграждане на девет етапа – за Етап VIII – ""Пешеходна ул. ""Търговска"" – част III – от ул. ""Преслав"" до ул. ""Стефан Караджа"" и за Етап IX – ""Пешеходна ул. ""Търговска"" – част IV от ул. ""Стефан Караджа"" до ул. ""Богомил""",Ямбол,Ямбол,7805,ПРО-592/26.01.2024,РД-02-30-971/14.06.2024,1532853.06,848458.14,684394.92,
OP-24.001-1618,"Основен ремонт – реконструкция на централна градска част – 2 с обособени позиции: ул. ""Търговска"" от ул. ""Богомил"", ул. ""Срем"" до ул. ""Граф Игнатиев"" с идентификатор 87374.541.66, ул. ""Кара Кольо"" от ул. ""Преслав"" до ул. ""Богомил"" с идентификатори 87374.541.58 и 87374.541.59, ул. ""Стефан Караджа"" от ул. ""Търговска"" до ул. ""Г. С. Раковски"" с идентификатори 87374.541.15 и 87374.541.2, ул. ""Стефан Стамболов"" от ул. ""Стефан Караджа"" до ул. ""Богомил"" с идентификатор 87374.541.57"" – Етапно изграждане",Ямбол,Ямбол,7805,ПРО-594/26.01.2024,РД-02-30-841/20.05.2024,841075.14,420008.63,421066.51,
OP-24.001-1619,"Многофункционална спортна зала – пристройка към сграда с идентификатор 87374.533.6.3 – спортна зала ""Диана""",Ямбол,Ямбол,7805,ПРО-595/26.01.2024,РД-02-30-472/28.03.2024,2686327.54,265850.10,2420477.44,
OP-24.001-1620,"Реконструкция на ул. ""Георги Гарабчи войвода"" от ул. ""Русе"" о.т. 724-725-726-728 до о.т. 729 ул. ""Индже войвода"", гр. Ямбол",Ямбол,Ямбол,7805,ПРО-597/26.01.2024,РД-02-30-1323/02.09.2024,511291.88,475928.07,35363.81,
OP-24.001-1621,"Изграждане на пътно кръгово кръстовище на ул. ""Димитър Благоев"" и ул. ""Жорж Папазов"", гр. Ямбол",Ямбол,Ямбол,7805,ПРО-593/26.01.2024,РД-02-30-972/14.06.2024,715808.63,707587.71,0,
OP-24.001-1622,"Ремонт, рехабилитация и реконструкция на алея, свързваща ул. ""Димитър Благоев"", ул. ""Боровец"" с обходен път изток, гр. Ямбол. Втори етап: ""Ремонт, рехабилитация и реконструкция на алеята, свързваща ул. ""Боровец"" с обходен път изток, изграждане на тротоар и велосипедна алея по цялата дължина на трасето. Първи подетап: ""Ремонт, рехабилитация и реконструкция на алеята, свързваща ул. ""Боровец"" с обходен път изток""",Ямбол,Ямбол,7805,ПРО-596/26.01.2024,РД-02-30-525/29.03.2024; Анекс РД-02-30-525(1)/21.05.2024; Анекс РД-02-30-525(2)/21.10.2024,357904.32,351590.27,0,
OP-24.001-1623,"Изграждане на асфалтова улица с предвиждане на автобусна спирка и паркинг в имоти с идентификатори 87374.525.27, 87374.525.28 и 87374.525.30 по ККарта на гр. Ямбол – етапно строителство, I етап – Проектиране и изграждане на обслужваща улица и автобусна спирка от о.т. 10, о.т. 60, о.т 62 до о.т. 61, ПИ 87374.525.30 и 87374.525.28 по ККарта на гр. Ямбол",Ямбол,Ямбол,7805,ПРО-598/26.01.2024,РД-02-30-837/20.05.2024,357904.32,157500.31,200404.01,
OP-24.001-2353,"Изграждане на ул. ""Охрид"", гр. Ямбол",Ямбол,Ямбол,7805,ПРО-1688/12.06.2024,РД-02-30-1255/15.08.2024,444823.94,402242.43,42581.51,
OP-24.001-2354,"Изграждане на второстепенна улица, свързваща ул. ""Охрид"" с ""Обходен път Юг""",Ямбол,Ямбол,7805,ПРО-1690/12.06.2024,РД-02-30-1251/15.08.2024,484193.41,422822.22,61371.19,
OP-24.001-2676,"Изграждане на пътно кръгово кръстовище на бул. ""Крайречен"" и ул. ""Крали Марко"", гр. Ямбол",Ямбол,Ямбол,7805,ПРО-1947/21.08.2024,РД-02-30-1573/21.10.2024,485727.29,430028.42,55698.87,
OP-24.001-2677,"Изграждане на канализация за отпадъчни води по ул. ""Шести септември"", кв. 26а, гр. Ямбол, съгласно одобрена схема по РПИП (регионални прединвестиционни проучвания) на гр. Ямбол",Ямбол,Ямбол,7805,ПРО-1946/21.08.2024,РД-02-30-1571/21.10.2024,153387.56,92756.19,60631.37,
OP-24.001-3092,"Изграждане на пътно кръгово кръстовище на ул. ""Генерал Владимир Заимов"" и ул. ""Търговска"", гр. Ямбол",Ямбол,Ямбол,7805,ПРО-2604/08.01.2024,РД-02-30-8/16.06.2025,677461.74,0,677461.74,
OP-24.001-3093,"Изграждане на пътно кръгово кръстовище на ул. ""Димитър Благоев"" и ул. ""Преслав"", гр. Ямбол",Ямбол,Ямбол,7805,ПРО-2542/25.11.2024,РД-02-30-10/16.06.2025,680018.20,0,680018.20,
OP-24.001-3094,"Изграждане на канализация за отпадъчни води по ул. ""Шести септември"", кв. 26а, гр. Ямбол, съгласно одобрена схема по РПИП (регионални прединвестиционни проучвания) на гр. Ямбол. Изграждане на осветление и ремонт на съществуващи паркови алеи в Градски парк – Етапно строителство",Ямбол,Ямбол,7805,ПРО-2648/21.02.2025,РД-02-30-179/14.07.2025,156966.61,72346.47,84620.14,
OP-25.001-0738,"Основен ремонт на ул. ""Професор П. Нойков"" в участъка от Езикова гимназия ""Васил Карагьозов"" до ул. ""Свети Георги""",Ямбол,Ямбол,7805,ПРО-3153/20.05.2026,,0,0,,1255732.86
OP-25.001-0739,"Благоустрояване на ж.к. ""Георги Бенковски"", гр. Ямбол",Ямбол,Ямбол,7805,,,0,0,,1708737.47
OP-25.001-0740,"Благоустрояване на ж.к. ""Хале"", гр. Ямбол",Ямбол,Ямбол,7805,,,0,0,,1656585.70
OP-25.001-0741,"Изграждане на пътно кръгово кръстовище на ул. ""Граф Игнатиев"" и ул. ""Милин камък"", гр. Ямбол",Ямбол,Ямбол,7805,ПРО-2787/01.08.2025,РД-02-30-404/08.12.2025,1451046.36,0,1451046.36,
OP-25.001-0742,"Основен ремонт на ул. ""Николай Петрини"" от ул. ""Дружба"" до ул. ""Ямболска крепост"", включително и прилежащи паркинги",Ямбол,Ямбол,7805,,,0,0,,1400428.46
OP-25.001-0743,"Изграждане на пътно кръгово кръстовище на ул. ""Николай Петрини"" и ул. ""Георги Дражев"" и ул. ""Индже войвода"", гр. Ямбол",Ямбол,Ямбол,7805,ПРО-2788/01.08.2025,РД-02-30-403/08.12.2025,1145293.81,0,1145293.81,
OP-25.001-0744,"Основен ремонт на част от второстепенната улична мрежа на гр. Ямбол в централна градска част – Етап № 2: • Етап 2а, включващ следните подобекти: – ""Основен ремонт на ул. ""Христо Смирненски""; – ""Основен ремонт на ул. ""Опълченска""; • Етап 2б, включващ следните подобекти: – ""Основен ремонт на ул. ""Александър Стамболийски"" от ул. ""Стефан Караджа"" до ул. ""Независима България""; – ""Основен ремонт на ул. ""Жельо Войвода"" от ул. ""Стефан Караджа"" до ул. ""Независима България""; • Етап 2в – ""Основен ремонт на ул. ""Богомил"" от ул. ""Александър Стамболийски"" до ул. ""Георги С. Раковски"" и благоустрояване на градската среда в разделителната ивица на ул. ""Богомил"" и междублокови пространства, прилежащи северно на ул. ""Александър Стамболийски""; • Етап 2г – ""Основен ремонт на ул. ""Независима България"" от ул. ""Страхил Войвода"" до ул. ""Георги С. Раковски""",Ямбол,Ямбол,7805,ПРО-3140/26.03.2026,,0,0,,887091.41
OP-25.001-0745,"Благоустрояване на ж.к. ""Райна Княгиня"", гр. Ямбол",Ямбол,Ямбол,7805,,,0,0,,779720.12
OP-25.001-0746,"Основен ремонт на част от второстепенната улична мрежа на гр. Ямбол в Промишлена зона – Етапно строителство: Етап 1: Основен ремонт на ул. ""Индустриална"" от о.т. 326, о.т. 330, о.т. 331 до о.т. 410",Ямбол,Ямбол,7805,,,0,0,,708139.26
OP-25.001-0747,"Основен ремонт на част от второстепенната улична мрежа на гр. Ямбол в централна градска част – Етап № 1: • Етап 1а, включващ следните подобекти: – ""Основен ремонт на ул. ""Хан Кубрат"" и прилежащ паркинг""; – ""Основен ремонт на ул. ""Васил Априлов""; – ""Основен ремонт на ул. ""Екзарх Йосиф""; • Етап 1б – ""Основен ремонт на ул. ""Александър Стамболийски"" в участъка от ул. ""Хан Кубрат"" до ул. ""Стефан Караджа""; • Етап 1в – ""Основен ремонт на ул. ""Стефан Караджа"" в участъка от ул. ""Александър Стамболийски"" до ул. ""Георги С. Раковски""",Ямбол,Ямбол,7805,ПРО-2955/25.09.2025,,0,0,671837.53,
OP-25.001-0748,Основен ремонт на част от второстепенната улична мрежа на гр. Ямбол в Промишлена зона – Етапно строителство: Етап 2: Основен ремонт на подлез в Промишлена зона,Ямбол,Ямбол,7805,,,0,0,,667235.90
OP-25.001-0749,"Основен ремонт на ул. ""Крайречна"", гр. Ямбол",Ямбол,Ямбол,7805,,,0,0,,779720.12
OP-25.001-0750,"Изграждане на външно изкуствено /улично/ осветление в селищно образувание ""Кринчовица"", гр. Ямбол",Ямбол,Ямбол,7805,,,0,0,,354836.57
OP-25.001-0751,Ремонт на съществуващи паркови алеи в Градски парк – Ямбол,Ямбол,Ямбол,7805,ПРО-3152/20.05.2026,,0,0,,411589.96
OP-25.001-0752,"Благоустрояване на ул. ""Стара планина"", гр. Ямбол",Ямбол,Ямбол,7805,,,0,0,,131402.01
OP-25.001-0753,"Благоустрояване на кв. ""Аврен"", гр. Ямбол",Ямбол,Ямбол,7805,,,0,0,,1554327.32
OP-25.001-0754,Благоустрояване на Първи жилищен район по плана на гр. Ямбол,Ямбол,Ямбол,7805,,,0,0,,1554327.32
OP-25.001-0755,"Благоустрояване на кв. ""Каргон"", гр. Ямбол",Ямбол,Ямбол,7805,,,0,0,,1554327.32
OP-25.001-0756,"Основен ремонт на част от второстепенната улична мрежа на гр. Ямбол в Западна промишлена зона – КОС"" – Етапно строителство",Ямбол,Ямбол,7805,ПРО-2954/25.09.2025,,0,0,314444.51,
OP-25.001-0757,"Основен ремонт на част от второстепенната улична мрежа на гр. Ямбол в кв. ""Кючук махала"" – Етапно строителство",Ямбол,Ямбол,7805,,,0,0,,209629.67
