ebk_code,code,name_bg,responsible_bg,transfer_2025_kBGN,bdb_2025_kBGN,total_2025_kBGN
5101,OP-24.001-2355,"Реконструкция на асфалтовата и тротоарна настилка и изграждане на кабелен колектор за кабелизация на разпределителната мрежа и уличното осветление на ул. ""Иван Галчев"", реконструкция на тротоарната настилка на ул. ""Ленин"" и ул. ""Пирин"" (от ул. ""Иван Галчев"" до ул. ""Десилица""), гр. Добринище, общ. Банско","Община Банско, област Благоевград",0.00000,0.00000,0.00000
5101,OP-24.001-0003,"Реконструкция на канализационната и водопроводна мрежа, реконструкция на асфалтовата настилка и тротоарната настилка и изграждане на кабелен колектор за кабелизация на разпределителната мрежа и улично осветление и слаботокови кабели на ул. ""Солун"", гр. Банско","Община Банско, област Благоевград",1254.21417,0.00000,1254.21417
5101,OP-24.001-2698,"Изграждане на детска площадка и благоустрояване на пешеходни зони и алеи с местонахождение ПИ 02676.501.2681 по КК на гр. Банско, УПИ I, кв. 146 по плана на гр. Банско, общ. Банско – РС 52/28.08.2024 г.","Община Банско, област Благоевград",0.00000,0.00000,0.00000
5101,OP-24.001-0001,"Архитектурно-художествено оформление с реконструкция на техническата инфраструктура и изграждане на водопровод и разделна канализация на ул. ""Пирин"" в частта между ул. ""П. Р. Славейков"" и ул. ""Христо Матов""","Община Банско, област Благоевград",0.00000,0.00000,0.00000
5101,OP-24.001-0002,"Реконструкция на канализационната и водопроводна мрежа, реконструкция на асфалтовата настилка и тротоарната настилка и изграждане на кабелен колектор за кабелизация на разпределителната мрежа и улично осветление и слаботокови кабели на ул. ""Захари Стоянов"", гр. Банско","Община Банско, област Благоевград",0.00000,0.00000,0.00000
5102,OP-24.001-0006,"Реконструкция на път BLG 1020/II-84, Якоруда – Разлог/жп гара Белица – Краище – Лютово – Орцево от км 14+800 до км 20+655","Община Белица, област Благоевград",2494.00000,0.00000,2494.00000
5102,OP-24.001-0005,"Ремонт и реконструкция на улична мрежа в община Белица, включително подмяна на водопровод и канализация","Община Белица, област Благоевград",2047.99734,0.00000,2047.99734
5102,OP-25.001-0088,"Внедряване на енергийноефективни мерки на сградата на ОУ ""Св. св. Кирил и Методий"" в ПИ с идентификатор 02107.1.150 по КККР на село Бабяк, община Белица, област Благоевград","Община Белица, област Благоевград",1372.84725,0.00000,1372.84725
5102,OP-24.001-0008,"Укрепителни мероприятия по шест броя дерета, преминаващи през с. Краище, общ. Белица","Община Белица, област Благоевград",1336.50000,0.00000,1336.50000
5102,OP-24.001-0009,Корекция на река Белишка,"Община Белица, област Благоевград",1078.80000,0.00000,1078.80000
5102,OP-24.001-1628,"Рехабилитация и модернизация на общинската инфраструктура – системи за външно изкуствено осветление на град Белица и с. Краище, част от община Белица","Община Белица, област Благоевград",935.03442,0.00000,935.03442
5102,OP-24.001-0007,"Изграждане на местен път до Парк за мечки с начало ПИ с идентификатор 03504.8.30 по КККР на гр. Белица, минаващ през ПИ с идентификатор 03504.1.515 и завършващ при паркинга на парка, с дължина 2335 м","Община Белица, област Благоевград",0.00000,0.00000,0.00000
5102,OP-24.001-0010,"Реконструкция и модернизация на улично осветление в село Горно Краище, село Бабяк и село Дагоново, община Белица","Община Белица, област Благоевград",218.04314,0.00000,218.04314
5102,OP-25.001-0135,"Инженеринг (проектиране, СМР и авторски надзор) на обект: ""Реконструкция и разширение на път BLG 3023 /III-8406/ Белица – м. Андрианов чарк""","Община Белица, област Благоевград",0.00000,0.00000,0.00000
5102,OP-25.001-0134,"Инженеринг (проектиране, СМР и авторски надзор) на обект ""Изграждане на нов довеждащ водопровод за с. Бабяк, община Белица""","Община Белица, област Благоевград",0.00000,0.00000,0.00000
5102,OP-25.001-0136,"Рехабилитация и реконструкция на улици, тротоари и съоръженията към тях на територията на община Белица","Община Белица, област Благоевград",0.00000,0.00000,0.00000
5102,OP-25.001-0194,"Инженеринг (проектиране, СМР и авторски надзор) на обект: ""Изграждане на многофункционална зала в село Краище, общ. Белица""","Община Белица, област Благоевград",0.00000,0.00000,0.00000
5102,OP-25.001-0137,"Инженеринг (проектиране, СМР и авторски надзор) на обект: ""Основен ремонт и разширение на мост в урбанизираната територия на село Дагоново, общ. Белица""","Община Белица, област Благоевград",0.00000,0.00000,0.00000
5103,OP-24.001-0012,"Изграждане на ул. ""Здраве"", IV м.р.","Община Благоевград, област Благоевград",0.00000,0.00000,0.00000
5103,OP-24.001-0011,"Реконструкция на ВиК мрежи и благоустрояване на ул. ""Катина и Никола Хайдукови""","Община Благоевград, област Благоевград",0.00000,0.00000,0.00000
5103,OP-24.001-0014,"Реконструкция на ВиК мрежи и благоустрояване на ул. ""Христо Чернопеев""","Община Благоевград, област Благоевград",0.00000,0.00000,0.00000
5103,OP-24.001-0016,"Реконструкция на ВиК мрежи и благоустрояване на ул. ""Христо Смирненски""","Община Благоевград, област Благоевград",0.00000,0.00000,0.00000
5103,OP-24.001-0018,"Реконструкция на ВиК мрежи и благоустрояване на ул. ""Гьорче Петров""","Община Благоевград, област Благоевград",0.00000,0.00000,0.00000
5103,OP-24.001-0015,"Ремонт и реконструкция на ВиК на ул. ""Аргир Манасиев""","Община Благоевград, област Благоевград",1675.39742,0.00000,1675.39742
5103,OP-24.001-0019,"Реконструкция на ВиК мрежи и благоустрояване на ул. ""Димитър Йосифов""","Община Благоевград, област Благоевград",743.74202,0.00000,743.74202
5103,OP-25.001-0195,Рехабилитация и модернизация на системите за външно изкуствено осветление на населени места на територията на община Благоевград – етап 2,"Община Благоевград, област Благоевград",0.00000,0.00000,0.00000
5103,OP-24.001-1629,"Ремонт и реконструкция на ВиК на ул. ""Арсени Костенцев"" – Етап I","Община Благоевград, област Благоевград",0.00000,0.00000,0.00000
5103,OP-24.001-1630,"Ремонт и реконструкция на ВиК на ул. ""Арсени Костенцев"" – Етап II","Община Благоевград, област Благоевград",0.00000,0.00000,0.00000
5103,OP-24.001-0023,"Реконструкция на ВиК мрежи и благоустрояване на ул. ""Антим I""","Община Благоевград, област Благоевград",0.00000,228.50527,228.50527
5103,OP-24.001-0021,"Реконструкция на ВиК мрежи и благоустрояване на ул. ""Преспа""","Община Благоевград, област Благоевград",0.00000,0.00000,0.00000
5103,OP-24.001-0020,"Ремонт и реконструкция на ВиК на ул. ""Свети Иван Рилски""","Община Благоевград, област Благоевград",470.13993,0.00000,470.13993
5103,OP-24.001-0026,"Реконструкция на ВиК мрежи за минерална вода по ул. ""Костур"", ул. ""Христо Чернопеев"", ул. ""Катина и Никола Хайдукови""","Община Благоевград, област Благоевград",0.00000,0.00000,0.00000
5103,OP-24.001-0025,"Ремонт и реконструкция на ВиК на ул. ""Стефан Стамболов""","Община Благоевград, област Благоевград",801.12416,0.00000,801.12416
5103,OP-24.001-0027,"Реконструкция на ВиК мрежи и благоустрояване на ул. ""Сотир Атанасов""","Община Благоевград, област Благоевград",0.00000,0.00000,0.00000
5103,OP-24.001-0028,"Реконструкция на ВиК мрежи и благоустрояване на ул. ""Свети Наум""","Община Благоевград, област Благоевград",0.00000,0.00000,0.00000
5103,OP-24.001-0032,"Реконструкция на ВиК мрежи и благоустрояване на ул. ""Данаил Крапчев""","Община Благоевград, област Благоевград",678.72886,0.00000,678.72886
5103,OP-24.001-1632,"Ремонт и реконструкция на ВиК на ул. ""Арсени Костенцев"" – Етап IV","Община Благоевград, област Благоевград",327.25906,0.00000,327.25906
5103,OP-24.001-0024,"Благоустрояване на ул. ""Кресна""","Община Благоевград, област Благоевград",0.00000,0.00000,0.00000
5103,OP-25.001-0001,"Изграждане на ВиК мрежи в имот с ид. 04279.621.215, местност Мандаджи баир, ул. ""Свобода"" от о.т. 70, 67, 66, 65, 64 до о.т. 59","Община Благоевград, област Благоевград",0.00000,0.00000,0.00000
5103,OP-24.001-0035,"Благоустрояване на ул. ""Витоша""","Община Благоевград, област Благоевград",0.00000,0.00000,0.00000
5103,OP-24.001-0033,"Ремонт и реконструкция на ВиК на ул. ""Захари Стоянов""","Община Благоевград, област Благоевград",0.00000,0.00000,0.00000
5103,OP-24.001-0034,"Реконструкция на ВиК мрежи и благоустрояване на ул. ""Костур""","Община Благоевград, област Благоевград",0.00000,0.00000,0.00000
5103,OP-24.001-0036,"Реконструкция на ВиК мрежи и благоустрояване на ул. ""Сава Михайлов""","Община Благоевград, област Благоевград",0.00000,0.00000,0.00000
5103,OP-24.001-0039,"Реконструкция и благоустрояване на междублоково пространство в кв. 133, Благоевград","Община Благоевград, област Благоевград",0.00000,0.00000,0.00000
5103,OP-24.001-0040,"Реконструкция и благоустрояване на междублоково пространство в кв. 175, Благоевград","Община Благоевград, област Благоевград",0.00000,0.00000,0.00000
5103,OP-24.001-0041,"Благоустрояване на ул. ""Юрий Гагарин""","Община Благоевград, област Благоевград",0.00000,0.00000,0.00000
5103,OP-24.001-0029,"Ремонт и реконструкция на ВиК на ул. ""Иван Вазов""","Община Благоевград, област Благоевград",0.00000,0.00000,0.00000
5103,OP-24.001-0030,"Ремонт и реконструкция на ВиК на ул. ""Иларион Макариополски""","Община Благоевград, област Благоевград",277.16964,0.00000,277.16964
5103,OP-25.001-0002,"Реконструкция на ВиК мрежи на ул. ""Христо Силянов"" от о.т. 316 до о.т. 251","Община Благоевград, област Благоевград",0.00000,0.00000,0.00000
5103,OP-24.001-0042,"Реконструкция на ВиК мрежи и благоустрояване на ул. ""Родолюбие""","Община Благоевград, област Благоевград",256.50796,0.00000,256.50796
5103,OP-24.001-1631,"Ремонт и реконструкция на ВиК на ул. ""Арсени Костенцев"" – Етап III","Община Благоевград, област Благоевград",0.00000,0.00000,0.00000
5103,OP-24.001-0044,"Реконструкция и благоустрояване на междублоково пространство в кв. 116, Благоевград","Община Благоевград, област Благоевград",0.00000,0.00000,0.00000
5103,OP-24.001-0045,Реконструкция на комбинирана спортна площадка в с. Изгрев,"Община Благоевград, област Благоевград",0.00000,0.00000,0.00000
5103,OP-24.001-0043,"Реконструкция и благоустрояване на междублоково пространство в кв. 134, Благоевград","Община Благоевград, област Благоевград",0.00000,0.00000,0.00000
5103,OP-24.001-0046,"Реконструкция и благоустрояване на междублоково пространство в кв. 117, Благоевград","Община Благоевград, област Благоевград",0.00000,0.00000,0.00000
5103,OP-24.001-0047,"Реконструкция на спортна площадка в ж.к. ""Струмско"", Благоевград","Община Благоевград, област Благоевград",0.00000,0.00000,0.00000
5103,OP-24.001-0049,"Изграждане на авариен изход на ДГ ""Първи юни""","Община Благоевград, област Благоевград",141.27648,0.00000,141.27648
5103,OP-24.001-0050,"Реконструкция и благоустрояване на междублоково пространство в кв. 114, Благоевград","Община Благоевград, област Благоевград",0.00000,0.00000,0.00000
5103,OP-24.001-1635,Проект за реконструкция на път BLG1071 – /I-1 – Благоевград – Симитли/ – граница община (Благоевград – Симитли) – Симитли – Черниче – /I-1/,"Община Благоевград, област Благоевград",0.00000,0.00000,0.00000
5103,OP-24.001-1638,Проект за реконструкция на пешеходна зона на ЦГЧ,"Община Благоевград, област Благоевград",0.00000,0.00000,0.00000
5103,OP-24.001-1649,"Проект за реконструкция на бул. ""Св. св. Кирил и Методий""","Община Благоевград, област Благоевград",0.00000,0.00000,0.00000
5103,OP-24.001-1646,Проект за реконструкция на път KNL1084 – /III-107/ Кочериново – Бараково – граница община (Кочериново – Благоевград) – Благоевград/BLG2061/,"Община Благоевград, област Благоевград",0.00000,0.00000,0.00000
5103,OP-24.001-1645,Проект за реконструкция на общински път BLG2060 – /I-1/ – Дупница – Благоевград – Рилци – /KNL1084/,"Община Благоевград, област Благоевград",0.00000,0.00000,0.00000
5103,OP-24.001-1634,"Изграждане на пристройка към централна сграда за 2 бр. работни места, ДГ № 12 ""Алени макове""","Община Благоевград, област Благоевград",0.00000,0.00000,0.00000
5103,OP-24.001-1650,"Проект за реконструкция на ул. ""Броди"", ж.к. ""Струмско""","Община Благоевград, област Благоевград",0.00000,0.00000,0.00000
5103,OP-24.001-1648,"Проект за реконструкция на бул. ""Васил Левски"" (от кръстовище с ул. ""Крушево"" до кръстовище с бул. ""Св. Д. Солунски"")","Община Благоевград, област Благоевград",0.00000,0.00000,0.00000
5103,OP-24.001-0051,"Проект за изграждане на улица от о.т. 12 до о.т. 253 (ул. ""Вардар"") (проектиране)","Община Благоевград, област Благоевград",0.00000,0.00000,0.00000
5103,OP-24.001-1641,"Проект за изграждане на ул. ""Св. Иван Рилски"", с. Рилци","Община Благоевград, област Благоевград",0.00000,0.00000,0.00000
5103,OP-24.001-1643,"Проект за изграждане на ул. ""Перелик"" от о.т. 45 до о.т. 48, включително корекция на Еленовско дере","Община Благоевград, област Благоевград",0.00000,0.00000,0.00000
5103,OP-24.001-1654,"Проект за реконструкция на кръстовище м/у ул. ""Симеон Радев"" и ул. ""Борис Ангелушев""","Община Благоевград, област Благоевград",0.00000,0.00000,0.00000
5103,OP-25.001-0198,"Реконструкция на ул. ""Александър Стамболийски"" и изграждане на пътен възел между ул. ""Александър Стамболийски"" и бул. ""Св. Димитър Солунски""","Община Благоевград, област Благоевград",0.00000,0.00000,0.00000
5103,OP-24.001-0022,"Благоустрояване на Гробищен парк ""Нови гробища""","Община Благоевград, област Благоевград",0.00000,0.00000,0.00000
5103,OP-24.001-0038,"Благоустрояване на ул. ""Зеленка""","Община Благоевград, област Благоевград",0.00000,0.00000,0.00000
5103,OP-24.001-1636,"Проект за реконструкция на общински път BLG2061 – /I-1/ – Благоевград – Бистрица – лет. ""Бодрост"" – м. Картала","Община Благоевград, област Благоевград",0.00000,0.00000,0.00000
5103,OP-25.001-0196,"Основен ремонт на покрив на ДДЯ № 2 ""Радост""","Община Благоевград, област Благоевград",0.00000,0.00000,0.00000
5103,OP-24.001-1633,"Проект за основен ремонт и въвеждане на мерки за ЕЕ на сграда с ид. 04279.612.98.2 (Регионална библиотека, зала ""Пейо Яворов"" и др.)","Община Благоевград, област Благоевград",0.00000,0.00000,0.00000
5103,OP-25.001-0197,"Основен ремонт на покрив на ДДЯ № 3 ""Славей""","Община Благоевград, област Благоевград",0.00000,0.00000,0.00000
5103,OP-24.001-0048,"Проект за изграждане на многоетажен паркинг (""Кончето"") (проектиране)","Община Благоевград, област Благоевград",0.00000,0.00000,0.00000
5103,OP-24.001-0052,"Проект за реконструкция на парк ""Ален мак"", Благоевград","Община Благоевград, област Благоевград",0.00000,0.00000,0.00000
5103,OP-24.001-1642,"Проект за пешеходен мост над р. Бистрица м/у парк ""Даме Груев"" и алея при Американски общежития","Община Благоевград, област Благоевград",0.00000,0.00000,0.00000
5104,OP-24.001-0053,"Реконструкция и рехабилитация на път BLG 1091 (II-19, Добринище – Гоце Делчев) – Брезница, община Гоце Делчев","Община Гоце Делчев, област Благоевград",0.00000,0.00000,0.00000
5104,OP-24.001-1662,Реконструкция и рехабилитация на улична мрежа в югозападната част на гр. Гоце Делчев,"Община Гоце Делчев, област Благоевград",0.00000,0.00000,0.00000
5104,OP-24.001-1661,"Реконструкция и основен ремонт на улици, намиращи се в централна градска част на гр. Гоце Делчев","Община Гоце Делчев, област Благоевград",0.00000,0.00000,0.00000
5104,OP-24.001-0054,Реконструкция и рехабилитация на улици в гр. Гоце Делчев,"Община Гоце Делчев, област Благоевград",982.00516,0.00000,982.00516
5104,OP-24.001-0055,Реконструкция и рехабилитация на улици в с. Лъжница,"Община Гоце Делчев, област Благоевград",0.00000,0.00000,0.00000
5104,OP-24.001-1665,"Реконструкция и обновяване на футболно игрище в УПИ-I, кв. 84, с. Брезница, общ. Гоце Делчев","Община Гоце Делчев, област Благоевград",0.00000,0.00000,0.00000
5104,OP-24.001-0056,"Улица с о.т. 693, о.т. 691, о.т. 686, о.т 1171, о.т. 914, о.т. 909 и мостово съоръжение над река Градска в гр. Гоце Делчев, община Гоце Делчев","Община Гоце Делчев, област Благоевград",0.00000,0.00000,0.00000
5104,OP-24.001-0057,Реконструкция и рехабилитация на улици в с. Борово,"Община Гоце Делчев, област Благоевград",830.29822,0.00000,830.29822
5104,OP-24.001-1666,Реконструкция и рехабилитация на улици в с. Мосомище,"Община Гоце Делчев, област Благоевград",466.43332,0.00000,466.43332
5104,OP-24.001-1667,Реконструкция и рехабилитация на улици в с. Брезница,"Община Гоце Делчев, област Благоевград",0.00000,0.00000,0.00000
5104,OP-24.001-0060,Реконструкция и рехабилитация на улици в с. Корница,"Община Гоце Делчев, област Благоевград",725.02066,0.00000,725.02066
5104,OP-24.001-0059,Реконструкция и рехабилитация на улици в с. Господинци,"Община Гоце Делчев, област Благоевград",0.00000,0.00000,0.00000
5104,OP-24.001-0061,Благоустрояване на площад в с. Корница,"Община Гоце Делчев, област Благоевград",453.78708,0.00000,453.78708
5104,OP-24.001-1664,"Пристройка за обособяване на читалище към сграда на кметство с. Борово, общ. Гоце Делчев","Община Гоце Делчев, област Благоевград",0.00000,0.00000,0.00000
5104,OP-24.001-0062,Благоустрояване на площад в с. Мосомище,"Община Гоце Делчев, област Благоевград",349.68266,0.00000,349.68266
5104,OP-25.001-0199,"Реконструкция на ул. ""Пейо Яворов"" в обхват о.т. 697-899-898-897-896-895-894-893-892 по плана на гр. Гоце Делчев","Община Гоце Делчев, област Благоевград",0.00000,0.00000,0.00000
5104,OP-25.001-0200,"Реконструкция на ул. ""Пейо Яворов"" в обхват о.т. 647-823-820-836-697 по плана на гр. Гоце Делчев","Община Гоце Делчев, област Благоевград",0.00000,0.00000,0.00000
5104,OP-25.001-0201,"Инженеринг и строителен надзор за реконструкция на улична канализация по ул. ""Хан Крум"", гр. Гоце Делчев с о.т. 817 до о.т. 829","Община Гоце Делчев, област Благоевград",0.00000,0.00000,0.00000
5104,OP-25.001-0117,"Изграждане на довеждащ водопровод от втори водоизточник на самоизлив на 2,5 км до изградена инфраструктура на съществуващ водоизточник в с. Буково","Община Гоце Делчев, област Благоевград",0.00000,0.00000,0.00000
5104,OP-24.001-0058,"Резервоар с обем 500 м3, с. Буково, община Гоце Делчев","Община Гоце Делчев, област Благоевград",147.49700,0.00000,147.49700
5104,OP-24.001-1668,Реконструкция и рехабилитация на улица в с. Буково,"Община Гоце Делчев, област Благоевград",90.01810,0.00000,90.01810
5104,OP-24.001-1663,"Изграждане на нов стоманобетонен мост на улица между о.т. 92 и о.т. 113 по плана на с. Лъжница, общ. Гоце Делчев","Община Гоце Делчев, област Благоевград",0.00000,0.00000,0.00000
5104,OP-25.001-0202,"Проектиране и основен ремонт на ВиК инфраструктура по ул. ""Пейо Яворов"", о.т. 647-823-820-836-697, по плана на гр. Гоце Делчев","Община Гоце Делчев, област Благоевград",0.00000,0.00000,0.00000
5104,OP-25.001-0759,Основен ремонт на улици в с. Лъжница,"Община Гоце Делчев, област Благоевград",0.00000,0.00000,0.00000
5105,OP-24.001-1669,"Реконструкция и рехабилитация на улици на територията на община Гърмен, област Благоевград","Община Гърмен, област Благоевград",1347.21182,0.00000,1347.21182
5105,OP-25.001-0203,"Изграждане на помпена станция и външен водопровод до съществуващ Група Рибново – I етап, местност Железен мост, землище с. Осиково, за селата Рибново и Осиково, община Гърмен","Община Гърмен, област Благоевград",0.00000,0.00000,0.00000
5105,OP-24.001-1670,"КПИИ Основен ремонт и реконструкция на стадион, намиращ се в УПИ I, кв. 63 по плана на с. Дебрен, община Гърмен","Община Гърмен, област Благоевград",0.00000,0.00000,0.00000
5105,OP-24.001-1671,"Укрепителни и брегоукрепителни мероприятия на р. Канина в района на Огняновски минерални бани, общ. Гърмен, обл. Благоевград","Община Гърмен, област Благоевград",930.30000,0.00000,930.30000
5105,OP-24.001-0063,Реконструкция и рехабилитация на улици в община Гърмен,"Община Гърмен, област Благоевград",905.98815,0.00000,905.98815
5105,OP-25.001-0071,"3 299 328 лв. за реконструкция и разширение на материално-техническата база на СУ ""Йордан Йовков"" в с. Рибново и 793 947 лв. за изграждане на пристройка на Детска градина ""Никола Вапцаров"" в с. Дебрен в УПИ XVI, кв. 29, по плана на село Дебрен, общ. Гърмен, област Благоевград","Община Гърмен, област Благоевград",818.70000,0.00000,818.70000
5105,OP-24.001-0065,"Пречиствателна станция за питейни води, село Рибново, община Гърмен","Община Гърмен, област Благоевград",466.35202,0.00000,466.35202
5105,OP-24.001-0064,Реконструкция на външни водопроводи с. Осиково и с. Рибново по обособена позиция № 1 с предмет: Реконструкция на съществуващ водопровод за с. Осиково,"Община Гърмен, област Благоевград",192.26735,0.00000,192.26735
5106,OP-24.001-0066,"Реконструкция на вътрешна водопроводна мрежа и благоустрояване на улици в с. Сливница, община Кресна","Община Кресна, област Благоевград",5793.13183,0.00000,5793.13183
5106,OP-24.001-2700,Благоустрояване и реконструкция на улици в с. Горна Брезница,"Община Кресна, област Благоевград",0.00000,0.00000,0.00000
5106,OP-24.001-0068,Реконструкция на част от вътрешна водопроводна мрежа на гр. Кресна,"Община Кресна, област Благоевград",1128.68546,0.00000,1128.68546
5106,OP-24.001-2701,"Основен ремонт на общински път BLG 3134 /I-1 гр. Кресна – Струмяни/ – Градешки минерални бани от км 0+000 до км 4+153,51, община Кресна","Община Кресна, област Благоевград",0.00000,0.00000,0.00000
5106,OP-24.001-0067,"Благоустрояване на с. Долна Градешница, община Кресна, област Благоевград – реконструкция на улична мрежа и площад, изграждане на детски площадки – Етап II","Община Кресна, област Благоевград",0.00000,0.00000,0.00000
5106,OP-25.001-0204,"Реконструкция на съществуващ главен довеждащ водопровод на гр. Кресна, с. Долна Градешница, с. Влахи и с. Сливница, община Кресна","Община Кресна, област Благоевград",0.00000,0.00000,0.00000
5107,OP-24.001-0069,"Реконструкция на водопроводни клонове по индикативни улици в гр. Петрич и рехабилитация на улиците, в т.ч. и ремонт на бордюри в обхвата на реконструкцията с подобекти: – Подобект 1 ""Реконструкция и доизграждане на водопровод и канализация по ул. ""Д-р Асен Златаров"" в участъка между о.т. 243 и о.т. 603 по плана на гр. Петрич, имот с идентификатор 56126.603.1685 по КККР на гр. Петрич в кръстовище при о.т. 243 с ул. ""Полк. Дрангов"", имот с идентификатор 56126.601.1521 по КККР на гр. Петрич, с дължина L=200 m""; – Подобект: ""Реконструкция на водопроводни клонове по 17 индикативни улици в гр. Петрич и рехабилитация на 18 индикативни улици, в т.ч. и ремонт на бордюри в обхвата на реконструкцията""","Община Петрич, област Благоевград",6788.24698,0.00000,6788.24698
5107,OP-24.001-0070,"Реконструкция на водопровод в кв. ""Дълбошница"", гр. Петрич, община Петрич","Община Петрич, област Благоевград",3311.90740,0.00000,3311.90740
5107,OP-24.001-0071,"Реконструкция на ул. ""Георги Урумов"", гр. Петрич, от о.т. 61 (кръстовище с ул. ""Рокфелер"") – о.т. 360 (кръстовище с ул. ""Ильо Войвода"") – о.т. 361 (кръстовище с ул. ""Стара планина"") – о.т. 343 (кръстовище с ул. ""България""), включително тротоари, уличен водопровод в участъка, както и улични водосборни шахти и реконструкция на прилежащите кръстовища","Община Петрич, област Благоевград",0.00000,0.00000,0.00000
5107,OP-24.001-0073,"Реконструкция на ул. ""Пирин"" – гр. Петрич, в участъка от ул. ""Рокфелер"" до ул. ""Елтепе"" от о.т. 59-о.т. 45-о.т. 33-о.т. 32-о.т. 22, включително тротоари в участъка","Община Петрич, област Благоевград",0.00000,0.00000,0.00000
5107,OP-24.001-0072,"Основен ремонт на ул. ""Св. св. Кирил и Методий"" – гр. Петрич, от о.т. 160-о.т. 154-о.т. 213-о.т.233, включително тротоари и уличен водопровод в участъка","Община Петрич, област Благоевград",0.00000,0.00000,0.00000
5107,OP-24.001-0076,"Реконструкция на ул. ""Битоля"" – гр. Петрич, в участъка от ул. ""Цар Борис III"" до ул. ""Свобода"" от о.т. 960 – о.т. 114, включително тротоари и уличен водопровод в участъка на реконструкцията, както и реконструкция на кръстовището при ул. ""Цар Борис III"" и ул. ""Битоля""","Община Петрич, област Благоевград",0.00000,267.97736,267.97736
5107,OP-24.001-0074,"Реконструкция на ул. ""Битоля"" – гр. Петрич, в участъка от ул. ""Цар Борис III"" до ул. ""Пирин"" от о.т. 96-о.т. 95-о.т. 94-о.т. 93-о.т. 92-о.т. 91-о.т. 45, включително тротоари в участъка","Община Петрич, област Благоевград",0.00000,0.00000,0.00000
5107,OP-24.001-0077,"Основен ремонт на ул. ""22-ри октомври"" от о.т. 40 – о.т. 40А – о.т. 41 – о.т. 48 – о.т. 76 – о.т. 89 – о.т. 72 – о.т. 68 – о.т. 70 и ул. ""Вит"" от о.т. 11 – о.т. 15А – о.т. 41А – о.т. 40А – о.т. 40 – гр. Петрич, включително тротоарите в участъка","Община Петрич, област Благоевград",0.00000,0.00000,0.00000
5107,OP-24.001-0075,"Основен ремонт на ул. ""Свобода"" – гр. Петрич, от о.т. 157 – о.т. 46 – о.т. 37 – о.т. 156 – о.т. 117 – о.т. 110 – о.т.115 – о.т.114 – о.т. 114 – о.т. 81 – о.т. 38, включително тротоари в участъка","Община Петрич, област Благоевград",0.00000,0.00000,0.00000
5107,OP-25.001-0205,"Основен ремонт на улично платно от о.т. 67-о.т. 66-о.т. 65-о.т. 64-о.т. 63-о.т. 62-о.т. 104-о.т. 50-о.т. 17-о.т. 40, с. Кърналово, община Петрич","Община Петрич, област Благоевград",0.00000,0.00000,0.00000
5107,OP-25.001-0206,"Реконструкция на улично платно на ул. ""Беласица"" от о.т. 103а – о.т. 14 – о.т. 7 – о.т. 13 – о.т. 22 – о.т. 23 – о.т. 44 – о.т. 41, с. Беласица, община Петрич","Община Петрич, област Благоевград",0.00000,0.00000,0.00000
5107,OP-24.001-0078,"Основен ремонт на ул. ""Отец Паисий"" – гр. Петрич, от о.т. 328 – о.т. 330 – о.т. 332 – о.т. 333 – о.т. 334 – о.т. 335 – о.т. 338, включително тротоари в участъка","Община Петрич, област Благоевград",0.00000,0.00000,0.00000
5107,OP-24.001-1672,"Реконструкция на ул. ""Стойо Хаджиев"" – гр. Петрич, включително тротоари и реконструкция на прилежащите кръстовища","Община Петрич, област Благоевград",0.00000,187.71933,187.71933
5107,OP-24.001-0079,"Основен ремонт на ул. ""Връх Китка"" от о.т. 85 – о.т. 650 – о.т. 70 – о.т. 69 – о.т. 66 и ул. ""Атанас Лютвиев"" от о.т. 85 – о.т. 82 – гр. Петрич, включително тротоарите в участъците","Община Петрич, област Благоевград",0.00000,181.40400,181.40400
5107,OP-25.001-0207,"Реконструкция на улично платно от о.т. 33-о.т.32-о.т.31-о.т.30-о.т.22, вкл. тротоари и уличен водопровод в участъка, с. Генерал Тодоров, община Петрич","Община Петрич, област Благоевград",0.00000,0.00000,0.00000
5107,OP-24.001-0080,"Основен ремонт на ул. ""Генерал Тодоров"" – гр. Петрич, от о.т. 175 – о.т. 73 – о.т. 74 – о.т. 75 – о.т. 48 – о.т. 36 – о.т. 34 – о.т. 33, включително тротоари в участъка","Община Петрич, област Благоевград",0.00000,0.00000,0.00000
5107,OP-25.001-0208,"Реконструкция на улично платно на ул. ""Петра"" от о.т. 25а – о.т. 12а и ул. ""Беласица"" от о.т. 27а – о.т. 73, продължение на ул. ""Георги Раковски"" от о.т. 25 – о.т. 25а – о.т. 27 – о.т. 27а, с. Рупите, община Петрич","Община Петрич, област Благоевград",0.00000,0.00000,0.00000
5107,OP-24.001-0081,"Основен ремонт на ул. ""Тома Митов"" от о.т. 233 – о.т. 225, включително тротоари и уличен водопровод в участъка","Община Петрич, област Благоевград",0.00000,0.00000,0.00000
5108,OP-24.001-0082,Изграждане на многофункционална спортна зала в гр. Разлог,"Община Разлог, област Благоевград",5870.00000,0.00000,5870.00000
5108,OP-24.001-0083,"Изграждане и ремонт на водопроводна, канализационна и улична мрежа на територията на община Разлог","Община Разлог, област Благоевград",0.00000,0.00000,0.00000
5108,OP-24.001-0084,Аварийна подмяна на захранващ водопровод с. Годлево,"Община Разлог, област Благоевград",1424.00000,0.00000,1424.00000
5108,OP-24.001-0086,"Реконструкция на площадно и пешеходно пространство на гр. Разлог, общ. Разлог – втори етап","Община Разлог, област Благоевград",0.00000,0.00000,0.00000
5108,OP-24.001-0085,Корекция на р. Бяла река – I участък,"Община Разлог, област Благоевград",0.00000,0.00000,0.00000
5108,OP-24.001-0087,Обществена баня в с. Баня – ПИ 02693.501.1349 по КК на с. Баня,"Община Разлог, област Благоевград",1553.42510,0.00000,1553.42510
5108,OP-24.001-1673,"Спортна, културна и развлекателна туристическа атракция – парк ""Разлог"" в ПИ 61813.763.48, част от УПИ I, кв. 141 по плана на гр. Разлог, общ. Разлог","Община Разлог, област Благоевград",0.00000,0.00000,0.00000
5109,OP-24.001-0088,ВиК мрежа на гр. Сандански – реконструкция на съществуващи и изграждане на нови: водопроводна мрежа със сградни водопроводни отклонения /СВО/ и канализационна мрежа със сградни канализационни отклонения /СКО/ и изграждане на ново пътно платно по улици V и VI клас – регулация на гр. Сандански,"Община Сандански, област Благоевград",2612.17511,0.00000,2612.17511
5109,OP-24.001-2703,"Доизграждане и реконструкция на канализационна мрежа и частична реконструкция на съпътстващи водопроводи с пътна и тротоарна настилка на ул. ""Първи май"" и ул. ""Серес"", град Сандански","Община Сандански, област Благоевград",0.00000,0.00000,0.00000
5109,OP-24.001-2702,"Доизграждане и реконструкция на канализационна мрежа и частична реконструкция на съпътстващи водопроводи с пътна и тротоарна настилка на бул. ""Тодор Каблешков"", град Сандански","Община Сандански, област Благоевград",0.00000,0.00000,0.00000
5109,OP-25.001-0758,"Цялостна реконструкция, консервация и реставрация на сградата на Конака в град Мелник и нейната адаптация и преустройство в музей за историята на град Мелник и региона","Община Сандански, област Благоевград",0.00000,0.00000,0.00000
5109,OP-24.001-0092,"Изграждане на спортни съоръжения и благоустройство на прилежащ терен в УПИ V, кв. 170 по плана на град Сандански, поземлен имот с идентификатор 65334.301.9524 по КККР на град Сандански","Община Сандански, област Благоевград",0.00000,0.00000,0.00000
5109,OP-24.001-0093,"Изграждане на улици ""Дезудава"", ""Първа"", ""Втора"", ""Трета"" и ""Четвърта"" и участък от 1004 – 1048 по уличната регулация на местност Нишан Таши, землището на град Сандански и землището на село Поленица","Община Сандански, област Благоевград",0.00000,0.00000,0.00000
5109,OP-24.001-0091,"Реконструкция на вътрешна водопроводна мрежа на село Катунци /за първи етап – 3 317 520 лв., при обща инвестиционна стойност на проекта 12 332 520 лв./","Община Сандански, област Благоевград",0.00000,0.00000,0.00000
5109,OP-24.001-0089,"Реконструкция на водопроводна мрежа на село Склаве, община Сандански /за първи етап – 4 373 072 лв., при обща инвестиционна стойност на проекта 7 706 820 лв./","Община Сандански, област Благоевград",0.00000,0.00000,0.00000
5109,OP-24.001-0094,"Южна дъга – гр. Сандански I етап: Път за транспортен достъп до кв. ""Изгрев – юг"" от о.т. 78 (ПИ 65334.301.9537 – ул. ""Стефан Стамболов"") през ПИ 57176.28.206, ПИ 57176.28.5, ПИ 65334.216.30, ПИ 65334.131.9 до улица с о.т. 64 – 64а (ПИ 56334.301.6356 – ул. ""Синаница"") II етап: Улица от о.т. 64 (ПИ 65334.301.6356 – ул. ""Синаница"") през о.т. 64а, 50, 34, 5 до о.т. 4 (ПИ 65334.301.54 – ул. ""Осогово"")","Община Сандански, област Благоевград",0.00000,0.00000,0.00000
5109,OP-24.001-0090,"Пазар и паркинг в УПИ VІІ-1329, 3726, 3740, кв. 60 по плана на гр. Сандански, имот с идентификатор 65334.300.1409 по КККР на гр. Сандански /за първи етап – 2 500 000 лв., при обща инвестиционна стойност на проекта 7 434 820 лв./","Община Сандански, област Благоевград",0.00000,0.00000,0.00000
5110,OP-24.001-0095,Основен ремонт на улици в община Сатовча,"Община Сатовча, област Благоевград",0.00000,0.00000,0.00000
5110,OP-24.001-2704,"Реконструкция и рехабилитация на общински път BLG1270/III-1972, Вълкосел – Фъргово – Слащен – Туховища – Годешево от км 5+480 до км 6+650 на територията на община Сатовча","Община Сатовча, област Благоевград",0.00000,0.00000,0.00000
5110,OP-24.001-1676,"Основен ремонт на стадион, монтаж на съоръжения: скамейки, изграждане на дренажна и оросителна система, оградна и подпорна стена към футболно игрище (стадион) в УПИ I от кв. 3 по плана на село Плетена, община Сатовча, област Благоевград","Община Сатовча, област Благоевград",723.00146,0.00000,723.00146
5110,OP-24.001-2705,"Реконструкция и рехабилитация на общински път BLG2114/III-197, Гоце Делчев – Сатовча/ – Граница община /Гърмен – Сатовча/ – Крибул – /III-1972/ – участък от км 0+000 до км 2+500 на територията на община Сатовча","Община Сатовча, област Благоевград",0.00000,0.00000,0.00000
5110,OP-24.001-1677,"Основен ремонт на стадион, монтаж на съоръжения: скамейки, изграждане на дренажна и оросителна система, оградна и подпорна стена към футболно игрище (стадион) в УПИ I от кв. 41 по плана на село Слащен, община Сатовча, област Благоевград","Община Сатовча, област Благоевград",550.47046,0.00000,550.47046
5110,OP-24.001-2706,"Реконструкция и рехабилитация на общински път BLG1270/III-1972, Вълкосел – Фъргово/ – Слащен – Туховища – Годешево от км 12+934,40 до км 13+300 на територията на община Сатовча","Община Сатовча, област Благоевград",0.00000,0.00000,0.00000
5110,OP-24.001-1679,"Изграждане на корекционни стени на река Бистрица, монтаж на парапети с. Сатовча","Община Сатовча, област Благоевград",0.00000,0.00000,0.00000
5110,OP-24.001-0096,"Детска градина ""Боголин"", община Сатовча","Община Сатовча, област Благоевград",323.78238,0.00000,323.78238
5110,OP-25.001-0760,"Основен ремонт на парк в ПИ 12499.64.4 по КККР на село Вълкосел и изграждане на велоалея и път до парка в ПИ 12499.64.4 по КККР на село Вълкосел, община Сатовча","Община Сатовча, област Благоевград",0.00000,0.00000,0.00000
5110,OP-24.001-1675,"Основен ремонт на помещения в сграда на Средно училище ""Христо Ботев"", с. Вълкосел","Община Сатовча, област Благоевград",157.20000,0.00000,157.20000
5110,OP-24.001-0097,Довършителни работи по сграда за обществени мероприятия в с. Сатовча,"Община Сатовча, област Благоевград",153.60922,0.00000,153.60922
5110,OP-24.001-1684,"Основен ремонт на тротоари по главен път на село Вълкосел, община Сатовча","Община Сатовча, област Благоевград",139.66920,0.00000,139.66920
5110,OP-24.001-1678,"Изграждане на корекционни стени на река Кочанска, с. Кочан, община Сатовча","Община Сатовча, област Благоевград",0.00000,0.00000,0.00000
5110,OP-24.001-1683,"Основен ремонт на площадно пространство в Туховища, община Сатовча","Община Сатовча, област Благоевград",104.90400,0.00000,104.90400
5110,OP-24.001-1680,"Основен ремонт на площадно пространство в Боголин, община Сатовча","Община Сатовча, област Благоевград",6.00000,0.00000,6.00000
5110,OP-24.001-1681,"Основен ремонт на площадно пространство в Годешево, община Сатовча","Община Сатовча, област Благоевград",79.05000,0.00000,79.05000
5110,OP-24.001-1682,Ремонт по вертикална планировка и вътрешен ремонт на стаи на детска градина в с. Слащен,"Община Сатовча, област Благоевград",0.00000,0.00000,0.00000
5110,OP-25.001-0762,"Основен ремонт на довеждащ водопровод от отклонение на Водоснабдителна група ""Сатовча – Слащен"" до напорен резервоар 12499.18.59 по КККР на с. Вълкосел, и основен ремонт на напорния резервоар, намиращ се в ПИ 12499.18.59 по КККР на с. Вълкосел, община Сатовча","Община Сатовча, област Благоевград",0.00000,0.00000,0.00000
5110,OP-25.001-0763,"Основен ремонт на довеждащ водопровод от водохващане до ПСПВ с. Кочан, община Сатовча","Община Сатовча, област Благоевград",0.00000,0.00000,0.00000
5110,OP-25.001-0764,"Основен ремонт на довеждащ водопровод от водохващане до резервоар ПИ 10046.5.270 на село Ваклиново, община Сатовча","Община Сатовча, област Благоевград",0.00000,0.00000,0.00000
5110,OP-25.001-0761,"Промяна предназначение на втори етаж от Обединено детско заведение в Основно училище ""Стефка Събчева"" и монтаж на отоплителна инсталация в УПИ XIV от кв. 6 по плана на село Ваклиново, община Сатовча, област Благоевград","Община Сатовча, област Благоевград",0.00000,0.00000,0.00000
5111,OP-24.001-0098,"Основен ремонт на път BLG1293 за село Долно Осеново, община Симитли","Община Симитли, област Благоевград",0.00000,450.07200,450.07200
5111,OP-24.001-0101,Основен ремонт на общински път BLG1071 в община Симитли /от село Железница до граница общ. (Благоевград – Симитли)/,"Община Симитли, област Благоевград",0.00000,0.00000,0.00000
5111,OP-24.001-0099,"Рехабилитация и/или реконструкция на общински път BLG1071 /I-1 Благоевград – Симитли/ – Граница общ. (Благоевград – Симитли) – Симитли – Черниче – I-1/, участък от о.т. 12 до о.т. 83 по плана на с. Железница","Община Симитли, област Благоевград",0.00000,0.00000,0.00000
5111,OP-25.001-0209,"Основен ремонт на ул. Паисий Хилендарски от о.т. 166 до о.т. 76А, с. Крупник, община Симитли","Община Симитли, област Благоевград",0.00000,0.00000,0.00000
5111,OP-24.001-0103,"Основен ремонт на улица Васил Коларов от о.т. 13 до о.т. 132, с. Крупник, община Симитли","Община Симитли, област Благоевград",0.00000,0.00000,0.00000
5111,OP-24.001-0104,"Основен ремонт на улица Кирил и Методий от о.т. 7 до о.т. 13, с. Крупник, община Симитли","Община Симитли, област Благоевград",0.00000,0.00000,0.00000
5111,OP-24.001-0105,"Основен ремонт на улица Преспа от о.т. 152 до о.т. 137, кв. Ораново, град Симитли","Община Симитли, област Благоевград",0.00000,0.00000,0.00000
5111,OP-24.001-0107,"Основен ремонт на улица Георги Трайков от о.т. 41 до о.т. 119, с. Крупник, община Симитли","Община Симитли, област Благоевград",0.00000,0.00000,0.00000
5111,OP-24.001-0108,"Основен ремонт на ул. от о.т. 83 – о.т. 76а – о.т. 58 – о.т. 59 до о.т. 205, с. Брежани, община Симитли","Община Симитли, област Благоевград",0.00000,0.00000,0.00000
5111,OP-24.001-0102,"Благоустрояване на парк в село Крупник, община Симитли","Община Симитли, област Благоевград",0.00000,0.00000,0.00000
5111,OP-24.001-0109,"Основен ремонт на улица Васил Априлов от о.т. 11 до о.т. 14, кв. Ораново, град Симитли","Община Симитли, област Благоевград",0.00000,0.00000,0.00000
5111,OP-24.001-0100,"Изграждане на футболно игрище – село Полена, община Симитли","Община Симитли, област Благоевград",0.00000,0.00000,0.00000
5111,OP-24.001-0106,"Основен ремонт на улица ""5"", с. Полето, община Симитли","Община Симитли, област Благоевград",0.00000,0.00000,0.00000
5111,OP-24.001-0111,"Основен ремонт на улица от о.т. 123 до о.т. 199, с. Брежани, община Симитли","Община Симитли, област Благоевград",0.00000,0.00000,0.00000
5111,OP-24.001-0112,"Основен ремонт на улица Хан Аспарух от о.т. 116 до о.т. 115, с. Крупник, община Симитли","Община Симитли, област Благоевград",0.00000,0.00000,0.00000
5111,OP-24.001-0113,"Основен ремонт на улица ""1"", с. Полето, община Симитли","Община Симитли, област Благоевград",0.00000,0.00000,0.00000
5111,OP-24.001-0114,"Основен ремонт на улица ""2"", с. Полето, община Симитли","Община Симитли, област Благоевград",0.00000,0.00000,0.00000
5111,OP-24.001-0115,"Основен ремонт на улица Яне Сандански от о.т. 74 до о.т. 81, с. Крупник, община Симитли","Община Симитли, област Благоевград",0.00000,0.00000,0.00000
5112,OP-24.001-0116,"Изграждане на пречиствателна станция за отпадъчни води (ПОСВ) за агломерация Микрево, община Струмяни","Община Струмяни, област Благоевград",0.00000,0.00000,0.00000
5112,OP-24.001-0117,Реконструкция и рехабилитация на общински път BLG1310/I-1/Струмяни – Илинденци/BLG3317/ от км 0+000 до км 2+485,"Община Струмяни, област Благоевград",0.00000,0.00000,0.00000
5113,OP-24.001-0119,"Рехабилитация и реконструкция на улици, тротоари и съоръженията и принадлежностите към тях на територията на община Хаджидимово, Подобект: ул. ""Драма"" в село Копривлен от о.т. 4, о.т. 6, о.т. 36, о.т. 37, о.т. 53, о.т. 52, о.т. 51, о.т. 50, о.т. 49 до о.т. 85 с дължина 635,15 м","Община Хаджидимово, област Благоевград",0.00000,0.00000,0.00000
5113,OP-24.001-0118,"Рехабилитация и реконструкция на общински път BLG2334 / III – 1906/Копривлен – Парил/ – Лъки – Тешово, участък от км 2+480 до 5+670","Община Хаджидимово, област Благоевград",342.93758,0.00000,342.93758
5113,OP-24.001-0120,Изграждане на тротоари и бордюри в населени места в община Хаджидимово,"Община Хаджидимово, област Благоевград",0.00000,0.00000,0.00000
5113,OP-25.001-0003,Рехабилитация и реконструкция на общински път BLG1331 / II-19 Копривлен-Садово/Садово-Хаджидимово-/III-1907 с дължина 1790,"Община Хаджидимово, област Благоевград",0.00000,0.00000,0.00000
5113,OP-25.001-0004,"Рехабилитация и реконструкция на улици, тротоари и съоръжения и принадлежностите към тях на територията на община Хаджидимово, подобект: ""ул. Цар Иван Шишман в град Хаджидимово от о.т. 316 до о.т. 269""","Община Хаджидимово, област Благоевград",0.00000,0.00000,0.00000
5114,OP-24.001-1687,"Основен ремонт на улична мрежа в град Якоруда: ул. ""Хаджи Никола Вардев"", ул. ""Никифор Попфилипов"", ул. ""Ореховица"", ул. ""Витоша"", ул. ""Яне Сандански"", ул. ""Лазарец"", ул. ""Пелистер"", ул. ""Якорудски бор"", ул. ""Стойко Маджере"", ул. ""Богдан войвода"", ул. ""Шеста"" и ул. ""Девета""","Община Якоруда, област Благоевград",3932.00000,0.00000,3932.00000
5114,OP-24.001-0122,"Основен ремонт на улична мрежа в община Якоруда на следните улици: ул. ""Екзарх Йосиф"", ул. ""Черковна"", ул. ""Стара планина"", ул. ""Пирин"", ул. ""Салих Лятифов"", ул. ""Джебре"", ул. ""Освобождение"", ул. ""Иван Вазов"", ул. ""Васил Левски"", ул. ""Стоян Табаков"" и ул. ""Грънчар""","Община Якоруда, област Благоевград",1961.09288,0.00000,1961.09288
5114,OP-24.001-0121,"Основен ремонт на улична мрежа в съставните населени места в община Якоруда – с. Аврамово – ул. от о.т. 13 до о.т. 17, ул. от о.т. 92 до о.т. 118 и ул. от о.т. 33 до о.т. 36; с. Конарско – ул. от о.т. 70 до о.т. 92, ул. от о.т. 70 до о.т. 51, ул. от о.т. 87 до о.т. 128, ул. от о.т. 52 до о.т. 13, ул. от о.т. 104 до о.т. 81 и ул. от о.т. 141 до о.т. 89; с. Черна Места – ул. от о.т. 27 до о.т. 12; с. Юруково – ул. от о.т. 39 до о.т. 40 и ул. от о.т. 72 до о.т. 68","Община Якоруда, област Благоевград",1759.00000,0.00000,1759.00000
5114,OP-24.001-1685,"Основен ремонт на сгради, в които се предоставят обществени услуги, и благоустрояване на прилежащите терени към тях","Община Якоруда, област Благоевград",1057.34187,0.00000,1057.34187
5114,OP-25.001-0210,"Реконструкция на тротоари – етап 2, улица ""Цар Борис III"" от о.т. 198 до о.т. 352 по плана на гр. Якоруда, община Якоруда, и от о.т. 559 до о.т. 184 по плана на гр. Якоруда, община Якоруда","Община Якоруда, област Благоевград",0.00000,167.66265,167.66265
5114,OP-24.001-1686,"Основен ремонт на покривна конструкция на спортна зала, намираща се в град Якоруда, община Якоруда","Община Якоруда, област Благоевград",251.95302,0.00000,251.95302
5114,OP-25.001-0211,"Инженеринг /проектиране, строителство и авторски надзор/ за основен ремонт на общинска сграда, намираща се в УПИ VI, кв. 67 по плана на гр. Якоруда, община Якоруда","Община Якоруда, област Благоевград",0.00000,0.00000,0.00000
5114,OP-25.001-0213,"Инженеринг /проектиране, строителство и авторски надзор/ за основен ремонт на общинска сграда, намираща се в УПИ XIV, кв. 26 по плана на гр. Якоруда, община Якоруда","Община Якоруда, област Благоевград",0.00000,0.00000,0.00000
5114,OP-25.001-0007,"Основен ремонт на улична мрежа в съставни населени места в община Якоруда – с. Юруково – ул. от о.т. 85 до о.т. 119А; с. Конарско – ул. от о.т. 81 до о.т. 89, ул. от о.т. 41 до о.т. 20, ул. от о.т. 13 до о.т. 53","Община Якоруда, област Благоевград",0.00000,0.00000,0.00000
5114,OP-25.001-0008,"Основен ремонт на улична мрежа в гр. Якоруда на следните улици: ул. ""Белмекен"", ул. ""Кожух"", ул. ""Алпийска"", ул. ""Бърдо"", ул. ""Места"", ул. ""Грънчар"", ул. ""Грагьовец""","Община Якоруда, област Благоевград",0.00000,0.00000,0.00000
5114,OP-25.001-0212,"Инженеринг /проектиране, строителство и авторски надзор/ за основен ремонт на стадион, намиращ се в УПИ I, кв. 24 по плана на гр. Якоруда, община Якоруда","Община Якоруда, област Благоевград",0.00000,0.00000,0.00000
5114,OP-25.001-0015,"Основен ремонт на улична мрежа в съставните населени места в община Якоруда – с. Конарско – ул. от о.т. 51 до о.т. 11, ул. от о.т. 71 до о.т. 20, ул. от о.т. 20 до о.т. 61 и ул. от о.т. 45 до о.т. 71; с. Юруково – ул. от о.т. 93 до о.т. 103, ул. от о.т. 123 до о.т. 122, ул. от о.т. 74 до о.т. 139, ул. от о.т. 37 до о.т. 36, ул. от о.т. 40 до о.т. 37","Община Якоруда, област Благоевград",0.00000,0.00000,0.00000
5114,OP-25.001-0214,"Инженеринг /проектиране, строителство и авторски надзор/ за основен ремонт на общински път BLG1350/III-8434, II-84 Рохлево – Аврамово – Якоруда","Община Якоруда, област Благоевград",0.00000,0.00000,0.00000
5114,OP-25.001-0217,"Инженеринг /проектиране, строителство и авторски надзор/ за ""Основен ремонт на общински плувен басейн, намиращ се в м. Баните, град Якоруда","Община Якоруда, област Благоевград",0.00000,0.00000,0.00000
5114,OP-25.001-0014,"Основен ремонт на общински сгради в с. Конарско, с. Бунцево и с. Бел камен","Община Якоруда, област Благоевград",0.00000,0.00000,0.00000
5114,OP-25.001-0215,"Инженеринг /проектиране, строителство и авторски надзор/ за изграждане на закрита спортна инфраструктура към ОбУ ""Братя Миладинови"", с. Конарско, община Якоруда, намиращ се в УПИ I, кв. 24 по плана на гр. Якоруда, община Якоруда","Община Якоруда, област Благоевград",0.00000,0.00000,0.00000
5114,OP-25.001-0216,"Инженеринг /проектиране, строителство и авторски надзор/ за основен ремонт и благоустрояване в УПИ V, пл. № 479 по плана на гр. Якоруда","Община Якоруда, област Благоевград",0.00000,0.00000,0.00000
5114,OP-25.001-0010,"Основен ремонт на общинска сграда, намираща се в с. Аврамово, община Якоруда","Община Якоруда, област Благоевград",0.00000,0.00000,0.00000
5114,OP-25.001-0011,"Основен ремонт на стадион в с. Аврамово, община Якоруда","Община Якоруда, област Благоевград",0.00000,0.00000,0.00000
5201,OP-24.001-0125,Основен ремонт на общински път BGS 2007 /I-6/ Айтос – Малка поляна,"Община Айтос, област Бургас",0.00000,0.00000,0.00000
5201,OP-24.001-0124,"Реконструкция и рехабилитация на общински път BGS 1002 /I-6, Карнобат – Айтос/ – Черноград – Граница общ. (Айтос – Карнобат – Айтос) – Раклиново на територията на община Айтос","Община Айтос, област Бургас",0.00000,0.00000,0.00000
5201,OP-24.001-0126,"Основен ремонт на общински път BGS 2013BGS 2011, гр. Айтос – с. Мъглен – с. Пещерско","Община Айтос, област Бургас",0.00000,0.00000,0.00000
5201,OP-24.001-0123,Реконструкция на общински път BGS1004 – /I-6/ – Айтос-Карагеоргиево-Тополица-граница община /Айтос-Карнобат/-Кликач-/I-6/,"Община Айтос, област Бургас",0.00000,0.00000,0.00000
5201,OP-24.001-0127,Благоустрояване на кв. 154 по плана на гр. Айтос,"Община Айтос, област Бургас",262.15329,0.00000,262.15329
5201,OP-24.001-0128,Благоустрояване на УПИ II и III с прилежащите улици в кв. 49 по плана на гр. Айтос,"Община Айтос, област Бургас",248.96019,0.00000,248.96019
5201,OP-25.001-0218,"Основен ремонт на ул. ""Гарова"", гр. Айтос","Община Айтос, област Бургас",0.00000,0.00000,0.00000
5201,OP-25.001-0016,"Основен ремонт на улица ""Иван Карагеоргиев"" по плана на град Айтос, община Айтос","Община Айтос, област Бургас",0.00000,0.00000,0.00000
5202,OP-24.001-0129,"Южен обход – пътна връзка от о.т. 95 – 209 по плана на ж.к. ""Меден рудник"", гр. Бургас, до път I-9, Етап 1: Изграждане на ул. ""Кооператор"" от о.т. 95 до о.т. 209, включително съоръжения при о.т. 46 и о.т. 209","Община Бургас, област Бургас",0.00000,0.00000,0.00000
5202,OP-24.001-0139,"ИНОВАЦИОНЕН СТУДЕНТСКИ И НАУЧЕН КАМПУС – Етапно строителство: I ЕТАП – Сграда 2 – Сграда за настаняване на студенти с подземен паркинг, и Сграда 4 – Сграда за настаняване на преподаватели, гост лектори","Община Бургас, област Бургас",912.80216,8269.81772,9182.61988
5202,OP-24.001-0130,"Реконструкция на ул. ""Одрин"" – етап 3 от км 0+000 до км 0+600","Община Бургас, област Бургас",3527.00686,0.00000,3527.00686
5202,OP-24.001-0145,"Реконструкция на 2 бр. същ. кръстовища по бул. ""Захари Стоянов"" и изграждане на нова улична мрежа в територията на ПЗ ""Юг-Запад"", гр. Бургас: Етап 1 – Нова улица от о.т. 251 до о.т. 97 по регулационния план на ПЗ ""Юг-Запад"", гр. Бургас","Община Бургас, област Бургас",0.00000,0.00000,0.00000
5202,OP-24.001-0144,"Защитена лодкостоянка, източно от УПИ I, кв. 2б по плана на ПЗ ""Юг-Изток"", гр. Бургас, в прилежащата акватория на Черно море","Община Бургас, област Бургас",0.00000,0.00000,0.00000
5202,OP-24.001-0143,"Реконструкция на ул. ""Св. Патриарх Евтимий"" с подмяна на същ. водопровод и БФК от о.т. 370 до о.т. 317","Община Бургас, област Бургас",2108.82190,0.00000,2108.82190
5202,OP-24.001-0137,"Жилищна сграда за настаняване на млади специалисти в УПИ IV-683, кв. 19, ж.к. ""Изгрев"", гр. Бургас","Община Бургас, област Бургас",0.00000,0.00000,0.00000
5202,OP-24.001-1691,"Основен ремонт на път I-9 ""Варна – Бургас"" в участъка от км 236+270 до км 237+840 (дясно платно) и от км 236+257 до км 237+880 (ляво платно)","Община Бургас, област Бургас",0.00000,0.00000,0.00000
5202,OP-24.001-0148,"Нова велоалея в землище на квартал ""Крайморие"" с рампово съоръжение/пасарелка","Община Бургас, област Бургас",0.00000,0.00000,0.00000
5202,OP-24.001-0141,"Изграждане на нова сграда за диагностична дейност и основен ремонт на съществуваща сграда на Специализирана болница за активно лечение по пневмо-фтизиатрични болести, гр. Бургас","Община Бургас, област Бургас",0.00000,0.00000,0.00000
5202,OP-24.001-1689,"Основен ремонт на парк в УПИ I, кв. 45 по плана на ж.к. ""Славейков"", гр. Бургас, ПИ с идентификатор 07079.602.330 по КК на гр. Бургас","Община Бургас, област Бургас",1492.53928,0.00000,1492.53928
5202,OP-24.001-0136,"Реконструкция на ул. ""Дебелт"" с подмяна на съществуващ водопровод от ОТ 404 до ОТ 513 и 454","Община Бургас, област Бургас",0.00000,0.00000,0.00000
5202,OP-24.001-0155,"Приют за кучета в УПИ I-942 в м. 75, ж.р. ""Меден рудник"", гр. Бургас","Община Бургас, област Бургас",0.00000,0.00000,0.00000
5202,OP-24.001-1688,"Благоустрояване на обслужваща зона в УПИ I, кв. 12 по плана на Зона ""А"", ж.р. ""Меден рудник"", гр. Бургас, ПИ с идентификатор 07079.651.293 по КК на гр. Бургас","Община Бургас, област Бургас",0.00000,0.00000,0.00000
5202,OP-24.001-1690,"Основен ремонт на част от парк в УПИ I, кв. 19 по плана на ж.к. ""Изгрев"", гр. Бургас, ПИ с идентификатор 07079.501.696 по КК на гр. Бургас","Община Бургас, област Бургас",0.00000,0.00000,0.00000
5202,OP-24.001-0131,"Основен ремонт на път BGS1039 /III-906, Каблешково – Бургас/ Рудник – Брястовец /III-6009/ от жп прелез до о.т. 507 /ул. ""Морава"", кв. ""Черно море""/","Община Бургас, област Бургас",638.88165,0.00000,638.88165
5202,OP-24.001-0138,"Реконструкция на ул. ""Ивайло"" от ОТ 508 до ОТ 407","Община Бургас, област Бургас",931.15922,0.00000,931.15922
5202,OP-24.001-0132,Реконструкция на общински път BGS1030 от км 2+100 до км 4+100,"Община Бургас, област Бургас",609.53975,0.00000,609.53975
5202,OP-24.001-0146,"Реконструкция на ул. ""Оборище"" с подмяна на същ. водопровод и БФК от ОТ 172 до ОТ 92","Община Бургас, област Бургас",0.00000,0.00000,0.00000
5202,OP-24.001-0133,Реконструкция на ул. Индустриална и ул. Чаталджа в обхвата между ул. Спортна и бул. Тодор Александров,"Община Бургас, област Бургас",0.00000,0.00000,0.00000
5202,OP-24.001-0135,"Eтажен паркинг в УПИ I-265 ""за здравни нужди"", кв. 4а по плана на ж.к. ""Зорница"", гр. Бургас","Община Бургас, област Бургас",0.00000,0.00000,0.00000
5202,OP-24.001-0149,"Реконструкция на ул. ""Асен Златаров"" с подмяна на същ. водопровод и БФК от ОТ 166 до ОТ 93","Община Бургас, област Бургас",0.00000,0.00000,0.00000
5202,OP-24.001-0134,"Реконструкция на ул. ""Гладстон"" от о.т. 374А до о.т. 314 с подмяна на същ. водопровод и БФК от о.т. 315 до о.т. 314","Община Бургас, област Бургас",0.00000,0.00000,0.00000
5202,OP-24.001-0152,"Основен ремонт на сградата на Дентален център I, ул. Александровска № 120, гр. Бургас","Община Бургас, област Бургас",0.00000,0.00000,0.00000
5202,OP-24.001-0142,"Изграждане на второ пътно платно по бул. ""Никола Петков"" и преконструиране на кръстовище на бул. ""Никола Петков"" и ул. ""Димитър Димов"", гр. Бургас, в кръстовище с кръгово движение","Община Бургас, област Бургас",0.00000,0.00000,0.00000
5202,OP-24.001-0147,"Общински път BGS1033 от км 3+850 /гр. Българово/ до км 4+982 /АМ ""Тракия""/ПВ ""Българово""/","Община Бургас, област Бургас",238.28402,0.00000,238.28402
5202,OP-24.001-0151,"Изграждане на улици в ж.р. ""Меден рудник"" от ОТ 384-80 до ОТ 129","Община Бургас, област Бургас",0.00000,0.00000,0.00000
5202,OP-24.001-0140,"Парк със зона за спорт в УПИ I-16 в кв. 116, зона ""В"", ж.к. ""Меден рудник"", гр. Бургас","Община Бургас, област Бургас",0.00000,0.00000,0.00000
5202,OP-25.001-0219,"Южен обход – пътна връзка от о.т. 95-209 по плана на ж.к. ""Меден рудник"", гр. Бургас, до път I-9, Етап 2: от съоръжение при о.т. 209 до пътен възел при път I-9","Община Бургас, област Бургас",0.00000,0.00000,0.00000
5202,OP-25.001-0220,"ИНОВАЦИОНЕН СТУДЕНТСКИ И НАУЧЕН КАМПУС – Етапно строителство: II ЕТАП – Сграда 5 – Сграда за самообучение, и Сграда 6 – Учебна и научноизследователска дейност","Община Бургас, област Бургас",0.00000,0.00000,0.00000
5202,OP-25.001-0221,"ИНОВАЦИОНЕН СТУДЕНТСКИ И НАУЧЕН КАМПУС – Етапно строителство: III ЕТАП – Сграда 1 – Обществено хранене, и Сграда 3 – Спортен център","Община Бургас, област Бургас",0.00000,0.00000,0.00000
5203,OP-24.001-0157,"Интегриран проект за намаляване на загубите на вода на територията на община Камено: Фаза 1: Реконструкция на вътрешна водопроводна мрежа в с. Полски извор; Фаза 3: Реконструкция на улична водопроводна мрежа с. Константиново, община Камено","Община Камено, област Бургас",1026.31284,0.00000,1026.31284
5203,OP-24.001-2707,Рехабилитация на път BGS1051 /път III-539/Русокастро-Ливада-Тръстиково-Константиново /участък от км 9+000 до км 11+830/ Тръстиково-Константиново,"Община Камено, област Бургас",2408.79077,0.00000,2408.79077
5203,OP-24.001-0158,Рехабилитация на път BGS1051 /път III-539/Русокастро-Ливада-Тръстиково-Константиново /участък от км 4+520 до км 7+320/ Ливада-Тръстиково,"Община Камено, област Бургас",0.00000,0.00000,0.00000
5204,OP-24.001-1693,"Изграждане на водопровод, канализация, електрификация и асфалтови настилки на ул. ""Атанас Комшев"", ул. ""Паисий Хилендарски"", ул. ""Иван Карановски"", ул. ""Атанас Караиванов"", ул. ""Стефана Чамурова"", ул. ""Паскал Петров"", ул. ""Атанас Тодоров"" ул. ""Капитан Петко войвода"", ул. ""Маркели"", ул. ""Атанас Жеков"", гр. Карнобат","Община Карнобат, област Бургас",515.44564,0.00000,515.44564
5204,OP-24.001-1692,"Основен ремонт на водопроводна мрежа и асфалтови настилки по улици ""Люлин"", ""Малчика"", ""Чавдар Войвода"", ""Андрей Пeнев"", ""Освобождение"", ""Цариброд"", ""Атанас Манчев"", ""Елин връх"", ""Борис Хаджисотиров"", ""Райна Княгиня"", ""Николай Лъсков"", ""Балчик"" и ""Христо Кабакчиев"" в кв. ""Красно село"", гр. Карнобат","Община Карнобат, област Бургас",0.00000,0.00000,0.00000
5204,OP-24.001-1694,"Изграждане на водопровод, канализация, електрификация и асфалтови настилки на ул. ""Атанас Комшев"", ул. ""Маркели"", ул. ""Хаджи Мина Попов"", ул. ""Якоб Жибцов"", ул. ""Хан Кардам"", гр. Карнобат","Община Карнобат, област Бургас",1780.69786,0.00000,1780.69786
5204,OP-24.001-0159,"Обслужващ път за ПСОВ Карнобат – участък от 0,00 км до км 1+860","Община Карнобат, област Бургас",0.00000,0.00000,0.00000
5204,OP-24.001-2360,"Благоустрояване и паркоустрояване на районен парк ""Първи май"" и спортни площадки – гр. Карнобат","Община Карнобат, област Бургас",0.00000,0.00000,0.00000
5204,OP-24.001-2357,"Основен ремонт на общински път BGS 1060 /III-5391/ с. Аспарухово – с. Сърнево – с. Черково – с. Екзарх Антимово – с. Смолник – участък с. Екзарх Антимово – с. Черково – с. Сърнево, община Карнобат","Община Карнобат, област Бургас",0.00000,0.00000,0.00000
5204,OP-24.001-0160,"Благоустрояване на проcтранство пред жп гара и на проcтранство около УПИ ХХ от кв. 50 и паркинга в него по УРП на ""Производствена зона – Севep"", гр. Карнобат","Община Карнобат, област Бургас",287.08280,0.00000,287.08280
5204,OP-25.001-0222,"Инженеринг – проектиране, СМР и упражняване на авторски надзор на обект: ""Основен ремонт на велосипедна алея и тротоарна настилка по част от бул. ""Москва"", заключена между о.т. 527, 528, 529 до вход на под. 1472А","Община Карнобат, област Бургас",0.00000,0.00000,0.00000
5204,OP-24.001-2359,"Улично осветление по улица ""Първа"" от бул. ""Москва"" до жп гара Карнобат и реконструкция на тротоар от бул. ""Москва"" до жп гара Карнобат","Община Карнобат, област Бургас",0.00000,0.00000,0.00000
5204,OP-24.001-2361,"Изграждане на тренировъчно игрище в УПИ I-72, 73, 74, кв. 20 УРП ""Производствена зона – Север"" /плувен басейн/, гр. Карнобат","Община Карнобат, област Бургас",0.00000,0.00000,0.00000
5204,OP-24.001-2358,"Изграждане на паркинг в УПИ I-845 ""за болница"", кв. 15 по пл. на гр. Карнобат – етап 1 и етап 2","Община Карнобат, област Бургас",0.00000,0.00000,0.00000
5204,OP-25.001-0223,"Благоустрояване на междублоково пространство в УПИ I?1557, 1558, 1559, 1560, 3569, 4010, кв. 89, гр. Карнобат (ул. ""Христо Смирненски"")","Община Карнобат, област Бургас",0.00000,0.00000,0.00000
5204,OP-24.001-2362,"Изграждане на спортни площадки и преустройство на част от сграда в зали за спортни дейности и фитнес за хора в неравностойно положение със санитарни помещения и съблекални към сградата на ЦСРИ, УПИ I-2194, кв. 88, гр. Карнобат","Община Карнобат, област Бургас",0.00000,0.00000,0.00000
5204,OP-24.001-2708,"Изпълнение на инженеринг – изготвяне на инвестиционен проект във фаза технически проект, изпълнение на СМР и упражняване на авторски надзор на проект ""Реконструкция на довеждащ водопровод за с. Невестино, община Карнобат""","Община Карнобат, област Бургас",0.00000,0.00000,0.00000
5204,OP-24.001-2710,"Изготвяне на инвестиционен проект на обект ""Реконструкция на довеждащ водопровод до напорен водоем на гр. Карнобат""","Община Карнобат, област Бургас",0.00000,0.00000,0.00000
5204,OP-24.001-2711,"Изготвяне на инвестиционен проект на обект ""Реконструкция на улична водопроводна мрежа в с. Венец, община Карнобат""","Община Карнобат, област Бургас",0.00000,0.00000,0.00000
5204,OP-24.001-2712,"Изготвяне на инвестиционен проект на обект ""Реконструкция на улична водопроводна мрежа в с. Житосвят, община Карнобат""","Община Карнобат, област Бургас",0.00000,0.00000,0.00000
5204,OP-24.001-2713,"Изготвяне на инвестиционен проект на обект ""Реконструкция на улична водопроводна мрежа в с. Смолник, община Карнобат""","Община Карнобат, област Бургас",0.00000,0.00000,0.00000
5204,OP-24.001-2714,"Изготвяне на инвестиционен проект на обект ""Реконструкция на улична водопроводна мрежа в с. Раклица, община Карнобат""","Община Карнобат, област Бургас",0.00000,0.00000,0.00000
5204,OP-24.001-2715,"Изготвяне на инвестиционен проект на обект ""Реконструкция на улична водопроводна мрежа в с. Драганци, община Карнобат""","Община Карнобат, област Бургас",0.00000,0.00000,0.00000
5204,OP-24.001-2709,"Изпълнение на инженеринг – изготвяне на инвестиционни проект във фаза технически проект, изпълнение на СМР и упражняване на авторски надзор на проект ""Реконструкция на довеждащ водопровод за с. Сигмен, община Карнобат""","Община Карнобат, област Бургас",0.00000,0.00000,0.00000
5205,OP-24.001-0161,Извършване на ремонт и рехабилитация на улична мрежа в гр. Малко Търново,"Община Малко Търново, област Бургас",1470.79667,0.00000,1470.79667
5205,OP-24.001-0162,"Реконструкция на водопроводната мрежа в с. Младежко, община Малко Търново","Община Малко Търново, област Бургас",0.00000,0.00000,0.00000
5205,OP-24.001-0163,"Реконструкция на компрометирани участъци на водопроводната мрежа в с. Евренозово, общ. Малко Търново","Община Малко Търново, област Бургас",0.00000,0.00000,0.00000
5205,OP-24.001-2718,"Основен ремонт на Централен площад и Паркова зона в УПИ I – за площад и озеленяване, ПИ 46663.501.1980, и УПИ V – за озеленяване и църква, идент. с ПИ 46663.501.1610 по КК на гр. Малко Търново, общ. Малко Търново","Община Малко Търново, област Бургас",0.00000,0.00000,0.00000
5205,OP-24.001-0164,"Ремонт и рехабилитация на местните общински пътища в община Малко Търново – ПЪРВИ ЕТАП: Общински път BGS3094 /I-9, Звездец – Малко Търново/ – Бръшлян","Община Малко Търново, област Бургас",0.00000,0.00000,0.00000
5205,OP-24.001-2717,"Рехабилитация на Градски парк, намиращ се в гр. Малко Търново, УПИ I в кв. 60 по плана на града – Етап II","Община Малко Търново, област Бургас",0.00000,0.00000,0.00000
5205,OP-24.001-2719,"Изготвяне на технически проект и упражняване на авторски надзор за обект: ""Основен ремонт на 38 броя улици от уличната мрежа в гр. Малко Търново, общ. Малко Търново""","Община Малко Търново, област Бургас",0.00000,0.00000,0.00000
5205,OP-24.001-2716,"Изготвяне на технически проект и упражняване на авторски надзор за обект: ""Пречиствателна станция за отпадъчни води (ПСОВ) на гр. Малко Търново и довеждащ колектор към нея""","Община Малко Търново, област Бургас",0.00000,0.00000,0.00000
5206,OP-24.001-1697,"Преустройство на полифункционална обществена сграда с клубно предназначение в УПИ I-общ., кв. 28 по плана на с. Равда /ПИ 61056.501.76.2 по к.к. на с. Равда, община Несебър/ – етапно строителство – I и II етап","Община Несебър, област Бургас",1890.90909,0.00000,1890.90909
5206,OP-24.001-1695,"Закрит плувен басейн в УПИ II, кв. 3 по плана на ж.к. ""Черно море"", гр. Несебър, община Несебър","Община Несебър, област Бургас",1031.77166,0.00000,1031.77166
5206,OP-24.001-1696,"Подземен паркинг в УПИ I-общ., кв. 57 по плана на гр. Несебър (ПИ 51500.502.429), община Несебър","Община Несебър, област Бургас",4197.51678,0.00000,4197.51678
5206,OP-24.001-0167,"Селищна водопроводна система на с. Гильовца, община Несебър – етап 2","Община Несебър, област Бургас",0.00000,0.00000,0.00000
5206,OP-24.001-1709,"Преустройство, укрепване и надстройка на съществуващи едноетажни сгради 53045.502.294.4 и 53045.502.294.5 и обособяване на етажна сграда ""Археологически музей"" в УПИ I от кв. 24 по регулационния план на гр. Обзор, община Несебър","Община Несебър, област Бургас",0.00000,0.00000,0.00000
5206,OP-24.001-1698,"Изграждане на спортни игрища с огради, осветление и паркинг с местонахождение: ПИ 11538.501.539 в гр. Свети Влас, община Несебър","Община Несебър, област Бургас",0.00000,0.00000,0.00000
5206,OP-24.001-0166,"Преработка и актуализация на съществуващ проект за водопроводна мрежа на с. Оризаре, община Несебър – I етап","Община Несебър, област Бургас",0.00000,0.00000,0.00000
5206,OP-24.001-1700,"Реконструкция на улица от ОТ 307 к.к. Слънчев бряг до кръстовище с ул. ""Сатурн"" (в ПИ 51500.505.295 и ПИ 51500.31.43), община Несебър","Община Несебър, област Бургас",0.00000,0.00000,0.00000
5206,OP-24.001-1699,"Ново улично осветление на велоалея от к.к. Слънчев бряг (път I-9) до ПИ 51500.57.53, землище Несебър","Община Несебър, област Бургас",0.00000,0.00000,0.00000
5206,OP-24.001-1708,"Изграждане на площадка за спорт на открито в ПИ 61056.65.17 по плана на с. Равда, общ. Несебър","Община Несебър, област Бургас",0.00000,0.00000,0.00000
5206,OP-24.001-1702,"Изграждане на улица ""Резвая"" (ПИ 61056.501.503) от ОТ 12 – 10, с. Равда, община Несебър","Община Несебър, област Бургас",0.00000,0.00000,0.00000
5206,OP-24.001-1701,"Изграждане на улица ""Камчия"" (ПИ 61056.501.510) от ОТ 596 – 597 – 598 – 590, с. Равда, община Несебър","Община Несебър, област Бургас",0.00000,0.00000,0.00000
5206,OP-24.001-1703,"Изграждане на осветление на голямо игрище с изкуствена настилка до градски стадион, гр. Несебър, УПИ VI-общ., кв. 403, с идент. 51500.508.89 по КК Слънчев бряг – запад, община Несебър","Община Несебър, област Бургас",0.00000,0.00000,0.00000
5206,OP-24.001-1706,"Изграждане на ново улично осветление на улица ""Искър"" /ПИ 61056.501.514/, о.т. 570 – 571 – 574 – 575 – 578, с. Равда, общ. Несебър","Община Несебър, област Бургас",0.00000,0.00000,0.00000
5206,OP-24.001-1704,"Изграждане на ново улично осветление на улица ""Резвая"" /ПИ 61056.501.503/, о.т. 12 – 10, с. Равда, общ. Несебър","Община Несебър, област Бургас",0.00000,0.00000,0.00000
5206,OP-24.001-1705,"Изграждане на ново улично осветление на улица ""Дунав"" /ПИ 61056.501.513/, о.т. 564 – 565 – 567 – 569, с. Равда, общ. Несебър","Община Несебър, област Бургас",0.00000,0.00000,0.00000
5206,OP-24.001-1707,"Изграждане на ново улично осветление на улица ""Камчия"" /ПИ 61056.501.510/, о.т. 596 – 597 – 598 – 570, с. Равда, общ. Несебър","Община Несебър, област Бургас",0.00000,0.00000,0.00000
5207,OP-24.001-0168,"Основен ремонт на общински път BGS 1144 Горица – Порой – Път III 906, от км 0+000 до км 11+782,24, с дължина 11,78 км. Като ще се извърши основен ремонт на целия път, свързващ трите населени места: Горица – Гълъбец – Порой, с републиканската пътна мрежа Бургас – Каблешково – Варна","Община Поморие, област Бургас",278.40000,497.76302,776.16302
5207,OP-24.001-0170,"СМР, включващи основен ремонт на улици, тротоари и реконструкция на прилежащата им ВиК инфраструктура, намиращи се в ЦГЧ на гр. Поморие","Община Поморие, област Бургас",2066.80403,0.00000,2066.80403
5207,OP-24.001-0171,"Реконструкция на съществуващо кръстовище, ул. Княз Борис и ул. Европа, гр. Поморие – кръгово кръстовище","Община Поморие, област Бургас",0.00000,0.00000,0.00000
5207,OP-24.001-0169,"Изграждане на спортен обект – шпорт хале, многофункционална спортна зала","Община Поморие, област Бургас",0.00000,0.00000,0.00000
5207,OP-25.001-0139,"Реконструкция на водопроводната мрежа на селата Гълъбец, Порой и Горица","Община Поморие, област Бургас",0.00000,0.00000,0.00000
5208,OP-24.001-1712,"Реконструкция и рехабилитация на улица в ПИ 37023.501.872 – участък с осови точки 618, 619, 620, 621, 622, 623, 624, 625, 626, 627, 628, 629, 630, 631, 632, 633, 634 и 635, землище гр. Китен, общ. Приморско","Община Приморско, област Бургас",0.00000,467.96595,467.96595
5208,OP-24.001-0178,Реконструкция и доизграждане на водопроводна мрежа,"Община Приморско, област Бургас",0.00000,699.79613,699.79613
5208,OP-24.001-1711,"Реконструкция и рехабилитация на част от улица ""Георги Бенковски""","Община Приморско, област Бургас",0.00000,0.00000,0.00000
5208,OP-24.001-0177,Инженеринг – проектиране и реконструкция на улична мрежа,"Община Приморско, област Бургас",0.00000,0.00000,0.00000
5208,OP-24.001-2720,Изграждане на морски парк и паркинг,"Община Приморско, област Бургас",0.00000,0.00000,0.00000
5208,OP-25.001-0224,Инженеринг – благоустрояване и ремонт на автогара гр. Приморско,"Община Приморско, област Бургас",0.00000,0.00000,0.00000
5208,OP-24.001-1710,Инженеринг – благоустрояване и ремонт на площадно пространство пред автогара гр. Китен,"Община Приморско, област Бургас",0.00000,0.00000,0.00000
5209,OP-24.001-0179,"Основен ремонт на общински път BGS 1191 ""III-7305, Череша – Вресово/ – Зайчар"" от км 0+865,00 (край на нов асфалт в края на с. Вресово (между ОТ 144 и ОТ 155) до км 6+015,59 (начало бордюри в началото на с. Зайчар при ОТ 16)","Община Руен, област Бургас",4967.66613,0.00000,4967.66613
5209,OP-25.001-0225,"Изграждане и обновяване на площи за широко обществено ползване, предназначени за трайно задоволяване на обществени потребности от общинско значение, заключени между улици с о.т. 88, 89, 61 и 59 по плана на с. Ябълчево, община Руен","Община Руен, област Бургас",0.00000,0.00000,0.00000
5209,OP-25.001-0226,"Реконструкция на съществуваща сграда на детска градина с пристройка и надстройка в УПИ VII-159, кв. 21 по плана на с. Добромир, община Руен, област Бургас","Община Руен, област Бургас",0.00000,0.00000,0.00000
5209,OP-25.001-0227,"Изграждане и обновяване на площи за широко обществено ползване, предназначени за трайно задоволяване на обществени потребности от общинско значение в УПИ I, кв. 25 по плана на с. Просеник, община Руен","Община Руен, област Бургас",0.00000,0.00000,0.00000
5209,OP-24.001-0181,"Център за извънкласна работа към ОУ ""Реджеб Кюпчю"", намиращ се в недвижим имот, съставляващ УПИ V-89, кв. 8 по плана на с. Топчийско, общ. Руен, обл. Бургас","Община Руен, област Бургас",0.00000,0.00000,0.00000
5209,OP-25.001-0228,"Изграждане и обновяване на площи за широко обществено ползване, предназначени за трайно задоволяване на обществени потребности от общинско значение в УПИ I, кв. 18 по плана на с. Ръжица, община Руен","Община Руен, област Бургас",0.00000,0.00000,0.00000
5209,OP-25.001-0229,"Изграждане и обновяване на площи за широко обществено ползване, предназначени за трайно задоволяване на обществени потребности от общинско значение в УПИ XIII, кв. 22 по плана на с. Руен, община Руен","Община Руен, област Бургас",0.00000,0.00000,0.00000
5209,OP-24.001-1713,"Изграждане и обновяване на площи за широко обществено ползване за трайно задоволяване на обществени потребности от общинско значение на територията на УПИ XIII, кв. 25, с. Дъскотна","Община Руен, област Бургас",0.00000,0.00000,0.00000
5210,OP-24.001-0182,"Улична мрежа в местност Мисаря, гр. Созопол: Мусала, Стара планина, Хан Аспарух, Хан Исперих, Хан Кубрат, Хан Омуртаг, Хан Тервел, Цар Борис, Цар Иван Асен II, Цар Иван Шишман, Цар Калоян, Цар Петър, Цар Самуил /частично/, Цар Симеон Велики /частично/ и ул. Безименна от о.т. 653 до о.т. 880 – етапно строителство – III и IV етап","Община Созопол, област Бургас",0.00000,0.00000,0.00000
5210,OP-25.001-0230,"Напорен резервоар и отклонение към него от главен водопровод за питейно водообезпечаване на с. Равадиново, община Созопол","Община Созопол, област Бургас",0.00000,0.00000,0.00000
5210,OP-24.001-0183,"Рехабилитация на общински път BGS 1213 /III 7908, Присад – Димчево/ в участък от с. Зидарово до с. Вършило, общ. Созопол","Община Созопол, област Бургас",1535.60272,0.00000,1535.60272
5210,OP-24.001-1717,Основен ремонт на улици в гр. Созопол,"Община Созопол, област Бургас",0.00000,0.00000,0.00000
5210,OP-24.001-1716,"Реконструкция на Градски парк в кв. 70, гр. Созопол","Община Созопол, област Бургас",0.00000,0.00000,0.00000
5210,OP-24.001-1714,"Изграждане на трасе на улична канализация в обхвата на ПИ с идентификатори 81178.502.20 /о.т. 201 – о.т. 202/, ПИ 81178.502.89 /о.т. 204 – о.т. 198/ и 81178.502.90 /о.т. 198 – о.т. 197/ по КК на гр. Черноморец, община Созопол","Община Созопол, област Бургас",0.00000,0.00000,0.00000
5210,OP-24.001-1715,"Изграждане на уличен водопровод и улична канализация за ПИ 67800.503.542 и ПИ 67800.503.541 в м. Мисаря, з-ще на гр. Созопол","Община Созопол, област Бургас",0.00000,0.00000,0.00000
5211,OP-24.001-1719,Реконструкция на водопроводната мрежа – с. Загорци,"Община Средец, област Бургас",5275.10895,0.00000,5275.10895
5211,OP-24.001-2363,"Рехабилитация и реконструкция на общински път BGS 2242 /III-908, м. Босна – п.к. II-79/Голямо Буково – Кирово – Граничар от км 0+000 до км 6+634 – Етап II Участък: от км 1+500 до км 5+053","Община Средец, област Бургас",0.00000,0.00000,0.00000
5211,OP-24.001-0184,"Рехабилитация и реконструкция на уличната мрежа в градска среда в гр. Средец – ул. ""Йорданка Николова""","Община Средец, област Бургас",1673.95726,0.00000,1673.95726
5211,OP-24.001-1718,Реконструкция на водопроводната мрежа – с. Светлина,"Община Средец, област Бургас",1614.82610,0.00000,1614.82610
5211,OP-24.001-0185,"Реконструкция и рехабилитация на улична мрежа, тротоари, съоръженията и принадлежностите към тях в гр. Средец, община Средец","Община Средец, област Бургас",780.60147,0.00000,780.60147
5211,OP-24.001-0186,"Рехабилитация и реконструкция на уличната мрежа и градска среда в град Средец – улица ""Васил Левски""","Община Средец, област Бургас",147.00000,0.00000,147.00000
5211,OP-25.001-0231,Проектиране на вътрешна водопроводна мрежа на населени места в община Средец,"Община Средец, област Бургас",0.00000,0.00000,0.00000
5211,OP-25.001-0232,Проектиране на външно водоснабдяване на населени места в община Средец,"Община Средец, област Бургас",0.00000,0.00000,0.00000
5211,OP-25.001-0233,Проектиране на улици в град Средец,"Община Средец, област Бургас",0.00000,0.00000,0.00000
5211,OP-25.001-0234,Проектиране на вътрешна водопроводна мрежа на населени места в община Средец,"Община Средец, област Бургас",0.00000,0.00000,0.00000
5211,OP-25.001-0235,Проектиране на улици в град Средец,"Община Средец, област Бургас",0.00000,0.00000,0.00000
5212,OP-24.001-0187,"Рехабилитация и реконструкция на път BGS 2268 (ІІ-73 Веселиново – Лозарево) – Подвис – Есен – BGS 2266 от км 0+000 до км 4+402,16","Община Сунгурларе, област Бургас",4904.75411,0.00000,4904.75411
5212,OP-24.001-0188,Реконструкция и рехабилитация на улици в населени места на община Сунгурларе,"Община Сунгурларе, област Бургас",4462.87424,0.00000,4462.87424
5212,OP-24.001-0190,ИЗГРАЖДАНЕ НА КРЪГОВО КРЪСТОВИЩЕ НА ПЪТ ІІІ-7306,"Община Сунгурларе, област Бургас",523.82462,0.00000,523.82462
5212,OP-24.001-0189,"Модернизация на образователната среда, вкл. въвеждане на мерки за енергийна ефективност, изграждане на фотоволтаична централа за собствени нужди и основен ремонт на Детска градина ""Щастливо детство"", с. Лозарево, УПИ V, кв. 10 по ПУП на с. Лозарево","Община Сунгурларе, област Бургас",0.00000,0.00000,0.00000
5212,OP-25.001-0236,"ИЗГРАЖДАНЕ НА СПОРТНА ПЛОЩАДКА В С. МАНОЛИЧ, ОБЩИНА СУНГУРЛАРЕ","Община Сунгурларе, област Бургас",0.00000,0.00000,0.00000
5213,OP-24.001-0192,"Рехабилитация на общински път BGS2282 (ІІІ-9901, гр. Царево – гр. Ахтопол) – с. Бродилово от км 0+000 до км 10+645,59","Община Царево, област Бургас",3916.61157,0.00000,3916.61157
5213,OP-24.001-0191,Многофункционална спортна зала в гр. Царево,"Община Царево, област Бургас",0.00000,1594.07200,1594.07200
5213,OP-24.001-0193,Реконструкция на водопроводна мрежа с. Варвара,"Община Царево, област Бургас",668.50000,0.00000,668.50000
5213,OP-24.001-0194,"Реконструкция на съществуваща ПСОВ Синеморец в КПС в ПИ 66528.501.446, изграждане на нова ПСОВ в ПИ 66528.26.286 по КККР на с. Синеморец, тласкател за сурови води от КПС до нова ПСОВ и отвеждащ колектор от ПСОВ до заустването й в съществуваща шахта до КПС","Община Царево, област Бургас",0.00000,0.00000,0.00000
5213,OP-24.001-2366,"Нова сграда за училище от I до VII клас към СУ ""Никола Вапцаров"", гр. Царево, в ПИ 48619.501.243","Община Царево, област Бургас",0.00000,0.00000,0.00000
5213,OP-24.001-2364,"Подмяна на водопроводната мрежа на с. Кости, община Царево, област Бургас","Община Царево, област Бургас",0.00000,0.00000,0.00000
5213,OP-24.001-2365,"Подмяна на водопроводната мрежа на с. Бродилово, община Царево, област Бургас","Община Царево, област Бургас",0.00000,0.00000,0.00000
5213,OP-25.001-0237,Улични водопроводи в м. Вургарски път в гр. Царево,"Община Царево, област Бургас",0.00000,0.00000,0.00000
5213,OP-24.001-2368,"Център за настаняване на лица в надтрудоспособна възраст, гр. Царево, в ПИ 48619.501.452","Община Царево, област Бургас",0.00000,0.00000,0.00000
5213,OP-24.001-2369,"Център за настаняване на лица с физически увреждания в гр. Царево, в ПИ 48619.501.451","Община Царево, област Бургас",0.00000,0.00000,0.00000
5213,OP-24.001-2367,"Подмяна на водопроводната мрежа на с. Изгрев, община Царево, област Бургас","Община Царево, област Бургас",0.00000,0.00000,0.00000
5213,OP-24.001-2370,"Подмяна на водопроводната мрежа на с. Българи, община Царево, област Бургас","Община Царево, област Бургас",0.00000,0.00000,0.00000
5301,OP-24.001-0198,"Рехабилитация на общински път VAR 2007 – VAR 2005 Китка – Круша от км 5+593,32 – етапно строителство: Първи етап от км 0+000 до км 1+340, Втори етап от км 1+340 до км 2+370 и Трети етап от км 2+370 до км 5+593,32","Община Аврен, област Варна",0.00000,0.00000,0.00000
5301,OP-25.001-0238,"Обект: Основен ремонт на път VAR 2005 (/I-9, Приселци-Старо Оряхово/-Равна гара-Бенковски-/III-9042/) от км 0+000 до км 4+440, етапно строителство: Етап 1 – от км 0+000 до км 3+382, и Етап 2 – от км 3+382 до км 4+440","Община Аврен, област Варна",0.00000,0.00000,0.00000
5301,OP-25.001-0239,"Изграждане и реконструкция на част от улична мрежа по регулационния план на с. Приселци, общ. Аврен – етапно строителство – EТАПИ I, III, IV, VII, IX, X","Община Аврен, област Варна",0.00000,0.00000,0.00000
5301,OP-24.001-3095,"Проектиране, авторски надзор и изпълнение на строеж /инженеринг/ за основен ремонт на част от уличната мрежа в с. Бенковски, с. Дъбравино и с. Синдел","Община Аврен, област Варна",0.00000,0.00000,0.00000
5301,OP-24.001-0197,"Напорен и разпределителен водопровод от о.т. 146 до о.т. 458 по плана на с. Аврен, община Аврен, област Варненска","Община Аврен, област Варна",313.00000,0.00000,313.00000
5301,OP-24.001-0196,Рехабилитация на общински път VAR 2005 от км 0+000 до км 4+740 (с. Бенковски – с. Равна гора),"Община Аврен, област Варна",275.38621,0.00000,275.38621
5301,OP-25.001-0240,Авариен ремонт на съществуващ водопровод от водоем от с. Здравец до водоем с. Бенковски,"Община Аврен, област Варна",0.00000,0.00000,0.00000
5301,OP-25.001-0241,"Проектиране, авторски надзор и изпълнение на строеж /инженеринг/ на път VAR3009 / III-9042, Садово – Бенковски/ – Добри дол/","Община Аврен, област Варна",0.00000,0.00000,0.00000
5301,OP-25.001-0017,"Изграждане и благоустрояване на зона за отдих в с. Близнаци, община Аврен","Община Аврен, област Варна",0.00000,0.00000,0.00000
5302,OP-24.001-0200,"Рехабилитация и реконструкция на път VAR2033/ III-902, Оброчище – Кичево / – Орешак – Граница общ. (Аксаково – Варна) – Каменар – / VAR2028 /","Община Аксаково, област Варна",2232.09239,0.00000,2232.09239
5302,OP-24.001-0201,"Рехабилитация и реконструкция на път VAR2021 /I-2, Девня – Варна/ – Игнатиево – Доброглед – /III – 2901/","Община Аксаково, област Варна",0.00000,0.00000,0.00000
5302,OP-25.001-0118,Доизграждане на битови канализационни клонове и подмяна на част от водопроводната мрежа в гр. Игнатиево – етап 3,"Община Аксаково, област Варна",0.00000,0.00000,0.00000
5302,OP-24.001-0202,"Неотложни възстановителни работи на улици и отводнителни канавки от о.т. 4 до о.т. 17, от о.т. 100 до о.т. 19 и поясни канали от о.т. 1+50 м до о.т. 100 в с. Въглен, община Аксаково","Община Аксаково, област Варна",878.02543,0.00000,878.02543
5302,OP-24.001-0199,Подобряване водоснабдителната система на с. Любен Каравелово,"Община Аксаково, област Варна",1096.48468,0.00000,1096.48468
5302,OP-25.001-0077,"Рехабилитация и реконструкция на участък от общински път VAR 1022 /I – 2, Девня – Граница общ. (Аксаково – Белослав) – Езерово – /III – 2008, община Аксаково, област Варна","Община Аксаково, област Варна",0.00000,0.00000,0.00000
5302,OP-24.001-2721,"Реконструкция на водоснабдителната система на с. Слънчево, община Аксаково – етап 1","Община Аксаково, област Варна",0.00000,0.00000,0.00000
5303,OP-24.001-1721,"Основен ремонт и рехабилитация на част от уличната мрежа на гр. Белослав, общ. Белослав","Община Белослав, област Варна",0.00000,0.00000,0.00000
5303,OP-24.001-1720,"Основен ремонт и рехабилитация на част от уличната мрежа на с. Страшимирово, общ. Белослав","Община Белослав, област Варна",0.00000,0.00000,0.00000
5303,OP-24.001-1722,"Изграждане /основен ремонт, преустройство, въвеждане на мерки за енергийна ефективност и осигуряване на достъпна среда/ на административна сграда за обществено ползване – сграда на полицейско управление, намираща се в УПИ IX-412 (ПИ 03719.503.412), квартал 31 по плана на гр. Белослав, община Белослав","Община Белослав, област Варна",0.00000,0.00000,0.00000
5303,OP-25.001-0062,"Рехабилитация на път VAR 1060/III-2008, Езерово – Казашко/ – Промишлена зона Езерово, община Белослав, област Варна","Община Белослав, област Варна",0.00000,0.00000,0.00000
5303,OP-24.001-0204,"Изграждане и рехабилитация на улична мрежа на територията на кв. ""Акации"", град Белослав","Община Белослав, област Варна",953.16652,0.00000,953.16652
5303,OP-25.001-0242,"Изграждане на улична мрежа, част ЮГ, гр. Белослав, общ. Белослав","Община Белослав, област Варна",0.00000,0.00000,0.00000
5303,OP-24.001-0203,"Рехабилитация на път VAR1022 /I – 2, Девня – Граница общ. (Аксаково – Белослав) – Езерово – /III – 2008/ в участъка от с. Езерово до границата общини Белослав – Аксаково (извън населено място) с дължина 1340 м","Община Белослав, област Варна",184.80000,0.00000,184.80000
5303,OP-25.001-0243,"Изграждане, рехабилитация и основен ремонт на улична мрежа, част ИЗТОК, с. Езерово, общ. Белослав","Община Белослав, област Варна",0.00000,0.00000,0.00000
5303,OP-25.001-0244,"Изграждане, рехабилитация и основен ремонт на част от улична мрежа, с. Разделна, общ. Белослав","Община Белослав, област Варна",0.00000,0.00000,0.00000
5303,OP-24.001-0205,"Тласкател за отпадъчни води в с. Езерово от канализационна помпена станция на ул. ""Александър Стамболийски"" до източната регулационна граница на с. Езерово, общ. Белослав","Община Белослав, област Варна",0.00000,0.00000,0.00000
5303,OP-25.001-0245,"Изграждане на улична мрежа, част ЮГ, с. Разделна, общ. Белослав","Община Белослав, област Варна",0.00000,0.00000,0.00000
5303,OP-25.001-0246,"Изграждане, рехабилитация и основен ремонт на част от улична мрежа, с. Езерово, общ. Белослав","Община Белослав, област Варна",0.00000,0.00000,0.00000
5303,OP-25.001-0247,"Основен ремонт и рехабилитация на ул. ""Светлина"", с. Езерово, общ. Белослав","Община Белослав, област Варна",0.00000,0.00000,0.00000
5303,OP-25.001-0248,"Изграждане на ул. ""Георги Бенковски"" в кв. ""Стара гара"", с. Разделна, общ. Белослав","Община Белослав, област Варна",0.00000,0.00000,0.00000
5304,OP-24.001-0206,"Разширяване, реконструкция и модернизация на рибарско пристанище ""Чайка"", гр. Бяла, и свързаните с него укрепване на свлачище и брегоукрепване. ВТОРИ ЕТАП: Реконструкция и модернизация на рибарско пристанище ""Чайка"" и техническа инфраструктура за пристанищни нужди, включващ подобекти: Реконструкция и модернизация на рибарско пристанище ""Чайка"" и техническа инфраструктура за пристанищни нужди – част ВиК, и Реконструкция и модернизация на рибарско пристанище ""Чайка"" и техническа инфраструктура за пристанищни нужди – част електрическа","Община Бяла, област Варна",0.00000,0.00000,0.00000
5304,OP-24.001-0207,"Реконструкция на ул. ""Йордан Ноев"" от о.т. 110 до о.т. 447","Община Бяла, област Варна",0.00000,0.00000,0.00000
5304,OP-24.001-0211,Реконструкция на улица в с. Господиново от о.т. 6 през о.т. 24 до о.т. 38,"Община Бяла, област Варна",0.00000,0.00000,0.00000
5304,OP-24.001-0210,"Реконструкция, ремонт и въвеждане на мерки за енергийна ефективност в автогара гр. Бяла, община Бяла, област Варна","Община Бяла, област Варна",343.44042,0.00000,343.44042
5304,OP-24.001-0208,"Реконструкция на ул. ""Гроздьо Желев"" от о.т. 98 до о.т. 202","Община Бяла, област Варна",0.00000,0.00000,0.00000
5304,OP-24.001-0214,"Основен ремонт и изграждане на тротоари по ул. ""Брегова"" от ул. ""Черноморка"" до ул. ""Иван Калчев""","Община Бяла, област Варна",177.74868,0.00000,177.74868
5304,OP-24.001-2371,Културен център и детска площадка в с. Попович,"Община Бяла, област Варна",0.00000,0.00000,0.00000
5304,OP-24.001-2372,Благоустройствени дейности на зелени площи за широко обществено ползване,"Община Бяла, област Варна",0.00000,0.00000,0.00000
5304,OP-24.001-0209,"Реконструкция на ул. ""Хан Крум"" от о.т. 222 до о.т. 418","Община Бяла, област Варна",0.00000,0.00000,0.00000
5304,OP-24.001-2722,"Благоустройствени дейности на зелени площи за широко обществено ползване в ПИ 24739.501.853, с. Дюлино","Община Бяла, област Варна",0.00000,0.00000,0.00000
5304,OP-24.001-2723,"Благоустройствени дейности на зелени площи за широко обществено ползване в ПИ 24739.501.57, с. Дюлино","Община Бяла, област Варна",0.00000,0.00000,0.00000
5304,OP-24.001-0213,"Реконструкция на ул. ""Щерьо Певтичев"" от о.т. 132 до о.т. 135","Община Бяла, област Варна",0.00000,0.00000,0.00000
5304,OP-24.001-0212,"Реконструкция на ул. ""Димитър Панчев"" от о.т. 218 до о.т. 222","Община Бяла, област Варна",0.00000,0.00000,0.00000
5304,OP-24.001-0215,"Реконструкция на ул. ""Теменуга"" от о.т. 461 до о.т. 212","Община Бяла, област Варна",0.00000,0.00000,0.00000
5305,OP-24.001-2724,"Нова учебна база на математическа гимназия ""Д-р Петър Берон"" в ПИ 10135.3513.1960 и ПИ 10135.3513.250 в 26-и м.р., район ""Младост"", град Варна – проектиране и изграждане","Община Варна, област Варна",0.00000,0.00000,0.00000
5305,OP-24.001-0216,"Ремонт на напорен тръбопровод ф 500 за отпадъчни води, намиращ се на дъното на Варненското езеро","Община Варна, област Варна",5927.34455,0.00000,5927.34455
5305,OP-24.001-0220,"Нова сграда на Регионална библиотека ""Пенчо Славейков"", гр. Варна","Община Варна, област Варна",0.00000,0.00000,0.00000
5305,OP-24.001-0217,"Основен ремонт на общински път VAR 1087/I-9/, кв. ""Аспарухово"", кв. ""Галата"", от отбивката за местност Карантината до кръстовището с общински път VAR3089/I-9, Варна – Приселци/ – в.з. ""Боровец"" – кв. ""Галата"" – в.з. ""Ракитника"" – х. ""Черноморец"", гр. Варна","Община Варна, област Варна",3295.22701,0.00000,3295.22701
5305,OP-24.001-0222,"Основен ремонт на улица към ЮПЗ – Западна наземна връзка от Северен пътен възел (СПВ) на Аспарухов мост до обръщач на Остров пред Петролна база, по плана на Южна промишлена зона (ЮПЗ), гр. Варна, I етап: Основен ремонт на улица към ЮПЗ – Западна наземна връзка, в участъка от СПВ на Аспарухов мост до клапов мост, включително улица – напречна връзка към БУЛЯРД, по плана на ЮПЗ, гр. Варна","Община Варна, област Варна",0.00000,0.00000,0.00000
5305,OP-24.001-0226,"Основен ремонт на ул. ""Капитан Райчо"" по плана на 15-и м. р., район ""Младост"", гр. Варна","Община Варна, област Варна",0.00000,0.00000,0.00000
5305,OP-24.001-0227,"Основен ремонт на ул. ""Д-р Пискюлиев"" от ул. ""Ангел Кънчев"" до бул. ""Христо Ботев"", по плана на 10-и м.р., район ""Одесос"", гр. Варна","Община Варна, област Варна",0.00000,0.00000,0.00000
5305,OP-24.001-0231,"Парк ""Младост 1"" в ПИ 10135.3512.48 по плана на I м.р. на ж.к. ""Младост"", гр. Варна","Община Варна, област Варна",0.00000,0.00000,0.00000
5305,OP-24.001-1726,"Основен ремонт на ул. ""Отец Паисий"", по плана на 13-и м.р. и 14-и м.р., район ""Одесос"", гр. Варна","Община Варна, област Варна",0.00000,0.00000,0.00000
5305,OP-24.001-0262,"Изготвяне на ТП и основен ремонт на общински път VAR2086/III-2902/Куманово – граница общ. (Варна – Аксаково) – Каменар /VAR2033/, община Варна","Община Варна, област Варна",0.00000,0.00000,0.00000
5305,OP-25.001-0249,"Благоустрояване на пространството около Парк-паметник на Българо-съветската дружба, намиращ се в имот с ид. 10135.2563.188, по плана на ж.к. ""Бриз"", гр. Варна","Община Варна, област Варна",0.00000,0.00000,0.00000
5305,OP-24.001-0256,"Изготвяне на технически проект и СМР за обект: Реконструкция на пътен възел на бул. ""Вл. Варненчик"" с бул. ""Република"", по плана на ЗПЗ, гр. Варна","Община Варна, област Варна",0.00000,0.00000,0.00000
5305,OP-24.001-0240,"Изготвяне на ТП за обект: Реконструкция на пътен възел на бул. ""Васил Левски"" с бул. ""Осми приморски полк"" (при сп. ""Явор""), по плана на район ""Приморски""","Община Варна, област Варна",0.00000,0.00000,0.00000
5305,OP-24.001-0224,"Основен ремонт на ул. ""Св. св. Константин и Елена"", кв. ""Виница"", в участъка от ул. ""Цар Борис III"" до Гробищен парк, гр. Варна","Община Варна, област Варна",0.00000,0.00000,0.00000
5305,OP-24.001-0239,"Реконструкция и основен ремонт на прилежаща сграда към Художествен музей ""Георги Велчев"" с идентификатор 10135.1504.67.3, намиращ се в УПИ Х-15 /с идентификатор 10135.1504.67/, кв. 409, по плана на 4-ти м.р., с административен адрес: гр. Варна, ул. ""Ген. Радко Димитриев"" № 8, филиал на Градска художествена галерия ""Борис Георгиев"", с цел създаване на Арт център ""Георги Велчев""","Община Варна, област Варна",0.00000,0.00000,0.00000
5305,OP-24.001-2690,"Основен ремонт на ул. ""Магнолия"" от бул. ""Акад. А. Сахаров"" до ул. ""Г. Сотиров"", гр. Варна – етап II","Община Варна, област Варна",0.00000,0.00000,0.00000
5305,OP-25.001-0250,"СМР за обект: Основен ремонт на улици в 8-ми м.р., район ""Одесос"", гр. Варна, включващ: ул. ""Александър Малинов"", ул. ""Копривщица"", ул. ""27 юли"", ул. ""Воден"", ул. ""Иларион Макариополски"", ул. ""Баба Рада"", ул. ""Стефан Стамболов""","Община Варна, област Варна",0.00000,0.00000,0.00000
5305,OP-24.001-1723,"Проектиране и основен ремонт/изграждане – инженеринг на улично осветление на територията на община Варна, включващо: 1. ул. ""Ген. Колев"" – от бул. ""Чаталджа"" до бул. ""Владислав Варненчик""; 2. бул. ""Владислав Варненчик"" – от бул. ""Съборни"" до бул. ""Ян Хуняди""; 3. бул. ""Христо Смирненски"" – от бул. ""Сливница"" до бул. ""Владислав Варненчик""; 4. ул. ""Георги Пеячевич"" – от бул. ""Владислав Варненчик"" до бул. ""Васил Левски""; 5. ул. ""Акад. Андрей Сахаров"" – от бул. ""Вл. Варненчик"" до бул. ""Цар Освободител""; 6. бул. ""Ян Хунияди"" – от бул. ""Владислав Варненчик"" до бул. ""Трети март""; 7. бул. ""Република"" – от бул. ""Владислав Варненчик"" до бул. ""Трети март""; 8. бул. ""Света Елена"" – от бул. ""Трети март"" до бул. ""Константин и Фружин""; 9. бул. ""Трети март"" – от бул. ""Ян Хунияди"" до бул. ""Константин и Фружин""; 10. ул. ""Царевец"" – от бул. ""Васил Левски"" до бул. ""Осми приморски полк""; 11. бул. ""Осми приморски полк"" – от бул. ""Христо Смирненски"" до бул. ""Цар Борис ІІІ""; 12. главен път І-9 – от пътен възел к.к. Св. св. Константин и Елена до входа на к.к. Златни пясъци; 13. междублоково пространство в карето между бул. ""Цар Освободител"", бул. ""Чаталджа"", ул. ""Ген Колев"", бул. ""Осми приморски полк""; 14. междублоково пространство в карето между бул. ""Чаталджа"", ул. ""Ген. Колев"", ул. ""Селиолу"", ул. ""Илинден""","Община Варна, област Варна",0.00000,0.00000,0.00000
5305,OP-24.001-1734,"Благоустрояване на междублоково пространство, заключено между бул. ""Чаталджа"", ул. ""Цар Асен"", ул. ""Войнишка"" и ул. ""Драва Чех"", по плана на 6-и м.р., гр. Варна","Община Варна, област Варна",0.00000,0.00000,0.00000
5305,OP-24.001-2692,"Основен ремонт на ул. ""Магнолия"" от бул. ""Акад. А. Сахаров"" до ул. ""Г. Сотиров"", гр. Варна – етап I","Община Варна, област Варна",0.00000,0.00000,0.00000
5305,OP-24.001-0245,"Изготвяне на ТП за обект: Благоустрояване на междублоково пространство и прилежащата улична мрежа между бул. ""Христо Смирненски"", ул. ""Васил Ставрев"", ул. ""Д-р Басанович"", бул. ""Васил Левски"", ул. ""Ген. Георги Попов"", по плана на 24-ти м.р., район ""Приморски"", гр. Варна","Община Варна, област Варна",0.00000,0.00000,0.00000
5305,OP-25.001-0251,"Проектиране и изпълнение на СМР за обект: Основен ремонт на ул. ""Ген Колев"" от бул. ""Владислав Варненчик"" до ул. ""Чаталджа"", гр. Варна","Община Варна, област Варна",0.00000,0.00000,0.00000
5305,OP-24.001-0263,"Основен ремонт на ул. ""30-та"" от Гробищен парк, кв. ""Виница"", до вход курортен комплекс Св. св. Константин и Елена, район ""Приморски"", гр. Варна – проектиране и изграждане","Община Варна, област Варна",0.00000,0.00000,0.00000
5305,OP-25.001-0253,"Проектиране и изпълнение на СМР на подлези на територията на район ""Приморски"", гр. Варна, включващ: 1. Основен ремонт на подлез, находящ се на бул. ""Васил Левски"", с ид. № 10135.2563.248.4 по КК и КР на гр. Варна при ул. ""Рупи"". 2. Основен ремонт на подлез, находящ се на бул. ""Васил Левски"", с ид. № 10135.2558.126.1 по КК и КР на гр. Варна при бул. ""Осми приморски полк"". 3. Основен ремонт на подлез, находящ се на бул. ""Осми приморски полк"" при спирка ""Паметника"" (завод ""Дружба""), с ид. № 10135.2558.126.1 по КК и КР на гр. Варна. 4. Основен ремонт на подлез, находящ се на бул. ""Осми приморски полк"" при спирка ""Паметника"" (стадион ""Тича""), с ид. № 10135.2559.107.3 по КК и КР на гр. Варна. 5. Основен ремонт на подлез, находящ се на бул. ""Осми приморски полк"", с ид. № 10135.2559.107.2 по КК и КР на гр. Варна при ул. ""Д-р Анастасия Железкова"".","Община Варна, област Варна",0.00000,0.00000,0.00000
5305,OP-25.001-0252,"СМР за обект: Основен ремонт на улици в 3-ти м.р., район ""Одесос"", гр. Варна, включващ ул. ""Опълченска"" и ул. ""Любен Каравелов""","Община Варна, област Варна",0.00000,0.00000,0.00000
5305,OP-25.001-0254,"Проектиране и изпълнение на СМР за обект: Основен ремонт на ул. ""Студентска"" от ул. ""Мир"" до бул. ""Осми приморски полк"" по плана на 23-ти м.р., гр. Варна","Община Варна, област Варна",0.00000,0.00000,0.00000
5305,OP-24.001-2691,"Реконструкция на ул. ""Вяра"" от бул. ""Сливница"" до бул. ""Цар Освободител"" по плана на район ""Младост"", гр. Варна – проектиране и изграждане","Община Варна, област Варна",0.00000,0.00000,0.00000
5305,OP-24.001-0219,"Основен ремонт на подлези на територията на община Варна, гр. Варна, включващ: 1. Пешеходен подлез № 3 и автоподлез при ул. ""Найден Геров"", 2. Пешеходен подлез № 4 – ""Спортна зала"" – проектиране и изграждане","Община Варна, област Варна",0.00000,0.00000,0.00000
5305,OP-24.001-0243,"Изготвяне на ТП за обект: Основен ремонт на улици в 8-ми м.р., район ""Одесос"", гр. Варна, включващ: ул. ""Александър Малинов"", ул. ""Копривщица"", ул. ""Марко Балабанов"", ул. ""27 юли"", ул. ""Воден"", ул. ""Иван Вазов"", ул. ""Иларион Макариополски"", ул. ""Петър Парчевич"", ул. ""Петър Енчев"", ул. ""Баба Рада"", ул. ""Стефан Стамболов"", ул. ""Одрин"", ул. ""Преспа"", ул. ""Цар Самуил"", ул. ""Княз Дондуков"", ул. ""Цар Иван Шишман"", ул. ""Йоан Екзарх"", ул. ""Хан Крум"", ул. ""Хан Аспарух"" от ул. ""Свети Климент"" до ул. ""Михаил Колони""","Община Варна, област Варна",0.00000,0.00000,0.00000
5305,OP-25.001-0255,"Проектиране и изпълнение на СМР за обект: Основен ремонт на ул. ""Княз Н. Николаевич"" по плана на 18-и м.р., гр. Варна","Община Варна, област Варна",0.00000,0.00000,0.00000
5305,OP-24.001-0236,"Основен ремонт на улици в кв. ""Виница"", район ""Приморски"", гр. Варна, включващ: ул. ""Ал. Кръстев"" от ул. ""Св. Димитър Солунски"" до ул. ""Кастрица"", ул. ""Аладжа манастир"" от ул. ""Кастрица"" до ул. ""Овеч"", ул. ""Константин Павлов"" от ул. ""Цар Борис III"" до ул. ""Св. Прокопий Варненски"", ул. ""Св. Димитър Солунски"" от ул. ""Св. Прокопий Варненски"" до ул. ""Александър Кръстев"", ул. ""Св. Прокопий Варненски"" от ул. ""Константин Павлов"" до ул. ""Св. Димитър Солунски"", гр. Варна – проектиране и изграждане","Община Варна, област Варна",0.00000,0.00000,0.00000
5305,OP-24.001-2725,"Проектиране и основен ремонт на улица в ПЗ ""Клисе баир"" от о.т. 1 до о.т. 10, гр. Варна","Община Варна, област Варна",0.00000,0.00000,0.00000
5305,OP-25.001-0256,"Проектиране и изпълнение на СМР на подлези на територията на район ""Младост"", гр. Варна, включващ: 1. Основен ремонт на подлез, находящ се на бул. ""Владислав Варненчик"" при спирка ""Автогара"", с ид. № 10135.3516.135.2 по КК и КР на гр. Варна. 2. Основен ремонт на подлез, находящ се на бул. ""Владислав Варненчик"" при спирка ""Борсата"", с ид. № 10135.3515.764.1 по КК и КР на гр. Варна. 3. Основен ремонт на подлез, находящ се на бул. ""Владислав Варненчик"" при спирка ""ВАМО"", с ид. № 10135.3514.77.8 по КК и КР на гр. Варна. 4. Основен ремонт на подлез, находящ се на бул. ""Сливница"" при спирка ""Тих труд"", с ид. № 10135.3513.253.1 по КК и КР на гр. Варна.","Община Варна, област Варна",0.00000,0.00000,0.00000
5305,OP-25.001-0257,"Изработване на Технически проект и СМР за обект: Реконструкция и основен ремонт на сгради с идентификатори 10135.2029.32.1 и 10135.2029.32.2, част от комплекс ""БАЗА ЗА КОНЕН СПОРТ-ЮГ и ново строителство за съпътстващи дейности""","Община Варна, област Варна",0.00000,0.00000,0.00000
5305,OP-25.001-0258,"Проектиране и изпълнение на СМР за обект: Основен ремонт на ул. ""Ген. Киселов"" по плана на 2-ри м.р., гр. Варна","Община Варна, област Варна",0.00000,0.00000,0.00000
5305,OP-25.001-0259,"Проектиране и изпълнение на СМР за обект: Основен ремонт на ул. ""Цар Асен"" от бул. ""Цар Освободител"" до ул. ""Чаталджа"" по плана на 2-ри м.р., гр. Варна","Община Варна, област Варна",0.00000,0.00000,0.00000
5305,OP-25.001-0260,"Проектиране и изпълнение на СМР за обект: Основен ремонт на ул. ""Проф. Марин Дринов"" от бул. ""Чаталджа"" до бул. ""Цар Освободител"" по плана на 2-ри м.р., гр. Варна","Община Варна, област Варна",0.00000,0.00000,0.00000
5305,OP-24.001-0260,"Изготвяне на ТП за обект: Основен ремонт на улици в 3-ти м.р., район ""Одесос"", гр. Варна, включващ ул. ""Опълчеснка, ул. ""Любен Каравелов"", ул. ""Славянска"", ул. ""Македония"", ул. ""Братя Миладинови"", ул. ""Александър Пушкин""","Община Варна, област Варна",0.00000,0.00000,0.00000
5305,OP-25.001-0261,"Проектиране и изпълнение на СМР за обект: Основен ремонт на ул. ""Хаджи Димитър"" от ул. ""Братя Миладинови"" до бул. ""Сливница"" по плана на 13-и м.р., гр. Варна","Община Варна, област Варна",0.00000,0.00000,0.00000
5305,OP-24.001-1737,"Инвестиционно проектиране на водопроводна мрежа и актуализация на проект за канализационна мрежа и отпадъчни води с. Звездица, община Варна","Община Варна, област Варна",0.00000,0.00000,0.00000
5305,OP-25.001-0262,"Проектиране и изпълнение на СМР на подлези на територията на район ""Одесос"", гр. Варна, включващ: 1. Основен ремонт на подлез, находящ се на бул. ""Владислав Варненчик"" при спирка ""Тракия"", с ид. № 10135.1501.1157.2 по КК и КР на гр. Варна. 2. Основен ремонт на подлез, находящ се на бул. ""Владислав Варненчик"" при спирка ""Патриарх Евтимий"", с ид. № 10135.1501.1157.1 по КК и КР на гр. Варна.","Община Варна, област Варна",0.00000,0.00000,0.00000
5305,OP-24.001-0229,"Проектиране и изграждане на обект: Парк ""Република"" в ПИ 10135.3512.1414 по плана на I м.р. на ж.к. ""Младост"", гр. Варна","Община Варна, област Варна",0.00000,0.00000,0.00000
5305,OP-25.001-0263,"Проектиране и изпълнение на СМР за обект: Основен ремонт на ул. ""Никола Михайловски"" от ул. ""Васил Друмев"" до бул. ""Княз Борис I"", по плана на 18-и м.р., гр. Варна","Община Варна, област Варна",0.00000,0.00000,0.00000
5305,OP-25.001-0264,"Проектиране и изпълнение на СМР за обект: Основен ремонт на ул. ""Тинтява"" по плана на 25-и м.р., гр. Варна","Община Варна, област Варна",0.00000,0.00000,0.00000
5305,OP-24.001-0223,"Реконструкция и благоустрояване на ул. ""Александър Стамболийски"" чрез обособяване на зони на отдих, подмяна на улично осветление, обновяване на ландшафта по пешеходната зона на улицата и предболково пространство в ПИ с ид. № 10135.2562.182, граничещо с бул. ""Княз Борис I"", по плана на 19-и и 20-и микрорайони, район ""Приморски"", гр. Варна","Община Варна, област Варна",0.00000,0.00000,0.00000
5305,OP-24.001-0253,"Изготвяне на ТП за обект: Основен ремонт на сгради в имот 10135.1505.218, област Варна, община Варна, гр. Варна, район ""Одесос"", бул. ""8-ми Приморски полк"" № 43","Община Варна, област Варна",0.00000,0.00000,0.00000
5305,OP-24.001-0246,"Изработване на Технически проект за облекчаване на трафика по бул. ""Христо Смирненски"" чрез изграждане на безконфликтно преминаване (пътни възли) при пресичането с бул. ""Владислав Варненчик"" и бул. ""Сливница""","Община Варна, област Варна",0.00000,0.00000,0.00000
5306,OP-24.001-0267,Реконструкция и рехабилитация на улична водопроводна мрежа,"Община Ветрино, област Варна",15.00000,0.00000,15.00000
5306,OP-24.001-0268,"Ремонт и реконструкция на улица между о.т. 14-13-21-22-123-122-121а-143-144-142-145-146-91-92-93-134-103-105а-106, с. Ягнило, общ. Ветрино","Община Ветрино, област Варна",1209.18160,0.00000,1209.18160
5306,OP-25.001-0105,"Ремонт на част от уличната мрежа в село Белоградец, община Bетрино, област Варна","Община Ветрино, област Варна",0.00000,0.00000,0.00000
5306,OP-24.001-0269,"Ремонт и реконструкция на улица между о.т. 50-51-52-53-54-55-56-57-58-61-62, с. Невша","Община Ветрино, област Варна",566.62343,0.00000,566.62343
5306,OP-24.001-0270,"Ремонт и реконструкция на ул. ""Г. С. Раковски"" от о.т. 121-138, с. Ветрино","Община Ветрино, област Варна",557.79571,0.00000,557.79571
5306,OP-25.001-0265,Рехабилитация на участък от общински път VAR 1100 с начало път I-2 и край до началото на урбанизирана територия на с. Невша,"Община Ветрино, област Варна",0.00000,0.00000,0.00000
5307,OP-24.001-1738,Строеж: Реконструкция на част от път VAR 1112 от км 0+000 (кръст. с път II-27) до км 14+600 (кръст. с път III-2702); I ЕТАП: Участък от км 10+710 с. Брестак до км 14+600 (кръст. с път III-2702),"Община Вълчи дол, област Варна",0.00000,0.00000,0.00000
5307,OP-24.001-0271,Рехабилитация на път VAR 2116 Вълчи дол – Войводино – граница община (Вълчи дол – Суворово) – Николаевка от км 5+000 до км 6+740,"Община Вълчи дол, област Варна",0.00000,0.00000,0.00000
5307,OP-24.001-0272,Основен ремонт и реконструкция на площадно пространство – централна градска част в гр. Вълчи дол,"Община Вълчи дол, област Варна",0.00000,0.00000,0.00000
5307,OP-25.001-0266,Строеж: Реконструкция на част от път VAR 1112 от км 0+000 /кръстовището с път II-27 /до км 14+600/ кръстовището с път III-2702/ III етап: Участък от км 0+000 до км 3+270 извън населеното място; IV етап: Участък от км 3+270 до км 4+760 в с. Караманите; V етап: Участък от км 4+760 до км 6+029 в с. Караманите,"Община Вълчи дол, област Варна",0.00000,0.00000,0.00000
5307,OP-24.001-1739,"Строителство на многофункционална спортна зала в УПИ I-23, кв. 4 (ПИ с идентификатор № 12574.501.1317) по плана на гр. Вълчи дол, общ. Вълчи дол, обл. Варна","Община Вълчи дол, област Варна",0.00000,0.00000,0.00000
5307,OP-25.001-0267,Строеж: Реконструкция на път VAR 1112 от км 0+000 (кръст. с път II-27) до км 14+600 (кръст. с път III-2702) EТАП 2: Участък от км 9+165 с. Брестак до км 10+710 с. Брестак,"Община Вълчи дол, област Варна",0.00000,0.00000,0.00000
5307,OP-25.001-0268,"Строеж: Реконструкция на ул. ""Васил Левски"" о.т. 49, о.т. 50, о.т. 70, о.т. 71, о.т. 84, о.т. 83, о.т. 143, о.т. 142, о.т. 139 до о.т. 137, с. Брестак, община Вълчи дол, област Варна","Община Вълчи дол, област Варна",0.00000,0.00000,0.00000
5308,OP-24.001-0274,Подмяна на улични водопроводи на територията на община Девня,"Община Девня, област Варна",6108.00000,0.00000,6108.00000
5308,OP-24.001-0278,Изграждане на стадион в гр. Девня с РЗП 2327 кв. м и инфраструктура към него,"Община Девня, област Варна",0.00000,0.00000,0.00000
5308,OP-24.001-0276,"Реконструкция, основен ремонт и въвеждане на енергийна ефективност на Музей на мозайките и благоустрояване на прилежащата паркова среда","Община Девня, област Варна",0.00000,0.00000,0.00000
5308,OP-24.001-0275,"Изграждане на плувен басейн със ЗП/РЗП 214,05 кв. м и инфраструктура към него","Община Девня, област Варна",0.00000,0.00000,0.00000
5308,OP-24.001-0277,"Ремонт на бул. ""Съединение"", кв. ""Девня""","Община Девня, област Варна",0.00000,0.00000,0.00000
5308,OP-24.001-0280,Основен ремонт и мерки за енергийна ефективност на сградата на кметство с. Падина,"Община Девня, област Варна",0.00000,0.00000,0.00000
5308,OP-24.001-0279,"Сграда за обществено хранене с идентификатор 20482.307.40.1, находяща се в УПИ IV – ""клуб"", кв. 35 по ПУП – ПРЗ на кв. ""Повеляново"", гр. Девня","Община Девня, област Варна",0.00000,0.00000,0.00000
5308,OP-25.001-0269,Изграждане на спортна зала,"Община Девня, област Варна",0.00000,0.00000,0.00000
5308,OP-25.001-0270,Основен ремонт на улици в община Девня,"Община Девня, област Варна",0.00000,0.00000,0.00000
5309,OP-24.001-0282,"Реконструкция на водопроводна и улична мрежа по ул. ""Орлов камък"", ул. ""Камчийска долина"" в с. Горен чифлик","Община Долни чифлик, област Варна",1331.48175,0.00000,1331.48175
5309,OP-24.001-0281,"Реконструкция на път № VAR1175/III-904/, Долни чифлик – Кривини – Голица – Булаир от км 3+770 до км 8+900","Община Долни чифлик, област Варна",0.00000,866.40656,866.40656
5309,OP-24.001-0283,"Реконструкция на водопроводна мрежа и изграждане на канализационна мрежа по ул. ""Шипка"", ул. ""Рила"", ул. ""Смолян"" и ул. ""Витоша""","Община Долни чифлик, област Варна",0.00000,0.00000,0.00000
5309,OP-24.001-0284,"Реконструкция на площад ""Тича"", гр. Долни чифлик","Община Долни чифлик, област Варна",0.00000,0.00000,0.00000
5309,OP-25.001-0115,"Ремонт на сградата на здравната служба с. Пчелник, община Долни чифлик, област Варна","Община Долни чифлик, област Варна",0.00000,0.00000,0.00000
5310,OP-24.001-0285,"Реконструкция на компрометирани участъци от водопроводната мрежа в с. Аспарухово, общ. Дългопол – Етап 1","Община Дългопол, област Варна",0.00000,0.00000,0.00000
5310,OP-24.001-1740,"Изграждане на спортна зала в гр. Дългопол, общ. Дългопол","Община Дългопол, област Варна",17.50000,0.00000,17.50000
5310,OP-24.001-0288,"Ремонтни дейности, обновяване и оборудване на сградния фонд на община Дългопол с цел подобряване енергийната ефективност на сградите","Община Дългопол, област Варна",14.87069,0.00000,14.87069
5310,OP-25.001-0085,"Ремонт на улична мрежа на територията на с. Рояк, с. Медовец, с. Цонево, с. Лопушна, с. Поляците, с. Партизани и гр. Дългопол, община Дългопол, област Варна","Община Дългопол, област Варна",0.00000,0.00000,0.00000
5310,OP-25.001-0091,"Ремонт на улична мрежа на територията на с. Медовец, с. Цонево, с. Лопушна, с. Поляците и с. Партизани, община Дългопол, област Варна","Община Дългопол, област Варна",0.00000,0.00000,0.00000
5310,OP-24.001-0289,"Неотложни аварийно-възстановителни работи по покривна конструкция на НЧ ""Н. Й. Вапцаров – 1896 г."", гр. Дългопол","Община Дългопол, област Варна",495.06610,0.00000,495.06610
5310,OP-25.001-0765,"Изграждане на захранващ водопровод от помпена станция по ул. ""Георги Димитров"" до о.т. 199 на ул. ""Антон Иванов"" и от края на регулацията при ул. ""Христо Ботев"" до водоем в землището на гр. Дългопол, област Варна","Община Дългопол, област Варна",0.00000,0.00000,0.00000
5310,OP-24.001-0287,"Доизграждане на канализационна мрежа и подмяна на водопроводна мрежа в гр. Дългопол, община Дългопол – етапи 1, 2, 3, 4, 5","Община Дългопол, област Варна",167.04750,0.00000,167.04750
5311,OP-24.001-0290,"Рехабилитация на път VAR 1211 – /III-208, Ветрино – Провадия/ – Петров дол – граница общ. (Провадия – Ветрино) – Габърница – Неофит Рилски","Община Провадия, област Варна",0.00000,0.00000,0.00000
5311,OP-24.001-0291,Рехабилитация на път VAR 2217 – /III-731 Черноок – Градинарово/ – Славейково,"Община Провадия, област Варна",0.00000,0.00000,0.00000
5311,OP-25.001-0140,"Рехабилитация на общински път VAR 2219 – / III – 731, Блъсково – Храброво / – Овчага – Черковна – III – 2082","Община Провадия, област Варна",0.00000,0.00000,0.00000
5311,OP-24.001-2726,Реконструкция и модернизация на уличното осветление на територията на гр. Провадия,"Община Провадия, област Варна",0.00000,0.00000,0.00000
5311,OP-25.001-0141,"Рехабилитация на общински път VAR2216 /III-208, Провадия – п.к. Храброво/ Тутраканци – Бозвелийско/ III-904/ от км 0+000 до км 2+485","Община Провадия, област Варна",0.00000,0.00000,0.00000
5312,OP-24.001-0292,"Рехабилитация на общински път VAR 2240/III-2901/ Суворово – Дръндар – Николаевка / VAR – 2116/, участък – Суворово – Дръндар от км 0+000 до км 5+540","Община Суворово, област Варна",0.00000,0.00000,0.00000
5312,OP-24.001-0293,Рехабилитация и реконструкция на част от второстепенната улична мрежа в община Суворово по две обособени позиции,"Община Суворово, област Варна",1145.14897,0.00000,1145.14897
5312,OP-24.001-2727,"Въвеждане на мерки за енергийна ефективност и основен ремонт на сградата на Детска градина ""Буратино"", гр. Суворово – група с различен адрес ""Звездички"", с. Чернево, находяща се в УПИ III – ""детски дом"", кв. 18 по ПР на с. Чернево, община Суворово, област Варна, с идентификатор 80861.501.1130.1","Община Суворово, област Варна",0.00000,0.00000,0.00000
5312,OP-24.001-2728,Изготвяне на технически проект и упражняване на авторски надзор на обект: Изграждане на канализационна и реконструкция на съществуваща водопроводна мрежа в гр. Суворово в три етапа,"Община Суворово, област Варна",0.00000,0.00000,0.00000
5312,OP-24.001-1741,"Изготвяне на технически проект и упражняване на авторски надзор на обект: Реконструкция на водопроводна мрежа в с. Изгрев, общ. Суворово, обл. Варна","Община Суворово, област Варна",0.00000,0.00000,0.00000
5312,OP-24.001-0294,Изготвяне на технически проект и осъществяване на авторски надзор на обект: Рехабилитация на общинска пътна мрежа в община Суворово в две обособени позиции,"Община Суворово, област Варна",0.00000,0.00000,0.00000
5312,OP-24.001-0295,"Проектиране на сградата на Детска градина ""Буратино"", гр. Суворово – група с различен адрес ""Звездички"", с. Чернево","Община Суворово, област Варна",0.00000,0.00000,0.00000
5401,OP-24.001-0296,"Общински път VTR 1012 ""/път ІІІ-504/ – Водолей – Дичин – граница общ. (В. Търново – Павликени) – Лесичери /VTR 1204/""","Община Велико Търново, област Велико Търново",1853.60625,0.00000,1853.60625
5401,OP-24.001-1748,"Реконструкция на улица ""Мармарлийска"" (ОК 370-ОК 372-ОК 341-ОК 860в-ОК 378-ОК 598), гр. Велико Търново","Община Велико Търново, област Велико Търново",0.00000,810.31752,810.31752
5401,OP-24.001-0297,"Основен ремонт на път VTR2001/път III 3031, Стамболово – Русаля – Дичин/VTR1012, включително еднопосочно платно за посока Дичин – Русаля. Участък от км 0+000 до км 5+525,73/ км 0+000 до км 0+207,90","Община Велико Търново, област Велико Търново",0.00000,0.00000,0.00000
5401,OP-24.001-1744,"Основен ремонт на път VTR 1013 ""/път ІІІ-504, Ресен – Стефан Стамболово/ – с. Никюп – граница общ. (В. Търново – Г. Оряховица) – Крушето"", участък от км 0+045,46 до км 3+871,55","Община Велико Търново, област Велико Търново",0.00000,0.00000,0.00000
5401,OP-24.001-1749,"Проектиране и основен ремонт с въвеждане на мерки за енергийна ефективност на ДКС ""Васил Левски"", гр. Велико Търново – Етап I","Община Велико Търново, област Велико Търново",0.00000,0.00000,0.00000
5401,OP-24.001-0299,"Реконструкция на VTR 1021 ""/път ІІІ-551, о.п. Дебелец – Плаково/""","Община Велико Търново, област Велико Търново",693.24255,0.00000,693.24255
5401,OP-24.001-0298,"Основен ремонт на общински път VTR1036 (път I-5) – граница община (Горна Оряховица – Велико Търново – археологически комплекс ""Никополис ад Иструм"" – с. Никюп (VTR1013), участък от км 0+420 до км 2+009,93","Община Велико Търново, област Велико Търново",641.12724,0.00000,641.12724
5401,OP-24.001-2729,"Разширение на Гробищен парк, гр. Велико Търново, I етап, II етап, III етап – Етап 1","Община Велико Търново, област Велико Търново",0.00000,0.00000,0.00000
5401,OP-25.001-0271,"VTR 1014 – /път ІІІ-514, Г. Оряховица – В. Търново/ – Арбанаси – Шереметя – граница общ. (В. Търново – Лясковец) – Драгижево – /път ІІ-53/, км 3+400 до км 7+300","Община Велико Търново, област Велико Търново",0.00000,0.00000,0.00000
5401,OP-25.001-0272,"Изграждане на ДГ, кв. ""Картала"", гр. В. Търново","Община Велико Търново, област Велико Търново",0.00000,0.00000,0.00000
5401,OP-24.001-1747,"Проектиране и реконструкция на улица ""Полтава"" – етап II, гр. Велико Търново","Община Велико Търново, област Велико Търново",0.00000,0.00000,0.00000
5401,OP-25.001-0766,"Изготвяне на инвестиционен проект за обект ""Реконструкция на магистрален водопровод от ВС Зона ""Язовир Йовковци"", в участък от град Велико Търново през с. Ново село до с. Емен","Община Велико Търново, област Велико Търново",0.00000,0.00000,0.00000
5401,OP-25.001-0273,"Реконструкция на ВиК на ул. ""Полтава"" и локална лента и паркинги – III етап","Община Велико Търново, област Велико Търново",0.00000,0.00000,0.00000
5401,OP-24.001-1745,"Реконструкция на улица ""Полтава"", гр. Велико Търново – Етап 1","Община Велико Търново, област Велико Търново",0.00000,0.00000,0.00000
5401,OP-24.001-1752,"Реконструкция на ул. ""Ниш"", гр. Велико Търново","Община Велико Търново, област Велико Търново",0.00000,0.00000,0.00000
5401,OP-24.001-1751,"Реконструкция на ул. ""Йоновка"", гр. Велико Търново","Община Велико Търново, област Велико Търново",0.00000,0.00000,0.00000
5401,OP-25.001-0274,"Реконструкция на водопровод на ул. ""Йоновка"", гр. В. Търново – фаза 2","Община Велико Търново, област Велико Търново",0.00000,0.00000,0.00000
5401,OP-25.001-0275,"Реконструкция на водопровод на ул. ""Ниш"", гр. В. Търново – фаза 2","Община Велико Търново, област Велико Търново",0.00000,0.00000,0.00000
5401,OP-25.001-0314,"Изграждане на ВиК, гр. Килифарево","Община Велико Търново, област Велико Търново",0.00000,0.00000,0.00000
5401,OP-25.001-0285,"Изграждане на водопровод, с. Ресен","Община Велико Търново, област Велико Търново",0.00000,0.00000,0.00000
5401,OP-25.001-0313,"Изграждане на канализация, с. Леденик – Шемшево","Община Велико Търново, област Велико Търново",0.00000,0.00000,0.00000
5401,OP-25.001-0312,"Реконструкция на водопровод и канализация на улици в кв. ""Варуша"" и възстановяване на калдъръмена настилка","Община Велико Търново, област Велико Търново",0.00000,0.00000,0.00000
5401,OP-24.001-1753,"Проектиране на водопровод и изграждане на ВиК мрежа на с. Беляковец, община Велико Търново","Община Велико Търново, област Велико Търново",0.00000,0.00000,0.00000
5401,OP-25.001-0293,"VTR 2011 – /ІІІ-504, Самоводене – Ресен/ – Хотница – Момин сбор – /І-4/, км 0+000 до км 16+500","Община Велико Търново, област Велико Търново",0.00000,0.00000,0.00000
5401,OP-25.001-0281,"Изграждане на водопровод, с. Никюп","Община Велико Търново, област Велико Търново",0.00000,0.00000,0.00000
5401,OP-25.001-0296,"VTR 2212 – /път ІІІ-405/ Вишовград – граница общ. (Павликени – Велико Търново) – Емен – Балван / път І-4/, км 0+000 до км 11+000","Община Велико Търново, област Велико Търново",0.00000,0.00000,0.00000
5401,OP-25.001-0294,"GAB 3110 – /път ІІІ-303, Пушево – Дряново/ Керека – граница общ. (Дряново – Велико Търново) – Шемшево – В. Търново /VTR 1010/, км 1+800 до км 12+400","Община Велико Търново, област Велико Търново",0.00000,0.00000,0.00000
5401,OP-25.001-0302,"VTR 3019 – /път ІІ-55, Килифарево – Гурково/ – Войнежа – Кладни дял, км 0+000 до км 8+500","Община Велико Търново, област Велико Търново",0.00000,0.00000,0.00000
5401,OP-25.001-0291,"VTR 2002 – /път ІІІ-303 / Пушево – Шемшево / път GAB 3110/ и изграждане на велоалея, км 0+000 до км 7+000","Община Велико Търново, област Велико Търново",0.00000,0.00000,0.00000
5401,OP-25.001-0292,"VTR 2016 – /път ІІ-55, Килифарево – Гурково/ – Нацовци – Големани – Плаково /ІІІ-551/, км 0+000 до км 6+600","Община Велико Търново, област Велико Търново",0.00000,0.00000,0.00000
5401,OP-25.001-0295,"VTR 3015 – /път ІІІ-5302, Къпиново – Присово/ – Велчево /път VTR 1021/, км 0+000 до км 5+900","Община Велико Търново, област Велико Търново",0.00000,0.00000,0.00000
5401,OP-25.001-0317,"Изграждане на локална система за пречистване на битово-отпадни води, гр. Дебелец","Община Велико Търново, област Велико Търново",0.00000,0.00000,0.00000
5401,OP-24.001-1750,"Реконструкция на ул.""Никола Габровски"" (ОК 233 – ОК 72), в т.ч. и улица с ОК 1905 – ОК 8100 – ОК 8101, връзка с улица ""Магистрална"", гр. Велико Търново","Община Велико Търново, област Велико Търново",0.00000,0.00000,0.00000
5401,OP-25.001-0300,"VTR 3005 – /път І-4, о.п. Севлиево – В. Търново/ – Ветренци, км 0+000 до км 4+300","Община Велико Търново, област Велико Търново",0.00000,0.00000,0.00000
5401,OP-25.001-0303,"Основен ремонт за обект: общински път VTR 3023 "" /път ІІ-55, Килифарево – Вонеща вода/ – село Габровци – Шодековци"", от второкласния път за Хаинбоаз до село Габровци, км 0+000 до км 4+100","Община Велико Търново, област Велико Търново",0.00000,0.00000,0.00000
5401,OP-25.001-0283,"Основен ремонт на улица ""Патриарх Евтимий Търновски"" в ПИ 20242.35.390, ПИ 20242.500.9021, ПИ 20242.500.9076 и ПИ 20242.84.451 по КККР на гр. Дебелец, общ. В. Търново, вкл. подмяна на водопровод по същата","Община Велико Търново, област Велико Търново",0.00000,0.00000,0.00000
5401,OP-25.001-0305,"Изграждане на мост над р. Килифарска, Килифаревски манастир","Община Велико Търново, област Велико Търново",0.00000,0.00000,0.00000
5401,OP-25.001-0304,"VTR 1202 – /път ІІІ-405/ Павликени – Дъскот – Паскалевец – граница общ. (Павликени – Велико Търново) – /път VTR 1012/, км 0+000 – км 3+400","Община Велико Търново, област Велико Търново",0.00000,0.00000,0.00000
5401,OP-25.001-0297,"VTR 1010 – /път І-5 / о.п. Дебелец – жп гара Дебелец – Велико Търново, кв. Чолаковци – Велико Търново, ул. ""Сан Стефано"" GAB 3110/, км 0+000 до км 3+300","Община Велико Търново, област Велико Търново",0.00000,0.00000,0.00000
5401,OP-25.001-0301,"VTR 3017 – /път ІІ-55, Килифарево – Гурково / – Радковци, км 0+000 до км 3+300","Община Велико Търново, област Велико Търново",0.00000,0.00000,0.00000
5401,OP-25.001-0306,"Изграждане на паркинг и подпорни стени към тренировъчно игрище на стадион ""Ивайло""","Община Велико Търново, област Велико Търново",0.00000,0.00000,0.00000
5401,OP-25.001-0284,"Пристрояване на нов физкултурен салон с топла връзка към съществуващата основна сграда на ОУ ""Св. Патриарх Евтимий"", гр. Велико Търново","Община Велико Търново, област Велико Търново",0.00000,0.00000,0.00000
5401,OP-25.001-0307,"Изграждане на обществени паркинги в кв. 620 и кв. 336 в жк ""Бузлуджа"", гр. В. Търново","Община Велико Търново, област Велико Търново",0.00000,0.00000,0.00000
5401,OP-25.001-0280,"Въвеждане на мерки за енергийна ефективност на ДКС ""В. Левски"", гр. В. Търново – ФАЗА 2","Община Велико Търново, област Велико Търново",0.00000,0.00000,0.00000
5401,OP-25.001-0308,"Обособяване на паркинги и вътрешнообслужващи алеи в УПИ V, кв. 231 и УПИ І, кв. 232 в жк ""Колю Фичето"", гр. В. Търново","Община Велико Търново, област Велико Търново",0.00000,0.00000,0.00000
5401,OP-25.001-0278,"Изграждане на многоетажен паркинг в УПИ XIV, кв. 24 по плана на гр. В. Търново, ул. ""Ален мак""","Община Велико Търново, област Велико Търново",0.00000,0.00000,0.00000
5401,OP-25.001-0310,"Изграждане на обществен паркинг, с. Арбанаси","Община Велико Търново, област Велико Търново",0.00000,0.00000,0.00000
5401,OP-25.001-0299,"VTR 2184 – /ІІ-53, Лясковец – Мерданя/ Драгижево) – граница общ. (Лясковец – В. Търново) – Церова кория /път ІІІ – 5302/, км 0+000 до км 1+900","Община Велико Търново, област Велико Търново",0.00000,0.00000,0.00000
5401,OP-25.001-0311,"Изграждане на парк в кв. 661 и кв. 662, кв. ""Картала"", гр. В. Търново","Община Велико Търново, област Велико Търново",0.00000,0.00000,0.00000
5401,OP-25.001-0318,"Основен ремонт на ХГ ""И. Христов"", ул. ""Гурко"", гр. Велико Търново","Община Велико Търново, област Велико Търново",0.00000,0.00000,0.00000
5401,OP-25.001-0298,"VTR 2007 – /път І-4, В. Търново – Омуртаг/ – Малки чифлик, км 0+000 до км 0+900, вкл. ново кръстовище с I-5 и площадно пространство","Община Велико Търново, област Велико Търново",0.00000,0.00000,0.00000
5401,OP-25.001-0276,"Реконструкция на водопровод на ул. ""Н. Габровски"", ОК 233 – ОК 72, в т.ч. и улица с ОК 1905 – ОК 8100 – ОК 8101, връзка с улица ""Магистрална"", гр. Велико Търново – фаза 2","Община Велико Търново, област Велико Търново",0.00000,0.00000,0.00000
5401,OP-25.001-0315,Реконструкция на сграда на Комплексен онкологичен център – Велико Търново ЕООД за инсталиране на РЕТ скенер,"Община Велико Търново, област Велико Търново",0.00000,0.00000,0.00000
5401,OP-25.001-0316,Въздушно преминаване над р. Янтра на централен водопровод на гр. В. Търново,"Община Велико Търново, област Велико Търново",0.00000,0.00000,0.00000
5401,OP-25.001-0286,"Основен ремонт на ул. ""Мизия"", гр. В. Търново","Община Велико Търново, област Велико Търново",0.00000,0.00000,0.00000
5401,OP-25.001-0289,"Основен ремонт на ул. ""Средна гора"", гр. В. Търново","Община Велико Търново, област Велико Търново",0.00000,0.00000,0.00000
5401,OP-25.001-0309,Изграждане на обществен паркинг на територията на Старо военно училище,"Община Велико Търново, област Велико Търново",0.00000,0.00000,0.00000
5401,OP-25.001-0290,"Основен ремонт на ул. ""Стара планина"", гр. В. Търново","Община Велико Търново, област Велико Търново",0.00000,0.00000,0.00000
5401,OP-25.001-0282,"Реконструкция на напорен водопровод /АЦ ф 150/ от помпена станция /ПС/ до с. Малки чифлик, общ. Велико Търново","Община Велико Търново, област Велико Търново",0.00000,0.00000,0.00000
5401,OP-25.001-0287,"Основен ремонт на ул. ""Тракия"", гр. В. Търново","Община Велико Търново, област Велико Търново",0.00000,0.00000,0.00000
5401,OP-25.001-0279,"Проектиране и изграждане на ВиК на ул. ""Крайбрежна""","Община Велико Търново, област Велико Търново",0.00000,0.00000,0.00000
5401,OP-25.001-0277,"Изграждане на водопровод по ул. ""Дълга лъка"" от РП I-5 /Русе – Свиленград/ – ул. ""Сан Стефано"" – ул. ""Козлуджа"" от кръговото на ул. ""Н. Габровски"" до границата с ПИ 10447.16.150, част от РПМ","Община Велико Търново, област Велико Търново",0.00000,0.00000,0.00000
5401,OP-25.001-0319,"Обособяване на сградата, намираща се на територията на Сержантско училище, за административни нужди, в т.ч. мерки върху прилежащ терен","Община Велико Търново, област Велико Търново",0.00000,0.00000,0.00000
5401,OP-25.001-0288,"Основен ремонт на ул. ""Момина крепост"", гр. В. Търново","Община Велико Търново, област Велико Търново",0.00000,0.00000,0.00000
5402,OP-24.001-0304,"Основен ремонт на улична мрежа гр. Горна Оряховица с подобекти: ул. ""Васил Априлов"", ул. ""Мано Тодоров"", ул. ""Пирот"" и ул. ""Христо Смирненски""","Община Горна Оряховица, област Велико Търново",0.00000,0.00000,0.00000
5402,OP-24.001-2730,"Рехабилитация на водопроводна мрежа с. Драганово, част от проект: ""Изграждане на ПСОВ, напорна канализация и рехабилитация на водопроводна мрежа с. Драганово"". Етап I: Довеждащ водопровод, главни клонове от първи (главен клон I) до четвърти (главен клон IV) и разпределителни клонове от първи (1) до тридесети (30) без десети (10)","Община Горна Оряховица, област Велико Търново",0.00000,0.00000,0.00000
5402,OP-24.001-0307,"Основен ремонт на общински път VTR 1292 /III-514, Камен – п. к. Сушица/ – граница общ. (Стражица – Г. Оряховица) Паисий – Стрелец – граница общ. (Г. Оряховица – П. Тръмбеш) – Петко Каравелово – /I-5/, участък от км 4+200 до км 8+693,65","Община Горна Оряховица, област Велико Търново",2375.99990,0.00000,2375.99990
5402,OP-24.001-0308,"Основен ремонт на път VTR 2050 /III-4073, Горски горен Тръмбеш – Драганово/ – Горски долен Тръмбеш – Върбица, участък от км 3+350 до км 5+885,28","Община Горна Оряховица, област Велико Търново",0.00000,0.00000,0.00000
5402,OP-24.001-0309,"Основен ремонт на общински път VTR 1013 – /III-504, Ресен – Стамболово/ – Никюп – Граница общ. (В. Търново – Г. Оряховица) – Крушето, участък от км 9+230 до км 11+324,74","Община Горна Оряховица, област Велико Търново",1170.90712,0.00000,1170.90712
5402,OP-24.001-0310,"Основен ремонт на общински път VTR 1013 – /I-5, П. Тръмбеш – В. Търново/ – Крушето, участък от км 7+370 до км 9+217,47","Община Горна Оряховица, област Велико Търново",1015.70000,0.00000,1015.70000
5402,OP-24.001-0311,"Основен ремонт на общински път VTR 2053 от път /III-514, Сушица – Драганово/ – Стрелец – /VTR 1292/, участък от км 6+105 до км 7+875,20","Община Горна Оряховица, област Велико Търново",0.00000,0.00000,0.00000
5402,OP-24.001-0303,"Основен ремонт на улица – водопровод, канализация, отводняване, улично осветление и пътна част на ул. ""Антон Страшимиров""","Община Горна Оряховица, област Велико Търново",0.00000,0.00000,0.00000
5402,OP-24.001-0302,"Изграждане водопровод, канализация, отводняване и улично осветление по улици в гр. Горна Оряховица – ул. ""П. Цвикев"", ул. ""Младост"" и ул. ""П. Р. Славейков""","Община Горна Оряховица, област Велико Търново",0.00000,0.00000,0.00000
5402,OP-24.001-0306,"Основен ремонт на ул. ""Съединение"" – водопровод, канализация, отводняване, улично осветление и пътна част","Община Горна Оряховица, област Велико Търново",0.00000,0.00000,0.00000
5402,OP-24.001-1754,"Изграждане водопровод, канализация, отводняване, улично осветление и основен ремонт на пътна част по ул. ""Цар Освободител"", гр. Горна Оряховица","Община Горна Оряховица, област Велико Търново",0.00000,0.00000,0.00000
5402,OP-24.001-0300,"Основен ремонт на улична мрежа гр. Горна Оряховица с подобекти: ул. ""Младост"" и ул. ""П. Р. Славейков"", ул. ""П. Цвикев""","Община Горна Оряховица, област Велико Търново",0.00000,0.00000,0.00000
5403,OP-24.001-0312,Реконструкция на водопроводна мрежа с. Мийковци,"Община Елена, област Велико Търново",0.00000,0.00000,0.00000
5403,OP-25.001-0320,"Изграждане на довеждащ водопровод и реконструкция на вътрешна водопроводна мрежа в с. Средни колиби и с. Раювци, община Елена – Етап 2 Реконструкция вътрешна водопроводна мрежа на с. Средни колиби, община Елена","Община Елена, област Велико Търново",0.00000,0.00000,0.00000
5403,OP-24.001-0314,"Ул. ""Иван Момчилов"" с подземна инфраструктура","Община Елена, област Велико Търново",943.83604,0.00000,943.83604
5403,OP-25.001-0321,"Изграждане и допълнително водоснабдяване и подмяна на вътрешна водопроводна мрежа за ул. ""Усои"", ул. ""Пърчевци"" и ул. ""Долни Новачкини"", град Елена – Етап 1 Реконструкция вътрешна водопроводна мрежа на ул. ""Усои""","Община Елена, област Велико Търново",0.00000,0.00000,0.00000
5403,OP-25.001-0322,"Изграждане на довеждащ водопровод и реконструкция на вътрешна водопроводна мрежа в с. Средни колиби и с. Раювци, община Елена – Етап 1 Реконструкция вътрешна водопроводна мрежа на с. Раювци, община Елена","Община Елена, област Велико Търново",0.00000,0.00000,0.00000
5403,OP-25.001-0323,Деривация Йовковци – ППР,"Община Елена, област Велико Търново",0.00000,0.00000,0.00000
5403,OP-24.001-2731,Допълнително водоснабдяване с. Майско,"Община Елена, област Велико Търново",0.00000,0.00000,0.00000
5403,OP-24.001-2732,"Довеждащ водопровод за с. Буйновци от ПС ""Беброво""","Община Елена, област Велико Търново",0.00000,0.00000,0.00000
5403,OP-25.001-0324,Реконструкция на довеждащ водопровод за с. Костел – ППР,"Община Елена, област Велико Търново",0.00000,0.00000,0.00000
5403,OP-25.001-0325,"Реконструкция на водопроводна мрежа от резервоар гр. Елена до помпена станция ""Беброво"" – ППР","Община Елена, област Велико Търново",0.00000,0.00000,0.00000
5403,OP-24.001-1755,"Реконструкция на водопроводна мрежа на улица ""Разпоповци"" – гр. Елена","Община Елена, област Велико Търново",188.49234,0.00000,188.49234
5403,OP-25.001-0331,"Изграждане и допълнително водоснабдяване и подмяна на вътрешна водопроводна мрежа за ул. ""Усои"", ул. ""Пърчевци"" и ул. ""Долни Новачкини"", град Елена – ЕТАП 3: ""ИЗГРАЖДАНЕ НА НАПОРЕН ВОДОЕМ V=300 m3"", ""ИЗГРАЖДАНЕ НА ХРАНИТЕЛEН ВОДОПРОВОД ГТ2"" и ""ДООБОРУДВАНЕ НА ПС ""МАЛИНА"", ИЗГРАЖДАНЕ НА ТЛАСКАТЕЛ И ХРАНИТЕЛНИ ВОДОПРОВОДИ ГТ1, ГТ3 и ГТ4""","Община Елена, област Велико Търново",0.00000,0.00000,0.00000
5403,OP-25.001-0327,"Изграждане на довеждащ водопровод и реконструкция на вътрешна водопроводна мрежа в с. Средни колиби и с. Раювци, община Елена – ЕТАП 4: ""ИЗГРАЖДАНЕ НА НОВА ПС В ИМОТА НА СЪЩ. НР НАД С. РЕБРЕВЦИ И ТЛАСКАТЕЛ ОТ НЕЯ ДО НР НАД С. СРЕДНИ КОЛИБИ""","Община Елена, област Велико Търново",0.00000,0.00000,0.00000
5403,OP-25.001-0330,"Изграждане и допълнително водоснабдяване и подмяна на вътрешна водопроводна мрежа за ул. ""Усои"", ул. ""Пърчевци"" и ул. ""Долни Новачкини"", град Елена – ЕТАП 2: ""РЕКОНСТРУКЦИЯ НА ВЪТРЕШНАТА ВОДОПРОВОДНА МРЕЖА НА С. ПЪРЧЕВЦИ"" и ""РЕКОНСТРУКЦИЯ НА ВЪТРЕШНАТА ВОДОПРОВОДНА МРЕЖА НА С. ДОЛНИ НОВАЧКИНИ""","Община Елена, област Велико Търново",0.00000,0.00000,0.00000
5403,OP-25.001-0326,"Изграждане на довеждащ водопровод и реконструкция на вътрешна водопроводна мрежа в с. Средни колиби и с. Раювци, община Елена – ЕТАП 3: РЕКОНСТРУКЦИЯ НА ДОВЕЖДАЩ ВОДОПРОВОД ОТ С. СРЕДНИ КОЛИБИ ДО С. РАЮВЦИ","Община Елена, област Велико Търново",0.00000,0.00000,0.00000
5403,OP-25.001-0328,"Изграждане на довеждащ водопровод и реконструкция на вътрешна водопроводна мрежа в с. Средни колиби и с. Раювци, община Елена – ЕТАП 5: ""ИЗГРАЖДАНЕ НА НОВ НР ЗА С. РЕБРЕВЦИ, С. ГЪРДЕВЦИ, С. ШИЛКОВЦИ И С. БАЕВЦИ, КАКТО И ОБЕМ ЗА ВОДОЧЕРПЕНЕ НА НОВА ПС ЗА С. СРЕДНИ КОЛИБИ И С. РАЮВЦИ""","Община Елена, област Велико Търново",0.00000,0.00000,0.00000
5403,OP-25.001-0332,"Изграждане и допълнително водоснабдяване и подмяна на вътрешна водопроводна мрежа за ул. ""Усои"", ул. ""Пърчевци"" и ул. ""Долни Новачкини"", град Елена – ЕТАП 4: ""РЕКОНСТРУКЦИЯ НА ВОДОПРОВОДНА ВРЪЗКА ОТ УЛ. ""П. Ю. ТОДОРОВ"" ДО СЪЩЕСТВУВАЩА ПС ""МАЛИНА"", гр. ЕЛЕНА""","Община Елена, област Велико Търново",0.00000,0.00000,0.00000
5403,OP-25.001-0329,"Изграждане на довеждащ водопровод и реконструкция на вътрешна водопроводна мрежа в с. Средни колиби и с. Раювци, община Елена – ЕТАП 6: ""ИЗГРАЖДАНЕ НА КАБЕЛНО ТРАСЕ, ЗАХРАНВАЩО НОВОПРОЕКТИРАНА ПС В ИМОТА НА СЪЩ. НР НАД С. РЕБРЕВЦИ""","Община Елена, област Велико Търново",0.00000,0.00000,0.00000
5404,OP-24.001-0315,Изграждане на канализационна мрежа в гр. Златарица,"Община Златарица, област Велико Търново",1913.40847,0.00000,1913.40847
5404,OP-24.001-1756,"Канализация гр. Златарица, Колектор I по ул. ""Георги Димитров"" и ул. ""Александър Стамболийски"" по десния бряг на река Златаришка","Община Златарица, област Велико Търново",820.30430,0.00000,820.30430
5404,OP-24.001-2687,"Реконструкция, възстановяване и рехабилитация на улици в гр. Златарица и селата Родина, Горско ново село, Сливовица, Чешма, Долно Шивачево, Калайджии, Резач, Средно село, Равново, Дедина, Дединци и Разсоха","Община Златарица, област Велико Търново",0.00000,0.00000,0.00000
5404,OP-24.001-2688,"Рехабилитация на път VTR 1161/III-4004, Горско ново село – Златарица/ – Росно – Калайджии – Средно село – Дълги припек, участък Горна Хаджийска – Средно село","Община Златарица, област Велико Търново",0.00000,0.00000,0.00000
5405,OP-24.001-0316,"Реконструкция и подмяна на участъци от водопроводна мрежа на с. Джулюница, общ. Лясковец","Община Лясковец, област Велико Търново",3570.46890,0.00000,3570.46890
5405,OP-24.001-0317,"Реконструкция и рехабилитация на участък от общински път VTR 1182 в обхвата на поземлени имоти 44793.108.149, 44793.47.148, 44793.48.147 по КККР на гр. Лясковец","Община Лясковец, област Велико Търново",0.00000,0.00000,0.00000
5405,OP-24.001-2733,"Реконструкция и рехабилитация на улици, тротоари и съоръжения към тях в квартали на град Лясковец – Подобект № 13: улица ""Тодор Хрулев"" – участък с осови точки 11-127-125-131-169-167-166-165 с дължина 749,50 м","Община Лясковец, област Велико Търново",0.00000,0.00000,0.00000
5405,OP-24.001-0318,"Укрепително-ремонтни работи на НЧ ""Развитие – 1894"", с. Драгижево","Община Лясковец, област Велико Търново",0.00000,0.00000,0.00000
5405,OP-24.001-0319,"Подмяна на отоплителната инсталация в сградата на СУ ""М. Райкович"", гр. Лясковец","Община Лясковец, област Велико Търново",0.00000,0.00000,0.00000
5405,OP-24.001-0320,"Изграждане на открита спортна площадка в с. Драгижево, общ. Лясковец","Община Лясковец, област Велико Търново",0.00000,0.00000,0.00000
5405,OP-24.001-0321,"Аварийно-възстановителни, строителни и монтажни работи на водосток над дере в с. Добри дял на ул. ""Победа"" между ОТ 407-409-410","Община Лясковец, област Велико Търново",0.00000,0.00000,0.00000
5405,OP-24.001-2734,"Реконструкция и рехабилитация на улици, тротоари и съоръжения към тях в квартали на град Лясковец – Подобект № 20: улица с осови точки 192-193-194 – ПИ 391 с дължина 159,96 м","Община Лясковец, област Велико Търново",0.00000,0.00000,0.00000
5405,OP-24.001-0322,"Ремонт на спортни площадки в СУ ""Максим Райкович"", гр. Лясковец – трети етап – огради и трибуни","Община Лясковец, област Велико Търново",0.00000,0.00000,0.00000
5406,OP-24.001-0323,Път ІV 34325 VTR 1202 /ІІІ 405 Павликени – Дъскот – Паскалевец – граница община Павликени – Велико Търново VTR 1012 / от км 13+738 до 19+510 – Етап 2 – реконструкция и рехабилитация,"Община Павликени, област Велико Търново",0.00000,471.26624,471.26624
5406,OP-24.001-1758,"Реконструкция и модернизация на водоснабдителната система с. Недан – І етап (тласкател и гл. кл. 1, гл. кл. 2, кл. 1, кл. 2 и кл. 2а)","Община Павликени, област Велико Търново",2458.41676,0.00000,2458.41676
5406,OP-25.001-0333,"Път ІV 34325 VTR 1202 /ІІІ 405 Павликени – Дъскот – Паскалевец – граница община Павликени – Велико Търново VTR 1012 / от км 13+738 до км 19+510 – ЕТАП 2 – реконструкция и рехабилитация – Подетап 2.2 от км 15+720 до км 19+510,69","Община Павликени, област Велико Търново",0.00000,0.00000,0.00000
5406,OP-24.001-1757,"Реконструкция на вътрешната водопроводна мрежа на гр. Павликени – ІІ етап, подетапи ІІ.7.1, ІІ.7.2, ІІ.7.3 и ІІ.7.4","Община Павликени, област Велико Търново",1346.74746,0.00000,1346.74746
5406,OP-24.001-0326,"Основен ремонт, рехабилитация и благоустрояване на ул. ""Ловец"" от ОК 114 до ОК 249, гр. Павликени – Втори етап: ул. ""Ловец"" от ОК 114 до ОК 249, гр. Павликени","Община Павликени, област Велико Търново",1186.48052,0.00000,1186.48052
5406,OP-24.001-0327,"Ремонт и реконструкция на лекоатлетическа писта на стадион ""Ганчо Панов"" в гр. Павликени, община Павликени","Община Павликени, област Велико Търново",0.00000,249.54355,249.54355
5406,OP-24.001-2374,"Реконструкция и рехабилитация на улично платно и тротоари по ул. ""Трети март"" от ОК 349 до 329 и тротоари на ул. ""Св. св. Кирил и Методий"" от ОК 623 до ОК 317, гр. Павликени, подобект: ул. ""Трети март"" от ОК 349 до ОК 329","Община Павликени, област Велико Търново",0.00000,0.00000,0.00000
5406,OP-25.001-0334,"Реконструкция на част от вътрешна водопроводна мрежа на гр. Бяла черква, общ. Павликени, І етап","Община Павликени, област Велико Търново",0.00000,0.00000,0.00000
5406,OP-25.001-0335,"Реконструкция и рехабилитация на бул. ""Дондуков"" в гр. Павликени","Община Павликени, област Велико Търново",0.00000,0.00000,0.00000
5406,OP-25.001-0336,"Реконструкция на част от вътрешна водопроводна мрежа на гр. Бяла черква, общ. Павликени – ІІ етап","Община Павликени, област Велико Търново",0.00000,0.00000,0.00000
5406,OP-24.001-1761,"Изготвяне на технически проект за ""Реконструкция на вътрешна водопроводна мрежа в с. Долна Липница"" и последващо осъществяване на авторски надзор (само за проектирането)","Община Павликени, област Велико Търново",0.00000,0.00000,0.00000
5406,OP-24.001-1763,"Изготвяне на технически проект за ""Реконструкция на вътрешна водопроводна мрежа в с. Лесичери"" и последващо осъществяване на авторски надзор (само за проектирането)","Община Павликени, област Велико Търново",0.00000,0.00000,0.00000
5406,OP-24.001-1759,"Изготвяне на технически проект за ""Реконструкция на вътрешна водопроводна мрежа в с. Бутово"" и последващо осъществяване на авторски надзор (само за проектирането)","Община Павликени, област Велико Търново",0.00000,0.00000,0.00000
5406,OP-24.001-1764,"Изготвяне на технически проект за ""Реконструкция на вътрешна водопроводна мрежа в с. Патреш"" и последващо осъществяване на авторски надзор (само за проектирането)","Община Павликени, област Велико Търново",0.00000,0.00000,0.00000
5406,OP-24.001-1760,"Изготвяне на технически проект за ""Реконструкция на вътрешна водопроводна мрежа в с. Горна Липница"" и последващо осъществяване на авторски надзор (само за проектирането)","Община Павликени, област Велико Търново",0.00000,0.00000,0.00000
5406,OP-24.001-1762,"Изготвяне на технически проект за ""Реконструкция на вътрешна водопроводна мрежа в с. Дъскот"" и последващо осъществяване на авторски надзор (само за проектирането)","Община Павликени, област Велико Търново",0.00000,0.00000,0.00000
5407,OP-24.001-0328,"Рехабилитация на ул. ""Янтра"" в гр. Полски Тръмбеш","Община Полски Тръмбеш, област Велико Търново",0.00000,0.00000,0.00000
5407,OP-24.001-0329,"Реконструкция на водопровод и изграждане на дъждовна канализация по улица ""Кирил и Методий"" и улица ""Добруджа"" в град Полски Тръмбеш","Община Полски Тръмбеш, област Велико Търново",0.00000,249.88208,249.88208
5407,OP-24.001-0331,Възстановяване проводимостта на отводнителен канал с. Климентово,"Община Полски Тръмбеш, област Велико Търново",978.38345,0.00000,978.38345
5407,OP-24.001-0332,"Рехабилитация на ул. ""Яворова"" в гр. Полски Тръмбеш – ОТ 165 до ОТ 180","Община Полски Тръмбеш, област Велико Търново",862.62574,0.00000,862.62574
5407,OP-24.001-0330,"Рехабилитация на улична настилка и водопровод на ул. ""Д-р Петър Берон"" в гр. Полски Тръмбеш – СМР, авторски и строителен надзор","Община Полски Тръмбеш, област Велико Търново",758.63860,0.00000,758.63860
5407,OP-24.001-0333,"Рехабилитация на ул. ""20-и април"" в гр. Полски Тръмбеш","Община Полски Тръмбеш, област Велико Търново",340.91614,0.00000,340.91614
5407,OP-24.001-0334,"Рехабилитация на ул. ""Изворова"" в гр. Полски Тръмбеш","Община Полски Тръмбеш, област Велико Търново",0.00000,0.00000,0.00000
5407,OP-24.001-0335,"Рехабилитация на ул. ""Стрема"" в гр. Полски Тръмбеш","Община Полски Тръмбеш, област Велико Търново",396.42595,0.00000,396.42595
5407,OP-24.001-0336,"Реконструкция на водопровод и изграждане на дъждовна канализация по улица ""Ропотамо"" в гр. Полски Тръмбеш","Община Полски Тръмбеш, област Велико Търново",308.69323,0.00000,308.69323
5407,OP-25.001-0337,"Реконструкция на водопровод по улица ""о.т.34-о.т.35-о.т.36-о.т.37-о.т.40-о.т.41"" и улица ""о.т.36-о.т.92"" в с. Иванча, община Полски Тръмбеш","Община Полски Тръмбеш, област Велико Търново",0.00000,0.00000,0.00000
5407,OP-24.001-2735,"Реконструкция, преустройство и модернизация на съществуваща сграда в УПИ Х-2474 в стр. кв. 76 по плана на гр. Полски Тръмбеш – Етап II: Вътрешно преустройство и модернизация на залата за петанк и внедряване на мерки за достъпна среда","Община Полски Тръмбеш, област Велико Търново",0.00000,0.00000,0.00000
5407,OP-25.001-0338,"Реконструкция на водопровод по ул. ""Първа"" в с. Петко Каравелово, община Полски Тръмбеш","Община Полски Тръмбеш, област Велико Търново",0.00000,0.00000,0.00000
5407,OP-24.001-0337,"Работен проект за реконструкция на водопровод, изграждане на дъждовна канализация и основен ремонт на улични и тротоарни настилки по ул. ""Дунав"", ул. ""Пирин"", ул. ""Огоста"" и ул. ""Люлин"" в град Полски Тръмбеш","Община Полски Тръмбеш, област Велико Търново",22.00000,0.00000,22.00000
5407,OP-24.001-0338,"Проектиране – внедряване на мерки за енергийна ефективност в сграда – общинска собственост, разположена в ПИ 57354.300.1038 по КК и КР на гр. Полски Тръмбеш /болница и поликлиника в гр. П. Тръмбеш/","Община Полски Тръмбеш, област Велико Търново",19.60000,0.00000,19.60000
5407,OP-24.001-0339,"Проектиране – внедряване на мерки за енергийна ефективност в сграда – общинска собственост, разположена в ПИ 57354.300.1141 по КК и КР на гр. Полски Тръмбеш /общински хотел/","Община Полски Тръмбеш, област Велико Търново",10.40000,0.00000,10.40000
5407,OP-25.001-0339,"РЕКОНСТРУКЦИЯ НА ВОДОПРОВОД И ИЗГРАЖДАНЕ НА ДЪЖДОВНА КАНАЛИЗАЦИЯ И ОСНОВЕН РЕМОНТ НА УЛИЧНИ И ТРОТОАРНИ НАСТИЛКИ ПО УЛ. ""ДУНАВ"", УЛ. ""ПИРИН"", УЛ. ""ОГОСТА"" И УЛ. ""ЛЮЛИН"" В ГР. ПОЛСКИ ТРЪМБЕШ","Община Полски Тръмбеш, област Велико Търново",0.00000,0.00000,0.00000
5408,OP-24.001-0341,"Основен ремонт на улици на територията на община Свищов – с. Българско Сливово, с. Вардим, с. Драгомирово, с. Козловец, с. Морава, с. Овча могила, с. Ореш, с. Хаджидимитрово и с. Царевец","Община Свищов, област Велико Търново",0.00000,0.00000,0.00000
5408,OP-24.001-2376,"""Зеленият Дунав"" – основен ремонт, паркоустройство и благоустройство на квартал ""Дунав"", гр. Свищов","Община Свищов, област Велико Търново",0.00000,0.00000,0.00000
5408,OP-24.001-0340,"КРР, експониране и социализиране на НКЦ – Средновековна крепост ""Калето"" (до пристанището) с кат. ""национално значение"". Благоустрояване на градска жизнена среда в местата за обществено ползване – парк ""Калето"", гр. Свищов","Община Свищов, област Велико Търново",0.00000,0.00000,0.00000
5408,OP-24.001-1766,"Консервационно-реставрационни работи (КРР), експониране и социализиране на недвижима културна ценност (НКЦ) – Средновековна крепост ""Калето"" (до пристанището) с категория ""национално значение"". Благоустрояване на градска жизнена среда в местата за обществено ползване – парк ""Калето"", гр. Свищов – I етап – подобект 1 – КРР, експониране и социализиране на НКЦ – Средновековна крепост ""Калето"" с категория ""национално значение""","Община Свищов, област Велико Търново",0.00000,0.00000,0.00000
5408,OP-25.001-0340,"Ремонт, обновяване, оборудване и прилагане на мерки за енергийна ефективност в сградата на НЧ ""Възраждане"", с. Българско Сливово, общ. Свищов","Община Свищов, област Велико Търново",0.00000,0.00000,0.00000
5408,OP-24.001-1765,"Основен ремонт на компрометирани настилки и водна площ на площад ""Алеко"", гр. Свищов, община Свищов","Община Свищов, област Велико Търново",0.00000,0.00000,0.00000
5408,OP-24.001-0342,"Реконструкция и рехабилитация на улици, пътни съоръжения и принадлежности към тях на територията на община Свищов","Община Свищов, област Велико Търново",0.00000,0.00000,0.00000
5408,OP-25.001-0341,Основен ремонт на улици на територията на гр. Свищов,"Община Свищов, област Велико Търново",0.00000,0.00000,0.00000
5408,OP-25.001-0342,"Основен ремонт на улици в с. Г. Студена, с. Алеково, с. Совата, с. Александрово, с. Червена, с. Деляновци, общ. Свищов","Община Свищов, област Велико Търново",0.00000,0.00000,0.00000
5408,OP-24.001-2736,"Основен ремонт, паркоустройство и благоустройство на квартали 28, 30, 57, 59, 60 по ПУП на гр. Свищов с поетапност в строителство: I ЕТАП – Основен ремонт, паркоустройство и благоустройство на квартали 59 и 60 по ПУП на гр. Свищов","Община Свищов, област Велико Търново",0.00000,0.00000,0.00000
5408,OP-25.001-0018,"Основен ремонт, паркоустройство и благоустройство на квартали 28, 30, 57, 59, 60 по ПУП на гр. Свищов с поетапност в строителство: II ЕТАП – Основен ремонт, паркоустройство и благоустройство на квартали 28, 30 и 57 по ПУП на гр. Свищов","Община Свищов, област Велико Търново",0.00000,0.00000,0.00000
5408,OP-25.001-0343,"Възстановяване на воденица при р. Текир дере, имот 65766.508.21 по КККР гр. Свищов, местност Паметниците, община Свищов, област Велико Търново","Община Свищов, област Велико Търново",0.00000,0.00000,0.00000
5408,OP-24.001-1768,"Аварийно-възстановителни работи за реконструкция на улична канализационна мрежа на територията на гр. Свищов: Подобект 1: Реконструкция на улична канализационна мрежа по ул. ""Стефан Караджа"" и ул. ""Иларион Макариополски"", град Свищов. Подобект 2: Реконструкция на улична канализационна мрежа по ул. ""Емануил Чакъров"", гр. Свищов. Подобект 3: Реконструкция на улична канализационна мрежа по ул. ""Д-р Димитър Павлович"", гр. Свищов. Подобект 4: Реконструкция на улична канализационна мрежа по ул. ""Иларион Макариополски"", гр. Свищов.","Община Свищов, област Велико Търново",0.00000,0.00000,0.00000
5408,OP-24.001-1767,"Рехабилитация на ул. ""Иларион Макриополски"", гр. Свищов, от ОК 177 до ОК 193","Община Свищов, област Велико Търново",0.00000,0.00000,0.00000
5408,OP-24.001-0343,"Основен ремонт на път VTR 1261 /III-407, Павел – Совата/ – Хаджидимитрово – /III-407/ от км 0+000 до км 1+915 – II етап","Община Свищов, област Велико Търново",0.00000,0.00000,0.00000
5408,OP-25.001-0344,"Изработване на технически инвестиционен проект за реконструкция на водопроводи в с. Г. Студена, с. Алеково, с. Овча могила, с. Козловец, с. Совата, с. Хаджидимитрово, общ. Свищов","Община Свищов, област Велико Търново",0.00000,0.00000,0.00000
5408,OP-24.001-0345,"Основен ремонт на път VTR 1261 /III-407, Павел – Совата/ – Хаджидимитрово – /III-407/ от км 0+000 до км 1+915 – I етап","Община Свищов, област Велико Търново",83.30094,0.00000,83.30094
5408,OP-24.001-0344,"Реконструкция на довеждащ водопровод от ""Гиглик 1"" до черпателен резервоар с. Хаджидимитрово, община Свищов","Община Свищов, област Велико Търново",0.00000,0.00000,0.00000
5408,OP-24.001-1770,"Ремонт на покрив на МБАЛ ""Д-р Димитър Павлович"" – сграда с идентификатор № 65766.702.334.3 по КК и КР на гр. Свищов","Община Свищов, област Велико Търново",39.59234,0.00000,39.59234
5408,OP-24.001-0346,"Укрепване на улица ""Главна"", с. Ореш, община Свищов","Община Свищов, област Велико Търново",30.04982,0.00000,30.04982
5408,OP-24.001-0347,"Аварийно-възстановителни работи за реконструкция на хранителен водопровод с. Александрово, община Свищов","Община Свищов, област Велико Търново",12.73489,0.00000,12.73489
5408,OP-24.001-0349,"Аварийно-възстановителни работи за реконструкция на напорен водопровод с. Алеково, община Свищов","Община Свищов, област Велико Търново",0.00000,0.00000,0.00000
5408,OP-25.001-0350,Реконструкция на път PVN1112 (ос III-303 Градище – Овча могила – Драгомирово – ос III-302) в участъка от км 12+316 до км 22+744,"Община Свищов, област Велико Търново",0.00000,0.00000,0.00000
5408,OP-25.001-0346,"Основен ремонт, реконструкция на трибуни, благоустрояване на стадион ""Академик"" – Втори етап","Община Свищов, област Велико Търново",0.00000,0.00000,0.00000
5408,OP-25.001-0347,"Основен ремонт, паркоустройство и благоустройство на м. Паметниците","Община Свищов, област Велико Търново",0.00000,0.00000,0.00000
5408,OP-25.001-0349,"Въвеждане на мерки за ЕЕ на общественообслужваща сграда – НЧ ""Светлина – 1911"", находяща се в УПИ IX, кв. 1 по плана на с. Морава, общ. Свищов","Община Свищов, област Велико Търново",0.00000,0.00000,0.00000
5408,OP-25.001-0351,"Повишаване на енергийната ефективност на социалната инфраструктура за предоставяне на социални услуги за Център за настаняване от семеен тип за пълнолетни лица с деменция 1 и 2, село Овча могила, община Свищов","Община Свищов, област Велико Търново",0.00000,0.00000,0.00000
5408,OP-25.001-0345,"Основен ремонт и благоустройство на УПИ IX-4482, кв. 66 на гр. Свищов за възстановяване, рекреация и отдих в района на МБАЛ ""Д-р Д. Павлович""","Община Свищов, област Велико Търново",0.00000,0.00000,0.00000
5408,OP-25.001-0348,"Ремонт, реконструкция и подобряване на енергийната ефективност на Народно читалище ""Просвета – 1912 г."", с. Драгомирово","Община Свищов, област Велико Търново",0.00000,0.00000,0.00000
5409,OP-24.001-0350,"Изграждане на част от канализационна мрежа на село Кесарево, община Стражица, втори етап – подетап 1 и подетап 2","Община Стражица, област Велико Търново",5554.49688,0.00000,5554.49688
5409,OP-24.001-0351,"Рехабилитация и реконструкция на ул. ""Уилям Гладстон"", гр. Стражица, общ. Стражица","Община Стражица, област Велико Търново",0.00000,0.00000,0.00000
5409,OP-24.001-0352,"Рехабилитация и реконструкция на ул. ""Александър Стамболийски"" и ул. ""Първи май"", с. Сушица","Община Стражица, област Велико Търново",0.00000,0.00000,0.00000
5409,OP-24.001-2737,"Реконструкция на настилки и техническа инфраструктура по ул. ""Иван Вазов"", гр. Стражица","Община Стражица, област Велико Търново",0.00000,0.00000,0.00000
5409,OP-24.001-2738,"Реконструкция на настилки и техническа инфраструктура по ул. ""Бузлуджа"", гр. Стражица","Община Стражица, област Велико Търново",0.00000,0.00000,0.00000
5409,OP-24.001-1777,Реконструкция на част от водопроводната мрежа на с. Сушица – етап втори,"Община Стражица, област Велико Търново",728.63743,0.00000,728.63743
5409,OP-24.001-2739,"Реконструкция на настилки и техническа инфраструктура по ул. ""Любен Каравелов"" в участъка от ул. ""Ангел Каралийчев"" до ул. ""Иван Вазов"", гр. Стражица","Община Стражица, област Велико Търново",0.00000,0.00000,0.00000
5409,OP-25.001-0352,"Реконструкция на настилни и техническа инфраструктура по ул. ""Ангел Каралийчев"", гр. Стражица","Община Стражица, област Велико Търново",0.00000,0.00000,0.00000
5409,OP-24.001-2740,"Реконструкция на улично осветление по ул. ""Уилям Гладстон"", гр. Стражица","Община Стражица, област Велико Търново",0.00000,0.00000,0.00000
5409,OP-24.001-1778,"Реконструкция на водопроводи в с. Сушица; Реконструкция на водопровод по ул. ""Първи май"" в участъка от ул. ""Хр. Смирненски"" до ул. ""Ал. Стамболийски"", с. Сушица – етап 1; Реконструкция на водопровод по ул. ""Ал. Стамболийски"" в участъка от ул. ""Първи май"" до ул. ""Христо Ботев"", с. Сушица – етап 2","Община Стражица, област Велико Търново",224.72544,0.00000,224.72544
5409,OP-24.001-2742,Реконструкция на част от водопроводната мрежа на село Теменуга,"Община Стражица, област Велико Търново",0.00000,0.00000,0.00000
5409,OP-24.001-1784,"Изготвяне на работен проект за обект ""Изграждане на покрит общински пазар и благоустрояване на прилежащото пространство в УПИ I, кв. 163, гр. Стражица""","Община Стражица, област Велико Търново",0.00000,0.00000,0.00000
5409,OP-24.001-1783,"Изготвяне на работен проект за обект ""Благоустрояване на дворно пространство на ДГ ""Ангел Каралийчев"" в УПИ I, кв. 89, гр. Стражица""","Община Стражица, област Велико Търново",0.00000,0.00000,0.00000
5409,OP-24.001-1781,"Изготвяне на работен проект за ""Реконструкция на улични настилки в селищата на община Стражица и ул. ""Сава Цонев"", гр. Стражица""","Община Стражица, област Велико Търново",0.00000,0.00000,0.00000
5409,OP-24.001-2741,"Изготвяне на инвестиционен проект за обект ""Реконструкция на път VTR 1285 / ІІІ – 4005, жп гара Кесарево – Стражица / – Благоево – Балканци – Кесарево / ІІІ – 4082 /""","Община Стражица, област Велико Търново",0.00000,0.00000,0.00000
5409,OP-24.001-1782,"Изготвяне на работен проект за обект ""Реконструкция на съоръжения и изграждане на инсталации в градски стадион в УПИ I, кв. 164А, гр. Стражица""","Община Стражица, област Велико Търново",0.00000,0.00000,0.00000
5409,OP-24.001-1780,"Изготвяне на работен проект за обект ""Реконструкция на участъци от водопроводните мрежи в с. Асеново, с. Благоево, с. Горски Сеновец, с. Лозен и с. Царски извор""","Община Стражица, област Велико Търново",0.00000,0.00000,0.00000
5409,OP-24.001-2746,"Изготвяне на инвестиционен проект ""Реконструкция на улични настилки в с. Камен и с. Кесарево""","Община Стражица, област Велико Търново",0.00000,0.00000,0.00000
5409,OP-24.001-2745,"Изготвяне на инвестиционен проект за обект ""Реконструкция на път VTR 2280 /І-4, Кесарево – Антоново/ – Железарци – Граница общ. (Стражица – Антоново) – Черни бряг – /І-4/в участъка от път I-4 до граница общ. (Стражица – Антоново)""","Община Стражица, област Велико Търново",0.00000,0.00000,0.00000
5409,OP-24.001-2743,"Изготвяне на инвестиционен проект ""Благоустрояване на тротоари и пешеходни пространства по ул. ""Дончо Узунов"" и ул. ""Михаил Друмев"" в гр. Стражица""","Община Стражица, област Велико Търново",0.00000,0.00000,0.00000
5409,OP-24.001-2747,"Изготвяне на инвестиционен проект за обект ""Реконструкция на участъци от водопроводната мрежа на гр. Стражица – Етап 2""","Община Стражица, област Велико Търново",0.00000,0.00000,0.00000
5409,OP-24.001-2744,"Изготвяне на инвестиционен проект за обект ""Изграждане на канализационна мрежа на с. Камен – част втора""","Община Стражица, област Велико Търново",0.00000,0.00000,0.00000
5409,OP-24.001-2748,"Изготвяне на инвестиционен проект ""Реконструкция на улични настилки и водопроводна мрежа по улици в с. Бряговица""","Община Стражица, област Велико Търново",0.00000,0.00000,0.00000
5409,OP-24.001-1779,"Изготвяне на работен проект за обект ""Реконструкция на участъци от водопроводната мрежа на гр. Стражица""","Община Стражица, област Велико Търново",0.00000,0.00000,0.00000
5409,OP-25.001-0355,"Реконструкция на улични настилки в селищата на община Стражица и ул. ""Сава Цонев"", гр. Стражица","Община Стражица, област Велико Търново",0.00000,0.00000,0.00000
5409,OP-25.001-0354,"Реконструкция на участъци от водопроводните мрежи в с. Асеново, с. Благоево, с. Горски Сеновец, с. Лозен и с. Царски извор","Община Стражица, област Велико Търново",0.00000,0.00000,0.00000
5409,OP-25.001-0353,Реконструкция на участъци от водопроводната мрежа на гр. Стражица,"Община Стражица, област Велико Търново",0.00000,0.00000,0.00000
5410,OP-24.001-0353,"Реконструкция на улици в гр. Сухиндол – възстановяване на асфалтова настилка, полагане на нови бордюри, възстановяване на съществуващи и изграждане на нови тротоари","Община Сухиндол, област Велико Търново",0.00000,0.00000,0.00000
5501,OP-24.001-0354,Изграждане на нов гробищен парк на град Белоградчик с траурен дом,"Община Белоградчик, област Видин",0.00000,0.00000,0.00000
5501,OP-24.001-0355,Реконструкция на част от водоснабдителната система на с. Рабиша,"Община Белоградчик, област Видин",0.00000,0.00000,0.00000
5501,OP-24.001-0357,Реконструкция на улици в гр. Белоградчик,"Община Белоградчик, област Видин",0.00000,0.00000,0.00000
5501,OP-24.001-0356,"Реконструкция на участък от общински път VID 1004, община Белоградчик","Община Белоградчик, област Видин",0.00000,0.00000,0.00000
5501,OP-24.001-0358,Изготвяне на инвестиционен проект за реконструкция и рехабилитация на улична мрежа в с. Рабиша,"Община Белоградчик, област Видин",0.00000,0.00000,0.00000
5501,OP-24.001-2377,"Проектиране и изграждане на обект ""Внедряване на мерки за енергийна ефективност, изграждане на отоплителна инсталация и промяна на предназначението от ""Сграда за търговия"" на ""Общински информационен център"" в сграда с идентификатор 03616.501.741.1, находяща се в УПИ III-741, кв. 71 по плана на гр. Белоградчик, община Белоградчик, област Видин, ПИ с идентификатор 03616.501.741, административен адрес – ул. ""Славянска"" № 2""","Община Белоградчик, област Видин",0.00000,0.00000,0.00000
5501,OP-24.001-0359,Изготвяне на инвестиционен проект за реконструкция и рехабилитация на улична мрежа в с. Раяновци,"Община Белоградчик, област Видин",0.00000,0.00000,0.00000
5501,OP-24.001-0360,Изготвяне на инвестиционен проект за реконструкция и рехабилитация на улична мрежа в с. Боровица,"Община Белоградчик, област Видин",0.00000,0.00000,0.00000
5501,OP-24.001-0361,Изготвяне на инвестиционен проект за реконструкция и рехабилитация на улици в гр. Белоградчик,"Община Белоградчик, област Видин",0.00000,0.00000,0.00000
5501,OP-24.001-0363,Изготвяне на инвестиционен проект за реконструкция и рехабилитация на улична мрежа в с. Салаш,"Община Белоградчик, област Видин",0.00000,0.00000,0.00000
5501,OP-24.001-0365,Изготвяне на инвестиционен проект за реконструкция и рехабилитация на улична мрежа в с. Гранитово,"Община Белоградчик, област Видин",0.00000,0.00000,0.00000
5501,OP-24.001-0367,Изготвяне на инвестиционен проект за реконструкция и рехабилитация на улична мрежа в с. Чифлик,"Община Белоградчик, област Видин",0.00000,0.00000,0.00000
5501,OP-24.001-0369,"Изготвяне на инвестиционен проект за основен ремонт на покрив на МБАЛ ""Проф. д-р Георги Златарски"", гр. Белоградчик","Община Белоградчик, област Видин",0.00000,0.00000,0.00000
5501,OP-24.001-0372,Изготвяне на инвестиционен проект за реконструкция и рехабилитация на улична мрежа в с. Граничак,"Община Белоградчик, област Видин",0.00000,0.00000,0.00000
5501,OP-24.001-0373,Изготвяне на инвестиционен проект за реконструкция и рехабилитация на улична мрежа в с. Дъбравка,"Община Белоградчик, област Видин",0.00000,0.00000,0.00000
5501,OP-24.001-0375,Изготвяне на инвестиционен проект за реконструкция и рехабилитация на улична мрежа в с. Праужда,"Община Белоградчик, област Видин",0.00000,0.00000,0.00000
5501,OP-24.001-0374,Изготвяне на инвестиционен проект за реконструкция и рехабилитация на улична мрежа в с. Стакевци,"Община Белоградчик, област Видин",0.00000,0.00000,0.00000
5501,OP-24.001-0376,Изготвяне на инвестиционен проект за реконструкция и рехабилитация на улична мрежа в с. Ошане,"Община Белоградчик, област Видин",0.00000,0.00000,0.00000
5501,OP-24.001-0362,Изготвяне на инвестиционен проект за реконструкция на вътрешната водопроводна мрежа на с. Раяновци,"Община Белоградчик, област Видин",0.00000,0.00000,0.00000
5501,OP-24.001-0364,Изготвяне на инвестиционен проект за реконструкция на част от вътрешната водопроводна мрежа на гр. Белоградчик,"Община Белоградчик, област Видин",0.00000,0.00000,0.00000
5501,OP-24.001-0378,Изготвяне на инвестиционен проект за реконструкция и рехабилитация на улична мрежа в с. Върба,"Община Белоградчик, област Видин",0.00000,0.00000,0.00000
5501,OP-24.001-0379,"Изготвяне на инвестиционен проект за реконструкция на покрив на СУ ""Христо Ботев"", гр. Белоградчик","Община Белоградчик, област Видин",0.00000,0.00000,0.00000
5501,OP-24.001-0370,"Изготвяне на инвестиционни проекти за реконструкция на покриви на кметства, община Белоградчик","Община Белоградчик, област Видин",0.00000,0.00000,0.00000
5501,OP-24.001-0368,Изготвяне на инвестиционен проект за реконструкция на вътрешната водопроводна мрежа на с. Салаш,"Община Белоградчик, област Видин",0.00000,0.00000,0.00000
5501,OP-24.001-0371,Изготвяне на инвестиционен проект за реконструкция на вътрешната водопроводна мрежа на с. Гранитово,"Община Белоградчик, област Видин",0.00000,0.00000,0.00000
5501,OP-24.001-0377,Изготвяне на инвестиционен проект за реконструкция на вътрешната водопроводна мрежа на с. Граничак,"Община Белоградчик, област Видин",0.00000,0.00000,0.00000
5501,OP-24.001-2378,Изготвяне на инвестиционен проект за реконструкция на вътрешната водопроводна мрежа на с. Струиндол,"Община Белоградчик, област Видин",0.00000,0.00000,0.00000
5501,OP-24.001-0380,Изготвяне на инвестиционен проект за реконструкция на вътрешната водопроводна мрежа на с. Праужда,"Община Белоградчик, област Видин",0.00000,0.00000,0.00000
5501,OP-24.001-0366,"Изготвяне на инвестиционен проект за реконструкция и рехабилитация на улична мрежа, с. Струиндол","Община Белоградчик, област Видин",0.00000,0.00000,0.00000
5501,OP-24.001-0382,Изготвяне на инвестиционен проект за реконструкция и рехабилитация на улична мрежа в с. Сливовник,"Община Белоградчик, област Видин",0.00000,0.00000,0.00000
5501,OP-24.001-0384,Изготвяне на инвестиционен проект за реконструкция и рехабилитация на улична мрежа в с. Крачимир,"Община Белоградчик, област Видин",0.00000,0.00000,0.00000
5501,OP-24.001-0381,Изготвяне на инвестиционен проект за реконструкция на вътрешната водопроводна мрежа на с. Ошане,"Община Белоградчик, област Видин",0.00000,0.00000,0.00000
5501,OP-24.001-0383,Изготвяне на инвестиционен проект за реконструкция на вътрешната водопроводна мрежа на с. Върба,"Община Белоградчик, област Видин",0.00000,0.00000,0.00000
5501,OP-24.001-0385,Изготвяне на инвестиционен проект за реконструкция и рехабилитация на улична мрежа в с. Пролазница,"Община Белоградчик, област Видин",0.00000,0.00000,0.00000
5501,OP-24.001-0386,Изготвяне на инвестиционен проект за реконструкция и рехабилитация на улична мрежа в с. Вещица,"Община Белоградчик, област Видин",0.00000,0.00000,0.00000
5501,OP-24.001-0388,Изготвяне на инвестиционен проект за реконструкция на вътрешната водопроводна мрежа на с. Крачимир,"Община Белоградчик, област Видин",0.00000,0.00000,0.00000
5501,OP-24.001-0389,Изготвяне на инвестиционен проект за реконструкция на вътрешната водопроводна мрежа на с. Пролазница,"Община Белоградчик, област Видин",0.00000,0.00000,0.00000
5501,OP-24.001-0390,Изготвяне на инвестиционен проект за реконструкция на вътрешната водопроводна мрежа на с. Вещица,"Община Белоградчик, област Видин",0.00000,0.00000,0.00000
5501,OP-25.001-0359,Реконструкция и рехабилитация на улична мрежа в с. Стакевци,"Община Белоградчик, област Видин",0.00000,0.00000,0.00000
5501,OP-25.001-0356,Реконструкция и рехабилитация на улична мрежа в с. Крачимир,"Община Белоградчик, област Видин",0.00000,0.00000,0.00000
5501,OP-25.001-0360,Реконструкция и рехабилитация на улична мрежа в с. Струиндол,"Община Белоградчик, област Видин",0.00000,0.00000,0.00000
5501,OP-25.001-0358,Реконструкция и рехабилитация на улична мрежа в с. Сливовник,"Община Белоградчик, област Видин",0.00000,0.00000,0.00000
5501,OP-25.001-0357,Реконструкция и рехабилитация на улична мрежа в с. Пролазница,"Община Белоградчик, област Видин",0.00000,0.00000,0.00000
5501,OP-25.001-0361,Реконструкция на вътрешната водопроводна мрежа в с. Крачимир,"Община Белоградчик, област Видин",0.00000,0.00000,0.00000
5501,OP-25.001-0362,Реконструкция на вътрешната водопроводна мрежа в с. Пролазница,"Община Белоградчик, област Видин",0.00000,0.00000,0.00000
5502,OP-24.001-0391,"Закрито стрелбище Бойница, УПИ VIII-общ., кв. 19, с. Бойница","Община Бойница, област Видин",0.00000,0.00000,0.00000
5503,OP-24.001-0392,"Реконструкция на водопровод на село Косово, община Брегово. Изцяло подмяна на азбестоциментови тръби","Община Брегово, област Видин",665.45116,0.00000,665.45116
5503,OP-25.001-0363,"Инженеринг/проектиране, СМР, авторски и строителен надзор/ на обект: ""Основна реконструкция на централна градска част в ПИ 06224.201.16, 06224.201.18 и 06224.201.35 по кадастралната карта на гр. Брегово""","Община Брегово, област Видин",0.00000,0.00000,0.00000
5503,OP-24.001-0393,"Рехабилитация, авторски и строителен надзор на общински път VID-1031/II-12 Видин – Брегово/Гъмзово/II-12 от км 1+210 до км 2+838","Община Брегово, област Видин",0.00000,0.00000,0.00000
5503,OP-24.001-0395,"Рехабилитация, авторски и строителен надзор на улица ""Граничар"" от ОК 175 до ОК 185","Община Брегово, област Видин",0.00000,0.00000,0.00000
5503,OP-24.001-0396,"Рехабилитация, авторски и строителен надзор на улица ""Йордан Радичков"" от ОК 331 до ОК 369","Община Брегово, област Видин",0.00000,0.00000,0.00000
5503,OP-24.001-0397,"Рехабилитация, авторски и строителен надзор на улица ""Иван Срацимир"" от ОК 359 до ОК 357","Община Брегово, област Видин",0.00000,0.00000,0.00000
5503,OP-24.001-0398,"Рехабилитация, авторски и строителен надзор на улица ""Емил Марков"" от ОК 350 до ОК 360","Община Брегово, област Видин",0.00000,0.00000,0.00000
5503,OP-24.001-0400,"Рехабилитация, авторски и строителен надзор на улица ""Граф Игнатиев"" от ОК 122 до ОК 128","Община Брегово, област Видин",0.00000,0.00000,0.00000
5503,OP-24.001-0399,Изготвяне на инвестиционен проект за реконструкция на водопроводната мрежа на гр. Брегово с дължина 44 км,"Община Брегово, област Видин",0.00000,0.00000,0.00000
5503,OP-25.001-0364,"Изготвяне на инвестиционен проект за реконструкция на вътрешна водопроводна мрежа на с. Гъмзово, община Брегово","Община Брегово, област Видин",0.00000,0.00000,0.00000
5503,OP-25.001-0365,Изготвяне на инвестиционни проекти за реконструкция на улици в община Брегово,"Община Брегово, област Видин",0.00000,0.00000,0.00000
5503,OP-25.001-0366,"Изготвяне на инвестиционен проект за реконструкция на вътрешна водопроводна мрежа на с. Връв, община Брегово","Община Брегово, област Видин",0.00000,0.00000,0.00000
5503,OP-25.001-0367,"Изготвяне на инвестиционен проект за реконструкция на вътрешна водопроводна мрежа на с. Балей, община Брегово","Община Брегово, област Видин",0.00000,0.00000,0.00000
5504,OP-24.001-0403,"Изграждане на зелена и велосипедна достъпна среда в Крайдунавски парк и прилежащите му територии, гр. Видин – Етап 1; Етап 2; Етап 3; Етап 4; Етап 5","Община Видин, област Видин",0.00000,0.00000,0.00000
5504,OP-24.001-0404,"Ремонт на ул. ""Цар Иван Асен II"" от околовръстен път до бул. ""Панония"", гр. Видин","Община Видин, област Видин",0.00000,0.00000,0.00000
5504,OP-24.001-0405,"Ремонт на бул. ""Панония"" от околовръстен път до ул. ""Цар Александър I"", гр. Видин","Община Видин, област Видин",0.00000,0.00000,0.00000
5504,OP-24.001-2749,"Реконструкция и преустройство на водоснабдяване с. Градец, община Видин","Община Видин, област Видин",0.00000,0.00000,0.00000
5504,OP-24.001-2379,"Ремонт на ул. ""Цар Симеон Велики"", гр. Видин","Община Видин, област Видин",0.00000,0.00000,0.00000
5504,OP-25.001-0142,Реконструкция и основен ремонт на уличната мрежа на територията на община Видин,"Община Видин, област Видин",0.00000,0.00000,0.00000
5504,OP-24.001-0407,"Основна реконструкция на централна пешеходна зона – кв. 371, к-с ""Централна градска част"", и кв. 329, к-с ""Зона на услугите"" по плана на гр. Видин, етап V","Община Видин, област Видин",0.00000,0.00000,0.00000
5504,OP-24.001-0406,"Основен ремонт на общински път VID 2052 /I-1, Видин – София/ – Срацимирово – Въртоп от км 0+000 до км 2+873","Община Видин, област Видин",0.00000,0.00000,0.00000
5504,OP-25.001-0119,Ремонт на улици на територията на община Видин,"Община Видин, област Видин",0.00000,0.00000,0.00000
5504,OP-24.001-1785,"Рехабилитация на бул. ""Панония"" от ул. ""Цар Иван Асен II"" до ул. ""Гео Милев""","Община Видин, област Видин",1575.24342,0.00000,1575.24342
5504,OP-25.001-0368,"Ремонт на междублоково пространство между жилищни блокове № 14, № 16, № 26, № 27 и № 28 на ж.к. ""Бонония"", гр. Видин","Община Видин, област Видин",0.00000,0.00000,0.00000
5504,OP-25.001-0369,"Ремонт на междублоково пространство между жилищни блокове № 14 и № 16 на ж.к. ""Г. Бенковски"", гр. Видин","Община Видин, област Видин",0.00000,0.00000,0.00000
5504,OP-25.001-0370,"Рехабилитация на бул. ""Панония"" в участък от ул. ""Цар Александър II"" до ул. ""Горазд"", гр. Видин","Община Видин, област Видин",0.00000,0.00000,0.00000
5504,OP-24.001-2696,"Реконструкция на уличен водопровод и канализация по улица ""Цар Симеон Велики"" в град Видин","Община Видин, област Видин",0.00000,0.00000,0.00000
5504,OP-24.001-0408,"Изготвяне на технически проект и упражняване на авторски надзор за обект: път VID 1120: /II-14, Видин – Кула/ – Цар Петрово – Тополовец – граница общини Кула – Видин – Каленик – Дружба – Генерал Мариново – Рупци – о.п. Видин","Община Видин, област Видин",0.00000,0.00000,0.00000
5504,OP-24.001-2380,"Основен ремонт на част от уличен канал ф 600 по ул. ""Любен Каравелов"", гр. Видин","Община Видин, област Видин",0.00000,0.00000,0.00000
5504,OP-24.001-0409,"Изработване на инвестиционни проекти за улици, пътища и междублокови пространства на територията на община Видин: За Обособена позиция № 1 – Изготвяне на инвестиционен проект за обект: ""Ремонт на ул. ""Широка"" от жп надлез до бул. ""Панония"", гр. Видин""; За Обособена позиция № 2 – Изготвяне на инвестиционен проект за обект: ""Ремонт на път, свързващ стари и нови гробища на гр. Видин""; За Обособена позиция № 3 – Изготвяне на инвестиционен проект за обект: ""Ремонт на междублоково пространство между жилищни блокове № 14, № 16 и № 26 на ж.к. ""Бонония"", гр. Видин""; За Обособена позиция № 4 – Изготвяне на инвестиционен проект за обект: ""Ремонт на междублоково пространство между жилищни блокове № 16, № 26, № 27 и № 28 на ж.к. ""Бонония"", гр. Видин""; За Обособена позиция № 5 – Изготвяне на инвестиционен проект за обект: ""Ремонт на междублоково пространство между жилищни блокове № 14 и № 16 на ж.к. ""Г. Бенковски"", гр. Видин""; За Обособена позиция № 6 – Изготвяне на инвестиционен проект за обект: ""Ремонт на ул. ""Цар Симеон Велики"", гр. Видин""; За Обособена позиция № 7 – Изготвяне на инвестиционен проект за обект: ""Ремонт на ул. ""Редута"", гр. Видин""","Община Видин, област Видин",0.00000,0.00000,0.00000
5504,OP-24.001-0410,"Изготвяне на инвестиционен проект за обект: ""Път VID 1042/III-1221/ – Кошава – Гомотарци – Покрайна – /III – 1221/"", общ. Видин"", с дължина 16 км, включително заустванията на съществуващи улици и пътища във фаза ""технически проект""","Община Видин, област Видин",0.00000,0.00000,0.00000
5504,OP-24.001-1786,"Изготвяне на инвестиционен проект за благоустрояване на кв. ""Нов път"", гр. Видин","Община Видин, област Видин",0.00000,0.00000,0.00000
5504,OP-24.001-0411,"Изготвяне на проект за реконструкция на футболен терен, реконструкция на лекоатлетическа писта и реконструкция/изграждане на трибуни","Община Видин, област Видин",0.00000,0.00000,0.00000
5504,OP-24.001-0412,Изготвяне на проект за Гребна база Видин и изграждане на гребен канал до река Дунав,"Община Видин, област Видин",0.00000,0.00000,0.00000
5504,OP-24.001-1787,"Изготвяне на инвестиционен проект за благоустрояване на ж.к. ""Бонония"", гр. Видин","Община Видин, област Видин",0.00000,0.00000,0.00000
5504,OP-24.001-1788,"Изготвяне на инвестиционен проект за благоустрояване на ж.к. ""Бонония 2"", гр. Видин","Община Видин, област Видин",0.00000,0.00000,0.00000
5504,OP-24.001-1789,"Изготвяне на инвестиционен проект за благоустрояване на ж.к. ""Гео Милев"", гр. Видин","Община Видин, област Видин",0.00000,0.00000,0.00000
5504,OP-24.001-1790,"Изготвяне на инвестиционен проект за благоустрояване на ж.к. ""Крум Бъчваров"", гр. Видин","Община Видин, област Видин",0.00000,0.00000,0.00000
5504,OP-24.001-1791,"Изготвяне на инвестиционен проект за благоустрояване на ж.к. ""Васил Левски"", гр. Видин","Община Видин, област Видин",0.00000,0.00000,0.00000
5504,OP-24.001-1792,"Изготвяне на инвестиционен проект за благоустрояване на ж.к. ""Панония"", гр. Видин","Община Видин, област Видин",0.00000,0.00000,0.00000
5504,OP-24.001-1793,"Изготвяне на инвестиционен проект за благоустрояване на ж.к. ""Строител"", гр. Видин","Община Видин, област Видин",0.00000,0.00000,0.00000
5504,OP-24.001-1794,"Изготвяне на инвестиционен проект за благоустрояване на ж.к. ""Химик"", гр. Видин","Община Видин, област Видин",0.00000,0.00000,0.00000
5504,OP-24.001-0413,"Изготвяне на инвестиционен проект за обект: ""Ремонт на централна градска част – ул. ""Железничарска"", ул. ""Княз Александър Батенберг"" в обхвата до ул. ""Цар Симеон Велики"" и до ул. ""Цар Александър II"", гр. Видин"", във фаза ""техническа""","Община Видин, област Видин",0.00000,0.00000,0.00000
5504,OP-24.001-1795,"Изготвяне на инвестиционен проект за благоустрояване на ж.к. ""Вида"", гр. Видин","Община Видин, област Видин",0.00000,0.00000,0.00000
5504,OP-24.001-1796,"Изготвяне на инвестиционен проект за благоустрояване на ж.к. ""Александър Стамболийски"", гр. Видин","Община Видин, област Видин",0.00000,0.00000,0.00000
5504,OP-24.001-0416,"Изготвяне на проект фаза ""техническа"": ""Ремонт на Речна гара""","Община Видин, област Видин",0.00000,0.00000,0.00000
5504,OP-24.001-0417,"Изготвяне на проект ""Ремонт на спортна зала ""Фестивална""","Община Видин, област Видин",0.00000,0.00000,0.00000
5504,OP-24.001-1797,"Изготвяне на инвестиционен проект ""Кът за отдих в с. Покрайна""","Община Видин, област Видин",0.00000,0.00000,0.00000
5504,OP-24.001-0418,"Изготвяне на проект ""Ремонт и преустройство на Дизелова централа""","Община Видин, област Видин",0.00000,0.00000,0.00000
5505,OP-24.001-1800,"Основен ремонт на ул. ""Н. Й. Вапцаров"" от ОТ 183 през ОТ 458 до ОТ 460 – гр. Грамада","Община Грамада, област Видин",0.00000,0.00000,0.00000
5505,OP-24.001-0419,Реконструкция и рехабилитация на общински път VID3088 /III-141/ – Грамада – Водна – /III-1413/ от км 3+200 до км 4+160,"Община Грамада, област Видин",0.00000,0.00000,0.00000
5505,OP-24.001-0420,"Реконструкция и рехабилитация на улица ""Коста Йорданов"" от ОТ 58 до ОТ 15","Община Грамада, област Видин",0.00000,0.00000,0.00000
5505,OP-24.001-1802,"Благоустрояване и паркоустрояване на УПИ Х, кв. 15, по плана на гр. Грамада, община Грамада","Община Грамада, област Видин",0.00000,0.00000,0.00000
5505,OP-24.001-1798,"Реконструкция на уличен водопровод 100 мм АЦ по улица ""Първа"", село Водна, община Грамада, област Видин","Община Грамада, област Видин",0.00000,0.00000,0.00000
5505,OP-24.001-1801,"Основен ремонт на ул. ""Втора"" от ОТ 43, през осови точки 44, 30, 29, 28, 48, 49, 50, 51, 70, 69, 68, 66, 63, 64, 58, 59 до ОТ 60, с. Бранковци, общ. Грамада","Община Грамада, област Видин",0.00000,0.00000,0.00000
5505,OP-24.001-0421,"Прединвестиционни проучвания и изработване на инвестиционни проекти във фаза ""технически проект"" за обект: ""Реконструкция на общински път VID3085 /III-141/ – Грамада – Водна – /III-1413/ от км 0+000 до км 3+200 и от км 4+160 до км 9+800, с обща дължина 8840 м","Община Грамада, област Видин",0.00000,0.00000,0.00000
5505,OP-24.001-1799,"Реконструкция на уличен водопровод 60 мм АЦ по улица ""Никола Вапцаров"", гр. Грамада, общ. Грамада, обл. Видин","Община Грамада, област Видин",0.00000,0.00000,0.00000
5505,OP-25.001-0371,"Реконструкция и внедряване на мерки за енергийна ефективност на административна делова сграда с идентификатор 17645.501.754.1 по КККР на гр. Грамада, община Грамада","Община Грамада, област Видин",0.00000,0.00000,0.00000
5505,OP-24.001-0422,"Прединвестиционни проучвания и изработване на инвестиционни проекти във фаза ""технически проект"" за обект: Реконструкция на общински път VID3083 /III-1411, п.к. Кула – Буковец/ – Медешевци от км 0+000 до км 3+000, с обща дължина 3000 м","Община Грамада, област Видин",0.00000,0.00000,0.00000
5505,OP-24.001-0423,"Изготвяне на технически проект и упражняване на авторски надзор на обект: ""Реконструкция и рехабилитация на част от уличната мрежа на гр. Грамада, община Грамада""","Община Грамада, област Видин",0.00000,0.00000,0.00000
5505,OP-24.001-0424,"Изготвяне на технически проект и упражняване на авторски надзор на обект: ""Реконструкция/подмяна на част от вътрешната водопроводна мрежа на гр. Грамада, общ. Грамада, обл. Видин""","Община Грамада, област Видин",0.00000,0.00000,0.00000
5505,OP-24.001-0425,"Изготвяне на технически проект и упражняване на авторски надзор на обект: ""Реконструкция и внедряване на мерки за енергийна ефективност на административна, делова сграда с идентификатор 17654.501.754.1 по КККР на гр. Грамада, община Грамада""","Община Грамада, област Видин",0.00000,0.00000,0.00000
5506,OP-24.001-0428,Реконструкция и рехабилитация на улици на територията на община Димово,"Община Димово, област Видин",1827.07963,0.00000,1827.07963
5506,OP-24.001-0427,"Рехабилитация на път VID 1003 /III-102, Бела – Белоградчик / – граница община (Белоградчик – Димово) – Орешец – Медовница – /I – 1/","Община Димово, област Видин",1501.27638,0.00000,1501.27638
5506,OP-25.001-0104,"Неотложен ремонт на път VID 2092/III-114, Ружинци – Белоградчик/ – Върбовец – Орешец – Гара Орешец от км 0+000 до км 9+300 с обща дължина – 9,300 км","Община Димово, област Видин",0.00000,0.00000,0.00000
5506,OP-25.001-0110,"Реконструкция на улична мрежа на територията на град Димово, община Димово","Община Димово, област Видин",0.00000,0.00000,0.00000
5506,OP-24.001-2381,"Реконструкция на централна част – площад с. Гара Орешец, община Димово","Община Димово, област Видин",0.00000,80.95998,80.95998
5507,OP-24.001-0430,Основен ремонт на общински път VID1120 от км 6+392 до км 12+400,"Община Кула, област Видин",0.00000,0.00000,0.00000
5507,OP-24.001-1803,"Реконструкция и обновяване на спортно съоръжение ""стадион"", гр. Кула","Община Кула, област Видин",0.00000,0.00000,0.00000
5507,OP-24.001-2750,"Основен ремонт на сграден фонд СУ ""Васил Левски"" в гр. Кула","Община Кула, област Видин",0.00000,0.00000,0.00000
5507,OP-24.001-1806,Основен ремонт на административна сграда/младежки дом/ с идентификатор 40525.701.2081.1 – инженеринг,"Община Кула, област Видин",0.00000,0.00000,0.00000
5507,OP-24.001-1804,Технически проект за основен ремонт на улици в селата на община Кула,"Община Кула, област Видин",0.00000,0.00000,0.00000
5507,OP-24.001-1807,Изготвяне на технически проект за обект: Изграждане на общински приют за безстопанствени кучета в гр. Кула,"Община Кула, област Видин",0.00000,0.00000,0.00000
5507,OP-24.001-0429,Проект за основен ремонт на общински път VID2122 II-14 (Кула) – Големаново от км 0+000 до км 7+250,"Община Кула, област Видин",32.28000,0.00000,32.28000
5507,OP-24.001-0431,"Основен ремонт на улица ""Възраждане"", гр. Кула","Община Кула, област Видин",14.70000,0.00000,14.70000
5507,OP-24.001-1805,Технически проект за благоустрояване и обновяване на парк в гр. Кула,"Община Кула, област Видин",0.00000,0.00000,0.00000
5508,OP-24.001-0432,"Път VID1121: /III-141, Кула – Грамада/ – Полетковци – Старопатица – граница общини (Кула – Макреш) – Раковица /III-1412/ от км 14+012,00 до км 18+637,45 (участък на територията на община Макреш)","Община Макреш, област Видин",0.00000,0.00000,0.00000
5508,OP-24.001-0433,"Реконструкция на част от вътрешната водопроводна мрежа на село Макреш, община Макреш, област Видин – етап 2","Община Макреш, област Видин",0.00000,0.00000,0.00000
5508,OP-24.001-0434,"Реконструкция на част от вътрешната водопроводна мрежа на село Макреш, община Макреш, област Видин – етап 1","Община Макреш, област Видин",0.00000,0.00000,0.00000
5508,OP-24.001-0435,"Реконструкция на улици в с. Макреш, община Макреш, област Видин","Община Макреш, област Видин",0.00000,0.00000,0.00000
5509,OP-24.001-0436,"Реконструкция и рехабилитация на улици на територията на с. Винарово, община Ново село, улица ""Тринадесета"" – етап 1 – улично платно","Община Ново село, област Видин",0.00000,0.00000,0.00000
5509,OP-24.001-2751,"Реконструкция и рехабилитация на улици на територията на с. Винарово, община Ново село, улица ""Пета"" – етап 7 – улично платно","Община Ново село, област Видин",0.00000,0.00000,0.00000
5509,OP-24.001-0437,"Реконструкция на улица ""Петко Р. Славейков"", с. Ново село","Община Ново село, област Видин",0.00000,0.00000,0.00000
5509,OP-24.001-2752,"Реконструкция и рехабилитация на улици на територията на с. Негованци, община Ново село, улица ""Девета"" – етап 9 – улично платно","Община Ново село, област Видин",0.00000,0.00000,0.00000
5509,OP-24.001-2753,"Реконструкция и рехабилитация на улици на територията на с. Винарово, община Ново село, улица ""Дванадесета"" – етап 3 – улично платно","Община Ново село, област Видин",0.00000,0.00000,0.00000
5509,OP-24.001-2754,"Основен ремонт на улица ""Дванадесета"", с. Ясен – II етап – пътно платно от ПТ 31 до ПТ 65","Община Ново село, област Видин",0.00000,0.00000,0.00000
5509,OP-24.001-0438,"Основен ремонт и асфалтиране на ул. ""Дванадесета"", с. Ясен","Община Ново село, област Видин",0.00000,0.00000,0.00000
5509,OP-24.001-2755,"Реконструкция и рехабилитация на улици на територията на с. Винарово, община Ново село, улица ""Седемнадесета"" – етап 13 – улично платно","Община Ново село, област Видин",0.00000,0.00000,0.00000
5509,OP-24.001-2756,"Реконструкция и рехабилитация на улици на територията на с. Флорентин, община Ново село, улица ""Пета"" – етап 3 – улично платно","Община Ново село, област Видин",0.00000,0.00000,0.00000
5509,OP-24.001-0441,"Основен ремонт и асфалтиране на ул. ""Двадесета"", с. Неговановци /от път Неговановци – Винарово до ул. ""Шеста""/ – 220 м","Община Ново село, област Видин",0.00000,0.00000,0.00000
5509,OP-24.001-2757,"Реконструкция и рехабилитация на улици на територията на с. Винарово, община Ново село, улица ""Двадесет и трета"" – етап 17 – улично платно","Община Ново село, област Видин",0.00000,0.00000,0.00000
5509,OP-24.001-2758,"Реконструкция и рехабилитация на улици на територията на с. Винарово, община Ново село, улица ""Тридесет и трета"" – етап 5 – улично платно","Община Ново село, област Видин",0.00000,0.00000,0.00000
5509,OP-24.001-0442,"Основен ремонт и асфалтиране на ул. ""Двадесет и девета"", с. Винарово","Община Ново село, област Видин",0.00000,0.00000,0.00000
5509,OP-24.001-2759,"Реконструкция и рехабилитация на улици на територията на с. Винарово, община Ново село, улица ""Двадесет и втора"" – етап 9 – улично платно","Община Ново село, област Видин",0.00000,0.00000,0.00000
5509,OP-24.001-0440,"Реконструкция на ул. ""Георги Марков"", с. Ново село","Община Ново село, област Видин",0.00000,0.00000,0.00000
5509,OP-24.001-0443,"Основен ремонт и асфалтиране на ул. ""Тридесета"" /от ул. 5 до път Неговановци – Винарово – 135 м/ в с. Винарово","Община Ново село, област Видин",0.00000,0.00000,0.00000
5509,OP-24.001-2760,"Реконструкция и рехабилитация на улици на територията на с. Винарово, община Ново село, улица ""Двадесета"" – етап 11 – улично платно","Община Ново село, област Видин",0.00000,0.00000,0.00000
5509,OP-24.001-2761,"Реконструкция и рехабилитация на улици на територията на с. Винарово, община Ново село, улица ""Десета"" – етап 15 – улично платно","Община Ново село, област Видин",0.00000,0.00000,0.00000
5509,OP-24.001-0439,"Реконструкция на ул. ""Дванадесета"", с. Флорентин","Община Ново село, област Видин",0.00000,0.00000,0.00000
5510,OP-24.001-0444,Ремонт/реконструкция на улици в община Ружинци,"Община Ружинци, област Видин",2307.69856,0.00000,2307.69856
5510,OP-24.001-0445,"Преустройство и промяна на предназначение на общинска сграда в Център за предоставяне на социални услуги и пристройка за котелно с максимални размери 3,50/8,80 м – II етап","Община Ружинци, област Видин",1040.90159,0.00000,1040.90159
5510,OP-24.001-2765,"Реконструкция и рехабилитация на ул. ""Георги Димитров"", с. Дражинци, община Ружинци, област Видин","Община Ружинци, област Видин",0.00000,0.00000,0.00000
5510,OP-24.001-2764,"Реконструкция и рехабилитация на ул. ""Шеста"", с. Динково, община Ружинци, област Видин","Община Ружинци, област Видин",0.00000,0.00000,0.00000
5510,OP-24.001-2763,"Реконструкция и рехабилитация на ул. ""Шеста"", с. Плешивец, община Ружинци, област Видин","Община Ружинци, област Видин",0.00000,0.00000,0.00000
5510,OP-24.001-2762,"Реконструкция и рехабилитация на ул. ""17 партизани"", с. Дреновец, община Ружинци, област Видин","Община Ружинци, област Видин",0.00000,0.00000,0.00000
5511,OP-24.001-0446,Асфалтиране на вътрешни улици в населени места от община Чупрене,"Община Чупрене, област Видин",0.00000,0.00000,0.00000
5511,OP-25.001-0019,Реконструкция и рехабилитация на участъци от общински път Върбово – Чупрене,"Община Чупрене, област Видин",0.00000,0.00000,0.00000
5511,OP-25.001-0020,Реконструкция и рехабилитация на участъци от общински път Долни Лом – Репляна,"Община Чупрене, област Видин",0.00000,0.00000,0.00000
5601,OP-24.001-0448,Частично изграждане на нова канализационна система и реконструкция и разширение на водопроводната система за нуждите на с. Борован – I етап,"Община Борован, област Враца",2361.50000,0.00000,2361.50000
5601,OP-24.001-0447,"Основен ремонт на уличната мрежа на с. Борован, община Борован – I етап","Община Борован, област Враца",61.68000,897.14399,958.82399
5601,OP-24.001-0449,"Благоустрояване и обновяване на парк в поземлен имот 536, квартал 66 по плана на с. Нивянин, община Борован","Община Борован, област Враца",386.35086,0.00000,386.35086
5601,OP-24.001-0451,"Основен ремонт на административна сграда на Община Борован в с. Борован, община Борован","Община Борован, област Враца",0.00000,0.00000,0.00000
5601,OP-24.001-0450,Основен ремонт на парка в кв. 1-В в с. Борован,"Община Борован, област Враца",0.00000,0.00000,0.00000
5601,OP-24.001-0452,"Благоустрояване и обновяване на площад – УПИ VIII, между 5 и 7 по плана на с. Добролево, община Борован","Община Борован, област Враца",0.00000,0.00000,0.00000
5601,OP-24.001-0453,"Благоустрояване и обновяване на парк – УПИ 13, квартал 121 по плана на с. Малорад","Община Борован, област Враца",0.00000,0.00000,0.00000
5602,OP-24.001-0454,"Основен ремонт на асфалтова настилка по улици, гр. Бяла Слатина","Община Бяла Слатина, област Враца",1699.53616,0.00000,1699.53616
5602,OP-24.001-0455,Ремонт и благоустрояване на централен площад в гр. Бяла Слатина,"Община Бяла Слатина, област Враца",696.00000,0.00000,696.00000
5602,OP-25.001-0372,Реконструкция на част от вътрешната водопроводна мрежа на община Бяла Слатина – втори етап,"Община Бяла Слатина, област Враца",0.00000,0.00000,0.00000
5602,OP-24.001-0457,"Ремонт на тротоари по протежение на ул. ""Георги Димитров"" в с. Търнава","Община Бяла Слатина, област Враца",526.82666,0.00000,526.82666
5602,OP-24.001-0458,"Ремонт на тротоари по протежение на ул. ""Георги Димитров"" в с. Алтимир","Община Бяла Слатина, област Враца",618.40551,0.00000,618.40551
5602,OP-25.001-0373,Реконструкция на вътрешната водопроводна мрежа в южната част на гр. Бяла Слатина,"Община Бяла Слатина, област Враца",0.00000,0.00000,0.00000
5602,OP-25.001-0374,Реконструкция на част от вътрешната водопроводна мрежа в гр. Бяла Слатина,"Община Бяла Слатина, област Враца",0.00000,0.00000,0.00000
5602,OP-25.001-0375,Реконструкция и рехабилитация на улици в югоизточната част на гр. Бяла Слатина,"Община Бяла Слатина, област Враца",0.00000,0.00000,0.00000
5602,OP-25.001-0376,Реконструкция и рехабилитация на улици в гр. Бяла Слатина,"Община Бяла Слатина, област Враца",0.00000,0.00000,0.00000
5602,OP-24.001-0456,"Ремонт и благоустройство на пешеходно пространство по ул. ""Димитър Благоев"", гр. Бяла Слатина","Община Бяла Слатина, област Враца",0.00000,0.00000,0.00000
5603,OP-24.001-0460,"Основен ремонт на уличната мрежа на кв. ""Бистрец"", гр. Враца","Община Враца, област Враца",6996.48898,0.00000,6996.48898
5603,OP-24.001-0459,"Реконструкция и удължаване на водопроводната система и изграждане на нова канализационна система на с. Згориград, община Враца","Община Враца, област Враца",0.00000,0.00000,0.00000
5603,OP-24.001-1835,Ремонт и модернизация на съществуваща лекоатлетическа писта,"Община Враца, област Враца",0.00000,0.00000,0.00000
5603,OP-24.001-1809,"Инженеринг – проектиране, СМР и упражняване на авторски надзор за обект: Основен ремонт на ул. ""Генерал Леонов"" в участъка от бул. ""Втори юни"" до ул. ""Козлодуйски бряг"", гр. Враца","Община Враца, област Враца",0.00000,0.00000,0.00000
5603,OP-24.001-1832,"Инженеринг – проектиране, СМР и упражняване на авторски надзор за обект: Основен ремонт на ул. ""Кокиче"", с. Бели извор, община Враца","Община Враца, област Враца",0.00000,0.00000,0.00000
5603,OP-24.001-1834,"Инженеринг – проектиране, СМР и упражняване на авторски надзор за обект: Основен ремонт на ул. ""Никола Петков"", с. Челопек, община Враца","Община Враца, област Враца",0.00000,0.00000,0.00000
5603,OP-24.001-1810,"Инженеринг – проектиране, СМР и упражняване на авторски надзор за обект: Основен ремонт на ул. ""Безименна"", междублоково пространство на блокове ""Химици"" в участъка от ул. ""Генерал Леонов"" до ул. ""Радецки"", гр. Враца","Община Враца, област Враца",0.00000,0.00000,0.00000
5603,OP-24.001-1811,"Инженеринг – проектиране, СМР и упражняване на авторски надзор за обект: Основен ремонт на ул. ""Димчо Дебелявнов"" в участъка от ул. ""Дико Илиев"" до бул. ""Мито Орозов"", гр. Враца","Община Враца, област Враца",0.00000,0.00000,0.00000
5603,OP-24.001-1819,"Инженеринг – проектиране, СМР и упражняване на авторски надзор за обект: Основен ремонт на ул. ""Васил Атанасов"" в участъка от бул. ""Втори юни"" до ул. ""Амур"", гр. Враца","Община Враца, област Враца",0.00000,0.00000,0.00000
5603,OP-24.001-1817,"Инженеринг – проектиране, СМР и упражняване на авторски надзор за обект: Основен ремонт на предблоково пространство за бл. № 26 в ж.к. ""Дъбника"", гр. Враца","Община Враца, област Враца",0.00000,0.00000,0.00000
5603,OP-24.001-1814,"Инженеринг – проектиране, СМР и упражняване на авторски надзор за обект: Основен ремонт на ул. ""Ангел Кънчев"" в участъка от ул. ""Цар Борис I"" до ул. ""Ниш"", гр. Враца","Община Враца, област Враца",0.00000,0.00000,0.00000
5603,OP-24.001-1825,"Инженеринг – проектиране, СМР и упражняване на авторски надзор за обект: Основен ремонт на предблоково пространство за бл. № 41 и бл. № 43 в ж.к. ""Дъбника"", гр. Враца","Община Враца, област Враца",0.00000,0.00000,0.00000
5603,OP-24.001-1813,"Инженеринг – проектиране, СМР и упражняване на авторски надзор за обект: Основен ремонт на ул. ""Антим I"" в участъка от бул. ""Христо Ботев"" до ул. ""Стефанаки Савов"", гр. Враца","Община Враца, област Враца",0.00000,0.00000,0.00000
5603,OP-24.001-1833,"Инженеринг – проектиране, СМР и упражняване на авторски надзор за обект: Основен ремонт на ул. ""Тракия"", с. Паволче, община Враца","Община Враца, област Враца",0.00000,0.00000,0.00000
5603,OP-24.001-1812,"Инженеринг – проектиране, СМР и упражняване на авторски надзор за обект: Основен ремонт на ул. ""Безименна (Река Лева 58)"" в участъка от ул. ""Генерал Гурко"" до ул. ""Граф Игнатиев"", гр. Враца","Община Враца, област Враца",0.00000,0.00000,0.00000
5603,OP-24.001-1821,"Инженеринг – проектиране, СМР и упражняване на авторски надзор за обект: Основен ремонт на ул. ""Поп Сава Катрафилов"" в участъка от ул. ""Трапезица"" до бул. ""Река Лева"", гр. Враца","Община Враца, област Враца",0.00000,0.00000,0.00000
5603,OP-24.001-1831,"Инженеринг – проектиране, СМР и упражняване на авторски надзор за обект: Основен ремонт на ул. ""Драва"" в участъка от ул. ""Преслав"" до ул. ""Драгоман"", гр. Враца","Община Враца, област Враца",0.00000,0.00000,0.00000
5603,OP-24.001-1820,"Инженеринг – проектиране, СМР и упражняване на авторски надзор за обект: Основен ремонт на ул. ""Атанас Йованович"" в участъка от ул. ""Елин Пелин"" до ул. ""Черна вода"", гр. Враца","Община Враца, област Враца",0.00000,0.00000,0.00000
5603,OP-24.001-1815,"Инженеринг – проектиране, СМР и упражняване на авторски надзор за обект: Основен ремонт на ул. ""Братя Миладинови"" в участъка от ул. ""Дико Илиев"" до бул. ""Мито Орозов"" 35, гр. Враца","Община Враца, област Враца",0.00000,0.00000,0.00000
5603,OP-24.001-1816,"Инженеринг – проектиране, СМР и упражняване на авторски надзор за обект: Основен ремонт на предблоково пространство за бл. № 21 в ж.к. ""Дъбника"", гр. Враца","Община Враца, област Враца",0.00000,0.00000,0.00000
5603,OP-24.001-1828,"Инженеринг – проектиране, СМР и упражняване на авторски надзор за обект: Основен ремонт на предблоково пространство за бл. № 34 в ж.к. ""Дъбника"", гр. Враца","Община Враца, област Враца",0.00000,0.00000,0.00000
5603,OP-25.001-0143,"Изготвяне на инвестиционен проект и упражняване на авторски надзор за изграждане на Център за енергийно развитие и нови науки, гр. Враца","Община Враца, област Враца",0.00000,0.00000,0.00000
5603,OP-24.001-1829,"Инженеринг – проектиране, СМР и упражняване на авторски надзор за обект: Основен ремонт на предблоково пространство за бл. № 3 и бл. № 3 в ж.к. ""Младост"", гр. Враца","Община Враца, област Враца",0.00000,0.00000,0.00000
5603,OP-24.001-1808,"Изготвяне на технически проект и упражняване на авторски надзор за обект: Реконструкция и удължаване на водопроводната система и изграждане на нова канализационна система на с. Згориград, община Враца","Община Враца, област Враца",247.20000,0.00000,247.20000
5603,OP-24.001-1818,"Инженеринг – проектиране, СМР и упражняване на авторски надзор за обект: Основен ремонт на предблоково пространство за бл. ""Стоян Заимов"" № 46, гр. Враца","Община Враца, област Враца",0.00000,0.00000,0.00000
5603,OP-24.001-2766,"Инженеринг – проектиране, СМР и упражняване на авторски надзор за обект: Основен ремонт на ул. ""Васил Кoларов"", с. Горно Пещене, община Враца","Община Враца, област Враца",0.00000,0.00000,0.00000
5603,OP-24.001-1827,"Инженеринг – проектиране, СМР и упражняване на авторски надзор за обект: Основен ремонт на предблоково пространство между бл. ""Вапцаров 3"" и бл. ""Вапцаров 5"", гр. Враца","Община Враца, област Враца",0.00000,0.00000,0.00000
5603,OP-24.001-1822,"Инженеринг – проектиране, СМР и упражняване на авторски надзор за обект: Основен ремонт на ул. ""Мито Бояджиев"" в участъка от ул. ""Кръстьо Българията"" до ул. ""Георги Бързашки"", гр. Враца","Община Враца, област Враца",0.00000,0.00000,0.00000
5603,OP-24.001-1824,"Инженеринг – проектиране, СМР и упражняване на авторски надзор за обект: Основен ремонт на ул. ""Цар Калоян"" в участъка от ул. ""Стоян Заимов"" до ул. ""Трайко Китанчев"", гр. Враца","Община Враца, област Враца",0.00000,0.00000,0.00000
5603,OP-24.001-1826,"Инженеринг – проектиране, СМР и упражняване на авторски надзор за обект: Основен ремонт на ул. ""Камчия"" в участъка от ул. ""Топилки"" до ул. ""Три уши"", гр. Враца","Община Враца, област Враца",0.00000,0.00000,0.00000
5603,OP-24.001-1823,"Инженеринг – проектиране, СМР и упражняване на авторски надзор за обект: Основен ремонт на ул. ""Ниш"" в участъка от ул. ""Ангел Кънчев"" до ул. ""Цар Симеон I"", гр. Враца","Община Враца, област Враца",0.00000,0.00000,0.00000
5603,OP-24.001-1830,"Инженеринг – проектиране, СМР и упражняване на авторски надзор за обект: Основен ремонт на ул. ""Никола Занкин"" в участъка от ул. ""Река Лева"" до ул. ""Драва"", гр. Враца","Община Враца, област Враца",0.00000,0.00000,0.00000
5605,OP-25.001-0377,"Изграждане на ул. ""Козлодуй""","Община Козлодуй, област Враца",0.00000,0.00000,0.00000
5605,OP-24.001-2767,"Реконструкция и рехабилитация на водоснабдителна система и съоръжения в с. Бутан, община Козлодуй, област Враца","Община Козлодуй, област Враца",0.00000,0.00000,0.00000
5605,OP-25.001-0378,"Изграждане на зона за отдих в парк ""Дигата""","Община Козлодуй, област Враца",0.00000,0.00000,0.00000
5605,OP-24.001-0461,"Мултифункционални игрища за спорт в кв. 259 в гр. Козлодуй – Спортен комплекс ""Арена Козлодуй""","Община Козлодуй, област Враца",2864.10916,0.00000,2864.10916
5605,OP-24.001-2768,"Внедряване на мерки за енергийна ефективност в сградата на ДГ ""Радост""","Община Козлодуй, област Враца",0.00000,0.00000,0.00000
5605,OP-24.001-0462,Реконструкция и рехабилитация на системата за външно изкуствено осветление в гр. Козлодуй,"Община Козлодуй, област Враца",3097.96704,0.00000,3097.96704
5605,OP-25.001-0379,Изграждане на канализация в гр. Козлодуй Папура,"Община Козлодуй, област Враца",0.00000,0.00000,0.00000
5605,OP-25.001-0381,"Модернизация и изграждане на съоръжения в парк ""Христо Ботев""","Община Козлодуй, област Враца",0.00000,0.00000,0.00000
5605,OP-25.001-0382,Изграждане на кръгово кръстовище,"Община Козлодуй, област Враца",0.00000,0.00000,0.00000
5605,OP-25.001-0380,Проектиране на канализация Папура,"Община Козлодуй, област Враца",0.00000,0.00000,0.00000
5606,OP-24.001-0463,"Реконструкция на местни пътища, част от общинската пътна мрежа на община Криводол с подобект: Общински път № VRC 1067/III-101, Криводол – Бойчиновци – Ракево – Добруша – Градешница – граница общ. (Криводол – Бойчиновци) от км 5+100 до км 12+170 и от км 13+325 до км 13+595, с обща дължина 7340 м","Община Криводол, област Враца",0.00000,0.00000,0.00000
5606,OP-25.001-0021,"Строително-монтажни работи за изграждане на покрит общински пазар и благоустрояване на околното пространство в гр. Криводол, община Криводол","Община Криводол, област Враца",0.00000,0.00000,0.00000
5606,OP-25.001-0022,"Реконструкция и подмяна на участъци от водопроводната мрежа на с. Краводер, община Криводол","Община Криводол, област Враца",0.00000,0.00000,0.00000
5607,OP-24.001-1836,"Реконструкция и обновяване на площад ""България"" и прилежащите пешеходни пространства и паркинги","Община Мездра, област Враца",0.00000,0.00000,0.00000
5607,OP-24.001-1837,"Изграждане на комбинирана междуквартална площадка за игра, спорт и отдих в кв. 10, гр. Мездра","Община Мездра, област Враца",0.00000,0.00000,0.00000
5607,OP-24.001-1838,"Преустройство на съществуващо помещение в многофункционална зала, ул. ""Хр. Ботев"" № 27, в УПИ XI-1412 от кв. 68 по плана на гр. Мездра","Община Мездра, област Враца",0.00000,0.00000,0.00000
5607,OP-24.001-0464,Основен ремонт на улици в гр. Мездра,"Община Мездра, област Враца",464.20427,0.00000,464.20427
5607,OP-24.001-1840,"Преустройство и основен ремонт на Кметство Зверино, УПИ I-568, 569, кв. 74 (30510.501.569.1) по плана на с. Зверино","Община Мездра, област Враца",0.00000,0.00000,0.00000
5607,OP-24.001-1839,"Благоустройство на централното площадно пространство, кв. 15, с. Моравица, общ. Мездра","Община Мездра, област Враца",397.87125,0.00000,397.87125
5607,OP-24.001-2387,Изграждане на спортна площадка в с. Брусен,"Община Мездра, област Враца",0.00000,0.00000,0.00000
5607,OP-24.001-2389,Изграждане на спортна площадка в с. Руска Бела,"Община Мездра, област Враца",0.00000,0.00000,0.00000
5607,OP-24.001-2388,Изграждане на спортна площадка в с. Ребърково,"Община Мездра, област Враца",0.00000,0.00000,0.00000
5607,OP-24.001-2390,Изграждане на спортна площадка в с. Горна Кремена,"Община Мездра, област Враца",0.00000,0.00000,0.00000
5608,OP-24.001-0466,"Благоустрояване на централната пешеходна зона, включително централния парк и площад ""Свобода"" – гр. Мизия, етап I и етап II","Община Мизия, област Враца",5382.10000,0.00000,5382.10000
5608,OP-24.001-0468,"Реконструкция на лекоатлетическа писта и прилежаща инфраструктура в двора на ОУ ""Цанко Церковски"", гр. Мизия","Община Мизия, област Враца",0.00000,0.00000,0.00000
5608,OP-24.001-0465,"Реконструкция, ремонт, оборудване и обзавеждане на Народно читалище ""Просвета 1915"" в гр. Мизия, общ. Мизия, обл. Враца","Община Мизия, област Враца",0.00000,0.00000,0.00000
5608,OP-25.001-0383,"Изграждане на нова сграда на Участък Мизия към Районно управление Оряхово, в УПИ VIII, кв. 121 по плана на гр. Мизия","Община Мизия, област Враца",0.00000,0.00000,0.00000
5608,OP-25.001-0384,"Реконструкция и рехабилитация на площад в с. Липница общ. Мизия, УПИ III, кв. 1","Община Мизия, област Враца",0.00000,0.00000,0.00000
5608,OP-25.001-0385,"Реконструкция и рехабилитация на площад ""Проф. Иван Митев"" в с. Крушовица, общ. Мизия, УПИ I, кв. 22","Община Мизия, област Враца",0.00000,0.00000,0.00000
5608,OP-24.001-0467,"Изграждане и регламентиране на общински пазар в УПИ I, II – 1566, кв. 88 по план на с. Крушовица, община Мизия, област Враца","Община Мизия, област Враца",196.60000,0.00000,196.60000
5609,OP-25.001-0386,"Реконструкция, рехабилитация и доизграждане на улична ВиК мрежа в южни жилищни квартали на територията на гр. Оряхово, общ. Оряхово – Етап 3","Община Оряхово, област Враца",0.00000,0.00000,0.00000
5609,OP-24.001-1841,"Рехабилитация на общински път VRC1128 – Горни Вадин – Долни Вадин, от км 0+000 до км 8+200/ I етап от км 0+000 до км 5+200 /","Община Оряхово, област Враца",0.00000,0.00000,0.00000
5609,OP-24.001-0469,"Реконструкция, рехабилитация и доизграждане на улична ВиК мрежа в южни жилищни квартали на територията на гр. Оряхово, общ. Оряхово","Община Оряхово, област Враца",2936.51569,0.00000,2936.51569
5609,OP-24.001-2391,"Реконструкция, рехабилитация на улична ВиК мрежа по ул. ""Коста Лулчев"", ул. ""Андрей Чапразов"" и ул. ""Васил Левски"", гр. Оряхово, общ. Оряхово","Община Оряхово, област Враца",0.00000,0.00000,0.00000
5609,OP-25.001-0387,"Подмяна на съществуващ водопровод в с. Селановци – Етап 1, по ул. ""Ангел Кънчев"" от о.т. 408 до о.т. 50, ул. ""Христо Ботев"" от о.т. 118 до о.т. 181, ул. ""Стефан Стамболов"" от о.т. 160 до о.т. 263, ул. ""Александър Стамболийски"" от о.т. 107 до о.т. 212 и отклонения по ул. ""Андрей Николов"" от о.т. 156 до о.т. 140, ул. ""Сергей Румянцев"" от о.т. 157 до о.т. 141, ул. ""Георги Бенковски"" от о.т. 158 до о.т. 143, ул. ""Виктор Юго"" от о.т. 186 до о.т. 184, ул. ""Виктор Юго"" от о.т. 184 до о.т. 174, ул. ""Петко Д. Петков"" от о.т. 187 до о.т. 182, ул. ""Лев Толстой"" от о.т. 188 до о.т. 181","Община Оряхово, област Враца",0.00000,0.00000,0.00000
5609,OP-25.001-0388,"Подмяна на съществуващ водопровод в с. Селановци – Етап 2, по ул. ""Първи май"" от о.т. 368 до о.т. 246","Община Оряхово, област Враца",0.00000,0.00000,0.00000
5610,OP-24.001-0470,"Реконструкция на участък от ул. ""Рила"", от кръговото кръстовище до каменния мост/включително/ над р. Малък Искър в гр. Роман","Община Роман, област Враца",0.00000,0.00000,0.00000
5610,OP-24.001-2769,"Реконструкция на водопроводна мрежа на с. Камено поле, община Роман – втори строителен етап","Община Роман, област Враца",0.00000,0.00000,0.00000
5610,OP-24.001-1846,"Основен ремонт и подмяна на водопровод на ул. ""Александър Стамболийски"" от ОК 181 до ОК 248, гр. Роман","Община Роман, област Враца",0.00000,0.00000,0.00000
5610,OP-24.001-1843,"Основен ремонт и подмяна на водопровод на ул. ""Карашка"" от ОК 309 до ОК 301 и участък от ул. ""Малък Искър"", гр. Роман","Община Роман, област Враца",0.00000,0.00000,0.00000
5610,OP-24.001-0471,"Православен храм ""Св. Роман Сладкопевец"", гр. Роман","Община Роман, област Враца",0.00000,0.00000,0.00000
5610,OP-24.001-1844,"Основен ремонт и подмяна на водопровод на ул. ""Генерал Скобелев"" от ОК 64 до ОК 59, гр. Роман","Община Роман, област Враца",0.00000,0.00000,0.00000
5610,OP-24.001-1845,"Плътна ограда и благоустрояване на дворно пространство към Православен храм ""Св. Роман Сладкопевец"", УПИ XVIII-713, кв. 30 по КРП на гр. Роман","Община Роман, област Враца",0.00000,0.00000,0.00000
5610,OP-24.001-1842,"Основен ремонт и подмяна на водопровод на ул. ""Гео Милев"", гр. Роман от ОК 71 до ОК 72","Община Роман, област Враца",0.00000,0.00000,0.00000
5610,OP-25.001-0096,"Ремонт и реконструкция на улична мрежа на територията на община Роман, област Враца","Община Роман, област Враца",0.00000,0.00000,0.00000
5610,OP-24.001-0472,"Реконструкция на ул. ""Генерал Скобелев"" от о.т. 59 до о.т. 57, гр. Роман","Община Роман, област Враца",0.00000,0.00000,0.00000
5610,OP-24.001-0473,"Реконструкция на ул. ""Софроний Врачански"" от ОК 51 до ОК 59, гр. Роман","Община Роман, област Враца",0.00000,0.00000,0.00000
5610,OP-24.001-0474,"Реконструкция на ул. ""Любен Каравелов"" от ОК 39 до ОК 61, с. Хубавене, община Роман","Община Роман, област Враца",0.00000,0.00000,0.00000
5610,OP-25.001-0767,"Ремонт на водопроводна мрежа в с. Синьо бърдо, община Роман – ПЪРВИ ЕТАП","Община Роман, област Враца",0.00000,0.00000,0.00000
5610,OP-24.001-2770,"Основен ремонт на улица ""Г. С. Раковски"" от ОК 58 през ОК 41, 40, 31, 29, 30, 23 до ОК 21 (от ул. ""Паисий Хилендарски"" до ул. ""Водотечна""), с. Камено поле","Община Роман, област Враца",0.00000,0.00000,0.00000
5610,OP-24.001-2771,"Основен ремонт на ул. ""Васил Левски"" от ОК 91 през ОК 92, 94, 95, 96, 97, 98, 99, 100, 101 до ОК 102; от ОК 102 посока към ОК 52 до имот VI-169, кв. 12; заустване от ОК 102, 103, 104 до ОК 105, с. Караш","Община Роман, област Враца",0.00000,0.00000,0.00000
5610,OP-24.001-2772,"Основен ремонт на ул. ""Пейо Яворов"" от ОК 184 през ОК 185, 186, 72, 71, 70, 69 до ОК 39 (от ул. ""Цар Симеон I"" до ул. ""Любен Каравелов""), с. Хубавене","Община Роман, област Враца",0.00000,0.00000,0.00000
5610,OP-24.001-2773,"Основен ремонт на улица ""Васил Левски"" от ОК 127 през ОК 103, 128, 129, до връзката с път SFO 2046, с. Курново","Община Роман, област Враца",0.00000,0.00000,0.00000
5610,OP-24.001-2774,"Ремонт на улица ""Св. св. Кирил и Методий"" от ОК 89 през 43, 47, 46, 45, 43, 42, 41, 38, 37, 36, 23, 24 до 25, с. Радовене – I етап","Община Роман, област Враца",0.00000,0.00000,0.00000
5610,OP-24.001-2775,"Основен ремонт на ул. ""Околчица"" от ОК 81 през 82,83,84 до ОК 98 от ул. ""Цар Борис I"" до ул. ""Ген. Столетов"" – с. Синьо бърдо","Община Роман, област Враца",0.00000,0.00000,0.00000
5610,OP-24.001-2776,"Основен ремонт на улица ""Момина сълза"" от ОК 138 през ОК 135 до ОК 134 (от ул. ""Цар Борис I"" до ул. "" Ст. Караджа""), с. Хубавене","Община Роман, област Враца",0.00000,0.00000,0.00000
5610,OP-24.001-2777,"Основен ремонт на ул. ""Цар Симеон I"" от ОК 133 през ОК 132, 131, 130, 127, с. Курново","Община Роман, област Враца",0.00000,0.00000,0.00000
5610,OP-24.001-2778,"Основен ремонт на ул. ""Страцин"" от ОК 71 през 72 до ОК 73 (от ул. ""Христо Ботев"" до ул. ""Цар Симеон I""), с. Синьо бърдо","Община Роман, област Враца",0.00000,0.00000,0.00000
5610,OP-24.001-2779,"Основен ремонт на ул. ""Алеко Константинов"" от ОК 99 до ОК 98, с. Стояновци","Община Роман, област Враца",0.00000,0.00000,0.00000
5610,OP-24.001-2780,"Основен ремонт на ул. ""Страцин"" от ОК 69 до ОК 70, от ул. ""Н. Вапцаров"" до ул. ""Христо Ботев"", с. Синьо бърдо","Община Роман, област Враца",0.00000,0.00000,0.00000
5610,OP-24.001-2781,"Основен ремонт на ул. ""Търговска"" от ОК 25 до ОК 35, с. Стояновци","Община Роман, област Враца",0.00000,0.00000,0.00000
5611,OP-25.001-0389,Ремонт и рехабилитация на околовръстен път с. Хайредин,"Община Хайредин, област Враца",0.00000,0.00000,0.00000
5611,OP-24.001-1847,"Ремонт и реконструкция на съществуваща сграда в Домашен социален патронаж, находящ се в УПИ XVIII, пл. № 1849, кв. 111","Община Хайредин, област Враца",0.00000,0.00000,0.00000
5611,OP-24.001-0476,"Строително-ремонтни дейности на ДГ ""Славейче"" – филиална група, с. Рогозен, общ. Хайредин, обл. Враца","Община Хайредин, област Враца",0.00000,0.00000,0.00000
5701,OP-24.001-0483,"Водоснабдяване на група села: Велковци, Кметчета, Лесичарка, Карали, Костенковци, Стойчовци, Драгомани, Тодорчета, Междене, Узуни и Старилковци от вътрешната водопроводна мрежа на гр. Габрово","Община Габрово, област Габрово",0.00000,0.00000,0.00000
5701,OP-24.001-0479,"Благоустрояване на парк ""Баждар"", гр. Габрово","Община Габрово, област Габрово",0.00000,0.00000,0.00000
5701,OP-24.001-0477,"Реконструкция на улица ""Свищовска"" и ул. ""Транспортна"", гр. Габрово","Община Габрово, област Габрово",1841.14966,0.00000,1841.14966
5701,OP-24.001-2396,"Основен ремонт на общински път GAB1027/I-5, Габрово – Казанлък/ – кв. ""Етъра"" – кв. ""Шумели"" – кв. ""Ябълка"" от км 0+000 до км 2+025","Община Габрово, област Габрово",0.00000,0.00000,0.00000
5701,OP-24.001-1848,"Водоснабдяване и канализация на район ""Зоопарка"" и зона ""Градище"", гр. Габрово","Община Габрово, област Габрово",10.27200,0.00000,10.27200
5701,OP-24.001-1854,"Нoв парк в кв. ""Младост"", гр. Габрово – УПИ II – за ЕСП училище, кв. 54 по плана на кв. ""Младост"", гр. Габрово – I етап, V част, ПИ 14218.501.1143 по КККР","Община Габрово, област Габрово",0.00000,0.00000,0.00000
5701,OP-24.001-1856,"Реконструкция на водопровод и възстановяване на настилки по улици в кв. ""Априлово"", гр. Габрово – ул. ""Ножарска"", ул. ""Слънчев дол"", ул. ""Казашка"", ул. ""Въстаническа"", пл. ""Добри Пенчев""","Община Габрово, област Габрово",82.15050,0.00000,82.15050
5701,OP-24.001-1849,"Основен ремонт на пътна естакада в Северната промишлена зона на гр. Габрово за квартал ""Трендафила"", град Габрово","Община Габрово, област Габрово",0.00000,471.96454,471.96454
5701,OP-24.001-0480,"Изграждане на кръгово кръстовище при бул. ""Васил Априлов"" и ул. ""Юрий Венелин"", гр. Габрово","Община Габрово, област Габрово",736.00133,0.00000,736.00133
5701,OP-24.001-2393,"Изграждане на прожекторна осветителна уредба на терена на стадион ""Христо Ботев"", находящ се в УПИ I (ПИ 14218.515.378), кв. 193, гр. Габрово, общ. Габрово","Община Габрово, област Габрово",0.00000,0.00000,0.00000
5701,OP-24.001-0478,Основен ремонт GAB 1018 /ІІІ – 4403/ – Габрово – Киевци – /ІІІ – 5004/,"Община Габрово, област Габрово",0.00000,0.00000,0.00000
5701,OP-24.001-2394,"Основен ремонт на стадион ""Априлов"", гр. Габрово","Община Габрово, област Габрово",0.00000,0.00000,0.00000
5701,OP-24.001-2395,"Основен ремонт на общински път GAB1028/GAB1027/ – кв. ""Етъра"" – кв. ""Водици"" – Соколски манастир ""Успение Богородично"", от км 0+000 до км 4+300","Община Габрово, област Габрово",0.00000,0.00000,0.00000
5701,OP-24.001-0481,"Основен ремонт на улица ""Христо Ботев"", град Габрово","Община Габрово, област Габрово",721.75301,0.00000,721.75301
5701,OP-24.001-1850,"Преустройство на част от сграда за социални дейности /част от корпус А и корпус В на бивш Дом ""Майка и дете""/ за обособяване на Център за интегрирани здравно-социални услуги","Община Габрово, област Габрово",0.00000,0.00000,0.00000
5701,OP-24.001-1851,"Аварийно укрепване на терен зад спортно хале на стадион ""Христо Ботев"" – гр. Габрово","Община Габрово, област Габрово",613.31590,0.00000,613.31590
5701,OP-24.001-1852,"Аварийно укрепване на брега на река Янтра при ул. ""Иван Калпазанов"", град Габрово","Община Габрово, област Габрово",0.00000,0.00000,0.00000
5701,OP-24.001-2784,"Ремонт улично осветление, тротоарни настилки, благоустрояване ул. ""Брянска"" и ул. ""Христо Смирненски""","Община Габрово, област Габрово",0.00000,0.00000,0.00000
5701,OP-24.001-1855,"Основен ремонт на улица ""Петър Михов"" и прилежащи пространства, гр. Габрово","Община Габрово, област Габрово",0.00000,0.00000,0.00000
5701,OP-24.001-2791,Основен ремонт на улици в с. Враниловци,"Община Габрово, област Габрово",0.00000,0.00000,0.00000
5701,OP-24.001-2797,Основен ремонт на улици в с. Яворец,"Община Габрово, област Габрово",0.00000,0.00000,0.00000
5701,OP-24.001-2794,Основен ремонт на улици в с. Поповци,"Община Габрово, област Габрово",0.00000,0.00000,0.00000
5701,OP-24.001-2785,"Хале за карнавална работилница в ПИ с идентификатор 14218.550.196 по КККР, отреден за УПИ I – СП ""БКС"", кв. 31Д по плана на гр. Габрово – 72 част","Община Габрово, област Габрово",0.00000,0.00000,0.00000
5701,OP-24.001-2796,Основен ремонт на улици в с. Стоевци,"Община Габрово, област Габрово",0.00000,0.00000,0.00000
5701,OP-24.001-2790,Основен ремонт на улици в с. Борики,"Община Габрово, област Габрово",0.00000,0.00000,0.00000
5701,OP-24.001-2793,Основен ремонт на улици в с. Новаковци,"Община Габрово, област Габрово",0.00000,0.00000,0.00000
5701,OP-24.001-1853,"Аварийно укрепване на пътно платно на ул. ""Негенска"", град Габрово","Община Габрово, област Габрово",0.00000,0.00000,0.00000
5701,OP-24.001-2783,"Благоустрояване пространство между ул. ""Напредък"", ул. ""Златна нива"" и ул. ""Зелена ливада"", кв. 58 и УПИ X – общ. обсл., кв. 57","Община Габрово, област Габрово",0.00000,0.00000,0.00000
5701,OP-24.001-0482,"Проектиране за обект: Водоснабдяване на група села: Седянковци, Свинарски дол, Ветрово, Читаковци, Шипчени и Сейковци, от вътрешната водопроводна мрежа на гр. Габрово","Община Габрово, област Габрово",0.00000,0.00000,0.00000
5701,OP-24.001-2803,"Основен ремонт на ул. ""Палатките"", град Габрово","Община Габрово, област Габрово",0.00000,0.00000,0.00000
5701,OP-24.001-2792,Основен ремонт на улици в с. Жълтеш,"Община Габрово, област Габрово",0.00000,0.00000,0.00000
5701,OP-24.001-0484,"Проектиране за обект: Водоснабдяване на група села: Шарани, Банковци, Гръблевци, Солари, Иванили, Парчовци, Спанци и Гайкини, от вътрешната водопроводна система на гр. Габрово","Община Габрово, област Габрово",0.00000,0.00000,0.00000
5701,OP-24.001-2795,Основен ремонт на улици в с. Райновци,"Община Габрово, област Габрово",0.00000,0.00000,0.00000
5701,OP-24.001-2397,"Основен ремонт на общински път GAB2026/I-5, Габрово/ – Борики – Източник /GAB3036/ – км 0+000 до км 8+700","Община Габрово, област Габрово",0.00000,0.00000,0.00000
5701,OP-24.001-2782,"Изграждане на спортен комплекс в кв. ""Трендафил"" в УПИ I, кв. 36, град Габрово","Община Габрово, област Габрово",0.00000,0.00000,0.00000
5701,OP-24.001-2798,"Изграждане на улично осветление на ул. ""Д-р Илиев – Детския""","Община Габрово, област Габрово",0.00000,0.00000,0.00000
5701,OP-24.001-2786,"Основен ремонт на сградата на Дом на културата, с. Враниловци, община Габрово","Община Габрово, област Габрово",0.00000,0.00000,0.00000
5701,OP-24.001-2800,"Изграждане на районно осветление в междублоково пространство на ул. ""Зелена ливада"" от № 16 до № 38","Община Габрово, област Габрово",0.00000,0.00000,0.00000
5701,OP-24.001-2788,"Основен ремонт на сградата на Народно читалище ""Христо Ботев – 1923"", с. Драгановци, община Габрово","Община Габрово, област Габрово",0.00000,0.00000,0.00000
5701,OP-24.001-2789,"Основен ремонт на сградата на Народно читалище ""Васил Левски – 1922"", с. Яворец, община Габрово","Община Габрово, област Габрово",0.00000,0.00000,0.00000
5701,OP-24.001-2787,"Основен ремонт на сградата на Народно читалище ""Паисий Хилендарски – 1909"", с. Гъбене, община Габрово","Община Габрово, област Габрово",0.00000,0.00000,0.00000
5701,OP-24.001-2799,Изграждане на улично осветление на ул. Житарска,"Община Габрово, област Габрово",0.00000,0.00000,0.00000
5701,OP-25.001-0391,"Изпълнение на основен ремонт на общински път GAB 2026 / I-5, Габрово/ – Борики – Източник /GAB 3036/ – км 0+000 до км 8+700","Община Габрово, област Габрово",0.00000,0.00000,0.00000
5701,OP-25.001-0392,"Основен ремонт на ул. ""Индустриална"" от о.т. 113 до о.т. 177 в гр. Габрово","Община Габрово, област Габрово",0.00000,0.00000,0.00000
5701,OP-25.001-0393,"Изграждане административна сграда, трибуни и паркинг в ПИ 14218.515.378, стадион ""Христо Ботев"" в гр. Габрово","Община Габрово, област Габрово",0.00000,0.00000,0.00000
5701,OP-24.001-2801,"Реконструкция и модернизация на плувен басейн в СУ ""Отец Паисий"", град Габрово","Община Габрово, област Габрово",0.00000,0.00000,0.00000
5701,OP-25.001-0390,"Ремонт на обслужващи помещения към басейни в сграда на Природоматематическа гимназия ""Акад. Иван Гюзелев"", град Габрово","Община Габрово, област Габрово",0.00000,0.00000,0.00000
5702,OP-24.001-0485,"Реконструкция на общински път GAB3122 /ІІІ – 609, Трявна – Дряново / Царева ливада – Граница общ. (Дряново – Габрово) – Донино – / ІІІ – 5524 /","Община Дряново, област Габрово",2858.60000,0.00000,2858.60000
5702,OP-24.001-0486,"Реконструкция на общински път GAB3119 /III – 609, Трявна – Царева ливада/ – Бучуковци","Община Дряново, област Габрово",2358.40000,0.00000,2358.40000
5702,OP-24.001-0489,"Ремонт и обновяване на площадно пространство, част от ул. ""Стефан Стамболов"" в гр. Дряново","Община Дряново, област Габрово",1193.05540,0.00000,1193.05540
5702,OP-24.001-0490,"Подпорна стена на десен бряг на р. Дряновска в района на автогара от съществуваща пасарелка за жп гара до стадион ""Локомотив"" с пешеходна алея","Община Дряново, област Габрово",0.00000,0.00000,0.00000
5702,OP-24.001-0487,Реконструкция на висока зона ВВМ в с. Гостилица,"Община Дряново, област Габрово",977.61616,0.00000,977.61616
5702,OP-24.001-1858,"Ремонт фасади, вътрешен ремонт и вертикална планировка на съществуваща административна сграда – УПИ II, кв. 8 по плана на с. Ганчовец, общ. Дряново, обл. Габрово","Община Дряново, област Габрово",348.99946,0.00000,348.99946
5702,OP-24.001-0494,"Площад, зеленина и паркинг в УПИ I, кв. 83, гр. Дряново","Община Дряново, област Габрово",221.28267,0.00000,221.28267
5702,OP-24.001-0491,Проектиране на Пречиствателна станция за отпадъчни води град Дряново и довеждащ колектор към нея,"Община Дряново, област Габрово",0.00000,0.00000,0.00000
5702,OP-24.001-0492,Водоснабдяване на село Чуково,"Община Дряново, област Габрово",135.27806,0.00000,135.27806
5702,OP-24.001-0493,"Реконструкция на общински пътища/участъци от общински пътища GAB1111, GAB2114, GAB3110, GAB3112, GAB3125, GAB3133, GAB3139, GAB3140 и GAB3142","Община Дряново, област Габрово",167.30000,0.00000,167.30000
5702,OP-24.001-2804,"Основен ремонт на улица ""Филип Тотьо"" – от ОТ 544 до ОТ 552","Община Дряново, област Габрово",0.00000,0.00000,0.00000
5702,OP-24.001-2805,"Основен ремонт на улица ""Панайот Хитов"" – от ОТ 540 до ОТ 551","Община Дряново, област Габрово",0.00000,0.00000,0.00000
5702,OP-24.001-2806,"Основен ремонт на улица ""Петър Пармаков"" – от ОТ 523 до ОТ 539","Община Дряново, област Габрово",0.00000,0.00000,0.00000
5702,OP-24.001-2807,"Основен ремонт на улица ""Георги Измирлиев"" – от ОТ 524 до ОТ 538","Община Дряново, област Габрово",0.00000,0.00000,0.00000
5702,OP-25.001-0394,"Благоустрояване и изграждане на парк в ПИ 23947.501.9767 по КККР на гр. Дряново, за който е отреден УПИ I ""Озеленяване и детска площадка"", кв. 20 по ПУП на гр. Дряново","Община Дряново, област Габрово",0.00000,0.00000,0.00000
5703,OP-24.001-3100,"Реконструкция на вътрешноводопроводната мрежа на с. Дамяново, община Севлиево","Община Севлиево, област Габрово",0.00000,0.00000,0.00000
5703,OP-24.001-3097,"Инженеринг – проектиране, изпълнение на строително-монтажни работи и упражняване на авторски надзор на обект ""Реконструкция на GAB1182""","Община Севлиево, област Габрово",0.00000,0.00000,0.00000
5703,OP-24.001-0497,"Изграждане на спортно-тренировъчна зала ""Севлиево"", УПИ I /за спортен комплекс към парк ""Казармите""/, кв. 11, гр. Севлиево","Община Севлиево, област Габрово",0.00000,0.00000,0.00000
5703,OP-24.001-3098,"Проектиране, изпълнение на строително-монтажни работи и упражняване на авторски надзор на обект: ""Основен ремонт на улици в град Севлиево""","Община Севлиево, област Габрово",0.00000,0.00000,0.00000
5703,OP-24.001-3099,"Проектиране, изпълнение на строително-монтажни работи и упражняване на авторски надзор на обект: ""Основен ремонт на улична настилка и водопроводи по улици в град Севлиево""","Община Севлиево, област Габрово",0.00000,0.00000,0.00000
5703,OP-24.001-3101,"Проектиране, изпълнение на строително-монтажни работи и упражняване на авторски надзор на обект: ""Реконструкция на участък от GAB3161""","Община Севлиево, област Габрово",0.00000,0.00000,0.00000
5703,OP-24.001-0498,"Изграждане на футболно игрище с изкуствена трева, УПИ I, кв. 80 по плана на град Севлиево","Община Севлиево, област Габрово",0.00000,0.00000,0.00000
5703,OP-24.001-3102,"Проектиране, изпълнение на строително-монтажни работи и упражняване на авторски надзор на обект ""Реконструкция на улица ""Стара планина"" в с. Шумата, община Севлиево""","Община Севлиево, област Габрово",0.00000,0.00000,0.00000
5703,OP-24.001-0499,"Обновяване на прилежащата територия на Дом на културата ""Мара Белчева"" в УПИ IX, кв. 53, гр. Севлиево","Община Севлиево, област Габрово",0.00000,0.00000,0.00000
5703,OP-24.001-3103,"Проектиране, изпълнение на строително-монтажни работи и упражняване на авторски надзор на обект: ""Реконструкция на участък от GAB1176""","Община Севлиево, област Габрово",0.00000,0.00000,0.00000
5703,OP-24.001-0500,"Реконструкция на уличните водопроводи в централната градска част на Севлиево, Подобект: Етап IV, Етап V, Етап VI, Етап VII, Етап VIII, Етап IX, Етап X, Етап XI, Етап XII, Етап XIII, Етап XIV и Етап XV, с обща дължина 2854,00 м","Община Севлиево, област Габрово",0.00000,0.00000,0.00000
5703,OP-24.001-2398,"Изработване на технически проект за основен ремонт и благоустрояване на улици в община Севлиево, Подобект 3: ""Основен ремонт и благоустрояване на улици с. Ряховците""; 3.1. Основен ремонт и благоустройство на ул. ""23-и септември""; 3.2. Основен ремонт и благоустрояване на ул. ""Марица""","Община Севлиево, област Габрово",0.00000,0.00000,0.00000
5703,OP-24.001-2399,"Изработване на технически проект за основен ремонт и благоустрояване на улици в община Севлиево, Подобект 4: ""Основен ремонт и благоустрояване на улици в с. П. Славейков""; 4.1. Основен ремонт и благоустройство на ул. ""Шипка""; 4.2. Основен ремонт и благоустрояване на ул. ""Ехо""; 4.3. Основен ремонт и благоустройство на ул. ""Обзор""; 4.4. Основен ремонт и благоустройство на ул. ""Радост""","Община Севлиево, област Габрово",0.00000,0.00000,0.00000
5703,OP-24.001-2400,"Изработване на технически проект за основен ремонт и благоустрояване на улици в община Севлиево, Подобект 1: ""Основен ремонт и благоустрояване на улици в с. Крушево""; 1.1. Основен ремонт и благоустройство на ул. ""9 май""; 1.2. Основен ремонт и благоустрояване на ул. ""23 герои""","Община Севлиево, област Габрово",0.00000,0.00000,0.00000
5703,OP-24.001-2401,"Изработване на технически проект за основен ремонт и благоустрояване на улици в община Севлиево, Подобект 2: ""Основен ремонт и благоустрояване на улици с. Градница""; 2.1. Основен ремонт и благоустройство на ул. ""Дунав""; 2.2. Основен ремонт и благоустрояване на ул. ""Пирин""","Община Севлиево, област Габрово",0.00000,0.00000,0.00000
5704,OP-24.001-1859,"Внедряване на мерки за енергийна ефективност в сграда за здравно заведение, находяща се в УПИ I, кв. 23 по плана на гр. Трявна, с административен адрес: ул. ""Лясков дял"" № 1, Етап 1 – Внедряване на мерки за енергийна ефективност в блок 1, блок 2 и блок 3 от сграда за здравно заведение, находяща в УПИ I, кв. 23 по плана на гр. Трявна, с административен адрес ул. ""Лясков дял"" № 1","Община Трявна, област Габрово",0.00000,0.00000,0.00000
5704,OP-24.001-0503,"Рехабилитация и/или реконструкция на участък от общински път GAB 2276, община Трявна /с. Престой – с. Бахреци/","Община Трявна, област Габрово",0.00000,0.00000,0.00000
5704,OP-24.001-0505,"Рехабилитация и/или реконструкция на участък от общински път GAB 3303, община Трявна","Община Трявна, област Габрово",0.00000,0.00000,0.00000
5704,OP-25.001-0395,Основен ремонт и рехабилитация на общински път GAB 3307 в община Трявна,"Община Трявна, област Габрово",0.00000,0.00000,0.00000
5704,OP-24.001-0504,"Рехабилитация и/или реконструкция на участък от общински път GAB 2276, община Трявна","Община Трявна, област Габрово",1609.93332,0.00000,1609.93332
5704,OP-25.001-0396,Основен ремонт и рехабилитация на участък от общински път GAB 2275 в община Трявна,"Община Трявна, област Габрово",0.00000,0.00000,0.00000
5704,OP-24.001-0507,"Благоустрояване на УПИ IX-3067 ""За обществено обслужване и спортни дейности"", кв. 51 по плана на град Трявна""","Община Трявна, област Габрово",0.00000,0.00000,0.00000
5704,OP-24.001-0511,Реконструкция на улици в община Трявна – етап 2,"Община Трявна, област Габрово",0.00000,0.00000,0.00000
5704,OP-24.001-0508,Изготвяне на технически проект за нуждите на община Трявна,"Община Трявна, област Габрово",0.00000,0.00000,0.00000
5704,OP-24.001-0506,"Водоснабдяване поземлени имоти в местностите Данова поляна и Вареницата, землище Трявна и землище Черновръх, община Трявна, област Габрово","Община Трявна, област Габрово",0.00000,0.00000,0.00000
5704,OP-24.001-2808,"Изготвяне на технически проект за рехабилитация и/или реконструкция на улици в с. Престой, община Трявна","Община Трявна, област Габрово",0.00000,0.00000,0.00000
5704,OP-24.001-0510,Изготвяне на технически проект за нуждите на община Трявна,"Община Трявна, област Габрово",0.00000,0.00000,0.00000
5704,OP-24.001-2809,Изготвяне на технически проект за реконструкция и/или рехабилитация на участък от общински път GAB 2276,"Община Трявна, област Габрово",0.00000,0.00000,0.00000
5704,OP-24.001-1860,Изготвяне на технически проект за подмяна на съществуващ довеждащ водопровод Гръбчево – Трявна,"Община Трявна, област Габрово",0.00000,0.00000,0.00000
5801,OP-24.001-0512,"Рехабилитация на общински път DOB 1047 с дължина 9130,00 м.л.","Община Балчик, област Добрич",0.00000,0.00000,0.00000
5801,OP-24.001-1864,"DOB 1047 – / III-296 / – Василево – Балканци – граница община (Ген. Тошево – Балчик) – Дропла – Преспа – Сенокос – Храброво/ DOB 1107 /; участък от с. Дропла (до табелата), общ. Балчик, до граница на землището на с. Василево, общ. Ген. Тошево с дължина 4500,00 метра","Община Балчик, област Добрич",0.00000,0.00000,0.00000
5801,OP-24.001-0513,"Рехабилитация на част от водопроводната мрежа в с. Кранево – ул. ""Приморска"" и ул. ""Дунав""","Община Балчик, област Добрич",0.00000,0.00000,0.00000
5801,OP-24.001-1865,"Изграждане на Спортен комплекс в кв. ""Балик"", Етап 2 – Спортна зала, игрища за волейбол и баскетбол, алейна мрежа","Община Балчик, област Добрич",0.00000,0.00000,0.00000
5801,OP-24.001-1863,"Рехабилитация на път DOB 3016 от кръстовище с ул. ""Златко Петков"" по плана на гр. Балчик, до кръстовище с път I-9 (E87)","Община Балчик, област Добрич",0.00000,0.00000,0.00000
5801,OP-24.001-1862,"Рехабилитация на път DOB 1010 (III-902, Оброчище – Кичево/ – Кранево /I-9); у-к от км 0+000 до км 2+253,91","Община Балчик, област Добрич",0.00000,0.00000,0.00000
5801,OP-24.001-1866,"Рехабилитация на ул. ""Варненска"" – гр. Балчик – участък от ул. ""Стара планина"" до главен път I-9 (E87); участък от км 0+000 до км 1+481,52 (DOB 1011)","Община Балчик, област Добрич",0.00000,0.00000,0.00000
5802,OP-24.001-1867,"Рехабилитация на път DOB3045 /III-296, Генерал Тошево-Преселенци/ – с. Писарово от км 0+000 до км 3+500","Община Генерал Тошево, област Добрич",0.00000,0.00000,0.00000
5802,OP-24.001-0514,"Рехабилитация на път DOB /III-296, Генерал Тошево – Василевоа – Каварна/ – с. Средина от км 0+000 до км 4+700; етапност на строителството: Етап I – участък от км 0+005,7 до км 4+030","Община Генерал Тошево, област Добрич",0.00000,0.00000,0.00000
5802,OP-24.001-1869,"Подобряване на енергийната ефективност на сградата на СУ ""Никола Й. Вапцаров"", гр. Генерал Тошево","Община Генерал Тошево, област Добрич",0.00000,0.00000,0.00000
5802,OP-24.001-1870,"Енергийно обновяване на ДГ ""Пролет"" в УПИ I-1884, кв. 104, гр. Генерал Тошево","Община Генерал Тошево, област Добрич",376.73017,0.00000,376.73017
5802,OP-24.001-0515,"Проектиране и авторски надзор на обект: ""Рехабилитация на улица ""Димитър Благоев"" – ""Трети март"", гр. Генерал Тошево""","Община Генерал Тошево, област Добрич",0.00000,0.00000,0.00000
5802,OP-25.001-0397,"Подмяна на улични водопроводи в следните населени места на територията на община Генерал Тошево: Подобект 1: Подмяна на водопровод по улица ""Четвърта"", с. Балканци; Подобект 2: Подмяна на водопровод по улица ""Първа"", с. Житен; Подобект 3: Подмяна на водопровод по улица ""Първа"", с. Йовково; Подобект 4: Подмяна на водопровод по улица ""Първа"", с. Равнец; Подобект 5: Подмяна на водопровод по улична мрежа в село Росен – улица ""Първа""; Подобект 6: Подмяна на водопровод по улична мрежа в село Чернооково – улица ""Шеста"", от ок. 5 до ок. 38, и улица ""Десета"" от ок. 38 до ок. 31""; Подобект 7: Подмяна на водопровод по улична мрежа в село Спасово – улица ""Първа"", от ок. 59 до ок. 76""; Подобект 8: Подмяна на водопровод по улична мрежа в село Кардам – улица ""Опълченска""; Подобект 9: Подмяна на водопровод улица ""Първа"", с. Великово","Община Генерал Тошево, област Добрич",0.00000,0.00000,0.00000
5802,OP-25.001-0399,"Реконструкция на улични настилки в населени места в община Генерал Тошево, както следва: Подобект 1: Улица ""Четвърта"", с. Балканци; Подобект 2: Улица ""Първа"", с. Житен; Подобект 3: Улица ""Първа"", с. Йовково; Подобект 4: Улица ""Първа"", с. Равнец; Подобект 5: Улица ""Първа"", с. Росен; Подобект 6: Улица ""Опълченска"", с. Кардам; Подобект 7: Улица ""Шеста"" от ок. 5 до ок. 38 и улица ""Десета"" от ок. 38 до ок. 31, с. Чернооково","Община Генерал Тошево, област Добрич",0.00000,0.00000,0.00000
5802,OP-25.001-0398,"Реконструкция на улични настилки в населени места в община Генерал Тошево, както следва: Подобект 1: Улица ""Първа"", с. Пчеларово; Подобект 2: Улица ""Деветнадесета"", с. Пчеларово; Подобект 3: Улица ""Втора"", с. Василево; Подобект 4: Улица ""Пета"", с. Василево; Подобект 5: Улица ""Седма"", с. Преселенци; Подобект 6: Улица ""Оборище"", с. Кардам; Подобект 7: Улица ""Осемнадесета"", с. Спасово","Община Генерал Тошево, област Добрич",0.00000,0.00000,0.00000
5802,OP-25.001-0400,Ремонт на път DOB3039 / III – 2904/ Кардам – Спасово / – Рогозина от км 0+000 до км 1+100,"Община Генерал Тошево, област Добрич",0.00000,0.00000,0.00000
5802,OP-25.001-0401,Ремонт на път DOB3039 / III – 2904/ Кардам – Спасово / – Чернооково от км 0+000 до км 0+520,"Община Генерал Тошево, област Добрич",0.00000,0.00000,0.00000
5803,OP-24.001-2810,"Изграждане на Индустриален парк Добрич, в т.ч. довеждаща и вътрешна техническа инфраструктура, необходима за функционирането му","Община Добрич, област Добрич",0.00000,0.00000,0.00000
5803,OP-24.001-0520,"Реконструкция на вътрешноразпределителна водопроводна мрежа за кв. ""Рилци"" – етапи II, III, IV и V, гр. Добрич","Община Добрич, област Добрич",0.00000,0.00000,0.00000
5803,OP-24.001-0517,Нов облик на централен пазар в град Добрич и прилежащата му територия,"Община Добрич, област Добрич",478.63388,0.00000,478.63388
5803,OP-24.001-0518,"Битова канализация в кв. ""Рилци"" – етапи V и VI","Община Добрич, област Добрич",0.00000,0.00000,0.00000
5803,OP-24.001-0521,"Изграждане на нова сграда за Детска градина № 12 ""Щурче"", гр. Добрич","Община Добрич, област Добрич",0.00000,484.61812,484.61812
5803,OP-24.001-0522,"Укрепване на подпорна стена по ул. ""Христо Ботев"" и прилежащото стълбище, реконструкция на ул. ""Христо Ботев"" между бул. ""Русия"" и бул. ""Добруджа"", гр. Добрич","Община Добрич, област Добрич",0.00000,0.00000,0.00000
5803,OP-24.001-0536,"Основен ремонт на водопроводи и улична настилка по ул. ""Св. св. Кирил и Методий"" – промишлена зона ""Запад"", в участък с дължина 300 м","Община Добрич, област Добрич",0.00000,0.00000,0.00000
5803,OP-24.001-0537,"Основен ремонт на ул. ""Любен Каравелов"" и ул. ""Сан Стефано"" – кръстовище","Община Добрич, област Добрич",0.00000,0.00000,0.00000
5803,OP-24.001-0525,"Реконструкция на сградата на Детска градина № 17 ""Първи юни"", гр. Добрич","Община Добрич, област Добрич",0.00000,0.00000,0.00000
5803,OP-24.001-0524,"Основен ремонт и обновяване на Огледална зала ""Нели Божкова"", гр. Добрич","Община Добрич, област Добрич",0.00000,0.00000,0.00000
5803,OP-24.001-0535,"Изграждане на нова детска площадка на открито в кв. ""Рилци"", гр. Добрич","Община Добрич, област Добрич",0.00000,0.00000,0.00000
5803,OP-24.001-0529,"Основен ремонт на ул. ""Вежен"" в участъка от ул. ""Иван Шишман"" до ул. ""Стефан Караджа"", град Добрич","Община Добрич, област Добрич",0.00000,0.00000,0.00000
5803,OP-24.001-0533,"Основен ремонт и рехабилитация на ул. ""Вардар"" в участъка между бул. ""Русия"" и ул. ""Никола Петков""","Община Добрич, област Добрич",0.00000,0.00000,0.00000
5803,OP-24.001-0530,"Спортно-тренировъчно игрище с естествен терен за футбол и съблекални в парк ""Свети Георги"", гр. Добрич","Община Добрич, област Добрич",0.00000,0.00000,0.00000
5803,OP-24.001-0541,"Основен ремонт на детска площадка в градски парк ""Свети Георги"", гр. Добрич","Община Добрич, област Добрич",0.00000,0.00000,0.00000
5804,OP-24.001-0544,Основен ремонт на път DOB 1104 /III970/Добрич – Методиево/ – Победа – Полк. Минково – Котленци – Полк. Свещарово – Попгригорово/,"Община Добричка, област Добрич",1423.17425,0.00000,1423.17425
5804,OP-24.001-0545,Рехабилитация на общински път DOB2100 /III – 7106 Карапелит – Гешаново – Кочмар/ Карапелит – Медово – Бенковски /DOB1199 Жегларци – Бенковски – Владимирово/на територията на община Добричка,"Община Добричка, област Добрич",2044.88330,0.00000,2044.88330
5804,OP-24.001-2402,Рехабилитация на път DOB1108 – /III-293 Паскалево – Свобода/ – Росеново – Божурово – границата на община Добричка и община Крушари – Лозенец – DOB2176/ на територията на община Добричка – участък от км 2+760 до км 9+350,"Община Добричка, област Добрич",0.00000,0.00000,0.00000
5804,OP-24.001-0543,"Реконструкция на стадиона в село Дончево, ПИ 22988.45.44, община Добричка, област Добрич","Община Добричка, област Добрич",0.00000,0.00000,0.00000
5804,OP-24.001-0546,"Преустройство на част от сграда на Детска градина ""Здравец"", с. Стожер, в социална инфраструктура","Община Добричка, област Добрич",0.00000,0.00000,0.00000
5804,OP-25.001-0402,Основен ремонт на DOB 3101 / ІІ-71/Карапелит-Добрич /-Златия-Самуилово – ІІ-27/ участък от км 4+570 до км 10+140,"Община Добричка, област Добрич",0.00000,0.00000,0.00000
5804,OP-25.001-0403,Основен ремонт на път DOB1071 /ІІ-97-граница община Добрич-Добричка-Дончево-Опанец-Драганово/ в участъка от км 1+200 до км 3+280 и от км 4+270 до км 10+242,"Община Добричка, област Добрич",0.00000,0.00000,0.00000
5804,OP-25.001-0404,"Рехабилитация на DOB 1199 / ІІІ – 207, Векилски – Кочмар / Жегларци – Граница общ. (Тервел – Добричка) – Бенковски – Владимирово / ІІ – 27 / – от км 10+900 до км 17+530","Община Добричка, област Добрич",0.00000,0.00000,0.00000
5804,OP-25.001-0405,Основен ремонт на DOB 3101 / ІІ-71/Карапелит-Добрич /-Златия-Самуилово – ІІ-27/ – участък от км 0+030 до км 4+570,"Община Добричка, област Добрич",0.00000,0.00000,0.00000
5804,OP-25.001-0406,"Рехабилитация на улица 17 и улица 22, включително водопровод и СВО, с. Житница, община Добричка","Община Добричка, област Добрич",0.00000,0.00000,0.00000
5804,OP-25.001-0407,"Рехабилитация на улица 26-а, включително водопровод и СВО, в село Паскалево, община Добричка","Община Добричка, област Добрич",0.00000,0.00000,0.00000
5805,OP-24.001-2680,"Изграждане на част от улица ""Стефан Караджа"" от о.т. 83 до о.т. 79, съгласно РП на гр. Каварна, ПИ с идентификатор 35064.501.9506 по КККР на гр. Каварна, общ. Каварна","Община Каварна, област Добрич",0.00000,0.00000,0.00000
5805,OP-25.001-0023,"Основен ремонт и реконструкция на надлез, част от ул. ""Добротица"", над ул. ""Черноморска"" в гр. Каварна","Община Каварна, област Добрич",0.00000,0.00000,0.00000
5805,OP-24.001-0547,"Улична канализация от о.т. 1304 до о.т. 1301 на ул. ""Нефтяник"" и от о.т. 1301 до съществуваща РШ 483 на ул. ""Простор"" в гр. Каварна","Община Каварна, област Добрич",851.89867,0.00000,851.89867
5805,OP-24.001-0549,"Доизграждане на улична мрежа по ул. ""Андрей Василев-Амира"" от о.т. 604 до о.т. 615, ул. ""Христо Смирненски"" от о.т. 370 до о.т. 604, ул. ""Христо Ботев"" от о.т. 367 до о.т. 606 в гр. Каварна, в три етапа","Община Каварна, област Добрич",568.12178,0.00000,568.12178
5805,OP-24.001-0548,"Доизграждане на водопроводна мрежа по ул. ""Андрей Василев-Амира"" от о.т. 604 до о.т. 615, ул. ""Христо Смирненски"" от о.т. 370 до о.т. 604, ул. ""Христо Ботев"" от о.т. 367 до о.т. 606 в гр. Каварна, в три етапа","Община Каварна, област Добрич",486.22091,0.00000,486.22091
5806,OP-24.001-0550,Рехабилитация на общ. път DOB2171/III–7103/Телериг – Александрия/III-293/от км 0+000 до км 9+150,"Община Крушари, област Добрич",0.00000,0.00000,0.00000
5806,OP-24.001-0551,"Рехабилитация на улица ""Първа"" в с. Лозенец, община Крушари, област Добрич","Община Крушари, област Добрич",2884.29252,0.00000,2884.29252
5806,OP-24.001-0552,"Аварийно-възстановителни работи по дере, с. Северняк, община Крушари, област Добрич","Община Крушари, област Добрич",0.00000,0.00000,0.00000
5807,OP-24.001-0555,"Преустройство на сграда, предоставена от МС, в комплекс с общински жилища и трапезария","Община Тервел, област Добрич",0.00000,0.00000,0.00000
5807,OP-24.001-0554,Основен ремонт на път Жегларци – Бенковски (DOB 1199),"Община Тервел, област Добрич",1615.77035,0.00000,1615.77035
5807,OP-24.001-0553,Основен ремонт на път Безмер – Гуслар (DOB 1192),"Община Тервел, област Добрич",1418.45689,0.00000,1418.45689
5807,OP-24.001-1877,Рехабилитация на общински път DOB3193/DOB1192/Безмер – Мали Извор/ІІІ – 7102/,"Община Тервел, област Добрич",0.00000,0.00000,0.00000
5807,OP-24.001-0556,"Изграждане на инфраструктура на две новообразувани улици в гр. Тервел – водопровод, канализация, пътна настилка, улично осветление, тротоари","Община Тервел, област Добрич",0.00000,0.00000,0.00000
5807,OP-25.001-0408,"Основен ремонт на ул. ""11-а"" в с. Жегларци – от о.т. 13В до о.т. 16","Община Тервел, област Добрич",0.00000,0.00000,0.00000
5807,OP-24.001-1872,Преустройство на неизползваема сграда на детска градина за превръщането й в общинска пералня,"Община Тервел, област Добрич",0.00000,0.00000,0.00000
5807,OP-24.001-1874,"Основен ремонт на улица ""Четиринадесета"", с. Жегларци","Община Тервел, област Добрич",0.00000,0.00000,0.00000
5807,OP-24.001-1873,"Кръгово кръстовище между улица ""Тича"" /III 207 Ветрино – Кочмар – Тервел – Алфатар/, общински път DOB 3194 Тервел – Полковник Савово и улица ""Цар Калоян"" при входа на град Тервел","Община Тервел, област Добрич",127.41329,0.00000,127.41329
5807,OP-24.001-1875,"Основен ремонт на водопреносна мрежа на ул. ""2-ра"" в с. Божан","Община Тервел, област Добрич",0.00000,0.00000,0.00000
5807,OP-24.001-1878,"Основен ремонт на покриви с номера 4, 8, 9, 10 и изграждане на мълниезащита на покрива на сградата на Общинска администрация – Тервел","Община Тервел, област Добрич",0.00000,0.00000,0.00000
5807,OP-24.001-0557,"Изграждане на площадка за игра в ж.к. ""Изгрев"" в гр. Тервел","Община Тервел, област Добрич",0.00000,0.00000,0.00000
5807,OP-24.001-1876,"Основен ремонт на ул. ""Захари Стоянов"" в гр. Тервел","Община Тервел, област Добрич",12.11876,0.00000,12.11876
5807,OP-24.001-0558,"Основен ремонт на улица ""18-а"" в с. Зърнево","Община Тервел, област Добрич",0.00000,0.00000,0.00000
5808,OP-24.001-0560,Рехабилитация на общински път DOB2220 /I-9 – Ваклино – Смин – Черноморци – Захари Стояново/,"Община Шабла, област Добрич",2817.47193,0.00000,2817.47193
5808,OP-24.001-0561,"Реконструкция и рехабилитация на водоснабдителни системи и съоръжения в с. Граничар, с. Горун, с. Тюленово","Община Шабла, област Добрич",0.00000,0.00000,0.00000
5808,OP-24.001-0563,"Рехабилитация на ул. ""2-ри юни"" и ул. ""Червеноармейска"" в гр. Шабла, общ. Шабла","Община Шабла, област Добрич",0.00000,0.00000,0.00000
5808,OP-25.001-0409,"Доизграждане на ПСОВ гр. Шабла с довеждащи комуникации и частично доизграждане на довеждащ, заустващ канализационен колектор и вътрешна канализационна мрежа по определени улици – II-ри етап: Вътрешна канализационна мрежа по определени улици: L=2772 метра и сградни канализационни отклонения: 160 бр. – КК 1 – ул. ""Търновска"" (DN/ID300; L=999 м); ПИ 83017.504.4076; 4078; 4082; КК 2 – ул. ""Опълченска"" (DN/ID300; L=121 м); ПИ 83017.504.4081; КК 3 – ул. ""2-ри юни"" (DN/ID300; L=119 м); ПИ 83017.504.4083; КК 4 – ул. ""Черно море"" (DN/ID300; L=127 м); ПИ 83017.504.4084; 4089; КК 5 – ул. ""Търновска"" (DN/ID300; L=122 м); ПИ 83017.504.4090; КК 6 – ул. ""Опълченска"" и ул. ""Арда"" (DN/ID300; L=522 м) ПИ 83017.504.4081; 4017; 4085; 4088; КК 7 – ул. ""Ропотамо"" (DN/ID300; L=145 метра); ПИ 83017.504.4087; КК 8 – ул. ""2-ри юни"" (DN/ID300; L=91 метра); ПИ 83017.504.4083; КК 9 – ул. ""2-ри юни"" (DN/ID300; L=139 метра); ПИ 83017.504.4083; КК 10 – ул. ""Мак"" и ул. ""Ропотамо"" (DN/ID300; L=240 метра); ПИ 83017.504.4086; 4098; КК 11 – ул. ""Ропотамо"" (DN/ID300; L=57 метра); ПИ 83017.504.4098; КК 12 – ул. ""Ропотамо"" (DN/ID300; L=90 метра); ПИ 83017.504.4087","Община Шабла, област Добрич",0.00000,0.00000,0.00000
5808,OP-24.001-0562,"Реконструкция на ул. ""П. Българанов"" и площад ""Червено знаме"", гр. Шабла, в пешеходна зона","Община Шабла, област Добрич",0.00000,0.00000,0.00000
5808,OP-24.001-0559,Рехабилитация на общински път DOB1226 /III-901 – Тюленово – Горун – I-9/,"Община Шабла, област Добрич",611.90222,0.00000,611.90222
5808,OP-24.001-1883,"Проектиране и авторски надзор за обект: ""Основен ремонт, реконструкция и изграждане на нова техническа инфраструктура в гр. Шабла, община Шабла""","Община Шабла, област Добрич",0.00000,0.00000,0.00000
5808,OP-24.001-1879,"Проектиране и авторски надзор за обект: ""Основен ремонт, реконструкция и изграждане на нова техническа инфраструктура в СО ""Къмпинг – Добруджа"", община Шабла""","Община Шабла, област Добрич",0.00000,0.00000,0.00000
5808,OP-24.001-1880,"Проектиране и авторски надзор за обект: ""Основен ремонт, реконструкция и изграждане на нова техническа инфраструктура в СО ""Кария"", община Шабла""","Община Шабла, област Добрич",0.00000,0.00000,0.00000
5808,OP-24.001-1881,"Проектиране и авторски надзор за обект: ""Рехабилитация на общински път DOB1224 /III-901, Шабла-фар Шабла/ – езеро Шабленско езеро/ и общински път DOB1225 /DOB1224, Шабла – Шабленско езеро/ – езеро Шабленска тузла/""","Община Шабла, област Добрич",0.00000,0.00000,0.00000
5808,OP-24.001-1882,"Проектиране и авторски надзор за обект: ""Рехабилитация на общински път DOB2222 /I-9, Дуранкулак-Шабла/-Крапец-къмпинг Карвуна/"", от км 0+000 до км 3+610","Община Шабла, област Добрич",0.00000,0.00000,0.00000
5901,OP-24.001-1884,"Реконструкция и рехабилитация на общински път ""KRZ2003/ III-865, п.к. Стояново – Светулка/ – Седларци – Жълтуша – /KRZ1002/"" от км 0+000 до км 5+537","Община Ардино, област Кърджали",3529.91014,0.00000,3529.91014
5901,OP-24.001-0565,"Реконструкция и модернизация на зрителна зала в НЧ ""Родопска искра"" в гр. Ардино, община Ардино","Община Ардино, област Кърджали",0.00000,0.00000,0.00000
5901,OP-25.001-0768,Благоустрояване на централната зона на с. Жълтуша,"Община Ардино, област Кърджали",0.00000,0.00000,0.00000
5901,OP-24.001-0564,Обновяване и модернизиране на градската среда чрез благоустрояване на пешеходна крайречна зона и речното корито на р. Ардинска – гр. Ардино,"Община Ардино, област Кърджали",288.40000,0.00000,288.40000
5902,OP-24.001-2811,"Основен ремонт на улица ""8-ма"" през ОТ 373А-373Б-373В-143Б-143А-372А-372Б-380В-380А-381-138-137-136-142-135-134-463 до ОТ 355А и участък от улица ""6-а"" от ОТ 138-158 до ОТ 159 по ПУП на гр. Джебел, общ. Джебел","Община Джебел, област Кърджали",747.35947,0.00000,747.35947
5902,OP-24.001-0567,"Основен ремонт на улици ""Върбица"" – в участъка ОТ 157 – ОТ 189, ""Антарктида"", ""Григорий Чернобузов"", ""Надежда"", ""Чавдар Войвода"", ""Самуил"" – в участъка ОТ 157 – ОТ 213, ""Алада"" – в участъка ОТ 212 – ОТ 213, ""Кирил и Методий"" – в участъка ОТ 225 – ОТ 511, ""Еделвайс"" – в участъка ОТ 225 – ОТ 251, ""Васил Левски"" – в участъка ОТ 251 – ОТ 253 и ОТ 229 – ОТ 255а, и ""Тракия"" в участъка на ПИ с идент. 20746.501.1126 и 20746.501.1127 по КККР на гр. Джебел, по ПУП на гр. Джебел","Община Джебел, област Кърджали",1050.05879,0.00000,1050.05879
5902,OP-25.001-0102,"Укрепване на скат с подпорна стена L=54 метра в ПИ с идентификатор 207469.17.289 по КККР на гр. Джебел, община Джебел, област Кърджали","Община Джебел, област Кърджали",0.00000,0.00000,0.00000
5902,OP-24.001-1886,"Основен ремонт на градски стадион в УПИ I, кв. 12, по ПУП на гр. Джебел, общ. Джебел /ПИ с идентификатор 20746.501.262 по КККР на гр. Джебел","Община Джебел, област Кърджали",724.75960,0.00000,724.75960
5902,OP-24.001-1885,"Изграждане на закрит басейн за минерална вода в УПИ I, кв. 54, по ПУП на гр. Джебел, общ. Джебел /ПИ с идентификатор 20746.501.333 по КККР на гр. Джебел, общ. Джебел","Община Джебел, област Кърджали",686.49664,0.00000,686.49664
5902,OP-24.001-0570,"Благоустрояване на общински парк ""Горичката""","Община Джебел, област Кърджали",604.90000,0.00000,604.90000
5902,OP-24.001-0571,"Основен ремонт на ДГ ""Изгрев""","Община Джебел, област Кърджали",525.79024,0.00000,525.79024
5902,OP-24.001-0569,"Основен ремонт на ДГ ""Щастливо детство""","Община Джебел, област Кърджали",451.65724,0.00000,451.65724
5902,OP-24.001-0568,Основен ремонт на път KRZ3070 /ІІІ-508 – п.к. І-5 – Джебел/ – Плазище – мах. Горно Плазище от км 0+000 до 0+567; от км 0+593 до км 0+834 и от км 0+868 до км 2+604,"Община Джебел, област Кърджали",209.30131,0.00000,209.30131
5903,OP-24.001-0572,"Реконструкция и рехабилитация на улична мрежа, тротоари, съоръженията и принадлежностите към тях на територията на община Кирково, село Чакаларово","Община Кирково, област Кърджали",2053.43697,0.00000,2053.43697
5903,OP-24.001-0576,"Реконструкция, оборудване и обзавеждане на образователна инфраструктура на територията на община Кирково на обект ДГ ""Дъга"", с. Горно Кирково","Община Кирково, област Кърджали",671.10000,0.00000,671.10000
5903,OP-24.001-0577,"Реконструкция и рехабилитация на улична мрежа, тротоари, съоръженията и принадлежностите към тях на територията на община Кирково, село Чорбаджийско","Община Кирково, област Кърджали",571.89480,0.00000,571.89480
5903,OP-24.001-0578,"Реконструкция на улица ""Димитър Благоев"", с. Кирково, община Кирково","Община Кирково, област Кърджали",579.54922,0.00000,579.54922
5903,OP-24.001-0574,"Основно обновяване и модернизация на стадион в с. Бенковски, общ. Кирково, обл. Кърджали","Община Кирково, област Кърджали",0.00000,0.00000,0.00000
5903,OP-24.001-0575,Рехабилитация на общински път KRZ3141/KRZ2120/Върбен – Кърчовско/KRZ2121,"Община Кирково, област Кърджали",0.00000,0.00000,0.00000
5903,OP-25.001-0410,"Дофинансиране на обект: ""Масивен мост над р. Върбица, включително пътните подходи, при с. Еровете, община Кирково, област Кърджали""","Община Кирково, област Кърджали",0.00000,0.00000,0.00000
5903,OP-25.001-0411,"Основен ремонт на местен път в ПИ 57039.60.157 в землището на с. Подкова, община Кирково","Община Кирково, област Кърджали",0.00000,0.00000,0.00000
5904,OP-24.001-0579,"Рехабилитация на общински път KRZ 1215 Горна Кула – Долна Кула от км 0+000 до км 5+000, първи етап","Община Крумовград, област Кърджали",1570.70000,0.00000,1570.70000
5904,OP-24.001-0580,"Изграждане и благоустрояване на улица от ОТ 443 през ОТ 552, 554, 556, 557, 558, 559 до ОТ 560 и от ОТ 558 до ОТ 562 в гр. Крумовград","Община Крумовград, област Кърджали",30.49429,0.00000,30.49429
5904,OP-24.001-2812,"Реконструкция на път KRZ2219/III – 5906, Казак – Голямо Каменяне/ – Черничево – /III – 5904/ – участък от км 0+000 до км 8+028,47","Община Крумовград, област Кърджали",0.00000,0.00000,0.00000
5904,OP-24.001-0581,Надстройка на обслужваща сграда за спортен център с многофункционална зала,"Община Крумовград, област Кърджали",395.92906,0.00000,395.92906
5904,OP-24.001-2403,Реконструкция на път HKV2101/HKV2109/Маджарово – границата общ. /Маджарово – Крумовград/ – Бряговец,"Община Крумовград, област Кърджали",0.00000,0.00000,0.00000
5904,OP-24.001-2404,"Основен ремонт на път KRZ 1213 /III-509, Кукуряк – Токачка/ – Пашинци – Бук – Лъжичник от км 0+000 до км 5+560","Община Крумовград, област Кърджали",436.00000,0.00000,436.00000
5904,OP-24.001-2405,"Благоустрояване на част от градски парк с местонахождение: УПИ I, кв. 73, представляващ ПИ с ид. № 39970.501.956 по КК и КР на град Крумовград","Община Крумовград, област Кърджали",151.90810,0.00000,151.90810
5905,OP-24.001-0582,Основен ремонт на улици в град Кърджали,"Община Кърджали, област Кърджали",18639.02841,0.00000,18639.02841
5905,OP-24.001-0583,Основен ремонт на общинска пътна мрежа,"Община Кърджали, област Кърджали",16560.48392,0.00000,16560.48392
5905,OP-24.001-0584,"Благоустройство на междублокови пространства в най-големия квартал – кв. ""Възрожденци"" – Кърджали","Община Кърджали, област Кърджали",2056.57909,0.00000,2056.57909
5905,OP-25.001-0064,"Изграждане на младежки център в гр. Кърджали, община Кърджали, област Кърджали","Община Кърджали, област Кърджали",0.00000,0.00000,0.00000
5905,OP-25.001-0073,"Ремонт и доставка на оборудване и обзавеждане на спортен комплекс ""Арпезос""","Община Кърджали, област Кърджали",0.00000,0.00000,0.00000
5905,OP-24.001-0585,"Основен ремонт и въвеждане на мерки за енергийна ефективност на детски градини в гр. Кърджали /ДГ ""Здравец"", кв. ""Гледка"", ДГ ""Орфей"", кв. ""Веселчане"" и ДГ ""Щастие"", кв. ""Веселчане"", гр. Кърджали/","Община Кърджали, област Кърджали",0.00000,0.00000,0.00000
5905,OP-25.001-0120,"Спортна площадка с фитнес уреди и спортни атракции на открито в кв. ""Байкал"", гр. Кърджали","Община Кърджали, област Кърджали",0.00000,0.00000,0.00000
5906,OP-24.001-0586,"Преустройство, реконструкция и обновяване на съществуваща обществена сграда ""Лятно кино"" с цел обособяване на многофункционална общественообслужваща сграда с ритуална зала, зали за провеждане на културни дейности и лятно кино","Община Момчилград, област Кърджали",0.00000,0.00000,0.00000
5906,OP-24.001-0587,"Обновяване, реконструкция и архитектурно оформление на Централен градски площад – гр. Момчилград","Община Момчилград, област Кърджали",776.63406,0.00000,776.63406
5906,OP-24.001-1891,Обновяване на Градски парк Момчилград,"Община Момчилград, област Кърджали",0.00000,0.00000,0.00000
5906,OP-24.001-1890,"Благоустрояване на улици в квартали 103, 116, 117, 118, 119, 120, 121, 122, 123, гр. Момчилград, част: ВиК","Община Момчилград, област Кърджали",749.26958,0.00000,749.26958
5906,OP-24.001-1887,"Основен ремонт на улица ""Капитан Петко войвода"", ул. ""Стара планина"" и ул. ""Чучулига"" в гр. Момчилград и прилежащи площи към тях","Община Момчилград, област Кърджали",584.67272,0.00000,584.67272
5906,OP-24.001-0588,"Рехабилитация на път KRZ2375/ II – 59, Момчилград – Звездел / – мах. Ауста от км 0+000 до км 1+800 с дължина 1800 м","Община Момчилград, област Кърджали",661.97114,0.00000,661.97114
5906,OP-24.001-1888,"Обект: ""Рехабилитация на общински път KRZ 2378 /II-59, Звездел – Крумовград/ – Чайка – махала Търнене от км 0+000 до км 3+487""","Община Момчилград, област Кърджали",922.39997,0.00000,922.39997
5906,OP-24.001-1892,"Изграждане на метална конструкция на покрит пазар – обновяване на съществуващ градски пазар в УПИ ІV, кв. 33, гр. Момчилград","Община Момчилград, област Кърджали",459.81686,0.00000,459.81686
5906,OP-24.001-1889,"Рехабилитация на общински път КRZ2380/КRZ1370, Груево – Летовник/ – Свобода от км 0+000 до км 0+914,42 с дължина 0,9 км","Община Момчилград, област Кърджали",0.00000,0.00000,0.00000
5907,OP-24.001-0590,"Изграждане на площад със сцена в кв. 7, паркоустрояване и благоустрояване с места за спорт и отдих по плана на с. Черноочене – център","Община Черноочене, област Кърджали",0.00000,0.00000,0.00000
5907,OP-25.001-0093,"Основен ремонт на общински път З 2437/ИИ-58, Комунига – Тополово/Паничково, общ. Черноочене, обл. Кърджали","Община Черноочене, област Кърджали",0.00000,236.61539,236.61539
5907,OP-24.001-0589,"Рехабилитация на път KRZ 12435/II58, Габрово – Комунига/ Черна нива – Ново селище – Бакалите – /KRZ1343/ от км 0+000 до км 2+460","Община Черноочене, област Кърджали",832.28790,0.00000,832.28790
5907,OP-24.001-0591,"Рехабилитация на път KRZ 1434 (/KRZ1433 Черноочене Севдалина/Бели вир Каняк/KRZ1432/) – отбивка за село Яворово, община Черноочене","Община Черноочене, област Кърджали",0.00000,0.00000,0.00000
5907,OP-24.001-2813,"Благоустрояване и основен ремонт на улици от о.т. 16 до о.т. 8, улица от о.т. 104 до о.т. 91, улица от о.т. 76 до о.т. 75, УПИ II и IV от кв. 14, УПИ III от кв. 15 и детска площадка в УПИ II, кв. 20 по КРП на с. Черноочене, общ. Черноочене","Община Черноочене, област Кърджали",0.00000,0.00000,0.00000
6001,OP-24.001-0592,Рехабилитация и реконструкция на общински пътища – път KNL1013,"Община Бобов дол, област Кюстендил",0.00000,0.00000,0.00000
6001,OP-24.001-0594,Рехабилитация и реконструкция на общински пътища – път KNL1016,"Община Бобов дол, област Кюстендил",0.00000,0.00000,0.00000
6001,OP-24.001-0595,"Рехабилитация и реконструкция на улична мрежа в община Бобов дол, Бобов дол, вкл. проектиране – ул. ""Д. Благоев""","Община Бобов дол, област Кюстендил",0.00000,0.00000,0.00000
6001,OP-24.001-0593,"Реконструкция и рехабилитация на съществуващи улици: ул. ""В. Левски"" от път III-602 (Б. дол – Бабино) от о.т. 49-48-364-378-43, ул. ""Дъбрава"" от път III-602 (Б. дол – Бабино), кръстовище с ул. ""Ал. Янев"" от о.т. 31-34-37, ул. ""Дунав"" от път III-602 (Б. дол – Бабино) от о.т. 73-74-75, ул. ""Ал. Стамболийски"" от път III-623 (Б. дол – Жедна) от о.т. 114-111-63-61, тротоари и принадлежности към тях в гр. Бобов дол","Община Бобов дол, област Кюстендил",0.00000,364.66744,364.66744
6001,OP-24.001-1893,"Реконструкция и рехабилитация на ул. ""27-ми октомври"" – централна градска част, гр. Бобов дол","Община Бобов дол, област Кюстендил",0.00000,0.00000,0.00000
6001,OP-24.001-0600,"Рехабилитация и реконструкция на улична мрежа в община Бобов дол, Бобов дол, вкл. проектиране – ул. ""Стефан Стамболов""","Община Бобов дол, област Кюстендил",0.00000,0.00000,0.00000
6001,OP-24.001-0598,"Рехабилитация и реконструкция на улична мрежа в община Бобов дол, Бобов дол, вкл. проектиране – ул. ""Св. Спас""","Община Бобов дол, област Кюстендил",0.00000,0.00000,0.00000
6001,OP-24.001-0599,"Аварийно укрепване на ската западно на улица ""Свилен Русев"" в обхвата на блок № 57, № 58 и № 59, кв. ""Миньор"", град Бобов дол – IIб етап","Община Бобов дол, област Кюстендил",534.55884,0.00000,534.55884
6001,OP-24.001-0602,"Водопровод в гр. Бобов дол – Довеждащ водопровод от Хлораторно, ул. ""Хаджи Димитър"" до ул. ""Ал. Стамболийски"", кв. Христо Ботев – 1400 м","Община Бобов дол, област Кюстендил",0.00000,0.00000,0.00000
6001,OP-24.001-0603,"Водопровод в гр. Бобов дол – Довеждащ водопровод от Хлораторно до ул. ""Георги Димитров"" – 1400 м","Община Бобов дол, област Кюстендил",0.00000,0.00000,0.00000
6001,OP-24.001-0601,"Подпорни стени – ул. ""Георги Димитров"", при о.т. 106-107, гр. Бобов дол","Община Бобов дол, област Кюстендил",0.00000,0.00000,0.00000
6001,OP-24.001-0604,"Рехабилитация и реконструкция на улична мрежа в община Бобов дол, Бобов дол, вкл. проектиране – ул. ""Стубело""","Община Бобов дол, област Кюстендил",0.00000,0.00000,0.00000
6001,OP-24.001-0605,"Водопровод в гр. Бобов дол – Водопровод по ул. ""Стубело"", ул. ""Ивайло"", ул. ""Антим I"" – 1300","Община Бобов дол, област Кюстендил",0.00000,0.00000,0.00000
6001,OP-24.001-0612,"Подпорни стени – ул. ""Алекси Янев"", гр. Бобов дол – Наличен проект и РС","Община Бобов дол, област Кюстендил",0.00000,0.00000,0.00000
6001,OP-24.001-0606,"Водопровод в гр. Бобов дол – Водопровод по ул. ""Георги Димитров"" от о.т. до о.т. и кв. ""Южен – бл. 71, 72, 73, 74"" – 900","Община Бобов дол, област Кюстендил",0.00000,0.00000,0.00000
6001,OP-24.001-0607,"Рехабилитация и реконструкция на улична мрежа в община Бобов дол, Бобов дол, вкл. проектиране – ул. ""Никола Вапцаров""","Община Бобов дол, област Кюстендил",0.00000,0.00000,0.00000
6001,OP-24.001-0620,"Рехабилитация и реконструкция на улична мрежа в община Бобов дол, Бобов дол, вкл. проектиране – ул. ""Иван Вазов""","Община Бобов дол, област Кюстендил",0.00000,0.00000,0.00000
6001,OP-24.001-0608,"Водопровод в гр. Бобов дол – Довеждащ водопровод от Хлораторно, ул. с о.т. (Хоспис Бобов дол) до Градски парк – 700 м","Община Бобов дол, област Кюстендил",0.00000,0.00000,0.00000
6001,OP-24.001-0609,"Рехабилитация и реконструкция на улична мрежа в община Бобов дол, Бобов дол, вкл. проектиране – ул. с о.т. 31-33, с. Мала Фуча","Община Бобов дол, област Кюстендил",0.00000,0.00000,0.00000
6001,OP-24.001-0610,"Водопровод в гр. Бобов дол – Водопровод по ул. ""Цар. Симеон"" – 540","Община Бобов дол, област Кюстендил",0.00000,0.00000,0.00000
6001,OP-24.001-0611,"Рехабилитация и реконструкция на улична мрежа в община Бобов дол, Бобов дол, вкл. проектиране – ул. ""Кокиче"" с о.т. 30-19-18, с. Мламолово","Община Бобов дол, област Кюстендил",0.00000,0.00000,0.00000
6001,OP-24.001-0613,"Водопровод в гр. Бобов дол – Водопровод по ул. ""Пролет"" – 350","Община Бобов дол, област Кюстендил",0.00000,0.00000,0.00000
6001,OP-24.001-0614,"Рехабилитация и реконструкция на улична мрежа в община Бобов дол, Бобов дол, вкл. проектиране – ул. ""Еделвайс"" от о.т. до о.т., кв. Христо Ботев","Община Бобов дол, област Кюстендил",0.00000,0.00000,0.00000
6001,OP-24.001-0616,"Водопровод в гр. Бобов дол – Довеждащ водопровод от Хлораторно до ул. ""Димитър Благоев"" – 300 м","Община Бобов дол, област Кюстендил",0.00000,0.00000,0.00000
6001,OP-24.001-0617,"Рехабилитация и реконструкция на улична мрежа в община Бобов дол, Бобов дол, вкл. проектиране – ул. с о.т. 378-387, кв. Хр. Ботев","Община Бобов дол, област Кюстендил",0.00000,0.00000,0.00000
6001,OP-24.001-0619,"Водопровод в гр. Бобов дол – Довеждащ водопровод от Хлораторно до Хидрофор, кв. Миньор – 200 м","Община Бобов дол, област Кюстендил",0.00000,0.00000,0.00000
6001,OP-24.001-0621,"Водопровод в гр. Бобов дол – Водопровод по ул. ""Люляк"" – 140","Община Бобов дол, област Кюстендил",0.00000,0.00000,0.00000
6001,OP-24.001-0622,"Водопровод в гр. Бобов дол – Водопровод по ул. ""Младост"" – 130","Община Бобов дол, област Кюстендил",0.00000,0.00000,0.00000
6001,OP-24.001-0623,"Подпорни стени – ул. ""Миньорска"" при УПИ I-111, с. Мламолово","Община Бобов дол, област Кюстендил",0.00000,0.00000,0.00000
6001,OP-24.001-0597,"Подпорни стени – ул. ""Георги Димитров"" при УПИ III-147 и УПИ IV-146, гр. Бобов дол","Община Бобов дол, област Кюстендил",0.00000,0.00000,0.00000
6001,OP-25.001-0412,"Проектиране: Изработване на инвестиционен проект за водоснабдяване на община Бобов дол, обл. Кюстендил с обхват Помпена станция от язовир Дяково, довеждащи и отвеждащи водопроводи, Пречиствателна станция за питейни води и резервоар за питейни води","Община Бобов дол, област Кюстендил",0.00000,0.00000,0.00000
6002,OP-24.001-0624,"Основен ремонт на канализация с. Блажево и канализация по ул. ""Г. С. Раковски"" – гр. Бобошево","Община Бобошево, област Кюстендил",0.00000,0.00000,0.00000
6002,OP-25.001-0095,"Реконструкция и основен ремонт на масивна сграда – хижа ""Пионер"", гр. Бобошево, община Бобошево, област Кюстендил","Община Бобошево, област Кюстендил",0.00000,0.00000,0.00000
6002,OP-24.001-0625,"Изпълнение на инженеринг (проектиране, осъществяване на авторски надзор и изпълнение на СМР) за обект: ""Реконструкция и основен ремонт на масивна двуетажна сграда – Детска градина ""Здравец"", гр. Бобошево","Община Бобошево, област Кюстендил",0.00000,0.00000,0.00000
6002,OP-24.001-2689,"Реконструкция на улици и улична водопроводна мрежа на територията на гр. Бобошево и с. Слатино, община Бобошево","Община Бобошево, област Кюстендил",0.00000,0.00000,0.00000
6003,OP-24.001-2814,"Реконструкция на улична водопроводна мрежа на село Яхиново, община Дупница","Община Дупница, област Кюстендил",0.00000,0.00000,0.00000
6003,OP-24.001-2406,"Реконструкция на съществуващата водопроводна мрежа на с. Самораново, община Дупница","Община Дупница, област Кюстендил",1453.49998,0.00000,1453.49998
6003,OP-24.001-0627,"Строително-ремонтни дейности на социално-спортно съоръжение – стадион ""Бончук""","Община Дупница, област Кюстендил",0.00000,435.31939,435.31939
6003,OP-25.001-0413,Ремонт и преустройство на общинска сграда за административни услуги,"Община Дупница, област Кюстендил",0.00000,0.00000,0.00000
6003,OP-24.001-0626,"Рехабилитация на водоснабдителна система на с. Джерман, общ. Дупница, обл. Кюстендил, и връзка с възможност за аварийно захранване","Община Дупница, област Кюстендил",0.00000,523.57199,523.57199
6003,OP-25.001-0414,Изграждане на Младежки парк,"Община Дупница, област Кюстендил",0.00000,0.00000,0.00000
6003,OP-24.001-2815,"Реконструкция и подмяна на водопроводната мрежа в гр. Дупница, етап 1: по продължението на ул. ""Родопи"", ул. ""Бузлуджа"", ул. ""Акад. Петър Динеков"", ул. ""Иван Шишман"", ул. ""Ал. Стамболийски"", ул. ""Росица"", ул. ""Искър"", ул. ""Вл. Димитров – Майстора"", ул. ""Паничище""","Община Дупница, област Кюстендил",0.00000,0.00000,0.00000
6003,OP-24.001-2818,"Ремонт и преустройство на плувен басейн при ОУ ""Климент Охридски"" гр. Дупница, ул. ""Венелин"" № 92","Община Дупница, област Кюстендил",0.00000,0.00000,0.00000
6003,OP-24.001-2816,"Проектиране, основен ремонт и подмяна на водопроводна мрежа на ул. ""Драгой Болярин"", ул. ""Свобода"" и ул. ""Атанасий Чолаков"" в гр. Дупница","Община Дупница, област Кюстендил",0.00000,0.00000,0.00000
6004,OP-24.001-1894,"Рехабилитация на участъци от вътрешна водопроводна мрежа на гр. Кочериново, област Кюстендил","Община Кочериново, област Кюстендил",1842.95289,0.00000,1842.95289
6004,OP-24.001-1895,"Рехабилитация на общински път KNL3087 (/KNL1086/ – Стоб – Пороминово – /KNL1084/) от км 2+470 до км 5+100, община Кочериново, област Кюстендил, Етап I км 2+470 до км 4+100","Община Кочериново, област Кюстендил",0.00000,0.00000,0.00000
6004,OP-24.001-0629,"Реконструкция на улични водопроводи на с. Бараково, общ. Кочериново","Община Кочериново, област Кюстендил",0.00000,0.00000,0.00000
6004,OP-24.001-0628,"Реконструкция на улични водопроводи на с. Пороминово, общ. Кочериново","Община Кочериново, област Кюстендил",758.06956,0.00000,758.06956
6004,OP-25.001-0415,"Проектиране, изпълнение на строителство и авторски надзор за обект: ""Изграждане на напорен резервоар за ПБН – 1200 м3 и изграждане на водопровод до новоизградения резервоар, намиращ се в землище на с. Стоб, община Кочериново""","Община Кочериново, област Кюстендил",0.00000,0.00000,0.00000
6004,OP-24.001-0630,Спортна площадка за комбиниран спорт,"Община Кочериново, област Кюстендил",0.00000,0.00000,0.00000
6004,OP-24.001-2407,"Рекултивация на общинско депо за неопасни битови отпадъци, находящо се в землището на с. Бараково, община Кочериново, част Биологична рекултивация","Община Кочериново, област Кюстендил",0.00000,0.00000,0.00000
6004,OP-24.001-2408,"Изработване на инвестиционен проект за обект: ""Реконструкция на улични водопроводи на с. Стоб, община Кочериново, област Кюстендил""","Община Кочериново, област Кюстендил",0.00000,0.00000,0.00000
6004,OP-24.001-2409,"Изработване на инвестиционен проект за обект: ""Реконструкция на улични водопроводи на с. Мурсалево, община Кочериново, област Кюстендил""","Община Кочериново, област Кюстендил",0.00000,0.00000,0.00000
6004,OP-24.001-2410,"Изработване на инвестиционен проект ""Ремонт на съществуваща Детска градина ""Ален мак"", гр. Кочериново, община Кочериново, област Кюстендил""","Община Кочериново, област Кюстендил",50.00000,0.00000,50.00000
6004,OP-24.001-2819,"Актуализация на технически проект ""Комплексен проект за изграждане на инженерна инфраструктура на гр. Кочериново: Подобект: Изграждане на пречиствателна станция за отпадъчни води за гр. Кочериново и с. Бараково, находяща се в ПИ 02748.113.913 по КККР на с. Бараково, община Кочериново; Подобект: Изграждане на канализация за гр. Кочериново","Община Кочериново, област Кюстендил",0.00000,0.00000,0.00000
6005,OP-24.001-0631,"Преустройство и реконструкция на Художествена галерия ""Владимир Димитров – Майстора"" – СМР и строителен надзор","Община Кюстендил, област Кюстендил",4270.22133,0.00000,4270.22133
6005,OP-24.001-0632,"Основен ремонт на сградата на Езикова гимназия ""Доктор Петър Берон"", Етап I.2 – Въвеждане на мерки за енергийна ефективност; Етап II – Ремонт на инсталации, в УПИ I, кв. 127, гр. Кюстендил, авторски и строителен надзор","Община Кюстендил, област Кюстендил",2755.78670,0.00000,2755.78670
6005,OP-24.001-1896,"Благоустройство на външните пространства, изкуствено осветление и спортни съоръжения, находящи се на територията на спортен комплекс ""Осогово"" в гр. Кюстендил, в УПИ II, кв. 204, гр. Кюстендил, авторски и строителен надзор","Община Кюстендил, област Кюстендил",0.00000,1048.00000,1048.00000
6005,OP-24.001-0633,"Обновяване и реконструкция на Зоопарк ""Кюстендил""","Община Кюстендил, област Кюстендил",0.00000,0.00000,0.00000
6005,OP-24.001-2684,"Основен ремонт на ул. ""Цар Освободител"" – вход в гр. Кюстендил от гр. София до първото кръгово кръстовище","Община Кюстендил, област Кюстендил",1365.99960,0.00000,1365.99960
6005,OP-24.001-0634,"Реконструкция на водопроводна мрежа от напорен резервоар до о.т. 143а, по път III-601 (от о.т. 113б до о.т. 150), по ул. ""Възход"" (от о.т. 143а до о.т. 37), по ул. ""Пионер"" (от о.т. 37 до о.т. 40), по ул. ""Христо Божички"" (от о.т. 143а до о.т. 33), по ул. ""Младост"" (от о.т. 33 до о.т. 36), село Соволяно, общ. Кюстендил","Община Кюстендил, област Кюстендил",466.56190,0.00000,466.56190
6005,OP-24.001-2411,"Основен ремонт на ул. ""Дупнишко шосе"", гр. Кюстендил","Община Кюстендил, област Кюстендил",805.59600,0.00000,805.59600
6005,OP-24.001-2820,"Улица с паркинг в м. Хисарлъка, гр. Кюстендил – изграждане (СМР, авторски и строителен надзор)","Община Кюстендил, област Кюстендил",0.00000,239.93454,239.93454
6005,OP-24.001-0637,"Основен ремонт на съществуващи улици ведно с водопровод, тротоари и пътно платно на територията на гр. Кюстендил: етап II – ул. ""Уилям Гладстон"" в участъка между бул. ""Александър Стамболийски"" и ул. ""Свети Мина""; етап III – ул. ""Нов живот"" в участъка между бул. ""Цар Освободител"" и ул. ""Сливница"", авторски и строителен надзор","Община Кюстендил, област Кюстендил",473.01608,0.00000,473.01608
6005,OP-24.001-0635,"Реконструкция на водопроводна мрежа по път III-637 (от о.т. 225 до о.т. 126), по път III-637 (от о.т. 122 до о.т. 8), по ул. ""Драговищенско шосе"" (от о.т. 8 до о.т. 47), с. Драговищица, общ. Кюстендил","Община Кюстендил, област Кюстендил",949.09807,0.00000,949.09807
6005,OP-24.001-0639,"Проект за ""Основен ремонт и реконструкция на 70 км общинска пътна мрежа и съоръжения на територията на община Кюстендил""","Община Кюстендил, област Кюстендил",0.00000,0.00000,0.00000
6005,OP-24.001-0646,"Основен ремонт на сграда с идентификатор 17680.501.59.1 по КККР, авторски и строителен надзор","Община Кюстендил, област Кюстендил",174.69600,0.00000,174.69600
6005,OP-24.001-0641,"Проект за ""Улици и съпътстваща инфраструктура по ПУП за м. Хисарлъка"", гр. Кюстендил","Община Кюстендил, област Кюстендил",0.00000,0.00000,0.00000
6005,OP-25.001-0416,Траурен обреден дом с прилежащи сгради и ограда на централния траурен парк в Кюстендил,"Община Кюстендил, област Кюстендил",0.00000,0.00000,0.00000
6005,OP-24.001-0643,"Проучване и проектиране на ""Укрепване на алеи и улици в гр. Кюстендил и м. Хисарлъка""","Община Кюстендил, област Кюстендил",0.00000,0.00000,0.00000
6005,OP-24.001-0648,"Проект за ""Спортен комплекс ""Странджата"", вкл. многофункционална спортна зала"" в УПИ I, кв. 11, гр. Кюстендил","Община Кюстендил, област Кюстендил",0.00000,0.00000,0.00000
6005,OP-24.001-2412,"Проект за ""Реконструкция на ул. ""Бузлуджа"" в участъка от ул. ""Ефрем Каранов"" до ул. ""Овощарска"", гр. Кюстендил","Община Кюстендил, област Кюстендил",0.00000,0.00000,0.00000
6005,OP-24.001-0647,"Обследване и технически проект за ""ВиК на с. Коняво, вкл. ПСОВ""","Община Кюстендил, област Кюстендил",0.00000,0.00000,0.00000
6005,OP-24.001-0652,"Проект за ""Корекция на 680 м от р. Банщица на територията на гр. Кюстендил – продължение на изградената корекция – до моста на околовръстния път""","Община Кюстендил, област Кюстендил",0.00000,0.00000,0.00000
6005,OP-24.001-0651,"Проект за ""Реконструкция на водовземното съоръжение и водопроводната мрежа на с. Граница, вкл. ПСПВ""","Община Кюстендил, област Кюстендил",14.25757,0.00000,14.25757
6005,OP-24.001-0650,"Обследване и технически проект за ""ВиК на с. Пиперков чифлик, вкл. ПСОВ""","Община Кюстендил, област Кюстендил",13.80000,0.00000,13.80000
6005,OP-24.001-0656,"Проект за ""Основен ремонт на ОДК"" в УПИ I, кв. 325, гр. Кюстендил","Община Кюстендил, област Кюстендил",0.00000,0.00000,0.00000
6005,OP-24.001-0653,"Проект за ""Реконструкция на водопроводната мрежа на с. Горна Гращица, вкл. ПСПВ""","Община Кюстендил, област Кюстендил",11.22000,0.00000,11.22000
6005,OP-24.001-0659,"Проект за ""Благоустройство на външните пространства, изкуствено осветление и спортни съоръжения, находящи се на територията на спортен комплекс ""Осогово"" в гр. Кюстендил"" в УПИ II, кв. 204, гр. Кюстендил","Община Кюстендил, област Кюстендил",53.50000,0.00000,53.50000
6005,OP-24.001-0649,"Проект за ""Реконструкция на водовземни съоръжения и водопроводна мрежа на с. Радловци, вкл. ПСПВ""","Община Кюстендил, област Кюстендил",0.00000,0.00000,0.00000
6005,OP-24.001-2413,"Обследване и технически проект за ""ВиК на с. Шишковци""","Община Кюстендил, област Кюстендил",9.72000,0.00000,9.72000
6005,OP-24.001-2414,"Проект за ""Реконструкция на водопроводната мрежа в с. Гюешево"", общ. Кюстендил","Община Кюстендил, област Кюстендил",0.00000,0.00000,0.00000
6005,OP-24.001-0660,"Проект за ""Траурен обреден дом с прилежащи сгради и ограда на централния траурен парк в Кюстендил""","Община Кюстендил, област Кюстендил",45.00000,0.00000,45.00000
6005,OP-24.001-0657,"Проект за ""Реконструкция на ВиК мрежата на с. Николичевци, вкл. ПСОВ""","Община Кюстендил, област Кюстендил",0.00000,0.00000,0.00000
6005,OP-24.001-0658,"Обследване и проект за ""Реконструкция на ВиК на с. Жабокрът, вкл. ПСОВ""","Община Кюстендил, област Кюстендил",0.00000,0.00000,0.00000
6005,OP-24.001-0661,"Проект за ""Улици и съпътстваща инфраструктура по ПУП за Станева махала в м. Хисарлъка"", гр. Кюстендил","Община Кюстендил, област Кюстендил",0.00000,0.00000,0.00000
6005,OP-24.001-2415,"Проект за ""Разширение на Централния гробищен парк в гр. Кюстендил""","Община Кюстендил, област Кюстендил",0.00000,0.00000,0.00000
6006,OP-24.001-0662,Реконструкция и рехабилитация на съществуващи улици в община Невестино,"Община Невестино, област Кюстендил",0.00000,0.00000,0.00000
6007,OP-24.001-0663,"Реконструкция на част от вътрешна улична мрежа на град Рила, осигуряваща свързаност с републикански път III-107 извън границите му, както следва: улица ""Първи май"" о.т. 318-317-316 и улица ""Хан Крум"" о.т. 411-307-318 до границата с път III-107; улица ""Любен Каравелов"" о.т. 235-236-234-238-239-240-270-271-272-305 до границата с път III-107; улица ""Димо Хаджидимов"" о.т. 234-237-193-174-170-163-155 и улица ""Доктор Спас Стойчев"" о.т. 35-79-80-98-117-116-155-188 до границата с път III-107; улица ""Макаренко"" о.т. 270-269-241 до границата с път III-107","Община Рила, област Кюстендил",0.00000,0.00000,0.00000
6007,OP-24.001-2821,"Реконструкция на съществуваща вътрешна улична мрежа на гр. Рила и съществуващи водоснабдителни (мрежи) и съоръжения към нея на улица ""Мусала"" с о.т. 135 – 132, улица ""Възрожденска"" с о.т. 58 – 98 и улица ""Александър Стамболийски"" с о.т. 112 – 77","Община Рила, област Кюстендил",0.00000,0.00000,0.00000
6007,OP-24.001-0665,"Реконструкция на мост на река Рилска в кв. 34, на улица с о.т. 98 – 297, гр. Рила","Община Рила, област Кюстендил",0.00000,0.00000,0.00000
6007,OP-24.001-2416,"Реконструкция на съществуваща вътрешна улична мрежа на гр. Рила и съществуващи водоснабдителни (мрежи) и съоръжения към нея на улица ""Георги Кирков"", ""Димитър Благоев"" и улица ""Цар Асен и Петър""","Община Рила, област Кюстендил",0.00000,0.00000,0.00000
6007,OP-24.001-2417,"Реконструкция на съществуваща вътрешна улична мрежа на гр. Рила и съществуващи водоснабдителни (мрежи) и съоръжения към нея на улица ""Трети гвардейски полк"", ""Царев връх"" и улица ""Погар""","Община Рила, област Кюстендил",0.00000,0.00000,0.00000
6007,OP-24.001-0664,Реконструкция на довеждащ питеен водопровод от село Пастра (хлораторно) до гр. Рила,"Община Рила, област Кюстендил",0.00000,0.00000,0.00000
6007,OP-24.001-2418,"Реконструкция на съществуваща вътрешна улична мрежа на гр. Рила и съществуващи водоснабдителни (мрежи) и съоръжения към нея на улица ""Опълченска"" и улица ""Христо Ботев""","Община Рила, област Кюстендил",0.00000,0.00000,0.00000
6007,OP-24.001-2419,"Реконструкция на съществуваща вътрешна улична мрежа на гр. Рила и съществуващи водоснабдителни (мрежи) и съоръжения към нея на улица ""Васил Демиревски"", ""Цар Самуил"", ""Раковска"", ""Иван Вазов"" и улица ""Майстор Алекси""","Община Рила, област Кюстендил",0.00000,0.00000,0.00000
6007,OP-24.001-2420,"Реконструкция на съществуваща вътрешна улична мрежа на гр. Рила и съществуващи водоснабдителни (мрежи) и съоръжения към нея на улица ""Яворов"" и улица, граничеща с УПИ VIII – клуб, кв. 31 до улица ""Яворов""","Община Рила, област Кюстендил",0.00000,0.00000,0.00000
6008,OP-24.001-1898,"Реконструкция на второстепенни водопроводни клонове, с. Сапарево, община Сапарева баня (кл.1-10)","Община Сапарева баня, област Кюстендил",0.00000,0.00000,0.00000
6008,OP-24.001-2822,"Довеждащ водопровод за с. Ресилово, захранващ резервоар за висока зона за с. Ресилово, община Сапарева баня","Община Сапарева баня, област Кюстендил",0.00000,0.00000,0.00000
6008,OP-24.001-0666,"Улична канализационна мрежа и довеждащ външен колектор кв. 105-111, гр. Сапарева баня","Община Сапарева баня, област Кюстендил",822.06173,0.00000,822.06173
6008,OP-24.001-1901,"Строителство, реконструкция и рехабилитация на улици, тротоари, съоръженията и принадлежностите към тях в с. Ресилово, община Сапарева баня","Община Сапарева баня, област Кюстендил",0.00000,0.00000,0.00000
6008,OP-24.001-1899,"Експозиционна сграда ""За културно-историческо наследство"" в град Сапарева баня","Община Сапарева баня, област Кюстендил",0.00000,0.00000,0.00000
6008,OP-24.001-1900,"Строителство, реконструкция и рехабилитация на улици, тротоари, съоръженията и принадлежностите към тях в с. Овчарци, община Сапарева баня","Община Сапарева баня, област Кюстендил",0.00000,0.00000,0.00000
6008,OP-24.001-1902,"Строителство, реконструкция и рехабилитация на улици, тротоари, съоръженията и принадлежностите към тях в гр. Сапарева баня, община Сапарева баня","Община Сапарева баня, област Кюстендил",0.00000,0.00000,0.00000
6008,OP-24.001-0667,Реконструкция на водопровод за допълнително водоснабдяване на с. Сапарево,"Община Сапарева баня, област Кюстендил",517.63131,0.00000,517.63131
6008,OP-24.001-2823,"Довеждащ водопровод от разпределителна шахта в местността Валявица до бъдещ резервоар 1000 м3 в поземлен имот с идентификатор № 65365.210.994, в местността Рила, и захранващ водопровод от бъдещ резервоар 1000 м3 до съществуващ водопровод ПЕ ф 140 мм в местността Кузни бунар в землището на гр. Сапарева баня","Община Сапарева баня, област Кюстендил",0.00000,0.00000,0.00000
6008,OP-24.001-1903,"Реконструкция и рехабилитация на улична мрежа, тротоари, съоръженията и принадлежностите към тях в с. Сапарево, община Сапарева баня","Община Сапарева баня, област Кюстендил",0.00000,0.00000,0.00000
6008,OP-24.001-2824,"Покрит пазар-улица на занаятите върху р. Валявица и благоустрояване на околното пространство на улица ""Валявица"" и улица ""Серафим Йорданов"", включително изграждане на паркинги, гр. Сапарева баня.","Община Сапарева баня, област Кюстендил",0.00000,0.00000,0.00000
6008,OP-24.001-2825,"Напорен резервоар в ПИ № 65365.210.994 в местност Рила, гр. Сапарева баня","Община Сапарева баня, област Кюстендил",0.00000,0.00000,0.00000
6008,OP-24.001-1897,"Покритие на сграда за обществено обслужване с предназначение – амфитеатър, находящ се в град Сапарева баня","Община Сапарева баня, област Кюстендил",0.00000,0.00000,0.00000
6008,OP-25.001-0418,"Спортни игрища за футбол, баскетбол и волейбол, детска площадка, силова спортна площадка, паркинг за посетители, зона за тенис на маса и надстройка и преустройство на съществуваща сграда – външни тоалетни в ""Съблекални"" в УПИ VII – ""за училище"", кв. 10 по плана за с. Ресилово, поземлен имот с пл. № 395 по плана на с. Ресилово, община Сапарева баня","Община Сапарева баня, област Кюстендил",0.00000,0.00000,0.00000
6008,OP-25.001-0417,"Спортно игрище за баскетбол и спортно многофункционално игрище, закрита сцена, силова спортна площадка, благоустрояване на спортното пространство на училищния двор и реконструкция и реновация на съществуващата ограда в УПИ I – ""за училище"", кв. 32 по плана на с. Овчарци, поземлен имот 53254.501.90 по плана на с. Овчарци, община Сапарева баня","Община Сапарева баня, област Кюстендил",0.00000,0.00000,0.00000
6101,OP-24.001-0668,"Реконструкция на част от водопроводната мрежа на гр. Априлци, реконструкция на водопроводна мрежа на кв. Видима, етап 1","Община Априлци, област Ловеч",2120.13471,0.00000,2120.13471
6101,OP-24.001-0669,"Реконструкция на част от водопроводната мрежа на гр. Априлци, реконструкция на водопроводна мрежа на кв. Видима, етап 3","Община Априлци, област Ловеч",411.29534,0.00000,411.29534
6101,OP-25.001-0419,"Реконструкция и рехабилитация на улица ""Курорт"", кв. Видима, гр. Априлци","Община Априлци, област Ловеч",0.00000,0.00000,0.00000
6101,OP-25.001-0421,"Ремонт на улици, съоръженията и принадлежности към тях на територията на община Априлци, Подобект 3: Ремонт на улици, съоръженията и принадлежности към тях в гр. Априлци, кв. Зла река; Подобект 3.1: Ул. ""Зла река""","Община Априлци, област Ловеч",0.00000,0.00000,0.00000
6101,OP-25.001-0422,"Ремонт на улици, съоръженията и принадлежности към тях на територията на община Априлци, Подобект 4: Ремонт на улици, съоръженията и принадлежности към тях в гр. Априлци, кв. Видима; Подобект 4.4: Ул. ""Маринска""","Община Априлци, област Ловеч",0.00000,0.00000,0.00000
6101,OP-24.001-0670,Изработване на технически проект за изграждане на туристически лифт,"Община Априлци, област Ловеч",0.00000,0.00000,0.00000
6101,OP-25.001-0420,"Реконструкция и рехабилитация на улици и тротоари и съоръжения и принадлежностите към тях на територията на гр. Априлци, община Априлци"", етап 4: ул. ""Топола""","Община Априлци, област Ловеч",0.00000,0.00000,0.00000
6102,OP-24.001-2422,"Реконструкция на вътрешна водопроводна мрежа на гр. Летница, Първа част – етапно строителство","Община Летница, област Ловеч",0.00000,0.00000,0.00000
6102,OP-24.001-0671,Рехабилитация на улици в община Летница,"Община Летница, област Ловеч",2693.54344,0.00000,2693.54344
6102,OP-24.001-0672,Реконструкция на част от вътрешна водопроводна мрежа и изграждане на канализация в гр. Летница – етапно строителство,"Община Летница, област Ловеч",1640.70000,0.00000,1640.70000
6102,OP-24.001-0673,Стадион с обслужваща част – етапно строителство,"Община Летница, област Ловеч",1083.59761,0.00000,1083.59761
6102,OP-24.001-0674,Подобряване функционалността на Център за настаняване от семеен тип,"Община Летница, област Ловеч",157.46148,0.00000,157.46148
6102,OP-25.001-0423,"Реконструкция на вътрешна водопроводна мрежа на гр. Летница, Втора част – етапно строителство","Община Летница, област Ловеч",0.00000,0.00000,0.00000
6103,OP-24.001-2829,"Основен ремонт на улици в ж.к. ""Младост"" – ул. 16-99-1492, ул. 14-24, ул. 33-38-35, ул. 42-73а-250, ул. 11-48-49-1215-74а","Община Ловеч, област Ловеч",0.00000,0.00000,0.00000
6103,OP-24.001-1912,"Изработване на работен проект за ""Регионална система за управление на отпадъците за регион Ловеч""","Община Ловеч, област Ловеч",0.00000,0.00000,0.00000
6103,OP-24.001-0676,Реконструкция на вътрешна водопроводна мрежа на с. Александрово,"Община Ловеч, област Ловеч",0.00000,0.00000,0.00000
6103,OP-24.001-2437,"Изпълнение на строително-монтажни работи за доизграждане на обект ""Училищна спортна зала и рехабилитация на дворното пространство на ОУ ""Проф. Димитър Димов""","Община Ловеч, област Ловеч",0.00000,0.00000,0.00000
6103,OP-24.001-0680,"Път LOV 2070 – Участък от улица ""Кубрат"", километър 0+000 до километър 1+680","Община Ловеч, област Ловеч",0.00000,0.00000,0.00000
6103,OP-24.001-2831,"Основен ремонт на улична мрежа в ж.к. ""Младост"", гр. Ловеч, Подобект квартал ""Кольо Фичето"" – ул. Отец Климент, ул. Кольо Фичето, ул. Пастор Стефан Генев, ул. проф. д-р Стефан Ватев, ул. Одрин, ул. Черно море, ул. Хан Омуртаг, ул. д-р Никола Сяров, ул. Ана Предич","Община Ловеч, област Ловеч",0.00000,0.00000,0.00000
6103,OP-24.001-1904,"Основен ремонт на улична мрежа на кв. ""Кольо Фичето"", гр. Ловеч, улица ""Стара планина""","Община Ловеч, област Ловеч",202.81423,0.00000,202.81423
6103,OP-24.001-1913,"Основен ремонт на улична мрежа на ж.к. ""Младост"", гр. Ловеч, улица ""Стара планина""","Община Ловеч, област Ловеч",0.00000,0.00000,0.00000
6103,OP-24.001-0682,"Реконструкция и рехабилитация, включващо въвеждане на енергоспестяващо осветление на улица Баховско шосе, град Ловеч","Община Ловеч, област Ловеч",0.00000,0.00000,0.00000
6103,OP-24.001-2830,"Основен ремонт на улици в ж.к. ""Младост"" – ул. 8-56-48, ул. 56-62-49, ул. 62-63-1212, ул. 1024-1023, ул. 1-82-266","Община Ловеч, област Ловеч",0.00000,0.00000,0.00000
6103,OP-24.001-1906,"Основен ремонт на улична мрежа на ж.к. ""Младост"", гр. Ловеч, улица ""Академик Иван Урумов"" от ОТ 1 – ОТ 82 – ОТ 266","Община Ловеч, област Ловеч",0.00000,0.00000,0.00000
6103,OP-24.001-0677,Реконструкция на вътрешна водопроводна мрежа на с. Умаревци,"Община Ловеч, област Ловеч",0.00000,0.00000,0.00000
6103,OP-24.001-1905,"Основен ремонт на улична мрежа на ж.к. ""Младост"", гр. Ловеч, улица 2-79","Община Ловеч, област Ловеч",0.00000,0.00000,0.00000
6103,OP-24.001-0681,"Реконструкция на ВиК мрежата, основен ремонт на уличната мрежа и ландшафтно оформление на зелените площи на ж.к. ""Здравец"", гр. Ловеч","Община Ловеч, област Ловеч",0.00000,0.00000,0.00000
6103,OP-24.001-1908,Обследване и основен ремонт на сградата на читалището в с. Дойренци с прилагане на мерки за енергийна ефективност,"Община Ловеч, област Ловеч",0.00000,0.00000,0.00000
6103,OP-24.001-1911,Обследване и основен ремонт на сградата на читалището в с. Слатина с прилагане на мерки за енергийна ефективност,"Община Ловеч, област Ловеч",0.00000,0.00000,0.00000
6103,OP-24.001-0683,Изграждане на вътрешна водопроводна мрежа на с. Александрово,"Община Ловеч, област Ловеч",0.00000,0.00000,0.00000
6103,OP-24.001-1910,Обследване и основен ремонт на сградата на читалището в с. Славяни с прилагане на мерки за енергийна ефективност,"Община Ловеч, област Ловеч",0.00000,0.00000,0.00000
6103,OP-24.001-1909,Обследване и основен ремонт на сградата на читалището в с. Радювене с прилагане на мерки за енергийна ефективност,"Община Ловеч, област Ловеч",0.00000,0.00000,0.00000
6103,OP-25.001-0424,"Реконструкция на водопроводна и канализационна мрежа, основен ремонт на улична мрежа и ландшафтно оформяне на зелените площи на ж. к. Здравец, гр. Ловеч","Община Ловеч, област Ловеч",0.00000,0.00000,0.00000
6103,OP-25.001-0425,"Реконструкция на вътрешна водопроводна мрежа на с. Къкрина, община Ловеч","Община Ловеч, област Ловеч",0.00000,0.00000,0.00000
6103,OP-24.001-0678,Допълнително водоснабдяване на с. Радювене от водопроводна група Черни Осъм,"Община Ловеч, област Ловеч",0.00000,0.00000,0.00000
6103,OP-24.001-2826,Изготвяне на инвестиционен проект за основен ремонт на улици в населените места без изградени водопроводни мрежи и съоръжения на територията на община Ловеч,"Община Ловеч, област Ловеч",0.00000,0.00000,0.00000
6103,OP-24.001-2828,Общински център и приют за обработка на безстопанствени кучета на територията на община Ловеч,"Община Ловеч, област Ловеч",0.00000,0.00000,0.00000
6103,OP-24.001-2827,Изготвяне на инвестиционен проект за основен ремонт на улици в населените места с изградени водопроводни мрежи и съоръжения на територията на община Ловеч,"Община Ловеч, област Ловеч",0.00000,0.00000,0.00000
6103,OP-24.001-2423,"Основен ремонт на ул. ""Васил Левски"", гр. Ловеч","Община Ловеч, област Ловеч",0.00000,0.00000,0.00000
6103,OP-24.001-2427,"Реконструкция на ВиК мрежа и основен ремонт на улица ""Осъмска"" от ОТ 615 до ОТ 1095, гр. Ловеч","Община Ловеч, област Ловеч",0.00000,0.00000,0.00000
6103,OP-24.001-2425,"Основен ремонт на улица ""Търговска"" от ОТ 16 до ОТ 110, гр. Ловеч","Община Ловеч, област Ловеч",0.00000,0.00000,0.00000
6103,OP-24.001-2431,Укрепване на подпорна стена с. Слатина – община Ловеч,"Община Ловеч, област Ловеч",0.00000,0.00000,0.00000
6104,OP-24.001-0685,"Реконструкция, пристрояване, модернизация и внедряване на мерки за енергийна ефективност в сградата на спортна зала ""Христо Ботев"", находяща се в УПИ I – 981, кв. 25, гр. Луковит, община Луковит, с идентификатор № 44327.502.981 по КК на гр. Луковит","Община Луковит, област Ловеч",1418.19429,0.00000,1418.19429
6104,OP-24.001-1917,"Реконструкция/рехабилитация на общински път LOV 1095 – от км 5+110 до км 7+860 – 2,750 км","Община Луковит, област Ловеч",0.00000,0.00000,0.00000
6104,OP-24.001-0684,Реконструкция/рехабилитация на участък от общински път LOV 1093 – етап 2 (от км 5+000 до км 7+860),"Община Луковит, област Ловеч",0.00000,0.00000,0.00000
6104,OP-24.001-1914,"Реконструкция и модернизация на сградата на Детска градина ""Славейче"", село Дерманци, община Луковит (СМР и оборудване)","Община Луковит, област Ловеч",1891.01292,0.00000,1891.01292
6104,OP-24.001-1916,"Реконструкция/рехабилитация на участък от общински път LOV 1094 – /LOV 1093, Луковит – жп гара Карлуково/ – Карлуково център, от км 0+000 до км 1+390 – 1,390","Община Луковит, област Ловеч",0.00000,0.00000,0.00000
6104,OP-24.001-2833,"Основен ремонт на улица ""Воденичарска"" в град Луковит","Община Луковит, област Ловеч",0.00000,0.00000,0.00000
6104,OP-24.001-1915,"Инженеринг за реконструкция и модернизация на НЧ ""Дико Илиев 1904"", с. Карлуково, община Луковит","Община Луковит, област Ловеч",0.00000,0.00000,0.00000
6104,OP-24.001-2834,"Основен ремонт на улица ""Македонска"" в град Луковит","Община Луковит, област Ловеч",0.00000,0.00000,0.00000
6104,OP-24.001-1918,"Инженеринг – проектиране, упражняване на авторски надзор и изпълнение на СМР за обект: ""Мултифункционална спортна площадка в УПИ I, кв. 93 по регулационния и кадастрален план на с. Дерманци, община Луковит""","Община Луковит, област Ловеч",0.00000,0.00000,0.00000
6104,OP-24.001-2836,"Основен ремонт на общински път LOV2097/III-305, Садовец – Ъглен /Бежаново – /III-3052/ в участъка от км 0+000 до км 6+399","Община Луковит, област Ловеч",224.40000,0.00000,224.40000
6104,OP-24.001-2832,"Основен ремонт на улица ""Йордан Йовков"" в град Луковит","Община Луковит, област Ловеч",0.00000,0.00000,0.00000
6104,OP-24.001-2835,"Основен ремонт на улица ""Йосиф Йосифов"" в град Луковит","Община Луковит, област Ловеч",0.00000,0.00000,0.00000
6105,OP-24.001-0686,Реконструкция на водоснабдителна мрежа за град Тетевен,"Община Тетевен, област Ловеч",358.00000,0.00000,358.00000
6105,OP-24.001-0695,"Реконструкция на улица Христо Ботев с ОТ 246-226 и улица Капитан Войновски с ОТ 96-237, с. Черни Вит","Община Тетевен, област Ловеч",0.00000,0.00000,0.00000
6105,OP-24.001-0700,Основен ремонт на общински път LOV3114 /III – 358/ Тетевен – м. Козница – паметник Сава Младенов,"Община Тетевен, област Ловеч",0.00000,0.00000,0.00000
6105,OP-24.001-0687,"Изграждане на захранващо водопроводно трасе за село Глогово, община Тетевен","Община Тетевен, област Ловеч",0.00000,0.00000,0.00000
6105,OP-24.001-1923,"Реконструкция на водоснабдителна мрежа за с. Галата, община Тетевен","Община Тетевен, област Ловеч",0.00000,0.00000,0.00000
6105,OP-24.001-0693,"Изграждане на ново мостово съоръжение над река Бели Вит на мястото на съществуващо съоръжение между ОТ 76 и ОТ 75, гр. Тетевен","Община Тетевен, област Ловеч",0.00000,0.00000,0.00000
6105,OP-24.001-0705,"Основен ремонт на общински път LOV2112 III-358, Шипково – Тетевен – Рибарица – паметник Георги Бенковски","Община Тетевен, област Ловеч",0.00000,0.00000,0.00000
6105,OP-24.001-0689,"Основен ремонт на съществуващи спортни площадки на територията на община Тетевен – с. Градежница, с. Глогово и с. Рибарица","Община Тетевен, област Ловеч",487.33318,0.00000,487.33318
6105,OP-24.001-0690,"Реконструкция на вътрешна водопроводна мрежа в обхвата на квартали № 33, 24, 21, 19, 14, 13, 12, 10, 5 и част от кв. 3 – гр. Тетевен – Етап 2","Община Тетевен, област Ловеч",0.00000,0.00000,0.00000
6105,OP-24.001-1919,"Изграждане на улица ""Ген. Дендевил"" и водопровод, с. Голям извор, община Тетевен","Община Тетевен, област Ловеч",0.00000,0.00000,0.00000
6105,OP-24.001-0696,Основен ремонт на общински път LOV 2121 /ІІІ – 358/ Тетевен – Бабинци,"Община Тетевен, област Ловеч",0.00000,0.00000,0.00000
6105,OP-24.001-0698,"Основен ремонт на общински път LOV 2113 /ІІІ – 358, Рибарица – Тетевен/ – Брязово","Община Тетевен, област Ловеч",0.00000,0.00000,0.00000
6105,OP-24.001-0699,"Основен ремонт на общински път LOV 2111 /III – 358, Рибарица – Тетевен/ – Васильово – мах. Езерото","Община Тетевен, област Ловеч",0.00000,0.00000,0.00000
6105,OP-24.001-1921,"Реконструкция на улица ""Цар Самуил"", с. Градежница, община Тетевен","Община Тетевен, област Ловеч",0.00000,0.00000,0.00000
6105,OP-24.001-1920,"Реконструкция на улица ""Първомайска"" и водопровод, с. Голям извор, община Тетевен","Община Тетевен, област Ловеч",0.00000,0.00000,0.00000
6105,OP-24.001-0694,"Реконструкция на улица Йото Николов Врачев, с. Гложене","Община Тетевен, област Ловеч",0.00000,0.00000,0.00000
6105,OP-24.001-0703,"Частична реконструкция и изграждане на водопроводна мрежа в с. Градежница, община Тетевен","Община Тетевен, област Ловеч",0.00000,0.00000,0.00000
6105,OP-24.001-1922,"Основен ремонт на централен площад в с. Български извор, община Тетевен","Община Тетевен, област Ловеч",0.00000,0.00000,0.00000
6105,OP-24.001-0702,"Основен ремонт на общински път LOV 2115 III – 3701, Ямна – Черни Вит – м. Десеткар – Дивчовото","Община Тетевен, област Ловеч",0.00000,0.00000,0.00000
6105,OP-24.001-0692,"Изграждане на дендрологичен горски парк ""Арбуретум"", гр. Тетевен","Община Тетевен, област Ловеч",0.00000,0.00000,0.00000
6105,OP-24.001-0709,Изграждане на конзолен паркинг с дължина 100 м и укрепване на подпорна стена от десния бряг на река Бели Вит по улица Христо Ботев между ОТ 273-270,"Община Тетевен, област Ловеч",0.00000,0.00000,0.00000
6105,OP-24.001-0704,Основен ремонт на общински път LOV 3120 /I-4 Български извор – Микре/ – Малка Желязна,"Община Тетевен, област Ловеч",0.00000,0.00000,0.00000
6105,OP-24.001-0691,"Реконструкция на сграда на НЧ ""Цачо Ненов – 1897 г."" – с. Гложене","Община Тетевен, област Ловеч",0.00000,0.00000,0.00000
6105,OP-24.001-0707,"Изграждане на рекреационен парк за спорт и отдих в местност Синчец, гр. Тетевен","Община Тетевен, област Ловеч",0.00000,0.00000,0.00000
6105,OP-24.001-0706,"Основен ремонт на общински път LOV1119 /I-4, Български извор – Микре – Български извор – Галата/","Община Тетевен, област Ловеч",0.00000,0.00000,0.00000
6105,OP-24.001-2837,"Реконструкция на улица с ОТ 168-178-179-180-181-182-245-244-243-248-249-250-251-252-253-254-255-256-257 и ремонт на мостово съоръжение, село Гложене, община Тетевен","Община Тетевен, област Ловеч",0.00000,0.00000,0.00000
6106,OP-24.001-0712,"Транспортна връзка между улица ""Генерал Карцов"" и улица ""Македония"" в участъка от ОТ 942 до ОТ 566, гр. Троян, с подобект Пешеходна връзка – Троян, с местонахождение квартали с № 334, 178 и 318 по плана на град Троян","Община Троян, област Ловеч",0.00000,0.00000,0.00000
6106,OP-24.001-0710,Многофункционална спортна зала – промяна бюджет,"Община Троян, област Ловеч",875.57362,0.00000,875.57362
6106,OP-24.001-0721,"Укрепване на участък от общински път на с. Горно Трапе, община – Троян","Община Троян, област Ловеч",0.00000,202.64955,202.64955
6106,OP-24.001-0716,"Преустройство на съществуваща кухня в СУ ""Св. Климент Охридски"", гр. Троян, в кухня за обединено хранене (СМР и оборудване)","Община Троян, област Ловеч",0.00000,0.00000,0.00000
6106,OP-24.001-0715,"Основен ремонт на улица ""Любен Каравелов""","Община Троян, област Ловеч",0.00000,0.00000,0.00000
6106,OP-24.001-1927,Изграждане на трасе за писта за летен биатлон (ролбан),"Община Троян, област Ловеч",0.00000,0.00000,0.00000
6106,OP-24.001-0717,Аварийно укрепване на участък от общински път LOV 1140 с. Орешак – с. Черни Осъм (п. и. 53707.501.9501 по КККР на с. Орешак) – етапно строителство – Етап 2: Укрепване на стена от каменна зидария – ламели 1-8 (от т. 1 до т. 9) и ламели 10-13 (от т. 10 до т. 14),"Община Троян, област Ловеч",247.66487,0.00000,247.66487
6106,OP-24.001-0727,"Основен ремонт на вила ""Беклеме"" (общинска база за обучение и отдих)","Община Троян, област Ловеч",200.27152,0.00000,200.27152
6106,OP-24.001-0722,Изграждане на детски площадки на територията на община Троян (4 бр.),"Община Троян, област Ловеч",188.77793,0.00000,188.77793
6106,OP-24.001-0720,"Укрепване на участък от общински път за кв. Попишка, гр. Попишка, гр. Троян","Община Троян, област Ловеч",5.10000,0.00000,5.10000
6106,OP-24.001-0713,"Археологически комплекс ""Состра"" – посетителски център с оборудване и паркинг","Община Троян, област Ловеч",0.00000,0.00000,0.00000
6106,OP-24.001-0729,"Реконструкция на пешеходен мост ""Централен площад"", гр. Троян","Община Троян, област Ловеч",0.00000,0.00000,0.00000
6106,OP-24.001-0714,"Изграждане на дъждовна канализация в ж.к. ""Лъгът"", гр. Троян","Община Троян, област Ловеч",0.00000,0.00000,0.00000
6106,OP-24.001-1926,"Преустройство на сграда – общинска собственост, в с. Голяма Желязна, община Троян, за здравна служба","Община Троян, област Ловеч",163.08730,0.00000,163.08730
6106,OP-24.001-1925,"Изграждане на детски площадки в ДГ ""Здравец"", гр. Троян","Община Троян, област Ловеч",106.58844,0.00000,106.58844
6106,OP-24.001-1924,"Основен ремонт на административна сграда, находяща се на ул. ""Г. С. Раковски"" № 55, град Троян – проектиране","Община Троян, област Ловеч",0.00000,0.00000,0.00000
6106,OP-24.001-0732,"Проектиране обект ""Изграждане на битова канализация и прилежащите й съоръжения в южната част на гр. Троян""","Община Троян, област Ловеч",0.00000,0.00000,0.00000
6106,OP-24.001-0734,Проектиране на основен ремонт на съществуващи двуетажни сгради на ОУ Хаджийски – Троян,"Община Троян, област Ловеч",0.00000,0.00000,0.00000
6106,OP-24.001-1928,"Продължаване на ул. ""Минко Радковски"" до ""Минко Радковски"" до МБАЛ – проект","Община Троян, област Ловеч",0.00000,0.00000,0.00000
6106,OP-24.001-0711,"Реконструкция на централна градска зона – Троян: площад ""Възраждане"" и прилежащ терен – ул. ""Васил Левски"" – ОТ 325-355-665","Община Троян, област Ловеч",0.00000,0.00000,0.00000
6106,OP-24.001-2843,Основен ремонт на градски стадион на гр. Троян и благоустрояване на околното му пространство – инженеринг,"Община Троян, област Ловеч",0.00000,0.00000,0.00000
6106,OP-24.001-2841,"Основен ремонт на сградите на кметство и НЧ ""Напредък – 1900 г."" в с. Дълбок дол, община Троян – инженеринг","Община Троян, област Ловеч",0.00000,0.00000,0.00000
6106,OP-24.001-2840,"Ремонт и реконструкция на сграда за център за социални услуги в с. Врабево, община Троян","Община Троян, област Ловеч",0.00000,0.00000,0.00000
6106,OP-24.001-2839,"Реконструкция на участък от ул. ""Опълченска"", гр. Троян","Община Троян, област Ловеч",0.00000,0.00000,0.00000
6106,OP-24.001-2849,"Вертикална планировка на ж.к. ""Младост"", гр. Троян","Община Троян, област Ловеч",0.00000,0.00000,0.00000
6106,OP-24.001-2850,"Вертикална планировка на ж.к. ""Черногор"", гр. Троян","Община Троян, област Ловеч",0.00000,0.00000,0.00000
6106,OP-24.001-2842,"Преустройство на част от сграда общинска собственост за читалище в с. Борима, община Троян – инженеринг","Община Троян, област Ловеч",0.00000,0.00000,0.00000
6106,OP-24.001-0718,Разширение на Природонаучен музей в с. Черни Осъм,"Община Троян, област Ловеч",0.00000,0.00000,0.00000
6106,OP-24.001-0724,"Подпорна стена при НГПИ ""Венко Колев"", Троян","Община Троян, област Ловеч",0.00000,0.00000,0.00000
6106,OP-24.001-2851,"Площ за обществено ползване в НУ ""Св. св. Кирил и Методий"", гр. Троян – инженеринг","Община Троян, област Ловеч",0.00000,0.00000,0.00000
6106,OP-24.001-0726,"Изграждане на подпорна стена на ул. ""Зюмбилска"", с. Чифлик","Община Троян, област Ловеч",0.00000,0.00000,0.00000
6106,OP-24.001-2846,Проектиране и изграждане на техническа инфраструктура на кв. 368 по регулационния план на гр. Троян – инженеринг,"Община Троян, област Ловеч",0.00000,0.00000,0.00000
6106,OP-24.001-0725,"Изграждане на подпорна стена на ул. ""Генерал Карцов"", с. Балканец","Община Троян, област Ловеч",0.00000,0.00000,0.00000
6106,OP-24.001-2844,"Благоустрояване на част от дворното пространство на ОУ ""Христо Ботев"", с. Врабево, община Троян – инженеринг","Община Троян, област Ловеч",0.00000,0.00000,0.00000
6106,OP-24.001-2848,"Вертикална планировка на поземлен имот № 73198.506.390, ж.к. ""Лъгът"", гр. к. ""Лъгът"", гр – Троян","Община Троян, област Ловеч",0.00000,0.00000,0.00000
6106,OP-24.001-2845,"Благоустрояване на терени за озеленяване в централната част на с. Орешак, община Троян – инженеринг","Община Троян, област Ловеч",0.00000,0.00000,0.00000
6106,OP-24.001-2847,"Благоустрояване на площадното пространство на с. Калейца, община Троян – инженеринг","Община Троян, област Ловеч",0.00000,0.00000,0.00000
6106,OP-24.001-0728,"Реконструкция на общинска сграда, в която се предоставят обществени услуги, представляваща сграда на Кметство с. Голяма Желязна, община Троян, с цел подобряване на нейната енергийна ефективност","Община Троян, област Ловеч",0.00000,0.00000,0.00000
6106,OP-24.001-0730,"Проектиране на изложбени, атракционни и обслужващи площи в Национално изложение на художествените занаяти и изкуствата в с. Орешак за развитие на туристическия потенциал на туристическа дестинация – Троян","Община Троян, област Ловеч",0.00000,0.00000,0.00000
6107,OP-24.001-0735,Рехабилитация и реконструкция на общински път LOV2201 (Бежаново-Ъглен/Драгана),"Община Угърчин, област Ловеч",2025.17626,0.00000,2025.17626
6107,OP-24.001-0738,Реконструкция на външен водопровод от разпределителни шахти при резервоарите на гр. Угърчин до напорен резервоар на с. Драгана,"Община Угърчин, област Ловеч",2520.00000,0.00000,2520.00000
6107,OP-24.001-0736,"Реконструкция на вътрешна водопроводна мрежа на с. Каленик, община Угърчин","Община Угърчин, област Ловеч",1481.10000,0.00000,1481.10000
6107,OP-25.001-0426,"Рехабилитация на общински път LOV1203/111402, Български извор-Борима/-Лесидрен, в участъка от км 0+000 до км 7+300, ЕТАП 1: от км 0+000 до км 3+620","Община Угърчин, област Ловеч",0.00000,0.00000,0.00000
6107,OP-24.001-0737,"Изграждане на канализационна система по улици: ""Иглика"", ""Юрий Гагарин"", ""Хан Кубрат"", ""Захари Стоянов"", ""Александър Пушкин"", ""Димчо Дебелянов"", ""Скачка"", ""Софроний Врачански"", ""Освобождение"", ""Осогово"", ""Патриарх Евтимий"", ""Пейо К.Яворов"", ""Тракия"", ""Осъм"", ""Цар Калоян"", ""Мара Петлешкова"", ""Шейново"", ""Люлин"" и ""Маргарец"", гр. Угърчин, община Угърчин","Община Угърчин, област Ловеч",0.00000,0.00000,0.00000
6108,OP-24.001-0739,"Изграждане и реконструкция на захранващ водопровод и вътрешна водопроводна мрежа в квартал ""Шумака"", гр. Ябланица, Канализация за битово-фекални отпадъчни води, кв. ""Шумака"", гр. Ябланица","Община Ябланица, област Ловеч",0.00000,0.00000,0.00000
6108,OP-24.001-0741,"Вътрешна водопроводна мрежа (ВВМ) с. Орешене, общ. Ябланица, главен клон I и тласкателен водопровод","Община Ябланица, област Ловеч",0.00000,0.00000,0.00000
6108,OP-24.001-0742,"Реконструкция водопровод по ул. ""Централна"" от ОТ85 до ОТ419, с. Добревци, общ. Ябланица","Община Ябланица, област Ловеч",0.00000,0.00000,0.00000
6108,OP-25.001-0427,"Реконструкция на водоснабдителна система на с. Голяма Брестница, община Ябланица, етап I","Община Ябланица, област Ловеч",0.00000,0.00000,0.00000
6108,OP-25.001-0428,"Инженеринг – проектиране, упражняване на авторски надзор и изпълнение на СМР за обект Реконструкция на общински път LOV 1257","Община Ябланица, област Ловеч",0.00000,0.00000,0.00000
6108,OP-25.001-0429,Изграждане на напорен резервоар Шумака V200 м3,"Община Ябланица, област Ловеч",0.00000,0.00000,0.00000
6201,OP-24.001-0743,"Аварийно възстановяване на общински път MON 1026 (Петрохан – о.п. Берковица) – Берковица – (о.п. Берковица – Благово) от км 2+966 до км 5+163,72","Община Берковица, област Монтана",3532.84460,0.00000,3532.84460
6201,OP-24.001-1929,"Реконструкция на ВиК мрежи и обновяване на ул. ""Еделвайс"", ул. ""Грамада"", ул. ""Йордан Йовков"", ул. ""Пирин"", ул. ""Ясен"", ул. ""Странджа"", ул. ""Тополите"" и ул. ""Бор"" в гр. Берковица, общ. Берковица, обл. Монтана","Община Берковица, област Монтана",3426.64481,0.00000,3426.64481
6201,OP-24.001-1930,"Реконструкция и изграждане на ВиК мрежи и рехабилитация на ул. ""Кирил и Методий"", гр. Берковица, община Берковица","Община Берковица, област Монтана",0.00000,0.00000,0.00000
6201,OP-25.001-0430,"Неотложно аварийно възстановяване на ул.""Кочо Честименски"", гр. Берковица, община Берковица","Община Берковица, област Монтана",673.82232,0.00000,673.82232
6201,OP-25.001-0025,"Реконструкция на водопроводна мрежа и обновяване на ул. ""Шабовица"", гр. Берковица","Община Берковица, област Монтана",0.00000,0.00000,0.00000
6201,OP-25.001-0026,"Реконструкция на ВиК мрежа и обновяване на ул. ""Лале"", кв. ""Раковица"", гр. Берковица","Община Берковица, област Монтана",0.00000,0.00000,0.00000
6201,OP-25.001-0431,"Инженеринг – проектиране, изпълнение на СМР, авторски надзор за обект: Реконструкция, рехабилитация, изграждане на ВиК мрежа и дъждовна канализация на ул. ""1 май"", ул. ""Юсеим Керим"" и ул. ""Мир"" в кв. ""Раковица"", община Берковица","Община Берковица, област Монтана",0.00000,0.00000,0.00000
6201,OP-25.001-0432,"Реконструкция на пътна настилка на част от ул. ""Липа"", с. Бързия, общ. Берковица","Община Берковица, област Монтана",0.00000,0.00000,0.00000
6201,OP-24.001-0746,"Изграждане на водопровод по ул. ""Средна гора"" – реконструкция на уличното платно и тротоара по плана на гр. Берковица от ОТ 280 до ОТ 311","Община Берковица, област Монтана",0.00000,0.00000,0.00000
6201,OP-25.001-0433,"Реконструкция на водопровод, открит канал, пътна и тротоарна настилка на ул. ""Калето"", гр. Берковица от о.т. 875 – 36 до о.т. 34 с приблизителна дължина 330 м.","Община Берковица, област Монтана",0.00000,0.00000,0.00000
6202,OP-24.001-1931,Реконструкция и рехабилитация на улична мрежа на територията на община Бойчиновци – 2024 г.,"Община Бойчиновци, област Монтана",0.00000,0.00000,0.00000
6202,OP-24.001-0748,Основен ремонт и реконструкция на улична мрежа на територията на община Бойчиновци – 2024 г.,"Община Бойчиновци, област Монтана",0.00000,0.00000,0.00000
6202,OP-25.001-0147,Реконструкция и основен ремонт на улична и пътна инфраструктура на територията на община Бойчиновци,"Община Бойчиновци, област Монтана",0.00000,0.00000,0.00000
6202,OP-25.001-0122,Ремонт на улици на територията на община Бойчиновци,"Община Бойчиновци, област Монтана",0.00000,0.00000,0.00000
6203,OP-24.001-0749,Рехабилитация на общински път MON 1062 – /III-112/ – Смирненски – Буковец – Граница на общини (Брусарци – Монтана),"Община Брусарци, област Монтана",0.00000,0.00000,0.00000
6204,OP-24.001-2441,"Реконструкция и рехабилитация на общински път MON 1071/III-818/, Вълчедръм – Долни Цибър/ – Разград – Златия – /III-818/, община Вълчедръм, с дължина 6383 м","Община Вълчедръм, област Монтана",581.72961,0.00000,581.72961
6204,OP-24.001-2853,"Реконструкция на водопроводни клонове от вътрешната водопроводна мрежа на град Вълчедръм, община Вълчедръм","Община Вълчедръм, област Монтана",1295.64769,0.00000,1295.64769
6204,OP-24.001-2852,"Основен ремонт, рехабилитация и реконструкция на улична мрежа в с. Долни Цибър, община Вълчедръм","Община Вълчедръм, област Монтана",0.00000,0.00000,0.00000
6204,OP-24.001-2854,"Основен ремонт на площадно пространство пред Народно читалище ""РАЛО-1891"" – гр. Вълчедръм","Община Вълчедръм, област Монтана",0.00000,0.00000,0.00000
6204,OP-25.001-0123,Ремонт на улици на територията на община Вълчедръм,"Община Вълчедръм, област Монтана",0.00000,0.00000,0.00000
6205,OP-24.001-1933,"Реконструкция на ул. ""Отец Паисий"" от о.т. 35 до о.т. 22, ул. ""Климент Охридски"" от о.т. 22 до о.т. 163 и ул. ""Александър Стамболийски"" от о.т. 163 до о.т. 217, гр. Вършец","Община Вършец, област Монтана",2777.29794,0.00000,2777.29794
6205,OP-25.001-0148,Реконструкция на част от водопроводната мрежа на гр. Вършец,"Община Вършец, област Монтана",0.00000,0.00000,0.00000
6205,OP-25.001-0434,"Реконструкция на водопроводната мрежа в с. Долно Озирово, община Вършец – Етап 2","Община Вършец, област Монтана",0.00000,0.00000,0.00000
6205,OP-24.001-0750,"Реконструкция на водопроводна и улична мрежа на бул. ""България"" от о.т. 230 до о.т. 213, гр. Вършец","Община Вършец, област Монтана",0.00000,0.00000,0.00000
6205,OP-24.001-0751,"Възстановяване на стоманобетонен мост при път MON3096 над р. Ботуня, гр. Вършец","Община Вършец, област Монтана",0.00000,0.00000,0.00000
6205,OP-24.001-1932,"Довършване реконструкцията на водопроводната мрежа на с. Спанчевци, община Вършец","Община Вършец, област Монтана",693.30000,0.00000,693.30000
6205,OP-24.001-0752,"Възстановяване на пешеходен мост над р. Ботуня, при пазара, гр. Вършец","Община Вършец, област Монтана",0.00000,0.00000,0.00000
6205,OP-24.001-2855,Проектиране и авторски надзор на обект: Реконструкция на част от уличната мрежа на гр. Вършец,"Община Вършец, област Монтана",0.00000,0.00000,0.00000
6205,OP-24.001-0753,"Проектиране и авторски надзор на обект: Реконструкция на водопроводната мрежа в с. Долно Озирово, община Вършец","Община Вършец, област Монтана",0.00000,0.00000,0.00000
6205,OP-24.001-0754,"Проектиране и авторски надзор на обект: Доизграждане канализацията на кв. Заножене, гр. Вършец и реконструкция на съпътстваща водопроводна мрежа","Община Вършец, област Монтана",0.00000,0.00000,0.00000
6205,OP-24.001-0755,"Проектиране и авторски надзор на обект: Реконструкция на довеждащ водопровод и прилежащи съоръжения от водохващане ""Зелени дел"", гр. Вършец","Община Вършец, област Монтана",0.00000,0.00000,0.00000
6205,OP-24.001-2856,Проектиране и авторски надзор на обект: Реконструкция на част от водопроводната мрежа на гр. Вършец,"Община Вършец, област Монтана",0.00000,0.00000,0.00000
6205,OP-24.001-0756,"Проектиране и авторски надзор на обект: Реконструкция на съществуващ стадион, лекоатлетическа писта и помощни игрища, гр. Вършец","Община Вършец, област Монтана",0.00000,0.00000,0.00000
6205,OP-24.001-0757,Проектиране и авторски надзор на обект: Частична рехабилитация на уличното осветление в населените места на община Вършец,"Община Вършец, област Монтана",0.00000,0.00000,0.00000
6205,OP-24.001-0759,"Проектиране и авторски надзор на обект: Обновяване на парк ""Слънчева градина"" в гр. Вършец","Община Вършец, област Монтана",0.00000,0.00000,0.00000
6205,OP-25.001-0435,"Реконструкция на част от уличната мрежа на гр. Вършец – ул. ""Втора"" и ул. ""Седма"", бул. ""България"", ул. ""Преслав""","Община Вършец, област Монтана",0.00000,0.00000,0.00000
6206,OP-24.001-0761,"Рехабилитация и частична реконструкция на общински път MON 2111/III-102, Бели мел – Монтана/ – Видлица – Чемиш – Каменна Рикса – I-1 (Е79), от км 0+000 до км 3+060, община Георги Дамяново","Община Георги Дамяново, област Монтана",0.00000,0.00000,0.00000
6206,OP-24.001-0762,"Благоустрояване на улична мрежа в с. Меляне, с. Дълги дел и с. Каменна Рикса, община Георги Дамяново","Община Георги Дамяново, област Монтана",0.00000,0.00000,0.00000
6206,OP-24.001-0760,"Рехабилитация/реконструкция на път MON 2112/III-1024, Говежда – Дълги дел/ – Дива Слатина","Община Георги Дамяново, област Монтана",0.00000,0.00000,0.00000
6206,OP-25.001-0436,"Изграждане на улица ""Калафат"" в село Главановци, община Георги Дамяново","Община Георги Дамяново, област Монтана",0.00000,0.00000,0.00000
6206,OP-24.001-1939,"Проектиране на обект: Водоснабдяване – изграждане на довеждащ водопровод – с. Копиловци, община Георги Дамяново","Община Георги Дамяново, област Монтана",0.00000,0.00000,0.00000
6206,OP-25.001-0437,"Рехабилитация/реконструкция на общински път MON2112/III-1024, Говежда – Дълги дел/ – Дива Слатина – II ЕТАП","Община Георги Дамяново, област Монтана",0.00000,0.00000,0.00000
6206,OP-24.001-1937,"Проектиране на обект: Водоснабдяване – реконструкция на вътрешна водопроводна мрежа – с. Дълги дел, община Георги Дамяново","Община Георги Дамяново, област Монтана",0.00000,0.00000,0.00000
6206,OP-24.001-1940,"Проектиране на обект: Водоснабдяване – реконструкция на вътрешна водопроводна мрежа – с. Каменна Рикса, община Георги Дамяново","Община Георги Дамяново, област Монтана",0.00000,0.00000,0.00000
6206,OP-24.001-1942,"Проектиране на обект: Водоснабдяване – реконструкция на вътрешна водопроводна мрежа – с. Чемиш, община Георги Дамяново","Община Георги Дамяново, област Монтана",0.00000,0.00000,0.00000
6206,OP-24.001-1936,"Проектиране на обект: Водоснабдяване – реконструкция на довеждащ водопровод – с. Дълги дел – с. Говежда, община Георги Дамяново","Община Георги Дамяново, област Монтана",0.00000,0.00000,0.00000
6206,OP-24.001-1935,"Проектиране на обект: Водоснабдяване – реконструкция на вътрешна водопроводна мрежа – с. Главановци, община Георги Дамяново","Община Георги Дамяново, област Монтана",0.00000,0.00000,0.00000
6206,OP-24.001-1934,"Проектиране на обект: Водоснабдяване – реконструкция на вътрешна водопроводна мрежа – с. Видлица, община Георги Дамяново","Община Георги Дамяново, област Монтана",0.00000,0.00000,0.00000
6206,OP-24.001-1938,"Проектиране на обект: Водоснабдяване – реконструкция на вътрешна водопроводна мрежа – с. Дива Слатина, община Георги Дамяново","Община Георги Дамяново, област Монтана",0.00000,0.00000,0.00000
6206,OP-24.001-1943,"Проектиране на обект: Рехабилитация и частична реконструкция на общински път MON 2111/III-102, Бели мел – Монтана/ – Видлица – Чемиш – Каменна Рикса – I-1 (Е79), от км 4+760 до км 7+510, община Георги Дамяново","Община Георги Дамяново, област Монтана",0.00000,0.00000,0.00000
6206,OP-24.001-1950,"Проектиране на обект: Рехабилитация на улична мрежа в село Каменна Рикса, община Георги Дамяново","Община Георги Дамяново, област Монтана",0.00000,0.00000,0.00000
6206,OP-24.001-1945,"Проектиране на обект: Рехабилитация на улична мрежа в село Гаврил Геново, община Георги Дамяново","Община Георги Дамяново, област Монтана",0.00000,0.00000,0.00000
6206,OP-24.001-1947,"Проектиране на обект: Рехабилитация на улична мрежа в село Главановци, община Георги Дамяново","Община Георги Дамяново, област Монтана",0.00000,0.00000,0.00000
6206,OP-24.001-1948,"Проектиране на обект: Рехабилитация на улична мрежа в село Говежда, община Георги Дамяново","Община Георги Дамяново, област Монтана",0.00000,0.00000,0.00000
6206,OP-24.001-1953,"Проектиране на обект: Рехабилитация на улична мрежа в село Чемиш, община Георги Дамяново","Община Георги Дамяново, област Монтана",0.00000,0.00000,0.00000
6206,OP-24.001-1941,"Проектиране на обект: Водоснабдяване – реконструкция на довеждащ водопровод – с. Чемиш, община Георги Дамяново","Община Георги Дамяново, област Монтана",0.00000,0.00000,0.00000
6206,OP-24.001-1946,"Проектиране на обект: Рехабилитация на улична мрежа в село Георги Дамяново, община Георги Дамяново","Община Георги Дамяново, област Монтана",0.00000,0.00000,0.00000
6206,OP-24.001-1949,"Проектиране на обект: Рехабилитация на улична мрежа в село Дълги дел, община Георги Дамяново","Община Георги Дамяново, област Монтана",0.00000,0.00000,0.00000
6206,OP-24.001-1944,"Проектиране на обект: Рехабилитация на улична мрежа в село Видлица, община Георги Дамяново","Община Георги Дамяново, област Монтана",0.00000,0.00000,0.00000
6206,OP-24.001-1952,"Проектиране на обект: Рехабилитация на улична мрежа в село Меляне, община Георги Дамяново","Община Георги Дамяново, област Монтана",0.00000,0.00000,0.00000
6206,OP-24.001-1951,"Проектиране на обект: Рехабилитация на улична мрежа в село Копиловци, община Георги Дамяново","Община Георги Дамяново, област Монтана",0.00000,0.00000,0.00000
6207,OP-24.001-0766,Изграждане и рехабилитация на водопровод в с. Трайково,"Община Лом, област Монтана",0.00000,0.00000,0.00000
6207,OP-25.001-0438,"Реконструкция на улична мрежа с. Трайково, община Лом","Община Лом, област Монтана",0.00000,0.00000,0.00000
6207,OP-25.001-0439,"Реконструкция на улична мрежа с. Ст. махала, община Лом, етап – 1; етап 2; етап 3; етап 4; етап 5; етап 6 и етап 7","Община Лом, област Монтана",0.00000,0.00000,0.00000
6207,OP-25.001-0440,"Реконструкция на улична мрежа гр. Лом, община Лом – етап 7; етап 8; етап 9 и етап 10","Община Лом, област Монтана",0.00000,0.00000,0.00000
6207,OP-25.001-0441,"Реконструкция на улична мрежа с. Ст. махала, община Лом – етап 14 и етап 15","Община Лом, област Монтана",0.00000,0.00000,0.00000
6207,OP-25.001-0124,Ремонт на улична мрежа в община Лом,"Община Лом, област Монтана",0.00000,0.00000,0.00000
6207,OP-25.001-0442,"Авариен ремонт на напорен тръбопровод от ПС ""Добри дол"" до НР V 300 м3, община Лом – п2 етап","Община Лом, област Монтана",0.00000,0.00000,0.00000
6207,OP-25.001-0149,"Реконструкция и доизграждане на ВиК мрежи по ул. ""Пристанищна"", ул. ""Дунавска"", ул. ""Иван Кулин"", ул. ""Бенковски"", ул. ""Раковска"" и ул. ""Захари Стоянов"" на град Лом, област Монтана","Община Лом, област Монтана",0.00000,0.00000,0.00000
6207,OP-24.001-0763,"Ремонт на обект: Водоснабдяване на град Лом – Гравитачен водопровод от НВ V 300 м3 до водоем гр. Лом, с обща дължина 18 700 м","Община Лом, област Монтана",0.00000,0.00000,0.00000
6207,OP-25.001-0443,"Инженеринг – проектиране, изпълнение на СМР и упражняване на авторски надзор по Реконструкция и възстановяване на покрит плувен басейн в град Лом","Община Лом, област Монтана",0.00000,0.00000,0.00000
6207,OP-25.001-0444,"Реконструкция на улична мрежа с. Ст. Махала, община Лом – етап 16; етап 17; етап 18; етап 19; етап 20; етап 21; етап 22 и етап 23","Община Лом, област Монтана",0.00000,0.00000,0.00000
6207,OP-25.001-0445,"Реконструкция на улична мрежа с. Ст. махала, община Лом – етап 8; етап 9; етап 10; етап 11; етап 12 и етап 13","Община Лом, област Монтана",0.00000,0.00000,0.00000
6207,OP-25.001-0446,"Реконструкция на улична мрежа гр. Лом, община Лом – етап 1, етап 2 и етап 3.","Община Лом, област Монтана",0.00000,0.00000,0.00000
6207,OP-24.001-0765,"Рехабилитация на общински път MON 1130 (II-81, Расово – Лом) – Комощица от км 0+000 до км 3+730","Община Лом, област Монтана",411.83438,0.00000,411.83438
6207,OP-24.001-0764,"Изграждане и рехабилитация на водопровод в с. Замфир, община Лом","Община Лом, област Монтана",407.89495,0.00000,407.89495
6207,OP-24.001-1955,"Изготвяне на инвестиционен проект за реконструкция на водопроводна и канализационна мрежа ВиК в централна градска част на гр. Лом, община Лом","Община Лом, област Монтана",0.00000,0.00000,0.00000
6207,OP-25.001-0447,"Реконструкция на улична мрежа гр. Лом, община Лом – етап 4; етап 5 и етап 6","Община Лом, област Монтана",0.00000,0.00000,0.00000
6207,OP-25.001-0448,"Реконструкция на улична мрежа гр. Лом, община Лом – етап 11 и етап 12","Община Лом, област Монтана",0.00000,0.00000,0.00000
6207,OP-25.001-0027,Изготвяне на инвестиционен проект за рехабилитация на общински път MON3137/III-114/ от км 0+000 до км 9+000,"Община Лом, област Монтана",0.00000,0.00000,0.00000
6207,OP-24.001-1954,"Изготвяне на инвестиционен проект за Пречиствателна станция за отпадъчни води, гр. Лом, община Лом","Община Лом, област Монтана",0.00000,0.00000,0.00000
6207,OP-25.001-0028,Изготвяне на инвестиционен проект за рехабилитация на част от общински път MON1131/II-11/ от км 6+600 до км 9+000,"Община Лом, област Монтана",0.00000,0.00000,0.00000
6208,OP-24.001-1956,"Реконструкция на водопроводи от вътрешната водопроводна мрежа на село Медковец, община Медковец, по главен клон II, клон 33, 37, 47, 96, 98, 99, 100, 103, 104, 108, 114, 119, 120, 123, 125, 137, 147","Община Медковец, област Монтана",0.00000,0.00000,0.00000
6208,OP-25.001-0150,Реконструкция и основен ремонт на улична и пътна мрежа на територията на община Медковец,"Община Медковец, област Монтана",0.00000,0.00000,0.00000
6208,OP-24.001-2442,"Доизграждане и реконструкция на водопроводни клонове от вътрешната водопроводна мрежа на село Медковец, община Медковец, по клонове – главен клон IV, клон 39, 50, 110, 118","Община Медковец, област Монтана",0.00000,0.00000,0.00000
6208,OP-24.001-0768,"Реконструкция на водопроводна мрежа на с. Сливовик – втори етап по клон 2, 3а, 5, 14а, 63, 64, 40, 49, 43","Община Медковец, област Монтана",0.00000,0.00000,0.00000
6208,OP-25.001-0125,Рехабилитиране на уличната пътна мрежа в община Медковец,"Община Медковец, област Монтана",0.00000,0.00000,0.00000
6208,OP-24.001-0767,"Доизграждане и реконструкция на част от водопроводна мрежа на с. Медковец по главен клон II, клон 15, 16, 17, 18, 19, 20, 21, 22, 23, 24, 25, 26, 27, 28, 29, 30, 31","Община Медковец, област Монтана",229.07916,0.00000,229.07916
6209,OP-24.001-1961,"Реконструкция и рехабилитация на бул. ""Трети март"", ул. ""Иван Давидков"", изграждане на ул. ""Широка планина"", ул. ""Индустриална"", ул. ""Съединение"" и ул. ""Инвестиционна"", гр. Монтана, и техническата инфраструктура към тях и корекция на канал ""Изворска бара"", гр. Монтана – етапно","Община Монтана, област Монтана",1161.55510,8168.52677,9330.08187
6209,OP-24.001-1960,"Основен ремонт на общински път MON1150 /I-1, Монтана – Крапчене/ – Николово – Долно Белотинци","Община Монтана, област Монтана",2219.11135,0.00000,2219.11135
6209,OP-24.001-1959,"Основен ремонт (рехабилитация) и реконструкция на уличната мрежа в кв. Кошарник, община Монтана","Община Монтана, област Монтана",2172.24854,0.00000,2172.24854
6209,OP-24.001-1958,"Основен ремонт на ул. ""Андрей Попов"" от о.т. 140 до о.т. 1520, ул. ""Васил Петлешков"" от о.т. 118 до о.т. 119 и от о.т. 119 до о.т. 134, ул. ""Болярска"" от о.т. 114 до о.т. 111, ул. ""Младен Томов"" от о.т. 102 до о.т. 106, ул. ""Иван Козарев"" от о.т. 192 до о.т. 214 и от о.т. 213 до о.т. 215, ул. ""Кочо Честименски"" от о.т. 172 до о.т. 176, ул. ""Христо Ясенов"" от о.т. 223 до о.т. 190, ул. ""Елтепе"" от о.т. 44 до о.т. 41, ул. ""Макгахан"" от о.т. 31 до о.т. 4, ул. ""Лъката"" от о.т. 44 до о.т. 29, ул. ""Червен бряг"" от о.т. 48 до о.т. 55","Община Монтана, област Монтана",1055.70259,0.00000,1055.70259
6209,OP-24.001-1957,"Основен ремонт и подмяна на водопровод на улица ""Сливница"" от о.т. 19 до о.т. 71 и от о.т. 71 до о.т. 74, улица ""Подп. Богдан Илиев"" от о.т. 18 до о.т. 85, улица ""Иларион Драгостинов"" от о.т. 25 до о.т. 70 и от о.т. 70 до о.т. 198, улица ""Чавдар Войвода"" от о.т. 26 до о.т. 69 и от о.т. 69 до о.т. 199, улица ""Хайдут Велко"" от о.т. 59 до о.т. 207, улица ""Баба Тонка"" от о.т. 213 до о.т. 9076","Община Монтана, област Монтана",748.93695,0.00000,748.93695
6209,OP-24.001-1962,"Рехабилитация на съществуващи магистрални водопроводи в парк ""Огоста"" – 758,69 м, парк ""Калето"" – 319,62 м и парк ""Слънчева градина"" – 488,62 м","Община Монтана, област Монтана",42.50000,0.00000,42.50000
6209,OP-24.001-0769,"Основен ремонт на път MON1062 /III-112/ – Смирненски – Буковец – гр. община Брусарци – Белотинци, от км 12+400 до км 16+900","Община Монтана, област Монтана",0.00000,0.00000,0.00000
6209,OP-24.001-0770,"Основен ремонт на път MON1152 ""ІІІ-112 – Славотин – Клисурица – І-1"" от км 0+000 до км 8+700","Община Монтана, област Монтана",0.00000,0.00000,0.00000
6210,OP-24.001-0772,"Реконструкция на улична мрежа град Чипровци, общ. Чипровци, подобект 4: Реконструкция на улица ""Точо Войвода"" ОК 102 – ОК 230","Община Чипровци, област Монтана",0.00000,0.00000,0.00000
6210,OP-24.001-0773,"Реконструкция/рехабилитация на общински път – MON 2181 ""РП ІІІ – 102 (Монтана – Превала) – отклонение Горно Лука"", от км 0 + 000 – 1 + 000 – 1,000 км","Община Чипровци, област Монтана",0.00000,0.00000,0.00000
6210,OP-24.001-0774,Обект: Общински път MON 3183 РП III-102 – отклонение Челюстница,"Община Чипровци, област Монтана",0.00000,0.00000,0.00000
6210,OP-24.001-0771,Доизграждане и модернизация на водопреносната и канализационна мрежа и изграждане на ПСОВ в гр. Чипровци – Подобект: Външен водопровод,"Община Чипровци, област Монтана",0.00000,0.00000,0.00000
6210,OP-24.001-0775,"Реконструкция и рехабилитация на общински местен път ""Отклонение Чипровци – Гушовски манастир"" от км 0+000 до км 7+018"", ІІІ участък: от км 5+436,08 до км 7+419,97, ІІІ участък: от км 5+436,08 до км 7+419,97","Община Чипровци, област Монтана",0.00000,0.00000,0.00000
6210,OP-24.001-1963,"Подмяна на уличен водопровод и сградни водопроводни отклонения по ул. ""Иван Бобанов"", с. Горна Лука, община Чипровци, в участъка от ОК – 140 до ОК – 62","Община Чипровци, област Монтана",0.00000,0.00000,0.00000
6210,OP-24.001-0776,"Реконструкция на улична мрежа на територията на община Чипровци, подобект: 10-а и ул. 11-а – ОТ 74-47-27-26-10, с. Мартиново","Община Чипровци, област Монтана",308.14426,0.00000,308.14426
6210,OP-24.001-0777,"Реконструкция на улична мрежа на територията на община Чипровци, подобект: 4-та – от о.т. 168 до о.т. 109, с. Белимел","Община Чипровци, област Монтана",231.11722,0.00000,231.11722
6210,OP-24.001-0778,"Реконструкция на улична мрежа на територията на община Чипровци, подобект: 7-та – от Р.Т. 14 до Р.Т. 57, с. Митровци","Община Чипровци, област Монтана",0.00000,0.00000,0.00000
6210,OP-24.001-0779,"Реконструкция на улична мрежа на територията на община Чипровци, подобект: 16-а – от о.т. 28 до о.т. 96, с. Железна","Община Чипровци, област Монтана",0.00000,0.00000,0.00000
6210,OP-24.001-1964,"Реконструкция на улична мрежа на територията на община Чипровци, подобект: ул. 21-ва – от о.т. 17 до о.т. 24, с. Железна","Община Чипровци, област Монтана",0.00000,0.00000,0.00000
6210,OP-24.001-0780,"Реконструкция на улична мрежа на територията на община Чипровци, подобект: ул. Георги Димитров – от о.т. 8 до о.т. 11, с. Горна Лука","Община Чипровци, област Монтана",48.89296,0.00000,48.89296
6210,OP-24.001-0781,"Реконструкция на улична мрежа на територията на община Чипровци, подобект: ул. Димитър Благоев – от о.т. 46 до о.т. 69, с. Превала","Община Чипровци, област Монтана",48.33847,0.00000,48.33847
6210,OP-24.001-0782,"Реконструкция на улична мрежа на територията на община Чипровци, подобект: 24-та – от о.т. 29 до о.т. 8, с. Железна","Община Чипровци, област Монтана",40.10668,0.00000,40.10668
6210,OP-24.001-0783,"Реконструкция на улична мрежа на територията на община Чипровци, подобект: 16-та – от о.т. 149 до о.т. 113, с. Белимел","Община Чипровци, област Монтана",36.32026,0.00000,36.32026
6210,OP-24.001-0784,"Реконструкция на улична мрежа на територията на община Чипровци, подобект: ул. Иван Бобанов – от о.т. 79 до о.т. 89, с. Горна Лука","Община Чипровци, област Монтана",0.00000,0.00000,0.00000
6210,OP-24.001-0785,"Реконструкция на улична мрежа на територията на община Чипровци, подобект: 18-та – от о.т. 23 до о.т. 92, с. Железна","Община Чипровци, област Монтана",18.07712,0.00000,18.07712
6210,OP-24.001-0786,"Реконструкция на улична мрежа на територията на община Чипровци, подобект: 20-та – от о.т. 22 до о.т. 96, с. Железна","Община Чипровци, област Монтана",15.82162,0.00000,15.82162
6210,OP-24.001-0787,"Реконструкция на улична мрежа на територията на община Чипровци, подобект: 17-та – от о.т. 25 до о.т. 90, с. Железна","Община Чипровци, област Монтана",15.31894,0.00000,15.31894
6211,OP-24.001-1967,"Подмяна и реконструкция на част от довеждащ водопровод от с. Долно Церовене до ВВМ с. Дългоделци, община Якимово","Община Якимово, област Монтана",0.00000,0.00000,0.00000
6211,OP-24.001-2443,"Реконструкция на част от водопроводната мрежа на с. Долно Церовене, общ. Якимово, обл. Монтана по: ул. ""Ленин"", ул. ""Иван Вазов"", ул. ""Ангел Кънчев"", ул. ""Панайот Хитов"", ул. ""Пирот"", ул. ""Марин Дринов"", ул. о.т. 198 до о.т. 167, ул. о.т. 165а до о.т. 98а, ул. о.т. 175 до о.т. 177 по плана на село Долно Церовене, община Якимово – II етап","Община Якимово, област Монтана",0.00000,0.00000,0.00000
6211,OP-24.001-2444,"Реконструкция на част от водопроводната мрежа на с. Долно Церовене, общ. Якимово, обл. Монтана по: ул. ""Радецки"", ул. ""Антон Иванов"", ул. ""Ангел Кънчев"", ул. ""Климент Охридски"", ул. ""Отец Паисий"", ул. ""Поп Андрей"", ул. ""Георги Бенковски"", ул. о.т. 94 до о.т. 84, ул. о.т. 89 до о.т. 86, ул. о.т. 55 до о.т. 184, ул. о.т. 54 до о.т. 187 по плана на село Долно Церовене, община Якимово – III етап","Община Якимово, област Монтана",0.00000,0.00000,0.00000
6211,OP-24.001-1965,"Рехабилитация на улична мрежа с ОТ 6 – ОТ 22 – ОТ 19 – ОТ 21 – ОТ 23 – ОТ 70 – ОТ 70А – ОТ 70Б – ОТ 68А (ул. ""Бенковска""), с. Дългоделци, община Якимово","Община Якимово, област Монтана",482.34142,0.00000,482.34142
6211,OP-24.001-1966,"Рехабилитация на улична мрежа с ОТ 198 – ОТ 199 – ОТ 213 – ОТ 212 – ОТ 207 – ОТ 208 (ул. ""Васил Коларов""), с. Дългоделци, община Якимово","Община Якимово, област Монтана",126.71927,0.00000,126.71927
6211,OP-24.001-0789,Реконструкция на част от водопроводната мрежа на село Долно Церовене,"Община Якимово, област Монтана",331.10460,0.00000,331.10460
6211,OP-24.001-0790,"Проектиране и авторски надзор на обект: Подмяна на част от довеждащ водопровод от с. Долно Церовене до ВВМ, с. Дългоделци","Община Якимово, област Монтана",0.00000,0.00000,0.00000
6211,OP-25.001-0151,Основен ремонт на уличната мрежа на територията на община Якимово,"Община Якимово, област Монтана",0.00000,0.00000,0.00000
6211,OP-25.001-0126,Ремонт на улична мрежа в община Якимово,"Община Якимово, област Монтана",0.00000,0.00000,0.00000
6301,OP-24.001-0791,"Реконструкция и рехабилитация на общински път PAZ2002 /III – 376 /лет. Цигов чарк – контрастена яз. Батак, на територията на община Батак","Община Батак, област Пазарджик",0.00000,0.00000,0.00000
6301,OP-24.001-0792,"Реконструкция и рехабилитация на улици в гр. Батак, с. Нова махала и с. Фотиново, общ. Батак","Община Батак, област Пазарджик",0.00000,0.00000,0.00000
6301,OP-24.001-0793,"Подмяна на водопроводната мрежа в град Батак на улици: ""Георги Бенковски"", ""Ангел Калоянов"", ""Шипка"", ""Орфей"" и ""Здравец""","Община Батак, област Пазарджик",0.00000,0.00000,0.00000
6301,OP-24.001-2857,"Изготвяне на проекти за реконструкция и рехабилитация на улична мрежа, площади, паркинги, водоснабдителни и канализационни съоръжения и общински пътища в община Батак","Община Батак, област Пазарджик",0.00000,0.00000,0.00000
6302,OP-24.001-1975,"Реконструкция на водопроводната мрежа на село Дъбравите, община Белово","Община Белово, област Пазарджик",0.00000,0.00000,0.00000
6302,OP-24.001-0794,"Реконструкция на ВВМ, с. Момина клисура, община Белово","Община Белово, област Пазарджик",1473.23294,0.00000,1473.23294
6302,OP-24.001-1969,"Инженеринг – проектиране, авторски надзор и строителство на обект ""Реконструкция на вътрешна водопроводна мрежа на село Габровица, община Белово""","Община Белово, област Пазарджик",0.00000,724.04913,724.04913
6302,OP-24.001-1968,"Основен ремонт на водопроводна мрежа по бул. ""Юндола"", гр. Белово, община Белово","Община Белово, област Пазарджик",0.00000,0.00000,0.00000
6302,OP-24.001-1973,"Реконструкция на водопроводната мрежа на с. Мененкьово, община Белово","Община Белово, област Пазарджик",0.00000,0.00000,0.00000
6302,OP-24.001-1971,"Подобект: Благоустрояване на улица ""Св. Климент Охридски"" от ОТ 118 до ОТ 122, гр. Белово","Община Белово, област Пазарджик",0.00000,0.00000,0.00000
6302,OP-24.001-0798,"Благоустрояване на улица от ОТ 147 до ОТ 114 село Сестримо, общ. Белово","Община Белово, област Пазарджик",0.00000,0.00000,0.00000
6302,OP-24.001-1974,"Ремонт на вътрешни помещения на съществуващата читалищна сграда на читалище ""Благой Захариев"", кв. Малко Белово, община Белово","Община Белово, област Пазарджик",0.00000,0.00000,0.00000
6302,OP-24.001-1972,"Ремонт на вътрешни помещения на съществуващата читалищна сграда на читалище ""Просвета 1958"", село Аканджиево, община Белово","Община Белово, област Пазарджик",0.00000,0.00000,0.00000
6302,OP-24.001-0795,"Реконструкция на уличната мрежа в село Мененкьово, община Белово","Община Белово, област Пазарджик",0.00000,0.00000,0.00000
6302,OP-24.001-0796,"Рехабилитация и реконструкция на общинска пътна мрежа в община Белово – Подобект 1: PAZ 1020 от началото на населеното място с. Габровица от 0+000 до км 1+547,93 – етап I","Община Белово, област Пазарджик",0.00000,0.00000,0.00000
6302,OP-24.001-1970,Предпроектно проучване и технически проекти за ПСОВ и колектори и изграждане на канализационна мрежа агломерация Белово,"Община Белово, област Пазарджик",0.00000,0.00000,0.00000
6303,OP-24.001-0799,"Реконструкция и рехабилитация на улична мрежа, тротоари, съоръжения и принадлежности към тях в с. Равногор, общ. Брацигово","Община Брацигово, област Пазарджик",0.00000,0.00000,0.00000
6303,OP-24.001-2445,"Реконструкция на съществуващи и изграждане на нови канализационни мрежи и съоръжения, съпътстващи водопроводи и 1 бр. ПСОВ, с. Исперихово, общ. Брацигово – I етап","Община Брацигово, област Пазарджик",0.00000,0.00000,0.00000
6303,OP-24.001-1977,"Реконструкция на селищна водопроводна мрежа на с. Розово, общ. Брацигово","Община Брацигово, област Пазарджик",0.00000,0.00000,0.00000
6303,OP-24.001-2858,"Основен ремонт на ул. ""Никола Мишев"", гр. Брацигово","Община Брацигово, област Пазарджик",0.00000,0.00000,0.00000
6303,OP-24.001-2859,"Основен ремонт на ул. ""Христо Смирненски"", гр. Брацигово","Община Брацигово, област Пазарджик",0.00000,0.00000,0.00000
6303,OP-24.001-2860,"Изготвяне на технически проект и осъществяване на авторски надзор на обект ""Детска площадка в ПИ 06207.501.1774 по плана на гр. Брацигово, общ. Брацигово""","Община Брацигово, област Пазарджик",0.00000,0.00000,0.00000
6304,OP-24.001-0800,"Реконструкция и рехабилитация на улични настилки по улици – ""Неофит Рилски"", ""Димитър Полянов"", ""Николай Островски"", ""Владая"", ""Кокиче"", ""Радецки"", ""Гогол""","Община Велинград, област Пазарджик",3676.41104,0.00000,3676.41104
6304,OP-24.001-0801,"Нов водопровод и реконструкция на съществуващ от ПС ""Клептуза"" до шахта към ПСПВ Велинград (от ПИ 10450.503.998 до ПИ 10450.212.73), вкл. реконструкция на тръбна връзка с КЕИ ""Клептуза""","Община Велинград, област Пазарджик",804.19139,0.00000,804.19139
6304,OP-24.001-2861,"Сгради за обществено хранене, развлечения и посетителски информационен център в парк ""Клептуза"", УПИ VI, кв. 394, гр. Велинград, община Велинград","Община Велинград, област Пазарджик",0.00000,0.00000,0.00000
6304,OP-24.001-2866,"Изместване на съществуващ довеждащ водопровод ""Сухата Лъка"" по бул. ""Съединение"" от кръстовището с ул. ""8 март"" до кръстовище с улица ""Цар Самуил, гр. Велинград","Община Велинград, област Пазарджик",0.00000,0.00000,0.00000
6304,OP-24.001-1979,"Основен ремонт и реконструкция на част от водопроводната мрежа по улици: ул. ""Крупская"", ул. ""Бялата скала"", ул. ""Тодор Узунов"", ул. ""Крайречна"", ул. ""Антон Попов"", ул. ""Ален мак"" ул. ""Юрий Венелин"" в участъка от ул. ""Бялата скала"" до ул. ""Тодор Узунов"", ул. ""Скриеница"", ""Стою Калпазанов"", ул. ""Д. Дебелянов"", ул. ""М. Драгинов"" и ул. ""Беговица"", гр. Велинград","Община Велинград, област Пазарджик",0.00000,324.86860,324.86860
6304,OP-24.001-1980,"Реконструкция и/или рехабилитация на част от уличната мрежа по улици: ул. ""Крупская"", ул. ""Бялата скала"", ул. ""Тодор Узунов"", ул. ""Крайречна"", ул. ""Антон Попов"", ул. ""Ален мак"", ул. ""Юрий Венелин"", ул. ""Скриеница"", ""Стою Калпазанов"", ул. ""Д. Дебелянов"", ул. ""М. Драгинов"" и ул. ""Беговица"", гр. Велинград","Община Велинград, област Пазарджик",0.00000,0.00000,0.00000
6304,OP-24.001-1978,"Основен ремонт и реконструция на част от водопроводната мрежа по улици: ул. ""Елин връх"", ул. ""Ген. Гурко"", ул. ""С. М. Киров"", ул. ""Кладова"", ул. ""П. Хитов"", ул. ""М. Шатаров"", ул. ""Свети Иван Рилски"", ул. ""Цар Крум"" и ул. ""Чавдар Войвода"", гр. Велинград","Община Велинград, област Пазарджик",0.00000,224.77001,224.77001
6304,OP-24.001-1982,"Реконструкция и/или рехабилитация на част от уличната мрежа по улици: ул. ""Тодор Каблешков"" в участъка от кръстовището с ул. ""Бачо Киро"" до ул. ""Н. Хрелков"", ул. ""Г. Бенковски"", ул. ""Стела Благоева"" и ул. ""Стефан Попов"", гр. Велинград","Община Велинград, област Пазарджик",0.00000,0.00000,0.00000
6304,OP-24.001-1981,"Основен ремонт и реконструкция на част от водопроводната мрежа по улици: ул. ""Тодор Каблешков"" в участъка от кръстовището с ул. ""Бачо Киро"" до ул. ""Н. Хрелков"", ул. ""Г. Бенковски"", ул. ""Стела Благоева"" и ул. ""Стефан Попов"", гр. Велинград","Община Велинград, област Пазарджик",0.00000,200.24419,200.24419
6304,OP-24.001-1984,"Реконструкция и/или рехабилитация на част от уличната мрежа по улици: ул. ""Евлоги Георгиев"" в участъка от ул. ""Връх киселец"" до ул. ""Тошо Стайков"", ул. ""Боров парк"", ул. ""Пушкин"" и ул. ""Братя Кръстини"", гр. Велинград","Община Велинград, област Пазарджик",0.00000,0.00000,0.00000
6304,OP-24.001-1983,"Основен ремонт и реконструкция на част от водопроводната мрежа по улици: ул. ""Евлоги Георгиев"" в участъка от ул. ""Връх киселец"" до ул. ""Тошо Стайков"", ул. ""Боров парк"", ул. ""Пушкин"" и ул. ""Братя Кръстини"", гр. Велинград","Община Велинград, област Пазарджик",0.00000,173.71719,173.71719
6304,OP-24.001-1985,"Основен ремонт на уличната настилка на улица ""Никола Вапцаров"", гр. Велинград, в участъка от жп прелеза до ул. ""Еделвайс"" – първи етап","Община Велинград, област Пазарджик",2.22000,0.00000,2.22000
6304,OP-24.001-1990,"Ремонт на улица ""Острец"" в с. Св. Петка, общ. Велинград","Община Велинград, област Пазарджик",0.00000,0.00000,0.00000
6304,OP-24.001-1991,"Ремонт на улица ""Ст. Калпазанов"" в с. Св. Петка, общ. Велинград","Община Велинград, област Пазарджик",0.00000,0.00000,0.00000
6304,OP-25.001-0769,"Изграждане на нов водопровод за питейни нужди по ул. ""Острец"", с. Света Петка","Община Велинград, област Пазарджик",0.00000,0.00000,0.00000
6304,OP-24.001-2001,"Ремонт на улица ""Д-р Аджаров"" с дължина 307 м в с. Юндола, общ. Велинград","Община Велинград, област Пазарджик",0.00000,0.00000,0.00000
6304,OP-24.001-1993,"Ремонт на ул. ""Пирин"" в село Кандьови, общ. Велинград","Община Велинград, област Пазарджик",0.00000,0.00000,0.00000
6304,OP-24.001-1987,"Ремонт на улица ""Юндола"" в с. Пашови, общ. Велинград","Община Велинград, област Пазарджик",0.00000,0.00000,0.00000
6304,OP-24.001-1992,"Ремонт на главната улица в с. Всемирци, общ. Велинград","Община Велинград, област Пазарджик",0.00000,0.00000,0.00000
6304,OP-24.001-2003,"Ремонт на улица с дължина 137 м в с. Биркова, общ. Велинград","Община Велинград, област Пазарджик",0.00000,0.00000,0.00000
6304,OP-24.001-1994,"Ремонт на улица ""Иглика"" в Долна Дъбева, общ. Велинград","Община Велинград, област Пазарджик",0.00000,0.00000,0.00000
6304,OP-24.001-1999,"Ремонт на улица ""Княгиня Мария Луиза"" в с. Юндола, общ. Велинград","Община Велинград, област Пазарджик",0.00000,0.00000,0.00000
6304,OP-24.001-2015,"Реконструкция на водопровод и канализация по ул. ""Тарас Шевченко"" в участъка от ул. ""Еделвайс"" до ул. ""Братя Маврикови"", гр. Велинград, община Велинград","Община Велинград, област Пазарджик",1.80000,0.00000,1.80000
6304,OP-24.001-2013,"Ремонт/реконструкция на ул. ""Еделвайс"" от ул. ""Тарас Шевченко"" до ул. ""Никола Вапцаров"", гр. Велинград","Община Велинград, област Пазарджик",0.00000,0.00000,0.00000
6304,OP-24.001-1986,"Основен ремонт /подмяна и реконструкция/ проектиране, авторски надзор, СМР на водопроводната и канализационната мрежа на ул. ""Еделвайс"" в участъка между ул. ""Никола Вапцаров"" и ул. ""Тарас Шевченко"", в гр. Велинград","Община Велинград, област Пазарджик",0.00000,0.00000,0.00000
6304,OP-24.001-2014,"Ремонт/реконструкция на ул. ""Тарас Шевченко"" от ул. ""Еделвайс"" до ул. ""Братя Маврикови"", гр. Велинград","Община Велинград, област Пазарджик",0.00000,0.00000,0.00000
6304,OP-24.001-2008,"Ремонт на ул. ""Бор"" с дължина 140 м в с. Алендарова, общ. Велинград","Община Велинград, област Пазарджик",0.00000,0.00000,0.00000
6304,OP-24.001-2004,"Ремонт на улица с дължина 150 м в с. Биркова, общ. Велинград","Община Велинград, област Пазарджик",0.00000,0.00000,0.00000
6304,OP-24.001-1997,"Реконструкция на водопроводна мрежа в с. Всемирци, общ. Велинград","Община Велинград, област Пазарджик",101.40200,0.00000,101.40200
6304,OP-24.001-2000,"Ремонт на улица ""Мальовица"" в с. Юндола, общ. Велинград","Община Велинград, област Пазарджик",0.00000,0.00000,0.00000
6304,OP-24.001-0804,"Изготвяне проекти за реконструкция и/или рехабилитация на част от уличната мрежа по улици: ул. ""Цар Самуил"" в участъка от кръстовището с ул. ""Петър Янев"" до ул. ""Будилник"", ул. ""Пионерска"" и ул. ""Петър Берон"", гр. Велинград","Община Велинград, област Пазарджик",0.00000,0.00000,0.00000
6304,OP-24.001-2012,"Ремонт/реконструкция на уличен водопровод на улица ""Княгиня Мария Луиза"" с дължина 310 м в с. Юндола, общ. Велинград","Община Велинград, област Пазарджик",0.00000,0.00000,0.00000
6304,OP-24.001-0805,"Изготвяне проекти за реконструкция и/или рехабилитация на част от уличната мрежа по улици: ул. ""Крупская"", ул. ""Бялата скала"", ул. ""Тодор Узенов"", ул. ""Крайречна"", ул. ""Юрий Венелин"" в участъка от ул. ""Бялата скала"" до ул. ""Тодор Узенов"", ул. ""Скриеница"", ""Стою Калпазанов"", ул. ""Д. Дебелянов"", ул. ""М. Драгинов"" и ул. ""Беговица"", гр. Велинград","Община Велинград, област Пазарджик",79.80000,0.00000,79.80000
6304,OP-24.001-2011,"Ремонт/реконструкция на уличен водопровод на улица ""Мальовица"" с дължина 295 м в с. Юндола, общ. Велинград","Община Велинград, област Пазарджик",0.00000,0.00000,0.00000
6304,OP-24.001-0806,"Изготвяне проекти за основен ремонт и реконструкция на част от водопроводната мрежа по улици: ул. ""Крупская"", ул. ""Бялата скала"", ул. ""Тодор Узенов"", ул. ""Крайречна"", ул. ""Юрий Венелин"" в участъка от ул. ""Бялата скала"" до ул. ""Тодор Узенов"", ул. ""Скриеница"", ""Стою Калпазанов"", ул. ""Д. Дебелянов"", ул. ""М. Драгинов"" и ул. ""Беговица"", гр. Велинград","Община Велинград, област Пазарджик",59.64000,0.00000,59.64000
6304,OP-24.001-0803,"Изготвяне проекти за основен ремонт и реконструкция на част от водопроводната мрежа по улици: ул. ""Цар Самуил"" в участъка от кръстовището с ул. ""Петър Янев"" до ул. ""Будилник"", ул. ""Пионерска"" и ул. ""Петър Берон"", гр. Велинград","Община Велинград, област Пазарджик",0.00000,0.00000,0.00000
6304,OP-24.001-0808,"Изготвяне проекти за реконструкция и/или рехабилитация на част от уличната мрежа по улици: ул. ""Елин връх"", ул. ""Ген. Гурко"", ул. ""С. М. Киров"", ул. ""Кладова"", ул. ""П. Хитов"", ул. ""М. Шатаров"", ул. ""Свети Иван Рилски"", ул. ""Цар Крум"" и ул. ""Чавдар Войвода"", гр. Велинград","Община Велинград, област Пазарджик",0.00000,0.00000,0.00000
6304,OP-24.001-0807,"Изготвяне проекти за основен ремонт и реконструкция на част от водопроводната мрежа по улици: ул. ""Елин връх"", ул. ""Ген. Гурко"", ул. ""С. М. Киров"", ул. ""Кладова"", ул. ""П. Хитов"", ул. ""М. Шатаров"", ул. ""Свети Иван Рилски"", ул. ""Цар Крум"" и ул. ""Чавдар Войвода"", гр. Велинград","Община Велинград, област Пазарджик",49.68000,0.00000,49.68000
6304,OP-24.001-0809,"Изготвяне проекти за основен ремонт и реконструкция на част от водопроводната мрежа по улици: ул. ""Христо Смирненски"" в участъка от пл. ""П. Славейков"" до ул. ""Г. Кирков"", ул. ""Йорданка Чанкова"" и ул. ""Алеко Константинов"", гр. Велинград","Община Велинград, област Пазарджик",0.00000,0.00000,0.00000
6304,OP-24.001-0810,"Изготвяне проекти за реконструкция и/или рехабилитация на част от уличната мрежа по улици: ул. ""Христо Смирненски"" в участъка от пл. ""П. Славейков"" до ул. ""Г. Кирков"", ул. ""Йорданка Чанкова"" и ул. ""Алеко Константинов"", гр. Велинград","Община Велинград, област Пазарджик",0.00000,0.00000,0.00000
6304,OP-24.001-0811,"Изготвяне проекти за реконструкция и/или рехабилитация на част от уличната мрежа по улици: ул. ""Тодор Каблешков"" в участъка от кръстовището с ул. ""Бачо Киро"" до ул. ""Н. Хрелков"", ул. ""Г. Бенковски"", ул. ""Стела Благоева"" и ул. ""Стефан Попов"", гр. Велинград","Община Велинград, област Пазарджик",44.16000,0.00000,44.16000
6304,OP-24.001-0814,"Изготвяне проекти за реконструкция и/или рехабилитация на част от уличната мрежа по улици: ул. ""Евлоги Георгиев"" в участъка от ул. ""Връх киселец"" до ул. ""Тошо Стайков"", ул. ""Боров парк"", ул. ""Пушкин"" и ул. ""Братя Кръстини"", гр. Велинград","Община Велинград, област Пазарджик",41.64000,0.00000,41.64000
6304,OP-24.001-0812,"Изготвяне проекти за основен ремонт и реконструкция на част от водопроводната мрежа по улици: ул. ""Тодор Каблешков"" в участъка от кръстовището с ул. ""Бачо Киро"" до ул. ""Н. Хрелков"", ул. ""Г. Бенковски"", ул. ""Стела Благоева"" и ул. ""Стефан Попов"", гр. Велинград","Община Велинград, област Пазарджик",36.54000,0.00000,36.54000
6304,OP-24.001-0813,"Изготвяне проекти за основен ремонт и реконструкция на част от водопроводната мрежа по улици: ул. ""Евлоги Георгиев"" в участъка от ул. ""Връх киселец"" до ул. ""Тошо Стайков"", ул. ""Боров парк"", ул. ""Пушкин"" и ул. ""Братя Кръстини"", гр. Велинград","Община Велинград, област Пазарджик",34.65000,0.00000,34.65000
6304,OP-24.001-2864,"Основен ремонт и/или рехабилитация на пътната част на улици в с. Драгиново, общ. Велинград","Община Велинград, област Пазарджик",0.00000,0.00000,0.00000
6304,OP-24.001-2863,"Основен ремонт и/или рехабилитация на пътната част на улици в с. Грашево, общ. Велинград","Община Велинград, област Пазарджик",0.00000,0.00000,0.00000
6304,OP-25.001-0449,"Основен ремонт и/или рехабилитация на улици в с. Кръстава, общ. Велинград","Община Велинград, област Пазарджик",0.00000,0.00000,0.00000
6304,OP-25.001-0452,"Основен ремонт и/или рехабилитация на улици в с. Абланица, махала Магерови колиби, общ. Велинград","Община Велинград, област Пазарджик",0.00000,0.00000,0.00000
6304,OP-24.001-2005,"Рехабилитация на отклонение на републикански път ІІІ-843 /Биркова – Кръстава/ – с. Чолаково – Дживгова махала от км 1+300 до км 2+500, община Велинград","Община Велинград, област Пазарджик",0.00000,0.00000,0.00000
6304,OP-24.001-2862,"Основен ремонт и/или рехабилитация на част пътна на ул. ""Никола Бандаков"" в участъка между ул. ""Никола Вапцаров"" и ул. ""Жасмин"", гр. Велинград","Община Велинград, област Пазарджик",0.00000,0.00000,0.00000
6304,OP-24.001-1996,"Рехабилитация на отклонение от републикански път III-8434 (Велинград – Горски пункт ""Селище"") – Кръстава – Биркова – Рохлева – (Юндола – Якоруда) – Дренкова от км 0+000 до км 0+570, общ. Велинград","Община Велинград, област Пазарджик",0.00000,0.00000,0.00000
6304,OP-24.001-1989,"Рехабилитация на отклонение от републикански път II-84 /Юндола – Черна Места/ – с. Пашови от км 0+000 до км 0+770, общ. Велинград","Община Велинград, област Пазарджик",0.00000,0.00000,0.00000
6304,OP-25.001-0451,"Основен ремонт и/или рехабилитация на централна улица в с. Враненци, общ. Велинград","Община Велинград, област Пазарджик",0.00000,0.00000,0.00000
6304,OP-25.001-0450,"Основен ремонт и/или рехабилитация на улици в с. Горна Дъбева, общ. Велинград","Община Велинград, област Пазарджик",0.00000,0.00000,0.00000
6304,OP-24.001-2867,"Основен ремонт и/или реконструкция на водопроводната мрежа по улица ""Трети март"" в участъка от улица ""Елин Пелин"" до улица ""Саркиница"", с. Драгиново, общ. Велинград","Община Велинград, област Пазарджик",0.00000,0.00000,0.00000
6304,OP-24.001-1988,"Рехабилитация на отклонение от републикански път III-8434 (Велинград – Горски пункт ""Селище"") – Кръстава – Биркова – Рохлева – (Юндола – Якоруда) – Бузгова от км 0+000 до км 0+300, общ. Велинград","Община Велинград, област Пазарджик",0.00000,0.00000,0.00000
6304,OP-24.001-1995,"Ремонт на улица в Далова махала, общ. Велинград, с осови точки 14, 13, 39, 12, 11, 22, 23, 40, 24 до 28 и осови точки 11, 9, 17, 7, 6, 38","Община Велинград, област Пазарджик",0.00000,0.00000,0.00000
6304,OP-24.001-2009,"Ремонт на ул. ""Белмекен"" с дължина 340 м в с. Алендарова, общ. Велинград","Община Велинград, област Пазарджик",0.00000,0.00000,0.00000
6304,OP-24.001-1998,"Ремонт на улица ""Ст. Калпазанов"" в с. Грашево, общ. Велинград","Община Велинград, област Пазарджик",0.00000,0.00000,0.00000
6304,OP-24.001-2006,"Ремонт на 4 броя улици с обща дължина 256 м в с. Рохлева, общ. Велинград","Община Велинград, област Пазарджик",0.00000,0.00000,0.00000
6304,OP-24.001-2010,"Подпорна стена с дължина 32 м в с. Рохлева, общ. Велинград","Община Велинград, област Пазарджик",0.00000,0.00000,0.00000
6304,OP-24.001-2002,"Ремонт на улица с дължина 105 м в с. Боровиново, общ. Велинград","Община Велинград, област Пазарджик",0.00000,0.00000,0.00000
6304,OP-24.001-2007,"Изграждане на улици в с. Бутрева, общ. Велинград","Община Велинград, област Пазарджик",0.00000,0.00000,0.00000
6304,OP-24.001-0802,"Реконструкция на водопроводни клонове в кв. Каменица, гр. Велинград, и възстановяване на асфалтова настилка, извършване на СМР, авторски надзор и НСН – етап II","Община Велинград, област Пазарджик",0.00000,0.00000,0.00000
6305,OP-25.001-0453,"РЕКОНСТРУКЦИЯ И РЕХАБИЛИТАЦИЯ НА ВЪТРЕШНАТА ВОДОПРОВОДНА МРЕЖА НА c. БОРИМЕЧКОВО, ОБЩИНА ЛЕСИЧОВО – етап 2","Община Лесичово, област Пазарджик",0.00000,0.00000,0.00000
6305,OP-25.001-0454,"ПОДОБРЯВАНЕ НА ТРАНСПОРТНАТА ИНФРАСТРУКТУРА В ОБЩИНА ЛЕСИЧОВО ЧРЕЗ РЕКОНСТРУКЦИЯ И РЕХАБИЛИТАЦИЯ НА УЛИЦИ И ТРОТОАРИ, ПОДОБЕКТ 4: УЛ. ""17-ТА"", ЕТАП 2 ОТ о.т. 110-109-108-107-106-103-99-98-94-92, С.КАЛУГЕРОВО","Община Лесичово, област Пазарджик",0.00000,0.00000,0.00000
6305,OP-25.001-0455,"ПОДОБРЯВАНЕ НА ТРАНСПОРТНАТА ИНФРАСТРУКТУРА В ОБЩИНА ЛЕСИЧОВО ЧРЕЗ РЕКОНСТРУКЦИЯ И РЕХАБИЛИТАЦИЯ НА УЛИЦИ И ТРОТОАРИ, ПОДОБЕКТ: УЛ. ""ИЛИЯ ТАБАКОВ"", ЕТАП 2 ОТ О.Т. 11-16-17-18-19-20-283, С. ЛЕСИЧОВО","Община Лесичово, област Пазарджик",0.00000,0.00000,0.00000
6305,OP-25.001-0456,"Основен ремонт на ул. ""9-та"" от о.т. 124-99 в с. Калугерово, община Лесичово","Община Лесичово, област Пазарджик",0.00000,0.00000,0.00000
6305,OP-24.001-0815,"Реконструкция, рехабилитация и доизграждане на вътрешната водопроводна мрежа в с. Калугерово, общ. Лесичово – първи етап","Община Лесичово, област Пазарджик",377.75636,0.00000,377.75636
6305,OP-24.001-0816,"Реконструкция и рехабилитация на улици и тротоари на територията на община Лесичово – етап 2, подобект: с. Калугерово: ул. ""5-а"" о.т. 88-40-39-24-27","Община Лесичово, област Пазарджик",0.00000,0.00000,0.00000
6305,OP-24.001-0817,"Реконструкция и рехабилитация на улици и тротоари на територията на община Лесичово – етап 2, подобект: с. Калугерово: ул. ""7-а"" о.т. 128-94-35-34","Община Лесичово, област Пазарджик",0.00000,0.00000,0.00000
6305,OP-24.001-0818,"Реконструкция и рехабилитация на улици и тротоари на територията на община Лесичово – етап 2, подобект: с. Лесичово: ул. ""Г. Иванчев"" о.т. 129-184-185-186-187 и 134-183-184","Община Лесичово, област Пазарджик",0.00000,0.00000,0.00000
6305,OP-25.001-0770,"Реконструкция, рехабилитация и доизграждане на вътрешната водопроводна мрежа в с. Калугерово, общ. Лесичово – втори етап","Община Лесичово, област Пазарджик",0.00000,0.00000,0.00000
6305,OP-24.001-0819,"Реконструкция и рехабилитация на улици и тротоари на територията на община Лесичово – етап 2, подобект: с. Динката: ул. ""24-та"" о.т. 81-60-61-63","Община Лесичово, област Пазарджик",0.00000,0.00000,0.00000
6306,OP-24.001-0820,"Доизграждане на канализационна и реконструкция на водопроводната мрежа – етап III на с. Ивайло, община Пазарджик","Община Пазарджик, област Пазарджик",0.00000,0.00000,0.00000
6306,OP-24.001-0821,"Реновиране на градската жизнена среда в жилищни райони в квартал ""Марица-Болницата"" на град Пазарджик","Община Пазарджик, област Пазарджик",0.00000,0.00000,0.00000
6306,OP-24.001-2868,"Оновен ремонт и реконструкция на съществуващи улици от уличната мржа на гр. Пазарджик – Етапно строителство по чл. 152, ал. 2 от ЗУТ","Община Пазарджик, област Пазарджик",0.00000,0.00000,0.00000
6306,OP-24.001-2871,"Изпълнение на Инженеринг – проектиране, авторски надзор и строителство на водопроводната мрежа по главните улици на селата Мало Конаре, Пищигово, Черногорово и Овчеполци, част от републиканската пътна мрежа – републикански път III-8003 и попадащи в строителната програма на АПИ","Община Пазарджик, област Пазарджик",0.00000,0.00000,0.00000
6306,OP-24.001-2016,"Изработване на работен/технически проект за основен ремонт на ул. ""Геори Бенковски"" от ул. ""Петър Бонев"" до ул. ""Генерал Гурко"" в гр. Пазарджик","Община Пазарджик, област Пазарджик",0.00000,0.00000,0.00000
6306,OP-24.001-2872,"Изпълнение на Инженеринг – проектиране, авторски надзор и монтаж на 4 бр. асансьори с по 14 спирки в административната сграда на Община Пазарджик с адрес: бул. ""България"" № 2, гр. Пазарджик","Община Пазарджик, област Пазарджик",0.00000,0.00000,0.00000
6306,OP-24.001-0827,"Изработване на работен/технически проект за основен ремонт на ул. ""Ивайловско шосе"" от ул. ""Двадесет и девета"" в с. Ивайло (вход на с. Ивайло) до бул. ""Георги Бенковски"" в гр. Пазарджик","Община Пазарджик, област Пазарджик",0.00000,0.00000,0.00000
6306,OP-24.001-0829,"Изработване на работен/технически проект за основен ремонт на ул. ""Пловдивска"" от ул. ""Ген. Гурко"" до бул. ""Стефан Стамболов"" в гр. Пазарджик","Община Пазарджик, област Пазарджик",0.00000,0.00000,0.00000
6306,OP-24.001-2018,"Преустройство на част от съществуваща сграда, в която се помещава Специализирана болница за активно лечение на пневмофтизиатрични заболявания ""Д-р Никола Пенчев"" – Пазарджик"" ЕООД","Община Пазарджик, област Пазарджик",124.14596,0.00000,124.14596
6306,OP-24.001-0826,"Изработване на работен/технически проект за обновяване и благоустрояване на междублоковите пространства в кв. Ябълките, гр. Пазарджик","Община Пазарджик, област Пазарджик",0.00000,0.00000,0.00000
6306,OP-24.001-0828,"Изработване на работен/технически проект за обновяване и благоустрояване на междублоковите пространства в кв. Широк център – юг, гр. Пазарджик","Община Пазарджик, област Пазарджик",0.00000,0.00000,0.00000
6306,OP-24.001-0830,"Изработване на работен/технически проект за основен ремонт на бул. ""България"" от ул. ""Ген. Гурко"" до бул. ""Стефан Стамболов"" в гр. Пазарджик","Община Пазарджик, област Пазарджик",0.00000,0.00000,0.00000
6306,OP-24.001-2017,"Изработване на работен/технически проект за основен ремонт на ул. ""Генерал Гурко"" от ул. ""Г. Бенковски"" до площад ""Възраждане"" в гр. Пазарджик","Община Пазарджик, област Пазарджик",0.00000,0.00000,0.00000
6306,OP-24.001-0833,"Изработване на работен/технически проект за основен ремонт на ул. ""Димчо Дебелянов"" от ул. ""Пловдивска"" до бул. ""Стефан Стамболов"" в гр. Пазарджик","Община Пазарджик, област Пазарджик",0.00000,0.00000,0.00000
6306,OP-24.001-2870,"Ремонт на уличен водопровод по ул. ""Св. св. Кирил и Методий"" /от кръстовището с ул. ""Пеньо Пенев"" до кръстовището с ул. ""Васил Левски"", с. Огняново, общ. Пазарджик, в обхвата на републикански път III-8004 ""Мало Конаре – Огняново – Исперихово"" от км 3+408 до км 4+230","Община Пазарджик, област Пазарджик",0.00000,0.00000,0.00000
6306,OP-24.001-0834,"Изработване на работен/технически проект за основен ремонт на ул. ""Александър Батенберг"" от ул. ""Градинарска"" до бул. ""България"" в гр. Пазарджик","Община Пазарджик, област Пазарджик",0.00000,0.00000,0.00000
6306,OP-24.001-2019,Изработване на работен/технически проект за изграждане на Общински приют за безстопанствени кучета – Пазарджик,"Община Пазарджик, област Пазарджик",0.00000,0.00000,0.00000
6306,OP-25.001-0457,"Изпълнение на инженеринг – проектиране, авторски надзор и СМР за основен ремонт на пътни платна, бордюри и тротоари на 12 улици в гр. Пазарджик.","Община Пазарджик, област Пазарджик",0.00000,0.00000,0.00000
6306,OP-24.001-0832,"Изработване на работен/технически проект за изграждане на канализация на с. Мокрище, общ. Пазарджик и включване на отпадните води в ГПСОВ Пазарджик","Община Пазарджик, област Пазарджик",0.00000,0.00000,0.00000
6307,OP-24.001-0836,"Укрепване на коритото на река Луда Яна в регулационните граници на гр. Панагюрище – Етап IV от км 2+022,00 до км 3+001,83 – Подетап от км 0+293,51 до км 0+979,83","Община Панагюрище, област Пазарджик",2840.37196,0.00000,2840.37196
6307,OP-24.001-0837,"Реконструкция и рехабилитация на водопроводна мрежа на с. Баня и с. Бъта, община Панагюрище. Подобект: реконструкция и рехабилитация на водопроводна мрежа на с. Бъта, община Панагюрище. Втори етап: главни клонове 1, 2, 3, клон 1, 2, 3, 19, 21, 39, 43","Община Панагюрище, област Пазарджик",1254.48879,0.00000,1254.48879
6307,OP-24.001-0838,"Реконструкция и рехабилитация на водопроводна мрежа на с. Баня и с. Бъта, община Панагюрище. Подобект: реконструкция и рехабилитация на водопроводна мрежа на с. Баня, община Панагюрище – етапно строителство. Втори етап: главен клон I, довършване на главен клон 2, Клон 2, 4, 5, 26, 28, 36, 46, 57, 50","Община Панагюрище, област Пазарджик",1197.34246,0.00000,1197.34246
6307,OP-24.001-2020,"Реконструкция и рехабилитация на водопроводна мрежа на село Баня и с. Бъта, община Панагюрище – Етап 3. Подобект: реконструкция и рехабилитация на водопроводна мрежа на с. Баня, община Панагюрище – етапно строителство. Трети етап: клон 3, 17, 19, 20, 22, 30, 32, 38, 39, 41, 42, 44, 49, 51, 52, 55, 58, 59, 62","Община Панагюрище, област Пазарджик",996.02425,0.00000,996.02425
6307,OP-24.001-2873,"Водоснабдяване на група Панагюрище от тръбни кладенци при с. Злокучене – изготвяне на проект, строителство и авторски надзор на магистрален водопровод от ОШ ""15 м3"" до резервоар ""Ушите"", гр. Панагюрище – Участък 1: от т. 29 до т. 41 и Участък 2: от т. 53 до т. 56","Община Панагюрище, област Пазарджик",0.00000,0.00000,0.00000
6307,OP-24.001-0840,Водоснабдяване на град Панагюрище от тръбни кладенци при с. Злокучене – Реконструкция на ПС I подем до ПС II подем с оптимизация работата на тръбните кладенци,"Община Панагюрище, област Пазарджик",1750.88568,0.00000,1750.88568
6307,OP-24.001-0843,"Инженеринг – проектиране, строителство и авторски надзор за обект ""Интелигентно улично осветление в град Панагюрище""","Община Панагюрище, област Пазарджик",700.68000,0.00000,700.68000
6307,OP-24.001-0844,"Инженеринг – проектиране, строителство и авторски надзор за обект ""Интелигентно улично осветление в малките населени места в община Панагюрище""","Община Панагюрище, област Пазарджик",10.80000,0.00000,10.80000
6307,OP-24.001-0845,Благоустрояване на парк Панагюрище – северна част,"Община Панагюрище, област Пазарджик",0.00000,218.39979,218.39979
6307,OP-24.001-2022,"Водоснабдяване на група Панагюрище от тръбни кладенци при с. Злокучене – реконструкция на водопровод от ОШ ""Бошуля"" до ПС III подем: подобекти – Участък 2 от т. 292` до ЧР при ПС III подем","Община Панагюрище, област Пазарджик",0.00000,0.00000,0.00000
6307,OP-24.001-0842,"Водоснабдяване на град Панагюрище от тръбни кладенци при с. Злокучене – реконструкция на водопровод от ОШ ""Бошуля"" до ПС III подем – Участък 1 от ОШ ""Бошуля"" до т. 42 и Участък 2 от о.т. 286 /ШВЗ/ до о.т. 292","Община Панагюрище, област Пазарджик",894.61170,0.00000,894.61170
6307,OP-24.001-0846,"Благоустройство на ул. Кръстьо Гешанов от км 0+000,00 до км 0+547,00","Община Панагюрище, област Пазарджик",463.68000,0.00000,463.68000
6307,OP-24.001-0847,Изготвяне на технически проект за обект: Основен ремонт на Театър – Дом паметник,"Община Панагюрище, област Пазарджик",68.40000,0.00000,68.40000
6307,OP-24.001-2025,Изготвяне на технически проект и авторски надзор за обект: Основен ремонт на сграда общинска собственост – Поликлиника,"Община Панагюрище, област Пазарджик",0.00000,0.00000,0.00000
6307,OP-24.001-2024,Изготвяне на технически проект и авторски надзор за обект: Основен ремонт на сграда общинска собственост – Градска минерална баня,"Община Панагюрище, област Пазарджик",0.00000,0.00000,0.00000
6307,OP-24.001-2023,Изготвяне на технически проект и авторски надзор за обект: Основен ремонт на сграда общинска собственост Център за подкрепа и личностно развитие,"Община Панагюрище, област Пазарджик",0.00000,0.00000,0.00000
6307,OP-24.001-0841,"Рехабилитация на съществуваща водопроводна мрежа в село Панагюрски колонии в регулацията на село Панагюрски колонии – етапно строителство. ПЪРВИ ЕТАП: Главен клон I, Клон 1, Клон 5, Клон 6, Клон 8, Клон 9, Клон 10, Клон 13","Община Панагюрище, област Пазарджик",0.00000,0.00000,0.00000
6307,OP-24.001-2021,"Рехабилитация на съществуваща водопроводна мрежа в село Панагюрски колонии в регулацията на село Панагюрски колонии – етапно строителство. Втори етап: Клон 2, Клон 3, Клон 4, Клон 7, Клон 11","Община Панагюрище, област Пазарджик",0.00000,0.00000,0.00000
6308,OP-24.001-2446,"Основен ремонт на ВиК мрежи и пътна част на ул. ""Освобождение"" и ул. ""Атанас Горов"", гр. Пещера","Община Пещера, област Пазарджик",1229.82724,0.00000,1229.82724
6308,OP-24.001-0848,Изграждане на Многофункционална спортна зала в гр. Пещера,"Община Пещера, област Пазарджик",0.00000,2159.99999,2159.99999
6308,OP-24.001-0850,"Благоустрояване на публични пространства в гр. Пещера, участък от ул. ""Дойранска епопея"" от ос. т. 544 до ос. т. 513, участък ул. ""Георги Зафиров"" от ул. ""Дойранска епопея"" до коритото на река Стара река и ул. ""Димитър Горов"" между ос. т. 541 до ос. т. 549, вкл. улица тупик между ос. т. 514 и ос. т. 548","Община Пещера, област Пазарджик",2003.02259,0.00000,2003.02259
6308,OP-25.001-0458,"Реконструкция на довеждащ водопровод от съществуващ каптаж ""Новомахленски"" до утаител в ПИ с иден. № 56277.1.1363, гр. Пещера, общ. Пещера","Община Пещера, област Пазарджик",0.00000,0.00000,0.00000
6308,OP-25.001-0459,"Основен ремонт на ул. ""Георги Гънин"" от о.т. 25 до о.т. 57 и ул. ""Вела Пеева""от о.т. 48 до о.т. 73, с. Радилово","Община Пещера, област Пазарджик",0.00000,0.00000,0.00000
6308,OP-24.001-0851,"Основен ремонт на водопровод и пътна част на ул. ""Петър Горанов"" и ул. ""Симон Налбант""","Община Пещера, област Пазарджик",1126.99189,0.00000,1126.99189
6308,OP-25.001-0460,"Основен ремонт на общински пазар гр. Пещера и основен ремонт на улици с о.т. 552-о.т.551, УПИ I ""Пазар"" и пространството между о.т. 551 – о.т. 611 – настилки, гр. Пещера","Община Пещера, област Пазарджик",0.00000,0.00000,0.00000
6308,OP-25.001-0461,"Основен ремонт на ВИК мрежа и пътна част на ул. ""Резервоара"" и ул. ""Ангел Калоянов"", гр. Пещера","Община Пещера, област Пазарджик",0.00000,0.00000,0.00000
6308,OP-25.001-0462,"Основен ремонт на водопровод и пътна част на ул. ""Цар Симеон"" и ул. ""Цар Борис"" – инженеринг","Община Пещера, област Пазарджик",0.00000,0.00000,0.00000
6308,OP-25.001-0463,"Основен ремонт на ВИК мрежа – ул. ""Орешака"", yл. ""Paдeцки"" oт o.т. 750 до о.т. 749, yл. ""Poдопа"" от o.т. 749 до о.т. 738 и yл. ""Иван Цвеев"" oт o.т. 738 дo o.т. 735a в гр. Пещера","Община Пещера, област Пазарджик",0.00000,0.00000,0.00000
6308,OP-25.001-0464,"Изграждане на продължение на ул. ""Стефан Караджа"" от о.т. 298 до о.т. 249 между кв. 27 и кв. 80 и о.т. 253, 2985, 254 между кв. 27 и кв. 308, гр. Пещера","Община Пещера, област Пазарджик",0.00000,0.00000,0.00000
6308,OP-24.001-0849,"Обект: ""Проект за благоустрояване на район ""Изгрев"", в кв. 27 по плана на гр. Пещера, община Пещера, област Пазарджик""","Община Пещера, област Пазарджик",320.89296,0.00000,320.89296
6309,OP-24.001-0852,"Реконструкция на ул. ""Васил Левски"" – гр. Костандово, в участъка от т. 12 до т. 230, при улица ""Мел"" – гр. Костандово, община Ракитово – СМР","Община Ракитово, област Пазарджик",2821.55364,0.00000,2821.55364
6309,OP-25.001-0092,"ОСНОВЕН РЕМОНТ НА ОБЩИНСКИ ПЪТ PAZ1180 /ІІІ-376/ РАКИТОВО – КОСТАНДОВО /PAZ1181/ ОТ КМ 3+070.00 ДО КМ 3+890.91 Обект: ОБЩИНСКИ ПЪТ PAZ1180 /ІІІ-376/ РАКИТОВО – КОСТАНДОВО /PAZ1181/ Етап 2 – ДИРЕКТНО ТРАСЕ ОТ км 2+200 до км 3+020,91","Община Ракитово, област Пазарджик",0.00000,0.00000,0.00000
6309,OP-25.001-0152,"Довършване ""Реконструкция на вътрешна водопроводна мрежа с. Дорково, общ. Ракитово, II-ри етап""","Община Ракитово, област Пазарджик",0.00000,0.00000,0.00000
6309,OP-25.001-0157,"Обект: Изграждане и рек-я на геотермална отоплителна система на гр. Ракитово; Подобект ""Доизграждане на гл. топлопроводен клон 1 по ул. Хр. Ботев (от ул. Т. Тупаров до о.т. 179), ул. Бр. Кръстини (от от. 179 до от. 207), ул. Г.Георгиев (от 207 до от 188) и ул. Сл. Йовчев (от 188 до от 223)","Община Ракитово, област Пазарджик",0.00000,0.00000,0.00000
6309,OP-25.001-0154,"Реконструкция и подмяна на елементи на съществуващ водопровод за минерална и питейна вода от т. А до т. В ул. ""Иван Клинчаров"" о.т. 1 до т. В о.т. – отсечка между о.т. 86 и о.т. 87, ул. ""Тодор Тупаров"", гр. Ракитово, общ. Ракитово, обл. Пазарджик","Община Ракитово, област Пазарджик",0.00000,0.00000,0.00000
6309,OP-25.001-0101,"РЕКОНСТРУКЦИЯ НА УЛИЧЕН ВОДОПРОВОД ПО УЛ. ""БЛАТО"" В УЧАСТЪКА ОТ УЛ. ""ЧЕПИНЕЦ"" ДО УЛ. ""ВАСИЛ ЛЕВСКИ"", гр. КОСТАНДОВО, ОБЩ. РАКИТОВО, Етап 2 – РЕКОНСТРУКЦИЯ НА ТРОТОАРИ И АСФАЛТИРАНЕ","Община Ракитово, област Пазарджик",0.00000,0.00000,0.00000
6309,OP-24.001-0853,"Реконструкция на ул. ""Христо Ботев"" – гр. Костандово, в участъка от о.т. 71 до о.т. 94, при улица ""Техеран"" – гр. Костандово, община Ракитово – СМР","Община Ракитово, област Пазарджик",521.50000,0.00000,521.50000
6309,OP-24.001-2026,"Втори етап: Реконструкция и рехабилитация на тротоари и асфалтиране на ул. Страцин от о.т. 200-202-203, гр. Костандово, общ. Ракитово, обл. Пазарджик – СМР","Община Ракитово, област Пазарджик",0.00000,0.00000,0.00000
6309,OP-24.001-2027,"Благоустрояване и реконструкция ул. ""Волга"" от о.т. 417 до о.т. 418, гр. Ракитово – СМР","Община Ракитово, област Пазарджик",0.00000,0.00000,0.00000
6309,OP-25.001-0465,"БЛАГОУСТРОЯВАНЕ И РЕКОНСТРУКЦИЯ НА УЛ. ""ХРИСТО БОТЕВ"", ГР. РАКИТОВО, ОБЩ. РАКИТОВО","Община Ракитово, област Пазарджик",0.00000,0.00000,0.00000
6309,OP-25.001-0466,"РЕКОНСТРУКЦИЯ НА ВЪТРЕШНА ВОДОПРОВОДНА МРЕЖА И БЛАГОУСТРОЯВАНЕ НА УЛ. ""БРАТЯ КРЪСТИНИ"" ОТ О.Т. 178 ДО О.Т. 207 И ДО О.Т. 251 ПО РЕГУЛАЦИОННИЯ ПЛАН НА ГР. РАКИТОВО – ЕТАП 2","Община Ракитово, област Пазарджик",0.00000,0.00000,0.00000
6309,OP-25.001-0467,"РЕКОНСТРУКЦИЯ И БЛАГОУСТРОЯВАНЕ НА УЛ. ""ГЕОРГИ ГЕОРГИЕВ"" ОТ О.Т. 215 ДО О.Т. 157 ПО ПЛАНА НА ГР. РАКИТОВО, ОБЩ. РАКИТОВО","Община Ракитово, област Пазарджик",0.00000,0.00000,0.00000
6309,OP-25.001-0156,"Реконструкция на водопроводна мрежа по ул. ""Христо Ботев"", ул. ""Братя Кръстини"", ул. ""Малина Тодорова"" и ул. ""Доц. д-р Васил Ташев"" в ПИ 62004.5.9614, 62004.6.9573, 62004.7.9541 и 62004.5.9532 по КК на гр. Ракитово, община Ракитово","Община Ракитово, област Пазарджик",0.00000,0.00000,0.00000
6309,OP-25.001-0108,"БЛАГОУСТРОЯВАНЕ НА УЛИЦА ""ГЕОРГИ БЕНКОВСКИ"" – РЕКОНСТРУКЦИЯ И РЕХАБИЛИТАЦИЯ НА УЛ. ""Г. БЕНКОВСКИ"" В УЧАСТЪКА ОТ О.Т. 169 ДО О.Т. 245 ПО ПЛАНА НА ГР. РАКИТОВО"", ГР. КОСТАНДОВО, ОБЩИНА РАКИТОВО","Община Ракитово, област Пазарджик",0.00000,0.00000,0.00000
6309,OP-25.001-0109,"РЕКОНСТРУКЦИЯ НА УЛИЧЕН ВОДОПРОВОД ПО УЛ. ""БАТАК"" В УЧАСТЪКА ОТ УЛ. ""ЧЕПИНЕЦ"" ДО УЛ. ""ПЕРУЩИЦА"", ГР. КОСТАНДОВО, ОБЩ. РАКИТОВО, Етап 2 – РЕКОНСТРУКЦИЯ НА ТРОТОАРИ И АСФАЛТИРАНЕ","Община Ракитово, област Пазарджик",0.00000,0.00000,0.00000
6309,OP-24.001-0856,"Реконструкция и рехабилитация на водопроводната мрежа, тротоари и асфалтиране на улица ""Страцин"", град Костандово – етап 1","Община Ракитово, област Пазарджик",87.71175,0.00000,87.71175
6309,OP-25.001-0111,"РЕКОНСТРУКЦИЯ НА УЛИЧЕН ВОДОПРОВОД ПО УЛ. ""ПЪРВИ МАЙ"" В УЧАСТЪКА ОТ УЛ. ""ВИХРЕН"" ДО УЛ. ""БАТАК"", ГР. КОСТАНДОВО, ОБЩ. РАКИТОВО, Етап 2 – РЕКОНСТРУКЦИЯ НА ТРОТОАРИ И АСФАЛТИРАНЕ","Община Ракитово, област Пазарджик",0.00000,0.00000,0.00000
6309,OP-24.001-0854,"Благоустрояване на ул. ""Борова гора"", гр. Ракитово от о.т. 237 до о.т. 273 – СМР","Община Ракитово, област Пазарджик",98.32630,0.00000,98.32630
6309,OP-25.001-0112,"БЛАГОУСТРОЯВАНЕ НА УЛ. ""СПАРТАК – БРЕЗА"" – РЕКОНСТРУКЦИЯ И РЕХАБИЛИТАЦИЯ НА УЛ. ""СПАРТАК – БРЕЗА"" ОТ О.Т. 157 ДО О.Т. 165 ПО ПЛАНА НА ГР. РАКИТОВО, ОБЩИНА РАКИТОВО","Община Ракитово, област Пазарджик",0.00000,0.00000,0.00000
6309,OP-25.001-0113,"РЕКОНСТРУКЦИЯ НА УЛИЧЕН ВОДОПРОВОД ПО УЛ. ""БЛАТО"" В УЧАСТЪКА ОТ УЛ. ""ЧЕПИНЕЦ"" ДО УЛ. ""ВАСИЛ ЛЕВСКИ"", ГР. КОСТАНДОВО, ОБЩ. РАКИТОВО, Етап 1 – РЕКОНСТРУКЦИЯ НА УЛИЧЕН ВОДОПРОВОД","Община Ракитово, област Пазарджик",0.00000,0.00000,0.00000
6309,OP-25.001-0114,"РЕКОНСТРУКЦИЯ НА УЛИЧЕН ВОДОПРОВОД ПО УЛ. ""БАТАК"" В УЧАСТЪКА ОТ УЛ. ""ЧЕПИНЕЦ"" ДО УЛ. ""ПЕРУЩИЦА"", ГР. КОСТАНДОВО, ОБЩ. РАКИТОВО, Етап 1 – РЕКОНСТРУКЦИЯ НА УЛИЧЕН ВОДОПРОВОД","Община Ракитово, област Пазарджик",0.00000,0.00000,0.00000
6309,OP-25.001-0172,"РЕКОНСТРУКИЯ НА ВЪТРЕШНА ВОДОПРОВОДНА МРЕЖА И БЛАГОУСТРОЯВАНЕ НА УЛИЦА ""ШИПКА"" ОТ О.Т. 345 ДО О.Т. 530 ПО РЕГУЛАЦИОННИЯ ПЛАН НА ГР. РАКИТОВО, ОБЩ. РАКИТОВО, Етап1 – РЕКОНСТРУКИЯ НА ВЪТРЕШНА ВОДОПРОВОДНА МРЕЖА","Община Ракитово, област Пазарджик",0.00000,0.00000,0.00000
6309,OP-25.001-0167,"РЕКОНСТРУКИЯ НА ВЪТРЕШНА ВОДОПРОВОДНА МРЕЖА НА УЛИЦА ""ГЕОРГИ ГЕОРГИЕВ"" ОТ О.Т. 215 ДО О.Т. 188 ПО РЕГУЛАЦИОННИЯ ПЛАН НА ГР. РАКИТОВО, ОБЩ. РАКИТОВО","Община Ракитово, област Пазарджик",0.00000,0.00000,0.00000
6309,OP-25.001-0116,"РЕКОНСТРУКЦИЯ НА УЛИЧЕН ВОДОПРОВОД ПО УЛ. ""ПЪРВИ МАЙ"" В УЧАСТЪКА ОТ УЛ. ""ВИХРЕН"" ДО УЛ. ""БАТАК"", ГР. КОСТАНДОВО, ОБЩ. РАКИТОВО, Етап 1 – РЕКОНСТРУКЦИЯ НА УЛИЧЕН ВОДОПРОВОД","Община Ракитово, област Пазарджик",0.00000,0.00000,0.00000
6309,OP-25.001-0468,"РЕКОНСТРУКЦИЯ НА ВЪТРЕШНА ВОДОПРОВОДНА МРЕЖА И БЛАГОУСТРОЯВАНЕ НА УЛ. ""ЮНДОЛА"" ПО РЕГУЛАЦИОННИЯ ПЛАН НА ГР. РАКИТОВО, етап 1","Община Ракитово, област Пазарджик",0.00000,0.00000,0.00000
6309,OP-24.001-0855,"Реконструкция и доизграждане на вътрешна водопроводна мрежа кв. Запад – ул. ""Пирин"", гр. Ракитово – СМР","Община Ракитово, област Пазарджик",29.12122,0.00000,29.12122
6309,OP-25.001-0469,"РЕКОНСТРУКЦИЯ НА ВЪТРЕШНА ВОДОПРОВОДНА МРЕЖА НА УЛ. ""ЦАР КАЛОЯН"" ПО РЕГУЛАЦИОННИЯ ПЛАН НА ГР. КОСТАНДОВО, етап 1","Община Ракитово, област Пазарджик",0.00000,0.00000,0.00000
6309,OP-25.001-0170,"РЕКОНСТРУКИЯ НА ВЪТРЕШНА ВОДОПРОВОДНА МРЕЖА И БЛАГОУСТРОЯВАНЕ НА УЛИЦА ""ПЛИСКА"" ОТ О.Т. 529 ДО О.Т. 534 ПО РЕГУЛАЦИОННИЯ ПЛАН НА ГР. РАКИТОВО, ОБЩ. РАКИТОВО, Етап 1 – РЕКОНСТРУКИЯ НА ВЪТРЕШНА ВОДОПРОВОДНА МРЕЖА","Община Ракитово, област Пазарджик",0.00000,0.00000,0.00000
6309,OP-25.001-0173,"РЕКОНСТРУКЦИЯ НА ВЪТРЕШНА ВОДОПРОВОДНА МРЕЖА И БЛАГОУСТРОЯВАНЕ НА УЛ. ""БРАТЯ КРЪСТИНИ"" ОТ О.Т. 178 ДО О.Т. 207 И ДО О.Т. 251 ПО РЕГУЛАЦИОННИЯ ПЛАН НА ГР. РАКИТОВО – I етап","Община Ракитово, област Пазарджик",0.00000,0.00000,0.00000
6309,OP-25.001-0470,"Закрит плувен басейн в имот с идентификатор 62004.5.1322 по КККР на гр. Ракитово в УПИ 33 – спортен център, кв. 9, обл. Пазарджик, общ. Ракитово, ул. ""Тодор Тупаров"" № 4а","Община Ракитово, област Пазарджик",0.00000,0.00000,0.00000
6309,OP-25.001-0107,"Благоустрояване на ул. ""Георги Мамарчев"" – реконструкция и рехабилитация от о.т. 114 до о.т. 225, гр. Костандово","Община Ракитово, област Пазарджик",0.00000,0.00000,0.00000
6310,OP-24.001-0858,"НОВ ОБЩИНСКИ ПЪТ ОТ ПЪТ ДО ВРЗ – ГР. СЕПТЕМВРИ ДО ПЪТ IV КЛАС ""PAZ1206 СЕПТЕМВРИ – ВЕТРЕН"", ПРЕМИНАВАЩ ПРЕЗ ЗЕМЛИЩАТА НА ГР. СЕПТЕМВРИ И ГР. ВЕТРЕН, ОБЩ. СЕПТЕМВРИ, ОБЛ. ПАЗАРДЖИК","Община Септември, област Пазарджик",4918.48056,0.00000,4918.48056
6310,OP-24.001-0859,"Аварийна реконструкция на водопровод за минерална вода от съществуващо находище на минерална вода ""Варвара"" до с. Варавара и с. Ветрен дол, община Септември","Община Септември, област Пазарджик",1811.40212,0.00000,1811.40212
6310,OP-24.001-2447,"Обновяване и благоустрояване на парковo пространствo, находящо се в УПИ I – Административни услуги, търговия и услуги в кв. 25, и тротоари в улици между осови точки 95-68-67, и между квартал 24, кв. 35 кв. 37, кв. 38, УПИ IX – Кметство, площад и здравна служба в кв. 11, с. Бошуля, общ. Септември","Община Септември, област Пазарджик",476.12646,0.00000,476.12646
6310,OP-24.001-0860,"РЕКОНСТРУКЦИЯ НА ВОДОПРОВОД ЗА МИНЕРАЛНА ВОДА ДО ДЕТСКА ГРАДИНА С.ВАРВАРА, ОБЩ. СЕПТЕМВРИ","Община Септември, област Пазарджик",527.03506,0.00000,527.03506
6310,OP-24.001-2448,"Oбщински път, преминаващ през стопански двор ""Фермата"" до рибарниците на р. Марица в землището на гр. Септември, местност ""Адата""","Община Септември, област Пазарджик",7.20000,0.00000,7.20000
6310,OP-24.001-0857,"Изграждане на нови водопроводи за минерална вода от с. Варвара до гр. Септември, общ. Септември","Община Септември, област Пазарджик",463.72480,0.00000,463.72480
6310,OP-24.001-2449,"Реконструкция и рехабилитация на част от общински път PAZ 3209 от км 3+116 до км 3+433 /който в регулационните граници на с. Виноградец съвпада с ул. ""5-та"" от о.т. 152 до о.т. 161/","Община Септември, област Пазарджик",3.60000,0.00000,3.60000
6310,OP-24.001-2450,"Трасе на общински /обслужващ/ път ПИ 385.740 до ПИ 385008 с НТП ""Складов терен"", местност ""Бунара"" по КВС на землище Варвара, общ. Септември","Община Септември, област Пазарджик",221.37368,0.00000,221.37368
6310,OP-24.001-2029,"СПОРТЕН КОМПЛЕКС, НАХОДЯЩ СЕ В УПИ УПИ I, кв. 116, гр. Септември, общ. Септември","Община Септември, област Пазарджик",151.20000,0.00000,151.20000
6310,OP-24.001-0861,"Реконструкция на уличен водопровод по ул. ""Република"" – от бул. ""България"" до ул. ""Поп Богомил"" в гр. Септември, община Септември, обл. Пазарджик","Община Септември, област Пазарджик",0.00000,0.00000,0.00000
6310,OP-24.001-0862,"Реконструкция уличен водопровод по ул. ""Римски път"" – от ул. ""Република"" до ул. ""Поп Богомил"" в гр. Септември, община Септември, обл. Пазарджик","Община Септември, област Пазарджик",0.00000,0.00000,0.00000
6310,OP-24.001-0863,"Реконструкция на уличен водопровод по ул. ""Захари Стоянов"" – от бул. ""България"" до ул. ""Г. С. Раковски"" в гр. Септември, община Септември, обл. Пазарджик","Община Септември, област Пазарджик",87.06852,0.00000,87.06852
6310,OP-24.001-2028,"Реконструкция и рехабилитация на улична мрежа в с. Злокучене, улица от о.т. 26 до о.т. 20, общ. Септември","Община Септември, област Пазарджик",5.09400,0.00000,5.09400
6310,OP-24.001-2031,"Фасадно оформление и реконструкция на покрив на съществуваща сграда ДГ ""Приказно вълшебство"", находяща се в УПИ I – детски комбинат, кв. 77 по регулационния план на гр. Септември, общ. Септември","Община Септември, област Пазарджик",28.20000,0.00000,28.20000
6310,OP-24.001-2030,"Реконструкция на сграда за Автогара, находяща се в УПИ II – за автогара и услуги в кв. 140, общ. Септември; Oбновяване и благоустрояване на парковo пространствo, находящо се в УПИ І – седмичен пазар, кв. 140 по регулационния план на гр. Септември, общ. Септември","Община Септември, област Пазарджик",0.00000,0.00000,0.00000
6311,OP-24.001-0867,"Реконструкция на вътрешна водопроводна мрежа гр. Стрелча, ул. ""Средна гора"" – от о.т. 238 до о.т. 219А; ул. ""Руски"" – запад, от о.т. 335 /площад ""Оборище""/ до р.т. 228, ул. ""Топола"" – от о.т. 329 /""Руски""/ до о.т. 345 /""Фантастико""/ и от о.т. 345, през о.т. 346 до о.т. 347, бул. ""Руски"" горно ниво /север/ – от о.т. 397 до о.т. 456 /330Б/, бул. ""Руски"" – изток /долно ниво/ от о.т. 326Б /след моста/ до 40 метра преди о.т. 31 (329Б-312)","Община Стрелча, област Пазарджик",0.00000,0.00000,0.00000
6311,OP-24.001-2032,"Благоустрояване на 12 броя улици в град Стрелча, община Стрелча","Община Стрелча, област Пазарджик",0.00000,0.00000,0.00000
6311,OP-24.001-0868,"ПОДОБЕКТ: ЛОТ 3 – ул. ""Иван Вазов"", ул. ""Н. Сапунджиев"", ул. ""Освобождение""","Община Стрелча, област Пазарджик",0.00000,0.00000,0.00000
6311,OP-24.001-0866,"ПОДОБЕКТ: ЛОТ 5 – ул. ""Освобождение"" – т. 1-о.т. 408-о.т. 409-о.т. 386-о.т. 385-о.т. 448-т.-7-1","Община Стрелча, област Пазарджик",0.00000,0.00000,0.00000
6311,OP-24.001-0869,"ПОДОБЕКТ: 3 броя улици от ЛОТ 2 – ул. ""Света гора"", ул. ""Язовирна"", ул. ""М. Дринов""","Община Стрелча, област Пазарджик",0.00000,0.00000,0.00000
6311,OP-24.001-0865,"Подобряване на енергийна ефективност на административна сграда в УПИ-II – Поликлиника, кв. 63, ул. Иван Павлов в гр. Стрелча – Целта на проектното предложение е подобряване енергийните характеристики на сградата, намаляване потреблението на ел. енергия. След изпълнение на пакета енергоспестяващи мерки ще се подобрят експлоатационните характеристики за удължаване на жизнения цикъл на сградата и ще се намалят разходите за нейната поддръжка","Община Стрелча, област Пазарджик",0.00000,0.00000,0.00000
6311,OP-24.001-2034,"Благоустрояване на ул. ""Акация"" от о.т. 437+35 м до о.т. 736 и от о.т. 218 до о.т. 365 в град Стрелча","Община Стрелча, област Пазарджик",0.00000,0.00000,0.00000
6311,OP-24.001-2033,"Изграждане на канализационна мрежа по бул. ""Руски"" от о.т. 282 до РШ на съществуващ главен колектор до моста на р. Стрелчанска Луда Яна и ул. ""Димитър Благоев"" локално платно, от о.т. 282 до о.т. 324 на бул. ""Руски"" в гр. Стрелча","Община Стрелча, област Пазарджик",0.00000,0.00000,0.00000
6311,OP-24.001-0871,"Ремонт, реконструкция на водохващане към ПСПВ гр. Стрелча","Община Стрелча, област Пазарджик",0.00000,0.00000,0.00000
6311,OP-24.001-0870,"ПОДОБЕКТ: ЛОТ 4 – ул. ""Т. Каблешков""","Община Стрелча, област Пазарджик",0.00000,0.00000,0.00000
6312,OP-24.001-0872,"Основен ремонт на общински път Сърница – м. Орлино – границата с общ. Доспат – SML-3086 (от км 13+080 до км 15+200 м и от км 17+300 м до км 20+250 м), включително изграждане на мостови съоръжения","Община Сърница, област Пазарджик",3747.08868,0.00000,3747.08868
6312,OP-25.001-0099,"Проектиране и изграждане/основен ремонт/рехабилитация на общинска улична мрежа на територията на община Сърница, област Пазарджик","Община Сърница, област Пазарджик",0.00000,0.00000,0.00000
6312,OP-25.001-0471,"Проектиране и осъществяване на авторски надзор на обект: Изграждане на нов спортен обект, включващ многофункционална спортна зала, спортен терен на открито, прилежаща инфраструктура и благоустрояване на външно пространство в УПИ УПИ X-290 ""Спортен терен"", находящ се в кв. № 21 по регулационния план на гр. Сърница, общ. Сърница","Община Сърница, област Пазарджик",0.00000,0.00000,0.00000
6401,OP-25.001-0483,"Изграждане шахтов кладенец, дълбок сондаж и водопровод до помпена станция в с. Гърло 1","Община Брезник, област Перник",0.00000,0.00000,0.00000
6401,OP-24.001-2039,"Реконструкция и рехабилитация на ул. ""Цвета Лумбарова"" и ул. ""Енчо Николов"", гр. Брезник","Община Брезник, област Перник",0.00000,0.00000,0.00000
6401,OP-24.001-2454,"Реконструкция и рехабилитация на пътна настилка и тротоари по улица ""Елена Георгиева"", гр. Брезник, община Брезник","Община Брезник, област Перник",0.00000,0.00000,0.00000
6401,OP-24.001-0873,"Реконструкция на довеждащ водопровод от язовир ""Красава"" до Помпена станция за питейни води ""Гърло""","Община Брезник, област Перник",979.52410,0.00000,979.52410
6401,OP-25.001-0472,Изграждане на система от тръбни кладенци в ПИ 52324.69.1812 и ПИ 52324.888.9901 с. Ноевци и тласкател от тях до НР Ноевци,"Община Брезник, област Перник",0.00000,0.00000,0.00000
6401,OP-25.001-0473,"Реконструкция на улица ""Ген. Владимир Заимов"", гр. Брезник","Община Брезник, област Перник",0.00000,0.00000,0.00000
6401,OP-24.001-2040,"Реконструкция вътрешна водопроводна мрежа по ул. ""Елена Георгиева"", ул. ""Борис Антов"" и ул. ""Шипка"", гр. Брезник","Община Брезник, област Перник",0.00000,0.00000,0.00000
6401,OP-25.001-0474,"Реконструкция на улична водопроводна мрежа по ул. ""Октомври"", ул. ""Ясна поляна"", ул. ""Гоздовска"", ул. ""Логатор"", ул. ""Петров камък"", ул. ""Криви колник"", ул. ""Цвета Лумбарова"", ул. ""Бреза"", ул. ""Шипка"" и ул. ""Борова гора"", гр. Брезник","Община Брезник, област Перник",0.00000,0.00000,0.00000
6401,OP-25.001-0475,"Изграждане на дълбок сондаж и шахтов кладенец с дренажи – ""Гърло 2"" в ПИ с кадастрален идентификатор 18349.45.63 по КККР на с. Гърло, общ. Брезник","Община Брезник, област Перник",256.39887,0.00000,256.39887
6401,OP-24.001-0874,"Изграждане на парк в УПИ VI, кв. 49, гр. Брезник, община Брезник","Община Брезник, област Перник",258.36665,0.00000,258.36665
6401,OP-25.001-0476,"ВЕДОМСТВЕН ОТКРИТ ПАРКИНГ И ПОДПОРНА СТЕНА ПО УЛИЧНИТЕ РЕГУЛАЦИОННИ ЛИНИИ НА УПИ ІІІ, кв. 58 по регулационния план на общ. Брезник, гр. Брезник","Община Брезник, област Перник",0.00000,0.00000,0.00000
6401,OP-24.001-2874,"Реконструкция и преустройство на административна сграда на площад ""9-ти септември"" № 2, гр. Брезник, за нуждите на общински съвет – гр. Брезник","Община Брезник, област Перник",0.00000,0.00000,0.00000
6401,OP-24.001-2041,"Реконструкция и рехабилитация на пътна настилка и тротоари по улица ""Нестор Петров"" и улица ""Йордан Милев"", гр. Брезник, община Брезник","Община Брезник, област Перник",0.00000,0.00000,0.00000
6401,OP-24.001-2038,"Нов пътен мост на река Турска на ул. ""Енчо Николов"" в гр. Брезник","Община Брезник, област Перник",93.77446,0.00000,93.77446
6401,OP-24.001-2037,"Реконструкция на довеждащ водопровод от РШ13 до съществуващ водопровод при р. Конска, гр. Брезник, община Брезник","Община Брезник, област Перник",382.79148,0.00000,382.79148
6401,OP-25.001-0477,"Реконструкция на улична водопроводна мрежа по ул. ""Иван Тимофеев"", ул. ""Владо Захариев"" и ул. ""Гребен"", гр. Брезник","Община Брезник, област Перник",0.00000,0.00000,0.00000
6401,OP-24.001-2452,"Реконструкция на ВиК мрежа по улица ""Христо Ботев"" и улица ""Андрей Михайлов"", град Брезник","Община Брезник, област Перник",0.00000,0.00000,0.00000
6401,OP-25.001-0478,Резервоар Букова глава и водопровод до с. Конска,"Община Брезник, област Перник",0.00000,0.00000,0.00000
6401,OP-24.001-2453,"Изграждане на улична водопроводна и канализационна мрежа на квартал ""Петров камък"", гр. Брезник","Община Брезник, област Перник",0.00000,0.00000,0.00000
6401,OP-25.001-0479,"Довеждащ колектор до ПСОВ ""Батановци""","Община Брезник, област Перник",0.00000,0.00000,0.00000
6401,OP-24.001-2035,"Реконструкция и преустройство на административна сграда на ул. ""Андрей Михайлов"" № 75, град Брезник, за нуждите на общинска администрация","Община Брезник, област Перник",0.00000,0.00000,0.00000
6401,OP-25.001-0482,"Реконструкция на улична водопроводна мрежа на село Ноевци, община Брезник","Община Брезник, област Перник",0.00000,0.00000,0.00000
6401,OP-25.001-0481,"Реконструкция на улична водопроводна мрежа на село Долна Секирна, община Брезник","Община Брезник, област Перник",0.00000,0.00000,0.00000
6401,OP-25.001-0484,Водопровод резервоар Бегуновци – с. Непразненци,"Община Брезник, област Перник",0.00000,0.00000,0.00000
6401,OP-24.001-2877,"Реконструкция на довеждащ водопровод от водопровод при р. Конска до РШ на ул. ""Александър Филипов"", гр. Брезник, община Брезник","Община Брезник, област Перник",0.00000,0.00000,0.00000
6401,OP-25.001-0480,"Реконструкция на улична водопроводна мрежа на село Горна Секирна, община Брезник","Община Брезник, област Перник",0.00000,0.00000,0.00000
6401,OP-24.001-2036,"Изграждане на улична канализация и реконструкция на водопровод по ул. ""Георги Бунджулов"" и ул. ""Трън"" в участъка от кръстовището при бензиностанция ""Лукойл"" до кръстовището с ул. ""Нестор Петров"", гр. Брезник, община Брезник","Община Брезник, област Перник",0.00000,0.00000,0.00000
6401,OP-24.001-2876,"Реконструкция на канализационна мрежа по ул ""9-ти септември"", ул. ""Георги Бунджулов"" и ул. ""Андрей Михайлов"", град Брезник","Община Брезник, област Перник",0.00000,0.00000,0.00000
6401,OP-24.001-2451,"Реконструкция на довеждащ водопровод за гр. Брезник – Етап 1 по ул. ""Георги Бунджулов"" и ул. ""Трън"" в участъка от кръстовището при бензиностанция ""Лукойл"" до кръстовището с ул. ""Некрит Кузманов"", гр. Брезник","Община Брезник, област Перник",0.00000,0.00000,0.00000
6402,OP-25.001-0029,"Основен ремонт и реконструкция на пътен участък от кръстовището на ул. ""Земенски манастир"" с ул. ""Христо Смирненски"" до Земенски манастир ""Св. Йоан Богослов"" и благоустройство","Община Земен, област Перник",0.00000,0.00000,0.00000
6402,OP-24.001-2455,"Основен ремонт на сграда на ""Поликлиника"", гр. Земен","Община Земен, област Перник",0.00000,0.00000,0.00000
6402,OP-24.001-2456,"Реконструкция и основен ремонт на ""Сграда на общинската администрация"" – бивше училище – СГТУ","Община Земен, област Перник",0.00000,0.00000,0.00000
6402,OP-24.001-2457,"Реконструкция на водоснабдителна система – гр. Земен, Етап IV","Община Земен, област Перник",0.00000,0.00000,0.00000
6402,OP-25.001-0485,Инженринг за основен ремонт и реконструкция на улици и тротоари в гр. Земен,"Община Земен, област Перник",0.00000,0.00000,0.00000
6402,OP-25.001-0030,"Ремонт и реконструкция на път PER3039 /III-605, Габров дол – Мурено/ – Падине","Община Земен, област Перник",0.00000,0.00000,0.00000
6402,OP-25.001-0031,Ремонт и реконструкция на път PER3042 /III-605/ Мурено – мах. Воиници,"Община Земен, област Перник",0.00000,0.00000,0.00000
6403,OP-24.001-0876,"Подмяна на водопроводна мрежа на с. Егълница, община Ковачевци","Община Ковачевци, област Перник",2212.00000,0.00000,2212.00000
6403,OP-24.001-2043,"Спортно-възстановителна база към спортен комплекс ""Димитровец"", с. Ковачевци","Община Ковачевци, област Перник",0.00000,0.00000,0.00000
6403,OP-24.001-0878,"Изграждане на резервоар за питейна вода, село Лобош","Община Ковачевци, област Перник",0.00000,0.00000,0.00000
6404,OP-24.001-0882,"Реконструкция на ул. ""Рашо Димитров"" от ул. ""Бучински път"" до ул. ""Младен Стоянов"" и на ул. ""Бучински път"" от кръгово кръстовище при ул. ""Юрий Гагарин"" до ул. ""Рашо Димитров"", кв. Изток, гр. Перник","Община Перник, област Перник",4012.97445,0.00000,4012.97445
6404,OP-24.001-0881,"Технологично оборудване на ПСПВ с АКХ филтри и площадков водопровод. Подобекти: Ламелен утаител, Хлораторно и тръбопровод за хлорна вода, Тръбопровод от АКХ филтри до шахта № 3(съществуваща)","Община Перник, област Перник",0.00000,0.00000,0.00000
6404,OP-24.001-0884,"Реконструкция на ул. ""Струма"" от кръстовище при ул. ""Кракра"" до кръстовище с ул. ""Кракра"" и ул. ""Средец"", гр. Перник","Община Перник, област Перник",0.00000,0.00000,0.00000
6404,OP-24.001-0887,Изпълнение на СМР за обект: Изграждане на ул. Палма,"Община Перник, област Перник",0.00000,0.00000,0.00000
6404,OP-24.001-0885,"Допълнително водоснабдяване и канализация на с. Драгичево, община Перник","Община Перник, област Перник",0.00000,0.00000,0.00000
6404,OP-24.001-0886,"Инженеринг – проектиране, изпълнение на СМР и упражняване авторски надзор за обект: Рехабилитация на пътната настилка по ул. ""Република"" с дължина 1000 м в участъка от кръстовище с ул. ""Ю. Гагарин"" до разклона за депо за отпадъци, гр. Перник. Ремонт на тротоарна настилка и уличното осветление. Подмяна на канализацията в участъка","Община Перник, област Перник",0.00000,0.00000,0.00000
6404,OP-24.001-2045,"Проектиране, изграждане и надзор на кръгово кръстовище в кв. Църква, гр. Перник, при пресичането на ул. ""Димитър Благоев"" с ул. ""Владайско въстание""","Община Перник, област Перник",0.00000,0.00000,0.00000
6404,OP-25.001-0486,"Изграждане на ул. ""Самодивска"" в кв. Каменина, гр. Перник, ВиК и подпорна стена","Община Перник, област Перник",0.00000,0.00000,0.00000
6404,OP-25.001-0487,"Основен ремонт на ул. ""Върбица"". ВиК инфраструктура по ул. Върбица, гр. Перник","Община Перник, област Перник",0.00000,0.00000,0.00000
6404,OP-24.001-0890,"Инженеринг – проектиране, изпълнение на СМР и упражняване авторски надзор за реконструкция на водопровод по ул. ""Св. св. Кирил и Методий"", гр. Перник, община Перник","Община Перник, област Перник",0.00000,0.00000,0.00000
6404,OP-24.001-0880,"Реконструкция на кръстовище с кръгово движение при ул. ""Св. св. Кирил и Методий"" и изграждане на свързваща улица с републикански път II-63","Община Перник, област Перник",0.00000,0.00000,0.00000
6404,OP-24.001-0883,"Инженеринг – проектиране, изпълнение на СМР и упражняване авторски надзор за обект: Изграждане на нов стоманобетонов мост за тежко натоварване над р. Струма, свързващ ул. ""Ю. Гагарин"" с ул. ""Младен Стоянов""/ул. ""Старо Мошино","Община Перник, област Перник",0.00000,0.00000,0.00000
6404,OP-24.001-0889,"Инженеринг – проектиране, изпълнение на СМР и упражняване авторски надзор за обект: Частична рехабилитация на пътната настилка по ул. ""Кракра"", гр. Перник. Ремонт на тротоарна настилка и уличното осветление от кръстовището с ул. ""Тунджа"" до кръстовището с ул. ""Струма"" при VI училище. Подмяна на стара канализация в участъка по ул. ""Кракра"" между ул. ""Райко Даскалов"" и ул. ""Тунджа"" и ВиК инфраструктура по ул. ""Кракра""","Община Перник, област Перник",0.00000,0.00000,0.00000
6404,OP-24.001-0888,"Укрепване на свлачище с идентификатор №PER 32.11288-01, с. Витановци – /II-63/, община Перник, област Перник","Община Перник, област Перник",0.00000,0.00000,0.00000
6404,OP-25.001-0488,"Реконструкция на мост над река Струма на ул. ""Св. св. Кирил и Методий"" в кв. Хумни дол, гр. Перник","Община Перник, област Перник",0.00000,0.00000,0.00000
6404,OP-25.001-0489,"Кръстовище с кръгово движение при VI ОУ ""Св. св. Кирил и Методий"", гр. Перник (реконструкция на кръстовище при ул. ""Кракра"", ул. ""Струма"" и ул. ""Средец"", гр. Перник)","Община Перник, област Перник",0.00000,0.00000,0.00000
6404,OP-24.001-0891,"Изготвяне на инвестиционен проект и авторски надзор за обект: Изграждане на битова канализация на кв. Стара чешма, гр. Перник","Община Перник, област Перник",0.00000,0.00000,0.00000
6404,OP-24.001-0892,Изготвяне на инвестиционен проект и авторски надзор за обект: Допълнително водоснабдяване на с. Селищен дол,"Община Перник, област Перник",0.00000,0.00000,0.00000
6404,OP-24.001-0893,"Изготвяне на инвестиционен проект и авторски надзор за обект: Ремонт на общински път PER 1094/ I-1, Владая – Перник/– Драгичево – /PER 1095/ от о.т. 101 до о.т. 335, с. Драгичево","Община Перник, област Перник",0.00000,0.00000,0.00000
6404,OP-24.001-0894,Изготвяне на инвестиционен проект и авторски надзор за обект: Реконструкция на водопровод от кв. Радина чешма до напорен резервоар 500 м3,"Община Перник, област Перник",0.00000,0.00000,0.00000
6404,OP-24.001-0895,Изготвяне на инвестиционен проект и авторски надзор за обект: Допълнително водоснабдяване на с. Зидарци,"Община Перник, област Перник",0.00000,0.00000,0.00000
6405,OP-24.001-0896,"Реконструкция на вътрешна водопроводна мрежа на с. Друган – актуализация, общ. Радомир","Община Радомир, област Перник",0.00000,0.00000,0.00000
6405,OP-24.001-0897,"Реконструкция на общински път PER2127/III-604, Бобораци-Жедна/-Негованци-/I-6/, от км 0+000 до км 5+400","Община Радомир, област Перник",0.00000,0.00000,0.00000
6405,OP-24.001-0898,Реконструкция на общински път PER2134 от път III-627 с. Друган-Радомир до с. Стефаново-с. Кондофрей /III-6041/ от км 0+000 до км 9+200,"Община Радомир, област Перник",0.00000,0.00000,0.00000
6405,OP-24.001-0900,"Довеждащ водопровод – с. Касилаг – с. Жедна, общ. Радомир","Община Радомир, област Перник",0.00000,0.00000,0.00000
6405,OP-24.001-0899,"Реконструкция на част от водопроводната мрежа на с. Гълъбник, с. Чуковец, с. Кондофрей, общ. Радомир","Община Радомир, област Перник",1274.46566,0.00000,1274.46566
6405,OP-25.001-0494,Реконструкция на вътрешната водопроводна мрежа средна и висока зона в град Радомир,"Община Радомир, област Перник",0.00000,0.00000,0.00000
6405,OP-25.001-0493,Реконструкция и на централна градска част в град Радомир,"Община Радомир, област Перник",0.00000,0.00000,0.00000
6405,OP-24.001-2697,"Изграждане на част от градски парк, град Радомир","Община Радомир, област Перник",0.00000,0.00000,0.00000
6405,OP-25.001-0492,Изграждане на военноисторичерски музей в пределите на бившето военно поделение в град Радомир,"Община Радомир, област Перник",0.00000,0.00000,0.00000
6405,OP-25.001-0490,"Напорен водопровод от ПС ""Гълъбник"" до захранващ резервоар в село Гълъбник","Община Радомир, област Перник",0.00000,0.00000,0.00000
6405,OP-25.001-0491,Реконструкция на вътрешната водопроводна мрежа на село Кленовик,"Община Радомир, област Перник",0.00000,0.00000,0.00000
6406,OP-24.001-0902,"Реконструкция на напорен тръбопровод (тласкател) от Помпена станция ""Банкя"" до преходен резервоар за гр. Трън","Община Трън, област Перник",740.29824,0.00000,740.29824
6406,OP-24.001-0903,Рехабилитация и реконструкция на общински път PER3173 /III-630/ Велиново – Милкьовци от км 0+000 до км 3+912.77,"Община Трън, област Перник",0.00000,0.00000,0.00000
6406,OP-24.001-0901,"Рехабилитация и реконструкция на общински път PER3167 /II-63,Трън-Стрезимировци/-Реяновци-Бохова от км 0+000 до км 2+562.10 и от км 2+969.45 до км 4+551.80","Община Трън, област Перник",0.00000,0.00000,0.00000
6406,OP-24.001-0904,"Рехабилитация и реконструкция на общински път PER3166 /II-63, Трън – Стрезимировци/ – Цегриловци от км 0+000 до км 3+434.24","Община Трън, област Перник",0.00000,0.00000,0.00000
6406,OP-24.001-0906,"Реконструкция и/или рехабилитация на съществуващи общински улици, тротоари, находящи се в община Трън: Улица дясно по протежение на селска река от о.т. 20 – о.т. 22 – о.т. 23 – о.т. 24 – о.т. 25 – о.т. 26 – о.т. 64 – о.т. 67 – о.т. 27 – о.т. 28 – о.т. 13 – о.т. 29 – о.т. 14","Община Трън, област Перник",0.00000,0.00000,0.00000
6406,OP-24.001-0905,"Рехабилитация и реконструкция на общински път PER3154 /II-63, Филиповци – Трън/ – Ездимирци от км 0+000 до км 2+434.18","Община Трън, област Перник",0.00000,0.00000,0.00000
6406,OP-24.001-0908,"Реконструкция и/или рехабилитация на съществуващи общински улици, тротоари, находящи се в община Трън: улица ""Стефан Рангелов"" – от о.т. 95-96-97-97а-98-320а-320-319-318-317-316-315-314-304-303 – до о.т. 307, град Трън","Община Трън, област Перник",0.00000,0.00000,0.00000
6406,OP-24.001-0907,"Рехабилитация и реконструкция на общински път PER3172 /III-637, Вукан – Горочевци/ – Кожинци от км 0+000 до км 0+658.10","Община Трън, област Перник",0.00000,0.00000,0.00000
6406,OP-24.001-0909,"Реконструкция и/или рехабилитация на съществуващи общински улици, тротоари, находящи се в община Трън: Улица ""Атанас Ботев"" – от о.т. 240-239-238-224-225-226-227 до о.т. 228, град Трън","Община Трън, област Перник",0.00000,0.00000,0.00000
6406,OP-24.001-0910,"Реконструкция и/или рехабилитация на съществуващи общински улици, тротоари, находящи се в община Трън: Улица ляво по протежението на Селска река, с. Филиповци от о.т. 5-7-8-16-17-18-68-19-15","Община Трън, област Перник",0.00000,0.00000,0.00000
6406,OP-24.001-0911,"Реконструкция и/или рехабилитация на съществуващи общински улици, тротоари, находящи се в община Трън: Улица ""Христо Ботев"" – о.т. 66-57-59б-59а-55-76, град Трън","Община Трън, област Перник",0.00000,0.00000,0.00000
6406,OP-24.001-0912,"Реконструкция и/или рехабилитация на съществуващи общински улици, тротоари, находящи се в община Трън: Улица от о.т. 2 до о.т. 54, с. Филиповци, община Трън","Община Трън, област Перник",0.00000,0.00000,0.00000
6406,OP-24.001-0913,"Реконструкция и/или рехабилитация на съществуващи общински улици, тротоари, находящи се в община Трън: Улица о.т. 124 – о.т. 466, гр. Трън","Община Трън, област Перник",0.00000,0.00000,0.00000
6501,OP-24.001-0914,"Изграждане на канализация и рехабилитация на водопровод по ул. ""Радецки"", ул. ""Черно море"", ул. ""Филип Станиславов"", ул. ""Райко Даскалов"" и ул. ""Александър Стамболийски"" в гр. Белене, община Белене","Община Белене, област Плевен",0.00000,0.00000,0.00000
6501,OP-24.001-0915,"Изграждане на тротоари и междублокови пространства от о.т. 779-о.т. 780-о.т. 781/о.т. 783-о.т. 784/-о.т. 782 – о.т. 785-о.т. 786-о.т. 787/о.т. 788/-о.т. 789/о.т. 790/– о.т. 791 до о.т. 792, стр.кв. 77 – гр. Белене","Община Белене, област Плевен",0.00000,0.00000,0.00000
6501,OP-24.001-2878,"Инженеринг – проектиране, авторски надзор и строителство на обект ""Изграждане на техническа инфраструктура на НМВ ""Белене"" в ПИ 03366.130.3 по КК и КР на гр. Белене, община Белене","Община Белене, област Плевен",0.00000,0.00000,0.00000
6501,OP-25.001-0495,"Инженеринг: проектиране, авторски надзор и СМР на обект ""Реконструкция на напорен водопровод от ПС Белене до водонапорна кула в гр. Белене и реконструкция помпена станция ""Раней"" – втори подем","Община Белене, област Плевен",0.00000,0.00000,0.00000
6501,OP-24.001-0916,"Основен ремонт на ул. ""Първи май"" от о.т. 47 до о.т. 52 – ВТОРИ ЕТАП","Община Белене, област Плевен",0.00000,0.00000,0.00000
6501,OP-24.001-0917,"Реконструкция на ул. ""Лозенец"" от о.т. 378а през о.т. 378, о.т. 379 до о.т. 389, гр. Белене – първи и втори етап","Община Белене, област Плевен",0.00000,0.00000,0.00000
6502,OP-24.001-0918,"Инженеринг за изпълнение на обект ""Авариен ремонт на външни водопроводи и обслужващи пътища в град Гулянци, село Брест и село Сомовит в община Гулянци""","Община Гулянци, област Плевен",4530.25323,0.00000,4530.25323
6502,OP-24.001-0919,"Рехабилитация на улица ""Мито Пачев"" от о.т. 195 до о.т. 326 в село Гиген, община Гулянци, област Плевен – втори етап","Община Гулянци, област Плевен",391.04292,0.00000,391.04292
6502,OP-24.001-0920,"Превантивни дейности за предотвратяване на последствията от свлачищните, ерозионните и абразионни процеси на съвременно периодично-активно свлачище с № PVN08.68045.01.01 в участък на улица ""Батак"", PVN08.68045.01.10 в района на ""Цвятково дере"" и PVN08.68045.01.11 в района на ""Гойчево дере"" в село Сомовит, община Гулянци. Подобект 2: Укрепване на свлачище в район ""Цвятково дере"" в село Сомовит, община Гулянци","Община Гулянци, област Плевен",0.00000,0.00000,0.00000
6502,OP-25.001-0127,Ремонт на улици на територията на община Гулянци,"Община Гулянци, област Плевен",0.00000,0.00000,0.00000
6502,OP-25.001-0496,"Инженеринг – проектиране, упражняване на авторски надзор и изпълнение на СМР за обект ""Основен ремонт на общински път PVN 1022/ІІ-11/ – Гиген – Дъбован – Гулянци – /ІІ-11/ от км 0+000 до км 7+900""","Община Гулянци, област Плевен",0.00000,0.00000,0.00000
6502,OP-25.001-0497,"Инженеринг, включително проектиране, СМР и авторски надзор за обект ""Ремонт и реконструкция на пътна и водопроводна мрежа на улици ""Московска"", ""Рила"", ""Зора"" и ""Любен Каравелов"" в гр. Гулянци""","Община Гулянци, област Плевен",0.00000,0.00000,0.00000
6503,OP-24.001-2879,Канализационна и водопроводна мрежа на гр. Тръстеник – етап 2,"Община Долна Митрополия, област Плевен",0.00000,0.00000,0.00000
6503,OP-24.001-0921,"Рехабилитация на общински път PVN 1047 от път III-118 – Горна Митрополия – Староселци, участък от км 5+225 до км 7+310","Община Долна Митрополия, област Плевен",985.02630,0.00000,985.02630
6503,OP-24.001-0922,"Реконструкция и рехабилитация на уличната мрежав гр. Тръстеник, община Долна Митрополия","Община Долна Митрополия, област Плевен",2348.06416,0.00000,2348.06416
6503,OP-25.001-0498,"Реконструкция на водопроводната мрежа на с. Ставерци, общ. Долна Митрополия, обл. Плевен – Трети етап","Община Долна Митрополия, област Плевен",0.00000,0.00000,0.00000
6504,OP-24.001-0925,"Реконструкция на общински път PVN 2061 ""Долни Дъбник – Градина"" в участъка от км 0+000 до км 2+880","Община Долни Дъбник, област Плевен",0.00000,0.00000,0.00000
6504,OP-24.001-0923,"Рехабилитация на улици в община Долни Дъбник – ул. ""Св. св. Кирил и Методий"", с. Крушовица от общински път PVN 1060 до републикански път ІІІ-305 и ул. ""Иван Асен ІІ-ри"", с. Садовец от републикански път ІІІ-305 до пресечка с ул. ""Генерал Столетов""","Община Долни Дъбник, област Плевен",0.00000,0.00000,0.00000
6504,OP-24.001-0924,"Реконструкция на водопроводни клонове гр. Долни Дъбник – І етап, Главен клон І, Главен клон ІІ, Главен клон ІІІ и Тласкател","Община Долни Дъбник, област Плевен",550.07382,0.00000,550.07382
6504,OP-24.001-2881,"Реконструкция на главни водопроводни клонове в село Бъркач, община Долни Дъбник","Община Долни Дъбник, област Плевен",0.00000,0.00000,0.00000
6504,OP-24.001-2880,"Реконструкция на водопроводни клонове гр. Долни Дъбник – Втори етап, Второстепенни водопроводни клонове по ул. ""Христо Янчев"" с № 69, 18, 17, 148, 149 от ОК 103 до ОК 282","Община Долни Дъбник, област Плевен",0.00000,0.00000,0.00000
6504,OP-24.001-2460,"Ремонт и реконструкция на част от покрива на сграда общинска собственост и конструктивно възстановяване на спомагателни помещения към кинозала, сграда с идентификатор 22407.601.527.1, находяща се в УПИ ХI-527; стр. кв. 42, област Плевен, община Долни Дъбник, гр. Долни Дъбник, ул. ""Христо Янчев"" № 59 – проектиране, ремонт и реконструкция","Община Долни Дъбник, област Плевен",0.00000,0.00000,0.00000
6504,OP-24.001-0927,"Реконструкция на плочни водостоци по река Дъбнишка бара и възстановяване на част от улица ""Ручина бара"" в село Горни Дъбник, община Долни Дъбник","Община Долни Дъбник, област Плевен",0.00000,0.00000,0.00000
6504,OP-24.001-2459,"Внедряване на мерки за енергийна ефективност на сграда общинска собственост с идентификатор 22407.601.527.1, находяща се в УПИ ХI-527; стр. кв. 42, област Плевен, община Долни Дъбник, гр. Долни Дъбник, ул. ""Христо Янчев"" № 59 – проектиране и основен ремонт","Община Долни Дъбник, област Плевен",0.00000,0.00000,0.00000
6504,OP-24.001-2047,"Прилагане на мерки за енергийна ефективност на сграда за обществено обслужване – Народно читалище ""Развитие – 1907"", с. Крушовица, община Долни Дъбник","Община Долни Дъбник, област Плевен",0.00000,0.00000,0.00000
6505,OP-24.001-2884,"Реконструкция на ул. ""Васил Коларов"" в с. Староселци, община Искър","Община Искър, област Плевен",0.00000,0.00000,0.00000
6505,OP-24.001-2048,"Реконструкция на ул. ""Кирил и Методий"" от о.т. 42 през о.т. 12, о.т. 20, о.т. 95, о.т. 107 до о.т. 99","Община Искър, област Плевен",824.48337,0.00000,824.48337
6505,OP-24.001-0928,"Реконструкция на улица ""Георги Димитров"" от ОК 231 до ОК 331 в с. Писарово","Община Искър, област Плевен",622.83699,0.00000,622.83699
6505,OP-24.001-2885,"Реконструкция на улици в гр. Искър: ул. ""Септември"" от о.т. 71 до о.т. 125 в гр. Искър","Община Искър, област Плевен",0.00000,0.00000,0.00000
6505,OP-24.001-0929,"Реконструкция на улица ""Валентина Терешкова"" от ОК 30 до ОК 120Б в гр. Искър","Община Искър, област Плевен",376.69030,0.00000,376.69030
6505,OP-24.001-2882,Внедряване на енергоспестяващи мерки в уличното осветление на населените места в община Искър,"Община Искър, област Плевен",0.00000,0.00000,0.00000
6505,OP-24.001-2886,"Реконструкция на улици в гр. Искър: ул. ""Никола Вапцаров"" от о.т. 24 до о.т. 109 в гр. Искър","Община Искър, област Плевен",0.00000,0.00000,0.00000
6505,OP-24.001-2883,"Реконструкция на ул. ""Кирил и Методий"" в с. Долни Луковит, община Искър","Община Искър, област Плевен",0.00000,0.00000,0.00000
6505,OP-24.001-2049,"Реконструкция на ул. ""Одрин"" от ОК 237 до ОК 239 в гр. Искър","Община Искър, област Плевен",0.00000,0.00000,0.00000
6505,OP-24.001-2887,"Реконструкция на улици в гр. Искър: ул. ""Чавдарци"" от о.т. 63 до о.т. 134 в гр. Искър","Община Искър, област Плевен",0.00000,0.00000,0.00000
6505,OP-24.001-2888,"Реконструкция на улици в гр. Искър: ул ""Ернст Телман"" от о.т. 69 до о.т. 132 в гр. Искър","Община Искър, област Плевен",0.00000,0.00000,0.00000
6505,OP-25.001-0499,"Превенция от наводнения – укрепване на бреговете на река Писаровска от ОК 227 през ОК133, ОК31А до ОК5 в град Искър, община Искър","Община Искър, област Плевен",0.00000,0.00000,0.00000
6505,OP-25.001-0128,Ремонт на улици на територията на община Искър,"Община Искър, област Плевен",0.00000,0.00000,0.00000
6506,OP-24.001-0933,"Строителство на Музейно-експозиционен комплекс ""Георги Парцалев"", гр. Левски","Община Левски, област Плевен",38.88000,776.28242,815.16242
6506,OP-24.001-0934,"Рехабилитация и реконструкция на ул. ""Малчика"" от о.т. 125 до о.т. 469","Община Левски, област Плевен",28.80000,448.31134,477.11134
6506,OP-24.001-0935,Ремонт на път PVN 1112 от връзката с път PVN 2111 до общинска граница с община Свищов,"Община Левски, област Плевен",1840.27900,0.00000,1840.27900
6506,OP-24.001-0936,"Реконструкция, паркоустрояване и благоустрояване на градски парк в гр. Левски, находящ се в пм. с идентиф. № 43236.401.3447 по КК, парцел 1, кв. 130, по плана на гр. Левски, община Левски","Община Левски, област Плевен",1576.64640,0.00000,1576.64640
6506,OP-24.001-2051,"Спортна площадка със скейт парк и два тенис корта на открито в УПИ IV, кв. 140 по плана на град Левски","Община Левски, област Плевен",19.68000,0.00000,19.68000
6506,OP-25.001-0500,"Реконструкция и доизграждане на профили 4, 6, 8, 14, 15, 16, 21, 22, 23, 32, 33, 34, 35, 36 и 42 от водопроводната мрежа на гр. Левски, общ. Левски","Община Левски, област Плевен",0.00000,0.00000,0.00000
6506,OP-24.001-2050,"Покрит общински пазар и благоустрояване на околното пространство в гр. Левски, община Левски","Община Левски, област Плевен",5.92600,118.52158,124.44758
6506,OP-24.001-0937,"Рехабилитация и реконструкция на ул. ""Шипка"" от о.т. 82 до о.т. 37","Община Левски, област Плевен",239.13362,0.00000,239.13362
6506,OP-24.001-0938,"Реконструкция и доизграждане на водопроводната система в гр. Левски – Профили 20, 17, 13 и 10 по ул. ""Малчика""","Община Левски, област Плевен",2.48000,0.00000,2.48000
6506,OP-25.001-0501,"Инженеринг, включително проектиране, СМР и авторски надзор за обект ""Ремонт и реконструкция на пътна и водопроводна мрежа на улици: ""Княз Борис"", ""Софроний Врачански"", ""Милин камък"" и ремонт и реконструкция – част пътна на улица ""Ангел Кънчев"" на територията на град Левски""","Община Левски, област Плевен",0.00000,0.00000,0.00000
6506,OP-25.001-0502,"Инженеринг, включително проектиране, СМР и авторски надзор за обект ""Ремонт и реконструкция на пътна и водопроводна мрежа на ул. ""Александър Стамболийски"" – с. Асеновци и ремонт и реконструкция – част пътна на ул. ""Марица"" – с. Обнова на територията на община Левски""","Община Левски, област Плевен",0.00000,0.00000,0.00000
6506,OP-25.001-0129,Ремонт на улична мрежа на територията на община Левски,"Община Левски, област Плевен",0.00000,0.00000,0.00000
6507,OP-24.001-0939,Реконструкция на улици в община Никопол,"Община Никопол, област Плевен",3594.22489,0.00000,3594.22489
6507,OP-25.001-0130,"Аварийно възстановяване на подпорна стена в ПИ 51723.500.92 с адрес: гр. Никопол, ул. ""Сливница"" 2, СУ ""Христо Ботев"" и извършване на аварийни дейности за дренажна система на ул. ""Шипка"" в гр. Никопол","Община Никопол, област Плевен",0.00000,0.00000,0.00000
6507,OP-24.001-0940,Основен ремонт на площади на територията на община Никопол,"Община Никопол, област Плевен",843.26515,0.00000,843.26515
6507,OP-24.001-2890,"Инженеринг (проектиране, строителство и авторски надзор) за обект: Основен ремонт и реконструкция на покриви на читалища на територията на община Никопол","Община Никопол, област Плевен",0.00000,0.00000,0.00000
6507,OP-24.001-0942,"Укрепване и възстановяване на мост и част от улица ""Генерал Криднер"" – от о.т. 378 до о.т. 335+6.00 м гр. Никопол","Община Никопол, област Плевен",0.00000,0.00000,0.00000
6507,OP-24.001-0943,Проектиране на улици на територията на община Никопол,"Община Никопол, област Плевен",272.94000,0.00000,272.94000
6507,OP-24.001-2889,"Реконструкция и рехабилитация на ул. ""Юрий Гагарин"", с. Драгаш войвода, община Никопол – Етап 2, в участъка от 0+750 км до 1+0.54 км","Община Никопол, област Плевен",0.00000,0.00000,0.00000
6507,OP-25.001-0175,Реконструкция и/или рехабилитация на улици в община Никопол – Етап 1,"Община Никопол, област Плевен",0.00000,0.00000,0.00000
6507,OP-24.001-2891,"Инженеринг (проектиране, строителство и авторски надзор) за обект: Основен ремонт и реконструкция на покриви на читалища на територията на община Никопол","Община Никопол, област Плевен",0.00000,0.00000,0.00000
6507,OP-24.001-0944,Реконструкция на улици и паркинг в град Никопол,"Община Никопол, област Плевен",357.09397,0.00000,357.09397
6507,OP-24.001-0945,Проектиране на водопровод на територията на община Никопол,"Община Никопол, област Плевен",64.95000,0.00000,64.95000
6507,OP-24.001-0941,Реконструкция и рехабилитация на улици на територията на община Никопол,"Община Никопол, област Плевен",78.67234,0.00000,78.67234
6507,OP-25.001-0503,Реконструкция и/или рехабилитация на улици в община Никопол – Етап 2,"Община Никопол, област Плевен",0.00000,0.00000,0.00000
6507,OP-25.001-0504,"Ажурна ограда в част от ПИ 51723.136.7 и част от ПИ 51723.136.10, приемен център с открит паркинг, приемна сграда и сцена в ПИ 51723.136.7, паркоустрояване и благоустрояване на археологическа площадка на АИНКЦ ""Никополска крепост"" в част от ПИ 51723.136.10 на обект ""Опазване, проучване, консервация и социализация на АИНКЦ ""Никополска крепост"", в местност ""Баладжа"", град Никопол, община Никопол, област Плевен","Община Никопол, област Плевен",0.00000,0.00000,0.00000
6508,OP-24.001-0946,Многофункционална спортна зала,"Община Плевен, област Плевен",0.00000,0.00000,0.00000
6508,OP-24.001-2470,"Ремонт, реконструкция и модернизация на стадион ""Плевен"", гр. Плевен","Община Плевен, област Плевен",0.00000,233.10000,233.10000
6508,OP-24.001-2461,"Реконструкция на ул. ""Дойран"" в участъка от пл. ""Свобода"" до ул. ""Васил Левски"" при кръговото кръстовище (от ОК 1243 – ляво и ОК 627 – дясно до ОК 1317) – в проекта се предвижда и частично покриване на р. Тученица с обособени паркинг зони","Община Плевен, област Плевен",0.00000,0.00000,0.00000
6508,OP-24.001-0948,"Изграждане на улица в ж.к. ""Дружба"" от ОК 271 до ОК 442 – продължение на ул. ""Климент Охридски"": Етап 1: от км 0+000 до км 0+142 – дясно платно (южно) и южен тротоар, и Етап 2: от км 0+142 до км 0+411,60","Община Плевен, област Плевен",0.00000,0.00000,0.00000
6508,OP-25.001-0776,"Инженеринг за обект: ""Реконструкция на довеждащи водопроводи от НР Брестовица до висока зона на кв. Дружба, община Плевен""","Община Плевен, област Плевен",0.00000,0.00000,0.00000
6508,OP-25.001-0777,"Инженеринг за обект: ""Реконструкция (основен ремонт) на довеждащи водопроводи за гр. Плевен, община Плевен""","Община Плевен, област Плевен",0.00000,0.00000,0.00000
6508,OP-24.001-2054,"Рехабилитация на част от общински път PVN 3123 на територията на община Плевен, Етап 1: от км 4+700 до км 5+838; Етап 2: от км 0+000 до км 4+700","Община Плевен, област Плевен",0.00000,0.00000,0.00000
6508,OP-25.001-0778,"Реконструкция и доизграждане на вътрешна водопроводна мрежа на кв. Дружба 3 и 3 и промишлена зона, гр. Плевен","Община Плевен, област Плевен",0.00000,0.00000,0.00000
6508,OP-24.001-0947,"Основен ремонт на ул. ""Васил Левски"" от пл. ""Ст. Стамболов"" до ул. ""Полк. инж. Цв. Лазаров""","Община Плевен, област Плевен",0.00000,731.43743,731.43743
6508,OP-25.001-0779,Реконструкция на довеждащ водопровод от НР 4-ти км до НР Скобелев парк,"Община Плевен, област Плевен",0.00000,0.00000,0.00000
6508,OP-24.001-0949,"Реконструкция на кръстовище бул. ""Хр. Ботев"" – ул. ""Ген. л-т Ат. Стефанов"", гр. Плевен","Община Плевен, област Плевен",0.00000,0.00000,0.00000
6508,OP-25.001-0780,"Реконструкция и доизграждане на вътрешна водопроводна мрежа на кв. Сторгозия, гр. Плевен","Община Плевен, област Плевен",0.00000,0.00000,0.00000
6508,OP-24.001-2478,"Основен ремонт ул. ""Бяло море"" ОК 567-1286, гр. Плевен","Община Плевен, област Плевен",0.00000,0.00000,0.00000
6508,OP-25.001-0781,"Реконструкция и доизграждане на вътрешна водопроводна мрежа на кв. Дружба – ниска зона и градска зона, гр. Плевен","Община Плевен, област Плевен",0.00000,0.00000,0.00000
6508,OP-24.001-2469,"Основен ремонт ул. ""Княз Борис I"" ОК 589-605, гр. Плевен","Община Плевен, област Плевен",0.00000,0.00000,0.00000
6508,OP-25.001-0782,"Реконструкция и доизграждане на вътрешна водопроводна мрежа на кв. Дружба 1 и 2 и градска част, гр. Плевен","Община Плевен, област Плевен",0.00000,0.00000,0.00000
6508,OP-25.001-0505,"Реконструкция на вътрешна водопроводна мрежа гр. Плевен – ул. ""Сан Стефано"" и ул. ""Шипка""","Община Плевен, област Плевен",0.00000,0.00000,0.00000
6508,OP-24.001-2472,"Основен ремонт ул. ""Плевен"" ОК 126-ОК 36, с. Ралево","Община Плевен, област Плевен",0.00000,0.00000,0.00000
6508,OP-24.001-2475,"Основен ремонт ул. ""Патриарх Евтимий"" ОК 698а-186а, гр. Плевен","Община Плевен, област Плевен",0.00000,0.00000,0.00000
6508,OP-24.001-2473,"Основен ремонт ул. ""Юрий Гагарин"" ОК 204-ОК 149, с. Николаево","Община Плевен, област Плевен",0.00000,0.00000,0.00000
6508,OP-24.001-2900,"Проектиране и СМР на обект: Основен ремонт на ул. ""Любен Вешков"" от ОК 190 до ОК 207, с. Пелишат","Община Плевен, област Плевен",0.00000,0.00000,0.00000
6508,OP-24.001-2893,"Проектиране и СМР на обект: Основен ремонт на ул. ""Братя Гъркови"" от ОК 200 до ОК 209, с. Коиловци","Община Плевен, област Плевен",0.00000,0.00000,0.00000
6508,OP-24.001-2466,"Основен ремонт ул. ""Цветан Спасов"" ОК 1-ОК 12, с. Ясен","Община Плевен, област Плевен",0.00000,0.00000,0.00000
6508,OP-24.001-2467,"Основен ремонт ул. ""Христо Ботев"" ОК 32-162, с. Бохот","Община Плевен, област Плевен",0.00000,0.00000,0.00000
6508,OP-24.001-2895,"Проектиране и СМР на обект: Основен ремонт на ул. ""Николае Нанкович"" от ОК 119 до ОК 48, с. Гривица","Община Плевен, област Плевен",0.00000,0.00000,0.00000
6508,OP-24.001-2489,"Основен ремонт ул. ""Бинка Парашкевова"" ОК 6-ОК 5, с. Горталово","Община Плевен, област Плевен",0.00000,0.00000,0.00000
6508,OP-24.001-2898,"Проектиране и СМР на обект: Основен ремонт на ул. ""Александър Петров"" от ОК 13 до ОК 124, с. Брестовец","Община Плевен, област Плевен",0.00000,0.00000,0.00000
6508,OP-24.001-2896,"Проектиране и СМР на обект: Основен ремонт ул. ""Александър Стамболийски"" ОК 511 – ОК 549а – ОК 561","Община Плевен, област Плевен",0.00000,0.00000,0.00000
6508,OP-24.001-2899,"Проектиране и СМР на обект: Основен ремонт на ул. ""Георги Димитров"" от ОК 44 до ОК 89, с. Къртожабене","Община Плевен, област Плевен",0.00000,0.00000,0.00000
6508,OP-24.001-2897,"Проектиране и СМР на обект: Основен ремонт на ул. ""Любен Каравелов"" от ОК 363 до ОК 258, с. Беглеж","Община Плевен, област Плевен",0.00000,0.00000,0.00000
6508,OP-24.001-2465,"Основен ремонт ул. ""Тодор Александров"" ОК 130-ОК 185, с. Мечка","Община Плевен, област Плевен",0.00000,0.00000,0.00000
6508,OP-24.001-2053,"Основен ремонт на ул. ""Цар Самуил"" от ОК 340а до ОК 1197","Община Плевен, област Плевен",0.00000,0.00000,0.00000
6508,OP-24.001-2474,"Основен ремонт ул. ""Ген. Вл. Заимов"" ОК 44-56, с. Тученица","Община Плевен, област Плевен",0.00000,0.00000,0.00000
6508,OP-24.001-2471,"Основен ремонт ул. ""Христо Сръбски"", с. Опанец","Община Плевен, област Плевен",0.00000,0.00000,0.00000
6508,OP-24.001-2476,"Основен ремонт ул. ""Стара планина"" ОК 54-ОК 23, с. Тодорово","Община Плевен, област Плевен",0.00000,0.00000,0.00000
6508,OP-24.001-2477,"Основен ремонт ул. ""Г. Хаджиев"" – ОК 147 – ОК 151, с. Славяново","Община Плевен, област Плевен",0.00000,0.00000,0.00000
6508,OP-24.001-2902,"Проектиране на обект: Основен ремонт на ул. ""Игнат Панталеев"" от ОК 21 до ОК 103, с. Мечка","Община Плевен, област Плевен",0.00000,0.00000,0.00000
6508,OP-24.001-2480,"Основен ремонт ул. ""Христо Смирненски"" ОК 34-ОК 59, с. Търнене","Община Плевен, област Плевен",0.00000,0.00000,0.00000
6508,OP-24.001-2479,"Основен ремонт ул. ""Искър"" ОК 146-ОК 180, с. Върбица","Община Плевен, област Плевен",0.00000,0.00000,0.00000
6508,OP-24.001-2894,"Проектиране и СМР на обект: Основен ремонт на ул. ""Плевен"" от ОК 174 до ОК 178, с. Буковлък","Община Плевен, област Плевен",0.00000,0.00000,0.00000
6508,OP-24.001-2901,"Проектиране и СМР на обект: Основен ремонт на ул. ""Кратов"" от ОК 98 до ОК 103, с. Ласкар","Община Плевен, област Плевен",0.00000,0.00000,0.00000
6508,OP-24.001-2483,"Основен ремонт ул. ""Перуника"" ОК 5-ОК 49, с. Радишево","Община Плевен, област Плевен",0.00000,0.00000,0.00000
6508,OP-24.001-2482,"Основен ремонт ул. ""Рудозем"" ОК 4-ОК 2, с. Къшин","Община Плевен, област Плевен",0.00000,0.00000,0.00000
6508,OP-24.001-2490,"Проектиране на обект: Основен ремонт на ул. ""Александър Стамболийски"", с. Опанец, община Плевен","Община Плевен, област Плевен",0.00000,0.00000,0.00000
6508,OP-24.001-2903,"Проектиране на обект: Основен ремонт на ул. ""Трифон Гърчев"" от ОК 62 до ОК 83, с. Пелишат","Община Плевен, област Плевен",0.00000,0.00000,0.00000
6508,OP-24.001-2904,"Проектиране на обект: Основен ремонт на ул. ""Редник Григоре Йон"" от ОК 111 до ОК 48, с. Гривица","Община Плевен, област Плевен",0.00000,0.00000,0.00000
6508,OP-24.001-2491,"Проектиране на обект: Основен ремонт на ул. ""Шипка"" от ОК 85 до ОК 56, с. Николаево, община Плевен","Община Плевен, област Плевен",0.00000,0.00000,0.00000
6508,OP-24.001-2492,"Проектиране на обект: Основен ремонт на ул. ""Георги Димитров"" от ОК 109 до ОК 67, с. Горталово","Община Плевен, област Плевен",0.00000,0.00000,0.00000
6508,OP-24.001-2905,"Проектиране на обект: Основен ремонт на ул. ""Георги Ненов"" от ОК 248 до ОК 358, с. Беглеж","Община Плевен, област Плевен",0.00000,0.00000,0.00000
6508,OP-24.001-2906,"Проектиране на обект: Основен ремонт на ул. ""Освобождение"" от ОК 99 до ОК 168, с. Брестовец","Община Плевен, област Плевен",0.00000,0.00000,0.00000
6508,OP-24.001-2493,"Основен ремонт ул. ""Преслав"" ОК 41-ОК 38, с. Къшин","Община Плевен, област Плевен",0.00000,0.00000,0.00000
6508,OP-24.001-2494,"Проектиране на обект: ""Основен ремонт на ул. ""Г. Бенковски"" от ОК 147 до ОК 183а, с. Върбица""","Община Плевен, област Плевен",0.00000,0.00000,0.00000
6508,OP-24.001-2495,"Проектиране на обект: ""Основен ремонт на ул. ""Мусала"" от ОК 136 до ОК 217, с. Бохот""","Община Плевен, област Плевен",0.00000,0.00000,0.00000
6508,OP-24.001-2907,"Проектиране на обект: Основен ремонт на ул. ""Родопи"" от ОК 198 до ОК 60, с. Коиловци","Община Плевен, област Плевен",0.00000,0.00000,0.00000
6508,OP-24.001-2496,"Проектиране на обект: Основен ремонт на ул. ""Сторгозия"" от ОК 10 до ОК 5, с. Тодорово","Община Плевен, област Плевен",0.00000,0.00000,0.00000
6508,OP-24.001-2497,"Проектиране на обект: Основен ремонт на ул. ""Генерал Гурко"" от ОК 1 до ОК 27, с. Тученица, община Плевен","Община Плевен, област Плевен",0.00000,0.00000,0.00000
6508,OP-24.001-2498,"Проектиране на обект: Основен ремонт ул. ""Люлин"", ОК 149 – ОК 165, гр. Славяново","Община Плевен, област Плевен",0.00000,0.00000,0.00000
6508,OP-24.001-2499,"Проектиране на обект: Основен ремонт на ул. ""Прилеп"" от ОК 15 до ОК 25, с. Радишево","Община Плевен, област Плевен",0.00000,0.00000,0.00000
6508,OP-24.001-2500,"Проектиране на обект: Основен ремонт на ул. ""Върбишка"" от ОК 139 до ОК 90, с. Търнене, община Плевен","Община Плевен, област Плевен",0.00000,0.00000,0.00000
6508,OP-24.001-2908,"Проектиране на обект: Основен ремонт на ул. ""Демокрация"" от ОК 15 до ОК 171, с. Буковлък","Община Плевен, област Плевен",0.00000,0.00000,0.00000
6508,OP-24.001-2501,"Проектиране на обект: Основен ремонт ул. ""Христо Ботев"", ОК 149 – ОК 162, гр. Славяново","Община Плевен, област Плевен",0.00000,0.00000,0.00000
6508,OP-24.001-2502,"Проектиране на обект: Основен ремонт на ул. ""Перущица"" от ОК 33 до ОК 46, с. Ясен","Община Плевен, област Плевен",0.00000,0.00000,0.00000
6508,OP-24.001-2503,"Проектиране на обект: Основен ремонт на ул. ""Васил Левски"" от ОК 66 до ОК 120, с. Ралево","Община Плевен, област Плевен",0.00000,0.00000,0.00000
6508,OP-24.001-2485,"Основен ремонт ул. ""Антим I"" ОК 276-283, гр. Плевен","Община Плевен, област Плевен",0.00000,0.00000,0.00000
6508,OP-24.001-2055,"Основен ремонт на ул. ""Ген. Столетов"": Етап 1: от ОК 51б до ОК 83а (от ул. ""Стоян войвода"" до ул. ""Ведрина"") и Етап 2: от ОК 73а до ОК 114 (от ул. ""Петко войвода"" до ул. ""Ильо войвода""), гр. Плевен","Община Плевен, област Плевен",0.00000,0.00000,0.00000
6508,OP-24.001-2484,"Основен ремонт ул. ""Камчия – Дедеагач"" ОК 730-731-731а, гр. Плевен","Община Плевен, област Плевен",0.00000,0.00000,0.00000
6508,OP-24.001-2487,"Основен ремонт ул. ""Ведрина"" бл. 23 – ОК 27 – 8 и паркинг, гр. Плевен","Община Плевен, област Плевен",0.00000,0.00000,0.00000
6508,OP-24.001-2481,Проектиране на обект: Основен ремонт PVN1146 – /ІІ-35/Плевен-Пелишат-Гр. общ. (Плевен-Пордим)-Вълчитрън-Борислав /LOV1065/,"Община Плевен, област Плевен",0.00000,0.00000,0.00000
6508,OP-24.001-2462,"Проектиране на обект: Основен ремонт PVN1150 – /ІІ-35,Плевен-Ловеч/-Бохот-Тученица-Радишево/PVN1146/","Община Плевен, област Плевен",0.00000,0.00000,0.00000
6508,OP-24.001-2488,"Основен ремонт ул. ""Добрич-Балаклия"" ОК 284-299а-312а, гр. Плевен","Община Плевен, област Плевен",0.00000,0.00000,0.00000
6508,OP-24.001-2486,"Проектиране на обект: Основен ремонт на път PVN1144 – /ІІ-34, п. к. Гривица – Коиловци/ – Върбица – Буковлък/ІІІ-3004/","Община Плевен, област Плевен",0.00000,0.00000,0.00000
6509,OP-24.001-0950,"Реконструкция на участък от общински път PVN 2145 /III – 3402/ Славяново – граница общини (Плевен – Пордим) – Тотлебен – /I – 3/ от км 3+400 до км 6+500, община Пордим","Община Пордим, област Плевен",0.00000,0.00000,0.00000
6509,OP-24.001-0952,"Обновяване на общински спортен комплекс гр. Пордим и основен ремонт на съществуваща сграда ""Съблекалня"", находящ се в УПИ I-962, кв. 89 по плана на гр. Пордим, общ. Пордим, обл. Плевен","Община Пордим, област Плевен",0.00000,0.00000,0.00000
6509,OP-24.001-0951,Асфалтиране на вътрешноквартални улици и подобряване на физическата среда в гр. Пордим,"Община Пордим, област Плевен",0.00000,0.00000,0.00000
6509,OP-24.001-2504,Асфалтиране на вътрешноквартални улици и подобряване на физическата среда в град Пордим – втори етап,"Община Пордим, област Плевен",11.94000,0.00000,11.94000
6510,OP-24.001-2057,"Изгражане на мост над река Искър на общински път PVN1188, свързващ гр. Червен бряг и с. Горник","Община Червен бряг, област Плевен",4485.72000,0.00000,4485.72000
6510,OP-24.001-2505,"Реконструкция на селищната водопроводна мрежа на с. Рупци, община Червен бряг, област Плевен","Община Червен бряг, област Плевен",932.72105,0.00000,932.72105
6510,OP-24.001-2056,"Реконструкция и рехабилитация на част от ВиК мрежата и съоръженията на гр. Червен бряг, община Червен бряг","Община Червен бряг, област Плевен",0.00000,759.81212,759.81212
6510,OP-24.001-0954,"Реконструкция и рехабилитация на довеждащ водопровод от кладенци № 19 в ПИ 81 551.57.21 по КККР на с. Чомаковци и № 20 в ПИ 37863.117.101 по ККККР на гр. Койнаре до помпена станция № 3 в ПИ 81551.96.20 по КККР на с. Чомаковци община Червен бряг, област Плевен","Община Червен бряг, област Плевен",0.00000,0.00000,0.00000
6510,OP-24.001-0955,"Основен ремонт на театрален салон на Народно читалище ""Христо Ботев – 1889"" – гр. Койнаре, УПИ IX, кв. 70, гр. Койнаре, община Червен бряг","Община Червен бряг, област Плевен",0.00000,0.00000,0.00000
6510,OP-24.001-0957,"Основен ремонт на съществуващ терен за футбол в гр. Червен бряг с размери 64/94 м и монтаж на преместваеми съоръжения, ограда и осветителна система, в предварително заготвени и монтирани на място фундаменти","Община Червен бряг, област Плевен",0.00000,0.00000,0.00000
6510,OP-25.001-0506,Енергийно ефективна система за улично осветление на територията на община Червен бряг и основен ремонт на улично осветление,"Община Червен бряг, област Плевен",0.00000,0.00000,0.00000
6510,OP-24.001-0956,"Изготвяне на технически инвестиционни проекти за селищната водопроводна мрежа на част от населените места на територията на община Червен бряг, област Плевен","Община Червен бряг, област Плевен",506.27500,0.00000,506.27500
6510,OP-24.001-2506,"Изготвяне на инвестиционен проект и упражняване на авторски надзор по време на строителството на обект ""Проектиране на централен градски площад и пешеходни зони в част от ул. ""Васил Априлов"" и ул. ""Отец Паисий"", гр. Червен бряг, община Червен бряг, област Плевен""","Община Червен бряг, област Плевен",0.00000,0.00000,0.00000
6511,OP-24.001-0930,"Изграждане на еко-къмпинг зона в границите на Лесопарк ""Гергана"", гр. Кнежа","Община Кнежа, област Плевен",2510.11992,0.00000,2510.11992
6511,OP-25.001-0507,"Закрит басейн, фитнес и обслужващи помещния в гр. Кнежа","Община Кнежа, област Плевен",0.00000,0.00000,0.00000
6511,OP-24.001-2058,Реконструкция на улици в град Кнежа – Етап 2 и Етап 4,"Община Кнежа, област Плевен",0.00000,0.00000,0.00000
6511,OP-25.001-0508,"Благоустрояване и обновяване на част от горски парк ""Гергана"" в ПИ 37376.592.1 в община Кнежа","Община Кнежа, област Плевен",0.00000,0.00000,0.00000
6511,OP-24.001-0932,Реконструкция и модернизация на общинския пазар в град Кнежа,"Община Кнежа, област Плевен",889.96838,0.00000,889.96838
6511,OP-24.001-0931,Реконструкция на вътрешна водопроводна и улична мрежа в гр. Кнежа,"Община Кнежа, област Плевен",209.28564,0.00000,209.28564
6601,OP-24.001-0959,Укрепване на двата бряга на р. Асеница /р. Чепеларска/ в регулацията на гр. Асеновград,"Община Асеновград, област Пловдив",0.00000,0.00000,0.00000
6601,OP-24.001-2508,"Изграждане на път с. Мулдава – манастир ""Света Петка Мулдавска"" от км 0+900 до км 2+570, включително обръщало при км 2+570","Община Асеновград, област Пловдив",4250.97134,0.00000,4250.97134
6601,OP-24.001-2507,"Благоустрояване на част от централната зона и площад ""Акад. Николай Хайтов"" в гр. Асеновград – II етап","Община Асеновград, област Пловдив",0.00000,0.00000,0.00000
6601,OP-24.001-2509,"Изграждане на нова детска градина за шест групи деца от 3 до 6 год. в УПИ XIII-509, кв. 521, ПИ № 00702.521.509 по КККР на гр. Асеновград, област Пловдив","Община Асеновград, област Пловдив",0.00000,0.00000,0.00000
6601,OP-24.001-0958,"Инсталация за компостиране на разделно събрани зелени и/или биоразградими битови отпадъци и на инсталация за предварително третиране на смесено събрани битови отпадъци – РУСО – Асеновград, и съпътстваща инфраструктура","Община Асеновград, област Пловдив",518.76162,0.00000,518.76162
6601,OP-24.001-0960,"Реконструкция на пешеходен мост и кръстовището му с ул. ""Индустриална"", гр. Асеновград","Община Асеновград, област Пловдив",0.00000,0.00000,0.00000
6602,OP-24.001-0962,"Реконструкция и рехабилитация на общински път PVD 1230 /II-56, Раковски – Пловдив – граница с общ. Раковски/ – Отец Кирилово – Дрангово – Златосел – яз. ""Дондуково"" от км 5+300 до км 10+800, съоръжения и принадлежности към него, общ. Брезово, обл. Пловдив","Община Брезово, област Пловдив",0.00000,0.00000,0.00000
6602,OP-24.001-0963,Реконструкция на вътрешен водопровод от НР 500 куб. м до о.т. 1 и Главен клон II в участъка от о.т. 244 до о.т. 318 на град Брезово,"Община Брезово, област Пловдив",23.30000,339.49937,362.79937
6602,OP-24.001-2910,Реконструкция на улици в гр. Брезово,"Община Брезово, област Пловдив",1363.27600,0.00000,1363.27600
6602,OP-24.001-2911,Реконструкция на улици в с. Пъдарско,"Община Брезово, област Пловдив",0.00000,0.00000,0.00000
6602,OP-24.001-2510,"Инженеринг – проектиране, строителство и авторски надзор за обект: Изграждане на многофункционална спортна зала в гр. Брезово","Община Брезово, област Пловдив",0.00000,0.00000,0.00000
6602,OP-24.001-2909,"Инженеринг – проектиране, строителство и авторски надзор за обект: Реконструкция на вътрешна водопроводна мрежа на с. Тюркмен","Община Брезово, област Пловдив",0.00000,0.00000,0.00000
6602,OP-25.001-0509,"Инженеринг – проектиране, строителство и авторски надзор за обект: Изграждане на физкултурен салон, реконструкция на сградата и прилежащото пространство на детската градина в гр. Брезово","Община Брезово, област Пловдив",0.00000,0.00000,0.00000
6603,OP-24.001-0964,"Основен ремонт ул. ""2-ра"", с. Дълго поле, община Калояново","Община Калояново, област Пловдив",0.00000,0.00000,0.00000
6603,OP-24.001-2511,"Основен ремонт на ул. ""3-та"", с. Дълго поле","Община Калояново, област Пловдив",0.00000,0.00000,0.00000
6603,OP-24.001-2060,Благоустройство на площадни пространства на с. Калояново,"Община Калояново, област Пловдив",0.00000,0.00000,0.00000
6603,OP-24.001-2061,Благоустройство на площадни пространства на с. Ръжево Конаре,"Община Калояново, област Пловдив",0.00000,0.00000,0.00000
6603,OP-24.001-2059,"Основен ремонт на улица ""Копривщица"", с. Калояново","Община Калояново, област Пловдив",0.00000,0.00000,0.00000
6603,OP-25.001-0510,Основен ремонт на път PDV2341 III-606 Любен – Голям чардак/Неделево – Церетелево – Царимир – граница общини/Съединение – Калояново/ – II-64 от км 0+000 до км 3+144,"Община Калояново, област Пловдив",0.00000,0.00000,0.00000
6603,OP-24.001-0965,"Реконструкция на тротоари по ул. ""Александър Стамболийски"" и ул. ""Асен Гаргов"", с. Калояново","Община Калояново, област Пловдив",418.12741,0.00000,418.12741
6603,OP-24.001-0966,"Реконструкция на водопровод по ул. ""3-та"", с. Дълго поле, община Калояново","Община Калояново, област Пловдив",0.00000,0.00000,0.00000
6604,OP-24.001-0967,"Рехабилитация и реконструкция на част от общински път PDV 2078 и водопроводна мрежа в с. Марино поле, община Карлово","Община Карлово, област Пловдив",0.00000,0.00000,0.00000
6604,OP-25.001-0511,"Реконструкция на водопроводи и основен ремонт на настилки на пет улици в ""Старинно Карлово""","Община Карлово, област Пловдив",0.00000,0.00000,0.00000
6604,OP-25.001-0512,"Основен ремонт на настилки по ул. ""Ген. Заимов""","Община Карлово, област Пловдив",0.00000,0.00000,0.00000
6604,OP-24.001-2063,"""Сграда за културна дейност в с. Климент""","Община Карлово, област Пловдив",0.00000,0.00000,0.00000
6604,OP-24.001-0968,"Благоустрояване на урегулирани поземлени имоти в кв. 53в, гр. Карлово","Община Карлово, област Пловдив",0.00000,0.00000,0.00000
6604,OP-24.001-2064,"""Сграда за културна дейност в с. Христо Даново""","Община Карлово, област Пловдив",0.00000,0.00000,0.00000
6604,OP-24.001-2062,Реконструкция на водопроводи и основен ремонт настилки по улици в град Карлово,"Община Карлово, област Пловдив",0.00000,0.00000,0.00000
6604,OP-25.001-0513,"Реконструкция на водопроводи и основен ремонт на настилки на ул. ""Драгоман"" и ул. ""Раковска""","Община Карлово, област Пловдив",0.00000,0.00000,0.00000
6604,OP-25.001-0514,"Реконструкция на водопроводи и основен ремонт на настилки на ул. ""Граф Игнатиев""","Община Карлово, област Пловдив",0.00000,0.00000,0.00000
6604,OP-25.001-0515,"Реконструкция на водопроводи и основен ремонт на настилки на ул. ""Юмрукчал""","Община Карлово, област Пловдив",0.00000,0.00000,0.00000
6604,OP-24.001-2065,"Многофункционална зала ""Васил Левски"" в гр. Карлово","Община Карлово, област Пловдив",0.00000,0.00000,0.00000
6605,OP-24.001-2512,"Внедряване на мерки за енергийна ефективност и основен ремонт на сградата на Народно читалище ""Пробуда – 1912 г."", гр. Кричим","Община Кричим, област Пловдив",0.00000,998.18786,998.18786
6605,OP-24.001-0970,"Обособяване на ПИ 39921.4.71 по кадастралната карта на гр. Кричим с функционално предназначение – ""Гробищен парк-ОГР"" – Етапно строителство, както следва: Етап II: Сграда на портиер и санитарни възли, Алеи, автомобилен път и паркинг, Урнови стени, Паркоустройство и Благоустрояване","Община Кричим, област Пловдив",0.00000,0.00000,0.00000
6605,OP-24.001-2513,"Благоустрояване на поземлен имот с идентификатор 39921.502.561 по КК на гр. Кричим, попадащ в улична регулация по ЗРП на гр. Кричим, пл. ""Демокрация"" и обособяване на зона за паркиране","Община Кричим, област Пловдив",0.00000,95.53782,95.53782
6605,OP-24.001-2514,"Строителство и реконструкция на нови и съществуващи улици и тротоари на територията на град Кричим, II-ри етап – Подобект: ул. ""Н. Вапцаров"" – от ул. ""Витоша"" до бул. ""Тракия"" (път III), с дължина 365,87 м","Община Кричим, област Пловдив",0.00000,89.64058,89.64058
6605,OP-25.001-0516,"Реконструкция и рехабилитация на уличната мрежа по: ул. ""Никола Петков"" (от кръстовището с бул. ""Ал. Стамболийски"" до кръстовището с Републикански път III-8602); ул. ""Търговска"" (от бул. ""Ал. Стамболийски"" до ул. ""Райко Даскалов""); ул. ""Варна""; кръгово кръстовище на ул. ""Васил Левски"" (кръстовище на ул. ""Варна"", ул. ""Лиляна Димитрова"" и бул. ""Александър Стамболийски""), гр. Кричим"", ЕТАП II – Подобект ""Реконструкция и рехабилитация на уличната мрежа по ул. ""Търговска"" (от бул. ""Ал. Стамболийски"" до ул. ""Райко Даскалов""), гр. Кричим","Община Кричим, област Пловдив",0.00000,0.00000,0.00000
6605,OP-25.001-0176,"Технически проект за част от улица ""Крали Марко"", гр. Кричим от о.т. 423 до о.т. 426","Община Кричим, област Пловдив",0.00000,0.00000,0.00000
6606,OP-24.001-0975,"Реконструкция на път PDV 2132/III-861, Лъки-Здравец/-Джурково","Община Лъки, област Пловдив",1289.26134,0.00000,1289.26134
6606,OP-24.001-2515,"Благоустрояване на прилежащото пространство и покриване на коритото на река Джурковска с цел защита от вредното въздействие на водите и наводнение в участъка между мост на ул. ""Освобождение"" и кръстовище с ул. ""Дичо Петров"", гр. Лъки, община Лъки","Община Лъки, област Пловдив",0.00000,390.30013,390.30013
6606,OP-24.001-2516,"Реконструкция и рехабилитация на ул. ""Кольо Шишманов"", гр. Лъки, община Лъки, област Пловдив","Община Лъки, област Пловдив",914.91092,0.00000,914.91092
6606,OP-24.001-2517,"Реконструкция и рехабилитация на ул. ""Преспа"", гр. Лъки, община Лъки, област Пловдив","Община Лъки, област Пловдив",478.01383,0.00000,478.01383
6606,OP-24.001-2518,"Реконструкция и рехабилитация на ул. ""Кап. Петко войвода"", гр. Лъки, община Лъки, област Пловдив","Община Лъки, област Пловдив",0.00000,64.00133,64.00133
6606,OP-24.001-2066,Корекции на реки Манастирска и Лъкинска в участъка им в урбанизираната територия на община Лъки – етап II,"Община Лъки, област Пловдив",195.20000,0.00000,195.20000
6607,OP-24.001-0976,"Ремонт /рехабилитация/ на общински път PDV1153 (стар № IV-800043), участък /""Път I-8 – Костиево – Радиново от км 0+000 до км 4+200"" /и участък / ""Радиново – Бенковски"" от км 4+200 до км 7+360""/","Община ""Марица"", област Пловдив",0.00000,0.00000,0.00000
6607,OP-24.001-0977,"Пречиствателна станция за отпадъчни води с. Маноле и с. Манолско Конаре за 3500 ЕЖ в УПИ 035073 – пречиствателна станция за отпадъчни води, масив 35, землище с. Маноле, община ""Марица"", област Пловдив, включително довеждащ колектор до ПСОВ","Община ""Марица"", област Пловдив",0.00000,0.00000,0.00000
6607,OP-25.001-0178,Рехабилитация на общински път PDV1152 – в урбанизираната територия на с. Крислово от км 2+760 до км 3+230 и извън урбанизираната територия от км 3+230 до км 5+310 между селата Крислово-Желязно,"Община ""Марица"", област Пловдив",0.00000,0.00000,0.00000
6607,OP-24.001-0978,Рехабилитация на общински път PDV1150 /II-56/ Калековец-Крислово-PDV1152/ – втори строителен етап от км 0+480 до км 2+300,"Община ""Марица"", област Пловдив",1015.31176,0.00000,1015.31176
6607,OP-24.001-0979,"Реконструкция на местен път в поземлен имот 73242.45.702 и част от поземлен имот 73242.501.1895, местност Висината, землище на с. Труд, община ""Марица"", област Пловдив","Община ""Марица"", област Пловдив",0.00000,0.00000,0.00000
6607,OP-25.001-0177,"Канализация на с. Бенковски, община ""Марица"", област Пловдив, Етап 4: подетап 1, подетап 2","Община ""Марица"", област Пловдив",0.00000,0.00000,0.00000
6607,OP-25.001-0517,"Основен ремонт на общински път PDV1160/III-565, Маноле-Белозем/-Манолско Конаре-Ясно поле от км 0+800 до км 3+837","Община ""Марица"", област Пловдив",0.00000,0.00000,0.00000
6607,OP-25.001-0518,"Основен ремонт и реконструкция на ул. ""Хан Аспарух"" от км 1+207 до км 1+980, с. Царацово","Община ""Марица"", област Пловдив",0.00000,0.00000,0.00000
6607,OP-25.001-0520,"Основен ремонт на пътно платно на ул. ""Митко Палаузов"", с. Скутаре","Община ""Марица"", област Пловдив",0.00000,0.00000,0.00000
6607,OP-25.001-0179,"Придобиване и реконструкция на съоръжения – напоителни канали в населените места с. Крислово, с. Калековец, с. Желязно, с. Войводиново, с. Бенковски, с. Строево и с. Царацово на територията на община ""Марица"", област Пловдив","Община ""Марица"", област Пловдив",0.00000,0.00000,0.00000
6607,OP-25.001-0519,"Основен ремонт на пътно платно на ул. ""Комсомолска"", с. Строево","Община ""Марица"", област Пловдив",0.00000,0.00000,0.00000
6607,OP-25.001-0523,"Основен ремонт на пътно платно на ул. ""12-та"", с. Манолско Конаре","Община ""Марица"", област Пловдив",0.00000,0.00000,0.00000
6607,OP-25.001-0522,"Основен ремонт на пътно платно на ул. ""18-та"", с. Ясно поле","Община ""Марица"", област Пловдив",0.00000,0.00000,0.00000
6607,OP-25.001-0521,"Основен ремонт на пътно платно на ул. ""Волга"", с. Войводиново","Община ""Марица"", област Пловдив",0.00000,0.00000,0.00000
6608,OP-24.001-2068,"Инженеринг – проектиране, строителство и авторски надзор на обект: Основен ремонт и внедряване на мерки за енергийна ефективност на комплекс за здравеопазване на гр. Перущица","Община Перущица, област Пловдив",40.80000,0.00000,40.80000
6608,OP-24.001-0980,Строителство и рехабилитация на водопроводна мрежа на гр. Перущица,"Община Перущица, област Пловдив",852.35476,0.00000,852.35476
6608,OP-24.001-0981,"Реконструкция на водопроводната мрежа на гр. Перущица/проект ""ЕН Би проджект"" ООД","Община Перущица, област Пловдив",0.00000,0.00000,0.00000
6608,OP-24.001-2067,"Инженеринг – проектиране, строителство и авторски надзор на обект: Изграждане на спортно игрище за футбол в ПИ 55909.501.386, гр. Перущица","Община Перущица, област Пловдив",11.52000,0.00000,11.52000
6608,OP-24.001-0982,Паметник на трите поколения: Възстановяване и благоустрояване на паметника и прилежащите територии,"Община Перущица, област Пловдив",0.00000,0.00000,0.00000
6608,OP-24.001-0983,"Ремонт, оборудване и обзавеждане на Туристически информационен център в УПИ VІІІ – общ. обсл. дейност и КОО, кв. 65, гр. Перущица","Община Перущица, област Пловдив",0.00000,0.00000,0.00000
6608,OP-24.001-2519,"Инженеринг – проектиране, строителство и авторски надзор на обект: Реконструкция на довеждащ водопровод гр. Перущица","Община Перущица, област Пловдив",27.50000,0.00000,27.50000
6608,OP-24.001-2520,"Инженеринг – проектиране, строителство и авторски надзор за обект: Основен ремонт на читалище Просвета – 1862, гр. Перущица","Община Перущица, област Пловдив",0.00000,0.00000,0.00000
6609,OP-24.001-0985,"Изпълнение на строеж, част от общинската спортна инфраструктура – Стадион ""Христо Ботев"" – град Пловдив","Община Пловдив, област Пловдив",185.44130,0.00000,185.44130
6609,OP-24.001-0984,"Проектиране и изпълнение на строителство, част от общинската спортна инфраструктура – Стадион ""Локомотив"" – град Пловдив: Етап 1: ""Благоустрояване и инфраструктура""; Етап 5: ""Централна трибуна""","Община Пловдив, област Пловдив",0.00000,0.00000,0.00000
6609,OP-24.001-0986,Реконструкция и разширение на Голямоконарско шосе,"Община Пловдив, област Пловдив",13592.63156,0.00000,13592.63156
6609,OP-24.001-0988,"Основен ремонт и благоустрояване на обществено пространство в УПИ VIII-521.1456 Кино от кв. 293 нов/296 стар/ по плана на ""Централна градска част"", гр. Пловдив, ПИ с идентификатор 56784.521.1456 по КК на гр. Пловдив","Община Пловдив, област Пловдив",0.00000,1615.74228,1615.74228
6609,OP-25.001-0069,Реконструкция на Рогошко шосе,"Община Пловдив, област Пловдив",0.00000,0.00000,0.00000
6609,OP-25.001-0185,"Изграждане на обект/строеж: ""Тренировъчни спортни зали, заведение, обслужващи помещения и благоустрояване"", в УПИ IX-511.9586 спорт, общ. обсл. и ТП, кв. 77 – нов по плана на кв. ""Христо Смирненски"" – гр. Пловдив, идентичен с ПИ с ИД 56784.511.818 по КК на гр. Пловдив (стар XXXII-1169,1170 спортни и обсл. дейности и ТП по плана на жк ""Кишинев"", кв. 16, ПИ с ИД 56784.511.9586 по КК на гр. Пловдив)","Община Пловдив, област Пловдив",0.00000,0.00000,0.00000
6609,OP-25.001-0186,"Реконструкция на ул. ""Леденика""","Община Пловдив, област Пловдив",0.00000,0.00000,0.00000
6609,OP-24.001-0989,"Реконструкция на ул. ""Славянска"" в участъка от бул. ""Източен"" до ул. ""Лев Толстой""","Община Пловдив, област Пловдив",0.00000,0.00000,0.00000
6609,OP-25.001-0187,"Реконструкция на бул. ""Васил Априлов"" – източно платно от бул. ""6-ти септември"" до бул. ""Марица""","Община Пловдив, област Пловдив",1107.52491,0.00000,1107.52491
6609,OP-24.001-0990,"Реконструкция на ул. ""Генерал Колев"" в обхвата на ПИ с идентификатор 56784.511.9570 по КК и КР на гр. Пловдив, кв. ""Христо Смирненски"", гр. Пловдив, община Пловдив, от км +0,00 до км 0+480","Община Пловдив, област Пловдив",0.00000,0.00000,0.00000
6609,OP-25.001-0524,"Временна пътна връзка като продължение на бул. ""Македония"" от ул. ""Борис Шивачев"" до бул. ""Ал. Стамболийски""","Община Пловдив, област Пловдив",0.00000,0.00000,0.00000
6609,OP-25.001-0082,"Основен ремонт Кукленско шосе, последен етап","Община Пловдив, област Пловдив",0.00000,0.00000,0.00000
6609,OP-24.001-0987,"Изграждане на нова улична мрежа със свързваща инфраструктура на територията на район ""Тракия"" – община Пловдив – Северна улица ОК 278 – ОК 121, Пловдив – район ""Тракия""","Община Пловдив, област Пловдив",0.00000,0.00000,0.00000
6609,OP-25.001-0067,"Реконструкция на бул. ""Марица – север"" между бул. ""Цар Борис III Обединител"" до пешеходен мост над р. Марица","Община Пловдив, област Пловдив",0.00000,0.00000,0.00000
6609,OP-25.001-0066,"Ул. ""Иван Вазов"" – пешеходна","Община Пловдив, област Пловдив",0.00000,0.00000,0.00000
6609,OP-25.001-0180,"Изграждане на бул. ""Северен"" – етап II","Община Пловдив, област Пловдив",0.00000,0.00000,0.00000
6609,OP-25.001-0132,Изграждане на Географска информационна система на Пловдив,"Община Пловдив, област Пловдив",0.00000,0.00000,0.00000
6609,OP-25.001-0059,"Основен ремонт на ОУ ""Райна Княгиня"" – 4 241 226 лв., ОУ ""Димитър Талев"" – 5 940 000 лв., ОУ ""Яне Сандански"" – 5 922 000 лв.","Община Пловдив, област Пловдив",0.00000,0.00000,0.00000
6609,OP-25.001-0068,"Ремонт на Околовръстен път в ""Тракия""","Община Пловдив, област Пловдив",0.00000,0.00000,0.00000
6609,OP-25.001-0181,"Реконструкция на ул. ""Царевец"" в участъка от бул. ""Пещерско шосе"" до бул. ""Свобода"" – ЕТАП II","Община Пловдив, област Пловдив",0.00000,0.00000,0.00000
6609,OP-25.001-0182,"Реконструкция на улица ""Парк отдих и култура"" – продължение на бул. ""Шести септември"", в участъка от кръстовище с ул. ""Рая"" до кръстовище с бул. ""Пещерско шосе"", район ""Западен"", община Пловдив, гр. Пловдив в имоти публична общинска собственост","Община Пловдив, област Пловдив",0.00000,0.00000,0.00000
6609,OP-25.001-0060,"Нова детска градина в район ""Западен""","Община Пловдив, област Пловдив",0.00000,0.00000,0.00000
6609,OP-25.001-0133,Многофункционална спортна база ЕГ Пловдив,"Община Пловдив, област Пловдив",0.00000,0.00000,0.00000
6609,OP-25.001-0183,"Реконструкция на ул. ""Полет""","Община Пловдив, област Пловдив",0.00000,0.00000,0.00000
6609,OP-25.001-0061,"Нова детска градина в район ""Северен""","Община Пловдив, област Пловдив",0.00000,0.00000,0.00000
6609,OP-25.001-0184,"Реконструкция на ул. ""Любен Каравелов"" от бул. ""Васил Априлов"" до бул. ""Христо Ботев""","Община Пловдив, област Пловдив",0.00000,0.00000,0.00000
6609,OP-25.001-0063,"Основен ремонт СУ ""Цар Симеон Велики""","Община Пловдив, област Пловдив",0.00000,0.00000,0.00000
6609,OP-25.001-0065,"Нова ясла за 10 групи в район ""Южен""","Община Пловдив, област Пловдив",0.00000,0.00000,0.00000
6609,OP-25.001-0070,"Ясла за 8 групи в район ""Тракия""","Община Пловдив, област Пловдив",0.00000,0.00000,0.00000
6609,OP-25.001-0074,"Обновяване на общински зали за спорт за лека атлетика, волейбол и баскетбол","Община Пловдив, област Пловдив",0.00000,0.00000,0.00000
6609,OP-25.001-0081,"Нов физкултурен салон в училище ""Васил Петлешков""","Община Пловдив, област Пловдив",0.00000,0.00000,0.00000
6609,OP-25.001-0090,"Енергийно обновяване на зала за спорт по бокс, вдигане на тежести и джудо","Община Пловдив, област Пловдив",0.00000,0.00000,0.00000
6609,OP-25.001-0188,"Изготвяне на проектна документация за нов мост над р. Марица и изграждане на пътни връзки от и към бул. ""Марица – север"", вкл. бул. ""Марица – север"" от Лекси до съоръжението","Община Пловдив, област Пловдив",0.00000,0.00000,0.00000
6609,OP-25.001-0189,Изготвяне на проектна документация за изграждане на фуникуляр на Хълм на Освободителите,"Община Пловдив, област Пловдив",0.00000,0.00000,0.00000
6610,OP-24.001-0993,Рехабилитация на общински път PDV 1210/III-667/Първомай – Караджалово-граница общ. (Първомай-Димитровград)-Скобелево-Сталево-Ябълково/HKV1009/ – участък от км 3+440 до км 8+147,"Община Първомай, област Пловдив",0.00000,0.00000,0.00000
6610,OP-24.001-0994,"Реконструкция на ул. ""Малина"" в участъка от о.т. 343-342 до о.т. 506 и ул. ""Ал. Стамболийски"" в участъка от о.т. 477-469-468 до о.т. 432 и реконструкция на уличен водопровод по описаните участъци от улиците","Община Първомай, област Пловдив",2304.27734,0.00000,2304.27734
6610,OP-24.001-0995,"Рехабилитация и Реконструкция на УЛ. ""БРАТЯ МИЛАДИНОВИ – СЕВЕР"", ЕТАП 2, в участъка от ул. ""Х. Димитър"" (км 0+000) до ул. ""Софроний Врачански"" (км 1+930) в гр. Първомай, обл. Пловдив","Община Първомай, област Пловдив",0.00000,272.54262,272.54262
6610,OP-25.001-0525,"Реконструкция на общ. път PDV1213 Първомай-Б. река-Православен-Драгойново-Буково, в участъка от км 6+317,46 (локален км 0+000) до км 11+825 (локален км 5+507,55)","Община Първомай, област Пловдив",0.00000,0.00000,0.00000
6610,OP-25.001-0526,"Реконструкция ул. ""Княз Борис I"" в участъка от ул. ""Д. Благоев"" до ул. ""К. Честименски"", гр. Първомай","Община Първомай, област Пловдив",0.00000,0.00000,0.00000
6610,OP-25.001-0527,"Реконструкция ВиК мрежи по ул. ""Княз Борис I"" в участъка от ул. ""Д. Благоев"" до ул. ""К. Честименски"", гр. Първомай","Община Първомай, област Пловдив",0.00000,0.00000,0.00000
6611,OP-24.001-0997,"Изграждане на многофункционална спортна зала – ""Раковски"", гр. Раковски, община Раковски, област Пловдив; Първи етап ""Изграждане на многофункционална спортна зала""; Втори етап ""Изграждане на закрит плувен басейн""","Община Раковски, област Пловдив",6889.91595,0.00000,6889.91595
6611,OP-24.001-0996,"Реконструкция на част от уличната мрежа на гр. Раковски, община Раковски – нови подобекти: 1. ул. ""Пирин""; 2. ул. ""Гурко"", 3. ул. ""Средец"", 4. ул. ""Велико Търново"", 5. ул. ""Надежда"", 6. ул. ""Репин"", 7. ул. ""Тиса"", 8. ул. ""Победа"", 9. ул. ""Петко Славейков"", 10. ул. ""Искра"", 11. ул. ""Панагюрище"", с. Стряма, община Раковски, 12. ул. ""Георги Бенковски"" от о.т. 129 до о.т. 104, 13. ул. ""Люлин"" /Гл. клон ІV/, с. Белозем, община Раковски, 15. ул. ""Гусла"" /Клон І-22/","Община Раковски, област Пловдив",0.00000,0.00000,0.00000
6612,OP-24.001-0998,Реконструкция на водопроводна мрежа на село Белащица – първи етап,"Община ""Родопи"", област Пловдив",0.00000,0.00000,0.00000
6612,OP-24.001-2521,"Реконструкция на вътрешна водопроводна мрежа на с. Брестовица, община ""Родопи"", II етап – висока зона","Община ""Родопи"", област Пловдив",1258.61807,0.00000,1258.61807
6612,OP-24.001-1000,Главна и второстепенна канализационна мрежа в регулацията на с. Брани поле – първи етап – Главен колектор II,"Община ""Родопи"", област Пловдив",876.23362,0.00000,876.23362
6612,OP-24.001-1002,"Изграждане на игрище за футбол, волейбол, баскетбол, тенис корт, съблекалня, трибуна, паркоместа, с. Крумово","Община ""Родопи"", област Пловдив",1822.16189,0.00000,1822.16189
6612,OP-24.001-1001,Канализация с. Ягодово – Главна и второстепенна канализационна мрежа по улици в регулация – първи етап – Главен колектор I –актуализация,"Община ""Родопи"", област Пловдив",1713.24192,0.00000,1713.24192
6612,OP-25.001-0528,"Реконструкция и модернизация на съществуващ стадион, паркинг и нови обслужващи сгради в УПИ IV – спортен терен, кв. 46, с. Първенец","Община ""Родопи"", област Пловдив",0.00000,0.00000,0.00000
6612,OP-25.001-0529,Главна и второстепенна канализационна мрежа в регулацията на с. Брани поле – втори етап – Главен колектор IV и второстепенна канализационна мрежа,"Община ""Родопи"", област Пловдив",0.00000,0.00000,0.00000
6612,OP-24.001-0999,Канализация с. Цалапица – Главни колектори – актуализация на второстепенна канализационна мрежа по улици в регулация – І етап,"Община ""Родопи"", област Пловдив",0.00000,0.00000,0.00000
6612,OP-24.001-1004,"Основен ремонт на част от ул. ""Д. Благоев"", с. Брестник, подмяна на водопровод и изграждане на улична канализация","Община ""Родопи"", област Пловдив",0.00000,0.00000,0.00000
6612,OP-24.001-1006,"Реконструкция на вътрешна водопроводна мрежа на ул. ""Стадиона"", с. Марково, с осови точки 87, 90, 91а, 92 до осова точка 94, с. Марково, община ""Родопи""","Община ""Родопи"", област Пловдив",367.10482,0.00000,367.10482
6612,OP-24.001-1007,"Реконструкция и рехабилитация на участък от ул. ""Кирил и Методий"" от кръстовище с ул. ""Тракия"" при км 0+000 до кръстовище с ул. ""Цар Самуил"" при км 0+180 с приблизителна дължина 180 м, с. Марково","Община ""Родопи"", област Пловдив",298.59154,0.00000,298.59154
6612,OP-24.001-1005,"Изграждане на подпорна стена, укрепваща ул. ""Крайречна"" между осови точки 160-161-162 по регулационния план на село Устина, община ""Родопи""","Община ""Родопи"", област Пловдив",321.58252,0.00000,321.58252
6612,OP-25.001-0530,"Основен ремонт на ул. ""Ал. Стамболийски"" – запад, с. Цалапица – възстановяване на закрит отводнителен канал, община ""Родопи"" – II-ри етап","Община ""Родопи"", област Пловдив",0.00000,0.00000,0.00000
6612,OP-25.001-0531,"Реконструкция на вътрешна водопроводна мрежа на с. Брестовица, община ""Родопи"", II-ри етап – висока зона, пътни настилки","Община ""Родопи"", област Пловдив",0.00000,0.00000,0.00000
6613,OP-24.001-1008,"Рехабилитация и реконструкция на част от общински път PDV 1272 жп гара Чешнегирово – с. Чешнегирово – гр. Садово, преминаващ през територията на гр. Садово и с. Чешнегирово","Община Садово, област Пловдив",0.00000,0.00000,0.00000
6613,OP-24.001-2069,"Ремонт и реконструкция на общински улици на територията на община Садово, област Пловдив","Община Садово, област Пловдив",0.00000,0.00000,0.00000
6613,OP-25.001-0193,"Реконструкция на централен парк в УПИ I-903, градина в кв. 30, село Катуница, община Садово","Община Садово, област Пловдив",0.00000,0.00000,0.00000
6613,OP-24.001-2070,"Ремонт и реконструкция на уличните мрежи в селата Селци, Богданица и Ахматово","Община Садово, област Пловдив",0.00000,0.00000,0.00000
6613,OP-24.001-2071,"Ремонт и реконструкция на уличните мрежи в селата Селци, Богданица и Ахматово","Община Садово, област Пловдив",0.00000,0.00000,0.00000
6614,OP-24.001-2522,"Инженеринг – проектиране, строителство и авторски надзор на обект: Реконструкция на ВВМ на гр. Стамболийски – 1 етап","Община Стамболийски, област Пловдив",0.00000,0.00000,0.00000
6614,OP-24.001-1012,"Реконструкция на водопроводната мрежа на с. Йоаким Груево, община Стамболийски, по улици: 1. улица 2 (о.т. 28 – о.т. 120) 2. улица 3 (о.т. 17 – о.т. 51) 3. улица 4 (о.т. 15 – о.т. 112) 4. улица 5 (о.т. 18 – о.т. 58) 5. улица 6 (о.т. 3 – о.т. 61) 6. улица 7 (о.т. 63 – о.т. 77) 7. улица 9 (о.т. 8 – о.т. 65) 8. улица 10 (о.т. 58 – о.т. 62) 9. улица 11 (о.т. 5 – о.т. 9) 10. улица 12 (о.т. 4 – о.т. 10) 11. улица 13 (о.т. 11 – о.т. 60) 12. улица 14 (о.т. 12 – о.т. 13) 13. улица 19 (о.т. 100 – о.т. 87) 14. улица 24 (о.т. 83 – о.т. 90) 15. улица 25 (о.т. 14 – о.т. 15) 16. улица 29 (о.т. 26 – о.т. 21)","Община Стамболийски, област Пловдив",0.00000,0.00000,0.00000
6614,OP-24.001-2523,"Инженеринг – проектиране, строителство и авторски надзор за обект – Основен ремонт на градски пазар – гр. Стамболийски","Община Стамболийски, област Пловдив",0.00000,0.00000,0.00000
6614,OP-24.001-1015,"Реконструкция на ул. ""Перущица"" в участъка от кръговото кръстовище с бул. ""Васил Левски"" до ул. ""Цар Симеон"" – град Стамболийски","Община Стамболийски, област Пловдив",864.43191,0.00000,864.43191
6614,OP-24.001-1016,"Основен ремонт и модернизация на спортна зала ""Тракия"", гр. Стамболийски","Община Стамболийски, област Пловдив",0.00000,0.00000,0.00000
6614,OP-24.001-1013,Изграждане на довеждащ колектор с канализационна помпена станция (КПС) за с. Куртово Конаре,"Община Стамболийски, област Пловдив",0.00000,0.00000,0.00000
6614,OP-24.001-2073,"Изработване на технически проект за реконструкция на ул. ""Марица"", гр. Стамболийски","Община Стамболийски, област Пловдив",0.00000,0.00000,0.00000
6614,OP-24.001-2076,Изработване на технически проект за изграждане на демонстрационен туристически център с. Куртово Конаре,"Община Стамболийски, област Пловдив",0.00000,0.00000,0.00000
6614,OP-25.001-0532,Реконструкция на водопроводна мрежа по улици в с. Ново село,"Община Стамболийски, област Пловдив",0.00000,0.00000,0.00000
6614,OP-24.001-1014,"Изпълнение на строително-монтажни работи на обект: ""Канализация и водопровод, кв. 170, кв. 171 по плана на град Стамболийски""","Община Стамболийски, област Пловдив",0.00000,0.00000,0.00000
6615,OP-24.001-1017,Основен ремонт (рехабилитация) на път: PDV 2340 /ІІІ-6062/ Съединение – Голям Чардак /ІІІ-606/ от км 0+000 до км 8+185,"Община Съединение, област Пловдив",7133.75018,0.00000,7133.75018
6615,OP-24.001-1018,"Реконструкция и рехабилитация на част от водопроводна мрежа в с. Царимир, община Съединение, област Пловдив","Община Съединение, област Пловдив",0.00000,0.00000,0.00000
6615,OP-24.001-2685,"Основен ремонт на път PDV-1342 ""/III – 6062/ Съединение – Найден Герово – Драгомир"" от км 0+000 до км 11+515, включително кръстовище с път PAZ – 2123","Община Съединение, област Пловдив",0.00000,0.00000,0.00000
6615,OP-24.001-2686,"Основен ремонт на път PAZ – 2123 ""/ІІІ – 8003/ Черногорово – Тополи дол – граница община (Пазарджик – Съединение) – Драгомир /PDV1342/"" от км 10+125 до км 12+250","Община Съединение, област Пловдив",0.00000,0.00000,0.00000
6616,OP-24.001-1019,"Допълнително водоснабдяване на с. Кръстевич, община Хисаря, от сондажен кладенец","Община Хисаря, област Пловдив",1284.86150,0.00000,1284.86150
6616,OP-24.001-1020,"Реконструкция на питеен водопровод, преминаващ успоредно на трасето на напорен водопровод от нов сондажен кладенец по улици с о.т. 126, 53, 51, 2, 85а, 80, 76, до ПИ 40333.113.23 по плана на с. Кръстевич, община Хисаря","Община Хисаря, област Пловдив",0.00000,0.00000,0.00000
6616,OP-24.001-2077,"Реконструкция и благоустрояване, вкл. подмяна на улични водопроводи и сградни водопроводни отклонения на улици в кв. ""Веригово"" и в кв. ""Момина баня"", гр. Хисаря","Община Хисаря, област Пловдив",0.00000,0.00000,0.00000
6616,OP-24.001-1624,"Реконструкция и благоустройство на ул. ""Васил Левски"", гр. Хисаря, в участъка от о.т. 34 до о.т. 237 (от моста при Беш бунар дере до паркинга на стадион ""Крепост""); реконструкция и благоустройство на ул. ""Шейново"", гр. Хисаря, в участъка от 197г – 197в – 61а – 86 (включва неблагоустроената част от ул. ""Шейново"" и алеята покрай парк ""Летен театър""); реконструкция и благоустрояване на ул. от о.т. 122, 121, 120, 119, 118, 81 до о.т. 82, по регулационния план на кв. ""Момина баня"", гр. Хисаря, община Хисаря","Община Хисаря, област Пловдив",0.00000,0.00000,0.00000
6617,OP-24.001-2525,"Нова сграда за детска ясла с млечна кухня – част от ДГ ""Приятели"" в УПИ I-166, 167 социални дейности, детски ясли и детска градина от кв. 69 по плана на гр. Куклен","Община Куклен, област Пловдив",0.00000,0.00000,0.00000
6617,OP-24.001-0973,"Реконструкция, ремонт, оборудване и обзавеждане на триетажна сграда ""стара сграда – висока част"" към СУ ""Отец Паисий""","Община Куклен, област Пловдив",0.00000,0.00000,0.00000
6617,OP-24.001-0974,Реконструкция и рехабилитация на улична мрежа в гр. Куклен,"Община Куклен, област Пловдив",1270.16758,0.00000,1270.16758
6617,OP-24.001-0972,"Изграждане на канализация на гр. Куклен, ПОДОБЕКТ: канали с № 69, 108, 109, 86‘ и 86","Община Куклен, област Пловдив",0.00000,0.00000,0.00000
6617,OP-24.001-2526,"Нов път КЦМ с приблизителна дължина 700 м, засягащ ПИ с идентификатори: 40467.11.539; 40467.11.499; 40467.11.447; 40467.11.394; 40467.11.386; 40467.11.382; 40467.11.384","Община Куклен, област Пловдив",0.00000,0.00000,0.00000
6618,OP-24.001-1009,Преустройство на централен площад и парк на гр. Сопот – ЕТАП 2,"Община Сопот, област Пловдив",0.00000,0.00000,0.00000
6618,OP-25.001-0533,"Инженеринг на обект ""Благоустрояване на междублокови пространства в ж.к. ""Сарая"", гр. Сопот""","Община Сопот, област Пловдив",0.00000,0.00000,0.00000
6618,OP-24.001-1010,"Изграждане на нов преливник на Главен колектор I от канализационната мрежа на гр. Сопот във връзка с констатирани нарушени експлоатационни характеристики на част от съоръженията на мрежата преди изпълнението на обект: ""Ремонт на ул. ""Христо Ботев"" в участъка от ул. ""Трети март"" до кръстовище с ул. в ПИ 68080.27.521"" и ""Ремонт на улица в ПИ 68080.27.521 от кръстовище с ул. ""Христо Ботев"" до SKF Bearings Bulgaria EAD"", гр. Сопот","Община Сопот, област Пловдив",0.00000,0.00000,0.00000
6618,OP-25.001-0534,"Инженеринг на обект ""Реконструкция на тротоари по протежението на ул. ""Иван Вазов"", гр. Сопот""","Община Сопот, област Пловдив",0.00000,0.00000,0.00000
6618,OP-25.001-0535,"Ремонт на сграда предоставяща обществени услиги с адрес ""Иван Вазов"" 14 – проектиране и изпълнение на СМР","Община Сопот, област Пловдив",0.00000,0.00000,0.00000
6618,OP-24.001-1011,"Ремонт на сграда на сектор ""Местни данъци и такси""","Община Сопот, област Пловдив",266.10582,0.00000,266.10582
6618,OP-25.001-0536,Инженеринг – Многофункционално спортно игрище в ПИ 68080.502.826,"Община Сопот, област Пловдив",0.00000,0.00000,0.00000
6618,OP-25.001-0537,Инженеринг – Изграждане на спортно игрище за футбол в ПИ 68080.502.1555,"Община Сопот, област Пловдив",0.00000,0.00000,0.00000
6618,OP-25.001-0538,Проектиране и изграждане на паркинг в ПИ 68080.501.106,"Община Сопот, област Пловдив",0.00000,0.00000,0.00000
6618,OP-25.001-0539,"Изготвяне на технически проект и упражняване на авторски надзор за обект ""Основен ремонт и въвеждане на мерки за ЕЕ на сграда на ул. ""Иван Вазов"" 53, гр. Сопот""","Община Сопот, област Пловдив",0.00000,0.00000,0.00000
6701,OP-24.001-2912,"Внедряване на мерки за енергийна ефективност в ДГ ""Слънчо"", гр. Завет","Община Завет, област Разград",0.00000,0.00000,0.00000
6701,OP-24.001-1021,"Основен ремонт и енергоефективна рехабилитация на читалища в община Завет, подобект ""Основен ремонт и енергоефективна рехабилитация на НЧ ""Саморазвитие 1902 г."", гр. Завет","Община Завет, област Разград",530.14846,0.00000,530.14846
6701,OP-24.001-1022,"Основен ремонт и енергоефективна рехабилитация на читалища в община Завет, подобект ""Основен ремонт и енергоефективна рехабилитация на НЧ ""Христо Ботев 1913"" в с. Прелез, община Завет","Община Завет, област Разград",467.00923,0.00000,467.00923
6701,OP-24.001-1023,"Рехабилитация на път RAZ 3001 /III-205, Исперих – Веселец/ – Иван Шишманово/ – III-205","Община Завет, област Разград",547.78811,0.00000,547.78811
6701,OP-24.001-2916,"Изготвяне на инвестиционен проект за реконструкция на улични водопроводи и сградни водопроводни отклонения в с. Брестовене, община Завет","Община Завет, област Разград",0.00000,0.00000,0.00000
6701,OP-24.001-2915,"Изготвяне на инвестиционен проект за реконструкция на улични водопроводи и сградни водопроводни отклонения в с. Острово, община Завет","Община Завет, област Разград",0.00000,0.00000,0.00000
6701,OP-24.001-2914,"Изготвяне на инвестиционен проект за реконструкция на довеждащ водопровод от ВС ""Воден"" в района на с. Острово, община Завет","Община Завет, област Разград",0.00000,0.00000,0.00000
6701,OP-24.001-2913,"Изготвяне на инвестиционен проект за реконструкция на довеждащ водопровод от ВС ""Воден"" в района на гр. Завет, община Завет","Община Завет, област Разград",0.00000,0.00000,0.00000
6702,OP-24.001-1024,"Основен ремонт, модернизиране и внедряване на интелигентно управление на уличното осветление на 24 населени места на територията на община Исперих","Община Исперих, област Разград",0.00000,0.00000,0.00000
6702,OP-24.001-1025,"Рехабилитация на улична мрежа гр. Исперих, ПОДОБЕКТ улица ""Лудогорие""","Община Исперих, област Разград",2316.38796,0.00000,2316.38796
6702,OP-24.001-1026,"Рехабилитация на улична мрежа гр. Исперих, ПОДОБЕКТ улица ""Васил Левски"" – II и III етап","Община Исперих, област Разград",752.01832,415.05048,1167.06880
6702,OP-24.001-1027,Рехабилитация и ремонт на централна градска част – гр. Исперих,"Община Исперих, област Разград",1002.53124,0.00000,1002.53124
6702,OP-25.001-0540,"Рехабилитация на уличната мрежа в населени места на територията на община Исперих: с. Драгомъж – ул. ""Захари Стоянов"", ул. ""Елин Пелин"", ул. ""Иван Кръстев"", ул. ""Йордан Йовков"", ул. ""Димитър Полянов"" и ул. ""Борис Савов""; с. Вазово – ул. ""Дунав""; с. Китанчево – ул. ""Гео Милев""","Община Исперих, област Разград",0.00000,0.00000,0.00000
6702,OP-24.001-2079,"Основен ремонт на ул. ""Ангел Кънчев"" от о.т. 509 до о.т. 544 и ул. ""Втора"" от о.т. 525 до о.т. 531, Промишлена зона – гр. Исперих","Община Исперих, област Разград",0.00000,0.00000,0.00000
6702,OP-24.001-2078,"Основен ремонт на ул. ""Арда"" от о.т. 78 до о.т. 6, гр. Исперих","Община Исперих, област Разград",0.00000,0.00000,0.00000
6702,OP-24.001-2527,"Благоустрояване на УПИ I-9631, кв. 70 по плана на гр. Исперих","Община Исперих, област Разград",0.00000,0.00000,0.00000
6703,OP-24.001-1029,"Основен ремонт на общински път RAZ1063/II – 49, Топчии – Кубрат/Каменово – Равно – Граница общ. (Кубрат – Ветово) – /III – 2003/","Община Кубрат, област Разград",0.00000,0.00000,0.00000
6703,OP-24.001-1030,"ОСНОВЕН РЕМОНТ НА УЛ. ""СТЕФАН КАРАДЖА"", ГР. КУБРАТ; ОСНОВЕН РЕМОНТ НА УЛ. ""КОЗЛОДУЙ"", ОСНОВЕН РЕМОНТ НА УЛ. ""КАМЧИЯ"", ГР. КУБРАТ, ОСНОВЕН РЕМОНТ НА УЛ. ""ЕКЗАРХ ЙОСИФ"", ГР. КУБРАТ, ОСНОВЕН РЕМОНТ НА УЛ. ""ДУНАВ"", ГР. КУБРАТ, ОСНОВЕН РЕМОНТ НА УЛ. ""ХРИСТО БОТЕВ"", ГР. КУБРАТ, ОСНОВЕН РЕМОНТ НА УЛ. ""СРЕБЪРНА"", С. ЗВЪНАРЦИ, ОБЩИНА КУБРАТ, УЛ. ""ЛЮЛИН"", С. ЗВЪНАРЦИ, ОБЩИНА КУБРАТ, ОСНОВЕН РЕМОНТ НА УЛ. ""ОПЪЛЧЕНСКА"", С. ЮПЕР, ОБЩИНА КУБРАТ, ОСНОВЕН РЕМОНТ НА УЛ. ""ИВАН ВАЗОВ"", С. РАВНО, ОБЩИНА КУБРАТ, ОСНОВЕН РЕМОНТ НА УЛ. ""ЗДРАВЕЦ"", С. САВИН","Община Кубрат, област Разград",0.00000,0.00000,0.00000
6703,OP-24.001-1031,"Ремонт и въвеждане на мерки за енергийна ефективност в детска градина ""Пролет"", с. Севар, община Кубрат","Община Кубрат, област Разград",1182.63767,0.00000,1182.63767
6703,OP-24.001-1032,"Основен ремонт на общински път RAZ1062 /II – 49/ Кубрат – Севар – Граница общ. (Кубрат – Завет) – Прелез – /III – 4902/ – участък от 700 м, включително и укрепване на насип","Община Кубрат, област Разград",0.00000,0.00000,0.00000
6703,OP-24.001-1033,"Основен ремонт на тротоарни площи по протежение на ул. ""Трапезица"" в с. Каменово","Община Кубрат, област Разград",0.00000,0.00000,0.00000
6704,OP-24.001-1034,"Реконструкция на водопроводната мрежа на с. Синя вода, община Лозница – с етапно изграждане и въвеждане в експлоатация при условията на чл. 152, ал. 2 от ЗУТ като Първи етап – главни клонове I, II, III и IV и съоръженията към тях, всички второстепенни клонове от зона 1 на разпределителната мрежа /от клон 1 до клон 27/, всички връзки за връзка на главните клонове от зона 2 на съществуващата мрежа. Втори етап – второстепенни клонове в зона 2 /от клон 28 до клон 47/","Община Лозница, област Разград",0.00000,479.45451,479.45451
6704,OP-24.001-2080,"Рехабилитация на път RAZ 2080 /І-2, Разград – Веселина/ – Каменар – /III-206/ от км 1+790 до км 4+100 Каменар – Пороище","Община Лозница, област Разград",0.00000,0.00000,0.00000
6704,OP-24.001-2917,"Паркоустрояване, благоустрояване и подобряване на физическата среда на междублоково пространство в кв. 54, гр. Лозница","Община Лозница, област Разград",0.00000,0.00000,0.00000
6704,OP-24.001-2081,Основен ремонт на общински път RAZ 1092 /RAZ1088/ Лозница – Манастирци – граница общ. (Лозница – Търговище) – Макариополско /III-5102 от км 5+500 до км 6+400/,"Община Лозница, област Разград",0.00000,0.00000,0.00000
6704,OP-24.001-2082,"Рехабилитация на път RAZ 1089/II-49 Трапище – Разград/ – Сейдол, граница общ. /Лозница – Търговище/ от км 3+820 до км 4+400 Сейдол – Миладиновци","Община Лозница, област Разград",0.00000,0.00000,0.00000
6704,OP-24.001-2918,"Паркоустрояване, благоустрояване и подобряване на физическата среда на междублоково пространство в кв. 43, гр. Лозница","Община Лозница, област Разград",0.00000,0.00000,0.00000
6704,OP-24.001-2919,"Паркоустрояване, благоустрояване и подобряване на физическата среда на междублоково пространство в кв. 34, гр. Лозница","Община Лозница, област Разград",0.00000,0.00000,0.00000
6704,OP-24.001-2920,"Паркоустрояване, благоустрояване и подобряване на физическата среда на зелено пространство с детски кът в кв. 88, гр. Лозница","Община Лозница, област Разград",0.00000,0.00000,0.00000
6705,OP-24.001-1035,Ремонт и доизграждане коритото на река Бели Лом в регулацията на гр. Разград,"Община Разград, област Разград",0.00000,0.00000,0.00000
6705,OP-24.001-1037,Ремонт/рехабилитация на път RAZ 2110/RAZ 1113 o.п. Разград – Дянково/ж.п. прелез Ясеновец – /III-205/,"Община Разград, област Разград",1423.07296,0.00000,1423.07296
6705,OP-24.001-1039,"Реконструкция на ул. ""Странджа"" и прилежащите кръстовища в гр. Разград – Трети участък от ул. ""Странджа""","Община Разград, област Разград",772.48124,0.00000,772.48124
6705,OP-24.001-1040,Инвестиционен проект в работна фаза за реконструкция на съществуващата пречиствателна станция за отпадъчни води в гр. Разград,"Община Разград, област Разград",0.00000,0.00000,0.00000
6705,OP-24.001-1041,Ремонт на общински път RAZ 1111/III-204 Разград – Благоево/ – граница общ. (Разград – Попово) – Еленово – Дриново /III-204/,"Община Разград, област Разград",779.20000,0.00000,779.20000
6705,OP-24.001-2921,"Изграждане на социални жилища за настаняване на малцинствени и социално слаби групи в кв. ""Орел"", отговарящи на съвременните хигиенни изисквания, УПИ VIII, кв. 805 по плана на гр. Разград, ПИ с идентификатор 61710.504.6397 по КККР на гр. Разград, Подобект: Типова сграда 1, 2, 3, 4","Община Разград, област Разград",0.00000,0.00000,0.00000
6705,OP-24.001-2924,Изготвяне на инвестиционен проект за реконструкция на улични водопроводи и сградни водопроводни отклонения в гр. Разград,"Община Разград, област Разград",0.00000,0.00000,0.00000
6705,OP-25.001-0541,Основен ремонт на улици в населените места на територията на община Разград,"Община Разград, област Разград",0.00000,0.00000,0.00000
6705,OP-24.001-2922,"Изграждане на съвременна градска среда, образователна и социална инфраструктура в гр. Разград гаранция за интегрирано градско развитие, подобект: Благоустрояване и паркоустрояване междублокови пространства в ж.к. ""Житница"" – кв. 54, гр. Разград","Община Разград, област Разград",0.00000,0.00000,0.00000
6705,OP-24.001-2923,"Основен ремонт на път RAZ 3121/II-49, Манастирско – Разград/ – гробищен парк – депо СО, гр. Разград","Община Разград, област Разград",0.00000,0.00000,0.00000
6705,OP-24.001-2925,"Основен ремонт на улица ""Силистра"", гр. Разград","Община Разград, област Разград",0.00000,0.00000,0.00000
6705,OP-24.001-2927,"Основен ремонт на улица ""Добруджа"", гр. Разград","Община Разград, област Разград",0.00000,0.00000,0.00000
6705,OP-24.001-2931,"Основен ремонт на улица ""Гвардейска"", гр. Разград","Община Разград, област Разград",0.00000,0.00000,0.00000
6705,OP-24.001-2926,"Изготвяне на инвестиционен проект за реконструкция на улични водопроводи и сградни водопроводни отклонения в с. Ясеновец, община Разград","Община Разград, област Разград",0.00000,0.00000,0.00000
6705,OP-24.001-2928,"Изготвяне на инвестиционен проект за реконструкция на улични водопроводи и сградни водопроводни отклонения в с. Гецово, община Разград","Община Разград, област Разград",0.00000,0.00000,0.00000
6705,OP-24.001-2929,"Изготвяне на инвестиционен проект за реконструкция на улични водопроводи и сградни водопроводни отклонения в с. Осенец, община Разград","Община Разград, област Разград",0.00000,0.00000,0.00000
6705,OP-24.001-2930,"Изготвяне на инвестиционен проект за реконструкция на улични водопроводи и сградни водопроводни отклонения в с. Мортагоново, община Разград","Община Разград, област Разград",0.00000,0.00000,0.00000
6705,OP-24.001-2933,"Основен ремонт на улица ""Мачин"", гр. Разград","Община Разград, област Разград",0.00000,0.00000,0.00000
6705,OP-24.001-2934,"Основен ремонт на улица ""Ропотамо"", гр. Разград","Община Разград, област Разград",0.00000,0.00000,0.00000
6705,OP-24.001-2932,"Изготвяне на инвестиционен проект за реконструкция на улични водопроводи и сградни водопроводни отклонения в с. Стражец, община Разград","Община Разград, област Разград",0.00000,0.00000,0.00000
6705,OP-25.001-0542,Реконструкция и модернизация на Колодрум в градски парк в гр. Разград,"Община Разград, област Разград",0.00000,0.00000,0.00000
6705,OP-25.001-0543,Проект за изграждане на велоалея Разград – Гецово,"Община Разград, област Разград",0.00000,0.00000,0.00000
6705,OP-25.001-0544,Уличен водопровод до Нов гробищен парк в гр. Разград,"Община Разград, област Разград",0.00000,0.00000,0.00000
6706,OP-24.001-1042,Реконструкция и подмяна на вътрешна водопроводна мрежа в селата Желязковец и Самуил – Първи етап: Изпълнение на клонове от клон 1 до клон 16 за село Желязковец,"Община Самуил, област Разград",0.00000,0.00000,0.00000
6706,OP-24.001-1043,"Рехабилитация на път RAZ 2144 /III – 2005, Ножарово – Здравец/Владимировци – Кара Михал – Голяма вода/III – 7002/ в участъка от края с. Кара Михал до началото на с. Голяма вода, с дължина до 2000 м","Община Самуил, област Разград",0.00000,0.00000,0.00000
6706,OP-24.001-2084,Ремонтно-възстановителни работи за напорен тръбопровод от дълбок сондаж Р-137Х в землището на с. Желязковец до водоема на с. Самуил,"Община Самуил, област Разград",0.00000,0.00000,0.00000
6706,OP-24.001-2083,"Ремонтно-възстановителни работи за напорен тръбопровод с дължина 1780 м от ПС Голям извор до напорен резервоар – Самуил, трети подем","Община Самуил, област Разград",0.00000,0.00000,0.00000
6707,OP-24.001-1044,"Реконструкция и рехабилитация на общински пътища в община Цар Калоян, подобект: Път RAZ1162 от км 0+000 до км 1+733,50 село Езерче, дължина 1733,50 м","Община Цар Калоян, област Разград",0.00000,0.00000,0.00000
6707,OP-24.001-1045,"Подпорна стена на ляв бряг на р. Турлашки Лом, укрепваща ул. ""Цар Иван Асен"" от ул. ""Кирил и Методий"" до ул. ""Генерал Скобелев"", гр. Цар Калоян, община Цар Калоян","Община Цар Калоян, област Разград",0.00000,0.00000,0.00000
6707,OP-24.001-1046,"Реконструкция и рехабилитация на част от улична мрежа в гр. Цар Калоян и село Езерче. Подобект: Улица ""Черно море"", гр. Цар Калоян","Община Цар Калоян, област Разград",0.00000,0.00000,0.00000
6707,OP-25.001-0034,"Реконструкция на водопроводна мрежа в с. Езерче, община Цар Калоян – Етап 2","Община Цар Калоян, област Разград",0.00000,0.00000,0.00000
6707,OP-24.001-2935,"Подпорна стена, укрепваща ул. ""Цар Иван Асен"" от ул. ""Генерал Скобелев"" до ул. ""Пенчо Хинков"", гр. Цар Калоян, община Цар Калоян, област Разград","Община Цар Калоян, област Разград",0.00000,0.00000,0.00000
6707,OP-24.001-2936,"Изграждане на дом на пенсионера и инвалида в УПИ IX-216, кв. 58, ПИ 27156.501.161, с. Езерче, община Цар Калоян","Община Цар Калоян, област Разград",0.00000,0.00000,0.00000
6801,OP-24.001-2085,"Инженеринг – изготвяне на инвестиционен проект, упражняване на авторски надзор и извършване на строително-ремонтни дейности на обект: ""Реконструкция и рехабилитация на улични водопроводи с разваляне и възстановяване на съществуваща настилка в с. Брестовица""","Община Борово, област Русе",1169.10000,0.00000,1169.10000
6801,OP-24.001-1047,"Реконструкция и рехабилитация на участък от общински път RSE 2002 – /I – 5, Тръстеник – Бяла/ – Екзарх Йосиф – /","Община Борово, област Русе",0.00000,0.00000,0.00000
6801,OP-24.001-1048,"Основен ремонт, реконструкция и смяна на предназначението от ""Работническа поликлиника"" на ""Център за резидентна грижа за лица в надтрудоспособна възраст без увреждания"", ""Общностен център за ранно детско развитие"", ""Домашен социален патронаж"" и гаражен комплекс към него в сгради с идентификатори 05611.1.1434.1, 05611.1.1434.2 и 05611.1.1434.3, находящи се в УПИ I-1434, кв. 36 по плана на гр. Борово, община Борово, с адрес: ул. ""Белите брези"" № 2. ЕТАП 2: Основен ремонт, реконструкция и смяна на предназначението от ""Работническа поликлиника"" на ""Домашен социален патронаж"" и гаражен комплекс към него в сгради с идентификатори 05611.1.1434.2 и 05611.1.1434.3, находящи се в УПИ I-1434, кв. 36 по плана на гр. Борово, община Борово, с адрес: ул. ""Белите брези"" № 2","Община Борово, област Русе",0.00000,0.00000,0.00000
6801,OP-24.001-1049,"Инженеринг (проектиране, строителство и авторски надзор), включващ реконструкция и рехабилитация на улични водопроводи с разваляне и възстановяване на асфалтовата настилка в гр. Борово","Община Борово, област Русе",1177.99832,0.00000,1177.99832
6801,OP-24.001-1050,"Енергийна ефективност на сграда на общинска администрация с ПИ 05611.1.516.1, намираща се в парцел I, кв. 31, град Борово, общ. Борово","Община Борово, област Русе",0.00000,0.00000,0.00000
6801,OP-25.001-0545,"Открит басейн с обслужващи помещения и заведение за хранене и развлечение в УПИ I-1589, кв. 34а по плана на гр. Борово, община Борово","Община Борово, област Русе",0.00000,0.00000,0.00000
6802,OP-24.001-1052,Реконструкция на участък от общински път RSE1003,"Община Бяла, област Русе",0.00000,0.00000,0.00000
6802,OP-24.001-1055,Разширяване на съществуваща многофункционална спортна зала и изграждане на тренировъчна база в гр. Бяла,"Община Бяла, област Русе",0.00000,0.00000,0.00000
6802,OP-24.001-1053,Реконструкция на участък от общински път RSE1003,"Община Бяла, област Русе",978.59664,0.00000,978.59664
6802,OP-24.001-1056,"Реновиране на съществуващи и изграждане на нови подпорни стени, възстановяване на основи на мостови съоръжения, почистване и облагородяване на поречието на река Беленска, град Бяла, област Русе","Община Бяла, област Русе",853.08976,0.00000,853.08976
6802,OP-24.001-1057,"Възстановяване проводимостта на речното корито на р. Шипа в границите на с. Дряновец, обл. Русе","Община Бяла, област Русе",0.00000,0.00000,0.00000
6802,OP-24.001-1054,"Реконструкция на водопроводна мрежа в село Босилковци, община Бяла, област Русе","Община Бяла, област Русе",0.00000,0.00000,0.00000
6802,OP-24.001-1059,Ремонт на административната сграда на Община Бяла в гр. Бяла с цел подобряване на енергийна ефективност и повишаване качеството на предлаганите административни услуги,"Община Бяла, област Русе",0.00000,0.00000,0.00000
6802,OP-25.001-0547,"Изграждане на нова паркова и къмпингова зона в ПИ 07603.910.884 в землището на гр. Бяла, общ. Бяла, обл. Русе","Община Бяла, област Русе",0.00000,0.00000,0.00000
6802,OP-25.001-0548,Реконструкция на участък от общински път RSE2020,"Община Бяла, област Русе",0.00000,0.00000,0.00000
6802,OP-25.001-0546,"Благоустрояване и обновяване на градски парк – част от УПИ XXVI в кв. 40 по плана на гр. Бяла, обл. Русе","Община Бяла, област Русе",0.00000,0.00000,0.00000
6802,OP-24.001-1058,"Реконструкция, паркоустройство и благоустройство на пл. ""Екзарх Йосиф I"" в гр. Бяла","Община Бяла, област Русе",0.00000,0.00000,0.00000
6803,OP-25.001-0549,"Реконструкция и рехабилитация на ул. ""Драва"" и част от ул. ""Бачо Киро"", град Глоджево, община Ветово","Община Ветово, област Русе",0.00000,0.00000,0.00000
6803,OP-25.001-0079,"Реконструкция и рехабилитация на общински път RSE 3053/RSE 2052 – Сеново – Цар Калоян/Кривня – жп гара Кривня/ – от път RSE 2052 до края на регулацията на с. Кривня, община Ветово, област Русе","Община Ветово, област Русе",1981.91350,0.00000,1981.91350
6803,OP-24.001-2086,"Рехабилитация и реконструкция на улица ""Генерал Владимир Заимов"", гр. Глоджево, общ. Ветово","Община Ветово, област Русе",1025.28567,0.00000,1025.28567
6803,OP-24.001-2087,"Рехабилитация и реконструкция на улица ""Иван Вазов"", град Ветово, община Ветово, област Русе","Община Ветово, област Русе",767.85287,0.00000,767.85287
6803,OP-24.001-1060,"Рехабилитация и реконструкция на улица ""Съединение"" от км 0+000 до км 0+510,00 и от км 0+510,00 до км 1+530,00, град Ветово, община Ветово, област Русе","Община Ветово, област Русе",577.49000,0.00000,577.49000
6803,OP-25.001-0550,"Изграждане на нови тротоари по ул. ""Трети март"" и ул. ""Христо Ботев"" в гр. Сеново, община Ветово","Община Ветово, област Русе",0.00000,0.00000,0.00000
6803,OP-24.001-1063,"Реконструкция и основен ремонт на съществуващо спортно игрище, находящо се в УПИ ІІ, кв. 44 по плана на град Сеново, община Ветово, област Русе","Община Ветово, област Русе",270.28137,0.00000,270.28137
6803,OP-24.001-2088,"Рехабилитация и реконструкция на улица ""Георги Сава Раковски"" и част от улица ""Васил Друмев"", град Ветово, община Ветово, област Русе","Община Ветово, област Русе",44.30626,0.00000,44.30626
6804,OP-24.001-1064,"Обект 1: Подобект 1.1: ""Рехабилитация и/или реконструкция на участъци от общински път RSE 1082 /П.К. RSE 1005/ – Баниска/TGV1137, община Две могили – Участък 1: Общински път RSE 1082 от П.К. с път RSE 1005 до П.К. с път RSE 2006","Община Две могили, област Русе",1586.30000,0.00000,1586.30000
6804,OP-24.001-2937,"Благоустрояване на тротоарно пространство и зелени площи пред сградата на Община Две могили в поземлен имот с идентификатор 20184.1.1033 и зелени площи в поземлени имоти с идентификатори 20184.1.2863, 20184.1.2621 по плана на гр. Две могили, община Две могили, област Русе","Община Две могили, област Русе",0.00000,0.00000,0.00000
6804,OP-24.001-1065,"Реконструкция и/или рехабилитация на улици в гр. Две могили, община Две могили, област Русе"" – ул. ""Св. св. Кирил и Методий"" с обхват от бул. ""България"" (РП III-501) до ул. ""Цар Освободител""","Община Две могили, област Русе",0.00000,0.00000,0.00000
6804,OP-24.001-2089,"Реконструкция и/или рехабилитация на улици и тротоари и ремонт и/или изграждане на улично/парково осветление в гр. Две могили, община Две могили, област Русе","Община Две могили, област Русе",0.00000,0.00000,0.00000
6804,OP-25.001-0551,"Подмяна на водопровод по бул. ""България"" в гр. Две могили, община Две могили, обл. Русе","Община Две могили, област Русе",0.00000,0.00000,0.00000
6804,OP-24.001-1066,"Реконструкция и/или рехабилитация на улици в гр. Две могили, община Две могили, област Русе – ул. ""Филип Тотю"" с обхват от ул. ""Ст. Терзиев"" до ул. ""Св. св. Кирил и Методий""","Община Две могили, област Русе",0.00000,0.00000,0.00000
6804,OP-24.001-1067,"Реконструкция и/или рехабилитация на улици в гр. Две могили, община Две могили, област Русе – ул. ""Пловдив"" с обхват от бул. ""България"" до ул. ""Св. св. Кирил и Методий""","Община Две могили, област Русе",0.00000,0.00000,0.00000
6804,OP-24.001-1068,"Реконструкция и/или рехабилитация на улици в гр. Две могили, община Две могили, област Русе – ул. ""Стоян Терзиев"" с обхват от бул. ""България"" до ул. ""Филип Тотю""","Община Две могили, област Русе",0.00000,0.00000,0.00000
6804,OP-24.001-1069,"Реконструкция и/или рехабилитация на улици в гр. Две могили и село Батишница, община Две могили, област Русе – ул. ""Райна Княгиня""","Община Две могили, област Русе",0.00000,0.00000,0.00000
6804,OP-24.001-1071,"Реконструкция и/или рехабилитация на улици в гр. Две могили и село Батишница, община Две могили, област Русе – ул. ""Възраждане""","Община Две могили, област Русе",0.00000,0.00000,0.00000
6804,OP-24.001-1072,"Реконструкция и/или рехабилитация на улици в гр. Две могили и село Батишница, община Две могили, област Русе – ул. ""Стоян Терзиев"" – етап 2","Община Две могили, област Русе",0.00000,0.00000,0.00000
6804,OP-24.001-1073,"Реконструкция и/или рехабилитация на улици в гр. Две могили и село Батишница, община Две могили, област Русе – ул. ""Марин Дринов""","Община Две могили, област Русе",0.00000,0.00000,0.00000
6804,OP-24.001-1070,"Ремонт на улица ""Ангел Кънчев"" в гр. Две могили, община Две могили, област Русе","Община Две могили, област Русе",0.00000,0.00000,0.00000
6804,OP-24.001-1074,"Ремонт и/или реконструкция на улици в гр. Две могили, община Две могили, област Русе – ул. ""Васил Априлов""","Община Две могили, област Русе",0.00000,0.00000,0.00000
6804,OP-24.001-1075,"Реконструкция и/или рехабилитация на улици в гр. Две могили и село Батишница, община Две могили, област Русе – ул. ""Витоша""","Община Две могили, област Русе",0.00000,0.00000,0.00000
6804,OP-24.001-1076,"Реконструкция и/или рехабилитация на улици в гр. Две могили и село Батишница, община Две могили, област Русе – ул. ""Трети март""","Община Две могили, област Русе",0.00000,0.00000,0.00000
6804,OP-25.001-0558,"Благоустрояване на гробищен парк, изграждане на параклис, урнова стена и навес в гр. Две могили","Община Две могили, област Русе",0.00000,0.00000,0.00000
6804,OP-25.001-0567,"Ремонт и реконструкция на градски пазар, находящ се в УПИ II – за обществено обслужване, кв. 149, (ПИ 20184.1.2141), гр. Две могили, общ. Две могили","Община Две могили, област Русе",0.00000,0.00000,0.00000
6804,OP-25.001-0559,"Проект ""Изграждане на съоръжения, укрепване и облицовка на корито на дере, минаващо през с. Широково, община Две могили""","Община Две могили, област Русе",0.00000,0.00000,0.00000
6804,OP-25.001-0554,"Ремонт и/или реконструкция на улици в община Две могили, област Русе, Подобект № 10: Ремонт и/или реконструкция на участък от ул. ""Камбурка"" в с. Кацелово, община Две могили, област Русе","Община Две могили, област Русе",0.00000,0.00000,0.00000
6804,OP-25.001-0553,"Изграждане на ул. ""Рила"" в село Кацелово, община Две могили, обл. Русе","Община Две могили, област Русе",0.00000,0.00000,0.00000
6804,OP-25.001-0555,"Реконструкция на улици в община Две могили, област Русе – Обект 1: Реконструкция на улици в с. Широково, Подобект 1.1: Реконструкция на ул. ""Никола Вапцаров"" и Подобект 1.2: Реконструкция на ул. ""Широки брод""","Община Две могили, област Русе",0.00000,0.00000,0.00000
6804,OP-25.001-0557,"Изграждане на парк в поземлен имот с идентификационен номер 20184.1.2705 по КККР на гр. Две могили, община Две Могили, област Русе и алея в поземлен имот с идентификатор 20184.1.2706 по КККР на гр. Две Могили, община Две Могили, област Русе","Община Две могили, област Русе",0.00000,0.00000,0.00000
6804,OP-25.001-0564,"Ремонт и рехабилитация на ул. ""Филип Тотю"" с. Бъзовец, община Две могили","Община Две могили, област Русе",0.00000,0.00000,0.00000
6804,OP-25.001-0565,"Ремонт и рехабилитация на ул. ""Централна"" с. Баниска, община Две могили – от п.к. с ул. ""Баниски Лом"" до п. к. с ул. ""Хан Аспарух"", ул. ""Ал. Стамболийски""","Община Две могили, област Русе",0.00000,0.00000,0.00000
6804,OP-25.001-0563,"Ремонт и рехабилитация на ул. ""Димчо Дебелянов"", с. Помен, община Две могили","Община Две могили, област Русе",0.00000,0.00000,0.00000
6804,OP-25.001-0560,"Ремонт и рехабилитация на ул. ""Ал. Стамболийски"" от ОТ 108, през ОТ 109, ОТ 35, 36, 37, 38, 40, 41 до ОТ 43 ул. ""Георги Димитров"" в с. Чилнов, община Две могили","Община Две могили, област Русе",0.00000,0.00000,0.00000
6804,OP-25.001-0556,"Изграждане на пътнически асансьор за Обществена сграда ""Д-р Ангел Брайков"" – медицински център и център за обществена подкрепа – гр. Две могили","Община Две могили, област Русе",0.00000,0.00000,0.00000
6804,OP-25.001-0552,"Реконструкция на улици в община Две могили, област Русе – Обект 2: Реконструкция на улици в с. Каран Върбовка, Подобект 2.1: Реконструкция на ул. ""Вела Пискова""","Община Две могили, област Русе",0.00000,0.00000,0.00000
6804,OP-25.001-0562,"Ремонт и рехабилитация на ул. ""Пеньо Пенев"" от ОТ 38, през ОТ 32А, ОТ 32 до ОТ 31 в с. Чилнов, община Две могили","Община Две могили, област Русе",0.00000,0.00000,0.00000
6804,OP-25.001-0566,"Реконструкция, модернизация и обновяване на част от сграда – читалище, находящо се в УПИ I-236 на село Каран Върбовка, община Две могили, обл. Русе","Община Две могили, област Русе",0.00000,0.00000,0.00000
6804,OP-25.001-0561,"Ремонт и рехабилитация на ул. ""Баба Тонка"" и стълби в с. Чилнов, община Две могили","Община Две могили, област Русе",0.00000,0.00000,0.00000
6805,OP-24.001-1077,"Реконструкция и рехабилитация на съществуващи водопроводи в с. Щръклево, общ. Иваново – трета финална част","Община Иваново, област Русе",1456.71806,0.00000,1456.71806
6805,OP-25.001-0568,"Реконструкция и рехабилитация на общински път RSE 2100 /I-2, Русе – Писанец/ Щръклево – RSE 1108/ от км 0+000 до км 4+000, община Иваново, област Русе","Община Иваново, област Русе",0.00000,0.00000,0.00000
6805,OP-25.001-0569,"Реконструкция на компрометирани участъци от водопроводна мрежа в с. Сваленик, община Иваново, област Русе – ЕТАП IБ","Община Иваново, област Русе",0.00000,0.00000,0.00000
6805,OP-24.001-1078,"Реконструкция и рехабилитация на участък от 3.800 км на общински път RSE 2107/II-52, Пиргово – Мечка/Иваново/III-501 от км 5+300 до км 9+100","Община Иваново, област Русе",356.90195,0.00000,356.90195
6805,OP-24.001-1079,"Реконструкция и рехабилитация на общински път RSE 1101/III-202, Русе – Щръклево/Красен/III-501/ от км 5+500 до км 8+800","Община Иваново, област Русе",245.00000,0.00000,245.00000
6805,OP-24.001-2528,"Изработване на инвестиционен проект във фаза ""техническа"" на транспортна техническа инфраструктура на обект: ""Реконструкция и рехабилитация на общински път RSE 2107/II-52, Пиргово – Мечка/ – Иваново III-501/ на територията на община Иваново от кръстовището с I-5 до кръстовището с II-52/км 0+000 до км 5+059.62""","Община Иваново, област Русе",0.00000,0.00000,0.00000
6805,OP-24.001-2529,"Изработване на инвестиционен проект във фаза ""техническа"" за транспортна техническа инфраструктура за обект ""Ремонт на ул. ""Баба Тонка"" от о.т. 50 до о.т. 161, с. Червен, общ. Иваново, обл. Русе""","Община Иваново, област Русе",0.00000,0.00000,0.00000
6805,OP-24.001-2530,"Изработване на инвестиционен проект във фаза ""техническа"" за транспортна техническа инфраструктура за обект ""Ремонт на ул. ""Стефан Караджа"" от о.т. 69 до о.т. 107 и от о.т. 115 до о.т. 155, с. Червен, общ. Иваново, обл. Русе""","Община Иваново, област Русе",0.00000,0.00000,0.00000
6805,OP-24.001-2531,"Изработване на инвестиционен проект във фаза ""техническа"" за транспортна техническа инфраструктура за обект ""Ремонт на ул. ""Младост"" от о.т. 184 до о.т. 50, с. Щръклево, общ. Иваново, обл. Русе""","Община Иваново, област Русе",0.00000,0.00000,0.00000
6805,OP-24.001-2532,"Изработване на инвестиционен проект във фаза ""техническа"" за транспортна техническа инфраструктура за обект ""Ремонт на ул. ""Васил Левски"" от о.т. 121 – площад пред кметството до о.т. 3, с. Табачка, общ. Иваново, обл. Русе","Община Иваново, област Русе",0.00000,0.00000,0.00000
6805,OP-24.001-2533,"Изработване на инвестиционен проект във фаза ""техническа"" за транспортна техническа инфраструктура за обект ""Ремонт на ул. ""Гоце Делчев"" от о.т. 157 до о.т. 166 и от о.т. 157 до о.т. 153, с. Табачка, общ. Иваново, обл. Русе""","Община Иваново, област Русе",0.00000,0.00000,0.00000
6805,OP-24.001-2534,"Изработване на инвестиционен проект във фаза ""техническа"" за транспортна техническа инфраструктура за обект ""Ремонт на ул. ""Капитан Райчо Николов"" от о.т. 195 до о.т. 279, с. Пиргово, общ. Иваново, обл. Русе""","Община Иваново, област Русе",0.00000,0.00000,0.00000
6805,OP-24.001-2535,"Изработване на инвестиционен проект във фаза ""техническа"" за транспортна техническа инфраструктура за обект ""Ремонт на ул. ""Стефан Караджа"" от о.т. 163 до о.т. 182 и продължение, с. Нисово, общ. Иваново, обл. Русе""","Община Иваново, област Русе",0.00000,0.00000,0.00000
6805,OP-24.001-2536,"Изработване на инвестиционен проект във фаза ""техническа"" за транспортна техническа инфраструктура за обект ""Ремонт на ул. ""Рила"" от о.т. 96 до о.т. 153, с. Мечка, общ. Иваново, обл. Русе""","Община Иваново, област Русе",0.00000,0.00000,0.00000
6805,OP-24.001-2537,"Изработване на инвестиционен проект във фаза ""техническа"" за транспортна техническа инфраструктура за обект ""Ремонт на ул. ""Царевец"" от о.т. 51 до о.т. 87, с. Пиргово, общ. Иваново, обл. Русе""","Община Иваново, област Русе",0.00000,0.00000,0.00000
6805,OP-24.001-2538,"Изработване на инвестиционен проект във фаза ""техническа"" за транспортна техническа инфраструктура за обект ""Ремонт на ул. ""Шести септември"" от о.т. 3 до о.т. 65, с. Тръстеник, общ. Иваново, обл. Русе""","Община Иваново, област Русе",0.00000,0.00000,0.00000
6805,OP-24.001-2539,"Изработване на инвестиционен проект във фаза ""техническа"" за транспортна техническа инфраструктура за обект ""Ремонт на ул. ""Възраждане"" от о.т. 250 до о.т. 257, с. Тръстеник, общ. Иваново, обл. Русе""","Община Иваново, област Русе",0.00000,0.00000,0.00000
6805,OP-24.001-2540,"Изработване на инвестиционен проект във фаза ""техническа"" за транспортна техническа инфраструктура за обект ""Ремонт на ул. ""Стара планина"" от о.т. 30 до о.т. 36 и от о.т. 36 до о.т. 53, с. Красен, общ. Иваново, обл. Русе""","Община Иваново, област Русе",0.00000,0.00000,0.00000
6805,OP-24.001-2541,"Изработване на инвестиционен проект във фаза ""техническа"" за транспортна техническа инфраструктура за обект ""Ремонт на ул. ""Хаджи Димитър"" от о.т. 164 до о.т. 49, с. Нисово, общ. Иваново, обл. Русе""","Община Иваново, област Русе",0.00000,0.00000,0.00000
6805,OP-24.001-2542,"Изработване на инвестиционен проект във фаза ""техническа"" за транспортна техническа инфраструктура за обект ""Ремонт на ул. ""Лом"" о.т. 50 до о.т. 164, с. Щръклево, общ. Иваново, обл. Русе""","Община Иваново, област Русе",0.00000,0.00000,0.00000
6805,OP-24.001-2543,"Изработване на инвестиционен проект във фаза ""техническа"" за транспортна техническа инфраструктура за обект ""Ремонт на ул. ""Тодор Маринов"" от о.т. 154 до о.т. 203, с. Кошов, общ. Иваново, обл. Русе""","Община Иваново, област Русе",0.00000,0.00000,0.00000
6805,OP-24.001-2544,"Изработване на инвестиционен проект във фаза ""техническа"" за транспортна техническа инфраструктура за обект ""Ремонт на ул. ""Вит"" от о.т. 11 до о.т. 46, с. Божичен, общ. Иваново, обл. Русе""","Община Иваново, област Русе",0.00000,0.00000,0.00000
6805,OP-24.001-2545,"Изработване на инвестиционен проект във фаза ""техническа"" за транспортна техническа инфраструктура за обект ""Ремонт на ул. ""Братя Миладинови"" от о.т. 158 до о.т. 153, с. Пиргово, общ. Иваново, обл. Русе""","Община Иваново, област Русе",0.00000,0.00000,0.00000
6805,OP-24.001-2546,"Изработване на инвестиционен проект във фаза ""техническа"" за транспортна техническа инфраструктура за обект ""Ремонт на ул. ""Патриарх Евтимий"" от о.т. 124 до о.т. 119, с. Тръстеник, общ. Иваново, обл. Русе""","Община Иваново, област Русе",0.00000,0.00000,0.00000
6805,OP-24.001-2547,"Изработване на инвестиционен проект във фаза ""техническа"" за транспортна техническа инфраструктура за обект ""Ремонт на ул. ""Мизия"" от о.т. 52А – площад – до о.т. 63, с. Церовец, общ. Иваново, обл. Русе""","Община Иваново, област Русе",0.00000,0.00000,0.00000
6805,OP-24.001-2548,"Изработване на инвестиционен проект във фаза ""техническа"" за транспортна техническа инфраструктура за обект ""Ремонт на ул. ""Цар Иван Асен"" от о.т. 64 до о.т. 160/156, с. Кошов, общ. Иваново, обл. Русе""","Община Иваново, област Русе",0.00000,0.00000,0.00000
6805,OP-24.001-2549,"Изработване на инвестиционен проект във фаза ""техническа"" за транспортна техническа инфраструктура за обект ""Ремонт на ул. ""Мадара"" от о.т. 136 до о.т. 130, с. Божичен, общ. Иваново, обл. Русе""","Община Иваново, област Русе",0.00000,0.00000,0.00000
6805,OP-24.001-2551,"Изработване на инвестиционен проект във фаза ""техническа"" за транспортна техническа инфраструктура за обект ""Ремонт на ул. ""Камчия"" от о.т. 9 до о.т. 50, с. Церовец, общ. Иваново, обл. Русе""","Община Иваново, област Русе",0.00000,0.00000,0.00000
6805,OP-24.001-2552,"Изработване на инвестиционен проект във фаза ""техническа"" за транспортна техническа инфраструктура за обект ""Ремонт на ул. ""Искър"" от о.т. 64 до о.т. 58/59, с. Мечка, общ. Иваново, обл. Русе""","Община Иваново, област Русе",0.00000,0.00000,0.00000
6805,OP-24.001-2553,"Изработване на инвестиционен проект във фаза ""техническа"" за транспортна техническа инфраструктура за обект ""Ремонт на ул. ""Иван Вазов"" от о.т. 94 до о.т. 111, с. Мечка, общ. Иваново, обл. Русе""","Община Иваново, област Русе",0.00000,0.00000,0.00000
6805,OP-24.001-2554,"Изработване на инвестиционен проект във фаза ""техническа"" за транспортна техническа инфраструктура за обект ""Ремонт на ул. ""Цар Самуил"" от о.т. 127 до о.т. 193, с. Пиргово, общ. Иваново, обл. Русе""","Община Иваново, област Русе",0.00000,0.00000,0.00000
6805,OP-24.001-2555,"Изработване на инвестиционен проект във фаза ""техническа"" за транспортна техническа инфраструктура за обект ""Ремонт на ул. ""Васил Левски"" от о.т. 90 до о.т. 64, с. Пиргово, общ. Иваново, обл. Русе""","Община Иваново, област Русе",0.00000,0.00000,0.00000
6805,OP-24.001-2556,"Изработване на инвестиционен проект във фаза ""техническа"" за транспортна техническа инфраструктура за обект ""Ремонт на ул. ""Балкан"" от о.т. 37 до о.т. 49 и от о.т. 49 до о.т. 48, с. Красен, общ. Иваново, обл. Русе""","Община Иваново, област Русе",0.00000,0.00000,0.00000
6805,OP-24.001-2557,"Изработване на инвестиционен проект във фаза ""техническа"" за транспортна техническа инфраструктура за обект "" Ремонт на ул. ""Христо Смирненски"" от о.т. 57 до о.т. 61, с. Щръклево, общ. Иваново, обл. Русе""","Община Иваново, област Русе",0.00000,0.00000,0.00000
6805,OP-24.001-2558,"Изработване на инвестиционен проект във фаза ""техническа"" за транспортна техническа инфраструктура за обект ""Ремонт на ул. ""Розова долина"" от о.т. 203 до о.т. 216, с. Щръклево, общ. Иваново, обл. Русе""","Община Иваново, област Русе",0.00000,0.00000,0.00000
6805,OP-24.001-2560,"Изработване на инвестиционен проект във фаза ""техническа"" за транспортна техническа инфраструктура за обект ""Ремонт на ул. ""Баба Тонка"" от о.т. 88 до о.т. 81, с. Иваново, общ. Иваново, обл. Русе""","Община Иваново, област Русе",0.00000,0.00000,0.00000
6805,OP-24.001-2561,"Изработване на инвестиционен проект във фаза ""техническа"" за транспортна техническа инфраструктура за обект ""Ремонт на ул. ""Чавдар"" от о.т. 36 до о.т. 37, с. Иваново, общ. Иваново, обл. Русе""","Община Иваново, област Русе",0.00000,0.00000,0.00000
6805,OP-24.001-2562,"Изработване на инвестиционен проект във фаза ""техническа"" за транспортна техническа инфраструктура за обект ""Ремонт на ул. ""Йордан Йовков"" от о.т. 87 до о.т. 97, с. Иваново, общ. Иваново, обл. Русе""","Община Иваново, област Русе",0.00000,0.00000,0.00000
6805,OP-24.001-2563,"Изработване на инвестиционен проект във фаза ""техническа"" за транспортна техническа инфраструктура за обект ""Ремонт на ул. ""Розова долина"" от о.т. 50 до о.т. 52, с. Красен, общ. Иваново, обл. Русе""","Община Иваново, област Русе",0.00000,0.00000,0.00000
6805,OP-24.001-2565,"Изработване на инвестиционен проект във фаза ""техническа"" за транспортна техническа инфраструктура за обект ""Ремонт на ул. ""Цар Самуил"" от о.т. 29 до о.т. 38, с. Червен, общ. Иваново, обл. Русе""","Община Иваново, област Русе",0.00000,0.00000,0.00000
6805,OP-24.001-2564,"Изработване на инвестиционен проект във фаза ""техническа"" за транспортна техническа инфраструктура за обект ""Ремонт на ул. ""Гео Милев"" от о.т. 260 до о.т. 268, с. Щръклево, общ. Иваново, обл. Русе""","Община Иваново, област Русе",0.00000,0.00000,0.00000
6805,OP-24.001-2566,"Изработване на инвестиционен проект във фаза ""техническа"" за транспортна техническа инфраструктура за обект ""Ремонт на ул. ""Юндола"" от о.т. 43 до кръстовище с ул. ""Руси Дамянов"", с. Сваленик, общ. Иваново, обл. Русе""","Община Иваново, област Русе",0.00000,0.00000,0.00000
6805,OP-24.001-2559,"Изработване на инвестиционен проект във фаза ""техническа"" за транспортна техническа инфраструктура за обект ""Ремонт на улица към гробището от о.т. 85 до о.т. 124, с. Кошов, общ. Иваново, обл. Русе""","Община Иваново, област Русе",0.00000,0.00000,0.00000
6805,OP-24.001-2567,"Изработване на инвестиционен проект във фаза ""техническа"" за транспортна техническа инфраструктура за обект ""Ремонт на ул. ""Панайот Хитов"" от о.т. 55 до о.т. 58, с. Иваново, общ. Иваново, обл. Русе""","Община Иваново, област Русе",0.00000,0.00000,0.00000
6805,OP-24.001-2568,"Изработване на инвестиционен проект във фаза ""техническа"" за транспортна техническа инфраструктура за обект ""Ремонт на пл. ""Демокрация"" между о.т. 49, о.т. 32 и о.т. 33, с. Сваленик, общ. Иваново, обл. Русе""","Община Иваново, област Русе",0.00000,0.00000,0.00000
6805,OP-24.001-2569,"Изработване на инвестиционен проект във фаза ""техническа"" за транспортна техническа инфраструктура за обект ""Ремонт на ул. ""Димчо Дебелянов"" от о.т. 245 до о.т. 201, с. Пиргово, общ. Иваново, обл. Русе""","Община Иваново, област Русе",0.00000,0.00000,0.00000
6805,OP-24.001-2570,"Изработване на инвестиционен проект във фаза ""техническа"" за транспортна техническа инфраструктура за обект ""Ремонт на ул. ""Никола Вапцаров"" от о.т. 44 до о.т. 53, с. Иваново, общ. Иваново, обл. Русе""","Община Иваново, област Русе",0.00000,0.00000,0.00000
6805,OP-24.001-2571,"Изработване на инвестиционен проект във фаза ""техническа"" за транспортна техническа инфраструктура за обект ""Ремонт на ул. ""Младежка"" от о.т. 58 до о.т. 58А, с. Иваново, общ. Иваново, обл. Русе""","Община Иваново, област Русе",0.00000,0.00000,0.00000
6805,OP-24.001-2572,"Изработване на инвестиционен проект във фаза ""техническа"" за транспортна техническа инфраструктура за обект ""Ремонт на ул. ""Людмил Стоянов"" от о.т. 215 до о.т. 211, с. Щръклево, общ. Иваново, обл. Русе""","Община Иваново, област Русе",0.00000,0.00000,0.00000
6806,OP-24.001-2092,"Инженеринг на ""ПСОВ"" и ""Канализация"" с. Николово, община Русе, ЕТАП 1, Главен клон 1, водопровод, КПС, СКО и СВО","Община Русе, област Русе",0.00000,0.00000,0.00000
6806,OP-24.001-2091,Рехабилитация на общински път RSE1130 /I-2/ Русе – Николово – граница общ. (Русе – Сливо поле) – Юделник – Борисово /III – 2102/ в участък от км 0+350 до км 6+020,"Община Русе, област Русе",0.00000,0.00000,0.00000
6806,OP-24.001-2939,"Рехабилитация и реконструкция на път RSE2132 – I-2, Русе – п.к. Ново село – Русе, кв. Средна кула – /III-501/","Община Русе, област Русе",0.00000,0.00000,0.00000
6806,OP-24.001-2941,"Реконструкция на ул. ""Потсдам"" и свързването й с пътен възел бул. ""България"" – бул. ""Липник"" от кръговото кръстовище на ул. ""Тулча"" до кръговото кръстовище до КАТ, етап 4 ""Участък от о.т. 146 до кръгово кръстовище при бул. ""Липник""","Община Русе, област Русе",0.00000,0.00000,0.00000
6806,OP-24.001-2940,"Изграждане на локално пътно платно на бул. ""Липник"" от ул. ""Стоян Заимов"" до кръгово кръстовище при КАТ, гр. Русе","Община Русе, област Русе",0.00000,0.00000,0.00000
6806,OP-24.001-2097,"Изпълнение на СМР ""Изграждане на нова детска ясла, външни ВиК отклонения, ел. захранване и ограда""","Община Русе, област Русе",0.00000,0.00000,0.00000
6806,OP-25.001-0570,"Реконструкция на вътрешната водопроводна мрежа на с. Долно Абланово, Реконструкция и рехабилитация на ул. ""Александър Стамболийски"", ул. ""Христо Ботев"" и ул. ""Васил Коларов"" – 10 км","Община Русе, област Русе",0.00000,0.00000,0.00000
6806,OP-24.001-2095,"СМР ""Изграждане на Дневен център за стари хора с ажурна ограда по регулационните линии на УПИ III""","Община Русе, област Русе",0.00000,0.00000,0.00000
6806,OP-24.001-2942,"Инженеринг ""Строително-ремонтни дейности и благоустрояване на гребна база за академично гребане в с. Николово, община Русе""","Община Русе, област Русе",0.00000,0.00000,0.00000
6806,OP-25.001-0571,"Рехабилитация на път с. Николово – с. Долно Абланово, с дължина 3600 м","Община Русе, област Русе",0.00000,0.00000,0.00000
6806,OP-25.001-0572,Инженеринг – Водопровод с. Просена – Етап I – 7600 м,"Община Русе, област Русе",0.00000,0.00000,0.00000
6806,OP-25.001-0573,"Реконструкция на ул. ""Христо Македонски""","Община Русе, област Русе",0.00000,0.00000,0.00000
6806,OP-25.001-0574,Инженеринг рехабилитация с. Долно Абланово – с. Ново село,"Община Русе, област Русе",0.00000,0.00000,0.00000
6806,OP-25.001-0575,"Инженеринг основен ремонт Паркинг Арена ""Русе""","Община Русе, област Русе",0.00000,0.00000,0.00000
6806,OP-25.001-0576,"Изпълнение на мерки за енергийна ефективност на Спортна зала ""Дунав"", ул. ""Околчица"" №6","Община Русе, област Русе",0.00000,0.00000,0.00000
6806,OP-24.001-1084,"Инженеринг ""Водопровод в гр. Русе, от к. 157 до ул. ""Зора"", кв. ""Средна кула""","Община Русе, област Русе",0.00000,0.00000,0.00000
6806,OP-24.001-2098,"Инженеринг ""Основен ремонт на читалище ""Васил Левски"", в т. ч. въвеждане на мерки за енергийна ефективност и ограда""","Община Русе, област Русе",0.00000,0.00000,0.00000
6806,OP-25.001-0577,"Изпълнение на мерки за енергийна ефективност и ремонт на Спортен комплекс ""Ялта"", гр. Русе, ул. ""Драма"" №13","Община Русе, област Русе",0.00000,0.00000,0.00000
6806,OP-25.001-0578,Рехабилитация на път – отклонение за Дунарит,"Община Русе, област Русе",0.00000,0.00000,0.00000
6806,OP-24.001-1088,"Изграждане на ул. ""Слатинска"" от о.т. 9482 (км 1+040) до Помпена станция Дунарит о.т. 9485 (км 2+400) в Индустриален парк – Русе, гр. Русе","Община Русе, област Русе",0.00000,0.00000,0.00000
6806,OP-24.001-2099,"Инженеринг ""Водопровод по бул. ""Гоце Делчев"" от ул. ""Генерал Котузов"" до паметник ""Русофили""","Община Русе, област Русе",521.26194,0.00000,521.26194
6806,OP-25.001-0579,"Изпълнение на мерки за енергийна ефективност на Спортен комплекс ""Локомотив"", Зала ""Акробатика и гимнастика, ул. ""Цветница"" № 6","Община Русе, област Русе",0.00000,0.00000,0.00000
6806,OP-24.001-2573,"Изграждане на Медицински център към СБАЛПФЗ ""Д-р Граматиков"" ЕООД Русе"" в УПИ VI-5105 ""за здравеопазване"" в кв. 919 по плана на гр. Русе","Община Русе, област Русе",0.00000,0.00000,0.00000
6806,OP-25.001-0580,"Реконструкция на ул. ""Видин"", вкл. улично-алейна растителност","Община Русе, област Русе",0.00000,0.00000,0.00000
6806,OP-25.001-0581,"Прилагане на мерки за енергийна ефективност на Административна сграда, намираща се в гр. Русе, ул. ""Олимпи Панов"" № 6","Община Русе, област Русе",0.00000,0.00000,0.00000
6806,OP-25.001-0582,"Реконструкция на ул. ""Драгажен флот""","Община Русе, област Русе",0.00000,0.00000,0.00000
6806,OP-25.001-0583,"Проектиране на канализационна мрежа, подмяна на същ. водопроводна мрежа и ПСОВ в гр. Мартен","Община Русе, област Русе",0.00000,0.00000,0.00000
6806,OP-25.001-0584,"Проектиране на спортна зала за лека атлетика, гр. Русе","Община Русе, област Русе",0.00000,0.00000,0.00000
6806,OP-25.001-0585,"Благоустрояване на бл. ""Асен"", бл. ""Петър"" и бл. ""Калоян"", кв. ""Изток"", гр. Русе (междублоково пространство)","Община Русе, област Русе",0.00000,0.00000,0.00000
6806,OP-24.001-2943,"Изграждане на тротоари и зони за паркиране по ул. ""Братислава"" и ул. ""Рига"" – етап 1 и етап 2","Община Русе, област Русе",0.00000,0.00000,0.00000
6806,OP-24.001-2100,"СМР ""Благоустрояване на общински терен в кв. 205, ПИ 63427.2.2136 – за жилищно строителство, заключен между ул. Цариград, механа Русе, гаражи, бл. Мургаш и бл. Георги Димитров, гр. Русе""","Община Русе, област Русе",0.00000,0.00000,0.00000
6806,OP-24.001-2093,"Актуализация на проекти за ""ПСОВ"" и ""Канализация"" на с. Басарбово, община Русе","Община Русе, област Русе",0.00000,0.00000,0.00000
6806,OP-24.001-2944,"Изграждане на зони за паркиране по ул. ""Киев"" от кръстовището с ул. ""Братислава"" до входа на паркинга на бл. ""Маестро Атанасов""","Община Русе, област Русе",0.00000,0.00000,0.00000
6806,OP-24.001-2094,"Актуализация на проект ""Благоустрояване на крайбрежната ивица северно от Парка на младежта и обособяването й като зона за обществен отдих, от ул. ""Мостова"" до Зимовника на ИАПП на р. Дунав"", гр. Русе – със 7 етапа","Община Русе, област Русе",0.00000,0.00000,0.00000
6806,OP-24.001-2096,"Актуализация на проект: ""Ремонт на възрожденско читалище ""Зора 1866"", в т.ч. въвеждане на мерки за енергийна ефективност""","Община Русе, област Русе",0.00000,0.00000,0.00000
6807,OP-24.001-1098,"Рехабилитация на общински пътища на територията на община Сливо поле по обособени позиции, обособена позиция 1: ПЪТ RSE-3187 /RSE-1173/ Малко Враново – Голямо Враново/Голямо Враново-/II-21","Община Сливо поле, област Русе",0.00000,0.00000,0.00000
6807,OP-24.001-2574,"Рехабилитация на ул. ""Възраждане"" от о.т. 7 (пт 1) до о.т. 129 (пт 157) по регулационния план на с. Юделник, община Сливо поле","Община Сливо поле, област Русе",0.00000,0.00000,0.00000
6807,OP-24.001-1099,"Рехабилитация на общински пътища на територията на община Сливо поле по обособени позиции, обособена позиция 2: ПЪТ RSE-3196 /II-21/ Русе – Бръшлен/ Сливо поле – Гробищен парк","Община Сливо поле, област Русе",784.90000,0.00000,784.90000
6807,OP-24.001-2102,"Оразмеряване и възстановяване на главно дере по ул. ""Хр. Смирненски"" в с. Кошарна, община Сливо поле, област Русе","Община Сливо поле, област Русе",0.00000,0.00000,0.00000
6807,OP-24.001-2104,Проектиране на канализация и ПСОВ агломерация Сливо поле,"Община Сливо поле, област Русе",0.00000,0.00000,0.00000
6807,OP-24.001-2103,"Проектиране на основен ремонт на административна сграда, Сливо поле","Община Сливо поле, област Русе",0.00000,0.00000,0.00000
6807,OP-24.001-1097,"Рехабилитация на общински пътища на територията на община Сливо поле по обособени позиции, обособена позиция 3: ПЪТ RSE-2170 /III-2102, Борисово – Юпер/ Черешово – Граница община Сливо поле – Кубрат/ – Сеслав /II-23/","Община Сливо поле, област Русе",0.00000,0.00000,0.00000
6808,OP-24.001-2105,"Основен ремонт на улици в населените места Белцов, Беляново, Джулюница, Долна Студена и Новград на територията на община Ценово, област Русе","Община Ценово, област Русе",0.00000,0.00000,0.00000
6808,OP-24.001-2106,"Основен ремонт на улица ""Дунав"", с. Кривина, община Ценово, област Русе","Община Ценово, област Русе",0.00000,0.00000,0.00000
6808,OP-25.001-0586,"Основен ремонт на улици в селата Ценово, Пиперково, Кривина и Джулюница, община Ценово, област Русе","Община Ценово, област Русе",0.00000,0.00000,0.00000
6808,OP-24.001-1100,"Информационен и обучителен център, с. Ценово","Община Ценово, област Русе",0.00000,0.00000,0.00000
6808,OP-25.001-0587,"Реконструкция на сградата на Народно читалище – ""Отец Паисий 1931"" – с. Кривина, община Ценово, област Русе","Община Ценово, област Русе",0.00000,0.00000,0.00000
6808,OP-25.001-0588,"Изграждане на парк в УПИ I в кв. 83 в с. Новград, община Ценово, област Русе","Община Ценово, област Русе",0.00000,0.00000,0.00000
6808,OP-24.001-1102,"Изграждане на игрище за мини футбол в с. Кривина, община Ценово","Община Ценово, област Русе",0.00000,0.00000,0.00000
6808,OP-24.001-1101,"Изграждане на игрище за мини футбол в с. Белцов, община Ценово","Община Ценово, област Русе",0.00000,0.00000,0.00000
6901,OP-24.001-2946,Реконструкция и рехабилитация на улична водопроводна мрежа в с. Чуковец,"Община Алфатар, област Силистра",0.00000,0.00000,0.00000
6901,OP-24.001-1103,Рехабилитация и реконструкция на четвъртокласна общинска пътна мрежа в община Алфатар,"Община Алфатар, област Силистра",0.00000,0.00000,0.00000
6901,OP-25.001-0589,"Основен ремонт и възстановяване на земно-насипна баражна стена и основен ремонт, възстановяване на коритото и бетоновата облицовка и доизграждане на канали в гр. Алфатар","Община Алфатар, област Силистра",0.00000,0.00000,0.00000
6901,OP-24.001-2575,Рехабилитация и реконструкция на четвъртокласна общинска мрежа – част от път SLS 2003,"Община Алфатар, област Силистра",0.00000,0.00000,0.00000
6901,OP-24.001-2945,Реконструкция и рехабилитация на улична водопроводна мрежа в с. Кутловица,"Община Алфатар, област Силистра",0.00000,0.00000,0.00000
6901,OP-24.001-2576,Рехабилитация и реконструкция на четвъртокласна общинска мрежа – път SLS 2005,"Община Алфатар, област Силистра",0.00000,0.00000,0.00000
6901,OP-24.001-1104,"Искане за спешен и неотложен авариен ремонт на сграда – част от ОУ ""Христо Ботев"", гр. Алфатар","Община Алфатар, област Силистра",0.00000,0.00000,0.00000
6901,OP-24.001-2947,Реконструкция и рехабилитация на улична водопроводна мрежа в с. Бистра,"Община Алфатар, област Силистра",0.00000,0.00000,0.00000
6902,OP-24.001-1105,"Основен ремонт на път SLS 1026 ""Път III-235 с. Сокол – път II-21 с. Коларово""","Община Главиница, област Силистра",2642.90030,486.85005,3129.75035
6902,OP-24.001-1107,"Реконструкция и доизграждане на вътрешната водопроводна мрежа, гр. Главиница, община Главиница, област Силистра","Община Главиница, област Силистра",1644.31009,0.00000,1644.31009
6902,OP-24.001-1106,"Основен ремонт на път SLS 1022 ""Път III-235 ул. Първа, с. Звенимир – площад с. Зарица"", участък от км 0+000 до км 0+889.96 и участък от км 2+095.43 до км 2+835.72","Община Главиница, област Силистра",0.00000,330.77478,330.77478
6902,OP-24.001-1108,"Реконструкция и рехабилитация на водопровод между селата Звенимир и Зарица, общ. Главиница, и Реконструкция и рехабилитация на довеждащ водопровод и ел. кабел, от тръбен кладенец № 3 до помпена станция с. Звенимир, общ. Главиница","Община Главиница, област Силистра",612.83500,0.00000,612.83500
6902,OP-24.001-2107,"Рехабилитация (основен ремонт) на ул. Пирин, с. Стефан Караджа, общ. Главиница","Община Главиница, област Силистра",476.85560,136.24447,613.10007
6902,OP-24.001-1110,"Реконструкция на благоустрояване в част от УПИ I-402, кв. 34, гр. Главиница, и прилежащи тротоари","Община Главиница, област Силистра",385.29258,0.00000,385.29258
6902,OP-25.001-0035,"Основен ремонт и осигуряване на достъпна среда на Административна сграда с идентификатор № 15031.501.1212.4, по плана на гр. Главиница, общ. Главиница","Община Главиница, област Силистра",0.00000,0.00000,0.00000
6902,OP-24.001-2108,"Основен ремонт и енергийна ефективност на ""Комплекс за социални услуги за лица с психически разстройства"" в гр. Главиница, ПИ 15031.504.1.9 по КК на гр. Главиница, обл. Силистра","Община Главиница, област Силистра",0.00000,0.00000,0.00000
6903,OP-24.001-2109,Основен ремонт на улици в населените места на територията на община Дулово,"Община Дулово, област Силистра",0.00000,0.00000,0.00000
6903,OP-24.001-1111,"Реконструкция и паркоустрояване, в т.ч. изграждане на детски площадки и спортни площадки на открито за Централен градски парк в гр. Дулово","Община Дулово, област Силистра",0.00000,0.00000,0.00000
6903,OP-24.001-2114,"Основен ремонт на спортна зала, тренировъчна зала по борба и съблекални за футболните отбори, реконструкция на трибуните, терена и благоустрояване на градски стадион, гр. Дулово","Община Дулово, област Силистра",0.00000,0.00000,0.00000
6903,OP-24.001-1112,"Основен ремонт на сградата на общинска администрация, гр. Дулово","Община Дулово, област Силистра",0.00000,0.00000,0.00000
6903,OP-24.001-2110,"Внедряване на мерки за енергийна ефективност в сграда – общинска собственост, разположена в ПИ 24030.501.9284 по КК и КР на гр. Дулово /Здравно заведение/","Община Дулово, област Силистра",0.00000,0.00000,0.00000
6903,OP-24.001-2111,Изграждане и регламентиране на открит градски пазар и паркинг в имот с идентификатор 24030.13.72 по КККР на град Дулово,"Община Дулово, област Силистра",0.00000,0.00000,0.00000
6903,OP-24.001-2112,"Реконструкция, ремонт, оборудване и обзавеждане на Народно читалище ""Христо Ботев – 1948"" в с. Руйно, общ. Дулово, обл. Силистра","Община Дулово, област Силистра",0.00000,0.00000,0.00000
6903,OP-24.001-2113,"Преустройство и промяна на предназначение на общинска сграда ""Бивше общежитие"" в ""Център за предоставяне на социални и административни услуги"" в гр. Дулово","Община Дулово, област Силистра",0.00000,0.00000,0.00000
6904,OP-24.001-2948,"Основен ремонт и рехабилитация на сграда с идентификатор 68357.90.273.9 по КК и КР на с. Средище, община Кайнарджа","Община Кайнарджа, област Силистра",0.00000,0.00000,0.00000
6904,OP-24.001-1113,"Изграждане на физкултурен салон към ПГМСС ""Никола Й. Вапцаров"", село Средище","Община Кайнарджа, област Силистра",604.82802,0.00000,604.82802
6904,OP-24.001-2949,"Реконструкция на водопровод от каптаж ""Дюлгера"" до началото на вътрешната водопроводна мрежа, с. Давидово, община Кайнарджа","Община Кайнарджа, област Силистра",0.00000,0.00000,0.00000
6905,OP-24.001-1117,"Изграждане инсталация за предварително ТБО, вкл. Инсталация за стабилизиране на подситовата фракция и компостираща инсталация за разделно събиране на зелени отпадъци, гр. Силистра","Община Силистра, област Силистра",0.00000,1297.51517,1297.51517
6905,OP-24.001-1115,Основен ремонт на ул. Харалампи Джамджиев – гр. Силистра,"Община Силистра, област Силистра",6051.95980,0.00000,6051.95980
6905,OP-24.001-1116,Основен ремонт на път Богорово – Поп Кралево – община Силистра,"Община Силистра, област Силистра",5842.41861,0.00000,5842.41861
6905,OP-24.001-1119,"Преустройство, реконструкция и обновяване на Младежки дом, гр. Силистра","Община Силистра, област Силистра",0.00000,1248.80223,1248.80223
6905,OP-25.001-0591,"Основен ремонт улична мрежа, с. Калипетрово","Община Силистра, област Силистра",0.00000,0.00000,0.00000
6905,OP-25.001-0592,"Основен ремонт улична мрежа, с. Проф. Иширково и с. Брадвари","Община Силистра, област Силистра",0.00000,0.00000,0.00000
6905,OP-24.001-1118,"Модернизиране на драматичен театър ""Сава Доброплодни"", гр. Силистра","Община Силистра, област Силистра",0.00000,1468.91920,1468.91920
6905,OP-25.001-0593,"Основен ремонт улична мрежа, с. Ветрен и с. Сребърна","Община Силистра, област Силистра",0.00000,0.00000,0.00000
6905,OP-24.001-1120,Изграждане на площадки за игра и спорт на открито в населени места в община Силистра,"Община Силистра, област Силистра",1064.52389,0.00000,1064.52389
6905,OP-25.001-0590,"Осн. ремонт улична мрежа, гр. Силистра","Община Силистра, област Силистра",0.00000,0.00000,0.00000
6905,OP-24.001-1122,Проектиране за извършване на благоустройство на квартали на гр. Силистра и с. Айдемир и Калипетрово,"Община Силистра, област Силистра",0.00000,0.00000,0.00000
6905,OP-24.001-1123,Проектране за извършване на основен ремонт на улична мрежа в населените места в община Силистра,"Община Силистра, област Силистра",0.00000,0.00000,0.00000
6905,OP-25.001-0594,Улично осветление в гр. Силистра и населени места на територията на община Силистра,"Община Силистра, област Силистра",0.00000,0.00000,0.00000
6905,OP-25.001-0595,"Благоустрояване на централна зона, с. Айдемир","Община Силистра, област Силистра",0.00000,0.00000,0.00000
6905,OP-25.001-0596,Извършване на инженеринг за изграждане на осветителна инсталация на път 213 в рамките на населените места на община Силистра,"Община Силистра, област Силистра",0.00000,0.00000,0.00000
6905,OP-25.001-0597,"Основен ремонт, внедряване на мерки за енергийна ефективност и осигуряване на достъпна среда в Народно читалище ""Пробуда 1940"", с. Калипетрово","Община Силистра, област Силистра",0.00000,0.00000,0.00000
6905,OP-24.001-1114,Основен ремонт на път Професор Иширково – Йорданово – община Силистра,"Община Силистра, област Силистра",459.65483,0.00000,459.65483
6905,OP-24.001-1126,Проектиране на сградите на читалища в населени места в община Силистра,"Община Силистра, област Силистра",0.00000,0.00000,0.00000
6905,OP-24.001-2577,Изготвяне на технически проекти за ремонт на сградите на градска поликлиника и бивша стоматология,"Община Силистра, област Силистра",0.00000,0.00000,0.00000
6905,OP-25.001-0598,"Основен ремонт, внедряване на мерки за енергийна ефективност и осигуряване на достъпна среда в Народно читалище ""Родолюбие-2006"", с. Айдемир","Община Силистра, област Силистра",0.00000,0.00000,0.00000
6905,OP-24.001-2115,Проектиране за извършване на благоустройство на централна градска част и на квартали на гр. Силистра,"Община Силистра, област Силистра",0.00000,0.00000,0.00000
6905,OP-25.001-0599,"Основен ремонт, внедряване на мерки за енергийна ефективност и осигуряване на достъпна среда в Народно читалище ""Заря-1957"", с. Брадвари","Община Силистра, област Силистра",0.00000,0.00000,0.00000
6905,OP-25.001-0600,Проектиране на IV-класна пътна мрежа и улици в населени места на територията на община Силистра,"Община Силистра, област Силистра",0.00000,0.00000,0.00000
6905,OP-24.001-1124,Проектиране на улична мрежа на територията на град Силистра,"Община Силистра, област Силистра",0.00000,0.00000,0.00000
6905,OP-24.001-1125,Проектиране на сгради с обществено предназначение в град Силистра,"Община Силистра, област Силистра",0.00000,0.00000,0.00000
6905,OP-24.001-1121,"Основен ремонт на път Калипетрово, промишлена зона – община Силистра","Община Силистра, област Силистра",97.45351,0.00000,97.45351
6905,OP-24.001-1127,Проектиране на сгради с обществено предназначение в град Силистра,"Община Силистра, област Силистра",0.00000,0.00000,0.00000
6906,OP-24.001-1129,"Реконструкция на общински път SLS1112 – III-216, Ситово-Златоклас/ – Добротица – Ирник – Босна – /SLS 1024 от км 0+220 до км 2+610","Община Ситово, област Силистра",0.00000,496.16399,496.16399
6906,OP-24.001-1128,"Реконструкция на общински път SLS 1024 /III-235, Главиница-Зафирово/Сокол – Суходол – граница общ. (Главиница – Ситово) – Босна – III-216 от км 7+885 до км 13+980","Община Ситово, област Силистра",1960.96736,0.00000,1960.96736
6906,OP-24.001-1130,Изграждане на фотоволтаични инсталации за производство и съхранение на електрическа енергия за подпомагане енергонуждите на детските и учебните заведения на територията на община Ситово,"Община Ситово, област Силистра",639.51440,0.00000,639.51440
6906,OP-24.001-1131,"Реконструкция на ул. ""Осма"", с. Гарван, община Ситово","Община Ситово, област Силистра",207.55150,0.00000,207.55150
6906,OP-24.001-1132,"Реконструкция на ул. ""Стара планина"", с. Попина, община Ситово","Община Ситово, област Силистра",162.31982,0.00000,162.31982
6906,OP-24.001-1133,"Реконструкция на ул. ""Н. Петров – Караджата"", с. Ситово, община Ситово","Община Ситово, област Силистра",102.12156,0.00000,102.12156
6906,OP-24.001-1134,"Реконструкция на ул. ""Трета"", с. Нова Попина, община Ситово","Община Ситово, област Силистра",98.76908,0.00000,98.76908
6907,OP-24.001-2117,"Реконструкция на съществуващ водопровод и благоустрояване на ул. ""Силистра"" от о.т. 33 до о.т. 22 (ул. ""Александър Стамболийски"") в гр. Тутракан","Община Тутракан, област Силистра",0.00000,0.00000,0.00000
6907,OP-24.001-2116,"Реконструкция на съществуващ водопровод и благоустрояване на ул. ""Александър Стамболийски"" от о.т. 21 (ул. ""Силистра"" и ул. ""Христо Ботев"") – о.т. 140 – о.т. 142 – о.т. 82 – о.т. 83 – о.т. 85 – о.т. 63 – о.т. 47 –о.т. 48 – о.т. 29 – о.т 49 (площад ""21-ви септември"") в гр. Тутракан","Община Тутракан, област Силистра",0.00000,0.00000,0.00000
6907,OP-24.001-1135,Закриване и рекултивация на общинско депо за неопасни отпадъци на Община Тутракан,"Община Тутракан, област Силистра",0.00000,0.00000,0.00000
6907,OP-24.001-1136,"Реконструкция на улица ""Ана Вентура"", гр. Тутракан, от път II-21 Русе – Силистра до кръстовище с улица ""Радецки"" от км 0+000 до км 1+570","Община Тутракан, област Силистра",0.00000,0.00000,0.00000
6907,OP-24.001-2951,"Реконструкция на съществуващ водопровод и благоустрояване на улица ""Трансмариска"" от о.т. 1 до о.т. 100 (кръстовището с ул. ""Братован Илиев"") в гр. Тутракан","Община Тутракан, област Силистра",0.00000,0.00000,0.00000
6907,OP-24.001-2952,Проектиране и изграждане на Закрит градски пазар,"Община Тутракан, област Силистра",0.00000,0.00000,0.00000
6907,OP-24.001-2953,"Реконструкция на съществуващ водопровод и благоустрояване на ул. ""Хемус"" от о.т. 223 (ул. ""Исперих"") – о.т. 280 – о.т. 231 – о.т. 275 – о.т 233 до кръстовището с ул. ""Мусала"" в гр. Тутракан","Община Тутракан, област Силистра",0.00000,0.00000,0.00000
6907,OP-24.001-2956,"Рехабилитация и реконструкция на ул. ""Втора"" с о.т. 16-14-15-13-12 и ул. ""Четвърта"" с о.т. 8-8а-10-29, с. Търновци, община Тутракан","Община Тутракан, област Силистра",0.00000,0.00000,0.00000
6907,OP-24.001-2955,"Рехабилитация и реконструкция на ул. ""Вежен"" с о.т. 82 – о.т. 81 – о.т. 80 – о.т. 79 в с. Нова Черна, община Тутракан","Община Тутракан, област Силистра",0.00000,0.00000,0.00000
6907,OP-24.001-2954,"Рехабилитация и реконструкция на ул. ""Богдан Войвода"" с о.т. 6 – о.т. 171 – о.т. 29 – о.т. 30 –о.т. 92 в с. Цар Самуил, община Тутракан","Община Тутракан, област Силистра",0.00000,0.00000,0.00000
7001,OP-24.001-1137,"Реконструкция на водоснабдителна и вътрешна водопроводна мрежа на с. Малко село, община Котел","Община Котел, област Сливен",6024.14342,0.00000,6024.14342
7001,OP-24.001-1138,Рехабилитация (основен ремонт) на общински път SLV 1003 за с. Медвен в участъка от кръстовището с Път II-48 (км 0+000) до кръстовището с Път ІІІ-7006 (км 4+800),"Община Котел, област Сливен",3877.28083,0.00000,3877.28083
7001,OP-24.001-2958,"Реконструкция на вътрешна водопроводна мрежа на с. Медвен, община Котел","Община Котел, област Сливен",0.00000,0.00000,0.00000
7001,OP-24.001-2957,"Основен ремонт на общински път SLV 1005, път II-48 (м. Катунишки мост) – Катунище – Нейково – граница община Сливен от км 7+77 до км 14+077","Община Котел, област Сливен",0.00000,0.00000,0.00000
7001,OP-24.001-1140,"Реконструкция на ВиК по главна улица на кв. ""Изток"", с. Градец, общ. Котел","Община Котел, област Сливен",284.65999,0.00000,284.65999
7001,OP-24.001-2959,Изграждане на нов довеждащ водопровод за гр. Котел,"Община Котел, област Сливен",0.00000,0.00000,0.00000
7001,OP-24.001-1139,"Основен ремонт на ул. ""Котленски проход"", с. Ябланово, община Котел"" – I етап","Община Котел, област Сливен",0.00000,0.00000,0.00000
7001,OP-24.001-2960,"Ремонт и реконструкция на централен площад ""Възраждане"", прилежащи пешеходни зони и съоръжения към тях, гр. Котел","Община Котел, област Сливен",0.00000,0.00000,0.00000
7002,OP-25.001-0601,"Реконструкция на вътрешна водопроводна мрежа, с. Радево, общ. Нова Загора – втори етап","Община Нова Загора, област Сливен",0.00000,0.00000,0.00000
7002,OP-25.001-0602,"Реконструкция на вътрешна водопроводна мрежа, с. Кортен, общ. Нова Загора","Община Нова Загора, област Сливен",0.00000,0.00000,0.00000
7002,OP-25.001-0603,"Основен ремонт на Централна пешеходна зона, гр. Нова Загора","Община Нова Загора, област Сливен",0.00000,0.00000,0.00000
7002,OP-25.001-0604,"Реконструкция на вътрешна водопроводна мрежа, с. Асеновец, общ. Нова Загора","Община Нова Загора, област Сливен",0.00000,0.00000,0.00000
7002,OP-24.001-2962,"Изготвяне на проект и основен ремонт на ул. ""Генерал Скобелев""","Община Нова Загора, област Сливен",0.00000,0.00000,0.00000
7002,OP-24.001-2967,"Почистване на дере в с. Бял кладенец, общ. Нова Загора","Община Нова Загора, област Сливен",0.00000,0.00000,0.00000
7002,OP-24.001-2968,"Почистване на дере в с. Кортен, общ. Нова Загора","Община Нова Загора, област Сливен",0.00000,0.00000,0.00000
7002,OP-24.001-2970,"Почистване на дере в с. Пет могили, общ. Нова Загора","Община Нова Загора, област Сливен",0.00000,0.00000,0.00000
7002,OP-24.001-2578,"Основен ремонт на ул. ""Хаджи Димитър"" с отводняване на повърхностни води, от ул. ""Св. св. Кирил и Методий"" – о.т. 177 до ул. ""Димитър Благоев"" – о.т. 362, с дължина 990 м, Нова Загора","Община Нова Загора, област Сливен",0.00000,0.00000,0.00000
7002,OP-24.001-1141,"Реконструкция на вътрешна водопроводна мрежа на ул. ""Хаджи Димитър"" от о.т. 177 до о.т. 362 с дължина 990 м","Община Нова Загора, област Сливен",403.08238,0.00000,403.08238
7002,OP-24.001-2965,"Реконструкция на вътрешна водопроводна мрежа, с. Радево, общ. Нова Загора, с дължина 3100 м","Община Нова Загора, област Сливен",0.00000,0.00000,0.00000
7002,OP-24.001-2969,"Почистване на дере в с. Крива круша, общ. Нова Загора","Община Нова Загора, област Сливен",0.00000,0.00000,0.00000
7002,OP-24.001-1142,"Преустройство на част от младежки дом с идентификатор по КККР 51809.504.2002.1, в който се изгражда младежки център в УПИ VII, кв. 98 по плана на гр. Нова Загора","Община Нова Загора, област Сливен",198.90844,0.00000,198.90844
7002,OP-24.001-2966,"Реконструкция на вътрешна водопроводна мрежа на ул. ""Г. С. Раковски"", гр. Нова Загора","Община Нова Загора, област Сливен",0.00000,0.00000,0.00000
7002,OP-25.001-0605,"Реконструкция на вътрешна водопроводна мрежа, с. Еленово, общ. Нова Загора – втори етап","Община Нова Загора, област Сливен",0.00000,0.00000,0.00000
7002,OP-25.001-0607,"Реконструкция на водоснабдителната мрежа на с. Любенова махала, общ. Нова Загора","Община Нова Загора, област Сливен",0.00000,0.00000,0.00000
7002,OP-25.001-0606,"Реконструкция на водоснабдителната мрежа на с. Езеро, общ. Нова Загора","Община Нова Загора, област Сливен",0.00000,0.00000,0.00000
7002,OP-24.001-2963,"Изготвяне на проект и основен ремонт на ул. ""Г. С. Раковски""","Община Нова Загора, област Сливен",0.00000,0.00000,0.00000
7002,OP-24.001-2961,"Изготвяне на проект и основен ремонт на ул. ""14-и януари""","Община Нова Загора, област Сливен",0.00000,0.00000,0.00000
7002,OP-24.001-2964,"Реконструкция на вътрешна водопроводна мрежа на ул. ""14-и януари"", гр. Нова Загора","Община Нова Загора, област Сливен",0.00000,0.00000,0.00000
7003,OP-24.001-1143,"Асфалтиране на улици в гр. Сливен, кв. ""Речица"", след изпълнение на воден цикъл","Община Сливен, област Сливен",0.00000,0.00000,0.00000
7003,OP-25.001-0608,"Вътрешна водопроводна мрежа, с. Крушаре, община Сливен","Община Сливен, област Сливен",0.00000,0.00000,0.00000
7003,OP-24.001-1145,Ревитализация на колодрума в гр. Сливен,"Община Сливен, област Сливен",0.00000,0.00000,0.00000
7003,OP-24.001-2118,"Две допълнителни училищни сгради за ППМГ ""Д. Чинтулов"" и ПГПЗЕ ""З. Стоянов"", гр. Сливен","Община Сливен, област Сливен",1765.77217,0.00000,1765.77217
7003,OP-24.001-1147,"Основен ремонт на бул. ""Цар Симеон"", гр. Сливен – от кръстовище с бул. ""Братя Миладинови"" до кръстовище с бул. ""Илинденско въстание""","Община Сливен, област Сливен",0.00000,0.00000,0.00000
7003,OP-24.001-1144,"Реконструкция на вътрешната водопроводна мрежа на с. Гавраилово, община Сливен","Община Сливен, област Сливен",0.00000,0.00000,0.00000
7003,OP-24.001-2119,"Основен ремонт на стадион в УПИ I, кв. 711 по плана на кв. ""Стоян Заимов-юг"", гр. Сливен","Община Сливен, област Сливен",966.54173,0.00000,966.54173
7003,OP-24.001-1150,"Допълнително водоснабдяване на с. Градско, община Сливен","Община Сливен, област Сливен",0.00000,0.00000,0.00000
7003,OP-24.001-1148,"Благоустрояване кв. ""Дружба"", гр. Сливен","Община Сливен, област Сливен",0.00000,0.00000,0.00000
7003,OP-24.001-2971,"Реконструкция и разширение на съществуваща сграда за детска градина в с. Чинтулово, община Сливен","Община Сливен, област Сливен",0.00000,0.00000,0.00000
7003,OP-24.001-2120,Подобряване на улично осветление в гр. Сливен – Реконструкция на системата за външно изкуствено осветление на 11 булеварда в гр. Сливен,"Община Сливен, област Сливен",0.00000,0.00000,0.00000
7003,OP-24.001-1146,"Благоустрояване кв. ""Клуцохор"", гр. Сливен","Община Сливен, област Сливен",0.00000,0.00000,0.00000
7003,OP-24.001-1149,"Благоустрояване кв. ""Българка"", гр. Сливен","Община Сливен, област Сливен",0.00000,0.00000,0.00000
7004,OP-24.001-2121,"Реконструкция на част от вътрешната водопроводна мрежа на гр. Твърдица, община Твърдица, с разрушаване и възстановяване на съществуващата настилка","Община Твърдица, област Сливен",0.00000,0.00000,0.00000
7004,OP-24.001-1151,Реконструкция и рехабилитация на участък от път IV клас SLV1112 на територията на община Твърдица,"Община Твърдица, област Сливен",1202.02278,0.00000,1202.02278
7004,OP-24.001-2122,"Основен ремонт на част от сграда на Народно читалище ""Св. св. Кирил и Методий"", гр. Твърдица","Община Твърдица, област Сливен",0.00000,0.00000,0.00000
7004,OP-25.001-0609,"Реконструкция и/или рехабилитация на участък от ул. Ленин в с. Сборище, община Твърдица","Община Твърдица, област Сливен",0.00000,0.00000,0.00000
7004,OP-25.001-0610,"Реконструкция на водопроводна мрежа в кв. Козарево, гр. Твърдица","Община Твърдица, област Сливен",0.00000,0.00000,0.00000
7004,OP-25.001-0611,"Реконструкция и/или рехабилитация на участък от ул. Поп Харитон в гр. Шивачево, община Твърдица","Община Твърдица, област Сливен",0.00000,0.00000,0.00000
7004,OP-25.001-0612,"Реконструкция на водопроводи в с. Бяла паланка, община Твърдица","Община Твърдица, област Сливен",0.00000,0.00000,0.00000
7101,OP-24.001-2123,"Изпълнение на СМР на обект ""Спортен комплекс в с. Оряховец, община Баните, област Смолян, подобект: ""Овоидален водосток"" в УПИ I – спорт, и УПИ II – озеленяване, по ПУП на с. Оряховец, община Баните""","Община Баните, област Смолян",0.00000,0.00000,0.00000
7101,OP-24.001-1153,"Ремонт и подобряване на енергийната ефективност на Народно читалище ""Просвета – 1947"" в УПИ IV – читалище, кв. 112 по плана на с. Баните, общ. Баните","Община Баните, област Смолян",427.77449,0.00000,427.77449
7101,OP-24.001-1154,"Изграждане на ""Атрактивен маршрут за пешеходен и велосипеден туризъм – алея от с. Баните до язовирната стена на МВЕЦ Баните"" – II етап, подобект: участък от км 0+840 до км 1+492,59","Община Баните, област Смолян",0.00000,0.00000,0.00000
7101,OP-24.001-1155,Изграждане на улица и транспортен подход към Пречиствателна станция за отпадни води в с. Баните – Първи етап,"Община Баните, област Смолян",0.00000,0.00000,0.00000
7101,OP-24.001-1156,"Почистване и укрепване с подпорна стена коритото на река Малка Арда в кв. 36 по регулационния план на с. Малка Арда, община Баните, област Смолян","Община Баните, област Смолян",0.00000,0.00000,0.00000
7101,OP-24.001-1157,"Вътрешна водопроводна мрежа, с. Оряховец","Община Баните, област Смолян",0.00000,0.00000,0.00000
7101,OP-25.001-0613,"Изработване на технически инвестиционен проект за строеж: ""Изграждане на спортен комплекс – спрортно игрище и многофункционална спортна зала"" в УПИ I – за обществено обслужване и спорт, кв. 93 по ПУП на с. Баните-Оряховец, в с. Баните, обл. Смолян","Община Баните, област Смолян",0.00000,0.00000,0.00000
7101,OP-24.001-1158,"Подпорна стена под общински път SML 1008 III-8632 в участък от км 4+300 до км 4+400, община Баните, област Смолян","Община Баните, област Смолян",0.00000,0.00000,0.00000
7101,OP-24.001-1159,"Спортен комплекс с. Оряховец, подобект игрища и трибуни и обслужваща сграда в УПИ I – спорт, в кв. 129 по плана на с. Баните – Оряховец","Община Баните, област Смолян",0.00000,0.00000,0.00000
7101,OP-24.001-1160,Обновяване на парково пространство в с. Оряховец,"Община Баните, област Смолян",0.00000,0.00000,0.00000
7102,OP-24.001-1161,"Реконструкция на общински път SML 1032 от път SML 1031 – Тешел – Буйново до с. Ягодина от км 0+000 до км 2+240, община Борино, обл. Смолян","Община Борино, област Смолян",2492.18526,0.00000,2492.18526
7102,OP-24.001-1162,"Подмяна на етернитови тръби АС ф 110 на довеждащ водопровод от извора до водоема на с. Буйново, община Борино, обл. Смолян, с тръби PE-HD ф 110","Община Борино, област Смолян",1276.92444,0.00000,1276.92444
7102,OP-24.001-1164,"Изграждане на парково пространство от о.т. 139 до о.т. 160 по плана на с. Борино, община Борино","Община Борино, област Смолян",767.40000,0.00000,767.40000
7102,OP-24.001-1163,"Реконструкция на напорен водопровод от ПС ""Караджа дере"" до ОШ1 от външния водопровод за с. Борино, община Борино, обл. Смолян","Община Борино, област Смолян",698.37463,0.00000,698.37463
7102,OP-24.001-3096,"Оформяне на парково пространство в ПИ 80159.100.49 в кв. 3, с. Чала, община Борино","Община Борино, област Смолян",0.00000,0.00000,0.00000
7103,OP-24.001-1165,"Изграждане и рехабилитация на външна и вътрешна водоснабдителна система и съоръжения на с. Беден, община Девин, обл. Смолян","Община Девин, област Смолян",3171.88728,0.00000,3171.88728
7103,OP-24.001-2972,"Изграждане и рехабилитация на външна и вътрешна водоснабдителна система и съоръжения на с. Брезе, община Девин","Община Девин, област Смолян",0.00000,0.00000,0.00000
7103,OP-24.001-1166,"Изграждане и рехабилитация на външна и вътрешна водоснабдителна система и съоръжения, с. Осиково, община Девин, обл. Смолян","Община Девин, област Смолян",0.00000,0.00000,0.00000
7103,OP-24.001-1167,"Рехабилитация на централна част на кв. Настан, гр. Девин – Етап 2 – улица ""Лиляна Димитрова"" от кръстовището до о.т. 1086 и мостово съоръжение в долния участък до новото преминаване през дерето до жилищния блок","Община Девин, област Смолян",0.00000,0.00000,0.00000
7103,OP-24.001-1168,"Изграждане и рехабилитация на външна и вътрешна водоснабдителна система и съоръжения, с. Михалково, община Девин, обл. Смолян","Община Девин, област Смолян",0.00000,0.00000,0.00000
7103,OP-24.001-1169,"Рехабилитация и реконструкция на улица в с. Гьоврен, община Девин – от о.т. 38 през о.т. 90А, о.т. 83, о.т. 83В до о.т. 103А с дължина 131,33 м","Община Девин, област Смолян",621.25464,0.00000,621.25464
7103,OP-24.001-1170,"Ремонт и реконструкция на съществуваща спортна площадка с изграждане на нова обслужваща сграда към нея в УПИ I – спортна площадка и обсл. сграда, кв. 155, кад. идент. – 20465.502.25, гр. Девин, община Девин, обл. Смолян","Община Девин, област Смолян",0.00000,0.00000,0.00000
7103,OP-24.001-1171,"Основен ремонт на част от улици ""Шина Андреева"", ""Равня"", ""Шипка"" и ""Слави Кацаров"" и прилежащата им инфраструктура, гр. Девин, Етап 2 – ул. ""Шипка"" от о.т. 490 през о.т. 507, о.т. 508, о.т. 509 до о.т. 1489","Община Девин, област Смолян",0.00000,0.00000,0.00000
7103,OP-24.001-2124,"Въвеждане на мерки за енергийна ефективност на обект: Дом на културата, град Девин, находящ се в УПИ III, кв. 36, сграда с идентификатор 20465.502.287.1, община Девин, област Смолян","Община Девин, област Смолян",0.00000,0.00000,0.00000
7103,OP-24.001-2125,"Мостово съоръжение между ул. ""Гимназиална"" и ул. ""Освобождение"" – от о.т. 736 през о.т. 158 до о.т. 37 в град Девин","Община Девин, област Смолян",0.00000,0.00000,0.00000
7103,OP-24.001-2129,Основен ремонт и рехабилитация на централна градска част в гр. Девин – II етап,"Община Девин, област Смолян",0.00000,0.00000,0.00000
7103,OP-24.001-2126,Реконструкция и основен ремонт на тротоари по улици в ЦГЧ на град Девин,"Община Девин, област Смолян",0.00000,0.00000,0.00000
7103,OP-24.001-2128,"Основен ремонт и реконструкция на улица ""Ален мак"" и улица ""Кокиче"" в град Девин","Община Девин, област Смолян",0.00000,0.00000,0.00000
7103,OP-24.001-2127,"Основен ремонт и реконструкция на улица ""Пирин"" и улица ""Акация"" в град Девин","Община Девин, област Смолян",0.00000,0.00000,0.00000
7104,OP-24.001-1172,"Реконструкция и рехабилитация на нови и съществуващи улици, съоръженията и принадлежностите към тях на територията на община Доспат","Община Доспат, област Смолян",3312.86388,0.00000,3312.86388
7104,OP-24.001-1174,"Изграждане на улица ""Крайбрежна"", Доспат – 1-ви етап","Община Доспат, област Смолян",1316.30186,0.00000,1316.30186
7104,OP-24.001-1173,Рехабилитация на общински път SML 2083/II-37/Барутин-Чавдар,"Община Доспат, област Смолян",1330.78499,0.00000,1330.78499
7104,OP-25.001-0614,Изграждане на многофункционална площадка за игра в с. Късак,"Община Доспат, област Смолян",0.00000,0.00000,0.00000
7104,OP-24.001-2132,Проектиране на туристическа инфраструктура,"Община Доспат, област Смолян",0.00000,0.00000,0.00000
7104,OP-24.001-2130,Проектиране на инфраструктурни обекти на територията на община Доспат – водопроводи и канализации,"Община Доспат, област Смолян",0.00000,0.00000,0.00000
7104,OP-24.001-2131,Проектиране на инфраструктурни обекти на територията на община Доспат – улици,"Община Доспат, област Смолян",0.00000,0.00000,0.00000
7105,OP-24.001-1177,"Основен ремонт на улична мрежа в гр. Златоград, ул. ""Стефан Стамболов"" от УПИ I – производствени и складови дейности, през о.т. 11 до о.т. 49 (мост при старата воденица) – I етап","Община Златоград, област Смолян",0.00000,0.00000,0.00000
7105,OP-24.001-1176,"Подобект ""Външен водопровод"" от обект ""Доизграждане, реконструкция и рехабилитация на водоснабдителна и канализационна мрежа на гр. Златоград""","Община Златоград, област Смолян",0.00000,0.00000,0.00000
7105,OP-24.001-1175,"Интегрирано използване на термоминералните води, натрупани в геотермалната система – Ерма река Елидже","Община Златоград, област Смолян",0.00000,0.00000,0.00000
7105,OP-24.001-1178,"Изграждане на Общински кооперативен пазар, УПИ XIII – ПАРК и обществено обслужване, кв. 46, гр. Златоград","Община Златоград, област Смолян",0.00000,0.00000,0.00000
7105,OP-24.001-1179,Благоустрояване и изграждане на парк в град Златоград,"Община Златоград, област Смолян",0.00000,0.00000,0.00000
7105,OP-24.001-1180,"Основен ремонт на улица ""Хан Аспарух"" от о.т. 522 през о.т. 835 към о.т. 836 по ПУП на град Златоград","Община Златоград, област Смолян",0.00000,0.00000,0.00000
7105,OP-24.001-1181,"Благоустрояване на улица ""Освобождение"", гр. Златоград, от о.т. 460 до о.т. 418","Община Златоград, област Смолян",0.00000,0.00000,0.00000
7105,OP-24.001-1182,"Основен ремонт на улица ""Прогрес"" – от о.т. 821 до о.т. 908 по ПУП на град Златоград","Община Златоград, област Смолян",0.00000,0.00000,0.00000
7105,OP-24.001-1184,"Благоустрояване на улица ""Славей"", гр. Златоград, от о.т. 419 към о.т. 801, о.т. 804 до о.т. 807","Община Златоград, област Смолян",0.00000,0.00000,0.00000
7105,OP-24.001-1185,"Основен ремонт на улица ""Ангел Киряков"" от о.т. 500 до о.т. 509 по ПУП на град Златоград","Община Златоград, област Смолян",0.00000,0.00000,0.00000
7105,OP-24.001-1183,"Основен ремонт на улица ""Косора"" от о.т. 818 през о.т. 784 до о.т. 779 и участък от о.т. 784 през о.т. 785 към о.т. 788, по ПУП на град Златоград","Община Златоград, област Смолян",0.00000,0.00000,0.00000
7105,OP-24.001-1186,"Основен ремонт на ул. ""Проф. д-р Асен Шопов"" от о.т. 866 до о.т. 557 по ПУП на гр. Златоград","Община Златоград, област Смолян",0.00000,0.00000,0.00000
7106,OP-24.001-1187,"Рехабилитация на път ""Шаренска-Крайна -Върба"" на територията на община Мадан","Община Мадан, област Смолян",3114.65718,0.00000,3114.65718
7106,OP-25.001-0615,"Подмяна на довеждащ водопровод от водопровод ст. тр. ф 530 до резервоар за питейни нужди за с. Средногорци, напорен водопровод от водопровод ст. тр. ф 530 до резервоар за с. Равнища, междинна ПС, резервоар с хлораторно за с. Равнища и ПС за с. Лещак и вътрешна водопроводна мрежа за с. Равнища; подобект 3: вътрешна водопроводна мрежа на с. Равнища, напорен водопровод за с. Лещак и междинна ПС","Община Мадан, област Смолян",0.00000,0.00000,0.00000
7106,OP-24.001-2973,"Рехабилитация и основен ремонт на участък от общински път SML2131/0+000- 1+500/ в с. Шаренска, община Мадан, СМР, АН, СН","Община Мадан, област Смолян",1725.90452,0.00000,1725.90452
7106,OP-24.001-2974,"Рехабилитация и основен ремонт на участък от общински път към промишлено селище Крушев дол, община Мадан – СМР, АН, СН","Община Мадан, област Смолян",1274.81266,0.00000,1274.81266
7106,OP-25.001-0616,"Напорен водопровод от ПС в с. Равнища до резервоар за с. Лещак и Резервоар 500 м3 за с. Лещак и с. Леска, община Мадан","Община Мадан, област Смолян",0.00000,0.00000,0.00000
7106,OP-24.001-1191,"Доизграждане на канализационна мрежа, захранваща главен и довеждащи колектори към ПСОВ Мадан и съпътстващи обекти в гр. Мадан","Община Мадан, област Смолян",1140.76472,0.00000,1140.76472
7106,OP-25.001-0036,"Реконструкция на площадно пространство между ул. ""Република"" и ул. ""Явор"" – гр. Мадан, община Мадан, ПИ 46045.501.878 по КК – гр. Мадан","Община Мадан, област Смолян",0.00000,0.00000,0.00000
7106,OP-24.001-2133,"Реконструкция на улици в с. Средногорци, Участък 2 – ул. ""Опълченска"" от о.т. 147 до о.т. 162","Община Мадан, област Смолян",484.46286,0.00000,484.46286
7106,OP-24.001-2975,Рехабилитация на улична мрежа в с. Цирка,"Община Мадан, област Смолян",241.83480,0.00000,241.83480
7106,OP-24.001-2976,Реконструкция на вътрешна улица /към Кикови/ в с. Равнил,"Община Мадан, област Смолян",230.83894,0.00000,230.83894
7106,OP-24.001-2134,"Реконструкция на улици в с. Средногорци, Участък 1 – ул. ""Персенк"" от о.т. 9 до о.т. 31","Община Мадан, област Смолян",224.98235,0.00000,224.98235
7106,OP-24.001-1190,"Ремонт и реконструкция на сграда, находяща се в УПИ XII-25 – детско заведение, кв. 8 по ПРЗ на гр. Мадан – корпус към СУ ""Отец Паисий"" – гр. Мадан","Община Мадан, област Смолян",220.56950,0.00000,220.56950
7106,OP-24.001-1189,"Изпълнение на инженеринг (проектиране, АН и строителство) на обект: реконструкция на участък от път SML 2133 /Печинско – Петров дол/ на територията на община Мадан","Община Мадан, област Смолян",147.68631,0.00000,147.68631
7106,OP-24.001-2135,"Реконструкция на улици в с. Средногорци, Участък 3 – ул. ""Арда"" от о.т. 331 до о.т. 342 (без участък от о.т. 333 до о.т. 338)","Община Мадан, област Смолян",124.00007,0.00000,124.00007
7106,OP-24.001-2977,"Изготвяне на проект за обект: Основен ремонт на спортно игрище, намиращо се в имот № 46045.502.223, община Мадан, кв. ""Батанци"", ул. ""Студенец""","Община Мадан, област Смолян",58.80000,0.00000,58.80000
7107,OP-24.001-1194,"Упражняване на авторски и независим строителен надзор и изпълнение на СМР на строеж: Реконструкция на общински път SML 1171 от път III-8652 – с. Средец – с. Бурево – с. Гърнати – с. Марамати, община Неделино, подобект – етап: Oбщински път SML 1171 от път III-8652 – с. Средец","Община Неделино, област Смолян",0.00000,0.00000,0.00000
7107,OP-24.001-1195,"Инженеринг – проектиране, упражняване на авторски надзор и изпълнение на строително-монтажни работи на улици на територията на община Неделино и упражняване на строителен надзор","Община Неделино, област Смолян",0.00000,0.00000,0.00000
7107,OP-25.001-0087,"Реконструкция и основен ремонт на ул. ""Напредък"" от ос.т. 271 до ос.т. 111, ул. ""Бор"" от ос.т. 111 до ос.т. 118 и ул. ""Дичо Петров"" от ос.т. 118 до ос.т. 520 с обща дължина 1450 м","Община Неделино, област Смолян",0.00000,0.00000,0.00000
7107,OP-24.001-1198,"Упражняване на авторски и независим строителен надзор и изпълнение на СМР на строеж: Реконструкция и ремонт на сграда с културно предназначение – Народно читалище ""Светлина-1938"", гр. Неделино, II етап","Община Неделино, област Смолян",0.00000,0.00000,0.00000
7107,OP-24.001-1196,"Упражняване на авторски независим строителен надзор и изпълнение на СМР на строеж: ""Ремонт и реконструкция на водоснабдителна мрежа на община Неделино чрез реконструкция на тласкателен водопровод от ПС на р. Оваджик до НР 100 м3 за с. Изгрев и с. Еленка, общ. Неделино, ремонт на ПС и водохващане""","Община Неделино, област Смолян",0.00000,0.00000,0.00000
7107,OP-24.001-1197,"Прокарване на структурен сондаж за търсене и хидрогеоложка оценка на дълбоко находище на минерална вода в землището на община Неделино, област Смолян – Етап I, и прокарване на търсещ структурен сондаж и хидрогеоложка оценка","Община Неделино, област Смолян",0.00000,0.00000,0.00000
7108,OP-24.001-1201,"Проектиране, упражняване на авторски надзор и изпълнение на строително-монтажните работи по паркоустрояване и благоустрояване на съществуващ обществен селищен парк – ""Лесопарка"" на гр. Рудозем – изграждане на подходи към парка за МПС, велосипеди и пешеходни туристи; паркинг/и; алейна мрежа; енергоспестяващо осветление; зони за отдих, атракциони и др.","Община Рудозем, област Смолян",2098.40400,0.00000,2098.40400
7108,OP-24.001-1202,Рехабилитация на път SML 2248 /III-8683/ Смилян – Букаците – Горово – граница общ. (Смолян – Рудозем) – Витина – Елховец /ІІІ 8681/ от км 8+300 до км 12+100,"Община Рудозем, област Смолян",1745.44669,0.00000,1745.44669
7108,OP-24.001-1200,"Вътрешна водопроводна мрежа, с. Чепинци – лот 10","Община Рудозем, област Смолян",1483.50000,0.00000,1483.50000
7108,OP-24.001-1203,"Реконструкция на улична мрежа на с. Елховец, общ. Рудозем, подобект ул. ""Байкушевска""","Община Рудозем, област Смолян",1197.61011,0.00000,1197.61011
7108,OP-25.001-0617,"Вътрешна канализационна и водопроводна мрежа – с. Витина, подобект – Вътрешна водопроводна мрежа – с. Витина","Община Рудозем, област Смолян",0.00000,0.00000,0.00000
7108,OP-24.001-1204,"Благоустрояване на централна част град Рудозем – ЛОТ I, зона 5","Община Рудозем, област Смолян",1010.72880,0.00000,1010.72880
7108,OP-24.001-1205,"Парково пространство в УПИ IХ, кв. 39, гр. Рудозем","Община Рудозем, област Смолян",426.04780,0.00000,426.04780
7108,OP-24.001-2137,"Пешеходна алея с. Оглед oт км 0+000 до км 0+143,86","Община Рудозем, област Смолян",201.98098,0.00000,201.98098
7108,OP-24.001-1206,"Реконструкция на улица от ПТ 42, с. Равнината","Община Рудозем, област Смолян",200.81592,0.00000,200.81592
7109,OP-24.001-2163,"Инженеринг на площадка за временно съхранение на излезли от употреба гуми, строителни отпадъци, едрогабаритни отпадъци, опасни и други отпадъци на територията на община Смолян","Община Смолян, област Смолян",0.00000,0.00000,0.00000
7109,OP-24.001-2156,"Инженеринг – проектиране, изпълнение на СМР и авторски надзор на обект: Реконструкция на вътрешната водопроводна мрежа, с. Кутела, община Смолян","Община Смолян, област Смолян",0.00000,0.00000,0.00000
7109,OP-24.001-2154,"Реконструкция на вътрешната водоснабдителна мрежа на с. Смилян, община Смолян","Община Смолян, област Смолян",0.00000,0.00000,0.00000
7109,OP-24.001-2157,"Инженеринг – проектиране, строителство и авторски надзор, на обект ""Музей на магията"", с. Момчиловци","Община Смолян, област Смолян",0.00000,0.00000,0.00000
7109,OP-24.001-1207,"Разширение на гробищен парк – кв. Райково, гр. Смолян, в УПИ XIII-375, 386 – за разширение на гробищен парк, кв. 79, кв. Райково, гр. Смолян","Община Смолян, област Смолян",1196.74215,0.00000,1196.74215
7109,OP-24.001-2980,"Инженеринг на ОВК и СМР на Родопски драматичен театър, гр. Смолян","Община Смолян, област Смолян",0.00000,0.00000,0.00000
7109,OP-24.001-2138,"Инженеринг на транспортна връзка на ул. ""Кап. П. Войвода"", гр. Смолян","Община Смолян, област Смолян",0.00000,0.00000,0.00000
7109,OP-24.001-1208,Реконструкция на вътрешната водоснабдителна мрежа на с. Долно Влахово,"Община Смолян, област Смолян",808.20502,0.00000,808.20502
7109,OP-24.001-2159,"Инженеринг – основен ремонт и реконструкция на спортна сграда и ремонт на прилежащ терен и поливна система – стадион Райково, гр. Смолян","Община Смолян, област Смолян",0.00000,0.00000,0.00000
7109,OP-24.001-2140,"Инженеринг на ул. ""Коста Аврамиков"", гр. Смолян","Община Смолян, област Смолян",0.00000,0.00000,0.00000
7109,OP-24.001-2161,"Инженеринг на гаражи и настилки около Административна сграда на Община Смолян, Нов център, гр. Смолян","Община Смолян, област Смолян",0.00000,0.00000,0.00000
7109,OP-24.001-2158,"Инженеринг на закрито мембранно спортно съоръжение и прилежащ терен – стадион Смолян, гр. Смолян","Община Смолян, област Смолян",0.00000,0.00000,0.00000
7109,OP-24.001-2160,"Инженеринг на площадно пространство и Водна каскада в кв. Нов център, гр. Смолян","Община Смолян, област Смолян",0.00000,0.00000,0.00000
7109,OP-24.001-2151,"Възстановяване и изграждане на подпорни стени по бреговете на река Арда, Етап II: Подпорни стени по левия бряг на река Арда – ламели от Стена 2.1 до Стена 2.15","Община Смолян, област Смолян",0.00000,0.00000,0.00000
7109,OP-24.001-2148,"Обект: Обособена позиция № 1: Рехабилитация на уличната мрежа в с. Смилян, община Смолян, подобект: ул. ""Хаджи Димитър"" от о.т. 292 до тупик при о.т. 338","Община Смолян, област Смолян",0.00000,0.00000,0.00000
7109,OP-24.001-2152,"Възстановяване на подпорна стена по десния бряг на река Широколъшка при км 33+250 на РП III-866, общ. Смолян","Община Смолян, област Смолян",0.00000,0.00000,0.00000
7109,OP-24.001-2579,"Инженеринг на обект: Зона за рекреация в УПИ I –Музей, Картинна галерия и Библиотека, кв. 15, Нов център","Община Смолян, област Смолян",0.00000,0.00000,0.00000
7109,OP-24.001-2153,"Изграждане на подпорна стена по десния бряг на р. Черешовска река, на общински път SML3242/III-8683/Смилян-Могилица/Черешовска река-Киселчово, при км 2+100, общ. Смолян","Община Смолян, област Смолян",0.00000,0.00000,0.00000
7109,OP-24.001-2139,"Обект: Рехабилитация на уличната мрежа в гр. Смолян, община Смолян, подобект: ул. ""Георги Сава Раковски"" от о.т. 497 до о.т. 499, от о.т. 499 до о.т. 544, о.т. 544 до връзка с ул. ""Миньорска""","Община Смолян, област Смолян",0.00000,0.00000,0.00000
7109,OP-24.001-1209,"Инвестиционно проектиране на улици в с. Момчиловци, общ. Смолян","Община Смолян, област Смолян",0.00000,0.00000,0.00000
7109,OP-24.001-2978,"Инженеринг на вертикален паркинг, гр. Смолян","Община Смолян, област Смолян",0.00000,0.00000,0.00000
7109,OP-24.001-2143,"Обект: Обособена позиция № 1: Рехабилитация на уличната мрежа в с. Смилян, община Смолян, подобект: ул. ""П-к Дичо Петров"" от о.т. 396 до кръстовището при о.т. 406, до о.т. 407, до о.т. 143 (при ул. ""Васил Левски""), включително отклонка от о.т. 406 до о.т. 391 при ул. ""Васил Левски""","Община Смолян, област Смолян",0.00000,0.00000,0.00000
7109,OP-24.001-2149,"Проектиране на общински път SML2273II-86, Смолян – Търън – Еленска","Община Смолян, област Смолян",0.00000,0.00000,0.00000
7109,OP-24.001-2979,"Укрепване на улица ""Орфееви скали"", над имот, намиращ се в УПИ XXX-2004, кв. 143, гр. Смолян","Община Смолян, област Смолян",0.00000,0.00000,0.00000
7109,OP-24.001-1210,"Инвестиционно проектиране на улица, с. Габрица – от републиканска пътна мрежа до с. Габрица","Община Смолян, област Смолян",0.00000,0.00000,0.00000
7109,OP-24.001-1211,"Инвестиционно проектиране на улица, с. Долно Фатово – от републиканска пътна мрежа до с. Долно Фатово","Община Смолян, област Смолян",0.00000,0.00000,0.00000
7109,OP-24.001-1212,"Инвестиционно проектиране на улица, с. Полковник Серафимово – улицата, свързваща махала Костовска и махала Згуровска","Община Смолян, област Смолян",0.00000,0.00000,0.00000
7109,OP-24.001-2150,"Проектиране на общински път SML2241 /III-863, Момчиловци – Славейно – с. Кутела","Община Смолян, област Смолян",0.00000,0.00000,0.00000
7109,OP-24.001-2145,Проектиране на улица в с. Могилица,"Община Смолян, област Смолян",0.00000,0.00000,0.00000
7109,OP-24.001-1213,"Инвестиционно проектиране на улица, с. Горно Фатово – от републиканска пътна мрежа до Горно Фатово","Община Смолян, област Смолян",0.00000,0.00000,0.00000
7109,OP-24.001-2144,Проектиране на улица в с. Арда,"Община Смолян, област Смолян",0.00000,0.00000,0.00000
7109,OP-24.001-2147,Проектиране на улица в с. Сивино,"Община Смолян, област Смолян",0.00000,0.00000,0.00000
7109,OP-24.001-2146,Проектиране на улица в с. Подвис,"Община Смолян, област Смолян",0.00000,0.00000,0.00000
7109,OP-24.001-1214,"Инвестиционно проектиране на улица, с. Чокманово – улицата от републиканска пътна мрежа до махала Пильовска","Община Смолян, област Смолян",0.00000,0.00000,0.00000
7109,OP-24.001-1215,"Инвестиционно проектиране на улица, с. Чокманово – улицата от републиканска пътна мрежа до Читалище","Община Смолян, област Смолян",0.00000,0.00000,0.00000
7109,OP-24.001-2142,"Проектиране на улица ""Панорама"", гр. Смолян","Община Смолян, област Смолян",0.00000,0.00000,0.00000
7109,OP-24.001-2141,"Проектиране на улица Метакса Гугински, гр. Смолян","Община Смолян, област Смолян",0.00000,0.00000,0.00000
7110,OP-24.001-1216,Рехабилитация на магистрален водопровод за водоснабдителна група Орехово – Малево – Хвойна – Павелско,"Община Чепеларе, област Смолян",1099.56122,0.00000,1099.56122
7110,OP-24.001-1217,"Реконструкция на ул. ""Христо Ботев"", гр. Чепеларе","Община Чепеларе, област Смолян",0.00000,0.00000,0.00000
7110,OP-24.001-1218,"Реконструкция на улица ""Панорама"" и улица ""Преспа"" – гр. Чепеларе","Община Чепеларе, област Смолян",0.00000,0.00000,0.00000
7110,OP-24.001-2580,"Реконструкция на улица ""Васил Дечев"" от о.т. 678 до УПИ I-2167, 2158 – Автогара, и улица ""Хан Аспарух"" от о.т. 577 до о.т. 116, град Чепеларе, община Чепеларе","Община Чепеларе, област Смолян",0.00000,0.00000,0.00000
7110,OP-24.001-1220,Обновяване на централен градски парк с площад в УПИ VII – Централен градски парк с пешеходна алея в гр. Чепеларе,"Община Чепеларе, област Смолян",116.65855,0.00000,116.65855
7110,OP-24.001-1219,"Реконструкция на ул. ""Ручей"" от км 0+000 до км 0+195 -гр – гр-гр. Чепеларе","Община Чепеларе, област Смолян",0.00000,0.00000,0.00000
7225,OP-24.001-1222,"Рехабилитация на бул. ""Ал. Стамболийски"" от бул. ""Константин Величков"" до Западен парк","Столична община, област София-град",0.00000,8270.93765,8270.93765
7225,OP-24.001-2981,Проектиране и изграждане на източния надлез над жп линията при Бакърена фабрика,"Столична община, област София-град",0.00000,0.00000,0.00000
7225,OP-24.001-1221,"Ул. ""Опълченска"" от бул. ""Тодор Александров"" до бул. ""Сливница""","Столична община, област София-град",0.00000,0.00000,0.00000
7225,OP-24.001-1229,"Събаряне на едноетажна сграда /етернитова/ и изграждане на Самостоятелен корпус на два етажа и зала в двора на 126 ОУ ""П. Ю. Тодоров"", строителен и авторски надзор","Столична община, област София-град",0.00000,0.00000,0.00000
7225,OP-24.001-1226,"Основен ремонт на р. Владайска в участъка от ул. ""Камен Андреев"" до бул. ""Мария-Луиза"", район ""Възраждане"", в т.ч. СН, АН и др.","Столична община, област София-град",0.00000,0.00000,0.00000
7225,OP-25.001-0618,"Инженеринг (проектиране, строителство и авторски надзор) за изграждане и оборудване на детска градина за 12 (дванадесет) групи в УПИ I – ""за детска градина"", ПИ 68134.4089.5694, кв. 24, м. Бул. Ал. Малинов, кв. 2, 14, 19, 21, 24, 32А, по плана на гр. София, район ""Младост""","Столична община, област София-град",0.00000,0.00000,0.00000
7225,OP-24.001-1224,"Изграждане на бул. ""Филип Кутев"" от бул. ""Черни връх"" до ул. ""Сребърна""","Столична община, област София-град",0.00000,0.00000,0.00000
7225,OP-24.001-1230,"Ремонт на ул. ""Атанас Узунов"" (от ул. ""Братован"" до кръстовището с ул. ""Велчо Атанасов""), район ""Слатина""","Столична община, област София-град",0.00000,0.00000,0.00000
7225,OP-24.001-1244,"Изграждане на ул. ""Проф. Никола Милев"" и ул. ""Синьо езеро"" в участъка от ул. ""Перуника"" до ул. ""Гръсниче"". Ул. ""Перуника"" от о.т. 349 до ул. ""Лотос""","Столична община, област София-град",0.00000,0.00000,0.00000
7225,OP-24.001-1235,"Изграждане на ВиК мрежи по ул. ""Хаджи Димитър"", ул. ""Банска"", ""Стое Джуров"", ул. ""Детелина"", ул. ""Калиакра"" и ул. ""Средец"", кв. ""Кумарица"", р-н ""Нови Искър""","Столична община, област София-град",0.00000,0.00000,0.00000
7225,OP-24.001-2982,"Многофункционална спортна зала в УПИ III, квартал 26, град Нови Искър, квартал ""Курило"", гр. Нови Искър, район ""Нови Искър"", Столична община","Столична община, област София-град",0.00000,0.00000,0.00000
7225,OP-24.001-1234,"ВиК мрежа по ул. ""Розова долина""; по ул. ""Беласица""; по ул. ""Бреза"" и по ул. ""Гина Кунчева"", кв. ""Курило"", гр. Нови Искър","Столична община, област София-град",0.00000,0.00000,0.00000
7225,OP-24.001-1225,"Корекция на р. Владайска в участъка от км 0+349 до км 0+730, район ""Овча купел"", в т.ч. и надзор","Столична община, област София-град",0.00000,0.00000,0.00000
7225,OP-24.001-3001,"Проектиране и изграждане на пристройка с три градински групи към съществуваща сграда на ДГ 89, както и музикален кабинет в гр. София, кв. Враждебна, район ""Кремиковци"", Столична община","Столична община, област София-град",0.00000,0.00000,0.00000
7225,OP-24.001-1233,"Изграждане на улици и паркинги в ж.к. ""Лев Толстой"" – СМР, строителен надзор, авторски надзор","Столична община, област София-град",0.00000,0.00000,0.00000
7225,OP-24.001-1236,"Изграждане на ВиК мрежи по улици ""Оброчище"", ""Върбовка"", ""Беласица"", ""Гина Кунчева"", район ""Нови Искър""","Столична община, област София-град",0.00000,0.00000,0.00000
7225,OP-24.001-1248,"Изграждане на канализация по ул. ""Ефрем Чучков"" в у-ка от ул. ""24"" (ОТ4) до включването в Десен Какачки колектор (о.т. 1), кв. ""Обеля"", р-н ""Връбница""","Столична община, област София-град",0.00000,0.00000,0.00000
7225,OP-24.001-1238,"Изграждане на улици в кв. Симеоново (Шумако, 86-а, 82-ра)","Столична община, област София-град",0.00000,0.00000,0.00000
7225,OP-25.001-0619,"Инженеринг (проектиране, строителство и упражняване на авторски надзор) за изграждане на сграда, предназначена за училище, в УПИ V – за училище (ПИ с идент. 68134.1976.1085 по КККР на гр. София), кв. 67, кв. ""Драгалевци"", гр. София, район ""Витоша""","Столична община, област София-град",0.00000,0.00000,0.00000
7225,OP-24.001-1243,"Изграждане на улица (от о.т. 31а до о.т. 32а) от ул. ""Зайчар"" до ул. ""Царибродска"", включително съпътстваща техническа инфраструктура, и Изграждане на улица (от о.т. 17б до о.т. 30а) от ул. ""Царибродска"" до ул. ""Димитър Петков""","Столична община, област София-град",0.00000,0.00000,0.00000
7225,OP-24.001-2693,"Основен ремонт и осигуряване на достъпна архитектурна среда в сградата на Дом на културата – гр. Бухово, район ""Кремиковци"", Столична община","Столична община, област София-град",0.00000,0.00000,0.00000
7225,OP-24.001-1252,"Изграждане на ново мостово съоръжение на ул. ""Тодор Джебаров"", кв. ""Манастирски ливади-изток""","Столична община, област София-град",138.26429,0.00000,138.26429
7225,OP-24.001-1249,"Основен ремонт на Дом на културата, гр. Бухово (Построен през 1950 г. от ДСО ""Редки метали"", Дом на културата, гр. Бухово, е най-старият културен дом на територията на столицата и конкретно район ""Кремиковци"" с характерен за периода архитектурен стил и мащаби. По модел на Народен театър ""Иван Вазов"", проект на известни виенски архитекти.)","Столична община, област София-град",0.00000,0.00000,0.00000
7225,OP-24.001-2986,"Реконструкция на междублоково пространство с детски площадки за деца от 0 до 3 и от 3 до 12 години, ""Младост 1""","Столична община, област София-град",0.00000,0.00000,0.00000
7225,OP-24.001-2995,"Двуетажна постройка с четири учебни помещения: два специализирани кабинета и две STEM стаи към 159 ОУ, гр. София, кв. Челопечене, район ""Кремиковци"", Столична община","Столична община, област София-град",0.00000,0.00000,0.00000
7225,OP-24.001-1245,"Основен ремонт и реконструкция на площада пред НЧ ""Виделина"", разположен на нивото на терена, и укрепване на съществуваща стоманобетонна плоча под него заедно с полагане на нова хидроизолация и реконструкция на помещенията под площада и изграждане на нов архив","Столична община, област София-град",0.00000,0.00000,0.00000
7225,OP-24.001-3013,Инженеринг – проектиране и изграждане на ДГ в с. Железница за четири групи деца,"Столична община, област София-град",0.00000,0.00000,0.00000
7225,OP-24.001-1250,"Изграждане на Дубльор на канализационен колектор по бул. ""Симеоновско шосе"" от о.т. 71 до о.т. 72, райони ""Студентски"" и ""Лозенец""","Столична община, област София-град",0.00000,0.00000,0.00000
7225,OP-24.001-1253,"Изграждане на Главен канализационен клон I по ул. ""Свети Иван Рилски"" и по ул. ""Брезова гора"", кв. ""Курило"", гр. Нови Искър","Столична община, област София-град",0.00000,0.00000,0.00000
7225,OP-24.001-1263,"Основен ремонт на опасна подпорна стена на ул. ""Иван Вазов""","Столична община, област София-град",0.00000,0.00000,0.00000
7225,OP-24.001-1241,"Смяна на предназначението на първи етаж от многофункционална сграда, с. Владая, в медицински център, аптека, лаборатория и кафе-чайна","Столична община, област София-град",0.00000,0.00000,0.00000
7225,OP-24.001-1279,"Внедряване на мерки за повишаване на енергийната ефективност и съпътстващи мероприятия на сграда 68134.8552.169.1 (Кметството на кв. Враждебна представлява масивна сграда, построена през 1952 г., състояща се от един етаж с полуподземно ниво и подпокривно пространство с таванска стая.)","Столична община, област София-град",0.00000,0.00000,0.00000
7225,OP-24.001-1280,"Сграда на НЧ ""Виделина"" и районна администрация, с. Панчарево. Изготвяне на цялостен проект за реконструкция и укрепване, подмяна на облицовката и проект за енергийно обследване и изготвяне на паспорт, свързано с цялостното саниране на сградата на НЧ ""Виделина"" и районната администрация","Столична община, област София-град",0.00000,0.00000,0.00000
7225,OP-24.001-1237,"Основен ремонт на р. Владайска в участъка от бул. ""Овча купел"" до съществуваща корекция при стадион ""Славия"", район ""Овча купел"", в т.ч. СН, АН и др.","Столична община, област София-град",0.00000,0.00000,0.00000
7225,OP-24.001-1287,"Вертикална планировка в пространството пред бл. 549 откъм бул. ""П. Владигеров"", ж.к. ""Люлин"" – 5 м.р.","Столична община, област София-град",0.00000,0.00000,0.00000
7225,OP-24.001-1289,Внедряване на мерки за повишаване на енергийната ефективност на сграда с ид. 68134.8200.384.1 (Сградата на кметството е построена през 1928 г. и представлява масивна едноетажна сграда.),"Столична община, област София-град",0.00000,0.00000,0.00000
7225,OP-24.001-1285,"Изграждане на ВиК мрежи по ул. ""Орех"" от о.т. 148 до о.т. 149, кв. ""Суходол"", р-н ""Овча купел""","Столична община, област София-град",0.00000,0.00000,0.00000
7225,OP-24.001-2694,"Етап две на изградена игрална площадка за футбол с дренажна система: ""Изграждане на предпазна ограда със система за осветление"", с. Желява, район ""Кремиковци"", Столична община","Столична община, област София-град",0.00000,0.00000,0.00000
7225,OP-24.001-2695,"Основен ремонт и реновиране на ""Войнишки паметник"" и околно пространство, кв. Враждебна, район ""Кремиковци"", Столична община","Столична община, област София-град",0.00000,0.00000,0.00000
7225,OP-24.001-1257,"Стълбище и асансьор до хотел ""Сердика""","Столична община, област София-град",0.00000,0.00000,0.00000
7225,OP-24.001-1301,"Основен ремонт на градска тоалетна в парк ""Кестените""","Столична община, област София-град",0.00000,0.00000,0.00000
7225,OP-24.001-1251,"Проектиране и изграждане на ул. ""Проф. Кирил Попов"" в участъка между о.т. 465-о.т. 4а-о.т. 40-о.т. 39-о.т. 42-о.т. 38-о.т. 49-о.т. 68-о.т. 75 и о.т. 76","Столична община, област София-град",0.00000,0.00000,0.00000
7225,OP-24.001-1307,"Изготвяне на технически проект за обект: ""Обществен паркинг в УПИ ІІ, кв. 36, м. ""Суха река-запад"", Столична община, район ""Подуяне""","Столична община, област София-град",0.00000,0.00000,0.00000
7225,OP-24.001-2590,"Проектиране на ул. ""Нишава"" (ПИ 68134.205.118) от бул. България до ул. Дойран в ж.к. ""Белите брези"", гр. София","Столична община, област София-град",0.00000,0.00000,0.00000
7225,OP-24.001-1312,"Проектиране на ново ел. осветление в ж.к. ""Красна поляна"" 1, по бул. ""Вардар"" от бул. ""Ал. Стамболийски"" до пазара. Ориентировъчна дължина на трасето","Столична община, област София-град",0.00000,0.00000,0.00000
7225,OP-24.001-1313,"Изготвяне на инвестиционен проект за мост над р. Клисурска при ул. Радово, кв. Бели брег","Столична община, област София-град",22.50000,0.00000,22.50000
7225,OP-24.001-1310,"Сграда на НЧ ""Виделина"" и районна администрация, с. Панчарево. Изработване на проект за основен ремонт и реконструкция на площада пред НЧ ""Виделина"", разположен на нивото на терена, и укрепване на съществуваща стоманобетонна плоча под него заедно с проект за полагане на нова хидроизолация и реконструкция на пространствата под площада и изграждане на нов архив","Столична община, област София-град",43.60000,0.00000,43.60000
7225,OP-24.001-1319,"Изготвяне на технически проект за изграждане на кръгово кръстовище между ул. ""Проф. д-р Иван Странски"", ул. ""Акад. Стефан Младенов"" и ул. ""Проф. Живко Сталев"", между кв. 270 и 270а, м. Студентски град, и кв. 5 и кв. 54, м. Малинова долина","Столична община, област София-град",0.00000,0.00000,0.00000
7225,OP-24.001-2165,"Изготвяне на технически проект за обект – изпълнение мерки за повишаване на EE на сградата на 24 СУ ""Пейо Крачолов Яворов""","Столична община, област София-град",0.00000,0.00000,0.00000
7225,OP-24.001-1316,"Изготвяне на инвестиционен проект за възстановяване на същ. мост на р. Клисурска при ул. Липа, кв. Вердикал","Столична община, област София-град",23.99400,0.00000,23.99400
7225,OP-24.001-2164,Изготвяне на технически проект за обект – изпълнение мерки за повишаване на EE на сградата на ДГ 92 – основна сграда,"Столична община, област София-град",0.00000,0.00000,0.00000
7225,OP-24.001-1320,"НЧ ""Светлина"", с. Лозен, изготвяне на проект за основен ремонт, енергийно обследване и паспорт, свързани с цялостно саниране и подмяна на покрива на сградата на НЧ ""Светлина"" в с. Горни Лозен","Столична община, област София-град",0.00000,0.00000,0.00000
7225,OP-24.001-3002,"Изготвяне на работен проект ""Реконструкция на път до с. Кътина между о.т. 252 /при ул. ""Локомотив""/ до о.т. 6в""","Столична община, област София-град",0.00000,0.00000,0.00000
7225,OP-24.001-1321,"Проектиране на ново ел. осветление в ж.к. ""Красна поляна"" 2, междублоковото пространство на бл. 215, бл. 216 и бл. 217. Строителен и авторски надзор. Ориентировъчна дължина на трасето","Столична община, област София-град",0.00000,0.00000,0.00000
7225,OP-24.001-1256,Укрепване на опасен участък на ул. Бор,"Столична община, област София-град",8.46000,0.00000,8.46000
7225,OP-24.001-1322,"Проектиране на ново ел. осветление в ж.к. ""Красна поляна"" 1, м/у бл. 23, бл. 24 и бл. 25 и детската площадка. Строителен и авторски надзор. Ориентировъчна дължина на трасето","Столична община, област София-град",0.00000,0.00000,0.00000
7225,OP-24.001-1324,"Проектиране на ново ел. осветление в ж.к. ""Разсадник – Коньовица"", карето м/у ул. ""Алеко Туранджа"" и бл. 24. Строителен и авторски надзор. Ориентировъчна дължина на трасето","Столична община, област София-град",0.00000,0.00000,0.00000
7225,OP-24.001-1325,"Проектиране на ново ел. осветление в ж.к. ""Западен парк"", междублоковото пространство на бл. 86, бл. 87 до бл. 83 – изготвяне на проекти по части Електро, Геодезия и ПБЗ, Строителен и авторски надзор. Ориентировъчна дължина на трасето","Столична община, област София-град",0.00000,0.00000,0.00000
7225,OP-24.001-1326,"Проектиране на ново ел. осветление в ж.к. ""Красна поляна"" 1, междублоковото пространство на бл. 26А, бл. 26Б и бл. 26В. Строителен и авторски надзор. Ориентировъчна дължина на трасето","Столична община, област София-град",0.00000,0.00000,0.00000
7225,OP-24.001-1329,"Проектиране на спортно игрище за баскетбол, волейбол и бадминтон в ПИ 68134.1108.189, ж.к. ""Западен парк"", срещу СГХСТ – Софийска гимназия по хлебни и сладкарски технологии","Столична община, област София-град",0.00000,0.00000,0.00000
7225,OP-25.001-0622,"Облагородяване на училищен двор, изграждане на спортна зала и на 20 класни стаи с цел преминаване на едносменен режим на обучение в 138 СУЗИЕ ""Проф. Васил Златарски"", район ""Слатина""","Столична община, област София-град",0.00000,0.00000,0.00000
7225,OP-25.001-0623,"Облагородяване на училищен двор и прилежащо незастроено пространство в размер на 15 дка и изграждане на спортна зала в съседен общински имот в 88 СУ ""Димитър Попниколов"", район ""Овча купел""","Столична община, област София-град",0.00000,0.00000,0.00000
7225,OP-24.001-1223,"Изграждане на етажен паркинг и подземен гараж в УПИ VI-265, 266 – ""за ПГ и етажен паркинг"", кв. 2в, м. ""Младост-3""","Столична община, област София-град",0.00000,0.00000,0.00000
7225,OP-24.001-3017,"Изграждане на общинската администрация за район ""Люлин"" – СО, в ПИ 68134.4360.976","Столична община, област София-град",0.00000,0.00000,0.00000
7225,OP-24.001-3004,"Основен ремонт и внедряване на енергоефективни мерки в 68 СУ ""Академик Никола Обрешков"", жк ""Дружба 2"", район ""Искър"", гр. София","Столична община, област София-град",0.00000,0.00000,0.00000
7225,OP-24.001-3006,"Основен ремонт и внедряване на енергоефективни мерки в 21 Детска градина ""Ежко Бежко"" – Филиал, кв. ""Дружба-1"", район ""Искър"", гр. София","Столична община, област София-град",0.00000,0.00000,0.00000
7225,OP-24.001-1231,"Проектиране и изграждане на ул. ""Добротица Деспот"" (ПИ 68134.201.131) и благоустрояване на зоните около нея (ПИ 68134.201.176, 68134.201.127, 68134.201.130, 68134.201.163 и 68134.201.164) в ж.к. ""Лагера"", гр. София","Столична община, област София-град",0.00000,0.00000,0.00000
7225,OP-24.001-1227,"Ремонт на ул. ""Велчо Атанасов"", район ""Слатина"" (от о.т. 229б при ул. ""Калиманци"" – през о.т. 224-о.т. 232-о.т. 23 о.т. 79-о.т. 64 до о.т. 5, където е кръстовището с ул. ""Атанас Узунов"" и продължава по о.т. 67 до о.т. 81 преди кръстовището с ул. ""Боян Магесник"")","Столична община, област София-град",0.00000,0.00000,0.00000
7225,OP-24.001-2996,"Проектиране и изпълнение на основен ремонт на административната сграда на Район ""Младост"", СО","Столична община, област София-град",0.00000,0.00000,0.00000
7225,OP-25.001-0620,"Изграждане на нов център за рехабилитация с минерална вода и кинезитерапия, кв. Кумарица, гр. Нови Искър, район ""Нови Искър"", Столична община","Столична община, област София-град",0.00000,0.00000,0.00000
7225,OP-24.001-2991,"Инженеринг (проектиране, строителство и упражняване на авторски надзор) за изпълнение на строеж: ""Основен ремонт на улица ""Христо Белчев"" СО – район ""Средец""","Столична община, област София-град",0.00000,0.00000,0.00000
7225,OP-24.001-1232,"Ул. ""Хенрик Ибсен"" от бул. ""Черни връх"" до ул. ""Козяк""","Столична община, област София-град",0.00000,0.00000,0.00000
7225,OP-24.001-2990,"Проектиране и изпълнение на основен ремонт на 39 СУ, район ""Младост""","Столична община, област София-град",0.00000,0.00000,0.00000
7225,OP-24.001-3016,"Изграждане на концертна зала за район ""Люлин"" – СО, в ПИ 68134.4360.976","Столична община, област София-град",0.00000,0.00000,0.00000
7225,OP-24.001-3009,"Изграждане и обновяване на три междублокови пространства до бл. 543, до бл. 31 и до бл. 983","Столична община, област София-град",0.00000,0.00000,0.00000
7225,OP-24.001-2994,"Изготвяне и изпълнение на инвестиционен проект чрез инженеринг – основен ремонт на подпокривното пространство и преустройството му в използваеми помещения и пристройка за нов физкултурен салон на 127 СУ ""Иван Николаевич Денкоглу"" – район ""Средец""","Столична община, област София-град",0.00000,0.00000,0.00000
7225,OP-24.001-2998,"Проектиране и изпълнение за реконструкция на парк ""Сухото дере"" в ""Младост 4""","Столична община, област София-град",0.00000,0.00000,0.00000
7225,OP-25.001-0624,"Инженеринг (проектиране и основен ремонт), включващ основни сгради и дворно пространство на обект ДГ 69 ""Жар птица"", находящ се в ж.к. Хаджи Димитър, ул. ""Найден Георгиев"" 12","Столична община, област София-град",0.00000,0.00000,0.00000
7225,OP-24.001-2983,"Изграждане на ул. ""Крикор Азарян"" между кв. 3а, 4а, 5а, 6 и кв. 9, 8, 7, м. Малинова долина 1-ва, 2-ра, 3-та, 4-та, 5-а и 6-а, І част: От о.т. 38-о.т. 37-о.т. 36-о.т. 89-о.т. 89-о.т. 32 до о.т. 31, район ""Студентски"", гр. София","Столична община, област София-град",0.00000,0.00000,0.00000
7225,OP-24.001-3019,"Реконструкция на път до с. Кътина между о.т. 252 (при ул. ""Локомотив"") до о.т. 6в","Столична община, област София-град",0.00000,0.00000,0.00000
7225,OP-24.001-1288,"Проектиране и изграждане на улица с о.т. 4 – 5 – 101 между квартали 79, 80 (южна страна) и квартали 78 и 77 (северна страна) в ж.к. ""Дружба 1"" – инженеринг","Столична община, област София-град",0.00000,0.00000,0.00000
7225,OP-24.001-3008,"Проектиране, СМР и упражняване на авторски надзор за обект: ""Изграждане на паркоместа и реконструкция на тротоари по улици между квартали 27, 29, 30, 31, 32 и 33 по плана на м. ""Дружба 1 – I и II част"", р-н ""Искър"" (инженеринг)","Столична община, област София-град",0.00000,0.00000,0.00000
7225,OP-24.001-2582,"Изграждане на ул. ""Тодор Недков"" в участъка между о.т. 15 – о.т. 117; о.т. 108 – о.т. 111 и от о.т. 26 – о.т. 22, м. ""Малинова долина 1-ва, 2-ра, 3-та, 4-та, 5-а и 6-а част"", СО, район ""Студентски""","Столична община, област София-град",0.00000,0.00000,0.00000
7225,OP-24.001-2581,"Спортен комплекс – футболен стадион с трибуни, находящ се в УПИ I – за спорт и озеленяване, кв. 131, м. Ж.к. Овча купел 1, ПИ с идентификатор 68134.4334.9554","Столична община, област София-град",0.00000,0.00000,0.00000
7225,OP-24.001-2997,"Проектиране и изпълнение на реконструкция на парк в ""Младост 3"" пред общината","Столична община, област София-град",0.00000,0.00000,0.00000
7225,OP-24.001-1247,"Изграждане на ВиК мрежата на кв. ""Суходол"", район ""Овча купел"" – Подобект: ""Канализационни клонове 73, 77, 74, 78, 70, 67, 68, 61, 63, 64, 56"", в т.ч. СН, АК и др.","Столична община, област София-град",0.00000,0.00000,0.00000
7225,OP-24.001-3007,"Проектиране, СМР и упражняване на авторски надзор за обект: ""Изграждане на паркоместа и реконструкция на тротоари по улици между квартали 13, 14, 15 и 16 по плана на м. Дружба 1 – I и II част, р-н ""Искър"" (инженеринг)","Столична община, област София-град",0.00000,0.00000,0.00000
7225,OP-24.001-3000,"Проектиране и възстановяване на паркова среда, достъпна среда, изграждане на спортно игрище, детска площадка и паркова сцена в имот с идентификатор 22304.7891.925, находящ се в с. Долни Богров, район ""Кремиковци"", Столична община","Столична община, област София-град",0.00000,0.00000,0.00000
7225,OP-24.001-3018,"Уличен водопровод ф 250 ПЕВП/Клон А/ с начало съществуващ водопровод с диаметър ф 1200 мм стомана през учреден сервитут за техническа инфраструктура и колектор, местност ОСЗ ""Сгуроотвала"", район ""Подуяне"" и р-н ""Сердика"", гр. София","Столична община, област София-град",0.00000,0.00000,0.00000
7225,OP-24.001-2999,"Проектиране и възстановяване на паркова среда, достъпна среда и изграждане на спортни игрища в имот с идентификатор 07140.8092.1726, находящ се в гр. Бухово, район ""Кремиковци"", Столична община","Столична община, област София-град",0.00000,0.00000,0.00000
7225,OP-24.001-3014,"Сграда за медицински център и обществено обслужване в УПИ XIV, кв. 39, м. Орландовци – Малашевци, ПИ с идентификатор 68134.508.1810 по КККР на СО – район ""Сердика""","Столична община, област София-град",0.00000,0.00000,0.00000
7225,OP-25.001-0621,"Инженеринг (проектиране, авторски надзор и строителство) на обект: Основен ремонт на ул. ""Преображенско въстание"" от о.т. 89 до о.т. 114, ж.к. ""Света Троица"", район ""Илинден"" – СО","Столична община, област София-град",0.00000,0.00000,0.00000
7225,OP-24.001-2583,"Реконструкция, ремонт, обновяване на мостове/пасарелки над Перловска река","Столична община, област София-град",0.00000,0.00000,0.00000
7225,OP-24.001-1265,"Реконструкция, ремонт, обновяване на мостове/пасарелки над Перловска река","Столична община, област София-град",0.00000,0.00000,0.00000
7225,OP-24.001-2588,"Изпълнение на строително-монтажни работи по ремонт на съществуващи съоръжения и отводняване на ул. ""Митю Войнишки"", с. Казичене","Столична община, област София-град",0.00000,0.00000,0.00000
7225,OP-24.001-3005,"Основен ремонт на физкултурния салон на 4-то ОУ ""Професор Джон Атанасов"", кв. ""Дружба 1"", район ""Искър"", гр. София","Столична община, област София-град",0.00000,0.00000,0.00000
7225,OP-24.001-1271,Проект в техническа фаза за локална пречиствателна станция за отпадни води в с. Волуяк,"Столична община, област София-град",0.00000,0.00000,0.00000
7225,OP-24.001-3015,"Сграда за лаборатория, амбулатория и обществено обслужване в УПИ XIV, кв. 39, м. Орландовци – Малашевци, ПИ с идентификатор 68134.508.1809 по КККР на СО – район ""Сердика""","Столична община, област София-град",0.00000,0.00000,0.00000
7225,OP-24.001-1261,"Проектиране и основен ремонт на ул. ""Българска морава"" между бул. ""Тодор Александров"" и ул. ""Пиротска"" – пътно платно","Столична община, област София-град",0.00000,0.00000,0.00000
7225,OP-24.001-2584,"Изработване на работен инвестиционен проект за ""Изграждане на Училищна сграда на 33 Езикова гимназия ""Света София""","Столична община, област София-град",0.00000,0.00000,0.00000
7225,OP-24.001-1273,"Изграждане на мост над р. Клисурска при ул. Липа, кв. Вердикал","Столична община, област София-град",0.00000,0.00000,0.00000
7225,OP-24.001-1262,"Изготвяне проект в идейна фаза на ВиК мрежи в кв. ""Факултета"" – Главен клон V – по ул. ""Суходолска"", ул. ""Ришки проход"", ул. ""Добротич"", вкл. и прилежащите й клонове","Столична община, област София-град",0.00000,0.00000,0.00000
7225,OP-24.001-1266,"Едноетажна пристройка на входно фоайе и асансьор за осигуряване на достъп на хора в неравностойно положение към административна сграда на 4 етажа (районна администрация – ""Люлин"" и НАП)","Столична община, област София-град",0.00000,0.00000,0.00000
7225,OP-24.001-1267,Проектиране на многоетажни квартални паркинги – 7 броя,"Столична община, област София-град",0.00000,0.00000,0.00000
7225,OP-24.001-2604,"Реконструкция, ремонт, обновяване на междублокови пространства за бл. 430, бл. 431, бл. 432 и бл. 433 в СО, р-н ""Люлин""","Столична община, област София-град",0.00000,0.00000,0.00000
7225,OP-24.001-2166,"Уличен паркинг съгласно одобрена улична регулация, срещу бл. 57, на ул. ""Ген. Стоян Стоянов"", ж.к. ""Дружба 1"", СО – район ""Искър""","Столична община, област София-град",0.00000,0.00000,0.00000
7225,OP-24.001-1276,"Реконструкция и възстановяване на водното огледало и алейното осветление и видеонаблюдение в градина ""Равин Гавриел Меркадо Алмоснино""","Столична община, област София-град",0.00000,0.00000,0.00000
7225,OP-24.001-3011,Основен ремонт на спортни игрища на 78 СУ,"Столична община, област София-град",0.00000,0.00000,0.00000
7225,OP-24.001-2586,"Инвестиционно проектиране на внедряване на мерки за енергийна ефективност и на основен ремонт на училищния двор на 21 СУ ""Христо Ботев"", район ""Лозенец"" – СО","Столична община, област София-град",0.00000,0.00000,0.00000
7225,OP-24.001-1278,"Пешеходен мост на река Суходолска, по който се осъществява достъпът до Западен парк от живущите в район ""Люлин – 10 м.р.","Столична община, област София-град",0.00000,0.00000,0.00000
7225,OP-24.001-3010,"Вътрешно преустройство и смяна предназначението на помещение за съхранение в зала за спорт към 78 СУ, находящи се в подземен етаж в блок А1 на 78 СУ, УПИ I – единно политехническо училище, кв. 33, гр. Банкя, район ""Банкя""","Столична община, област София-град",0.00000,0.00000,0.00000
7225,OP-24.001-1282,"Проектиране на обект: Ремонт на бул. ""Петър Дертлиев"" – проучвателни и проектни работи","Столична община, област София-град",0.00000,0.00000,0.00000
7225,OP-24.001-2984,"Изграждане на ново осветление в ж.к. ""Разсадника – Коньовица"", карето между ул. ""Алеко Туранджа"" и бл. 24, находящо се в ПИ 68134.1106.309","Столична община, област София-град",0.00000,0.00000,0.00000
7225,OP-24.001-2985,"Изграждане на ново улично осветление в ж.к. ""Красна поляна"" 1 по бул. ""Вардар"" от бул. ""Ал. Стамболийски"" до пазар ""Росица"" (от о.т. 29б – о.т. 26б до имотна граница между УПИ IV-123 и УПИ I-79, кв. 109)","Столична община, област София-град",0.00000,0.00000,0.00000
7225,OP-24.001-1284,"Изготвяне на технически проект за обект: ""Водоснабдяване и канализация на ж.к. ""Левски-В"" на територията на Столична община, район ""Подуяне""","Столична община, област София-град",0.00000,0.00000,0.00000
7225,OP-24.001-1286,"Изграждане на ул. ""Айдемир"" (о.т. 107 – о.т. 108), м. Дървеница","Столична община, област София-град",0.00000,0.00000,0.00000
7225,OP-24.001-3012,"Спортна площадка в УПИ III-2316 за спорт (ПИ с идентификатор 35239.6102.2344), кв. 17А, местност С. Казичене, СО – район ""Панчарево""","Столична община, област София-град",0.00000,0.00000,0.00000
7225,OP-24.001-1290,"Изготвяне на технически проект за обект: ""Етажен паркинг-гараж на територията на Столична община, район ""Подуяне""","Столична община, област София-град",0.00000,0.00000,0.00000
7225,OP-24.001-1304,"Реконструкция на тротоари и джобове за паркиране по безименна улица в ж.к. "" Илинден"" от ул. ""Антон"" до ул. ""Индже войвода"", в участъка от бл. 13 до бл. 16, вкл. стр. надзор","Столична община, област София-град",0.00000,0.00000,0.00000
7225,OP-24.001-1291,"Изготвяне проект в идейна фаза на ВиК мрежи в кв. ""Факултета"" – Главен клон III – по ул. ""Житница"", нереализирана улица, ул. ""Ришки проход"" до бул. ""Н. Мушанов"", вкл. и прилежащите й клонове","Столична община, област София-град",0.00000,0.00000,0.00000
7225,OP-24.001-2585,"Изграждане на нова детска площадка за деца от 3 до 12 г. в кв. 26 за ОЖС и КОО, ПИ 68134.1108.115, местност Ж.к. ""Красна поляна"", и облагородяване на прилежащите й площи, попадащи в междублоковото пространство на бл. 9 и бл. 10, ж.к. ""Красна поляна I част"", район ""Красна поляна""","Столична община, област София-град",0.00000,0.00000,0.00000
7225,OP-24.001-1292,"Проектиране на обект: ""Ремонт на бул. ""Добринова скала"" – проучвателни и проектни работи","Столична община, област София-град",0.00000,0.00000,0.00000
7225,OP-24.001-1293,"Проектиране за изграждане на пътна връзка от о.т. 41 до о.т. 42и и о.т. 42з до о.т. 56 и съпътстващата я техническа инфраструктура (продължението на ул. Александър Паскалев), ж.к. ""Младост-4"", район ""Младост""","Столична община, област София-град",0.00000,0.00000,0.00000
7225,OP-24.001-1294,"Проектиране и градоустройство на пешеходен мост над бул. ""Михай Еминеску""","Столична община, област София-град",0.00000,0.00000,0.00000
7225,OP-24.001-1295,"Изготвяне проект в идейна фаза на ВиК мрежи в кв. ""Факултета"" – Главен клон I – по ул. ""Суходолска"" до съществуващ клон по бул. ""Президент Линкълн"", вкл. и прилежащите й клонове","Столична община, област София-град",0.00000,0.00000,0.00000
7225,OP-24.001-1259,"Изготвяне на работен проект за основен ремонт на междублоково пространство в ж.к. ""Света Троица"", бл. 365, бл. 366, бл. 366A и бл. 367","Столична община, област София-град",0.00000,0.00000,0.00000
7225,OP-24.001-2987,"Изграждане на ново осветление в ж.к. ""Красна поляна"" 2, междублоковото пространство на бл. 215, бл. 216 и бл. 217, находящо се в ПИ 68134.1108.54","Столична община, област София-град",0.00000,0.00000,0.00000
7225,OP-24.001-2587,Изготвяне на работни инвестиционни проекти за основен ремонт/реконструкция на детски площадки за игра на открито – 6 броя,"Столична община, област София-град",0.00000,0.00000,0.00000
7225,OP-24.001-1297,"Изготвяне проект в идейна фаза на ВиК мрежи в кв. ""Факултета"" – Главен клон IV – по бул. ""Възкресение"" от ул. ""Кърпи кожух"" до ул. ""Ришки проход"", вкл. и прилежащите й клонове","Столична община, област София-град",0.00000,0.00000,0.00000
7225,OP-24.001-1298,"Изготвяне проект в идейна фаза на ВиК мрежи в кв. ""Факултета"" – Главен клон II – по ул. ""Нов живот"", ул. ""Метохия"" и ул. ""Житница"", вкл. и прилежащите й клонове","Столична община, област София-град",0.00000,0.00000,0.00000
7225,OP-24.001-2988,"Изграждане на ново осветление в ж.к. ""Западен парк"", междублоково пространство на бл. 86, бл. 87 до бл. 83, находящо се в ПИ 68134.1105.121","Столична община, област София-град",0.00000,0.00000,0.00000
7225,OP-24.001-2594,"Инвестиционно проектиране на преустройство на ул. ""Кишинев"" в участъка от бул. ""Черни връх"" до ул. ""Козяк"", район ""Лозенец"" – СО","Столична община, област София-град",0.00000,0.00000,0.00000
7225,OP-24.001-2989,"Изграждане на ново осветление в ж.к. ""Красна поляна"" 1, междублоковото пространство на бл. 23, бл. 24 и бл. 25, находящо се в ПИ 68134.1108.96","Столична община, област София-град",0.00000,0.00000,0.00000
7225,OP-24.001-1303,"Улично осветление по ул. ""Страцин"" от кръстовището с ул. ""Банат"" до кръстовището с бул. ""Черни връх""","Столична община, област София-град",0.00000,0.00000,0.00000
7225,OP-24.001-2589,"Изграждане на детска площадка за деца от 3 до 12 г. в ПИ 68134.1106.23, ж.к. ""Илинден"", между бл. 15 и бл. 16","Столична община, област София-град",0.00000,0.00000,0.00000
7225,OP-24.001-2992,"Изграждане на ново осветление в ж.к ""Красна поляна"" 1, междублоковото пространство на бл. 26А, бл. 26Б, находящо се в ПИ 68134.1108.58","Столична община, област София-град",0.00000,0.00000,0.00000
7225,OP-24.001-2993,"Изготвяне инвестиционен проект за основен ремонт на улица ""Аксаков"" СО – район ""Средец""","Столична община, област София-град",0.00000,0.00000,0.00000
7225,OP-24.001-2591,"Изготвяне на технически проект за изграждане на улично осветление на ул. Лисец № 1, 2, ул. Буная, ул. Каймакчалан и ул. Сердика на територията на район ""Оборище""","Столична община, област София-град",0.00000,0.00000,0.00000
7225,OP-24.001-2598,"Инвестиционно проектиране на изграждане на ул. ""Флора Кънева"" и ул. ""Борис Руменов"", в участъка от ул. ""Арарат"" до ул. ""Филип Кутев"", район ""Лозенец"" – СО","Столична община, област София-град",0.00000,0.00000,0.00000
7225,OP-24.001-2592,"Изготвяне на работен инвестиционен проект за ""Реконструкция и благоустрояване на ул. ""Иван Хаджиенев"" от о.т. 20 до служебен вход на ПГТЕ ""Хенри Форд""","Столична община, област София-град",0.00000,0.00000,0.00000
7225,OP-24.001-2593,"Изготвяне на технически проекти по всички части за нова сграда в ПИ 68134.1114.1336, УПИ I-127, 1336, кв. ""Факултета"", предназначена за настаняване на социално слаби граждани (приблизително за 17 семейства)","Столична община, област София-град",0.00000,0.00000,0.00000
7225,OP-24.001-2595,"Изготвяне на технически проекти по всички части за нова сграда в ПИ 68134.1114.1336, УПИ I-1336, кв. ""Факултета"", предназначена за настаняване на социално слаби граждани (приблизително за 16 семейства)","Столична община, област София-град",0.00000,0.00000,0.00000
7225,OP-24.001-1314,"Изготвяне на инвестиционен проект за възстановяване на същ. мост на р. Банска по безименна улица към стадион ""Банкя""","Столична община, област София-град",0.00000,0.00000,0.00000
7225,OP-24.001-1315,"Изготвяне на инвестиционен проект за възстановяване на същ. мост на р. Михайловска, кв. Михайлово","Столична община, област София-град",0.00000,0.00000,0.00000
7225,OP-24.001-2596,"Изготвяне на работен проект за ""Благоустрояване, озеленяване и ремонт на пешеходно пространство – подход към метростанция ""Вардар""","Столична община, област София-град",0.00000,0.00000,0.00000
7225,OP-24.001-2599,"Инвестиционно проектиране на преустройство на пешеходна алея със стълбище, разположена между кв. 236 и кв. 236а, м. Лозенец I част, и на част от ул. ""Милевска планина"" до ул. ""Кожух планина"", район ""Лозенец"" – СO","Столична община, област София-град",0.00000,0.00000,0.00000
7225,OP-24.001-2600,"Инвестиционно проектиране на изграждане на ул. ""Проф. Елисавета Карамихайлова"" и части от ул. ""Дионисий Дионисиев"" и ул. ""Иван Радоев"", район ""Лозенец"" – СО","Столична община, област София-град",0.00000,0.00000,0.00000
7225,OP-24.001-1317,"Изготвяне проект в идейна фаза на ВиК мрежи в кв. ""Факултета"" – Главен клон V – довеждащ – по бул. ""Никола Мушанов"", ул. ""Орлица"", бул. ""Вардар"" до колектора","Столична община, област София-град",0.00000,0.00000,0.00000
7225,OP-24.001-2603,"Инвестиционно проектиране на основен ремонт на пешеходна алея със стълбище, разположена между кв. 238а и кв. 238б, м. Лозенец I част, район ""Лозенец"" – СО","Столична община, област София-град",0.00000,0.00000,0.00000
7225,OP-24.001-2605,"Инвестиционно проектиране на основен ремонт на пешеходна алея със стълбище, разположена между кв. 242б и кв. 242в, м. Лозенец I част, район ""Лозенец"" – СО","Столична община, област София-град",0.00000,0.00000,0.00000
7225,OP-24.001-2601,"Изготвяне на технически проект за монтаж на зарядни станции по стълбове около Докторски паметник на територията на район ""Оборище""","Столична община, област София-град",0.00000,0.00000,0.00000
7225,OP-24.001-2602,"Изготвяне на работен проект за ""Основен ремонт на площад (ПИ с идентификатор 68134.1201.168) и ул. ""Зайчар"" от о.т. 12 до о.т. 16""","Столична община, област София-град",0.00000,0.00000,0.00000
7225,OP-24.001-2606,"Инвестиционно проектиране на реконструкция на детска площадка, разположена в УПИ I-458 (ПИ с идентификатор 68134.902.458), кв. 126, м. Лозенец – III част, район ""Лозенец"" – СО","Столична община, област София-град",0.00000,0.00000,0.00000
7225,OP-24.001-1323,"Изготвяне проект в идейна фаза на ВиК мрежи в кв. ""Факултета"" – второстепенна канализационна мрежа, заустваща се в съществуващата канализация по бул. ""Александър Стамболийски""","Столична община, област София-град",0.00000,0.00000,0.00000
7225,OP-24.001-2607,"Изготвяне на технически проекти по всички части на нова детска площадка за деца от 3 до 12 г. в кв. 26 за ОЖС и КОО, ПИ 68134.1108.115, местност Ж.к. Красна поляна, и облагородяване на прилежащите й площи, попадащи в междублоковото пространство на бл. 9 и бл. 10, ж.к. ""Красна поляна I част"", район ""Красна поляна""","Столична община, област София-град",0.00000,0.00000,0.00000
7225,OP-24.001-1330,"Проектиране на детска площадка за деца от 3 до 12 г. в ПИ 68134.1108.115, ж.к. ""Красна поляна II част"", между бл. 45 и бл. 46, вкл. упражняване на авторски надзор","Столична община, област София-град",0.00000,0.00000,0.00000
7301,OP-24.001-1331,"Рехабилитация и реконструкция на общински пътища на територията на община Антон, подобект: SFO1450 участък от км 10+500 (Граница общ. Пирдоп – Антон) до км 13+400 (близо до път I-6) с приблизителна дължина 2,900 км","Община Антон, област София област",2499.43096,0.00000,2499.43096
7301,OP-24.001-2608,"Строителство на улица ""Хан Аспарух"" от о.т. 189 до о.т. 197 и Рехабилитация на улица ""Стара планина"" от о.т. 88 до о.т. 100, улица ""Европа"" от о.т. 105 до о.т. 310 и улица ""Джемина"" от о.т. 35 до о.т. 370 в с. Антон, община Антон","Община Антон, област София област",0.00000,0.00000,0.00000
7301,OP-24.001-2609,"Многофункционално спортно игрище към ОУ ""Св. св. Кирил и Методий"", находящо се в ПИ с идент. № 00504.502.240, ул. ""България"" № 47, с. Антон, общ. Антон, обл. София","Община Антон, област София област",51.34335,0.00000,51.34335
7302,OP-24.001-1332,"Реконструкция на общински път SFO3024 (/I-8/ – Бобен – Хераково – /SFO1400/), км 0+000 – км 2+800 с дължина L=2,800 км","Община Божурище, област София област",0.00000,0.00000,0.00000
7302,OP-24.001-1333,"Ремонт и реконструкция на водопровод 3374 м – село Гурмазово, община Божурище","Община Божурище, област София област",0.00000,0.00000,0.00000
7302,OP-24.001-2176,"Реконструкция на улици Трети март, Малина и Отец Паисий, гр. Божурище","Община Божурище, област София област",0.00000,0.00000,0.00000
7302,OP-24.001-2183,"Реконструкция на улица ""Васил Левски"", с. Гурмазово","Община Божурище, област София област",0.00000,0.00000,0.00000
7302,OP-24.001-2173,"Реконструкция на улици Иглика, Янтра, Кокиче и Явор, гр. Божурище","Община Божурище, област София област",0.00000,0.00000,0.00000
7302,OP-24.001-2170,"Реконструкция, отводняване и благоустройство на междублоковите пространства, кв. Пролет, бл. 6, 7, 8 и бл. 11, 12, 13, гр. Божурище","Община Божурище, област София област",0.00000,0.00000,0.00000
7302,OP-24.001-2177,"Реконструкция на улици Люлин, Даме Груев, Неофит Рилски, Бреза и Генерал Гурко, гр. Божурище","Община Божурище, област София област",0.00000,0.00000,0.00000
7302,OP-24.001-2169,"Реконструкция, отводняване и благоустройство на междублоковото пространство, кв. Пролет, блокове 1, 2, 3 и 4, гр. Божурище","Община Божурище, област София област",0.00000,0.00000,0.00000
7302,OP-24.001-2181,"Реконструкция на улици ""Младен Панов"" и ""Христо Ботев"", с. Гурмазово","Община Божурище, област София област",0.00000,0.00000,0.00000
7302,OP-24.001-2175,"Реконструкция на улици Лотос, Кипарис, Роза и Рила, гр. Божурище","Община Божурище, област София област",0.00000,0.00000,0.00000
7302,OP-24.001-2180,"Реконструкция, отводняване и благоустройство на междублоковото пространство в поземлен имот 05027.601.1254, гр. Божурище","Община Божурище, област София област",0.00000,0.00000,0.00000
7302,OP-24.001-2182,"Реконструкция на водопровод и пътна настилка на улица ""Васил Левски"", с. Пролеша","Община Божурище, област София област",0.00000,0.00000,0.00000
7302,OP-24.001-2171,"Основен ремонт на ул. Васил Левски, изграждане на канализация от пресечка с ул. Георги Бенковски при о.т. 189 до пресечка с бул. Иван Вазов при о.т. 185, гр. Божурище","Община Божурище, област София област",0.00000,0.00000,0.00000
7302,OP-24.001-2172,"Реконструкция на ул. Захари Стоянов – от пресечка с бул. Европа при о.т. 101 до о.т. 98а, гр. Божурище","Община Божурище, област София област",0.00000,0.00000,0.00000
7302,OP-24.001-2192,"Подпорна стена на ул. ""Промишлена"" от о.т. 91 до о.т. 97 и отводняване на ул. ""Космонавт Георги Иванов"" от о.т. 49 до о.т. 97 в с. Пожарево, община Божурище, Софийска област","Община Божурище, област София област",0.00000,0.00000,0.00000
7302,OP-24.001-1334,"Реконструкция на общински път SFO3027 (/I-8/ – Сливница – Божурище – мах. Черна бара), участък от км 0+000 до км 0+400","Община Божурище, област София област",0.00000,0.00000,0.00000
7302,OP-24.001-2195,"Рехабилитация и реконструкция на водопроводната мрежа и съоръжения на с. Пролеша, община Божурище","Община Божурище, област София област",0.00000,0.00000,0.00000
7302,OP-24.001-2185,"Изграждане на улици в кв. Девети септември, гр. Божурище – ул. ""Орел"", ул. ""Лястовица"", ул. ""Щъркел"" и ул. ""Феникс""","Община Божурище, област София област",0.00000,0.00000,0.00000
7302,OP-25.001-0625,"Реконструкция и благоустройство на поземлен имот с идентификатор 05027.601.1267 (пл. Дружба), гр. Божурище","Община Божурище, област София област",0.00000,0.00000,0.00000
7302,OP-25.001-0626,"Реконструкция и благоустройство на поземлен имот с идентификатор 05027.601.589 (пл. Първи май), гр. Божурище","Община Божурище, област София област",0.00000,0.00000,0.00000
7302,OP-24.001-2179,"Изграждане на ул. Цар Самуил, гр. Божурище","Община Божурище, област София област",0.00000,0.00000,0.00000
7302,OP-24.001-2187,"Реконструкция на ул. Св. Кирил и Методий, с. Делян","Община Божурище, област София област",0.00000,0.00000,0.00000
7302,OP-24.001-2186,"Изграждане на ул. Гранит, с. Росоман","Община Божурище, област София област",0.00000,0.00000,0.00000
7302,OP-24.001-2174,"Реконструкция и благоустройство на поземлен имот с идентификатор 05027.601.661, гр. Божурище","Община Божурище, област София област",0.00000,0.00000,0.00000
7302,OP-24.001-2178,"Реконструкция на ул. Мура, гр. Божурище","Община Божурище, област София област",0.00000,0.00000,0.00000
7302,OP-24.001-2191,Общински път /SFO3023/ – махала Старо село (Храбърско) км 0+000 – км 2+922.11,"Община Божурище, област София област",0.00000,0.00000,0.00000
7302,OP-24.001-2188,"Реконструкция на общински път SFO2022 към м. Белица, с. Хераково, община Божурище","Община Божурище, област София област",0.00000,0.00000,0.00000
7302,OP-25.001-0629,"Реконструкция на улици Ангел Кънчев, Асен Йорданов (от ОТ 93 до ОТ 95а), Ягода, Шипка, Панайот Волов, Божур, Летец (от ОТ 177 до ОТ 217) и Момина сълза, гр. Божурище","Община Божурище, област София област",0.00000,0.00000,0.00000
7302,OP-25.001-0630,"Изграждане на ул. Страхил Войвода и ул. Георги Бенковски, с. Гурмазово","Община Божурище, област София област",0.00000,0.00000,0.00000
7302,OP-25.001-0631,"Реконструкция на ул. Трети март, с. Пролеша","Община Божурище, област София област",0.00000,0.00000,0.00000
7302,OP-25.001-0628,"Реконструкция на бул. Иван Вазов, гр. Божурище","Община Божурище, област София област",0.00000,0.00000,0.00000
7302,OP-25.001-0627,"Изграждане на ул. Снежанка, гр. Божурище, от ОТ. 122а до ОТ 38 (участък между ул. Бор и ул. Здравец)","Община Божурище, област София област",0.00000,0.00000,0.00000
7302,OP-24.001-2168,"Вертикална планировка на ПИ с идентификатор 18174.71.908, съставляващ УПИ VIII-000259, кв. 103, гр. Божурище, общ. Божурище","Община Божурище, област София област",0.00000,0.00000,0.00000
7302,OP-24.001-2194,"Изграждане на ул. ""Беласица"" и част от улица ""Еделвайс"", гр. Божурище","Община Божурище, област София област",0.00000,0.00000,0.00000
7302,OP-24.001-2167,"Изграждане на открита спортна площадка, находяща се в ПИ с идентификатор 18174.71.908, съставляващ УПИ VIII-000259, кв. 103, гр. Божурище, общ. Божурище","Община Божурище, област София област",0.00000,0.00000,0.00000
7303,OP-24.001-1338,"Реконструкция и доизграждане на ВиК инфраструктура в с. Врачеш, община Ботевград – Етап 1 и Етап 2","Община Ботевград, област София област",2979.52916,0.00000,2979.52916
7303,OP-24.001-1337,Рехабилитация на общински път SFO 1093 /I-1 (Новачене – Ботевград) Новачене – Боженица/,"Община Ботевград, област София област",0.00000,0.00000,0.00000
7303,OP-24.001-1335,"Реконструкция на ВиК инфраструктура във в.з. Зелин, община Ботевград","Община Ботевград, област София област",2530.35450,0.00000,2530.35450
7303,OP-25.001-0632,"Изграждане на спортен комплекс – хотел и тренировъчна зала към многофункционална спортна зала ""Арена Ботевград"" в УПИ III за многофункционална спортна зала, стадион, тренировъчен и хотелски комплекс, трафопост, паркинг и озеленяване в кв. 80 по плана на гр. Ботевград","Община Ботевград, област София област",0.00000,0.00000,0.00000
7303,OP-24.001-1339,Рехабилитация и обновяване на пешеходна зона в централна градска част на гр. Ботевград – Етап 1,"Община Ботевград, област София област",0.00000,0.00000,0.00000
7303,OP-25.001-0633,"Реконструкция и изграждане на водопроводната система във в.з. Зелин на гр. Ботевград, общ. Ботевград","Община Ботевград, област София област",0.00000,0.00000,0.00000
7303,OP-24.001-1340,"Преустройство, реконструкция и промяна на предназначението на част от сградата на ""Младежки дом"" – гр. Ботевград – промяна в хода на строителството по чл. 154 от ЗУТ","Община Ботевград, област София област",0.00000,0.00000,0.00000
7303,OP-24.001-3020,"Улични мрежи и съоръжения (УМС) – Югоизточен обход на ж.к. Васил Левски и УМС – Вътрешноквартални улици в ж.к. Васил Левски за реализация на част от уличната мрежа на гр. Ботевград, община Ботевград, област Софийска","Община Ботевград, област София област",0.00000,0.00000,0.00000
7303,OP-25.001-0634,"Реконструкция на Пречиствателна станция за питейни води (ПСПВ) ""Чеканица 1"", гр. Ботевград","Община Ботевград, област София област",0.00000,0.00000,0.00000
7303,OP-24.001-1336,"Реконструкция на ВиК инфраструктура във в.з. Зелин, община Ботевград, подобект ""Реконструкция на канализационната система във в.з. Зелин, община Ботевград""","Община Ботевград, област София област",0.00000,0.00000,0.00000
7303,OP-25.001-0635,Изграждане на покрит Фермерски пазар в гр. Ботевград,"Община Ботевград, област София област",0.00000,0.00000,0.00000
7303,OP-25.001-0636,Реконструкция на вътрешна разпределителна водопроводна мрежа на гр. Ботевград,"Община Ботевград, област София област",0.00000,0.00000,0.00000
7303,OP-24.001-3021,"Ремонт на ул. ""Гурко"" от о.т. 20 през о.т. 19, о.т. 174 до о.т. 457а., гр. Ботевград","Община Ботевград, област София област",0.00000,0.00000,0.00000
7303,OP-25.001-0637,"Изграждане на нов корпус на ППМГ ""Акад. проф. д-р Асен Златаров"", гр. Ботевград – етапно строителство","Община Ботевград, област София област",0.00000,0.00000,0.00000
7304,OP-24.001-2610,"Реконструкция на улици, тротоари, съоръжения и принадлежностите към тях в град Годеч, в 27 етапа: – Етап 13 – Улица ""Хаджи Димитър"" в град Годеч – о.т. 282-310; – Етап 14 – Улица ""Васил Друмев"" в град Годеч – о.т 307-317; – Етап 15 – Улица ""Ангел Кънчев"" в град Годеч – о.т. 323-312; – Етап 16 – Улица ""Васил Левски"" в град Годеч – о.т. 240-244; – Етап 17 – Улица ""Явор"" в град Годеч – о.т. 80-88; – Етап 18 – Улица ""Видлич"" в град Годеч – о.т. 394-397; – Етап 19 – Улица ""Хан Аспарух"" в град Годеч – о.т. 393-399; – Етап 20 – Улица ""Княз Борис"" в град Годеч – о.т. 459-455; – Етап 21 – Улица ""Преслав"" в град Годеч – о.т. 446-459; – Етап 23 – Улица ""Елха"" в град Годеч – о.т. 499-383; – Етап 24 – Улица ""Тодор Каблешков"" в град Годеч – о.т. 286-314; – Етап 25 – Улица ""Найденова"" в град Годеч – о.т. 505-401; – Етап 27 – Улица ""Зли дол"" в град Годеч – о.т. 110-120","Община Годеч, област София област",0.00000,467.60602,467.60602
7304,OP-24.001-2611,"Реконструкция на улици, тротоари, съоръжения и принадлежностите към тях в град Годеч, в 27 етапа: – Етап 1 – Улица ""Градина"" в град Годеч – о.т. 216-206; – Етап 2 – Улица ""Грамада"" в град Годеч – о.т 223-234; – Етап 3 – Улица ""Люляк"" в град Годеч – о.т. 65-232; – Етап 4 – Улица ""Ракета"" в град Годеч – о.т. 221-236; – Етап 5 – Улица ""Грънчарица"" в град Годеч – о.т. 216-427; – Етап 6 – Улица ""Ясен"" в град Годеч – о.т. 187-189; – Етап 7 – Улица ""Чайка"" в град Годеч – о.т. 167-188; – Етап 8 – Улица ""Синчец"" в град Годеч – о.т. 131-190; – Етап 9 – Улица ""Брест"" в град Годеч – о.т. 171-209; – Етап 10 – Улица ""Иглика"" в град Годеч – о.т. 172-199; – Етап 11 – Улица ""Царина"" в град Годеч – о.т. 191-193 и о.т. 195-201; – Етап 12 – Улица ""Бреза"" в град Годеч – о.т. 193-194 и о.т. 214-212; – Етап 22 – Улица ""Теменуга"" в град Годеч – о.т. 68-57; – Етап 26 – Улица ""Пуалица"" в град Годеч – о.т. 175-183","Община Годеч, област София област",0.00000,0.00000,0.00000
7304,OP-24.001-2612,"Реконструкция на улици, тротоари, съоръжения и принадлежностите към тях в град Годеч на 6 етапа: Eтап 1 – улица ""Ахтопол"" о.т. 451-о.т. 486; Етап 2 – улица ""Русе"" о.т. 451 – о.т. 398; Етап 3 – улица ""Топлица"" о.т. 450 – о.т. 445; Етап 4 – улица ""Ямбол"" о.т. 445 – о.т. 451; Етап 5 – улица ""6-ти септември"" о.т. 386 – о.т. 518","Община Годеч, област София област",0.00000,0.00000,0.00000
7304,OP-24.001-1341,"Реконструкция на улици, тротоари, съоръжения и принадлежностите към тях в град Годеч с улици: Етап 1 – Улица ""Заводска"" в гр. Годеч – о.т. 28-33 Етап 2 – Улица ""Липа"" в град Годеч – о.т. 530-531 Етап 5 – Улица ""Иван Вазов"" в град Годеч – о.т. 53-78 Етап 8 – Улица ""Петрова бара"" в град Годеч – о.т. 70-30 Етап 10 – Улица ""Осми март"" в град Годеч – о.т. 345-351 Етап 11 – Улица ""1-ви май"" в град Годеч – о.т. 339-340 Етап 12 – Улица ""Шипка"" в град Годеч – о.т. 10-24 Етап 13 – Улица ""Молашка"" в град Годеч – о.т. 3-8 Етап 14 – Улица ""Петров рид"" в град Годеч – о.т. 8-16 Етап 15 – Улица ""Новодомска"" в град Годеч – о.т. 5-532 Етап 16 – Улица ""Бор"" в град Годеч – о.т. 17-23 Етап 17 – Улица ""Екатерина Георгиева"" в град Годеч – о.т. 433-50","Община Годеч, област София област",0.00000,0.00000,0.00000
7304,OP-24.001-3022,"Обновяване на парково пространство, прилежащо към районна болница и поликлиника","Община Годеч, област София област",0.00000,0.00000,0.00000
7304,OP-24.001-1342,"Реконструкция на водопроводна мрежа и частична рехабилитация на канализацията на град Годеч – част II, етап 13 и етап 14","Община Годеч, област София област",713.11754,0.00000,713.11754
7304,OP-25.001-0638,"Реконструкция на водопроводната мрежа и частична рехабилитация на канализационната мрежа на кв. Молак, гр. Годеч","Община Годеч, област София област",0.00000,0.00000,0.00000
7304,OP-25.001-0639,"Реконструкция на улици, тротоари, съоръжения и принадлежностите към тях в град Годеч, в 16 етапа: – Етап 2 – улица ""Дунав"" – о.т. 356-505; – Етап 4 – улица ""Здравец"" – о.т. 300-296а; – Етап 6 – улица ""Нишава"" – о.т. 149-535; – Етап 10 – улица в град Годеч – о.т. 453-393; – Етап 12 – улица ""Явор"" – о.т. 146-77 и о.т. 145-80","Община Годеч, област София област",0.00000,0.00000,0.00000
7304,OP-25.001-0640,"Реконструкция на водопроводната мрежа на селата Ропот, Смолча, Комщица и Бърля, община Годеч, в обхвата на републикански път III-8132 (Годеч – Ропот – Смолча – Комщица) в 4 етапа","Община Годеч, област София област",0.00000,0.00000,0.00000
7304,OP-25.001-0641,"Реконструкция на тротоарна мрежа в гр. Годеч, успоредна на път III-813 (о.т. 319 до о.т. 413) и улица ""Александър Стамболийски"" (от о.т. 253 до о.т. 413), разделена на четири етапа","Община Годеч, област София област",0.00000,0.00000,0.00000
7305,OP-24.001-1344,"Рехабилитация и реконструкция на общински път SFO 3176 / I-6, Долни Богров – Пирдоп/ – с. Осойца – от км 0+000 до км 3+330","Община Горна Малина, област София област",1967.44728,0.00000,1967.44728
7305,OP-24.001-1345,"Пристрояване на детска градина ""Вяра, Надежда и Любов"", с. Горна Малина","Община Горна Малина, област София област",0.00000,0.00000,0.00000
7305,OP-24.001-1343,"Рехабилитация и реконструкция на общински път SFO 2170 / I-6, Долни Богров – Пирдоп / – Долна Малина – Априлово – от км 0+000 до км 4+380","Община Горна Малина, област София област",0.00000,0.00000,0.00000
7306,OP-24.001-2613,"Основен ремонт и реконструкция на 15 броя улици, част от общинска улична мрежа – ул. Люляк, Момина сълза, Цанко Церковски, Екзарх Йосиф, Яне Сандански, Г. С. Раковски, Христо Ботев, Васил Левски, Иван Вазов, Септемврийци, Пейо Яворов, Спортна слава, Хан Аспарух, Тодор Каблешков, Райко Даскалов","Община Долна баня, област София област",0.00000,0.00000,0.00000
7306,OP-25.001-0642,"Основен ремонт и подновяване на част от уличната мрежа на гр. Долна баня, в това число ул. ""Малиново поле"", ул. ""Младост"", ул. ""Иглика"", ул. ""Димчо Дебелянов"", ул. ""Детелина"", община Долна баня, обл. Софийска","Община Долна баня, област София област",0.00000,0.00000,0.00000
7306,OP-24.001-3023,Рехабилитация на обществени зелени площи – обновяване и реконструкция на градски парк,"Община Долна баня, област София област",0.00000,0.00000,0.00000
7306,OP-24.001-2198,"Основен ремонт и реконструкция на улица ""Ибър"" и улица ""Никола Вапцаров""","Община Долна баня, област София област",0.00000,0.00000,0.00000
7306,OP-24.001-2196,Изграждане на Рехабилитационен център за подготовка на спортисти в община Долна баня,"Община Долна баня, област София област",0.00000,0.00000,0.00000
7306,OP-24.001-1346,"Основен ремонт и подновяване на част от уличната водопроводна мрежа на гр. Долна баня, в това число ул. Люляк, Момина сълза, Цанко Церковски, Екзарх Йосиф, Яне Сандански, Г. С. Раковски, Христо Ботев, Васил Левски, Иван Вазов, Септемврийци, Пейо Яворов, Спортна слава, Хан Аспарух, Тодор Каблешков, Райко Даскалов, община Долна баня, обл. Софийска","Община Долна баня, област София област",560.03041,0.00000,560.03041
7307,OP-24.001-1348,"Реконструкция на път SFO3210/III-813, Габер – Круша/Несла – Вишан – Долно Ново село, участък 1: от км 0+000,00 до км 4+407,31; участък 2: от км 5+397=0+000 до км 4+135,23","Община Драгоман, област София област",0.00000,0.00000,0.00000
7307,OP-24.001-1347,"Реконструкция на площад ""СЪЕДИНЕНИЕ"" – ЕТАП I, УПИ VIII – ""Читалище, хотел, търговски обекти, паркинги, градска градина и площад"", кв. 79, УПИ XI – ""Общ. сграда, кметство, ДСК банка, поща и площад"", кв. 78 по плана на град Драгоман – ЦГЧ, общ. Драгоман, област София","Община Драгоман, област София област",1765.84157,0.00000,1765.84157
7307,OP-24.001-3024,"Реконструкция на съществуваща водоснабдителна система и доизграждане на нова в гр. Драгоман, община Драгоман – II етап","Община Драгоман, област София област",0.00000,0.00000,0.00000
7308,OP-24.001-1349,"Рехабилитация на път SFO 1231 / /III-6002, Мусачево – Елин Пелин / – Мусачево – Равно поле – граница общ. (Елин Пелин – София-град) – /АМ Тракия/ от км 0+000 до км 3+626,70","Община Елин Пелин, област София област",0.00000,0.00000,0.00000
7308,OP-24.001-1351,"Реконструкция на водопроводна мрежа в село Лесново – Етап 2, Подобект: ""Всички главни и второстепенни клонове, ситуирани източно от осови точки № 23, 29, 30, 61, 50, 60, 58а, 267, 268, 268а, 239, 237, 240, 241"", местонахождение: по плана на село Лесново, община Елин Пелин, Етап: 2.2 Всички главни и второстепенни водопроводни клонове, ситуирани между осови точки № 29, 116, 102, 126, 130, 82, 95, 237, 268, 58а, 60 и 61; Етап: 2.3 Всички главни и второстепенни водопроводни клонове, ситуирани между осови точки № 237, 217, 93, 95, 82, 130, 127, 126, 147, 141, 157, 159, 162, 167, 197, 189, 196, 234 и 61","Община Елин Пелин, област София област",0.00000,0.00000,0.00000
7308,OP-25.001-0643,"Реконструкция на водопроводна мрежа в село Лесново – Етап 2, Подобект: ""Всички главни и второстепенни клонове, ситуирани източно от осови точки № 23, 29, 30, 61, 50, 60, 58а, 267, 268, 268а, 239, 237, 240, 241"", местонахождение: по плана на село Лесново, община Елин Пелин, Етап: 2.4 Всички главни и второстепенни водопроводни клонове, ситуирани между осови точки № 237, 232, 234, 196, 189, 197, 285, 294, 296, 288, 251 и 24","Община Елин Пелин, област София област",0.00000,0.00000,0.00000
7308,OP-25.001-0647,"РАЗШИРЕНИЕ НА СУ ""ВАСИЛ ЛЕВСКИ"", гр. Елин Пелин, УПИ VIII – за училище, басейн и КОО, кв. 89","Община Елин Пелин, област София област",0.00000,0.00000,0.00000
7308,OP-25.001-0648,"Детска градина за четири групи, УПИ II – за ОДЗ, кв. 19, с. Столник","Община Елин Пелин, област София област",0.00000,0.00000,0.00000
7308,OP-25.001-0644,"Рехабилитация на път SFO 1231 / /III-6002, Мусачево – Елин Пелин / – Мусачево – Равно поле – граница общ. (Елин Пелин – София-град) – /АМ Тракия/ от км 0+000 до км 3+626,70 – ДОФИНАНСИРАНЕ","Община Елин Пелин, област София област",0.00000,0.00000,0.00000
7308,OP-25.001-0645,"ПРИСТРОЙКА: ""СГРАДА ЗА ОБЩЕСТВЕНО ОБСЛУЖВАНЕ – КМЕТСТВО"" И ""СЦЕНА КЪМ ПЛОЩАД С ПОКРИТА ЧАСТ‘‘, УПИ XVI – ""за търговски комплекс, обществена зала, кметство, магазин, клуб, пункт за услуги и горски дом"", кв. 19, по плана на с. Чурек","Община Елин Пелин, област София област",0.00000,0.00000,0.00000
7308,OP-25.001-0646,"""ЧИТАЛНЯ"" – НАДСТРОЙКА НАД СЪЩЕСТВУВАЩА ИЗЛОЖБЕНА ЗАЛА КЪМ ЧИТАЛИЩЕ ""ЕЛИН ПЕЛИН"", УПИ VI-124 – ""за читалище"", кв. 89, по плана на гр. Елин Пелин, община Елин Пелин, област Софийска","Община Елин Пелин, област София област",0.00000,0.00000,0.00000
7309,OP-24.001-2201,"Инженеринг (проектиране, строителство и авторски надзор) на обект: ""Реконструкция на главен водопроводен клон на с. Малки Искър, общ. Етрополе""","Община Етрополе, област София област",0.00000,0.00000,0.00000
7309,OP-24.001-2202,"Инженеринг (проектиране, строителство и авторски надзор) на обект: ""Реконструкция на част от главен водопроводен клон на с. Ямна, общ. Етрополе""","Община Етрополе, област София област",0.00000,0.00000,0.00000
7309,OP-24.001-2199,"Инженеринг (проектиране, строителство и авторски надзор) на обект: ""Реконструкция на захранващи водопроводни клонове в гр. Етрополе по бул. ""Партизански"" в следните участъци: 1. От о.т. 727 до о.т. 643 /от ""Табашки мост"" до кв. ""Вранащица""/; 2. От о.т. 197 до о.т. 209 /от ул. ""Георги Димитров"" до бул. ""Стамболийски""/; 3. От о.т. 354 до след о.т. 358 /от бул. ""Георги Антонов"" до кв. 128/""","Община Етрополе, област София област",0.00000,0.00000,0.00000
7309,OP-24.001-3025,"Изграждане на нов физкултурен салон в двора на Професионална гимназия ""Тодор Пеев"", гр. Етрополе","Община Етрополе, област София област",0.00000,0.00000,0.00000
7309,OP-24.001-1355,"Основни ремонти (реконструкция) на общински улици, находящи се в гр. Етрополе – ЕТАП 1 (ул. ""Софроний"", ул. ""Елаците"", ул. ""Хаджийца"", ул. ""Калина Вескова"", ул. ""Сашка"", ул. ""Христо Ботев"", ул. ""Марко Марков"" и ул. ""Георги Бакалов"")","Община Етрополе, област София област",0.00000,200.39327,200.39327
7309,OP-24.001-1356,"Основни ремонти (реконструкция) на общински улици, находящи се в гр. Етрополе – ЕТАП 3 (ул. ""Пролетарска"", ул. ""Никола Вапцаров"", ул. ""Христо Ботев"", ул. ""Георги С. Раковски"", ул. ""Батак"", ул. ""Мико Лаков"" и ул. ""Никола Михайлов"")","Община Етрополе, област София област",0.00000,189.37048,189.37048
7309,OP-24.001-1357,"Изграждане на улица – пътна връзка от бул. ""Малък Искър"" о.т. 464 през о.т. 480 до 473 – Път II-37 – Джурово – Етрополе – Златица","Община Етрополе, област София област",0.00000,137.36706,137.36706
7309,OP-24.001-3027,"Изграждане на детски площадки в УПИ I – ""Парк и спортна база"", кв. 175, гр. Етрополе","Община Етрополе, област София област",0.00000,0.00000,0.00000
7309,OP-24.001-3028,"Инженеринг (проектиране, строителство и авторски надзор) на обект: ""Реконструкция и модернизация на ПСПВ (Пречиствателна станция за питейни води) в ПИ 27632.140.552 – за хидротехнически, пречистващи и съпътстващи съоръжения към ПСПВ, местност Баш Самоков по КККР на гр. Етрополе""","Община Етрополе, област София област",0.00000,0.00000,0.00000
7309,OP-24.001-2200,"Инженеринг (проектиране, строителство и авторски надзор) на обект: ""Реконструкция на главен водопроводен клон на с. Лъга, община Етрополе""","Община Етрополе, област София област",0.00000,0.00000,0.00000
7309,OP-24.001-2203,"Изработване на инвестиционен проект за обект: ""Изграждане на трасе за велоалея, прилежаща на Републикански път III-3701"", от гр. Етрополе/кръстовище с път II-37/до с. Рибарица/кръстовище с общински път Етрополски манастир/","Община Етрополе, област София област",0.00000,0.00000,0.00000
7309,OP-24.001-3030,"Инженеринг (проектиране, строителство и авторски надзор) на обект: ""Реконструкция на междублоково пространство в кв. 132 по плана на гр. Етрополе, община Етрополе""","Община Етрополе, област София област",0.00000,0.00000,0.00000
7309,OP-25.001-0771,"Реконструкция и разширение на улица от о.т. 73а до о.т. 788, осигуряваща транспортна връзка до съществуващия гробищен парк","Община Етрополе, област София област",0.00000,0.00000,0.00000
7309,OP-24.001-3031,"Инженеринг (проектиране, строителство и авторски надзор) на обект: ""Реконструкция на междублоково пространство в кв. 85 по плана на гр. Етрополе, община Етрополе""","Община Етрополе, област София област",0.00000,0.00000,0.00000
7309,OP-24.001-3032,"Инженеринг (проектиране, строителство и авторски надзор) на обект: ""Реконструкция на междублоково пространство в кв. 125 по плана на гр. Етрополе, община Етрополе""","Община Етрополе, област София област",0.00000,0.00000,0.00000
7309,OP-24.001-3029,"Изработване на инвестиционен проект за обект: ""Реконструкция на междублоково пространство в кв. 128 по плана на гр. Етрополе, община Етрополе""","Община Етрополе, област София област",0.00000,0.00000,0.00000
7310,OP-24.001-2205,"Изпълнение на инженеринг – проектиране, строителство и упражняване на авторски надзор на строеж: ""Реконструкция на част от водопроводната мрежа на гр. Златица, община Златица, с разваляне и възстановяване на съществуващата настилка""","Община Златица, област София област",0.00000,0.00000,0.00000
7310,OP-24.001-1358,Доизграждане и реконструкция на Главен канализационен колектор ІІ етап и реконструкция на съпътстващата водопроводна мрежа в гр. Златица,"Община Златица, област София област",2136.72396,0.00000,2136.72396
7310,OP-24.001-2206,"Изпълнение на инженеринг – проектиране, строителство и упражняване на авторски надзор на строеж: ""Реконструкция на водопровод и канал по ул. ""Медет"" в участъка от ул. ""Софийско шосе"" до табела ""Златица"" (от о.т. 54 до о.т. 115)","Община Златица, област София област",58.94403,0.00000,58.94403
7310,OP-24.001-1359,"Реконструкция на улици в град Златица, община Златица","Община Златица, област София област",1679.13900,0.00000,1679.13900
7310,OP-24.001-2207,"Изпълнение на инженеринг – проектиране, строителство и упражняване на авторски надзор на строеж: ""Реконструкция и/или рехабилитация на улици в гр. Златица, община Златица""","Община Златица, област София област",0.00000,0.00000,0.00000
7310,OP-24.001-2204,"Етап 2 – ""Реконструкция на улици в гр. Златица, община Златица""","Община Златица, област София област",1046.50488,0.00000,1046.50488
7310,OP-24.001-1360,"Реконструкция и доизграждане на част главен клон I, главни клонове III, IV и клонове 2, 28, 34, от ниската зона на водопроводната мрежа на гр. Златица, община Златица – Етап 2","Община Златица, област София област",0.00000,0.00000,0.00000
7310,OP-25.001-0772,"Ремонт на покрив на сградата на НЧ ""Христо Смирненски 1889"", гр. Златица","Община Златица, област София област",0.00000,0.00000,0.00000
7310,OP-25.001-0649,"АВАРИЕН ДОВЕЖДАЩ ВОДОПРОВОД ЗА С. КАРЛИЕВО, ОБЩИНА ЗЛАТИЦА","Община Златица, област София област",0.00000,0.00000,0.00000
7310,OP-25.001-0651,Реконструкция на част от канализационната мрежа в гр. Златица и уличен водопровод,"Община Златица, област София област",0.00000,0.00000,0.00000
7310,OP-25.001-0652,Реконструкция път SFO3304 от кръстовището с път III-6005 до общинска граница Златица – Мирково,"Община Златица, област София област",0.00000,0.00000,0.00000
7310,OP-25.001-0650,РЕКОНСТРУКЦИЯ НА ВЪНШЕН ВОДОПРОВОД НА С. ЦЪРКВИЩЕ,"Община Златица, област София област",0.00000,0.00000,0.00000
7311,OP-24.001-1362,"Изграждане на зала ""Арена Ихтиман""","Община Ихтиман, област София област",0.00000,0.00000,0.00000
7311,OP-24.001-3033,Основен ремонт на общински път SFO 3335//III-8223// Веринско-Борика в участък от км 0+000 до км 8+796,"Община Ихтиман, област София област",0.00000,0.00000,0.00000
7311,OP-24.001-3034,"Реконструкция на улична мрежа, пешеходни зони и паркови пространства на територията на град Ихтиман","Община Ихтиман, област София област",0.00000,0.00000,0.00000
7311,OP-24.001-1363,"Реконструкция и рехабилитация на съществуваща водоснабдителна мрежа в гр. Ихтиман, община Ихтиман – етап 2","Община Ихтиман, област София област",992.89958,0.00000,992.89958
7311,OP-24.001-1361,"Строително-монтажни работи на обект ""Общински път SFO3334""","Община Ихтиман, област София област",872.93486,0.00000,872.93486
7311,OP-25.001-0653,"Реконструкция на уличната мрежа в с. Черньово, община Ихтиман","Община Ихтиман, област София област",0.00000,0.00000,0.00000
7312,OP-24.001-1364,"Подмяна на водопровод, канализация и пътна настилка по ул. ""Райново дере"", ул. ""Тороманова"" от ОТ. 1066 до ОТ. 212 и по ул. ""Любен Каравелов"" от ОТ. 1227 до ОТ. 616 и разклонения","Община Копривщица, област София област",0.00000,0.00000,0.00000
7312,OP-24.001-2208,"Пътна настилка по бул. ""Хаджи Ненчо Дончев Палавеев"" – западен бряг на река Тополница","Община Копривщица, област София област",1780.20000,0.00000,1780.20000
7312,OP-24.001-3036,"Основен ремонт на пътна настилка по ул. ""Христо Тороманов"" и ул. ""Здравец""","Община Копривщица, област София област",0.00000,0.00000,0.00000
7312,OP-24.001-1366,"Пътна настилка по ул. ""Л. Каравелов""","Община Копривщица, област София област",0.00000,0.00000,0.00000
7312,OP-24.001-1365,Адаптация на съществуващ водопровод от водохващане река Ширинейка – Стръмна река до гр. Копривщица и Реконструкция и преустройство на речно водохващане в м. Ширинейка,"Община Копривщица, област София област",0.00000,0.00000,0.00000
7312,OP-24.001-3035,Инженеринг на ул. Груйо Ценов и ул. Иван Кривиралчев и разклонения,"Община Копривщица, област София област",0.00000,0.00000,0.00000
7313,OP-24.001-1367,"Ремонт на съществуваща многофункционална спортна зала към училище ""Христо Смирненски"" в УПИ ІІ, кв. 25, по плана на гр. Момин проход, община Костенец","Община Костенец, област София област",0.00000,0.00000,0.00000
7313,OP-24.001-2210,"Реконструкция и благоустрояване на улица ""Ал. Стамболийски"", град Костенец","Община Костенец, област София област",0.00000,0.00000,0.00000
7313,OP-24.001-2217,"Реконструкция и благоустрояване на ул. ""Георги Победоносец"", село Костенец","Община Костенец, област София област",0.00000,0.00000,0.00000
7313,OP-24.001-1368,"Реконструкция и благоустрояване на ул. ""Младежка"", гр. Костенец – Етап І и Етап ІІ","Община Костенец, област София област",677.24727,0.00000,677.24727
7313,OP-24.001-2223,"Спортна площадка за футбол с гъвкава настилка и покриващо съоръжение с метална конструкция, разположена в имоти с ид. № 38902.500.2037 и 38902.500.9851 по КККР на град Костенец","Община Костенец, област София област",0.00000,0.00000,0.00000
7313,OP-24.001-2222,"Реконструкция и благоустрояване на ул. ""Васил Левски"", село Костенец","Община Костенец, област София област",0.00000,0.00000,0.00000
7313,OP-24.001-2209,"Подмяна на улични водопроводи на ул. ""Липа"", гр. Костенец, ул. ""Младост"", ул. ""Здравец"", ул. ""Иглика"" и ул. ""Бор"", с. Костенец","Община Костенец, област София област",0.00000,0.00000,0.00000
7313,OP-24.001-2212,"Реконструкция и рехабилитация на улица ""Рила"", град Костенец","Община Костенец, област София област",0.00000,0.00000,0.00000
7313,OP-24.001-1369,Реконструкция и подмяна на съществуващата водопроводна мрежа на територията на община Костенец,"Община Костенец, област София област",413.96520,0.00000,413.96520
7313,OP-24.001-2218,"Реконструкция и благоустрояване на ул. ""Родопи"", село Костенец","Община Костенец, област София област",0.00000,0.00000,0.00000
7313,OP-24.001-2211,"Реконструкция и благоустрояване на ул. ""Радост"", село Костенец","Община Костенец, област София област",0.00000,0.00000,0.00000
7313,OP-24.001-3037,"Реконструкция и благоустрояване на ул. ""Княз Борис I"", гр. Момин проход, в обхвата от о.т. 201 до кръстовището с ул. ""Радост"" между о.т. 172, о.т. 173 и о.т. 174","Община Костенец, област София област",0.00000,0.00000,0.00000
7313,OP-24.001-2220,"Реконструкция и благоустрояване на ул. ""Софроний Врачански"", село Костенец","Община Костенец, област София област",0.00000,0.00000,0.00000
7313,OP-24.001-1370,"Реконструкция на уличен водопровод за питейна вода по ул. ""Средна гора"", ул. ""Бор"" и ул. ""Рила"" в курорт Пчелински бани, община Костенец","Община Костенец, област София област",0.00000,0.00000,0.00000
7313,OP-24.001-3038,"Основен ремонт на лекоатлетическа писта при спортен комплекс ""Бенковски"", гр. Костенец","Община Костенец, област София област",0.00000,0.00000,0.00000
7313,OP-24.001-2215,"Реконструкция и рехабилитация на ул. ""Бузлуджа"", град Костенец","Община Костенец, област София област",0.00000,0.00000,0.00000
7313,OP-24.001-2216,"Реконструкция и благоустрояване на ул. ""Еделвайс"", град Момин проход","Община Костенец, област София област",0.00000,0.00000,0.00000
7313,OP-24.001-2214,"Реконструкция и благоустрояване на ул. ""Акация"", град Костенец","Община Костенец, област София област",0.00000,0.00000,0.00000
7313,OP-24.001-2219,"Реконструкция и рехабилитация на улица ""Сълзица"", град Момин проход","Община Костенец, област София област",0.00000,0.00000,0.00000
7313,OP-24.001-2221,"Реконструкция и благоустрояване на ул. ""Свети Георги"" от ул. ""Люляк"" до ул. ""Перуника"", град Костенец","Община Костенец, област София област",0.00000,0.00000,0.00000
7313,OP-24.001-3039,"Основен ремонт на лекоатлетическа писта при СУ ""Климент Охридски"", гр. Костенец","Община Костенец, област София област",0.00000,0.00000,0.00000
7313,OP-24.001-3042,"Реконструкция и благоустрояване на ул. ""Оборище"", гр. Костенец – Етап ІІ тротоари","Община Костенец, област София област",0.00000,0.00000,0.00000
7313,OP-24.001-2213,"Изготвяне на инвестиционни проекти за ремонт, реконструкция и изграждане на обекти в община Костенец","Община Костенец, област София област",0.00000,0.00000,0.00000
7313,OP-24.001-3040,"Реконструкция и благоустрояване на ул. ""Иван Вазов"", гр. Костенец, от о.т. 62 до о.т. 5","Община Костенец, област София област",0.00000,0.00000,0.00000
7313,OP-24.001-3041,"Реконструкция и благоустрояване на ул. ""Трети март"", гр. Костенец, от о.т. 686 до о.т. 627","Община Костенец, област София област",0.00000,0.00000,0.00000
7314,OP-24.001-1371,Рехабилитация на общинска пътна мрежа в община Костинброд – Етап II – SFO 1401/SFO1400/Костинброд – Петърч – Безден/от км 0+000 до км 1+910 (общинският път преминава в населеното място през ул. Обединена),"Община Костинброд, област София област",0.00000,0.00000,0.00000
7314,OP-24.001-1372,"Рехабилитация на общинска пътна мрежа в община Костинброд – Етап III – SFO 1402 /ІІ – 81/ Костинброд – Голяновци /SFO2404/ от км 0+000 до км 1+150 (общинският път преминава в населеното място през ул. ""Славянска"")","Община Костинброд, област София област",0.00000,0.00000,0.00000
7314,OP-24.001-1373,"Реконструкция и доизграждане на водопроводната мрежа на селата Драговищица и Голяновци – община Костинброд – Четвърти етап ""Изграждане на довеждащ водопровод до село Голяновци, ремонтна помпена станция и напорен резервоар 500 m3 за село Драговищица и село Голяновци, община Костинброд""","Община Костинброд, област София област",0.00000,0.00000,0.00000
7314,OP-24.001-2228,"Рехабилитация на пътна настилка на уличната мрежа в село Голяновци, община Костинброд – I ЕТАП, ул. Черковна, ул. Лилия, ул. Нарцис, ул. Г. С. Раковски","Община Костинброд, област София област",0.00000,0.00000,0.00000
7314,OP-24.001-2224,"""Ботаническа градина – Парк"", УПИ IV – ""За учебен полигон"", кв. 86А, ПИ 38978.900.7129 по КК и КР на гр. Костинброд, община Костинброд, област Софийска","Община Костинброд, област София област",0.00000,0.00000,0.00000
7314,OP-24.001-1374,"Реконструкция и доизграждане на водопроводната мрежа на селата Драговищица и Голяновци – община Костинброд – Подетап II.3. на Втори етап – обект ""Частична подмяна на улична водопроводна мрежа на с. Драговищица, община Костинброд""","Община Костинброд, област София област",0.00000,0.00000,0.00000
7314,OP-24.001-2227,"Рехабилитация на част от уличната мрежа в гр. Костинброд по ул. Синчец, ул. Янтра и ул. Тунджа","Община Костинброд, област София област",0.00000,0.00000,0.00000
7314,OP-24.001-2225,Преустройство и ремонт на общинска сграда с идентификатор 38978.900.6779.1 по КК и КР на гр. Костинброд в общински музей,"Община Костинброд, област София област",0.00000,0.00000,0.00000
7314,OP-25.001-0773,Изготвяне на инвестиционен проект за отводнителни съоръжения към пътен подлез – гара Петърч,"Община Костинброд, област София област",0.00000,0.00000,0.00000
7314,OP-24.001-2226,"Изготвяне на инвестиционен проект за обект: ""Мост над река Сливнишка, находящ се на път SFO 2406/I-8 Божурище – Сливница – Петърч/ в землището на с. Петърч извън регулация, граничещ със следните полски пътища 604, 605, 606 и 564"" и изготвяне на доклад за съответствието","Община Костинброд, област София област",0.00000,0.00000,0.00000
7315,OP-24.001-1376,"Реконструкция на водопроводната мрежа на с. Буново, община Мирково – III етап","Община Мирково, област София област",0.00000,0.00000,0.00000
7315,OP-24.001-1377,"Реконструкция на водопроводната мрежа на с. Буново, община Мирково – II етап","Община Мирково, област София област",0.00000,0.00000,0.00000
7315,OP-24.001-1378,"Рехабилитация на общински път SFО 3304 от км 5+081.87 до км 8+702, с. Каменица","Община Мирково, област София област",0.00000,0.00000,0.00000
7315,OP-24.001-1379,"Рехабилитация и възстановяване на пътен участък SFO 3434 IV 80137 /III-6006/, с. Бенковски, община Мирково","Община Мирково, област София област",0.00000,0.00000,0.00000
7315,OP-24.001-1380,"Корекция на речното корито на река Буновска от км 0+674 до км 0+764, с. Буново, община Мирково","Община Мирково, област София област",0.00000,0.00000,0.00000
7315,OP-24.001-1381,"Благоустройство на УПИ VI-473, 585 към читалище ""Хр. Ботев"", с. Мирково","Община Мирково, област София област",0.00000,0.00000,0.00000
7315,OP-25.001-0654,"Основен ремонт на улицa в с. Буново, община Мирково – от осова т. 174 до осова т. 159","Община Мирково, област София област",0.00000,0.00000,0.00000
7315,OP-24.001-1382,"Основен ремонт на улици в село Мирково на два подобекта – ПОДОБЕКТ 1: Основен ремонт на ул. ""Крайречна"" в участък от ул. ""П. Мечкаров"" до ул. ""Акация""; ул. ""Петър Берон"" в участъка от ул. ""Крайречна"" до ул. ""Цвятко Караджов""; ул. ""Тиха"" и ул. ""Филип Тотьо""","Община Мирково, област София област",0.00000,0.00000,0.00000
7315,OP-24.001-1383,"Основен ремонт на улици в село Мирково на два подобекта – ПОДОБЕКТ 2: Основен ремонт на ул. ""Зора"" в участък от ул. ""Изток"" до ул. ""Бузлуджа""; ул. ""Емил Марков"" в участъка от ул. ""Опълченска"" до ул. ""Зора; ул. ""П. Славейков"" и ул. ""Бузлуджа"" в участъка от ул. ""Зора"" до ул. ""Опълченска""","Община Мирково, област София област",122.65305,0.00000,122.65305
7315,OP-25.001-0655,"Изпълнение на СМР на обект ""Мост в с. Буново""","Община Мирково, област София област",0.00000,0.00000,0.00000
7315,OP-24.001-2614,"Основен ремонт на улици в с. Смолско, община Мирково – от осова т. 202 до осова т. 165 и от осова т. 240 до осова т. 245","Община Мирково, област София област",0.00000,0.00000,0.00000
7315,OP-24.001-1385,"Основен ремонт на улици в с. Буново, община Мирково, ЕТАП 1 – улица от о.т. 97 до о.т. 100, от о.т. 99 до о.т. 132, от о.т. 101 до о.т. 130, от о.т. 102 до о.т. 127, от о.т. 114 до о.т. 126","Община Мирково, област София област",0.00000,0.00000,0.00000
7315,OP-24.001-1386,"Основен ремонт на улици в с. Буново, община Мирково, ЕТАП 2 – улица от о.т. 113 до о.т. 125, от о.т. 123 до о.т. 120, от о.т. 120 до о.т. 187","Община Мирково, област София област",0.00000,0.00000,0.00000
7315,OP-25.001-0656,"Основен ремонт на улици в с. Смолско, община Мирково – от осова т. 212 до гробищен парк, с. Смолско","Община Мирково, област София област",0.00000,0.00000,0.00000
7316,OP-24.001-1387,"Реконструкция и рехабилитация на улична мрежа от регулацията на с. Душанци, община Пирдоп, включваща: ул. ""Маньо Стоянов"", ул. ""Черковна"", ул. ""Бор"", ул. ""Искро Нейчев"", ул. ""Кирил и Методий"", ул. ""Димитър Шопов"", ул. ""Александър Стамболийски"", ул. ""Бреза"", ул. ""Георги Салчев"", ул. ""Димитър Пенев"", ул. ""Здравец"", ул. ""Найден Кирилов"", ул. ""Свети Георги"", ул. ""Георги Стойчев"", ул. ""Куфарита"", ул. ""Полк. Кирил Найденов"", ул. ""Спасови могили"", ул. ""Оброк"", ул. ""Иван Костадинов – Агронома"", ул. ""Даскал Никола Балов"", ул. ""Главоч"", ул. ""Димитър Оджаков"", ул. ""Никола Койчев"", ул. ""Бялата вода"", ул. ""Селище"", ул. ""Юрий Гагарин""","Община Пирдоп, област София област",0.00000,417.54027,417.54027
7316,OP-24.001-2229,"Рехабилитация и реконструкция на общински пътища на територията на община Пирдоп, SFO 1450 участък от км 0+000 до км 7+500 /I-6, Пирдоп – Розино/ – Граница община /Пирдоп – Антон/","Община Пирдоп, област София област",0.00000,0.00000,0.00000
7316,OP-24.001-3043,"Изработка на технически проект на реконструкция и рехабилитация на улична мрежа от регулацията на гр. Пирдоп, община Пирдоп, включващ: ул. Скока, ул. Стефан Стамболов, ул. Манджерин, ул. Райна Княгиня, ул. Димитър Ненов, ул. Никола Пушкаров, ул. Чавдар войвода, ул. Кирил и Методий, ул. Александър Батенберг, ул. Георги Бенковски, ул. Княз Борис I, ул. Сергей Румянцев, ул. Панагюрско шосе в участък: от кръстовище с ул. Цар Освободител до кръстовище с ул. Стефан Стамболов, проектиране на паркинги и алеи в междублоково пространство в кв. 174","Община Пирдоп, област София област",0.00000,0.00000,0.00000
7317,OP-24.001-2230,"Улични мрежи и съоръжения на техническата инфраструктура – изграждане на улици и тротоари за кв. 102, 103, 104, 105, 106, 107, 108, 109, 110, 111, 112, 113 и 114 по действащите подробни устройствени планове на град Правец, община Правец, област Софийска","Община Правец, област София област",0.00000,0.00000,0.00000
7317,OP-24.001-3046,"Инженеринг – проектиране и авторски надзор, и изпълнение на СМР на обект: ""Реконструкция на вътрешна водопроводна мрежа на село Джурово, община Правец""","Община Правец, област София област",0.00000,0.00000,0.00000
7317,OP-24.001-3044,"Ремонт и възстановяване на гробищен парк – основен ремонт на обреден дом, благоустрояване на алеи, строителство на ограда и стена за урни, в УПИ I, кв. 149 от РП на гр. Правец (етапно изпълнение)","Община Правец, област София област",0.00000,0.00000,0.00000
7317,OP-24.001-3045,"Инженеринг – проектиране и авторски надзор, и изпълнение на СМР на обект: ""Ремонт на спортна зала в гр. Правец с цел подобряване на нейната енергийна ефективност""","Община Правец, област София област",0.00000,0.00000,0.00000
7317,OP-25.001-0657,"Изпълнение на основен ремонт и надзор на обект ""Реконструкция на вътрешна водопроводна мрежа на с. Осиковица, община Правец""","Община Правец, област София област",0.00000,0.00000,0.00000
7317,OP-24.001-1389,"Улични мрежи и съоръжения на техническата инфраструктура – изграждане на водопровод за кв. 102, 103, 104, 105, 106, 107, 108, 109, 110, 111, 112, 113 и 114 по действащите подробни устройствени планове на гр. Правец, общ. Правец, обл. Софийска","Община Правец, област София област",506.13398,0.00000,506.13398
7317,OP-25.001-0659,"Основен ремонт на тротоари по улица ""Трети март"" от о.т. 93 през о.т. 94-95-96-97-98-99-100-101-102-58-60-62-54-104-70 до о.т. 80 и паркинг в УПИ I, кв. 7, за обществено обслужващи дейности в с. Разлив, община Правец","Община Правец, област София област",0.00000,0.00000,0.00000
7317,OP-25.001-0658,"Инженеринг – проектиране и авторски надзор, и изпълнение на СМР на обект ""Преустройство и промяна на предназаначението на Търговски комплекс в Сграда за култура и изкуство – УПИ XIV, кв. 20, гр. Правец""","Община Правец, област София област",0.00000,0.00000,0.00000
7317,OP-24.001-1390,"Ремонт, преустройство и промяна на предназначението на стопанска сграда – офиси, за жилища за временно настаняване","Община Правец, област София област",255.01040,0.00000,255.01040
7317,OP-24.001-3047,"Проектиране на обект ""Реконструкция на вътрешна водопроводна мрежа на село Осиковица, община Правец""","Община Правец, област София област",0.00000,0.00000,0.00000
7318,OP-24.001-2615,"Основен ремонт на общински път SFO2579/II-82, Самоков – София/ – Горни Окол – Долни Окол – /II-82/ в участъка от км 0+000 до км 9+819,36/Граница София-град","Община Самоков, област София област",0.00000,386.66585,386.66585
7318,OP-24.001-1391,"Реконструкция на вътрешна водопроводна мрежа на с. Широки дол, община Самоков","Община Самоков, област София област",0.00000,0.00000,0.00000
7318,OP-24.001-2616,"Основен ремонт на общински път SFO2571/III-181, Железница – п.к. Алино/ – Ковачевци – Ярлово в участъка от км 0+000 до км 4+8000","Община Самоков, област София област",0.00000,0.00000,0.00000
7318,OP-24.001-2231,"Изграждане на физк. салон към ОБУ ""Неофит Рилски"" в УПИ VIII – за училище, кв. 17, с идентификатор 65231.903.366 по КК на гр. Самоков","Община Самоков, област София област",0.00000,491.06240,491.06240
7318,OP-24.001-1392,"Модернизация и ремонт на съществуващ лекоатлетически стадион – лекоатлетическа писта и съоръжения за лекоатлетически дисциплини, гр. Самоков: Етап 1: Модернизация и ремонт на лекоатлетическа писта; Етап 2: Модернизация и ремонт на съоръжения за лекоатлетически дисциплини","Община Самоков, област София област",0.00000,0.00000,0.00000
7319,OP-24.001-1394,"Изграждане на предпазна дига по десния бряг на река Искър в УПИ XV – ""За озеленяване и водни площи"", кв. 174 по ПУП на град Своге","Община Своге, област София област",0.00000,1208.51015,1208.51015
7319,OP-24.001-1395,"Изграждане и рехабилитация на канализационната и водоснабдителна мрежа на град Своге. Втори етап: ""Рехабилитация на водоснабдителна мрежа на централна градска част на град Своге"": ""Изграждане и рехабилитация на канализационната мрежа на централна градска част на град Своге"" и ""Основен ремонт пътна настилка на централна градска част на град Своге""","Община Своге, област София област",2065.85862,0.00000,2065.85862
7319,OP-24.001-2232,"Изграждане ""Мост над река Искър, гр. Своге – улица с ОТ 616 през ОТ 1267-1268-1270 (Б)-1272 (А)-ОТ 1272 между кв. 78 и 174 по ПУП на гр. Своге""","Община Своге, област София област",0.00000,444.86746,444.86746
7320,OP-24.001-1397,"Реконструкция на част от съществуващата водоснабдителна система и съоръжения на град Сливница, община Сливница, и изграждане на нови клонове","Община Сливница, област София област",6732.96981,0.00000,6732.96981
7320,OP-24.001-1399,"Основен ремонт на общински път SFO3214 /I-8/ – Драгоман – Граница общ. (Драгоман – Сливница) – Сливница – Граница общ. (Сливница – Божурище) – /SFO2021/, участък от км 4+847 до км 8+874 с дължина 4,027 км, част от общинската пътна мрежа","Община Сливница, област София област",3626.64505,0.00000,3626.64505
7320,OP-24.001-1398,"Реконструкция на бул. ""Юрий Гагарин"" от о.т. 164 до о.т. 81 по части ВиК и улично осветление и нов пътен мост над река Сливнишка, гр. Сливница, от о.т. 108 до о.т. 317","Община Сливница, област София област",1082.82665,0.00000,1082.82665
7320,OP-24.001-2678,"Преустройство и смяна на предназначението на обществена сграда в детска градина в УПИ с идентификатор 67372.200.120 с адм. адрес ул. ""Св. Климент Охридски"" № 43, гр. Сливница, община Сливница","Община Сливница, област София област",532.47137,0.00000,532.47137
7320,OP-24.001-2679,"Прилагане на мерки за енергийна ефективност и реконструкция на старата сграда на ПГТ ""Н. Й. Вапцаров"", гр. Сливница, ул. ""Кирил и Методий"" № 4 (УПИ I, кв. 49) и смяна на предназначението в етнографски музей","Община Сливница, област София област",287.77765,0.00000,287.77765
7320,OP-25.001-0660,"ВОДОПРОВОДНА МРЕЖА НА ГР. СЛИВНИЦА, ОБЩИНА СЛИВНИЦА – ЕТАПНО ИЗГРАЖДАНЕ II ЕТАП: Гл. кл. III/част/, Гл. кл. IX/част/, Гл. кл. VII/част/ k-23, k-24,k-71, k-74, k-75/ч/, k-76/ч/, k-79, k-81, k-83, k-85, k-86, k-87, k-91, k-92/ч/, k-99, k-101, k-113/ч/, k-114/ч/, k-115/ч/, k-119, k-124, k-125, k-126, k-127, k-128, k-129, k-130, k-135, k-135А, k-138/ч/, k-139/ч/, k-142, k-144, k-145, k-147, k-151, k-157, Гл. кл. V/част/","Община Сливница, област София област",0.00000,0.00000,0.00000
7321,OP-24.001-2617,"Основен ремонт на улици ""Рила"" и ""Витоша"" от уличната мрежа на с. Чавдар, община Чавдар","Община Чавдар, област София област",0.00000,0.00000,0.00000
7321,OP-24.001-2234,"Аварийно-възстановителни работи по почистване, укрепване и реконструкция на отводнителна канавка и отводнителни съоръжения, прилежащи на ул. ""Александър Стамболийски"" в с. Чавдар","Община Чавдар, област София област",0.00000,0.00000,0.00000
7321,OP-25.001-0661,"Внедряване на мерки за ЕЕ и изграждане на ФЕЦ на покрива на сградата на читалище ""Надежда"" – с. Чавдар","Община Чавдар, област София област",0.00000,0.00000,0.00000
7321,OP-24.001-1400,Общински център за гости,"Община Чавдар, област София област",0.00000,0.00000,0.00000
7321,OP-24.001-1401,Реконструкция и рехабилитация на улици и тротоари в с. Чавдар,"Община Чавдар, област София област",122.60689,0.00000,122.60689
7322,OP-24.001-1402,"Плувен комплекс в УПИ XVIII-325, 326, 327","Община Челопеч, област София област",0.00000,0.00000,0.00000
7322,OP-24.001-2618,Довеждащи водопроводи на с. Челопеч,"Община Челопеч, област София област",0.00000,0.00000,0.00000
7401,OP-24.001-2619,"Реконструкция на ул. ""Тракия"" – от ул. ""Крайречна"" до кръстовище с път ІІІ-5603","Община Братя Даскалови, област Стара Загора",0.00000,0.00000,0.00000
7401,OP-24.001-3049,"Реконструкция на улици в с. Мирово между о.т. 62, о.т. 63, о.т. 64, о.т. 72, о.т. 74, о.т. 117 и о.т. 116 (кръстовище с републикански път II-66)","Община Братя Даскалови, област Стара Загора",0.00000,0.00000,0.00000
7401,OP-24.001-1403,"Реконструкция на част от водопроводната мрежа на с. Братя Даскалови, общ. Братя Даскалови","Община Братя Даскалови, област Стара Загора",666.50376,0.00000,666.50376
7401,OP-24.001-2620,"Реконструкция на улица в с. Плодовитово между о.т. 81 (кръстовище с път ІІІ-667), о.т. 83, о.т. 94, о.т. 93, о.т. 92, о.т. 91, о.т. 89 и о.т. 88","Община Братя Даскалови, област Стара Загора",0.00000,0.00000,0.00000
7401,OP-24.001-2621,"Реконструкция на улица в с. Оризово от о.т. 3 (кръстовище с път ІІІ-666), о.т. 4 и о.т. 8","Община Братя Даскалови, област Стара Загора",0.00000,0.00000,0.00000
7401,OP-25.001-0662,"Реконструкция и рехабилитация на улица от о.т. 88 през о.т. 89, о.т. 92, о.т. 94 до о.т. 41 в с. Братя Даскалови, община Братя Даскалови","Община Братя Даскалови, област Стара Загора",0.00000,0.00000,0.00000
7401,OP-24.001-3050,"Асфалтобетонова настилка на улица от о.т. 94 до о.т. 22 (през о.т. 72, о.т. 28, о.т. 24, о.т. 23) в с. Малко Дряново, община Братя Даскалови","Община Братя Даскалови, област Стара Загора",0.00000,0.00000,0.00000
7402,OP-24.001-1404,"Основен ремонт и реконструкция на улица ""Михаил Греков"", гр. Гурково","Община Гурково, област Стара Загора",0.00000,0.00000,0.00000
7402,OP-24.001-2239,"Основен ремонт и реконструкция на улица от о.т. 54 през о.т. 56, о.т. 57, о.т. 57, о.т. 44, о.т. 45, о.т. 16, о.т. 17, о.т. 18, о.т. 20, о.т. 21 до о.т. 9 в с. Конаре, община Гурково","Община Гурково, област Стара Загора",0.00000,0.00000,0.00000
7402,OP-24.001-2246,"Основен ремонт и реконструкция на улица ""Дружба"" (о.т. 99-о.т. 112) в с. Паничерево, община Гурково","Община Гурково, област Стара Загора",0.00000,0.00000,0.00000
7402,OP-24.001-2235,"Основен ремонт и реконструкция на улица ""Паисий"" (от о.т. 7 през о.т. 14, о.т. 13, о.т. 29, о.т. 28, о.т. 34, о.т. 33, о.т. 74, о.т. 75, о.т. 81, о.т. 82 до о.т. 93), гр. Гурково","Община Гурково, област Стара Загора",0.00000,0.00000,0.00000
7402,OP-24.001-2244,"Основен ремонт и реконструкция на улица ""Язовирна"" (о.т. 84 през о.т. 83, о.т. 88, о.т. 87, о.т. 86, о.т. 91, о.т. 134, о.т. 133, о.т. 132 до о.т. 131) в с. Паничерево, община Гурково","Община Гурково, област Стара Загора",0.00000,104.35116,104.35116
7402,OP-24.001-2243,"Основен ремонт и реконструкция на улица ""Бояна"" (о.т. 96 през о.т. 56, о.т. 55, о.т. 53 до о.т. 52) в с. Паничерево, община Гурково","Община Гурково, област Стара Загора",0.00000,101.96444,101.96444
7402,OP-24.001-1407,"Основен ремонт и реконструкция на улица ""Захари Стоянов"" (от о.т. 34 до о.т. 100), гр. Гурково","Община Гурково, област Стара Загора",0.00000,0.00000,0.00000
7402,OP-24.001-2245,"Основен ремонт и реконструкция на улица ""Драва"" (о.т. 66 през о.т. 65, о.т. 58, о.т. 59 до о.т. 60) в с. Паничерево, община Гурково","Община Гурково, област Стара Загора",0.00000,0.00000,0.00000
7402,OP-24.001-2240,"Основен ремонт и реконструкция на улица от 155 през о.т. 163, о.т. 162, о.т. 173 до о.т. 175 в с. Конаре, община Гурково","Община Гурково, област Стара Загора",0.00000,0.00000,0.00000
7402,OP-24.001-2241,"Основен ремонт и реконструкция на улица от о.т. 22 през о.т. 23, о.т. 24 до о.т. 5 в с. Конаре, община Гурково","Община Гурково, област Стара Загора",0.00000,0.00000,0.00000
7402,OP-24.001-1409,"Основен ремонт и реконструкция на улица ""Севастопол"" (о.т. 3-о.т. 94) в с. Паничерево, община Гурково","Община Гурково, област Стара Загора",0.00000,0.00000,0.00000
7402,OP-24.001-1408,"Основен ремонт и реконструкция на улица ""Чайка"" (о.т. 36-о.т. 84) в с. Паничерево, община Гурково","Община Гурково, област Стара Загора",0.00000,0.00000,0.00000
7402,OP-24.001-2242,"Основен ремонт и реконструкция на улица о.т. 56 през о.т. 63, о.т. 62 до о.т. 61, с. Конаре, община Гурково","Община Гурково, област Стара Загора",0.00000,0.00000,0.00000
7402,OP-24.001-1625,"Основен ремонт и реконструкция на улица ""Александър Стамболийски"" (от о.т. 107 до о.т. 111), гр. Гурково, община Гурково","Община Гурково, област Стара Загора",0.00000,0.00000,0.00000
7402,OP-24.001-1410,"Основен ремонт и реконструкция на улица ""Хаджи Димитър Асенов"" (от о.т. 77 до о.т. 80), гр. Гурково","Община Гурково, област Стара Загора",0.00000,0.00000,0.00000
7402,OP-24.001-1412,"Основен ремонт и реконструкция на улица ""Байкал"" (о.т. 117-о.т. 124) в с. Паничерево, община Гурково","Община Гурково, област Стара Загора",0.00000,0.00000,0.00000
7402,OP-24.001-2238,"Основен ремонт и реконструкция на ул. от о.т. 104 до о.т. 106, с дължина 129 м, с. Конаре, общ. Гурково, обл. Стара Загора","Община Гурково, област Стара Загора",0.00000,0.00000,0.00000
7402,OP-24.001-2236,"Основен ремонт и реконструкция на улица ""Тунджа"" (от о.т. 154 през о.т. 155 до о.т. 158), гр. Гурково","Община Гурково, област Стара Загора",0.00000,0.00000,0.00000
7402,OP-24.001-2237,"Основен ремонт и реконструкция на улица ""Панайот Волов"", гр. Гурково","Община Гурково, област Стара Загора",0.00000,0.00000,0.00000
7402,OP-25.001-0663,"Основен ремонт на общински паркинг с открити и закрити паркоместа, находящ се в ПИ 18157.501.1113, кв. 15, УПИ II в гр. Гурково","Община Гурково, област Стара Загора",0.00000,0.00000,0.00000
7403,OP-24.001-2247,"Реконструкция и рехабилитация на общински път SZR 1044 /от път II-55 до с. Помощник/, км 0+000 до км 5+800","Община Гълъбово, област Стара Загора",105.30000,2351.99999,2457.29999
7403,OP-24.001-1413,"Реконструкция на общински път SZR 1042 Гълъбово – с. Априлово, от км 5+500 до км 8+000","Община Гълъбово, област Стара Загора",0.00000,0.00000,0.00000
7403,OP-24.001-2681,Подмяна на водопроводна мрежа в обхвата на републикански път III-5504 в с. Обручище,"Община Гълъбово, област Стара Загора",0.00000,0.00000,0.00000
7403,OP-24.001-2682,Подмяна на водопроводна мрежа в обхвата на републикански път III-5504 в с. Медникарово,"Община Гълъбово, област Стара Загора",618.54536,176.72723,795.27259
7403,OP-24.001-2248,"Реконструкция на водопроводна мрежа, изграждане на канализация за битови отпадни води и пречиствателна станция за битови отпадни води /ПСОВ/ в с. Обручище","Община Гълъбово, област Стара Загора",0.00000,0.00000,0.00000
7403,OP-24.001-1415,"Реконструкция на ул. ""Славянска"", от бул. ""Република"" до ул. ""Лозенец"" – гр. Гълъбово","Община Гълъбово, област Стара Загора",0.00000,0.00000,0.00000
7403,OP-24.001-2623,"Реконструкция на ул. ""Шипка"", гр. Гълъбово","Община Гълъбово, област Стара Загора",0.00000,0.00000,0.00000
7403,OP-24.001-2683,Подмяна на водопроводна мрежа в обхвата на републикански път III-5504 в с. Искрица,"Община Гълъбово, област Стара Загора",0.00000,113.98566,113.98566
7403,OP-24.001-2622,"Реконструкция и рехабилитация на улица с о.т. 84 – о.т. 132, с. Медникарово","Община Гълъбово, област Стара Загора",0.00000,0.00000,0.00000
7403,OP-24.001-2250,"Реконструкция и рехабилитация на общински път SZR 1043 /от път III-5504 до с. Обручище/, км 0+000 до км 0+950","Община Гълъбово, област Стара Загора",98.40000,0.00000,98.40000
7403,OP-24.001-2624,"Реконструкция на ул. ""Хан Аспарух"", гр. Гълъбово","Община Гълъбово, област Стара Загора",0.00000,0.00000,0.00000
7403,OP-24.001-2625,"Реконструкция на ул. ""Възход"", гр. Гълъбово","Община Гълъбово, област Стара Загора",0.00000,0.00000,0.00000
7403,OP-24.001-2249,Изграждане на общински пазар в гр. Гълъбово,"Община Гълъбово, област Стара Загора",0.00000,0.00000,0.00000
7403,OP-24.001-1414,"Изграждане на обслужваща сграда и трибуни и основен ремонт на градски стадион Гълъбово – тревно покритие, писта, ограда, осветление, поливна инсталация и др.","Община Гълъбово, област Стара Загора",0.00000,0.00000,0.00000
7404,OP-25.001-0664,"Реконструкция на водопроводна мрежа, с. Енина, община Казанлък – етап I","Община Казанлък, област Стара Загора",0.00000,0.00000,0.00000
7404,OP-25.001-0665,Реконструкция на част от път SZR 1064/II-56 Шипка – Павел баня – Шейново – Крън – Енина – Горно Изворово/,"Община Казанлък, област Стара Загора",0.00000,0.00000,0.00000
7404,OP-25.001-0666,"Основен ремонт на ПЪТ SZR /I-6, Дунавци – Казанлък – яз. Копринка от км 0+000 до км 3+600/","Община Казанлък, област Стара Загора",0.00000,0.00000,0.00000
7404,OP-24.001-1419,Изграждане на западен вход на град Казанлък с кръгово кръстовище,"Община Казанлък, област Стара Загора",514.33600,0.00000,514.33600
7404,OP-24.001-1416,"Реконструкция на общински спортен обект ""Колодрум"" в град Казанлък в закрита многофункционална спортна зала","Община Казанлък, област Стара Загора",0.00000,0.00000,0.00000
7404,OP-24.001-1417,Реконструкция на общински път SZR 2070 и изграждане на велоалея от гр. Казанлък – яз. Копринка. Туристически маршрут Севтополис,"Община Казанлък, област Стара Загора",2834.86702,0.00000,2834.86702
7404,OP-24.001-1418,"Изграждане на пътно кръстовище ""Детелина"" – пътен възел на път I-6 София – Бургас при км 312+00","Община Казанлък, област Стара Загора",2794.07638,0.00000,2794.07638
7404,OP-24.001-3051,"Изграждане на парк ""Северен"", град Казанлък","Община Казанлък, област Стара Загора",0.00000,0.00000,0.00000
7405,OP-24.001-3052,"Реконструкция на водопроводната мрежа на с. Юлиево, община Мъглиж – първи етап, втори подетап","Община Мъглиж, област Стара Загора",3761.37232,0.00000,3761.37232
7405,OP-24.001-1420,"Основен ремонт на ул. ""Еделвайс"" от о.т. 6 до о.т. 186 в село Тулово, община Мъглиж","Община Мъглиж, област Стара Загора",0.00000,0.00000,0.00000
7405,OP-24.001-2253,"Основен ремонт и подмяна на уличен водопровод на ул. ""Славянска"" в с. Дъбово, община Мъглиж","Община Мъглиж, област Стара Загора",0.00000,0.00000,0.00000
7405,OP-24.001-3054,"Основен ремонт на общински път SZR 1081 Тулово – Мъглиж – Селце – отстраняване на каменопади, сипеи, свличания и вследствие на това – възстановяване на увредена асфалтобетонова настилка и монтаж на ОСП на планински участък общински път SZR 1081 от км 6+259 до км 19+500 между гр. Мъглиж и с. Селце, община Мъглиж","Община Мъглиж, област Стара Загора",0.00000,0.00000,0.00000
7405,OP-24.001-3053,"Основен ремонт на ул. ""Лев Попов"" и подмяна на водопровоната мрежа по нея в гр. Мъглиж, община Мъглиж","Община Мъглиж, област Стара Загора",0.00000,0.00000,0.00000
7405,OP-24.001-2251,"Основен ремонт на ул. ""Роза"" от о.т. 134 до о.т. 98 в с. Тулово, община Мъглиж","Община Мъглиж, област Стара Загора",0.00000,0.00000,0.00000
7405,OP-25.001-0667,"Изграждане и реконструкция на ВиК мрежа и ПСОВ в град Мъглиж, общ. Мъглиж – етапно, подобект 2 ""Изграждане и реконструкция на водопроводна и канализационна мрежа в град Мъглиж, общ. Мъглиж – етап 1""","Община Мъглиж, област Стара Загора",0.00000,0.00000,0.00000
7405,OP-24.001-1421,"Основен ремонт на ул. ""Отдих"" от о.т. 122 до о.т. 164 в село Тулово, община Мъглиж","Община Мъглиж, област Стара Загора",432.79282,0.00000,432.79282
7405,OP-24.001-2252,"Основен ремонт на ул. ""Бояна"" от о.т. 113 до о.т. 99 в с. Тулово, община Мъглиж","Община Мъглиж, област Стара Загора",0.00000,0.00000,0.00000
7405,OP-24.001-3055,"Основен ремонт на ул. ""Звезда"" от о.т. 29, о.т. 39 до о.т. 94 в село Тулово, община Мъглиж","Община Мъглиж, област Стара Загора",0.00000,0.00000,0.00000
7405,OP-24.001-1422,"Основен ремонт на ул. ""Тинтява"" от о.т. 108 до о.т. 168 в село Тулово, община Мъглиж","Община Мъглиж, област Стара Загора",188.08369,0.00000,188.08369
7405,OP-24.001-1423,"Основен ремонт на ул. ""Дружба"" от о.т. 164 до о.т. 168 в село Тулово, община Мъглиж","Община Мъглиж, област Стара Загора",185.57634,0.00000,185.57634
7406,OP-24.001-3056,"Реконструкция на общински път SZR1023 /ІІ – 55/ Паничерево – Граница общ. (Гурково – Николаево) – Едрево – Елхово – Граница общ. (Николаево – Мъглиж) – /ІІІ – 5007/, с идентификаторен номер 48163.17.248 по КККР на с. Елхово, общ. Николаево","Община Николаево, област Стара Загора",218.85600,456.48000,675.33600
7406,OP-24.001-1424,"Реконструкция и подмяна на вътрешна водопроводна мрежа в с. Едрево, общ. Николаево – Първи етап","Община Николаево, област Стара Загора",1181.06836,0.00000,1181.06836
7406,OP-24.001-1425,Реконструкция на външен водопровод с. Едрево от БПС до НВ V=120 куб. м – II и III етап от точка B6 до НВ V=120 куб. м,"Община Николаево, област Стара Загора",621.08366,0.00000,621.08366
7406,OP-24.001-2254,"Реконструкция на бул. ""Св. св. Кирил и Методий"" и ул. ""Освобождение"" в гр. Николаево","Община Николаево, област Стара Загора",0.00000,0.00000,0.00000
7406,OP-24.001-3058,"Рехабилитация и изграждане на част от вътрешната водопроводна мрежа на с. Елхово, община Николаево, с дължина 495.35 м – етап II","Община Николаево, област Стара Загора",0.00000,59.70064,59.70064
7406,OP-24.001-3057,"Реконструкция на общински път SZR2101 / ІІІ – 5007 / Николаево – Граница общ. (Николаево – Гурково) – Брестова – Дворище – Жълтопоп, с идентификаторен номер 51648.51.59 по КККР на гр. Николаево","Община Николаево, област Стара Загора",0.00000,0.00000,0.00000
7406,OP-25.001-0668,"Реконструкция и подмяна на вътрешна водопроводна мрежа в с. Едрево, общ. Николаево – втори етап","Община Николаево, област Стара Загора",0.00000,0.00000,0.00000
7407,OP-24.001-2256,"Реконструкция на съществуваща водопроводна мрежа с. Средец, община Опан – I етап","Община Опан, област Стара Загора",1166.73692,0.00000,1166.73692
7407,OP-24.001-2255,"Реконструкция на съществуваща водопроводна мрежа с. Бял извор, община Опан – I етап","Община Опан, област Стара Загора",1137.92582,0.00000,1137.92582
7407,OP-24.001-1427,"Основен ремонт и рехабилитация на улица от о.т. 102, о.т. 103, о.т. 112 до о.т. 146 по плана на село Бял извор, община Опан, област Стара Загора","Община Опан, област Стара Загора",0.00000,0.00000,0.00000
7407,OP-24.001-1426,"Рехабилитация на път SZR2112/III-503, Опан – Симеоновград – Столетово от км 0+000 до км 1-000","Община Опан, област Стара Загора",0.00000,0.00000,0.00000
7407,OP-24.001-1428,"Проектиране и изграждане на фотоволтаичен парк за постигане на енергийна ефективност на сградата на Общинска администрация, с. Опан","Община Опан, област Стара Загора",0.00000,0.00000,0.00000
7407,OP-24.001-2257,"Реконструкция на съществуваща водопроводна мрежа с. Тракия, община Опан – I етап","Община Опан, област Стара Загора",0.00000,0.00000,0.00000
7407,OP-24.001-2258,"Реконструкция на съществуваща водопроводна мрежа с. Ястребово, община Опан – I етап","Община Опан, област Стара Загора",0.00000,0.00000,0.00000
7408,OP-24.001-1430,Основен ремонт на улици на територията на община Павел баня – етапно строителство,"Община Павел баня, област Стара Загора",1949.63525,0.00000,1949.63525
7408,OP-25.001-0669,"Реконструкция на водопроводна мрежа на село Осетеново, община Павел баня – етапно строителство СМР","Община Павел баня, област Стара Загора",0.00000,409.17784,409.17784
7408,OP-25.001-0670,"Реконструкция на водопроводна мрежа на с. Александрово, община Павел баня – етапно строителство СМР","Община Павел баня, област Стара Загора",0.00000,386.33862,386.33862
7408,OP-24.001-1429,"Реконструкция на водопроводна мрежа на село Тъжа, община Павел баня","Община Павел баня, област Стара Загора",1100.91135,0.00000,1100.91135
7409,OP-24.001-1431,"Реконструкция на участък от път SZR 1154 /III-554, Раднево – Гълъбово/ Бели бряг – Рисиманово – Българене – Знаменосец – /SZR 1173/ между с. Българене и с. Рисиманово, община Раднево, област Стара Загора","Община Раднево, област Стара Загора",0.00000,0.00000,0.00000
7409,OP-24.001-2259,Реконструкция на участъци от общински път SZR 1156 в община Раднево,"Община Раднево, област Стара Загора",0.00000,0.00000,0.00000
7409,OP-24.001-1433,"Реконструкция на път № SZR2153 от кръстовище с път II-57 до табела за с. Даскал Атанасово, община Раднево, област Стара Загора","Община Раднево, област Стара Загора",0.00000,0.00000,0.00000
7409,OP-24.001-1432,Реконструкция на участъци от общински път SZR 1156 в община Раднево. От край (указателна табела) населено място с. Тихомирово до начало (указателна табела) с. Свободен с дължина на отсечката 3405.28 м,"Община Раднево, област Стара Загора",0.00000,0.00000,0.00000
7409,OP-24.001-1436,Изграждане на водопроводна мрежа на с. Боздуганово – II етап,"Община Раднево, област Стара Загора",0.00000,0.00000,0.00000
7409,OP-24.001-2260,"Реконструкция на част от водопроводната мрежа с разваляне и възстановяване на съществуващата настилка в с. Даскал Атанасово, община Раднево, и реконструкция на довеждащ водопровод","Община Раднево, област Стара Загора",0.00000,0.00000,0.00000
7409,OP-24.001-1434,"Изграждане на външен асансьор, ремонт на ВиК инсталация и ремонтни дейности на отделни помещения в сграда на общинска администрация, гр. Раднево","Община Раднево, област Стара Загора",0.00000,0.00000,0.00000
7409,OP-24.001-1435,"Реконструкция и доизграждане на водопроводна мрежа на с. Тополяне, община Раднево","Община Раднево, област Стара Загора",0.00000,0.00000,0.00000
7409,OP-24.001-2261,"Реконструкция и/или рехабилитация на участък от ул. ""Рашо Костов"" в гр. Раднево, община Раднево","Община Раднево, област Стара Загора",0.00000,0.00000,0.00000
7409,OP-24.001-1437,"Рехабилитация на ул. ""Андончо Черковски"" от о. т. 1355 до о. т. 1416, с дължина 785,65 м, гр. Раднево","Община Раднево, област Стара Загора",0.00000,0.00000,0.00000
7409,OP-25.001-0671,"Реконструкция на част от улични водопроводи с разваляне и възстановяване на съществуващата настилка в с. Даскал Атанасово, община Раднево – Етап 2 и Етап 3","Община Раднево, област Стара Загора",0.00000,0.00000,0.00000
7409,OP-24.001-3059,"Основен ремонт на зала за бойни изкуства и топла връзка към Спортен комплекс, гр. Раднево","Община Раднево, област Стара Загора",0.00000,0.00000,0.00000
7410,OP-24.001-1438,"Реконструкция на уличната мрежа, благоустрояване на междублоково пространство и изграждане на улична дъждовна канализация в кв. ""Казански"", град Стара Загора","Община Стара Загора, област Стара Загора",6003.34290,0.00000,6003.34290
7410,OP-24.001-1441,"Паркоустрояване, благоустрояване и подобряване на физическата среда на градина ""Пети октомври"", УПИ XIII – градина, кв. 1в по плана на град Стара Загора, с цел постигане на устойчива градска среда","Община Стара Загора, област Стара Загора",0.00000,0.00000,0.00000
7410,OP-24.001-2267,"Основен ремонт и въвеждане на мерки за енергийна ефективност на сградата на спортно училище ""Тодор Каблешков"", УПИ III – училище, кв. ""Кольо Ганчев"", град Стара Загора","Община Стара Загора, област Стара Загора",0.00000,0.00000,0.00000
7410,OP-24.001-1442,"Паркоустрояване, благоустрояване и подобряване на физическата среда на градина ""Александър Стамболийски"", УПИ IV – градина, кв. 46б по плана на град Стара Загора","Община Стара Загора, област Стара Загора",0.00000,0.00000,0.00000
7410,OP-24.001-1440,"Реконструкция, модернизация и въвеждане на мерки за ЕЕ за сградата на ОУ ""Самара""","Община Стара Загора, област Стара Загора",2213.89169,0.00000,2213.89169
7410,OP-24.001-2263,"Основен ремонт на бул. ""Цар Симеон Велики"" от бул. ""Крайречен"" до бул. ""Никола Петков""","Община Стара Загора, област Стара Загора",0.00000,0.00000,0.00000
7410,OP-24.001-2262,"Основен ремонт на бул. ""Цар Симеон Велики"" от бул. ""Патриарх Евтимий"" до бул. ""Крайречен""","Община Стара Загора, област Стара Загора",969.77591,0.00000,969.77591
7410,OP-24.001-2264,"Основен ремонт на ул. ""Хрищян Войвода"", кв. ""Зора"", град Стара Загора","Община Стара Загора, област Стара Загора",0.00000,0.00000,0.00000
7410,OP-24.001-1443,"Основен ремонт и въвеждане на мерки за енергийна ефективност в сградата на ЦДГ № 66 ""Детски рай""","Община Стара Загора, област Стара Загора",795.19340,0.00000,795.19340
7410,OP-25.001-0190,"Реконструкция, облагородяване и подобряване на градската среда на пространството между бул. ""Цар Симеон Велики"", бул. ""Руски"", ул. ""Свети Княз Борис I"" и ул. ""Кольо Ганчев"", град Стара Загора","Община Стара Загора, област Стара Загора",0.00000,0.00000,0.00000
7410,OP-24.001-1445,"Реконструкция, благоустрояване и подобряване на физическата среда на ул. ""Граф Игнатиев"" (от ул. ""Димитър Наумов"" до бул. ""Св. Патриарх Евтимий)","Община Стара Загора, област Стара Загора",0.00000,0.00000,0.00000
7410,OP-24.001-1444,"Реконструкция, благоустрояване и подобряване на физическата среда на ул. ""Свети Княз Борис"" от ул. ""Свети Отец Паисий"" до бул. ""Митрополит Методий Кусев"" – II етап","Община Стара Загора, област Стара Загора",1168.13248,0.00000,1168.13248
7410,OP-24.001-2266,"Изграждане на спортни площадки в двора на ППМГ ""Гео Милев"", град Стара Загора","Община Стара Загора, област Стара Загора",0.00000,0.00000,0.00000
7410,OP-24.001-2265,"Изграждане на спортни площадки в СУ ""Васил Левски"", град Стара Загора","Община Стара Загора, област Стара Загора",73.85000,0.00000,73.85000
7411,OP-24.001-1448,"Ремонт и реконструкция на път SZR 2224 – /SZR 1223, Воловарово – Гита/ – Държава","Община Чирпан, област Стара Загора",0.00000,0.00000,0.00000
7411,OP-24.001-1449,"Ремонт и благоустрояване на улица ""Христо Смирненски"", гр. Чирпан","Община Чирпан, област Стара Загора",0.00000,0.00000,0.00000
7411,OP-24.001-1451,"Доизграждане на Детска градина и ажурна ограда, с. Свобода","Община Чирпан, област Стара Загора",444.78936,0.00000,444.78936
7411,OP-24.001-1454,"Ремонт и благоустрояване на улица ""Кочо Цветаров"" о.т. 549 – о.т. 572 по плана на гр. Чирпан и реконструкция на електроразпределителната мрежа","Община Чирпан, област Стара Загора",0.00000,0.00000,0.00000
7411,OP-24.001-1456,"Ремонт и благоустрояване на улица ""Ернст Телман"", гр. Чирпан","Община Чирпан, област Стара Загора",0.00000,0.00000,0.00000
7411,OP-24.001-1455,"Ремонт и благоустрояване на улица ""Русен Атанасов"" – о.т. 20 до о.т. 167 по плана на гр. Чирпан","Община Чирпан, област Стара Загора",0.00000,0.00000,0.00000
7411,OP-24.001-1446,"Обновяване, ремонт и проектни мероприятия в парк ""Д-р Т. Стоилов"", гр. Чирпан","Община Чирпан, област Стара Загора",0.00000,0.00000,0.00000
7411,OP-24.001-1452,"Ремонт на участък от улица между о.т. 151 и о.т. 152, и участък между о.т. 161, о.т. 162, о.т. 165, о.т. 166 и о.т. 125 по плана на с. Свобода","Община Чирпан, област Стара Загора",0.00000,0.00000,0.00000
7411,OP-24.001-1461,"Ремонт и благоустрояване на улица ""П. К. Яворов"" – о.т. 214 до о.т. 209, включително триъгълното кръстовище западно от ул. ""Д-р Петър Генов""","Община Чирпан, област Стара Загора",0.00000,0.00000,0.00000
7411,OP-25.001-0191,Благоустрояване на разширение на гробищен парк – гр. Чирпан,"Община Чирпан, област Стара Загора",0.00000,0.00000,0.00000
7411,OP-24.001-1458,Pемонт и благоустрояване на улица между о.т. 50-55-56-79 до о.т. 72 по плана на с. Зетьово,"Община Чирпан, област Стара Загора",0.00000,0.00000,0.00000
7411,OP-24.001-1462,"Ремонт и благоустрояване на улица ""Бузлуджански конгрес""","Община Чирпан, област Стара Загора",0.00000,0.00000,0.00000
7411,OP-24.001-1457,"Междублоково пространство между улица ""Янко Кочев"" и улица ""Янко Иванов"", град Чирпан – Етап 2 и Етап 3","Община Чирпан, област Стара Загора",0.00000,0.00000,0.00000
7411,OP-25.001-0192,Изграждане на Център за специализирана подкрепа за лица с увреждания и техните семейства,"Община Чирпан, област Стара Загора",0.00000,0.00000,0.00000
7411,OP-24.001-1460,"Ремонт и благоустрояване на улица ""Комсомолска"", гр. Чирпан","Община Чирпан, област Стара Загора",0.00000,0.00000,0.00000
7411,OP-24.001-1447,"Ремонт на ул. ""Кочо Цветаров"" от о.т. 573 до о.т. 597 – Републикански път II-66, гр. Чирпан, обл. Стара Загора","Община Чирпан, област Стара Загора",0.00000,0.00000,0.00000
7411,OP-24.001-1450,"Ремонт, реконструкция и благоустрояване на градски стадион, гр. Чирпан","Община Чирпан, област Стара Загора",0.00000,0.00000,0.00000
7411,OP-24.001-1459,"Основно обновяване на открити площадки за игра в ДДЯ ""Д-р Иван Софкаров"", гр. Чирпан","Община Чирпан, област Стара Загора",0.00000,0.00000,0.00000
7411,OP-25.001-0672,"Въвеждане на мерки за енергийна ефективност на сградата на ""Исторически музей"", гр. Чирпан","Община Чирпан, област Стара Загора",0.00000,0.00000,0.00000
7411,OP-24.001-2268,Доизграждане на общински приют за бездомни животни и довеждаща инфраструктура,"Община Чирпан, област Стара Загора",0.00000,0.00000,0.00000
7411,OP-24.001-1453,"Ремонт на улица ""Фридрих Енгелс"" от ул. ""Кочо Цветаров"" до републикански път II-66, гр. Чирпан, обл. Стара Загора","Община Чирпан, област Стара Загора",0.00000,0.00000,0.00000
7411,OP-24.001-1463,"Изработване на инвестиционен проект за реконструкция, преустройство и разширение на комплекс за култура и изкуство в град Чирпан","Община Чирпан, област Стара Загора",0.00000,0.00000,0.00000
7411,OP-24.001-1464,Изработване на инвестиционен проект за изграждане на нова спортна зала в град Чирпан,"Община Чирпан, област Стара Загора",0.00000,0.00000,0.00000
7411,OP-24.001-1466,"Изработване на инвестиционен проект за ""Реконструкция на общински път ""Чирпан-Ценово-Златна ливада"" от км 2+500 до с. Златна ливада","Община Чирпан, област Стара Загора",0.00000,0.00000,0.00000
7411,OP-24.001-1468,"Изработване на инвестиционен проект за основен ремонт на пространството пред жп гара Чирпан и улична връзка с бул. ""Георги Димитров"", град Чирпан","Община Чирпан, област Стара Загора",0.00000,0.00000,0.00000
7411,OP-24.001-1465,Изработване на инвестиционен проект за изграждане на нов детски развлекателен център в град Чирпан,"Община Чирпан, област Стара Загора",0.00000,0.00000,0.00000
7411,OP-24.001-1467,"Изработване на инвестиционен проект за основен ремонт на Средно училище ""Пейо Крачолов Яворов"", гр. Чирпан","Община Чирпан, област Стара Загора",0.00000,0.00000,0.00000
7501,OP-24.001-1469,Реконструкция на вътрешна водопроводна мрежа – с. Добротица,"Община Антоново, област Търговище",3169.58922,0.00000,3169.58922
7501,OP-24.001-2626,Реконструкция на вътрешна водопроводна мрежа – с. Стеврек,"Община Антоново, област Търговище",2582.88944,0.00000,2582.88944
7501,OP-24.001-1471,"Многофункционална сграда със застроена площ 672,6 кв. м, находяща се в УПИ I, кв. 17, с. Трескавец, община Антоново","Община Антоново, област Търговище",0.00000,0.00000,0.00000
7501,OP-24.001-2269,"Рехабилитация на общински път TGV 1017/III-409, Омуртаг – Моравка/ – Китино – Граница община (Антоново – Търговище) – Цветница – /III-4009/, община Антоново","Община Антоново, област Търговище",900.00000,0.00000,900.00000
7501,OP-24.001-2270,"Обновяване на паркови пространства в гр. Антоново. Благоустрояване на УПИ I, кв. 16, гр. Антоново","Община Антоново, област Търговище",526.56927,0.00000,526.56927
7501,OP-25.001-0086,"Изграждане на площадка за игра на открито и благоустрояване в УПИ XI с ид. 00518.502.785, кв. 16, гр. Антоново, община Антоново, област Търговище","Община Антоново, област Търговище",0.00000,0.00000,0.00000
7501,OP-24.001-3060,"Рехабилитация /реконструкция/ на улици в населени места в община Антоново, подобект с. Разделци: ул. ""Васил Левски""","Община Антоново, област Търговище",0.00000,0.00000,0.00000
7501,OP-24.001-3064,"Рехабилитация /реконструкция/ на улици в населени места в община Антоново, подобект с. Трескавец: ул. ""Стара планина""","Община Антоново, област Търговище",0.00000,0.00000,0.00000
7501,OP-24.001-3063,"Рехабилитация /реконструкция/ на улици в населени места в община Антоново, подобект с. Китино: ул. ""Иван Салтиров""","Община Антоново, област Търговище",0.00000,0.00000,0.00000
7501,OP-24.001-3061,"Рехабилитация /реконструкция/ на улици в населени места в община Антоново, подобект с. Длъжка поляна: ул. ""Бояна""","Община Антоново, област Търговище",0.00000,0.00000,0.00000
7501,OP-24.001-3062,"Рехабилитация /реконструкция/ на улици в населени места в община Антоново, подобект с. Кьосевци: ул. ""Генерал Заимов""","Община Антоново, област Търговище",0.00000,0.00000,0.00000
7501,OP-24.001-1470,"Рехабилитация на път TGV 1015 /III-409, Омуртаг – Конак/ – Трескавец и изграждане на тротоари","Община Антоново, област Търговище",0.00000,0.00000,0.00000
7502,OP-24.001-1472,"Реконструкция на вътрешна водопроводна мрежа на гр. Омуртаг – II етап – Реконструкция на водопроводи от водоснабдителните зони към напорен водоем ""Средна зона""","Община Омуртаг, област Търговище",0.00000,368.69803,368.69803
7502,OP-24.001-1473,"Реконструкция на вътрешна водопроводна мрежа на гр. Омуртаг – III етап – Реконструкция на водопроводи от водоснабдителните зони към напорен водоем ""Висока зона""","Община Омуртаг, област Търговище",0.00000,0.00000,0.00000
7502,OP-24.001-1474,"Допълнително водоснабдяване с. Чернокапци, община Омуртаг","Община Омуртаг, област Търговище",0.00000,0.00000,0.00000
7502,OP-24.001-1475,"Рехабилитация /основен ремонт/ на уличното платно на улица ""Стефан Караджа"" от о.т. 5 до о.т. 56 с дължина 1090 м, с. Величка","Община Омуртаг, област Търговище",0.00000,83.99120,83.99120
7502,OP-25.001-0673,"Рехабилитация на път TGV3083/II-48, Омуртаг-п.к. Зелена Морава/-м. Кайника","Община Омуртаг, област Търговище",0.00000,0.00000,0.00000
7502,OP-25.001-0674,Рехабилитация на път TGV3036/TGV 1073 Врани кон – Обител/Обител – Чернокапци,"Община Омуртаг, област Търговище",0.00000,0.00000,0.00000
7503,OP-24.001-1477,"Ремонт на път TGV 1100 (IV-20231) с. Крепча – с. Гърчиново, I резерва в ДФЗ","Община Опака, област Търговище",1786.16508,0.00000,1786.16508
7503,OP-24.001-1476,Ремонт на път TGV 2124 (IV-20408) с. Люблен – с. Гърчиново от км 14+400 до км 16+920,"Община Опака, област Търговище",383.01175,0.00000,383.01175
7503,OP-24.001-1479,Ремонт на път TGV 1100 (20231) с. Гърчиново-землищна граница с. Церовец от км 4+290/Край регулация с. Гърчиново до км 7+200/Граница на община Иваново,"Община Опака, област Търговище",278.05437,0.00000,278.05437
7503,OP-24.001-1480,"Ремонт на улица, част от път, част от път TGV 2124 (IV-20408) с. Гърчиново от км 23+440 до км 24+296","Община Опака, област Търговище",430.60439,0.00000,430.60439
7503,OP-24.001-1481,"Ремонт на улици, съоръжения и принадлежности към тях на територията на община Опака – с. Горско Абланово","Община Опака, област Търговище",134.28310,0.00000,134.28310
7503,OP-25.001-0084,"Реконструкция на водопроводната мрежа на град Опака – Етап 3 с дължина 1431,34 м и Реконструкция на водопроводната мрежа на град Опака – Етап 4 с дължина 1562,98 м, първи етап","Община Опака, област Търговище",0.00000,0.00000,0.00000
7503,OP-24.001-1478,"Ремонт на улица, част от път TGV 2124 (IV-20408) с. Люблен – с. Гърчиново от км 18+400 до км 21+000","Община Опака, област Търговище",307.25398,0.00000,307.25398
7503,OP-24.001-1482,"Ремонт на улици, съоръжения и принадлежности към тях на територията на община Опака – с. Гърчиново","Община Опака, област Търговище",90.68741,0.00000,90.68741
7503,OP-24.001-1483,"Ремонт на улици, съоръжения и принадлежности към тях на територията на община Опака – с. Голямо Градище","Община Опака, област Търговище",59.44458,0.00000,59.44458
7504,OP-24.001-1484,Реализация на мерки за предотвратяване на наводнения от река Поповска в рамките на регулацията на гр. Попово от км 5+726.76 до км 6+305 в т.ч. стр. надзор и авт. надзор,"Община Попово, област Търговище",1437.28602,0.00000,1437.28602
7504,OP-24.001-1485,"Интегрирано подобряване, възстановяване и благоустрояване на градската среда на ж.к. ""Младост"", гр. Попово","Община Попово, област Търговище",1571.24709,0.00000,1571.24709
7504,OP-24.001-1486,Реконструкция и рехабилитация на общински път RAZ 1111 /от регулация с. Дриново до регулация с. Еленово/,"Община Попово, област Търговище",0.00000,0.00000,0.00000
7504,OP-24.001-1487,"Реконструкция и рехабилитация на общински път TGV 2124 /III – 2002, Захари Стояново – Зараево/– Садина – граница общ. (Попово – Опака) – от км 0+000 до 5+195 /от с. Садина до граница Попово – Опака/","Община Попово, област Търговище",0.00000,0.00000,0.00000
7504,OP-24.001-1488,Реконструкция и рехабилитация на общински път TGV 2125 Ломци – Еленово – Маково от км 4+710 до км 8+610 /от с. Еленово до граница община Попово – Търговище/,"Община Попово, област Търговище",0.00000,0.00000,0.00000
7504,OP-24.001-1489,Реконструкция и рехабилитация на общински път TGV 2125 Ломци – Еленово – Маково от км 0+000 до км 3+623.50 /от с. Ломци до с. Еленово/,"Община Попово, област Търговище",16.00000,0.00000,16.00000
7504,OP-25.001-0039,"Реконструкция на водопровод на ул. ""Мара Тасева"" от ул. ""Панайот Хитов"" до път II-51","Община Попово, област Търговище",0.00000,0.00000,0.00000
7504,OP-25.001-0038,"Реконструкция на ул. ""Ген. Прохоров"" от осова точка 631 до осова точка 625а; Етап 1 Изграждане на канализация и доизграждане на водопровод на ул. ""Ген. Прохоров""","Община Попово, област Търговище",0.00000,0.00000,0.00000
7505,OP-24.001-2627,"Основен ремонт на общински път – TGV-1166/I – 4, /Търговище – Пробуда/ – Васил Левски – Ловец – Острец /III-5102/ от км 0+000 до км 9+500","Община Търговище, област Търговище",0.00000,0.00000,0.00000
7505,OP-24.001-3065,"Разширение на бул. ""Митрополит Андрей"", гр. Търговище – Етап 1.1, Етап 1.2, Етап 2 от ул. ""Г. С. Раковски"" до ул. ""Поп Сава Катрафилов"" и потапяне на ел. трасе","Община Търговище, област Търговище",0.00000,0.00000,0.00000
7505,OP-24.001-2628,"Основен ремонт общински път – TGV-2160 /III-5102, /Мировец – Буховци/ – Макариополско – Алваново – /I-4/ ГП от км 0+000 до км 6+500","Община Търговище, област Търговище",0.00000,0.00000,0.00000
7505,OP-24.001-1491,"Преустройство на сграда – бивша земеделска банка, в изложбени зали","Община Търговище, област Търговище",3465.21760,0.00000,3465.21760
7505,OP-24.001-2629,Основен ремонт на общински път – TGV-2163/III-4008 Пролаз – Вардун/ – Вардун – Черковна от км 0+900 до км 4+500,"Община Търговище, област Търговище",0.00000,0.00000,0.00000
7505,OP-24.001-1493,"Спорта зала ""Иван Ангелов""","Община Търговище, област Търговище",0.00000,0.00000,0.00000
7505,OP-24.001-1490,"Благоустрояване на УПИ VI, кв. 61, и промяна на предназначението на сграда с идентификатор 73626.506.729.2 – покрит пазар в търговски комплекс и офиси","Община Търговище, област Търговище",0.00000,491.93478,491.93478
7505,OP-25.001-0131,"Инженеринг (проектиране, строителство и авторски надзор) при изпълнение на проект ""Основен ремонт, обновяване и модернизация на сградата на Четвърто ОУ ""Иван Вазов"" – гр. Търговище""","Община Търговище, област Търговище",0.00000,0.00000,0.00000
7505,OP-24.001-3066,"Основен ремонт на ул. ""Цар Симеон"" в участъка между ул. ""Гладстон"" и бул. ""Митрополит Андрей"" в гр. Търговище и изместване на съществуващ стълб","Община Търговище, област Търговище",0.00000,0.00000,0.00000
7505,OP-24.001-3067,"Изграждане на резервно захранване на с. Кралево, общ. Търговище, от водопровода, захранващ гр. Търговище от язовир ""Тича""","Община Търговище, област Търговище",0.00000,0.00000,0.00000
7505,OP-24.001-2630,"Основен ремонт на промишлена обслужваща улица от ул. ""Ал. Стамболийски"" до хладилна база, гр. Търговище","Община Търговище, област Търговище",0.00000,304.24610,304.24610
7505,OP-24.001-1492,Регионално депо за неопасни битови отпадъци за регион Търговище,"Община Търговище, област Търговище",0.00000,0.00000,0.00000
7505,OP-24.001-3068,"Ремонт и реконструкция на преливника на язовир ""Лиляк"", общ. Търговище","Община Търговище, област Търговище",0.00000,0.00000,0.00000
7505,OP-24.001-1494,"Допълнително питейно-битово водоснабдяване, с. Овчарово","Община Търговище, област Търговище",0.00000,0.00000,0.00000
7505,OP-25.001-0048,"Проектиране на обект: ""Изграждане на закрит комплекс с басейн""","Община Търговище, област Търговище",0.00000,0.00000,0.00000
7505,OP-24.001-3069,"Основен ремонт на ул. ""Шипка"" в гр. Търговище","Община Търговище, област Търговище",0.00000,0.00000,0.00000
7505,OP-25.001-0046,"Проектиране на обект: ""Основен ремонт на централна пешеходна алея от площад ""Свобода"" до площад ""Независимост"" и пешеходна зона на ул. ""Цар Симеон""","Община Търговище, област Търговище",0.00000,0.00000,0.00000
7505,OP-25.001-0047,"Проектиране на обект: ""Изграждане на нова канализационна мрежа и реконструкция на съществуваща водопроводна мрежа на територията на село Разбойна""","Община Търговище, област Търговище",0.00000,0.00000,0.00000
7505,OP-25.001-0043,"Проектиране на обект: ""Основен ремонт на ""Център за младежки дейности и инициативи"" в гр. Търговище""","Община Търговище, област Търговище",0.00000,0.00000,0.00000
7505,OP-25.001-0044,"Проектиране на обект: ""Изграждане на паркинг зона към парк Източен в гр. Търговище""","Община Търговище, област Търговище",0.00000,0.00000,0.00000
7505,OP-25.001-0045,"Проектиране на обект: ""Изграждане на паркинг зона към стадион ""Димитър Бурков""","Община Търговище, област Търговище",0.00000,0.00000,0.00000
7505,OP-25.001-0040,"Проектиране на обект: ""Основен ремонт на общински път RAZ 1092/RAZ 1088, Лозница-Манастирци-Граница (общ. Лозница-Търговище) – Макариополско – / III-5102 /""","Община Търговище, област Търговище",0.00000,0.00000,0.00000
7505,OP-25.001-0041,"Проектиране на обект: ""Основен ремонт на общински път TGV – 2125 / III-204, Благоево – Попово / Ломци – Еленово – Граница / общ. Попово – Търговище / – Маково – RAZ – 1089 / – от км 8+500 до км 11+400""","Община Търговище, област Търговище",0.00000,0.00000,0.00000
7505,OP-25.001-0042,"Проектиране на обект: ""Основен ремонт на общински път TGV – 1167 / III-5102, Острец – Дългач / Надарево – Граница / общ. Търговище-Велики Преслав / – Кочово – Хан Крум / I – 7 / от км 13+000 до км 15+000""","Община Търговище, област Търговище",0.00000,0.00000,0.00000
7505,OP-25.001-0049,"Проектиране на обект: ""Благоустрояване на междублоково пространство и обслужваща улица в квартал Запад 3""","Община Търговище, област Търговище",0.00000,0.00000,0.00000
7601,OP-24.001-1495,"Основен ремонт на второстепенна улична мрежа – 40 броя събирателни улици V клас в кв. Черноконево, гр. Димитровград","Община Димитровград, област Хасково",0.00000,0.00000,0.00000
7601,OP-24.001-1496,Рехабилитация и основен ремонт на общински път HKV1009/І-8/Горски извор – Ябълково – жп гара Ябълково/,"Община Димитровград, област Хасково",0.00000,0.00000,0.00000
7601,OP-24.001-1497,"Рехабилитация и облагородяване на парк ""Н. Й. Вапцаров"", включително осигуряване на достъпност за хора с увреждания, гр. Димитровград","Община Димитровград, област Хасково",3108.95648,0.00000,3108.95648
7601,OP-24.001-1498,"Прилагане на мерки за енергийна ефективност и преустройство на Междуучилищен център в ""Къща на изкуствата"", гр. Димитровград, в УПИ ІІ-1019, кв. 163","Община Димитровград, област Хасково",928.16146,0.00000,928.16146
7601,OP-24.001-1499,Рехабилитация и основен ремонт на общински път /HKV1007/ІІІ – 506 – Добрич – Крум – жп гара Крум/,"Община Димитровград, област Хасково",0.00000,0.00000,0.00000
7601,OP-24.001-1500,"Изграждане на вододайна зона и довеждащи магистрални водопроводи от нова вододайна зона до водоема на с. Крепост, община Димитровград","Община Димитровград, област Хасково",0.00000,0.00000,0.00000
7602,OP-24.001-1501,"Реконструкция и рехабилитация на Общински път HKV 3045 – от републикански път II-59, п. к. III – 598 – Ивайловград/ – Кобилино – /III – 5908, с приблизителна дължина 3000 м","Община Ивайловград, област Хасково",1657.63200,0.00000,1657.63200
7602,OP-24.001-1502,Реконструкция и рехабилитация на Общински път HKV 2047 – от републикански път II-59 до с. Покрован,"Община Ивайловград, област Хасково",0.00000,0.00000,0.00000
7602,OP-24.001-1503,"Местен път, находящ се в ПИ 77520.30.288 в землището на с. Хухла, община Ивайловград, с приблизителна дължина 3500 м","Община Ивайловград, област Хасково",0.00000,0.00000,0.00000
7602,OP-24.001-1504,"Реконструкция на водопровод по улици: ул. ""Любимец""","Община Ивайловград, област Хасково",465.83950,0.00000,465.83950
7602,OP-24.001-1505,"Реконструкция и рехабилитация на общински улици на територията на община Ивайловград, улица ""Армира"", с. Свирачи, от кръстовище с път III-598 до кръстовище III-598 с обща дължина 800 m","Община Ивайловград, област Хасково",395.10122,0.00000,395.10122
7602,OP-24.001-1506,"Реконструкция и рехабилитация на улица ""1-ва"" от път II-59 до край регулация с. Славеево, участък от км 0.00 до км 0+470","Община Ивайловград, област Хасково",0.00000,0.00000,0.00000
7602,OP-24.001-2271,"Рекoнструкция и рехабилитация на общински улици на територията на община Ивайловград, улица ""Любимец"" от кръстовище с ул. ""Витоша"" до кръстовище с ул. ""Армира"" с обща дължина 437 m","Община Ивайловград, област Хасково",0.00000,0.00000,0.00000
7602,OP-25.001-0675,"Основен ремонт и реконструкция на тротоари и бордюри, прилежащи пространства и съоръжения към тях на определени участъци на улица ""Армира"", гр. Ивайловград","Община Ивайловград, област Хасково",0.00000,0.00000,0.00000
7602,OP-24.001-1508,"Реконструкция и рехабилитация на общински улици на територията на община Ивайловград, улица ""Яни Попов"" от кръстовище с ул. ""Климент Охридски"" до кръстовище с ул. ""Родопи"" с обща дължина 245 m","Община Ивайловград, област Хасково",0.00000,0.00000,0.00000
7602,OP-24.001-1509,"Реконструкция и рехабилитация на общински улици на територията на община Ивайловград, улица ""България"" от кръстовище с ул. ""Хр. Ботев"" до ул. ""Кап. Петко Войвода"" с обща дължина 110 m","Община Ивайловград, област Хасково",0.00000,0.00000,0.00000
7602,OP-25.001-0050,"Изграждане на ""Спортно-развлекателен комплекс"", разположен в УПИ № XXIII, кв. 112, местност Кв. ""Лъджа"" – Ивайловград","Община Ивайловград, област Хасково",0.00000,0.00000,0.00000
7602,OP-24.001-1507,Реконструкция и рехабилитация на път от общинската пътна мрежа на община Ивайловград HKV 3063/III-597 – Ивайловград – п.к. Ламбух/ – язовирно селище с приблизителна дължина 1 км,"Община Ивайловград, област Хасково",0.00000,0.00000,0.00000
7603,OP-25.001-0676,"Реконструкция на улична мрежа и тротоари в гр. Любимец и с. Лозен, община Любимец, област Хасково, на подобекти","Община Любимец, област Хасково",0.00000,0.00000,0.00000
7603,OP-25.001-0677,Подмяна на напорен водопровод до напорен резервоар за водоснабдяване на гр. Любимец,"Община Любимец, област Хасково",0.00000,0.00000,0.00000
7603,OP-24.001-1513,"Реконструкция на тротоари, бордюри и настилки по улици в община Любимец","Община Любимец, област Хасково",1828.71548,0.00000,1828.71548
7603,OP-25.001-0678,"Подмяна на участъци от водопроводната мрежа по улици на територията на град Любимец, по подобекти","Община Любимец, област Хасково",0.00000,0.00000,0.00000
7603,OP-24.001-1511,"Околовръстна улица на град Любимец, по направление на Републикански път III-597/обходен път запад/","Община Любимец, област Хасково",488.23985,0.00000,488.23985
7603,OP-24.001-1512,"Инженеринг – проектиране, авторски надзор и строителство за обект: ""Реконструкция на улици и благоустрояване междублокови пространства (тротоари, бордюри и пътни настилки) в гр. Любимец, област Хасково""","Община Любимец, област Хасково",399.74864,0.00000,399.74864
7603,OP-25.001-0679,Подмяна на захранващ водопровод от напорен резервоар до входна шахта на вътрешна водопроводна мрежа за водоснабдяване на гр. Любимец,"Община Любимец, област Хасково",0.00000,0.00000,0.00000
7604,OP-24.001-2272,Рехабилитация на път № HKV2101 /HKV2105/ МАДЖАРОВО – ГРАНИЦА ОБЩ. (МАДЖАРОВО – КРУМОВГРАД) – БРЯГОВЕЦ от км 0+000 до км 3+200,"Община Маджарово, област Хасково",0.00000,415.70641,415.70641
7604,OP-24.001-1514,Рехабилитация на общински път с. Ръженово – с. Долно Съдиево,"Община Маджарово, област Хасково",287.99554,0.00000,287.99554
7604,OP-24.001-1516,"Рехабилиация на напорен водопровод – гр. Маджарово – промишлена зона – помпена станция, с. Горно поле","Община Маджарово, област Хасково",219.88300,0.00000,219.88300
7604,OP-24.001-1515,Реконструкция на централен парк и площад пред културен дом – град Маджарово,"Община Маджарово, област Хасково",1007.64946,0.00000,1007.64946
7605,OP-24.001-1517,Рехабилитация на вътрешна водопроводна мрежа и довеждащ водопровод на с. Сираково,"Община Минерални бани, област Хасково",0.00000,0.00000,0.00000
7605,OP-24.001-1518,"Благоустрояване на улична мрежа на с. Ангел войвода, община Минерални бани","Община Минерални бани, област Хасково",0.00000,0.00000,0.00000
7605,OP-24.001-1519,Рехабилитация и доизграждане на гравитачен водопровод от каптажи Сърница до ПС Сърница и до ПС Караманци на територията на община Минерални бани I етап: Доизграждане на гравитачен водопровод от каптажи Сърница до ПС Сърница,"Община Минерални бани, област Хасково",0.00000,0.00000,0.00000
7605,OP-24.001-2273,"Рехабилитация на селищна водопроводна мрежа на с. Татарево и довеждащ водопровод от съществуващ водоем, находящ се в ПИ 72103.51.85, местност Каракус, и до клон 6 – Западно спрямо регулацията на селото","Община Минерални бани, област Хасково",0.00000,0.00000,0.00000
7606,OP-24.001-1520,"ОР на част от път HKV 1145/III-5509, Сладун – Студена – Дервишка могила /III-7612/ 9 км, общ. Свиленград","Община Свиленград, област Хасково",0.00000,0.00000,0.00000
7606,OP-24.001-1521,Изграждане на паркинги и благоустрояване на междублокови пространства в квартали,"Община Свиленград, област Хасково",0.00000,1256.96874,1256.96874
7606,OP-24.001-1522,"Изграждане на улици в кв. 325, кв. 326, кв. 327, кв. 328, кв. 329, кв. 330, кв. 331 и кв. 332, гр. Свиленград","Община Свиленград, област Хасково",0.00000,0.00000,0.00000
7606,OP-25.001-0680,Основен ремонт на водопроводна мрежа в гр. Свиленград – Етап I и Етап II,"Община Свиленград, област Хасково",0.00000,0.00000,0.00000
7606,OP-24.001-1523,"Основен ремонт на част от улици (ул. ""Кл. Охридски‘ от о.т. 913 до о.т. 176; ул. ""М. Горки"" от о.т. 316 до о.т. 172; ул. ""Първи май"" от о.т. 919 до о.т. 171; ул. ""К. Преславски"" от о.т. 850 до о.т. 167; ул. ""Ален мак"" от о.т. 176 до о.т. 166 и от кръстовището с ул. ""Климент Охридски"" до кръстовището с ул. ""Христо Шишманов"" /о.т. 177/; ул. ""К. Честименски"" от о.т. 914 до о.т. 850)","Община Свиленград, област Хасково",0.00000,399.65041,399.65041
7606,OP-24.001-2275,Основен ремонт на улици в гр. Свиленград,"Община Свиленград, област Хасково",0.00000,0.00000,0.00000
7606,OP-24.001-1524,"Изграждане на канализационна и водопроводна мрежа за нови квартали – кв. 39, кв. 307, кв. 308, кв. 309, кв. 310, кв. 311, кв. 312 и кв. 313, гр. Свиленград – актуализация","Община Свиленград, област Хасково",654.76268,0.00000,654.76268
7606,OP-24.001-1526,Подмяна на водопроводна мрежа в гр. Свиленград,"Община Свиленград, област Хасково",0.00000,0.00000,0.00000
7606,OP-24.001-2278,"Рехабилитация на част от ул. ""Септемврийска"" в село Студена, община Свиленград","Община Свиленград, област Хасково",212.40377,0.00000,212.40377
7606,OP-24.001-2274,Подмяна на водопроводна мрежа в гр. Свиленград,"Община Свиленград, област Хасково",0.00000,0.00000,0.00000
7606,OP-24.001-2276,"Подмяна на канализационна и водопроводна мрежа на част от ул. ""Михаил Шомов"", гр. Свиленград","Община Свиленград, област Хасково",0.00000,0.00000,0.00000
7606,OP-24.001-2277,"Основен ремонт на част от улицa ""Михаил Шомов"", гр. Свиленград","Община Свиленград, област Хасково",0.00000,0.00000,0.00000
7606,OP-24.001-1525,"Рехабилитация на бул. ""България"" от о.т. 920 до о.т. 495 в гр. Свиленград","Община Свиленград, област Хасково",95.56010,0.00000,95.56010
7606,OP-24.001-2631,Разширяване на гробищен парк в гр. Свиленград,"Община Свиленград, област Хасково",0.00000,0.00000,0.00000
7606,OP-24.001-1528,"Рехабилитация на ул. ""Лозан Господинов"" от о.т. 70 до о.т. 15, ул. ""Стефан Милушев"" от о.т. 89 до о.т. 82, в село Левка","Община Свиленград, област Хасково",68.28707,0.00000,68.28707
7606,OP-24.001-1527,"Рехабилитация на ул. ""Родопи"" от о.т. 58, о.т. 59, о.т. 167, о.т. 166, о.т. 165, о.т. 163, о.т. 162, о.т. 161 до о.т. 160 в село Момково","Община Свиленград, област Хасково",54.47551,0.00000,54.47551
7606,OP-25.001-0681,Основен ремонт на път HKV 3140 Левка – Лисово,"Община Свиленград, област Хасково",0.00000,0.00000,0.00000
7606,OP-25.001-0683,"Изграждане на ул. ""Зорница"" в гр. Свиленград","Община Свиленград, област Хасково",0.00000,0.00000,0.00000
7606,OP-25.001-0682,"Основен ремонт на улици в гр. Свиленград/ул. ""Д. Новаков"", ул. ""Рила"", ул. ""Оборище"", ул. ""Родопи"", ул. ""Бачо Киро"", ул. ""Михаил Шомов"" /в участъка от ул. ""Отец Паисий"" до ул. ""Генерал Скобелев""/, ул. ""Сергей Румянцев"", ул. ""Вишеград"", ул. ""Братя Миладинови"", ул. ""Черно море"", ул. ""Язовирска"", ул. ""Възраждане""","Община Свиленград, област Хасково",0.00000,0.00000,0.00000
7606,OP-25.001-0684,"Изграждане на техническа инфраструктура в кв. 385, кв. 341, кв. 342, кв. 347 – ВиК и улици","Община Свиленград, област Хасково",0.00000,0.00000,0.00000
7607,OP-24.001-3070,"Проектиране, изпълнение на СМР и осъществяване на авторски надзор на обект: ""Подмяна на водопровод и основен ремонт на ул. ""Хан Аспарух"", ул. ""Цар Асен"", ул. ""Ген. Гурко"", ул. ""Шести септември"", ул. ""Цар Самуил"", ул. ""Роберт Кремер"", ул. ""Беласица"", ул. ""Самарско знаме"" на гр. Симеоновград, общ. Симеоновград, обл. Хасково""","Община Симеоновград, област Хасково",0.00000,0.00000,0.00000
7607,OP-24.001-1529,"Основен ремонт на улици ""Г. Бенковски"", ""Ст. Караджа"", ""Патриарх Евтимий"" и ""Янко Сакъзов""","Община Симеоновград, област Хасково",1687.29510,0.00000,1687.29510
7607,OP-24.001-1532,"Подмяна на водопроводна мрежа и основен ремонт на улица ""Здравец""","Община Симеоновград, област Хасково",0.00000,0.00000,0.00000
7607,OP-24.001-1533,Реконструкция на централен градски парк,"Община Симеоновград, област Хасково",869.83429,0.00000,869.83429
7607,OP-24.001-1534,"Основен ремонт на пешеходна зона на ул. ""Търговска""","Община Симеоновград, област Хасково",0.00000,0.00000,0.00000
7607,OP-24.001-1530,"Основен ремонт на общински път НКV1160/III-554, Гълъбово-Симеоновград/ Калугерово-Навъсен/ и част от улица в с. Навъсен, общ. Симеоновград","Община Симеоновград, област Хасково",245.75314,0.00000,245.75314
7607,OP-24.001-2279,"Подмяна на водопроводна мрежа по улици ""Георги Бенковски"", ""Стефан Караджа"", ""Патриарх Евтимий"" и ""Янко Сакъзов""","Община Симеоновград, област Хасково",92.26908,0.00000,92.26908
7607,OP-25.001-0685,Аварийно почистване на дерета на територията на община Симеоновград,"Община Симеоновград, област Хасково",0.00000,0.00000,0.00000
7608,OP-24.001-3104,"Реконструкция на довеждащия водопровод на селата Светослав и Бял кладенец и възстановяване на водоподаването на питейна вода на село Пчелари от водоизточник село Светослав, община Стамболово, област Хасково","Община Стамболово, област Хасково",0.00000,0.00000,0.00000
7608,OP-24.001-1535,"Реконструкция на улици в община Стамболово, област Хасково","Община Стамболово, област Хасково",0.00000,0.00000,0.00000
7608,OP-24.001-1536,Основен ремонт на общински път HKV 2175 от км 3+450 до км 7+191 – с. Пътниково – с. Светослав,"Община Стамболово, област Хасково",744.70574,0.00000,744.70574
7608,OP-24.001-1537,Реконструкция и основен ремонт на път HKV 2171 /ІІІ-5074/ Стамболово – Царева поляна от км 1+770 до км 3+500,"Община Стамболово, област Хасково",693.08924,0.00000,693.08924
7608,OP-25.001-0097,"Реконструкция на улици в с. Долно Ботево, община Стамболово","Община Стамболово, област Хасково",0.00000,0.00000,0.00000
7608,OP-24.001-1538,"Основен ремонт на улици в село Жълти бряг, община Стамболово","Община Стамболово, област Хасково",346.20000,0.00000,346.20000
7608,OP-24.001-3105,"Реконструкция на вътрешна водопроводна мрежа с. Светослав, община Стамболово","Община Стамболово, област Хасково",201.59941,0.00000,201.59941
7608,OP-24.001-3106,"Реконструкция на вътрешна водопроводна мрежа с. Бял кладенец, община Стамболово","Община Стамболово, област Хасково",0.00000,0.00000,0.00000
7609,OP-24.001-1539,Реконструкция на вътрешна водопроводна мрежа на с. Орешник,"Община Тополовград, област Хасково",5076.27625,0.00000,5076.27625
7609,OP-24.001-1540,"Реконструкция/рехабилитация на водопровода по улици – ул. ""Москва""; ""Васил Левски""; ""Искър"" и ""Трети март"" – гр. Тополовград","Община Тополовград, област Хасково",1901.00241,0.00000,1901.00241
7609,OP-24.001-1541,"Благоустрояване на площад ""Александър Стамболийски"", кв. 54 по плана на гр. Тополовград, обл. Хасково","Община Тополовград, област Хасково",0.00000,0.00000,0.00000
7609,OP-25.001-0051,Благоустрояване на улици в град Тополовград,"Община Тополовград, област Хасково",0.00000,0.00000,0.00000
7609,OP-24.001-3071,Реконструкция на Градски парк в град Тополовград,"Община Тополовград, област Хасково",0.00000,0.00000,0.00000
7609,OP-25.001-0052,"Рехабилитация на парк в село Устрем, община Тополовград","Община Тополовград, област Хасково",0.00000,0.00000,0.00000
7609,OP-25.001-0053,Ремонт на спортен комплекс – Тополовград,"Община Тополовград, област Хасково",0.00000,0.00000,0.00000
7609,OP-24.001-2632,"Благоустрояване на площадно пространство УПИ II, в кв. 47 по ПУП на с. Устрем, общ. Тополовград, област Хасково","Община Тополовград, област Хасково",0.00000,0.00000,0.00000
7609,OP-24.001-2633,"Ремонт на свободностояща сграда – съблекалня към игрище в спортен комплекс – с. Срем, община Тополовград","Община Тополовград, област Хасково",0.00000,0.00000,0.00000
7610,OP-25.001-0686,Почистване и основен ремонт на диги и съоръжения по речните корита на реки в територията на община Харманли,"Община Харманли, област Хасково",0.00000,0.00000,0.00000
7610,OP-25.001-0687,"Реконструкция и рехабилитация на водопроводната мрежа в границите на с. Поляново – Етап I, община Харманли","Община Харманли, област Хасково",0.00000,0.00000,0.00000
7610,OP-25.001-0688,"Реконструкция и рехабилитация на водопроводната мрежа в границите на с. Върбово – Етап I, община Харманли","Община Харманли, област Хасково",0.00000,0.00000,0.00000
7610,OP-25.001-0689,"Реконструкция и рехабилитация на водопроводната мрежа в границите на с. Иваново – Етап I, община Харманли","Община Харманли, област Хасково",0.00000,0.00000,0.00000
7610,OP-24.001-1543,"Ремонт на съществуваща водопроводна мрежа, сградни отклонения и рехабилитация на улична мрежа в малките населени места на община Харманли","Община Харманли, област Хасково",0.00000,0.00000,0.00000
7610,OP-24.001-1545,"Рехабилитация и реконструкция на път НКV 1217/II-76, Богомил – Харманли/Българин – Шишманово от км 0+000 до км 1+300","Община Харманли, област Хасково",0.00000,0.00000,0.00000
7610,OP-25.001-0690,Основен ремонт на улица в гр. Харманли с подмяна на водопровод в участъка от о.т. 515 до о.т. 320,"Община Харманли, област Хасково",0.00000,0.00000,0.00000
7610,OP-24.001-1546,"Рехабилитация и реконструкция с подмяна на ВиК на улица ""Никола Петков"" в участъка от о.т. 672 до о.т. 1670, гр. Харманли","Община Харманли, област Хасково",0.00000,0.00000,0.00000
7610,OP-24.001-2283,"Рехабилитация и реконструкция с подмяна на водопровод на ул. ""Хаджи Димитър""","Община Харманли, област Хасково",0.00000,0.00000,0.00000
7610,OP-24.001-1548,"Рехабилитация и реконструкция на улица ""Сакар планина"" на територията на гр. Харманли","Община Харманли, област Хасково",0.00000,0.00000,0.00000
7610,OP-24.001-1547,"Рехабилитация и реконструкция с подмяна на водопровод на улица ""Христо Смирненски"" в участъка от ул. ""Балкан"" до ул. ""Люле Бургас"", гр. Харманли","Община Харманли, област Хасково",0.00000,0.00000,0.00000
7610,OP-24.001-1549,"Рехабилитация и реконструкция с подмяна на водопровод на улица ""Петко Каравелов"" в участъка от ул. ""Ал. Стамболийски"" до ул. ""Васил Левски"", гр. Харманли","Община Харманли, област Хасково",0.00000,0.00000,0.00000
7610,OP-24.001-1550,"Рехабилитация и реконструкция с подмяна на водопровод на улица ""П. П. Славейкови"" в участъка от бул. ""България"" до ул. ""Васил Левски"", гр. Харманли","Община Харманли, област Хасково",0.00000,0.00000,0.00000
7610,OP-24.001-1544,"Основен ремонт на централен площад и прилежащи пространства, град Харманли","Община Харманли, област Хасково",0.00000,0.00000,0.00000
7610,OP-25.001-0700,"Реконструкция и рехабилитация на водопроводната мрежа в границите на с. Поляново – Етап II, община Харманли","Община Харманли, област Хасково",0.00000,0.00000,0.00000
7610,OP-25.001-0696,"Реконструкция и рехабилитация на водопроводната мрежа в границите на с. Иваново – Етап II, община Харманли","Община Харманли, област Хасково",0.00000,0.00000,0.00000
7610,OP-25.001-0698,"Реконструкция и рехабилитация на част от довеждащ водопровод за с. Иваново, община Харманли","Община Харманли, област Хасково",0.00000,0.00000,0.00000
7610,OP-25.001-0701,"Реконструкция и рехабилитация на Довеждащ водопровод – Тласкател от помпена станция до напорен резервоар, Хранителен от напорен резервоар до група населени места с. Надежден, с. Остър камък и депо за отпадъци, включително реконструкция на напорен резервоар – Етап I, община Харманли","Община Харманли, област Хасково",0.00000,0.00000,0.00000
7610,OP-25.001-0702,"Реконструкция/рехабилитация на Довеждащ водопровод – Тласкателен от помпена станция до напорен резервоар, Хранителен от напорен резервоар до група населени места с. Надежден, с. Остър камък и депо за отпадъци, включително реконструкция на напорен резервоар – Етап II, община Харманли","Община Харманли, област Хасково",0.00000,0.00000,0.00000
7610,OP-25.001-0697,"Реконструкция и рехабилитация на водопроводната мрежа в границите на с. Иваново – Етап III, община Харманли","Община Харманли, област Хасково",0.00000,0.00000,0.00000
7610,OP-24.001-1542,"Рехабилитация и реконструкция на път HKV/II – 76, Българин – Харманли – Доситеево/ от км 3+000 до км 8+870","Община Харманли, област Хасково",0.00000,0.00000,0.00000
7610,OP-25.001-0703,"Реконструкция/рехабилитация на Довеждащ водопровод – Тласкателен от помпена станция до напорен резервоар, Хранителен от напорен резервоар до група населени места с. Надежден, с. Остър камък и депо за отпадъци, включително реконструкция на напорен резервоар – Етап III, община Харманли","Община Харманли, област Хасково",0.00000,0.00000,0.00000
7610,OP-25.001-0691,"Изграждане на канализация в участъка от о.т. 672, о.т. 1670, гр. Харманли, и част от местен път с идентификатор 77181.21.336 по КК на гр. Харманли","Община Харманли, област Хасково",0.00000,0.00000,0.00000
7610,OP-25.001-0692,"Основен ремонт на ул. ""Бенковска"", гр. Харманли, с подмяна на водопровод","Община Харманли, област Хасково",0.00000,0.00000,0.00000
7610,OP-25.001-0693,"Изграждане на ул. ""Здраве"", ул. ""Пепа Николова"" и част от ул. ""Балкан"" от о.т 494д до о.т. 1669 с водопровод и канализация в кв. 99 Б/нов жилищен квартал на гр. Харманли","Община Харманли, област Хасково",0.00000,0.00000,0.00000
7610,OP-24.001-2288,"Рехабилитация и реконструкция на мост в село Доситеево на река Балъчка и на път HKV/II – 76, Българин – Харманли – Доситеево/ от км 8+870 до км 9+600","Община Харманли, област Хасково",0.00000,0.00000,0.00000
7610,OP-25.001-0695,Основен ремонт на част от улица в гр. Харманли с подмяна на водопровод в участъка от о.т. 445 до о.т. 192,"Община Харманли, област Хасково",0.00000,0.00000,0.00000
7610,OP-25.001-0699,"Реконструкция и рехабилитация на водопроводната мрежа в границите на с. Върбово – Етап II, община Харманли","Община Харманли, област Хасково",0.00000,0.00000,0.00000
7610,OP-25.001-0694,"Основен ремонт на ул. ""Люле Бургас"", гр. Харманли, с подмяна на водопровод в участъка от о.т. 536 до о.т. 315","Община Харманли, област Хасково",0.00000,0.00000,0.00000
7610,OP-24.001-2637,Благоустрояване на прилежащи пространства около жилищни блокове в гр. Харманли,"Община Харманли, област Хасково",0.00000,0.00000,0.00000
7610,OP-24.001-2641,"Основен ремонт на площад в с. Върбово, общ. Харманли","Община Харманли, област Хасково",0.00000,0.00000,0.00000
7610,OP-24.001-1551,"Рехабилитация и реконструкция с подмяна на водопровод на улица ""Искър"" в участъка от ул. ""Г. М. Димитров"" до ул. ""Капитан Петко войвода"", гр. Харманли","Община Харманли, област Хасково",0.00000,0.00000,0.00000
7610,OP-24.001-2642,"Основен ремонт на площад в с. Доситеево между о.т. 61 – о.т. 66 – о.т. 70 – о.т. 71 – о.т. 72, общ. Харманли","Община Харманли, област Хасково",0.00000,0.00000,0.00000
7611,OP-24.001-2646,"Основен ремонт на общински път HKV 1241 /I-5, Конуш – Козлец/ – Мандра – Големанци","Община Хасково, област Хасково",0.00000,2368.78256,2368.78256
7611,OP-24.001-2645,"Основен ремонт на общински път HKV 1240 /I-5, Хасково – Конуш/ – Войводово – Орлово – Мандра/HKV 1241/","Община Хасково, област Хасково",0.00000,1772.58735,1772.58735
7611,OP-24.001-1556,"Основен ремонт на железопътен надлез на бул. ""Съединение"" в гр. Хасково с обособяване на велоалея","Община Хасково, област Хасково",0.00000,892.80000,892.80000
7611,OP-24.001-2647,"Реконструкция на техническа инфраструктура – вътрешна водопроводна мрежа и улици в кв. Болярово, град Хасково","Община Хасково, област Хасково",0.00000,0.00000,0.00000
7611,OP-25.001-0076,"Реконструкция на съществуваща вътрешна водопроводна мрежа с. Козлец, община Хасково, на етернитови тръби ф 80 с обща дължина 5800 л.м и тяхната подмяна с ПЕВП ф 90 без ДДС","Община Хасково, област Хасково",0.00000,0.00000,0.00000
7611,OP-24.001-2648,"Изместване на съществуващ водопровод ст. 377 в участъка от о.т. 72 на ул. ""Бял камък"" до ул. ""Пловдивска"" и до резервоар ""Бирена"" и изграждане на водопровод ф 90 по ул. ""Бял камък"" в участъка от ул. ""Розова долина"" до ул. ""Пловдивска""","Община Хасково, област Хасково",0.00000,0.00000,0.00000
7611,OP-24.001-1558,"Изграждане на открит спортен комплекс в поземлен имот № 77195.31.53, УПИ I, кв. 901 по плана на гр. Хасково и прилежаща към него улица в поземлен имот № 77195.31.27 по КК на гр. Хасково","Община Хасково, област Хасково",1611.12000,0.00000,1611.12000
7611,OP-24.001-1557,"Частичен ремонт, реконструкция на външно стълбище и реконструкция на покрив на читалище ""Заря"", с местонахождение УПИ I – културен дом, кв. 387а по РП на гр. Хасково","Община Хасково, област Хасково",1772.33191,0.00000,1772.33191
7611,OP-24.001-2649,"Реконструкция на вътрешна водопроводна мрежа по бул. ""Илинден"", гр. Хасково","Община Хасково, област Хасково",0.00000,0.00000,0.00000
7611,OP-25.001-0704,"Изграждане на допълнително водоснабдяване на населените места с нарушено водоподаване – с. Широка поляна и с. Николово, на община Хасково, област Хасково","Община Хасково, област Хасково",0.00000,0.00000,0.00000
7611,OP-24.001-2650,"Реконструкция и изместване на водопровод ет. ф 546, захранващ резервоар ""Радарите"" и водопровод ет. ф 350 от резервоар ""Радарите"" до кранова шахта с регулатор в гр. Хасково","Община Хасково, област Хасково",0.00000,0.00000,0.00000
7611,OP-24.001-2651,"Реконструкция на водопровод по ул. ""Георги Китов"" в участъка от ул. ""Ирис"" до ул. ""Бяла ружа"", гр. Хасково","Община Хасково, област Хасково",0.00000,0.00000,0.00000
7611,OP-24.001-2652,"Реконструкция на водопроводи по ул. ""Ястреб"" /кв. ""Република""/ в частта от ул. ""Ятак"" до ул. ""Акация"", гр. Хасково","Община Хасково, област Хасково",0.00000,0.00000,0.00000
7611,OP-24.001-2654,"Реконструкция на водопровод по ул. ""Гюмюрджина"" (в участъка от кръстовището на бул. ""Освобождение"" и бул. ""Илинден"" до ул. ""Тракийска низина"") и по ул. ""Тракийска низина"" (в участъка от ул. ""Гюмюрджина"" до ул. ""Днепър""), гр. Хасково","Община Хасково, област Хасково",0.00000,0.00000,0.00000
7611,OP-24.001-2655,"Реконструкция на водопровод по ул. ""Картечар"" /кв. ""Република""/ от ул. ""Калето"" до ул. ""Единство"", гр. Хасково","Община Хасково, област Хасково",0.00000,0.00000,0.00000
7611,OP-25.001-0705,"Изграждане на допълнително водоснабдяване на населените места с нарушено водоподаване – с. Текето, с. Долно Големанци, с. Зорница, с. Горно Войводино и с. Елена на община Хасково, област Хасково","Община Хасково, област Хасково",0.00000,0.00000,0.00000
7611,OP-24.001-2656,"Реконструкция на вътрешна водопроводна мрежа на гр. Хасково в участък по ул. ""Каменна"", от ул. ""Генерал Столетов"" до съществуващ спирателен кран /СК/ преди ул. ""Крали Марко""","Община Хасково, област Хасково",152.28500,0.00000,152.28500
7611,OP-24.001-2658,"Реконструкция на вътрешна водопроводна мрежа на гр. Хасково, кв. Болярово, в участък по ул. ""Хасковска"", от съществуваща шахта на ул. ""Перущица"" до ул. ""Свети Харалампий""","Община Хасково, област Хасково",0.00000,0.00000,0.00000
7611,OP-24.001-2657,"Реконструкция на водопровод по ул. ""Петър Янев"" в кв. ""Болярово"", гр. Хасково, в участъка от ул. ""Хан Пресиян"" до ул. ""Ал. Паскалев""","Община Хасково, област Хасково",0.00000,0.00000,0.00000
7611,OP-24.001-2659,"Реконструкция на вътрешна водопроводна мрежа на гр. Хасково в участъци по ул. ""Червена стена"", от ул. ""Генерал Столетов"" до съществуващ спирателен кран /СК/ преди ул. ""Бяло море"" и по ул. ""Поборническа"", от ул. ""Червена стена"" до ул. ""Тракия""","Община Хасково, област Хасково",0.00000,0.00000,0.00000
7611,OP-24.001-2660,"Реконструкция на вътрешна водопроводна мрежа на гр. Хасково в участък по ул. ""Св. св. Кирил и Методий"", от ул. ""Стара планина"" до съществуващ спирателен кран /СК/ преди ул. ""Дунав""","Община Хасково, област Хасково",0.00000,0.00000,0.00000
7611,OP-24.001-2661,"Реконструкция на водопровод по ул. ""Яне Сандански"" (участъка от ул. ""Байкал"" до ул. ""Дружба"") и по ул. ""Дружба"" (участък от ул. ""Яне Сандански"" до ул. ""Тракийска низина""), гр. Хасково","Община Хасково, област Хасково",0.00000,0.00000,0.00000
7611,OP-24.001-2662,"Реконструкция на водопровод по ул. ""Светлина"" от ул. ""Одеса"" до ул. ""Кресна"", гр. Хасково","Община Хасково, област Хасково",0.00000,0.00000,0.00000
7611,OP-24.001-2663,"Реконструкция на водопровод в ж.к. ""Орфей"" от училище ""Шандор Петьофи"" до СК до бл. 9, гр. Хасково","Община Хасково, област Хасково",0.00000,0.00000,0.00000
7611,OP-24.001-2664,"Реконструкция на водопровод по ул. ""Цар Симеон Велики"", гр. Хасково","Община Хасково, област Хасково",0.00000,0.00000,0.00000
7611,OP-25.001-0706,"Изграждане на допълнително водоснабдяване на населените места с нарушено водоподаване – с. Козлец, на община Хасково, област Хасково","Община Хасково, област Хасково",0.00000,0.00000,0.00000
7611,OP-24.001-2665,"Реконструкция вътрешна водопроводна мрежа на гр. Хасково в участък по ул. ""Бадема"", от ул. ""22-ри септември"" до отклонението за жил. бл. 30, ж. р-н ""Бадема""","Община Хасково, област Хасково",0.00000,0.00000,0.00000
7611,OP-24.001-2666,"Изграждане на водопровод ПЕ-ВП ф 160 по ул. ""Калето"" в участъка от ул. ""Република"" до ул. ""Звезда"", гр. Хасково","Община Хасково, област Хасково",0.00000,0.00000,0.00000
7611,OP-24.001-2667,"Реконструкция на водопровод по ул. ""Щип"", гр. Хасково","Община Хасково, област Хасково",0.00000,0.00000,0.00000
7611,OP-24.001-2653,"Реконструкция вътрешна водопроводна мрежа в участъка по ул. ""Аргир Стоилов"", с. Узунджово, община Хасково","Община Хасково, област Хасково",20.07262,0.00000,20.07262
7611,OP-25.001-0707,"Реконструкция на вътрешна водопроводна мрежа в с. Динево, общ. Хасково – 1 етап","Община Хасково, област Хасково",0.00000,0.00000,0.00000
7701,OP-24.001-1560,"Основен ремонт и реконструкция на ВиК мрежата, в това число водопроводи и водопроводни отклонения на територията на град Велики Преслав (9 улици) и водопроводи на територията на селата от общината (с. Драгоево, с. Златар, с. Имренчево, с. Миланово, с. Мокреш, с. Осмар, с. Троица и с. Хан Крум)","Община Велики Преслав, област Шумен",1997.83447,0.00000,1997.83447
7701,OP-25.001-0708,Реконструкция на съществуващи водопроводи и възстановяване на уличните настилки на улици в гр. Велики Преслав и населени места в община Велики Преслав,"Община Велики Преслав, област Шумен",0.00000,0.00000,0.00000
7701,OP-24.001-1561,"Обект ""Реконструкция и рехабилитация на уличните и тротоарни настилки на улици на територията на гр. Велики Преслав и на селата в общината (Миланово, Хан Крум, Троица, Суха река, Драгоево, Осмар, Мокреш, Златар)"" – част пътна","Община Велики Преслав, област Шумен",0.00000,0.00000,0.00000
7701,OP-24.001-1559,"Довеждащ водопровод от РШ-Велики Преслав до МФОС и допълнително водоснабдяване на група села от водоснабдителната система язовир ""Тича"" в общ. Велики Преслав, обл. Шумен (с. Драгоево, с. Златар, с. Суха река, с. Миланово и с. Мокреш)","Община Велики Преслав, област Шумен",0.00000,0.00000,0.00000
7701,OP-24.001-2291,"Реконструкция и рехабилитация на уличната и тротоарна настилка на ул. ""Райко Даскалов"", гр. Велики Преслав, СМР, СН и АН","Община Велики Преслав, област Шумен",0.00000,0.00000,0.00000
7701,OP-25.001-0054,Реконструкция на съществуващи водопроводи и възстановяване на уличните настилки на улици на територията на община Велики Преслав,"Община Велики Преслав, област Шумен",0.00000,0.00000,0.00000
7701,OP-24.001-2293,"Реконструкция и рехабилитация на улична и тротоарна настилка, водопроводи и водопроводни отклонения на ул. ""Лилия"", гр. Велики Преслав, СМР, СН и АН","Община Велики Преслав, област Шумен",0.00000,0.00000,0.00000
7701,OP-24.001-2292,"Реконструкция и рехабилитация на уличната и тротоарна настилка на ул. ""Юбилейна"" от ОК-61 до ОК-607, гр. Велики Преслав, СМР, СН и АН","Община Велики Преслав, област Шумен",0.00000,0.00000,0.00000
7702,OP-24.001-1562,"Ремонт на покрив, въвеждане на мерки за енергийна ефективност и благоустрояване на дворното пространство на СУ ""Никола Й. Вапцаров"", с. Венец – Eтап II ""Благоустрояване на дворното пространство на СУ ""Никола Вапцаров"", с. Венец","Община Венец, област Шумен",2608.38144,0.00000,2608.38144
7702,OP-24.001-2294,"Инженеринг – проектиране, изпълнение на строително-монтажни работи и упражняване на авторски надзор на обект ""Основен ремонт и реконструкция на улица ""Кирил и Методий"", с. Венец, община Венец""","Община Венец, област Шумен",47.28000,0.00000,47.28000
7702,OP-25.001-0774,"Реконструкция и рехабилитация на улици в с. Борци, с. Венец и с. Ясенково, община Венец, етап 3, етап 5, етап 6, етап 7 и етап 9","Община Венец, област Шумен",0.00000,0.00000,0.00000
7702,OP-24.001-1563,"Мерки за енергийна ефективност в сградата на ДГ ""Първи юни"" в УПИ V-249, кв. 27, с. Осеновец, общ. Венец","Община Венец, област Шумен",416.27517,0.00000,416.27517
7702,OP-24.001-1565,"Изработване на технически инвестиционни проекти за обект ""Реконструкция на довеждащ водопровод и вътрешна водопроводна мрежа на с. Черноглавци, община Венец, област Шумен"" и ПУП – парцеларен план – комплексен проект по реда на чл. 150, ал. 6 от ЗУТ","Община Венец, област Шумен",197.80000,0.00000,197.80000
7702,OP-24.001-1564,"Аварийно-възстановителни работи за сградата на кметство, с. Изгрев","Община Венец, област Шумен",161.20934,0.00000,161.20934
7702,OP-24.001-1566,"Реконструкция на част от уличната мрежа с. Страхилица, общ. Венец, обл. Шумен – Етап I: Реконструкция на ул. ""Добруджа""","Община Венец, област Шумен",68.13457,0.00000,68.13457
7702,OP-25.001-0775,"Изграждане на многофункционална зала в УПИ I, кв. 13, с. Борци, община Венец, област Шумен","Община Венец, област Шумен",0.00000,0.00000,0.00000
7703,OP-24.001-2295,"Общински комплекс за отдих, рекреация, търговия и услуги в гр. Върбица","Община Върбица, област Шумен",0.00000,0.00000,0.00000
7703,OP-24.001-1567,"Реконструкция и рехабилитация на общински път – SHU 1043 /I-7, Велики Преслав – Върбица/ – Иваново – Методиево/","Община Върбица, област Шумен",2209.70672,0.00000,2209.70672
7703,OP-24.001-1568,"Реконструкция и рехабилитация на общински път – SHU 2044 /III-7304, Нова Бяла река – Върбица/ – Маломир/","Община Върбица, област Шумен",1298.53796,0.00000,1298.53796
7703,OP-24.001-2298,Изграждане на площад и парк в с. Чернооково,"Община Върбица, област Шумен",0.00000,0.00000,0.00000
7703,OP-24.001-2296,Изграждане на водоем в землището на гр. Върбица за водоснабдителната система на гр. Върбица,"Община Върбица, област Шумен",0.00000,0.00000,0.00000
7703,OP-24.001-2297,Изграждане на водоем в землището на с. Бяла река за водоснабдителната система на с. Бяла река,"Община Върбица, област Шумен",0.00000,0.00000,0.00000
7704,OP-25.001-0098,"Обновяване и реконструкция на площад и парк в с. Тодор Икономово в имот № I, кв. 61 по плана на с. Тодор Икономово – Парк","Община Каолиново, област Шумен",0.00000,0.00000,0.00000
7704,OP-24.001-1570,"Обновяване и реконструкция на площад и парк в с. Тодор Икономово в имот № I, кв. 61 по плана на с. Тодор Икономово","Община Каолиново, област Шумен",375.61270,0.00000,375.61270
7704,OP-24.001-1569,Реконструкция и рехабилитация на общински пътища на територията на община Каолиново,"Община Каолиново, област Шумен",342.73952,0.00000,342.73952
7704,OP-25.001-0709,"Реконструкция на Път SHU1060 / III – 7005, Изгрев – Каолиново / Тъкач – Сини вир – Граница общ. (Каолиново – Никола Козлево) – Крива река – / III – 701/ – Участък 1 – от км 0+000 до км 4+531.88 и Участък 2 – от км 6+500 до км 8+862.69","Община Каолиново, област Шумен",0.00000,0.00000,0.00000
7705,OP-24.001-1572,"Подмяна на водопровод и рехабилитация на улична настилка на ул. ""Христо Ботев""","Община Каспичан, област Шумен",459.66493,0.00000,459.66493
7705,OP-24.001-2301,"Реконструкция на междублоково пространство, кв. 18 по плана на град Каспичан","Община Каспичан, област Шумен",319.00391,0.00000,319.00391
7705,OP-24.001-2300,"Основен ремонт на ул. ""Искър"" и ул. ""Аврора"", град Каспичан","Община Каспичан, област Шумен",0.00000,0.00000,0.00000
7705,OP-24.001-1571,Общински път SHU 2081 – /SHU 1080/ Каспичан – жп Гара Каспичан – Могила – /III-2081/,"Община Каспичан, област Шумен",0.00000,0.00000,0.00000
7705,OP-24.001-1573,Реконструкция и изграждане на водопроводна мрежа на гр. Каспичан,"Община Каспичан, област Шумен",0.00000,0.00000,0.00000
7706,OP-24.001-2305,"Инженеринг – проектиране, изпълнение на строително-монтажни работи и упражняване на авторски надзор на обект: ""Реконструкция на вътрешна водопроводна мрежа в село Крива река"" – Етап 1","Община Никола Козлево, област Шумен",80.80000,0.00000,80.80000
7706,OP-24.001-2304,"Основен ремонт на площад с парк, с. Пет могили","Община Никола Козлево, област Шумен",0.00000,0.00000,0.00000
7706,OP-24.001-1575,Основен ремонт на площад в с. Никола Козлево,"Община Никола Козлево, област Шумен",0.00000,0.00000,0.00000
7706,OP-24.001-1574,"Частична подмяна на водопроводна мрежа по ул. ""Ленин"", с. Пет могили, общ. Никола Козлево","Община Никола Козлево, област Шумен",498.60366,0.00000,498.60366
7706,OP-24.001-1576,"Основен ремонт на ул. ""Ленин"" /път SHU1102/, с. Пет могили, общ. Никола Козлево","Община Никола Козлево, област Шумен",0.00000,0.00000,0.00000
7706,OP-24.001-2303,"Основен ремонт на ул. ""Козлодуй"" и ул. ""Чавдар"", с. Вълнари","Община Никола Козлево, област Шумен",436.49674,0.00000,436.49674
7706,OP-24.001-2302,"Основен ремонт на ул. ""Баба Тонка"", ул. ""Кирил и Методий"" и ул. ""Христо Георгиев"", с. Никола Козлево","Община Никола Козлево, област Шумен",199.54101,0.00000,199.54101
7707,OP-24.001-1577,"Корекция на р. Крива, гр. Нови пазар, от ОК 809 до ОК 844 и изгр. дъно в същ. коригиран участък от ОК 212б до ОК 283а","Община Нови пазар, област Шумен",0.00000,0.00000,0.00000
7707,OP-24.001-1580,"Реконструкция настилки, съоръжения и оборудване на стадион ""Христо Ботев"", гр. Нови пазар","Община Нови пазар, област Шумен",0.00000,450.57919,450.57919
7707,OP-24.001-1578,"Подмяна на водопровод и асфалтиране на улици в с. Войвода, община Нови пазар","Община Нови пазар, област Шумен",1711.41026,0.00000,1711.41026
7707,OP-24.001-1579,"Реконструкция, обновяване и благоустрояване на градски пазар, гр. Нови пазар","Община Нови пазар, област Шумен",0.00000,0.00000,0.00000
7707,OP-25.001-0710,"Реконструкция, настилки, съоръжения и оборудване на стадион ""Христо Ботев"" в УПИ I, кв. 30 по плана на гр. Нови пазар, община Нови пазар – етап ІІ","Община Нови пазар, област Шумен",0.00000,0.00000,0.00000
7707,OP-24.001-1582,Основен ремонт на многофункционална зала в с. Войвода,"Община Нови пазар, област Шумен",0.00000,0.00000,0.00000
7707,OP-24.001-1581,"Подмяна водопровод и асфалтова настилка ул. ""Плиска"" ОК 154-59-57-655-50-647 – край на регулация, гр. Нови пазар","Община Нови пазар, област Шумен",607.00000,0.00000,607.00000
7707,OP-25.001-0711,"Изграждане и оборудване на тръбен кладенец ТК-1 ""Избул – общ. Нови пазар"", с дълбочина 600 м, за добив на подземни води в ПИ с идентификатор 32353.28.43, за допълнително обществено питейно-битово водоснабдяване на с. Избул, общ. Нови пазар, обл. Шумен","Община Нови пазар, област Шумен",0.00000,0.00000,0.00000
7707,OP-25.001-0712,"Изграждане и оборудване на тръбен кладанец ТК-1 ""Правенци – общ. Нови пазар"", с дълбочина 600 м, за добив на подземни води в ПИ с идентификатор 58027.21.84, за допълнително обществено питейно-битово водоснабдяване на с. Правенци, общ. Нови пазар, обл. Шумен","Община Нови пазар, област Шумен",0.00000,0.00000,0.00000
7707,OP-25.001-0713,"Основен ремонт на ул. ""Евлоги Георгиев"" ОТ 242-ОТ 250-ОТ 251-ОТ 252 в гр. Нови пазар","Община Нови пазар, област Шумен",0.00000,0.00000,0.00000
7707,OP-25.001-0714,"Основен ремонт на ул. ""Младост"" ОТ 155-ОТ 53-ОТ 12 в с. Памукчии","Община Нови пазар, област Шумен",0.00000,0.00000,0.00000
7707,OP-25.001-0715,"Основен ремонт на ул. ""Козлодуй"" ОТ 63-ОТ 63а-ОТ 88 в с. Памукчии","Община Нови пазар, област Шумен",0.00000,0.00000,0.00000
7707,OP-25.001-0716,"Основен ремонт на ул. ""Марица"" ОТ 143-ОТ 142 в с. Памукчии","Община Нови пазар, област Шумен",0.00000,0.00000,0.00000
7707,OP-25.001-0717,"Основен ремонт на ул. ""Родопи"" OT 834-OT 824 в гр. Нови пазар","Община Нови пазар, област Шумен",0.00000,0.00000,0.00000
7707,OP-25.001-0718,"Основен ремонт на ул. ""Рила"" ОТ 128-ОТ 143, с. Памукчии","Община Нови пазар, област Шумен",0.00000,0.00000,0.00000
7708,OP-24.001-2307,"Рехабилитация на общински пътища II етап, общ. Смядово, обл. Шумен. Подобект: SHU3135 /ІІ – 73, Веселиново – п.к. III-7304-Риш/ – Александрово","Община Смядово, област Шумен",0.00000,0.00000,0.00000
7708,OP-24.001-2308,"Рехабилитация на общински пътища II етап, общ. Смядово, обл. Шумен. Подобект: SHU2134 /ІІІ – 7301, Кълново – Желъд / Янково – Бял бряг","Община Смядово, област Шумен",0.00000,0.00000,0.00000
7708,OP-24.001-2306,"Рехабилитация на общински пътища II етап, общ. Смядово, обл. Шумен. SHU1133 /ІІ – 73, Смядово – Веселиново/ – жп гара Смядово – Смядово /ІІІ-7302/","Община Смядово, област Шумен",0.00000,0.00000,0.00000
7708,OP-24.001-2309,"Рехабилитация на общински пътища II етап, общ. Смядово, обл. Шумен. Подобект: SHU3130 /ІІІ-7301, Янково – Желъд/ – Ново Янково","Община Смядово, област Шумен",0.00000,0.00000,0.00000
7708,OP-24.001-1584,"Изграждане на парк ""СМЕДА"", находящ се в УПИ I – 639 (за парк), кв. 92а, по плана на гр. Смядово, общ. Смядово, с идентификатор 67708.306.639 по КККР на гр. Смядово, общ. Смядово, обл. Шумен","Община Смядово, област Шумен",474.71998,0.00000,474.71998
7708,OP-24.001-3078,"Ремонт на част от ул. ""Ген. Скобелев"" от ОT 389 до ОT 378, разположена в ПИ 67708.308.332, гр. Смядово, общ. Смядово","Община Смядово, област Шумен",0.00000,0.00000,0.00000
7708,OP-24.001-3079,"Ремонт на ул. ""Хан Омуртаг"" от о.т. 338 до о.т. 353","Община Смядово, област Шумен",0.00000,0.00000,0.00000
7708,OP-24.001-3080,"Ремонт на ул. ""Смеда"", разположена в ПИ 67708.307.309 и ПИ 67708.307.318","Община Смядово, област Шумен",0.00000,0.00000,0.00000
7708,OP-24.001-3081,"Ремонт на ул. ""Атанас Колев"" от о.т. 160 до о.т. 126, с. Янково, общ. Смядово","Община Смядово, област Шумен",0.00000,0.00000,0.00000
7708,OP-24.001-3082,"Ремонт на част от ул. ""Г. С. Раковски"" от о.т. 352 до о.т. 379","Община Смядово, област Шумен",0.00000,0.00000,0.00000
7708,OP-24.001-3083,"Ремонт на част от ул. ""Христо Ботев"" от о.т. 330 до о.т. 391, разположена в ПИ 67708.307.369","Община Смядово, област Шумен",0.00000,0.00000,0.00000
7708,OP-25.001-0719,"Рехабилитация и реконструкция на ул. ""Васил Петлешков"" от ОК 243 до ОК 221 – 655 м (от кръстовището с ул. ""Ришки проход"" до кръстовището с ул. ""Г. С. Раковски"")","Община Смядово, област Шумен",0.00000,0.00000,0.00000
7708,OP-24.001-3084,"Ремонт на ул. ""Първа"", разположена в ПИ 67708.307.267 и ПИ 67708.307.280, гр. Смядово, общ. Смядово","Община Смядово, област Шумен",0.00000,0.00000,0.00000
7708,OP-25.001-0720,"Рехабилитация и реконструкция на част от ул. ""Кирил и Методий"" от ОК 261 до ОК 346; от ОК 259 до ОК 347; от ОК 346 до ОК 370","Община Смядово, област Шумен",0.00000,0.00000,0.00000
7708,OP-25.001-0721,"Рехабилитация и реконструкция на ул. ""Илия Блъсков"" от ОК 27 до ОК 67 – 508 м (от кръстовището с ул. ""Априлско въстание"" до кръстовището с ул. ""Паисий Хилендарски"")","Община Смядово, област Шумен",0.00000,0.00000,0.00000
7708,OP-24.001-3085,"Ремонт на част от ул. ""Васил Левски"" от ОT 327 до ОT 330","Община Смядово, област Шумен",0.00000,0.00000,0.00000
7708,OP-25.001-0722,"Рехабилитация и реконструкция на ул. ""Драва"" от ОК 124 до ОК 12","Община Смядово, област Шумен",0.00000,0.00000,0.00000
7708,OP-25.001-0723,"Рехабилитация и реконструкция на част от ул. ""Любен Каравелов"" от ОК 152 до ОК 291","Община Смядово, област Шумен",0.00000,0.00000,0.00000
7708,OP-25.001-0724,"Рехабилитация и реконструкция на улица ""Индустриална"" от ОТ 166 до ОТ 348, от ОТ 348 до ОТ 178 и част от ПИ 67708.306.109","Община Смядово, област Шумен",0.00000,0.00000,0.00000
7708,OP-25.001-0725,"Рехабилитация и реконструкция на ул. ""Сан Стефано"" от ОК 22 до ОК 49 – 232 м (от кръстовището с ул. ""Възрожденска"" до кръстовището с ул. ""Владайско въстание"")","Община Смядово, област Шумен",0.00000,0.00000,0.00000
7708,OP-25.001-0726,"Рехабилитация и реконструкция на ул. ""Акация"" от ОК 228 до ОК 225 – 370 м (от кръстовището с ул. ""Иван Вазов"" до кръстовището с ул. ""Г. С. Раковски"")","Община Смядово, област Шумен",0.00000,0.00000,0.00000
7708,OP-25.001-0727,"Рехабилитация и реконструкция на ул. ""Шести септември"" от ОК 313 до ОК 326 – 316 м (от кръстовището с ул. ""Христо Ботев"" до кръстовището с ул. ""Тутракан"")","Община Смядово, област Шумен",0.00000,0.00000,0.00000
7708,OP-25.001-0728,"Рехабилитация и реконструкция на ул. ""Стефан Караджа"" от ОК 301 до ОК 305 – 348 м (от кръстовището с ул. ""Бежанска"" до кръстовището с ул. ""Райна Княгиня"")","Община Смядово, област Шумен",0.00000,0.00000,0.00000
7708,OP-25.001-0729,"Рехабилитация и реконструкция на ул. ""Плиска"" от ОК 245 до ОК 250 – 250 м (от кръстовището с ул. ""Ришки проход"" до кръстовището с ул. ""Г. С. Раковски"")","Община Смядово, област Шумен",0.00000,0.00000,0.00000
7708,OP-25.001-0730,"Рехабилитация и реконструкция на ул. ""Симеон Велики"" от ОК 345 до ОК 365 – 285 м (от кръстовището с ул. ""Цар Калоян"" до кръстовището с ул. ""Шумен"")","Община Смядово, област Шумен",0.00000,0.00000,0.00000
7708,OP-25.001-0731,"Рехабилитация и реконструкция на част от ул. ""Христо Смирненски"" ОК 62 до ОК 86 – 225 м (от кръстовището с ул. ""Цар Асен"" до кръстовището с ул. ""Начо Гайдов"")","Община Смядово, област Шумен",0.00000,0.00000,0.00000
7708,OP-25.001-0732,"Рехабилитация и реконструкция на ул. ""Иван Вазов"" от ОК 236 до ОК 237б – 230 м (от кръстовището с ул. ""Г. С. Раковски"" до тупик ОТ 237б)","Община Смядово, област Шумен",0.00000,0.00000,0.00000
7708,OP-25.001-0733,"Рехабилитация и реконструкция на ул. ""Македония"" от ОК 77 до ОК 64 – 215 м (от кръстовището с ул. ""Преслав"" до кръстовището с ул. ""Цар Асен"")","Община Смядово, област Шумен",0.00000,0.00000,0.00000
7708,OP-25.001-0734,"Рехабилитация и реконструкция на ул. ""Пирин"" от ОК 78 до ОК 65 – 215 м (от кръстовището с ул. ""Македония"" до кръстовището с ул. ""Цар Асен"")","Община Смядово, област Шумен",0.00000,0.00000,0.00000
7708,OP-25.001-0735,"Рехабилитация и реконструкция на ул. ""Вардар"" ОК 62 до ОК 87 – 160 м (от кръстовището с ул. ""Цар Асен"" до кръстовището с ул. ""Начо Гайдов"")","Община Смядово, област Шумен",0.00000,0.00000,0.00000
7709,OP-24.001-1588,"Реконструкция на водопроводна мрежа в с. Тимарево, общ. Хитрино – втори етап","Община Хитрино, област Шумен",0.00000,0.00000,0.00000
7709,OP-24.001-1589,"Рехабилитация на път SHU 1065 /ІІІ-7003/ – Царев брод – Велино – граница общ. (Шумен – Хитрино) – Живково – Граница общ. (Хитрино – Каолиново) – /SHU 1060/ в участъка от кръстовище с път SHU 2159 до начало регулация на с. Становец, община Хитрино, област Шумен – Втори етап","Община Хитрино, област Шумен",0.00000,0.00000,0.00000
7709,OP-24.001-1590,"Реконструкция, рехабилитация и благоустрояване на централен площад в с. Хитрино","Община Хитрино, област Шумен",0.00000,0.00000,0.00000
7709,OP-25.001-0736,"Подобряване на уличните настилки на населените места на община Хитрино, подобект: ""Ул. ""Камчия"", с. Студеница, от км 0+000 до км 1+328,75","Община Хитрино, област Шумен",0.00000,0.00000,0.00000
7709,OP-24.001-1592,Изграждане на спортна площадка в УПИ XVI в кв. 6 в с. Трем,"Община Хитрино, област Шумен",0.00000,0.00000,0.00000
7709,OP-24.001-1593,Реконструкция на спортна площадка в ПИ XII за 146 в с. Живково,"Община Хитрино, област Шумен",0.00000,0.00000,0.00000
7710,OP-24.001-2311,Изграждане на закрит спортен басейн,"Община Шумен, област Шумен",8136.19606,0.00000,8136.19606
7710,OP-24.001-3086,"Рехабилитация на път SHU 1065 (III – 7003, Царев брод – Велино – граница общ. (Шумен – Хитрино) – Живково– граница общ. (Хитрино – Каолиново) – SHU 1060)","Община Шумен, област Шумен",0.00000,0.00000,0.00000
7710,OP-24.001-2668,"Рехабилитация на път SHU 2186 (III – 7003, Царев брод – Шумен) – Коньовец","Община Шумен, област Шумен",0.00000,0.00000,0.00000
7710,OP-24.001-2310,"Рехабилитация и реконструкция на бул. ""Симеон Велики"", гр. Шумен","Община Шумен, област Шумен",0.00000,4422.76420,4422.76420
7710,OP-24.001-2314,"Рехабилитация на SHU 2005 (TGV 1167, Надарево – Осмар) Кочово – граница общ. (В. Преслав – Шумен) – Лозево – (I-2), гр. Шумен","Община Шумен, област Шумен",0.00000,847.17183,847.17183
7710,OP-24.001-2669,"Рехабилитация и реконструкция на ул. ""Владайско въстание"", гр. Шумен, в участъка й западно от ул. ""Охрид""","Община Шумен, област Шумен",0.00000,0.00000,0.00000
7710,OP-24.001-1596,"Рехабилитация на SHU 1188 (I-7, Шумен – В. Преслав) – Шумен – Лозево (SHU 2005)","Община Шумен, област Шумен",0.00000,0.00000,0.00000
7710,OP-24.001-1597,"Рехабилитация и реконструкция на ул. ""Северна"", гр. Шумен","Община Шумен, област Шумен",1306.93062,0.00000,1306.93062
7710,OP-24.001-2313,"Изграждане на локално платно с паркоместа и зелени площи по ул. ""Марица"" в участъка от ул. ""В. Друмев"" до ул. ""Ген. Скобелев""","Община Шумен, област Шумен",1739.76238,0.00000,1739.76238
7710,OP-24.001-2326,"Инженеринг – проектиране, строителство и авторски надзор за обект: Рехабилитация на път SHU 1187 /I – 7, о.п. Шумен – о.п. Велики Преслав/ – Мараш – Салманово /SHU1190/","Община Шумен, област Шумен",0.00000,0.00000,0.00000
7710,OP-24.001-2315,"Рехабилитация на ул. ""Велико Железов"", кв. Дивдядово, гр. Шумен","Община Шумен, област Шумен",0.00000,0.00000,0.00000
7710,OP-24.001-1594,"Реконструкция и реновиране на спортен комплекс стадион ""Панайот Волов"" – Шумен","Община Шумен, област Шумен",0.00000,0.00000,0.00000
7710,OP-24.001-2312,"Проектиране, авторски надзор и СМР за обект: Реконструкция на водопровод по бул. Ришки проход","Община Шумен, област Шумен",387.92119,0.00000,387.92119
7710,OP-24.001-2352,"Рехабилитация и реконструкция на улица, намираща се между ул. ""Ген. Радецки"" и ул. ""Ген. Драгомиров""","Община Шумен, област Шумен",0.00000,0.00000,0.00000
7710,OP-24.001-2349,"Реконструкция на уличен водопровод по ул. ""Г. С. Раковски"", гр. Шумен, и сградни водопроводни отклонения в участъка от кръстовище с ул. ""Райна Княгиня"" до входа на парк ""Кьошкове""","Община Шумен, област Шумен",218.84632,0.00000,218.84632
7710,OP-24.001-2319,"Инженеринг – проектиране, строителство и авторски надзор за обект: Изграждане на прилежащ паркинг към спортна зала ""Плиска""","Община Шумен, област Шумен",0.00000,0.00000,0.00000
7710,OP-24.001-2329,"Проектиране и авторски надзор за обект: Реконструкция на междублокови пространства между ул. ""Самара"", ул. ""Стара планина"", ул. ""Средна гора"" и ул. ""Генерал Радецки"" в кв. Б. Българанов","Община Шумен, област Шумен",0.00000,0.00000,0.00000
7710,OP-24.001-2322,Проектиране и авторски надзор за обект: Изграждане на пристройка и реконструкция на спортна зала Младост в гр. Шумен,"Община Шумен, област Шумен",0.00000,0.00000,0.00000
7710,OP-24.001-2320,"Проектиране и авторски надзор на 6 спортни площадки в кв. Боян Българанов, кв. Тракия, кв. Добруджа, кв. Гривица и централна част","Община Шумен, област Шумен",0.00000,0.00000,0.00000
7710,OP-24.001-2342,Проектиране и авторски надзор за обект: Реконструкция на централно площадно пространство и изграждане на градски парк в село Мараш,"Община Шумен, област Шумен",0.00000,0.00000,0.00000
7710,OP-24.001-2328,"Проектиране и авторски надзор за обект: Реконструкция на междублоково пространство между ул. ""Дедеагач"", ул. ""Родопи"", ул. ""Лозенград"" и бул. ""Симеон Велики"" в кв. Тракия","Община Шумен, област Шумен",0.00000,0.00000,0.00000
7710,OP-24.001-2317,"Проектиране и авторски надзор за обект: ""Паркоустройство на парк ""Кьошкове"", гр. Шумен","Община Шумен, област Шумен",0.00000,0.00000,0.00000
7710,OP-24.001-2330,"Проектиране и авторски надзор за обект: Реконструкция на прилежащо междублоково пространство на блокове с № 7, 8, 9, 10 и 11, кв. 572, в кв. Б. Българанов","Община Шумен, област Шумен",0.00000,0.00000,0.00000
7710,OP-24.001-2331,"Проектиране и авторски надзор за обект: Реконструкция на междублокови пространства около многофамилни жилищни сгради по протежение на ул. ""Асен Златаров"", в части от кв. 642в, 644 и кв. 643г, по плана на град Шумен","Община Шумен, област Шумен",0.00000,0.00000,0.00000
7710,OP-24.001-2338,Проектиране и авторски надзор за обект: Реконструкция на довеждащ водопровод към село Друмево,"Община Шумен, област Шумен",0.00000,0.00000,0.00000
7710,OP-24.001-2344,"Проектиране и авторски надзор за обект: Благоустрояване и реконструкция на централно площадно пространство, изграждане на детска площадка и комбинирана спортна площадка в село Мадара","Община Шумен, област Шумен",0.00000,0.00000,0.00000
7710,OP-24.001-2343,Проектиране и авторски надзор за обект: Изграждане на централно площадно пространство и паркова зона в село Дибич,"Община Шумен, област Шумен",0.00000,0.00000,0.00000
7710,OP-24.001-2346,Проектиране и авторски надзор за обект: Благоустрояване и реконструкция на парк в кв. Дивдядово,"Община Шумен, област Шумен",0.00000,0.00000,0.00000
7710,OP-24.001-2345,"Проектиране и авторски надзор за обект: Благоустрояване на централно площадно пространство, селищен парк и изграждане на детска площадка в село Салманово","Община Шумен, област Шумен",0.00000,0.00000,0.00000
7710,OP-24.001-2333,Проектиране и авторски надзор за обект: Реконструкция на междублоково пространство на кв. 641а в ж.к. Еверест,"Община Шумен, област Шумен",0.00000,0.00000,0.00000
7710,OP-24.001-2321,"Проектиране и авторски надзор за обект: Разширение на Гробищен парк – Шумен, етап, гр. Шумен","Община Шумен, област Шумен",0.00000,0.00000,0.00000
7710,OP-24.001-2341,"Проектиране и авторски надзор за обект: Рехабилитация и реконструкция на улица ""Захари Стоянов"" и части от ул. ""Бузлуджа"" и ул. ""Кирил и Методий"" в село Царев брод","Община Шумен, област Шумен",0.00000,0.00000,0.00000
7710,OP-24.001-2347,"Проектиране и авторски надзор за обект: Рехабилитация и реконструкция на общинска пътна мрежа SHU 1192 (III-731, Р. Димитриево – Черноок) Друмево – Овчарово – В. Друмев– о.п. Шумен в участъка от село Костена река до село Овчарово","Община Шумен, област Шумен",0.00000,0.00000,0.00000
7710,OP-24.001-2325,"Проектиране и авторски надзор за обект: Реконструкция на улици в град Шумен – ул. ""Катюша"" и ул. ""Независимост""","Община Шумен, област Шумен",0.00000,0.00000,0.00000
7710,OP-25.001-0057,"Реконструкция водопроводната мрежа, с. Лозево","Община Шумен, област Шумен",0.00000,0.00000,0.00000
7710,OP-25.001-0056,"Реконструкция водопроводната мрежа, с. Черенча","Община Шумен, област Шумен",0.00000,0.00000,0.00000
7710,OP-25.001-0058,"Реконструкция водопроводната мрежа, с. Градище","Община Шумен, област Шумен",0.00000,0.00000,0.00000
7710,OP-25.001-0055,"Проект по рехабилитация на път SHU 1190 (II-73, Шумен-Ивански) P. Димитриево-Салманово-граница общ. (В. Преслав-Шумен)-Златар (Ш-7302)","Община Шумен, област Шумен",0.00000,0.00000,0.00000
7710,OP-24.001-2350,"Реконструкция на улична канализация по ул. ""Тича"" в участъка от ОК 533 до ОК 531 и изграждане на нова канализация от ОК 531 на ул. ""Тича"" до ОК 569А на ул. ""Генерал Ганецки""","Община Шумен, област Шумен",0.00000,0.00000,0.00000
7710,OP-24.001-2324,Проектиране и авторски надзор за обект: Реконструкция на Градски пазар в град Шумен,"Община Шумен, област Шумен",0.00000,0.00000,0.00000
7710,OP-24.001-2335,Проектиране и авторски надзор за обект: Реконструкция на водопроводната мрежа в село Салманово,"Община Шумен, област Шумен",0.00000,0.00000,0.00000
7710,OP-24.001-2336,Проектиране и авторски надзор за обект: Реконструкция на водопроводната мрежа в село Струйно,"Община Шумен, област Шумен",0.00000,0.00000,0.00000
7710,OP-24.001-2337,Проектиране и авторски надзор за обект: Реконструкция на водопроводната мрежа в село Вехтово,"Община Шумен, област Шумен",0.00000,0.00000,0.00000
7710,OP-24.001-2339,Проектиране и авторски надзор за обект: Дълбок сондаж за питейно водоснабдяване в село Лозево,"Община Шумен, област Шумен",0.00000,0.00000,0.00000
7710,OP-24.001-2340,Проектиране и авторски надзор за обект: Дълбок сондаж за питейно водоснабдяване в село Струйно,"Община Шумен, област Шумен",0.00000,0.00000,0.00000
7801,OP-24.001-1601,Реконструкция на вътрешна водопроводна мрежа на с. Мамарчево,"Община Болярово, област Ямбол",3025.40679,0.00000,3025.40679
7801,OP-24.001-1600,Реконструкция на вътрешна водопроводна мрежа на с. Малко Шарково,"Община Болярово, област Ямбол",0.00000,211.38468,211.38468
7801,OP-24.001-3088,Реконструкция на водопроводната мрежа в с. Голямо Крушево,"Община Болярово, област Ямбол",0.00000,0.00000,0.00000
7801,OP-24.001-3089,Реконструкция на напорния и довеждащ водопровод от водоснабдителната система на село Стефан Караджово и реконструкция на част от вътрешната водопроводна мрежа на селото,"Община Болярово, област Ямбол",0.00000,0.00000,0.00000
7801,OP-24.001-3090,Реконструкция на водопроводната мрежа в с. Попово,"Община Болярово, област Ямбол",0.00000,0.00000,0.00000
7801,OP-24.001-3087,Основен ремонт на местен общински път JAM Малко Шарково – Шарково от км 0+000 до км 5+910,"Община Болярово, област Ямбол",0.00000,0.00000,0.00000
7801,OP-25.001-0737,Реконструкция на вътрешна водопроводна мрежа на с. Малко Шарково – 2 етап,"Община Болярово, област Ямбол",0.00000,0.00000,0.00000
7802,OP-24.001-1602,Основен ремонт на улична мрежа в град Елхово,"Община Елхово, област Ямбол",124.42500,0.00000,124.42500
7802,OP-24.001-1606,"Основен ремонт на общински път JAM2030 / III – 7009, Бояново – Борисово / – Жребино – Граница общ. (Елхово – Болярово) – Попово / JAM1028 /, участък от км 0+000 до км 6+900","Община Елхово, област Ямбол",0.00000,0.00000,0.00000
7802,OP-24.001-1603,Реконструкция на част от водопроводната мрежа в град Елхово,"Община Елхово, област Ямбол",1596.68000,0.00000,1596.68000
7802,OP-24.001-1604,"Основен ремонт ул. ""Ангел Вълев"", гр. Елхово","Община Елхово, област Ямбол",1601.14939,0.00000,1601.14939
7802,OP-24.001-1605,"Основен ремонт на улица ""Морава"" от ул. ""Камчия"" до о.т. 38 в град Елхово","Община Елхово, област Ямбол",927.37751,0.00000,927.37751
7802,OP-24.001-1607,"Основен ремонт ул. ""Ж. Петков"" в участъка от пл. ""Христо Ботев"" до ул. ""Ал. Стамболийски"" в град Елхово","Община Елхово, област Ямбол",559.89081,0.00000,559.89081
7802,OP-24.001-1610,"Изграждане на кръгово кръстовище на ул. ""Александър Стамболийски"" с ул. ""Ангел Вълев"", гр. Елхово","Община Елхово, област Ямбол",19.20000,0.00000,19.20000
7802,OP-24.001-1608,"Основен ремонт на общински път JAM2020 /I-7, Окоп – о.п. Елхово/ – Кирилово, участък от км 0+050 до км 2+050","Община Елхово, област Ямбол",0.00000,0.00000,0.00000
7803,OP-24.001-1611,"Изграждане на ПСОВ, разделна канализация и водопроводна мрежа, град Стралджа","Община Стралджа, област Ямбол",0.00000,0.00000,0.00000
7803,OP-24.001-2671,Основен ремонт и реконструкция на съществуващ довеждащ водопровод от напорен водоем до входа на град Стралджа,"Община Стралджа, област Ямбол",0.00000,0.00000,0.00000
7803,OP-24.001-2673,"Благоустрояване на пространства от централна градска част в кв. 141 и кв. 142 по ПУП на град Стралджа, община Стралджа – публична общинска собственост, съгласно приложение","Община Стралджа, област Ямбол",0.00000,0.00000,0.00000
7803,OP-24.001-2674,"Благоустрояване на централно площадно пространство в УПИ XII – за площад, кв. 35 по плана на село Зимница, община Стралджа","Община Стралджа, област Ямбол",0.00000,0.00000,0.00000
7804,OP-24.001-3091,"Реконструкция и рехабилитация на път JAM 1096 /I-7, Окоп-Елхово/-Тенево-Маломир-Дряново-Драма от км 0+000 до км 3+350 и ТКМ за оптичен интернет","Община ""Тунджа"", област Ямбол",0.00000,0.00000,0.00000
7804,OP-24.001-1612,"Основен ремонт на JAM 2089/I-7, Окоп-Елхово/Коневец-Маломир/JAM 1096 в участъка от км 2+000 до км 7+127,66 – 2 етап","Община ""Тунджа"", област Ямбол",0.00000,0.00000,0.00000
7804,OP-24.001-1613,"Реконструкция и разширение на водопроводна мрежа, с. Ботево, община ""Тунджа"", втори етап – изграждане на второстепенни клонове","Община ""Тунджа"", област Ямбол",411.30002,0.00000,411.30002
7804,OP-24.001-1614,"Канализационна мрежа с ПСОВ, с. Веселиново","Община ""Тунджа"", област Ямбол",0.00000,0.00000,0.00000
7804,OP-24.001-1615,"Допълнително водоснабдяване на с. Ханово, община ""Тунджа""","Община ""Тунджа"", област Ямбол",0.00000,0.00000,0.00000
7805,OP-24.001-1616,"Основен ремонт на участък от ул. ""Преслав"", на север от ул. ""Димитър Благоев"" от о.т. 1337 до о.т. 702, Етап II: ""Основен ремонт на участък от ул. ""Преслав"", на север от ул. ""Димитър Благоев"", от ул. ""Акация"" до о.т. 702; Етап II A – Основен ремонт на участък от ул. ""Преслав"", на север от ул. ""Димитър Благоев"", от кръстовище с ул. ""Акация"" до кръстовище с ул. ""Тимок"" без площта на кръстовищата; етап II Б – Основен ремонт на участък от ул. ""Преслав"", на север от ул. ""Димитър Благоев"", от кръстовище с ул. ""Тимок"" до кръстовище с околовръстен път изток, включително площта на кръстовищата","Община Ямбол, област Ямбол",678.32744,0.00000,678.32744
7805,OP-24.001-1619,"Многофункционална спортна зала – пристройка към сграда с идентификатор 87374.533.6.3 – спортна зала ""Диана""","Община Ямбол, област Ямбол",15.00000,0.00000,15.00000
7805,OP-25.001-0738,"Основен ремонт на ул. ""Професор П. Нойков"" в участъка от Езикова гимназия ""Васил Карагьозов"" до ул. ""Свети Георги""","Община Ямбол, област Ямбол",0.00000,0.00000,0.00000
7805,OP-24.001-1617,"Обновяване и модернизиране на градската среда чрез реконструкция на пешеходни зони – гр. Ямбол. Поетапно изграждане на девет етапа – за Етап VIII – ""Пешеходна ул. ""Търговска"" – част III – от ул. ""Преслав"" до ул. ""Стефан Караджа"" и за Етап IX – ""Пешеходна ул. ""Търговска"" – част IV от ул. ""Стефан Караджа"" до ул. ""Богомил""","Община Ямбол, област Ямбол",1040.66744,0.00000,1040.66744
7805,OP-24.001-1618,"Основен ремонт – реконструкция на централна градска част – 2 с обособени позиции: ул. ""Търговска"" от ул. ""Богомил"", ул. ""Срем"" до ул. ""Граф Игнатиев"" с идентификатор 87374.541.66, ул. ""Кара Кольо"" от ул. ""Преслав"" до ул. ""Богомил"" с идентификатори 87374.541.58 и 87374.541.59, ул. ""Стефан Караджа"" от ул. ""Търговска"" до ул. ""Г. С. Раковски"" с идентификатори 87374.541.15 и 87374.541.2, ул. ""Стефан Стамболов"" от ул. ""Стефан Караджа"" до ул. ""Богомил"" с идентификатор 87374.541.57"" – Етапно изграждане","Община Ямбол, област Ямбол",821.46547,0.00000,821.46547
7805,OP-25.001-0739,"Благоустрояване на ж.к. ""Георги Бенковски"", гр. Ямбол","Община Ямбол, област Ямбол",0.00000,0.00000,0.00000
7805,OP-25.001-0740,"Благоустрояване на ж.к. ""Хале"", гр. Ямбол","Община Ямбол, област Ямбол",0.00000,0.00000,0.00000
7805,OP-24.001-3093,"Изграждане на пътно кръгово кръстовище на ул. ""Димитър Благоев"" и ул. ""Преслав"", гр. Ямбол","Община Ямбол, област Ямбол",0.00000,0.00000,0.00000
7805,OP-24.001-3092,"Изграждане на пътно кръгово кръстовище на ул. ""Генерал Владимир Заимов"" и ул. ""Търговска"", гр. Ямбол","Община Ямбол, област Ямбол",0.00000,0.00000,0.00000
7805,OP-25.001-0741,"Изграждане на пътно кръгово кръстовище на ул. ""Граф Игнатиев"" и ул. ""Милин камък"", гр. Ямбол","Община Ямбол, област Ямбол",0.00000,0.00000,0.00000
7805,OP-25.001-0742,"Основен ремонт на ул. ""Николай Петрини"" от ул. ""Дружба"" до ул. ""Ямболска крепост"", включително и прилежащи паркинги","Община Ямбол, област Ямбол",0.00000,0.00000,0.00000
7805,OP-24.001-1621,"Изграждане на пътно кръгово кръстовище на ул. ""Димитър Благоев"" и ул. ""Жорж Папазов"", гр. Ямбол","Община Ямбол, област Ямбол",1004.25720,0.00000,1004.25720
7805,OP-25.001-0743,"Изграждане на пътно кръгово кръстовище на ул. ""Николай Петрини"" и ул. ""Георги Дражев"" и ул. ""Индже войвода"", гр. Ямбол","Община Ямбол, област Ямбол",0.00000,0.00000,0.00000
7805,OP-24.001-1620,"Реконструкция на ул. ""Георги Гарабчи войвода"" от ул. ""Русе"" о.т. 724-725-726-728 до о.т. 729 ул. ""Индже войвода"", гр. Ямбол","Община Ямбол, област Ямбол",761.59178,0.00000,761.59178
7805,OP-24.001-2676,"Изграждане на пътно кръгово кръстовище на бул. ""Крайречен"" и ул. ""Крали Марко"", гр. Ямбол","Община Ямбол, област Ямбол",0.00000,0.00000,0.00000
7805,OP-24.001-2354,"Изграждане на второстепенна улица, свързваща ул. ""Охрид"" с ""Обходен път Юг""","Община Ямбол, област Ямбол",730.05738,0.00000,730.05738
7805,OP-24.001-2353,"Изграждане на ул. ""Охрид"", гр. Ямбол","Община Ямбол, област Ямбол",709.73018,0.00000,709.73018
7805,OP-25.001-0744,"Основен ремонт на част от второстепенната улична мрежа на гр. Ямбол в централна градска част – Етап № 2: • Етап 2а, включващ следните подобекти: – ""Основен ремонт на ул. ""Христо Смирненски""; – ""Основен ремонт на ул. ""Опълченска""; • Етап 2б, включващ следните подобекти: – ""Основен ремонт на ул. ""Александър Стамболийски"" от ул. ""Стефан Караджа"" до ул. ""Независима България""; – ""Основен ремонт на ул. ""Жельо Войвода"" от ул. ""Стефан Караджа"" до ул. ""Независима България""; • Етап 2в – ""Основен ремонт на ул. ""Богомил"" от ул. ""Александър Стамболийски"" до ул. ""Георги С. Раковски"" и благоустрояване на градската среда в разделителната ивица на ул. ""Богомил"" и междублокови пространства, прилежащи северно на ул. ""Александър Стамболийски""; • Етап 2г – ""Основен ремонт на ул. ""Независима България"" от ул. ""Страхил Войвода"" до ул. ""Георги С. Раковски""","Община Ямбол, област Ямбол",0.00000,0.00000,0.00000
7805,OP-25.001-0745,"Благоустрояване на ж.к. ""Райна Княгиня"", гр. Ямбол","Община Ямбол, област Ямбол",0.00000,0.00000,0.00000
7805,OP-24.001-1623,"Изграждане на асфалтова улица с предвиждане на автобусна спирка и паркинг в имоти с идентификатори 87374.525.27, 87374.525.28 и 87374.525.30 по ККарта на гр. Ямбол – етапно строителство, I етап – Проектиране и изграждане на обслужваща улица и автобусна спирка от о.т. 10, о.т. 60, о.т 62 до о.т. 61, ПИ 87374.525.30 и 87374.525.28 по ККарта на гр. Ямбол","Община Ямбол, област Ямбол",308.04384,0.00000,308.04384
7805,OP-24.001-1622,"Ремонт, рехабилитация и реконструкция на алея, свързваща ул. ""Димитър Благоев"", ул. ""Боровец"" с обходен път изток, гр. Ямбол. Втори етап: ""Ремонт, рехабилитация и реконструкция на алеята, свързваща ул. ""Боровец"" с обходен път изток, изграждане на тротоар и велосипедна алея по цялата дължина на трасето. Първи подетап: ""Ремонт, рехабилитация и реконструкция на алеята, свързваща ул. ""Боровец"" с обходен път изток""","Община Ямбол, област Ямбол",679.92340,0.00000,679.92340
7805,OP-25.001-0746,"Основен ремонт на част от второстепенната улична мрежа на гр. Ямбол в Промишлена зона – Етапно строителство: Етап 1: Основен ремонт на ул. ""Индустриална"" от о.т. 326, о.т. 330, о.т. 331 до о.т. 410","Община Ямбол, област Ямбол",0.00000,0.00000,0.00000
7805,OP-25.001-0747,"Основен ремонт на част от второстепенната улична мрежа на гр. Ямбол в централна градска част – Етап № 1: • Етап 1а, включващ следните подобекти: – ""Основен ремонт на ул. ""Хан Кубрат"" и прилежащ паркинг""; – ""Основен ремонт на ул. ""Васил Априлов""; – ""Основен ремонт на ул. ""Екзарх Йосиф""; • Етап 1б – ""Основен ремонт на ул. ""Александър Стамболийски"" в участъка от ул. ""Хан Кубрат"" до ул. ""Стефан Караджа""; • Етап 1в – ""Основен ремонт на ул. ""Стефан Караджа"" в участъка от ул. ""Александър Стамболийски"" до ул. ""Георги С. Раковски""","Община Ямбол, област Ямбол",0.00000,0.00000,0.00000
7805,OP-25.001-0748,Основен ремонт на част от второстепенната улична мрежа на гр. Ямбол в Промишлена зона – Етапно строителство: Етап 2: Основен ремонт на подлез в Промишлена зона,"Община Ямбол, област Ямбол",0.00000,0.00000,0.00000
7805,OP-25.001-0749,"Основен ремонт на ул. ""Крайречна"", гр. Ямбол","Община Ямбол, област Ямбол",0.00000,0.00000,0.00000
7805,OP-25.001-0750,"Изграждане на външно изкуствено /улично/ осветление в селищно образувание ""Кринчовица"", гр. Ямбол","Община Ямбол, област Ямбол",0.00000,0.00000,0.00000
7805,OP-24.001-3094,"Изграждане на канализация за отпадъчни води по ул. ""Шести септември"", кв. 26а, гр. Ямбол, съгласно одобрена схема по РПИП (регионални прединвестиционни проучвания) на гр. Ямбол. Изграждане на осветление и ремонт на съществуващи паркови алеи в Градски парк – Етапно строителство","Община Ямбол, област Ямбол",0.00000,0.00000,0.00000
7805,OP-24.001-2677,"Изграждане на канализация за отпадъчни води по ул. ""Шести септември"", кв. 26а, гр. Ямбол, съгласно одобрена схема по РПИП (регионални прединвестиционни проучвания) на гр. Ямбол","Община Ямбол, област Ямбол",181.41534,0.00000,181.41534
7805,OP-25.001-0751,Ремонт на съществуващи паркови алеи в Градски парк – Ямбол,"Община Ямбол, област Ямбол",0.00000,0.00000,0.00000
7805,OP-25.001-0752,"Благоустрояване на ул. ""Стара планина"", гр. Ямбол","Община Ямбол, област Ямбол",0.00000,0.00000,0.00000
7805,OP-25.001-0753,"Благоустрояване на кв. ""Аврен"", гр. Ямбол","Община Ямбол, област Ямбол",0.00000,0.00000,0.00000
7805,OP-25.001-0754,Благоустрояване на Първи жилищен район по плана на гр. Ямбол,"Община Ямбол, област Ямбол",0.00000,0.00000,0.00000
7805,OP-25.001-0755,"Благоустрояване на кв. ""Каргон"", гр. Ямбол","Община Ямбол, област Ямбол",0.00000,0.00000,0.00000
7805,OP-25.001-0756,"Основен ремонт на част от второстепенната улична мрежа на гр. Ямбол в Западна промишлена зона – КОС"" – Етапно строителство","Община Ямбол, област Ямбол",0.00000,0.00000,0.00000
7805,OP-25.001-0757,"Основен ремонт на част от второстепенната улична мрежа на гр. Ямбол в кв. ""Кючук махала"" – Етапно строителство","Община Ямбол, област Ямбол",0.00000,0.00000,0.00000
