code,province,municipality,ebk_code,agreement_EUR,in_verification_EUR,approved_unpaid_EUR,paid_EUR,paid_mrrb_2024_2025_EUR,paid_mrrb_2026_EUR,paid_mrrb_other_EUR,paid_bdb_EUR
OP-24.001-0001,Благоевград,Банско,5101,2789097.21,0.00,0.01,2629780.95,2376722.72,0.00,0.00,253058.23
OP-24.001-0002,Благоевград,Банско,5101,2534269.34,0.00,0.00,2326342.36,2100005.63,0.00,0.00,226336.73
OP-24.001-0003,Благоевград,Банско,5101,1585004.83,0.00,0.00,1465033.00,1325990.65,0.00,0.00,139042.35
OP-24.001-0005,Благоевград,Белица,5102,2300813.47,0.00,0.00,2296851.73,2296851.73,0.00,0.00,0
OP-24.001-0006,Благоевград,Белица,5102,3221138.85,0.00,0.00,2867139.22,2867139.22,0.00,0.00,0
OP-24.001-0007,Благоевград,Белица,5102,1643087.59,0.00,0.00,1479486.26,1479486.26,0.00,0.00,0
OP-24.001-0008,Благоевград,Белица,5102,1533875.64,0.00,0.00,708906.09,708906.09,0.00,0.00,0
OP-24.001-0009,Благоевград,Белица,5102,1595230.67,0.00,0.00,578168.65,578168.65,0.00,0.00,0
OP-24.001-0010,Благоевград,Белица,5102,371913.71,0.00,0.00,371818.22,371818.22,0.00,0.00,0
OP-24.001-0011,Благоевград,Благоевград,5103,2472403.02,0.00,0.00,0.00,0.00,0.00,0.00,0
OP-24.001-0012,Благоевград,Благоевград,5103,2234703.43,0.00,254215.21,58665.05,0.00,0.00,0.00,58665.05
OP-24.001-0014,Благоевград,Благоевград,5103,1444348.44,0.00,0.00,228199.36,0.00,0.00,0.00,228199.36
OP-24.001-0015,Благоевград,Благоевград,5103,1375579.68,0.00,0.00,1246341.06,1128298.88,0.00,0.00,118042.18
OP-24.001-0016,Благоевград,Благоевград,5103,1271071.62,0.00,0.00,244867.98,0.00,0.00,0.00,244867.98
OP-24.001-0018,Благоевград,Благоевград,5103,1120291.64,0.00,0.00,213058.01,0.00,0.00,0.00,213058.01
OP-24.001-0019,Благоевград,Благоевград,5103,960461.80,0.00,78838.20,699964.42,380269.26,0.00,0.00,319695.16
OP-24.001-0020,Благоевград,Благоевград,5103,771846.22,0.00,10516.60,622720.57,392858.44,0.00,0.00,229862.13
OP-24.001-0021,Благоевград,Благоевград,5103,751905.84,0.00,0.00,0.00,0.00,0.00,0.00,0
OP-24.001-0022,Благоевград,Благоевград,5103,0.00,0.00,0.00,0.00,0.00,0.00,0.00,0
OP-24.001-0023,Благоевград,Благоевград,5103,697964.55,0.00,0.00,129851.10,0.00,0.00,0.00,129851.10
OP-24.001-0024,Благоевград,Благоевград,5103,0.00,0.00,0.00,0.00,0.00,0.00,0.00,0
OP-24.001-0025,Благоевград,Благоевград,5103,670917.21,0.00,0.00,539752.42,539752.42,0.00,0.00,0
OP-24.001-0026,Благоевград,Благоевград,5103,0.00,0.00,0.00,0.00,0.00,0.00,0.00,0
OP-24.001-0027,Благоевград,Благоевград,5103,484551.32,0.00,0.00,394529.03,0.00,299724.88,0.00,94804.15
OP-24.001-0028,Благоевград,Благоевград,5103,477904.52,0.00,53299.73,130674.99,0.00,0.00,0.00,130674.99
OP-24.001-0029,Благоевград,Благоевград,5103,474734.51,0.00,5917.24,375757.40,236858.54,0.00,0.00,138898.86
OP-24.001-0030,Благоевград,Благоевград,5103,457913.01,0.00,0.00,400580.04,373347.05,0.00,0.00,27232.99
OP-24.001-0032,Благоевград,Благоевград,5103,450090.24,0.00,0.00,355643.87,347028.56,0.00,0.00,8615.31
OP-24.001-0033,Благоевград,Благоевград,5103,348649.93,0.00,0.00,69686.41,0.00,0.00,0.00,69686.41
OP-24.001-0034,Благоевград,Благоевград,5103,344099.44,0.00,0.00,0.00,0.00,0.00,0.00,0
OP-24.001-0035,Благоевград,Благоевград,5103,335458.60,0.00,0.00,72286.42,0.00,0.00,0.00,72286.42
OP-24.001-0036,Благоевград,Благоевград,5103,295526.71,0.00,0.00,49201.01,0.00,0.00,0.00,49201.01
OP-24.001-0038,Благоевград,Благоевград,5103,0.00,0.00,0.00,0.00,0.00,0.00,0.00,0
OP-24.001-0039,Благоевград,Благоевград,5103,287908.46,0.00,0.01,50385.00,0.00,0.00,0.00,50385.00
OP-24.001-0040,Благоевград,Благоевград,5103,227985.05,0.00,75120.37,49364.82,0.00,0.00,0.00,49364.82
OP-24.001-0041,Благоевград,Благоевград,5103,0.00,0.00,0.00,0.00,0.00,0.00,0.00,0
OP-24.001-0042,Благоевград,Благоевград,5103,168828.58,0.00,0.00,134382.07,131150.44,0.00,0.00,3231.63
OP-24.001-0043,Благоевград,Благоевград,5103,167448.09,0.00,0.00,29270.33,0.00,0.00,0.00,29270.33
OP-24.001-0044,Благоевград,Благоевград,5103,145104.64,0.00,0.00,31270.76,0.00,0.00,0.00,31270.76
OP-24.001-0045,Благоевград,Благоевград,5103,134725.41,0.00,0.00,30287.14,0.00,0.00,0.00,30287.14
OP-24.001-0046,Благоевград,Благоевград,5103,114682.77,0.00,0.00,24729.38,0.00,0.00,0.00,24729.38
OP-24.001-0047,Благоевград,Благоевград,5103,98014.65,0.00,0.00,21839.09,0.00,0.00,0.00,21839.09
OP-24.001-0048,Благоевград,Благоевград,5103,0.00,0.00,0.00,0.00,0.00,0.00,0.00,0
OP-24.001-0049,Благоевград,Благоевград,5103,75671.20,0.00,0.00,74400.51,72233.51,0.00,0.00,2167.00
OP-24.001-0050,Благоевград,Благоевград,5103,62070.83,0.00,0.00,13252.60,0.00,0.00,0.00,13252.60
OP-24.001-0051,Благоевград,Благоевград,5103,35790.43,0.00,17895.22,0.00,0.00,0.00,0.00,0
OP-24.001-0052,Благоевград,Благоевград,5103,0.00,0.00,0.00,0.00,0.00,0.00,0.00,0
OP-24.001-0053,Благоевград,Гоце Делчев,5104,3686056.56,0.00,0.00,718140.69,0.00,0.00,0.00,718140.69
OP-24.001-0054,Благоевград,Гоце Делчев,5104,1131488.93,0.00,502091.27,502091.27,502091.27,0.00,0.00,0
OP-24.001-0055,Благоевград,Гоце Делчев,5104,1000189.18,0.00,0.00,0.00,0.00,0.00,0.00,0
OP-24.001-0056,Благоевград,Гоце Делчев,5104,0.00,0.00,0.00,0.00,0.00,0.00,0.00,0
OP-24.001-0057,Благоевград,Гоце Делчев,5104,680324.98,0.00,79444.93,545817.52,545817.52,0.00,0.00,0
OP-24.001-0058,Благоевград,Гоце Делчев,5104,367209.83,0.00,0.00,193921.76,193921.76,0.00,0.00,0
OP-24.001-0059,Благоевград,Гоце Делчев,5104,362045.78,0.00,0.00,0.00,0.00,0.00,0.00,0
OP-24.001-0060,Благоевград,Гоце Делчев,5104,444619.42,0.00,0.00,370697.18,370697.18,0.00,0.00,0
OP-24.001-0061,Благоевград,Гоце Делчев,5104,336327.80,0.00,0.00,239197.23,232017.64,7179.59,0.00,0
OP-24.001-0062,Благоевград,Гоце Делчев,5104,306979.65,40807.71,7155.55,229872.73,229872.73,0.00,0.00,0
OP-24.001-0063,Благоевград,Гърмен,5105,1173823.90,0.00,0.00,1052509.66,1052509.66,0.00,0.00,0
OP-24.001-0064,Благоевград,Гърмен,5105,598927.31,21564.38,0.00,198128.63,198128.63,0.00,0.00,0
OP-24.001-0065,Благоевград,Гърмен,5105,410618.51,34063.14,0.00,306568.28,306568.28,0.00,0.00,0
OP-24.001-0066,Благоевград,Кресна,5106,3445391.47,0.00,0.00,3282054.11,2961981.27,0.00,0.00,320072.84
OP-24.001-0067,Благоевград,Кресна,5106,2670733.14,0.00,0.00,2670708.04,2411431.93,0.00,0.00,259276.11
OP-24.001-0068,Благоевград,Кресна,5106,1523905.45,0.00,0.00,1238412.66,1118171.76,0.00,0.00,120240.90
OP-24.001-0069,Благоевград,Петрич,5107,4389696.45,0.00,0.00,3716156.19,3716156.19,0.00,0.00,0
OP-24.001-0070,Благоевград,Петрич,5107,2919221.00,0.00,0.00,2435690.32,2193177.82,0.00,0.00,242512.50
OP-24.001-0071,Благоевград,Петрич,5107,1388771.01,0.00,0.00,205416.93,205416.93,0.00,0.00,0
OP-24.001-0072,Благоевград,Петрич,5107,956985.01,0.00,0.00,929667.17,184386.66,745280.51,0.00,0
OP-24.001-0073,Благоевград,Петрич,5107,839387.88,0.00,0.00,746740.92,0.00,0.00,0.00,746740.92
OP-24.001-0074,Благоевград,Петрич,5107,837905.13,670566.09,0.00,166094.25,166094.25,0.00,0.00,0
OP-24.001-0075,Благоевград,Петрич,5107,770465.74,0.00,0.00,768312.52,152769.94,4591.40,0.00,610951.18
OP-24.001-0076,Благоевград,Петрич,5107,716575.57,0.00,0.00,137014.65,0.00,0.00,0.00,137014.65
OP-24.001-0077,Благоевград,Петрич,5107,663912.51,5395.76,0.00,653272.13,0.00,0.00,0.00,653272.13
OP-24.001-0078,Благоевград,Петрич,5107,511752.04,0.00,0.00,456147.62,0.00,0.00,0.00,456147.62
OP-24.001-0079,Благоевград,Петрич,5107,467627.55,373898.58,0.00,92750.39,0.00,0.00,0.00,92750.39
OP-24.001-0080,Благоевград,Петрич,5107,449885.73,0.00,0.00,400856.09,89079.13,0.00,0.00,311776.96
OP-24.001-0081,Благоевград,Петрич,5107,426570.82,325930.08,0.00,0.00,0.00,0.00,0.00,0
OP-24.001-0082,Благоевград,Разлог,5108,6544536.08,0.00,0.00,3599494.85,3001283.35,0.00,0.00,598211.50
OP-24.001-0083,Благоевград,Разлог,5108,3564727.00,25308.95,38442.34,3020953.52,582872.74,0.00,0.00,2438080.78
OP-24.001-0084,Благоевград,Разлог,5108,2147119.13,0.00,0.00,1638179.19,910099.55,0.00,0.00,728079.64
OP-24.001-0085,Благоевград,Разлог,5108,1036133.00,0.00,0.00,506617.36,0.00,0.00,0.00,506617.36
OP-24.001-0086,Благоевград,Разлог,5108,1115127.59,0.00,0.00,0.00,0.00,0.00,0.00,0
OP-24.001-0087,Благоевград,Разлог,5108,899873.71,0.00,0.00,794253.64,794253.64,0.00,0.00,0
OP-24.001-0088,Благоевград,Сандански,5109,8293409.96,0.00,2495433.13,1335583.93,1335583.93,0.00,0.00,0
OP-24.001-0089,Благоевград,Сандански,5109,3940424.27,0.00,0.00,188967.55,0.00,0.00,0.00,188967.55
OP-24.001-0090,Благоевград,Сандански,5109,1789521.58,0.00,0.00,0.00,0.00,0.00,0.00,0
OP-24.001-0091,Благоевград,Сандански,5109,6305507.12,0.00,0.00,234042.71,0.00,0.00,0.00,234042.71
OP-24.001-0092,Благоевград,Сандански,5109,1258289.32,613.55,0.00,244895.87,0.00,0.00,0.00,244895.87
OP-24.001-0093,Благоевград,Сандански,5109,1172085.51,0.00,924268.68,0.00,0.00,0.00,0.00,0
OP-24.001-0094,Благоевград,Сандански,5109,744440.98,0.00,586741.58,0.00,0.00,0.00,0.00,0
OP-24.001-0095,Благоевград,Сатовча,5110,1766513.45,0.00,0.00,795714.38,0.00,0.00,0.00,795714.38
OP-24.001-0096,Благоевград,Сатовча,5110,191223.16,0.00,0.00,165547.30,165547.30,0.00,0.00,0
OP-24.001-0097,Благоевград,Сатовча,5110,87430.91,0.00,0.00,78539.14,78539.14,0.00,0.00,0
OP-24.001-0098,Благоевград,Симитли,5111,1224032.76,0.00,0.00,230118.16,0.00,0.00,0.00,230118.16
OP-24.001-0099,Благоевград,Симитли,5111,1115996.79,0.00,0.00,211439.24,211439.24,0.00,0.00,0
OP-24.001-0100,Благоевград,Симитли,5111,1078825.87,0.00,0.00,1061001.02,954900.92,0.00,0.00,106100.10
OP-24.001-0101,Благоевград,Симитли,5111,964807.78,12275.30,0.00,12275.30,12275.30,0.00,0.00,0
OP-24.001-0102,Благоевград,Симитли,5111,964807.78,91886.19,0.00,826975.72,826975.72,0.00,0.00,0
OP-24.001-0103,Благоевград,Симитли,5111,540869.04,0.00,0.00,92363.80,92363.80,0.00,0.00,0
OP-24.001-0104,Благоевград,Симитли,5111,491819.42,0.00,0.00,83603.98,83603.98,0.00,0.00,0
OP-24.001-0105,Благоевград,Симитли,5111,311027.12,0.00,0.00,59267.00,59267.00,0.00,0.00,0
OP-24.001-0106,Благоевград,Симитли,5111,261781.44,0.00,0.00,50088.68,50088.68,0.00,0.00,0
OP-24.001-0107,Благоевград,Симитли,5111,207974.77,0.00,0.00,38839.41,38839.41,0.00,0.00,0
OP-24.001-0108,Благоевград,Симитли,5111,191734.46,0.00,0.00,36789.99,36789.99,0.00,0.00,0
OP-24.001-0109,Благоевград,Симитли,5111,156449.50,0.00,0.00,27143.79,27143.79,0.00,0.00,0
OP-24.001-0111,Благоевград,Симитли,5111,78123.62,0.00,0.00,11144.38,11144.38,0.00,0.00,0
OP-24.001-0112,Благоевград,Симитли,5111,55730.82,0.00,0.00,10532.25,10532.25,0.00,0.00,0
OP-24.001-0113,Благоевград,Симитли,5111,46016.27,0.00,0.00,8486.47,8486.47,0.00,0.00,0
OP-24.001-0114,Благоевград,Симитли,5111,42948.52,0.00,0.00,7811.42,7811.42,0.00,0.00,0
OP-24.001-0115,Благоевград,Симитли,5111,37007.41,0.00,0.00,6432.16,6432.16,0.00,0.00,0
OP-24.001-0116,Благоевград,Струмяни,5112,0.00,0.00,0.00,0.00,0.00,0.00,0.00,0
OP-24.001-0117,Благоевград,Струмяни,5112,0.00,0.00,0.00,0.00,0.00,0.00,0.00,0
OP-24.001-0118,Благоевград,Хаджидимово,5113,1847348.70,0.00,0.00,175341.20,175341.20,0.00,0.00,0
OP-24.001-0119,Благоевград,Хаджидимово,5113,1017675.36,0.00,0.00,446053.81,0.00,0.00,0.00,446053.81
OP-24.001-0120,Благоевград,Хаджидимово,5113,280187.95,0.00,0.00,0.00,0.00,0.00,0.00,0
OP-24.001-0121,Благоевград,Якоруда,5114,1431617.27,0.00,0.00,1175359.91,1175359.91,0.00,0.00,0
OP-24.001-0122,Благоевград,Якоруда,5114,1278229.70,0.00,0.00,1247249.61,1247249.61,0.00,0.00,0
OP-24.001-1628,Благоевград,Белица,5102,478978.23,0.00,0.00,478075.50,478075.50,0.00,0.00,0
OP-24.001-1629,Благоевград,Благоевград,5103,840768.37,0.00,0.00,147544.16,0.00,0.00,0.00,147544.16
OP-24.001-1630,Благоевград,Благоевград,5103,679609.17,0.00,0.00,0.00,0.00,0.00,0.00,0
OP-24.001-1631,Благоевград,Благоевград,5103,163153.24,0.00,0.00,0.00,0.00,0.00,0.00,0
OP-24.001-1632,Благоевград,Благоевград,5103,414248.68,0.00,39935.90,299106.13,167324.90,0.00,0.00,131781.23
OP-24.001-1633,Благоевград,Благоевград,5103,0.00,0.00,0.00,0.00,0.00,0.00,0.00,0
OP-24.001-1634,Благоевград,Благоевград,5103,30575.25,0.00,0.00,27538.72,0.00,0.00,0.00,27538.72
OP-24.001-1635,Благоевград,Благоевград,5103,30677.51,0.00,0.00,0.00,0.00,0.00,0.00,0
OP-24.001-1636,Благоевград,Благоевград,5103,0.00,0.00,0.00,0.00,0.00,0.00,0.00,0
OP-24.001-1638,Благоевград,Благоевград,5103,102258.38,0.00,0.00,0.00,0.00,0.00,0.00,0
OP-24.001-1641,Благоевград,Благоевград,5103,35790.43,0.00,17895.22,0.00,0.00,0.00,0.00,0
OP-24.001-1642,Благоевград,Благоевград,5103,12782.30,0.00,0.00,0.00,0.00,0.00,0.00,0
OP-24.001-1643,Благоевград,Благоевград,5103,15338.76,0.00,7669.38,0.00,0.00,0.00,0.00,0
OP-24.001-1645,Благоевград,Благоевград,5103,20451.68,0.00,0.00,0.00,0.00,0.00,0.00,0
OP-24.001-1646,Благоевград,Благоевград,5103,25564.59,0.00,0.00,0.00,0.00,0.00,0.00,0
OP-24.001-1648,Благоевград,Благоевград,5103,20451.68,0.00,10225.84,0.00,0.00,0.00,0.00,0
OP-24.001-1649,Благоевград,Благоевград,5103,51129.19,0.00,25564.59,0.00,0.00,0.00,0.00,0
OP-24.001-1650,Благоевград,Благоевград,5103,25564.59,0.00,12782.30,0.00,0.00,0.00,0.00,0
OP-24.001-1654,Благоевград,Благоевград,5103,15338.76,0.00,7669.38,0.00,0.00,0.00,0.00,0
OP-24.001-1661,Благоевград,Гоце Делчев,5104,0.00,0.00,0.00,0.00,0.00,0.00,0.00,0
OP-24.001-1662,Благоевград,Гоце Делчев,5104,0.00,0.00,0.00,0.00,0.00,0.00,0.00,0
OP-24.001-1663,Благоевград,Гоце Делчев,5104,0.00,0.00,0.00,0.00,0.00,0.00,0.00,0
OP-24.001-1664,Благоевград,Гоце Делчев,5104,260758.86,0.00,0.00,0.00,0.00,0.00,0.00,0
OP-24.001-1665,Благоевград,Гоце Делчев,5104,873797.82,0.00,0.00,0.00,0.00,0.00,0.00,0
OP-24.001-1666,Благоевград,Гоце Делчев,5104,547082.31,0.00,4785.70,529709.67,238483.57,291226.10,0.00,0
OP-24.001-1667,Благоевград,Гоце Делчев,5104,536856.48,0.00,0.00,0.00,0.00,0.00,0.00,0
OP-24.001-1668,Благоевград,Гоце Делчев,5104,107371.30,0.00,12889.41,92051.04,46025.52,0.00,0.00,46025.52
OP-24.001-1669,Благоевград,Гърмен,5105,1533875.64,0.00,800642.53,688818.46,688818.46,0.00,0.00,0
OP-24.001-1670,Благоевград,Гърмен,5105,715808.63,0.00,0.00,148274.65,148274.65,0.00,0.00,0
OP-24.001-1671,Благоевград,Гърмен,5105,679506.91,0.00,0.00,611556.22,611556.22,0.00,0.00,0
OP-24.001-1672,Благоевград,Петрич,5107,486545.35,0.00,0.00,95979.37,0.00,0.00,0.00,95979.37
OP-24.001-1673,Благоевград,Разлог,5108,1130466.35,0.00,0.00,494214.73,494214.73,0.00,0.00,0
OP-24.001-1675,Благоевград,Сатовча,5110,92032.54,0.00,0.00,80375.09,80375.09,0.00,0.00,0
OP-24.001-1676,Благоевград,Сатовча,5110,419259.34,0.00,0.00,369664.78,369664.78,0.00,0.00,0
OP-24.001-1677,Благоевград,Сатовча,5110,332339.72,0.00,0.00,294949.19,294949.19,0.00,0.00,0
OP-24.001-1678,Благоевград,Сатовча,5110,76693.78,0.00,0.00,0.00,0.00,0.00,0.00,0
OP-24.001-1679,Благоевград,Сатовча,5110,204516.75,0.00,0.00,0.00,0.00,0.00,0.00,0
OP-24.001-1680,Благоевград,Сатовча,5110,48572.73,0.00,0.00,3067.75,3067.75,0.00,0.00,0
OP-24.001-1681,Благоевград,Сатовча,5110,46016.27,0.00,0.00,40417.62,40417.62,0.00,0.00,0
OP-24.001-1682,Благоевград,Сатовча,5110,43459.81,0.00,0.00,0.00,0.00,0.00,0.00,0
OP-24.001-1683,Благоевград,Сатовча,5110,61355.03,0.00,0.00,53636.56,53636.56,0.00,0.00,0
OP-24.001-1684,Благоевград,Сатовча,5110,81806.70,0.00,0.00,71411.72,71411.72,0.00,0.00,0
OP-24.001-1685,Благоевград,Якоруда,5114,657010.07,0.00,0.00,656398.04,656398.04,0.00,0.00,0
OP-24.001-1686,Благоевград,Якоруда,5114,155944.02,0.00,0.00,155915.43,155915.43,0.00,0.00,0
OP-24.001-1687,Благоевград,Якоруда,5114,2254797.20,0.00,0.00,2231367.56,2231367.56,0.00,0.00,0
OP-24.001-2355,Благоевград,Банско,5101,888983.19,0.00,0.00,401331.88,0.00,384884.85,0.00,16447.03
OP-24.001-2698,Благоевград,Банско,5101,332186.34,0.00,0.00,143034.85,0.00,143034.85,0.00,0
OP-24.001-2700,Благоевград,Кресна,5106,4038081.02,0.00,0.00,176218.77,0.00,0.00,0.00,176218.77
OP-24.001-2701,Благоевград,Кресна,5106,3761369.85,0.00,2100196.25,912656.00,0.00,0.00,0.00,912656.00
OP-24.001-2702,Благоевград,Сандански,5109,2525014.96,0.00,0.00,203225.55,0.00,0.00,0.00,203225.55
OP-24.001-2703,Благоевград,Сандански,5109,4238967.60,0.00,0.00,185651.28,0.00,0.00,0.00,185651.28
OP-24.001-2704,Благоевград,Сатовча,5110,889136.58,0.00,0.00,0.00,0.00,0.00,0.00,0
OP-24.001-2705,Благоевград,Сатовча,5110,407499.63,0.00,0.00,0.00,0.00,0.00,0.00,0
OP-24.001-2706,Благоевград,Сатовча,5110,365062.40,0.00,0.00,0.00,0.00,0.00,0.00,0
OP-25.001-0001,Благоевград,Благоевград,5103,0.00,0.00,0.00,0.00,0.00,0.00,0.00,0
OP-25.001-0002,Благоевград,Благоевград,5103,0.00,0.00,0.00,0.00,0.00,0.00,0.00,0
OP-25.001-0003,Благоевград,Хаджидимово,5113,0.00,0.00,0.00,0.00,0.00,0.00,0.00,0
OP-25.001-0004,Благоевград,Хаджидимово,5113,0.00,0.00,0.00,0.00,0.00,0.00,0.00,0
OP-25.001-0007,Благоевград,Якоруда,5114,1198979.46,0.00,0.00,0.00,0.00,0.00,0.00,0
OP-25.001-0008,Благоевград,Якоруда,5114,1145293.81,0.00,0.00,0.00,0.00,0.00,0.00,0
OP-25.001-0010,Благоевград,Якоруда,5114,104303.54,0.00,0.00,0.00,0.00,0.00,0.00,0
OP-25.001-0011,Благоевград,Якоруда,5114,52151.77,0.00,0.00,0.00,0.00,0.00,0.00,0
OP-25.001-0014,Благоевград,Якоруда,5114,521517.72,0.00,0.00,0.00,0.00,0.00,0.00,0
OP-25.001-0015,Благоевград,Якоруда,5114,1043035.44,0.00,0.00,0.00,0.00,0.00,0.00,0
OP-25.001-0071,Благоевград,Гърмен,5105,2092871.06,0.00,0.00,418594.66,418594.66,0.00,0.00,0
OP-25.001-0088,Благоевград,Белица,5102,797615.33,0.00,0.00,701925.66,701925.66,0.00,0.00,0
OP-25.001-0117,Благоевград,Гоце Делчев,5104,127822.97,0.00,0.00,0.00,0.00,0.00,0.00,0
OP-25.001-0134,Благоевград,Белица,5102,2658717.78,0.00,0.00,0.00,0.00,0.00,0.00,0
OP-25.001-0135,Благоевград,Белица,5102,3655736.95,0.00,0.00,0.00,0.00,0.00,0.00,0
OP-25.001-0136,Благоевград,Белица,5102,664679.45,0.00,0.00,0.00,0.00,0.00,0.00,0
OP-25.001-0137,Благоевград,Белица,5102,168215.03,0.00,0.00,0.00,0.00,0.00,0.00,0
OP-25.001-0194,Благоевград,Белица,5102,522029.01,0.00,0.00,0.00,0.00,0.00,0.00,0
OP-25.001-0195,Благоевград,Благоевград,5103,0.00,0.00,0.00,0.00,0.00,0.00,0.00,0
OP-25.001-0196,Благоевград,Благоевград,5103,0.00,0.00,0.00,0.00,0.00,0.00,0.00,0
OP-25.001-0197,Благоевград,Благоевград,5103,0.00,0.00,0.00,0.00,0.00,0.00,0.00,0
OP-25.001-0198,Благоевград,Благоевград,5103,0.00,0.00,0.00,0.00,0.00,0.00,0.00,0
OP-25.001-0199,Благоевград,Гоце Делчев,5104,0.00,0.00,0.00,0.00,0.00,0.00,0.00,0
OP-25.001-0200,Благоевград,Гоце Делчев,5104,291436.37,0.00,0.00,0.00,0.00,0.00,0.00,0
OP-25.001-0201,Благоевград,Гоце Делчев,5104,132935.89,0.00,0.00,80630.63,0.00,80630.63,0.00,0
OP-25.001-0202,Благоевград,Гоце Делчев,5104,145206.89,0.00,0.00,0.00,0.00,0.00,0.00,0
OP-25.001-0203,Благоевград,Гърмен,5105,0.00,0.00,0.00,0.00,0.00,0.00,0.00,0
OP-25.001-0204,Благоевград,Кресна,5106,13907139.17,0.00,0.00,76693.78,0.00,0.00,0.00,76693.78
OP-25.001-0205,Благоевград,Петрич,5107,0.00,0.00,0.00,0.00,0.00,0.00,0.00,0
OP-25.001-0206,Благоевград,Петрич,5107,0.00,0.00,0.00,0.00,0.00,0.00,0.00,0
OP-25.001-0207,Благоевград,Петрич,5107,0.00,0.00,0.00,0.00,0.00,0.00,0.00,0
OP-25.001-0208,Благоевград,Петрич,5107,0.00,0.00,0.00,0.00,0.00,0.00,0.00,0
OP-25.001-0209,Благоевград,Симитли,5111,0.00,0.00,0.00,0.00,0.00,0.00,0.00,0
OP-25.001-0210,Благоевград,Якоруда,5114,460162.69,0.00,300035.94,85724.55,0.00,0.00,0.00,85724.55
OP-25.001-0211,Благоевград,Якоруда,5114,1613125.89,0.00,0.00,0.00,0.00,0.00,0.00,0
OP-25.001-0212,Благоевград,Якоруда,5114,1073712.95,0.00,0.00,0.00,0.00,0.00,0.00,0
OP-25.001-0213,Благоевград,Якоруда,5114,1298681.38,0.00,0.00,0.00,0.00,0.00,0.00,0
OP-25.001-0214,Благоевград,Якоруда,5114,825225.10,0.00,0.00,0.00,0.00,0.00,0.00,0
OP-25.001-0215,Благоевград,Якоруда,5114,511291.88,0.00,0.00,0.00,0.00,0.00,0.00,0
OP-25.001-0216,Благоевград,Якоруда,5114,173839.24,0.00,0.00,0.00,0.00,0.00,0.00,0
OP-25.001-0217,Благоевград,Якоруда,5114,766937.82,0.00,0.00,0.00,0.00,0.00,0.00,0
OP-25.001-0758,Благоевград,Сандански,5109,0.00,0.00,0.00,0.00,0.00,0.00,0.00,0
OP-25.001-0759,Благоевград,Гоце Делчев,5104,214742.59,0.00,0.00,0.00,0.00,0.00,0.00,0
OP-25.001-0760,Благоевград,Сатовча,5110,0.00,0.00,0.00,0.00,0.00,0.00,0.00,0
OP-25.001-0761,Благоевград,Сатовча,5110,0.00,0.00,0.00,0.00,0.00,0.00,0.00,0
OP-25.001-0762,Благоевград,Сатовча,5110,0.00,0.00,0.00,0.00,0.00,0.00,0.00,0
OP-25.001-0763,Благоевград,Сатовча,5110,0.00,0.00,0.00,0.00,0.00,0.00,0.00,0
OP-25.001-0764,Благоевград,Сатовча,5110,0.00,0.00,0.00,0.00,0.00,0.00,0.00,0
OP-24.001-0123,Бургас,Айтос,5201,3318693.34,0.00,0.00,2453314.47,1137249.16,0.00,0.00,1316065.31
OP-24.001-0124,Бургас,Айтос,5201,3105689.14,0.00,0.00,2665706.47,612358.27,0.00,0.00,2053348.20
OP-24.001-0125,Бургас,Айтос,5201,3634058.17,1149625.03,0.00,1827533.97,677908.94,0.00,0.00,1149625.03
OP-24.001-0126,Бургас,Айтос,5201,2539331.13,0.00,0.00,1753012.27,13648.42,0.00,0.00,1739363.85
OP-24.001-0127,Бургас,Айтос,5201,1054283.86,0.00,0.00,1054043.17,1054043.17,0.00,0.00,0
OP-24.001-0128,Бургас,Айтос,5201,816533.13,0.00,0.00,816278.45,816278.45,0.00,0.00,0
OP-24.001-0129,Бургас,Бургас,5202,24673361.18,0.00,1574.68,11435669.57,0.00,0.00,0.00,11435669.57
OP-24.001-0130,Бургас,Бургас,5202,4192593.43,0.00,0.00,3631557.43,1803329.97,0.00,0.00,1828227.46
OP-24.001-0131,Бургас,Бургас,5202,3655736.95,0.00,0.00,3603206.37,3277849.69,325356.68,0.00,0
OP-24.001-0132,Бургас,Бургас,5202,3466558.95,0.00,0.00,3429664.98,3116529.33,0.00,0.00,313135.65
OP-24.001-0133,Бургас,Бургас,5202,3246703.45,0.00,0.00,3246647.83,2658114.15,0.00,0.00,588533.68
OP-24.001-0134,Бургас,Бургас,5202,2321571.92,0.00,0.00,2281135.14,1891606.54,0.00,0.00,389528.60
OP-24.001-0135,Бургас,Бургас,5202,2454201.03,0.00,0.00,2013419.11,1981269.54,0.00,0.00,32149.57
OP-24.001-0136,Бургас,Бургас,5202,1832061.07,793651.34,290476.96,475669.95,0.00,0.00,0.00,475669.95
OP-24.001-0137,Бургас,Бургас,5202,1674992.20,0.00,55942.01,1318321.38,255150.74,0.00,0.00,1063170.64
OP-24.001-0138,Бургас,Бургас,5202,1175971.33,0.00,0.00,964373.93,952188.30,12185.63,0.00,0
OP-24.001-0139,Бургас,Бургас,5202,21866215.37,7416027.98,0.00,4892217.95,466708.33,197218.96,0.00,4228290.66
OP-24.001-0140,Бургас,Бургас,5202,524585.47,0.00,0.00,8091.59,0.00,0.00,0.00,8091.59
OP-24.001-0141,Бургас,Бургас,5202,1533875.64,0.00,0.00,873179.60,0.00,0.00,0.00,873179.60
OP-24.001-0142,Бургас,Бургас,5202,1922457.47,0.00,0.00,1922457.95,1648650.42,91269.18,0.00,182538.35
OP-24.001-0143,Бургас,Бургас,5202,2577984.79,18201.99,0.00,2559782.52,2156447.04,0.00,0.00,403335.48
OP-24.001-0144,Бургас,Бургас,5202,0.00,0.00,0.00,0.00,0.00,0.00,0.00,0
OP-24.001-0145,Бургас,Бургас,5202,2832557.02,0.00,10378.79,2538366.53,0.00,0.00,0.00,2538366.53
OP-24.001-0146,Бургас,Бургас,5202,1499261.18,0.00,0.00,227904.56,0.00,0.00,0.00,227904.56
OP-24.001-0147,Бургас,Бургас,5202,1365149.32,0.00,0.00,1222781.16,1222781.16,0.00,0.00,0
OP-24.001-0148,Бургас,Бургас,5202,1193201.86,0.00,282876.16,742259.54,0.00,0.00,0.00,742259.54
OP-24.001-0149,Бургас,Бургас,5202,1153014.32,0.00,0.00,221671.26,0.00,17547.35,0.00,204123.91
OP-24.001-0151,Бургас,Бургас,5202,872877.50,0.00,0.00,685707.31,680660.58,5046.73,0.00,0
OP-24.001-0152,Бургас,Бургас,5202,0.00,0.00,0.00,0.00,0.00,0.00,0.00,0
OP-24.001-0155,Бургас,Бургас,5202,1242439.27,0.00,0.00,272027.73,0.00,0.00,0.00,272027.73
OP-24.001-0157,Бургас,Камено,5203,5804952.37,0.00,0.00,3238113.74,524745.42,0.00,0.00,2713368.32
OP-24.001-0158,Бургас,Камено,5203,2957005.47,0.00,0.01,2921954.14,2642063.28,0.00,0.00,279890.86
OP-24.001-0159,Бургас,Карнобат,5204,920325.39,0.00,0.00,804569.02,190150.62,614418.40,0.00,0
OP-24.001-0160,Бургас,Карнобат,5204,460162.69,0.00,0.00,235825.26,235825.26,0.00,0.00,0
OP-24.001-0161,Бургас,Малко Търново,5205,1815597.47,0.00,19.01,1503993.78,752006.40,0.00,0.00,751987.38
OP-24.001-0162,Бургас,Малко Търново,5205,736260.31,0.00,0.00,447407.36,0.00,0.00,0.00,447407.36
OP-24.001-0163,Бургас,Малко Търново,5205,630934.18,0.00,0.00,368126.60,0.00,0.00,0.00,368126.60
OP-24.001-0164,Бургас,Малко Търново,5205,422429.35,0.00,0.00,0.00,0.00,0.00,0.00,0
OP-24.001-0166,Бургас,Несебър,5206,1746061.77,0.00,0.00,1304618.01,1303084.13,1533.88,0.00,0
OP-24.001-0167,Бургас,Несебър,5206,1400939.75,0.00,0.00,1162070.35,248754.55,0.00,0.00,913315.80
OP-24.001-0168,Бургас,Поморие,5207,10723324.62,4428338.08,0.00,600447.60,142343.66,0.00,0.00,458103.94
OP-24.001-0169,Бургас,Поморие,5207,2618325.72,0.00,0.00,0.00,0.00,0.00,0.00,0
OP-24.001-0170,Бургас,Поморие,5207,2605032.13,1019164.79,0.00,1056740.12,1056740.12,0.00,0.00,0
OP-24.001-0171,Бургас,Поморие,5207,792502.42,0.00,0.00,775831.88,431472.05,0.00,0.00,344359.83
OP-24.001-0177,Бургас,Приморско,5208,1611080.72,0.00,0.00,0.00,0.00,0.00,0.00,0
OP-24.001-0178,Бургас,Приморско,5208,1839628.19,0.00,0.00,357800.08,0.00,0.00,0.00,357800.08
OP-24.001-0179,Бургас,Руен,5209,2708773.26,0.00,15252.86,2539927.35,2539927.35,0.00,0.00,0
OP-24.001-0181,Бургас,Руен,5209,312706.11,0.00,0.00,0.00,0.00,0.00,0.00,0
OP-24.001-0182,Бургас,Созопол,5210,5456506.96,0.00,0.00,1027020.84,0.00,0.00,0.00,1027020.84
OP-24.001-0183,Бургас,Созопол,5210,1051113.85,0.00,0.00,1046173.08,997102.74,0.00,0.00,49070.34
OP-24.001-0184,Бургас,Средец,5211,1175255.52,0.00,0.00,1155174.97,1053072.08,0.00,0.00,102102.89
OP-24.001-0185,Бургас,Средец,5211,919865.22,0.00,88692.26,814152.01,813845.23,0.00,0.00,306.78
OP-24.001-0186,Бургас,Средец,5211,206510.79,0.00,0.00,165000.76,165000.76,0.00,0.00,0
OP-24.001-0187,Бургас,Сунгурларе,5212,3576384.45,0.00,0.00,3217445.43,3217445.43,0.00,0.00,0
OP-24.001-0188,Бургас,Сунгурларе,5212,2747938.22,0.00,0.00,2339427.37,2281831.36,0.00,0.00,57596.01
OP-24.001-0189,Бургас,Сунгурларе,5212,1030099.75,0.00,0.00,901641.79,901641.79,0.00,0.00,0
OP-24.001-0190,Бургас,Сунгурларе,5212,312706.11,0.00,0.00,276754.86,267827.28,0.00,0.00,8927.58
OP-24.001-0191,Бургас,Царево,5213,4090335.05,0.00,0.00,815036.07,0.00,0.00,0.00,815036.07
OP-24.001-0192,Бургас,Царево,5213,5473379.59,0.00,400506.34,4514798.74,2912773.38,0.00,0.00,1602025.36
OP-24.001-0193,Бургас,Царево,5213,1171880.99,0.00,0.00,878910.74,537112.12,341798.62,0.00,0
OP-24.001-0194,Бургас,Царево,5213,102258.38,0.00,0.00,0.00,0.00,0.00,0.00,0
OP-24.001-1688,Бургас,Бургас,5202,0.00,0.00,0.00,0.00,0.00,0.00,0.00,0
OP-24.001-1689,Бургас,Бургас,5202,869196.20,0.00,0.00,767446.41,767446.41,0.00,0.00,0
OP-24.001-1690,Бургас,Бургас,5202,715808.63,0.00,0.00,715466.61,0.00,715466.61,0.00,0
OP-24.001-1691,Бургас,Бургас,5202,1350782.02,61643.59,0.00,1286657.78,0.00,0.00,0.00,1286657.78
OP-24.001-1692,Бургас,Карнобат,5204,1967451.16,0.00,0.00,236345.29,0.00,236345.29,0.00,0
OP-24.001-1693,Бургас,Карнобат,5204,2166343.70,0.00,137546.30,1443712.73,263543.17,0.00,0.00,1180169.56
OP-24.001-1694,Бургас,Карнобат,5204,1228634.39,0.00,0.00,910456.36,910456.36,0.00,0.00,0
OP-24.001-1695,Бургас,Несебър,5206,2709846.97,0.00,0.00,2417353.49,570975.83,0.00,0.00,1846377.66
OP-24.001-1696,Бургас,Несебър,5206,2438862.27,0.00,0.00,2415771.38,2146156.26,0.00,0.00,269615.12
OP-24.001-1697,Бургас,Несебър,5206,4933966.65,0.00,0.00,1045242.73,966806.47,0.00,0.00,78436.26
OP-24.001-1698,Бургас,Несебър,5206,516404.80,0.00,446960.00,6810.41,0.00,6810.41,0.00,0
OP-24.001-1699,Бургас,Несебър,5206,283920.38,0.00,0.00,3435.88,0.00,3435.88,0.00,0
OP-24.001-1700,Бургас,Несебър,5206,306775.13,0.00,0.00,240399.07,0.00,6268.03,0.00,234131.04
OP-24.001-1701,Бургас,Несебър,5206,102258.38,0.00,0.00,2380.40,0.00,2380.40,0.00,0
OP-24.001-1702,Бургас,Несебър,5206,173839.24,0.00,0.00,2880.00,0.00,2880.00,0.00,0
OP-24.001-1703,Бургас,Несебър,5206,50617.90,1472.38,0.00,0.00,0.00,0.00,0.00,0
OP-24.001-1704,Бургас,Несебър,5206,42334.97,0.00,0.00,1231.49,820.99,410.50,0.00,0
OP-24.001-1705,Бургас,Несебър,5206,36301.72,0.00,0.00,32752.99,1056.55,31696.44,0.00,0
OP-24.001-1706,Бургас,Несебър,5206,50515.64,1469.33,0.00,44079.86,0.00,44079.86,0.00,0
OP-24.001-1707,Бургас,Несебър,5206,31188.80,0.00,0.00,907.76,907.76,0.00,0.00,0
OP-24.001-1708,Бургас,Несебър,5206,208607.09,0.00,0.00,5492.71,0.00,5492.71,0.00,0
OP-24.001-1709,Бургас,Несебър,5206,686153.70,14234.36,0.00,0.00,0.00,0.00,0.00,0
OP-24.001-1710,Бургас,Приморско,5208,0.00,0.00,0.00,0.00,0.00,0.00,0.00,0
OP-24.001-1711,Бургас,Приморско,5208,1774694.12,0.00,0.00,0.00,0.00,0.00,0.00,0
OP-24.001-1712,Бургас,Приморско,5208,1726530.42,649439.52,0.00,239267.19,0.00,0.00,0.00,239267.19
OP-24.001-1713,Бургас,Руен,5209,149246.10,0.00,88582.81,59292.16,0.00,0.00,0.00,59292.16
OP-24.001-1714,Бургас,Созопол,5210,82829.28,21455.03,0.00,13594.49,0.00,0.00,0.00,13594.49
OP-24.001-1715,Бургас,Созопол,5210,37324.31,0.00,0.00,5942.91,0.00,0.00,0.00,5942.91
OP-24.001-1716,Бургас,Созопол,5210,360460.78,10516.25,0.00,0.00,0.00,0.00,0.00,0
OP-24.001-1717,Бургас,Созопол,5210,680018.20,478028.95,0.00,141558.26,0.00,0.00,0.00,141558.26
OP-24.001-1718,Бургас,Средец,5211,1172034.38,0.00,0.00,1028933.81,1027841.18,0.00,0.00,1092.63
OP-24.001-1719,Бургас,Средец,5211,3113358.52,299680.04,0.00,2709382.18,2697120.38,0.00,0.00,12261.80
OP-24.001-2357,Бургас,Карнобат,5204,0.00,0.00,0.00,0.00,0.00,0.00,0.00,0
OP-24.001-2358,Бургас,Карнобат,5204,0.00,0.00,0.00,0.00,0.00,0.00,0.00,0
OP-24.001-2359,Бургас,Карнобат,5204,513439.31,94697.80,0.00,0.00,0.00,0.00,0.00,0
OP-24.001-2360,Бургас,Карнобат,5204,1191821.38,0.00,0.00,0.00,0.00,0.00,0.00,0
OP-24.001-2361,Бургас,Карнобат,5204,345122.02,61409.80,0.00,0.00,0.00,0.00,0.00,0
OP-24.001-2362,Бургас,Карнобат,5204,0.00,0.00,0.00,0.00,0.00,0.00,0.00,0
OP-24.001-2363,Бургас,Средец,5211,1082353.78,0.00,0.95,600107.64,0.00,0.00,0.00,600107.64
OP-24.001-2364,Бургас,Царево,5213,41977.06,0.00,0.00,20451.68,0.00,0.00,0.00,20451.68
OP-24.001-2365,Бургас,Царево,5213,34154.30,0.00,0.00,16616.99,0.00,0.00,0.00,16616.99
OP-24.001-2366,Бургас,Царево,5213,0.00,0.00,0.00,0.00,0.00,0.00,0.00,0
OP-24.001-2367,Бургас,Царево,5213,26382.66,0.00,0.00,12782.30,0.00,0.00,0.00,12782.30
OP-24.001-2368,Бургас,Царево,5213,30677.51,0.00,0.00,15031.98,0.00,0.00,0.00,15031.98
OP-24.001-2369,Бургас,Царево,5213,30677.51,0.00,0.00,15031.98,0.00,0.00,0.00,15031.98
OP-24.001-2370,Бургас,Царево,5213,16003.44,0.00,0.00,7669.38,0.00,0.00,0.00,7669.38
OP-24.001-2707,Бургас,Камено,5203,2546795.99,0.00,0.00,2542705.11,2260623.52,0.00,0.00,282081.59
OP-24.001-2708,Бургас,Карнобат,5204,0.00,0.00,0.00,0.00,0.00,0.00,0.00,0
OP-24.001-2709,Бургас,Карнобат,5204,0.00,0.00,0.00,0.00,0.00,0.00,0.00,0
OP-24.001-2710,Бургас,Карнобат,5204,0.00,0.00,0.00,0.00,0.00,0.00,0.00,0
OP-24.001-2711,Бургас,Карнобат,5204,0.00,0.00,0.00,0.00,0.00,0.00,0.00,0
OP-24.001-2712,Бургас,Карнобат,5204,0.00,0.00,0.00,0.00,0.00,0.00,0.00,0
OP-24.001-2713,Бургас,Карнобат,5204,0.00,0.00,0.00,0.00,0.00,0.00,0.00,0
OP-24.001-2714,Бургас,Карнобат,5204,0.00,0.00,0.00,0.00,0.00,0.00,0.00,0
OP-24.001-2715,Бургас,Карнобат,5204,0.00,0.00,0.00,0.00,0.00,0.00,0.00,0
OP-24.001-2716,Бургас,Малко Търново,5205,0.00,0.00,0.00,0.00,0.00,0.00,0.00,0
OP-24.001-2717,Бургас,Малко Търново,5205,0.00,0.00,0.00,0.00,0.00,0.00,0.00,0
OP-24.001-2718,Бургас,Малко Търново,5205,0.00,0.00,0.00,0.00,0.00,0.00,0.00,0
OP-24.001-2719,Бургас,Малко Търново,5205,0.00,0.00,0.00,0.00,0.00,0.00,0.00,0
OP-24.001-2720,Бургас,Приморско,5208,0.00,0.00,0.00,0.00,0.00,0.00,0.00,0
OP-25.001-0016,Бургас,Айтос,5201,0.00,0.00,0.00,0.00,0.00,0.00,0.00,0
OP-25.001-0139,Бургас,Поморие,5207,1240547.49,464707.39,0.00,0.00,0.00,0.00,0.00,0
OP-25.001-0218,Бургас,Айтос,5201,0.00,0.00,0.00,0.00,0.00,0.00,0.00,0
OP-25.001-0219,Бургас,Бургас,5202,0.00,0.00,0.00,0.00,0.00,0.00,0.00,0
OP-25.001-0220,Бургас,Бургас,5202,0.00,0.00,0.00,0.00,0.00,0.00,0.00,0
OP-25.001-0221,Бургас,Бургас,5202,0.00,0.00,0.00,0.00,0.00,0.00,0.00,0
OP-25.001-0222,Бургас,Карнобат,5204,0.00,0.00,0.00,0.00,0.00,0.00,0.00,0
OP-25.001-0223,Бургас,Карнобат,5204,0.00,0.00,0.00,0.00,0.00,0.00,0.00,0
OP-25.001-0224,Бургас,Приморско,5208,0.00,0.00,0.00,0.00,0.00,0.00,0.00,0
OP-25.001-0225,Бургас,Руен,5209,0.00,0.00,0.00,0.00,0.00,0.00,0.00,0
OP-25.001-0226,Бургас,Руен,5209,0.00,0.00,0.00,0.00,0.00,0.00,0.00,0
OP-25.001-0227,Бургас,Руен,5209,0.00,0.00,0.00,0.00,0.00,0.00,0.00,0
OP-25.001-0228,Бургас,Руен,5209,0.00,0.00,0.00,0.00,0.00,0.00,0.00,0
OP-25.001-0229,Бургас,Руен,5209,0.00,0.00,0.00,0.00,0.00,0.00,0.00,0
OP-25.001-0230,Бургас,Созопол,5210,0.00,0.00,0.00,0.00,0.00,0.00,0.00,0
OP-25.001-0231,Бургас,Средец,5211,0.00,0.00,0.00,0.00,0.00,0.00,0.00,0
OP-25.001-0232,Бургас,Средец,5211,0.00,0.00,0.00,0.00,0.00,0.00,0.00,0
OP-25.001-0233,Бургас,Средец,5211,0.00,0.00,0.00,0.00,0.00,0.00,0.00,0
OP-25.001-0234,Бургас,Средец,5211,0.00,0.00,0.00,0.00,0.00,0.00,0.00,0
OP-25.001-0235,Бургас,Средец,5211,0.00,0.00,0.00,0.00,0.00,0.00,0.00,0
OP-25.001-0236,Бургас,Сунгурларе,5212,0.00,0.00,0.00,0.00,0.00,0.00,0.00,0
OP-25.001-0237,Бургас,Царево,5213,0.00,0.00,0.00,0.00,0.00,0.00,0.00,0
OP-24.001-0196,Варна,Аврен,5301,2327554.03,0.00,0.00,2237453.82,2237453.82,0.00,0.00,0
OP-24.001-0197,Варна,Аврен,5301,1507288.47,0.00,0.00,1506700.76,1506700.76,0.00,0.00,0
OP-24.001-0198,Варна,Аврен,5301,2335836.96,1042832.68,0.00,1061239.18,0.00,0.00,0.00,1061239.18
OP-24.001-0199,Варна,Аксаково,5302,3861873.48,0.00,0.00,3149641.17,3149641.17,0.00,0.00,0
OP-24.001-0200,Варна,Аксаково,5302,3357851.41,0.00,28.65,2874132.87,1732910.80,0.00,0.00,1141222.07
OP-24.001-0201,Варна,Аксаково,5302,4045597.01,1730375.20,209.57,1730165.63,0.00,0.00,0.00,1730165.63
OP-24.001-0202,Варна,Аксаково,5302,970585.38,0.00,0.00,897854.54,448927.27,0.00,0.00,448927.27
OP-24.001-0203,Варна,Белослав,5303,947526.11,0.00,0.00,946770.76,946770.76,0.00,0.00,0
OP-24.001-0204,Варна,Белослав,5303,492067.31,0.00,0.00,487346.30,487346.30,0.00,0.00,0
OP-24.001-0205,Варна,Белослав,5303,365880.47,0.00,0.00,304884.88,274411.88,30473.00,0.00,0
OP-24.001-0206,Варна,Бяла,5304,1140845.57,43924.79,0.00,863697.71,199259.71,0.00,0.00,664438.00
OP-24.001-0207,Варна,Бяла,5304,833405.77,0.00,101238.94,561981.33,149768.31,256725.98,0.00,155487.04
OP-24.001-0208,Варна,Бяла,5304,561398.49,0.00,0.00,549306.80,106374.64,0.00,0.00,442932.16
OP-24.001-0209,Варна,Бяла,5304,553268.95,0.00,0.00,469689.64,403065.13,22172.29,0.00,44452.22
OP-24.001-0210,Варна,Бяла,5304,588905.99,0.00,0.00,534095.80,283241.44,25085.33,0.00,225769.03
OP-24.001-0211,Варна,Бяла,5304,539924.23,172803.57,70092.88,202733.83,0.00,0.00,0.00,202733.83
OP-24.001-0212,Варна,Бяла,5304,317000.97,0.00,0.00,250462.78,238754.20,0.00,0.00,11708.58
OP-24.001-0213,Варна,Бяла,5304,311888.05,0.00,0.00,250625.80,238917.22,0.00,0.00,11708.58
OP-24.001-0214,Варна,Бяла,5304,296549.29,0.00,0.00,276483.48,146844.75,0.00,0.00,129638.73
OP-24.001-0215,Варна,Бяла,5304,76693.78,2519.61,0.00,70110.50,70110.50,0.00,0.00,0
OP-24.001-0216,Варна,Варна,5305,11234821.02,0.00,1684798.83,6367946.68,5022142.36,0.00,0.00,1345804.32
OP-24.001-0217,Варна,Варна,5305,5123809.33,0.00,68526.63,4392748.08,2755482.25,0.00,0.00,1637265.83
OP-24.001-0219,Варна,Варна,5305,0.00,0.00,0.00,0.00,0.00,0.00,0.00,0
OP-24.001-0220,Варна,Варна,5305,38228271.37,0.00,0.00,0.00,0.00,0.00,0.00,0
OP-24.001-0222,Варна,Варна,5305,886426.73,0.00,512372.21,215637.15,0.00,0.00,0.00,215637.15
OP-24.001-0223,Варна,Варна,5305,5726469.07,0.00,0.00,0.00,0.00,0.00,0.00,0
OP-24.001-0224,Варна,Варна,5305,1147696.89,166535.61,0.00,0.00,0.00,0.00,0.00,0
OP-24.001-0226,Варна,Варна,5305,986895.59,181231.60,0.00,0.00,0.00,0.00,0.00,0
OP-24.001-0227,Варна,Варна,5305,1247296.54,0.00,33338.18,583281.68,0.00,0.00,0.00,583281.68
OP-24.001-0229,Варна,Варна,5305,3177679.04,0.00,0.00,0.00,0.00,0.00,0.00,0
OP-24.001-0231,Варна,Варна,5305,2129019.39,0.00,0.00,38997.25,0.00,0.00,0.00,38997.25
OP-24.001-0236,Варна,Варна,5305,2240992.32,19326.84,0.00,0.00,0.00,0.00,0.00,0
OP-24.001-0239,Варна,Варна,5305,278142.78,0.00,0.00,0.00,0.00,0.00,0.00,0
OP-24.001-0240,Варна,Варна,5305,0.00,0.00,0.00,0.00,0.00,0.00,0.00,0
OP-24.001-0243,Варна,Варна,5305,132935.89,0.00,0.00,0.00,0.00,0.00,0.00,0
OP-24.001-0245,Варна,Варна,5305,120153.59,0.00,0.00,119470.51,0.00,119470.51,0.00,0
OP-24.001-0246,Варна,Варна,5305,306775.13,0.00,0.00,0.00,0.00,0.00,0.00,0
OP-24.001-0253,Варна,Варна,5305,442420.87,0.00,0.00,0.00,0.00,0.00,0.00,0
OP-24.001-0256,Варна,Варна,5305,306775.13,0.00,0.00,0.00,0.00,0.00,0.00,0
OP-24.001-0260,Варна,Варна,5305,76693.78,0.00,0.00,0.00,0.00,0.00,0.00,0
OP-24.001-0262,Варна,Варна,5305,1980744.75,0.00,0.00,48157.56,0.00,0.00,0.00,48157.56
OP-24.001-0263,Варна,Варна,5305,28121.05,0.00,0.00,0.00,0.00,0.00,0.00,0
OP-24.001-0267,Варна,Ветрино,5306,6336133.51,1542928.30,0.00,1458511.22,7669.38,0.00,0.00,1450841.84
OP-24.001-0268,Варна,Ветрино,5306,621066.25,0.00,0.00,618244.74,618244.74,0.00,0.00,0
OP-24.001-0269,Варна,Ветрино,5306,292561.21,0.00,0.00,289709.95,289709.95,0.00,0.00,0
OP-24.001-0270,Варна,Ветрино,5306,286425.71,0.00,0.00,285196.42,285196.42,0.00,0.00,0
OP-24.001-0271,Варна,Вълчидол,5307,1352929.45,438128.52,0.00,757637.23,270584.70,0.00,0.00,487052.53
OP-24.001-0272,Варна,Вълчидол,5307,620145.92,60981.89,557826.18,0.00,0.00,0.00,0.00,0
OP-24.001-0274,Варна,Девня,5308,4597229.82,0.00,0.00,3383474.64,3383474.64,0.00,0.00,0
OP-24.001-0275,Варна,Девня,5308,1278229.70,0.00,0.00,1276353.97,701995.80,0.00,0.00,574358.17
OP-24.001-0276,Варна,Девня,5308,2818752.14,0.00,0.00,602564.23,0.00,0.00,0.00,602564.23
OP-24.001-0277,Варна,Девня,5308,2045167.53,488399.68,0.00,659234.37,214921.73,0.00,0.00,444312.64
OP-24.001-0278,Варна,Девня,5308,2147425.90,0.00,11.28,1611462.31,602321.30,0.00,0.00,1009141.01
OP-24.001-0279,Варна,Девня,5308,441858.44,0.00,0.00,0.00,0.00,0.00,0.00,0
OP-24.001-0280,Варна,Девня,5308,281210.53,0.00,0.00,281210.53,0.00,0.00,0.00,281210.53
OP-24.001-0281,Варна,Долни Чифлик,5309,2812105.35,775225.56,0.00,1225269.10,0.00,0.00,0.00,1225269.10
OP-24.001-0282,Варна,Долни Чифлик,5309,1952930.47,0.00,0.00,1006267.81,1006267.81,0.00,0.00,0
OP-24.001-0283,Варна,Долни Чифлик,5309,1730723.02,0.00,0.00,1440838.61,721134.59,0.00,0.00,719704.02
OP-24.001-0284,Варна,Долни Чифлик,5309,1124842.14,0.00,223066.43,0.00,0.00,0.00,0.00,0
OP-24.001-0285,Варна,Дългопол,5310,2077524.63,182865.71,23486.61,1669907.43,0.00,0.00,0.00,1669907.43
OP-24.001-0287,Варна,Дългопол,5310,1041348.17,0.00,0.00,865658.12,865658.12,0.00,0.00,0
OP-24.001-0288,Варна,Дългопол,5310,578782.41,0.00,0.01,574491.44,7603.27,0.00,0.00,566888.17
OP-24.001-0289,Варна,Дългопол,5310,263417.58,0.00,0.00,259719.62,259719.62,0.00,0.00,0
OP-24.001-0290,Варна,Провадия,5311,4072439.83,0.00,1484308.25,1968382.82,0.00,27364.34,0.00,1941018.48
OP-24.001-0291,Варна,Провадия,5311,2911193.71,376320.44,0.00,2338266.89,0.00,2556.46,0.00,2335710.43
OP-24.001-0292,Варна,Суворово,5312,2344273.28,0.00,0.07,1999896.28,7285.91,19556.92,0.00,1973053.45
OP-24.001-0293,Варна,Суворово,5312,1114309.53,0.00,88217.25,982314.98,585505.38,0.00,0.00,396809.60
OP-24.001-0294,Варна,Суворово,5312,168726.32,0.00,0.00,135257.16,67766.63,0.00,0.00,67490.53
OP-24.001-0295,Варна,Суворово,5312,10737.13,0.00,0.00,8691.96,8691.96,0.00,0.00,0
OP-24.001-1720,Варна,Белослав,5303,1067270.67,0.00,0.00,1032903.66,0.00,0.00,0.00,1032903.66
OP-24.001-1721,Варна,Белослав,5303,1610569.43,152976.24,0.00,1387250.90,0.00,698836.80,0.00,688414.10
OP-24.001-1722,Варна,Белослав,5303,629604.82,0.00,0.00,430840.93,5112.92,425728.01,0.00,0
OP-24.001-1723,Варна,Варна,5305,0.00,0.00,0.00,0.00,0.00,0.00,0.00,0
OP-24.001-1726,Варна,Варна,5305,2570775.58,0.00,0.00,27135.49,0.00,0.00,0.00,27135.49
OP-24.001-1734,Варна,Варна,5305,572544.65,0.00,0.00,0.00,0.00,0.00,0.00,0
OP-24.001-1737,Варна,Варна,5305,0.00,0.00,0.00,0.00,0.00,0.00,0.00,0
OP-24.001-1738,Варна,Вълчидол,5307,0.00,0.00,0.00,0.00,0.00,0.00,0.00,0
OP-24.001-1739,Варна,Вълчидол,5307,889852.39,0.00,0.00,0.00,0.00,0.00,0.00,0
OP-24.001-1740,Варна,Дългопол,5310,1155979.81,506846.20,11759.72,524741.42,17895.22,0.00,0.00,506846.20
OP-24.001-1741,Варна,Суворово,5312,182531.20,0.00,66212.30,66212.30,0.00,0.00,0.00,66212.30
OP-24.001-2371,Варна,Бяла,5304,184780.89,0.00,0.00,0.00,0.00,0.00,0.00,0
OP-24.001-2372,Варна,Бяла,5304,122198.76,0.00,0.00,122184.68,0.00,17447.36,0.00,104737.32
OP-24.001-2690,Варна,Варна,5305,0.00,0.00,0.00,0.00,0.00,0.00,0.00,0
OP-24.001-2691,Варна,Варна,5305,0.00,0.00,0.00,0.00,0.00,0.00,0.00,0
OP-24.001-2692,Варна,Варна,5305,0.00,0.00,0.00,0.00,0.00,0.00,0.00,0
OP-24.001-2721,Варна,Аксаково,5302,0.00,0.00,0.00,0.00,0.00,0.00,0.00,0
OP-24.001-2722,Варна,Бяла,5304,0.00,0.00,0.00,0.00,0.00,0.00,0.00,0
OP-24.001-2723,Варна,Бяла,5304,0.00,0.00,0.00,0.00,0.00,0.00,0.00,0
OP-24.001-2724,Варна,Варна,5305,0.00,0.00,0.00,0.00,0.00,0.00,0.00,0
OP-24.001-2725,Варна,Варна,5305,0.00,0.00,0.00,0.00,0.00,0.00,0.00,0
OP-24.001-2726,Варна,Провадия,5311,581492.26,197644.02,197644.02,118890.88,0.00,5951.44,0.00,112939.44
OP-24.001-2727,Варна,Суворово,5312,552553.14,392465.67,8180.67,98116.42,0.00,0.00,0.00,98116.42
OP-24.001-2728,Варна,Суворово,5312,232637.81,0.00,174350.53,0.00,0.00,0.00,0.00,0
OP-24.001-3095,Варна,Аврен,5301,0.00,0.00,0.00,0.00,0.00,0.00,0.00,0
OP-25.001-0017,Варна,Аврен,5301,0.00,0.00,0.00,0.00,0.00,0.00,0.00,0
OP-25.001-0062,Варна,Белослав,5303,0.00,0.00,0.00,0.00,0.00,0.00,0.00,0
OP-25.001-0077,Варна,Аксаково,5302,0.00,0.00,0.00,0.00,0.00,0.00,0.00,0
OP-25.001-0085,Варна,Дългопол,5310,0.00,0.00,0.00,0.00,0.00,0.00,0.00,0
OP-25.001-0091,Варна,Дългопол,5310,0.00,0.00,0.00,0.00,0.00,0.00,0.00,0
OP-25.001-0105,Варна,Ветрино,5306,0.00,0.00,0.00,0.00,0.00,0.00,0.00,0
OP-25.001-0115,Варна,Долни Чифлик,5309,0.00,0.00,0.00,0.00,0.00,0.00,0.00,0
OP-25.001-0118,Варна,Аксаково,5302,2063062.74,0.00,717069.55,246492.66,0.00,0.00,0.00,246492.66
OP-25.001-0140,Варна,Провадия,5311,0.00,0.00,0.00,0.00,0.00,0.00,0.00,0
OP-25.001-0141,Варна,Провадия,5311,0.00,0.00,0.00,0.00,0.00,0.00,0.00,0
OP-25.001-0238,Варна,Аврен,5301,0.00,0.00,0.00,0.00,0.00,0.00,0.00,0
OP-25.001-0239,Варна,Аврен,5301,0.00,0.00,0.00,0.00,0.00,0.00,0.00,0
OP-25.001-0240,Варна,Аврен,5301,0.00,0.00,0.00,0.00,0.00,0.00,0.00,0
OP-25.001-0241,Варна,Аврен,5301,0.00,0.00,0.00,0.00,0.00,0.00,0.00,0
OP-25.001-0242,Варна,Белослав,5303,0.00,0.00,0.00,0.00,0.00,0.00,0.00,0
OP-25.001-0243,Варна,Белослав,5303,0.00,0.00,0.00,0.00,0.00,0.00,0.00,0
OP-25.001-0244,Варна,Белослав,5303,0.00,0.00,0.00,0.00,0.00,0.00,0.00,0
OP-25.001-0245,Варна,Белослав,5303,0.00,0.00,0.00,0.00,0.00,0.00,0.00,0
OP-25.001-0246,Варна,Белослав,5303,0.00,0.00,0.00,0.00,0.00,0.00,0.00,0
OP-25.001-0247,Варна,Белослав,5303,0.00,0.00,0.00,0.00,0.00,0.00,0.00,0
OP-25.001-0248,Варна,Белослав,5303,0.00,0.00,0.00,0.00,0.00,0.00,0.00,0
OP-25.001-0249,Варна,Варна,5305,0.00,0.00,0.00,0.00,0.00,0.00,0.00,0
OP-25.001-0250,Варна,Варна,5305,0.00,0.00,0.00,0.00,0.00,0.00,0.00,0
OP-25.001-0251,Варна,Варна,5305,0.00,0.00,0.00,0.00,0.00,0.00,0.00,0
OP-25.001-0252,Варна,Варна,5305,0.00,0.00,0.00,0.00,0.00,0.00,0.00,0
OP-25.001-0253,Варна,Варна,5305,0.00,0.00,0.00,0.00,0.00,0.00,0.00,0
OP-25.001-0254,Варна,Варна,5305,0.00,0.00,0.00,0.00,0.00,0.00,0.00,0
OP-25.001-0255,Варна,Варна,5305,0.00,0.00,0.00,0.00,0.00,0.00,0.00,0
OP-25.001-0256,Варна,Варна,5305,0.00,0.00,0.00,0.00,0.00,0.00,0.00,0
OP-25.001-0257,Варна,Варна,5305,0.00,0.00,0.00,0.00,0.00,0.00,0.00,0
OP-25.001-0258,Варна,Варна,5305,0.00,0.00,0.00,0.00,0.00,0.00,0.00,0
OP-25.001-0259,Варна,Варна,5305,0.00,0.00,0.00,0.00,0.00,0.00,0.00,0
OP-25.001-0260,Варна,Варна,5305,0.00,0.00,0.00,0.00,0.00,0.00,0.00,0
OP-25.001-0261,Варна,Варна,5305,0.00,0.00,0.00,0.00,0.00,0.00,0.00,0
OP-25.001-0262,Варна,Варна,5305,0.00,0.00,0.00,0.00,0.00,0.00,0.00,0
OP-25.001-0263,Варна,Варна,5305,0.00,0.00,0.00,0.00,0.00,0.00,0.00,0
OP-25.001-0264,Варна,Варна,5305,0.00,0.00,0.00,0.00,0.00,0.00,0.00,0
OP-25.001-0265,Варна,Ветрино,5306,3141070.54,250818.07,0.00,0.00,0.00,0.00,0.00,0
OP-25.001-0266,Варна,Вълчидол,5307,0.00,0.00,0.00,0.00,0.00,0.00,0.00,0
OP-25.001-0267,Варна,Вълчидол,5307,0.00,0.00,0.00,0.00,0.00,0.00,0.00,0
OP-25.001-0268,Варна,Вълчидол,5307,0.00,0.00,0.00,0.00,0.00,0.00,0.00,0
OP-25.001-0269,Варна,Девня,5308,0.00,0.00,0.00,0.00,0.00,0.00,0.00,0
OP-25.001-0270,Варна,Девня,5308,0.00,0.00,0.00,0.00,0.00,0.00,0.00,0
OP-25.001-0765,Варна,Дългопол,5310,882898.82,481778.39,0.00,180128.13,0.00,0.00,0.00,180128.13
OP-24.001-0296,Велико Търново,Велико Търново,5401,2213484.81,0.00,0.00,2150650.75,947733.83,0.00,0.00,1202916.92
OP-24.001-0297,Велико Търново,Велико Търново,5401,1559440.24,20553.51,1373649.06,0.00,0.00,0.00,0.00,0
OP-24.001-0298,Велико Търново,Велико Търново,5401,742395.81,0.00,72815.74,663618.94,327803.15,0.00,0.00,335815.79
OP-24.001-0299,Велико Търново,Велико Търново,5401,827065.75,0.00,78766.51,726615.24,354449.29,0.00,0.00,372165.95
OP-24.001-0300,Велико Търново,Горна Оряховица,5402,2014950.17,0.00,0.00,0.00,0.00,0.00,0.00,0
OP-24.001-0302,Велико Търново,Горна Оряховица,5402,1753475.51,0.00,0.00,16811.28,0.00,0.00,0.00,16811.28
OP-24.001-0303,Велико Търново,Горна Оряховица,5402,1721161.86,0.00,0.00,20421.00,0.00,0.00,0.00,20421.00
OP-24.001-0304,Велико Търново,Горна Оряховица,5402,1924604.90,192065.88,0.00,1732263.43,0.00,0.00,0.00,1732263.43
OP-24.001-0306,Велико Търново,Горна Оряховица,5402,1422260.63,0.00,0.00,0.00,0.00,0.00,0.00,0
OP-24.001-0307,Велико Търново,Горна Оряховица,5402,1229401.33,0.00,0.00,1219584.48,1214829.46,0.00,0.00,4755.02
OP-24.001-0308,Велико Търново,Горна Оряховица,5402,749809.54,0.00,746956.52,2760.98,0.00,0.00,0.00,2760.98
OP-24.001-0309,Велико Търново,Горна Оряховица,5402,667747.20,0.00,0.01,667325.75,598675.30,0.00,0.00,68650.45
OP-24.001-0310,Велико Търново,Горна Оряховица,5402,520853.04,0.00,0.00,520631.08,519319.16,0.00,0.00,1311.92
OP-24.001-0311,Велико Търново,Горна Оряховица,5402,484755.83,0.00,0.00,0.00,0.00,0.00,0.00,0
OP-24.001-0312,Велико Търново,Елена,5403,1407586.55,0.00,309.24,1220362.86,0.00,0.00,0.00,1220362.86
OP-24.001-0314,Велико Търново,Елена,5403,1429060.81,482575.71,0.00,758333.25,758333.25,0.00,0.00,0
OP-24.001-0315,Велико Търново,Златарица,5404,2148397.36,0.00,304343.90,1593580.23,978310.22,0.00,0.00,615270.01
OP-24.001-0316,Велико Търново,Лясковец,5405,2820286.02,0.00,0.00,2325280.86,2325280.86,0.00,0.00,0
OP-24.001-0317,Велико Търново,Лясковец,5405,1264884.98,0.00,551423.16,0.00,0.00,0.00,0.00,0
OP-24.001-0318,Велико Търново,Лясковец,5405,467014.00,0.00,187210.06,0.00,0.00,0.00,0.00,0
OP-24.001-0319,Велико Търново,Лясковец,5405,258202.40,78607.03,44918.30,0.00,0.00,0.00,0.00,0
OP-24.001-0320,Велико Търново,Лясковец,5405,106399.84,0.00,0.00,0.00,0.00,0.00,0.00,0
OP-24.001-0321,Велико Търново,Лясковец,5405,103178.70,0.00,84597.58,0.00,0.00,0.00,0.00,0
OP-24.001-0322,Велико Търново,Лясковец,5405,64473.91,0.00,60156.62,0.00,0.00,0.00,0.00,0
OP-24.001-0323,Велико Търново,Павликени,5406,1727808.65,0.00,654006.00,247641.56,0.00,0.00,0.00,247641.56
OP-24.001-0326,Велико Търново,Павликени,5406,686153.70,0.00,0.00,683285.36,606637.86,506.18,0.00,76141.32
OP-24.001-0327,Велико Търново,Павликени,5406,643460.83,0.00,0.00,579675.10,0.00,446563.56,0.00,133111.54
OP-24.001-0328,Велико Търново,Полски Тръмбеш,5407,1203887.86,0.00,77542.74,933585.37,0.00,0.00,0.00,933585.37
OP-24.001-0329,Велико Търново,Полски Тръмбеш,5407,753695.36,0.00,11682.19,127762.68,0.00,0.00,0.00,127762.68
OP-24.001-0330,Велико Търново,Полски Тръмбеш,5407,619532.37,0.00,0.00,590255.71,506807.64,0.00,0.00,83448.07
OP-24.001-0331,Велико Търново,Полски Тръмбеш,5407,587985.66,0.00,0.00,500239.52,500239.52,0.00,0.00,0
OP-24.001-0332,Велико Търново,Полски Тръмбеш,5407,523256.11,0.00,0.00,504370.59,441053.54,0.00,0.00,63317.05
OP-24.001-0333,Велико Търново,Полски Тръмбеш,5407,457452.85,0.00,0.00,396062.58,174307.65,0.00,0.00,221754.93
OP-24.001-0334,Велико Търново,Полски Тръмбеш,5407,354018.50,0.00,50406.01,303433.58,0.00,0.00,0.00,303433.58
OP-24.001-0335,Велико Търново,Полски Тръмбеш,5407,286527.97,1980.16,0.00,202689.37,202689.37,0.00,0.00,0
OP-24.001-0336,Велико Търново,Полски Тръмбеш,5407,218117.12,0.00,0.00,157832.35,157832.35,0.00,0.00,0
OP-24.001-0337,Велико Търново,Полски Тръмбеш,5407,22496.84,0.00,0.00,22496.84,22496.84,0.00,0.00,0
OP-24.001-0338,Велико Търново,Полски Тръмбеш,5407,20042.64,0.00,0.00,20042.64,20042.64,0.00,0.00,0
OP-24.001-0339,Велико Търново,Полски Тръмбеш,5407,10634.87,0.00,0.00,10634.88,10634.88,0.00,0.00,0
OP-24.001-0340,Велико Търново,Свищов,5408,3011509.18,0.00,0.00,2181011.11,1085375.70,0.00,0.00,1095635.41
OP-24.001-0341,Велико Търново,Свищов,5408,2556459.41,16872.63,1137154.04,1137154.04,0.00,0.00,0.00,1137154.04
OP-24.001-0342,Велико Търново,Свищов,5408,1022583.76,0.00,0.00,0.00,0.00,0.00,0.00,0
OP-24.001-0343,Велико Търново,Свищов,5408,761824.90,0.00,0.00,657800.54,604195.28,0.00,0.00,53605.26
OP-24.001-0344,Велико Търново,Свищов,5408,741373.23,0.00,0.00,463261.98,418234.46,0.00,0.00,45027.52
OP-24.001-0345,Велико Търново,Свищов,5408,484193.41,0.00,0.00,474720.92,474720.92,0.00,0.00,0
OP-24.001-0346,Велико Търново,Свищов,5408,180997.33,0.00,0.00,180997.32,180997.32,0.00,0.00,0
OP-24.001-0347,Велико Търново,Свищов,5408,96838.68,0.00,0.00,77697.91,77697.91,0.00,0.00,0
OP-24.001-0349,Велико Търново,Свищов,5408,75671.20,0.00,0.00,45828.70,41348.09,0.00,0.00,4480.61
OP-24.001-0350,Велико Търново,Стражица,5409,3650470.64,0.00,369873.66,3270022.95,3253661.61,0.00,0.00,16361.34
OP-24.001-0351,Велико Търново,Стражица,5409,1238195.55,0.00,950600.03,265403.19,265403.19,0.00,0.00,0
OP-24.001-0352,Велико Търново,Стражица,5409,826298.81,0.00,0.00,736305.88,0.00,0.00,0.00,736305.88
OP-24.001-0353,Велико Търново,Сухиндол,5410,3067751.29,0.00,1246962.35,243309.73,0.00,0.00,0.00,243309.73
OP-24.001-1744,Велико Търново,Велико Търново,5401,1278229.70,0.00,1132088.98,0.00,0.00,0.00,0.00,0
OP-24.001-1745,Велико Търново,Велико Търново,5401,810397.63,0.00,357422.42,0.00,0.00,0.00,0.00,0
OP-24.001-1747,Велико Търново,Велико Търново,5401,1268515.16,255645.00,0.00,0.00,0.00,0.00,0.00,0
OP-24.001-1748,Велико Търново,Велико Търново,5401,2556459.41,0.00,725040.34,1139349.11,0.00,0.00,0.00,1139349.11
OP-24.001-1749,Велико Търново,Велико Търново,5401,4522887.98,878865.24,0.00,0.00,0.00,0.00,0.00,0
OP-24.001-1750,Велико Търново,Велико Търново,5401,3425655.60,57181.95,0.00,0.00,0.00,0.00,0.00,0
OP-24.001-1751,Велико Търново,Велико Търново,5401,460162.69,0.00,0.00,0.00,0.00,0.00,0.00,0
OP-24.001-1752,Велико Търново,Велико Търново,5401,807790.04,0.00,0.00,0.00,0.00,0.00,0.00,0
OP-24.001-1753,Велико Търново,Велико Търново,5401,5266306.38,0.00,0.00,0.00,0.00,0.00,0.00,0
OP-24.001-1754,Велико Търново,Горна Оряховица,5402,1429111.94,14675.72,0.00,0.00,0.00,0.00,0.00,0
OP-24.001-1755,Велико Търново,Елена,5403,1001518.54,0.00,0.00,983696.14,983696.14,0.00,0.00,0
OP-24.001-1756,Велико Търново,Златарица,5404,919353.93,0.00,160612.08,652004.35,419414.93,0.00,0.00,232589.42
OP-24.001-1757,Велико Търново,Павликени,5406,997632.72,0.00,0.00,983854.62,892681.08,91173.54,0.00,0
OP-24.001-1758,Велико Търново,Павликени,5406,2547256.15,0.00,0.00,2284585.95,1256968.53,1027617.42,0.00,0
OP-24.001-1759,Велико Търново,Павликени,5406,35790.43,0.00,0.00,17895.22,0.00,0.00,0.00,17895.22
OP-24.001-1760,Велико Търново,Павликени,5406,31597.84,0.00,0.00,15798.92,0.00,0.00,0.00,15798.92
OP-24.001-1761,Велико Търново,Павликени,5406,45300.46,0.00,0.00,22650.23,0.00,0.00,0.00,22650.23
OP-24.001-1762,Велико Търново,Павликени,5406,25654.59,0.00,0.00,12782.30,0.00,0.00,0.00,12782.30
OP-24.001-1763,Велико Търново,Павликени,5406,39829.64,0.00,0.00,39599.56,0.00,0.00,0.00,39599.56
OP-24.001-1764,Велико Търново,Павликени,5406,36813.02,0.00,0.00,34256.56,0.00,0.00,0.00,34256.56
OP-24.001-1765,Велико Търново,Свищов,5408,1053261.28,0.00,102569.93,934827.04,0.00,0.00,0.00,934827.04
OP-24.001-1766,Велико Търново,Свищов,5408,1179039.08,0.00,28.81,960150.90,0.00,0.00,0.00,960150.90
OP-24.001-1767,Велико Търново,Свищов,5408,157989.19,0.00,0.00,0.00,0.00,0.00,0.00,0
OP-24.001-1768,Велико Търново,Свищов,5408,344610.73,0.00,130358.53,0.00,0.00,0.00,0.00,0
OP-24.001-1770,Велико Търново,Свищов,5408,208095.80,0.00,0.00,207708.97,207708.97,0.00,0.00,0
OP-24.001-1777,Велико Търново,Стражица,5409,532970.66,0.00,0.00,481205.79,481205.79,0.00,0.00,0
OP-24.001-1778,Велико Търново,Стражица,5409,136361.54,0.00,11926.94,116149.21,114900.29,0.00,0.00,1248.92
OP-24.001-1779,Велико Търново,Стражица,5409,2658.72,0.00,0.00,2658.72,0.00,0.00,0.00,2658.72
OP-24.001-1780,Велико Търново,Стражица,5409,16770.37,0.00,16760.15,0.00,0.00,0.00,0.00,0
OP-24.001-1781,Велико Търново,Стражица,5409,29348.15,0.00,29346.11,0.00,0.00,0.00,0.00,0
OP-24.001-1782,Велико Търново,Стражица,5409,24542.01,0.00,0.00,0.00,0.00,0.00,0.00,0
OP-24.001-1783,Велико Търново,Стражица,5409,30677.51,0.00,0.00,0.00,0.00,0.00,0.00,0
OP-24.001-1784,Велико Търново,Стражица,5409,30677.51,0.00,0.00,30677.51,0.00,0.00,0.00,30677.51
OP-24.001-2374,Велико Търново,Павликени,5406,347167.18,0.00,151844.74,0.00,0.00,0.00,0.00,0
OP-24.001-2376,Велико Търново,Свищов,5408,1982738.79,0.00,881704.26,898883.67,0.00,0.00,0.00,898883.67
OP-24.001-2687,Велико Търново,Златарица,5404,4839837.82,0.00,0.00,0.00,0.00,0.00,0.00,0
OP-24.001-2688,Велико Търново,Златарица,5404,373856.62,0.00,0.00,0.00,0.00,0.00,0.00,0
OP-24.001-2729,Велико Търново,Велико Търново,5401,662122.99,0.00,0.00,0.00,0.00,0.00,0.00,0
OP-24.001-2730,Велико Търново,Горна Оряховица,5402,3895072.68,0.00,1461294.62,218189.71,0.00,0.00,0.00,218189.71
OP-24.001-2731,Велико Търново,Елена,5403,570652.87,0.00,243886.23,243886.23,0.00,0.00,0.00,243886.23
OP-24.001-2732,Велико Търново,Елена,5403,0.00,0.00,0.00,0.00,0.00,0.00,0.00,0
OP-24.001-2733,Велико Търново,Лясковец,5405,467474.17,0.00,448478.13,0.00,0.00,0.00,0.00,0
OP-24.001-2734,Велико Търново,Лясковец,5405,66467.94,58680.40,1699.45,0.00,0.00,0.00,0.00,0
OP-24.001-2735,Велико Търново,Полски Тръмбеш,5407,340724.91,0.00,0.00,0.00,0.00,0.00,0.00,0
OP-24.001-2736,Велико Търново,Свищов,5408,0.00,0.00,0.00,0.00,0.00,0.00,0.00,0
OP-24.001-2737,Велико Търново,Стражица,5409,579344.83,0.00,505062.84,15415.96,0.00,0.00,0.00,15415.96
OP-24.001-2738,Велико Търново,Стражица,5409,501219.43,47459.45,582.63,439806.35,0.00,0.00,0.00,439806.35
OP-24.001-2739,Велико Търново,Стражица,5409,364857.89,0.00,325602.09,0.00,0.00,0.00,0.00,0
OP-24.001-2740,Велико Търново,Стражица,5409,192399.13,0.00,31266.67,4429.44,0.00,0.00,0.00,4429.44
OP-24.001-2741,Велико Търново,Стражица,5409,58287.27,0.00,0.00,0.00,0.00,0.00,0.00,0
OP-24.001-2742,Велико Търново,Стражица,5409,126391.35,0.00,120972.02,3357.06,0.00,0.00,0.00,3357.06
OP-24.001-2743,Велико Търново,Стражица,5409,39880.77,0.00,0.00,0.00,0.00,0.00,0.00,0
OP-24.001-2744,Велико Търново,Стражица,5409,32722.68,0.00,0.00,0.00,0.00,0.00,0.00,0
OP-24.001-2745,Велико Търново,Стражица,5409,10737.13,0.00,0.00,0.00,0.00,0.00,0.00,0
OP-24.001-2746,Велико Търново,Стражица,5409,13293.59,0.00,13293.18,0.00,0.00,0.00,0.00,0
OP-24.001-2747,Велико Търново,Стражица,5409,8436.32,0.00,0.00,8436.32,0.00,0.00,0.00,8436.32
OP-24.001-2748,Велико Търново,Стражица,5409,7976.15,0.00,7533.15,0.00,0.00,0.00,0.00,0
OP-25.001-0018,Велико Търново,Свищов,5408,0.00,0.00,0.00,0.00,0.00,0.00,0.00,0
OP-25.001-0271,Велико Търново,Велико Търново,5401,0.00,0.00,0.00,0.00,0.00,0.00,0.00,0
OP-25.001-0272,Велико Търново,Велико Търново,5401,0.00,0.00,0.00,0.00,0.00,0.00,0.00,0
OP-25.001-0273,Велико Търново,Велико Търново,5401,918587.00,0.00,0.00,0.00,0.00,0.00,0.00,0
OP-25.001-0274,Велико Търново,Велико Търново,5401,0.00,0.00,0.00,0.00,0.00,0.00,0.00,0
OP-25.001-0275,Велико Търново,Велико Търново,5401,0.00,0.00,0.00,0.00,0.00,0.00,0.00,0
OP-25.001-0276,Велико Търново,Велико Търново,5401,0.00,0.00,0.00,0.00,0.00,0.00,0.00,0
OP-25.001-0277,Велико Търново,Велико Търново,5401,0.00,0.00,0.00,0.00,0.00,0.00,0.00,0
OP-25.001-0278,Велико Търново,Велико Търново,5401,0.00,0.00,0.00,0.00,0.00,0.00,0.00,0
OP-25.001-0279,Велико Търново,Велико Търново,5401,0.00,0.00,0.00,0.00,0.00,0.00,0.00,0
OP-25.001-0280,Велико Търново,Велико Търново,5401,0.00,0.00,0.00,0.00,0.00,0.00,0.00,0
OP-25.001-0281,Велико Търново,Велико Търново,5401,9553488.80,0.00,0.00,0.00,0.00,0.00,0.00,0
OP-25.001-0282,Велико Търново,Велико Търново,5401,0.00,0.00,0.00,0.00,0.00,0.00,0.00,0
OP-25.001-0283,Велико Търново,Велико Търново,5401,0.00,0.00,0.00,0.00,0.00,0.00,0.00,0
OP-25.001-0284,Велико Търново,Велико Търново,5401,0.00,0.00,0.00,0.00,0.00,0.00,0.00,0
OP-25.001-0285,Велико Търново,Велико Търново,5401,0.00,0.00,0.00,0.00,0.00,0.00,0.00,0
OP-25.001-0286,Велико Търново,Велико Търново,5401,0.00,0.00,0.00,0.00,0.00,0.00,0.00,0
OP-25.001-0287,Велико Търново,Велико Търново,5401,0.00,0.00,0.00,0.00,0.00,0.00,0.00,0
OP-25.001-0288,Велико Търново,Велико Търново,5401,0.00,0.00,0.00,0.00,0.00,0.00,0.00,0
OP-25.001-0289,Велико Търново,Велико Търново,5401,0.00,0.00,0.00,0.00,0.00,0.00,0.00,0
OP-25.001-0290,Велико Търново,Велико Търново,5401,0.00,0.00,0.00,0.00,0.00,0.00,0.00,0
OP-25.001-0291,Велико Търново,Велико Търново,5401,0.00,0.00,0.00,0.00,0.00,0.00,0.00,0
OP-25.001-0292,Велико Търново,Велико Търново,5401,0.00,0.00,0.00,0.00,0.00,0.00,0.00,0
OP-25.001-0293,Велико Търново,Велико Търново,5401,0.00,0.00,0.00,0.00,0.00,0.00,0.00,0
OP-25.001-0294,Велико Търново,Велико Търново,5401,0.00,0.00,0.00,0.00,0.00,0.00,0.00,0
OP-25.001-0295,Велико Търново,Велико Търново,5401,0.00,0.00,0.00,0.00,0.00,0.00,0.00,0
OP-25.001-0296,Велико Търново,Велико Търново,5401,0.00,0.00,0.00,0.00,0.00,0.00,0.00,0
OP-25.001-0297,Велико Търново,Велико Търново,5401,0.00,0.00,0.00,0.00,0.00,0.00,0.00,0
OP-25.001-0298,Велико Търново,Велико Търново,5401,0.00,0.00,0.00,0.00,0.00,0.00,0.00,0
OP-25.001-0299,Велико Търново,Велико Търново,5401,0.00,0.00,0.00,0.00,0.00,0.00,0.00,0
OP-25.001-0300,Велико Търново,Велико Търново,5401,0.00,0.00,0.00,0.00,0.00,0.00,0.00,0
OP-25.001-0301,Велико Търново,Велико Търново,5401,0.00,0.00,0.00,0.00,0.00,0.00,0.00,0
OP-25.001-0302,Велико Търново,Велико Търново,5401,0.00,0.00,0.00,0.00,0.00,0.00,0.00,0
OP-25.001-0303,Велико Търново,Велико Търново,5401,0.00,0.00,0.00,0.00,0.00,0.00,0.00,0
OP-25.001-0304,Велико Търново,Велико Търново,5401,0.00,0.00,0.00,0.00,0.00,0.00,0.00,0
OP-25.001-0305,Велико Търново,Велико Търново,5401,0.00,0.00,0.00,0.00,0.00,0.00,0.00,0
OP-25.001-0306,Велико Търново,Велико Търново,5401,0.00,0.00,0.00,0.00,0.00,0.00,0.00,0
OP-25.001-0307,Велико Търново,Велико Търново,5401,0.00,0.00,0.00,0.00,0.00,0.00,0.00,0
OP-25.001-0308,Велико Търново,Велико Търново,5401,0.00,0.00,0.00,0.00,0.00,0.00,0.00,0
OP-25.001-0309,Велико Търново,Велико Търново,5401,0.00,0.00,0.00,0.00,0.00,0.00,0.00,0
OP-25.001-0310,Велико Търново,Велико Търново,5401,0.00,0.00,0.00,0.00,0.00,0.00,0.00,0
OP-25.001-0311,Велико Търново,Велико Търново,5401,0.00,0.00,0.00,0.00,0.00,0.00,0.00,0
OP-25.001-0312,Велико Търново,Велико Търново,5401,0.00,0.00,0.00,0.00,0.00,0.00,0.00,0
OP-25.001-0313,Велико Търново,Велико Търново,5401,0.00,0.00,0.00,0.00,0.00,0.00,0.00,0
OP-25.001-0314,Велико Търново,Велико Търново,5401,0.00,0.00,0.00,0.00,0.00,0.00,0.00,0
OP-25.001-0315,Велико Търново,Велико Търново,5401,0.00,0.00,0.00,0.00,0.00,0.00,0.00,0
OP-25.001-0316,Велико Търново,Велико Търново,5401,0.00,0.00,0.00,0.00,0.00,0.00,0.00,0
OP-25.001-0317,Велико Търново,Велико Търново,5401,0.00,0.00,0.00,0.00,0.00,0.00,0.00,0
OP-25.001-0318,Велико Търново,Велико Търново,5401,0.00,0.00,0.00,0.00,0.00,0.00,0.00,0
OP-25.001-0319,Велико Търново,Велико Търново,5401,0.00,0.00,0.00,0.00,0.00,0.00,0.00,0
OP-25.001-0320,Велико Търново,Елена,5403,0.00,0.00,0.00,0.00,0.00,0.00,0.00,0
OP-25.001-0321,Велико Търново,Елена,5403,0.00,0.00,0.00,0.00,0.00,0.00,0.00,0
OP-25.001-0322,Велико Търново,Елена,5403,0.00,0.00,0.00,0.00,0.00,0.00,0.00,0
OP-25.001-0323,Велико Търново,Елена,5403,0.00,0.00,0.00,0.00,0.00,0.00,0.00,0
OP-25.001-0324,Велико Търново,Елена,5403,0.00,0.00,0.00,0.00,0.00,0.00,0.00,0
OP-25.001-0325,Велико Търново,Елена,5403,0.00,0.00,0.00,0.00,0.00,0.00,0.00,0
OP-25.001-0326,Велико Търново,Елена,5403,0.00,0.00,0.00,0.00,0.00,0.00,0.00,0
OP-25.001-0327,Велико Търново,Елена,5403,0.00,0.00,0.00,0.00,0.00,0.00,0.00,0
OP-25.001-0328,Велико Търново,Елена,5403,0.00,0.00,0.00,0.00,0.00,0.00,0.00,0
OP-25.001-0329,Велико Търново,Елена,5403,0.00,0.00,0.00,0.00,0.00,0.00,0.00,0
OP-25.001-0330,Велико Търново,Елена,5403,0.00,0.00,0.00,0.00,0.00,0.00,0.00,0
OP-25.001-0331,Велико Търново,Елена,5403,0.00,0.00,0.00,0.00,0.00,0.00,0.00,0
OP-25.001-0332,Велико Търново,Елена,5403,0.00,0.00,0.00,0.00,0.00,0.00,0.00,0
OP-25.001-0333,Велико Търново,Павликени,5406,0.00,0.00,0.00,0.00,0.00,0.00,0.00,0
OP-25.001-0334,Велико Търново,Павликени,5406,0.00,0.00,0.00,0.00,0.00,0.00,0.00,0
OP-25.001-0335,Велико Търново,Павликени,5406,0.00,0.00,0.00,0.00,0.00,0.00,0.00,0
OP-25.001-0336,Велико Търново,Павликени,5406,0.00,0.00,0.00,0.00,0.00,0.00,0.00,0
OP-25.001-0337,Велико Търново,Полски Тръмбеш,5407,0.00,0.00,0.00,0.00,0.00,0.00,0.00,0
OP-25.001-0338,Велико Търново,Полски Тръмбеш,5407,0.00,0.00,0.00,0.00,0.00,0.00,0.00,0
OP-25.001-0339,Велико Търново,Полски Тръмбеш,5407,0.00,0.00,0.00,0.00,0.00,0.00,0.00,0
OP-25.001-0340,Велико Търново,Свищов,5408,0.00,0.00,0.00,0.00,0.00,0.00,0.00,0
OP-25.001-0341,Велико Търново,Свищов,5408,0.00,0.00,0.00,0.00,0.00,0.00,0.00,0
OP-25.001-0342,Велико Търново,Свищов,5408,0.00,0.00,0.00,0.00,0.00,0.00,0.00,0
OP-25.001-0343,Велико Търново,Свищов,5408,0.00,0.00,0.00,0.00,0.00,0.00,0.00,0
OP-25.001-0344,Велико Търново,Свищов,5408,0.00,0.00,0.00,0.00,0.00,0.00,0.00,0
OP-25.001-0345,Велико Търново,Свищов,5408,0.00,0.00,0.00,0.00,0.00,0.00,0.00,0
OP-25.001-0346,Велико Търново,Свищов,5408,0.00,0.00,0.00,0.00,0.00,0.00,0.00,0
OP-25.001-0347,Велико Търново,Свищов,5408,0.00,0.00,0.00,0.00,0.00,0.00,0.00,0
OP-25.001-0348,Велико Търново,Свищов,5408,0.00,0.00,0.00,0.00,0.00,0.00,0.00,0
OP-25.001-0349,Велико Търново,Свищов,5408,0.00,0.00,0.00,0.00,0.00,0.00,0.00,0
OP-25.001-0350,Велико Търново,Свищов,5408,0.00,0.00,0.00,0.00,0.00,0.00,0.00,0
OP-25.001-0351,Велико Търново,Свищов,5408,0.00,0.00,0.00,0.00,0.00,0.00,0.00,0
OP-25.001-0352,Велико Търново,Стражица,5409,0.00,0.00,0.00,0.00,0.00,0.00,0.00,0
OP-25.001-0353,Велико Търново,Стражица,5409,0.00,0.00,0.00,0.00,0.00,0.00,0.00,0
OP-25.001-0354,Велико Търново,Стражица,5409,0.00,0.00,0.00,0.00,0.00,0.00,0.00,0
OP-25.001-0355,Велико Търново,Стражица,5409,0.00,0.00,0.00,0.00,0.00,0.00,0.00,0
OP-25.001-0766,Велико Търново,Велико Търново,5401,204516.75,0.00,0.00,0.00,0.00,0.00,0.00,0
OP-24.001-0354,Видин,Белоградчик,5501,2655547.77,0.00,0.00,526640.81,0.00,0.00,0.00,526640.81
OP-24.001-0355,Видин,Белоградчик,5501,1395724.58,0.00,0.00,294862.51,0.00,0.00,0.00,294862.51
OP-24.001-0356,Видин,Белоградчик,5501,1077291.99,0.00,0.00,1060923.71,597229.33,0.00,0.00,463694.38
OP-24.001-0357,Видин,Белоградчик,5501,557696.73,0.00,0.00,543972.93,0.00,0.00,0.00,543972.93
OP-24.001-0358,Видин,Белоградчик,5501,122710.05,0.00,0.00,60710.80,0.00,0.00,0.00,60710.80
OP-24.001-0359,Видин,Белоградчик,5501,101849.34,0.00,0.00,50617.90,0.00,0.00,0.00,50617.90
OP-24.001-0360,Видин,Белоградчик,5501,93259.64,0.00,0.00,45985.59,0.00,0.00,0.00,45985.59
OP-24.001-0361,Видин,Белоградчик,5501,92032.54,0.00,0.00,45372.04,0.00,0.00,0.00,45372.04
OP-24.001-0362,Видин,Белоградчик,5501,80988.63,0.00,0.00,33208.41,0.00,33208.41,0.00,0
OP-24.001-0363,Видин,Белоградчик,5501,79761.53,0.00,0.00,39543.31,0.00,0.00,0.00,39543.31
OP-24.001-0364,Видин,Белоградчик,5501,77920.88,0.00,0.00,31930.18,0.00,31930.18,0.00,0
OP-24.001-0365,Видин,Белоградчик,5501,72398.93,0.00,0.00,35862.01,0.00,0.00,0.00,35862.01
OP-24.001-0366,Видин,Белоградчик,5501,69944.73,0.00,0.00,23314.90,11657.45,11657.45,0.00,0
OP-24.001-0367,Видин,Белоградчик,5501,66263.43,0.00,0.00,32518.16,0.00,0.00,0.00,32518.16
OP-24.001-0368,Видин,Белоградчик,5501,53992.42,0.00,0.00,21959.99,0.00,21959.99,0.00,0
OP-24.001-0369,Видин,Белоградчик,5501,51129.19,0.00,25124.88,0.00,0.00,0.00,0.00,0
OP-24.001-0370,Видин,Белоградчик,5501,51129.19,0.00,0.00,0.00,0.00,0.00,0.00,0
OP-24.001-0371,Видин,Белоградчик,5501,49084.02,0.00,0.00,0.00,0.00,0.00,0.00,0
OP-24.001-0372,Видин,Белоградчик,5501,49084.02,0.00,0.00,0.00,0.00,0.00,0.00,0
OP-24.001-0373,Видин,Белоградчик,5501,45402.72,0.00,0.00,22394.58,0.00,0.00,0.00,22394.58
OP-24.001-0374,Видин,Белоградчик,5501,42948.52,0.00,0.00,21014.10,0.00,0.00,0.00,21014.10
OP-24.001-0375,Видин,Белоградчик,5501,42948.52,0.00,0.00,0.00,0.00,0.00,0.00,0
OP-24.001-0376,Видин,Белоградчик,5501,36813.02,0.00,0.00,17884.99,0.00,17884.99,0.00,0
OP-24.001-0377,Видин,Белоградчик,5501,33131.71,0.00,0.00,0.00,0.00,0.00,0.00,0
OP-24.001-0378,Видин,Белоградчик,5501,31904.61,0.00,0.00,15492.14,0.00,0.00,0.00,15492.14
OP-24.001-0379,Видин,Белоградчик,5501,30677.51,0.00,0.00,15031.98,0.00,0.00,0.00,15031.98
OP-24.001-0380,Видин,Белоградчик,5501,28836.86,0.00,0.00,0.00,0.00,0.00,0.00,0
OP-24.001-0381,Видин,Белоградчик,5501,24542.01,0.00,0.00,10225.84,0.00,10225.84,0.00,0
OP-24.001-0382,Видин,Белоградчик,5501,23314.91,0.00,0.00,23314.90,11657.45,11657.45,0.00,0
OP-24.001-0383,Видин,Белоградчик,5501,21474.26,0.00,0.00,8410.75,0.00,8410.75,0.00,0
OP-24.001-0384,Видин,Белоградчик,5501,20860.71,0.00,0.00,20860.70,10430.35,10430.35,0.00,0
OP-24.001-0385,Видин,Белоградчик,5501,17179.41,0.00,0.00,17179.40,8589.70,8589.70,0.00,0
OP-24.001-0386,Видин,Белоградчик,5501,15952.31,0.00,0.00,0.00,0.00,0.00,0.00,0
OP-24.001-0388,Видин,Белоградчик,5501,14111.66,0.00,0.00,5879.86,0.00,5879.86,0.00,0
OP-24.001-0389,Видин,Белоградчик,5501,11657.45,0.00,0.00,4857.27,0.00,4857.27,0.00,0
OP-24.001-0390,Видин,Белоградчик,5501,10430.35,0.00,0.00,0.00,0.00,0.00,0.00,0
OP-24.001-0391,Видин,Бойница,5502,336430.06,0.00,0.00,336174.88,0.00,0.00,0.00,336174.88
OP-24.001-0392,Видин,Брегово,5503,949417.89,75705.04,31755.71,670600.90,340239.78,0.00,0.00,330361.12
OP-24.001-0393,Видин,Брегово,5503,634359.84,0.00,122982.82,0.00,0.00,0.00,0.00,0
OP-24.001-0395,Видин,Брегово,5503,209731.93,0.00,0.00,0.00,0.00,0.00,0.00,0
OP-24.001-0396,Видин,Брегово,5503,202727.23,0.00,196567.55,0.00,0.00,0.00,0.00,0
OP-24.001-0397,Видин,Брегово,5503,130328.30,0.00,0.00,0.00,0.00,0.00,0.00,0
OP-24.001-0398,Видин,Брегово,5503,117546.00,0.00,0.00,0.00,0.00,0.00,0.00,0
OP-24.001-0399,Видин,Брегово,5503,51129.19,0.00,0.00,19173.45,19173.45,0.00,0.00,0
OP-24.001-0400,Видин,Брегово,5503,0.00,0.00,0.00,0.00,0.00,0.00,0.00,0
OP-24.001-0403,Видин,Видин,5504,9203253.86,134889.03,856107.21,2996626.51,0.00,0.00,0.00,2996626.51
OP-24.001-0404,Видин,Видин,5504,3579043.17,0.00,0.00,0.00,0.00,0.00,0.00,0
OP-24.001-0405,Видин,Видин,5504,3579043.17,0.00,0.00,0.00,0.00,0.00,0.00,0
OP-24.001-0406,Видин,Видин,5504,1022583.76,218850.42,0.00,0.00,0.00,0.00,0.00,0
OP-24.001-0407,Видин,Видин,5504,1585004.83,218993.35,0.00,1351769.08,0.00,0.00,0.00,1351769.08
OP-24.001-0408,Видин,Видин,5504,149297.23,0.00,0.00,0.00,0.00,0.00,0.00,0
OP-24.001-0409,Видин,Видин,5504,106860.00,0.00,0.00,0.00,0.00,0.00,0.00,0
OP-24.001-0410,Видин,Видин,5504,105326.13,0.00,0.00,0.00,0.00,0.00,0.00,0
OP-24.001-0411,Видин,Видин,5504,64934.07,0.00,0.00,0.00,0.00,0.00,0.00,0
OP-24.001-0412,Видин,Видин,5504,64422.78,0.00,0.00,0.00,0.00,0.00,0.00,0
OP-24.001-0413,Видин,Видин,5504,47038.85,0.00,0.00,0.00,0.00,0.00,0.00,0
OP-24.001-0416,Видин,Видин,5504,27098.47,26474.08,0.00,0.00,0.00,0.00,0.00,0
OP-24.001-0417,Видин,Видин,5504,26075.89,0.00,0.00,0.00,0.00,0.00,0.00,0
OP-24.001-0418,Видин,Видин,5504,11759.71,0.00,0.00,0.00,0.00,0.00,0.00,0
OP-24.001-0419,Видин,Грамада,5505,582208.07,0.00,0.00,0.00,0.00,0.00,0.00,0
OP-24.001-0420,Видин,Грамада,5505,438688.43,0.00,0.00,436063.88,0.00,0.00,0.00,436063.88
OP-24.001-0421,Видин,Грамада,5505,192245.75,37129.97,0.00,0.00,0.00,0.00,0.00,0
OP-24.001-0422,Видин,Грамада,5505,109825.50,0.00,0.00,21014.10,0.00,0.00,0.00,21014.10
OP-24.001-0423,Видин,Грамада,5505,47243.37,0.00,45709.49,0.00,0.00,0.00,0.00,0
OP-24.001-0424,Видин,Грамада,5505,17997.47,0.00,0.00,14316.17,0.00,0.00,0.00,14316.17
OP-24.001-0425,Видин,Грамада,5505,12271.01,0.00,0.00,0.00,0.00,0.00,0.00,0
OP-24.001-0427,Видин,Димово,5506,1668038.63,0.00,0.00,1668006.94,1668006.94,0.00,0.00,0
OP-24.001-0428,Видин,Димово,5506,1192741.70,0.00,0.00,1182191.39,1182191.39,0.00,0.00,0
OP-24.001-0429,Видин,Кула,5507,20349.42,0.00,0.00,16504.50,16504.50,0.00,0.00,0
OP-24.001-0430,Видин,Кула,5507,15338.76,0.00,0.00,14633.17,0.00,0.00,0.00,14633.17
OP-24.001-0431,Видин,Кула,5507,7669.38,0.00,0.00,7515.99,7515.99,0.00,0.00,0
OP-24.001-0432,Видин,Макреш,5508,0.00,0.00,0.00,0.00,0.00,0.00,0.00,0
OP-24.001-0433,Видин,Макреш,5508,0.00,0.00,0.00,0.00,0.00,0.00,0.00,0
OP-24.001-0434,Видин,Макреш,5508,0.00,0.00,0.00,0.00,0.00,0.00,0.00,0
OP-24.001-0435,Видин,Макреш,5508,0.00,0.00,0.00,0.00,0.00,0.00,0.00,0
OP-24.001-0436,Видин,Ново село,5509,510576.07,14305.33,0.00,0.00,0.00,0.00,0.00,0
OP-24.001-0437,Видин,Ново село,5509,297520.75,0.00,297494.01,0.00,0.00,0.00,0.00,0
OP-24.001-0438,Видин,Ново село,5509,187388.47,0.00,0.00,0.00,0.00,0.00,0.00,0
OP-24.001-0439,Видин,Ново село,5509,186161.37,0.00,12025.74,164491.99,164491.99,0.00,0.00,0
OP-24.001-0440,Видин,Ново село,5509,127260.55,12080.23,0.00,112357.10,57990.75,0.00,0.00,54366.35
OP-24.001-0441,Видин,Ново село,5509,82215.73,42227.12,36851.18,0.00,0.00,0.00,0.00,0
OP-24.001-0442,Видин,Ново село,5509,69791.34,35917.21,31335.53,0.00,0.00,0.00,0.00,0
OP-24.001-0443,Видин,Ново село,5509,56037.59,0.00,52832.71,0.00,0.00,0.00,0.00,0
OP-24.001-0444,Видин,Ружинци,5510,1631021.10,158915.49,0.00,1468938.11,1468938.11,0.00,0.00,0
OP-24.001-0445,Видин,Ружинци,5510,971454.57,186483.93,0.00,870880.14,532204.53,0.00,0.00,338675.61
OP-24.001-0446,Видин,Чупрене,5511,1022583.76,0.00,0.01,197903.39,12033.01,0.00,0.00,185870.38
OP-24.001-1785,Видин,Видин,5504,1789521.58,0.00,0.00,1788166.72,1788166.72,0.00,0.00,0
OP-24.001-1786,Видин,Видин,5504,0.00,0.00,0.00,0.00,0.00,0.00,0.00,0
OP-24.001-1787,Видин,Видин,5504,0.00,0.00,0.00,0.00,0.00,0.00,0.00,0
OP-24.001-1788,Видин,Видин,5504,0.00,0.00,0.00,0.00,0.00,0.00,0.00,0
OP-24.001-1789,Видин,Видин,5504,0.00,0.00,0.00,0.00,0.00,0.00,0.00,0
OP-24.001-1790,Видин,Видин,5504,0.00,0.00,0.00,0.00,0.00,0.00,0.00,0
OP-24.001-1791,Видин,Видин,5504,0.00,0.00,0.00,0.00,0.00,0.00,0.00,0
OP-24.001-1792,Видин,Видин,5504,0.00,0.00,0.00,0.00,0.00,0.00,0.00,0
OP-24.001-1793,Видин,Видин,5504,0.00,0.00,0.00,0.00,0.00,0.00,0.00,0
OP-24.001-1794,Видин,Видин,5504,0.00,0.00,0.00,0.00,0.00,0.00,0.00,0
OP-24.001-1795,Видин,Видин,5504,0.00,0.00,0.00,0.00,0.00,0.00,0.00,0
OP-24.001-1796,Видин,Видин,5504,0.00,0.00,0.00,0.00,0.00,0.00,0.00,0
OP-24.001-1797,Видин,Видин,5504,0.00,0.00,0.00,0.00,0.00,0.00,0.00,0
OP-24.001-1798,Видин,Грамада,5505,199557.22,46928.16,0.00,41451.14,0.00,0.00,0.00,41451.14
OP-24.001-1799,Видин,Грамада,5505,0.00,0.00,0.00,0.00,0.00,0.00,0.00,0
OP-24.001-1800,Видин,Грамада,5505,0.00,0.00,0.00,0.00,0.00,0.00,0.00,0
OP-24.001-1801,Видин,Грамада,5505,0.00,0.00,0.00,0.00,0.00,0.00,0.00,0
OP-24.001-1802,Видин,Грамада,5505,0.00,0.00,0.00,0.00,0.00,0.00,0.00,0
OP-24.001-1803,Видин,Кула,5507,0.00,0.00,0.00,0.00,0.00,0.00,0.00,0
OP-24.001-1804,Видин,Кула,5507,0.00,0.00,0.00,0.00,0.00,0.00,0.00,0
OP-24.001-1805,Видин,Кула,5507,0.00,0.00,0.00,0.00,0.00,0.00,0.00,0
OP-24.001-1806,Видин,Кула,5507,0.00,0.00,0.00,0.00,0.00,0.00,0.00,0
OP-24.001-1807,Видин,Кула,5507,0.00,0.00,0.00,0.00,0.00,0.00,0.00,0
OP-24.001-2377,Видин,Белоградчик,5501,0.00,0.00,0.00,0.00,0.00,0.00,0.00,0
OP-24.001-2378,Видин,Белоградчик,5501,0.00,0.00,0.00,0.00,0.00,0.00,0.00,0
OP-24.001-2379,Видин,Видин,5504,0.00,0.00,0.00,0.00,0.00,0.00,0.00,0
OP-24.001-2380,Видин,Видин,5504,0.00,0.00,0.00,0.00,0.00,0.00,0.00,0
OP-24.001-2381,Видин,Димово,5506,206970.95,0.00,158122.16,41394.18,0.00,0.00,0.00,41394.18
OP-24.001-2696,Видин,Видин,5504,0.00,0.00,0.00,0.00,0.00,0.00,0.00,0
OP-24.001-2749,Видин,Видин,5504,0.00,0.00,0.00,0.00,0.00,0.00,0.00,0
OP-24.001-2750,Видин,Кула,5507,0.00,0.00,0.00,0.00,0.00,0.00,0.00,0
OP-24.001-2751,Видин,Ново село,5509,345019.76,9802.28,0.00,0.00,0.00,0.00,0.00,0
OP-24.001-2752,Видин,Ново село,5509,244602.04,6845.93,0.00,0.00,0.00,0.00,0.00,0
OP-24.001-2753,Видин,Ново село,5509,198023.35,5621.07,0.00,0.00,0.00,0.00,0.00,0
OP-24.001-2754,Видин,Ново село,5509,188717.83,0.00,0.00,0.00,0.00,0.00,0.00,0
OP-24.001-2755,Видин,Ново село,5509,0.00,0.00,0.00,0.00,0.00,0.00,0.00,0
OP-24.001-2756,Видин,Ново село,5509,0.00,0.00,0.00,0.00,0.00,0.00,0.00,0
OP-24.001-2757,Видин,Ново село,5509,0.00,0.00,0.00,0.00,0.00,0.00,0.00,0
OP-24.001-2758,Видин,Ново село,5509,0.00,0.00,0.00,0.00,0.00,0.00,0.00,0
OP-24.001-2759,Видин,Ново село,5509,0.00,0.00,0.00,0.00,0.00,0.00,0.00,0
OP-24.001-2760,Видин,Ново село,5509,0.00,0.00,0.00,0.00,0.00,0.00,0.00,0
OP-24.001-2761,Видин,Ново село,5509,0.00,0.00,0.00,0.00,0.00,0.00,0.00,0
OP-24.001-2762,Видин,Ружинци,5510,0.00,0.00,0.00,0.00,0.00,0.00,0.00,0
OP-24.001-2763,Видин,Ружинци,5510,0.00,0.00,0.00,0.00,0.00,0.00,0.00,0
OP-24.001-2764,Видин,Ружинци,5510,0.00,0.00,0.00,0.00,0.00,0.00,0.00,0
OP-24.001-2765,Видин,Ружинци,5510,0.00,0.00,0.00,0.00,0.00,0.00,0.00,0
OP-25.001-0019,Видин,Чупрене,5511,0.00,0.00,0.00,0.00,0.00,0.00,0.00,0
OP-25.001-0020,Видин,Чупрене,5511,0.00,0.00,0.00,0.00,0.00,0.00,0.00,0
OP-25.001-0104,Видин,Димово,5506,0.00,0.00,0.00,0.00,0.00,0.00,0.00,0
OP-25.001-0110,Видин,Димово,5506,0.00,0.00,0.00,0.00,0.00,0.00,0.00,0
OP-25.001-0119,Видин,Видин,5504,0.00,0.00,0.00,0.00,0.00,0.00,0.00,0
OP-25.001-0142,Видин,Видин,5504,0.00,0.00,0.00,0.00,0.00,0.00,0.00,0
OP-25.001-0356,Видин,Белоградчик,5501,0.00,0.00,0.00,0.00,0.00,0.00,0.00,0
OP-25.001-0357,Видин,Белоградчик,5501,0.00,0.00,0.00,0.00,0.00,0.00,0.00,0
OP-25.001-0358,Видин,Белоградчик,5501,0.00,0.00,0.00,0.00,0.00,0.00,0.00,0
OP-25.001-0359,Видин,Белоградчик,5501,0.00,0.00,0.00,0.00,0.00,0.00,0.00,0
OP-25.001-0360,Видин,Белоградчик,5501,0.00,0.00,0.00,0.00,0.00,0.00,0.00,0
OP-25.001-0361,Видин,Белоградчик,5501,0.00,0.00,0.00,0.00,0.00,0.00,0.00,0
OP-25.001-0362,Видин,Белоградчик,5501,0.00,0.00,0.00,0.00,0.00,0.00,0.00,0
OP-25.001-0363,Видин,Брегово,5503,0.00,0.00,0.00,0.00,0.00,0.00,0.00,0
OP-25.001-0364,Видин,Брегово,5503,0.00,0.00,0.00,0.00,0.00,0.00,0.00,0
OP-25.001-0365,Видин,Брегово,5503,0.00,0.00,0.00,0.00,0.00,0.00,0.00,0
OP-25.001-0366,Видин,Брегово,5503,0.00,0.00,0.00,0.00,0.00,0.00,0.00,0
OP-25.001-0367,Видин,Брегово,5503,0.00,0.00,0.00,0.00,0.00,0.00,0.00,0
OP-25.001-0368,Видин,Видин,5504,1312895.29,0.00,0.00,0.00,0.00,0.00,0.00,0
OP-25.001-0369,Видин,Видин,5504,0.00,0.00,0.00,0.00,0.00,0.00,0.00,0
OP-25.001-0370,Видин,Видин,5504,0.00,0.00,0.00,0.00,0.00,0.00,0.00,0
OP-25.001-0371,Видин,Грамада,5505,0.00,0.00,0.00,0.00,0.00,0.00,0.00,0
OP-24.001-0447,Враца,Борован,5601,2364724.95,0.00,0.00,2095697.46,31536.48,1220171.48,0.00,843989.50
OP-24.001-0448,Враца,Борован,5601,1661698.61,154998.43,0.00,1207415.77,1207415.77,0.00,0.00,0
OP-24.001-0449,Враца,Борован,5601,370533.23,0.00,125706.04,197538.06,197538.06,0.00,0.00,0
OP-24.001-0450,Враца,Борован,5601,306775.13,0.00,11146.16,0.00,0.00,0.00,0.00,0
OP-24.001-0451,Враца,Борован,5601,268428.24,13191.32,0.00,0.00,0.00,0.00,0.00,0
OP-24.001-0452,Враца,Борован,5601,162079.53,141638.06,0.00,0.00,0.00,0.00,0.00,0
OP-24.001-0453,Враца,Борован,5601,31239.93,0.00,0.00,0.00,0.00,0.00,0.00,0
OP-24.001-0454,Враца,Бяла Слатина,5602,4285699.68,0.00,611853.33,3239617.21,868959.04,0.00,0.00,2370658.17
OP-24.001-0455,Враца,Бяла Слатина,5602,1816313.28,0.00,177929.66,800683.00,355859.15,0.00,0.00,444823.85
OP-24.001-0456,Враца,Бяла Слатина,5602,727517.22,0.00,0.00,727501.25,727501.25,0.00,0.00,0
OP-24.001-0457,Враца,Бяла Слатина,5602,487363.42,0.00,0.00,485750.56,269362.19,0.00,0.00,216388.37
OP-24.001-0458,Враца,Бяла Слатина,5602,351666.56,33954.78,0.00,316185.73,316185.73,0.00,0.00,0
OP-24.001-0459,Враца,Враца,5603,11248421.39,0.00,0.00,0.00,0.00,0.00,0.00,0
OP-24.001-0460,Враца,Враца,5603,5211598.15,0.00,0.00,4700554.67,4700554.67,0.00,0.00,0
OP-24.001-0461,Враца,Козлодуй,5605,2438402.11,0.00,0.00,1900894.28,1900894.28,0.00,0.00,0
OP-24.001-0462,Враца,Козлодуй,5605,2322492.24,0.00,226280.77,2057714.88,2057714.88,0.00,0.00,0
OP-24.001-0463,Враца,Криводол,5606,4905334.31,23314.91,718059.36,2349691.93,0.00,0.00,0.00,2349691.93
OP-24.001-0464,Враца,Мездра,5607,2543063.56,0.00,0.00,2412157.66,2412157.66,0.00,0.00,0
OP-24.001-0465,Враца,Мизия,5608,2530894.81,490840.20,0.00,39880.77,0.00,0.00,0.00,39880.77
OP-24.001-0466,Враца,Мизия,5608,4959531.25,1716836.65,0.00,2751824.04,2751824.04,0.00,0.00,0
OP-24.001-0467,Враца,Мизия,5608,1022583.76,0.00,0.00,1022292.78,1022292.78,0.00,0.00,0
OP-24.001-0468,Враца,Мизия,5608,690244.04,232534.43,11555.19,132876.82,0.00,0.00,0.00,132876.82
OP-24.001-0469,Враца,Оряхово,5609,4315354.61,0.00,428974.76,3886378.34,3886378.34,0.00,0.00,0
OP-24.001-0470,Враца,Роман,5610,2215836.75,0.00,244032.86,91438.00,45719.00,0.00,0.00,45719.00
OP-24.001-0471,Враца,Роман,5610,403562.68,103218.17,0.00,86333.12,86333.12,0.00,0.00,0
OP-24.001-0472,Враца,Роман,5610,145258.02,0.00,0.00,142391.33,30177.80,0.00,0.00,112213.53
OP-24.001-0473,Враца,Роман,5610,64627.29,0.00,0.00,64084.58,13405.92,0.00,0.00,50678.66
OP-24.001-0474,Враца,Роман,5610,60332.44,41262.48,0.00,12494.86,12494.86,0.00,0.00,0
OP-24.001-0476,Враца,Хайредин,5611,1247552.19,18923.69,0.00,0.00,0.00,0.00,0.00,0
OP-24.001-1808,Враца,Враца,5603,207379.99,0.00,0.00,157989.19,157989.19,0.00,0.00,0
OP-24.001-1809,Враца,Враца,5603,920325.39,0.00,0.00,182469.84,0.00,0.00,0.00,182469.84
OP-24.001-1810,Враца,Враца,5603,639114.85,0.00,0.00,0.00,0.00,0.00,0.00,0
OP-24.001-1811,Враца,Враца,5603,389246.51,379309.01,2122.88,0.00,0.00,0.00,0.00,0
OP-24.001-1812,Враца,Враца,5603,248487.85,241090.28,0.00,0.00,0.00,0.00,0.00,0
OP-24.001-1813,Враца,Враца,5603,308309.00,0.00,0.00,2370.14,0.00,2370.14,0.00,0
OP-24.001-1814,Враца,Враца,5603,360205.13,0.00,0.00,71386.57,0.00,0.00,0.00,71386.57
OP-24.001-1815,Враца,Враца,5603,212441.78,206306.45,1779.30,0.00,0.00,0.00,0.00,0
OP-24.001-1816,Враца,Враца,5603,195211.24,243315.92,1957.27,0.00,0.00,0.00,0.00,0
OP-24.001-1817,Враца,Враца,5603,368130.15,72945.66,0.00,0.00,0.00,0.00,0.00,0
OP-24.001-1818,Враца,Враца,5603,134623.15,0.00,0.00,0.00,0.00,0.00,0.00,0
OP-24.001-1819,Враца,Враца,5603,385462.95,0.00,0.00,0.00,0.00,0.00,0.00,0
OP-24.001-1820,Враца,Враца,5603,220111.15,0.00,0.00,0.00,0.00,0.00,0.00,0
OP-24.001-1821,Враца,Враца,5603,226655.69,218666.47,0.00,1104.39,0.00,0.00,0.00,1104.39
OP-24.001-1822,Враца,Враца,5603,64422.78,60262.91,0.00,2178.10,0.00,0.00,0.00,2178.10
OP-24.001-1823,Враца,Враца,5603,50720.15,46832.29,0.00,2313.08,0.00,0.00,0.00,2313.08
OP-24.001-1824,Враца,Враца,5603,61355.03,59927.72,0.00,0.00,0.00,0.00,0.00,0
OP-24.001-1825,Враца,Враца,5603,317512.26,0.00,61066.95,2307.16,0.00,0.00,0.00,2307.16
OP-24.001-1826,Враца,Враца,5603,60588.09,56507.98,0.00,2214.92,0.00,0.00,0.00,2214.92
OP-24.001-1827,Враца,Враца,5603,78994.60,0.00,16961.12,0.00,0.00,0.00,0.00,0
OP-24.001-1828,Враца,Враца,5603,157222.25,138016.44,0.00,2328.76,0.00,0.00,0.00,2328.76
OP-24.001-1829,Враца,Враца,5603,147252.06,112343.80,0.00,31524.21,0.00,0.00,0.00,31524.21
OP-24.001-1830,Враца,Враца,5603,47550.14,37500.89,0.00,2331.49,0.00,0.00,0.00,2331.49
OP-24.001-1831,Враца,Враца,5603,222411.97,1690.33,0.00,0.00,0.00,0.00,0.00,0
OP-24.001-1832,Враца,Враца,5603,0.00,0.00,0.00,0.00,0.00,0.00,0.00,0
OP-24.001-1833,Враца,Враца,5603,272927.61,0.00,52593.56,3679.35,0.00,0.00,0.00,3679.35
OP-24.001-1834,Враца,Враца,5603,714786.05,0.00,0.00,147558.84,0.00,0.00,0.00,147558.84
OP-24.001-1835,Враца,Враца,5603,1201535.92,0.00,0.00,222919.34,0.00,0.00,0.00,222919.34
OP-24.001-1836,Враца,Мездра,5607,0.00,0.00,0.00,0.00,0.00,0.00,0.00,0
OP-24.001-1837,Враца,Мездра,5607,0.00,0.00,0.00,0.00,0.00,0.00,0.00,0
OP-24.001-1838,Враца,Мездра,5607,284533.93,0.00,0.00,0.00,0.00,0.00,0.00,0
OP-24.001-1839,Враца,Мездра,5607,231564.09,0.00,0.00,225724.16,203428.35,0.00,0.00,22295.81
OP-24.001-1840,Враца,Мездра,5607,237086.05,49550.99,0.00,0.00,0.00,0.00,0.00,0
OP-24.001-1841,Враца,Оряхово,5609,2045729.95,0.00,1390301.68,397229.05,0.00,0.00,0.00,397229.05
OP-24.001-1842,Враца,Роман,5610,0.00,0.00,0.00,0.00,0.00,0.00,0.00,0
OP-24.001-1843,Враца,Роман,5610,0.00,0.00,0.00,0.00,0.00,0.00,0.00,0
OP-24.001-1844,Враца,Роман,5610,0.00,0.00,0.00,0.00,0.00,0.00,0.00,0
OP-24.001-1845,Враца,Роман,5610,0.00,0.00,0.00,0.00,0.00,0.00,0.00,0
OP-24.001-1846,Враца,Роман,5610,0.00,0.00,0.00,0.00,0.00,0.00,0.00,0
OP-24.001-1847,Враца,Хайредин,5611,1533875.64,18923.69,0.00,0.00,0.00,0.00,0.00,0
OP-24.001-2387,Враца,Мездра,5607,0.00,0.00,0.00,0.00,0.00,0.00,0.00,0
OP-24.001-2388,Враца,Мездра,5607,0.00,0.00,0.00,0.00,0.00,0.00,0.00,0
OP-24.001-2389,Враца,Мездра,5607,0.00,0.00,0.00,0.00,0.00,0.00,0.00,0
OP-24.001-2390,Враца,Мездра,5607,0.00,0.00,0.00,0.00,0.00,0.00,0.00,0
OP-24.001-2391,Враца,Оряхово,5609,0.00,0.00,0.00,0.00,0.00,0.00,0.00,0
OP-24.001-2766,Враца,Враца,5603,97656.75,0.00,0.00,2441.93,0.00,0.00,0.00,2441.93
OP-24.001-2767,Враца,Козлодуй,5605,0.00,0.00,0.00,0.00,0.00,0.00,0.00,0
OP-24.001-2768,Враца,Козлодуй,5605,0.00,0.00,0.00,0.00,0.00,0.00,0.00,0
OP-24.001-2769,Враца,Роман,5610,1563070.41,189694.27,0.00,0.00,0.00,0.00,0.00,0
OP-24.001-2770,Враца,Роман,5610,0.00,0.00,0.00,0.00,0.00,0.00,0.00,0
OP-24.001-2771,Враца,Роман,5610,0.00,0.00,0.00,0.00,0.00,0.00,0.00,0
OP-24.001-2772,Враца,Роман,5610,0.00,0.00,0.00,0.00,0.00,0.00,0.00,0
OP-24.001-2773,Враца,Роман,5610,0.00,0.00,0.00,0.00,0.00,0.00,0.00,0
OP-24.001-2774,Враца,Роман,5610,0.00,0.00,0.00,0.00,0.00,0.00,0.00,0
OP-24.001-2775,Враца,Роман,5610,0.00,0.00,0.00,0.00,0.00,0.00,0.00,0
OP-24.001-2776,Враца,Роман,5610,0.00,0.00,0.00,0.00,0.00,0.00,0.00,0
OP-24.001-2777,Враца,Роман,5610,0.00,0.00,0.00,0.00,0.00,0.00,0.00,0
OP-24.001-2778,Враца,Роман,5610,0.00,0.00,0.00,0.00,0.00,0.00,0.00,0
OP-24.001-2779,Враца,Роман,5610,0.00,0.00,0.00,0.00,0.00,0.00,0.00,0
OP-24.001-2780,Враца,Роман,5610,0.00,0.00,0.00,0.00,0.00,0.00,0.00,0
OP-24.001-2781,Враца,Роман,5610,0.00,0.00,0.00,0.00,0.00,0.00,0.00,0
OP-25.001-0021,Враца,Криводол,5606,0.00,0.00,0.00,0.00,0.00,0.00,0.00,0
OP-25.001-0022,Враца,Криводол,5606,0.00,0.00,0.00,0.00,0.00,0.00,0.00,0
OP-25.001-0096,Враца,Роман,5610,0.00,0.00,0.00,0.00,0.00,0.00,0.00,0
OP-25.001-0143,Враца,Враца,5603,0.00,0.00,0.00,0.00,0.00,0.00,0.00,0
OP-25.001-0372,Враца,Бяла Слатина,5602,0.00,0.00,0.00,0.00,0.00,0.00,0.00,0
OP-25.001-0373,Враца,Бяла Слатина,5602,0.00,0.00,0.00,0.00,0.00,0.00,0.00,0
OP-25.001-0374,Враца,Бяла Слатина,5602,0.00,0.00,0.00,0.00,0.00,0.00,0.00,0
OP-25.001-0375,Враца,Бяла Слатина,5602,0.00,0.00,0.00,0.00,0.00,0.00,0.00,0
OP-25.001-0376,Враца,Бяла Слатина,5602,0.00,0.00,0.00,0.00,0.00,0.00,0.00,0
OP-25.001-0377,Враца,Козлодуй,5605,0.00,0.00,0.00,0.00,0.00,0.00,0.00,0
OP-25.001-0378,Враца,Козлодуй,5605,0.00,0.00,0.00,0.00,0.00,0.00,0.00,0
OP-25.001-0379,Враца,Козлодуй,5605,0.00,0.00,0.00,0.00,0.00,0.00,0.00,0
OP-25.001-0380,Враца,Козлодуй,5605,0.00,0.00,0.00,0.00,0.00,0.00,0.00,0
OP-25.001-0381,Враца,Козлодуй,5605,0.00,0.00,0.00,0.00,0.00,0.00,0.00,0
OP-25.001-0382,Враца,Козлодуй,5605,0.00,0.00,0.00,0.00,0.00,0.00,0.00,0
OP-25.001-0383,Враца,Мизия,5608,0.00,0.00,0.00,0.00,0.00,0.00,0.00,0
OP-25.001-0384,Враца,Мизия,5608,0.00,0.00,0.00,0.00,0.00,0.00,0.00,0
OP-25.001-0385,Враца,Мизия,5608,0.00,0.00,0.00,0.00,0.00,0.00,0.00,0
OP-25.001-0386,Враца,Оряхово,5609,2425875.46,2152415.65,0.00,28678.36,0.00,28678.36,0.00,0
OP-25.001-0387,Враца,Оряхово,5609,0.00,0.00,0.00,0.00,0.00,0.00,0.00,0
OP-25.001-0388,Враца,Оряхово,5609,0.00,0.00,0.00,0.00,0.00,0.00,0.00,0
OP-25.001-0389,Враца,Хайредин,5611,0.00,0.00,0.00,0.00,0.00,0.00,0.00,0
OP-25.001-0767,Враца,Роман,5610,0.00,0.00,0.00,0.00,0.00,0.00,0.00,0
OP-24.001-0477,Габрово,Габрово,5701,2991057.50,0.00,0.00,1500761.91,1479287.65,0.00,0.00,21474.26
OP-24.001-0478,Габрово,Габрово,5701,2658717.78,0.00,834136.24,500680.00,476649.28,0.00,0.00,24030.72
OP-24.001-0479,Габрово,Габрово,5701,2500217.30,0.00,834610.12,498645.87,0.00,0.00,0.00,498645.87
OP-24.001-0480,Габрово,Габрово,5701,1207671.42,0.00,15798.93,967658.14,591346.65,0.00,0.00,376311.49
OP-24.001-0481,Габрово,Габрово,5701,719387.68,100637.27,0.00,611530.86,369026.46,0.00,0.00,242504.40
OP-24.001-0482,Габрово,Габрово,5701,283255.70,0.00,0.00,97145.46,0.00,0.00,0.00,97145.46
OP-24.001-0483,Габрово,Габрово,5701,13589626.91,0.00,0.00,30023.06,0.00,0.00,0.00,30023.06
OP-24.001-0484,Габрово,Габрово,5701,175373.12,0.00,0.00,0.00,0.00,0.00,0.00,0
OP-24.001-0485,Габрово,Дряново,5702,1891626.57,0.00,0.00,1866855.19,1866855.19,0.00,0.00,0
OP-24.001-0486,Габрово,Дряново,5702,1532853.06,0.00,0.00,1531833.58,1531833.58,0.00,0.00,0
OP-24.001-0487,Габрово,Дряново,5702,913218.43,0.00,0.00,725314.15,653907.41,71406.74,0.00,0
OP-24.001-0489,Габрово,Дряново,5702,913218.43,0.00,0.00,801464.52,801464.52,0.00,0.00,0
OP-24.001-0490,Габрово,Дряново,5702,859941.81,0.00,0.00,469693.03,176491.40,0.00,0.00,293201.63
OP-24.001-0491,Габрово,Дряново,5702,278551.82,0.00,0.00,219855.50,109927.75,109927.75,0.00,0
OP-24.001-0492,Габрово,Дряново,5702,252731.58,9833.35,0.00,200729.14,180967.26,19761.88,0.00,0
OP-24.001-0493,Габрово,Дряново,5702,173839.24,0.00,0.00,171098.71,171098.71,0.00,0.00,0
OP-24.001-0494,Габрово,Дряново,5702,144347.92,0.00,0.00,143725.86,143725.86,0.00,0.00,0
OP-24.001-0497,Габрово,Севлиево,5703,1480631.75,0.00,7470.20,276367.13,0.00,0.00,0.00,276367.13
OP-24.001-0498,Габрово,Севлиево,5703,1029588.46,0.00,7292.58,163050.56,0.00,0.00,0.00,163050.56
OP-24.001-0499,Габрово,Севлиево,5703,907849.86,0.00,280495.95,165648.89,0.00,0.00,0.00,165648.89
OP-24.001-0500,Габрово,Севлиево,5703,834684.00,0.00,10195.17,533273.32,533273.32,0.00,0.00,0
OP-24.001-0503,Габрово,Трявна,5704,1669879.28,0.00,0.00,1665711.75,359119.23,0.00,0.00,1306592.52
OP-24.001-0504,Габрово,Трявна,5704,1257778.03,0.00,117592.25,1091707.50,1091707.50,0.00,0.00,0
OP-24.001-0505,Габрово,Трявна,5704,1049170.94,0.00,0.00,230405.86,0.00,230405.86,0.00,0
OP-24.001-0506,Габрово,Трявна,5704,618356.40,0.00,0.00,504467.25,465016.78,39450.47,0.00,0
OP-24.001-0507,Габрово,Трявна,5704,343076.85,0.00,0.00,69299.77,0.00,69299.77,0.00,0
OP-24.001-0508,Габрово,Трявна,5704,83442.84,0.00,41383.96,41383.96,41383.96,0.00,0.00,0
OP-24.001-0510,Габрово,Трявна,5704,33745.26,0.00,0.00,33070.36,16535.18,16535.18,0.00,0
OP-24.001-0511,Габрово,Трявна,5704,101849.34,6710.78,2392.85,85980.64,0.00,85980.64,0.00,0
OP-24.001-1848,Габрово,Габрово,5701,1827868.48,0.00,0.00,5251.99,5251.99,0.00,0.00,0
OP-24.001-1849,Габрово,Габрово,5701,1351855.73,0.00,0.00,257417.33,0.00,0.00,0.00,257417.33
OP-24.001-1850,Габрово,Габрово,5701,624798.68,0.00,0.00,509887.60,0.00,0.00,0.00,509887.60
OP-24.001-1851,Габрово,Габрово,5701,406988.34,0.00,0.00,388071.83,313583.45,0.00,0.00,74488.38
OP-24.001-1852,Габрово,Габрово,5701,364806.76,0.00,227687.13,69593.72,0.00,0.00,0.00,69593.72
OP-24.001-1853,Габрово,Габрово,5701,180997.33,0.00,0.00,35015.00,0.00,0.00,0.00,35015.00
OP-24.001-1854,Габрово,Габрово,5701,1480190.00,0.00,573976.43,593548.68,0.00,0.00,0.00,593548.68
OP-24.001-1855,Габрово,Габрово,5701,1482746.46,0.00,0.00,22431.40,0.00,0.00,0.00,22431.40
OP-24.001-1856,Габрово,Габрово,5701,1352878.32,0.00,0.00,266831.27,42002.88,0.00,0.00,224828.39
OP-24.001-1858,Габрово,Дряново,5702,227218.11,0.00,0.00,227214.71,227214.71,0.00,0.00,0
OP-24.001-1859,Габрово,Трявна,5704,2454201.03,0.00,20860.71,0.00,0.00,0.00,0.00,0
OP-24.001-1860,Габрово,Трявна,5704,14827.46,0.00,0.00,0.00,0.00,0.00,0.00,0
OP-24.001-2393,Габрово,Габрово,5701,939754.48,0.00,0.10,909275.25,0.00,0.00,0.00,909275.25
OP-24.001-2394,Габрово,Габрово,5701,2747171.28,0.00,0.00,27818.66,0.00,0.00,0.00,27818.66
OP-24.001-2395,Габрово,Габрово,5701,3595915.80,0.00,0.00,0.00,0.00,0.00,0.00,0
OP-24.001-2396,Габрово,Габрово,5701,2000173.84,0.00,30370.74,0.00,0.00,0.00,0.00,0
OP-24.001-2397,Габрово,Габрово,5701,153387.56,0.00,0.00,61048.25,0.00,0.00,0.00,61048.25
OP-24.001-2398,Габрово,Севлиево,5703,0.00,0.00,0.00,0.00,0.00,0.00,0.00,0
OP-24.001-2399,Габрово,Севлиево,5703,0.00,0.00,0.00,0.00,0.00,0.00,0.00,0
OP-24.001-2400,Габрово,Севлиево,5703,0.00,0.00,0.00,0.00,0.00,0.00,0.00,0
OP-24.001-2401,Габрово,Севлиево,5703,0.00,0.00,0.00,0.00,0.00,0.00,0.00,0
OP-24.001-2782,Габрово,Габрово,5701,4090335.05,0.00,0.00,0.00,0.00,0.00,0.00,0
OP-24.001-2783,Габрово,Габрово,5701,882745.43,0.00,0.00,0.00,0.00,0.00,0.00,0
OP-24.001-2784,Габрово,Габрово,5701,0.00,0.00,0.00,0.00,0.00,0.00,0.00,0
OP-24.001-2785,Габрово,Габрово,5701,1087517.83,0.00,0.00,0.00,0.00,0.00,0.00,0
OP-24.001-2786,Габрово,Габрово,5701,754155.52,0.00,25462.34,0.00,0.00,0.00,0.00,0
OP-24.001-2787,Габрово,Габрово,5701,196847.37,0.00,7608.02,0.00,0.00,0.00,0.00,0
OP-24.001-2788,Габрово,Габрово,5701,350234.94,0.00,12720.00,0.00,0.00,0.00,0.00,0
OP-24.001-2789,Габрово,Габрово,5701,296549.29,0.00,8896.48,0.00,0.00,0.00,0.00,0
OP-24.001-2790,Габрово,Габрово,5701,1035366.06,0.00,0.00,0.00,0.00,0.00,0.00,0
OP-24.001-2791,Габрово,Габрово,5701,1150406.73,0.00,0.00,0.00,0.00,0.00,0.00,0
OP-24.001-2792,Габрово,Габрово,5701,460162.69,0.00,0.00,0.00,0.00,0.00,0.00,0
OP-24.001-2793,Габрово,Габрово,5701,1035366.06,7669.38,0.00,0.00,0.00,0.00,0.00,0
OP-24.001-2794,Габрово,Габрово,5701,1150406.73,0.00,0.00,8589.70,0.00,0.00,0.00,8589.70
OP-24.001-2795,Габрово,Габрово,5701,306775.13,0.00,0.00,0.00,0.00,0.00,0.00,0
OP-24.001-2796,Габрово,Габрово,5701,1073712.95,0.00,0.00,0.00,0.00,0.00,0.00,0
OP-24.001-2797,Габрово,Габрово,5701,1227100.51,0.00,9203.25,0.00,0.00,0.00,0.00,0
OP-24.001-2798,Габрово,Габрово,5701,140042.85,0.00,65724.20,1457.18,0.00,0.00,0.00,1457.18
OP-24.001-2799,Габрово,Габрово,5701,29961.70,0.00,26249.27,525.81,0.00,0.00,0.00,525.81
OP-24.001-2800,Габрово,Габрово,5701,77000.56,0.00,69442.03,0.00,0.00,0.00,0.00,0
OP-24.001-2801,Габрово,Габрово,5701,0.00,0.00,0.00,0.00,0.00,0.00,0.00,0
OP-24.001-2803,Габрово,Габрово,5701,665650.90,0.00,10000.00,0.00,0.00,0.00,0.00,0
OP-24.001-2804,Габрово,Дряново,5702,0.00,0.00,0.00,0.00,0.00,0.00,0.00,0
OP-24.001-2805,Габрово,Дряново,5702,0.00,0.00,0.00,0.00,0.00,0.00,0.00,0
OP-24.001-2806,Габрово,Дряново,5702,0.00,0.00,0.00,0.00,0.00,0.00,0.00,0
OP-24.001-2807,Габрово,Дряново,5702,0.00,0.00,0.00,0.00,0.00,0.00,0.00,0
OP-24.001-2808,Габрово,Трявна,5704,26382.66,0.00,12853.88,0.00,0.00,0.00,0.00,0
OP-24.001-2809,Габрово,Трявна,5704,16565.86,0.00,7945.48,0.00,0.00,0.00,0.00,0
OP-24.001-3097,Габрово,Севлиево,5703,2152180.92,0.00,0.00,0.00,0.00,0.00,0.00,0
OP-24.001-3098,Габрово,Севлиево,5703,1851285.64,0.00,0.00,0.00,0.00,0.00,0.00,0
OP-24.001-3099,Габрово,Севлиево,5703,1826794.76,0.00,0.00,0.00,0.00,0.00,0.00,0
OP-24.001-3100,Габрово,Севлиево,5703,1710782.63,0.00,0.00,0.00,0.00,0.00,0.00,0
OP-24.001-3101,Габрово,Севлиево,5703,1582448.37,0.00,0.00,0.00,0.00,0.00,0.00,0
OP-24.001-3102,Габрово,Севлиево,5703,0.00,0.00,0.00,0.00,0.00,0.00,0.00,0
OP-24.001-3103,Габрово,Севлиево,5703,733703.85,0.00,0.00,0.00,0.00,0.00,0.00,0
OP-25.001-0390,Габрово,Габрово,5701,0.00,0.00,0.00,0.00,0.00,0.00,0.00,0
OP-25.001-0391,Габрово,Габрово,5701,0.00,0.00,0.00,0.00,0.00,0.00,0.00,0
OP-25.001-0392,Габрово,Габрово,5701,0.00,0.00,0.00,0.00,0.00,0.00,0.00,0
OP-25.001-0393,Габрово,Габрово,5701,0.00,0.00,0.00,0.00,0.00,0.00,0.00,0
OP-25.001-0394,Габрово,Дряново,5702,0.00,0.00,0.00,0.00,0.00,0.00,0.00,0
OP-25.001-0395,Габрово,Трявна,5704,0.00,0.00,0.00,0.00,0.00,0.00,0.00,0
OP-25.001-0396,Габрово,Трявна,5704,0.00,0.00,0.00,0.00,0.00,0.00,0.00,0
OP-24.001-0512,Добрич,Балчик,5801,0.00,0.00,0.00,0.00,0.00,0.00,0.00,0
OP-24.001-0513,Добрич,Балчик,5801,772817.68,713856.06,0.00,7260.34,0.00,2382.62,0.00,4877.72
OP-24.001-0514,Добрич,Генерал Тошево,5802,1577335.45,99966.09,0.00,915376.42,0.00,457688.21,0.00,457688.21
OP-24.001-0515,Добрич,Генерал Тошево,5802,25564.59,0.00,0.00,0.00,0.00,0.00,0.00,0
OP-24.001-0517,Добрич,Добрич,5803,6628234.56,54243.97,1246085.24,1774294.72,244721.62,0.00,0.00,1529573.10
OP-24.001-0518,Добрич,Добрич,5803,6654566.09,0.00,2384003.32,2596505.01,0.00,23684.26,0.00,2572820.75
OP-24.001-0520,Добрич,Добрич,5803,6165055.25,0.00,1816122.29,2700397.65,0.00,0.00,0.00,2700397.65
OP-24.001-0521,Добрич,Добрич,5803,1896228.20,0.00,0.00,247781.31,0.00,0.00,0.00,247781.31
OP-24.001-0522,Добрич,Добрич,5803,1043035.44,0.00,0.00,0.00,0.00,0.00,0.00,0
OP-24.001-0524,Добрич,Добрич,5803,819856.53,0.00,0.00,0.00,0.00,0.00,0.00,0
OP-24.001-0525,Добрич,Добрич,5803,745770.34,0.00,0.00,0.00,0.00,0.00,0.00,0
OP-24.001-0529,Добрич,Добрич,5803,399779.12,108313.38,0.00,0.00,0.00,0.00,0.00,0
OP-24.001-0530,Добрич,Добрич,5803,354325.27,0.00,0.00,0.00,0.00,0.00,0.00,0
OP-24.001-0533,Добрич,Добрич,5803,0.00,0.00,0.00,0.00,0.00,0.00,0.00,0
OP-24.001-0535,Добрич,Добрич,5803,132373.47,126658.31,0.00,2822.26,613.55,2208.71,0.00,0
OP-24.001-0536,Добрич,Добрич,5803,0.00,0.00,0.00,0.00,0.00,0.00,0.00,0
OP-24.001-0537,Добрич,Добрич,5803,0.00,0.00,0.00,0.00,0.00,0.00,0.00,0
OP-24.001-0541,Добрич,Добрич,5803,32313.65,0.00,0.00,613.55,613.55,0.00,0.00,0
OP-24.001-0543,Добрич,Добричка,5804,1974609.25,0.00,830369.48,13191.13,0.00,13191.13,0.00,0
OP-24.001-0544,Добрич,Добричка,5804,1578358.04,0.00,0.00,1504743.64,727657.44,5322.71,0.00,771763.49
OP-24.001-0545,Добрич,Добричка,5804,1482746.46,0.00,0.00,1171256.74,1045532.23,0.00,0.00,125724.51
OP-24.001-0546,Добрич,Добричка,5804,221849.55,0.00,0.00,162805.95,0.00,22481.08,0.00,140324.87
OP-24.001-0547,Добрич,Каварна,5805,1324603.88,0.00,111103.04,994008.14,994008.14,0.00,0.00,0
OP-24.001-0548,Добрич,Каварна,5805,718876.38,0.00,27619.69,558840.61,558840.61,0.00,0.00,0
OP-24.001-0549,Добрич,Каварна,5805,668258.49,0.00,30695.51,625687.13,625687.13,0.00,0.00,0
OP-24.001-0550,Добрич,Крушари,5806,4518235.22,0.00,0.00,847754.66,0.00,0.00,0.00,847754.66
OP-24.001-0551,Добрич,Крушари,5806,1757923.75,69897.14,189421.85,1478959.06,1474715.34,4243.72,0.00,0
OP-24.001-0552,Добрич,Крушари,5806,0.00,0.00,0.00,0.00,0.00,0.00,0.00,0
OP-24.001-0553,Добрич,Тервел,5807,1888712.21,0.00,0.00,1706085.59,980840.10,0.00,0.00,725245.49
OP-24.001-0554,Добрич,Тервел,5807,1840650.77,0.00,826130.26,826130.26,826130.26,0.00,0.00,0
OP-24.001-0555,Добрич,Тервел,5807,2534985.15,0.00,0.00,1212884.52,252705.16,0.00,0.00,960179.36
OP-24.001-0556,Добрич,Тервел,5807,511803.17,231786.96,0.00,0.00,0.00,0.00,0.00,0
OP-24.001-0557,Добрич,Тервел,5807,137026.22,0.00,1771.80,125563.56,125563.56,0.00,0.00,0
OP-24.001-0558,Добрич,Тервел,5807,108393.88,0.00,0.00,108393.88,108393.88,0.00,0.00,0
OP-24.001-0559,Добрич,Шабла,5808,3104564.30,0.00,0.00,3093350.78,3093350.78,0.00,0.00,0
OP-24.001-0560,Добрич,Шабла,5808,2645424.19,0.00,259604.95,2351836.98,1440550.53,0.00,0.00,911286.45
OP-24.001-0561,Добрич,Шабла,5808,1763956.99,0.00,353983.37,0.00,0.00,0.00,0.00,0
OP-24.001-0562,Добрич,Шабла,5808,1099277.54,0.00,217122.47,0.00,0.00,0.00,0.00,0
OP-24.001-0563,Добрич,Шабла,5808,838518.69,0.00,83258.90,753809.04,0.00,0.00,0.00,753809.04
OP-24.001-1862,Добрич,Балчик,5801,0.00,0.00,0.00,0.00,0.00,0.00,0.00,0
OP-24.001-1863,Добрич,Балчик,5801,0.00,0.00,0.00,0.00,0.00,0.00,0.00,0
OP-24.001-1864,Добрич,Балчик,5801,1391941.02,0.00,0.00,756497.33,0.00,481407.39,0.00,275089.94
OP-24.001-1865,Добрич,Балчик,5801,0.00,0.00,0.00,0.00,0.00,0.00,0.00,0
OP-24.001-1866,Добрич,Балчик,5801,0.00,0.00,0.00,0.00,0.00,0.00,0.00,0
OP-24.001-1867,Добрич,Генерал Тошево,5802,1373176.61,0.00,0.00,0.00,0.00,0.00,0.00,0
OP-24.001-1869,Добрич,Генерал Тошево,5802,512109.95,0.00,0.00,119177.90,0.00,119177.90,0.00,0
OP-24.001-1870,Добрич,Генерал Тошево,5802,475092.42,0.00,0.00,197312.74,192619.08,0.00,0.00,4693.66
OP-24.001-1872,Добрич,Тервел,5807,189178.00,0.00,81427.51,0.00,0.00,0.00,0.00,0
OP-24.001-1873,Добрич,Тервел,5807,148274.65,0.00,0.00,128245.59,128245.59,0.00,0.00,0
OP-24.001-1874,Добрич,Тервел,5807,138048.81,0.00,57593.40,58519.86,58519.86,0.00,0.00,0
OP-24.001-1875,Добрич,Тервел,5807,53685.65,0.00,20552.22,0.00,0.00,0.00,0.00,0
OP-24.001-1876,Добрич,Тервел,5807,66979.24,0.00,0.00,62892.88,62892.88,0.00,0.00,0
OP-24.001-1877,Добрич,Тервел,5807,1891268.67,1507.49,821952.83,0.00,0.00,0.00,0.00,0
OP-24.001-1878,Добрич,Тервел,5807,46016.27,0.00,12731.17,20032.05,20032.05,0.00,0.00,0
OP-24.001-1879,Добрич,Шабла,5808,65956.65,0.00,0.00,0.00,0.00,0.00,0.00,0
OP-24.001-1880,Добрич,Шабла,5808,43971.10,0.00,0.00,0.00,0.00,0.00,0.00,0
OP-24.001-1881,Добрич,Шабла,5808,0.00,0.00,0.00,0.00,0.00,0.00,0.00,0
OP-24.001-1882,Добрич,Шабла,5808,0.00,0.00,0.00,0.00,0.00,0.00,0.00,0
OP-24.001-1883,Добрич,Шабла,5808,81806.70,0.00,0.00,0.00,0.00,0.00,0.00,0
OP-24.001-2402,Добрич,Добричка,5804,2585603.04,27609.76,0.00,1049370.98,0.00,1036486.42,0.00,12884.56
OP-24.001-2680,Добрич,Каварна,5805,2356646.54,0.00,266626.74,1635774.65,0.00,0.00,0.00,1635774.65
OP-24.001-2810,Добрич,Добрич,5803,31502891.35,0.00,0.00,1152613.23,0.00,0.00,0.00,1152613.23
OP-25.001-0023,Добрич,Каварна,5805,0.00,0.00,0.00,0.00,0.00,0.00,0.00,0
OP-25.001-0397,Добрич,Генерал Тошево,5802,0.00,0.00,0.00,0.00,0.00,0.00,0.00,0
OP-25.001-0398,Добрич,Генерал Тошево,5802,0.00,0.00,0.00,0.00,0.00,0.00,0.00,0
OP-25.001-0399,Добрич,Генерал Тошево,5802,0.00,0.00,0.00,0.00,0.00,0.00,0.00,0
OP-25.001-0400,Добрич,Генерал Тошево,5802,0.00,0.00,0.00,0.00,0.00,0.00,0.00,0
OP-25.001-0401,Добрич,Генерал Тошево,5802,0.00,0.00,0.00,0.00,0.00,0.00,0.00,0
OP-25.001-0402,Добрич,Добричка,5804,0.00,0.00,0.00,0.00,0.00,0.00,0.00,0
OP-25.001-0403,Добрич,Добричка,5804,0.00,0.00,0.00,0.00,0.00,0.00,0.00,0
OP-25.001-0404,Добрич,Добричка,5804,0.00,0.00,0.00,0.00,0.00,0.00,0.00,0
OP-25.001-0405,Добрич,Добричка,5804,0.00,0.00,0.00,0.00,0.00,0.00,0.00,0
OP-25.001-0406,Добрич,Добричка,5804,0.00,0.00,0.00,0.00,0.00,0.00,0.00,0
OP-25.001-0407,Добрич,Добричка,5804,0.00,0.00,0.00,0.00,0.00,0.00,0.00,0
OP-25.001-0408,Добрич,Тервел,5807,0.00,0.00,0.00,0.00,0.00,0.00,0.00,0
OP-25.001-0409,Добрич,Шабла,5808,0.00,0.00,0.00,0.00,0.00,0.00,0.00,0
OP-24.001-0564,Кърджали,Ардино,5901,737282.89,0.00,496124.68,147456.58,147456.58,0.00,0.00,0
OP-24.001-0565,Кърджали,Ардино,5901,946401.27,413473.57,0.00,15338.76,0.00,0.00,0.00,15338.76
OP-24.001-0567,Кърджали,Джебел,5902,1193866.54,0.00,0.00,1185617.00,1185617.00,0.00,0.00,0
OP-24.001-0568,Кърджали,Джебел,5902,1021867.95,0.00,0.00,1015583.73,1015583.73,0.00,0.00,0
OP-24.001-0569,Кърджали,Джебел,5902,513797.21,0.00,0.00,513512.85,513512.85,0.00,0.00,0
OP-24.001-0570,Кърджали,Джебел,5902,387047.95,0.00,0.00,386608.09,386608.09,0.00,0.00,0
OP-24.001-0571,Кърджали,Джебел,5902,384491.49,38327.40,0.00,345641.50,345641.50,0.00,0.00,0
OP-24.001-0572,Кърджали,Кирково,5903,1382686.63,0.00,0.00,1073971.50,1049905.64,24065.86,0.00,0
OP-24.001-0574,Кърджали,Кирково,5903,977283.30,0.00,0.00,0.00,0.00,0.00,0.00,0
OP-24.001-0575,Кърджали,Кирково,5903,694845.67,0.00,0.00,0.00,0.00,0.00,0.00,0
OP-24.001-0576,Кърджали,Кирково,5903,365624.82,0.00,0.00,343127.99,343127.99,0.00,0.00,0
OP-24.001-0577,Кърджали,Кирково,5903,333975.86,0.00,0.00,292405.16,292405.16,0.00,0.00,0
OP-24.001-0578,Кърджали,Кирково,5903,333515.69,0.00,23342.04,296318.81,296318.81,0.00,0.00,0
OP-24.001-0579,Кърджали,Крумовград,5904,990014.47,0.00,176802.48,803086.15,803086.15,0.00,0.00,0
OP-24.001-0580,Кърджали,Крумовград,5904,910866.49,397909.33,0.00,15591.48,15591.48,0.00,0.00,0
OP-24.001-0581,Кърджали,Крумовград,5904,443596.84,0.00,0.00,202435.32,202435.32,0.00,0.00,0
OP-24.001-0582,Кърджали,Кърджали,5905,11808286.00,0.00,0.00,11057482.03,11032081.42,0.00,0.00,25400.61
OP-24.001-0583,Кърджали,Кърджали,5905,10137435.26,0.00,0.00,9181345.64,9181345.64,0.00,0.00,0
OP-24.001-0584,Кърджали,Кърджали,5905,2340643.10,0.00,0.00,1051512.19,1051512.19,0.00,0.00,0
OP-24.001-0585,Кърджали,Кърджали,5905,1278229.70,0.00,0.00,0.00,0.00,0.00,0.00,0
OP-24.001-0586,Кърджали,Момчилград,5906,1681945.77,0.00,0.00,1177402.94,0.00,0.00,0.00,1177402.94
OP-24.001-0587,Кърджали,Момчилград,5906,1370006.60,701505.52,0.00,661811.15,661811.15,0.00,0.00,0
OP-24.001-0588,Кърджали,Момчилград,5906,480818.89,0.00,0.00,420414.22,420414.22,0.00,0.00,0
OP-24.001-0589,Кърджали,Черноочене,5907,825889.78,0.00,0.00,533185.33,530731.13,0.00,0.00,2454.20
OP-24.001-0590,Кърджали,Черноочене,5907,836217.87,0.00,0.00,132561.36,0.00,0.00,0.00,132561.36
OP-24.001-0591,Кърджали,Черноочене,5907,404789.78,0.00,0.00,0.00,0.00,0.00,0.00,0
OP-24.001-1884,Кърджали,Ардино,5901,3275335.79,0.00,97285.67,2195449.39,1804814.40,0.00,0.00,390634.99
OP-24.001-1885,Кърджали,Джебел,5902,439097.47,0.00,0.00,438750.20,438750.20,0.00,0.00,0
OP-24.001-1886,Кърджали,Джебел,5902,467218.52,0.00,0.00,462500.41,462500.41,0.00,0.00,0
OP-24.001-1887,Кърджали,Момчилград,5906,754360.04,298934.97,0.00,298938.41,298938.41,0.00,0.00,0
OP-24.001-1888,Кърджали,Момчилград,5906,553575.72,69414.74,0.00,471615.63,471615.63,0.00,0.00,0
OP-24.001-1889,Кърджали,Момчилград,5906,186110.24,23406.19,0.00,162659.40,0.00,0.00,0.00,162659.40
OP-24.001-1890,Кърджали,Момчилград,5906,1053261.28,0.00,0.00,737282.89,383095.45,0.00,0.00,354187.44
OP-24.001-1891,Кърджали,Момчилград,5906,1329358.89,0.00,0.00,526892.48,0.00,0.00,0.00,526892.48
OP-24.001-1892,Кърджали,Момчилград,5906,235194.27,0.00,0.00,235100.62,235100.62,0.00,0.00,0
OP-24.001-2403,Кърджали,Крумовград,5904,1393832.80,0.00,0.00,0.00,0.00,0.00,0.00,0
OP-24.001-2404,Кърджали,Крумовград,5904,1046052.06,0.00,812379.52,222923.26,222923.26,0.00,0.00,0
OP-24.001-2405,Кърджали,Крумовград,5904,178287.48,0.00,92858.63,81788.22,77669.38,0.00,0.00,4118.84
OP-24.001-2811,Кърджали,Джебел,5902,705480.54,0.00,318532.75,382118.83,382118.83,0.00,0.00,0
OP-24.001-2812,Кърджали,Крумовград,5904,2706728.09,0.00,0.00,43439.36,0.00,0.00,0.00,43439.36
OP-24.001-2813,Кърджали,Черноочене,5907,1189469.43,237880.32,0.00,0.00,0.00,0.00,0.00,0
OP-25.001-0064,Кърджали,Кърджали,5905,0.00,0.00,0.00,0.00,0.00,0.00,0.00,0
OP-25.001-0073,Кърджали,Кърджали,5905,0.00,0.00,0.00,0.00,0.00,0.00,0.00,0
OP-25.001-0093,Кърджали,Черноочене,5907,717240.25,494916.26,0.00,120979.53,0.00,0.00,0.00,120979.53
OP-25.001-0102,Кърджали,Джебел,5902,465991.42,0.00,0.00,0.00,0.00,0.00,0.00,0
OP-25.001-0120,Кърджали,Кърджали,5905,0.00,0.00,0.00,0.00,0.00,0.00,0.00,0
OP-25.001-0410,Кърджали,Кирково,5903,0.00,0.00,0.00,0.00,0.00,0.00,0.00,0
OP-25.001-0411,Кърджали,Кирково,5903,0.00,0.00,0.00,0.00,0.00,0.00,0.00,0
OP-25.001-0768,Кърджали,Ардино,5901,153898.86,0.00,0.00,0.00,0.00,0.00,0.00,0
OP-24.001-0592,Кюстендил,Бобов дол,6001,4916378.21,0.00,2605700.75,0.00,0.00,0.00,0.00,0
OP-24.001-0593,Кюстендил,Бобов дол,6001,1006017.91,0.00,652580.24,210293.91,0.00,0.00,0.00,210293.91
OP-24.001-0594,Кюстендил,Бобов дол,6001,1376193.23,0.00,457481.42,267045.39,0.00,12823.20,0.00,254222.19
OP-24.001-0595,Кюстендил,Бобов дол,6001,1364535.77,0.00,0.00,0.00,0.00,0.00,0.00,0
OP-24.001-0597,Кюстендил,Бобов дол,6001,1022583.76,0.00,0.00,0.00,0.00,0.00,0.00,0
OP-24.001-0598,Кюстендил,Бобов дол,6001,682267.89,0.00,0.00,0.00,0.00,0.00,0.00,0
OP-24.001-0599,Кюстендил,Бобов дол,6001,280750.37,0.00,0.00,273315.60,273315.60,0.00,0.00,0
OP-24.001-0600,Кюстендил,Бобов дол,6001,545804.08,0.00,0.00,0.00,0.00,0.00,0.00,0
OP-24.001-0601,Кюстендил,Бобов дол,6001,434598.10,0.00,0.00,0.00,0.00,0.00,0.00,0
OP-24.001-0602,Кюстендил,Бобов дол,6001,429485.18,0.00,0.00,0.00,0.00,0.00,0.00,0
OP-24.001-0603,Кюстендил,Бобов дол,6001,429485.18,0.00,0.00,0.00,0.00,0.00,0.00,0
OP-24.001-0604,Кюстендил,Бобов дол,6001,409340.28,0.00,0.00,0.00,0.00,0.00,0.00,0
OP-24.001-0605,Кюстендил,Бобов дол,6001,398807.67,0.00,0.00,0.00,0.00,0.00,0.00,0
OP-24.001-0606,Кюстендил,Бобов дол,6001,276097.62,0.00,0.00,0.00,0.00,0.00,0.00,0
OP-24.001-0607,Кюстендил,Бобов дол,6001,238773.31,0.00,0.00,0.00,0.00,0.00,0.00,0
OP-24.001-0608,Кюстендил,Бобов дол,6001,214742.59,0.00,0.00,0.00,0.00,0.00,0.00,0
OP-24.001-0609,Кюстендил,Бобов дол,6001,170566.97,0.00,0.00,0.00,0.00,0.00,0.00,0
OP-24.001-0610,Кюстендил,Бобов дол,6001,165658.57,0.00,0.00,0.00,0.00,0.00,0.00,0
OP-24.001-0611,Кюстендил,Бобов дол,6001,158449.35,0.00,0.00,0.00,0.00,0.00,0.00,0
OP-24.001-0612,Кюстендил,Бобов дол,6001,120255.85,116301.63,116328.63,0.00,0.00,0.00,0.00,0
OP-24.001-0613,Кюстендил,Бобов дол,6001,107371.30,0.00,0.00,0.00,0.00,0.00,0.00,0
OP-24.001-0614,Кюстендил,Бобов дол,6001,102360.63,0.00,0.00,0.00,0.00,0.00,0.00,0
OP-24.001-0616,Кюстендил,Бобов дол,6001,92032.54,0.00,0.00,0.00,0.00,0.00,0.00,0
OP-24.001-0617,Кюстендил,Бобов дол,6001,68206.34,0.00,0.00,0.00,0.00,0.00,0.00,0
OP-24.001-0619,Кюстендил,Бобов дол,6001,61355.03,0.00,0.00,0.00,0.00,0.00,0.00,0
OP-24.001-0620,Кюстендил,Бобов дол,6001,477239.84,0.00,0.00,0.00,0.00,0.00,0.00,0
OP-24.001-0621,Кюстендил,Бобов дол,6001,42948.52,0.00,0.00,0.00,0.00,0.00,0.00,0
OP-24.001-0622,Кюстендил,Бобов дол,6001,39880.77,0.00,0.00,0.00,0.00,0.00,0.00,0
OP-24.001-0623,Кюстендил,Бобов дол,6001,15338.76,0.00,0.00,0.00,0.00,0.00,0.00,0
OP-24.001-0624,Кюстендил,Бобошево,6002,2359663.16,870274.98,12680.04,229665.97,229665.97,0.00,0.00,0
OP-24.001-0625,Кюстендил,Бобошево,6002,525710.31,415242.55,2331.49,0.00,0.00,0.00,0.00,0
OP-24.001-0626,Кюстендил,Дупница,6003,1640940.16,936943.40,5777.60,267698.11,0.00,0.00,0.00,267698.11
OP-24.001-0627,Кюстендил,Дупница,6003,1265447.41,144638.57,409767.24,591821.49,0.00,0.00,0.00,591821.49
OP-24.001-0628,Кюстендил,Кочериново,6004,684313.05,0.00,55316.94,507397.53,498336.19,0.00,0.00,9061.34
OP-24.001-0629,Кюстендил,Кочериново,6004,558126.22,0.00,0.00,376971.86,0.00,0.00,0.00,376971.86
OP-24.001-0630,Кюстендил,Кочериново,6004,236165.72,0.00,44975.28,0.00,0.00,0.00,0.00,0
OP-24.001-0631,Кюстендил,Кюстендил,6005,10154972.57,3342390.02,0.00,2183329.50,2183329.50,0.00,0.00,0
OP-24.001-0632,Кюстендил,Кюстендил,6005,3049498.17,0.00,896643.60,1450773.68,1409011.36,0.00,0.00,41762.32
OP-24.001-0633,Кюстендил,Кюстендил,6005,2908472.96,0.00,0.00,1472261.92,516291.63,0.00,0.00,955970.29
OP-24.001-0634,Кюстендил,Кюстендил,6005,1304663.49,139439.00,0.00,998669.91,238549.31,0.00,0.00,760120.60
OP-24.001-0635,Кюстендил,Кюстендил,6005,540179.87,0.00,0.00,485266.13,485266.13,0.00,0.00,0
OP-24.001-0637,Кюстендил,Кюстендил,6005,581543.39,241849.28,4211.69,241849.28,241849.28,0.00,0.00,0
OP-24.001-0639,Кюстендил,Кюстендил,6005,349723.65,0.00,0.00,0.00,0.00,0.00,0.00,0
OP-24.001-0641,Кюстендил,Кюстендил,6005,131913.31,0.00,0.00,0.00,0.00,0.00,0.00,0
OP-24.001-0643,Кюстендил,Кюстендил,6005,81602.18,0.00,0.00,0.00,0.00,0.00,0.00,0
OP-24.001-0646,Кюстендил,Кюстендил,6005,178952.16,15330.97,69289.43,89320.64,89320.64,0.00,0.00,0
OP-24.001-0647,Кюстендил,Кюстендил,6005,46016.27,0.00,0.00,0.00,0.00,0.00,0.00,0
OP-24.001-0648,Кюстендил,Кюстендил,6005,76693.78,0.00,0.00,0.00,0.00,0.00,0.00,0
OP-24.001-0649,Кюстендил,Кюстендил,6005,32824.94,0.00,26254.50,6563.62,6563.62,0.00,0.00,0
OP-24.001-0650,Кюстендил,Кюстендил,6005,35279.14,0.00,0.00,7055.83,7055.83,0.00,0.00,0
OP-24.001-0651,Кюстендил,Кюстендил,6005,36455.11,0.00,0.00,7289.78,7289.78,0.00,0.00,0
OP-24.001-0652,Кюстендил,Кюстендил,6005,42948.52,0.00,0.00,0.00,0.00,0.00,0.00,0
OP-24.001-0653,Кюстендил,Кюстендил,6005,28683.47,0.00,0.00,5736.69,5736.69,0.00,0.00,0
OP-24.001-0656,Кюстендил,Кюстендил,6005,29757.19,0.00,29757.19,0.00,0.00,0.00,0.00,0
OP-24.001-0657,Кюстендил,Кюстендил,6005,24030.72,0.00,0.00,4806.14,4806.14,0.00,0.00,0
OP-24.001-0658,Кюстендил,Кюстендил,6005,24030.72,0.00,0.00,4806.14,4806.14,0.00,0.00,0
OP-24.001-0659,Кюстендил,Кюстендил,6005,27354.12,0.00,0.00,27354.12,27354.12,0.00,0.00,0
OP-24.001-0660,Кюстендил,Кюстендил,6005,23008.13,0.00,0.00,23008.13,23008.13,0.00,0.00,0
OP-24.001-0661,Кюстендил,Кюстендил,6005,18406.51,0.00,0.00,0.00,0.00,0.00,0.00,0
OP-24.001-0662,Кюстендил,Невестино,6006,732425.62,0.00,133946.70,0.00,0.00,0.00,0.00,0
OP-24.001-0663,Кюстендил,Рила,6007,0.00,0.00,0.00,0.00,0.00,0.00,0.00,0
OP-24.001-0664,Кюстендил,Рила,6007,0.00,0.00,0.00,0.00,0.00,0.00,0.00,0
OP-24.001-0665,Кюстендил,Рила,6007,0.00,0.00,0.00,0.00,0.00,0.00,0.00,0
OP-24.001-0666,Кюстендил,Сапарева баня,6008,1316934.50,92557.35,0.00,942926.45,849523.45,0.00,0.00,93403.00
OP-24.001-0667,Кюстендил,Сапарева баня,6008,459907.05,0.00,0.00,348205.05,348205.05,0.00,0.00,0
OP-24.001-1893,Кюстендил,Бобов дол,6001,613550.26,0.00,0.00,0.00,0.00,0.00,0.00,0
OP-24.001-1894,Кюстендил,Кочериново,6004,2087297.98,0.00,0.00,2055621.31,2055621.31,0.00,0.00,0
OP-24.001-1895,Кюстендил,Кочериново,6004,991599.47,186712.61,0.00,27742.14,0.00,0.00,0.00,27742.14
OP-24.001-1896,Кюстендил,Кюстендил,6005,2841964.79,0.00,273343.04,1225969.27,0.00,0.00,0.00,1225969.27
OP-24.001-1897,Кюстендил,Сапарева баня,6008,0.00,0.00,0.00,0.00,0.00,0.00,0.00,0
OP-24.001-1898,Кюстендил,Сапарева баня,6008,1028054.59,0.00,20.32,436013.23,16361.34,0.00,0.00,419651.89
OP-24.001-1899,Кюстендил,Сапарева баня,6008,664986.22,0.00,0.01,120144.29,0.00,0.00,0.00,120144.29
OP-24.001-1900,Кюстендил,Сапарева баня,6008,506894.77,0.00,0.00,102610.57,0.00,0.00,0.00,102610.57
OP-24.001-1901,Кюстендил,Сапарева баня,6008,669638.98,0.00,0.00,135852.54,0.00,0.00,0.00,135852.54
OP-24.001-1902,Кюстендил,Сапарева баня,6008,0.00,0.00,0.00,0.00,0.00,0.00,0.00,0
OP-24.001-1903,Кюстендил,Сапарева баня,6008,732579.01,0.00,159068.11,0.00,0.00,0.00,0.00,0
OP-24.001-2406,Кюстендил,Дупница,6003,4334937.09,0.00,0.00,3210197.16,743162.74,1233517.21,0.00,1233517.21
OP-24.001-2407,Кюстендил,Кочериново,6004,34358.81,8115.71,0.00,0.00,0.00,0.00,0.00,0
OP-24.001-2408,Кюстендил,Кочериново,6004,33233.97,0.00,0.00,0.00,0.00,0.00,0.00,0
OP-24.001-2409,Кюстендил,Кочериново,6004,30677.51,0.00,0.00,0.00,0.00,0.00,0.00,0
OP-24.001-2410,Кюстендил,Кочериново,6004,25564.59,0.00,0.00,25564.59,25564.59,0.00,0.00,0
OP-24.001-2411,Кюстендил,Кюстендил,6005,920785.55,0.00,88291.72,826550.27,411894.69,0.00,0.00,414655.58
OP-24.001-2412,Кюстендил,Кюстендил,6005,61355.03,0.00,42334.97,0.00,0.00,0.00,0.00,0
OP-24.001-2413,Кюстендил,Кюстендил,6005,23877.33,0.00,0.00,4969.76,4969.76,0.00,0.00,0
OP-24.001-2414,Кюстендил,Кюстендил,6005,28632.35,0.00,0.00,0.00,0.00,0.00,0.00,0
OP-24.001-2415,Кюстендил,Кюстендил,6005,15338.76,0.00,0.00,0.00,0.00,0.00,0.00,0
OP-24.001-2416,Кюстендил,Рила,6007,0.00,0.00,0.00,0.00,0.00,0.00,0.00,0
OP-24.001-2417,Кюстендил,Рила,6007,0.00,0.00,0.00,0.00,0.00,0.00,0.00,0
OP-24.001-2418,Кюстендил,Рила,6007,0.00,0.00,0.00,0.00,0.00,0.00,0.00,0
OP-24.001-2419,Кюстендил,Рила,6007,0.00,0.00,0.00,0.00,0.00,0.00,0.00,0
OP-24.001-2420,Кюстендил,Рила,6007,0.00,0.00,0.00,0.00,0.00,0.00,0.00,0
OP-24.001-2684,Кюстендил,Кюстендил,6005,1558571.04,0.00,151968.76,1400629.98,698424.51,0.00,0.00,702205.47
OP-24.001-2689,Кюстендил,Бобошево,6002,0.00,0.00,0.00,0.00,0.00,0.00,0.00,0
OP-24.001-2814,Кюстендил,Дупница,6003,3817305.19,0.00,0.00,2125793.67,0.00,1317182.58,0.00,808611.09
OP-24.001-2815,Кюстендил,Дупница,6003,0.00,0.00,0.00,0.00,0.00,0.00,0.00,0
OP-24.001-2816,Кюстендил,Дупница,6003,0.00,0.00,0.00,0.00,0.00,0.00,0.00,0
OP-24.001-2818,Кюстендил,Дупница,6003,0.00,0.00,0.00,0.00,0.00,0.00,0.00,0
OP-24.001-2819,Кюстендил,Кочериново,6004,20247.16,0.00,0.00,0.00,0.00,0.00,0.00,0
OP-24.001-2820,Кюстендил,Кюстендил,6005,689477.10,214684.02,0.00,122676.58,0.00,0.00,0.00,122676.58
OP-24.001-2821,Кюстендил,Рила,6007,0.00,0.00,0.00,0.00,0.00,0.00,0.00,0
OP-24.001-2822,Кюстендил,Сапарева баня,6008,927739.12,0.00,0.00,608040.49,0.00,0.00,0.00,608040.49
OP-24.001-2823,Кюстендил,Сапарева баня,6008,1022583.76,0.00,581939.90,174832.68,0.00,0.00,0.00,174832.68
OP-24.001-2824,Кюстендил,Сапарева баня,6008,0.00,0.00,0.00,0.00,0.00,0.00,0.00,0
OP-24.001-2825,Кюстендил,Сапарева баня,6008,0.00,0.00,0.00,0.00,0.00,0.00,0.00,0
OP-25.001-0095,Кюстендил,Бобошево,6002,0.00,0.00,0.00,0.00,0.00,0.00,0.00,0
OP-25.001-0412,Кюстендил,Бобов дол,6001,0.00,0.00,0.00,0.00,0.00,0.00,0.00,0
OP-25.001-0413,Кюстендил,Дупница,6003,0.00,0.00,0.00,0.00,0.00,0.00,0.00,0
OP-25.001-0414,Кюстендил,Дупница,6003,0.00,0.00,0.00,0.00,0.00,0.00,0.00,0
OP-25.001-0415,Кюстендил,Кочериново,6004,0.00,0.00,0.00,0.00,0.00,0.00,0.00,0
OP-25.001-0416,Кюстендил,Кюстендил,6005,0.00,0.00,0.00,0.00,0.00,0.00,0.00,0
OP-25.001-0417,Кюстендил,Сапарева баня,6008,0.00,0.00,0.00,0.00,0.00,0.00,0.00,0
OP-25.001-0418,Кюстендил,Сапарева баня,6008,0.00,0.00,0.00,0.00,0.00,0.00,0.00,0
OP-24.001-0668,Ловеч,Априлци,6101,2463148.64,0.00,0.00,2028784.98,2028784.98,0.00,0.00,0
OP-24.001-0669,Ловеч,Априлци,6101,737231.76,0.00,0.00,552767.46,552767.46,0.00,0.00,0
OP-24.001-0670,Ловеч,Априлци,6101,120153.59,0.00,0.00,0.00,0.00,0.00,0.00,0
OP-24.001-0671,Ловеч,Летница,6102,1638843.87,0.00,0.00,1377186.90,1377186.90,0.00,0.00,0
OP-24.001-0672,Ловеч,Летница,6102,1131488.93,0.00,0.00,838876.58,838876.58,0.00,0.00,0
OP-24.001-0673,Ловеч,Летница,6102,593354.23,0.00,0.00,559700.80,559700.80,0.00,0.00,0
OP-24.001-0674,Ловеч,Летница,6102,83442.84,0.00,0.00,81020.08,81020.08,0.00,0.00,0
OP-24.001-0676,Ловеч,Ловеч,6103,2228772.44,0.00,0.00,0.00,0.00,0.00,0.00,0
OP-24.001-0677,Ловеч,Ловеч,6103,1363104.16,0.00,0.00,0.00,0.00,0.00,0.00,0
OP-24.001-0678,Ловеч,Ловеч,6103,0.00,0.00,0.00,0.00,0.00,0.00,0.00,0
OP-24.001-0680,Ловеч,Ловеч,6103,685335.64,0.00,0.00,685337.78,0.00,685337.78,0.00,0
OP-24.001-0681,Ловеч,Ловеч,6103,213464.36,0.00,0.00,15831.94,0.00,0.00,0.00,15831.94
OP-24.001-0682,Ловеч,Ловеч,6103,0.00,0.00,0.00,0.00,0.00,0.00,0.00,0
OP-24.001-0683,Ловеч,Ловеч,6103,44635.78,0.00,0.00,0.00,0.00,0.00,0.00,0
OP-24.001-0684,Ловеч,Луковит,6104,1486325.50,1136905.37,0.00,312985.74,312985.74,0.00,0.00,0
OP-24.001-0685,Ловеч,Луковит,6104,1959014.84,0.00,0.00,1764949.20,1039837.97,0.00,0.00,725111.23
OP-24.001-0686,Ловеч,Тетевен,6105,4835133.93,2392075.98,0.00,866492.78,183042.50,0.00,0.00,683450.28
OP-24.001-0687,Ловеч,Тетевен,6105,2057387.40,0.00,0.00,22982.57,0.00,0.00,0.00,22982.57
OP-24.001-0689,Ловеч,Тетевен,6105,281772.96,0.00,0.00,249169.50,249169.50,0.00,0.00,0
OP-24.001-0690,Ловеч,Тетевен,6105,301150.92,0.00,12547.73,185732.27,0.00,0.00,0.00,185732.27
OP-24.001-0691,Ловеч,Тетевен,6105,822770.90,0.00,0.00,0.00,0.00,0.00,0.00,0
OP-24.001-0692,Ловеч,Тетевен,6105,276097.62,0.00,0.00,0.00,0.00,0.00,0.00,0
OP-24.001-0693,Ловеч,Тетевен,6105,1311770.45,0.00,0.00,21213.50,0.00,0.00,0.00,21213.50
OP-24.001-0694,Ловеч,Тетевен,6105,474887.90,0.00,0.00,21985.55,0.00,0.00,0.00,21985.55
OP-24.001-0695,Ловеч,Тетевен,6105,2078350.37,0.00,0.00,95100.28,0.00,0.00,0.00,95100.28
OP-24.001-0696,Ловеч,Тетевен,6105,156915.48,70558.28,0.00,70558.28,0.00,0.00,0.00,70558.28
OP-24.001-0698,Ловеч,Тетевен,6105,155892.89,0.00,0.01,141116.55,0.00,0.00,0.00,141116.55
OP-24.001-0699,Ловеч,Тетевен,6105,140349.62,0.00,0.00,125777.80,0.00,0.00,0.00,125777.80
OP-24.001-0700,Ловеч,Тетевен,6105,2125951.64,0.00,0.00,96940.94,48470.47,0.00,0.00,48470.47
OP-24.001-0702,Ловеч,Тетевен,6105,1680872.06,76080.23,0.00,0.00,0.00,0.00,0.00,0
OP-24.001-0703,Ловеч,Тетевен,6105,112637.60,0.00,0.00,81755.58,0.00,0.00,0.00,81755.58
OP-24.001-0704,Ловеч,Тетевен,6105,56702.27,0.00,0.00,50311.12,0.00,0.00,0.00,50311.12
OP-24.001-0705,Ловеч,Тетевен,6105,1244177.66,0.00,0.00,50924.67,0.00,0.00,0.00,50924.67
OP-24.001-0706,Ловеч,Тетевен,6105,29910.58,0.00,0.00,26587.18,0.00,0.00,0.00,26587.18
OP-24.001-0707,Ловеч,Тетевен,6105,138048.81,0.00,0.00,6391.15,0.00,0.00,0.00,6391.15
OP-24.001-0709,Ловеч,Тетевен,6105,248487.85,0.00,0.00,0.00,0.00,0.00,0.00,0
OP-24.001-0710,Ловеч,Троян,6106,1009290.17,99481.61,0.00,910033.43,447673.68,0.00,0.00,462359.75
OP-24.001-0711,Ловеч,Троян,6106,3783559.92,0.00,0.00,0.00,0.00,0.00,0.00,0
OP-24.001-0712,Ловеч,Троян,6106,2896468.51,285853.06,0.00,270725.55,0.00,0.00,0.00,270725.55
OP-24.001-0713,Ловеч,Троян,6106,1111037.26,14038.03,0.00,175309.59,0.00,0.00,0.00,175309.59
OP-24.001-0714,Ловеч,Троян,6106,1265447.41,0.00,0.00,0.00,0.00,0.00,0.00,0
OP-24.001-0715,Ловеч,Троян,6106,690244.04,0.00,0.00,0.00,0.00,0.00,0.00,0
OP-24.001-0716,Ловеч,Троян,6106,639114.85,0.00,0.00,0.00,0.00,0.00,0.00,0
OP-24.001-0717,Ловеч,Троян,6106,419259.34,0.00,0.00,380677.16,200962.07,0.00,0.00,179715.09
OP-24.001-0718,Ловеч,Троян,6106,0.00,0.00,0.00,0.00,0.00,0.00,0.00,0
OP-24.001-0720,Ловеч,Троян,6106,260758.86,81736.76,0.00,49314.31,2607.59,0.00,0.00,46706.72
OP-24.001-0721,Ловеч,Троян,6106,554751.69,0.00,362645.74,104059.43,0.00,0.00,0.00,104059.43
OP-24.001-0722,Ловеч,Троян,6106,245420.10,17747.65,0.00,193041.25,96520.62,0.00,0.00,96520.63
OP-24.001-0724,Ловеч,Троян,6106,0.00,0.00,0.00,0.00,0.00,0.00,0.00,0
OP-24.001-0725,Ловеч,Троян,6106,0.00,0.00,0.00,0.00,0.00,0.00,0.00,0
OP-24.001-0726,Ловеч,Троян,6106,0.00,0.00,0.00,0.00,0.00,0.00,0.00,0
OP-24.001-0727,Ловеч,Троян,6106,332339.72,0.00,5664.60,261947.57,165214.97,0.00,0.00,96732.60
OP-24.001-0728,Ловеч,Троян,6106,51129.19,0.00,0.00,0.00,0.00,0.00,0.00,0
OP-24.001-0729,Ловеч,Троян,6106,158500.48,0.00,2062.76,0.00,0.00,0.00,0.00,0
OP-24.001-0730,Ловеч,Троян,6106,77716.37,0.00,0.00,0.00,0.00,0.00,0.00,0
OP-24.001-0732,Ловеч,Троян,6106,51129.19,0.00,0.00,0.00,0.00,0.00,0.00,0
OP-24.001-0734,Ловеч,Троян,6106,12782.30,0.00,0.00,9816.80,0.00,0.00,0.00,9816.80
OP-24.001-0735,Ловеч,Угърчин,6107,2888799.13,0.00,0.01,2586363.63,1297489.99,0.00,0.00,1288873.64
OP-24.001-0736,Ловеч,Угърчин,6107,1227100.51,0.00,0.00,1227074.96,1227074.96,0.00,0.00,0
OP-24.001-0737,Ловеч,Угърчин,6107,1175408.91,0.00,0.00,1175415.35,1175415.35,0.00,0.00,0
OP-24.001-0738,Ловеч,Угърчин,6107,2921317.29,286323.46,0.00,2054370.78,1339073.44,0.00,0.00,715297.34
OP-24.001-0739,Ловеч,Ябланица,6108,4921695.65,0.00,3761902.32,463923.33,0.00,0.00,0.00,463923.33
OP-24.001-0741,Ловеч,Ябланица,6108,2824887.64,0.00,918167.51,508451.89,0.00,0.00,0.00,508451.89
OP-24.001-0742,Ловеч,Ябланица,6108,0.00,0.00,0.00,0.00,0.00,0.00,0.00,0
OP-24.001-1904,Ловеч,Ловеч,6103,585889.37,0.00,0.00,300722.08,103697.27,0.00,0.00,197024.81
OP-24.001-1905,Ловеч,Ловеч,6103,0.00,0.00,0.00,0.00,0.00,0.00,0.00,0
OP-24.001-1906,Ловеч,Ловеч,6103,0.00,0.00,0.00,0.00,0.00,0.00,0.00,0
OP-24.001-1908,Ловеч,Ловеч,6103,82573.64,0.00,0.00,0.00,0.00,0.00,0.00,0
OP-24.001-1909,Ловеч,Ловеч,6103,34000.91,0.00,0.00,0.00,0.00,0.00,0.00,0
OP-24.001-1910,Ловеч,Ловеч,6103,44431.26,0.00,0.00,0.00,0.00,0.00,0.00,0
OP-24.001-1911,Ловеч,Ловеч,6103,57929.37,0.00,0.00,0.00,0.00,0.00,0.00,0
OP-24.001-1912,Ловеч,Ловеч,6103,0.00,0.00,0.00,0.00,0.00,0.00,0.00,0
OP-24.001-1913,Ловеч,Ловеч,6103,0.00,0.00,0.00,0.00,0.00,0.00,0.00,0
OP-24.001-1914,Ловеч,Луковит,6104,1582755.15,134960.84,0.00,1241639.86,1241639.86,0.00,0.00,0
OP-24.001-1915,Ловеч,Луковит,6104,635024.52,20099.91,0.00,327362.81,0.00,0.00,0.00,327362.81
OP-24.001-1916,Ловеч,Луковит,6104,781253.99,0.00,0.00,169379.78,0.00,0.00,0.00,169379.78
OP-24.001-1917,Ловеч,Луковит,6104,1504220.71,23805.75,0.00,25155.56,0.00,0.00,0.00,25155.56
OP-24.001-1918,Ловеч,Луковит,6104,133907.34,0.00,0.00,133102.98,0.00,0.00,0.00,133102.98
OP-24.001-1919,Ловеч,Тетевен,6105,828292.85,0.00,0.00,38040.12,0.00,0.00,0.00,38040.12
OP-24.001-1920,Ловеч,Тетевен,6105,552195.23,0.00,0.00,25523.69,0.00,0.00,0.00,25523.69
OP-24.001-1921,Ловеч,Тетевен,6105,138048.81,0.00,0.01,30464.18,3195.57,0.00,0.00,27268.61
OP-24.001-1922,Ловеч,Тетевен,6105,358926.90,0.00,0.00,16616.99,0.00,0.00,0.00,16616.99
OP-24.001-1923,Ловеч,Тетевен,6105,1932683.31,0.00,0.00,36429.55,0.00,0.00,0.00,36429.55
OP-24.001-1924,Ловеч,Троян,6106,29143.64,0.00,0.00,0.00,0.00,0.00,0.00,0
OP-24.001-1925,Ловеч,Троян,6106,71069.57,0.00,0.00,63758.61,54497.80,0.00,0.00,9260.81
OP-24.001-1926,Ловеч,Троян,6106,122710.05,736.26,0.00,101903.80,83385.22,0.00,0.00,18518.58
OP-24.001-1927,Ловеч,Троян,6106,828292.85,0.00,0.00,92516.14,0.00,0.00,0.00,92516.14
OP-24.001-1928,Ловеч,Троян,6106,12577.78,0.00,0.00,6442.28,0.00,0.00,0.00,6442.28
OP-24.001-2422,Ловеч,Летница,6102,1665788.95,21193.05,0.00,1281165.25,0.00,0.00,0.00,1281165.25
OP-24.001-2423,Ловеч,Ловеч,6103,0.00,0.00,0.00,0.00,0.00,0.00,0.00,0
OP-24.001-2425,Ловеч,Ловеч,6103,0.00,0.00,0.00,0.00,0.00,0.00,0.00,0
OP-24.001-2427,Ловеч,Ловеч,6103,0.00,0.00,0.00,0.00,0.00,0.00,0.00,0
OP-24.001-2431,Ловеч,Ловеч,6103,0.00,0.00,0.00,0.00,0.00,0.00,0.00,0
OP-24.001-2437,Ловеч,Ловеч,6103,0.00,0.00,0.00,0.00,0.00,0.00,0.00,0
OP-24.001-2826,Ловеч,Ловеч,6103,0.00,0.00,0.00,0.00,0.00,0.00,0.00,0
OP-24.001-2827,Ловеч,Ловеч,6103,0.00,0.00,0.00,0.00,0.00,0.00,0.00,0
OP-24.001-2828,Ловеч,Ловеч,6103,0.00,0.00,0.00,0.00,0.00,0.00,0.00,0
OP-24.001-2829,Ловеч,Ловеч,6103,0.00,0.00,0.00,0.00,0.00,0.00,0.00,0
OP-24.001-2830,Ловеч,Ловеч,6103,0.00,0.00,0.00,0.00,0.00,0.00,0.00,0
OP-24.001-2831,Ловеч,Ловеч,6103,0.00,0.00,0.00,0.00,0.00,0.00,0.00,0
OP-24.001-2832,Ловеч,Луковит,6104,0.00,0.00,0.00,0.00,0.00,0.00,0.00,0
OP-24.001-2833,Ловеч,Луковит,6104,0.00,0.00,0.00,0.00,0.00,0.00,0.00,0
OP-24.001-2834,Ловеч,Луковит,6104,0.00,0.00,0.00,0.00,0.00,0.00,0.00,0
OP-24.001-2835,Ловеч,Луковит,6104,0.00,0.00,0.00,0.00,0.00,0.00,0.00,0
OP-24.001-2836,Ловеч,Луковит,6104,7596007.83,0.00,0.00,114733.90,114733.90,0.00,0.00,0
OP-24.001-2837,Ловеч,Тетевен,6105,0.00,0.00,0.00,0.00,0.00,0.00,0.00,0
OP-24.001-2839,Ловеч,Троян,6106,0.00,0.00,0.00,0.00,0.00,0.00,0.00,0
OP-24.001-2840,Ловеч,Троян,6106,0.00,0.00,0.00,0.00,0.00,0.00,0.00,0
OP-24.001-2841,Ловеч,Троян,6106,1778528.81,0.00,0.00,0.00,0.00,0.00,0.00,0
OP-24.001-2842,Ловеч,Троян,6106,0.00,0.00,0.00,0.00,0.00,0.00,0.00,0
OP-24.001-2843,Ловеч,Троян,6106,0.00,0.00,0.00,0.00,0.00,0.00,0.00,0
OP-24.001-2844,Ловеч,Троян,6106,0.00,0.00,0.00,0.00,0.00,0.00,0.00,0
OP-24.001-2845,Ловеч,Троян,6106,0.00,0.00,0.00,0.00,0.00,0.00,0.00,0
OP-24.001-2846,Ловеч,Троян,6106,0.00,0.00,0.00,0.00,0.00,0.00,0.00,0
OP-24.001-2847,Ловеч,Троян,6106,0.00,0.00,0.00,0.00,0.00,0.00,0.00,0
OP-24.001-2848,Ловеч,Троян,6106,0.00,0.00,0.00,0.00,0.00,0.00,0.00,0
OP-24.001-2849,Ловеч,Троян,6106,0.00,0.00,0.00,0.00,0.00,0.00,0.00,0
OP-24.001-2850,Ловеч,Троян,6106,0.00,0.00,0.00,0.00,0.00,0.00,0.00,0
OP-24.001-2851,Ловеч,Троян,6106,0.00,0.00,0.00,0.00,0.00,0.00,0.00,0
OP-25.001-0419,Ловеч,Априлци,6101,0.00,0.00,0.00,0.00,0.00,0.00,0.00,0
OP-25.001-0420,Ловеч,Априлци,6101,0.00,0.00,0.00,0.00,0.00,0.00,0.00,0
OP-25.001-0421,Ловеч,Априлци,6101,0.00,0.00,0.00,0.00,0.00,0.00,0.00,0
OP-25.001-0422,Ловеч,Априлци,6101,0.00,0.00,0.00,0.00,0.00,0.00,0.00,0
OP-25.001-0423,Ловеч,Летница,6102,0.00,0.00,0.00,0.00,0.00,0.00,0.00,0
OP-25.001-0424,Ловеч,Ловеч,6103,0.00,0.00,0.00,0.00,0.00,0.00,0.00,0
OP-25.001-0425,Ловеч,Ловеч,6103,0.00,0.00,0.00,0.00,0.00,0.00,0.00,0
OP-25.001-0426,Ловеч,Угърчин,6107,0.00,0.00,0.00,0.00,0.00,0.00,0.00,0
OP-25.001-0427,Ловеч,Ябланица,6108,0.00,0.00,0.00,0.00,0.00,0.00,0.00,0
OP-25.001-0428,Ловеч,Ябланица,6108,0.00,0.00,0.00,0.00,0.00,0.00,0.00,0
OP-25.001-0429,Ловеч,Ябланица,6108,0.00,0.00,0.00,0.00,0.00,0.00,0.00,0
OP-24.001-0743,Монтана,Берковица,6201,2203565.75,381578.04,0.00,1806314.77,1806314.77,0.00,0.00,0
OP-24.001-0746,Монтана,Берковица,6201,102514.02,42438.73,31351.35,17915.05,17915.05,0.00,0.00,0
OP-24.001-0748,Монтана,Бойчиновци,6202,1022583.76,0.00,198229.70,0.00,0.00,0.00,0.00,0
OP-24.001-0749,Монтана,Брусарци,6203,3067751.29,0.00,0.00,2760976.16,1687263.21,0.00,0.00,1073712.95
OP-24.001-0750,Монтана,Вършец,6205,733857.24,100171.26,0.00,603640.14,132430.70,0.00,0.00,471209.44
OP-24.001-0751,Монтана,Вършец,6205,551274.91,0.00,0.00,543955.69,107087.77,0.00,0.00,436867.92
OP-24.001-0752,Монтана,Вършец,6205,141116.56,0.00,0.00,140269.90,28486.99,0.00,0.00,111782.91
OP-24.001-0753,Монтана,Вършец,6205,82829.28,0.00,0.00,67234.88,0.00,0.00,0.00,67234.88
OP-24.001-0754,Монтана,Вършец,6205,81806.70,0.00,67234.88,0.00,0.00,0.00,0.00,0
OP-24.001-0755,Монтана,Вършец,6205,69024.40,28376.70,0.00,0.00,0.00,0.00,0.00,0
OP-24.001-0756,Монтана,Вършец,6205,32722.68,0.00,0.00,32702.23,0.00,0.00,0.00,32702.23
OP-24.001-0757,Монтана,Вършец,6205,27098.47,0.00,0.00,26628.08,0.00,0.00,0.00,26628.08
OP-24.001-0759,Монтана,Вършец,6205,17895.22,0.00,0.00,17486.18,0.00,0.00,0.00,17486.18
OP-24.001-0760,Монтана,Георги Дамяново,6206,1178987.95,116891.74,0.00,1060529.50,1060529.50,0.00,0.00,0
OP-24.001-0761,Монтана,Георги Дамяново,6206,3382042.41,0.00,463593.59,2533916.92,1022583.76,0.00,0.00,1511333.16
OP-24.001-0762,Монтана,Георги Дамяново,6206,505054.12,427687.36,0.00,0.00,0.00,0.00,0.00,0
OP-24.001-0763,Монтана,Лом,6207,8843304.38,0.00,0.00,7433170.45,6696398.85,0.00,0.00,736771.60
OP-24.001-0764,Монтана,Лом,6207,2511414.59,0.00,0.00,2092129.21,2092129.21,0.00,0.00,0
OP-24.001-0765,Монтана,Лом,6207,2138836.20,0.00,0.00,2138667.90,2138667.90,0.00,0.00,0
OP-24.001-0766,Монтана,Лом,6207,3907599.33,43751.49,0.00,189397.08,0.00,0.00,0.00,189397.08
OP-24.001-0767,Монтана,Медковец,6208,1448438.77,0.00,0.00,1206401.03,1206401.03,0.00,0.00,0
OP-24.001-0768,Монтана,Медковец,6208,319557.43,290681.75,0.00,0.00,0.00,0.00,0.00,0
OP-24.001-0769,Монтана,Монтана,6209,2256842.36,0.00,0.00,2256888.18,2034849.99,0.00,0.00,222038.19
OP-24.001-0770,Монтана,Монтана,6209,1460863.16,0.00,0.00,1435625.72,1435625.72,0.00,0.00,0
OP-24.001-0771,Монтана,Чипровци,6210,1225928.63,0.00,0.00,920716.03,567597.74,0.00,0.00,353118.29
OP-24.001-0772,Монтана,Чипровци,6210,719336.55,0.00,0.00,125999.56,0.00,0.00,0.00,125999.56
OP-24.001-0773,Монтана,Чипровци,6210,717137.99,0.00,0.00,127639.32,0.00,0.00,0.00,127639.32
OP-24.001-0774,Монтана,Чипровци,6210,687329.68,0.00,0.00,118346.67,0.00,0.00,0.00,118346.67
OP-24.001-0775,Монтана,Чипровци,6210,514461.89,0.00,0.00,101012.00,0.00,0.00,0.00,101012.00
OP-24.001-0776,Монтана,Чипровци,6210,225326.33,0.00,0.00,202566.42,202566.42,0.00,0.00,0
OP-24.001-0777,Монтана,Чипровци,6210,170822.62,0.00,0.00,151930.75,151930.75,0.00,0.00,0
OP-24.001-0778,Монтана,Чипровци,6210,124192.80,0.00,24627.32,0.00,0.00,0.00,0.00,0
OP-24.001-0779,Монтана,Чипровци,6210,92339.31,18224.22,0.00,0.00,0.00,0.00,0.00,0
OP-24.001-0780,Монтана,Чипровци,6210,73881.68,0.00,0.00,64282.04,39283.47,0.00,0.00,24998.57
OP-24.001-0781,Монтана,Чипровци,6210,71631.99,0.00,0.00,63553.03,38837.96,0.00,0.00,24715.07
OP-24.001-0782,Монтана,Чипровци,6210,58798.57,0.00,0.01,52730.27,32224.06,0.00,0.00,20506.21
OP-24.001-0783,Монтана,Чипровци,6210,53583.39,0.00,0.00,47752.07,29181.82,0.00,0.00,18570.25
OP-24.001-0784,Монтана,Чипровци,6210,39216.09,0.00,0.00,35290.62,7842.36,0.00,0.00,27448.26
OP-24.001-0785,Монтана,Чипровци,6210,26433.79,0.00,0.00,23766.89,14524.21,0.00,0.00,9242.68
OP-24.001-0786,Монтана,Чипровци,6210,23366.04,0.00,0.00,20801.49,12712.02,0.00,0.00,8089.47
OP-24.001-0787,Монтана,Чипровци,6210,22701.36,0.00,0.00,20140.59,12308.14,0.00,0.00,7832.45
OP-24.001-0789,Монтана,Якимово,6211,227371.50,0.00,0.00,169291.10,169291.10,0.00,0.00,0
OP-24.001-0790,Монтана,Якимово,6211,58031.63,0.00,0.00,0.00,0.00,0.00,0.00,0
OP-24.001-1929,Монтана,Берковица,6201,2280821.95,211227.12,0.00,1963247.92,1963247.92,0.00,0.00,0
OP-24.001-1930,Монтана,Берковица,6201,0.00,0.00,0.00,0.00,0.00,0.00,0.00,0
OP-24.001-1931,Монтана,Бойчиновци,6202,2045167.52,0.00,873393.08,0.00,0.00,0.00,0.00,0
OP-24.001-1932,Монтана,Вършец,6205,791275.32,0.00,0.00,780494.00,780494.00,0.00,0.00,0
OP-24.001-1933,Монтана,Вършец,6205,1663334.75,0.00,0.00,1606496.02,1435007.50,0.00,0.00,171488.52
OP-24.001-1934,Монтана,Георги Дамяново,6206,0.00,0.00,0.00,0.00,0.00,0.00,0.00,0
OP-24.001-1935,Монтана,Георги Дамяново,6206,0.00,0.00,0.00,0.00,0.00,0.00,0.00,0
OP-24.001-1936,Монтана,Георги Дамяново,6206,0.00,0.00,0.00,0.00,0.00,0.00,0.00,0
OP-24.001-1937,Монтана,Георги Дамяново,6206,38346.89,0.00,0.00,0.00,0.00,0.00,0.00,0
OP-24.001-1938,Монтана,Георги Дамяново,6206,0.00,0.00,0.00,0.00,0.00,0.00,0.00,0
OP-24.001-1939,Монтана,Георги Дамяново,6206,46016.27,0.00,0.00,0.00,0.00,0.00,0.00,0
OP-24.001-1940,Монтана,Георги Дамяново,6206,32211.39,0.00,0.00,0.00,0.00,0.00,0.00,0
OP-24.001-1941,Монтана,Георги Дамяново,6206,0.00,0.00,0.00,0.00,0.00,0.00,0.00,0
OP-24.001-1942,Монтана,Георги Дамяново,6206,26587.18,4601.63,0.00,0.00,0.00,0.00,0.00,0
OP-24.001-1943,Монтана,Георги Дамяново,6206,0.00,0.00,0.00,0.00,0.00,0.00,0.00,0
OP-24.001-1944,Монтана,Георги Дамяново,6206,0.00,0.00,0.00,0.00,0.00,0.00,0.00,0
OP-24.001-1945,Монтана,Георги Дамяново,6206,0.00,0.00,0.00,0.00,0.00,0.00,0.00,0
OP-24.001-1946,Монтана,Георги Дамяново,6206,0.00,0.00,0.00,0.00,0.00,0.00,0.00,0
OP-24.001-1947,Монтана,Георги Дамяново,6206,0.00,0.00,0.00,0.00,0.00,0.00,0.00,0
OP-24.001-1948,Монтана,Георги Дамяново,6206,0.00,0.00,0.00,0.00,0.00,0.00,0.00,0
OP-24.001-1949,Монтана,Георги Дамяново,6206,0.00,0.00,0.00,0.00,0.00,0.00,0.00,0
OP-24.001-1950,Монтана,Георги Дамяново,6206,0.00,0.00,0.00,0.00,0.00,0.00,0.00,0
OP-24.001-1951,Монтана,Георги Дамяново,6206,0.00,0.00,0.00,0.00,0.00,0.00,0.00,0
OP-24.001-1952,Монтана,Георги Дамяново,6206,0.00,0.00,0.00,0.00,0.00,0.00,0.00,0
OP-24.001-1953,Монтана,Георги Дамяново,6206,0.00,0.00,0.00,0.00,0.00,0.00,0.00,0
OP-24.001-1954,Монтана,Лом,6207,76693.78,0.00,0.00,31393.32,0.00,0.00,0.00,31393.32
OP-24.001-1955,Монтана,Лом,6207,230081.35,0.00,0.00,95611.58,0.00,0.00,0.00,95611.58
OP-24.001-1956,Монтана,Медковец,6208,1081024.42,0.00,0.00,227837.90,0.00,15959.97,0.00,211877.93
OP-24.001-1957,Монтана,Монтана,6209,1009699.21,0.00,0.00,1008092.30,619778.27,26903.87,0.00,361410.16
OP-24.001-1958,Монтана,Монтана,6209,1641655.97,0.00,0.00,1431100.68,891328.52,0.00,0.00,539772.16
OP-24.001-1959,Монтана,Монтана,6209,1622380.27,0.00,0.00,1406340.44,1406340.44,0.00,0.00,0
OP-24.001-1960,Монтана,Монтана,6209,3475762.21,0.00,0.00,3336936.93,3012783.68,0.00,0.00,324153.25
OP-24.001-1961,Монтана,Монтана,6209,24691767.69,678843.09,7308877.50,4770395.12,593893.70,0.00,0.00,4176501.42
OP-24.001-1962,Монтана,Монтана,6209,516455.93,0.00,0.00,307726.12,43459.80,264266.32,0.00,0
OP-24.001-1963,Монтана,Чипровци,6210,197256.41,0.00,0.00,0.00,0.00,0.00,0.00,0
OP-24.001-1964,Монтана,Чипровци,6210,60928.10,0.00,0.00,0.00,0.00,0.00,0.00,0
OP-24.001-1965,Монтана,Якимово,6211,466553.84,0.00,0.00,246617.25,246617.25,0.00,0.00,0
OP-24.001-1966,Монтана,Якимово,6211,324823.73,0.00,0.00,64790.53,64790.53,0.00,0.00,0
OP-24.001-1967,Монтана,Якимово,6211,0.00,0.00,0.00,0.00,0.00,0.00,0.00,0
OP-24.001-2441,Монтана,Вълчедръм,6204,3182280.67,0.00,1255497.29,1552930.93,297433.63,0.00,0.00,1255497.30
OP-24.001-2442,Монтана,Медковец,6208,0.00,0.00,0.00,0.00,0.00,0.00,0.00,0
OP-24.001-2443,Монтана,Якимово,6211,0.00,0.00,0.00,0.00,0.00,0.00,0.00,0
OP-24.001-2444,Монтана,Якимово,6211,0.00,0.00,0.00,0.00,0.00,0.00,0.00,0
OP-24.001-2852,Монтана,Вълчедръм,6204,1476304.18,0.00,0.00,229020.91,0.00,0.00,0.00,229020.91
OP-24.001-2853,Монтана,Вълчедръм,6204,1401093.14,123823.20,0.00,1146620.24,662454.15,0.00,0.00,484166.09
OP-24.001-2854,Монтана,Вълчедръм,6204,0.00,0.00,0.00,0.00,0.00,0.00,0.00,0
OP-24.001-2855,Монтана,Вършец,6205,82829.28,0.00,68290.60,0.00,0.00,0.00,0.00,0
OP-24.001-2856,Монтана,Вършец,6205,70558.28,0.00,0.00,50515.64,0.00,0.00,0.00,50515.64
OP-25.001-0025,Монтана,Берковица,6201,951207.42,0.00,0.00,188208.29,0.00,0.00,0.00,188208.29
OP-25.001-0026,Монтана,Берковица,6201,896857.09,0.00,0.00,171643.10,0.00,0.00,0.00,171643.10
OP-25.001-0027,Монтана,Лом,6207,0.00,0.00,0.00,0.00,0.00,0.00,0.00,0
OP-25.001-0028,Монтана,Лом,6207,0.00,0.00,0.00,0.00,0.00,0.00,0.00,0
OP-25.001-0122,Монтана,Бойчиновци,6202,0.00,0.00,0.00,0.00,0.00,0.00,0.00,0
OP-25.001-0123,Монтана,Вълчедръм,6204,0.00,0.00,0.00,0.00,0.00,0.00,0.00,0
OP-25.001-0124,Монтана,Лом,6207,0.00,0.00,0.00,0.00,0.00,0.00,0.00,0
OP-25.001-0125,Монтана,Медковец,6208,0.00,0.00,0.00,0.00,0.00,0.00,0.00,0
OP-25.001-0126,Монтана,Якимово,6211,0.00,0.00,0.00,0.00,0.00,0.00,0.00,0
OP-25.001-0147,Монтана,Бойчиновци,6202,0.00,0.00,0.00,0.00,0.00,0.00,0.00,0
OP-25.001-0148,Монтана,Вършец,6205,916183.92,306212.58,4969.24,496129.10,0.00,0.00,0.00,496129.10
OP-25.001-0149,Монтана,Лом,6207,4090335.05,0.00,0.00,0.00,0.00,0.00,0.00,0
OP-25.001-0150,Монтана,Медковец,6208,0.00,0.00,0.00,0.00,0.00,0.00,0.00,0
OP-25.001-0151,Монтана,Якимово,6211,0.00,0.00,0.00,0.00,0.00,0.00,0.00,0
OP-25.001-0430,Монтана,Берковица,6201,775834.30,0.00,5626.32,683413.44,344519.88,0.00,0.00,338893.56
OP-25.001-0431,Монтана,Берковица,6201,2264511.74,0.00,0.00,0.00,0.00,0.00,0.00,0
OP-25.001-0432,Монтана,Берковица,6201,338833.13,0.00,0.00,52446.64,0.00,0.00,0.00,52446.64
OP-25.001-0433,Монтана,Берковица,6201,0.00,0.00,0.00,0.00,0.00,0.00,0.00,0
OP-25.001-0434,Монтана,Вършец,6205,0.00,0.00,0.00,0.00,0.00,0.00,0.00,0
OP-25.001-0435,Монтана,Вършец,6205,0.00,0.00,0.00,0.00,0.00,0.00,0.00,0
OP-25.001-0436,Монтана,Георги Дамяново,6206,0.00,0.00,0.00,0.00,0.00,0.00,0.00,0
OP-25.001-0437,Монтана,Георги Дамяново,6206,0.00,0.00,0.00,0.00,0.00,0.00,0.00,0
OP-25.001-0438,Монтана,Лом,6207,1893313.84,35592.21,0.00,241436.94,0.00,0.00,0.00,241436.94
OP-25.001-0439,Монтана,Лом,6207,0.00,0.00,0.00,0.00,0.00,0.00,0.00,0
OP-25.001-0440,Монтана,Лом,6207,0.00,0.00,0.00,0.00,0.00,0.00,0.00,0
OP-25.001-0441,Монтана,Лом,6207,1278740.99,462824.40,0.00,250941.66,0.00,0.00,0.00,250941.66
OP-25.001-0442,Монтана,Лом,6207,0.00,0.00,0.00,0.00,0.00,0.00,0.00,0
OP-25.001-0443,Монтана,Лом,6207,0.00,0.00,0.00,0.00,0.00,0.00,0.00,0
OP-25.001-0444,Монтана,Лом,6207,0.00,0.00,0.00,0.00,0.00,0.00,0.00,0
OP-25.001-0445,Монтана,Лом,6207,1453602.82,0.00,0.00,0.00,0.00,0.00,0.00,0
OP-25.001-0446,Монтана,Лом,6207,0.00,0.00,0.00,0.00,0.00,0.00,0.00,0
OP-25.001-0447,Монтана,Лом,6207,0.00,0.00,0.00,0.00,0.00,0.00,0.00,0
OP-25.001-0448,Монтана,Лом,6207,0.00,0.00,0.00,0.00,0.00,0.00,0.00,0
OP-24.001-0791,Пазарджик,Батак,6301,3373452.70,803043.63,0.00,24542.00,0.00,0.00,0.00,24542.00
OP-24.001-0792,Пазарджик,Батак,6301,751445.68,184079.48,0.00,0.00,0.00,0.00,0.00,0
OP-24.001-0793,Пазарджик,Батак,6301,0.00,0.00,0.00,0.00,0.00,0.00,0.00,0
OP-24.001-0794,Пазарджик,Белово,6302,1290602.97,0.00,0.00,1475008.50,1475008.50,0.00,0.00,0
OP-24.001-0795,Пазарджик,Белово,6302,1515469.14,0.00,0.00,0.00,0.00,0.00,0.00,0
OP-24.001-0796,Пазарджик,Белово,6302,1008165.33,0.00,0.00,0.00,0.00,0.00,0.00,0
OP-24.001-0798,Пазарджик,Белово,6302,266996.62,173853.57,0.00,59982.56,0.00,0.00,0.00,59982.56
OP-24.001-0799,Пазарджик,Брацигово,6303,2035555.24,605652.74,403768.56,1089576.54,242261.11,0.00,0.00,847315.43
OP-24.001-0800,Пазарджик,Велинград,6304,2448065.53,0.00,0.00,2388769.52,2388769.52,0.00,0.00,0
OP-24.001-0801,Пазарджик,Велинград,6304,2255564.13,0.00,0.00,436741.12,436741.12,0.00,0.00,0
OP-24.001-0802,Пазарджик,Велинград,6304,916235.05,0.00,0.00,687937.08,687937.08,0.00,0.00,0
OP-24.001-0803,Пазарджик,Велинград,6304,42948.52,17767.39,0.00,0.00,0.00,0.00,0.00,0
OP-24.001-0804,Пазарджик,Велинград,6304,42948.52,0.00,0.00,0.00,0.00,0.00,0.00,0
OP-24.001-0805,Пазарджик,Велинград,6304,41107.87,0.00,0.00,40801.10,40801.10,0.00,0.00,0
OP-24.001-0806,Пазарджик,Велинград,6304,36813.02,0.00,0.00,30493.44,30493.44,0.00,0.00,0
OP-24.001-0807,Пазарджик,Велинград,6304,30677.51,0.00,0.00,25400.98,25400.98,0.00,0.00,0
OP-24.001-0808,Пазарджик,Велинград,6304,30677.51,0.00,0.00,0.00,0.00,0.00,0.00,0
OP-24.001-0809,Пазарджик,Велинград,6304,23928.46,9893.50,0.00,0.00,0.00,0.00,0.00,0
OP-24.001-0810,Пазарджик,Велинград,6304,23928.46,23314.90,0.00,0.00,0.00,0.00,0.00,0
OP-24.001-0811,Пазарджик,Велинград,6304,22701.36,0.00,0.00,22578.64,22578.64,0.00,0.00,0
OP-24.001-0812,Пазарджик,Велинград,6304,22701.36,0.00,0.00,18682.60,18682.60,0.00,0.00,0
OP-24.001-0813,Пазарджик,Велинград,6304,21474.26,0.00,0.00,17716.26,17716.26,0.00,0.00,0
OP-24.001-0814,Пазарджик,Велинград,6304,21474.26,0.00,0.00,21290.20,21290.20,0.00,0.00,0
OP-24.001-0815,Пазарджик,Лесичово,6305,2408849.44,0.00,0.00,1947569.88,1947569.88,0.00,0.00,0
OP-24.001-0816,Пазарджик,Лесичово,6305,346655.90,0.00,0.00,346263.39,185211.23,0.00,0.00,161052.16
OP-24.001-0817,Пазарджик,Лесичово,6305,320989.04,0.00,0.00,320397.91,278179.12,0.00,0.00,42218.79
OP-24.001-0818,Пазарджик,Лесичово,6305,193933.01,0.00,0.00,193778.34,168620.00,0.00,0.00,25158.34
OP-24.001-0819,Пазарджик,Лесичово,6305,155074.83,0.00,0.00,154901.65,154901.65,0.00,0.00,0
OP-24.001-0820,Пазарджик,Пазарджик,6306,10110643.56,0.00,2053139.62,6635591.50,1895883.28,0.00,0.00,4739708.22
OP-24.001-0821,Пазарджик,Пазарджик,6306,7432905.72,0.00,3490005.80,1439465.07,0.00,0.00,0.00,1439465.07
OP-24.001-0826,Пазарджик,Пазарджик,6306,214742.59,0.00,0.00,67490.53,0.00,0.00,0.00,67490.53
OP-24.001-0827,Пазарджик,Пазарджик,6306,207840.15,0.00,22.09,94305.13,0.00,0.00,0.00,94305.13
OP-24.001-0828,Пазарджик,Пазарджик,6306,204516.75,0.00,0.00,67490.53,0.00,0.00,0.00,67490.53
OP-24.001-0829,Пазарджик,Пазарджик,6306,198790.28,0.00,0.00,86817.36,0.00,0.00,0.00,86817.36
OP-24.001-0830,Пазарджик,Пазарджик,6306,136208.16,0.00,0.00,59514.37,0.00,0.00,0.00,59514.37
OP-24.001-0832,Пазарджик,Пазарджик,6306,79250.24,0.00,0.00,0.00,0.00,0.00,0.00,0
OP-24.001-0833,Пазарджик,Пазарджик,6306,86510.59,0.00,0.01,39880.76,0.00,0.00,0.00,39880.76
OP-24.001-0834,Пазарджик,Пазарджик,6306,62582.13,0.00,0.00,29143.64,0.00,0.00,0.00,29143.64
OP-24.001-0836,Пазарджик,Панагюрище,6307,4100560.89,0.00,282529.21,3389239.46,2259353.50,0.00,0.00,1129885.96
OP-24.001-0837,Пазарджик,Панагюрище,6307,1533875.64,0.00,0.00,641409.94,641409.94,0.00,0.00,0
OP-24.001-0838,Пазарджик,Панагюрище,6307,1533875.64,31274.19,0.00,612191.48,612191.48,0.00,0.00,0
OP-24.001-0840,Пазарджик,Панагюрище,6307,1021714.57,20066.16,0.00,895213.64,895213.64,0.00,0.00,0
OP-24.001-0841,Пазарджик,Панагюрище,6307,845779.03,0.00,0.00,0.00,0.00,0.00,0.00,0
OP-24.001-0842,Пазарджик,Панагюрище,6307,507048.16,49628.87,0.00,457407.70,457407.70,0.00,0.00,0
OP-24.001-0843,Пазарджик,Панагюрище,6307,797615.33,1214.83,65.30,700547.73,358251.99,0.00,0.00,342295.74
OP-24.001-0844,Пазарджик,Панагюрище,6307,790457.25,0.00,10749.40,5521.95,5521.95,0.00,0.00,0
OP-24.001-0845,Пазарджик,Панагюрище,6307,613550.26,7313.52,0.00,111666.04,0.00,0.00,0.00,111666.04
OP-24.001-0846,Пазарджик,Панагюрище,6307,338679.74,0.00,0.00,304811.77,304811.77,0.00,0.00,0
OP-24.001-0847,Пазарджик,Панагюрище,6307,76693.78,0.00,0.00,34972.36,34972.36,0.00,0.00,0
OP-24.001-0848,Пазарджик,Пещера,6308,5614240.50,0.00,0.00,1106721.95,0.00,0.00,0.00,1106721.95
OP-24.001-0849,Пазарджик,Пещера,6308,1815801.99,0.00,0.00,1815525.78,1815525.78,0.00,0.00,0
OP-24.001-0850,Пазарджик,Пещера,6308,1333602.61,0.00,0.00,1291251.18,1291251.18,0.00,0.00,0
OP-24.001-0851,Пазарджик,Пещера,6308,1185174.58,0.00,0.00,1129500.76,1129500.76,0.00,0.00,0
OP-24.001-0852,Пазарджик,Ракитово,6309,2162048.85,0.00,0.00,2162027.67,1862489.18,0.00,0.00,299538.49
OP-24.001-0853,Пазарджик,Ракитово,6309,1925218.45,0.00,0.00,1925205.16,1925205.16,0.00,0.00,0
OP-24.001-0854,Пазарджик,Ракитово,6309,513541.57,0.00,0.00,509262.21,509262.21,0.00,0.00,0
OP-24.001-0855,Пазарджик,Ракитово,6309,183502.66,0.00,0.00,151964.01,151964.01,0.00,0.00,0
OP-24.001-0856,Пазарджик,Ракитово,6309,56446.62,0.00,0.00,49668.50,44846.31,0.00,0.00,4822.19
OP-24.001-0857,Пазарджик,Септември,6310,2386301.47,0.00,0.00,2386278.98,2386278.98,0.00,0.00,0
OP-24.001-0858,Пазарджик,Септември,6310,2815684.39,0.00,276004.98,2514779.18,2514779.18,0.00,0.00,0
OP-24.001-0859,Пазарджик,Септември,6310,926256.37,0.00,0.00,926155.21,926155.21,0.00,0.00,0
OP-24.001-0860,Пазарджик,Септември,6310,269501.95,0.00,0.00,269468.75,269468.75,0.00,0.00,0
OP-24.001-0861,Пазарджик,Септември,6310,58696.31,1124.84,0.00,0.00,0.00,0.00,0.00,0
OP-24.001-0862,Пазарджик,Септември,6310,55117.26,1073.71,0.00,0.00,0.00,0.00,0.00,0
OP-24.001-0863,Пазарджик,Септември,6310,49390.80,0.00,0.00,44517.43,44517.43,0.00,0.00,0
OP-24.001-0865,Пазарджик,Стрелча,6311,558177.35,0.00,0.00,301783.17,301783.17,0.00,0.00,0
OP-24.001-0866,Пазарджик,Стрелча,6311,508275.26,0.00,0.00,376895.34,0.00,0.00,0.00,376895.34
OP-24.001-0867,Пазарджик,Стрелча,6311,0.00,0.00,0.00,0.00,0.00,0.00,0.00,0
OP-24.001-0868,Пазарджик,Стрелча,6311,883205.60,680727.38,0.00,0.00,0.00,0.00,0.00,0
OP-24.001-0869,Пазарджик,Стрелча,6311,540640.04,4819.44,0.00,0.00,0.00,0.00,0.00,0
OP-24.001-0870,Пазарджик,Стрелча,6311,85078.97,1660.16,0.00,0.00,0.00,0.00,0.00,0
OP-24.001-0871,Пазарджик,Стрелча,6311,150524.33,0.00,0.00,116296.27,23259.26,0.00,0.00,93037.01
OP-24.001-0872,Пазарджик,Сърница,6312,3067751.29,0.00,0.00,2516622.32,2516622.32,0.00,0.00,0
OP-24.001-1968,Пазарджик,Белово,6302,349723.65,0.00,0.00,137574.18,0.00,0.00,0.00,137574.18
OP-24.001-1969,Пазарджик,Белово,6302,1935495.42,0.00,0.00,370200.44,0.00,0.00,0.00,370200.44
OP-24.001-1970,Пазарджик,Белово,6302,208607.09,0.00,0.00,0.00,0.00,0.00,0.00,0
OP-24.001-1971,Пазарджик,Белово,6302,240102.67,0.00,0.00,211168.06,0.00,0.00,0.00,211168.06
OP-24.001-1972,Пазарджик,Белово,6302,108342.75,0.00,0.00,0.00,0.00,0.00,0.00,0
OP-24.001-1973,Пазарджик,Белово,6302,1617420.74,0.00,0.00,0.00,0.00,0.00,0.00,0
OP-24.001-1974,Пазарджик,Белово,6302,131146.37,0.00,0.00,0.00,0.00,0.00,0.00,0
OP-24.001-1975,Пазарджик,Белово,6302,2849531.91,0.00,0.00,0.00,0.00,0.00,0.00,0
OP-24.001-1977,Пазарджик,Брацигово,6303,1472674.01,722586.35,0.00,41159.00,0.00,0.00,0.00,41159.00
OP-24.001-1978,Пазарджик,Велинград,6304,585480.33,0.00,0.00,114923.08,0.00,0.00,0.00,114923.08
OP-24.001-1979,Пазарджик,Велинград,6304,843784.99,0.00,0.00,747462.06,0.00,581359.38,0.00,166102.68
OP-24.001-1980,Пазарджик,Велинград,6304,2255666.39,0.00,0.00,444271.74,0.00,0.00,0.00,444271.74
OP-24.001-1981,Пазарджик,Велинград,6304,519881.58,0.00,0.00,102383.23,0.00,0.00,0.00,102383.23
OP-24.001-1982,Пазарджик,Велинград,6304,289107.95,0.00,0.00,284841.93,0.00,0.00,0.00,284841.93
OP-24.001-1983,Пазарджик,Велинград,6304,451061.70,0.00,0.00,399690.87,0.00,310870.68,0.00,88820.19
OP-24.001-1984,Пазарджик,Велинград,6304,1306504.14,0.00,0.00,257310.71,0.00,0.00,0.00,257310.71
OP-24.001-1985,Пазарджик,Велинград,6304,229570.05,2178.11,0.00,2270.14,1135.07,0.00,0.00,1135.07
OP-24.001-1986,Пазарджик,Велинград,6304,104150.16,0.00,0.00,20072.81,20072.81,0.00,0.00,0
OP-24.001-1987,Пазарджик,Велинград,6304,273336.64,185036.54,2506.35,55554.89,0.00,0.00,0.00,55554.89
OP-24.001-1988,Пазарджик,Велинград,6304,0.00,0.00,0.00,0.00,0.00,0.00,0.00,0
OP-24.001-1989,Пазарджик,Велинград,6304,0.00,0.00,0.00,0.00,0.00,0.00,0.00,0
OP-24.001-1990,Пазарджик,Велинград,6304,416498.37,0.00,0.00,0.00,0.00,0.00,0.00,0
OP-24.001-1991,Пазарджик,Велинград,6304,208146.92,0.00,0.00,0.00,0.00,0.00,0.00,0
OP-24.001-1992,Пазарджик,Велинград,6304,262190.48,51268.71,0.00,0.00,0.00,0.00,0.00,0
OP-24.001-1993,Пазарджик,Велинград,6304,285812.16,0.00,0.00,0.00,0.00,0.00,0.00,0
OP-24.001-1994,Пазарджик,Велинград,6304,116114.39,80068.98,0.00,23750.28,0.00,0.00,0.00,23750.28
OP-24.001-1995,Пазарджик,Велинград,6304,0.00,0.00,0.00,0.00,0.00,0.00,0.00,0
OP-24.001-1996,Пазарджик,Велинград,6304,0.00,0.00,0.00,0.00,0.00,0.00,0.00,0
OP-24.001-1997,Пазарджик,Велинград,6304,77000.56,0.00,0.00,75167.57,67761.00,0.00,0.00,7406.57
OP-24.001-1998,Пазарджик,Велинград,6304,0.00,0.00,0.00,0.00,0.00,0.00,0.00,0
OP-24.001-1999,Пазарджик,Велинград,6304,185650.08,129649.19,0.00,37578.60,0.00,0.00,0.00,37578.60
OP-24.001-2000,Пазарджик,Велинград,6304,242352.35,165125.46,0.00,48862.90,0.00,0.00,0.00,48862.90
OP-24.001-2001,Пазарджик,Велинград,6304,220162.28,151876.13,0.00,44306.06,0.00,0.00,0.00,44306.06
OP-24.001-2002,Пазарджик,Велинград,6304,0.00,0.00,0.00,0.00,0.00,0.00,0.00,0
OP-24.001-2003,Пазарджик,Велинград,6304,135850.25,0.00,0.00,0.00,0.00,0.00,0.00,0
OP-24.001-2004,Пазарджик,Велинград,6304,61815.19,0.00,0.00,0.00,0.00,0.00,0.00,0
OP-24.001-2005,Пазарджик,Велинград,6304,0.00,0.00,0.00,0.00,0.00,0.00,0.00,0
OP-24.001-2006,Пазарджик,Велинград,6304,0.00,0.00,0.00,0.00,0.00,0.00,0.00,0
OP-24.001-2007,Пазарджик,Велинград,6304,0.00,0.00,0.00,0.00,0.00,0.00,0.00,0
OP-24.001-2008,Пазарджик,Велинград,6304,73472.64,725.83,0.00,0.00,0.00,0.00,0.00,0
OP-24.001-2009,Пазарджик,Велинград,6304,0.00,0.00,0.00,0.00,0.00,0.00,0.00,0
OP-24.001-2010,Пазарджик,Велинград,6304,0.00,0.00,0.00,0.00,0.00,0.00,0.00,0
OP-24.001-2011,Пазарджик,Велинград,6304,40289.80,4100.34,0.00,35548.09,0.00,0.00,0.00,35548.09
OP-24.001-2012,Пазарджик,Велинград,6304,44942.56,4342.80,0.00,37730.29,0.00,0.00,0.00,37730.29
OP-24.001-2013,Пазарджик,Велинград,6304,163255.50,3374.53,0.00,1509.34,0.00,0.00,0.00,1509.34
OP-24.001-2014,Пазарджик,Велинград,6304,133191.54,2760.98,0.00,1533.88,0.00,0.00,0.00,1533.88
OP-24.001-2015,Пазарджик,Велинград,6304,98628.20,68674.17,0.00,20047.76,920.33,0.00,0.00,19127.43
OP-24.001-2016,Пазарджик,Пазарджик,6306,427440.01,0.00,0.00,187132.83,0.00,0.00,0.00,187132.83
OP-24.001-2017,Пазарджик,Пазарджик,6306,115551.97,0.00,0.01,53839.03,0.00,0.00,0.00,53839.03
OP-24.001-2018,Пазарджик,Пазарджик,6306,169902.29,67198.45,0.00,63474.82,63474.82,0.00,0.00,0
OP-24.001-2019,Пазарджик,Пазарджик,6306,0.00,0.00,0.00,0.00,0.00,0.00,0.00,0
OP-24.001-2020,Пазарджик,Панагюрище,6307,1278229.70,26768.69,0.00,509259.11,509259.11,0.00,0.00,0
OP-24.001-2021,Пазарджик,Панагюрище,6307,118466.33,0.00,0.00,0.00,0.00,0.00,0.00,0
OP-24.001-2022,Пазарджик,Панагюрище,6307,555927.66,389662.30,0.00,0.00,0.00,0.00,0.00,0
OP-24.001-2023,Пазарджик,Панагюрище,6307,6493.41,0.00,0.00,2668.94,0.00,0.00,0.00,2668.94
OP-24.001-2024,Пазарджик,Панагюрище,6307,11534.74,0.00,0.00,5767.37,0.00,0.00,0.00,5767.37
OP-24.001-2025,Пазарджик,Панагюрище,6307,41312.38,0.00,0.01,13498.10,0.00,0.00,0.00,13498.10
OP-24.001-2026,Пазарджик,Ракитово,6309,164124.69,0.00,0.00,151261.36,0.00,0.00,0.00,151261.36
OP-24.001-2027,Пазарджик,Ракитово,6309,138611.23,0.00,0.00,129238.21,0.00,0.00,0.00,129238.21
OP-24.001-2028,Пазарджик,Септември,6310,132884.76,0.00,0.00,119832.26,119832.26,0.00,0.00,0
OP-24.001-2029,Пазарджик,Септември,6310,155228.22,0.00,0.00,154614.66,154614.66,0.00,0.00,0
OP-24.001-2030,Пазарджик,Септември,6310,10123.58,0.00,0.00,0.00,0.00,0.00,0.00,0
OP-24.001-2031,Пазарджик,Септември,6310,14418.43,0.00,0.00,14418.44,14418.44,0.00,0.00,0
OP-24.001-2032,Пазарджик,Стрелча,6311,2812616.64,7362.60,0.00,0.00,0.00,0.00,0.00,0
OP-24.001-2033,Пазарджик,Стрелча,6311,428973.89,0.00,0.00,422787.11,233239.26,0.00,0.00,189547.85
OP-24.001-2034,Пазарджик,Стрелча,6311,298594.46,0.00,0.00,161709.88,61619.60,0.00,0.00,100090.28
OP-24.001-2445,Пазарджик,Брацигово,6303,0.00,0.00,0.00,0.00,0.00,0.00,0.00,0
OP-24.001-2446,Пазарджик,Пещера,6308,1533875.64,0.00,0.00,1245951.50,628800.69,0.00,0.00,617150.81
OP-24.001-2447,Пазарджик,Септември,6310,276660.04,0.00,0.00,248898.99,243439.60,0.00,0.00,5459.39
OP-24.001-2448,Пазарджик,Септември,6310,266127.42,0.00,0.00,3681.30,3681.30,0.00,0.00,0
OP-24.001-2449,Пазарджик,Септември,6310,127107.16,0.00,0.00,1840.65,1840.65,0.00,0.00,0
OP-24.001-2450,Пазарджик,Септември,6310,125573.29,0.00,12140.58,113186.57,113186.57,0.00,0.00,0
OP-24.001-2857,Пазарджик,Батак,6301,235194.27,0.00,0.00,0.00,0.00,0.00,0.00,0
OP-24.001-2858,Пазарджик,Брацигово,6303,0.00,0.00,0.00,0.00,0.00,0.00,0.00,0
OP-24.001-2859,Пазарджик,Брацигово,6303,0.00,0.00,0.00,0.00,0.00,0.00,0.00,0
OP-24.001-2860,Пазарджик,Брацигово,6303,0.00,0.00,0.00,0.00,0.00,0.00,0.00,0
OP-24.001-2861,Пазарджик,Велинград,6304,4218158.02,33591.88,0.00,0.00,0.00,0.00,0.00,0
OP-24.001-2862,Пазарджик,Велинград,6304,303911.89,0.00,0.00,0.00,0.00,0.00,0.00,0
OP-24.001-2863,Пазарджик,Велинград,6304,0.00,0.00,0.00,0.00,0.00,0.00,0.00,0
OP-24.001-2864,Пазарджик,Велинград,6304,0.00,0.00,0.00,0.00,0.00,0.00,0.00,0
OP-24.001-2866,Пазарджик,Велинград,6304,1126887.31,8180.67,0.00,224968.43,0.00,0.00,0.00,224968.43
OP-24.001-2867,Пазарджик,Велинград,6304,0.00,0.00,0.00,0.00,0.00,0.00,0.00,0
OP-24.001-2868,Пазарджик,Пазарджик,6306,0.00,0.00,0.00,0.00,0.00,0.00,0.00,0
OP-24.001-2870,Пазарджик,Пазарджик,6306,312910.63,123319.54,0.00,0.00,0.00,0.00,0.00,0
OP-24.001-2871,Пазарджик,Пазарджик,6306,1923837.96,0.00,0.00,0.00,0.00,0.00,0.00,0
OP-24.001-2872,Пазарджик,Пазарджик,6306,255645.94,0.00,0.00,0.00,0.00,0.00,0.00,0
OP-24.001-2873,Пазарджик,Панагюрище,6307,1170347.12,25783.67,0.00,0.00,0.00,0.00,0.00,0
OP-25.001-0092,Пазарджик,Ракитово,6309,777777.21,150964.55,0.00,0.00,0.00,0.00,0.00,0
OP-25.001-0099,Пазарджик,Сърница,6312,0.00,0.00,0.00,0.00,0.00,0.00,0.00,0
OP-25.001-0101,Пазарджик,Ракитово,6309,506945.90,0.00,0.00,0.00,0.00,0.00,0.00,0
OP-25.001-0107,Пазарджик,Ракитово,6309,0.00,0.00,0.00,0.00,0.00,0.00,0.00,0
OP-25.001-0108,Пазарджик,Ракитово,6309,0.00,0.00,0.00,0.00,0.00,0.00,0.00,0
OP-25.001-0109,Пазарджик,Ракитово,6309,350797.36,68100.03,0.00,0.00,0.00,0.00,0.00,0
OP-25.001-0111,Пазарджик,Ракитово,6309,278347.30,0.00,0.00,0.00,0.00,0.00,0.00,0
OP-25.001-0112,Пазарджик,Ракитово,6309,242403.48,47031.08,0.00,0.00,0.00,0.00,0.00,0
OP-25.001-0113,Пазарджик,Ракитово,6309,194904.47,0.00,0.00,0.00,0.00,0.00,0.00,0
OP-25.001-0114,Пазарджик,Ракитово,6309,189484.77,37383.24,0.00,0.00,0.00,0.00,0.00,0
OP-25.001-0116,Пазарджик,Ракитово,6309,110387.92,0.00,0.00,0.00,0.00,0.00,0.00,0
OP-25.001-0152,Пазарджик,Ракитово,6309,0.00,0.00,0.00,0.00,0.00,0.00,0.00,0
OP-25.001-0154,Пазарджик,Ракитово,6309,0.00,0.00,0.00,0.00,0.00,0.00,0.00,0
OP-25.001-0156,Пазарджик,Ракитово,6309,0.00,0.00,0.00,0.00,0.00,0.00,0.00,0
OP-25.001-0157,Пазарджик,Ракитово,6309,658083.78,0.00,0.00,0.00,0.00,0.00,0.00,0
OP-25.001-0167,Пазарджик,Ракитово,6309,119284.40,0.00,0.00,0.00,0.00,0.00,0.00,0
OP-25.001-0170,Пазарджик,Ракитово,6309,0.00,0.00,0.00,0.00,0.00,0.00,0.00,0
OP-25.001-0172,Пазарджик,Ракитово,6309,0.00,0.00,0.00,0.00,0.00,0.00,0.00,0
OP-25.001-0173,Пазарджик,Ракитово,6309,24593.14,0.00,0.00,0.00,0.00,0.00,0.00,0
OP-25.001-0449,Пазарджик,Велинград,6304,0.00,0.00,0.00,0.00,0.00,0.00,0.00,0
OP-25.001-0450,Пазарджик,Велинград,6304,0.00,0.00,0.00,0.00,0.00,0.00,0.00,0
OP-25.001-0451,Пазарджик,Велинград,6304,0.00,0.00,0.00,0.00,0.00,0.00,0.00,0
OP-25.001-0452,Пазарджик,Велинград,6304,0.00,0.00,0.00,0.00,0.00,0.00,0.00,0
OP-25.001-0453,Пазарджик,Лесичово,6305,1445677.79,299029.98,0.00,0.00,0.00,0.00,0.00,0
OP-25.001-0454,Пазарджик,Лесичово,6305,935766.40,199187.19,0.00,0.00,0.00,0.00,0.00,0
OP-25.001-0455,Пазарджик,Лесичово,6305,275075.03,95093.37,0.00,54339.07,0.00,0.00,0.00,54339.07
OP-25.001-0456,Пазарджик,Лесичово,6305,269092.92,0.00,0.00,0.00,0.00,0.00,0.00,0
OP-25.001-0457,Пазарджик,Пазарджик,6306,0.00,0.00,0.00,0.00,0.00,0.00,0.00,0
OP-25.001-0458,Пазарджик,Пещера,6308,0.00,0.00,0.00,0.00,0.00,0.00,0.00,0
OP-25.001-0459,Пазарджик,Пещера,6308,631956.77,570583.33,0.00,0.00,0.00,0.00,0.00,0
OP-25.001-0460,Пазарджик,Пещера,6308,789945.96,0.00,0.00,84719.78,0.00,0.00,0.00,84719.78
OP-25.001-0461,Пазарджик,Пещера,6308,642489.38,12359.59,0.00,118372.75,0.00,0.00,0.00,118372.75
OP-25.001-0462,Пазарджик,Пещера,6308,631956.77,0.00,0.00,0.00,0.00,0.00,0.00,0
OP-25.001-0463,Пазарджик,Пещера,6308,526630.64,356409.03,0.00,99438.78,0.00,0.00,0.00,99438.78
OP-25.001-0464,Пазарджик,Пещера,6308,210652.26,163629.00,4601.63,40907.89,0.00,0.00,0.00,40907.89
OP-25.001-0465,Пазарджик,Ракитово,6309,0.00,0.00,0.00,0.00,0.00,0.00,0.00,0
OP-25.001-0466,Пазарджик,Ракитово,6309,499583.30,0.00,0.00,0.00,0.00,0.00,0.00,0
OP-25.001-0467,Пазарджик,Ракитово,6309,0.00,0.00,0.00,0.00,0.00,0.00,0.00,0
OP-25.001-0468,Пазарджик,Ракитово,6309,0.00,0.00,0.00,0.00,0.00,0.00,0.00,0
OP-25.001-0469,Пазарджик,Ракитово,6309,0.00,0.00,0.00,0.00,0.00,0.00,0.00,0
OP-25.001-0470,Пазарджик,Ракитово,6309,0.00,0.00,0.00,0.00,0.00,0.00,0.00,0
OP-25.001-0471,Пазарджик,Сърница,6312,0.00,0.00,0.00,0.00,0.00,0.00,0.00,0
OP-25.001-0769,Пазарджик,Велинград,6304,0.00,0.00,0.00,0.00,0.00,0.00,0.00,0
OP-25.001-0770,Пазарджик,Лесичово,6305,0.00,0.00,0.00,0.00,0.00,0.00,0.00,0
OP-24.001-0873,Перник,Брезник,6401,1109503.38,0.00,0.00,902378.24,902378.24,0.00,0.00,0
OP-24.001-0874,Перник,Брезник,6401,301662.21,41281.08,0.00,255945.24,132100.77,123844.47,0.00,0
OP-24.001-0876,Перник,Ковачевци,6403,2261443.99,902279.20,0.00,1130977.64,1130977.64,0.00,0.00,0
OP-24.001-0878,Перник,Ковачевци,6403,187644.12,0.00,0.00,160954.68,0.00,160954.68,0.00,0
OP-24.001-0880,Перник,Перник,6404,0.00,0.00,0.00,0.00,0.00,0.00,0.00,0
OP-24.001-0881,Перник,Перник,6404,2880004.91,0.00,0.00,471696.96,0.00,0.00,0.00,471696.96
OP-24.001-0882,Перник,Перник,6404,4692636.89,30191.47,0.00,4104748.25,2051801.26,1145.74,0.00,2051801.25
OP-24.001-0883,Перник,Перник,6404,2556459.41,0.00,0.00,0.00,0.00,0.00,0.00,0
OP-24.001-0884,Перник,Перник,6404,1994038.34,2426.66,685673.09,408072.27,0.00,16259.08,0.00,391813.19
OP-24.001-0885,Перник,Перник,6404,1789521.58,0.00,0.00,0.00,0.00,0.00,0.00,0
OP-24.001-0886,Перник,Перник,6404,1354923.49,12823.20,0.00,0.00,0.00,0.00,0.00,0
OP-24.001-0887,Перник,Перник,6404,1252665.11,0.00,0.00,246889.08,0.00,0.00,0.00,246889.08
OP-24.001-0888,Перник,Перник,6404,0.00,0.00,0.00,0.00,0.00,0.00,0.00,0
OP-24.001-0889,Перник,Перник,6404,1291012.00,244636.27,26663.50,0.00,0.00,0.00,0.00,0
OP-24.001-0890,Перник,Перник,6404,346661.21,27570.90,260618.76,0.00,0.00,0.00,0.00,0
OP-24.001-0891,Перник,Перник,6404,0.00,0.00,0.00,0.00,0.00,0.00,0.00,0
OP-24.001-0892,Перник,Перник,6404,0.00,0.00,0.00,0.00,0.00,0.00,0.00,0
OP-24.001-0893,Перник,Перник,6404,0.00,0.00,0.00,0.00,0.00,0.00,0.00,0
OP-24.001-0894,Перник,Перник,6404,0.00,0.00,0.00,0.00,0.00,0.00,0.00,0
OP-24.001-0895,Перник,Перник,6404,0.00,0.00,0.00,0.00,0.00,0.00,0.00,0
OP-24.001-0896,Перник,Радомир,6405,4363773.95,0.00,0.00,1965395.60,0.00,1305994.84,0.00,659400.76
OP-24.001-0897,Перник,Радомир,6405,1924553.77,0.00,0.00,302910.11,0.00,0.00,0.00,302910.11
OP-24.001-0898,Перник,Радомир,6405,2850759.01,0.00,0.00,340162.91,0.00,0.00,0.00,340162.91
OP-24.001-0899,Перник,Радомир,6405,766937.82,0.00,0.00,666277.57,651623.94,0.00,0.00,14653.63
OP-24.001-0900,Перник,Радомир,6405,0.00,0.00,0.00,0.00,0.00,0.00,0.00,0
OP-24.001-0901,Перник,Трън,6406,1288966.83,0.00,0.00,1082784.40,261917.36,0.00,0.00,820867.04
OP-24.001-0902,Перник,Трън,6406,1497011.50,0.00,0.00,757016.96,757016.96,0.00,0.00,0
OP-24.001-0903,Перник,Трън,6406,1100300.12,0.00,0.00,926454.62,0.00,0.00,0.00,926454.62
OP-24.001-0904,Перник,Трън,6406,884892.86,0.00,0.00,738455.93,177923.59,0.00,0.00,560532.34
OP-24.001-0905,Перник,Трън,6406,508735.42,0.00,0.00,427506.38,103306.22,0.00,0.00,324200.16
OP-24.001-0906,Перник,Трън,6406,412152.39,0.00,0.00,0.00,0.00,0.00,0.00,0
OP-24.001-0907,Перник,Трън,6406,229927.96,31298.60,0.00,193200.90,46522.12,0.00,0.00,146678.78
OP-24.001-0908,Перник,Трън,6406,233097.97,0.00,0.00,45225.70,0.00,0.00,0.00,45225.70
OP-24.001-0909,Перник,Трън,6406,146433.99,0.00,0.46,28414.00,0.00,0.00,0.00,28414.00
OP-24.001-0910,Перник,Трън,6406,126340.22,0.00,0.00,0.00,0.00,0.00,0.00,0
OP-24.001-0911,Перник,Трън,6406,96531.91,0.00,0.00,18729.10,0.00,0.00,0.00,18729.10
OP-24.001-0912,Перник,Трън,6406,44431.26,0.00,0.00,0.00,0.00,0.00,0.00,0
OP-24.001-0913,Перник,Трън,6406,25820.24,0.00,0.01,4981.52,0.00,0.00,0.00,4981.52
OP-24.001-2035,Перник,Брезник,6401,1158587.40,0.00,0.00,0.00,0.00,0.00,0.00,0
OP-24.001-2036,Перник,Брезник,6401,0.00,0.00,0.00,0.00,0.00,0.00,0.00,0
OP-24.001-2037,Перник,Брезник,6401,458475.43,0.00,0.00,429888.02,429888.02,0.00,0.00,0
OP-24.001-2038,Перник,Брезник,6401,236574.75,0.00,0.00,120907.62,47946.12,0.00,0.00,72961.50
OP-24.001-2039,Перник,Брезник,6401,945071.91,0.00,0.00,375351.88,0.00,375351.88,0.00,0
OP-24.001-2040,Перник,Брезник,6401,433361.28,0.00,0.00,410851.42,0.00,68475.24,0.00,342376.18
OP-24.001-2041,Перник,Брезник,6401,0.00,0.00,0.00,0.00,0.00,0.00,0.00,0
OP-24.001-2043,Перник,Ковачевци,6403,618663.18,0.00,0.00,281051.44,0.00,281051.44,0.00,0
OP-24.001-2045,Перник,Перник,6404,434393.58,0.00,0.00,20061.87,0.00,20061.87,0.00,0
OP-24.001-2451,Перник,Брезник,6401,0.00,0.00,0.00,0.00,0.00,0.00,0.00,0
OP-24.001-2452,Перник,Брезник,6401,129510.23,0.00,0.00,0.00,0.00,0.00,0.00,0
OP-24.001-2453,Перник,Брезник,6401,513183.66,0.00,0.00,0.00,0.00,0.00,0.00,0
OP-24.001-2454,Перник,Брезник,6401,0.00,0.00,0.00,0.00,0.00,0.00,0.00,0
OP-24.001-2455,Перник,Земен,6402,1298988.15,256010.69,0.00,0.00,0.00,0.00,0.00,0
OP-24.001-2456,Перник,Земен,6402,1012000.02,350691.52,0.00,180355.63,0.00,0.00,0.00,180355.63
OP-24.001-2457,Перник,Земен,6402,566767.05,187431.23,0.00,310600.33,0.00,187431.23,0.00,123169.10
OP-24.001-2697,Перник,Радомир,6405,0.00,0.00,0.00,0.00,0.00,0.00,0.00,0
OP-24.001-2874,Перник,Брезник,6401,0.00,0.00,0.00,0.00,0.00,0.00,0.00,0
OP-24.001-2876,Перник,Брезник,6401,0.00,0.00,0.00,0.00,0.00,0.00,0.00,0
OP-24.001-2877,Перник,Брезник,6401,0.00,0.00,0.00,0.00,0.00,0.00,0.00,0
OP-25.001-0029,Перник,Земен,6402,0.00,0.00,0.00,0.00,0.00,0.00,0.00,0
OP-25.001-0030,Перник,Земен,6402,0.00,0.00,0.00,0.00,0.00,0.00,0.00,0
OP-25.001-0031,Перник,Земен,6402,0.00,0.00,0.00,0.00,0.00,0.00,0.00,0
OP-25.001-0472,Перник,Брезник,6401,0.00,0.00,0.00,0.00,0.00,0.00,0.00,0
OP-25.001-0473,Перник,Брезник,6401,0.00,0.00,0.00,0.00,0.00,0.00,0.00,0
OP-25.001-0474,Перник,Брезник,6401,0.00,0.00,0.00,0.00,0.00,0.00,0.00,0
OP-25.001-0475,Перник,Брезник,6401,306775.13,0.00,0.00,262189.32,131094.66,0.00,0.00,131094.66
OP-25.001-0476,Перник,Брезник,6401,0.00,0.00,0.00,0.00,0.00,0.00,0.00,0
OP-25.001-0477,Перник,Брезник,6401,0.00,0.00,0.00,0.00,0.00,0.00,0.00,0
OP-25.001-0478,Перник,Брезник,6401,0.00,0.00,0.00,0.00,0.00,0.00,0.00,0
OP-25.001-0479,Перник,Брезник,6401,0.00,0.00,0.00,0.00,0.00,0.00,0.00,0
OP-25.001-0480,Перник,Брезник,6401,0.00,0.00,0.00,0.00,0.00,0.00,0.00,0
OP-25.001-0481,Перник,Брезник,6401,0.00,0.00,0.00,0.00,0.00,0.00,0.00,0
OP-25.001-0482,Перник,Брезник,6401,0.00,0.00,0.00,0.00,0.00,0.00,0.00,0
OP-25.001-0483,Перник,Брезник,6401,0.00,0.00,0.00,0.00,0.00,0.00,0.00,0
OP-25.001-0484,Перник,Брезник,6401,0.00,0.00,0.00,0.00,0.00,0.00,0.00,0
OP-25.001-0485,Перник,Земен,6402,6155136.18,53700.00,0.00,0.00,0.00,0.00,0.00,0
OP-25.001-0486,Перник,Перник,6404,0.00,0.00,0.00,0.00,0.00,0.00,0.00,0
OP-25.001-0487,Перник,Перник,6404,0.00,0.00,0.00,0.00,0.00,0.00,0.00,0
OP-25.001-0488,Перник,Перник,6404,0.00,0.00,0.00,0.00,0.00,0.00,0.00,0
OP-25.001-0489,Перник,Перник,6404,0.00,0.00,0.00,0.00,0.00,0.00,0.00,0
OP-25.001-0490,Перник,Радомир,6405,0.00,0.00,0.00,0.00,0.00,0.00,0.00,0
OP-25.001-0491,Перник,Радомир,6405,0.00,0.00,0.00,0.00,0.00,0.00,0.00,0
OP-25.001-0492,Перник,Радомир,6405,0.00,0.00,0.00,0.00,0.00,0.00,0.00,0
OP-25.001-0493,Перник,Радомир,6405,0.00,0.00,0.00,0.00,0.00,0.00,0.00,0
OP-25.001-0494,Перник,Радомир,6405,0.00,0.00,0.00,0.00,0.00,0.00,0.00,0
OP-24.001-0914,Плевен,Белене,6501,1269588.87,350562.27,35604.14,521568.32,206610.19,0.00,0.00,314958.13
OP-24.001-0915,Плевен,Белене,6501,1003614.83,0.00,0.00,880547.50,0.00,880547.50,0.00,0
OP-24.001-0916,Плевен,Белене,6501,506485.74,103861.73,0.00,0.00,0.00,0.00,0.00,0
OP-24.001-0917,Плевен,Белене,6501,194495.43,0.00,0.00,217303.40,43420.22,0.00,0.00,173883.18
OP-24.001-0918,Плевен,Гулянци,6502,7429837.97,0.00,0.00,5978154.16,5978154.16,0.00,0.00,0
OP-24.001-0919,Плевен,Гулянци,6502,696532.93,0.00,5043.38,628373.47,314186.82,0.00,0.00,314186.65
OP-24.001-0920,Плевен,Гулянци,6502,518654.48,0.00,0.00,88983.09,0.00,0.00,0.00,88983.09
OP-24.001-0921,Плевен,Долна Митрополия,6503,1533415.48,0.00,0.00,1469559.89,778155.28,174577.33,0.00,516827.28
OP-24.001-0922,Плевен,Долна Митрополия,6503,1508311.05,0.00,0.00,1451620.30,1451620.30,0.00,0.00,0
OP-24.001-0923,Плевен,Долни Дъбник,6504,1154241.42,0.00,0.00,0.00,0.00,0.00,0.00,0
OP-24.001-0924,Плевен,Долни Дъбник,6504,799762.76,0.00,0.00,666250.40,281248.28,0.00,0.00,385002.12
OP-24.001-0925,Плевен,Долни Дъбник,6504,1477991.44,511720.62,14633.17,292411.61,0.00,0.00,0.00,292411.61
OP-24.001-0927,Плевен,Долни Дъбник,6504,500503.62,0.00,0.00,0.00,0.00,0.00,0.00,0
OP-24.001-0928,Плевен,Искър,6505,487210.03,0.00,22069.55,450988.37,406809.42,0.00,0.00,44178.95
OP-24.001-0929,Плевен,Искър,6505,317335.86,0.00,0.00,309381.94,247626.90,34240.94,0.00,27514.10
OP-24.001-0930,Плевен,Кнежа,6511,1846888.53,0.00,0.00,1662218.62,1662218.62,0.00,0.00,0
OP-24.001-0931,Плевен,Кнежа,6511,1326086.62,0.00,0.00,1103948.10,1103948.10,0.00,0.00,0
OP-24.001-0932,Плевен,Кнежа,6511,1043035.44,0.00,0.00,1005260.63,1005260.63,0.00,0.00,0
OP-24.001-0933,Плевен,Левски,6506,2013978.72,0.00,0.00,416785.93,19879.03,0.00,0.00,396906.90
OP-24.001-0934,Плевен,Левски,6506,1488319.54,548313.44,0.00,243943.16,14725.21,0.00,0.00,229217.95
OP-24.001-0935,Плевен,Левски,6506,1341118.60,0.00,0.00,1338002.79,1205970.36,0.00,0.00,132032.43
OP-24.001-0936,Плевен,Левски,6506,1187168.62,0.00,0.00,1162641.88,1047492.26,115149.62,0.00,0
OP-24.001-0937,Плевен,Левски,6506,343894.92,0.00,0.00,321140.79,190195.16,12071.48,0.00,118874.15
OP-24.001-0938,Плевен,Левски,6506,195518.02,0.00,0.00,119429.70,1268.00,48361.62,0.00,69800.08
OP-24.001-0939,Плевен,Никопол,6507,2342534.88,0.00,0.00,2323651.29,2323651.29,0.00,0.00,0
OP-24.001-0940,Плевен,Никопол,6507,565925.98,0.00,0.00,546451.61,546451.61,0.00,0.00,0
OP-24.001-0941,Плевен,Никопол,6507,410465.12,0.00,0.00,410446.88,410446.88,0.00,0.00,0
OP-24.001-0942,Плевен,Никопол,6507,407397.37,39014.60,0.00,361619.76,88377.00,0.00,0.00,273242.76
OP-24.001-0943,Плевен,Никопол,6507,283460.22,0.00,0.00,139552.01,139552.01,0.00,0.00,0
OP-24.001-0944,Плевен,Никопол,6507,236012.33,0.00,0.00,235129.83,235129.83,0.00,0.00,0
OP-24.001-0945,Плевен,Никопол,6507,80988.63,0.00,0.00,33208.41,33208.41,0.00,0.00,0
OP-24.001-0946,Плевен,Плевен,6508,18418778.73,0.00,0.00,3660703.23,0.00,115347.44,0.00,3545355.79
OP-24.001-0947,Плевен,Плевен,6508,2006053.70,0.00,0.00,384776.50,0.00,10798.48,0.00,373978.02
OP-24.001-0948,Плевен,Плевен,6508,1142328.32,0.00,0.00,214248.47,0.00,3129.11,0.00,211119.36
OP-24.001-0949,Плевен,Плевен,6508,567533.99,2024.71,0.00,111595.21,0.00,0.00,0.00,111595.21
OP-24.001-0950,Плевен,Пордим,6509,1286717.15,0.00,0.00,0.00,0.00,0.00,0.00,0
OP-24.001-0951,Плевен,Пордим,6509,947628.37,20955.37,0.00,781592.64,477639.94,0.00,0.00,303952.70
OP-24.001-0952,Плевен,Пордим,6509,509400.10,75072.31,0.00,0.00,0.00,0.00,0.00,0
OP-24.001-0954,Плевен,Червен бряг,6510,1507288.47,0.00,38859.88,213038.28,0.00,0.00,0.00,213038.28
OP-24.001-0955,Плевен,Червен бряг,6510,782276.58,0.00,168570.53,0.00,0.00,0.00,0.00,0
OP-24.001-0956,Плевен,Червен бряг,6510,726034.47,0.00,0.00,258854.30,258854.30,0.00,0.00,0
OP-24.001-0957,Плевен,Червен бряг,6510,523051.59,489919.87,11755.62,21014.10,0.00,21014.10,0.00,0
OP-24.001-2047,Плевен,Долни Дъбник,6504,612629.93,27170.04,0.00,0.00,0.00,0.00,0.00,0
OP-24.001-2048,Плевен,Искър,6505,1922661.99,36768.47,1239073.44,421551.65,421551.65,0.00,0.00,0
OP-24.001-2049,Плевен,Искър,6505,218014.86,0.00,13523.44,192323.17,37892.99,0.00,0.00,154430.18
OP-24.001-2050,Плевен,Левски,6506,306110.45,0.00,0.00,63629.04,3029.92,0.00,0.00,60599.12
OP-24.001-2051,Плевен,Левски,6506,764790.40,0.00,0.00,160834.90,10062.22,0.00,0.00,150772.68
OP-24.001-2053,Плевен,Плевен,6508,704969.25,0.00,0.00,0.00,0.00,0.00,0.00,0
OP-24.001-2054,Плевен,Плевен,6508,3809124.51,0.00,24542.01,342264.61,0.00,0.00,0.00,342264.61
OP-24.001-2055,Плевен,Плевен,6508,461185.28,0.00,0.00,0.00,0.00,0.00,0.00,0
OP-24.001-2056,Плевен,Червен бряг,6510,2454712.32,679850.10,58272.87,388485.77,0.00,0.00,0.00,388485.77
OP-24.001-2057,Плевен,Червен бряг,6510,2576911.08,242291.00,0.00,2293512.22,2293512.22,0.00,0.00,0
OP-24.001-2058,Плевен,Кнежа,6511,896908.22,0.00,0.00,500472.85,0.00,0.00,0.00,500472.85
OP-24.001-2459,Плевен,Долни Дъбник,6504,0.00,0.00,0.00,0.00,0.00,0.00,0.00,0
OP-24.001-2460,Плевен,Долни Дъбник,6504,367414.35,0.00,0.00,0.00,0.00,0.00,0.00,0
OP-24.001-2461,Плевен,Плевен,6508,10880955.91,0.00,0.00,0.00,0.00,0.00,0.00,0
OP-24.001-2462,Плевен,Плевен,6508,238773.31,0.00,0.00,0.00,0.00,0.00,0.00,0
OP-24.001-2465,Плевен,Плевен,6508,554598.30,0.00,0.00,0.00,0.00,0.00,0.00,0
OP-24.001-2466,Плевен,Плевен,6508,815408.29,0.00,0.00,0.00,0.00,0.00,0.00,0
OP-24.001-2467,Плевен,Плевен,6508,768471.70,0.00,0.00,0.00,0.00,0.00,0.00,0
OP-24.001-2469,Плевен,Плевен,6508,1623147.21,0.00,0.00,0.00,0.00,0.00,0.00,0
OP-24.001-2470,Плевен,Плевен,6508,4326551.90,0.00,119182.14,901090.58,0.00,31904.61,0.00,869185.97
OP-24.001-2471,Плевен,Плевен,6508,617742.85,0.00,0.00,0.00,0.00,0.00,0.00,0
OP-24.001-2472,Плевен,Плевен,6508,542685.20,0.00,0.00,0.00,0.00,0.00,0.00,0
OP-24.001-2473,Плевен,Плевен,6508,533021.79,0.00,0.00,0.00,0.00,0.00,0.00,0
OP-24.001-2474,Плевен,Плевен,6508,530260.81,0.00,0.00,0.00,0.00,0.00,0.00,0
OP-24.001-2475,Плевен,Плевен,6508,487158.90,0.00,0.00,0.00,0.00,0.00,0.00,0
OP-24.001-2476,Плевен,Плевен,6508,478211.30,0.00,0.00,0.00,0.00,0.00,0.00,0
OP-24.001-2477,Плевен,Плевен,6508,470541.92,0.00,0.00,0.00,0.00,0.00,0.00,0
OP-24.001-2478,Плевен,Плевен,6508,1076882.96,0.00,0.00,0.00,0.00,0.00,0.00,0
OP-24.001-2479,Плевен,Плевен,6508,438790.69,0.00,0.00,0.00,0.00,0.00,0.00,0
OP-24.001-2480,Плевен,Плевен,6508,429740.83,0.00,0.00,0.00,0.00,0.00,0.00,0
OP-24.001-2481,Плевен,Плевен,6508,242965.90,0.00,0.00,0.00,0.00,0.00,0.00,0
OP-24.001-2482,Плевен,Плевен,6508,352995.91,0.00,0.00,0.00,0.00,0.00,0.00,0
OP-24.001-2483,Плевен,Плевен,6508,352331.24,0.00,0.00,0.00,0.00,0.00,0.00,0
OP-24.001-2484,Плевен,Плевен,6508,304372.06,0.00,0.00,0.00,0.00,0.00,0.00,0
OP-24.001-2485,Плевен,Плевен,6508,708855.06,0.00,0.00,0.00,0.00,0.00,0.00,0
OP-24.001-2486,Плевен,Плевен,6508,155228.22,0.00,0.00,0.00,0.00,0.00,0.00,0
OP-24.001-2487,Плевен,Плевен,6508,265462.74,0.00,0.00,0.00,0.00,0.00,0.00,0
OP-24.001-2488,Плевен,Плевен,6508,180690.55,0.00,0.00,0.00,0.00,0.00,0.00,0
OP-24.001-2489,Плевен,Плевен,6508,300537.37,0.00,0.00,0.00,0.00,0.00,0.00,0
OP-24.001-2490,Плевен,Плевен,6508,19838.12,0.00,0.00,0.00,0.00,0.00,0.00,0
OP-24.001-2491,Плевен,Плевен,6508,14009.40,0.00,0.00,0.00,0.00,0.00,0.00,0
OP-24.001-2492,Плевен,Плевен,6508,13907.14,0.00,0.00,0.00,0.00,0.00,0.00,0
OP-24.001-2493,Плевен,Плевен,6508,10379.23,0.00,0.00,0.00,0.00,0.00,0.00,0
OP-24.001-2494,Плевен,Плевен,6508,10276.97,0.00,0.00,0.00,0.00,0.00,0.00,0
OP-24.001-2495,Плевен,Плевен,6508,9407.77,0.00,0.00,0.00,0.00,0.00,0.00,0
OP-24.001-2496,Плевен,Плевен,6508,7618.25,0.00,0.00,0.00,0.00,0.00,0.00,0
OP-24.001-2497,Плевен,Плевен,6508,7515.99,0.00,0.00,0.00,0.00,0.00,0.00,0
OP-24.001-2498,Плевен,Плевен,6508,7055.83,0.00,0.00,0.00,0.00,0.00,0.00,0
OP-24.001-2499,Плевен,Плевен,6508,7055.83,0.00,0.00,0.00,0.00,0.00,0.00,0
OP-24.001-2500,Плевен,Плевен,6508,6493.41,0.00,0.00,0.00,0.00,0.00,0.00,0
OP-24.001-2501,Плевен,Плевен,6508,4294.85,0.00,0.00,0.00,0.00,0.00,0.00,0
OP-24.001-2502,Плевен,Плевен,6508,3067.75,0.00,0.00,0.00,0.00,0.00,0.00,0
OP-24.001-2503,Плевен,Плевен,6508,2403.07,0.00,0.00,0.00,0.00,0.00,0.00,0
OP-24.001-2504,Плевен,Пордим,6509,324005.67,0.00,0.00,144987.73,6104.83,0.00,0.00,138882.90
OP-24.001-2505,Плевен,Червен бряг,6510,2811082.76,0.00,790718.95,1267611.65,476892.70,0.00,0.00,790718.95
OP-24.001-2506,Плевен,Червен бряг,6510,61355.03,56937.46,0.00,0.00,0.00,0.00,0.00,0
OP-24.001-2878,Плевен,Белене,6501,0.00,0.00,0.00,0.00,0.00,0.00,0.00,0
OP-24.001-2879,Плевен,Долна Митрополия,6503,6732998.27,0.00,0.00,0.00,0.00,0.00,0.00,0
OP-24.001-2880,Плевен,Долни Дъбник,6504,0.00,0.00,0.00,0.00,0.00,0.00,0.00,0
OP-24.001-2881,Плевен,Долни Дъбник,6504,0.00,0.00,0.00,0.00,0.00,0.00,0.00,0
OP-24.001-2882,Плевен,Искър,6505,1381817.44,0.00,993184.49,242965.90,0.00,0.00,0.00,242965.90
OP-24.001-2883,Плевен,Искър,6505,535936.15,165764.63,0.00,104122.24,0.00,0.00,0.00,104122.24
OP-24.001-2884,Плевен,Искър,6505,457299.46,0.00,0.00,80702.75,0.00,0.00,0.00,80702.75
OP-24.001-2885,Плевен,Искър,6505,371095.65,4816.37,0.00,65490.32,0.00,0.00,0.00,65490.32
OP-24.001-2886,Плевен,Искър,6505,174452.79,4944.21,0.00,32961.34,0.00,0.00,0.00,32961.34
OP-24.001-2887,Плевен,Искър,6505,174452.79,4196.68,0.00,30780.89,0.00,0.00,0.00,30780.89
OP-24.001-2888,Плевен,Искър,6505,144695.60,0.00,0.00,25531.29,0.00,0.00,0.00,25531.29
OP-24.001-2889,Плевен,Никопол,6507,0.00,0.00,0.00,0.00,0.00,0.00,0.00,0
OP-24.001-2890,Плевен,Никопол,6507,0.00,0.00,0.00,0.00,0.00,0.00,0.00,0
OP-24.001-2891,Плевен,Никопол,6507,0.00,0.00,0.00,0.00,0.00,0.00,0.00,0
OP-24.001-2893,Плевен,Плевен,6508,350286.07,0.00,0.00,0.00,0.00,0.00,0.00,0
OP-24.001-2894,Плевен,Плевен,6508,213566.62,0.00,0.00,0.00,0.00,0.00,0.00,0
OP-24.001-2895,Плевен,Плевен,6508,782583.35,0.00,0.00,0.00,0.00,0.00,0.00,0
OP-24.001-2896,Плевен,Плевен,6508,749144.86,0.00,0.00,0.00,0.00,0.00,0.00,0
OP-24.001-2897,Плевен,Плевен,6508,677768.52,0.00,0.00,0.00,0.00,0.00,0.00,0
OP-24.001-2898,Плевен,Плевен,6508,645301.48,0.00,0.00,0.00,0.00,0.00,0.00,0
OP-24.001-2899,Плевен,Плевен,6508,592433.90,0.00,0.00,0.00,0.00,0.00,0.00,0
OP-24.001-2900,Плевен,Плевен,6508,502344.27,0.00,0.00,0.00,0.00,0.00,0.00,0
OP-24.001-2901,Плевен,Плевен,6508,61968.58,0.00,0.00,0.00,0.00,0.00,0.00,0
OP-24.001-2902,Плевен,Плевен,6508,44380.14,0.00,0.00,0.00,0.00,0.00,0.00,0
OP-24.001-2903,Плевен,Плевен,6508,19071.19,0.00,0.00,0.00,0.00,0.00,0.00,0
OP-24.001-2904,Плевен,Плевен,6508,18099.73,0.00,0.00,0.00,0.00,0.00,0.00,0
OP-24.001-2905,Плевен,Плевен,6508,12424.39,0.00,0.00,0.00,0.00,0.00,0.00,0
OP-24.001-2906,Плевен,Плевен,6508,11555.20,0.00,0.00,0.00,0.00,0.00,0.00,0
OP-24.001-2907,Плевен,Плевен,6508,8691.96,0.00,0.00,0.00,0.00,0.00,0.00,0
OP-24.001-2908,Плевен,Плевен,6508,4703.89,0.00,0.00,0.00,0.00,0.00,0.00,0
OP-25.001-0127,Плевен,Гулянци,6502,613550.26,0.00,0.00,0.00,0.00,0.00,0.00,0
OP-25.001-0128,Плевен,Искър,6505,0.00,0.00,0.00,0.00,0.00,0.00,0.00,0
OP-25.001-0129,Плевен,Левски,6506,0.00,0.00,0.00,0.00,0.00,0.00,0.00,0
OP-25.001-0130,Плевен,Никопол,6507,0.00,0.00,0.00,0.00,0.00,0.00,0.00,0
OP-25.001-0175,Плевен,Никопол,6507,0.00,0.00,0.00,0.00,0.00,0.00,0.00,0
OP-25.001-0495,Плевен,Белене,6501,1729189.14,0.00,0.00,257588.85,0.00,44993.69,0.00,212595.16
OP-25.001-0496,Плевен,Гулянци,6502,6774055.00,55219.52,0.00,55219.52,0.00,0.00,0.00,55219.52
OP-25.001-0497,Плевен,Гулянци,6502,0.00,0.00,0.00,0.00,0.00,0.00,0.00,0
OP-25.001-0498,Плевен,Долна Митрополия,6503,1436270.02,225593.98,0.00,0.00,0.00,0.00,0.00,0
OP-25.001-0499,Плевен,Искър,6505,8770445.28,0.00,0.00,0.00,0.00,0.00,0.00,0
OP-25.001-0500,Плевен,Левски,6506,0.00,0.00,0.00,0.00,0.00,0.00,0.00,0
OP-25.001-0501,Плевен,Левски,6506,0.00,0.00,0.00,0.00,0.00,0.00,0.00,0
OP-25.001-0502,Плевен,Левски,6506,0.00,0.00,0.00,0.00,0.00,0.00,0.00,0
OP-25.001-0503,Плевен,Никопол,6507,0.00,0.00,0.00,0.00,0.00,0.00,0.00,0
OP-25.001-0504,Плевен,Никопол,6507,0.00,0.00,0.00,0.00,0.00,0.00,0.00,0
OP-25.001-0505,Плевен,Плевен,6508,3445340.34,1107624.09,0.00,202711.84,0.00,12833.43,0.00,189878.41
OP-25.001-0506,Плевен,Червен бряг,6510,0.00,0.00,0.00,0.00,0.00,0.00,0.00,0
OP-25.001-0507,Плевен,Кнежа,6511,0.00,0.00,0.00,0.00,0.00,0.00,0.00,0
OP-25.001-0508,Плевен,Кнежа,6511,0.00,0.00,0.00,0.00,0.00,0.00,0.00,0
OP-25.001-0776,Плевен,Плевен,6508,8541488.78,0.00,0.00,0.00,0.00,0.00,0.00,0
OP-25.001-0777,Плевен,Плевен,6508,6878154.03,0.00,0.00,0.00,0.00,0.00,0.00,0
OP-25.001-0778,Плевен,Плевен,6508,6729163.58,1081776.50,0.00,0.00,0.00,0.00,0.00,0
OP-25.001-0779,Плевен,Плевен,6508,0.00,0.00,0.00,0.00,0.00,0.00,0.00,0
OP-25.001-0780,Плевен,Плевен,6508,0.00,0.00,0.00,0.00,0.00,0.00,0.00,0
OP-25.001-0781,Плевен,Плевен,6508,0.00,0.00,0.00,0.00,0.00,0.00,0.00,0
OP-25.001-0782,Плевен,Плевен,6508,3702878.06,0.00,0.00,0.00,0.00,0.00,0.00,0
OP-24.001-0958,Пловдив,Асеновград,6601,2423932.55,0.00,0.00,2400234.80,2400234.80,0.00,0.00,0
OP-24.001-0959,Пловдив,Асеновград,6601,9970191.68,0.00,0.00,8924311.06,0.00,0.00,0.00,8924311.06
OP-24.001-0960,Пловдив,Асеновград,6601,0.00,0.00,0.00,0.00,0.00,0.00,0.00,0
OP-24.001-0962,Пловдив,Брезово,6602,3653180.49,0.00,722913.67,2428034.52,1717654.14,0.00,0.00,710380.38
OP-24.001-0963,Пловдив,Брезово,6602,1216363.39,867916.32,0.00,185496.37,11913.10,0.00,0.00,173583.27
OP-24.001-0964,Пловдив,Калояново,6603,1165234.20,0.00,0.00,997496.00,0.00,387915.11,0.00,609580.89
OP-24.001-0965,Пловдив,Калояново,6603,639114.85,78592.98,0.00,552187.44,549733.24,2454.20,0.00,0
OP-24.001-0966,Пловдив,Калояново,6603,337452.64,207480.21,0.00,52908.63,51886.05,1022.58,0.00,0
OP-24.001-0967,Пловдив,Карлово,6604,4856250.29,0.00,0.10,4687423.77,2554023.42,0.00,0.00,2133400.35
OP-24.001-0968,Пловдив,Карлово,6604,874104.60,289935.35,0.00,196201.46,6012.79,15492.14,0.00,174696.53
OP-24.001-0970,Пловдив,Кричим,6605,389757.80,0.00,0.00,385007.67,9471.38,0.00,0.00,375536.29
OP-24.001-0972,Пловдив,Куклен,6617,957138.40,78567.58,0.00,714422.04,5112.92,0.00,0.00,709309.12
OP-24.001-0973,Пловдив,Куклен,6617,861168.92,0.00,30039.56,305993.30,11197.29,0.00,0.00,294796.01
OP-24.001-0974,Пловдив,Куклен,6617,830286.89,132728.73,0.00,668231.69,668231.69,0.00,0.00,0
OP-24.001-0975,Пловдив,Лъки,6606,1526615.30,0.00,175770.55,1349454.30,690265.44,0.00,0.00,659188.86
OP-24.001-0976,Пловдив,Марица,6607,3044231.86,0.00,341963.49,1331182.59,608416.75,0.00,0.00,722765.84
OP-24.001-0977,Пловдив,Марица,6607,3067751.29,0.00,0.00,1381196.22,0.00,878943.05,0.00,502253.17
OP-24.001-0978,Пловдив,Марица,6607,1496755.85,0.00,0.00,1485349.32,815761.04,0.00,0.00,669588.28
OP-24.001-0979,Пловдив,Марица,6607,1084450.08,0.00,323327.10,649200.22,0.00,0.00,0.00,649200.22
OP-24.001-0980,Пловдив,Перущица,6608,1284723.11,0.00,0.00,1157363.04,685175.16,36761.89,0.00,435425.99
OP-24.001-0981,Пловдив,Перущица,6608,936942.37,0.00,0.00,202228.37,0.00,18304.25,0.00,183924.12
OP-24.001-0982,Пловдив,Перущица,6608,515279.96,0.00,0.00,104516.92,0.00,104516.92,0.00,0
OP-24.001-0983,Пловдив,Перущица,6608,106041.94,0.00,0.00,98160.42,20368.03,0.00,0.00,77792.39
OP-24.001-0984,Пловдив,Пловдив,6609,21474259.01,0.00,0.00,18342772.46,0.00,9171386.23,0.00,9171386.23
OP-24.001-0985,Пловдив,Пловдив,6609,17170919.76,0.00,1105101.41,7847778.37,2211542.25,0.00,0.00,5636236.12
OP-24.001-0986,Пловдив,Пловдив,6609,9714545.74,730152.68,0.00,6949802.17,6949802.17,0.00,0.00,0
OP-24.001-0987,Пловдив,Пловдив,6609,2644401.61,0.00,0.00,2207278.10,2207278.10,0.00,0.00,0
OP-24.001-0988,Пловдив,Пловдив,6609,4162171.56,0.00,954361.82,1937043.87,0.00,0.00,0.00,1937043.87
OP-24.001-0989,Пловдив,Пловдив,6609,1843769.65,58872.38,41651.05,1322317.65,0.00,681984.35,0.00,640333.30
OP-24.001-0990,Пловдив,Пловдив,6609,1150406.73,0.00,0.00,0.00,0.00,0.00,0.00,0
OP-24.001-0993,Пловдив,Първомай,6610,7019066.07,0.00,0.00,0.00,0.00,0.00,0.00,0
OP-24.001-0994,Пловдив,Първомай,6610,1358349.14,0.00,0.00,1316033.36,1178158.30,0.00,0.00,137875.06
OP-24.001-0995,Пловдив,Първомай,6610,1306862.05,0.00,176444.91,520299.23,0.00,0.00,0.00,520299.23
OP-24.001-0996,Пловдив,Раковски,6611,4090283.92,1837477.65,0.00,1837477.65,1837477.65,0.00,0.00,0
OP-24.001-0997,Пловдив,Раковски,6611,8492251.37,0.00,0.00,6496370.31,3522758.09,1264746.18,0.00,1708866.04
OP-24.001-0998,Пловдив,Родопи,6612,1483615.65,636373.08,27916.54,636373.08,0.00,0.00,0.00,636373.08
OP-24.001-0999,Пловдив,Родопи,6612,1131846.84,0.00,0.00,0.00,0.00,0.00,0.00,0
OP-24.001-1000,Пловдив,Родопи,6612,1049886.75,0.00,0.00,915933.89,467922.75,0.00,0.00,448011.14
OP-24.001-1001,Пловдив,Родопи,6612,888267.39,0.00,0.00,875966.68,875966.68,0.00,0.00,0
OP-24.001-1002,Пловдив,Родопи,6612,931676.07,0.00,0.00,931656.58,931656.58,0.00,0.00,0
OP-24.001-1004,Пловдив,Родопи,6612,213055.33,0.00,0.00,191160.44,0.00,0.00,0.00,191160.44
OP-24.001-1005,Пловдив,Родопи,6612,209629.67,0.00,0.00,208595.92,208595.92,0.00,0.00,0
OP-24.001-1006,Пловдив,Родопи,6612,202215.94,0.00,0.00,191440.09,191440.09,0.00,0.00,0
OP-24.001-1007,Пловдив,Родопи,6612,171282.78,0.00,0.00,170439.68,152667.44,0.00,0.00,17772.24
OP-24.001-1008,Пловдив,Садово,6613,2369326.58,0.00,0.00,0.00,0.00,0.00,0.00,0
OP-24.001-1009,Пловдив,Сопот,6618,2893912.05,0.00,228142.53,0.00,0.00,0.00,0.00,0
OP-24.001-1010,Пловдив,Сопот,6618,1252920.75,0.00,108837.06,912315.09,0.00,0.00,0.00,912315.09
OP-24.001-1011,Пловдив,Сопот,6618,227831.66,0.00,0.00,219335.11,180762.42,0.00,0.00,38572.69
OP-24.001-1012,Пловдив,Стамболийски,6614,2454201.03,829736.01,0.00,239515.55,0.00,0.00,0.00,239515.55
OP-24.001-1013,Пловдив,Стамболийски,6614,1926701.20,0.00,743192.37,185798.09,0.00,0.00,0.00,185798.09
OP-24.001-1014,Пловдив,Стамболийски,6614,812136.02,154175.24,0.00,0.00,0.00,0.00,0.00,0
OP-24.001-1015,Пловдив,Стамболийски,6614,947935.15,0.00,60200.55,806114.24,806114.24,0.00,0.00,0
OP-24.001-1016,Пловдив,Стамболийски,6614,741628.87,250293.32,0.00,143024.76,0.00,0.00,0.00,143024.76
OP-24.001-1017,Пловдив,Съединение,6615,4330897.88,0.00,0.00,3719595.94,3647428.54,0.00,0.00,72167.40
OP-24.001-1018,Пловдив,Съединение,6615,782020.93,0.00,0.00,689092.02,0.00,0.00,0.00,689092.02
OP-24.001-1019,Пловдив,Хисаря,6616,1713287.96,175436.03,1368.42,1514645.23,859074.40,0.00,0.00,655570.83
OP-24.001-1020,Пловдив,Хисаря,6616,1196013.97,0.00,425859.37,638789.08,0.00,0.00,0.00,638789.08
OP-24.001-1624,Пловдив,Хисаря,6616,1581630.31,0.00,0.00,262739.70,0.00,0.00,0.00,262739.70
OP-24.001-2059,Пловдив,Калояново,6603,536856.48,23231.60,0.00,491833.60,0.00,491833.60,0.00,0
OP-24.001-2060,Пловдив,Калояново,6603,0.00,0.00,0.00,0.00,0.00,0.00,0.00,0
OP-24.001-2061,Пловдив,Калояново,6603,0.00,0.00,0.00,0.00,0.00,0.00,0.00,0
OP-24.001-2062,Пловдив,Карлово,6604,774965.10,0.00,0.00,218726.29,21136.81,14870.06,0.00,182719.42
OP-24.001-2063,Пловдив,Карлово,6604,885557.54,0.00,310903.51,466467.54,0.00,0.00,0.00,466467.54
OP-24.001-2064,Пловдив,Карлово,6604,898339.84,0.00,0.00,185169.47,0.00,185169.47,0.00,0
OP-24.001-2065,Пловдив,Карлово,6604,3425655.60,0.00,0.00,0.00,0.00,0.00,0.00,0
OP-24.001-2066,Пловдив,Лъки,6606,1028156.84,0.00,0.00,1028155.55,1028155.55,0.00,0.00,0
OP-24.001-2067,Пловдив,Перущица,6608,164124.69,0.00,0.00,161772.75,5890.08,0.00,0.00,155882.67
OP-24.001-2068,Пловдив,Перущица,6608,1046614.48,0.00,0.00,1019822.79,20860.71,97861.26,0.00,901100.82
OP-24.001-2069,Пловдив,Садово,6613,1661698.61,0.00,0.00,250551.80,0.00,0.00,0.00,250551.80
OP-24.001-2070,Пловдив,Садово,6613,0.00,0.00,0.00,0.00,0.00,0.00,0.00,0
OP-24.001-2071,Пловдив,Садово,6613,0.00,0.00,0.00,0.00,0.00,0.00,0.00,0
OP-24.001-2073,Пловдив,Стамболийски,6614,25308.95,0.00,0.00,12271.01,0.00,0.00,0.00,12271.01
OP-24.001-2076,Пловдив,Стамболийски,6614,21474.26,0.00,0.00,21474.26,0.00,0.00,0.00,21474.26
OP-24.001-2077,Пловдив,Хисаря,6616,3148893.31,0.00,0.00,0.00,0.00,0.00,0.00,0
OP-24.001-2507,Пловдив,Асеновград,6601,5405735.67,0.00,0.00,0.00,0.00,0.00,0.00,0
OP-24.001-2508,Пловдив,Асеновград,6601,2717771.99,65647.70,295274.76,2173487.14,2173487.14,0.00,0.00,0
OP-24.001-2509,Пловдив,Асеновград,6601,900180.49,0.00,0.00,824126.95,0.00,0.00,0.00,824126.95
OP-24.001-2510,Пловдив,Брезово,6602,3039630.23,281721.83,45600.00,26075.89,0.00,0.00,0.00,26075.89
OP-24.001-2511,Пловдив,Калояново,6603,1114616.30,0.00,2828.69,933628.82,0.00,364177.92,0.00,569450.90
OP-24.001-2512,Пловдив,Кричим,6605,2862314.21,0.00,0.00,562517.12,0.00,0.00,0.00,562517.12
OP-24.001-2513,Пловдив,Кричим,6605,277324.72,85483.50,0.00,141264.33,0.00,85483.50,0.00,55780.83
OP-24.001-2514,Пловдив,Кричим,6605,261832.57,0.00,0.00,197359.51,0.00,144817.84,0.00,52541.67
OP-24.001-2515,Пловдив,Лъки,6606,1044824.96,0.00,99777.65,470736.84,0.00,0.00,0.00,470736.84
OP-24.001-2516,Пловдив,Лъки,6606,1023401.83,0.00,0.01,918494.32,467786.53,0.00,0.00,450707.79
OP-24.001-2517,Пловдив,Лъки,6606,534504.53,0.00,0.00,479032.77,244404.59,0.00,0.00,234628.18
OP-24.001-2518,Пловдив,Лъки,6606,209578.54,0.00,0.02,183839.70,0.00,0.00,0.00,183839.70
OP-24.001-2519,Пловдив,Перущица,6608,1238348.94,0.00,0.00,14060.53,14060.53,0.00,0.00,0
OP-24.001-2520,Пловдив,Перущица,6608,1184152.00,0.00,0.00,0.00,0.00,0.00,0.00,0
OP-24.001-2521,Пловдив,Родопи,6612,1387901.81,0.00,0.00,1304937.62,643521.20,0.00,0.00,661416.42
OP-24.001-2522,Пловдив,Стамболийски,6614,9430778.75,0.00,76693.78,76693.78,0.00,0.00,0.00,76693.78
OP-24.001-2523,Пловдив,Стамболийски,6614,1309929.80,0.00,417876.40,265053.71,0.00,0.00,0.00,265053.71
OP-24.001-2525,Пловдив,Куклен,6617,2556459.41,0.00,0.00,0.00,0.00,0.00,0.00,0
OP-24.001-2526,Пловдив,Куклен,6617,409033.50,0.00,0.00,0.00,0.00,0.00,0.00,0
OP-24.001-2685,Пловдив,Съединение,6615,10149859.65,401787.68,0.00,0.00,0.00,0.00,0.00,0
OP-24.001-2686,Пловдив,Съединение,6615,2556459.41,64852.26,0.00,0.00,0.00,0.00,0.00,0
OP-24.001-2909,Пловдив,Брезово,6602,3898600.59,20451.68,0.00,0.00,0.00,0.00,0.00,0
OP-24.001-2910,Пловдив,Брезово,6602,1071156.49,77448.00,0.00,701817.65,697031.96,4785.69,0.00,0
OP-24.001-2911,Пловдив,Брезово,6602,839796.91,0.00,0.00,340034.62,0.00,214355.38,0.00,125679.24
OP-25.001-0059,Пловдив,Пловдив,6609,0.00,0.00,0.00,0.00,0.00,0.00,0.00,0
OP-25.001-0060,Пловдив,Пловдив,6609,0.00,0.00,0.00,0.00,0.00,0.00,0.00,0
OP-25.001-0061,Пловдив,Пловдив,6609,0.00,0.00,0.00,0.00,0.00,0.00,0.00,0
OP-25.001-0063,Пловдив,Пловдив,6609,0.00,0.00,0.00,0.00,0.00,0.00,0.00,0
OP-25.001-0065,Пловдив,Пловдив,6609,0.00,0.00,0.00,0.00,0.00,0.00,0.00,0
OP-25.001-0066,Пловдив,Пловдив,6609,0.00,0.00,0.00,0.00,0.00,0.00,0.00,0
OP-25.001-0067,Пловдив,Пловдив,6609,0.00,0.00,0.00,0.00,0.00,0.00,0.00,0
OP-25.001-0068,Пловдив,Пловдив,6609,0.00,0.00,0.00,0.00,0.00,0.00,0.00,0
OP-25.001-0069,Пловдив,Пловдив,6609,7578879.55,0.00,0.00,2366227.57,0.00,0.00,0.00,2366227.57
OP-25.001-0070,Пловдив,Пловдив,6609,0.00,0.00,0.00,0.00,0.00,0.00,0.00,0
OP-25.001-0074,Пловдив,Пловдив,6609,0.00,0.00,0.00,0.00,0.00,0.00,0.00,0
OP-25.001-0081,Пловдив,Пловдив,6609,0.00,0.00,0.00,0.00,0.00,0.00,0.00,0
OP-25.001-0082,Пловдив,Пловдив,6609,1022583.76,0.00,746179.54,0.00,0.00,0.00,0.00,0
OP-25.001-0090,Пловдив,Пловдив,6609,0.00,0.00,0.00,0.00,0.00,0.00,0.00,0
OP-25.001-0132,Пловдив,Пловдив,6609,0.00,0.00,0.00,0.00,0.00,0.00,0.00,0
OP-25.001-0133,Пловдив,Пловдив,6609,0.00,0.00,0.00,0.00,0.00,0.00,0.00,0
OP-25.001-0176,Пловдив,Кричим,6605,0.00,0.00,0.00,0.00,0.00,0.00,0.00,0
OP-25.001-0177,Пловдив,Марица,6607,0.00,0.00,0.00,0.00,0.00,0.00,0.00,0
OP-25.001-0178,Пловдив,Марица,6607,0.00,0.00,0.00,0.00,0.00,0.00,0.00,0
OP-25.001-0179,Пловдив,Марица,6607,0.00,0.00,0.00,0.00,0.00,0.00,0.00,0
OP-25.001-0180,Пловдив,Пловдив,6609,0.00,0.00,0.00,0.00,0.00,0.00,0.00,0
OP-25.001-0181,Пловдив,Пловдив,6609,0.00,0.00,0.00,0.00,0.00,0.00,0.00,0
OP-25.001-0182,Пловдив,Пловдив,6609,0.00,0.00,0.00,0.00,0.00,0.00,0.00,0
OP-25.001-0183,Пловдив,Пловдив,6609,0.00,0.00,0.00,0.00,0.00,0.00,0.00,0
OP-25.001-0184,Пловдив,Пловдив,6609,0.00,0.00,0.00,0.00,0.00,0.00,0.00,0
OP-25.001-0185,Пловдив,Пловдив,6609,3129106.31,0.00,0.00,0.00,0.00,0.00,0.00,0
OP-25.001-0186,Пловдив,Пловдив,6609,2454201.03,0.00,0.00,22656.35,0.00,22656.35,0.00,0
OP-25.001-0187,Пловдив,Пловдив,6609,1278229.70,0.00,123821.91,1132536.98,566268.49,566268.49,0.00,0
OP-25.001-0188,Пловдив,Пловдив,6609,0.00,0.00,0.00,0.00,0.00,0.00,0.00,0
OP-25.001-0189,Пловдив,Пловдив,6609,0.00,0.00,0.00,0.00,0.00,0.00,0.00,0
OP-25.001-0193,Пловдив,Садово,6613,966290.53,0.00,0.00,0.00,0.00,0.00,0.00,0
OP-25.001-0509,Пловдив,Брезово,6602,0.00,0.00,0.00,0.00,0.00,0.00,0.00,0
OP-25.001-0510,Пловдив,Калояново,6603,0.00,0.00,0.00,0.00,0.00,0.00,0.00,0
OP-25.001-0511,Пловдив,Карлово,6604,1735938.20,0.00,0.00,0.00,0.00,0.00,0.00,0
OP-25.001-0512,Пловдив,Карлово,6604,1268566.29,0.00,244932.14,0.00,0.00,0.00,0.00,0
OP-25.001-0513,Пловдив,Карлово,6604,287192.65,96624.58,0.00,60761.78,0.00,60761.78,0.00,0
OP-25.001-0514,Пловдив,Карлово,6604,0.00,0.00,0.00,0.00,0.00,0.00,0.00,0
OP-25.001-0515,Пловдив,Карлово,6604,163511.14,0.00,0.00,135337.32,0.00,104207.83,0.00,31129.49
OP-25.001-0516,Пловдив,Кричим,6605,0.00,0.00,0.00,0.00,0.00,0.00,0.00,0
OP-25.001-0517,Пловдив,Марица,6607,0.00,0.00,0.00,0.00,0.00,0.00,0.00,0
OP-25.001-0518,Пловдив,Марица,6607,0.00,0.00,0.00,0.00,0.00,0.00,0.00,0
OP-25.001-0519,Пловдив,Марица,6607,0.00,0.00,0.00,0.00,0.00,0.00,0.00,0
OP-25.001-0520,Пловдив,Марица,6607,0.00,0.00,0.00,0.00,0.00,0.00,0.00,0
OP-25.001-0521,Пловдив,Марица,6607,0.00,0.00,0.00,0.00,0.00,0.00,0.00,0
OP-25.001-0522,Пловдив,Марица,6607,0.00,0.00,0.00,0.00,0.00,0.00,0.00,0
OP-25.001-0523,Пловдив,Марица,6607,0.00,0.00,0.00,0.00,0.00,0.00,0.00,0
OP-25.001-0524,Пловдив,Пловдив,6609,0.00,0.00,0.00,0.00,0.00,0.00,0.00,0
OP-25.001-0525,Пловдив,Първомай,6610,6902440.40,0.00,0.00,0.00,0.00,0.00,0.00,0
OP-25.001-0526,Пловдив,Първомай,6610,0.00,0.00,0.00,0.00,0.00,0.00,0.00,0
OP-25.001-0527,Пловдив,Първомай,6610,0.00,0.00,0.00,0.00,0.00,0.00,0.00,0
OP-25.001-0528,Пловдив,Родопи,6612,0.00,0.00,0.00,0.00,0.00,0.00,0.00,0
OP-25.001-0529,Пловдив,Родопи,6612,0.00,0.00,0.00,0.00,0.00,0.00,0.00,0
OP-25.001-0530,Пловдив,Родопи,6612,0.00,0.00,0.00,0.00,0.00,0.00,0.00,0
OP-25.001-0531,Пловдив,Родопи,6612,0.00,0.00,0.00,0.00,0.00,0.00,0.00,0
OP-25.001-0532,Пловдив,Стамболийски,6614,1789521.58,0.00,0.00,0.00,0.00,0.00,0.00,0
OP-25.001-0533,Пловдив,Сопот,6618,0.00,0.00,0.00,0.00,0.00,0.00,0.00,0
OP-25.001-0534,Пловдив,Сопот,6618,0.00,0.00,0.00,0.00,0.00,0.00,0.00,0
OP-25.001-0535,Пловдив,Сопот,6618,0.00,0.00,0.00,0.00,0.00,0.00,0.00,0
OP-25.001-0536,Пловдив,Сопот,6618,0.00,0.00,0.00,0.00,0.00,0.00,0.00,0
OP-25.001-0537,Пловдив,Сопот,6618,0.00,0.00,0.00,0.00,0.00,0.00,0.00,0
OP-25.001-0538,Пловдив,Сопот,6618,0.00,0.00,0.00,0.00,0.00,0.00,0.00,0
OP-25.001-0539,Пловдив,Сопот,6618,0.00,0.00,0.00,0.00,0.00,0.00,0.00,0
OP-24.001-1021,Разград,Завет,6701,502702.18,0.00,172493.11,271060.60,271060.60,0.00,0.00,0
OP-24.001-1022,Разград,Завет,6701,479745.17,0.00,163604.97,238778.03,238778.03,0.00,0.00,0
OP-24.001-1023,Разград,Завет,6701,288624.27,0.00,0.02,288362.53,280079.62,0.00,0.00,8282.91
OP-24.001-1024,Разград,Исперих,6702,2815019.71,1256485.87,539657.90,736359.32,0.00,0.00,0.00,736359.32
OP-24.001-1025,Разград,Исперих,6702,1323479.03,0.00,0.00,1314039.60,1184350.36,0.00,0.00,129689.24
OP-24.001-1026,Разград,Исперих,6702,1081893.62,106067.22,7.96,968075.72,384500.86,0.00,0.00,583574.86
OP-24.001-1027,Разград,Исперих,6702,670661.56,0.00,0.00,653213.35,653213.35,0.00,0.00,0
OP-24.001-1029,Разград,Кубрат,6703,4026781.47,0.00,0.00,0.00,0.00,0.00,0.00,0
OP-24.001-1030,Разград,Кубрат,6703,401773.16,0.00,0.00,0.00,0.00,0.00,0.00,0
OP-24.001-1031,Разград,Кубрат,6703,692544.85,0.00,0.00,604673.05,604673.05,0.00,0.00,0
OP-24.001-1032,Разград,Кубрат,6703,516251.41,0.00,0.00,0.00,0.00,0.00,0.00,0
OP-24.001-1033,Разград,Кубрат,6703,189689.29,179792.25,0.03,34246.11,0.00,0.00,0.00,34246.11
OP-24.001-1034,Разград,Лозница,6704,3157022.85,0.00,0.00,306376.07,0.00,0.00,0.00,306376.07
OP-24.001-1035,Разград,Разград,6705,15898825.56,0.00,432257.22,0.00,0.00,0.00,0.00,0
OP-24.001-1037,Разград,Разград,6705,1533875.64,0.00,0.00,1451629.84,1320009.48,0.00,0.00,131620.36
OP-24.001-1039,Разград,Разград,6705,664679.45,0.00,0.00,545752.26,511714.29,0.00,0.00,34037.97
OP-24.001-1040,Разград,Разград,6705,536856.48,0.00,0.00,170457.55,0.00,0.00,0.00,170457.55
OP-24.001-1041,Разград,Разград,6705,522438.04,79108.46,0.00,398398.64,398398.64,0.00,0.00,0
OP-24.001-1042,Разград,Самуил,6706,1022583.76,519479.55,0.00,170612.04,0.00,0.00,0.00,170612.04
OP-24.001-1043,Разград,Самуил,6706,691317.75,188901.56,0.00,134929.69,0.00,0.00,0.00,134929.69
OP-24.001-1044,Разград,Цар Калоян,6707,0.00,0.00,0.00,0.00,0.00,0.00,0.00,0
OP-24.001-1045,Разград,Цар Калоян,6707,421202.25,0.00,0.00,419647.64,0.00,0.00,0.00,419647.64
OP-24.001-1046,Разград,Цар Калоян,6707,203391.91,0.00,148412.02,3758.00,0.00,0.00,0.00,3758.00
OP-24.001-2078,Разград,Исперих,6702,188973.48,170215.79,0.00,0.00,0.00,0.00,0.00,0
OP-24.001-2079,Разград,Исперих,6702,398500.89,398233.39,0.00,0.00,0.00,0.00,0.00,0
OP-24.001-2080,Разград,Лозница,6704,0.00,0.00,0.00,0.00,0.00,0.00,0.00,0
OP-24.001-2081,Разград,Лозница,6704,0.00,0.00,0.00,0.00,0.00,0.00,0.00,0
OP-24.001-2082,Разград,Лозница,6704,0.00,0.00,0.00,0.00,0.00,0.00,0.00,0
OP-24.001-2083,Разград,Самуил,6706,0.00,0.00,0.00,0.00,0.00,0.00,0.00,0
OP-24.001-2084,Разград,Самуил,6706,0.00,0.00,0.00,0.00,0.00,0.00,0.00,0
OP-24.001-2527,Разград,Исперих,6702,1099277.54,0.00,0.00,0.00,0.00,0.00,0.00,0
OP-24.001-2912,Разград,Завет,6701,986026.39,410055.93,0.00,0.00,0.00,0.00,0.00,0
OP-24.001-2913,Разград,Завет,6701,0.00,0.00,0.00,0.00,0.00,0.00,0.00,0
OP-24.001-2914,Разград,Завет,6701,0.00,0.00,0.00,0.00,0.00,0.00,0.00,0
OP-24.001-2915,Разград,Завет,6701,0.00,0.00,0.00,0.00,0.00,0.00,0.00,0
OP-24.001-2916,Разград,Завет,6701,0.00,0.00,0.00,0.00,0.00,0.00,0.00,0
OP-24.001-2917,Разград,Лозница,6704,0.00,0.00,0.00,0.00,0.00,0.00,0.00,0
OP-24.001-2918,Разград,Лозница,6704,0.00,0.00,0.00,0.00,0.00,0.00,0.00,0
OP-24.001-2919,Разград,Лозница,6704,0.00,0.00,0.00,0.00,0.00,0.00,0.00,0
OP-24.001-2920,Разград,Лозница,6704,0.00,0.00,0.00,0.00,0.00,0.00,0.00,0
OP-24.001-2921,Разград,Разград,6705,0.00,0.00,0.00,0.00,0.00,0.00,0.00,0
OP-24.001-2922,Разград,Разград,6705,1242694.92,0.00,0.00,238358.03,0.00,0.00,0.00,238358.03
OP-24.001-2923,Разград,Разград,6705,987815.91,437966.41,0.00,0.00,0.00,0.00,0.00,0
OP-24.001-2924,Разград,Разград,6705,588241.31,0.00,0.00,0.00,0.00,0.00,0.00,0
OP-24.001-2925,Разград,Разград,6705,152722.88,0.00,0.00,0.00,0.00,0.00,0.00,0
OP-24.001-2926,Разград,Разград,6705,134981.06,0.00,0.00,0.00,0.00,0.00,0.00,0
OP-24.001-2927,Разград,Разград,6705,124499.57,0.00,0.00,0.00,0.00,0.00,0.00,0
OP-24.001-2928,Разград,Разград,6705,119642.30,0.00,0.00,0.00,0.00,0.00,0.00,0
OP-24.001-2929,Разград,Разград,6705,116574.55,0.00,0.00,0.00,0.00,0.00,0.00,0
OP-24.001-2930,Разград,Разград,6705,101235.79,0.00,0.00,0.00,0.00,0.00,0.00,0
OP-24.001-2931,Разград,Разград,6705,90703.18,0.00,0.00,0.00,0.00,0.00,0.00,0
OP-24.001-2932,Разград,Разград,6705,49084.02,0.00,0.00,0.00,0.00,0.00,0.00,0
OP-24.001-2933,Разград,Разград,6705,35994.95,0.00,0.00,0.00,0.00,0.00,0.00,0
OP-24.001-2934,Разград,Разград,6705,34154.30,0.00,0.00,0.00,0.00,0.00,0.00,0
OP-24.001-2935,Разград,Цар Калоян,6707,0.00,0.00,0.00,0.00,0.00,0.00,0.00,0
OP-24.001-2936,Разград,Цар Калоян,6707,0.00,0.00,0.00,0.00,0.00,0.00,0.00,0
OP-25.001-0034,Разград,Цар Калоян,6707,0.00,0.00,0.00,0.00,0.00,0.00,0.00,0
OP-25.001-0540,Разград,Исперих,6702,0.00,0.00,0.00,0.00,0.00,0.00,0.00,0
OP-25.001-0541,Разград,Разград,6705,0.00,0.00,0.00,0.00,0.00,0.00,0.00,0
OP-25.001-0542,Разград,Разград,6705,0.00,0.00,0.00,0.00,0.00,0.00,0.00,0
OP-25.001-0543,Разград,Разград,6705,0.00,0.00,0.00,0.00,0.00,0.00,0.00,0
OP-25.001-0544,Разград,Разград,6705,0.00,0.00,0.00,0.00,0.00,0.00,0.00,0
OP-24.001-1047,Русе,Борово,6801,1331710.83,0.00,0.00,1176577.61,0.00,885767.76,0.00,290809.85
OP-24.001-1048,Русе,Борово,6801,1278229.70,0.00,0.00,269440.59,0.00,0.00,0.00,269440.59
OP-24.001-1049,Русе,Борово,6801,776908.01,0.00,12015.36,603323.56,603323.56,0.00,0.00,0
OP-24.001-1050,Русе,Борово,6801,557308.15,110455.94,0.00,4857.27,0.00,4857.27,0.00,0
OP-24.001-1052,Русе,Бяла,6802,2147425.90,0.00,1480864.96,452984.18,0.00,0.00,0.00,452984.18
OP-24.001-1053,Русе,Бяла,6802,1471446.90,0.00,0.00,1459508.45,816203.21,0.00,0.00,643305.24
OP-24.001-1054,Русе,Бяла,6802,613550.26,0.00,228865.92,280928.24,102155.72,178772.52,0.00,0
OP-24.001-1055,Русе,Бяла,6802,1881554.12,0.00,0.00,0.00,0.00,0.00,0.00,0
OP-24.001-1056,Русе,Бяла,6802,589417.28,0.00,58930.68,530486.59,530486.59,0.00,0.00,0
OP-24.001-1057,Русе,Бяла,6802,0.00,0.00,0.00,0.00,0.00,0.00,0.00,0
OP-24.001-1058,Русе,Бяла,6802,0.00,0.00,0.00,0.00,0.00,0.00,0.00,0
OP-24.001-1059,Русе,Бяла,6802,257691.11,0.00,200986.19,49037.93,0.00,0.00,0.00,49037.93
OP-24.001-1060,Русе,Ветово,6803,2883328.31,0.00,0.00,2868173.63,2868173.63,0.00,0.00,0
OP-24.001-1063,Русе,Ветово,6803,184167.34,0.00,0.00,172740.83,172740.83,0.00,0.00,0
OP-24.001-1064,Русе,Две могили,6804,1017726.49,0.00,0.00,1009466.06,1009466.06,0.00,0.00,0
OP-24.001-1065,Русе,Две могили,6804,598364.89,0.00,0.00,122270.91,0.00,7423.95,0.00,114846.96
OP-24.001-1066,Русе,Две могили,6804,353813.98,0.00,0.00,307944.48,0.00,240644.03,0.00,67300.45
OP-24.001-1067,Русе,Две могили,6804,230030.22,0.00,153715.04,46924.98,0.00,3006.40,0.00,43918.58
OP-24.001-1068,Русе,Две могили,6804,188666.70,0.00,0.00,38473.81,0.00,2392.85,0.00,36080.96
OP-24.001-1069,Русе,Две могили,6804,179003.29,0.00,0.00,155439.30,0.00,121694.84,0.00,33744.46
OP-24.001-1070,Русе,Две могили,6804,160903.56,0.00,0.00,34730.75,0.00,3711.98,0.00,31018.77
OP-24.001-1071,Русе,Две могили,6804,115347.45,0.00,0.00,24259.65,0.00,2096.29,0.00,22163.36
OP-24.001-1072,Русе,Две могили,6804,114069.22,0.00,0.00,98422.95,0.00,76987.49,0.00,21435.46
OP-24.001-1073,Русе,Две могили,6804,106502.10,0.00,0.00,92489.44,0.00,72381.62,0.00,20107.82
OP-24.001-1074,Русе,Две могили,6804,83084.93,0.00,0.00,18035.81,0.00,2300.81,0.00,15735.00
OP-24.001-1075,Русе,Две могили,6804,67030.37,0.00,0.00,13943.08,0.00,1227.10,0.00,12715.98
OP-24.001-1076,Русе,Две могили,6804,61406.15,41181.22,0.00,12962.48,0.00,1196.42,0.00,11766.06
OP-24.001-1077,Русе,Иваново,6805,1604945.22,0.00,0.00,1593955.15,1593955.15,0.00,0.00,0
OP-24.001-1078,Русе,Иваново,6805,1870459.09,0.00,0.00,1870459.08,1870459.08,0.00,0.00,0
OP-24.001-1079,Русе,Иваново,6805,1282882.46,0.00,0.00,1282870.98,1282870.98,0.00,0.00,0
OP-24.001-1084,Русе,Русе,6806,894760.79,0.00,0.00,0.00,0.00,0.00,0.00,0
OP-24.001-1088,Русе,Русе,6806,0.00,0.00,0.00,0.00,0.00,0.00,0.00,0
OP-24.001-1097,Русе,Сливо поле,6807,0.00,0.00,0.00,0.00,0.00,0.00,0.00,0
OP-24.001-1098,Русе,Сливо поле,6807,1624476.56,0.00,0.00,1553534.30,328959.25,0.00,0.00,1224575.05
OP-24.001-1099,Русе,Сливо поле,6807,512928.02,0.00,0.00,507573.53,507573.53,0.00,0.00,0
OP-24.001-1100,Русе,Ценово,6808,1021356.66,0.00,536610.00,454474.93,454474.93,0.00,0.00,0
OP-24.001-1101,Русе,Ценово,6808,172356.49,16606.50,0.00,150634.52,0.00,0.00,0.00,150634.52
OP-24.001-1102,Русе,Ценово,6808,172356.49,0.00,0.00,171839.36,1175.98,0.00,0.00,170663.38
OP-24.001-2085,Русе,Борово,6801,1342141.19,0.00,0.00,1209256.43,609255.41,0.00,0.00,600001.02
OP-24.001-2086,Русе,Ветово,6803,975340.39,0.00,0.00,954948.65,954948.65,0.00,0.00,0
OP-24.001-2087,Русе,Ветово,6803,729409.00,0.00,0.00,713812.62,713812.62,0.00,0.00,0
OP-24.001-2088,Русе,Ветово,6803,239386.86,0.00,0.00,229385.89,229385.89,0.00,0.00,0
OP-24.001-2089,Русе,Две могили,6804,896550.31,0.00,174853.49,21474.26,0.00,21474.26,0.00,0
OP-24.001-2091,Русе,Русе,6806,5577171.84,0.00,0.00,0.00,0.00,0.00,0.00,0
OP-24.001-2092,Русе,Русе,6806,11391327.46,0.00,0.00,0.00,0.00,0.00,0.00,0
OP-24.001-2093,Русе,Русе,6806,149143.84,0.00,0.00,0.00,0.00,0.00,0.00,0
OP-24.001-2094,Русе,Русе,6806,73626.03,0.00,0.00,0.00,0.00,0.00,0.00,0
OP-24.001-2095,Русе,Русе,6806,1476099.66,0.00,0.00,241750.21,0.00,0.00,0.00,241750.21
OP-24.001-2096,Русе,Русе,6806,15696.66,0.00,0.00,0.00,0.00,0.00,0.00,0
OP-24.001-2097,Русе,Русе,6806,2035555.24,0.00,0.00,394318.91,0.00,0.00,0.00,394318.91
OP-24.001-2098,Русе,Русе,6806,657623.62,0.00,0.00,15645.53,0.00,0.00,0.00,15645.53
OP-24.001-2099,Русе,Русе,6806,511291.88,194376.74,0.00,266517.00,266517.00,0.00,0.00,0
OP-24.001-2100,Русе,Русе,6806,155944.02,0.00,0.00,0.00,0.00,0.00,0.00,0
OP-24.001-2102,Русе,Сливо поле,6807,303042.70,0.00,6933.12,59154.83,0.00,0.00,0.00,59154.83
OP-24.001-2103,Русе,Сливо поле,6807,32467.03,0.00,15645.53,0.00,0.00,0.00,0.00,0
OP-24.001-2104,Русе,Сливо поле,6807,0.00,0.00,0.00,0.00,0.00,0.00,0.00,0
OP-24.001-2105,Русе,Ценово,6808,1109349.99,0.00,108044.31,989001.84,486256.87,0.00,0.00,502744.97
OP-24.001-2106,Русе,Ценово,6808,587525.50,0.00,57418.15,524013.29,0.00,0.00,0.00,524013.29
OP-24.001-2528,Русе,Иваново,6805,61099.38,30548.94,0.00,30548.95,0.00,0.00,0.00,30548.95
OP-24.001-2529,Русе,Иваново,6805,22650.23,0.00,0.00,22138.94,0.00,22138.94,0.00,0
OP-24.001-2530,Русе,Иваново,6805,15492.14,0.00,0.00,0.00,0.00,0.00,0.00,0
OP-24.001-2531,Русе,Иваново,6805,12219.88,0.00,0.00,0.00,0.00,0.00,0.00,0
OP-24.001-2532,Русе,Иваново,6805,11043.90,0.00,0.00,0.00,0.00,0.00,0.00,0
OP-24.001-2533,Русе,Иваново,6805,10328.10,0.00,0.00,0.00,0.00,0.00,0.00,0
OP-24.001-2534,Русе,Иваново,6805,9049.87,0.00,0.00,0.00,0.00,0.00,0.00,0
OP-24.001-2535,Русе,Иваново,6805,9049.87,0.00,0.00,0.00,0.00,0.00,0.00,0
OP-24.001-2536,Русе,Иваново,6805,8947.61,0.00,0.00,0.00,0.00,0.00,0.00,0
OP-24.001-2537,Русе,Иваново,6805,8896.48,0.00,0.00,0.00,0.00,0.00,0.00,0
OP-24.001-2538,Русе,Иваново,6805,8743.09,0.00,0.00,8743.07,0.00,0.00,0.00,8743.07
OP-24.001-2539,Русе,Иваново,6805,8385.19,0.00,0.00,0.00,0.00,0.00,0.00,0
OP-24.001-2540,Русе,Иваново,6805,8231.80,0.00,0.01,8231.78,0.00,0.00,0.00,8231.78
OP-24.001-2541,Русе,Иваново,6805,8180.67,0.00,0.00,0.00,0.00,0.00,0.00,0
OP-24.001-2542,Русе,Иваново,6805,8129.54,0.00,0.00,0.00,0.00,0.00,0.00,0
OP-24.001-2543,Русе,Иваново,6805,8129.54,0.00,0.00,0.00,0.00,0.00,0.00,0
OP-24.001-2544,Русе,Иваново,6805,7873.89,0.00,0.00,0.00,0.00,0.00,0.00,0
OP-24.001-2545,Русе,Иваново,6805,7158.09,0.00,0.00,7158.08,0.00,0.00,0.00,7158.08
OP-24.001-2546,Русе,Иваново,6805,7055.83,0.00,0.00,0.00,0.00,0.00,0.00,0
OP-24.001-2547,Русе,Иваново,6805,6749.05,0.00,0.00,6748.98,0.00,0.00,0.00,6748.98
OP-24.001-2548,Русе,Иваново,6805,6595.67,0.00,0.00,0.00,0.00,0.00,0.00,0
OP-24.001-2549,Русе,Иваново,6805,5879.86,0.00,0.00,0.00,0.00,0.00,0.00,0
OP-24.001-2551,Русе,Иваново,6805,5726.47,0.00,0.00,0.00,0.00,0.00,0.00,0
OP-24.001-2552,Русе,Иваново,6805,5573.08,0.14,0.00,5572.92,0.00,0.00,0.00,5572.92
OP-24.001-2553,Русе,Иваново,6805,0.00,0.00,0.00,0.00,0.00,0.00,0.00,0
OP-24.001-2554,Русе,Иваново,6805,5164.05,0.00,0.00,0.00,0.00,0.00,0.00,0
OP-24.001-2555,Русе,Иваново,6805,4755.01,0.00,0.00,0.00,0.00,0.00,0.00,0
OP-24.001-2556,Русе,Иваново,6805,4755.01,0.00,0.00,4755.00,0.00,0.00,0.00,4755.00
OP-24.001-2557,Русе,Иваново,6805,4090.34,0.00,0.00,4090.30,0.00,0.00,0.00,4090.30
OP-24.001-2558,Русе,Иваново,6805,4090.34,0.00,0.00,4090.28,0.00,0.00,0.00,4090.28
OP-24.001-2559,Русе,Иваново,6805,4039.21,0.00,0.00,0.00,0.00,0.00,0.00,0
OP-24.001-2560,Русе,Иваново,6805,4039.21,0.00,0.00,4039.19,0.00,0.00,0.00,4039.19
OP-24.001-2561,Русе,Иваново,6805,3885.82,0.00,0.00,3885.80,0.00,3885.80,0.00,0
OP-24.001-2562,Русе,Иваново,6805,3170.01,0.00,0.00,3157.03,0.00,0.00,0.00,3157.03
OP-24.001-2563,Русе,Иваново,6805,3170.01,0.00,0.00,3169.99,0.00,3169.99,0.00,0
OP-24.001-2564,Русе,Иваново,6805,2863.23,0.00,0.00,0.00,0.00,0.00,0.00,0
OP-24.001-2565,Русе,Иваново,6805,2863.23,0.00,0.00,2863.23,0.00,2863.23,0.00,0
OP-24.001-2566,Русе,Иваново,6805,2709.85,0.00,0.00,2709.84,0.00,2709.84,0.00,0
OP-24.001-2567,Русе,Иваново,6805,2147.43,0.00,0.00,2147.42,0.00,2147.42,0.00,0
OP-24.001-2568,Русе,Иваново,6805,2147.43,0.00,0.00,1717.94,0.00,1717.94,0.00,0
OP-24.001-2569,Русе,Иваново,6805,1738.39,0.00,0.00,0.00,0.00,0.00,0.00,0
OP-24.001-2570,Русе,Иваново,6805,1585.00,0.00,0.00,1584.99,0.00,1584.99,0.00,0
OP-24.001-2571,Русе,Иваново,6805,1431.62,0.00,0.00,1431.60,0.00,1431.60,0.00,0
OP-24.001-2572,Русе,Иваново,6805,1278.23,0.00,0.00,0.00,0.00,0.00,0.00,0
OP-24.001-2573,Русе,Русе,6806,0.00,0.00,0.00,0.00,0.00,0.00,0.00,0
OP-24.001-2574,Русе,Сливо поле,6807,616004.46,0.00,0.00,592916.51,0.00,0.00,0.00,592916.51
OP-24.001-2937,Русе,Две могили,6804,0.00,0.00,0.00,0.00,0.00,0.00,0.00,0
OP-24.001-2939,Русе,Русе,6806,0.00,0.00,0.00,0.00,0.00,0.00,0.00,0
OP-24.001-2940,Русе,Русе,6806,0.00,0.00,0.00,0.00,0.00,0.00,0.00,0
OP-24.001-2941,Русе,Русе,6806,3121436.93,0.00,0.00,0.00,0.00,0.00,0.00,0
OP-24.001-2942,Русе,Русе,6806,1312384.00,0.00,0.00,0.00,0.00,0.00,0.00,0
OP-24.001-2943,Русе,Русе,6806,0.00,0.00,0.00,0.00,0.00,0.00,0.00,0
OP-24.001-2944,Русе,Русе,6806,96071.74,0.00,0.00,0.00,0.00,0.00,0.00,0
OP-25.001-0079,Русе,Ветово,6803,1139362.83,0.00,110734.36,1013336.28,1013336.28,0.00,0.00,0
OP-25.001-0545,Русе,Борово,6801,0.00,0.00,0.00,0.00,0.00,0.00,0.00,0
OP-25.001-0546,Русе,Бяла,6802,0.00,0.00,0.00,0.00,0.00,0.00,0.00,0
OP-25.001-0547,Русе,Бяла,6802,0.00,0.00,0.00,0.00,0.00,0.00,0.00,0
OP-25.001-0548,Русе,Бяла,6802,0.00,0.00,0.00,0.00,0.00,0.00,0.00,0
OP-25.001-0549,Русе,Ветово,6803,0.00,0.00,0.00,0.00,0.00,0.00,0.00,0
OP-25.001-0550,Русе,Ветово,6803,0.00,0.00,0.00,0.00,0.00,0.00,0.00,0
OP-25.001-0551,Русе,Две могили,6804,0.00,0.00,0.00,0.00,0.00,0.00,0.00,0
OP-25.001-0552,Русе,Две могили,6804,0.00,0.00,0.00,0.00,0.00,0.00,0.00,0
OP-25.001-0553,Русе,Две могили,6804,0.00,0.00,0.00,0.00,0.00,0.00,0.00,0
OP-25.001-0554,Русе,Две могили,6804,0.00,0.00,0.00,0.00,0.00,0.00,0.00,0
OP-25.001-0555,Русе,Две могили,6804,0.00,0.00,0.00,0.00,0.00,0.00,0.00,0
OP-25.001-0556,Русе,Две могили,6804,0.00,0.00,0.00,0.00,0.00,0.00,0.00,0
OP-25.001-0557,Русе,Две могили,6804,0.00,0.00,0.00,0.00,0.00,0.00,0.00,0
OP-25.001-0558,Русе,Две могили,6804,0.00,0.00,0.00,0.00,0.00,0.00,0.00,0
OP-25.001-0559,Русе,Две могили,6804,0.00,0.00,0.00,0.00,0.00,0.00,0.00,0
OP-25.001-0560,Русе,Две могили,6804,0.00,0.00,0.00,0.00,0.00,0.00,0.00,0
OP-25.001-0561,Русе,Две могили,6804,0.00,0.00,0.00,0.00,0.00,0.00,0.00,0
OP-25.001-0562,Русе,Две могили,6804,0.00,0.00,0.00,0.00,0.00,0.00,0.00,0
OP-25.001-0563,Русе,Две могили,6804,0.00,0.00,0.00,0.00,0.00,0.00,0.00,0
OP-25.001-0564,Русе,Две могили,6804,0.00,0.00,0.00,0.00,0.00,0.00,0.00,0
OP-25.001-0565,Русе,Две могили,6804,0.00,0.00,0.00,0.00,0.00,0.00,0.00,0
OP-25.001-0566,Русе,Две могили,6804,0.00,0.00,0.00,0.00,0.00,0.00,0.00,0
OP-25.001-0567,Русе,Две могили,6804,0.00,0.00,0.00,0.00,0.00,0.00,0.00,0
OP-25.001-0568,Русе,Иваново,6805,0.00,0.00,0.00,0.00,0.00,0.00,0.00,0
OP-25.001-0569,Русе,Иваново,6805,0.00,0.00,0.00,0.00,0.00,0.00,0.00,0
OP-25.001-0570,Русе,Русе,6806,4295209.71,0.00,0.00,0.00,0.00,0.00,0.00,0
OP-25.001-0571,Русе,Русе,6806,3319409.15,0.00,0.00,0.00,0.00,0.00,0.00,0
OP-25.001-0572,Русе,Русе,6806,3209941.56,0.00,0.00,0.00,0.00,0.00,0.00,0
OP-25.001-0573,Русе,Русе,6806,0.00,0.00,0.00,0.00,0.00,0.00,0.00,0
OP-25.001-0574,Русе,Русе,6806,3141377.32,0.00,0.00,0.00,0.00,0.00,0.00,0
OP-25.001-0575,Русе,Русе,6806,0.00,0.00,0.00,0.00,0.00,0.00,0.00,0
OP-25.001-0576,Русе,Русе,6806,0.00,0.00,0.00,0.00,0.00,0.00,0.00,0
OP-25.001-0577,Русе,Русе,6806,0.00,0.00,0.00,0.00,0.00,0.00,0.00,0
OP-25.001-0578,Русе,Русе,6806,0.00,0.00,0.00,0.00,0.00,0.00,0.00,0
OP-25.001-0579,Русе,Русе,6806,0.00,0.00,0.00,0.00,0.00,0.00,0.00,0
OP-25.001-0580,Русе,Русе,6806,0.00,0.00,0.00,0.00,0.00,0.00,0.00,0
OP-25.001-0581,Русе,Русе,6806,0.00,0.00,0.00,0.00,0.00,0.00,0.00,0
OP-25.001-0582,Русе,Русе,6806,0.00,0.00,0.00,0.00,0.00,0.00,0.00,0
OP-25.001-0583,Русе,Русе,6806,399830.25,0.00,0.00,0.00,0.00,0.00,0.00,0
OP-25.001-0584,Русе,Русе,6806,0.00,0.00,0.00,0.00,0.00,0.00,0.00,0
OP-25.001-0585,Русе,Русе,6806,0.00,0.00,0.00,0.00,0.00,0.00,0.00,0
OP-25.001-0586,Русе,Ценово,6808,0.00,0.00,0.00,0.00,0.00,0.00,0.00,0
OP-25.001-0587,Русе,Ценово,6808,0.00,0.00,0.00,0.00,0.00,0.00,0.00,0
OP-25.001-0588,Русе,Ценово,6808,0.00,0.00,0.00,0.00,0.00,0.00,0.00,0
OP-24.001-1103,Силистра,Алфатар,6901,2056058.04,0.00,0.00,425815.59,0.00,29041.94,0.00,396773.65
OP-24.001-1104,Силистра,Алфатар,6901,379787.61,511.30,0.00,75850.88,0.00,75850.88,0.00,0
OP-24.001-1105,Силистра,Главиница,6902,1785738.02,0.00,0.00,1737964.39,1351293.46,14229.26,0.00,372441.67
OP-24.001-1106,Силистра,Главиница,6902,886784.64,0.00,0.00,821776.46,0.00,8793.71,0.00,812982.75
OP-24.001-1107,Силистра,Главиница,6902,1045540.77,0.00,0.00,842511.92,840722.40,1789.52,0.00,0
OP-24.001-1108,Силистра,Главиница,6902,370430.97,0.00,0.00,363863.38,313337.56,50525.82,0.00,0
OP-24.001-1110,Силистра,Главиница,6902,253805.29,0.00,0.00,196996.98,196996.98,0.00,0.00,0
OP-24.001-1111,Силистра,Дулово,6903,1053261.28,0.00,0.00,0.00,0.00,0.00,0.00,0
OP-24.001-1112,Силистра,Дулово,6903,991906.25,0.00,0.00,0.00,0.00,0.00,0.00,0
OP-24.001-1113,Силистра,Кайнарджа,6904,971607.96,114853.19,4369.90,814122.54,509248.78,0.00,0.00,304873.76
OP-24.001-1114,Силистра,Силистра,6905,3059468.36,0.00,0.00,2894220.12,2894220.12,0.00,0.00,0
OP-24.001-1115,Силистра,Силистра,6905,3701753.22,0.00,0.00,3333602.51,3333602.51,0.00,0.00,0
OP-24.001-1116,Силистра,Силистра,6905,3322579.16,0.00,0.00,3234878.92,3234878.92,0.00,0.00,0
OP-24.001-1117,Силистра,Силистра,6905,4002443.98,1094423.74,0.00,663408.97,0.00,0.00,0.00,663408.97
OP-24.001-1118,Силистра,Силистра,6905,7234933.51,0.00,0.00,751046.46,0.00,0.00,0.00,751046.46
OP-24.001-1119,Силистра,Силистра,6905,3218582.39,0.00,0.00,638502.44,0.00,0.00,0.00,638502.44
OP-24.001-1120,Силистра,Силистра,6905,1219993.56,120771.14,0.00,1088564.84,544282.42,0.00,0.00,544282.42
OP-24.001-1121,Силистра,Силистра,6905,799609.37,0.00,0.00,741849.79,741849.79,0.00,0.00,0
OP-24.001-1122,Силистра,Силистра,6905,862293.76,0.00,0.00,351001.88,351001.88,0.00,0.00,0
OP-24.001-1123,Силистра,Силистра,6905,432970.15,0.00,0.00,432932.11,0.00,0.00,0.00,432932.11
OP-24.001-1124,Силистра,Силистра,6905,92032.54,0.00,0.00,91675.45,0.00,0.00,0.00,91675.45
OP-24.001-1125,Силистра,Силистра,6905,94716.82,0.00,0.00,36352.85,36352.85,0.00,0.00,0
OP-24.001-1126,Силистра,Силистра,6905,232944.58,0.00,0.00,38858.18,38858.18,0.00,0.00,0
OP-24.001-1127,Силистра,Силистра,6905,65905.52,0.00,0.00,24787.43,24787.43,0.00,0.00,0
OP-24.001-1128,Силистра,Ситово,6906,1286921.66,0.00,76237.37,1002626.70,1002626.70,0.00,0.00,0
OP-24.001-1129,Силистра,Ситово,6906,1320360.15,0.00,0.00,275066.85,0.00,0.00,0.00,275066.85
OP-24.001-1130,Силистра,Ситово,6906,470593.05,0.00,0.00,457792.58,422241.60,0.00,0.00,35550.98
OP-24.001-1131,Силистра,Ситово,6906,130481.69,0.00,0.00,117188.11,108573.61,0.00,0.00,8614.50
OP-24.001-1132,Силистра,Ситово,6906,89782.85,0.00,0.00,84873.35,84873.35,0.00,0.00,0
OP-24.001-1133,Силистра,Ситово,6906,66570.20,0.00,0.00,61352.16,53540.42,0.00,0.00,7811.74
OP-24.001-1134,Силистра,Ситово,6906,65036.33,0.00,0.00,54048.67,51795.95,0.00,0.00,2252.72
OP-24.001-1135,Силистра,Тутракан,6907,1916168.58,0.00,0.00,1105289.06,0.00,0.00,0.00,1105289.06
OP-24.001-1136,Силистра,Тутракан,6907,1386367.94,156806.96,0.00,953359.19,0.00,0.00,0.00,953359.19
OP-24.001-2107,Силистра,Главиница,6902,352791.40,0.00,0.00,332653.67,243812.40,16363.41,0.00,72477.86
OP-24.001-2108,Силистра,Главиница,6902,0.00,0.00,0.00,0.00,0.00,0.00,0.00,0
OP-24.001-2109,Силистра,Дулово,6903,0.00,0.00,0.00,0.00,0.00,0.00,0.00,0
OP-24.001-2110,Силистра,Дулово,6903,0.00,0.00,0.00,0.00,0.00,0.00,0.00,0
OP-24.001-2111,Силистра,Дулово,6903,0.00,0.00,0.00,0.00,0.00,0.00,0.00,0
OP-24.001-2112,Силистра,Дулово,6903,0.00,0.00,0.00,0.00,0.00,0.00,0.00,0
OP-24.001-2113,Силистра,Дулово,6903,0.00,0.00,0.00,0.00,0.00,0.00,0.00,0
OP-24.001-2114,Силистра,Дулово,6903,0.00,0.00,0.00,0.00,0.00,0.00,0.00,0
OP-24.001-2115,Силистра,Силистра,6905,149194.97,0.00,0.00,43120.31,0.00,0.00,0.00,43120.31
OP-24.001-2116,Силистра,Тутракан,6907,2088729.59,0.00,0.00,31147.12,0.00,0.00,0.00,31147.12
OP-24.001-2117,Силистра,Тутракан,6907,2262262.06,0.00,0.00,0.00,0.00,0.00,0.00,0
OP-24.001-2575,Силистра,Алфатар,6901,0.00,0.00,0.00,0.00,0.00,0.00,0.00,0
OP-24.001-2576,Силистра,Алфатар,6901,684108.54,0.00,0.00,0.00,0.00,0.00,0.00,0
OP-24.001-2577,Силистра,Силистра,6905,199403.83,0.00,0.00,51845.00,0.00,0.00,0.00,51845.00
OP-24.001-2945,Силистра,Алфатар,6901,2890844.30,0.00,0.00,0.00,0.00,0.00,0.00,0
OP-24.001-2946,Силистра,Алфатар,6901,3080022.29,0.00,0.00,1414023.64,0.00,913307.41,0.00,500716.23
OP-24.001-2947,Силистра,Алфатар,6901,3973249.21,0.00,0.00,0.00,0.00,0.00,0.00,0
OP-24.001-2948,Силистра,Кайнарджа,6904,1788447.87,0.00,0.00,340928.89,0.00,40392.06,0.00,300536.83
OP-24.001-2949,Силистра,Кайнарджа,6904,189024.61,135401.36,0.00,2556.45,0.00,2556.45,0.00,0
OP-24.001-2951,Силистра,Тутракан,6907,6446265.78,0.00,0.00,0.00,0.00,0.00,0.00,0
OP-24.001-2952,Силистра,Тутракан,6907,0.00,0.00,0.00,0.00,0.00,0.00,0.00,0
OP-24.001-2953,Силистра,Тутракан,6907,0.00,0.00,0.00,0.00,0.00,0.00,0.00,0
OP-24.001-2954,Силистра,Тутракан,6907,0.00,0.00,0.00,0.00,0.00,0.00,0.00,0
OP-24.001-2955,Силистра,Тутракан,6907,0.00,0.00,0.00,0.00,0.00,0.00,0.00,0
OP-24.001-2956,Силистра,Тутракан,6907,0.00,0.00,0.00,0.00,0.00,0.00,0.00,0
OP-25.001-0035,Силистра,Главиница,6902,0.00,0.00,0.00,0.00,0.00,0.00,0.00,0
OP-25.001-0589,Силистра,Алфатар,6901,0.00,0.00,0.00,0.00,0.00,0.00,0.00,0
OP-25.001-0590,Силистра,Силистра,6905,4176232.09,0.00,0.00,350055.09,0.00,0.00,0.00,350055.09
OP-25.001-0591,Силистра,Силистра,6905,3131662.77,0.00,0.00,236621.22,0.00,0.00,0.00,236621.22
OP-25.001-0592,Силистра,Силистра,6905,1899960.63,687625.85,0.00,253335.84,0.00,0.00,0.00,253335.84
OP-25.001-0593,Силистра,Силистра,6905,1489342.12,999507.22,0.00,249876.81,0.00,0.00,0.00,249876.81
OP-25.001-0594,Силистра,Силистра,6905,2008201.12,698380.53,0.00,379120.86,0.00,0.00,0.00,379120.86
OP-25.001-0595,Силистра,Силистра,6905,0.00,0.00,0.00,0.00,0.00,0.00,0.00,0
OP-25.001-0596,Силистра,Силистра,6905,0.00,0.00,0.00,0.00,0.00,0.00,0.00,0
OP-25.001-0597,Силистра,Силистра,6905,1294591.04,854287.54,0.00,244082.16,0.00,0.00,0.00,244082.16
OP-25.001-0598,Силистра,Силистра,6905,789945.96,0.00,0.00,148988.62,0.00,0.00,0.00,148988.62
OP-25.001-0599,Силистра,Силистра,6905,748020.02,491135.50,0.00,140324.43,0.00,0.00,0.00,140324.43
OP-25.001-0600,Силистра,Силистра,6905,0.00,0.00,0.00,0.00,0.00,0.00,0.00,0
OP-24.001-1137,Сливен,Котел,7001,4345981.00,0.00,0.00,3924113.39,3924113.39,0.00,0.00,0
OP-24.001-1138,Сливен,Котел,7001,2194464.75,0.00,210869.62,1982422.20,1982422.20,0.00,0.00,0
OP-24.001-1139,Сливен,Котел,7001,689732.75,0.00,141580.23,0.00,0.00,0.00,0.00,0
OP-24.001-1140,Сливен,Котел,7001,247005.11,101460.76,101460.77,145544.34,145544.34,0.00,0.00,0
OP-24.001-1141,Сливен,Нова Загора,7002,648727.14,0.00,25309.58,206092.74,206092.74,0.00,0.00,0
OP-24.001-1142,Сливен,Нова Загора,7002,341031.68,0.00,0.00,295843.88,160354.48,0.00,0.00,135489.40
OP-24.001-1143,Сливен,Сливен,7003,14789117.66,0.00,4933118.10,3079757.11,0.00,0.00,0.00,3079757.11
OP-24.001-1144,Сливен,Сливен,7003,0.00,0.00,0.00,0.00,0.00,0.00,0.00,0
OP-24.001-1145,Сливен,Сливен,7003,8507385.61,0.00,0.00,0.00,0.00,0.00,0.00,0
OP-24.001-1146,Сливен,Сливен,7003,0.00,0.00,0.00,0.00,0.00,0.00,0.00,0
OP-24.001-1147,Сливен,Сливен,7003,1591549.37,0.00,563937.81,563857.72,0.00,0.00,0.00,563857.72
OP-24.001-1148,Сливен,Сливен,7003,0.00,0.00,0.00,0.00,0.00,0.00,0.00,0
OP-24.001-1149,Сливен,Сливен,7003,0.00,0.00,0.00,0.00,0.00,0.00,0.00,0
OP-24.001-1150,Сливен,Сливен,7003,1031787.02,120365.36,278069.75,225320.33,0.00,0.00,0.00,225320.33
OP-24.001-1151,Сливен,Твърдица,7004,1794787.89,0.00,0.00,1786807.73,996627.67,0.00,0.00,790180.06
OP-24.001-2118,Сливен,Сливен,7003,2134132.31,902829.98,0.00,930912.86,902824.97,0.00,0.00,28087.89
OP-24.001-2119,Сливен,Сливен,7003,1296431.69,0.00,494184.94,494184.94,494184.94,0.00,0.00,0
OP-24.001-2120,Сливен,Сливен,7003,761313.61,350079.49,424.18,302019.36,0.00,0.00,0.00,302019.36
OP-24.001-2121,Сливен,Твърдица,7004,2814661.81,0.00,564261.72,101235.80,0.00,0.00,0.00,101235.80
OP-24.001-2122,Сливен,Твърдица,7004,503417.99,0.00,11350.68,11350.68,11350.68,0.00,0.00,0
OP-24.001-2578,Сливен,Нова Загора,7002,0.00,0.00,0.00,0.00,0.00,0.00,0.00,0
OP-24.001-2957,Сливен,Котел,7001,3561147.95,0.00,0.00,0.00,0.00,0.00,0.00,0
OP-24.001-2958,Сливен,Котел,7001,5362940.54,0.00,2600883.22,43397.99,0.00,0.00,0.00,43397.99
OP-24.001-2959,Сливен,Котел,7001,5065368.67,171114.94,0.00,0.00,0.00,0.00,0.00,0
OP-24.001-2960,Сливен,Котел,7001,1526206.27,0.00,0.00,0.00,0.00,0.00,0.00,0
OP-24.001-2961,Сливен,Нова Загора,7002,0.00,0.00,0.00,0.00,0.00,0.00,0.00,0
OP-24.001-2962,Сливен,Нова Загора,7002,0.00,0.00,0.00,0.00,0.00,0.00,0.00,0
OP-24.001-2963,Сливен,Нова Загора,7002,0.00,0.00,0.00,0.00,0.00,0.00,0.00,0
OP-24.001-2964,Сливен,Нова Загора,7002,0.00,0.00,0.00,0.00,0.00,0.00,0.00,0
OP-24.001-2965,Сливен,Нова Загора,7002,308820.30,0.00,0.00,0.00,0.00,0.00,0.00,0
OP-24.001-2966,Сливен,Нова Загора,7002,50413.38,0.00,0.00,0.00,0.00,0.00,0.00,0
OP-24.001-2967,Сливен,Нова Загора,7002,0.00,0.00,0.00,0.00,0.00,0.00,0.00,0
OP-24.001-2968,Сливен,Нова Загора,7002,0.00,0.00,0.00,0.00,0.00,0.00,0.00,0
OP-24.001-2969,Сливен,Нова Загора,7002,0.00,0.00,0.00,0.00,0.00,0.00,0.00,0
OP-24.001-2970,Сливен,Нова Загора,7002,0.00,0.00,0.00,0.00,0.00,0.00,0.00,0
OP-24.001-2971,Сливен,Сливен,7003,732118.84,163672.37,0.00,0.00,0.00,0.00,0.00,0
OP-25.001-0601,Сливен,Нова Загора,7002,0.00,0.00,0.00,0.00,0.00,0.00,0.00,0
OP-25.001-0602,Сливен,Нова Загора,7002,0.00,0.00,0.00,0.00,0.00,0.00,0.00,0
OP-25.001-0603,Сливен,Нова Загора,7002,0.00,0.00,0.00,0.00,0.00,0.00,0.00,0
OP-25.001-0604,Сливен,Нова Загора,7002,1360462.48,0.00,998736.55,235339.76,0.00,6604.19,0.00,228735.57
OP-25.001-0605,Сливен,Нова Загора,7002,0.00,0.00,0.00,0.00,0.00,0.00,0.00,0
OP-25.001-0606,Сливен,Нова Загора,7002,0.00,0.00,0.00,0.00,0.00,0.00,0.00,0
OP-25.001-0607,Сливен,Нова Загора,7002,0.00,0.00,0.00,0.00,0.00,0.00,0.00,0
OP-25.001-0608,Сливен,Сливен,7003,0.00,0.00,0.00,0.00,0.00,0.00,0.00,0
OP-25.001-0609,Сливен,Твърдица,7004,0.00,0.00,0.00,0.00,0.00,0.00,0.00,0
OP-25.001-0610,Сливен,Твърдица,7004,0.00,0.00,0.00,0.00,0.00,0.00,0.00,0
OP-25.001-0611,Сливен,Твърдица,7004,0.00,0.00,0.00,0.00,0.00,0.00,0.00,0
OP-25.001-0612,Сливен,Твърдица,7004,0.00,0.00,0.00,0.00,0.00,0.00,0.00,0
OP-24.001-1153,Смолян,Баните,7101,667235.90,16565.85,0.00,624907.48,343699.12,0.00,0.00,281208.36
OP-24.001-1154,Смолян,Баните,7101,467269.65,0.00,18.40,465954.92,93194.73,0.00,0.00,372760.19
OP-24.001-1155,Смолян,Баните,7101,307030.77,0.00,0.00,0.00,0.00,0.00,0.00,0
OP-24.001-1156,Смолян,Баните,7101,127260.55,0.00,127060.43,0.00,0.00,0.00,0.00,0
OP-24.001-1157,Смолян,Баните,7101,121840.86,0.00,0.00,0.00,0.00,0.00,0.00,0
OP-24.001-1158,Смолян,Баните,7101,91163.34,0.00,88303.96,2500.22,0.00,2500.22,0.00,0
OP-24.001-1159,Смолян,Баните,7101,48572.73,0.00,0.00,42948.52,0.00,0.00,0.00,42948.52
OP-24.001-1160,Смолян,Баните,7101,37375.44,16818.95,0.00,0.00,0.00,0.00,0.00,0
OP-24.001-1161,Смолян,Борино,7102,1656330.05,0.00,0.00,1587510.07,1587510.07,0.00,0.00,0
OP-24.001-1162,Смолян,Борино,7102,658339.43,0.00,0.00,652881.09,652881.09,0.00,0.00,0
OP-24.001-1163,Смолян,Борино,7102,448402.98,0.00,0.00,357073.27,357073.27,0.00,0.00,0
OP-24.001-1164,Смолян,Борино,7102,392365.39,0.00,0.00,392365.40,392365.40,0.00,0.00,0
OP-24.001-1165,Смолян,Девин,7103,1826181.21,181850.89,0.00,1626106.20,1621760.22,0.00,0.00,4345.98
OP-24.001-1166,Смолян,Девин,7103,921859.26,405592.76,35.49,407517.56,0.00,0.00,0.00,407517.56
OP-24.001-1167,Смолян,Девин,7103,881364.94,390589.69,0.00,8184.76,0.00,0.00,0.00,8184.76
OP-24.001-1168,Смолян,Девин,7103,625463.36,0.00,0.44,277644.45,0.00,0.00,0.00,277644.45
OP-24.001-1169,Смолян,Девин,7103,320733.40,0.00,0.00,320072.12,317642.46,0.00,0.00,2429.66
OP-24.001-1170,Смолян,Девин,7103,303809.64,134369.81,0.00,136394.53,0.00,0.00,0.00,136394.53
OP-24.001-1171,Смолян,Девин,7103,263775.48,0.00,0.00,0.00,0.00,0.00,0.00,0
OP-24.001-1172,Смолян,Доспат,7104,2147425.90,0.00,0.00,1929691.59,1929691.59,0.00,0.00,0
OP-24.001-1173,Смолян,Доспат,7104,1525388.20,0.00,8901.39,1492282.42,1492282.42,0.00,0.00,0
OP-24.001-1174,Смолян,Доспат,7104,1318570.63,122366.26,0.00,965983.75,673014.45,0.00,0.00,292969.30
OP-24.001-1175,Смолян,Златоград,7105,3355097.32,0.00,0.00,0.00,0.00,0.00,0.00,0
OP-24.001-1176,Смолян,Златоград,7105,1287586.34,0.00,0.00,1233244.46,279051.63,0.00,0.00,954192.83
OP-24.001-1177,Смолян,Златоград,7105,1033576.54,0.00,0.00,0.00,0.00,0.00,0.00,0
OP-24.001-1178,Смолян,Златоград,7105,893738.21,0.00,137032.86,357285.66,190731.62,0.00,0.00,166554.04
OP-24.001-1179,Смолян,Златоград,7105,330192.30,0.00,0.00,72955.06,0.00,0.00,0.00,72955.06
OP-24.001-1180,Смолян,Златоград,7105,159523.07,0.00,0.00,152182.25,948.55,0.00,0.00,151233.70
OP-24.001-1181,Смолян,Златоград,7105,149859.65,0.00,0.00,142796.46,2548.61,0.00,0.00,140247.85
OP-24.001-1182,Смолян,Златоград,7105,141269.95,0.00,0.00,125360.63,2051.91,0.00,0.00,123308.72
OP-24.001-1183,Смолян,Златоград,7105,100673.37,53532.81,0.00,45868.93,45868.93,0.00,0.00,0
OP-24.001-1184,Смолян,Златоград,7105,98065.78,0.00,0.00,1003.15,1003.15,0.00,0.00,0
OP-24.001-1185,Смолян,Златоград,7105,66723.59,0.00,0.00,61841.66,1845.78,0.00,0.00,59995.88
OP-24.001-1186,Смолян,Златоград,7105,53174.36,0.00,0.00,0.00,0.00,0.00,0.00,0
OP-24.001-1187,Смолян,Мадан,7106,1887178.33,226905.71,0.00,1592498.92,1592498.92,0.00,0.00,0
OP-24.001-1189,Смолян,Мадан,7106,695868.25,0.00,0.00,693326.67,693326.67,0.00,0.00,0
OP-24.001-1190,Смолян,Мадан,7106,1134352.17,0.00,0.00,1127753.75,1127753.75,0.00,0.00,0
OP-24.001-1191,Смолян,Мадан,7106,1062822.43,0.00,0.00,1062822.43,1062822.43,0.00,0.00,0
OP-24.001-1194,Смолян,Неделино,7107,2160719.49,0.00,0.00,984119.93,0.00,0.00,0.00,984119.93
OP-24.001-1195,Смолян,Неделино,7107,1372307.41,35378.00,0.00,0.00,0.00,0.00,0.00,0
OP-24.001-1196,Смолян,Неделино,7107,637580.98,276633.36,0.00,0.00,0.00,0.00,0.00,0
OP-24.001-1197,Смолян,Неделино,7107,0.00,0.00,0.00,0.00,0.00,0.00,0.00,0
OP-24.001-1198,Смолян,Неделино,7107,426417.43,9203.25,0.00,0.00,0.00,0.00,0.00,0
OP-24.001-1200,Смолян,Рудозем,7108,1300317.51,0.00,0.00,866861.30,866861.30,0.00,0.00,0
OP-24.001-1201,Смолян,Рудозем,7108,1195195.90,0.00,0.00,1072896.94,1072896.94,0.00,0.00,0
OP-24.001-1202,Смолян,Рудозем,7108,924364.59,0.00,0.00,892432.73,892432.73,0.00,0.00,0
OP-24.001-1203,Смолян,Рудозем,7108,751803.58,0.00,0.00,612328.32,612328.32,0.00,0.00,0
OP-24.001-1204,Смолян,Рудозем,7108,582821.62,0.00,0.00,516777.43,516777.43,0.00,0.00,0
OP-24.001-1205,Смолян,Рудозем,7108,284176.03,0.00,0.00,244731.29,244731.29,0.00,0.00,0
OP-24.001-1206,Смолян,Рудозем,7108,127874.10,0.00,0.00,127726.34,127726.34,0.00,0.00,0
OP-24.001-1207,Смолян,Смолян,7109,1401155.01,0.00,0.00,1359743.44,611884.55,0.00,0.00,747858.89
OP-24.001-1208,Смолян,Смолян,7109,1051113.85,57028.22,57565.74,796440.18,413228.67,0.00,0.00,383211.51
OP-24.001-1209,Смолян,Смолян,7109,0.00,0.00,0.00,0.00,0.00,0.00,0.00,0
OP-24.001-1210,Смолян,Смолян,7109,0.00,0.00,0.00,0.00,0.00,0.00,0.00,0
OP-24.001-1211,Смолян,Смолян,7109,0.00,0.00,0.00,0.00,0.00,0.00,0.00,0
OP-24.001-1212,Смолян,Смолян,7109,0.00,0.00,0.00,0.00,0.00,0.00,0.00,0
OP-24.001-1213,Смолян,Смолян,7109,0.00,0.00,0.00,0.00,0.00,0.00,0.00,0
OP-24.001-1214,Смолян,Смолян,7109,0.00,0.00,0.00,0.00,0.00,0.00,0.00,0
OP-24.001-1215,Смолян,Смолян,7109,0.00,0.00,0.00,0.00,0.00,0.00,0.00,0
OP-24.001-1216,Смолян,Чепеларе,7110,3884795.71,1313550.14,0.00,562196.72,562196.72,0.00,0.00,0
OP-24.001-1217,Смолян,Чепеларе,7110,1738392.40,0.00,87125.83,385951.53,105128.30,0.00,0.00,280823.23
OP-24.001-1218,Смолян,Чепеларе,7110,715808.63,0.00,0.00,135351.71,0.00,0.00,0.00,135351.71
OP-24.001-1219,Смолян,Чепеларе,7110,0.00,0.00,0.00,0.00,0.00,0.00,0.00,0
OP-24.001-1220,Смолян,Чепеларе,7110,646221.81,13498.50,0.00,597365.76,597365.76,0.00,0.00,0
OP-24.001-2123,Смолян,Баните,7101,1345617.97,0.00,0.00,285072.27,0.00,0.00,0.00,285072.27
OP-24.001-2124,Смолян,Девин,7103,69024.40,69024.41,0.00,0.00,0.00,0.00,0.00,0
OP-24.001-2125,Смолян,Девин,7103,17383.92,0.00,0.00,0.00,0.00,0.00,0.00,0
OP-24.001-2126,Смолян,Девин,7103,8180.67,8160.22,0.00,0.00,0.00,0.00,0.00,0
OP-24.001-2127,Смолян,Девин,7103,4601.63,0.00,0.00,4380.75,0.00,0.00,0.00,4380.75
OP-24.001-2128,Смолян,Девин,7103,5112.92,0.00,0.00,4932.94,0.00,0.00,0.00,4932.94
OP-24.001-2129,Смолян,Девин,7103,12271.01,0.00,0.00,0.00,0.00,0.00,0.00,0
OP-24.001-2130,Смолян,Доспат,7104,38960.44,0.00,0.00,0.00,0.00,0.00,0.00,0
OP-24.001-2131,Смолян,Доспат,7104,3936.95,0.00,0.00,0.00,0.00,0.00,0.00,0
OP-24.001-2132,Смолян,Доспат,7104,61355.03,4877.72,0.00,0.00,0.00,0.00,0.00,0
OP-24.001-2133,Смолян,Мадан,7106,249510.44,0.00,0.00,247701.92,247701.92,0.00,0.00,0
OP-24.001-2134,Смолян,Мадан,7106,115040.67,0.00,0.00,115031.65,115031.65,0.00,0.00,0
OP-24.001-2135,Смолян,Мадан,7106,64422.78,0.00,0.00,63400.24,63400.24,0.00,0.00,0
OP-24.001-2137,Смолян,Рудозем,7108,117546.00,10402.06,0.00,103271.24,103271.24,0.00,0.00,0
OP-24.001-2138,Смолян,Смолян,7109,1181851.18,0.00,0.00,0.00,0.00,0.00,0.00,0
OP-24.001-2139,Смолян,Смолян,7109,0.00,0.00,0.00,0.00,0.00,0.00,0.00,0
OP-24.001-2140,Смолян,Смолян,7109,0.00,0.00,0.00,0.00,0.00,0.00,0.00,0
OP-24.001-2141,Смолян,Смолян,7109,0.00,0.00,0.00,0.00,0.00,0.00,0.00,0
OP-24.001-2142,Смолян,Смолян,7109,0.00,0.00,0.00,0.00,0.00,0.00,0.00,0
OP-24.001-2143,Смолян,Смолян,7109,0.00,0.00,0.00,0.00,0.00,0.00,0.00,0
OP-24.001-2144,Смолян,Смолян,7109,9970.19,0.00,0.00,0.00,0.00,0.00,0.00,0
OP-24.001-2145,Смолян,Смолян,7109,12066.49,0.00,0.00,0.00,0.00,0.00,0.00,0
OP-24.001-2146,Смолян,Смолян,7109,8998.74,0.00,0.00,0.00,0.00,0.00,0.00,0
OP-24.001-2147,Смолян,Смолян,7109,9458.90,0.00,0.00,0.00,0.00,0.00,0.00,0
OP-24.001-2148,Смолян,Смолян,7109,0.00,0.00,0.00,0.00,0.00,0.00,0.00,0
OP-24.001-2149,Смолян,Смолян,7109,0.00,0.00,0.00,0.00,0.00,0.00,0.00,0
OP-24.001-2150,Смолян,Смолян,7109,14213.91,0.00,0.00,0.00,0.00,0.00,0.00,0
OP-24.001-2151,Смолян,Смолян,7109,383468.91,0.00,0.00,0.00,0.00,0.00,0.00,0
OP-24.001-2152,Смолян,Смолян,7109,0.00,0.00,0.00,0.00,0.00,0.00,0.00,0
OP-24.001-2153,Смолян,Смолян,7109,0.00,0.00,0.00,0.00,0.00,0.00,0.00,0
OP-24.001-2154,Смолян,Смолян,7109,0.00,0.00,0.00,0.00,0.00,0.00,0.00,0
OP-24.001-2156,Смолян,Смолян,7109,3893589.93,1525439.32,58798.57,0.00,0.00,0.00,0.00,0
OP-24.001-2157,Смолян,Смолян,7109,1643292.11,536745.86,0.00,372331.40,0.00,0.00,0.00,372331.40
OP-24.001-2158,Смолян,Смолян,7109,448812.01,0.00,0.00,0.00,0.00,0.00,0.00,0
OP-24.001-2159,Смолян,Смолян,7109,1150202.22,898357.23,0.00,249530.89,0.00,0.00,0.00,249530.89
OP-24.001-2160,Смолян,Смолян,7109,432041.64,0.00,0.00,0.00,0.00,0.00,0.00,0
OP-24.001-2161,Смолян,Смолян,7109,0.00,0.00,0.00,0.00,0.00,0.00,0.00,0
OP-24.001-2163,Смолян,Смолян,7109,0.00,0.00,0.00,0.00,0.00,0.00,0.00,0
OP-24.001-2579,Смолян,Смолян,7109,0.00,0.00,0.00,0.00,0.00,0.00,0.00,0
OP-24.001-2580,Смолян,Чепеларе,7110,437614.72,11979.44,190194.85,42267.00,0.00,0.00,0.00,42267.00
OP-24.001-2972,Смолян,Девин,7103,1768047.33,616573.69,0.00,355814.83,0.00,0.00,0.00,355814.83
OP-24.001-2973,Смолян,Мадан,7106,1035570.58,0.00,0.00,1005746.74,882440.96,0.00,0.00,123305.78
OP-24.001-2974,Смолян,Мадан,7106,777981.73,0.00,0.01,730415.47,651801.36,0.00,0.00,78614.11
OP-24.001-2975,Смолян,Мадан,7106,131044.11,0.00,0.00,123648.18,123648.18,0.00,0.00,0
OP-24.001-2976,Смолян,Мадан,7106,125726.67,0.00,0.00,118026.07,118026.07,0.00,0.00,0
OP-24.001-2977,Смолян,Мадан,7106,30421.87,0.00,0.00,30063.96,30063.96,0.00,0.00,0
OP-24.001-2978,Смолян,Смолян,7109,0.00,0.00,0.00,0.00,0.00,0.00,0.00,0
OP-24.001-2979,Смолян,Смолян,7109,0.00,0.00,0.00,0.00,0.00,0.00,0.00,0
OP-24.001-2980,Смолян,Смолян,7109,1533875.64,0.00,0.00,0.00,0.00,0.00,0.00,0
OP-24.001-3096,Смолян,Борино,7102,50515.64,50034.35,0.00,0.00,0.00,0.00,0.00,0
OP-25.001-0036,Смолян,Мадан,7106,413226.10,82238.90,0.00,0.00,0.00,0.00,0.00,0
OP-25.001-0087,Смолян,Неделино,7107,0.00,0.00,0.00,0.00,0.00,0.00,0.00,0
OP-25.001-0613,Смолян,Баните,7101,0.00,0.00,0.00,0.00,0.00,0.00,0.00,0
OP-25.001-0614,Смолян,Доспат,7104,0.00,0.00,0.00,0.00,0.00,0.00,0.00,0
OP-25.001-0615,Смолян,Мадан,7106,1545379.71,0.00,0.00,0.00,0.00,0.00,0.00,0
OP-25.001-0616,Смолян,Мадан,7106,1237735.39,0.00,0.00,0.00,0.00,0.00,0.00,0
OP-25.001-0617,Смолян,Рудозем,7108,0.00,0.00,0.00,0.00,0.00,0.00,0.00,0
OP-24.001-1221,София град,Столична,7225,7194899.35,0.00,1371938.26,4528822.24,1293067.11,81958.49,0.00,3153796.64
OP-24.001-1222,София град,Столична,7225,23453469.88,7400510.72,911606.09,10717767.91,0.00,0.00,0.00,10717767.91
OP-24.001-1223,София град,Столична,7225,4018140.64,0.00,0.00,0.00,0.00,0.00,0.00,0
OP-24.001-1224,София град,Столична,7225,2477311.42,222864.09,222864.09,2005776.85,1114793.36,0.00,0.00,890983.49
OP-24.001-1225,София град,Столична,7225,1277718.41,357138.44,0.00,0.00,0.00,0.00,0.00,0
OP-24.001-1226,София град,Столична,7225,1910186.47,332347.41,0.00,33234.74,0.00,0.00,0.00,33234.74
OP-24.001-1227,София град,Столична,7225,0.00,0.00,0.00,0.00,0.00,0.00,0.00,0
OP-24.001-1229,София град,Столична,7225,2936195.89,1043801.33,457052.68,863482.43,276733.78,0.00,0.00,586748.65
OP-24.001-1230,София град,Столична,7225,0.00,0.00,0.00,0.00,0.00,0.00,0.00,0
OP-24.001-1231,София град,Столична,7225,0.00,0.00,0.00,0.00,0.00,0.00,0.00,0
OP-24.001-1232,София град,Столична,7225,1009596.95,0.00,0.00,0.00,0.00,0.00,0.00,0
OP-24.001-1233,София град,Столична,7225,954939.85,160985.45,0.00,0.00,0.00,0.00,0.00,0
OP-24.001-1234,София град,Столична,7225,901918.88,0.00,0.00,163915.98,0.00,0.00,0.00,163915.98
OP-24.001-1235,София град,Столична,7225,1840650.77,324774.17,0.00,0.00,0.00,0.00,0.00,0
OP-24.001-1236,София град,Столична,7225,814999.26,0.00,0.00,0.00,0.00,0.00,0.00,0
OP-24.001-1237,София град,Столична,7225,775374.14,0.00,0.00,0.00,0.00,0.00,0.00,0
OP-24.001-1238,София град,Столична,7225,766937.82,0.00,0.00,0.00,0.00,0.00,0.00,0
OP-24.001-1241,София град,Столична,7225,740861.94,141236.29,0.00,0.00,0.00,0.00,0.00,0
OP-24.001-1243,София град,Столична,7225,597751.34,265490.33,309738.74,105360.21,88496.78,0.00,0.00,16863.43
OP-24.001-1244,София град,Столична,7225,961535.51,0.00,312569.41,178611.09,0.00,0.00,0.00,178611.09
OP-24.001-1245,София град,Столична,7225,558177.35,194471.17,0.00,305597.55,0.00,0.00,0.00,305597.55
OP-24.001-1247,София град,Столична,7225,455816.71,0.00,0.00,0.00,0.00,0.00,0.00,0
OP-24.001-1248,София град,Столична,7225,438023.75,598530.82,0.00,0.00,0.00,0.00,0.00,0
OP-24.001-1249,София град,Столична,7225,359898.36,26589.36,0.00,273332.83,0.00,0.00,0.00,273332.83
OP-24.001-1250,София град,Столична,7225,358569.00,0.00,0.00,253284.71,0.00,0.00,0.00,253284.71
OP-24.001-1251,София град,Столична,7225,357904.32,0.00,0.00,35463.20,0.00,0.00,0.00,35463.20
OP-24.001-1252,София град,Столична,7225,398807.67,0.00,0.00,70693.41,70693.41,0.00,0.00,0
OP-24.001-1253,София град,Столична,7225,294913.16,116904.85,0.00,53236.89,0.00,0.00,0.00,53236.89
OP-24.001-1256,София град,Столична,7225,255645.94,0.00,0.00,4325.53,4325.53,0.00,0.00,0
OP-24.001-1257,София град,Столична,7225,255645.94,0.00,0.00,0.00,0.00,0.00,0.00,0
OP-24.001-1259,София град,Столична,7225,63144.55,0.00,0.00,0.00,0.00,0.00,0.00,0
OP-24.001-1261,София град,Столична,7225,0.00,0.00,0.00,0.00,0.00,0.00,0.00,0
OP-24.001-1262,София град,Столична,7225,220008.90,0.00,0.00,0.00,0.00,0.00,0.00,0
OP-24.001-1263,София град,Столична,7225,214742.59,46743.44,0.00,168276.40,0.00,0.00,0.00,168276.40
OP-24.001-1265,София град,Столична,7225,0.00,0.00,0.00,0.00,0.00,0.00,0.00,0
OP-24.001-1266,София град,Столична,7225,0.00,0.00,0.00,0.00,0.00,0.00,0.00,0
OP-24.001-1267,София град,Столична,7225,204516.75,0.00,0.00,0.00,0.00,0.00,0.00,0
OP-24.001-1271,София град,Столична,7225,0.00,0.00,0.00,0.00,0.00,0.00,0.00,0
OP-24.001-1273,София град,Столична,7225,0.00,0.00,0.00,0.00,0.00,0.00,0.00,0
OP-24.001-1276,София град,Столична,7225,0.00,0.00,0.00,0.00,0.00,0.00,0.00,0
OP-24.001-1278,София град,Столична,7225,0.00,0.00,0.00,0.00,0.00,0.00,0.00,0
OP-24.001-1279,София град,Столична,7225,137179.61,11542.93,0.00,118923.38,0.00,11545.96,0.00,107377.42
OP-24.001-1280,София град,Столична,7225,130123.78,0.00,0.00,122710.05,0.00,0.00,0.00,122710.05
OP-24.001-1282,София град,Столична,7225,0.00,0.00,0.00,0.00,0.00,0.00,0.00,0
OP-24.001-1284,София град,Столична,7225,0.00,0.00,0.00,0.00,0.00,0.00,0.00,0
OP-24.001-1285,София град,Столична,7225,102258.38,0.00,0.00,71189.17,0.00,71189.17,0.00,0
OP-24.001-1286,София град,Столична,7225,102258.38,0.00,0.00,0.00,0.00,0.00,0.00,0
OP-24.001-1287,София град,Столична,7225,0.00,0.00,0.00,0.00,0.00,0.00,0.00,0
OP-24.001-1288,София град,Столична,7225,0.00,0.00,0.00,0.00,0.00,0.00,0.00,0
OP-24.001-1289,София град,Столична,7225,94895.77,15088.12,0.00,70216.00,0.00,0.00,0.00,70216.00
OP-24.001-1290,София град,Столична,7225,88453.50,0.00,0.00,0.00,0.00,0.00,0.00,0
OP-24.001-1291,София град,Столична,7225,79608.15,0.00,0.00,0.00,0.00,0.00,0.00,0
OP-24.001-1292,София град,Столична,7225,0.00,0.00,0.00,0.00,0.00,0.00,0.00,0
OP-24.001-1293,София град,Столична,7225,0.00,0.00,0.00,0.00,0.00,0.00,0.00,0
OP-24.001-1294,София град,Столична,7225,0.00,0.00,0.00,0.00,0.00,0.00,0.00,0
OP-24.001-1295,София град,Столична,7225,76131.36,0.00,0.00,0.00,0.00,0.00,0.00,0
OP-24.001-1297,София град,Столична,7225,58236.15,0.00,0.00,0.00,0.00,0.00,0.00,0
OP-24.001-1298,София град,Столична,7225,56855.66,0.00,0.00,0.00,0.00,0.00,0.00,0
OP-24.001-1301,София град,Столична,7225,51129.19,0.00,0.00,1533.88,0.00,0.00,0.00,1533.88
OP-24.001-1303,София град,Столична,7225,48112.57,0.00,0.00,0.00,0.00,0.00,0.00,0
OP-24.001-1304,София град,Столична,7225,0.00,0.00,0.00,0.00,0.00,0.00,0.00,0
OP-24.001-1307,София град,Столична,7225,32211.39,0.00,0.00,0.00,0.00,0.00,0.00,0
OP-24.001-1310,София град,Столична,7225,28018.80,5573.08,0.00,27865.41,27865.41,0.00,0.00,0
OP-24.001-1312,София град,Столична,7225,23519.43,0.00,0.00,23314.91,0.00,0.00,0.00,23314.91
OP-24.001-1313,София град,Столична,7225,23008.13,0.00,0.00,11504.07,11504.07,0.00,0.00,0
OP-24.001-1314,София град,Столична,7225,0.00,0.00,0.00,0.00,0.00,0.00,0.00,0
OP-24.001-1315,София град,Столична,7225,0.00,0.00,0.00,0.00,0.00,0.00,0.00,0
OP-24.001-1316,София град,Столична,7225,26996.21,0.00,0.00,24535.88,24535.88,0.00,0.00,0
OP-24.001-1317,София град,Столична,7225,20042.64,0.00,0.00,0.00,0.00,0.00,0.00,0
OP-24.001-1319,София град,Столична,7225,15338.76,0.00,0.00,15338.76,0.00,15338.76,0.00,0
OP-24.001-1320,София град,Столична,7225,10686.00,0.00,0.00,10256.11,0.00,0.00,0.00,10256.11
OP-24.001-1321,София град,Столична,7225,9407.77,0.00,0.00,9203.25,0.00,0.00,0.00,9203.25
OP-24.001-1322,София град,Столична,7225,6595.67,0.00,0.00,6135.50,0.00,0.00,0.00,6135.50
OP-24.001-1323,София град,Столична,7225,6493.41,0.00,0.00,0.00,0.00,0.00,0.00,0
OP-24.001-1324,София град,Столична,7225,5624.21,0.00,0.00,5521.95,0.00,0.00,0.00,5521.95
OP-24.001-1325,София град,Столична,7225,4703.89,0.00,0.00,4601.63,0.00,0.00,0.00,4601.63
OP-24.001-1326,София град,Столична,7225,4703.89,0.00,0.00,4601.63,0.00,0.00,0.00,4601.63
OP-24.001-1329,София град,Столична,7225,3170.01,0.00,0.00,0.00,0.00,0.00,0.00,0
OP-24.001-1330,София град,Столична,7225,0.00,0.00,0.00,0.00,0.00,0.00,0.00,0
OP-24.001-2164,София град,Столична,7225,0.00,0.00,0.00,0.00,0.00,0.00,0.00,0
OP-24.001-2165,София град,Столична,7225,25769.11,0.00,0.00,0.00,0.00,0.00,0.00,0
OP-24.001-2166,София град,Столична,7225,0.00,0.00,0.00,0.00,0.00,0.00,0.00,0
OP-24.001-2581,София град,Столична,7225,766937.82,0.00,0.00,0.00,0.00,0.00,0.00,0
OP-24.001-2582,София град,Столична,7225,0.00,0.00,0.00,0.00,0.00,0.00,0.00,0
OP-24.001-2583,София град,Столична,7225,0.00,0.00,0.00,0.00,0.00,0.00,0.00,0
OP-24.001-2584,София град,Столична,7225,230081.35,0.00,0.00,0.00,0.00,0.00,0.00,0
OP-24.001-2585,София град,Столична,7225,0.00,0.00,0.00,0.00,0.00,0.00,0.00,0
OP-24.001-2586,София град,Столична,7225,0.00,0.00,0.00,0.00,0.00,0.00,0.00,0
OP-24.001-2587,София град,Столична,7225,0.00,0.00,0.00,0.00,0.00,0.00,0.00,0
OP-24.001-2588,София град,Столична,7225,0.00,0.00,0.00,0.00,0.00,0.00,0.00,0
OP-24.001-2589,София град,Столична,7225,0.00,0.00,0.00,0.00,0.00,0.00,0.00,0
OP-24.001-2590,София град,Столична,7225,0.00,0.00,0.00,0.00,0.00,0.00,0.00,0
OP-24.001-2591,София град,Столична,7225,0.00,0.00,0.00,0.00,0.00,0.00,0.00,0
OP-24.001-2592,София град,Столична,7225,29399.28,0.00,0.00,0.00,0.00,0.00,0.00,0
OP-24.001-2593,София град,Столична,7225,0.00,0.00,0.00,0.00,0.00,0.00,0.00,0
OP-24.001-2594,София град,Столична,7225,0.00,0.00,0.00,0.00,0.00,0.00,0.00,0
OP-24.001-2595,София град,Столична,7225,0.00,0.00,0.00,0.00,0.00,0.00,0.00,0
OP-24.001-2596,София град,Столична,7225,23008.13,0.00,0.00,0.00,0.00,0.00,0.00,0
OP-24.001-2598,София град,Столична,7225,0.00,0.00,0.00,0.00,0.00,0.00,0.00,0
OP-24.001-2599,София град,Столична,7225,0.00,0.00,0.00,0.00,0.00,0.00,0.00,0
OP-24.001-2600,София град,Столична,7225,0.00,0.00,0.00,0.00,0.00,0.00,0.00,0
OP-24.001-2601,София град,Столична,7225,0.00,0.00,0.00,0.00,0.00,0.00,0.00,0
OP-24.001-2602,София град,Столична,7225,8947.61,0.00,0.00,0.00,0.00,0.00,0.00,0
OP-24.001-2603,София град,Столична,7225,0.00,0.00,0.00,0.00,0.00,0.00,0.00,0
OP-24.001-2604,София град,Столична,7225,0.00,0.00,0.00,0.00,0.00,0.00,0.00,0
OP-24.001-2605,София град,Столична,7225,0.00,0.00,0.00,0.00,0.00,0.00,0.00,0
OP-24.001-2606,София град,Столична,7225,0.00,0.00,0.00,0.00,0.00,0.00,0.00,0
OP-24.001-2607,София град,Столична,7225,0.00,0.00,0.00,0.00,0.00,0.00,0.00,0
OP-24.001-2693,София град,Столична,7225,0.00,0.00,0.00,0.00,0.00,0.00,0.00,0
OP-24.001-2694,София град,Столична,7225,0.00,0.00,0.00,0.00,0.00,0.00,0.00,0
OP-24.001-2695,София град,Столична,7225,0.00,0.00,0.00,0.00,0.00,0.00,0.00,0
OP-24.001-2981,София град,Столична,7225,6595665.27,5136657.04,0.00,0.00,0.00,0.00,0.00,0
OP-24.001-2982,София град,Столична,7225,0.00,0.00,0.00,0.00,0.00,0.00,0.00,0
OP-24.001-2983,София град,Столична,7225,0.00,0.00,0.00,0.00,0.00,0.00,0.00,0
OP-24.001-2984,София град,Столична,7225,0.00,0.00,0.00,0.00,0.00,0.00,0.00,0
OP-24.001-2985,София град,Столична,7225,0.00,0.00,0.00,0.00,0.00,0.00,0.00,0
OP-24.001-2986,София град,Столична,7225,357904.32,69559.85,0.00,0.00,0.00,0.00,0.00,0
OP-24.001-2987,София град,Столична,7225,0.00,0.00,0.00,0.00,0.00,0.00,0.00,0
OP-24.001-2988,София град,Столична,7225,0.00,0.00,0.00,0.00,0.00,0.00,0.00,0
OP-24.001-2989,София град,Столична,7225,0.00,0.00,0.00,0.00,0.00,0.00,0.00,0
OP-24.001-2990,София град,Столична,7225,0.00,0.00,0.00,0.00,0.00,0.00,0.00,0
OP-24.001-2991,София град,Столична,7225,0.00,0.00,0.00,0.00,0.00,0.00,0.00,0
OP-24.001-2992,София град,Столична,7225,0.00,0.00,0.00,0.00,0.00,0.00,0.00,0
OP-24.001-2993,София град,Столична,7225,0.00,0.00,0.00,0.00,0.00,0.00,0.00,0
OP-24.001-2994,София град,Столична,7225,0.00,0.00,0.00,0.00,0.00,0.00,0.00,0
OP-24.001-2995,София град,Столична,7225,0.00,0.00,0.00,0.00,0.00,0.00,0.00,0
OP-24.001-2996,София град,Столична,7225,0.00,0.00,0.00,0.00,0.00,0.00,0.00,0
OP-24.001-2997,София град,Столична,7225,0.00,0.00,0.00,0.00,0.00,0.00,0.00,0
OP-24.001-2998,София град,Столична,7225,0.00,0.00,0.00,0.00,0.00,0.00,0.00,0
OP-24.001-2999,София град,Столична,7225,0.00,0.00,0.00,0.00,0.00,0.00,0.00,0
OP-24.001-3000,София град,Столична,7225,0.00,0.00,0.00,0.00,0.00,0.00,0.00,0
OP-24.001-3001,София град,Столична,7225,0.00,0.00,0.00,0.00,0.00,0.00,0.00,0
OP-24.001-3002,София град,Столична,7225,19429.09,0.00,0.00,0.00,0.00,0.00,0.00,0
OP-24.001-3004,София град,Столична,7225,0.00,0.00,0.00,0.00,0.00,0.00,0.00,0
OP-24.001-3005,София град,Столична,7225,0.00,0.00,0.00,0.00,0.00,0.00,0.00,0
OP-24.001-3006,София град,Столична,7225,0.00,0.00,0.00,0.00,0.00,0.00,0.00,0
OP-24.001-3007,София град,Столична,7225,0.00,0.00,0.00,0.00,0.00,0.00,0.00,0
OP-24.001-3008,София град,Столична,7225,0.00,0.00,0.00,0.00,0.00,0.00,0.00,0
OP-24.001-3009,София град,Столична,7225,0.00,0.00,0.00,0.00,0.00,0.00,0.00,0
OP-24.001-3010,София град,Столична,7225,0.00,0.00,0.00,0.00,0.00,0.00,0.00,0
OP-24.001-3011,София град,Столична,7225,0.00,0.00,0.00,0.00,0.00,0.00,0.00,0
OP-24.001-3012,София град,Столична,7225,0.00,0.00,0.00,0.00,0.00,0.00,0.00,0
OP-24.001-3013,София град,Столична,7225,2401793.61,255645.94,0.00,0.00,0.00,0.00,0.00,0
OP-24.001-3014,София град,Столична,7225,0.00,0.00,0.00,0.00,0.00,0.00,0.00,0
OP-24.001-3015,София град,Столична,7225,0.00,0.00,0.00,0.00,0.00,0.00,0.00,0
OP-24.001-3016,София град,Столична,7225,0.00,0.00,0.00,0.00,0.00,0.00,0.00,0
OP-24.001-3017,София град,Столична,7225,0.00,0.00,0.00,0.00,0.00,0.00,0.00,0
OP-24.001-3018,София град,Столична,7225,0.00,0.00,0.00,0.00,0.00,0.00,0.00,0
OP-24.001-3019,София град,Столична,7225,0.00,0.00,0.00,0.00,0.00,0.00,0.00,0
OP-25.001-0618,София град,Столична,7225,0.00,0.00,0.00,0.00,0.00,0.00,0.00,0
OP-25.001-0619,София град,Столична,7225,0.00,0.00,0.00,0.00,0.00,0.00,0.00,0
OP-25.001-0620,София град,Столична,7225,0.00,0.00,0.00,0.00,0.00,0.00,0.00,0
OP-25.001-0621,София град,Столична,7225,0.00,0.00,0.00,0.00,0.00,0.00,0.00,0
OP-25.001-0622,София град,Столична,7225,0.00,0.00,0.00,0.00,0.00,0.00,0.00,0
OP-25.001-0623,София град,Столична,7225,0.00,0.00,0.00,0.00,0.00,0.00,0.00,0
OP-25.001-0624,София град,Столична,7225,0.00,0.00,0.00,0.00,0.00,0.00,0.00,0
OP-24.001-1331,София област,Антон,7301,1755418.42,0.00,0.00,1751305.85,1581230.94,0.00,0.00,170074.91
OP-24.001-1332,София област,Божурище,7302,1493279.07,0.00,1043084.90,298024.26,298024.26,0.00,0.00,0
OP-24.001-1333,София област,Божурище,7302,975544.91,0.00,0.00,754584.29,162620.55,0.00,0.00,591963.74
OP-24.001-1334,София област,Божурище,7302,179770.23,17812.21,124685.42,37272.58,37272.58,0.00,0.00,0
OP-24.001-1335,София област,Ботевград,7303,4502231.79,0.00,0.00,3720671.96,3352344.45,0.00,0.00,368327.51
OP-24.001-1336,София област,Ботевград,7303,3639529.00,0.00,0.00,3013650.00,2714836.35,298813.65,0.00,0
OP-24.001-1337,София област,Ботевград,7303,2747171.28,0.00,0.00,1252666.41,0.00,1252666.41,0.00,0
OP-24.001-1338,София област,Ботевград,7303,3671024.58,0.00,0.00,1523409.07,1523409.07,0.00,0.00,0
OP-24.001-1339,София област,Ботевград,7303,1671157.51,43359.12,434338.48,866435.17,238475.17,0.00,0.00,627960.00
OP-24.001-1340,София област,Ботевград,7303,762847.49,0.00,0.00,131594.10,131594.10,0.00,0.00,0
OP-24.001-1341,София област,Годеч,7304,1349043.63,0.00,0.00,1348072.17,746537.27,0.00,0.00,601534.90
OP-24.001-1342,София област,Годеч,7304,1276133.41,101686.58,0.00,957353.56,957353.56,0.00,0.00,0
OP-24.001-1343,София област,Горна Малина,7305,3553478.57,0.00,0.00,0.00,0.00,0.00,0.00,0
OP-24.001-1344,София област,Горна Малина,7305,1367041.10,0.00,0.00,1274434.00,1154383.66,120050.34,0.00,0
OP-24.001-1345,София област,Горна Малина,7305,1522780.61,0.00,252882.84,0.00,0.00,0.00,0.00,0
OP-24.001-1346,София област,Долна Баня,7306,818067.01,0.00,0.00,818067.01,736300.29,0.00,0.00,81766.72
OP-24.001-1347,София област,Драгоман,7307,2480532.56,226575.81,0.00,2081904.33,1179043.87,0.00,0.00,902860.46
OP-24.001-1348,София област,Драгоман,7307,4196479.24,3648210.74,0.00,0.00,0.00,0.00,0.00,0
OP-24.001-1349,София област,Елин Пелин,7308,5072015.46,0.00,0.00,252577.59,0.00,0.00,0.00,252577.59
OP-24.001-1351,София област,Елин Пелин,7308,2597362.76,0.00,0.00,1932686.38,0.00,0.00,0.00,1932686.38
OP-24.001-1355,София област,Етрополе,7309,566255.76,15368.92,0.00,102459.45,0.00,0.00,0.00,102459.45
OP-24.001-1356,София област,Етрополе,7309,537009.86,16735.60,0.00,96823.59,0.00,0.00,0.00,96823.59
OP-24.001-1357,София област,Етрополе,7309,453771.54,10535.20,0.00,70234.66,0.00,0.00,0.00,70234.66
OP-24.001-1358,София област,Златица,7310,1576057.22,0.00,0.00,1575997.11,1419967.76,156029.35,0.00,0
OP-24.001-1359,София област,Златица,7310,1270662.58,0.00,0.00,1123197.32,1123197.32,0.00,0.00,0
OP-24.001-1360,София област,Златица,7310,415578.04,220873.27,0.00,62511.28,0.00,0.00,0.00,62511.28
OP-24.001-1361,София област,Ихтиман,7311,4567114.73,0.00,0.00,4567114.72,4567114.72,0.00,0.00,0
OP-24.001-1362,София област,Ихтиман,7311,4045903.79,0.00,0.00,2143129.89,742675.38,0.00,0.00,1400454.51
OP-24.001-1363,София област,Ихтиман,7311,879473.16,9203.25,71617.88,652707.64,652707.64,0.00,0.00,0
OP-24.001-1364,София област,Копривщица,7312,0.00,0.00,0.00,0.00,0.00,0.00,0.00,0
OP-24.001-1365,София област,Копривщица,7312,0.00,0.00,0.00,0.00,0.00,0.00,0.00,0
OP-24.001-1366,София област,Копривщица,7312,115040.67,0.00,0.00,0.00,0.00,0.00,0.00,0
OP-24.001-1367,София област,Костенец,7313,1100249.00,336231.41,345229.12,217813.70,0.00,0.00,0.00,217813.70
OP-24.001-1368,София област,Костенец,7313,1002899.02,93685.75,0.00,644681.20,550985.57,0.00,0.00,93695.63
OP-24.001-1369,София област,Костенец,7313,881671.72,73424.51,144457.74,355116.71,355116.71,0.00,0.00,0
OP-24.001-1370,София област,Костенец,7313,255236.91,0.00,0.00,39460.88,0.00,0.00,0.00,39460.88
OP-24.001-1371,София област,Костинброд,7314,2309045.26,0.00,0.00,2307880.84,496871.07,0.00,0.00,1811009.77
OP-24.001-1372,София област,Костинброд,7314,1080871.04,0.00,0.00,1079467.24,216174.21,0.00,0.00,863293.03
OP-24.001-1373,София област,Костинброд,7314,947372.73,0.00,0.00,153392.69,0.00,0.00,0.00,153392.69
OP-24.001-1374,София област,Костинброд,7314,616260.10,0.00,0.00,97195.94,0.00,0.00,0.00,97195.94
OP-24.001-1376,София област,Мирково,7315,1145907.36,0.00,91491.42,731931.44,0.00,0.00,0.00,731931.44
OP-24.001-1377,София област,Мирково,7315,1024986.83,0.00,768722.44,0.00,0.00,0.00,0.00,0
OP-24.001-1378,София област,Мирково,7315,969256.02,775629.78,0.00,193851.20,193851.20,0.00,0.00,0
OP-24.001-1379,София област,Мирково,7315,477188.71,477188.71,0.00,0.00,0.00,0.00,0.00,0
OP-24.001-1380,София област,Мирково,7315,446664.59,0.00,0.00,446275.14,89255.03,0.00,0.00,357020.11
OP-24.001-1381,София област,Мирково,7315,346349.12,69269.82,0.00,0.00,0.00,0.00,0.00,0
OP-24.001-1382,София област,Мирково,7315,186928.31,0.00,45.05,166828.73,37083.06,0.00,0.00,129745.67
OP-24.001-1383,София област,Мирково,7315,182224.43,0.00,18023.73,161152.01,98546.66,0.00,0.00,62605.35
OP-24.001-1385,София област,Мирково,7315,116881.32,0.00,93086.68,23271.67,23271.67,0.00,0.00,0
OP-24.001-1386,София област,Мирково,7315,102769.67,0.00,81808.14,20452.03,20452.03,0.00,0.00,0
OP-24.001-1387,София област,Пирдоп,7316,5065470.93,1814622.05,307270.13,1720836.87,0.00,0.00,0.00,1720836.87
OP-24.001-1389,София област,Правец,7317,880444.62,0.00,0.00,626945.39,626945.39,0.00,0.00,0
OP-24.001-1390,София област,Правец,7317,376310.82,0.00,0.00,344179.75,334976.34,0.00,0.00,9203.41
OP-24.001-1391,София област,Самоков,7318,2288031.17,0.00,20607.82,1680451.04,290779.52,0.00,0.00,1389671.52
OP-24.001-1392,София област,Самоков,7318,757172.15,0.00,0.00,733692.88,639618.53,0.00,0.00,94074.35
OP-24.001-1394,София област,Своге,7319,3606601.80,92685.21,0.00,617901.43,0.00,0.00,0.00,617901.43
OP-24.001-1395,София област,Своге,7319,2224528.72,15644.88,277816.41,1728427.65,1056256.74,0.00,0.00,672170.91
OP-24.001-1397,София област,Сливница,7320,7682620.68,0.00,0.00,3734083.91,3503066.80,0.00,0.00,231017.11
OP-24.001-1398,София област,Сливница,7320,1536227.59,0.00,524996.55,801715.76,801715.76,0.00,0.00,0
OP-24.001-1399,София област,Сливница,7320,5374291.22,0.00,0.00,5317355.32,4787562.70,0.00,0.00,529792.62
OP-24.001-1400,София област,Чавдар,7321,1117172.76,143999.56,0.00,932665.11,932665.11,0.00,0.00,0
OP-24.001-1401,София област,Чавдар,7321,646324.07,0.00,0.00,645685.66,645685.66,0.00,0.00,0
OP-24.001-1402,София област,Челопеч,7322,6135502.57,2999508.91,0.00,2466983.33,0.00,0.00,0.00,2466983.33
OP-24.001-2167,София област,Божурище,7302,122710.05,0.00,0.00,0.00,0.00,0.00,0.00,0
OP-24.001-2168,София област,Божурище,7302,173839.24,0.00,0.00,0.00,0.00,0.00,0.00,0
OP-24.001-2169,София област,Божурище,7302,788923.37,0.00,0.00,0.00,0.00,0.00,0.00,0
OP-24.001-2170,София област,Божурище,7302,533277.43,522315.33,7638.70,0.00,0.00,0.00,0.00,0
OP-24.001-2171,София област,Божурище,7302,431019.06,0.00,0.00,0.00,0.00,0.00,0.00,0
OP-24.001-2172,София област,Божурище,7302,213720.01,212717.88,0.00,0.00,0.00,0.00,0.00,0
OP-24.001-2173,София област,Божурище,7302,579805.00,0.00,0.00,0.00,0.00,0.00,0.00,0
OP-24.001-2174,София област,Божурище,7302,0.00,0.00,0.00,0.00,0.00,0.00,0.00,0
OP-24.001-2175,София област,Божурище,7302,335151.83,0.00,0.00,0.00,0.00,0.00,0.00,0
OP-24.001-2176,София област,Божурище,7302,758757.15,754850.88,0.00,0.00,0.00,0.00,0.00,0
OP-24.001-2177,София област,Божурище,7302,866639.73,0.00,0.00,0.00,0.00,0.00,0.00,0
OP-24.001-2178,София област,Божурище,7302,0.00,0.00,0.00,0.00,0.00,0.00,0.00,0
OP-24.001-2179,София област,Божурище,7302,0.00,0.00,0.00,0.00,0.00,0.00,0.00,0
OP-24.001-2180,София област,Божурище,7302,466809.49,0.00,0.00,0.00,0.00,0.00,0.00,0
OP-24.001-2181,София област,Божурище,7302,437154.56,0.00,0.00,0.00,0.00,0.00,0.00,0
OP-24.001-2182,София област,Божурище,7302,1240394.10,255052.83,0.00,0.00,0.00,0.00,0.00,0
OP-24.001-2183,София област,Божурище,7302,1137624.44,224682.10,12424.39,0.00,0.00,0.00,0.00,0
OP-24.001-2185,София област,Божурище,7302,513848.34,515719.66,0.00,0.00,0.00,0.00,0.00,0
OP-24.001-2186,София област,Божурище,7302,0.00,0.00,0.00,0.00,0.00,0.00,0.00,0
OP-24.001-2187,София област,Божурище,7302,0.00,0.00,0.00,0.00,0.00,0.00,0.00,0
OP-24.001-2188,София област,Божурище,7302,0.00,0.00,0.00,0.00,0.00,0.00,0.00,0
OP-24.001-2191,София област,Божурище,7302,0.00,0.00,0.00,0.00,0.00,0.00,0.00,0
OP-24.001-2192,София област,Божурище,7302,754666.82,0.00,0.00,0.00,0.00,0.00,0.00,0
OP-24.001-2194,София област,Божурище,7302,0.00,0.00,0.00,0.00,0.00,0.00,0.00,0
OP-24.001-2195,София област,Божурище,7302,0.00,0.00,0.00,0.00,0.00,0.00,0.00,0
OP-24.001-2196,София област,Долна Баня,7306,0.00,0.00,0.00,0.00,0.00,0.00,0.00,0
OP-24.001-2198,София област,Долна Баня,7306,1203581.09,0.00,0.00,0.00,0.00,0.00,0.00,0
OP-24.001-2199,София област,Етрополе,7309,1049222.07,0.00,0.00,20130.58,0.00,0.00,0.00,20130.58
OP-24.001-2200,София област,Етрополе,7309,2561316.68,0.00,0.00,48893.56,0.00,0.00,0.00,48893.56
OP-24.001-2201,София област,Етрополе,7309,1348634.60,0.00,0.00,25874.95,0.00,0.00,0.00,25874.95
OP-24.001-2202,София област,Етрополе,7309,1283086.98,0.00,0.00,24209.67,0.00,0.00,0.00,24209.67
OP-24.001-2203,София област,Етрополе,7309,23877.33,0.00,0.00,11933.55,0.00,0.00,0.00,11933.55
OP-24.001-2204,София област,Златица,7310,609050.89,0.00,0.00,605132.40,535069.44,70062.96,0.00,0
OP-24.001-2205,София област,Златица,7310,1510867.51,0.00,0.00,1363717.71,0.00,1363717.71,0.00,0
OP-24.001-2206,София област,Златица,7310,1391020.69,0.00,884084.28,221290.96,30137.60,0.00,0.00,191153.36
OP-24.001-2207,София област,Златица,7310,889647.87,0.00,83099.77,803505.42,0.00,803505.42,0.00,0
OP-24.001-2208,София област,Копривщица,7312,1022583.76,0.00,0.00,910201.81,910201.81,0.00,0.00,0
OP-24.001-2209,София област,Костенец,7313,0.00,0.00,0.00,0.00,0.00,0.00,0.00,0
OP-24.001-2210,София област,Костенец,7313,0.00,0.00,0.00,0.00,0.00,0.00,0.00,0
OP-24.001-2211,София област,Костенец,7313,0.00,0.00,0.00,0.00,0.00,0.00,0.00,0
OP-24.001-2212,София област,Костенец,7313,0.00,0.00,0.00,0.00,0.00,0.00,0.00,0
OP-24.001-2213,София област,Костенец,7313,0.00,0.00,0.00,0.00,0.00,0.00,0.00,0
OP-24.001-2214,София област,Костенец,7313,0.00,0.00,0.00,0.00,0.00,0.00,0.00,0
OP-24.001-2215,София област,Костенец,7313,0.00,0.00,0.00,0.00,0.00,0.00,0.00,0
OP-24.001-2216,София област,Костенец,7313,0.00,0.00,0.00,0.00,0.00,0.00,0.00,0
OP-24.001-2217,София област,Костенец,7313,0.00,0.00,0.00,0.00,0.00,0.00,0.00,0
OP-24.001-2218,София област,Костенец,7313,0.00,0.00,0.00,0.00,0.00,0.00,0.00,0
OP-24.001-2219,София област,Костенец,7313,0.00,0.00,0.00,0.00,0.00,0.00,0.00,0
OP-24.001-2220,София област,Костенец,7313,0.00,0.00,0.00,0.00,0.00,0.00,0.00,0
OP-24.001-2221,София област,Костенец,7313,0.00,0.00,0.00,0.00,0.00,0.00,0.00,0
OP-24.001-2222,София област,Костенец,7313,0.00,0.00,0.00,0.00,0.00,0.00,0.00,0
OP-24.001-2223,София област,Костенец,7313,0.00,0.00,0.00,0.00,0.00,0.00,0.00,0
OP-24.001-2224,София област,Костинброд,7314,1218510.81,0.00,0.00,1096659.74,548329.87,0.00,0.00,548329.87
OP-24.001-2225,София област,Костинброд,7314,258458.05,188786.00,0.00,0.00,0.00,0.00,0.00,0
OP-24.001-2226,София област,Костинброд,7314,22496.84,0.00,0.00,0.00,0.00,0.00,0.00,0
OP-24.001-2227,София област,Костинброд,7314,453924.93,444535.41,0.00,0.00,0.00,0.00,0.00,0
OP-24.001-2228,София област,Костинброд,7314,762131.68,0.00,0.00,747046.26,0.00,747046.26,0.00,0
OP-24.001-2229,София област,Пирдоп,7316,3265109.95,0.00,0.00,299100.64,0.00,299100.64,0.00,0
OP-24.001-2230,София област,Правец,7317,2203156.72,920024.13,251049.95,700181.86,0.00,0.00,0.00,700181.86
OP-24.001-2231,София област,Самоков,7318,1729904.95,627690.55,0.00,878766.77,0.00,627690.55,0.00,251076.22
OP-24.001-2232,София област,Своге,7319,4021055.00,49084.03,0.00,227457.12,0.00,0.00,0.00,227457.12
OP-24.001-2234,София област,Чавдар,7321,0.00,0.00,0.00,0.00,0.00,0.00,0.00,0
OP-24.001-2608,София област,Антон,7301,1252920.75,36505.12,472017.91,623135.83,0.00,0.00,0.00,623135.83
OP-24.001-2609,София област,Антон,7301,58440.66,0.00,0.00,58336.54,26251.44,0.00,0.00,32085.10
OP-24.001-2610,София област,Годеч,7304,1867237.95,0.00,0.00,1655191.08,0.00,0.00,0.00,1655191.08
OP-24.001-2611,София област,Годеч,7304,1812529.72,1607148.68,0.00,0.00,0.00,0.00,0.00,0
OP-24.001-2612,София област,Годеч,7304,933107.68,840420.97,0.00,0.00,0.00,0.00,0.00,0
OP-24.001-2613,София област,Долна Баня,7306,0.00,0.00,0.00,0.00,0.00,0.00,0.00,0
OP-24.001-2614,София област,Мирково,7315,95151.42,0.00,0.00,95138.57,0.00,95138.57,0.00,0
OP-24.001-2615,София област,Самоков,7318,7600353.81,0.00,1061532.81,2002803.43,0.00,0.00,0.00,2002803.43
OP-24.001-2616,София област,Самоков,7318,2963294.36,0.00,0.00,2398423.74,0.00,1972037.30,0.00,426386.44
OP-24.001-2617,София област,Чавдар,7321,0.00,0.00,0.00,0.00,0.00,0.00,0.00,0
OP-24.001-2618,София област,Челопеч,7322,3067751.29,1023604.66,0.00,600767.96,0.00,0.00,0.00,600767.96
OP-24.001-2678,София област,Сливница,7320,777879.47,0.00,0.00,700067.03,700067.03,0.00,0.00,0
OP-24.001-2679,София област,Сливница,7320,420793.22,0.00,0.00,378355.83,378355.83,0.00,0.00,0
OP-24.001-3020,София област,Ботевград,7303,0.00,0.00,0.00,0.00,0.00,0.00,0.00,0
OP-24.001-3021,София област,Ботевград,7303,0.00,0.00,0.00,0.00,0.00,0.00,0.00,0
OP-24.001-3022,София област,Годеч,7304,949469.02,0.00,0.01,522011.29,0.00,0.00,0.00,522011.29
OP-24.001-3023,София област,Долна Баня,7306,915723.76,0.00,0.00,181168.59,0.00,0.00,0.00,181168.59
OP-24.001-3024,София област,Драгоман,7307,3319971.57,0.00,0.00,659719.91,0.00,0.00,0.00,659719.91
OP-24.001-3025,София област,Етрополе,7309,0.00,0.00,0.00,0.00,0.00,0.00,0.00,0
OP-24.001-3027,София област,Етрополе,7309,257844.50,0.00,0.00,115826.16,0.00,115826.16,0.00,0
OP-24.001-3028,София област,Етрополе,7309,6277130.43,0.00,0.00,0.00,0.00,0.00,0.00,0
OP-24.001-3029,София област,Етрополе,7309,0.00,0.00,0.00,0.00,0.00,0.00,0.00,0
OP-24.001-3030,София област,Етрополе,7309,601432.64,0.00,0.00,0.00,0.00,0.00,0.00,0
OP-24.001-3031,София област,Етрополе,7309,306928.52,0.00,0.00,0.00,0.00,0.00,0.00,0
OP-24.001-3032,София област,Етрополе,7309,291896.53,0.00,0.00,0.00,0.00,0.00,0.00,0
OP-24.001-3033,София област,Ихтиман,7311,7199552.11,0.00,0.00,193713.11,0.00,0.00,0.00,193713.11
OP-24.001-3034,София област,Ихтиман,7311,4724336.98,0.00,0.00,13804.88,0.00,0.00,0.00,13804.88
OP-24.001-3035,София област,Копривщица,7312,0.00,0.00,0.00,0.00,0.00,0.00,0.00,0
OP-24.001-3036,София област,Копривщица,7312,0.00,0.00,0.00,0.00,0.00,0.00,0.00,0
OP-24.001-3037,София област,Костенец,7313,0.00,0.00,0.00,0.00,0.00,0.00,0.00,0
OP-24.001-3038,София област,Костенец,7313,0.00,0.00,0.00,0.00,0.00,0.00,0.00,0
OP-24.001-3039,София област,Костенец,7313,0.00,0.00,0.00,0.00,0.00,0.00,0.00,0
OP-24.001-3040,София област,Костенец,7313,0.00,0.00,0.00,0.00,0.00,0.00,0.00,0
OP-24.001-3041,София област,Костенец,7313,0.00,0.00,0.00,0.00,0.00,0.00,0.00,0
OP-24.001-3042,София област,Костенец,7313,0.00,0.00,0.00,0.00,0.00,0.00,0.00,0
OP-24.001-3043,София област,Пирдоп,7316,0.00,0.00,0.00,0.00,0.00,0.00,0.00,0
OP-24.001-3044,София област,Правец,7317,0.00,0.00,0.00,0.00,0.00,0.00,0.00,0
OP-24.001-3045,София област,Правец,7317,981680.41,188783.78,0.01,45095.93,0.00,0.00,0.00,45095.93
OP-24.001-3046,София област,Правец,7317,0.00,0.00,0.00,0.00,0.00,0.00,0.00,0
OP-24.001-3047,София област,Правец,7317,19429.09,0.00,0.00,0.00,0.00,0.00,0.00,0
OP-25.001-0625,София област,Божурище,7302,0.00,0.00,0.00,0.00,0.00,0.00,0.00,0
OP-25.001-0626,София област,Божурище,7302,0.00,0.00,0.00,0.00,0.00,0.00,0.00,0
OP-25.001-0627,София област,Божурище,7302,0.00,0.00,0.00,0.00,0.00,0.00,0.00,0
OP-25.001-0628,София област,Божурище,7302,0.00,0.00,0.00,0.00,0.00,0.00,0.00,0
OP-25.001-0629,София област,Божурище,7302,0.00,0.00,0.00,0.00,0.00,0.00,0.00,0
OP-25.001-0630,София област,Божурище,7302,0.00,0.00,0.00,0.00,0.00,0.00,0.00,0
OP-25.001-0631,София област,Божурище,7302,0.00,0.00,0.00,0.00,0.00,0.00,0.00,0
OP-25.001-0632,София област,Ботевград,7303,0.00,0.00,0.00,0.00,0.00,0.00,0.00,0
OP-25.001-0633,София област,Ботевград,7303,0.00,0.00,0.00,0.00,0.00,0.00,0.00,0
OP-25.001-0634,София област,Ботевград,7303,0.00,0.00,0.00,0.00,0.00,0.00,0.00,0
OP-25.001-0635,София област,Ботевград,7303,0.00,0.00,0.00,0.00,0.00,0.00,0.00,0
OP-25.001-0636,София област,Ботевград,7303,0.00,0.00,0.00,0.00,0.00,0.00,0.00,0
OP-25.001-0637,София област,Ботевград,7303,0.00,0.00,0.00,0.00,0.00,0.00,0.00,0
OP-25.001-0638,София област,Годеч,7304,0.00,0.00,0.00,0.00,0.00,0.00,0.00,0
OP-25.001-0639,София област,Годеч,7304,0.00,0.00,0.00,0.00,0.00,0.00,0.00,0
OP-25.001-0640,София област,Годеч,7304,0.00,0.00,0.00,0.00,0.00,0.00,0.00,0
OP-25.001-0641,София област,Годеч,7304,0.00,0.00,0.00,0.00,0.00,0.00,0.00,0
OP-25.001-0642,София област,Долна Баня,7306,0.00,0.00,0.00,0.00,0.00,0.00,0.00,0
OP-25.001-0643,София област,Елин Пелин,7308,0.00,0.00,0.00,0.00,0.00,0.00,0.00,0
OP-25.001-0644,София област,Елин Пелин,7308,0.00,0.00,0.00,0.00,0.00,0.00,0.00,0
OP-25.001-0645,София област,Елин Пелин,7308,0.00,0.00,0.00,0.00,0.00,0.00,0.00,0
OP-25.001-0646,София област,Елин Пелин,7308,0.00,0.00,0.00,0.00,0.00,0.00,0.00,0
OP-25.001-0647,София област,Елин Пелин,7308,0.00,0.00,0.00,0.00,0.00,0.00,0.00,0
OP-25.001-0648,София област,Елин Пелин,7308,0.00,0.00,0.00,0.00,0.00,0.00,0.00,0
OP-25.001-0649,София област,Златица,7310,897572.90,0.00,0.00,676649.21,0.00,530996.51,0.00,145652.70
OP-25.001-0650,София област,Златица,7310,707679.09,0.00,0.00,0.00,0.00,0.00,0.00,0
OP-25.001-0651,София област,Златица,7310,0.00,0.00,0.00,0.00,0.00,0.00,0.00,0
OP-25.001-0652,София област,Златица,7310,0.00,0.00,0.00,0.00,0.00,0.00,0.00,0
OP-25.001-0653,София област,Ихтиман,7311,8691961.98,0.00,0.00,81295.41,0.00,0.00,0.00,81295.41
OP-25.001-0654,София област,Мирково,7315,0.00,0.00,0.00,0.00,0.00,0.00,0.00,0
OP-25.001-0655,София област,Мирково,7315,0.00,0.00,0.00,0.00,0.00,0.00,0.00,0
OP-25.001-0656,София област,Мирково,7315,0.00,0.00,0.00,0.00,0.00,0.00,0.00,0
OP-25.001-0657,София област,Правец,7317,0.00,0.00,0.00,0.00,0.00,0.00,0.00,0
OP-25.001-0658,София област,Правец,7317,0.00,0.00,0.00,0.00,0.00,0.00,0.00,0
OP-25.001-0659,София област,Правец,7317,0.00,0.00,0.00,0.00,0.00,0.00,0.00,0
OP-25.001-0660,София област,Сливница,7320,0.00,0.00,0.00,0.00,0.00,0.00,0.00,0
OP-25.001-0661,София област,Чавдар,7321,0.00,0.00,0.00,0.00,0.00,0.00,0.00,0
OP-25.001-0771,София област,Етрополе,7309,513183.66,0.00,0.00,0.00,0.00,0.00,0.00,0
OP-25.001-0772,София област,Златица,7310,339037.65,147828.35,0.00,155955.68,0.00,155955.68,0.00,0
OP-25.001-0773,София област,Костинброд,7314,61355.03,0.00,0.00,0.00,0.00,0.00,0.00,0
OP-24.001-1403,Стара Загора,Братя Даскалови,7401,1209256.43,49769.72,0.00,900603.22,900603.22,0.00,0.00,0
OP-24.001-1404,Стара Загора,Гурково,7402,1251696.81,12940.08,0.00,265622.00,0.00,0.00,0.00,265622.00
OP-24.001-1407,Стара Загора,Гурково,7402,271240.34,90200.56,0.00,145738.09,0.00,0.00,0.00,145738.09
OP-24.001-1408,Стара Загора,Гурково,7402,161261.46,0.00,0.00,33156.31,0.00,33156.31,0.00,0
OP-24.001-1409,Стара Загора,Гурково,7402,312603.86,0.00,0.00,64328.53,0.00,0.00,0.00,64328.53
OP-24.001-1410,Стара Загора,Гурково,7402,101849.34,0.00,0.00,20689.26,0.00,0.00,0.00,20689.26
OP-24.001-1412,Стара Загора,Гурково,7402,84516.55,0.00,0.00,17386.59,0.00,0.00,0.00,17386.59
OP-24.001-1413,Стара Загора,Гълъбово,7403,2262466.57,0.00,0.00,210862.38,0.00,0.00,0.00,210862.38
OP-24.001-1414,Стара Загора,Гълъбово,7403,0.00,0.00,0.00,0.00,0.00,0.00,0.00,0
OP-24.001-1415,Стара Загора,Гълъбово,7403,705582.80,0.00,0.01,124368.14,0.00,0.00,0.00,124368.14
OP-24.001-1416,Стара Загора,Казанлък,7404,9167821.33,0.00,115040.67,0.00,0.00,0.00,0.00,0
OP-24.001-1417,Стара Загора,Казанлък,7404,2295905.06,0.00,207618.59,1863571.49,1863571.49,0.00,0.00,0
OP-24.001-1418,Стара Загора,Казанлък,7404,1908754.85,0.00,3552.45,1440988.42,1428588.57,0.00,0.00,12399.85
OP-24.001-1419,Стара Загора,Казанлък,7404,2007178.54,1491000.74,0.00,283683.15,262975.82,0.00,0.00,20707.33
OP-24.001-1420,Стара Загора,Мъглиж,7405,2171967.91,0.00,840458.40,1110513.09,0.00,0.00,0.00,1110513.09
OP-24.001-1421,Стара Загора,Мъглиж,7405,223690.20,0.00,0.00,221283.46,221283.46,0.00,0.00,0
OP-24.001-1422,Стара Загора,Мъглиж,7405,125368.77,0.00,0.00,120793.68,120793.68,0.00,0.00,0
OP-24.001-1423,Стара Загора,Мъглиж,7405,121789.73,0.00,0.00,118752.69,118752.69,0.00,0.00,0
OP-24.001-1424,Стара Загора,Николаево,7406,1032656.21,0.00,0.00,773994.76,773994.76,0.00,0.00,0
OP-24.001-1425,Стара Загора,Николаево,7406,540640.04,0.00,39133.64,405874.67,405874.67,0.00,0.00,0
OP-24.001-1426,Стара Загора,Опан,7407,491198.11,0.00,0.00,438369.25,266492.03,0.00,0.00,171877.22
OP-24.001-1427,Стара Загора,Опан,7407,398807.67,0.00,0.00,0.00,0.00,0.00,0.00,0
OP-24.001-1428,Стара Загора,Опан,7407,30677.51,3025.20,0.00,27226.80,0.00,27226.80,0.00,0
OP-24.001-1429,Стара Загора,Павел баня,7408,4740800.58,0.00,0.00,3949185.28,3949185.28,0.00,0.00,0
OP-24.001-1430,Стара Загора,Павел баня,7408,4985095.84,0.00,1839372.07,2646374.98,996832.67,0.00,0.00,1649542.31
OP-24.001-1431,Стара Загора,Раднево,7409,2898104.64,0.00,0.00,257234.01,5644.66,0.00,0.00,251589.35
OP-24.001-1432,Стара Загора,Раднево,7409,1828891.06,0.00,0.00,1828877.97,365775.59,0.00,0.00,1463102.38
OP-24.001-1433,Стара Загора,Раднево,7409,1538119.37,0.00,0.00,295048.74,3926.72,291122.02,0.00,0
OP-24.001-1434,Стара Загора,Раднево,7409,1113389.20,0.00,0.00,907967.32,223106.50,0.00,0.00,684860.82
OP-24.001-1435,Стара Загора,Раднево,7409,1486683.40,0.00,0.00,1486683.40,669008.13,148667.14,0.00,669008.13
OP-24.001-1436,Стара Загора,Раднево,7409,1658579.73,0.00,0.00,1243689.71,204516.75,519586.48,0.00,519586.48
OP-24.001-1437,Стара Загора,Раднево,7409,608437.34,0.00,0.00,389986.75,2135.15,150831.18,0.00,237020.42
OP-24.001-1438,Стара Загора,Стара Загора,7410,8823875.29,0.00,0.00,7017406.28,7017406.28,0.00,0.00,0
OP-24.001-1440,Стара Загора,Стара Загора,7410,3609720.68,0.00,0.00,2910715.33,2910715.33,0.00,0.00,0
OP-24.001-1441,Стара Загора,Стара Загора,7410,3348961.82,0.00,0.00,2509947.30,0.00,1254973.65,0.00,1254973.65
OP-24.001-1442,Стара Загора,Стара Загора,7410,2577933.66,1033374.88,0.00,0.00,0.00,0.00,0.00,0
OP-24.001-1443,Стара Загора,Стара Загора,7410,1289989.42,232184.34,878.16,1044602.80,638905.03,0.00,0.00,405697.77
OP-24.001-1444,Стара Загора,Стара Загора,7410,778186.24,0.00,0.00,597256.66,597256.66,0.00,0.00,0
OP-24.001-1445,Стара Загора,Стара Загора,7410,674905.28,0.00,165209.13,210090.82,0.00,0.00,0.00,210090.82
OP-24.001-1446,Стара Загора,Чирпан,7411,1035366.06,0.00,0.00,0.00,0.00,0.00,0.00,0
OP-24.001-1447,Стара Загора,Чирпан,7411,909025.84,0.00,0.00,744987.25,744987.25,0.00,0.00,0
OP-24.001-1448,Стара Загора,Чирпан,7411,1616500.41,0.00,251114.85,0.00,0.00,0.00,0.00,0
OP-24.001-1449,Стара Загора,Чирпан,7411,951360.80,44521.33,0.00,0.00,0.00,0.00,0.00,0
OP-24.001-1450,Стара Загора,Чирпан,7411,676439.16,0.00,0.00,0.00,0.00,0.00,0.00,0
OP-24.001-1451,Стара Загора,Чирпан,7411,531078.88,227417.19,0.00,227417.19,227417.19,0.00,0.00,0
OP-24.001-1452,Стара Загора,Чирпан,7411,421099.99,18303.53,0.00,2445.00,2445.00,0.00,0.00,0
OP-24.001-1453,Стара Загора,Чирпан,7411,390269.09,0.00,69714.11,320369.56,320369.56,0.00,0.00,0
OP-24.001-1454,Стара Загора,Чирпан,7411,0.00,0.00,0.00,0.00,0.00,0.00,0.00,0
OP-24.001-1455,Стара Загора,Чирпан,7411,511956.56,0.00,375393.07,100855.30,100855.30,0.00,0.00,0
OP-24.001-1456,Стара Загора,Чирпан,7411,489204.07,0.00,87639.75,3061.62,0.00,3061.62,0.00,0
OP-24.001-1457,Стара Загора,Чирпан,7411,348803.32,31071.37,170806.89,171691.30,171691.30,0.00,0.00,0
OP-24.001-1458,Стара Загора,Чирпан,7411,277529.23,0.00,90280.84,181707.67,52816.15,128891.52,0.00,0
OP-24.001-1459,Стара Загора,Чирпан,7411,173839.24,0.00,126305.99,32374.32,32374.32,0.00,0.00,0
OP-24.001-1460,Стара Загора,Чирпан,7411,0.00,0.00,0.00,0.00,0.00,0.00,0.00,0
OP-24.001-1461,Стара Загора,Чирпан,7411,420128.54,0.00,0.00,79555.04,79555.04,0.00,0.00,0
OP-24.001-1462,Стара Загора,Чирпан,7411,255390.29,0.00,87149.56,162587.97,50658.72,111929.25,0.00,0
OP-24.001-1463,Стара Загора,Чирпан,7411,104303.54,0.00,0.00,0.00,0.00,0.00,0.00,0
OP-24.001-1464,Стара Загора,Чирпан,7411,0.00,0.00,0.00,0.00,0.00,0.00,0.00,0
OP-24.001-1465,Стара Загора,Чирпан,7411,20247.16,0.00,0.00,0.00,0.00,0.00,0.00,0
OP-24.001-1466,Стара Загора,Чирпан,7411,23008.13,0.00,8835.12,0.00,0.00,0.00,0.00,0
OP-24.001-1467,Стара Загора,Чирпан,7411,20247.16,0.00,0.00,0.00,0.00,0.00,0.00,0
OP-24.001-1468,Стара Загора,Чирпан,7411,12271.01,0.00,0.00,0.00,0.00,0.00,0.00,0
OP-24.001-1625,Стара Загора,Гурково,7402,110234.53,0.00,73338.66,22577.41,0.00,0.00,0.00,22577.41
OP-24.001-2235,Стара Загора,Гурково,7402,705276.02,0.00,0.00,145278.98,0.00,0.00,0.00,145278.98
OP-24.001-2236,Стара Загора,Гурково,7402,81244.28,0.00,0.00,16568.71,0.00,0.00,0.00,16568.71
OP-24.001-2237,Стара Загора,Гурково,7402,59054.21,0.00,0.00,11998.33,0.00,0.00,0.00,11998.33
OP-24.001-2238,Стара Загора,Гурково,7402,80528.47,0.00,0.00,16124.88,0.00,0.00,0.00,16124.88
OP-24.001-2239,Стара Загора,Гурково,7402,551121.52,0.00,183876.80,113483.45,0.00,0.00,0.00,113483.45
OP-24.001-2240,Стара Загора,Гурково,7402,245062.20,0.00,81469.66,50512.83,0.00,0.00,0.00,50512.83
OP-24.001-2241,Стара Загора,Гурково,7402,198739.15,0.00,0.00,40850.34,0.00,0.00,0.00,40850.34
OP-24.001-2242,Стара Загора,Гурково,7402,162488.56,0.00,0.00,33166.58,0.00,0.00,0.00,33166.58
OP-24.001-2243,Стара Загора,Гурково,7402,273234.38,0.00,0.00,56304.97,0.00,4171.38,0.00,52133.59
OP-24.001-2244,Стара Загора,Гурково,7402,282335.38,0.00,93369.33,151034.69,0.00,0.00,0.00,151034.69
OP-24.001-2245,Стара Загора,Гурково,7402,255288.04,84530.30,84530.29,52200.51,0.00,0.00,0.00,52200.51
OP-24.001-2246,Стара Загора,Гурково,7402,518040.93,0.00,0.00,106352.18,0.00,0.00,0.00,106352.18
OP-24.001-2247,Стара Загора,Гълъбово,7403,6145217.12,0.00,0.00,1256397.54,53839.04,0.00,0.00,1202558.50
OP-24.001-2248,Стара Загора,Гълъбово,7403,27714320.77,0.00,0.00,144695.60,0.00,0.00,0.00,144695.60
OP-24.001-2249,Стара Загора,Гълъбово,7403,0.00,0.00,0.00,0.00,0.00,0.00,0.00,0
OP-24.001-2250,Стара Загора,Гълъбово,7403,50362.25,0.00,0.00,50311.12,50311.12,0.00,0.00,0
OP-24.001-2251,Стара Загора,Мъглиж,7405,1572989.47,0.00,0.00,258436.28,0.00,0.00,0.00,258436.28
OP-24.001-2252,Стара Загора,Мъглиж,7405,756200.69,0.00,0.00,143820.88,0.00,0.00,0.00,143820.88
OP-24.001-2253,Стара Загора,Мъглиж,7405,2315845.45,0.00,828452.68,221655.50,0.00,0.00,0.00,221655.50
OP-24.001-2254,Стара Загора,Николаево,7406,1533773.39,1036433.64,0.00,274171.07,0.00,0.00,0.00,274171.07
OP-24.001-2255,Стара Загора,Опан,7407,1575494.80,0.00,446555.47,975424.98,840168.22,0.00,0.00,135256.76
OP-24.001-2256,Стара Загора,Опан,7407,1614046.21,0.00,474717.16,977599.83,855773.88,0.00,0.00,121825.95
OP-24.001-2257,Стара Загора,Опан,7407,1790084.00,0.00,0.00,0.00,0.00,0.00,0.00,0
OP-24.001-2258,Стара Загора,Опан,7407,1765388.61,0.00,0.00,0.00,0.00,0.00,0.00,0
OP-24.001-2259,Стара Загора,Раднево,7409,2332360.17,0.00,0.00,2090247.53,0.00,1604655.58,0.00,485591.95
OP-24.001-2260,Стара Загора,Раднево,7409,1037922.52,0.00,195108.98,52202.90,0.00,14367.30,0.00,37835.60
OP-24.001-2261,Стара Загора,Раднево,7409,665702.03,0.00,123691.73,35708.62,0.00,11780.16,0.00,23928.46
OP-24.001-2262,Стара Загора,Стара Загора,7410,1217488.23,0.00,0.00,991677.10,495838.55,495838.55,0.00,0
OP-24.001-2263,Стара Загора,Стара Загора,7410,1575341.42,0.00,259566.64,380132.52,0.00,0.00,0.00,380132.52
OP-24.001-2264,Стара Загора,Стара Загора,7410,1098715.12,0.00,0.00,852655.40,0.00,426327.70,0.00,426327.70
OP-24.001-2265,Стара Загора,Стара Загора,7410,214742.59,0.00,0.00,107882.60,59335.43,0.00,0.00,48547.17
OP-24.001-2266,Стара Загора,Стара Загора,7410,314955.80,0.00,0.00,0.00,0.00,0.00,0.00,0
OP-24.001-2267,Стара Загора,Стара Загора,7410,4132925.66,0.00,0.00,221668.17,0.00,221668.17,0.00,0
OP-24.001-2268,Стара Загора,Чирпан,7411,0.00,0.00,0.00,0.00,0.00,0.00,0.00,0
OP-24.001-2619,Стара Загора,Братя Даскалови,7401,0.00,0.00,0.00,0.00,0.00,0.00,0.00,0
OP-24.001-2620,Стара Загора,Братя Даскалови,7401,0.00,0.00,0.00,0.00,0.00,0.00,0.00,0
OP-24.001-2621,Стара Загора,Братя Даскалови,7401,0.00,0.00,0.00,0.00,0.00,0.00,0.00,0
OP-24.001-2622,Стара Загора,Гълъбово,7403,0.00,0.00,0.00,0.00,0.00,0.00,0.00,0
OP-24.001-2623,Стара Загора,Гълъбово,7403,0.00,0.00,0.00,0.00,0.00,0.00,0.00,0
OP-24.001-2624,Стара Загора,Гълъбово,7403,0.00,0.00,0.00,0.00,0.00,0.00,0.00,0
OP-24.001-2625,Стара Загора,Гълъбово,7403,0.00,0.00,0.00,0.00,0.00,0.00,0.00,0
OP-24.001-2681,Стара Загора,Гълъбово,7403,755331.50,0.00,468111.26,118525.04,0.00,0.00,0.00,118525.04
OP-24.001-2682,Стара Загора,Гълъбово,7403,575254.50,0.00,44279.72,420037.69,316257.22,0.00,0.00,103780.47
OP-24.001-2683,Стара Загора,Гълъбово,7403,371197.91,0.00,133171.88,160269.83,0.00,0.00,0.00,160269.83
OP-24.001-3049,Стара Загора,Братя Даскалови,7401,0.00,0.00,0.00,0.00,0.00,0.00,0.00,0
OP-24.001-3050,Стара Загора,Братя Даскалови,7401,0.00,0.00,0.00,0.00,0.00,0.00,0.00,0
OP-24.001-3051,Стара Загора,Казанлък,7404,0.00,0.00,0.00,0.00,0.00,0.00,0.00,0
OP-24.001-3052,Стара Загора,Мъглиж,7405,2147579.29,0.00,208553.65,1923159.12,1923159.12,0.00,0.00,0
OP-24.001-3053,Стара Загора,Мъглиж,7405,1556014.58,0.00,508169.53,224484.38,0.00,0.00,0.00,224484.38
OP-24.001-3054,Стара Загора,Мъглиж,7405,2090365.73,0.00,0.00,274710.46,0.00,0.00,0.00,274710.46
OP-24.001-3055,Стара Загора,Мъглиж,7405,571624.32,0.00,0.00,108176.40,0.00,0.00,0.00,108176.40
OP-24.001-3056,Стара Загора,Николаево,7406,4089056.82,1681854.25,684924.55,1294130.89,111899.30,0.00,0.00,1182231.59
OP-24.001-3057,Стара Загора,Николаево,7406,2044553.98,0.00,0.00,0.00,0.00,0.00,0.00,0
OP-24.001-3058,Стара Загора,Николаево,7406,203289.65,259457.57,0.00,30524.45,0.00,0.00,0.00,30524.45
OP-24.001-3059,Стара Загора,Раднево,7409,0.00,0.00,0.00,0.00,0.00,0.00,0.00,0
OP-25.001-0190,Стара Загора,Стара Загора,7410,5112918.81,0.00,0.00,226379.91,0.00,226379.91,0.00,0
OP-25.001-0191,Стара Загора,Чирпан,7411,0.00,0.00,0.00,0.00,0.00,0.00,0.00,0
OP-25.001-0192,Стара Загора,Чирпан,7411,0.00,0.00,0.00,0.00,0.00,0.00,0.00,0
OP-25.001-0662,Стара Загора,Братя Даскалови,7401,0.00,0.00,0.00,0.00,0.00,0.00,0.00,0
OP-25.001-0663,Стара Загора,Гурково,7402,0.00,0.00,0.00,0.00,0.00,0.00,0.00,0
OP-25.001-0664,Стара Загора,Казанлък,7404,3078795.20,0.00,0.00,0.00,0.00,0.00,0.00,0
OP-25.001-0665,Стара Загора,Казанлък,7404,0.00,0.00,0.00,0.00,0.00,0.00,0.00,0
OP-25.001-0666,Стара Загора,Казанлък,7404,0.00,0.00,0.00,0.00,0.00,0.00,0.00,0
OP-25.001-0667,Стара Загора,Мъглиж,7405,4323381.89,0.00,171401.71,0.00,0.00,0.00,0.00,0
OP-25.001-0668,Стара Загора,Николаево,7406,1712725.54,0.00,0.00,0.00,0.00,0.00,0.00,0
OP-25.001-0669,Стара Загора,Павел баня,7408,2420967.06,0.00,1882883.82,209209.31,0.00,0.00,0.00,209209.31
OP-25.001-0670,Стара Загора,Павел баня,7408,2592249.84,0.00,2024701.00,197531.80,0.00,0.00,0.00,197531.80
OP-25.001-0671,Стара Загора,Раднево,7409,0.00,0.00,0.00,0.00,0.00,0.00,0.00,0
OP-25.001-0672,Стара Загора,Чирпан,7411,0.00,0.00,0.00,0.00,0.00,0.00,0.00,0
OP-24.001-1469,Търговище,Антоново,7501,1863965.68,0.00,0.00,1620585.24,1620585.24,0.00,0.00,0
OP-24.001-1470,Търговище,Антоново,7501,0.00,0.00,0.00,0.00,0.00,0.00,0.00,0
OP-24.001-1471,Търговище,Антоново,7501,869196.20,18406.51,0.00,466530.26,169647.37,0.00,0.00,296882.89
OP-24.001-1472,Търговище,Омуртаг,7502,4058328.18,0.00,0.00,254811.53,0.00,0.00,0.00,254811.53
OP-24.001-1473,Търговище,Омуртаг,7502,2920754.87,0.00,48211.65,0.00,0.00,0.00,0.00,0
OP-24.001-1474,Търговище,Омуртаг,7502,298134.30,6162.61,0.00,0.00,0.00,0.00,0.00,0
OP-24.001-1475,Търговище,Омуртаг,7502,273643.41,0.00,0.00,228399.94,0.00,182510.88,0.00,45889.06
OP-24.001-1476,Търговище,Опака,7503,2055904.65,1602251.98,0.00,223440.56,223440.56,0.00,0.00,0
OP-24.001-1477,Търговище,Опака,7503,2055904.65,918312.38,0.00,940861.46,940861.46,0.00,0.00,0
OP-24.001-1478,Търговище,Опака,7503,1654131.49,1285334.71,0.00,179184.28,179184.28,0.00,0.00,0
OP-24.001-1479,Търговище,Опака,7503,795570.17,570123.55,0.00,153210.84,153210.84,0.00,0.00,0
OP-24.001-1480,Търговище,Опака,7503,496515.55,215637.25,0.00,226300.03,226300.03,0.00,0.00,0
OP-24.001-1481,Търговище,Опака,7503,342616.69,106146.83,0.00,68657.86,68657.86,0.00,0.00,0
OP-24.001-1482,Търговище,Опака,7503,231257.32,71655.35,0.00,46367.74,46367.74,0.00,0.00,0
OP-24.001-1483,Търговище,Опака,7503,151802.56,120787.03,0.00,30393.53,30393.53,0.00,0.00,0
OP-24.001-1484,Търговище,Попово,7504,1571251.08,274454.83,0.00,1247978.77,734872.67,0.00,0.00,513106.10
OP-24.001-1485,Търговище,Попово,7504,1491029.38,537901.55,0.00,803365.88,803365.88,0.00,0.00,0
OP-24.001-1486,Търговище,Попово,7504,1352520.41,11759.68,17.80,1173397.06,0.00,0.00,0.00,1173397.06
OP-24.001-1487,Търговище,Попово,7504,1219891.30,4090.34,0.00,1007882.40,0.00,6135.50,0.00,1001746.90
OP-24.001-1488,Търговище,Попово,7504,1059042.45,0.00,0.00,877764.38,0.00,877764.38,0.00,0
OP-24.001-1489,Търговище,Попово,7504,953048.07,0.00,0.00,816097.93,8180.67,0.00,0.00,807917.26
OP-24.001-1490,Търговище,Търговище,7505,2812105.35,0.00,0.00,287599.01,0.00,0.00,0.00,287599.01
OP-24.001-1491,Търговище,Търговище,7505,2300813.47,389761.71,0.00,1804289.74,1771737.62,0.00,0.00,32552.12
OP-24.001-1492,Търговище,Търговище,7505,1891779.96,0.00,0.00,1676939.73,1413351.34,0.00,0.00,263588.39
OP-24.001-1493,Търговище,Търговище,7505,1891779.96,0.00,0.00,858647.67,253698.49,0.00,0.00,604949.18
OP-24.001-1494,Търговище,Търговище,7505,383468.91,0.00,1175.97,60864.08,60864.08,0.00,0.00,0
OP-24.001-2269,Търговище,Антоново,7501,2293041.83,1681333.60,0.00,460162.69,460162.69,0.00,0.00,0
OP-24.001-2270,Търговище,Антоново,7501,1831498.65,0.00,0.00,269230.60,269230.60,0.00,0.00,0
OP-24.001-2626,Търговище,Антоново,7501,1469452.87,0.00,0.00,1464425.46,1320610.40,0.00,0.00,143815.06
OP-24.001-2627,Търговище,Търговище,7505,3522852.19,19510.90,249297.70,0.00,0.00,0.00,0.00,0
OP-24.001-2628,Търговище,Търговище,7505,2443668.42,0.00,0.01,2174035.57,0.00,0.00,0.00,2174035.57
OP-24.001-2629,Търговище,Търговище,7505,1612052.17,0.00,0.00,24848.79,0.00,24848.79,0.00,0
OP-24.001-2630,Търговище,Търговище,7505,1003461.45,6888.13,634999.50,155558.56,0.00,0.00,0.00,155558.56
OP-24.001-3060,Търговище,Антоново,7501,98628.20,73493.20,0.00,0.00,0.00,0.00,0.00,0
OP-24.001-3061,Търговище,Антоново,7501,88760.27,0.00,0.00,0.00,0.00,0.00,0.00,0
OP-24.001-3062,Търговище,Антоново,7501,76489.27,0.00,0.00,0.00,0.00,0.00,0.00,0
OP-24.001-3063,Търговище,Антоново,7501,58031.63,0.00,0.00,0.00,0.00,0.00,0.00,0
OP-24.001-3064,Търговище,Антоново,7501,0.00,0.00,0.00,0.00,0.00,0.00,0.00,0
OP-24.001-3065,Търговище,Търговище,7505,5754283.34,1828.38,0.00,0.00,0.00,0.00,0.00,0
OP-24.001-3066,Търговище,Търговище,7505,973397.48,0.00,172032.83,3067.75,0.00,3067.75,0.00,0
OP-24.001-3067,Търговище,Търговище,7505,491095.86,0.00,70367.05,0.00,0.00,0.00,0.00,0
OP-24.001-3068,Търговище,Търговище,7505,284329.42,0.00,0.00,0.00,0.00,0.00,0.00,0
OP-24.001-3069,Търговище,Търговище,7505,66774.72,0.00,588.97,0.00,0.00,0.00,0.00,0
OP-25.001-0038,Търговище,Попово,7504,0.00,0.00,0.00,0.00,0.00,0.00,0.00,0
OP-25.001-0039,Търговище,Попово,7504,350541.71,0.00,53181.06,0.00,0.00,0.00,0.00,0
OP-25.001-0040,Търговище,Търговище,7505,7669.38,0.00,0.00,0.00,0.00,0.00,0.00,0
OP-25.001-0041,Търговище,Търговище,7505,7669.38,0.00,0.00,0.00,0.00,0.00,0.00,0
OP-25.001-0042,Търговище,Търговище,7505,7669.37,0.00,0.00,0.00,0.00,0.00,0.00,0
OP-25.001-0043,Търговище,Търговище,7505,20451.67,0.00,0.00,0.00,0.00,0.00,0.00,0
OP-25.001-0044,Търговище,Търговище,7505,16361.34,0.00,0.00,0.00,0.00,0.00,0.00,0
OP-25.001-0045,Търговище,Търговище,7505,0.00,0.00,0.00,0.00,0.00,0.00,0.00,0
OP-25.001-0046,Търговище,Търговище,7505,28632.35,0.00,0.00,0.00,0.00,0.00,0.00,0
OP-25.001-0047,Търговище,Търговище,7505,25564.59,0.00,0.00,0.00,0.00,0.00,0.00,0
OP-25.001-0048,Търговище,Търговище,7505,0.00,0.00,0.00,0.00,0.00,0.00,0.00,0
OP-25.001-0049,Търговище,Търговище,7505,7669.38,0.00,0.00,0.00,0.00,0.00,0.00,0
OP-25.001-0084,Търговище,Опака,7503,0.00,0.00,0.00,0.00,0.00,0.00,0.00,0
OP-25.001-0086,Търговище,Антоново,7501,0.00,0.00,0.00,0.00,0.00,0.00,0.00,0
OP-25.001-0131,Търговище,Търговище,7505,1204501.41,0.00,0.00,285702.54,0.00,0.00,0.00,285702.54
OP-25.001-0673,Търговище,Омуртаг,7502,0.00,0.00,0.00,0.00,0.00,0.00,0.00,0
OP-25.001-0674,Търговище,Омуртаг,7502,0.00,0.00,0.00,0.00,0.00,0.00,0.00,0
OP-24.001-1495,Хасково,Димитровград,7601,6646794.46,2656159.46,0.00,131442.89,0.00,29525.39,0.00,101917.50
OP-24.001-1496,Хасково,Димитровград,7601,3323397.23,0.00,0.00,1382275.74,0.00,1382275.74,0.00,0
OP-24.001-1497,Хасково,Димитровград,7601,2300813.47,1012.58,0.00,2060316.98,2055715.35,4601.63,0.00,0
OP-24.001-1498,Хасково,Димитровград,7601,1175971.33,0.00,416861.76,530227.46,474561.42,8282.93,0.00,47383.11
OP-24.001-1499,Хасково,Димитровград,7601,971454.57,0.00,285607.64,202471.58,0.00,8589.70,0.00,193881.88
OP-24.001-1500,Хасково,Димитровград,7601,920325.39,0.00,0.00,32543.73,0.00,19850.91,0.00,12692.82
OP-24.001-1501,Хасково,Ивайловград,7602,2144153.63,8927.15,173998.56,1747370.88,1073835.66,0.00,0.00,673535.22
OP-24.001-1502,Хасково,Ивайловград,7602,2050638.35,1024884.76,0.00,1822243.71,168726.27,0.00,0.00,1653517.44
OP-24.001-1503,Хасково,Ивайловград,7602,0.00,0.00,0.00,0.00,0.00,0.00,0.00,0
OP-24.001-1504,Хасково,Ивайловград,7602,826247.68,0.00,0.00,681510.29,374282.78,0.00,0.00,307227.51
OP-24.001-1505,Хасково,Ивайловград,7602,557308.15,0.00,76636.33,425531.17,311159.48,0.00,0.00,114371.69
OP-24.001-1506,Хасково,Ивайловград,7602,368130.15,10758.60,124787.78,196095.06,71307.30,0.00,0.00,124787.76
OP-24.001-1507,Хасково,Ивайловград,7602,167141.32,0.00,0.00,164282.99,150274.37,0.00,0.00,14008.62
OP-24.001-1508,Хасково,Ивайловград,7602,126544.74,3500.31,10255.62,109966.42,24437.00,0.00,0.00,85529.42
OP-24.001-1509,Хасково,Ивайловград,7602,75006.52,0.00,0.00,0.00,0.00,0.00,0.00,0
OP-24.001-1511,Хасково,Любимец,7603,2505330.22,7048.16,0.00,2496330.66,2496330.66,0.00,0.00,0
OP-24.001-1512,Хасково,Любимец,7603,2076867.62,0.00,0.00,2052336.65,2052336.65,0.00,0.00,0
OP-24.001-1513,Хасково,Любимец,7603,1361774.80,0.00,0.00,1359487.00,1202198.32,0.00,0.00,157288.68
OP-24.001-1514,Хасково,Маджарово,7604,746486.15,0.00,0.00,147249.78,147249.78,0.00,0.00,0
OP-24.001-1515,Хасково,Маджарово,7604,744952.27,8334.06,68292.33,662403.84,662403.84,0.00,0.00,0
OP-24.001-1516,Хасково,Маджарово,7604,683597.25,0.00,0.00,112424.39,112424.39,0.00,0.00,0
OP-24.001-1517,Хасково,Минерални бани,7605,2386352.60,0.00,0.00,0.00,0.00,0.00,0.00,0
OP-24.001-1518,Хасково,Минерални бани,7605,1842440.29,0.00,0.00,0.00,0.00,0.00,0.00,0
OP-24.001-1519,Хасково,Минерални бани,7605,1060163.72,0.00,0.00,0.00,0.00,0.00,0.00,0
OP-24.001-1520,Хасково,Свиленград,7606,5333848.03,0.00,2.99,1066738.93,0.00,0.00,0.00,1066738.93
OP-24.001-1521,Хасково,Свиленград,7606,3221138.85,0.00,0.00,2892050.61,0.00,0.00,0.00,2892050.61
OP-24.001-1522,Хасково,Свиленград,7606,1840650.77,0.00,0.00,0.00,0.00,0.00,0.00,0
OP-24.001-1523,Хасково,Свиленград,7606,1022583.76,0.00,0.00,204338.01,0.00,0.00,0.00,204338.01
OP-24.001-1524,Хасково,Свиленград,7606,943589.17,0.00,0.00,743944.09,669549.68,74394.41,0.00,0
OP-24.001-1525,Хасково,Свиленград,7606,391138.29,0.00,0.00,391138.29,391138.29,0.00,0.00,0
OP-24.001-1526,Хасково,Свиленград,7606,415220.14,0.00,0.00,345906.13,0.00,276721.66,0.00,69184.47
OP-24.001-1527,Хасково,Свиленград,7606,289902.50,0.00,0.00,283649.55,283649.55,0.00,0.00,0
OP-24.001-1528,Хасково,Свиленград,7606,296958.32,0.00,0.00,296914.80,296914.80,0.00,0.00,0
OP-24.001-1529,Хасково,Симеоновград,7607,1590117.75,0.00,0.00,1559133.98,1559133.98,0.00,0.00,0
OP-24.001-1530,Хасково,Симеоновград,7607,1288455.54,0.00,1255.20,1266741.71,1266741.71,0.00,0.00,0
OP-24.001-1532,Хасково,Симеоновград,7607,872263.95,0.00,0.00,708279.30,0.00,550883.90,0.00,157395.40
OP-24.001-1533,Хасково,Симеоновград,7607,507712.84,0.00,0.00,488341.08,444739.20,43601.88,0.00,0
OP-24.001-1534,Хасково,Симеоновград,7607,337452.64,0.00,0.00,0.00,0.00,0.00,0.00,0
OP-24.001-1535,Хасково,Стамболово,7608,1071258.75,0.00,191652.91,289959.28,0.00,0.00,0.00,289959.28
OP-24.001-1536,Хасково,Стамболово,7608,931369.29,0.00,0.00,761524.00,761524.00,0.00,0.00,0
OP-24.001-1537,Хасково,Стамболово,7608,866690.87,0.00,0.00,708741.80,708741.80,0.00,0.00,0
OP-24.001-1538,Хасково,Стамболово,7608,177213.77,0.00,0.00,177009.24,177009.24,0.00,0.00,0
OP-24.001-1539,Хасково,Тополовград,7609,9194561.90,0.00,3213.14,6792664.71,4200419.02,0.00,0.00,2592245.69
OP-24.001-1540,Хасково,Тополовград,7609,3042084.43,2558647.55,0.00,2186925.98,2186925.98,0.00,0.00,0
OP-24.001-1541,Хасково,Тополовград,7609,672860.12,149605.44,224637.51,363906.29,140925.46,0.00,0.00,222980.83
OP-24.001-1542,Хасково,Харманли,7610,0.00,0.00,0.00,0.00,0.00,0.00,0.00,0
OP-24.001-1543,Хасково,Харманли,7610,1482746.46,0.00,0.00,0.00,0.00,0.00,0.00,0
OP-24.001-1544,Хасково,Харманли,7610,1278434.22,0.00,0.00,1125700.12,1125700.12,0.00,0.00,0
OP-24.001-1545,Хасково,Харманли,7610,823026.54,0.00,0.00,161485.66,0.00,0.00,0.00,161485.66
OP-24.001-1546,Хасково,Харманли,7610,511291.88,0.00,0.00,0.00,0.00,0.00,0.00,0
OP-24.001-1547,Хасково,Харманли,7610,419259.34,0.00,0.00,0.00,0.00,0.00,0.00,0
OP-24.001-1548,Хасково,Харманли,7610,398807.67,0.00,40036.90,318889.98,0.00,0.00,0.00,318889.98
OP-24.001-1549,Хасково,Харманли,7610,240307.18,0.00,0.00,0.00,0.00,0.00,0.00,0
OP-24.001-1550,Хасково,Харманли,7610,207073.21,0.00,0.00,0.00,0.00,0.00,0.00,0
OP-24.001-1551,Хасково,Харманли,7610,107371.30,0.00,0.00,0.00,0.00,0.00,0.00,0
OP-24.001-1556,Хасково,Хасково,7611,2433442.58,0.00,0.00,463169.09,0.00,0.00,0.00,463169.09
OP-24.001-1557,Хасково,Хасково,7611,2132393.92,0.00,0.00,2002075.45,2002075.45,0.00,0.00,0
OP-24.001-1558,Хасково,Хасково,7611,1186810.71,10000.87,0.00,1059110.46,1059110.46,0.00,0.00,0
OP-24.001-2271,Хасково,Ивайловград,7602,250430.76,7239.89,48408.21,0.00,0.00,0.00,0.00,0
OP-24.001-2272,Хасково,Маджарово,7604,1083632.01,0.00,0.00,212547.31,0.00,0.00,0.00,212547.31
OP-24.001-2273,Хасково,Минерални бани,7605,1944033.99,0.00,0.00,0.00,0.00,0.00,0.00,0
OP-24.001-2274,Хасково,Свиленград,7606,262957.41,0.00,171577.75,44404.25,0.00,0.00,0.00,44404.25
OP-24.001-2275,Хасково,Свиленград,7606,616515.75,0.00,0.01,124174.39,0.00,0.00,0.00,124174.39
OP-24.001-2276,Хасково,Свиленград,7606,128998.94,0.00,0.00,106695.45,0.00,10613.91,0.00,96081.54
OP-24.001-2277,Хасково,Свиленград,7606,93873.19,0.00,0.00,478.57,0.00,478.57,0.00,0
OP-24.001-2278,Хасково,Свиленград,7606,247669.79,0.00,0.00,242678.92,108600.32,0.00,0.00,134078.60
OP-24.001-2279,Хасково,Симеоновград,7607,516404.80,0.00,15725.48,400999.67,400999.67,0.00,0.00,0
OP-24.001-2283,Хасково,Харманли,7610,0.00,0.00,0.00,0.00,0.00,0.00,0.00,0
OP-24.001-2288,Хасково,Харманли,7610,0.00,0.00,0.00,0.00,0.00,0.00,0.00,0
OP-24.001-2631,Хасково,Свиленград,7606,233711.52,0.00,0.00,0.00,0.00,0.00,0.00,0
OP-24.001-2632,Хасково,Тополовград,7609,0.00,0.00,0.00,0.00,0.00,0.00,0.00,0
OP-24.001-2633,Хасково,Тополовград,7609,0.00,0.00,0.00,0.00,0.00,0.00,0.00,0
OP-24.001-2637,Хасково,Харманли,7610,0.00,0.00,0.00,0.00,0.00,0.00,0.00,0
OP-24.001-2641,Хасково,Харманли,7610,0.00,0.00,0.00,0.00,0.00,0.00,0.00,0
OP-24.001-2642,Хасково,Харманли,7610,0.00,0.00,0.00,0.00,0.00,0.00,0.00,0
OP-24.001-2645,Хасково,Хасково,7611,6615145.49,0.00,0.00,941711.37,0.00,0.00,0.00,941711.37
OP-24.001-2646,Хасково,Хасково,7611,6128958.04,0.00,0.00,1241816.80,0.00,0.00,0.00,1241816.80
OP-24.001-2647,Хасково,Хасково,7611,2228414.54,9181.44,0.00,953801.12,0.00,936744.42,0.00,17056.70
OP-24.001-2648,Хасково,Хасково,7611,1188753.62,0.00,80945.74,966285.49,0.00,523404.99,0.00,442880.50
OP-24.001-2649,Хасково,Хасково,7611,793729.52,0.00,53967.72,643980.55,0.00,347591.21,0.00,296389.34
OP-24.001-2650,Хасково,Хасково,7611,511291.88,0.00,0.00,450753.96,0.00,446333.84,0.00,4420.12
OP-24.001-2651,Хасково,Хасково,7611,293992.83,0.00,0.00,259576.75,0.00,256762.09,0.00,2814.66
OP-24.001-2652,Хасково,Хасково,7611,273336.64,0.00,0.00,6287.54,0.00,3421.75,0.00,2865.79
OP-24.001-2653,Хасково,Хасково,7611,224150.36,0.00,0.00,156679.44,156679.44,0.00,0.00,0
OP-24.001-2654,Хасково,Хасково,7611,202573.84,0.00,0.00,177946.49,0.00,176004.30,0.00,1942.19
OP-24.001-2655,Хасково,Хасково,7611,187848.64,0.00,0.00,4383.30,0.00,2389.26,0.00,1994.04
OP-24.001-2656,Хасково,Хасково,7611,139020.26,0.00,0.00,138948.69,77862.09,0.00,0.00,61086.60
OP-24.001-2657,Хасково,Хасково,7611,138406.71,0.00,0.00,3242.99,0.00,1597.91,0.00,1645.08
OP-24.001-2658,Хасково,Хасково,7611,138048.81,0.00,0.00,137911.10,0.00,0.00,0.00,137911.10
OP-24.001-2659,Хасково,Хасково,7611,112688.73,0.00,0.00,112618.18,0.00,0.00,0.00,112618.18
OP-24.001-2660,Хасково,Хасково,7611,110081.14,0.00,0.00,110030.01,0.00,0.00,0.00,110030.01
OP-24.001-2661,Хасково,Хасково,7611,96736.42,0.00,0.00,84968.21,0.00,83946.55,0.00,1021.66
OP-24.001-2662,Хасково,Хасково,7611,87686.56,0.00,0.00,837.50,0.00,837.50,0.00,0
OP-24.001-2663,Хасково,Хасково,7611,71989.90,0.00,0.00,1692.13,0.00,970.82,0.00,721.31
OP-24.001-2664,Хасково,Хасково,7611,63246.81,0.00,0.00,1704.13,0.00,732.68,0.00,971.45
OP-24.001-2665,Хасково,Хасково,7611,42130.45,0.00,0.00,41974.31,0.00,0.00,0.00,41974.31
OP-24.001-2666,Хасково,Хасково,7611,24797.66,0.00,0.00,585.79,0.00,325.03,0.00,260.76
OP-24.001-2667,Хасково,Хасково,7611,21883.29,2027.99,0.00,19157.65,0.00,18690.46,0.00,467.19
OP-24.001-3070,Хасково,Симеоновград,7607,10216123.08,0.00,0.00,4348191.14,0.00,1942511.71,0.00,2405679.43
OP-24.001-3071,Хасково,Тополовград,7609,0.00,0.00,0.00,0.00,0.00,0.00,0.00,0
OP-24.001-3104,Хасково,Стамболово,7608,1628209.00,0.00,0.01,732665.28,0.00,0.00,0.00,732665.28
OP-24.001-3105,Хасково,Стамболово,7608,229314.41,125981.94,0.00,103076.14,103076.14,0.00,0.00,0
OP-24.001-3106,Хасково,Стамболово,7608,246647.20,221822.36,0.00,0.00,0.00,0.00,0.00,0
OP-25.001-0050,Хасково,Ивайловград,7602,0.00,0.00,0.00,0.00,0.00,0.00,0.00,0
OP-25.001-0051,Хасково,Тополовград,7609,0.00,0.00,0.00,0.00,0.00,0.00,0.00,0
OP-25.001-0052,Хасково,Тополовград,7609,0.00,0.00,0.00,0.00,0.00,0.00,0.00,0
OP-25.001-0053,Хасково,Тополовград,7609,0.00,0.00,0.00,0.00,0.00,0.00,0.00,0
OP-25.001-0076,Хасково,Хасково,7611,0.00,0.00,0.00,0.00,0.00,0.00,0.00,0
OP-25.001-0097,Хасково,Стамболово,7608,639114.85,287399.25,0.00,287399.25,0.00,0.00,0.00,287399.25
OP-25.001-0675,Хасково,Ивайловград,7602,0.00,0.00,0.00,0.00,0.00,0.00,0.00,0
OP-25.001-0676,Хасково,Любимец,7603,0.00,0.00,0.00,0.00,0.00,0.00,0.00,0
OP-25.001-0677,Хасково,Любимец,7603,0.00,0.00,0.00,0.00,0.00,0.00,0.00,0
OP-25.001-0678,Хасково,Любимец,7603,968898.11,0.00,814278.68,0.00,0.00,0.00,0.00,0
OP-25.001-0679,Хасково,Любимец,7603,0.00,0.00,0.00,0.00,0.00,0.00,0.00,0
OP-25.001-0680,Хасково,Свиленград,7606,0.00,0.00,0.00,0.00,0.00,0.00,0.00,0
OP-25.001-0681,Хасково,Свиленград,7606,0.00,0.00,0.00,0.00,0.00,0.00,0.00,0
OP-25.001-0682,Хасково,Свиленград,7606,0.00,0.00,0.00,0.00,0.00,0.00,0.00,0
OP-25.001-0683,Хасково,Свиленград,7606,0.00,0.00,0.00,0.00,0.00,0.00,0.00,0
OP-25.001-0684,Хасково,Свиленград,7606,0.00,0.00,0.00,0.00,0.00,0.00,0.00,0
OP-25.001-0685,Хасково,Симеоновград,7607,0.00,0.00,0.00,0.00,0.00,0.00,0.00,0
OP-25.001-0686,Хасково,Харманли,7610,0.00,0.00,0.00,0.00,0.00,0.00,0.00,0
OP-25.001-0687,Хасково,Харманли,7610,0.00,0.00,0.00,0.00,0.00,0.00,0.00,0
OP-25.001-0688,Хасково,Харманли,7610,0.00,0.00,0.00,0.00,0.00,0.00,0.00,0
OP-25.001-0689,Хасково,Харманли,7610,0.00,0.00,0.00,0.00,0.00,0.00,0.00,0
OP-25.001-0690,Хасково,Харманли,7610,0.00,0.00,0.00,0.00,0.00,0.00,0.00,0
OP-25.001-0691,Хасково,Харманли,7610,0.00,0.00,0.00,0.00,0.00,0.00,0.00,0
OP-25.001-0692,Хасково,Харманли,7610,0.00,0.00,0.00,0.00,0.00,0.00,0.00,0
OP-25.001-0693,Хасково,Харманли,7610,0.00,0.00,0.00,0.00,0.00,0.00,0.00,0
OP-25.001-0694,Хасково,Харманли,7610,0.00,0.00,0.00,0.00,0.00,0.00,0.00,0
OP-25.001-0695,Хасково,Харманли,7610,0.00,0.00,0.00,0.00,0.00,0.00,0.00,0
OP-25.001-0696,Хасково,Харманли,7610,0.00,0.00,0.00,0.00,0.00,0.00,0.00,0
OP-25.001-0697,Хасково,Харманли,7610,0.00,0.00,0.00,0.00,0.00,0.00,0.00,0
OP-25.001-0698,Хасково,Харманли,7610,0.00,0.00,0.00,0.00,0.00,0.00,0.00,0
OP-25.001-0699,Хасково,Харманли,7610,0.00,0.00,0.00,0.00,0.00,0.00,0.00,0
OP-25.001-0700,Хасково,Харманли,7610,0.00,0.00,0.00,0.00,0.00,0.00,0.00,0
OP-25.001-0701,Хасково,Харманли,7610,0.00,0.00,0.00,0.00,0.00,0.00,0.00,0
OP-25.001-0702,Хасково,Харманли,7610,0.00,0.00,0.00,0.00,0.00,0.00,0.00,0
OP-25.001-0703,Хасково,Харманли,7610,0.00,0.00,0.00,0.00,0.00,0.00,0.00,0
OP-25.001-0704,Хасково,Хасково,7611,0.00,0.00,0.00,0.00,0.00,0.00,0.00,0
OP-25.001-0705,Хасково,Хасково,7611,0.00,0.00,0.00,0.00,0.00,0.00,0.00,0
OP-25.001-0706,Хасково,Хасково,7611,0.00,0.00,0.00,0.00,0.00,0.00,0.00,0
OP-25.001-0707,Хасково,Хасково,7611,0.00,0.00,0.00,0.00,0.00,0.00,0.00,0
OP-24.001-1559,Шумен,Велики Преслав,7701,2977150.37,1041789.57,0.00,0.00,0.00,0.00,0.00,0
OP-24.001-1560,Шумен,Велики Преслав,7701,2724521.05,0.00,457.00,2232402.61,1021476.54,0.00,0.00,1210926.07
OP-24.001-1561,Шумен,Велики Преслав,7701,1445575.54,0.00,139533.59,1284996.97,0.00,0.00,0.00,1284996.97
OP-24.001-1562,Шумен,Венец,7702,1350833.15,0.00,0.00,1333644.26,1333644.26,0.00,0.00,0
OP-24.001-1563,Шумен,Венец,7702,278091.65,0.00,0.00,271371.89,271371.89,0.00,0.00,0
OP-24.001-1564,Шумен,Венец,7702,189535.90,0.00,0.00,185673.70,185673.70,0.00,0.00,0
OP-24.001-1565,Шумен,Венец,7702,122710.05,0.00,0.00,101133.53,101133.53,0.00,0.00,0
OP-24.001-1566,Шумен,Венец,7702,83954.13,0.00,0.00,79746.54,79746.54,0.00,0.00,0
OP-24.001-1567,Шумен,Върбица,7703,1363564.32,3067.75,0.00,1318062.66,1129805.10,0.00,0.00,188257.56
OP-24.001-1568,Шумен,Върбица,7703,797308.56,1840.65,0.00,774561.26,663931.92,0.00,0.00,110629.34
OP-24.001-1569,Шумен,Каолиново,7704,1822090.88,0.00,0.00,1789694.27,1789694.27,0.00,0.00,0
OP-24.001-1570,Шумен,Каолиново,7704,267865.82,0.00,0.00,238324.29,238324.29,0.00,0.00,0
OP-24.001-1571,Шумен,Каспичан,7705,3121232.42,0.00,0.00,0.00,0.00,0.00,0.00,0
OP-24.001-1572,Шумен,Каспичан,7705,548104.90,0.00,0.00,526680.55,235022.95,0.00,0.00,291657.60
OP-24.001-1573,Шумен,Каспичан,7705,0.00,0.00,0.00,0.00,0.00,0.00,0.00,0
OP-24.001-1574,Шумен,Никола Козлево,7706,343588.14,20001.99,0.00,254931.99,254931.99,0.00,0.00,0
OP-24.001-1575,Шумен,Никола Козлево,7706,357546.41,63783.13,12577.78,12577.78,12577.78,0.00,0.00,0
OP-24.001-1576,Шумен,Никола Козлево,7706,227473.76,127809.49,0.00,0.00,0.00,0.00,0.00,0
OP-24.001-1577,Шумен,Нови пазар,7707,2208780.93,0.00,0.00,211444.02,0.00,0.00,0.00,211444.02
OP-24.001-1578,Шумен,Нови пазар,7707,1840650.77,588689.28,0.00,875030.17,875030.17,0.00,0.00,0
OP-24.001-1579,Шумен,Нови пазар,7707,1349810.57,0.00,357809.81,204462.74,0.00,0.00,0.00,204462.74
OP-24.001-1580,Шумен,Нови пазар,7707,1227100.51,0.00,0.00,230377.48,0.00,0.00,0.00,230377.48
OP-24.001-1581,Шумен,Нови пазар,7707,710695.71,46635.22,0.00,429425.01,403707.44,25717.57,0.00,0
OP-24.001-1582,Шумен,Нови пазар,7707,368130.15,0.00,155889.01,155889.01,0.00,155889.01,0.00,0
OP-24.001-1584,Шумен,Смядово,7708,464457.54,44866.94,0.00,394062.86,242720.47,151342.39,0.00,0
OP-24.001-1588,Шумен,Хитрино,7709,3065961.77,0.00,0.00,2375947.24,0.00,0.00,0.00,2375947.24
OP-24.001-1589,Шумен,Хитрино,7709,692033.56,232267.59,301080.11,0.00,0.00,0.00,0.00,0
OP-24.001-1590,Шумен,Хитрино,7709,655373.93,0.00,9222.86,323778.69,0.00,0.00,0.00,323778.69
OP-24.001-1592,Шумен,Хитрино,7709,0.00,0.00,0.00,0.00,0.00,0.00,0.00,0
OP-24.001-1593,Шумен,Хитрино,7709,0.00,0.00,0.00,0.00,0.00,0.00,0.00,0
OP-24.001-1594,Шумен,Шумен,7710,19429091.49,0.00,0.00,0.00,0.00,0.00,0.00,0
OP-24.001-1596,Шумен,Шумен,7710,2119816.14,722366.96,0.00,412781.12,0.00,0.00,0.00,412781.12
OP-24.001-1597,Шумен,Шумен,7710,1243973.15,0.00,0.00,668223.02,668223.02,0.00,0.00,0
OP-24.001-2291,Шумен,Велики Преслав,7701,0.00,0.00,0.00,0.00,0.00,0.00,0.00,0
OP-24.001-2292,Шумен,Велики Преслав,7701,12168.75,0.00,0.00,12159.52,0.00,0.00,0.00,12159.52
OP-24.001-2293,Шумен,Велики Преслав,7701,27967.67,247.46,0.00,25494.24,0.00,0.00,0.00,25494.24
OP-24.001-2294,Шумен,Венец,7702,1031991.53,0.00,98045.34,921675.18,24173.88,0.00,0.00,897501.30
OP-24.001-2295,Шумен,Върбица,7703,1843207.23,0.00,0.00,0.00,0.00,0.00,0.00,0
OP-24.001-2296,Шумен,Върбица,7703,330192.30,0.00,0.00,0.00,0.00,0.00,0.00,0
OP-24.001-2297,Шумен,Върбица,7703,330192.30,0.00,0.00,0.00,0.00,0.00,0.00,0
OP-24.001-2298,Шумен,Върбица,7703,448454.11,0.00,0.00,0.00,0.00,0.00,0.00,0
OP-24.001-2300,Шумен,Каспичан,7705,623827.22,282226.70,38.16,121751.57,0.00,0.00,0.00,121751.57
OP-24.001-2301,Шумен,Каспичан,7705,163613.40,0.00,0.00,163308.63,163104.11,0.00,0.00,204.52
OP-24.001-2302,Шумен,Никола Козлево,7706,132168.95,0.00,0.00,128699.56,128699.56,0.00,0.00,0
OP-24.001-2303,Шумен,Никола Козлево,7706,223843.59,0.00,0.00,223177.25,223177.25,0.00,0.00,0
OP-24.001-2304,Шумен,Никола Козлево,7706,509246.71,15124.01,0.00,10706.45,10706.45,0.00,0.00,0
OP-24.001-2305,Шумен,Никола Козлево,7706,1345004.42,124857.33,1157360.31,41312.38,41312.38,0.00,0.00,0
OP-24.001-2306,Шумен,Смядово,7708,824611.55,3926.72,27974.41,824611.55,0.00,0.00,0.00,824611.55
OP-24.001-2307,Шумен,Смядово,7708,1049426.59,462191.92,0.00,462191.92,0.00,0.00,0.00,462191.92
OP-24.001-2308,Шумен,Смядово,7708,932085.10,0.00,107602.21,813591.78,0.00,0.00,0.00,813591.78
OP-24.001-2309,Шумен,Смядово,7708,582565.97,0.00,66234.95,506935.84,0.00,0.00,0.00,506935.84
OP-24.001-2310,Шумен,Шумен,7710,12019756.32,0.00,7914632.02,2261323.43,0.00,0.00,0.00,2261323.43
OP-24.001-2311,Шумен,Шумен,7710,5087354.22,0.00,0.00,4866050.64,4159970.98,0.00,0.00,706079.66
OP-24.001-2312,Шумен,Шумен,7710,451470.73,0.00,0.00,442226.14,198340.95,0.00,0.00,243885.19
OP-24.001-2313,Шумен,Шумен,7710,1022583.76,0.00,0.00,1012460.17,889526.38,22870.43,0.00,100063.36
OP-24.001-2314,Шумен,Шумен,7710,2300813.47,0.00,0.00,2233310.48,0.00,0.00,0.00,2233310.48
OP-24.001-2315,Шумен,Шумен,7710,664679.45,13270.84,59411.62,541344.17,0.00,0.00,0.00,541344.17
OP-24.001-2317,Шумен,Шумен,7710,27098.47,0.00,0.00,0.00,0.00,0.00,0.00,0
OP-24.001-2319,Шумен,Шумен,7710,142343.66,0.00,0.00,0.00,0.00,0.00,0.00,0
OP-24.001-2320,Шумен,Шумен,7710,29808.32,0.00,0.00,0.00,0.00,0.00,0.00,0
OP-24.001-2321,Шумен,Шумен,7710,12782.30,0.00,0.00,0.00,0.00,0.00,0.00,0
OP-24.001-2322,Шумен,Шумен,7710,40903.35,0.00,0.00,0.00,0.00,0.00,0.00,0
OP-24.001-2324,Шумен,Шумен,7710,28632.35,0.00,0.00,0.00,0.00,0.00,0.00,0
OP-24.001-2325,Шумен,Шумен,7710,11759.71,0.00,0.00,0.00,0.00,0.00,0.00,0
OP-24.001-2326,Шумен,Шумен,7710,4253948.45,0.00,0.00,0.00,0.00,0.00,0.00,0
OP-24.001-2328,Шумен,Шумен,7710,28632.35,0.00,0.00,0.00,0.00,0.00,0.00,0
OP-24.001-2329,Шумен,Шумен,7710,51129.19,0.00,18406.50,0.00,0.00,0.00,0.00,0
OP-24.001-2330,Шумен,Шумен,7710,26587.18,0.00,11043.90,0.00,0.00,0.00,0.00,0
OP-24.001-2331,Шумен,Шумен,7710,26587.18,0.00,11043.91,0.00,0.00,0.00,0.00,0
OP-24.001-2333,Шумен,Шумен,7710,15338.76,0.00,6135.50,0.00,0.00,0.00,0.00,0
OP-24.001-2335,Шумен,Шумен,7710,21474.26,0.00,0.00,0.00,0.00,0.00,0.00,0
OP-24.001-2336,Шумен,Шумен,7710,19429.09,0.00,0.00,0.00,0.00,0.00,0.00,0
OP-24.001-2337,Шумен,Шумен,7710,16361.34,0.00,0.00,0.00,0.00,0.00,0.00,0
OP-24.001-2338,Шумен,Шумен,7710,26587.18,0.00,0.00,0.00,0.00,0.00,0.00,0
OP-24.001-2339,Шумен,Шумен,7710,0.00,0.00,0.00,0.00,0.00,0.00,0.00,0
OP-24.001-2340,Шумен,Шумен,7710,0.00,0.00,0.00,0.00,0.00,0.00,0.00,0
OP-24.001-2341,Шумен,Шумен,7710,12782.30,0.00,0.00,0.00,0.00,0.00,0.00,0
OP-24.001-2342,Шумен,Шумен,7710,29654.93,0.00,0.00,0.00,0.00,0.00,0.00,0
OP-24.001-2343,Шумен,Шумен,7710,20451.68,0.00,0.00,0.00,0.00,0.00,0.00,0
OP-24.001-2344,Шумен,Шумен,7710,26587.18,0.00,0.00,0.00,0.00,0.00,0.00,0
OP-24.001-2345,Шумен,Шумен,7710,17895.22,0.00,0.00,0.00,0.00,0.00,0.00,0
OP-24.001-2346,Шумен,Шумен,7710,20451.68,0.00,0.00,0.00,0.00,0.00,0.00,0
OP-24.001-2347,Шумен,Шумен,7710,12782.30,0.00,0.00,0.00,0.00,0.00,0.00,0
OP-24.001-2349,Шумен,Шумен,7710,148274.65,0.00,0.00,111894.34,111894.34,0.00,0.00,0
OP-24.001-2350,Шумен,Шумен,7710,112484.21,0.00,0.00,0.00,0.00,0.00,0.00,0
OP-24.001-2352,Шумен,Шумен,7710,410465.12,0.00,0.00,393811.89,0.00,393811.89,0.00,0
OP-24.001-2668,Шумен,Шумен,7710,2714959.89,0.00,0.00,2453550.37,0.00,0.00,0.00,2453550.37
OP-24.001-2669,Шумен,Шумен,7710,1481212.58,0.00,683552.86,0.00,0.00,0.00,0.00,0
OP-24.001-3078,Шумен,Смядово,7708,234836.36,0.00,0.00,0.00,0.00,0.00,0.00,0
OP-24.001-3079,Шумен,Смядово,7708,213822.26,0.00,0.00,0.00,0.00,0.00,0.00,0
OP-24.001-3080,Шумен,Смядово,7708,204158.85,0.00,0.00,0.00,0.00,0.00,0.00,0
OP-24.001-3081,Шумен,Смядово,7708,182275.56,0.00,0.00,0.00,0.00,0.00,0.00,0
OP-24.001-3082,Шумен,Смядово,7708,126800.39,0.00,0.00,0.00,0.00,0.00,0.00,0
OP-24.001-3083,Шумен,Смядово,7708,125010.86,0.00,0.00,0.00,0.00,0.00,0.00,0
OP-24.001-3084,Шумен,Смядово,7708,90089.63,0.00,0.00,0.00,0.00,0.00,0.00,0
OP-24.001-3085,Шумен,Смядово,7708,82215.73,0.00,0.00,0.00,0.00,0.00,0.00,0
OP-24.001-3086,Шумен,Шумен,7710,3971715.33,0.00,0.00,621370.79,0.00,0.00,0.00,621370.79
OP-25.001-0054,Шумен,Велики Преслав,7701,0.00,0.00,0.00,0.00,0.00,0.00,0.00,0
OP-25.001-0055,Шумен,Шумен,7710,0.00,0.00,0.00,0.00,0.00,0.00,0.00,0
OP-25.001-0056,Шумен,Шумен,7710,4755014.50,0.00,0.00,0.00,0.00,0.00,0.00,0
OP-25.001-0057,Шумен,Шумен,7710,4857272.87,0.00,0.00,0.00,0.00,0.00,0.00,0
OP-25.001-0058,Шумен,Шумен,7710,4696164.80,0.00,0.00,0.00,0.00,0.00,0.00,0
OP-25.001-0098,Шумен,Каолиново,7704,525965.96,273355.78,235722.04,0.00,0.00,0.00,0.00,0
OP-25.001-0708,Шумен,Велики Преслав,7701,0.00,0.00,0.00,0.00,0.00,0.00,0.00,0
OP-25.001-0709,Шумен,Каолиново,7704,0.00,0.00,0.00,0.00,0.00,0.00,0.00,0
OP-25.001-0710,Шумен,Нови пазар,7707,0.00,0.00,0.00,0.00,0.00,0.00,0.00,0
OP-25.001-0711,Шумен,Нови пазар,7707,0.00,0.00,0.00,0.00,0.00,0.00,0.00,0
OP-25.001-0712,Шумен,Нови пазар,7707,0.00,0.00,0.00,0.00,0.00,0.00,0.00,0
OP-25.001-0713,Шумен,Нови пазар,7707,0.00,0.00,0.00,0.00,0.00,0.00,0.00,0
OP-25.001-0714,Шумен,Нови пазар,7707,0.00,0.00,0.00,0.00,0.00,0.00,0.00,0
OP-25.001-0715,Шумен,Нови пазар,7707,0.00,0.00,0.00,0.00,0.00,0.00,0.00,0
OP-25.001-0716,Шумен,Нови пазар,7707,0.00,0.00,0.00,0.00,0.00,0.00,0.00,0
OP-25.001-0717,Шумен,Нови пазар,7707,0.00,0.00,0.00,0.00,0.00,0.00,0.00,0
OP-25.001-0718,Шумен,Нови пазар,7707,0.00,0.00,0.00,0.00,0.00,0.00,0.00,0
OP-25.001-0719,Шумен,Смядово,7708,0.00,0.00,0.00,0.00,0.00,0.00,0.00,0
OP-25.001-0720,Шумен,Смядово,7708,0.00,0.00,0.00,0.00,0.00,0.00,0.00,0
OP-25.001-0721,Шумен,Смядово,7708,0.00,0.00,0.00,0.00,0.00,0.00,0.00,0
OP-25.001-0722,Шумен,Смядово,7708,0.00,0.00,0.00,0.00,0.00,0.00,0.00,0
OP-25.001-0723,Шумен,Смядово,7708,0.00,0.00,0.00,0.00,0.00,0.00,0.00,0
OP-25.001-0724,Шумен,Смядово,7708,0.00,0.00,0.00,0.00,0.00,0.00,0.00,0
OP-25.001-0725,Шумен,Смядово,7708,0.00,0.00,0.00,0.00,0.00,0.00,0.00,0
OP-25.001-0726,Шумен,Смядово,7708,0.00,0.00,0.00,0.00,0.00,0.00,0.00,0
OP-25.001-0727,Шумен,Смядово,7708,0.00,0.00,0.00,0.00,0.00,0.00,0.00,0
OP-25.001-0728,Шумен,Смядово,7708,0.00,0.00,0.00,0.00,0.00,0.00,0.00,0
OP-25.001-0729,Шумен,Смядово,7708,0.00,0.00,0.00,0.00,0.00,0.00,0.00,0
OP-25.001-0730,Шумен,Смядово,7708,0.00,0.00,0.00,0.00,0.00,0.00,0.00,0
OP-25.001-0731,Шумен,Смядово,7708,0.00,0.00,0.00,0.00,0.00,0.00,0.00,0
OP-25.001-0732,Шумен,Смядово,7708,0.00,0.00,0.00,0.00,0.00,0.00,0.00,0
OP-25.001-0733,Шумен,Смядово,7708,0.00,0.00,0.00,0.00,0.00,0.00,0.00,0
OP-25.001-0734,Шумен,Смядово,7708,0.00,0.00,0.00,0.00,0.00,0.00,0.00,0
OP-25.001-0735,Шумен,Смядово,7708,0.00,0.00,0.00,0.00,0.00,0.00,0.00,0
OP-25.001-0736,Шумен,Хитрино,7709,0.00,0.00,0.00,0.00,0.00,0.00,0.00,0
OP-25.001-0774,Шумен,Венец,7702,657828.13,75745.48,28734.54,259582.89,0.00,0.00,0.00,259582.89
OP-25.001-0775,Шумен,Венец,7702,0.00,0.00,0.00,0.00,0.00,0.00,0.00,0
OP-24.001-1600,Ямбол,Болярово,7801,632825.96,201470.63,0.00,315146.31,0.00,207067.04,0.00,108079.27
OP-24.001-1601,Ямбол,Болярово,7801,5033361.80,0.00,0.00,4018549.83,2471683.82,0.00,0.00,1546866.01
OP-24.001-1602,Ямбол,Елхово,7802,2247997.01,912655.03,0.00,63617.49,63617.49,0.00,0.00,0
OP-24.001-1603,Ямбол,Елхово,7802,1147083.34,0.00,0.00,825141.06,816369.52,8771.54,0.00,0
OP-24.001-1604,Ямбол,Елхово,7802,1019158.11,0.00,0.00,818654.68,818654.68,0.00,0.00,0
OP-24.001-1605,Ямбол,Елхово,7802,636047.10,0.00,0.00,474160.60,474160.60,0.00,0.00,0
OP-24.001-1606,Ямбол,Елхово,7802,487572.03,0.00,0.00,0.00,0.00,0.00,0.00,0
OP-24.001-1607,Ямбол,Елхово,7802,350183.81,0.00,0.00,286267.63,286267.63,0.00,0.00,0
OP-24.001-1608,Ямбол,Елхово,7802,0.00,0.00,0.00,0.00,0.00,0.00,0.00,0
OP-24.001-1610,Ямбол,Елхово,7802,268837.27,0.00,0.00,9816.80,9816.80,0.00,0.00,0
OP-24.001-1611,Ямбол,Стралджа,7803,2454303.29,0.00,0.00,0.00,0.00,0.00,0.00,0
OP-24.001-1612,Ямбол,Тунджа,7804,3021735.02,0.00,0.00,494757.21,0.00,9325.96,0.00,485431.25
OP-24.001-1613,Ямбол,Тунджа,7804,2858121.62,0.00,0.00,235927.12,210294.36,25632.76,0.00,0
OP-24.001-1614,Ямбол,Тунджа,7804,1610569.43,0.00,0.00,0.00,0.00,0.00,0.00,0
OP-24.001-1615,Ямбол,Тунджа,7804,0.00,0.00,0.00,0.00,0.00,0.00,0.00,0
OP-24.001-1616,Ямбол,Ямбол,7805,3410316.85,1163166.54,0.00,346823.32,346823.32,0.00,0.00,0
OP-24.001-1617,Ямбол,Ямбол,7805,1532853.06,532084.82,0.00,848458.15,848458.15,0.00,0.00,0
OP-24.001-1618,Ямбол,Ямбол,7805,841075.14,0.00,0.00,420008.62,420008.62,0.00,0.00,0
OP-24.001-1619,Ямбол,Ямбол,7805,2686327.54,0.00,15623.99,265850.10,15338.76,0.00,0.00,250511.34
OP-24.001-1620,Ямбол,Ямбол,7805,511291.88,0.00,0.00,475928.08,389395.70,0.00,0.00,86532.38
OP-24.001-1621,Ямбол,Ямбол,7805,715808.63,0.00,0.00,707587.70,643404.13,0.00,0.00,64183.57
OP-24.001-1622,Ямбол,Ямбол,7805,357904.32,0.00,0.00,351590.27,351590.27,0.00,0.00,0
OP-24.001-1623,Ямбол,Ямбол,7805,357904.32,0.00,7903.55,157500.31,157500.31,0.00,0.00,0
OP-24.001-2353,Ямбол,Ямбол,7805,444823.94,0.00,0.00,402242.43,362879.28,0.00,0.00,39363.15
OP-24.001-2354,Ямбол,Ямбол,7805,484193.41,0.00,8436.32,422822.23,373272.42,0.00,0.00,49549.81
OP-24.001-2671,Ямбол,Стралджа,7803,0.00,0.00,0.00,0.00,0.00,0.00,0.00,0
OP-24.001-2673,Ямбол,Стралджа,7803,0.00,0.00,0.00,0.00,0.00,0.00,0.00,0
OP-24.001-2674,Ямбол,Стралджа,7803,0.00,0.00,0.00,0.00,0.00,0.00,0.00,0
OP-24.001-2676,Ямбол,Ямбол,7805,485727.29,47780.94,2420.45,430028.42,0.00,0.00,0.00,430028.42
OP-24.001-2677,Ямбол,Ямбол,7805,153387.56,0.00,7838.71,92756.19,92756.19,0.00,0.00,0
OP-24.001-3087,Ямбол,Болярово,7801,0.00,0.00,0.00,0.00,0.00,0.00,0.00,0
OP-24.001-3088,Ямбол,Болярово,7801,0.00,0.00,0.00,0.00,0.00,0.00,0.00,0
OP-24.001-3089,Ямбол,Болярово,7801,0.00,0.00,0.00,0.00,0.00,0.00,0.00,0
OP-24.001-3090,Ямбол,Болярово,7801,0.00,0.00,0.00,0.00,0.00,0.00,0.00,0
OP-24.001-3091,Ямбол,Тунджа,7804,0.00,0.00,0.00,0.00,0.00,0.00,0.00,0
OP-24.001-3092,Ямбол,Ямбол,7805,677461.74,0.00,0.00,0.00,0.00,0.00,0.00,0
OP-24.001-3093,Ямбол,Ямбол,7805,680018.20,0.00,0.00,0.00,0.00,0.00,0.00,0
OP-24.001-3094,Ямбол,Ямбол,7805,156966.61,0.00,84191.11,72346.47,0.00,0.00,0.00,72346.47
OP-25.001-0737,Ямбол,Болярово,7801,0.00,0.00,0.00,0.00,0.00,0.00,0.00,0
OP-25.001-0738,Ямбол,Ямбол,7805,0.00,0.00,0.00,0.00,0.00,0.00,0.00,0
OP-25.001-0739,Ямбол,Ямбол,7805,0.00,0.00,0.00,0.00,0.00,0.00,0.00,0
OP-25.001-0740,Ямбол,Ямбол,7805,0.00,0.00,0.00,0.00,0.00,0.00,0.00,0
OP-25.001-0741,Ямбол,Ямбол,7805,1451046.36,0.00,0.00,0.00,0.00,0.00,0.00,0
OP-25.001-0742,Ямбол,Ямбол,7805,0.00,0.00,0.00,0.00,0.00,0.00,0.00,0
OP-25.001-0743,Ямбол,Ямбол,7805,1145293.81,0.00,0.00,0.00,0.00,0.00,0.00,0
OP-25.001-0744,Ямбол,Ямбол,7805,0.00,0.00,0.00,0.00,0.00,0.00,0.00,0
OP-25.001-0745,Ямбол,Ямбол,7805,0.00,0.00,0.00,0.00,0.00,0.00,0.00,0
OP-25.001-0746,Ямбол,Ямбол,7805,0.00,0.00,0.00,0.00,0.00,0.00,0.00,0
OP-25.001-0747,Ямбол,Ямбол,7805,0.00,0.00,0.00,0.00,0.00,0.00,0.00,0
OP-25.001-0748,Ямбол,Ямбол,7805,0.00,0.00,0.00,0.00,0.00,0.00,0.00,0
OP-25.001-0749,Ямбол,Ямбол,7805,0.00,0.00,0.00,0.00,0.00,0.00,0.00,0
OP-25.001-0750,Ямбол,Ямбол,7805,0.00,0.00,0.00,0.00,0.00,0.00,0.00,0
OP-25.001-0751,Ямбол,Ямбол,7805,0.00,0.00,0.00,0.00,0.00,0.00,0.00,0
OP-25.001-0752,Ямбол,Ямбол,7805,0.00,0.00,0.00,0.00,0.00,0.00,0.00,0
OP-25.001-0753,Ямбол,Ямбол,7805,0.00,0.00,0.00,0.00,0.00,0.00,0.00,0
OP-25.001-0754,Ямбол,Ямбол,7805,0.00,0.00,0.00,0.00,0.00,0.00,0.00,0
OP-25.001-0755,Ямбол,Ямбол,7805,0.00,0.00,0.00,0.00,0.00,0.00,0.00,0
OP-25.001-0756,Ямбол,Ямбол,7805,0.00,0.00,0.00,0.00,0.00,0.00,0.00,0
OP-25.001-0757,Ямбол,Ямбол,7805,0.00,0.00,0.00,0.00,0.00,0.00,0.00,0
