section,no,code,footnote,name_bg,plan_2025_kBGN,actual_2025_kBGN,indicator_bg,institution_bg
I,1,NP-25.001-0001,,"ОА Благоевград - Изграждане на нов ГКПП Струмяни – Берово, между общините Струмяни, Благоевградска област, Република България, и Берово, Източен район на планиране, Република Северна Македония",0.000,0.000,"Изграждане на нов ГКПП Струмяни – Берово (Клепало) между България и Северна Македония - 1,00",Министерски съвет
I,2,NP-25.001-0002,,"ОА Видин - „Консервация, реставрация и аварийно укрепване на част от „Крепостни стени на турско кале“ – висока тераса, ниска тераса и подход - ПИ с идентификатор №10971.501.535 по КККР на гр. Видин, урегулиран в УПИ I - „за озеленяване и парк”, квартал 518 по плана на к-с „Калето” град Видин, община Видин, област Видин“",399.600,398.651,"Консервация, реставрация и аварийно укрепване на крепостни стени-кв.м - 2 078,00 Почистени от растителност крепостни стени-кв.м - 2 078,00 Достъпна среда -платформа - 1,00 Повишен туристически поток",Министерски съвет
I,3,NP-25.001-0003,,"ОА Добрич - Обследване състоянието на наличните на територията на област Добрич обекти (поземлени имоти (ПИ)) по чл.7, ал.12 от ЗУЧК - морските хидротехнически съоръжения, вълноломите, системите и съоръженията по чл.6, ал.4, т.2 - публична държавна собственост, предпазващи от вредните въздействия върху морския бряг, които се намират извън границите на урбанизираните територии",0.000,0.000,"Доклад за реалното състоянието на морските хидротехнически съоръжения, вълноломите и съоръженията, след извършено обследване от специалисти - 1,00",Министерски съвет
I,4,NP-25.001-0004,,ОА Варна - Поддръжка и ремонт на морските хидротехнически съоръжения - Аварийно укрепване на буна Ной,2162.100,0.000,"Сключване на договор с консултант за обследване и подготовка на проектна документация. Изготвяне на доклад и провеждане на обществена поръчка за Аварийно укрепване на буна Ной - 1,00 Извършване на укрепителни дейности на буна Ной кв. м. - 2 734,00",Министерски съвет
I,5,NP-25.001-0005,,ОА Варна - Поддръжка и ремонт на морските хидротехнически съоръжения - Аварийно укрепване на буни Кранево,0.000,0.000,"Сключване на договор с консултант за обследване и подготовка на проектна документация. Изготвяне на доклад и провеждане на обществена поръчка на буни Кранево - 1,00 Извършване на укрепителни дейности на буни Кранево кв.м. - 1 860,0",Министерски съвет
I,6,NP-25.001-0006,,ОА Варна - Поддръжка и ремонт на морските хидротехнически съоръжения - Аварийно укрепване на буна Местност Галата север,0.000,0.000,"Сключване на договор с консултант за обследване и подготовка на проектна документация. Изготвяне на доклад и провеждане на обществена поръчка на буна Местност Галата Север - 1,00 Извършени укрепителни дейности на буна ""Местност Галата Север"" кв.м.- 273,00",Министерски съвет
I,7,NP-25.001-0007,,ОА Варна - Поддръжка и ремонт на морските хидротехнически съоръжения - Аварийно укрепване на буна Район Аспарухово - местност Черноморец,9030.000,27.600,"Сключване на договор с консултант за обследване и подготовка на проектна документация. Изготвяне на доклад и провеждане на обществена поръчка за Аварийно укрепване на буна Район Аспарухово-м.Черноморец - 1,00 Извършване на укрепителни дейности буна район Аспарухово, м. Черноморец - 533,00",Министерски съвет
I,8,NP-25.001-0008,,ОА Варна - Аварийно укрепване на ската над крайбрежната алея в участъка на Рибарски плаж до буна 101,6724.500,0.000,"Сключване на договор с консултант за обследване и подготовка на проектна документация. Изготвяне на доклад и провеждане на обществена поръчка за Аварийно укрепване на ската над крайбрежната алея в участъка на Рибарски плаж буна 101 - 1,00 Извършване на укрепителни дейности на ската над крайбрежната алея в участъка на Рибарски плаж, буна 101 кв.м.- 4 000,00",Министерски съвет
I,9,NP-25.001-0009,,"ОА Бургас - Поддръжка и ремонт на морските хидротехнически съоръжения, вълноломите, системите и съоръженията по чл. 6, ал. 4, т. 2 от ЗУЧК - публична държавна собственост",2260.000,44.280,"Сключен договор с консултант за изработване на документация и провеждане на процедура по ЗОП за избор на изпълнител за възлагане изготвянето на регистър на съществуващите морски хидротехнически съоръжения на територията на област Бургас. - срок до 30.06.2025г - 6,00 Сключен договор за възлагане изготвянето на регистър на съществуващите морски хидротехнически съоръжения на територията на област Бургас. срок 30.11.2025г. - 1,00 Изготвен регистър на хидротехническите съоръжения на териотрията на област Бургас. - срок до 31.05.2026г. - 6,00 Сключен договор с консултант за изработване на документация и провеждане на процедура по ЗОП за избор на изпълнител за възлагане на изпълнение на СМР за ремонт на инфраструктурен обект ""Укрепване на свлачище северен бряг Царево"" при условие, че обектът ни бъде предаден от МРРБ. - срок до 30.06.2025г. - 6,00 Сключен договор за възлагане на изпълнение на СМР за ремонт на инфраструктурен обект ""Укрепване на свлачище северен бряг Царево"" при условие, че обектът ни бъде предаден от МРРБ - 30.11.2025г. - 1,00 Сключени договори за строителен надзор, авторски надзор и инвеститорски контрол за обект ""Укрепване на свлачище северен бряг Царево"" при условие, че обектът ни бъде предаден от МРРБ - 30.11.2025 г. - 3,00 Сключен договор с консултант за подготовка на документация и провеждане на обществена поръчка за възлагане на прединвестиционни проучвания и изготвяне на инвестиционен проект за обект ""Основен ремонт на брегозащитно съоръжение - буна в ПИ 51500.510.180 по КК на гр. Несебър"" - срок 30.06.2025г. - 1,00 Сключен договор за възлагане на прединвестиционни проучвания - изготвяне на инвестиционен проект за обект ""Основен ремонт на брегозащитно съоръжение - буна в ПИ 51500.510.180 по КК на гр. Несебър"". Срок до 30.11.2025 г - 1,00 Изготвени прединвестиционни проучвания и изработен инвестиционен проект за обект: ""Основен ремонт на брегозащитно съоръжение - буна в ПИ 51500.510.180 по КК на гр. Несебър"". Срок до 31.05.2026 г. - 2,00",Министерски съвет
I,10,NP-25.001-0010,,"""Инженеринг „Цялостна реконструкция и модернизация на ГКПП „Станке Лисичково“, вкл. надзор",5975.042,7586.478,"Реконструкция на ГКПП ""Станке Лисичково"" – 1,00 Увеличен брой на трасетата на преминаващ трафик за леки и товарни автомобили - 6,00",Министерство на финансите
I,11,NP-25.001-0011,,"„Инженеринг (проектиране, строителство и осъществяване на авторски надзор) за обект: „Цялостна реконструкция и модернизация на ГКПП „Златарево“, вкл. надзор",11708.358,17.742,"Реконструкция на ГКПП ""Златарево"" – 1,00 Увеличен брой на трасетата на преминаващ трафик за леки и товарни автомобили – 7,00",Министерство на финансите
I,12,NP-25.001-0012,,"„Инженеринг (проектиране, строителство и осъществяване на авторски надзор) за обекти на Агенция „Митници“, свързани с реконструкция на ГКПП „Капитан Андреево“ и изграждане на рентгенови площадки на различни ГКПП и МБ на Агенция „Митници“, вкл.надзор",24000.000,13107.746,"Реконструкция на ГКПП ""Капитан Андреево"" – 1,00 Увеличен брой на трасетата на „изход“ за проверка на товарни автомобили от Агенция „Митници“ - 8,00 Увеличен брой на трасетата на „вход“ за товарни автомобили от ГД „Гранична полиция“ - 7,00",Министерство на финансите
I,13,NP-25.001-0013,,"„Инженеринг (проектиране, строителство и осъществяване на авторски надзор) за обект: „Реконструкция на ГКПП „Лесово“ вкл. надзор",2050.000,16006.600,"Реконструкция на ГКПП ""Лесово"" – 1,00 Увеличен брой на трасетата на преминаващ трафик за товарни автомобили – 14,00",Министерство на финансите
I,14,NP-25.001-0014,,"Доставка на самолети F-16 Block 70, средства за наземно обслужване и обучение, въоръжение и обучение за тях-етап I",389739.529,29093.623,-,Министерство на отбраната
I,15,NP-25.001-0015,,Придобиване на многофункционален модулен патрулен кораб (ммпк) за ВМС,216159.068,199083.183,-,Министерство на отбраната
I,16,NP-25.001-0016,,Доставка на самолети F-16 Block 70-етап II,129407.162,46442.150,-,Министерство на отбраната
I,17,NP-25.001-0017,,Придобиване на основна бойна техника за изграждане на батальонни бойни групи,583692.835,514242.000,-,Министерство на отбраната
I,18,NP-25.001-0018,,Придобиване на зенитно-ракетни комплекси,0.000,104169.782,-,Министерство на отбраната
I,19,NP-25.001-0019,,Изграждане на системи за сигурност на помещенията за съхранение на американско класифицирано оборудване и въоръжение,5515.182,5322.052,-,Министерство на отбраната
I,20,NP-25.001-0020,,Придобиване на наземни терминали от Мултифункционална система за разпространение на информация (MIDS),3196.507,1128.427,-,Министерство на отбраната
I,21,NP-25.001-0021,,"Ракети, торпеда и други боеприпаси за модулни патрулни кораби",0.000,26357.490,-,Министерство на отбраната
I,22,NP-25.001-0022,,Доставка на 3D радари,0.000,0.000,-,Министерство на отбраната
I,23,NP-25.001-0023,,Придобиване на ракетна система Javelin за бойните машини,0.000,53123.400,-,Министерство на отбраната
I,24,NP-25.001-0024,,Развитие на способности за транспортно осигуряване на Българската армия,0.000,34426.440,-,Министерство на отбраната
I,25,NP-25.001-0025,,Надграждане и интегрирана логистична поддръжка на самолети C-27J Spartan от състава на ВВС,0.000,8611.249,-,Министерство на отбраната
I,26,NP-25.001-0026,,Осигуряване на експлоатацията на вертолети AS 532 AL Cougar,0.000,957.164,-,Министерство на отбраната
I,27,NP-25.001-0027,,Интегрирана логистична поддръжка на вертолети AS 565MB Panther и AS 365 N3+ Dauphin и двигатели за тях,0.000,863.153,-,Министерство на отбраната
I,28,NP-25.001-0028,,Интегрирана логистична поддръжка на самолети „PILATUS” РС-9М и РС-12/45,0.000,0.000,-,Министерство на отбраната
I,29,NP-25.001-0029,,Придобиване на леко стрелково оръжие,0.000,266.592,-,Министерство на отбраната
I,30,NP-25.001-0030,,Оптически прибори и мерници,0.000,335.160,-,Министерство на отбраната
I,31,NP-25.001-0031,,"Разполагане в стационарни условия (ремонт на инфраструктурни обекти, газифициране на щаба, оборудване на офиси и работни места) на щаб на дивизия“",0.000,0.000,-,Министерство на отбраната
I,32,NP-25.001-0032,,"Изграждане на временен полеви лагер в местността ,,Орлето“ и изграждане на инфраструктурни обекти и основен ремонт на съществуващи сгради за разполагане при усилено присъствие на НАТО",0.000,0.000,-,Министерство на отбраната
I,33,NP-25.001-0033,,Нови инвестиционни проекти без проектна готовност в изпълнение на Програмата за инвестиции в отбраната,0.000,0.000,-,Министерство на отбраната
I,34,NP-25.001-0034,,Придобиване на минни ловци втора употреба,0.000,0.000,-,Министерство на отбраната
I,35,NP-25.001-0035,,Придобиване на ракетна система за залпов огън с повишена мобилност HIMARS,0.000,0.000,-,Министерство на отбраната
I,36,NP-25.001-0036,,155 мм гаубици,0.000,0.000,-,Министерство на отбраната
I,37,NP-25.001-0037,,Брегови противокорабни ракетни комплекси,0.000,0.000,-,Министерство на отбраната
I,38,NP-25.001-0038,,"Инфраструктура за усвояване, експлоатация и осигуряване на новия тип боен самолет F-16 Block 70",15000.000,183548.039,-,Министерство на отбраната
I,39,NP-25.001-0039,,"Дейности свързани с държавната граница, в т.ч. ремонт и надграждане, и за радио-локационна система за детекция и класификация на ниско летящи обекти до 3 хил. м. по протежение на българо-турската граница",62063.948,56781.187,Изградена радиолокационна система за детекция и класификация на ниско летящи обекти и мобилни системи за противодействие на ДУЛС - 1,Министерство на вътрешните работи
I,40,NP-25.001-0040,,Изграждане на инфраструктура за предоставяне на специализирана здравно-социална грижа за деца с увреждания,2400.000,0.000,"Брой подкрепени обекти на социалната инфраструктура в процеса на деинституционализация - 12,00 Грижи за децата и образование: Капацитет на подпомогнатата инфраструктура, предназначена за грижи за децата или образование – 212,00",Министерство на здравеопазването
I,41,NP-25.001-0041,,Изграждане на инфраструктура за предоставяне на специализирана здравно-социална грижа за деца с увреждания-2,1400.000,0.000,"Брой подкрепени обекти на социалната инфраструктура в процеса на деинституционализация – 12,00 Грижи за децата и образование: Капацитет на подпомогнатата инфраструктура, предназначена за грижи за децата или образование – 116,00",Министерство на здравеопазването
I,42,NP-25.001-0042,,Укрепване на капацитета на болничната мрежа за реакция при кризи,1870.000,0.000,"Подкрепени обекти в системата на здравеопазването с подобрен капацитет за реакция при кризи –целева стойност – 105,00 Апарати за белодробна вентилация за подпомагане на лечението на COVID-19 - 105,00 Допълнителни легла, създадени за пациенти с Covid-19 – 1 050,00 Стойност на закупеното медицинско оборудване (общи публични разходи) – 33 249 110,00",Министерство на здравеопазването
I,43,NP-25.001-0043,***,Изграждане на система за оказване на спешна медицинска помощ по въздуха - дофинансиране по Инвестиция C12.I4 „Изграждане на система за оказване на спешна медицинска помощ по въздуха“,4616.580,0.000,"Доставени хеликоптери – 5,00 Изградена инфраструктура - оперативни бази – 6,00 Обучен и сертифициран летателен състав – 30,00 Обучен и сертифициран за изпълнение на мисии по HEMS технически състав – 30,00 Обучени лекари и парамедици/медицински сестри – 30,00",Министерство на здравеопазването
I,44,NP-25.001-0044,***,"Модернизация на психиатричната помощ - дофинансиране по Инвестиция С12.I3 „Модернизация на психиатричната помощ“, част от „План за възстановяване и устойчивост“",14640.890,0.000,Брой ремонтирани заведения за психиатрична помощ -18,Министерство на здравеопазването
I,45,NP-25.001-0045,***,"Модернизиране на лечебни заведения за болнична помощ - дофинансиране по Инвестиция С12.I1 ""Модернизиране на лечебни заведения за болнична помощ""",2919.930,0.000,"Брой доставени апарати -2000 Брой лечебни заведения за болнична помощ, в които ще се доставя апаратура - 50",Министерство на здравеопазването
I,46,NP-25.001-0046,,"Проектиране на Център за лъчелечение с протонна терапия в УМБАЛ по онкология ""Проф. Иван Черноземски"" ЕАД, гр. София",900.000,900.000,Изготвен инвестиционен проект по смисъла на ЗУТ - 1,Министерство на здравеопазването
I,47,NP-25.001-0047,**,"Реализиране на втори етап - разширение и реконструкция на сградата на НХА-Северен корпус - ул.""Шипка"" № 1",2400.000,0.000,Брой изградено разширение и реконструкция на сградата на НХА-Северен корпус - 1,Министерство на образованието и науката
I,48,NP-25.001-0048,**,"Софийски университет ""Св. Климент Охридски"" - Изграждане на изчислителен център за изкуствен интелект от Института за научни изследвания в областта на компютърните науки (INSAIT)",3800.000,0.000,Брой изграден изчислителен център за изкуствен интелект от Института за научни изследвания в областта на компютърните науки (INSAIT) - 1,Министерство на образованието и науката
I,49,NP-25.001-0049,**,"Основен ремонт, въвеждане на мерки за енергийна ефективност, реставрация, реконструкция и модернизация на 4 броя общински образователни институции в град Пловдив, община Пловдив - Хуманитарна гимназия ""Св. Св. Кирил и Методий"", Основно училище „Райна Княгиня“, Основно училище „Димитър Талев“ и ""Яне Сандански""",4740.942,0.000,"Брой образователни общински институции, в които е реализиран основен ремонт, въвеждане на мерки за енергийна ефективност, реставрация, реконструкция и модернизация - 4",Министерство на образованието и науката
I,50,NP-25.001-0050,,Основен ремонт и реконструкция на Концертна зала като многофункционална зала за симфонични концерти и сценични продукции -Държавна опера Пловдив,2226.584,52.440,Ремонтирана и обновена Концертна зала на Държавна опера Пловдив-1,Министерство на културата
I,51,NP-25.001-0051,,Изграждане на нов учебен корпус и благоустрояване на училищен двор на НГПИ Тревненска школа,499.344,469.331,Придобиване /разширяване/ на учебната база - 1,Министерство на културата
I,52,NP-25.001-0052,,"Реализиране на нов корпус към съществуващата сграда и топла връзка със съществуващата сграда на НУИ ""Панайот Пипков"" Плевен",2000.578,1293.179,Придобиване /разширяване/ на учебната база - 1,Министерство на културата
I,53,NP-25.001-0053,,Основен ремонт на жилищна сграда - общежитие на Професионална гимназия по каменообработване,2227.894,1459.643,ремонтирано общежитие за нуждите на учениците от ПГК с. Кунино - 1,Министерство на културата
I,54,NP-25.001-0054,,"Модернизация на НУФИ ""Широка лъка"" за постигане на високо ниво на енергийна ефективност",973.550,778.840,ремонтирана отоплителна система - 1,Министерство на културата
I,55,NP-25.001-0055,,"Преустройство и промяна на предназначението на сграда в Сцена за куклен театър за деца в сграда на Младежки театър ""Николай Бинев"" (Куклен театър ""В Лунната стая"")",733.550,1072.870,функциониращ нов куклен театър за деца - 1,Министерство на културата
I,56,NP-25.001-0056,,"Модернизация на път I-1 (Е79) ""Видин - Ботевград"" по три основни позиции, за обособена позиция 1 - Път I-1 ""Видин - п.в. Макреш"" от км 3+757 до км 33+400",55328.176,187427.792,"Дължина на реконструираните или модернизирани пътища -29,64",Министерство на регионалното развитие и благоустройството
I,57,NP-25.001-0057,,"Модернизация на път I-1 (Е79) ""Видин - Ботевград"" от км 33+400 до км 102+060 (км 99+193 – километраж по проект), разделен на пет участъка: Участък 1 – Път I-1 „п.в. Макреш – п.в. Бела“: от км 33+400 (километраж по проект) до км 47+000 (километраж по проект), с дължина 13,600 км; Участък 2 – Път I-1 „п.в. Бела - Ружинци“: от км 47+000 (километраж по проект) до км 61+750 (км 58+128,47 - километраж по проект), с дължина 11,128.47 км; Участък 3 – Път I-1 „Ружинци – п.в. Белотинци“: от км 58+128,47 (километраж по проект) ≡ км 61+750 (километраж по съществуващ път І-1) до км 73+520 (километраж по проект), с дължина 15,391.53 км; Участък 4 – „п.в. Белотинци – п.в. Винище“: от км 73+520 (километраж по проект) до км 85+520 (километраж по проект), с дължина 12,000 км; Участък 5 – „п.в. Винище – Обход на гр. Монтана“: от км 85+520 (километраж по проект) до км 102+060 (км 99+193 по проект), с дължина 13,673 км.“",46954.255,29827.297,"Дължина на реконструираните или модернизирани пътища -69,70",Министерство на регионалното развитие и благоустройството
I,58,NP-25.001-0058,,Път І-1 /Е-79/ Мездра – Ботевград от км 161+367 до км 194 +12,14328.843,277681.212,"Дължина на реконструираните или модернизирани пътища-32,70",Министерство на регионалното развитие и благоустройството
I,59,NP-25.001-0059,,"Изграждане на участъци от АМ Хемус: участък 1 от км 87+800 до км 103+060 вкл. пътен възел ""Дерманци; участък 2 от края на пътен възел Дерманци до пресичането с път III-3005 вкл. Пътен възел Каленик, от км 103+060 до км 122+260; участък 3 от края на пътен възел Каленик до пресичането с път II-35 вкл. пътен възел Плевен от км 122+260 до км 139+340; участък 4 от края на пътен възел Плевен до път III-301 вкл. пътен възел Летница от км 139+340 до км 166+144.09; участък 5 от края на пътен възел Летница до път III--303 вкл. пътен възел от км 166+144.09 до км 189+344 и участък 6 от края на пътен възел на път III--303 до път I-5 вкл. пътен възел от км 189+344 до км 222+000",59561.848,118708.798,"Дължина на реконструираните или модернизирани пътища -134,20",Министерство на регионалното развитие и благоустройството
I,60,NP-25.001-0060,,"Доизграждане на АМ „Хемус“ от км 222+000 до км 310+940 (участък в строителство), разделен на три участъка: Участък 7 от км 222+000 (след пресичането на път I-5) до км 265+600 (след пътен възел „Ковачевско Кале“, пресичане с път II-51 – по идеен проект), Участък 8 от км 265+600 (след пътен възел „Ковачевско Кале“, пресичане с път II-51- по идеен проект) до км 299+000 (след пътен възел „Лозница“, пресичане с път II-49 – по идеен проект) и Участък 9 от км 299+000 (след пътен възел „Лозница“, пресичане с път II-49 – по идеен проект) до км 310+940 (начало на участък в строителство), включително пътен възел „Буховци – Юг“ (при пресичането на път I-4 с път III-5102).",8224.000,0.000,"Дължина на реконструираните или модернизирани пътища -88,94",Министерство на регионалното развитие и благоустройството
I,61,NP-25.001-0061,,Мост на р.Дунав на път I-2 Русе -Разград от км 0+000 до км 1+057,15477.376,16495.351,"Дължина на реконструираните или модернизирани пътища -1,06",Министерство на регионалното развитие и благоустройството
I,62,NP-25.001-0062,,"Път I-1 ""Път II-17 - гара Яна"" от км 214+686 до км 237+553""",14446.175,401.126,"Дължина на реконструираните или модернизирани пътища -22,87",Министерство на регионалното развитие и благоустройството
I,63,NP-25.001-0063,,Път I-8 /Калотина-София-Пловдив/ от км 89+170 до км 147+750 с обща дължина 58.58,18667.495,0.000,"Дължина на реконструираните или модернизирани пътища -58,58",Министерство на регионалното развитие и благоустройството
I,64,NP-25.001-0064,,Тунел „Траянови врата“ на АМ „Тракия“ при км 53+297,10972.542,0.000,Изпълнен обект-1,Министерство на регионалното развитие и благоустройството
I,65,NP-25.001-0065,,"Тунел „Топли дол“ на АМ „Хемус“ при км 39+562,30",8743.424,16080.318,Ремонт на съоръжение -1,Министерство на регионалното развитие и благоустройството
I,66,NP-25.001-0066,,Тунел „Правешки ханове“ на АМ „Хемус“ при км 54+672,4982.103,27983.907,Ремонт на съоръжение -1,Министерство на регионалното развитие и благоустройството
I,67,NP-25.001-0067,,Автомагистрала „Русе – Велико Търново“ от км 0+400 до км 76+040,115049.300,-6683.335,"Новоизградени участъци -75,64",Министерство на регионалното развитие и благоустройството
I,68,NP-25.001-0068,,АМ Струма Лот 3.2,19006.021,9532.591,"Новоизградени участъци -24,40",Министерство на регионалното развитие и благоустройството
I,69,NP-25.001-0069,,"Обход на гр. Габрово от км 20+124,50 до км 30+673,48, включително тунел под връх Шипка",36119.990,0.000,"Новоизградени участъци -10,55",Министерство на регионалното развитие и благоустройството
I,70,NP-25.001-0070,,"Лот 31А „Път II-53 Поликраище - Елена - Сливен от км 34+400 до км 46+290, с обща дължина 11,890 км, област В. Търново“",246.720,15450.402,"Обща дължина на реконструирани или модернизирани пътища (км) -11,89",Министерство на регионалното развитие и благоустройството
I,71,NP-25.001-0071,,"Лот 31Б „Път II-53 Поликраище - Елена - Сливен от км 72+200 до км 87+301, с обща дължина 15,101 км, област Сливен“",2656.975,25634.688,"Обща дължина на реконструирани или модернизирани пътища (км) -15,10",Министерство на регионалното развитие и благоустройството
I,72,NP-25.001-0072,,Път II-86 Средногорци - Рудозем и обход на Рудозем от км 132+920 до км 135+530,1356.960,1321.617,"Обща дължина на реконструираните пътища - 7,05",Министерство на регионалното развитие и благоустройството
I,73,NP-25.001-0073,,Изработване на технически проект и строителство на виадукт при км 134+380 на Път II-86 Средногорци - Рудозем,373.041,2230.033,"Обща дължина на реконструираните пътища -2,50",Министерство на регионалното развитие и благоустройството
I,74,NP-25.001-0074,,"Изработване на идеен и технически проект с ПУП - Парцеларен план за обект „Изграждане на Главна пътна комуникация Смолян""",116.156,102.720,Изработен проект -1,Министерство на регионалното развитие и благоустройството
I,75,NP-25.001-0075,,"Трайно укрепване на пътното платно на републикански път III-662 „Твърдица - Елена“ в участъците от км 38+372 до км 38+392, от км 39+168 до км 39+208, от км 40+126 до км 40+136, от км 40+225 до км 40+285, от км 40+550 до км 40+630 и от км 41+115 до км",213.824,0.000,"Брой укрепени участъци от РПМ, засегнати от неблагоприятни геодинамични процеси -1",Министерство на регионалното развитие и благоустройството
I,76,NP-25.001-0076,,"Трайно укрепване на пътното платно на републикански път III-662 „Твърдица - Елена” в участъците от км 47+495 до км 47+535, от км 47+800 до км 48+000 и от км 53+650 до км 53+950, област Велико Търново",172.704,0.000,"Брой укрепени участъци от РПМ, засегнати от неблагоприятни геодинамични процеси -1",Министерство на регионалното развитие и благоустройството
I,77,NP-25.001-0077,,"Трайно укрепване на пътното платно на път III-181 „СОП/ - Бистрица - Железница - Алино - граница Перник“ в участъка от км 24+340 до км 24+400, област София",61.680,0.000,"Брой укрепени участъци от РПМ, засегнати от неблагоприятни геодинамични процеси -1",Министерство на регионалното развитие и благоустройството
I,78,NP-25.001-0078,,"Трайно укрепване на срутище на републикански път II-16 „Зверино — Елисейна” от км 19+600 до км 19+800, от км 20+320 до км 21+045 и от км 21+300 до км 21+540, област Враца",185.040,0.000,"Брой укрепени участъци от РПМ, засегнати от неблагоприятни геодинамични процеси -1",Министерство на регионалното развитие и благоустройството
I,79,NP-25.001-0079,,"Основен ремонт на път II-37 ""Етрополе - Златица"" от км 20+964 до км 35+580 и от км 42+810 до км 44+820, на територията на Софийска област",41.120,0.000,"RCO46 Дължина на реконструираните или модернизирани пътища — извън трансевропейската транспортна мрежа (км)-16,63",Министерство на регионалното развитие и благоустройството
I,80,NP-25.001-0080,,"Път II-12 о. п. Видин – Иново – Брегово – граница Сърбия от км 0+000 до км 25+467 с дължина 25,467 км, област Видин;",20.560,0.000,"RCO44 Дължина на новите или подобрени пътища — извън трансевропейската транспортна мрежа (км.)-0,08",Министерство на регионалното развитие и благоустройството
I,81,NP-25.001-0081,,"Път II-86 Средногорци - Рудозем и обход на Рудозем - виадукт при км 134+380 на път II 86 Средногорци - Рудозем, област Смолян"" - преминаване на пътния участък чрез изграждане на армонасипно съоръжение",28.784,0.000,"Изпълнени мерки за снегозащита-6,82",Министерство на регионалното развитие и благоустройството
I,82,NP-25.001-0082,,Основен ремонт на път II-35 „Троян - Кърнаре“,61.680,0.000,"RCO46 Дължина на реконструираните или модернизирани пътища — извън трансевропейската транспортна мрежа (км)-18,33",Министерство на регионалното развитие и благоустройството
I,83,NP-25.001-0083,,"Западен обход на гр. Ямбол от км 147+824.90 до км 148+890.35, с дължина 1,065 км, област Ямбол",82.240,0.000,"В 2иг за проекта има индикатор RCO46 Дължина на реконструираните или модернизирани пътища — извън трансевропейската транспортна мрежа (км) - 1,07",Министерство на регионалното развитие и благоустройството
I,84,NP-25.001-0084,,Основен ремонт и доизграждане на път III-1102 Салаш – граница Сърбия,41.120,31.152,"RCO46 Дължина на реконструираните или модернизирани пътища — извън трансевропейската транспортна мрежа (км)-5,08",Министерство на регионалното развитие и благоустройството
I,85,NP-25.001-0085,,Основен ремонт на път III-1401 Вещица – Белоградчик,20.560,0.000,"RCO46 Дължина на реконструираните или модернизирани пътища — извън трансевропейската транспортна мрежа (км) -8,90",Министерство на регионалното развитие и благоустройството
I,86,NP-25.001-0086,,"Основен ремонт на път III-1102 Кладоруб – Салаш от км 26+500 до км 34+824, в землищата на селата Вещица и Върба, община Белоградчик и землище на с. Кладоруб, община Димово",20.560,0.000,"RCO46 Дължина на реконструираните или модернизирани пътища — извън трансевропейската транспортна мрежа (км)-8,32",Министерство на регионалното развитие и благоустройството
I,87,NP-25.001-0087,,"Основен ремонт на път II-11 „Граница ОПУ-Видин – Лом – Граница ОПУ-Враца“ от км 23+167 до км 46+781.19 (=км 46+880 по задание), с дължина 23.614 км, на територията на община Лом, област Монтана",41.120,0.000,"RCO46 Дължина на реконструираните или модернизирани пътища — извън трансевропейската транспортна мрежа (км)-23,71",Министерство на регионалното развитие и благоустройството
I,88,NP-25.001-0088,,"Основен ремонт на път II-11 „Граница ОПУ-Видин – Лом – Граница ОПУ-Враца“ от км 49+691 до км 78+884.24 (=км 78+820 по задание), с дължина 29,193 км, на територията на общините Лом и Вълчедръм, област Монтана",102.800,0.000,"RCO46 Дължина на реконструираните или модернизирани пътища — извън трансевропейската транспортна мрежа (км)-29,13",Министерство на регионалното развитие и благоустройството
I,89,NP-25.001-0089,,"Основен ремонт на път III-213 Айдемир - Силистра – Калипетрово от км 0+000 до км 14+880, с обща дължина 14,880 км",69.904,0.000,"RCO46 Дължина на реконструираните или модернизирани пътища — извън трансевропейската транспортна мрежа (км)-14,88",Министерство на регионалното развитие и благоустройството
I,90,NP-25.001-0090,,Основен ремонт за подобряване организацията на движение на улица „33-ти Свищовски полк“ гр. Свищов /Републикански път II-52/,4.112,0.000,"RCO46 Дължина на реконструираните или модернизирани пътища — извън трансевропейската транспортна мрежа (км)-1,09",Министерство на регионалното развитие и благоустройството
I,91,NP-25.001-0091,,Реконструкция на улица: Св. Княз Борис І /част от път ІІІ 514/ От кръстовище на ул. „19 Февруари“ с ул. „Св. Княз Борис I“ гр. Горна Оряховица (км. 42+642) до връзката на път III – 514 със Северен обходен път на гр. Горна Оряховица (км. 37+790),6.168,0.000,"RCO46 Дължина на реконструираните или модернизирани пътища — извън трансевропейската транспортна мрежа (км)-4,85",Министерство на регионалното развитие и благоустройството
I,92,NP-25.001-0092,,Реконструкция на Участък от път III-5003 с дължина 3 км. /От км. 0+000 до км. 3+000/ От връзката на северен обходен път с път III – 5003 (км. 3+000) до връзката с път I-5 при км. 89+2 (с. Поликраище),4.112,0.000,RCO46 Дължина на реконструираните или модернизирани пътища — извън трансевропейската транспортна мрежа (км)-3,Министерство на регионалното развитие и благоустройството
I,93,NP-25.001-0093,,Път III-2903 „гр. Генерал Тошево — с. Къпиново — с. Изворово — с. Красен — с. Росица — с. Лозница“ от км 0+000 до км 11 +770,41.120,0.000,"RCO46 Дължина на реконструираните или модернизирани пътища — извън трансевропейската транспортна мрежа (км)-11,77",Министерство на регионалното развитие и благоустройството
I,94,NP-25.001-0094,,"Път III-2904 ""с. Захари Стояново - с. Дуранкулак"" от км 0+000 до км 17+772",57.568,0.000,"RCO46 Дължина на реконструираните или модернизирани пътища — извън трансевропейската транспортна мрежа (км) - 17,77",Министерство на регионалното развитие и благоустройството
I,95,NP-25.001-0095,,"Път III-121 Иново – Градец – Периловец – Шишенци – Бойница - Кула от км 0+000 до км 17+600 с дължина 17,600 км, област Видин;",41.120,0.000,"RCO44 Дължина на новите или подобрени пътища — извън трансевропейската транспортна мрежа (км.) - 19,06",Министерство на регионалното развитие и благоустройството
I,96,NP-25.001-0096,,Обходи на гр. Хасково,41.120,0.000,"RCO44 Дължина на новите или подобрени пътища — извън трансевропейската транспортна мрежа (км.) - 11,72",Министерство на регионалното развитие и благоустройството
I,97,NP-25.001-0097,,"Изграждане на път II-11 Мизия - Оряхово - Крушовене, участък ""Обход на гр. Оряхово"", с дължина 8,770 км, област Враца""",41.120,0.000,"RCO44 Дължина на новите или подобрени пътища — извън трансевропейската транспортна мрежа (км.) - 8,77",Министерство на регионалното развитие и благоустройството
I,98,NP-25.001-0098,,ПРОЕКТИРАНЕ - ПЪТНА МРЕЖА,62696.819,17154.846,Извършени дейности по 248 броя проекти,Министерство на регионалното развитие и благоустройството
I,99,NP-25.001-0099,,СМР - ПЪТНА МРЕЖА,494905.429,-13393.309,Извършени дейности по 185 броя проекти,Министерство на регионалното развитие и благоустройството
I,100,NP-25.001-0100,,Брегоукрепване в района на крайбрежна плажна ивица на гр. Ахтопол,2957.000,1711.985,Изпълнени брегозащитни съоръжения (бр.) - 1,Министерство на регионалното развитие и благоустройството
I,101,NP-25.001-0101,,"Ремонтно-възстановителни работи на брегоукрепителните съоръжения – плажна зона, гр. Варна - СМР",2000.000,0.500,1. Ремонтирани брегозащитни съоръжения (бр.) - 4 2. Възстановено брегоукрепване (м`) - 1190,Министерство на регионалното развитие и благоустройството
I,102,NP-25.001-0102,,"Изработване на проектна документация и изпълнение на основен ремонт на улица „Свинова поляна"" в гр. Априлци - СМР - трансфер",30.000,0.000,"Извършена рехабилитация на улична мрежа/завършен благоустройствен обект"" - 1",Министерство на регионалното развитие и благоустройството
I,103,NP-25.001-0103,,"Реконструкция на вътрешна улична мрежа в гр. Правец - Подобект № 16 бул. „Трети март“ от о.т.493-499-506-513-514-518-521-529-531-524-491-457-449 до път III-3009, община Правец - СМР - трансфер",277.520,0.000,Извършена рехабилитация на улична мрежа/завършен благоустройствен обект - 1,Министерство на регионалното развитие и благоустройството
I,104,NP-25.001-0104,,"Проект ""Развитие на общинска инфраструктура"" - изграждане на яз. Луда Яна и ПСПВ",9175.119,10861.445,1. Изграждане и/или рехабилитация на язовири/ прилежащи съоръжения - 1 2. Подобряване качеството на питейните води чрез проектиране и/или изграждане и/или реконструкция и модернизация на ПСПВ - 1,Министерство на регионалното развитие и благоустройството
I,105,NP-25.001-0105,,"Дамба Албена Балчик - участък от к. к. ""Албена"" до Момчилово дере - технически проект",460.000,0.000,Изработен инвестиционен проект по смисъла на ЗУТ - 1,Министерство на регионалното развитие и благоустройството
I,106,NP-25.001-0106,,"Неотложни укрепителни и/или отводнителни работи в района на сп. ""Фара"", община Аксаково",76.000,0.000,Изработен инвестиционен проект по смисъла на ЗУТ - 1,Министерство на регионалното развитие и благоустройството
I,107,NP-25.001-0107,,"Защита и укрепване на десния бряг на река Дунав от км 481.8 до км 484 в района на гр. Мартен, община Русе, област Русе - ППР - трансфер",418.830,0.000,"1. Изготвен доклад за извършени инженерно-геоложко, хидрогеоложко и хидроложко проучвания - 1 2. Изработен инвестиционен проект по смисъла на ЗУТ - 1",Министерство на регионалното развитие и благоустройството
I,108,NP-25.001-0108,,Гр. Бяла – укрепване свлачища и брегоукрепване - I етап - СМР - трансфер,3472.900,0.000,1. Изпълнено брегоукрепване (м`) - 673 2. Изпълнени брегозащитни съоръжения (бр.) - 5 3. Изпълнени противосвлачищни съоръжения (бр.) - 3,Министерство на регионалното развитие и благоустройството
I,109,NP-25.001-0109,,"Укрепителни мероприятия на дере с прилежащи полегати и стръмни склонове в обхвата на имоти № 803, 804, 805, 806, 807 в кв. 62 по плана на с. Пиргово, ул. ""Пиргос"", община Иваново - СМР-трансфер",1768.600,0.000,Изпълнени укрепителни конструкции (м) - 420,Министерство на регионалното развитие и благоустройството
I,110,NP-25.001-0110,,"Брегоукрепване в зоната на Централен плаж, гр. Царево (BGS 13.48619-02 и BGS 13.48619-03) - ППР - трансфер",110.000,0.000,1. Изготвен доклад за извършени инженерно-геоложки проучвания - 1 2. Изработен инвестиционен проект по смисъла на ЗУТ - 1,Министерство на регионалното развитие и благоустройството
I,111,NP-25.001-0111,,"Изпълнение на дейности за подобряване енергийната ефективност на 48 многофамилни жилищни сгради на територията на шест общини: Столична община, Добрич, Каварна, Хасково, Тутракан и Пловдив",14364.820,0.000,Разгърната застроена площ в кв. м - 365 788,Министерство на регионалното развитие и благоустройството
I,112,NP-25.001-0112,,"Укрепване на свлачище VRC27.44759.03 в ПИ 44759.501.484 по КККР на с. Лютидол, община Мездра - СМР - трансфер",27.100,0.000,Изпълнени укрепителни конструкции (м) - 20,Министерство на регионалното развитие и благоустройството
I,113,NP-25.001-0113,,Възстановяване и разширяване на КИС на територията на община Балчик - трансфер,86.200,0.000,Проектиране и изграждане на контролно-измервателни система - 1,Министерство на регионалното развитие и благоустройството
I,114,NP-25.001-0114,,"Укрепване свлачище № VTR 04.10447.02.01 , ул.""Опълченска“ (в района на Радиозавода), гр. Велико Търново - ППР - трансфер",28.000,0.000,Изработени инженерно-геоложки проучвания и инвестиционен проект по смисъла на ЗУТ - 2,Министерство на регионалното развитие и благоустройството
I,115,NP-25.001-0115,,"Укрепване на свлачище № VTR04.10447.02.02 , ул.""Опълченска“ (в района на Радиозавода), гр. Велико Търново - ППР - трансфер",30.000,0.000,Изработени инженерно-геоложки проучвания и инвестиционен проект по смисъла на ЗУТ - 2,Министерство на регионалното развитие и благоустройството
I,116,NP-25.001-0116,,"Проекто-проучвателни работи (ППР) на обекти в община Ардино: - Укрепване на свлачище KRZ 02.24788-01 на път KRZ 1005 /III-865 Ардино - Дядовци-мест. ""Дяволски мост"", с. Дядовци, община Ардино; - Укрепване на свлачище KRZ 02.44584-01 на път KRZ 2006 /III-8653 Боровица-Сполука/-мах. ""Долна Сполука"" - Любино - Латинка - мест. ""Хладилната пещера"", община Ардино; - Укрепване на свлачище KRZ 02.87059-01 на път KRZ 3016 /III-865 Ардино - Кърджали/ - Ябълковец, с. Ябълковец, община Ардино; - Укрепване на свлачище KRZ 02.00607-02, кв. ""Морава"" № 110, гр. Ардино - трансфер",282.000,0.000,Изработени инженерно-геоложки проучвания и инвестиционен проект по смисъла на ЗУТ - 4,Министерство на регионалното развитие и благоустройството
I,117,NP-25.001-0117,,"Инженерно-геоложко райониране (ИГР) на гр. Тутракан - Етап I - участък от склона между сградата на Общинска администрация и ул. ""Ясен"" - трансфер",336.400,0.000,Проекто-проучвателна разработка - 1,Министерство на регионалното развитие и благоустройството
I,118,NP-25.001-0118,,"Ремонтно възстановителни работи на кулата на основния изпускател и съоръженията по нея на яз. Пчелина вкл и „Упражняване на строителен надзор при извършване на ремонтно-възстановителни работи (РВР) на кулата на основния изпускател и съоръженията по нея на язовир „Пчелина“, община Ковачевци, област Перник“, както и издаване на Разрешение за строеж“ и „Упражняване на авторски надзор при извършване на ремонтно-възстановителни работи (РВР) на кулата на основния изпускател и съоръженията по нея на язовир „Пчелина“, община Ковачевци, област Перник.“",896.431,0.000,След ремонт на дросел клапа и прилежащи съоръжения за функционирането и ще се подобри пропусквателната способност на съоръжението на 100% Ремонта на кулата ще спре течовете и ще спре корозията на съоръженията в нея,Министерство на земеделието и храните
I,119,NP-25.001-0119,,"„Изготвяне на работен проект за обект: „Основен ремонт на корекция на река Войнишка от км 0+000 до км 8+050 в землища на гр. Дунавци, с. Търняне и с. Буковец, общ. Видин“",174.000,0.000,"Изготвен разботен проект - 1 бр., с оглед създаване на възможност за предпазване на населените места от наводнения чрез подобряване проводимостта на реката и запазване на инженерната инфраструктура",Министерство на земеделието и храните
I,120,NP-25.001-0120,,"„Реконструкция на съществуваща нивомерна система включваща изработване, доставка и монтаж на Контролно-измервателни прибори и Автоматика, и Електрическо захранване на помпите в помпения кладенец на язовир „Тополница““",59.976,0.000,автоматизация и синхрон на работа на дренажните помпи увеличаване на работния капацитет на помпите,Министерство на земеделието и храните
I,121,NP-25.001-0121,,"НС ""Рабиша"" включващо: Язовир ""Рабиша"". Работен проект за ремонт панцеровка на водоотвеждащ тунел, ремонт на решетката и потъващия савак (табли ""топли води"") на водовз. кула и ремонт на мълнезащитната инсталация и покривната конструкция. Ремонт на Видболска пълнеща деривация, ремонт на изравнител ""Раяновци"", ремонт на Ошанска пълнеща деривация и ремонт на Арчарска пълнеща деривация – община Белоградчик и община Макреш, област Видин. Авторски и строителен надзор.",3984.200,0.000,"подобряването на деривациите ще осигури воден приток за язовир ""Рабиша"" ще се увеличи количеството воден ресурс за напояване",Министерство на земеделието и храните
I,122,NP-25.001-0122,,"Яз.""Пясъчник"".Технически проект за възстановяване на ПС ""Пясъчник"".",147.193,0.000,"Създаване на възможност за възстановяване работата на Помпена станция ""Пясъчник"", съгласно изготвен и приет проект - 1 бр.",Министерство на земеделието и храните
I,123,NP-25.001-0123,,Ремонт и реконструкция на хидромелиоративна инфраструктура и съоръжения,0.000,479.816,"Поддържане на водностопанските системи и хидротехническите съоръжения, включително на язовирни стени и/или съоръженията към тях - публична дължавна собственост, в технически изправно състояние",Министерство на земеделието и храните
I,124,NP-25.001-0124,,"Техническа поддръжка на МВ серии 10,30 и 31 и ОР на силови блокове PowerPack",0.000,0.000,Увеличаване на надежността на тяговия подвижен състав и увеличаване на процентното изпълнение на График за движение на влаковете. Провеждане на ОП за избор на изпълнител и авансово плащане - 1.00,Министерство на транспорта и съобщенията
I,125,NP-25.001-0125,,Ремонт на пътнически вагони в заводи,0.000,0.000,Осигуряване на графика за движение на влаковете с технически изправни пътнически вагони - 30.00,Министерство на транспорта и съобщенията
I,126,NP-25.001-0126,,"Капитален ремонт на 10 бр. локомотиви Шкода серия 44, 45",3027.000,0.000,Увеличаване на надежността на тяговия подвижен състав и увеличаване на процентното изпълнение на График за движение на влаковете. Провеждане на ОП за избор на изпълнител и авансово плащане - 1.00,Министерство на транспорта и съобщенията
I,127,NP-25.001-0127,,Доставка и гаранционна поддръжка на 10 бр. локомотиви,42672.158,45479.543,Увеличаване на надежността на тяговия подвижен състав и увеличаване на процентното изпълнение на График за движение на влаковете-9.00,Министерство на транспорта и съобщенията
I,128,NP-25.001-0128,,"Капитални ремонти в депа на ""БДЖ-Пътнически превози"" ЕООД",13000.000,12266.664,"Увеличаване на надежността на тяговия подвижен състав, пътнически вагони и увеличаване на процентното изпълнение на График за движение на влаковете - 110.00",Министерство на транспорта и съобщенията
I,129,NP-25.001-0129,,Извършване на техническа поддръжка с включени основни и възстановителни разходи за 5 годишен срок на ДМВ серия 10 и ЕМВ серия 30 и серия 31,7114.408,8698.924,Увеличаване на надежността на тяговия подвижен състав и увеличаване на процентното изпълнение на График за движение на влаковете 12.00,Министерство на транспорта и съобщенията
I,130,NP-25.001-0130,,Техническа поддръжка на 15 броя магистрални електрически локомотиви Simens X4-E-lok-D серия 1080-Smartron,6116.734,5485.169,Увеличаване на надежността на тяговия подвижен състав и увеличаване на процентното изпълнение на График за движение на влаковете 29.00,Министерство на транспорта и съобщенията
I,131,NP-25.001-0131,,Ремонт и модернизация на локомотивни и вагонни депа,0.000,0.000,Модернизация и обурудване с машини и съоръжения на локомотивните и вагонните депа -9.00,Министерство на транспорта и съобщенията
I,132,NP-25.001-0132,,Ремонт на железния път и съоръженията за поддържане на достигнатите скорости,5656.241,19255.221,"Подновяване на железен път - 68 Пресъоръжаване на жп прелези - 3 Укрепване на ""слаби"" места - 2 Укрепване на земно скални откоси - 4 Модернизация на прелезни настилки - 80",Министерство на транспорта и съобщенията
I,133,NP-25.001-0133,,Модернизиране на осигурителни системи и прелезни устройства,14050.408,26680.270,Пресъоръжаване на автоматични прелезни устройства - 31 Изгреждане на МКЦ - 4 Модернизиране на съществуващи гарови осигурителни техники - 6 Изграждане на оптична кабелна мрежа - 283,Министерство на транспорта и съобщенията
I,134,NP-25.001-0134,,Модернизиране на тягови подстанции,600.000,10960.086,Модернизация и рехабилитация на секционни постове - 1 Изграждане на стълбовна линия от ЖБ/ЖР стълбове - 60 Подмяна контактен проводник и носещо въже – 3 Подмяна разеденители и присъединяване към SCADA - 4 Подмяна на компенсиращи устройства - 4,Министерство на транспорта и съобщенията
I,135,NP-25.001-0135,,Строителство и ремонт на сгради и съоръжения в съответствие с европейските изисквания,4576.402,2698.889,Изграждане съоръжения за лица в неравностойно положение - 3 Енергийна ефективност на сградите - 2 Изграждане на фотоволтаични централи - 1,Министерство на транспорта и съобщенията
I,136,NP-25.001-0136,,Възстановяване на проектни параметри на жп линия София-Карлово-Зимница,0.000,0.000,Реконструкция на мостови съоръжения - 1 Подновяване на железен път - 20 Модернизация на гари /коловози и стрелки/ - 1,Министерство на транспорта и съобщенията
I,137,NP-25.001-0137,,Възстановяване на проектните параметри по железопътната линия Русе-Варна,27752.629,28428.542,Подновяване на железен път - 54 Пресъоръжаване на прелези - 4 Модернизация на гари /коловози и стрелки/ - 8 Ремонт приемно здание - 8 Изграждане съоръжения за лица в неравностойно положение - 3 Енергийна ефективност на сградите - 1 Изграждане на фотоволтаични централи - 2,Министерство на транспорта и съобщенията
I,138,NP-25.001-0138,,Доставка ЖП Механизация,40995.634,55355.126,Доставка на ТПМ за ремонт на железен път - 12 Доставка на механизация за контактна мрежа - 5 Доставка на ТПМ за теснопътна линия - 3 Доставка на платформи оборудвани с кран на жп ход - 6 Доставка на специализирана техника на двоен ход - 7,Министерство на транспорта и съобщенията
I,139,NP-25.001-0139,,Придобиване на транспортни средства,0.000,365.152,Доставка на автоцистерни - 3 Доставка на възстановителни средства - 3 Доставка на нова автотранспортна техника - 83,Министерство на транспорта и съобщенията
I,140,NP-25.001-0140,,Удвояване и електрификация на жп линия Карнобат-Синдел (проект 7),17516.440,39026.072,"Прокопаване на тунел - 642 Прокопаване на евакуационна галерия - 1 Изграждане на естакада - 500 Изграждане на железен път - 2,50",Министерство на транспорта и съобщенията
I,141,NP-25.001-0141,,"Дофинансиране на ДП НКЖИ за проект: ""Модернизация на железопътната линия София-Пловдив - жп участъка Елин Пелин – Костенец, фаза 1 и фаза 2""",0.000,0.000,"Дължина на реконструираните или модернизирани железопътни линии — TEN-T - 29,09 Изградена/подновена контактна мрежа - 104,45 Реконструирани, модернизирани или изградени тунели - 20,82 Изградени/модернизирани коловозни развития в гари - 2,00 Изградени надлези/подлези на пътища от РПМ - 5 Обща дължина на изградени, реконструирани, модернизирани мостове - 2 961 Допустими максимални скорости по железен път - 160 Възстановени/ ремонтирани/ модернизирани тягови подстанции - 2 Извършена работа с пътнически железопътен транспорт - 595 Изградена/инсталирана система за управление/контрол/комуникация/сигнализация - 4 Доставено оборудване, обзавеждане, машини - 1 Изградена оптична кабелна линия - 51 044 Дължина на новите жп линии -TEN-T(Устойчива трансевропейска транспортна мрежа) - 73",Министерство на транспорта и съобщенията
I,142,NP-25.001-0142,,"Дофинансиране на ДП НКЖИ за проект: ""Развитие на железопътен възел София: жп участък София-Волуяк""",0.000,0.000,"Реконструирана двойна жп линия София ( без гарата)- Волуяк ( без гарата) - 6,05 Реконструирани 28 бр. коловози от които 13 в ЦГ София и 15 в гара Волуяк - 28 Изградена нова гара Обеля - 1 Изградени пешеходни прелези и подлези - 7 Изграждане на пътен тунел - 1 Модернизация на мостове - 3 Рехабилитация на КМ - 31 Изграждане на нова КМ - 10 Осигурителни системи и телекомуникация - 1 ERTMS - 21,36",Министерство на транспорта и съобщенията
I,143,NP-25.001-0143,,"Дофинансиране на ДП НКЖИ за проект: ""Модернизация на железопътен участък София - Елин Пелин""",24591.540,5097.021,"Премахнати ж.п. Прелези - 2 Строителство/реконструкция/рехабилитация на мостове - 6 Строителство/реконструкция/рехабилитация на подлези - 15 Строителство/реконструкция/рехабилитация на надлези - 2 Строителство/реконструкция на перони - 13 Модернизирани и реконструирани двойна жп линия и контактна мрежа, съответстваща на изискванията на ТСОС -22",Министерство на транспорта и съобщенията
I,144,NP-25.001-0144,,"Дофинансиране на ДП НКЖИ за проект : ""Модернизация на железопътния участък Костенец-Септември""",57458.247,19025.404,"Модернизирани и реконструирани двойна жп линия и контактна мрежа, съответстваща на изискванията на ТСОС - 24,48 Изграждане на нова ж.п. гара и реконструкция на съществуваща ж.п. гара - 2 Реконструкция на съществуваща тягова подстанция - 1 Изграждане на тунели - 3 Изграждане на мостове и виадукти - 23 Изграждане на нови пътни надлеза - 3 Изграждане на нови пътни подлези - 1 Изграждане на подпорни стени - 4 792,08 Изграждане на дренажни тръби - 604,50 Изграждане на шумозащитни бариери - 3 698,88 Изграждане на системи за управление на железопътно движение в нови гари - 2",Министерство на транспорта и съобщенията
I,145,NP-25.001-0145,,"Дофинансиране на ДП НКЖИ за проект: ""Развитие на железопътен възел Пловдив""",20471.359,6777.116,Желен път - 59 Контактна мрежа - 68 СиТ - 23 Мостове - 2 Подлези/надлези - 9,Министерство на транспорта и съобщенията
I,146,NP-25.001-0146,,"Дофинансиране на ДП НКЖИ за проект: ""Рехабилитация на железопътната инфраструктура по жп линията Пловдив-Бургас, Фаза 2, Етап 1""",0.000,0.000,Подновени/модернизирани железопътни линии - 33 Възстановени/ ремонтирани/ модернизирани тягови подстанции - 1 Премахнати ж.п. прелези - 11 Изградени селскостопански надлези - 11 Изградена/подновена контактна мрежа - 37,Министерство на транспорта и съобщенията
I,147,NP-25.001-0147,,"Платформа за централизирано синхронизиране, интегриране и анализ на данни на внедрените системи в ДП НКЖИ",0.000,0.000,"Изготвени анализи, доклади и становища, свързани с изпълнението на проекта - 42 Подготвен/актуализиран формуляр за кандидатстване - 1 Одобрен идеен/технически/работен проект - 1 Доставено оборудване, обзавеждане, машини - 1 Инсталирана информационна система - 1",Министерство на транспорта и съобщенията
I,148,NP-25.001-0148,,"Осигуряване на система от решения в областта на киберсигурността, допринасящи за достигането на кибер безопасна и сигурна инфраструктура на ДП НКЖИ",0.000,0.000,"Постигане на сигурна вътрешна и външна среда - 1 Довеждане на комуникационната и изчислителната инфраструктура на ДП НКЖИ до състояние на кибер безопастност и устойчивост - 1 Постигане на съвместимост и покриване на изискванията на Закона за киберсигурност, Наредба за минималните изисквания за мрежова и информационна сигурност, EN ISO/IEC 27001:2013 или еквивалент и GDPR - 1 Модернизиране на критичното комуникационно и ИТ оборудване и изграждането на гъвкава и ефективна информационна инфраструктура, базирана на виртуализация на ресурсите - 1 Постигане на висока отказоустойчивост и надеждност за критичните информационни ресурси - 1 Изграждане на централизирано наблюдение и управление на комуникационните и изчислителните ресурси - 1 Изграждане на централизирано наблюдение и управление на системи за киберсигурност, съотвестващи на нормативните изисквания - 1 Максимално интегриране на наличните системи в системата, предмет на настоящата поръчка с цел надграждане на наличните при Възложителя системи - 1 Създаване на център за управление на сигурността (SOC) с местонахождение в гр.София - 1",Министерство на транспорта и съобщенията
I,149,NP-25.001-0149,,Комплексно обслужване и експлоатация на съоръжения за превенция и реагиране при експлоатационни или аварийни замърсявания / СПРЕАЗ / в пристанищата по чл.106а от ЗМПВВППРБ - Варна и Бургас и речните пристанища за обществен транспорт - държавна собственост,870.000,869.962,Брой експлоатационни замърсявания - 0 Брой аварийни замърсявания - 0,Министерство на транспорта и съобщенията
I,150,NP-25.001-0150,,"Рехабилитация на инфраструктурата на пристанищен терминал Фериботен комплекс Варна (ФКВ), включваща: „Рехабилитация на вътрешна пътна мрежа"", „Рехабилитация на външен паркинг"", „Ремонт на сграда Претоварен пункт, оборудвана с коловози за двете междурелсия“ и „Ремонт на сграда Цех за смяна на талиги“",2147.800,5096.443,Брой ремонтирани/рехабилитирани обекти - сгради и комплексни съоръжения - 4,Министерство на транспорта и съобщенията
I,151,NP-25.001-0151,,СМР за довършване възстановяването на пристанищно съоръжение при нос Шабла - „Морска естакада” с островна площадка,1137.700,602.617,"Естакада с островна площадка, която навлиза до 414 метра в Черно море - 414",Министерство на транспорта и съобщенията
I,152,NP-25.001-0152,,"Привеждане на пирсове 1, 2 и 3 на ПТ ""Росенец"" към нормативните изисквания и добрите европейски практики и изграждане на инсталация за регенерация на парите (ВРУ)",27411.800,25357.369,Брой съоръжения - 3 пирса и 1 бр. инсталация за регенерация на парите (ВРУ) - 4,Министерство на транспорта и съобщенията
I,153,NP-25.001-0153,,Обновяване и оптимизиране на Географската информационна система за управление на пристанищната инфраструктура,232.700,0.000,"Оптимизирана и модернизирана ГИС на ДП ""Пристанищна инфраструктура"" - 1",Министерство на транспорта и съобщенията
I,154,NP-25.001-0154,,"Преоборудване на съоръжения за средно и ниско напрежение в: ,,Трафопост Стар стол“, ,,Трафопост Нов стол“, „Трафопост № 4 Силози“ и ,,Трафопост № 6 - Рибна борса“ - проектиране и строителство, пристанище Бургас",0.000,0.000,Бр. преоборудвани трафопостове на пристанище Бургас - 4,Министерство на транспорта и съобщенията
I,155,NP-25.001-0155,,Модернизация на техническите съоръжения и разширяване обхвата на речната информационна система в българската част на р. Дунав – БУЛРИС,2300.000,3173.610,"Оптимизирана и модернизирана БУЛРИС на ДП ""Пристанищна инфраструктура"" - 1",Министерство на транспорта и съобщенията
I,156,NP-25.001-0156,,"Изпълнение на инженеринг (проектиране и изграждане) на яхтени зони в градовете Варна и Бургас и сервизна зона в град Варна, с две обособени позиции",,0.000,Брой изградени яхтени зони - 2 Брой изградени сервизни зони - 1,Министерство на транспорта и съобщенията
I,157,NP-25.001-0157,,"Реконструкция на сгради - Магазия 2 и Магазия 3, без промяна на кота било, пристанищен терминал Варна - изток",1000.000,0.000,"Реконструирани магазии, 2 бр., с РЗП - 4 964,00",Министерство на транспорта и съобщенията
I,158,NP-25.001-0158,,"Реконструкция и технологично обновяване на инфраструктурата и съоръженията на корабно място № 1 на пристанищен терминал ""Петрол - Варна""",0.000,0.000,Дължина на рехабилитирано корабно място на пристанищния терминал - 220,Министерство на транспорта и съобщенията
I,159,NP-25.001-0159,,"Възстановяване на проектните параметри пред к.м. 2 на пристанищен терминал ""Петрол- Варна""",0.000,0.000,"Достигната проектна кота в метри - 10,50",Министерство на транспорта и съобщенията
I,160,NP-25.001-0160,,"Възстановяване на проектните параметри на кейови стени по терминали и пирс, пристанищен терминал Варна-изток",0.000,0.000,Дължина на ремонтиран кейов фронт в метри - 513,Министерство на транспорта и съобщенията
I,161,NP-25.001-0161,,"Ремонт и реконструкция на сграда на Приморски 5, гр. Варна",0.000,0.000,Преустроена РЗП - кв.м - 5 420,Министерство на транспорта и съобщенията
I,162,NP-25.001-0162,,"Удълбочаване на 6 и 7 к.м., пристанищен терминал Варна – изток",0.000,0.000,Дължина на укрепения кейов фронт в метри - 326,Министерство на транспорта и съобщенията
I,163,NP-25.001-0163,,"Рехабилитация на акваториите и лиманите в пристанищните терминали за обществен транспорт, разположени на река Дунав в териториалния обхват на Клон ТП „Пристанище Русе“",0.000,0.000,"Достигната проектна кота в метри - 2,50",Министерство на транспорта и съобщенията
I,164,NP-25.001-0164,,"Строително монтажни работи за укрепване и рехабилитация на кейови стени к.м. № 1, 2, 3, 6, 7, 8, 10, 11, 12, 13 в Пристанище Бургас",0.000,0.000,Дължина на рехабилитиран кейов фронт в метри - 310,Министерство на транспорта и съобщенията
I,165,NP-25.001-0165,,Ремонтно-възстановителни и укрепителни работи по Вълнолом Варна - ІІІ етап,0.000,0.000,Дължина (л.м) на ремонтираното и укрепено съоръжение - Вълнолом Варна - 330,Министерство на транспорта и съобщенията
I,166,NP-25.001-0166,,Изграждане на етап 2 на Национално хранилище за ниско и средноактивни радиоактивни отпадъци (НХРАО),4752.000,0.000,Увеличаване на капацитета на НХРАО по отношение на брой контейнери - 12 672,Министерство на енергетиката
I,167,NP-25.001-0167,,"Ремонт на Спортна палата - басейн, ВиК и ел. част",1300.000,0.000,Извършено проектиране и основен ремонт на спортния обект - 1,Министерство на младежта и спорта
I,168,NP-25.001-0168,,Център за киберсигурност и споделени информационни ресурси,5588.100,5588.100,"Изграждане на част от втори етап от Център за кибер сигурност и споделени информационни ресурси на стойност до 5 588,1 хил. лв., срок до края на 2025 г.",Държавна агенция „Национална сигурност“
I,169,NP-25.001-0169,,Придобиване на автомобилна техника за специализиран транспорт с цел осъвременяване на автомобилния парк на НСО,1604.700,3651.822,-,Национална служба за охрана
I,170,NP-25.001-0170,,"Реконструкция на индустриален жп коловоз и инженеринг на автоматично прелезно устройство, обслужващи петролна база Първомай",722.400,736.134,Жп коловоз - 2 200 м 1 бр. Автоматично прелезно устройство,Държавна агенция „Държавен резерв и военновременни запаси“
I,171,NP-25.001-0171,,Изпълнение на довършителни работи и въвеждане в експлоатация на петролна база Антон,13431.709,12192.517,Реконструкция и модернизация на базата с цел съхраняване на 34 000 т. гориво в собствени складови вместимости,Държавна агенция „Държавен резерв и военновременни запаси“
I,172,NP-25.001-0172,,Изпълнение на довършителни работи и въвеждане в експлоатация на зърно база Генерал Тошево,13430.760,11508.513,Стоманобетонови силозни клетки с РЗП 1040 кв.м. с технологично оборудване,Държавна агенция „Държавен резерв и военновременни запаси“
I,173,NP-25.001-0173,,"Ремонт на резервоари - 102, 302, 303, 304, 401,402 и 403 и подмяна на спирателна арматура в ПБ Сливен",2080.000,0.000,7 бр. стоманени резервоара със стоманобетонови фундаменти,Държавна агенция „Държавен резерв и военновременни запаси“
I,174,NP-25.001-0174,,Ремонт на складове в бази на ДА ДРВВЗ,7798.031,0.000,Складови бази гр. Българово; с. Ресен; с. Долна махала; с. Ясен; гр. Силистра; гр. Търговище - 95 729 кв.м. застроена площ,Държавна агенция „Държавен резерв и военновременни запаси“
I,175,NP-25.001-0175,,Изграждане на пложадков дренаж в СБ Търговище,1779.300,0.000,"Дренажна с-ма от 4193м., тръби 268м. и открит канал",Държавна агенция „Държавен резерв и военновременни запаси“
I,176,NP-25.001-0176,,Ремонт на 10 бр. противо радиационни укрития (ПРУ) в бази на ДА ДРВВЗ,1550.000,0.000,"Ремонт на вентилационни, ВиК и електро системи и архитектурно-строително обновяване на ПРУ-тата - 4 250 кв.м. застроена площ",Държавна агенция „Държавен резерв и военновременни запаси“
II,1,NP-25.002-0004,,ОА Варна - Поддръжка и ремонт на морските хидротехнически съоръжения - Аварийно укрепване на буна Ной,4737.900,0.000,"Сключване на договор с консултант за обследване и подготовка на проектна документация. Изготвяне на доклад и провеждане на обществена поръчка за Аварийно укрепване на буна Ной - 1,00 Извършване на укрепителни дейности на буна Ной кв. м. - 2 734,00",Министерски съвет
II,2,NP-25.002-0005,,ОА Варна - Поддръжка и ремонт на морските хидротехнически съоръжения - Аварийно укрепване на буни Кранево,17160.000,0.000,"Сключване на договор с консултант за обследване и подготовка на проектна документация. Изготвяне на доклад и провеждане на обществена поръчка на буни Кранево - 1,00 Извършване на укрепителни дейности на буни Кранево кв.м. - 1 860,0",Министерски съвет
II,3,NP-25.002-0006,,ОА Варна - Поддръжка и ремонт на морските хидротехнически съоръжения - Аварийно укрепване на буна Местност Галата север,6420.000,0.000,"Сключване на договор с консултант за обследване и подготовка на проектна документация. Изготвяне на доклад и провеждане на обществена поръчка на буна Местност Галата Север - 1,00 Извършени укрепителни дейности на буна ""Местност Галата Север"" кв.м.- 273,00",Министерски съвет
II,4,NP-25.002-0009,,"ОА Бургас - Поддръжка и ремонт на морските хидротехнически съоръжения, вълноломите, системите и съоръженията по чл. 6, ал. 4, т. 2 от ЗУЧК - публична държавна собственост",,0.000,"Сключен договор с консултант за изработване на документация и провеждане на процедура по ЗОП за избор на изпълнител за възлагане изготвянето на регистър на съществуващите морски хидротехнически съоръжения на територията на област Бургас. - срок до 30.06.2025г - 6,00 Сключен договор за възлагане изготвянето на регистър на съществуващите морски хидротехнически съоръжения на територията на област Бургас. срок 30.11.2025г. - 1,00 Изготвен регистър на хидротехническите съоръжения на териотрията на област Бургас. - срок до 31.05.2026г. - 6,00 Сключен договор с консултант за изработване на документация и провеждане на процедура по ЗОП за избор на изпълнител за възлагане на изпълнение на СМР за ремонт на инфраструктурен обект ""Укрепване на свлачище северен бряг Царево"" при условие, че обектът ни бъде предаден от МРРБ. - срок до 30.06.2025г. - 6,00 Сключен договор за възлагане на изпълнение на СМР за ремонт на инфраструктурен обект ""Укрепване на свлачище северен бряг Царево"" при условие, че обектът ни бъде предаден от МРРБ - 30.11.2025г. - 1,00 Сключени договори за строителен надзор, авторски надзор и инвеститорски контрол за обект ""Укрепване на свлачище северен бряг Царево"" при условие, че обектът ни бъде предаден от МРРБ - 30.11.2025 г. - 3,00 Сключен договор с консултант за подготовка на документация и провеждане на обществена поръчка за възлагане на прединвестиционни проучвания и изготвяне на инвестиционен проект за обект ""Основен ремонт на брегозащитно съоръжение - буна в ПИ 51500.510.180 по КК на гр. Несебър"" - срок 30.06.2025г. - 1,00 Сключен договор за възлагане на прединвестиционни проучвания - изготвяне на инвестиционен проект за обект ""Основен ремонт на брегозащитно съоръжение - буна в ПИ 51500.510.180 по КК на гр. Несебър"". Срок до 30.11.2025 г - 1,00 Изготвени прединвестиционни проучвания и изработен инвестиционен проект за обект: ""Основен ремонт на брегозащитно съоръжение - буна в ПИ 51500.510.180 по КК на гр. Несебър"". Срок до 31.05.2026 г. - 2,00",Министерски съвет
II,5,NP-25.003-0001,,"„Инженеринг (проектиране, строителство и осъществяване на авторски надзор) за обект: ""Реконструкция на Национален учебен център"", вкл. надзор",4952.700,2405.333,Реконструкция с цел подобряване на функционалноста на Национален учебен център - 1,Министерство на финансите
II,6,NP-25.003-0002,,"„Инженеринг (проектиране, строителство и осъществяване на авторски надзор) за обект: „Реконструкция на ГКПП „Калотина“-етап 3"", вкл. Надзор",24356.400,11550.928,"Реконструкция на ГКПП ""Калотина"" етап 3 - 1 Увеличен брой на трасетата на „вход“ за проверка на товарни автомобили от Агенция „Митници“ - 5",Министерство на финансите
II,7,NP-25.003-0003,,"„Инженеринг (проектиране, строителство и осъществяване на авторски надзор) за обект:„Реконструкция на ГКПП „Малко Търново“ , вкл. надзор",15060.000,0.000,"Реконструкция на ГКПП ""Малко Търново"" - 1 Увеличен брой на трасетата на преминаващ трафик за леки и товарни автомобили. - 6",Министерство на финансите
II,8,NP-25.003-0004,,"„Инженеринг (проектиране, строителство и осъществяване на авторски надзор) за обект: „Реконструкция на ГКПП „Капитан Андреево“- Север (Терминал 2)"", вкл. Надзор",150600.000,0.000,Реконструкция на ГКПП „Капитан Андреево“-Изграждане на нов Терминал 2 - 1 Изграждане на нови трасета за преминаване на товарни автомобили. -32,Министерство на финансите
II,9,NP-25.002-0010,,"""Инженеринг „Цялостна реконструкция и модернизация на ГКПП „Станке Лисичково“, вкл. надзор",3400.158,0.000,"Реконструкция на ГКПП ""Станке Лисичково"" – 1,00 Увеличен брой на трасетата на преминаващ трафик за леки и товарни автомобили - 6,00",Министерство на финансите
II,10,NP-25.002-0011,,"„Инженеринг (проектиране, строителство и осъществяване на авторски надзор) за обект: „Цялостна реконструкция и модернизация на ГКПП „Златарево“, вкл. надзор",17.742,0.000,"Реконструкция на ГКПП ""Златарево"" – 1,00 Увеличен брой на трасетата на преминаващ трафик за леки и товарни автомобили – 7,00",Министерство на финансите
II,11,NP-25.002-0012,,"„Инженеринг (проектиране, строителство и осъществяване на авторски надзор) за обекти на Агенция „Митници“, свързани с реконструкция на ГКПП „Капитан Андреево“ и изграждане на рентгенови площадки на различни ГКПП и МБ на Агенция „Митници“, вкл.надзор",16779.700,0.000,"Реконструкция на ГКПП ""Капитан Андреево"" – 1,00 Увеличен брой на трасетата на „изход“ за проверка на товарни автомобили от Агенция „Митници“ - 8,00 Увеличен брой на трасетата на „вход“ за товарни автомобили от ГД „Гранична полиция“ - 7,00",Министерство на финансите
II,12,NP-25.003-0005,,"„Инженеринг (проектиране, строителство и осъществяване на авторски надзор) за обект: „Реконструкция на ГКПП „Лесово“ вкл. надзор",33420.300,0.000,"Реконструкция на ГКПП ""Лесово"" – 1,00 Увеличен брой на трасетата на преминаващ трафик за товарни автомобили – 14,00",Министерство на финансите
II,13,NP-25.003-0006,,"„Инженеринг (проектиране, строителство и осъществяване на авторски надзор) за обект: „Реконструкция на ГКПП „Гюешево“ вкл. Надзор",15060.000,0.000,"Реконструкция на ГКПП ""Гюешево"" - 1 Увеличен брой на трасетата на преминаващ трафик за товарни автомобили - 4",Министерство на финансите
II,14,NP-25.003-0007,,"„Инженеринг (проектиране, строителство и осъществяване на авторски надзор) за обект: „Изграждане на митнически терминал София“ вкл. Надзор",75300.000,0.000,Изграждане на митнически терминал София - 1,Министерство на финансите
II,15,NP-25.003-0008,,"Инженеринг (проектиране, строителство и осъществяване на авторски надзор) за организация на движението на обекти граничните контролно-пропускателни пунктове с Република Гърция и Република Румъния, включително ОСИП и СН",5508.000,0.000,Организация на движението на граничните преходи - 16,Министерство на финансите
II,16,NP-25.002-0014,,"Доставка на самолети F-16 Block 70, средства за наземно обслужване и обучение, въоръжение и обучение за тях-етап I",6460.471,0.000,-,Министерство на отбраната
II,17,NP-25.002-0016,,Доставка на самолети F-16 Block 70-етап II,0.000,0.000,-,Министерство на отбраната
II,18,NP-25.002-0018,,Придобиване на зенитно-ракетни комплекси,96169.851,0.000,-,Министерство на отбраната
II,19,NP-25.002-0021,,"Ракети, торпеда и други боеприпаси за модулни патрулни кораби",43199.319,0.000,-,Министерство на отбраната
II,20,NP-25.002-0022,,Доставка на 3D радари,120000.000,0.000,-,Министерство на отбраната
II,21,NP-25.002-0023,,Придобиване на ракетна система Javelin за бойните машини,55800.000,0.000,-,Министерство на отбраната
II,22,NP-25.002-0024,,Развитие на способности за транспортно осигуряване на Българската армия,15157.638,0.000,-,Министерство на отбраната
II,23,NP-25.002-0025,,Надграждане и интегрирана логистична поддръжка на самолети C-27J Spartan от състава на ВВС,8611.249,0.000,-,Министерство на отбраната
II,24,NP-25.002-0026,,Осигуряване на експлоатацията на вертолети AS 532 AL Cougar,0.000,0.000,-,Министерство на отбраната
II,25,NP-25.002-0027,,Интегрирана логистична поддръжка на вертолети AS 565MB Panther и AS 365 N3+ Dauphin и двигатели за тях,2500.000,0.000,-,Министерство на отбраната
II,26,NP-25.002-0028,,Интегрирана логистична поддръжка на самолети „PILATUS” РС-9М и РС-12/45,1200.000,0.000,-,Министерство на отбраната
II,27,NP-25.003-0009,,Ремонт на авиационни двигатели и агрегати,15517.717,16907.062,-,Министерство на отбраната
II,28,NP-25.003-0010,,Доков ремонт на кораби и поддръжка и ремонт на корабни агрегати и механизми,1800.000,776.343,-,Министерство на отбраната
II,29,NP-25.002-0029,,Придобиване на леко стрелково оръжие,266.600,0.000,-,Министерство на отбраната
II,30,NP-25.002-0030,,Оптически прибори и мерници,335.200,0.000,-,Министерство на отбраната
II,31,NP-25.003-0011,,Инженерна техника и оборудване,8347.548,0.000,-,Министерство на отбраната
II,32,NP-25.002-0038,,"Инфраструктура за усвояване, експлоатация и осигуряване на новия тип боен самолет F-16 Block 70",280669.865,0.000,-,Министерство на отбраната
II,33,NP-25.003-0012,,Ремонт на пристанищна инфраструктура и удълбочаване акваторията на ВМБ Варна,40003.658,0.000,-,Министерство на отбраната
II,34,NP-25.003-0013,,Ремонт на инфраструктура за съхранение и експлоатация на машинни Stryker,11782.182,2008.595,-,Министерство на отбраната
II,35,NP-25.002-0031,,"Разполагане в стационарни условия (ремонт на инфраструктурни обекти, газифициране на щаба, оборудване на офиси и работни места) на щаб на дивизия“",0.000,0.000,-,Министерство на отбраната
II,36,NP-25.002-0033,,Нови инвестиционни проекти без проектна готовност в изпълнение на Програмата за инвестиции в отбраната,53947.000,0.000,-,Министерство на отбраната
II,37,NP-25.002-0034,,Придобиване на минни ловци втора употреба,46939.920,0.000,-,Министерство на отбраната
II,38,NP-25.002-0039,,"Дейности свързани с държавната граница, в т.ч. ремонт и надграждане, и за радио-локационна система за детекция и класификация на ниско летящи обекти до 3 хил. м. по протежение на българо-турската граница",6284.399,0.000,Изграждане на радиолокационна система за детекция и класификация на ниско летящи обекти и мобилни системи за противодействие на ДУЛС - 1,Министерство на вътрешните работи
II,39,NP-25.003-0014,,"Дейности, свързани с издаването на български лични документи",136518.273,38778.385,Изграждане на Система за издаване на български лични документи поколение 2019 - 1,Министерство на вътрешните работи
II,40,NP-25.003-0015,,„Подкрепа за развитие на системата за спешна медицинска помощ“,22668.290,0.000,Модернизирани обекти на спешна медицинска помощ - 237; Закупени съвременни санитарни превозни средства (линейки) - 400,Министерство на здравеопазването
II,41,NP-25.003-0016,,Обезпечаване на нуждите на администрацията на МЗ и НЗОК със сграден фонд,12000.000,0.000,Придобиване на административна сграда,Министерство на здравеопазването
II,42,NP-25.002-0048,,"Софийски университет ""Св. Климент Охридски"" - Изграждане на изчислителен център за изкуствен интелект от Института за научни изследвания в областта на компютърните науки (INSAIT)",31200.000,0.000,Брой изграден изчислителен център за изкуствен интелект от Института за научни изследвания в областта на компютърните науки (INSAIT) - 1,Министерство на образованието и науката
II,43,NP-25.003-0017,,"Основен ремонт, въвеждане на мерки за енергийна ефективност, реставрация, реконструкция и модернизация на 4 броя общински образователни институции в град Пловдив, община Пловдив - Хуманитарна гимназия ""Св. Св. Кирил и Методий"", Основно училище „Райна Княгиня“, Основно училище „Димитър Талев“ и ""Яне Сандански""",259.058,0.000,"Брой образователни общински институции, в които е реализиран основен ремонт, въвеждане на мерки за енергийна ефективност, реставрация, реконструкция и модернизация - 4",Министерство на образованието и науката
II,44,NP-25.003-0018,,Основен ремонт на сградата на Държавна опера Русе,5593.381,0.000,Ремонтирана зала на Държавна опера Русе - 1,Министерство на културата
II,45,NP-25.003-0019,,Реставрация и консервация на фасадите на Паметника на свободата на връх Шипка,,0.000,реставриран Паметник на свободата -1,Министерство на културата
II,46,NP-25.003-0020,,"Изграждане на нова производствена и складова база ""ФАБРИКА-ТЕАТЪР"" за нуждите на Театър ""Българска армия""",4740.000,0.000,"Изграждане на нова производствена и складова база за нуждите на Театър ""Българска армия"" -1",Министерство на културата
II,47,NP-25.003-0021,,"Реконструкция и пристройка на сградата на Театрална работилница ""СФУМАТО""",336.000,336.000,Ремонтиран и обновен сграден фонд на СФУМАТО - 1,Министерство на културата
II,48,NP-25.002-0055,,"Преустройство и промяна на предназначението на сграда в Сцена за куклен театър за деца в сграда на Младежки театър ""Николай Бинев"" (Куклен театър ""В Лунната стая"")",410.720,0.000,функциониращ нов куклен театър за деца - 1,Министерство на културата
II,49,NP-25.003-0022,,"Изграждане на климатична инсталация в сградата на Национална библиотека ""Св. Св. Кирил и Методий""",1609.367,0.000,изградена нова климатична инсталация - 1,Министерство на културата
II,50,NP-25.003-0023,,Основен ремонт и рехабилитация на климатичната и вентилационна инсталация в сградата на Национална галерия,833.490,250.047,ремонтирана климатична и вентилационна система за нуждите на Национална галерия - 1,Министерство на културата
II,51,NP-25.003-0024,,"Основен ремонт на сградата на МДТ ""Константин Кисимов"" гр. Велико Търново",4999.627,0.000,ремонтирана сграда на МДТ гр. Велико Търново - 1,Министерство на културата
II,52,NP-25.003-0025,,Основен ремонт на салона на Драматичен театър Ловеч,1195.903,1196.054,ремонтирана зала за нуждите на Държавен театър Ловеч - 1,Министерство на културата
II,53,NP-25.003-0026,,"Изготвяне на технически проект за обект: ""Реставрация и възстановяване на Драгостиновата къща""",120.000,0.000,възстановена сграда - недвижима културна ценност -1,Министерство на културата
II,54,NP-25.003-0027,,Конструктивно укрепване на сградата на бившето Военноморско училище,744.360,362.041,укрепена и обезопосена сграда - 1,Министерство на културата
II,55,NP-25.003-0028,,Изготвяне на технически проект за изграждане на автоматизирана пожарогасителна инсталация в сградата на Национален исторически музей София,119.880,0.000,изградена автоматизирана пожарогасителна инсталация - 1,Министерство на културата
II,56,NP-25.003-0029,,Ремонт на покрив на сградата на Национален исторически музей София,3350.000,0.000,ремонтиран покрив - 1,Министерство на културата
II,57,NP-25.003-0030,,"Доставка, монтаж, тестване и настройка на специализирано сценично оборудване за нуждите на Народен театър ""Иван Вазов""",1797.600,0.000,"придобито ново специализирано сценично оборудване за нуждите на Народен театър ""Иван Вазов"" -1",Министерство на културата
II,58,NP-25.003-0031,,Ремонт и преустройство на подпокривно пространство на учебната сграда на НУМТИ Пловдив,1660.312,0.000,Ремонтирана учебната сграда на НУМТИ Пловдив-1,Министерство на културата
II,59,NP-25.003-0032,,Изготвяне на технически проект за изграждане на център за експериментално куклено изкуство в Държавен куклен театър Стара Загора,324.000,108.000,изготвен техн. проект за сграда за експериментално куклено изкуство - 1,Министерство на културата
II,60,NP-25.003-0033,,Ремонт на зрителна зала на ТМЦ Кърджали,795.524,0.000,ремонтирана театрална зала-1,Министерство на културата
II,61,NP-25.003-0034,,Доставка на два броя товарни автомобила за нуждите на Държавна опера Пловдив,360.240,0.000,брой доставени товарни автомобила - 2,Министерство на културата
II,62,NP-25.003-0035,,Доставка на музикални перкусионни инструменти за нуждите на Държавна опера Пловдив,126.300,0.000,брой нови инструменти - 8,Министерство на културата
II,63,NP-25.003-0036,,Доставка на озвучителна техника за нуждите на Драматичен театър Благоевград,25.712,25.700,брой комплект доставена озвучителна техника - 1,Министерство на културата
II,64,NP-25.003-0037,,Доставка на мултимедийни проектори и обективи за нуждите на Държавна опера Пловдив,152.460,0.000,брой доставени нови мултимедийни проектори и обективи - 2,Министерство на културата
II,65,NP-25.002-0056,,"Модернизация на път I-1 (Е79) ""Видин - Ботевград"" по три основни позиции, за обособена позиция 1 - Път I-1 ""Видин - п.в. Макреш"" от км 3+757 до км 33+400",79224.780,0.000,"Дължина на реконструираните или модернизирани пътища -29,64",Министерство на регионалното развитие и благоустройството
II,66,NP-25.003-0038,,"Модернизация на път I-1 (Е79) ""Видин - Ботевград"" от км 33+400 до км 102+060 (км 99+193 – километраж по проект), разделен на пет участъка: Участък 1 – Път I-1 „п.в. Макреш – п.в. Бела“: от км 33+400 (километраж по проект) до км 47+000 (километраж по проект), с дължина 13,600 км; Участък 2 – Път I-1 „п.в. Бела - Ружинци“: от км 47+000 (километраж по проект) до км 61+750 (км 58+128,47 - километраж по проект), с дължина 11,128.47 км; Участък 3 – Път I-1 „Ружинци – п.в. Белотинци“: от км 58+128,47 (километраж по проект) ≡ км 61+750 (километраж по съществуващ път І-1) до км 73+520 (километраж по проект), с дължина 15,391.53 км; Участък 4 – „п.в. Белотинци – п.в. Винище“: от км 73+520 (километраж по проект) до км 85+520 (километраж по проект), с дължина 12,000 км; Участък 5 – „п.в. Винище – Обход на гр. Монтана“: от км 85+520 (километраж по проект) до км 102+060 (км 99+193 по проект), с дължина 13,673 км.“",67234.108,0.000,"Дължина на реконструираните или модернизирани пътища -69,70",Министерство на регионалното развитие и благоустройството
II,67,NP-25.002-0058,,Път І-1 /Е-79/ Мездра – Ботевград от км 161+367 до км 194 +12,20517.564,0.000,"Дължина на реконструираните или модернизирани пътища-32,70",Министерство на регионалното развитие и благоустройството
II,68,NP-25.003-0039,,"Изграждане на участъци от АМ Хемус: участък 1 от км 87+800 до км 103+060 вкл. пътен възел ""Дерманци; участък 2 от края на пътен възел Дерманци до пресичането с път III-3005 вкл. Пътен възел Каленик, от км 103+060 до км 122+260; участък 3 от края на пътен възел Каленик до пресичането с път II-35 вкл. пътен възел Плевен от км 122+260 до км 139+340; участък 4 от края на пътен възел Плевен до път III-301 вкл. пътен възел Летница от км 139+340 до км 166+144.09; участък 5 от края на пътен възел Летница до път III--303 вкл. пътен възел от км 166+144.09 до км 189+344 и участък 6 от края на пътен възел на път III--303 до път I-5 вкл. пътен възел от км 189+344 до км 222+000",85287.003,0.000,"Дължина на реконструираните или модернизирани пътища -134,20",Министерство на регионалното развитие и благоустройството
II,69,NP-25.003-0040,,"Доизграждане на АМ „Хемус“ от км 222+000 до км 310+940 (участък в строителство), разделен на три участъка: Участък 7 от км 222+000 (след пресичането на път I-5) до км 265+600 (след пътен възел „Ковачевско Кале“, пресичане с път II-51 – по идеен проект), Участък 8 от км 265+600 (след пътен възел „Ковачевско Кале“, пресичане с път II-51- по идеен проект) до км 299+000 (след пътен възел „Лозница“, пресичане с път II-49 – по идеен проект) и Участък 9 от км 299+000 (след пътен възел „Лозница“, пресичане с път II-49 – по идеен проект) до км 310+940 (начало на участък в строителство), включително пътен възел „Буховци – Юг“ (при пресичането на път I-4 с път III-5102).",11776.000,0.000,"Дължина на реконструираните или модернизирани пътища -88,94",Министерство на регионалното развитие и благоустройството
II,70,NP-25.002-0061,,Мост на р.Дунав на път I-2 Русе -Разград от км 0+000 до км 1+057,10002.624,0.000,"Дължина на реконструираните или модернизирани пътища -1,06",Министерство на регионалното развитие и благоустройството
II,71,NP-25.002-0062,,"Път I-1 ""Път II-17 - гара Яна"" от км 214+686 до км 237+553""",8526.040,0.000,"Дължина на реконструираните или модернизирани пътища -22,87",Министерство на регионалното развитие и благоустройството
II,72,NP-25.002-0063,,Път I-8 /Калотина-София-Пловдив/ от км 89+170 до км 147+750 с обща дължина 58.58,26730.109,0.000,"Дължина на реконструираните или модернизирани пътища -58,58",Министерство на регионалното развитие и благоустройството
II,73,NP-25.002-0064,,Тунел „Траянови врата“ на АМ „Тракия“ при км 53+297,5254.458,0.000,Изпълнен обект-1,Министерство на регионалното развитие и благоустройството
II,74,NP-25.002-0065,,"Тунел „Топли дол“ на АМ „Хемус“ при км 39+562,30",1898.415,0.000,Ремонт на съоръжение -1,Министерство на регионалното развитие и благоустройството
II,75,NP-25.002-0066,,Тунел „Правешки ханове“ на АМ „Хемус“ при км 54+672,7133.906,0.000,Ремонт на съоръжение -1,Министерство на регионалното развитие и благоустройството
II,76,NP-25.003-0041,,Автомагистрала „Русе – Велико Търново“,238660.793,0.000,"Новоизградени участъци -75,64",Министерство на регионалното развитие и благоустройството
II,77,NP-25.003-0042,,АМ Струма 3.2,10830.745,0.000,"Новоизградени участъци -24,40",Министерство на регионалното развитие и благоустройството
II,78,NP-25.002-0069,,"Обход на гр. Габрово от км 20+124,50 до км 30+673,48, включително тунел под връх Шипка",21088.890,0.000,"Новоизградени участъци -10,55",Министерство на регионалното развитие и благоустройството
II,79,NP-25.002-0070,,"Лот 31А „Път II-53 Поликраище - Елена - Сливен от км 34+400 до км 46+290, с обща дължина 11,890 км, област В. Търново“",353.280,0.000,"Обща дължина на реконструирани или модернизирани пътища (км) -11,89",Министерство на регионалното развитие и благоустройството
II,80,NP-25.002-0071,,"Лот 31Б „Път II-53 Поликраище - Елена - Сливен от км 72+200 до км 87+301, с обща дължина 15,101 км, област Сливен“",3804.540,0.000,"Обща дължина на реконструирани или модернизирани пътища (км) -15,10",Министерство на регионалното развитие и благоустройството
II,81,NP-25.002-0072,,Път II-86 Средногорци - Рудозем и обход на Рудозем от км 132+920 до км 135+530,1943.040,0.000,"Обща дължина на реконструираните пътища - 7,05",Министерство на регионалното развитие и благоустройството
II,82,NP-25.003-0043,,Изработване на технически проект и строителство на на виадукт при км 134+380 на Път II-86 Средногорци - Рудозем,534.159,0.000,"Обща дължина на реконструираните пътища -2,50",Министерство на регионалното развитие и благоустройството
II,83,NP-25.002-0074,,"Изработване на идеен и технически проект с ПУП - Парцеларен план за обект „Изграждане на Главна пътна комуникация Смолян""",166.324,0.000,Изработен проект -1,Министерство на регионалното развитие и благоустройството
II,84,NP-25.002-0075,,"Трайно укрепване на пътното платно на републикански път III-662 „Твърдица - Елена“ в участъците от км 38+372 до км 38+392, от км 39+168 до км 39+208, от км 40+126 до км 40+136, от км 40+225 до км 40+285, от км 40+550 до км 40+630 и от км 41+115 до км",306.176,0.000,"Брой укрепени участъци от РПМ, засегнати от неблагоприятни геодинамични процеси -1",Министерство на регионалното развитие и благоустройството
II,85,NP-25.002-0076,,"Трайно укрепване на пътното платно на републикански път III-662 „Твърдица - Елена” в участъците от км 47+495 до км 47+535, от км 47+800 до км 48+000 и от км 53+650 до км 53+950, област Велико Търново",247.296,0.000,"Брой укрепени участъци от РПМ, засегнати от неблагоприятни геодинамични процеси -1",Министерство на регионалното развитие и благоустройството
II,86,NP-25.002-0077,,"Трайно укрепване на пътното платно на път III-181 „СОП/ - Бистрица - Железница - Алино - граница Перник“ в участъка от км 24+340 до км 24+400, област София",88.320,0.000,"Брой укрепени участъци от РПМ, засегнати от неблагоприятни геодинамични процеси -1",Министерство на регионалното развитие и благоустройството
II,87,NP-25.002-0078,,"Трайно укрепване на срутище на републикански път II-16 „Зверино — Елисейна” от км 19+600 до км 19+800, от км 20+320 до км 21+045 и от км 21+300 до км 21+540, област Враца",264.960,0.000,"Брой укрепени участъци от РПМ, засегнати от неблагоприятни геодинамични процеси -1",Министерство на регионалното развитие и благоустройството
II,88,NP-25.002-0079,,"Основен ремонт на път II-37 ""Етрополе - Златица"" от км 20+964 до км 35+580 и от км 42+810 до км 44+820, на територията на Софийска област",58.880,0.000,"RCO46 Дължина на реконструираните или модернизирани пътища — извън трансевропейската транспортна мрежа (км)-16,63",Министерство на регионалното развитие и благоустройството
II,89,NP-25.003-0044,,"Ремонт и разширение на мостово съоръжение на бул. „Васил Левски“ гр. Асеновград, част от републикански път II-58 преминаващ през областите Кърджали и Пловдив",29.440,0.000,"RCO44 Дължина на новите или подобрени пътища — извън трансевропейската транспортна мрежа (км.)-0,08",Министерство на регионалното развитие и благоустройството
II,90,NP-25.003-0045,,"Проучване, обследване и проектиране и изграждане на снегозащитни съоръжения на участъци от републикански път II-35",41.216,0.000,"Изпълнени мерки за снегозащита-6,82",Министерство на регионалното развитие и благоустройството
II,91,NP-25.002-0082,,Основен ремонт на път II-35 „Троян - Кърнаре“,88.320,0.000,"RCO46 Дължина на реконструираните или модернизирани пътища — извън трансевропейската транспортна мрежа (км)-18,33",Министерство на регионалното развитие и благоустройството
II,92,NP-25.002-0082,,Основен ремонт на път II-35 „Троян - Кърнаре“,117.760,0.000,"RCO46 Дължина на реконструираните или модернизирани пътища — извън трансевропейската транспортна мрежа (км)-22,29",Министерство на регионалното развитие и благоустройството
II,93,NP-25.002-0084,,Основен ремонт и доизграждане на път III-1102 Салаш – граница Сърбия,58.880,0.000,"RCO46 Дължина на реконструираните или модернизирани пътища — извън трансевропейската транспортна мрежа (км)-5,08",Министерство на регионалното развитие и благоустройството
II,94,NP-25.002-0085,,Основен ремонт на път III-1401 Вещица – Белоградчик,29.440,0.000,"RCO46 Дължина на реконструираните или модернизирани пътища — извън трансевропейската транспортна мрежа (км) -8,90",Министерство на регионалното развитие и благоустройството
II,95,NP-25.002-0086,,"Основен ремонт на път III-1102 Кладоруб – Салаш от км 26+500 до км 34+824, в землищата на селата Вещица и Върба, община Белоградчик и землище на с. Кладоруб, община Димово",29.440,0.000,"RCO46 Дължина на реконструираните или модернизирани пътища — извън трансевропейската транспортна мрежа (км)-8,32",Министерство на регионалното развитие и благоустройството
II,96,NP-25.003-0046,,Основен ремонт на път II-11 „Граница ОПУ-Видин – Лом – Граница ОПУ-Враца“,58.880,0.000,"RCO46 Дължина на реконструираните или модернизирани пътища — извън трансевропейската транспортна мрежа (км)-23,71",Министерство на регионалното развитие и благоустройството
II,97,NP-25.003-0047,,Основен ремонт на път II-11 „Граница ОПУ-Видин – Лом – Граница ОПУ-Враца“,147.200,0.000,"RCO46 Дължина на реконструираните или модернизирани пътища — извън трансевропейската транспортна мрежа (км)-29,13",Министерство на регионалното развитие и благоустройството
II,98,NP-25.002-0089,,"Основен ремонт на път III-213 Айдемир - Силистра – Калипетрово от км 0+000 до км 14+880, с обща дължина 14,880 км",100.096,0.000,"RCO46 Дължина на реконструираните или модернизирани пътища — извън трансевропейската транспортна мрежа (км)-14,88",Министерство на регионалното развитие и благоустройството
II,99,NP-25.002-0090,,Основен ремонт за подобряване организацията на движение на улица „33-ти Свищовски полк“ гр. Свищов /Републикански път II-52/,5.888,0.000,"RCO46 Дължина на реконструираните или модернизирани пътища — извън трансевропейската транспортна мрежа (км)-1,09",Министерство на регионалното развитие и благоустройството
II,100,NP-25.002-0091,,Реконструкция на улица: Св. Княз Борис І /част от път ІІІ 514/ От кръстовище на ул. „19 Февруари“ с ул. „Св. Княз Борис I“ гр. Горна Оряховица (км. 42+642) до връзката на път III – 514 със Северен обходен път на гр. Горна Оряховица (км. 37+790),8.832,0.000,"RCO46 Дължина на реконструираните или модернизирани пътища — извън трансевропейската транспортна мрежа (км)-4,85",Министерство на регионалното развитие и благоустройството
II,101,NP-25.002-0092,,Реконструкция на Участък от път III-5003 с дължина 3 км. /От км. 0+000 до км. 3+000/ От връзката на северен обходен път с път III – 5003 (км. 3+000) до връзката с път I-5 при км. 89+2 (с. Поликраище),5.888,0.000,RCO46 Дължина на реконструираните или модернизирани пътища — извън трансевропейската транспортна мрежа (км)-3,Министерство на регионалното развитие и благоустройството
II,102,NP-25.002-0093,,Път III-2903 „гр. Генерал Тошево — с. Къпиново — с. Изворово — с. Красен — с. Росица — с. Лозница“ от км 0+000 до км 11 +770,58.880,0.000,"RCO46 Дължина на реконструираните или модернизирани пътища — извън трансевропейската транспортна мрежа (км)-11,77",Министерство на регионалното развитие и благоустройството
II,103,NP-25.002-0094,,"Път III-2904 ""с. Захари Стояново - с. Дуранкулак"" от км 0+000 до км 17+772",82.432,0.000,"RCO46 Дължина на реконструираните или модернизирани пътища — извън трансевропейската транспортна мрежа (км) - 17,77",Министерство на регионалното развитие и благоустройството
II,104,NP-25.003-0048,,Основен ремонт и доизграждане на път III-1008 „Струмяни - Микрево - Раздол - Клепало - граница Северна Македония“,58.880,0.000,"RCO44 Дължина на новите или подобрени пътища — извън трансевропейската транспортна мрежа (км.) - 19,06",Министерство на регионалното развитие и благоустройството
II,105,NP-25.003-0049,,Югоизточен обход на гр. Хасково,58.880,0.000,"RCO44 Дължина на новите или подобрени пътища — извън трансевропейската транспортна мрежа (км.) - 6,5",Министерство на регионалното развитие и благоустройството
II,106,NP-25.003-0050,,Югозападен обход на гр. Хасково,58.880,0.000,"RCO44 Дължина на новите или подобрени пътища — извън трансевропейската транспортна мрежа (км.) - 5,22",Министерство на регионалното развитие и благоустройството
II,107,NP-25.002-0098,,ПРОЕКТИРАНЕ - ПЪТНА МРЕЖА,42800.861,0.000,Извършени дейности по 248 броя проекти,Министерство на регионалното развитие и благоустройството
II,108,NP-25.002-0099,,СМР - ПЪТНА МРЕЖА,713088.999,0.000,Извършени дейности по 185 броя проекти,Министерство на регионалното развитие и благоустройството
II,109,NP-25.003-0051,,"Брегоукрепване в района на къмпинг ""Добруджа"", община Шабла",1000.000,0.000,1. Изпълнено брегоукрепване (м`) - 230 2. Изпълнени брегозащитни съоръжения - 2 бр.,Министерство на регионалното развитие и благоустройството
II,110,NP-25.003-0052,,Гр. Бяла – укрепване свлачища и брегоукрепване - II етап - ППР и СМР,40.000,0.000,Изработен инвестиционен проект по смисъла на ЗУТ - 1 бр. 2. Изпълнено брегоукрепване (м`) - 1198 3. Изпълнени брегозащитни съоръжения - 4 бр.,Министерство на регионалното развитие и благоустройството
II,111,NP-25.003-0053,,"„Брегоукрепване къмпинг „Европа"" – нос Лахна – Почивна станция на Министерство на отбраната – първи участък”, община Поморие - ППР и СМР",85.350,0.000,1. Актуализиран инвестиционен проект по смисъла на ЗУТ - 1 бр. 2. Изпълнено брегоукрепване (м`) - 980 3. Ремонтирани брегозащитни съоръжения - 1 бр.,Министерство на регионалното развитие и благоустройството
II,112,NP-25.003-0054,,"Укрепване на свлачища на ул. „2- ра“,ул. „3-та“ и ул. „4-та“, Вилна зона „Фиш-Фиш“, община Балчик",500.000,0.000,Изпълнен геозащитен обект - 1 бр.,Министерство на регионалното развитие и благоустройството
II,113,NP-25.003-0055,,"Брегоукрепване в района на река „Дяволска”: подобект ""Б"", гр. Приморско - укрепване свлачища №№ BGS 27.58356-04 и BGS 27.58356-04 - СМР - трансфер",366.000,0.000,Изпълнен геозащитен обект - 1 бр.,Министерство на регионалното развитие и благоустройството
II,114,NP-25.003-0056,,"Укрепване свлачище № PVN24.56722.14, ЗМ ""Кайлъка"", гр. Плевен, област Плевен - ППР - трансфер",50.000,0.000,1. Изготвен доклад за извършено инженерно-геоложко проучване - 1 бр. 2. Изработен инвестиционен проект по смисъла на ЗУТ - 1 бр.,Министерство на регионалното развитие и благоустройството
II,115,NP-25.003-0057,,"Укрепване на крайбрежната зона под кв. ""Сарафово"", гр. Бургас (свл. № BGS 04.07079-01) - СМР - трансфер",360.000,0.000,1. Изработен инвестиционен проект по смисъла на ЗУТ - 1 бр. 2. Изпълнен геозащитен обект - 1 бр.,Министерство на регионалното развитие и благоустройството
II,116,NP-25.003-0058,,"Укрепване на свлачище № PER 08.41126-01 на път PER3013 /II-63, п.к. Гърло-Трън / Конска / PER2011 /, землище на с. Конска, община Брезник - СМР - трансфер",268.000,0.000,Изпълнена укрепителна конструкция (м`) - 125,Министерство на регионалното развитие и благоустройството
II,117,NP-25.003-0059,,"Укрепване на свлачище с рег. № SFO 43.62387-06 на общинска улица, местност ""Ямата”, мах. Огурелица, с. Реброво, община Своге - СМР - трансфер",112.000,0.000,Изпълнена укрепителна конструкция (м) - 30,Министерство на регионалното развитие и благоустройството
II,118,NP-25.003-0060,,"Укрепване на свлачище SLV 20.51929-02 на път SLV1068 / ІІ - 53 / Бяла - Градско - Граница общ. (Сливен - Твърдица ) - Жълт бряг - жп гара Чумерна / SLV1112 /, от км 2+500 до км 2+600, община Сливен -инвестиционен проект - трансфер",24.000,0.000,Изработен инвестиционен проект по смисъла на ЗУТ - 1 бр.,Министерство на регионалното развитие и благоустройството
II,119,NP-25.003-0061,,"Укрепване на свлачище SLV 20.68117-01, с. Сотиря, община Сливен - СМР - трансфер",407.200,0.000,Завършен геозащитен обект - 1 бр.,Министерство на регионалното развитие и благоустройството
II,120,NP-25.003-0062,,"Укрепване на свлачище № VTR28.65766.01.16, град Свищов - СМР - трансфер",344.400,0.000,Изпълнена укрепителна конструкция (м) - 510,Министерство на регионалното развитие и благоустройството
II,121,NP-25.003-0063,,"Укрепване на свлачища в кв. 25, кв. 26, кв. 27 и кв. 28, с. Габровица, община Белово – II етап - СМР - трансфер",478.000,0.000,1. Изпълнена укрепителна конструкция (м) - 11 2. Изпълнена дренажна система (м) - 60,Министерство на регионалното развитие и благоустройството
II,122,NP-25.003-0064,,"Укрепване на свлачища № LOV18.583.02 в с. Пресяка и № LOV18.67218.01 в с. Слатина, община Ловеч - инвестицонни проекти - трансфер",31.100,0.000,Изработени инвестиционни проекти по смисъла на ЗУТ - 2 бр.,Министерство на регионалното развитие и благоустройството
II,123,NP-25.003-0065,,"Укрепване на свлачища № № PER 51.02645-07.01 и PER 51.02645-07.02 на общински път PER2155 / II - 63, Филиповци - Трън / - Банкя при км 2+750, община Трън - инженеринг - трансфер",223.200,0.000,1. Изработен инвестиционен проект по смисъла на ЗУТ - 1 бр. 2. Укрепен геозащитен обект - 1 бр.,Министерство на регионалното развитие и благоустройството
II,124,NP-25.003-0066,,"Укрепване на свлачище № BLG 11.20585-02 на път BLG 3097 /III-198/ Гоце Делчев - Делчево, община Гоце Делчев - СМР - трансфер",86.000,0.000,Завършен геозащитен обект - 1 бр.,Министерство на регионалното развитие и благоустройството
II,125,NP-25.003-0067,,"Укрепване на свлачища №№ GAB 35.56719.04, GAB 35.73403.01, GAB 35.73403.02, GAB 35.73403.03, GAB 35.76220.01 на територията на община Трявна - ППР - трансфер",150.000,0.000,1. Извършени инженерно-геоложки проучвания - 5 бр. 2. Изработени инвестиционни проекти по смисъла на ЗУТ - 5 бр.,Министерство на регионалното развитие и благоустройството
II,126,NP-25.003-0068,,Укрепителни съоръжения в обхвата на свлачище № BGS 15.51500-02 на територията на община Несебър - СМР - трансфер,50.200,0.000,Изработен инвестиционен проект по смисъла на ЗУТ - 1 бр.,Министерство на регионалното развитие и благоустройството
II,127,NP-25.003-0069,,"Свлачищни участъци и неустойчиви откоси на път PAZ1181 /ІІІ-376, Ракитово - Велинград/ - Костандово - Дорково - Яз.Стена Батак - граници общини (Ракитово-Пещера) - Пещера от км 7+400 до км 18+000 /локален км 0+000 до км 10+600/ - № № PAZ 24.23008-01, № PAZ 24.23008-02 и № PAZ 24.23008-03, община Ракитово - СМР - трансфер",586.000,0.000,Изпълнена укрепителна конструкция (м) - 88,Министерство на регионалното развитие и благоустройството
II,128,NP-25.003-0070,,"Укрепване на свлачища №№ SML 18.51319-10, SML 18.51319-05, SML 18.32559-01, SML 18.39092-01 на територията на община Неделино - ППР - трансфер",237.000,0.000,1. Изработени инженерно-геоложки проучвания - 2 бр. 2. Изработени инвестиционни проекти по смисъла на ЗУТ - 2 бр.,Министерство на регионалното развитие и благоустройството
II,129,NP-25.003-0071,,"Укрепителни и противоерозионни мероприятия в обхвата на проект за „Изграждане на част от Крайдунавски парк „Белене” в кв. 153, гр. Белене от О.Т. 603 до съществуваща подпорна стена към О.Т. 601 - II етап, община Белене - СМР - трансфер",97.600,0.000,Изпълнено брегоукрепване (м`) - 100,Министерство на регионалното развитие и благоустройството
II,130,NP-25.003-0072,,"Укрепване на свлачище № KNL 38.67698-02 в кв. 25 на с. Смочево, община Рила - ППР - трансфер",12.500,0.000,1. Изработено инженерно-геоложко проучване - 1 бр. 2. Изработен инвестиционен проект по смисъла на ЗУТ - 1 бр.,Министерство на регионалното развитие и благоустройството
II,131,NP-25.003-0073,,"Укрепване на свлачище № MON04.54496.01, в ценралната част на с. Охрид, община Бойчиновци - СМР - трансфер",143.000,0.000,Изпълнена укрепителна конструкция (м) - 49,Министерство на регионалното развитие и благоустройството
II,132,NP-25.003-0074,,"Укрепване на свлачище № SML 11.69759-01 в с. Срашимир и свлачище № SML 11.31111-01, гр. Златоград, община Златоград - инвестиционни проекти - трансфер",76.800,0.000,Изработен инвестиционен проект по смисъла на ЗУТ - 2 бр.,Министерство на регионалното развитие и благоустройството
II,133,NP-25.003-0075,,"Укрепване на свлачище № VTR 06.22232.01, ул. „Опълченска“, гр. Долна Оряховица, община Горна Оряховица - СМР трансфер",77.000,0.000,Изпълнена укрепителна конструкция (м) - 15,Министерство на регионалното развитие и благоустройството
II,134,NP-25.003-0076,,"Хидровъзел ""Христо Смирненски"" - проектиране; реконструкция водовземна кула, преливник, бързоток",0.000,0.000,Изграждане и/или рехабилитация на язовири/ прилежащи съоръжения - 1 бр.,Министерство на регионалното развитие и благоустройството
II,135,NP-25.003-0077,,"Водоснабдителна система ""Черни Осъм"" - проектиране и строителство: Реконструкция на магистрални водопроводи на териториите на областите Ловеч и Плевен; ПСПВ ""Черни Осъм"", язовир ""Черни осъм"", ВЕЦ - 2 бр.",1300.000,0.000,1. Изграждане и/или рехабилитация на язовири/ прилежащи съоръжения - 1 бр. прединвестиционно проучване (ПИП) 2. Подобряване качеството на питейните води чрез проектиране и/или изграждане и/или реконструкция и модернизация на ПСПВ - 1 бр. ПИП,Министерство на регионалното развитие и благоустройството
II,136,NP-25.003-0078,,"Подобрявване на водоснабдяването на териториите на общините Севлиево, Габрово и Дряново: Язовир ""Бяла"" - обследване, изготвяне на техническа документация и строителство",200.000,0.000,Изграждане и/или рехабилитация на язовири/ прилежащи съоръжения - 1 бр. обследване / ПИП,Министерство на регионалното развитие и благоустройството
II,137,NP-25.003-0079,,"Обследване, проектиране, СМР, Ан и СН на ПСПВ Сливен",7407.581,0.000,Подобряване качеството на питейните води чрез проектиране и/или изграждане и/или реконструкция и модернизация на ПСПВ - 1 бр. нова ПСПВ,Министерство на регионалното развитие и благоустройството
II,138,NP-25.003-0080,,"Съставяне на технически паспорт на съоръженията на хидровъзел ""Христо Смирненски""",201.600,0.000,Изграждане и/или рехабилитация на язовири/ прилежащи съоръжения - 1 бр. технически паспорт,Министерство на регионалното развитие и благоустройството
II,139,NP-25.003-0081,,"Обследване на изпълненото строителство на изградена язовирна стена Кюстендил и съоръжения към нея, находящи се в землищата на с. Богослов и с. Слокощица, община Кюстендил",150.000,0.000,Изграждане и/или рехабилитация на язовири/ прилежащи съоръжения - 1 бр. обследване,Министерство на регионалното развитие и благоустройството
II,140,NP-25.003-0082,,"Укрепване на свлачища №№ VAR 24.58503-02, VAR 24.58503-03, VAR 24.58503-05 и VAR 24.58503-06 на територията на община Провадия - ППР - трансфер",120.000,0.000,Проектирани и изградени контролно-измервателни системи - 4 бр.,Министерство на регионалното развитие и благоустройството
II,141,NP-25.002-0104,,"Проект ""Развитие на общинска инфраструктура"" - изграждане на яз. Луда Яна и ПСПВ",10063.292,0.000,1. Изграждане и/или рехабилитация на язовири/ прилежащи съоръжения - 1 бр. нов язовир 2. Подобряване качеството на питейните води чрез проектиране и/или изграждане и/или реконструкция и модернизация на ПСПВ - 1 бр. нова ПСПВ,Министерство на регионалното развитие и благоустройството
II,142,NP-25.003-0083,,"Яз.""Кула"". Ремонтни работи по водовземна кула, нивомерна система, ремонт на ОИ, ремонт на дренажна система.",65.000,0.000,подобряване състоянието на съоръженията на язовира и безопасността на експлоатацията му,Министерство на земеделието и храните
II,143,NP-25.003-0084,,Работен проект за корекция на р. Войнишка от км. 0+000 до км 8+050,200.000,0.000,препразване на населените места от наводнения подобряване проводимостта на реката и запазване на инженерната инфраструктура,Министерство на земеделието и храните
II,144,NP-25.003-0085,,"Актуализация на работен проект - яз. ""Ястребино"". Укрепване на преливник.",5.500,0.000,подобряване безопасността на язовира,Министерство на земеделието и храните
II,145,NP-25.003-0086,,"Работен проект за реконструкция на водовземна кула на яз.""Ястребино"" и за реконструкция на изходна шахта на основен изпускател.",45.000,0.000,подобряване водоподаването и състоянието на водовземната кула,Министерство на земеделието и храните
II,146,NP-25.003-0087,,"Яз. ""Бели лом"". Ремонт на въжен мост (пасарелка от корона яз. стена до водовземна кула).",4.100,0.000,подобряване условията за безопасна работа в съоръжениято на язовира,Министерство на земеделието и храните
II,147,NP-25.003-0088,,"Яз. ""Съединение"". Работен проект за укрепване на бързотока на преливника и реконструкция и укрепване на енергогасителя на основния изпускател и отвеждащия канал.",37.000,0.000,подобряване цялостното състоянието на съоръженията на язовира,Министерство на земеделието и храните
II,148,NP-25.003-0089,,"Яз. ""Съединение"". Направа на покривна изолация на водовземна кула",3.900,0.000,преустановянае и спиране на изпускането на вода върху съоръженията и ел. инсталацията,Министерство на земеделието и храните
II,149,NP-25.003-0090,,"Яз. ""Домлян"". Изработка, доставка и монтаж на 6 бр. плоски таблени загвори във вертикалната водовземна кула. Демонтаж, изработка, доставка и монтаж на първата основна врата, ремонт на цанговите връзки и водещите механизми, както и подмяна на въжето за аварийно отваряне. Частичен ремонт - корекции по сегментния затвор след основния изпускател.",410.000,0.000,преустановянане и спиране на загубата на вода от съоръжението,Министерство на земеделието и храните
II,150,NP-25.003-0091,,"Възлагане на предпроектни проучвания, резултат на които да бъде задание за проектиране за идеен проект на язовир ""Падеж"".",20.000,0.000,създаване на възможност за планиране и изграждане на язовир Падеж,Министерство на земеделието и храните
II,151,NP-25.003-0092,,"Яз. ""Пясъчник"". Нова хидроизолация в сухата галерия на наклонената кула.",50.000,0.000,подобряване на конструктивното състояние на кулата на язовира,Министерство на земеделието и храните
II,152,NP-25.003-0093,,"Яз. ""Пясъчник"". Подмяна на решетката пред основния затвор и ремонтни дейности за възстановяване на работа на основния изпускател. Частичен ремонт на сегментния затвор. Ремонт на задвижващи механизми и на плоски таблени затвори на верт. водовземната кула.",370.000,0.000,подобряване на водоподаването,Министерство на земеделието и храните
II,153,NP-25.003-0094,,РВР по мокрия откос на язовирната стена на яз. Огоста,9442.500,0.000,подобряване на конструктивната цялост на язовирната стена,Министерство на земеделието и храните
II,154,NP-25.003-0095,,РВР по отводящия канал след енергогасителя на О.И. на яз. Огоста,930.000,0.000,осигуряване на безопасно функциониране на съоръжението намаляване на загубите на вода,Министерство на земеделието и храните
II,155,NP-25.003-0096,,"РВР в инж. галерия на яз. стена в участъка на т.н ""Пакер"" на яз. Огоста",1455.000,0.000,подобряване на състоянието на съоръжението,Министерство на земеделието и храните
II,156,NP-25.003-0097,,"Ремонт на осветителна инсталация в инж. галерия на яз. стена, осветление по короната - по КСС и ремонт на пиезометри в инж. галерия - подмяна манометри и спирателни кранове към тях на яз. Огоста",60.000,0.000,подобряване на сигурността на язовирната стена,Министерство на земеделието и храните
II,157,NP-25.003-0098,,Ремонт на сградата на шибърната камера на изход О.И. на яз. Огоста,50.000,0.000,подобряване на състоянието на шибърната сграда,Министерство на земеделието и храните
II,158,NP-25.003-0099,,Изготвяне на проект за външна стоманена стълба на водовземната кула при вход О.И. на яз. Огоста,9.000,0.000,осигуряване на безопасна експлоатация на водовземната кула на язовира,Министерство на земеделието и храните
II,159,NP-25.003-0100,,"Яз. ""Панчарево"". Ремонт на кулата за промишлено водоснабдяване, външни телфери. Ремонт на кулата за промишлено водоснабдяване - вътрешни телфери - по КСС.",115.000,0.000,постигане на безопасни нива на работа при ремонт на съоръженията,Министерство на земеделието и храните
II,160,NP-25.003-0101,,Ремонт на връхната конструкция включително хидроизолация на покрива на кулата за промишлено водоснабдяване на яз. Панчарево,150.000,0.000,преустановяване на изпускането на вода върху съоръженията и ел. инсталациите,Министерство на земеделието и храните
II,161,NP-25.003-0102,,"Ремонт на бетонната конструкция и фугите между блоковетена на сифонните преливници. Короната над преливниците е с нарушено покритие, на места има изравяне и на конструктивния бетон на яз. Панчарево",477.000,499.900,подобряване на носимоспособността на конструкцията,Министерство на земеделието и храните
II,162,NP-25.003-0103,,"Ремонтно - възстановителни работи на левия табленен затвор на основния изпускател на яз. ""Сопот"", включително и подмяна на 2 бр. ел. задвижки;",70.000,0.000,постигане на безопасна работа на съоръжението,Министерство на земеделието и храните
II,163,NP-25.003-0104,,"Ремонтно - възстановителни работи за укрепване заустването на деривационния канал от река Лесидренска в яз.""Сопот"" и възстановяване короната на язовирната стена при моста над деривационния канал - текущ ремонт.",55.000,0.000,увеличаване на количеството на водохващането и намаляване на загубите на вода,Министерство на земеделието и храните
II,164,NP-25.003-0105,,"Ремонтно - възстановителни работи на дренажен събирател С-2, за отводняване десен скат на язовира на яз. Горни Дъбник",50.000,0.000,подобряване носимоспособността на стената и предотвратяне на свлачищни процеси,Министерство на земеделието и храните
II,165,NP-25.003-0106,,Подмяна на ел. захранването и управление на водовземните кули и водовземните шахти на яз. Горни Дъбник,112.042,0.000,възстановяване на работата на съоръженията осигуряване на сигурността при охраната на язоиврната стена,Министерство на земеделието и храните
II,166,NP-25.003-0107,,"Яз. ""Жребчево"" - РВР по водовземна кула основен изпускател - външен торкрет, машинна и ел. част.",482.000,0.000,извършване на ремонтни дейности на кулата ще запълни амортизирани бетонови части и спиране на корозията на съоръженията на кулата,Министерство на земеделието и храните
II,167,NP-25.003-0108,,"яз. ""Жребчево"" - РВР по короната на язовирната стена-кърпене асфалт, бурдюри, РВР парапет, бариери и осветление.",356.000,0.000,подобряване на състоянието на язовирната стена на яз. Жребчево и отвеждане на повърхностните води по стената подобряване на визуализацията при охраната на язовирната стена,Министерство на земеделието и храните
II,168,NP-25.003-0109,,"Яз. ""Малко Шарково"" - РВР водовземна кула -торкрет, заскалявка, машинна и ел част.",246.000,0.000,извършване на ремонтни дейности на кулата ще запълни амортизирани бетонови части и спиране на корозията на съоръженията на кулата увеличаване на носимоспособността на язовирната стена чрез изпълнение на заскалявката извършване на ремонт на машинната част и подобряване на водоподаването,Министерство на земеделието и храните
II,169,NP-25.003-0110,,"Яз. „Малко Шарково“ - РВР по короната, преливника и енергогосителя.",390.000,0.000,възстановяване цялостта на съоръженията на язовира,Министерство на земеделието и храните
II,170,NP-25.003-0111,,РВР по инж. галерия за отстраняване течове и възстановяване антикорозионното покритие в тунела на яз. Дяково,1007.300,0.000,спиране корозията на стоманобетоновата част в тунела и запазване на състоянието на съоръженията,Министерство на земеделието и храните
II,171,NP-25.003-0112,,"Дюкери, пълнещи язовир ""Дяково"". Дюкер Д 1 - подмяна на АВ и СК ф80/16/25атм, Дюкер Д 2 - подмяна на АВ и СК ф150/16/25 атм.",28.800,0.000,подобряване пропускливостта на съоръженията,Министерство на земеделието и храните
II,172,NP-25.003-0113,,"Подмяна на метални стълби и пасарелки на язовир ""Тополница"".",1646.125,493.489,подобряване безопасното обслужване на съоръженията в язовирната стена,Министерство на земеделието и храните
II,173,NP-25.003-0114,,"Яз. ""Тополница"". Цялостна подмяна на тротоарна настилка по короната на стената - 1 050 м2 на яз. Тополница. Цялостна подмяна на бордюрите - 700 м. на яз.Тополница",132.800,0.000,подобряване състоянието на язовирната стена на яз. Тополница и отвеждане повърхностните води по стената,Министерство на земеделието и храните
II,174,NP-25.003-0115,,"Яз. „Георги Трайков“ - неотложен ремонт на пасарелките до кулите: мелиоративна и промишлена - от импрегниран, широколистен материал и РВР по парапетите и носещите елементи на пасарелките към двете кули",300.000,0.000,подобряване на безопасността при обслужване на съоръженията на язовирната стена,Министерство на земеделието и храните
II,175,NP-25.003-0116,,"Яз. ""Георги Трайков"". РВР на хидравличната система на бързопадащия затворен орган Е26на водовземната кула за мелиоративни нужди",43.000,0.000,подобряване на безопасността на населението при авария и високи води,Министерство на земеделието и храните
II,176,NP-25.003-0117,,РВР по настилката по короната на язовирната стена на яз.Георги Трайков,26.000,0.000,отвеждане на повърхностните води и запазване на цялостта на стената,Министерство на земеделието и храните
II,177,NP-25.003-0118,,РВР по отводнителните канавки по сухия откос и на канавките под дренажната призма на яз.Георги Трайков,23.000,0.000,подобряване и заздравяване на състоянието на язовирната стена предотвратяване на появата на свлачищни процеси,Министерство на земеделието и храните
II,178,NP-25.003-0119,,РВР по АС част на изходните съоръжения на ОИМН и ОИПН на яз.Георги Трайков,125.000,0.000,постигане на максимално подаване на водни количества,Министерство на земеделието и храните
II,179,NP-25.003-0120,,"Изграждане на локална система за оповестяване и за ранно предупредение на персонала, компетентните органи и населението за язовири „Огоста“, „Георги Трайков“ (Цонево) и Тича - I-ви етап -",75.000,0.000,"изпълнение на нормативните изисквания свързани с осигуряване на ранно предупреждение и оповестяване към съответните компетентни органи - РСПАБ осигуряване на защита на населението, имуществото и съоръженията при авария на язовира",Министерство на земеделието и храните
II,180,NP-25.003-0121,,Доставка на 31 помпени агрегати за ОПС,9372.000,0.000,осигуряване на максимална защита против наводнения и разрушения в населените места,Министерство на земеделието и храните
II,181,NP-25.003-0122,,"Анализ и обследване на съществуващото състояние на яз. ""Калинките"" и изготвяне на работен проект за довършването му в т.ч. Проекти по устройство на територията",380.000,0.000,"довършване изграждането на язовир ""Калинките"" възможност за осигуряване на напояването в района",Министерство на земеделието и храните
II,182,NP-25.003-0123,,"Актуализация на проект за обработка на фуги, нарушен торкрет и инертолово покритие по мокрия откос на яз. „Тополница“",10.000,0.000,възстановяваен конструктивната носимоспособност на бетоновите блокове и спиране на течовете върху съоръженията в язовирната стена,Министерство на земеделието и храните
II,183,NP-25.003-0124,,"Яз. „Тракиец“ - работен проект за ремонтно възстановителни работи, включващ ремонт на ОИ, облицовка на воден откос,преливник, въздуховодни тръби във водовземна кула, КИС - допълнително обследване и преработка (актуализиране) на проекта.",90.000,0.000,"подобряване на състоянието на язовирната стена, кулата и съоръженията и към нея",Министерство на земеделието и храните
II,184,NP-25.003-0125,,Ремонтни дейности на водовземната кула на яз. „Тракиец“ за канал М-1,9.600,0.000,подобряване на водоподаването от язовира намаляване на загубите на вода,Министерство на земеделието и храните
II,185,NP-25.003-0126,,Язовир „Тича“ - Изготвяне на раб. проект за възстановяване на отводнителни канавки по бермите на въздушния откос,15.000,0.000,отвеждане на повърхностните води и запазване цялостта на стената,Министерство на земеделието и храните
II,186,NP-25.003-0127,,Язовир „Тича“ - Изготвяне на раб. проект за подмяна на захранващи кабели и ел. табла за управление на съоръженията към язовира,15.000,0.000,осигуряване на безаварийната работа на съоръженията и максимални количества на водоподаване,Министерство на земеделието и храните
II,187,NP-25.003-0128,,Изготвяне на анализ и оценка на носещата способност и на устойчивостта на язовирните стени и съоръженията към тях на 19 компл. и значими язовири.,1928.880,0.000,Изпълнение на изискванията на действащото законодателство за извършване на периодична оценка на състоянието,Министерство на земеделието и храните
II,188,NP-25.003-0129,,Строителен и авторски надзор.,500.000,0.000,Спаване на нормативната уредба,Министерство на земеделието и храните
II,189,NP-25.003-0130,,Анализ и обследване на съществуващото състояние на яз. „Чаталка“ (малка) и изготвяне на работен проект за довършването му,420.000,0.000,"довършване изграждането на язовир ""Чаталка"" създаде на възможност за напояване на нови поливни площи за земеделско производство",Министерство на земеделието и храните
II,190,NP-25.002-0124,,"Техническа поддръжка на МВ серии 10,30 и 31 и ОР на силови блокове PowerPack",500.000,0.000,Увеличаване на надежността на тяговия подвижен състав и увеличаване на процентното изпълнение на График за движение на влаковете. Провеждане на ОП за избор на изпълнител и авансово плащане - 1.00,Министерство на транспорта и съобщенията
II,191,NP-25.003-0131,,"Дофинансиране на ДП НКЖИ за проект: ""Модернизация на железопътната линия София-Драгоман-сръбска граница: жп участък Волуяк-Драгоман - фаза 1 и фаза 2""",38552.326,30900.826,"Дължина на реконструираните или модернизирани железопътни линии — TEN-T - 33,34 Дължина на новите жп линии -TEN-T - 26,90 Товарни превози с железопътен транспорт - 224,30 Изградена/подновена контактна мрежа - 29,57 Изградена/подновена/модернизирана контактна мрежа - 38,89 Изградени/модернизирани коловозни развития в гари - 19 Подновени/модернизирани ж.п. прелези - 3 Обща дължина на изградени, реконструирани, модернизирани мостове - 5 Изградени надлези/подлези на пътища от РПМ - 7 Доставено оборудване, обзавеждане, машини - 5 Изготвени анализи, доклади и становища, свързани с изпълнението на проекта - 10",Министерство на транспорта и съобщенията
II,192,NP-25.002-0125,,Ремонт на пътнически вагони в заводи,70200.000,0.000,Осигуряване на графика за движение на влаковете с технически изправни пътнически вагони - 30.00,Министерство на транспорта и съобщенията
II,193,NP-25.002-0126,,"Капитален ремонт на 10 бр. локомотиви Шкода серия 44, 45",5973.000,0.000,Увеличаване на надежността на тяговия подвижен състав и увеличаване на процентното изпълнение на График за движение на влаковете. Провеждане на ОП за избор на изпълнител и авансово плащане - 1.00,Министерство на транспорта и съобщенията
II,194,NP-25.002-0127,,Доставка и гаранционна поддръжка на 10 бр. локомотиви,160.489,0.000,Увеличаване на надежността на тяговия подвижен състав и увеличаване на процентното изпълнение на График за движение на влаковете-9.00,Министерство на транспорта и съобщенията
II,195,NP-25.002-0129,,Извършване на техническа поддръжка с включени основни и възстановителни разходи за 5 годишен срок на ДМВ серия 10 и ЕМВ серия 30 и серия 31,5333.873,0.000,Увеличаване на надежността на тяговия подвижен състав и увеличаване на процентното изпълнение на График за движение на влаковете 12.00,Министерство на транспорта и съобщенията
II,196,NP-25.002-0130,,Техническа поддръжка на 15 броя магистрални електрически локомотиви Simens X4-E-lok-D серия 1080-Smartron,2852.564,0.000,Увеличаване на надежността на тяговия подвижен състав и увеличаване на процентното изпълнение на График за движение на влаковете 29.00,Министерство на транспорта и съобщенията
II,197,NP-25.003-0132,,"Инвестиция К08.И02 от НПВУ: „Внедряване на ERTMS на бордово оборудване на магистрални нулевоемисионни електрически локомотиви и нулевоемисионни електрически мотрисни влакове, които оперират по конвенционалната жп мрежа на Р. България“",16677.199,0.000,Повишаване на сигурността и безопасността на пътническите превози с железопътен транспорт Оборудване със система за ERTMS на локомотиви - 74.00,Министерство на транспорта и съобщенията
II,198,NP-25.002-0131,,Ремонт и модернизация на локомотивни и вагонни депа,0.000,0.000,Модернизация и обурудване с машини и съоръжения на локомотивните и вагонните депа -9.00,Министерство на транспорта и съобщенията
II,199,NP-25.002-0132,,Ремонт на железния път и съоръженията за поддържане на достигнатите скорости,40797.151,3004.562,"Подновяване на железен път - 68 Пресъоръжаване на жп прелези - 3 Укрепване на ""слаби"" места - 2 Укрепване на земно скални откоси - 4 Модернизация на прелезни настилки - 80",Министерство на транспорта и съобщенията
II,200,NP-25.002-0133,,Модернизиране на осигурителни системи и прелезни устройства,14862.875,816.147,Пресъоръжаване на автоматични прелезни устройства - 31 Изгреждане на МКЦ - 4 Модернизиране на съществуващи гарови осигурителни техники - 6 Изграждане на оптична кабелна мрежа - 283,Министерство на транспорта и съобщенията
II,201,NP-25.002-0134,,Модернизиране на тягови подстанции,0.000,2340.270,Модернизация и рехабилитация на секционни постове - 1 Изграждане на стълбовна линия от ЖБ/ЖР стълбове - 60 Подмяна контактен проводник и носещо въже – 3 Подмяна разеденители и присъединяване към SCADA - 4 Подмяна на компенсиращи устройства - 4,Министерство на транспорта и съобщенията
II,202,NP-25.002-0135,,Строителство и ремонт на сгради и съоръжения в съответствие с европейските изисквания,2690.000,202.179,Изграждане съоръжения за лица в неравностойно положение - 3 Енергийна ефективност на сградите - 2 Изграждане на фотоволтаични централи - 1,Министерство на транспорта и съобщенията
II,203,NP-25.002-0136,,Възстановяване на проектни параметри на жп линия София-Карлово-Зимница,0.000,0.000,Реконструкция на мостови съоръжения - 1 Подновяване на железен път - 20 Модернизация на гари /коловози и стрелки/ - 1,Министерство на транспорта и съобщенията
II,204,NP-25.002-0137,,Възстановяване на проектните параметри по железопътната линия Русе-Варна,31307.290,0.000,Подновяване на железен път - 54 Пресъоръжаване на прелези - 4 Модернизация на гари /коловози и стрелки/ - 8 Ремонт приемно здание - 8 Изграждане съоръжения за лица в неравностойно положение - 3 Енергийна ефективност на сградите - 1 Изграждане на фотоволтаични централи - 2,Министерство на транспорта и съобщенията
II,205,NP-25.002-0138,,Доставка ЖП Механизация,35470.877,0.000,Доставка на ТПМ за ремонт на железен път - 12 Доставка на механизация за контактна мрежа - 5 Доставка на ТПМ за теснопътна линия - 3 Доставка на платформи оборудвани с кран на жп ход - 6 Доставка на специализирана техника на двоен ход - 7,Министерство на транспорта и съобщенията
II,206,NP-25.002-0139,,Придобиване на транспортни средства,7256.000,0.000,Доставка на автоцистерни - 3 Доставка на възстановителни средства - 3 Доставка на нова автотранспортна техника - 83,Министерство на транспорта и съобщенията
II,207,NP-25.002-0140,,Удвояване и електрификация на жп линия Карнобат-Синдел (проект 7),18062.880,0.000,"Прокопаване на тунел - 642 Прокопаване на евакуационна галерия - 1 Изграждане на естакада - 500 Изграждане на железен път - 2,50",Министерство на транспорта и съобщенията
II,208,NP-25.002-0141,,"Дофинансиране на ДП НКЖИ за проект: ""Модернизация на железопътната линия София-Пловдив - жп участъка Елин Пелин – Костенец, фаза 1 и фаза 2""",107429.787,72365.367,"Дължина на реконструираните или модернизирани железопътни линии — TEN-T - 29,09 Изградена/подновена контактна мрежа - 104,45 Реконструирани, модернизирани или изградени тунели - 20,82 Изградени/модернизирани коловозни развития в гари - 2,00 Изградени надлези/подлези на пътища от РПМ - 5 Обща дължина на изградени, реконструирани, модернизирани мостове - 2 961 Допустими максимални скорости по железен път - 160 Възстановени/ ремонтирани/ модернизирани тягови подстанции - 2 Извършена работа с пътнически железопътен транспорт - 595 Изградена/инсталирана система за управление/контрол/комуникация/сигнализация - 4 Доставено оборудване, обзавеждане, машини - 1 Изградена оптична кабелна линия - 51 044 Дължина на новите жп линии -TEN-T(Устойчива трансевропейска транспортна мрежа) - 73",Министерство на транспорта и съобщенията
II,209,NP-25.002-0142,,"Дофинансиране на ДП НКЖИ за проект: ""Развитие на железопътен възел София: жп участък София-Волуяк""",3651.193,0.000,"Реконструирана двойна жп линия София ( без гарата)- Волуяк ( без гарата) - 6,05 Реконструирани 28 бр. коловози от които 13 в ЦГ София и 15 в гара Волуяк - 28 Изградена нова гара Обеля - 1 Изградени пешеходни прелези и подлези - 7 Изграждане на пътен тунел - 1 Модернизация на мостове - 3 Рехабилитация на КМ - 31 Изграждане на нова КМ - 10 Осигурителни системи и телекомуникация - 1 ERTMS - 21,36",Министерство на транспорта и съобщенията
II,210,NP-25.002-0143,,"Дофинансиране на ДП НКЖИ за проект: ""Модернизация на железопътен участък София - Елин Пелин""",9000.000,0.000,"Премахнати ж.п. Прелези - 2 Строителство/реконструкция/рехабилитация на мостове - 6 Строителство/реконструкция/рехабилитация на подлези - 15 Строителство/реконструкция/рехабилитация на надлези - 2 Строителство/реконструкция на перони - 13 Модернизирани и реконструирани двойна жп линия и контактна мрежа, съответстваща на изискванията на ТСОС -22",Министерство на транспорта и съобщенията
II,211,NP-25.002-0144,,"Дофинансиране на ДП НКЖИ за проект : ""Модернизация на железопътния участък Костенец-Септември""",52285.628,53123.802,"Модернизирани и реконструирани двойна жп линия и контактна мрежа, съответстваща на изискванията на ТСОС - 24,48 Изграждане на нова ж.п. гара и реконструкция на съществуваща ж.п. гара - 2 Реконструкция на съществуваща тягова подстанция - 1 Изграждане на тунели - 3 Изграждане на мостове и виадукти - 23 Изграждане на нови пътни надлеза - 3 Изграждане на нови пътни подлези - 1 Изграждане на подпорни стени - 4 792,08 Изграждане на дренажни тръби - 604,50 Изграждане на шумозащитни бариери - 3 698,88 Изграждане на системи за управление на железопътно движение в нови гари - 2",Министерство на транспорта и съобщенията
II,212,NP-25.002-0145,,"Дофинансиране на ДП НКЖИ за проект: ""Развитие на железопътен възел Пловдив""",12130.108,0.000,Желен път - 59 Контактна мрежа - 68 СиТ - 23 Мостове - 2 Подлези/надлези - 9,Министерство на транспорта и съобщенията
II,213,NP-25.002-0146,,"Дофинансиране на ДП НКЖИ за проект: ""Рехабилитация на железопътната инфраструктура по жп линията Пловдив-Бургас, Фаза 2, Етап 1""",107708.711,75725.206,Подновени/модернизирани железопътни линии - 33 Възстановени/ ремонтирани/ модернизирани тягови подстанции - 1 Премахнати ж.п. прелези - 11 Изградени селскостопански надлези - 11 Изградена/подновена контактна мрежа - 37,Министерство на транспорта и съобщенията
II,214,NP-25.002-0147,,"Платформа за централизирано синхронизиране, интегриране и анализ на данни на внедрените системи в ДП НКЖИ",2808.000,0.000,"Изготвени анализи, доклади и становища, свързани с изпълнението на проекта - 42 Подготвен/актуализиран формуляр за кандидатстване - 1 Одобрен идеен/технически/работен проект - 1 Доставено оборудване, обзавеждане, машини - 1 Инсталирана информационна система - 1",Министерство на транспорта и съобщенията
II,215,NP-25.002-0148,,"Осигуряване на система от решения в областта на киберсигурността, допринасящи за достигането на кибер безопасна и сигурна инфраструктура на ДП НКЖИ",10665.280,0.000,"Постигане на сигурна вътрешна и външна среда - 1 Довеждане на комуникационната и изчислителната инфраструктура на ДП НКЖИ до състояние на кибер безопастност и устойчивост - 1 Постигане на съвместимост и покриване на изискванията на Закона за киберсигурност, Наредба за минималните изисквания за мрежова и информационна сигурност, EN ISO/IEC 27001:2013 или еквивалент и GDPR - 1 Модернизиране на критичното комуникационно и ИТ оборудване и изграждането на гъвкава и ефективна информационна инфраструктура, базирана на виртуализация на ресурсите - 1 Постигане на висока отказоустойчивост и надеждност за критичните информационни ресурси - 1 Изграждане на централизирано наблюдение и управление на комуникационните и изчислителните ресурси - 1 Изграждане на централизирано наблюдение и управление на системи за киберсигурност, съотвестващи на нормативните изисквания - 1 Максимално интегриране на наличните системи в системата, предмет на настоящата поръчка с цел надграждане на наличните при Възложителя системи - 1 Създаване на център за управление на сигурността (SOC) с местонахождение в гр.София - 1",Министерство на транспорта и съобщенията
II,216,NP-25.003-0133,,Допълнително споразумение към сключен договор за изпълнение на обект: „Ремонтно-възстановителни и укрепителни работи по Вълнолом Варна – II етап“,1547.900,1547.900,дължина (л.м) на ремонтираното и укрепено съоръжение - Вълнолом Варна - 463,Министерство на транспорта и съобщенията
II,217,NP-25.003-0134,,"Допълнителни споразумения към сключен договор за изпълнение на обект: ""Проектиране и удълбочаване на Канал 1 и Канал 2, Пристанище Варна - инженеринг""",21389.400,22070.800,"постигане на по-голяма дълбочина на плавателните канали - 14,50",Министерство на транспорта и съобщенията
II,218,NP-25.003-0135,,Покупка на нов вертолет,88012.400,0.000,Брой вертолети - 1,Министерство на транспорта и съобщенията
II,219,NP-25.003-0136,,Покупка на нов самолет,209000.000,0.000,Брой самолети - 1,Министерство на транспорта и съобщенията
II,220,NP-25.003-0137,,"Доставка, внедряване и поддръжка на система за издаване, продажба и проверка на превозни документи на „БДЖ-Пътнически превози“ ЕООД, изграждане и поддръжка на оперативна съвместимост със системи за издаване на превозни документи,структуриране, обработка и поддръжка на данни, структури от данни и интерфейси за обмен на данни, включително интерфейси за обмен на данни в отворен формат",15468.000,0.000,"1. Бизнес анализ на съществуващата система и възможностите за интеграция със съществуващата система-1.00; 2. Доставка, внедряване и поддръжка на основни модули за маршрутизиране, билетоиздаване и резервации-3.00; 3. Софтуерна разработка на модул ,,Интеграционен слой""-1.00",Министерство на транспорта и съобщенията
II,221,NP-25.002-0168,,Център за киберсигурност и споделени информационни ресурси,2411.900,2038.172,"Довършване на втория етап от изграждането на Център за киберсигурност и споделени информационни ресурси на стойност 2411,9 хил. лв. в срок до края на 2025 г. при осигурено финансиране",Държавна агенция „Национална сигурност“
II,222,NP-25.003-0138,,Програмни продукти и лицензи за съществуващи системи на ДАНС,490.700,0.000,Периодична доставка на ПП и лицензи за съществуващите системи на Агенцията с цел подновяване правото на ползване за не по-малко от 1 година при осигурено финансиране,Държавна агенция „Национална сигурност“
II,223,NP-25.003-0139,,Спешен основен ремонт на техническа сграда на ДАНС,700.000,0.000,Сключване на договор за проектиране и СМР на техническа сграда - 1 бр. Сключване на договор за строителен надзор -1 бр. Срок до края на 2025 г. при осигурено финансиране,Държавна агенция „Национална сигурност“
II,224,NP-25.002-0169,,Придобиване на автомобилна техника за специализиран транспорт с цел осъвременяване на автомобилния парк на НСО,5424.300,0.000,-,Национална служба за охрана
II,225,NP-25.003-0140,,"ГДИН - Изграждане, интегриране и поддържане на периметрови охранителни системи за затворите и изграждане на телефонна система за провеждане на разговори от настанените в местата за лишаване от свобода лица",10915.600,7009.272,"Доставка на специализирано оборудване за периметрова охранителна система на 11 броя затвора Изграждане, интегриране, конфигуриране и поддрърлжане на периметрова охранителна система на 11 затвора /обекта Комуникационна система за провеждане на телефонни разговори в местата за лишаване от свобода с общо 700 бр.телефонни апарати",Министерство на правосъдието
II,226,NP-25.003-0141,,Придобиване на специализирано оборудване за Лаборатория за електромагнитна съвместимост (ЕМС),3000.000,0.000,Придобито специализирано оборудване,Комисия за регулиране на съобщенията
II,227,NP-25.003-0142,,Разширяване и оптимизиране на функционалните и технологичните възможности на Националната система за мониторинг на радиочестотния спектър за граждански нужди (НСМРЧС),10152.700,0.000,Подобрени възможности на НСМРЧС,Комисия за регулиране на съобщенията
II,228,NP-25.002-0174,,Ремонт на складове в бази на ДА ДРВВЗ,10615.051,0.000,Складови бази гр. Българово; с. Ресен; с. Долна махала; с. Ясен; гр. Силистра; гр. Търговище - 95 729 кв.м. застроена площ - 144 829 782,Държавна агенция „Държавен резерв и военновременни запаси“
