quarter,system,code,amount_eur,days
2024Q1,001,01,6567375.34,24
2024Q1,001,02,2159.63,2
2024Q1,001,03,926.78,7
2024Q1,001,10,1750187.05,58
2024Q1,001,18,523317.97,22
2024Q1,001,50,5619.52,6
2024Q1,001,60,7375.09,1
2024Q1,001,89,0.00,1
2024Q1,001,90,168341.74,50
2024Q1,001,91,705582.79,6
2024Q1,001,92,61000.00,6
2024Q1,001,93,45752.42,7
2024Q1,001,98,-177932.34,4
2024Q1,002,01,586495.99,10
2024Q1,002,02,81.87,3
2024Q1,002,03,1423.66,3
2024Q1,002,10,165636.51,19
2024Q1,002,60,77504.35,1
2024Q1,002,91,20451.68,4
2024Q1,002,92,15000.00,2
2024Q1,003,01,6880709.11,57
2024Q1,003,03,12057.48,3
2024Q1,003,10,2786997.89,61
2024Q1,003,18,84795.77,57
2024Q1,003,40,7156725.12,8
2024Q1,003,50,365473.02,6
2024Q1,003,60,1327638.40,20
2024Q1,003,88,173048.97,13
2024Q1,003,89,0.00,2
2024Q1,003,90,21054.30,57
2024Q1,003,91,0.00,2
2024Q1,003,92,0.00,4
2024Q1,003,93,0.00,7
2024Q1,003,98,0.00,7
2024Q1,004,01,422185.50,6
2024Q1,004,03,3080.88,4
2024Q1,004,10,49896.44,11
2024Q1,004,91,109927.75,4
2024Q1,004,92,2430.00,1
2024Q1,004,93,1012.50,2
2024Q1,005,01,128339.37,3
2024Q1,005,03,2117642.75,9
2024Q1,005,10,306208.31,54
2024Q1,005,50,20474.17,4
2024Q1,005,91,5624.22,4
2024Q1,005,92,1405.00,3
2024Q1,005,93,1261.00,2
2024Q1,005,98,-18.81,1
2024Q1,006,01,83540451.60,32
2024Q1,006,03,2050592.49,32
2024Q1,006,10,9842554.76,57
2024Q1,006,18,36805496.54,55
2024Q1,006,20,2353.74,2
2024Q1,006,50,1098792.16,19
2024Q1,006,88,548226.76,26
2024Q1,006,89,0.00,8
2024Q1,006,90,1077248.73,55
2024Q1,006,91,25564.59,1
2024Q1,006,98,-1596928.52,14
2024Q1,010,01,46355812.38,35
2024Q1,010,03,323094.55,15
2024Q1,010,10,14434094.46,61
2024Q1,010,18,25949.98,17
2024Q1,010,20,10.23,1
2024Q1,010,40,656703.15,1
2024Q1,010,50,45225.19,5
2024Q1,010,60,17766.88,1
2024Q1,010,88,512206.68,40
2024Q1,010,89,0.00,3
2024Q1,010,90,20535866.89,34
2024Q1,010,91,0.00,4
2024Q1,010,92,0.00,1
2024Q1,010,93,0.00,16
2024Q1,010,98,0.00,10
2024Q1,011,01,3800503.18,34
2024Q1,011,02,1361.31,2
2024Q1,011,03,107866.09,3
2024Q1,011,05,315.86,1
2024Q1,011,10,9067771.54,55
2024Q1,011,18,8616566.03,29
2024Q1,011,60,-64387.33,2
2024Q1,011,89,-47096.75,4
2024Q1,011,91,20451.68,2
2024Q1,011,92,780000.00,7
2024Q1,011,93,164327.81,47
2024Q1,011,98,-1467.28,7
2024Q1,012,01,129448921.96,41
2024Q1,012,03,4264692.36,15
2024Q1,012,10,34428741.93,59
2024Q1,012,18,5140083.27,53
2024Q1,012,30,337452.64,2
2024Q1,012,40,182825.59,12
2024Q1,012,50,16730946.76,9
2024Q1,012,60,4060475.61,3
2024Q1,012,88,211709.24,20
2024Q1,012,89,0.00,4
2024Q1,012,90,1813487.43,30
2024Q1,012,91,0.00,5
2024Q1,012,92,0.00,4
2024Q1,012,93,0.00,31
2024Q1,012,98,-5252885.32,7
2024Q1,013,01,192914694.05,39
2024Q1,013,03,5158487.39,12
2024Q1,013,10,26369304.16,60
2024Q1,013,18,213129.06,10
2024Q1,013,40,292866.45,6
2024Q1,013,50,2556277.35,11
2024Q1,013,60,9395239.61,46
2024Q1,013,88,5137211.91,54
2024Q1,013,89,35189.02,56
2024Q1,013,90,4285634.06,60
2024Q1,013,91,0.00,4
2024Q1,013,92,0.00,11
2024Q1,013,93,0.00,24
2024Q1,013,98,-7041330.17,21
2024Q1,014,01,26394824.90,48
2024Q1,014,03,429004.02,12
2024Q1,014,10,10035711.99,57
2024Q1,014,18,18089.84,20
2024Q1,014,50,184400.77,5
2024Q1,014,88,5275686.32,47
2024Q1,014,89,0.00,8
2024Q1,014,90,87118.69,37
2024Q1,014,91,17895.22,6
2024Q1,014,92,23000.00,6
2024Q1,014,93,947679.01,13
2024Q1,014,98,-366281.61,11
2024Q1,015,01,25113900.04,45
2024Q1,015,02,379964.38,14
2024Q1,015,03,280498.82,21
2024Q1,015,10,12558013.99,58
2024Q1,015,18,16735.87,12
2024Q1,015,30,2056194.64,39
2024Q1,015,40,190588934.72,49
2024Q1,015,50,5607.24,1
2024Q1,015,60,123454423.93,43
2024Q1,015,89,0.00,11
2024Q1,015,91,17895.22,5
2024Q1,015,92,30000.00,6
2024Q1,015,93,141342.00,5
2024Q1,015,98,-15622919.84,25
2024Q1,016,01,40643726.78,57
2024Q1,016,02,87377.08,20
2024Q1,016,03,2289359.82,32
2024Q1,016,10,15590302.65,60
2024Q1,016,18,529576.82,22
2024Q1,016,20,278.29,6
2024Q1,016,30,39920420.72,21
2024Q1,016,40,13728.19,5
2024Q1,016,50,197704.63,5
2024Q1,016,60,30565065.21,15
2024Q1,016,80,27089.80,1
2024Q1,016,88,1931203.02,30
2024Q1,016,89,0.00,4
2024Q1,016,90,118547.83,37
2024Q1,016,92,10000.00,2
2024Q1,016,93,41989.56,5
2024Q1,016,98,-4901.37,11
2024Q1,017,01,42324683.69,52
2024Q1,017,03,1098671.66,47
2024Q1,017,10,24094272.99,58
2024Q1,017,18,30.29,2
2024Q1,017,40,5059203.24,54
2024Q1,017,50,3385011.44,7
2024Q1,017,60,84005190.31,37
2024Q1,017,88,3543904.72,54
2024Q1,017,89,686966.82,14
2024Q1,017,90,255.65,1
2024Q1,017,91,69331.49,13
2024Q1,017,92,42000.00,6
2024Q1,017,93,5206783.49,35
2024Q1,017,98,-823214.67,41
2024Q1,018,01,20162623.92,51
2024Q1,018,02,3160.76,3
2024Q1,018,03,272174.83,36
2024Q1,018,05,32.49,1
2024Q1,018,10,12881820.52,57
2024Q1,018,18,2752647.68,54
2024Q1,018,20,2.40,1
2024Q1,018,30,4374850.48,18
2024Q1,018,40,230906.46,31
2024Q1,018,50,772856.06,17
2024Q1,018,60,512635.72,15
2024Q1,018,88,115014.55,22
2024Q1,018,89,16031.22,21
2024Q1,018,90,702307.47,42
2024Q1,018,91,23008.14,4
2024Q1,018,92,20000.00,4
2024Q1,018,93,52102.93,17
2024Q1,018,98,-1284572.03,27
2024Q1,019,01,5829724.29,47
2024Q1,019,02,407.22,2
2024Q1,019,03,95477.93,26
2024Q1,019,10,4279382.25,58
2024Q1,019,18,19608.93,23
2024Q1,019,20,24.71,2
2024Q1,019,40,22282.61,5
2024Q1,019,50,21984.69,4
2024Q1,019,60,8841024.85,22
2024Q1,019,88,4765599.80,46
2024Q1,019,89,18486.46,4
2024Q1,019,90,84644.74,11
2024Q1,019,91,15338.76,4
2024Q1,019,92,38000.00,5
2024Q1,019,93,114698.12,18
2024Q1,019,98,-1522153.80,8
2024Q1,020,01,4328224.53,46
2024Q1,020,02,1533.88,2
2024Q1,020,03,12888.56,13
2024Q1,020,10,3064929.02,61
2024Q1,020,18,626274.87,12
2024Q1,020,20,1.74,1
2024Q1,020,40,993572.37,5
2024Q1,020,50,264287.63,3
2024Q1,020,88,114901.31,20
2024Q1,020,89,73322.31,3
2024Q1,020,90,14334.03,37
2024Q1,020,92,0.00,7
2024Q1,020,93,0.00,35
2024Q1,020,98,-3866.87,4
2024Q1,021,01,10520549.46,43
2024Q1,021,02,63694.61,6
2024Q1,021,03,36651.46,17
2024Q1,021,05,57.37,1
2024Q1,021,10,105309087.23,60
2024Q1,021,18,43830.20,21
2024Q1,021,20,138.88,1
2024Q1,021,40,219183.02,16
2024Q1,021,50,90691614.00,11
2024Q1,021,60,6502172.35,18
2024Q1,021,80,10157349.66,1
2024Q1,021,88,12494.05,8
2024Q1,021,89,0.00,3
2024Q1,021,90,693544.22,37
2024Q1,021,91,20451.68,3
2024Q1,021,92,45000.00,5
2024Q1,021,93,188643.54,11
2024Q1,021,98,-64529.27,9
2024Q1,022,01,19060811.92,49
2024Q1,022,03,199117.07,20
2024Q1,022,10,6822271.74,60
2024Q1,022,18,3039531.82,54
2024Q1,022,30,6198855.99,7
2024Q1,022,40,111132.61,3
2024Q1,022,50,236794.06,5
2024Q1,022,60,8204495.93,46
2024Q1,022,88,286375.02,27
2024Q1,022,89,40223.29,13
2024Q1,022,90,1178407.83,25
2024Q1,022,91,30677.52,5
2024Q1,022,92,75000.00,8
2024Q1,022,93,138056.55,10
2024Q1,022,98,-782467.18,10
2024Q1,023,01,5848549.42,31
2024Q1,023,03,60936.36,12
2024Q1,023,10,3728755.85,55
2024Q1,023,20,116781.42,1
2024Q1,023,30,73255321.68,7
2024Q1,023,50,18051903.08,3
2024Q1,023,60,111033.56,18
2024Q1,023,80,540250.00,1
2024Q1,023,88,2726.47,7
2024Q1,023,90,-65812.31,26
2024Q1,023,91,0.00,7
2024Q1,023,92,0.00,3
2024Q1,023,93,0.00,18
2024Q1,023,98,0.00,11
2024Q1,024,01,945054.72,19
2024Q1,024,02,896.85,3
2024Q1,024,03,180.99,3
2024Q1,024,10,210494.45,33
2024Q1,024,30,5614193.46,2
2024Q1,024,88,19787861.63,13
2024Q1,024,89,0.00,1
2024Q1,024,90,1619.70,3
2024Q1,024,91,4090.34,1
2024Q1,024,92,8000.00,1
2024Q1,024,93,41417.89,8
2024Q1,024,98,-19753292.82,4
2024Q1,025,01,2195999.76,34
2024Q1,025,02,1609.40,3
2024Q1,025,03,25611.46,10
2024Q1,025,10,1146992.74,51
2024Q1,025,18,30.68,1
2024Q1,025,30,8306068.08,35
2024Q1,025,40,1345699.00,21
2024Q1,025,50,7666.56,1
2024Q1,025,60,664679.45,3
2024Q1,025,88,33783.07,15
2024Q1,025,91,25564.60,7
2024Q1,025,92,6405.00,8
2024Q1,025,93,68717.06,3
2024Q1,032,01,290195.43,6
2024Q1,032,03,21.50,1
2024Q1,032,10,110290.28,36
2024Q1,032,98,-159.90,2
2024Q1,033,01,296397.02,14
2024Q1,033,10,132140.82,44
2024Q1,033,91,9714.55,6
2024Q1,033,93,3010.00,4
2024Q1,034,01,314026.17,9
2024Q1,034,10,132417.24,40
2024Q1,034,91,0.00,6
2024Q1,034,92,0.00,5
2024Q1,034,93,0.00,3
2024Q1,034,98,0.00,1
2024Q1,037,01,971488.89,9
2024Q1,037,03,770.01,3
2024Q1,037,10,185568.13,23
2024Q1,037,18,7075.82,4
2024Q1,037,88,1840.65,1
2024Q1,037,91,12782.30,2
2024Q1,040,01,270642.32,7
2024Q1,040,03,3612.27,3
2024Q1,040,10,115661.74,18
2024Q1,040,18,3.33,3
2024Q1,040,50,12712.76,1
2024Q1,040,91,4601.64,3
2024Q1,040,92,2000.00,1
2024Q1,040,93,9875.00,2
2024Q1,041,01,2187081.55,35
2024Q1,041,03,19146.15,7
2024Q1,041,05,9361.24,2
2024Q1,041,10,574207.46,55
2024Q1,041,18,27590.67,8
2024Q1,041,88,417222.71,4
2024Q1,041,91,6135.51,5
2024Q1,041,92,5500.00,5
2024Q1,041,93,6694.42,6
2024Q1,042,01,433557.88,9
2024Q1,042,10,69438.26,15
2024Q1,042,18,4006.15,6
2024Q1,042,50,37211.21,1
2024Q1,042,89,127.82,1
2024Q1,042,91,27098.47,5
2024Q1,042,92,1495.00,4
2024Q1,042,98,-6698.54,1
2024Q1,043,01,868806.49,6
2024Q1,043,03,1019.61,3
2024Q1,043,10,226526.85,32
2024Q1,043,60,30405083.78,1
2024Q1,043,90,5756.12,3
2024Q1,043,91,13293.59,7
2024Q1,043,92,8500.00,6
2024Q1,043,93,56679.07,6
2024Q1,043,98,-11510.63,2
2024Q1,044,01,150146.10,9
2024Q1,044,03,3015.61,3
2024Q1,044,10,61395.00,31
2024Q1,044,50,8660.32,1
2024Q1,044,91,2045.16,4
2024Q1,044,93,4180.00,6
2024Q1,044,98,-17036.88,4
2024Q1,045,01,840197.61,6
2024Q1,045,10,168123.68,27
2024Q1,045,50,6166.18,1
2024Q1,045,91,5112.92,3
2024Q1,045,92,220.00,2
2024Q1,045,93,30090.00,2
2024Q1,046,01,378416.69,7
2024Q1,046,10,175840.54,31
2024Q1,046,18,791.31,1
2024Q1,046,91,3067.74,6
2024Q1,046,92,1290.00,3
2024Q1,046,93,129077.95,8
2024Q1,046,98,-5414.07,1
2024Q1,047,01,1262517.72,6
2024Q1,047,03,10203.58,8
2024Q1,047,10,211698.96,17
2024Q1,047,18,470450.48,2
2024Q1,047,50,21601.10,2
2024Q1,047,90,5547.48,7
2024Q1,047,91,0.00,6
2024Q1,047,92,0.00,4
2024Q1,047,93,0.00,6
2024Q1,048,01,913505.41,6
2024Q1,048,03,5841.15,3
2024Q1,048,10,182243.03,33
2024Q1,048,18,23515.66,12
2024Q1,048,91,14827.47,6
2024Q1,048,92,4000.00,3
2024Q1,048,93,40514.96,8
2024Q1,048,98,-4201.49,2
2024Q1,053,01,959712.48,21
2024Q1,053,03,5822.32,7
2024Q1,053,10,19377360.97,43
2024Q1,053,50,110011.57,3
2024Q1,053,90,122.71,1
2024Q1,053,91,0.00,4
2024Q1,053,93,0.00,3
2024Q1,053,98,0.00,3
2024Q1,055,01,11077340.60,55
2024Q1,055,02,68948.48,2
2024Q1,055,03,239898.43,3
2024Q1,055,05,967364.18,2
2024Q1,055,10,6287503.55,62
2024Q1,055,18,152929.64,6
2024Q1,055,40,2897467898.16,63
2024Q1,055,89,0.00,6
2024Q1,055,90,11717886.24,61
2024Q1,055,91,511.29,3
2024Q1,055,92,11760.00,12
2024Q1,055,93,16645671.12,38
2024Q1,055,95,258013.49,3
2024Q1,055,98,-14887836.08,21
2024Q1,056,01,6617835.10,17
2024Q1,056,02,766.95,3
2024Q1,056,05,1180584.21,2
2024Q1,056,10,1837899.91,59
2024Q1,056,20,23.55,1
2024Q1,056,40,980188514.98,55
2024Q1,056,50,1151725.87,2
2024Q1,056,60,305810.83,2
2024Q1,056,88,484094.94,12
2024Q1,056,89,5071.35,9
2024Q1,056,90,6528.05,17
2024Q1,056,91,30677.52,2
2024Q1,056,93,5850079.91,18
2024Q1,056,95,161123.10,2
2024Q1,056,98,-22373097.41,13
2024Q1,061,01,3775098.15,56
2024Q1,061,03,24937.76,5
2024Q1,061,10,3940240.37,60
2024Q1,061,18,578602.73,22
2024Q1,061,50,578238.85,13
2024Q1,061,89,0.00,3
2024Q1,061,91,76693.80,6
2024Q1,061,92,36120.00,10
2024Q1,061,93,818828.99,14
2024Q1,061,98,-1419.30,5
2024Q1,062,01,3343831.34,42
2024Q1,062,02,3667.10,3
2024Q1,062,03,48652.71,3
2024Q1,062,10,2544733.25,56
2024Q1,062,18,52164.57,4
2024Q1,062,30,1022.58,1
2024Q1,062,50,577472.90,6
2024Q1,062,89,21392.45,7
2024Q1,062,90,41588.40,3
2024Q1,062,91,0.00,4
2024Q1,062,92,10000.00,2
2024Q1,062,93,0.00,23
2024Q1,062,98,-28.12,1
2024Q1,063,01,630873.69,2
2024Q1,063,03,9907.87,2
2024Q1,063,10,1078744.11,35
2024Q1,063,91,10225.84,5
2024Q1,063,92,5000.00,3
2024Q1,063,93,76829.00,19
2024Q1,063,98,-46.19,1
2024Q1,071,01,497167.49,19
2024Q1,071,03,144.18,1
2024Q1,071,10,1445387.62,40
2024Q1,071,18,22453.01,3
2024Q1,071,20,998.93,1
2024Q1,071,30,2551901.50,3
2024Q1,071,50,2660.97,1
2024Q1,071,60,588260.68,2
2024Q1,071,88,226398.66,3
2024Q1,071,90,117921.91,4
2024Q1,071,91,5112.92,1
2024Q1,071,92,30000.00,2
2024Q1,071,93,1142017.07,23
2024Q1,071,98,-800838.15,4
2024Q1,074,01,2295992.52,27
2024Q1,074,10,385103.39,51
2024Q1,074,18,7797.82,14
2024Q1,074,30,152659.80,4
2024Q1,074,88,285830.01,39
2024Q1,074,93,667320.54,3
2024Q1,075,01,2276588.26,17
2024Q1,075,03,8207.84,4
2024Q1,075,10,1605403.48,34
2024Q1,075,18,55120.66,10
2024Q1,075,50,20425.38,1
2024Q1,075,60,4773.49,2
2024Q1,075,88,91021.05,1
2024Q1,075,91,0.00,2
2024Q1,075,92,0.00,2
2024Q1,075,93,0.00,2
2024Q1,082,01,411804.36,6
2024Q1,082,03,2645.63,3
2024Q1,082,10,240144.96,14
2024Q1,082,50,9208.16,1
2024Q1,082,60,82725.09,11
2024Q1,082,91,12271.00,4
2024Q1,082,92,230.00,1
2024Q1,082,98,-1533.88,1
2024Q1,083,01,123497.18,13
2024Q1,083,03,555.78,3
2024Q1,083,10,64308.32,32
2024Q1,083,91,0.00,5
2024Q1,083,92,0.00,3
2024Q1,083,93,0.00,4
2024Q1,083,98,0.00,1
2024Q1,084,01,7496413.47,14
2024Q1,084,10,1718257.14,56
2024Q1,084,18,736212.02,57
2024Q1,084,30,3336391.37,19
2024Q1,084,40,612140.61,12
2024Q1,084,50,221513.06,4
2024Q1,084,60,39185243.73,9
2024Q1,084,89,0.00,2
2024Q1,084,91,20451.68,6
2024Q1,084,92,9000.00,5
2024Q1,084,93,14651.31,2
2024Q1,084,98,-764265.13,5
2024Q1,085,01,122443.64,3
2024Q1,085,10,25305.16,13
2024Q1,085,91,0.00,4
2024Q1,085,98,-237.76,2
2024Q1,119,01,194700.22,8
2024Q1,119,10,101831217.51,24
2024Q1,119,30,16182.39,1
2024Q1,119,40,148601.87,2
2024Q1,119,60,6025934.21,18
2024Q1,119,70,779096.55,2
2024Q1,119,88,100222.34,6
2024Q1,119,90,1677.32,5
2024Q1,119,91,2556.46,1
2024Q1,119,98,-101709520.00,2
2024Q1,122,18,2250887.06,9
2024Q1,122,30,23503002.30,20
2024Q1,122,40,28926865.18,18
2024Q1,122,50,21736808.82,16
2024Q1,122,60,8121633.50,15
2024Q1,122,89,139661476.23,20
2024Q1,122,98,-40188182.71,17
2024Q1,124,01,131123.38,4
2024Q1,124,02,43117.34,3
2024Q1,124,10,45847.11,12
2024Q1,124,30,322437354.62,8
2024Q1,124,96,1371.74,1
2024Q1,124,98,-16272.54,1
2024Q1,129,01,447038.06,3
2024Q1,129,03,1458.23,2
2024Q1,129,05,175624.95,3
2024Q1,129,10,197373.96,37
2024Q1,129,18,2556.46,1
2024Q1,129,91,5112.92,2
2024Q1,133,01,4449113.26,23
2024Q1,133,02,21015.69,4
2024Q1,133,03,39941.68,9
2024Q1,133,10,2762536.47,52
2024Q1,133,18,112485.47,18
2024Q1,133,20,388.34,8
2024Q1,133,40,5624.19,6
2024Q1,133,50,200461.31,16
2024Q1,133,60,2137681.68,6
2024Q1,133,88,688562.54,30
2024Q1,133,89,1927.58,6
2024Q1,133,90,93850.82,17
2024Q1,133,91,2045.16,3
2024Q1,133,93,43694.38,3
2024Q1,133,98,-142244.65,10
2024Q1,134,01,127863.78,5
2024Q1,134,02,14135.99,5
2024Q1,134,03,225.33,4
2024Q1,134,10,140312.54,17
2024Q1,134,18,5012.95,7
2024Q1,134,89,0.00,1
2024Q1,134,90,3756.73,2
2024Q1,134,98,-683.62,1
2024Q1,181,01,791898.03,9
2024Q1,181,03,740.91,3
2024Q1,181,10,77848.15,19
2024Q1,181,60,51.13,1
2024Q1,181,91,15338.76,3
2024Q1,181,92,615.00,2
2024Q1,422,01,81736006.03,59
2024Q1,422,02,14667143.53,56
2024Q1,422,03,1187008.23,51
2024Q1,422,05,18174761.16,55
2024Q1,422,10,72982229.46,60
2024Q1,422,18,504552.87,57
2024Q1,422,20,4964.58,8
2024Q1,422,30,2214187.86,41
2024Q1,422,40,32171136.15,55
2024Q1,422,50,8124883.04,55
2024Q1,422,60,6174973.94,43
2024Q1,422,70,88863.98,4
2024Q1,422,80,4364.60,4
2024Q1,422,88,298214.92,25
2024Q1,422,89,1164916.55,40
2024Q1,422,90,129156.36,38
2024Q1,422,98,-46287.50,44
2024Q1,519,88,5008788.98,34
2024Q1,519,89,2204780.02,25
2024Q1,519,90,22788.57,2
2024Q1,579,89,30052750.65,26
2024Q1,581,89,81871361.07,59
2024Q1,582,89,34075504.24,48
2024Q1,735,01,12741.15,6
2024Q1,735,02,12563.13,8
2024Q1,735,05,1212.89,3
2024Q1,735,10,11759.72,2
2024Q1,735,40,122932.05,6
2024Q1,735,60,4052.59,1
2024Q1,735,91,255.65,1
2024Q1,745,40,12218553.36,35
2024Q1,801,01,12193600.48,43
2024Q1,801,03,701792.90,4
2024Q1,801,05,7900.00,2
2024Q1,801,10,4952042.55,61
2024Q1,801,18,161.94,2
2024Q1,801,40,1780964.91,7
2024Q1,801,50,887563.88,22
2024Q1,801,60,3170031.78,20
2024Q1,801,89,0.00,3
2024Q1,801,91,102258.38,1
2024Q1,801,93,584816.53,41
2024Q1,801,98,-4278.07,9
2024Q1,802,01,4787902.10,29
2024Q1,802,02,5686.18,3
2024Q1,802,03,2940.87,8
2024Q1,802,10,577322.32,42
2024Q1,802,18,194303.14,8
2024Q1,802,40,1122909.46,8
2024Q1,802,50,341807.60,8
2024Q1,803,01,1434324.47,17
2024Q1,803,03,24969.28,7
2024Q1,803,10,437558.83,34
2024Q1,803,18,85298.97,6
2024Q1,803,40,105170.18,3
2024Q1,803,50,20173.54,2
2024Q1,803,70,30548.76,3
2024Q1,803,88,18767.01,5
2024Q1,803,90,713.26,3
2024Q1,804,01,2562714.50,20
2024Q1,804,10,363274.74,44
2024Q1,804,18,187150.59,19
2024Q1,804,40,503722.22,10
2024Q1,804,50,5901.13,3
2024Q1,804,88,20451.68,1
2024Q1,804,90,57301.75,3
2024Q1,805,01,2009583.99,17
2024Q1,805,10,867524.06,38
2024Q1,805,40,686629.20,4
2024Q1,805,88,22146.99,16
2024Q1,806,01,1685922.56,23
2024Q1,806,10,287388.10,33
2024Q1,806,18,1626.86,4
2024Q1,806,40,460095.49,5
2024Q1,806,89,0.00,2
2024Q1,806,90,14705.23,5
2024Q1,806,98,-1565.31,5
2024Q1,811,01,140035.46,12
2024Q1,811,10,2835045.31,30
2024Q1,811,18,11887.33,4
2024Q1,811,40,15709.45,3
2024Q1,811,50,158349.56,4
2024Q1,811,98,-5340.35,2
2024Q1,812,01,6250709.25,33
2024Q1,812,03,77923.09,5
2024Q1,812,10,3935906.28,56
2024Q1,812,18,1544.36,1
2024Q1,812,40,500414.14,16
2024Q1,812,50,42211.65,3
2024Q1,812,60,8744.66,1
2024Q1,812,88,127628.11,10
2024Q1,812,89,76.69,1
2024Q1,812,90,256.83,1
2024Q1,812,91,40392.07,4
2024Q1,812,93,27065.97,11
2024Q1,812,98,-3752.78,1
2024Q1,814,01,1581031.18,9
2024Q1,814,03,339.39,3
2024Q1,814,10,664891.45,39
2024Q1,814,18,27.61,1
2024Q1,814,40,328344.54,3
2024Q1,814,90,1943.74,14
2024Q1,815,01,984286.51,16
2024Q1,815,10,196111.80,40
2024Q1,815,18,24342.79,6
2024Q1,815,40,121820.40,3
2024Q1,815,50,3559.77,2
2024Q1,815,88,1513.55,5
2024Q1,815,89,2931.45,12
2024Q1,815,90,20589.40,21
2024Q1,815,98,-677.36,1
2024Q1,816,01,1869364.05,22
2024Q1,816,03,10401.32,3
2024Q1,816,10,714078.11,46
2024Q1,816,18,90412.94,4
2024Q1,816,40,238558.56,7
2024Q1,816,50,1550850.53,3
2024Q1,816,60,6135.50,1
2024Q1,816,88,213.67,4
2024Q1,816,89,0.00,1
2024Q1,816,90,3669.86,7
2024Q1,816,91,11248.42,5
2024Q1,816,93,1898.91,7
2024Q1,816,98,-1196.42,1
2024Q1,817,01,689465.69,16
2024Q1,817,10,577558.81,40
2024Q1,817,40,65680.55,4
2024Q1,817,50,53708.24,6
2024Q1,817,91,6646.78,9
2024Q1,818,01,1308996.15,10
2024Q1,818,03,19205.61,6
2024Q1,818,10,1031649.11,55
2024Q1,818,18,121735.62,3
2024Q1,818,50,5813.39,1
2024Q1,818,88,683.84,2
2024Q1,818,93,1000.00,1
2024Q1,818,98,-1717.03,2
2024Q1,819,01,1160307.56,16
2024Q1,819,03,10367.61,4
2024Q1,819,10,772462.35,42
2024Q1,819,18,667.64,1
2024Q1,819,40,131637.21,5
2024Q1,819,50,675038.45,5
2024Q1,819,90,47875.41,17
2024Q1,819,91,4090.34,3
2024Q1,819,93,46952.43,14
2024Q1,819,98,-291.45,1
2024Q1,821,01,935141.39,22
2024Q1,821,10,1570615.08,33
2024Q1,821,18,524.51,1
2024Q1,821,40,147840.88,8
2024Q1,821,50,10511.59,2
2024Q1,821,60,54099.28,4
2024Q1,821,90,10050.32,7
2024Q1,822,01,1070443.49,13
2024Q1,822,03,9202.71,4
2024Q1,822,10,236818.98,33
2024Q1,822,18,5816.26,9
2024Q1,822,40,72833.06,7
2024Q1,822,50,6172.96,3
2024Q1,822,60,183919.13,6
2024Q1,822,88,1008.01,5
2024Q1,822,89,79.36,2
2024Q1,822,90,431.53,4
2024Q1,822,98,-320.92,1
2024Q1,823,01,2389733.96,44
2024Q1,823,03,21915.87,8
2024Q1,823,10,1425124.05,52
2024Q1,823,18,102797.44,21
2024Q1,823,40,268999.86,2
2024Q1,823,50,987759.79,21
2024Q1,823,60,407528.79,1
2024Q1,823,89,0.00,1
2024Q1,823,90,26147.85,12
2024Q1,823,98,-2045.17,4
2024Q1,831,01,7667445.93,35
2024Q1,831,03,25254.97,6
2024Q1,831,10,2559565.65,58
2024Q1,831,18,33115.76,8
2024Q1,831,40,353315.10,17
2024Q1,831,50,3040664.10,24
2024Q1,831,60,26359.99,1
2024Q1,831,89,0.00,1
2024Q1,831,90,12605.37,10
2024Q1,831,93,31545.43,21
2024Q1,831,98,-695.81,5
2024Q1,832,01,6391148.51,4
2024Q1,832,03,129296.05,4
2024Q1,832,10,2655262.72,29
2024Q1,832,18,16644.16,1
2024Q1,832,50,741086.89,12
2024Q1,832,60,27350.57,3
2024Q1,832,89,284713.40,1
2024Q1,832,90,38612.11,7
2024Q1,832,98,-115.35,1
2024Q1,833,01,6371089.17,38
2024Q1,833,02,141.88,1
2024Q1,833,03,63045.69,4
2024Q1,833,10,1506305.28,46
2024Q1,833,18,122567.67,10
2024Q1,833,40,350063.84,17
2024Q1,833,50,775406.58,14
2024Q1,833,89,158119.92,14
2024Q1,833,90,33603.52,14
2024Q1,833,98,-345.79,3
2024Q1,835,01,1683919.07,18
2024Q1,835,03,50704.81,3
2024Q1,835,10,910248.47,56
2024Q1,835,40,108766.46,3
2024Q1,835,50,2320824.19,27
2024Q1,835,89,76881.02,2
2024Q1,835,98,-15021.25,2
2024Q1,841,01,3248615.06,16
2024Q1,841,02,4147.11,2
2024Q1,841,03,26124.46,4
2024Q1,841,05,64345.57,1
2024Q1,841,10,2038445.91,57
2024Q1,841,18,102494.13,15
2024Q1,841,20,7762.24,2
2024Q1,841,40,351114.48,2
2024Q1,841,50,144091.51,4
2024Q1,841,60,73433.25,4
2024Q1,841,89,37823.26,3
2024Q1,841,90,593.08,1
2024Q1,841,93,30081.89,19
2024Q1,841,98,-137267.97,4
2024Q1,842,01,873471.86,10
2024Q1,842,03,3467.99,2
2024Q1,842,10,337712.93,41
2024Q1,842,18,65615.00,11
2024Q1,842,40,306478.57,11
2024Q1,842,50,87846.20,4
2024Q1,842,60,63786.85,2
2024Q1,842,88,8952.91,7
2024Q1,842,89,0.00,1
2024Q1,842,90,22667.58,12
2024Q1,842,98,-400.55,1
2024Q1,843,01,690439.48,10
2024Q1,843,03,3090.69,3
2024Q1,843,10,201768.14,22
2024Q1,843,18,613.55,2
2024Q1,843,40,187567.43,5
2024Q1,843,50,40206.46,4
2024Q1,843,89,14885.24,5
2024Q1,843,90,10263.37,9
2024Q1,851,01,744518.90,7
2024Q1,851,10,131166.06,24
2024Q1,851,40,93228.97,4
2024Q1,851,89,33440.29,1
2024Q1,851,90,6295.18,5
2024Q1,852,01,652368.51,13
2024Q1,852,10,162592.73,48
2024Q1,852,18,6445.80,4
2024Q1,852,20,0.02,1
2024Q1,852,40,69502.63,6
2024Q1,852,50,91008.74,8
2024Q1,852,80,37383.40,3
2024Q1,852,90,6544.54,3
2024Q1,852,91,20451.68,2
2024Q1,852,93,37386.18,8
2024Q1,853,01,987332.08,23
2024Q1,853,10,188249.29,19
2024Q1,853,18,78458.65,12
2024Q1,853,40,155621.91,4
2024Q1,853,50,203186.90,10
2024Q1,853,91,10225.84,1
2024Q1,854,01,4877.72,3
2024Q1,854,10,685262.10,31
2024Q1,854,18,11335.34,3
2024Q1,854,89,11200.87,1
2024Q1,854,90,1168.30,3
2024Q1,859,01,1508833.50,5
2024Q1,859,03,52277.29,3
2024Q1,859,10,1177186.00,42
2024Q1,859,20,1808.41,3
2024Q1,859,40,105190.64,3
2024Q1,859,50,251996.78,16
2024Q1,859,60,800.89,1
2024Q1,859,80,36813.03,3
2024Q1,859,89,199737.44,2
2024Q1,859,91,35790.44,5
2024Q1,859,92,1905.00,2
2024Q1,859,93,6346.00,6
2024Q1,859,98,-1656.59,1
2024Q1,867,01,230102.41,6
2024Q1,867,18,212788.45,32
2024Q1,868,01,210939.02,5
2024Q1,868,10,675836.49,25
2024Q1,868,40,26032.40,2
2024Q1,871,01,879422.03,8
2024Q1,871,03,7859.69,3
2024Q1,871,05,6056.25,1
2024Q1,871,10,154394.74,26
2024Q1,871,40,153387.57,3
2024Q1,871,90,433094.50,4
2024Q1,871,93,0.00,16
2024Q1,871,98,-613.55,1
2024Q1,872,01,269086.56,7
2024Q1,872,05,24625.61,1
2024Q1,872,10,226488.07,29
2024Q1,872,18,77.63,1
2024Q1,872,40,34501.97,4
2024Q1,872,50,309034.47,3
2024Q1,872,88,977.08,1
2024Q1,881,01,1072387.70,14
2024Q1,881,03,31836.70,3
2024Q1,881,10,185770.16,17
2024Q1,881,18,4395.30,5
2024Q1,881,40,780.23,1
2024Q1,881,50,10677.00,1
2024Q1,881,90,55057.11,10
2024Q1,881,93,13221.01,4
2024Q1,882,01,2496256.81,33
2024Q1,882,03,56809.32,12
2024Q1,882,05,4817.97,1
2024Q1,882,10,651459.52,42
2024Q1,882,18,5560.95,21
2024Q1,882,40,721564.95,5
2024Q1,882,50,153195.06,3
2024Q1,882,88,15676.97,3
2024Q1,882,89,0.00,1
2024Q1,882,90,62579.02,32
2024Q1,882,98,-49.37,1
2024Q1,883,03,23343.45,3
2024Q1,883,10,3777915.66,56
2024Q1,883,40,3205.80,7
2024Q1,883,50,290485.08,10
2024Q1,883,88,159722.67,24
2024Q1,883,89,3.09,2
2024Q1,883,90,40278.02,10
2024Q1,883,98,-327.84,1
2024Q1,884,01,766101.40,10
2024Q1,884,03,1199.46,3
2024Q1,884,10,506181.20,30
2024Q1,884,18,7444.00,1
2024Q1,884,40,224141.16,3
2024Q1,884,50,9928.04,4
2024Q1,884,90,3298.54,3
2024Q1,890,01,14117780.13,57
2024Q1,890,02,31910.33,13
2024Q1,890,03,154478.65,36
2024Q1,890,05,6886.79,2
2024Q1,890,10,7635221.73,57
2024Q1,890,18,1387273.42,52
2024Q1,890,40,254261.90,36
2024Q1,890,50,457149.20,42
2024Q1,890,60,6222050.29,43
2024Q1,890,88,170170.30,34
2024Q1,890,89,151014.90,32
2024Q1,890,90,265656.30,42
2024Q1,890,91,5112.92,2
2024Q1,890,92,3000.00,1
2024Q1,890,93,14943.89,7
2024Q1,890,98,-86273.76,7
2024Q1,983,01,373149.55,22
2024Q1,983,02,38587.01,12
2024Q1,983,05,73368.03,13
2024Q1,983,10,321862.62,15
2024Q1,983,18,3362311.74,5
2024Q1,983,30,1230766.41,24
2024Q1,983,50,21417318.62,26
2024Q1,983,60,10526528.58,33
2024Q1,983,88,5342991.83,7
2024Q1,983,90,60343.59,1
2024Q1,986,89,577218.93,8
2024Q1,986,93,161.00,4
2024Q1,987,01,8572132.22,20
2024Q1,987,02,111080.77,11
2024Q1,987,03,161.31,3
2024Q1,987,05,262554.66,6
2024Q1,987,10,8605887.54,46
2024Q1,987,30,2603489.91,28
2024Q1,987,40,91089.49,1
2024Q1,987,50,24751025.30,30
2024Q1,987,60,181776850.79,57
2024Q1,987,88,5273315.12,12
2024Q1,987,89,6745744.25,14
2024Q1,987,98,-55499.84,17
2024Q1,989,10,976.98,1
2024Q1,989,30,2034783.40,14
2024Q1,989,60,6697722.57,36
2024Q1,989,89,0.00,1
2024Q1,989,98,-51161.40,1
2024Q2,001,01,6450540.47,27
2024Q2,001,03,1585.85,9
2024Q2,001,10,2430698.45,55
2024Q2,001,18,28291.43,20
2024Q2,001,40,1227.10,2
2024Q2,001,50,137671.73,5
2024Q2,001,60,179102.83,3
2024Q2,001,90,146627.70,39
2024Q2,001,91,1201535.91,5
2024Q2,001,93,162886.31,7
2024Q2,001,98,-178549.30,4
2024Q2,002,01,701316.57,9
2024Q2,002,02,81.87,3
2024Q2,002,03,1704.87,3
2024Q2,002,10,159188.17,18
2024Q2,002,60,31573.76,2
2024Q2,002,91,15338.76,3
2024Q2,002,92,30000.00,4
2024Q2,002,93,6364.50,4
2024Q2,003,01,10578804.90,57
2024Q2,003,03,15711.04,3
2024Q2,003,10,4422406.82,56
2024Q2,003,18,1339994.07,53
2024Q2,003,40,6184118.13,5
2024Q2,003,50,7465973.61,27
2024Q2,003,60,-225714.22,33
2024Q2,003,88,489014.27,21
2024Q2,003,89,0.00,7
2024Q2,003,90,73656.66,49
2024Q2,003,91,0.00,4
2024Q2,003,92,0.00,3
2024Q2,003,93,0.00,8
2024Q2,003,98,0.00,13
2024Q2,004,01,520230.56,6
2024Q2,004,03,3077.29,3
2024Q2,004,10,90761.24,18
2024Q2,004,91,66467.95,2
2024Q2,004,92,1305.00,3
2024Q2,005,01,134673.24,5
2024Q2,005,03,2007596.80,9
2024Q2,005,10,310625.80,51
2024Q2,005,50,58377.00,7
2024Q2,005,91,5112.92,5
2024Q2,005,92,5005.00,2
2024Q2,005,98,-21684.40,1
2024Q2,006,01,83554292.29,36
2024Q2,006,03,2069316.65,30
2024Q2,006,10,9972660.54,58
2024Q2,006,18,6865009.30,55
2024Q2,006,50,2909393.00,54
2024Q2,006,88,373291.95,14
2024Q2,006,89,0.00,9
2024Q2,006,90,589549.02,56
2024Q2,006,91,25564.59,1
2024Q2,006,93,39664.63,2
2024Q2,006,98,-1617062.25,25
2024Q2,010,01,53269952.78,46
2024Q2,010,02,229.53,1
2024Q2,010,03,338175.56,16
2024Q2,010,10,18215826.31,59
2024Q2,010,18,65517.08,17
2024Q2,010,20,30094.11,2
2024Q2,010,50,5350233.41,12
2024Q2,010,60,4806307.81,6
2024Q2,010,80,1319532.82,1
2024Q2,010,88,24166419.43,49
2024Q2,010,89,0.00,4
2024Q2,010,90,-20196399.13,30
2024Q2,010,91,0.00,2
2024Q2,010,93,0.00,18
2024Q2,010,98,0.00,18
2024Q2,011,01,4529191.77,36
2024Q2,011,02,464.42,2
2024Q2,011,03,108931.44,5
2024Q2,011,10,11168788.22,55
2024Q2,011,18,3767779.17,15
2024Q2,011,60,-2236.17,2
2024Q2,011,88,4172864.47,2
2024Q2,011,89,-33743.65,3
2024Q2,011,91,25564.59,1
2024Q2,011,92,100000.00,3
2024Q2,011,93,422121.79,41
2024Q2,011,98,-3860.25,4
2024Q2,012,01,144139265.90,43
2024Q2,012,03,4306699.67,10
2024Q2,012,10,39109272.24,55
2024Q2,012,18,3078722.16,47
2024Q2,012,30,786537.17,5
2024Q2,012,40,254036.62,17
2024Q2,012,50,361296529.61,22
2024Q2,012,60,5875898.21,4
2024Q2,012,88,169805.40,16
2024Q2,012,89,0.00,2
2024Q2,012,90,3450343.70,25
2024Q2,012,91,0.00,4
2024Q2,012,92,0.00,4
2024Q2,012,93,0.00,30
2024Q2,012,98,-8568928.88,13
2024Q2,013,01,209356873.55,38
2024Q2,013,03,5316833.59,14
2024Q2,013,10,36835559.86,57
2024Q2,013,18,4110.79,3
2024Q2,013,40,1066008.99,8
2024Q2,013,50,6996959.63,31
2024Q2,013,60,18117662.94,47
2024Q2,013,88,7830185.17,49
2024Q2,013,89,43185.03,55
2024Q2,013,90,6741785.46,57
2024Q2,013,91,0.00,7
2024Q2,013,92,0.00,9
2024Q2,013,93,0.00,17
2024Q2,013,98,-14006117.46,29
2024Q2,014,01,31924705.18,52
2024Q2,014,03,496646.35,13
2024Q2,014,10,14379290.40,56
2024Q2,014,18,28834.10,26
2024Q2,014,50,358586.53,8
2024Q2,014,60,524.99,1
2024Q2,014,88,5045570.50,32
2024Q2,014,89,0.00,13
2024Q2,014,90,105016.57,30
2024Q2,014,91,7158.10,5
2024Q2,014,92,11000.00,4
2024Q2,014,93,293709.37,6
2024Q2,014,96,51.12,2
2024Q2,014,98,-339067.86,18
2024Q2,015,01,26966240.62,48
2024Q2,015,02,372712.46,18
2024Q2,015,03,257285.24,20
2024Q2,015,10,8990529.25,54
2024Q2,015,18,2096.60,6
2024Q2,015,30,2940362.45,41
2024Q2,015,40,181018843.02,48
2024Q2,015,50,40710.07,6
2024Q2,015,60,142176281.03,42
2024Q2,015,80,102.26,1
2024Q2,015,89,0.00,9
2024Q2,015,90,81.64,3
2024Q2,015,91,7669.38,3
2024Q2,015,92,100000.00,7
2024Q2,015,93,1918144.01,14
2024Q2,015,98,-26501579.80,28
2024Q2,016,01,47874119.65,58
2024Q2,016,02,108176.69,31
2024Q2,016,03,728520.35,31
2024Q2,016,05,12.27,1
2024Q2,016,10,22205759.29,55
2024Q2,016,18,36364.08,18
2024Q2,016,20,179.87,5
2024Q2,016,30,42845309.07,24
2024Q2,016,40,15174.94,6
2024Q2,016,50,804850.23,7
2024Q2,016,60,27017408.20,16
2024Q2,016,70,6937719.54,4
2024Q2,016,88,2228283.05,30
2024Q2,016,89,0.00,10
2024Q2,016,90,102728.61,36
2024Q2,016,93,6678429.38,5
2024Q2,016,98,-431095.52,23
2024Q2,017,01,47681240.05,58
2024Q2,017,03,1474031.27,54
2024Q2,017,10,12511395.89,56
2024Q2,017,40,4640231.72,58
2024Q2,017,50,1278684.45,33
2024Q2,017,60,138627603.04,47
2024Q2,017,88,3924993.59,54
2024Q2,017,89,0.00,11
2024Q2,017,91,75575.73,14
2024Q2,017,92,40000.00,11
2024Q2,017,93,7689870.42,36
2024Q2,017,98,-3929609.80,41
2024Q2,018,01,22625125.53,50
2024Q2,018,02,2819.98,2
2024Q2,018,03,260056.25,37
2024Q2,018,10,12260374.24,55
2024Q2,018,18,3555113.40,50
2024Q2,018,20,0.98,1
2024Q2,018,30,7412221.41,22
2024Q2,018,40,312798.61,31
2024Q2,018,50,1356423.68,23
2024Q2,018,60,233316.40,13
2024Q2,018,88,369143.75,16
2024Q2,018,89,39085.30,26
2024Q2,018,90,521082.48,42
2024Q2,018,91,28121.06,3
2024Q2,018,92,15000.00,2
2024Q2,018,93,36039.15,18
2024Q2,018,98,-682896.61,33
2024Q2,019,01,7244652.22,55
2024Q2,019,02,7666.95,6
2024Q2,019,03,116297.81,26
2024Q2,019,10,4115178.40,55
2024Q2,019,18,41820.23,12
2024Q2,019,20,6.30,1
2024Q2,019,40,28000.90,5
2024Q2,019,50,216048.45,20
2024Q2,019,60,11383024.00,22
2024Q2,019,88,12690664.93,50
2024Q2,019,89,208.36,3
2024Q2,019,90,41028.31,12
2024Q2,019,91,15338.76,3
2024Q2,019,92,41000.00,5
2024Q2,019,93,670814.01,19
2024Q2,019,98,-2135009.94,7
2024Q2,020,01,5300673.74,47
2024Q2,020,02,766.94,1
2024Q2,020,03,19959.04,12
2024Q2,020,10,2264057.69,57
2024Q2,020,18,32988.06,15
2024Q2,020,20,6.90,3
2024Q2,020,40,1494329.93,10
2024Q2,020,50,3802950.04,6
2024Q2,020,60,3204467.02,4
2024Q2,020,80,40.90,1
2024Q2,020,88,81846.17,20
2024Q2,020,89,-73322.31,5
2024Q2,020,90,-567809.35,36
2024Q2,020,92,0.00,4
2024Q2,020,93,0.00,38
2024Q2,020,98,-32961.06,6
2024Q2,021,01,13162653.17,44
2024Q2,021,02,10837.05,4
2024Q2,021,03,41907.54,15
2024Q2,021,10,192687731.56,55
2024Q2,021,18,13190.76,18
2024Q2,021,20,29.81,1
2024Q2,021,40,533407.34,15
2024Q2,021,50,103543554.47,18
2024Q2,021,60,32789288.40,27
2024Q2,021,80,5773345.40,1
2024Q2,021,88,12215.32,8
2024Q2,021,89,0.00,2
2024Q2,021,90,545718.98,30
2024Q2,021,91,17895.22,4
2024Q2,021,92,30000.00,4
2024Q2,021,93,3431292.01,15
2024Q2,021,98,-5942.83,5
2024Q2,022,01,23842357.05,50
2024Q2,022,02,1739.42,3
2024Q2,022,03,343109.26,25
2024Q2,022,10,20445542.24,59
2024Q2,022,18,7864153.96,46
2024Q2,022,30,8115404.49,10
2024Q2,022,40,484.36,2
2024Q2,022,50,187471.32,9
2024Q2,022,60,10117902.55,44
2024Q2,022,88,707974.96,25
2024Q2,022,89,14662.55,14
2024Q2,022,90,928938.13,25
2024Q2,022,91,38346.90,5
2024Q2,022,92,27000.00,4
2024Q2,022,93,217636.83,7
2024Q2,022,96,5.11,1
2024Q2,022,98,-3258487.12,17
2024Q2,023,01,7112531.03,38
2024Q2,023,03,73087.11,16
2024Q2,023,10,4142564.60,55
2024Q2,023,20,459638.51,1
2024Q2,023,30,74035216.20,7
2024Q2,023,50,67720674.79,12
2024Q2,023,60,185012.68,28
2024Q2,023,70,79072768.08,1
2024Q2,023,80,7568462.21,1
2024Q2,023,88,22378.56,9
2024Q2,023,89,0.00,1
2024Q2,023,90,7535.25,17
2024Q2,023,91,0.00,4
2024Q2,023,92,0.00,4
2024Q2,023,93,0.00,19
2024Q2,023,98,-0.01,10
2024Q2,024,01,1214506.75,20
2024Q2,024,02,808.14,3
2024Q2,024,03,180.99,3
2024Q2,024,10,354362.33,34
2024Q2,024,30,8463991.77,5
2024Q2,024,50,4410.63,3
2024Q2,024,70,808002409.06,1
2024Q2,024,88,1815201.25,11
2024Q2,024,90,32147.69,5
2024Q2,024,91,3579.04,1
2024Q2,024,92,2000.00,1
2024Q2,024,93,318887.02,5
2024Q2,024,98,-809756991.89,5
2024Q2,025,01,2274182.10,33
2024Q2,025,02,4947.67,8
2024Q2,025,03,36775.67,11
2024Q2,025,10,911472.62,47
2024Q2,025,30,17202312.65,41
2024Q2,025,40,1515825.76,26
2024Q2,025,50,33834.61,2
2024Q2,025,60,766937.82,3
2024Q2,025,70,613550.26,1
2024Q2,025,88,19199.63,8
2024Q2,025,89,0.00,5
2024Q2,025,91,13804.88,4
2024Q2,025,92,6770.00,8
2024Q2,025,93,14741.22,4
2024Q2,025,98,-25325.33,7
2024Q2,032,01,316646.00,4
2024Q2,032,03,550.15,2
2024Q2,032,10,68989.71,28
2024Q2,032,98,-249.59,1
2024Q2,033,01,314277.00,10
2024Q2,033,10,212922.54,27
2024Q2,033,91,2300.81,3
2024Q2,034,01,492084.44,9
2024Q2,034,10,108444.83,37
2024Q2,034,50,86758.06,3
2024Q2,034,91,0.00,4
2024Q2,034,92,0.00,3
2024Q2,034,98,0.00,1
2024Q2,037,01,1025228.95,10
2024Q2,037,03,897.83,3
2024Q2,037,10,329713.95,22
2024Q2,037,18,4413.91,4
2024Q2,037,88,86102.57,3
2024Q2,037,91,7669.38,1
2024Q2,037,92,965.00,2
2024Q2,037,93,1750.00,1
2024Q2,040,01,320096.17,6
2024Q2,040,03,283.77,1
2024Q2,040,10,98005.27,13
2024Q2,040,18,3.33,3
2024Q2,040,91,2556.46,1
2024Q2,041,01,3186794.87,38
2024Q2,041,03,17003.47,6
2024Q2,041,05,14977.07,4
2024Q2,041,10,503902.35,54
2024Q2,041,18,37402.55,7
2024Q2,041,50,5521.95,1
2024Q2,041,88,134526.50,3
2024Q2,041,89,0.00,1
2024Q2,041,91,4857.27,5
2024Q2,041,92,10500.00,4
2024Q2,041,93,26000.00,1
2024Q2,041,98,-572.26,2
2024Q2,042,01,561214.25,9
2024Q2,042,10,77170.90,14
2024Q2,042,18,2607.59,7
2024Q2,042,50,843.12,1
2024Q2,042,91,22496.84,3
2024Q2,042,92,390.00,1
2024Q2,042,93,13800.00,1
2024Q2,042,98,-7432.96,1
2024Q2,043,01,1191447.56,6
2024Q2,043,03,1019.61,3
2024Q2,043,10,244232.74,30
2024Q2,043,50,7393.28,2
2024Q2,043,60,30405083.78,1
2024Q2,043,90,5216.83,1
2024Q2,043,91,5624.21,3
2024Q2,043,92,10000.00,3
2024Q2,043,93,12000.00,2
2024Q2,043,98,-31912.46,4
2024Q2,044,01,268424.96,6
2024Q2,044,03,2837.17,3
2024Q2,044,10,67695.37,31
2024Q2,044,91,2045.17,1
2024Q2,044,92,1960.00,8
2024Q2,044,93,1794.00,6
2024Q2,044,98,-17563.37,5
2024Q2,045,01,1046014.21,6
2024Q2,045,10,166064.95,25
2024Q2,045,50,3651.24,1
2024Q2,045,90,1425.46,1
2024Q2,045,91,7684.72,6
2024Q2,045,92,800.00,6
2024Q2,045,93,8171.90,1
2024Q2,046,01,397076.01,9
2024Q2,046,10,294003.76,31
2024Q2,046,91,1022.58,2
2024Q2,046,92,3505.00,4
2024Q2,046,93,11512.00,6
2024Q2,046,98,-23719.85,5
2024Q2,047,01,1370886.32,7
2024Q2,047,03,6513.70,7
2024Q2,047,10,260502.56,19
2024Q2,047,50,35362.95,3
2024Q2,047,90,4422.00,8
2024Q2,047,91,0.00,10
2024Q2,047,92,0.00,8
2024Q2,047,93,0.00,4
2024Q2,048,01,915061.72,6
2024Q2,048,03,5351.43,3
2024Q2,048,10,173189.28,35
2024Q2,048,18,1300.92,7
2024Q2,048,50,7962.35,2
2024Q2,048,91,7158.09,3
2024Q2,048,92,3000.00,1
2024Q2,048,93,28969.06,4
2024Q2,048,98,-3892.40,2
2024Q2,053,01,1275965.61,18
2024Q2,053,03,5587.30,7
2024Q2,053,10,-20036262.15,47
2024Q2,053,18,2035.41,1
2024Q2,053,50,779162.24,3
2024Q2,053,88,222875.02,1
2024Q2,053,89,0.00,1
2024Q2,053,90,2047.61,4
2024Q2,053,92,0.00,1
2024Q2,053,93,0.00,2
2024Q2,053,98,0.00,3
2024Q2,055,01,12306345.94,50
2024Q2,055,02,113884.59,3
2024Q2,055,03,282670.04,3
2024Q2,055,05,1598829.21,3
2024Q2,055,10,6221092.55,60
2024Q2,055,18,2730217.76,15
2024Q2,055,40,2969728208.43,61
2024Q2,055,50,326985.47,2
2024Q2,055,60,920.33,1
2024Q2,055,90,14652578.55,61
2024Q2,055,92,0.00,1
2024Q2,055,93,15161377.62,37
2024Q2,055,98,-29480694.63,19
2024Q2,056,01,8022447.74,20
2024Q2,056,02,376.74,2
2024Q2,056,05,2089326.30,3
2024Q2,056,10,2707476.41,57
2024Q2,056,20,2.45,1
2024Q2,056,40,1207834654.11,57
2024Q2,056,50,338407.21,3
2024Q2,056,88,1041417.93,16
2024Q2,056,89,210694.49,4
2024Q2,056,90,7427.46,15
2024Q2,056,91,20451.68,2
2024Q2,056,92,410.00,1
2024Q2,056,93,9552810.59,22
2024Q2,056,95,35765.09,3
2024Q2,056,98,-91588073.78,9
2024Q2,061,01,4095992.93,54
2024Q2,061,03,17231.11,7
2024Q2,061,10,3349933.50,56
2024Q2,061,18,225168.32,19
2024Q2,061,50,2245040.05,12
2024Q2,061,89,0.00,2
2024Q2,061,91,74137.32,4
2024Q2,061,92,43885.00,10
2024Q2,061,93,435404.54,20
2024Q2,061,98,-365268.58,3
2024Q2,062,01,3971900.14,49
2024Q2,062,02,9218.03,4
2024Q2,062,03,46795.20,4
2024Q2,062,10,3022144.18,60
2024Q2,062,18,38916.20,3
2024Q2,062,30,1022.58,1
2024Q2,062,50,450549.30,5
2024Q2,062,60,38289.12,1
2024Q2,062,89,41037.92,6
2024Q2,062,90,80729.39,5
2024Q2,062,91,0.00,7
2024Q2,062,92,0.00,3
2024Q2,062,93,0.00,24
2024Q2,063,01,668131.49,4
2024Q2,063,03,4755.41,1
2024Q2,063,10,1059408.15,33
2024Q2,063,18,3.50,1
2024Q2,063,93,80991.68,15
2024Q2,063,98,-231285.60,3
2024Q2,071,01,464645.18,15
2024Q2,071,10,1959885.44,35
2024Q2,071,18,956.45,2
2024Q2,071,30,4487878.98,3
2024Q2,071,50,7897.97,1
2024Q2,071,60,1110882.35,3
2024Q2,071,89,0.00,1
2024Q2,071,90,12599.85,3
2024Q2,071,91,5112.92,1
2024Q2,071,92,10000.00,1
2024Q2,071,93,331858.38,19
2024Q2,071,98,-943193.38,4
2024Q2,074,01,2736468.48,25
2024Q2,074,10,878084.79,49
2024Q2,074,18,8271.50,14
2024Q2,074,30,117861.76,3
2024Q2,074,88,1463377.42,41
2024Q2,074,89,0.00,1
2024Q2,074,93,672119.16,6
2024Q2,074,98,-5290.54,3
2024Q2,075,01,2621603.36,17
2024Q2,075,03,9907.33,4
2024Q2,075,10,2507149.13,36
2024Q2,075,18,153995.12,4
2024Q2,075,20,0.08,1
2024Q2,075,50,307913.62,6
2024Q2,075,88,102601.39,3
2024Q2,075,91,0.00,4
2024Q2,075,92,0.00,3
2024Q2,075,93,0.00,2
2024Q2,075,98,0.00,1
2024Q2,082,01,579863.71,8
2024Q2,082,03,2715.70,3
2024Q2,082,10,291634.40,17
2024Q2,082,60,98294.80,11
2024Q2,082,91,11248.42,2
2024Q2,082,98,-1021.23,2
2024Q2,083,01,198506.69,13
2024Q2,083,03,555.78,3
2024Q2,083,10,46768.71,28
2024Q2,083,50,13662.55,2
2024Q2,083,91,0.00,3
2024Q2,083,92,0.00,4
2024Q2,083,93,0.00,4
2024Q2,083,98,0.00,2
2024Q2,084,01,7964742.44,19
2024Q2,084,10,2060264.85,48
2024Q2,084,18,593988.22,47
2024Q2,084,20,90.55,1
2024Q2,084,30,34003681.48,40
2024Q2,084,40,7093994.58,34
2024Q2,084,50,931033.21,7
2024Q2,084,60,163666758.15,17
2024Q2,084,89,0.00,5
2024Q2,084,91,25564.60,8
2024Q2,084,92,13000.00,5
2024Q2,084,93,4000.00,1
2024Q2,084,98,-132223.24,10
2024Q2,085,01,128889.77,3
2024Q2,085,10,18279.34,10
2024Q2,085,98,-92.03,1
2024Q2,119,01,257133.37,8
2024Q2,119,10,206758605.92,38
2024Q2,119,18,14024.85,2
2024Q2,119,30,13756.04,1
2024Q2,119,40,25360.08,3
2024Q2,119,50,17805.23,1
2024Q2,119,60,7518039.71,29
2024Q2,119,88,1440753.53,6
2024Q2,119,90,6869.87,7
2024Q2,119,98,-206772161.66,6
2024Q2,122,18,242000.73,9
2024Q2,122,30,102763362.44,27
2024Q2,122,40,115716546.41,24
2024Q2,122,50,38315886.36,15
2024Q2,122,60,20792175.83,19
2024Q2,122,89,405356754.76,32
2024Q2,122,98,-149370840.15,25
2024Q2,124,01,189095.71,5
2024Q2,124,02,53432.59,3
2024Q2,124,03,12628.91,1
2024Q2,124,10,60264.19,15
2024Q2,124,30,334028092.98,11
2024Q2,124,98,0.00,1
2024Q2,129,01,470061.12,3
2024Q2,129,03,1102.46,3
2024Q2,129,05,214379.68,3
2024Q2,129,10,1409202.18,34
2024Q2,129,18,19812.56,4
2024Q2,129,98,0.00,1
2024Q2,133,01,4737370.85,26
2024Q2,133,02,31392.30,6
2024Q2,133,03,40722.26,12
2024Q2,133,10,3287287.34,45
2024Q2,133,18,91431.24,12
2024Q2,133,20,756.49,8
2024Q2,133,40,7669.35,12
2024Q2,133,50,152829.42,15
2024Q2,133,60,2353296.04,3
2024Q2,133,88,420581.36,27
2024Q2,133,89,511.29,3
2024Q2,133,90,86983.02,15
2024Q2,133,93,6507.73,7
2024Q2,133,98,-351166.48,10
2024Q2,134,01,143009.29,9
2024Q2,134,02,19244.68,5
2024Q2,134,03,161.46,2
2024Q2,134,10,97583.66,11
2024Q2,134,18,2450.08,5
2024Q2,134,98,-452.06,1
2024Q2,181,01,854001.26,9
2024Q2,181,03,740.91,3
2024Q2,181,10,115395.06,18
2024Q2,181,18,22511.34,4
2024Q2,181,50,19050.12,1
2024Q2,181,91,7669.38,1
2024Q2,181,92,940.00,3
2024Q2,422,01,97935436.73,61
2024Q2,422,02,18043877.03,61
2024Q2,422,03,1419480.34,58
2024Q2,422,05,21533325.76,61
2024Q2,422,10,68548053.78,61
2024Q2,422,18,2275573.30,59
2024Q2,422,20,393.90,6
2024Q2,422,30,8566054.46,50
2024Q2,422,40,48545517.64,61
2024Q2,422,50,49443887.74,60
2024Q2,422,60,15963013.03,49
2024Q2,422,80,171329.09,7
2024Q2,422,88,517421.94,33
2024Q2,422,89,1423037.64,47
2024Q2,422,90,295781.23,45
2024Q2,422,98,-352566.78,51
2024Q2,519,88,8418329.18,28
2024Q2,519,89,7247732.33,24
2024Q2,519,90,25.56,1
2024Q2,579,89,30440500.19,27
2024Q2,581,89,130677267.80,56
2024Q2,582,89,53232710.76,53
2024Q2,735,01,17717.42,8
2024Q2,735,02,33159.58,21
2024Q2,735,05,1249.97,3
2024Q2,735,10,11744.38,3
2024Q2,735,18,24136163.74,4
2024Q2,735,40,304113.51,21
2024Q2,735,89,0.00,1
2024Q2,735,90,1857.29,2
2024Q2,735,98,-1856.81,1
2024Q2,745,40,12350353.19,32
2024Q2,745,97,0.00,1
2024Q2,801,01,14799050.55,47
2024Q2,801,03,730461.21,6
2024Q2,801,05,500.00,1
2024Q2,801,10,6521762.03,56
2024Q2,801,18,97.23,4
2024Q2,801,40,1820228.64,6
2024Q2,801,50,952030.61,29
2024Q2,801,60,258892.50,22
2024Q2,801,93,275939.05,45
2024Q2,801,95,37.32,1
2024Q2,801,98,-12445.99,16
2024Q2,802,01,5835254.98,29
2024Q2,802,02,11743.55,2
2024Q2,802,03,3413.07,7
2024Q2,802,10,602684.39,42
2024Q2,802,18,128190.05,10
2024Q2,802,40,1025753.78,7
2024Q2,802,50,128766.49,7
2024Q2,802,89,0.00,1
2024Q2,802,98,-683.41,1
2024Q2,803,01,1621751.65,22
2024Q2,803,03,25701.19,5
2024Q2,803,10,708288.20,39
2024Q2,803,18,21723.18,5
2024Q2,803,40,157667.08,9
2024Q2,803,50,35671.81,1
2024Q2,803,60,720.69,2
2024Q2,803,70,30285.41,3
2024Q2,803,88,10647.61,9
2024Q2,803,89,0.00,1
2024Q2,803,90,2256.60,9
2024Q2,803,98,-317.01,2
2024Q2,804,01,3497082.87,34
2024Q2,804,02,5035.41,2
2024Q2,804,10,253844.02,43
2024Q2,804,18,26319.70,21
2024Q2,804,40,687277.21,15
2024Q2,804,50,126705.78,4
2024Q2,804,88,43459.82,4
2024Q2,804,90,29450.47,3
2024Q2,804,98,-173.83,1
2024Q2,805,01,2645645.57,21
2024Q2,805,10,913029.80,48
2024Q2,805,40,769586.32,3
2024Q2,805,50,52252.59,2
2024Q2,805,88,91719.84,16
2024Q2,805,89,0.00,1
2024Q2,805,98,-5491.15,5
2024Q2,806,01,1816582.31,23
2024Q2,806,10,312850.26,42
2024Q2,806,18,2086.94,5
2024Q2,806,40,469449.30,10
2024Q2,806,89,0.00,1
2024Q2,806,90,16798.26,7
2024Q2,806,98,-132.94,1
2024Q2,811,01,795314.53,12
2024Q2,811,10,2907608.87,44
2024Q2,811,18,95393.12,4
2024Q2,811,40,32083.57,5
2024Q2,811,89,0.00,1
2024Q2,811,98,-409.03,1
2024Q2,812,01,8028633.03,37
2024Q2,812,02,36.30,1
2024Q2,812,03,80235.83,6
2024Q2,812,10,3556948.21,52
2024Q2,812,40,1303195.27,21
2024Q2,812,50,5594.35,2
2024Q2,812,88,115121.06,16
2024Q2,812,90,383.46,2
2024Q2,812,91,84363.17,6
2024Q2,812,93,36548.57,11
2024Q2,812,98,-3082.76,2
2024Q2,814,01,1836835.49,7
2024Q2,814,03,1519.96,3
2024Q2,814,10,1022550.43,43
2024Q2,814,18,1261.06,3
2024Q2,814,40,534468.74,3
2024Q2,814,89,0.00,1
2024Q2,814,90,28962.99,8
2024Q2,815,01,948919.64,16
2024Q2,815,10,149153.38,49
2024Q2,815,18,162.08,4
2024Q2,815,40,184612.16,5
2024Q2,815,50,26382.66,1
2024Q2,815,60,3254.47,3
2024Q2,815,88,13234.31,15
2024Q2,815,89,139.89,1
2024Q2,815,90,16716.79,19
2024Q2,816,01,2225025.74,22
2024Q2,816,03,10796.23,3
2024Q2,816,10,719121.80,45
2024Q2,816,18,91962.08,5
2024Q2,816,40,427358.19,10
2024Q2,816,50,14607.41,3
2024Q2,816,60,18.31,2
2024Q2,816,88,1958.28,2
2024Q2,816,90,365.31,3
2024Q2,816,91,33745.27,8
2024Q2,816,93,8670.92,6
2024Q2,816,98,-2001.86,2
2024Q2,817,01,795796.32,13
2024Q2,817,10,427065.80,36
2024Q2,817,40,103761.57,3
2024Q2,817,50,28419.48,6
2024Q2,817,60,72.50,1
2024Q2,817,91,10225.85,8
2024Q2,818,01,1948978.18,13
2024Q2,818,03,21431.74,6
2024Q2,818,10,973858.75,42
2024Q2,818,18,180093.24,5
2024Q2,818,50,3121.90,2
2024Q2,818,88,11052.40,8
2024Q2,818,93,7600.00,3
2024Q2,818,98,-103901.44,2
2024Q2,819,01,1453320.73,18
2024Q2,819,03,14026.01,4
2024Q2,819,10,694439.23,43
2024Q2,819,18,390.34,3
2024Q2,819,40,205120.08,4
2024Q2,819,50,693498.31,9
2024Q2,819,90,46906.33,18
2024Q2,819,91,14571.82,8
2024Q2,819,93,64045.48,18
2024Q2,819,98,-540.01,1
2024Q2,821,01,1147125.26,26
2024Q2,821,10,520550.70,38
2024Q2,821,18,42466.63,3
2024Q2,821,40,175394.83,10
2024Q2,821,60,30915.96,3
2024Q2,821,90,5747.21,12
2024Q2,822,01,1332025.12,16
2024Q2,822,03,9346.45,5
2024Q2,822,10,170628.81,42
2024Q2,822,18,98030.75,8
2024Q2,822,40,116593.62,9
2024Q2,822,50,17604.57,8
2024Q2,822,60,427802.61,10
2024Q2,822,89,3077.37,1
2024Q2,823,01,3695494.53,52
2024Q2,823,02,2538.47,2
2024Q2,823,03,7700.74,9
2024Q2,823,10,1706845.29,52
2024Q2,823,18,7435.38,10
2024Q2,823,40,430047.61,4
2024Q2,823,50,1217669.62,20
2024Q2,823,60,223616.52,2
2024Q2,823,90,20936.62,14
2024Q2,823,98,-741.83,4
2024Q2,831,01,11931102.01,35
2024Q2,831,03,33284.57,6
2024Q2,831,10,2138443.79,55
2024Q2,831,18,94909.79,13
2024Q2,831,30,6646.79,1
2024Q2,831,40,555561.84,18
2024Q2,831,50,1752334.66,19
2024Q2,831,60,15345.40,1
2024Q2,831,89,0.00,1
2024Q2,831,90,9765.20,11
2024Q2,831,93,97350.15,26
2024Q2,831,97,0.00,1
2024Q2,831,98,-1560.67,2
2024Q2,832,01,8180670.08,5
2024Q2,832,03,130252.38,4
2024Q2,832,10,2569643.89,38
2024Q2,832,18,46769.54,3
2024Q2,832,50,841736.85,15
2024Q2,832,60,117.39,1
2024Q2,832,89,0.00,1
2024Q2,832,90,18322.97,6
2024Q2,832,98,-120.15,1
2024Q2,833,01,7253769.58,40
2024Q2,833,03,63073.49,7
2024Q2,833,10,1608948.66,49
2024Q2,833,18,1077.80,6
2024Q2,833,40,511856.79,9
2024Q2,833,50,1396843.01,20
2024Q2,833,89,29253.25,23
2024Q2,833,90,139222.07,15
2024Q2,833,98,-40.90,1
2024Q2,835,01,2244972.52,29
2024Q2,835,03,51627.62,3
2024Q2,835,10,816022.40,55
2024Q2,835,40,193763.83,3
2024Q2,835,50,1326077.80,21
2024Q2,835,60,21723.05,2
2024Q2,841,01,4258211.96,14
2024Q2,841,03,26932.68,5
2024Q2,841,10,1663731.35,52
2024Q2,841,18,228297.07,16
2024Q2,841,40,1128879.32,5
2024Q2,841,50,141352.35,6
2024Q2,841,60,1200.00,2
2024Q2,841,89,68224.87,3
2024Q2,841,90,286.17,3
2024Q2,841,93,6138.65,26
2024Q2,841,98,-199897.05,5
2024Q2,842,01,1565534.28,20
2024Q2,842,03,5811.47,3
2024Q2,842,10,294171.30,45
2024Q2,842,18,4350.59,8
2024Q2,842,40,293583.80,10
2024Q2,842,50,17586.21,6
2024Q2,842,88,148210.63,14
2024Q2,842,90,40317.33,15
2024Q2,843,01,887612.28,14
2024Q2,843,03,3550.37,3
2024Q2,843,10,177173.06,26
2024Q2,843,18,61822.55,3
2024Q2,843,40,294772.54,7
2024Q2,843,50,5698.23,2
2024Q2,843,89,5915.13,2
2024Q2,843,90,10685.40,10
2024Q2,851,01,1037571.25,11
2024Q2,851,10,137262.82,24
2024Q2,851,40,106686.17,3
2024Q2,851,50,259848.37,1
2024Q2,851,90,8559.47,3
2024Q2,852,01,797736.33,12
2024Q2,852,10,144963.04,36
2024Q2,852,18,19444.93,8
2024Q2,852,40,79639.33,7
2024Q2,852,50,48679.58,3
2024Q2,852,80,37667.21,3
2024Q2,852,90,1122.80,4
2024Q2,852,91,30677.51,2
2024Q2,852,93,2403.07,4
2024Q2,853,01,970449.55,24
2024Q2,853,10,241705.93,29
2024Q2,853,40,139385.83,6
2024Q2,853,50,26300.47,3
2024Q2,853,98,-3067.75,1
2024Q2,854,01,5409.97,4
2024Q2,854,10,955786.82,40
2024Q2,854,18,577.02,2
2024Q2,854,40,153.39,1
2024Q2,854,90,357.90,1
2024Q2,859,01,2014951.67,7
2024Q2,859,03,27401.70,3
2024Q2,859,10,1598776.74,44
2024Q2,859,20,1825.23,3
2024Q2,859,40,144933.36,4
2024Q2,859,50,485770.34,20
2024Q2,859,80,48836.37,4
2024Q2,859,90,235.20,2
2024Q2,859,91,35790.44,5
2024Q2,859,92,10105.00,9
2024Q2,859,93,9010.11,16
2024Q2,867,01,223261.68,7
2024Q2,867,10,92.55,1
2024Q2,867,18,140999.26,24
2024Q2,868,01,214504.92,8
2024Q2,868,10,936228.64,33
2024Q2,868,98,-22520.93,3
2024Q2,871,01,947040.39,6
2024Q2,871,03,8821.35,3
2024Q2,871,10,200050.99,32
2024Q2,871,18,5.11,1
2024Q2,871,40,315446.64,6
2024Q2,871,50,106312.49,7
2024Q2,871,90,28.54,1
2024Q2,871,93,122.00,18
2024Q2,872,01,325491.70,12
2024Q2,872,10,286512.83,28
2024Q2,872,18,15049.17,1
2024Q2,872,40,180363.31,6
2024Q2,872,50,4846.13,2
2024Q2,872,88,1510.00,1
2024Q2,872,89,0.00,1
2024Q2,872,91,18406.51,2
2024Q2,872,98,0.00,3
2024Q2,881,01,1331648.01,14
2024Q2,881,02,766.94,1
2024Q2,881,03,14932.63,4
2024Q2,881,10,211986.64,15
2024Q2,881,18,131.32,2
2024Q2,881,40,7514.60,2
2024Q2,881,50,4028.98,2
2024Q2,881,60,599.03,1
2024Q2,881,90,33658.38,8
2024Q2,881,92,5420.00,1
2024Q2,881,93,20184.97,12
2024Q2,881,98,-118.24,1
2024Q2,882,01,2565050.17,35
2024Q2,882,03,62110.13,10
2024Q2,882,10,489285.23,47
2024Q2,882,18,13950.96,23
2024Q2,882,40,772843.68,8
2024Q2,882,50,270313.84,7
2024Q2,882,90,41257.48,30
2024Q2,883,03,24632.32,3
2024Q2,883,10,3836520.87,46
2024Q2,883,40,511.31,5
2024Q2,883,50,179844.69,9
2024Q2,883,60,77135.24,2
2024Q2,883,88,305050.73,29
2024Q2,883,90,64888.44,6
2024Q2,884,01,916808.18,15
2024Q2,884,03,1193.19,3
2024Q2,884,10,61132.39,28
2024Q2,884,18,1900.26,1
2024Q2,884,40,228527.84,3
2024Q2,884,50,540597.67,8
2024Q2,884,88,24339.87,1
2024Q2,884,90,5056.06,3
2024Q2,890,01,18073236.10,58
2024Q2,890,02,45067.73,20
2024Q2,890,03,155152.61,38
2024Q2,890,05,11364.64,3
2024Q2,890,10,6427766.16,55
2024Q2,890,18,295015.91,48
2024Q2,890,40,257809.33,37
2024Q2,890,50,627404.50,54
2024Q2,890,60,402861.92,39
2024Q2,890,88,1258095.36,42
2024Q2,890,89,139683.36,34
2024Q2,890,90,337993.21,43
2024Q2,890,92,3000.00,1
2024Q2,890,93,7965.45,6
2024Q2,890,98,-7835.31,6
2024Q2,980,98,0.00,1
2024Q2,983,01,367865.01,18
2024Q2,983,02,39075.45,12
2024Q2,983,05,46396.99,9
2024Q2,983,10,158815.15,11
2024Q2,983,18,4864126.21,4
2024Q2,983,30,4442262.54,36
2024Q2,983,40,41251.02,14
2024Q2,983,50,58302259.60,23
2024Q2,983,60,19193426.83,33
2024Q2,983,70,15000000.00,1
2024Q2,983,88,3057074.83,7
2024Q2,983,89,0.00,4
2024Q2,983,90,11100.91,1
2024Q2,983,98,-3172.56,8
2024Q2,986,89,3806940.46,17
2024Q2,986,93,270.00,5
2024Q2,987,01,1856933.12,23
2024Q2,987,02,171312.28,14
2024Q2,987,03,133.08,3
2024Q2,987,05,340874.09,6
2024Q2,987,10,3261910.65,54
2024Q2,987,18,41995.59,1
2024Q2,987,30,2724161.91,31
2024Q2,987,50,52970549.33,26
2024Q2,987,60,186156383.98,58
2024Q2,987,88,4185872.86,10
2024Q2,987,89,4180252.72,9
2024Q2,987,96,36025017.05,4
2024Q2,987,98,-135433.84,15
2024Q2,989,10,93730.34,2
2024Q2,989,30,1429671.68,17
2024Q2,989,60,6711169.10,27
2024Q3,001,01,6423048.43,21
2024Q3,001,03,1448.14,8
2024Q3,001,10,1780330.21,59
2024Q3,001,18,16078.60,13
2024Q3,001,50,846217.93,7
2024Q3,001,89,0.00,1
2024Q3,001,90,169463.06,44
2024Q3,001,91,685131.12,5
2024Q3,001,93,38833.68,6
2024Q3,001,98,-260353.77,4
2024Q3,002,01,855145.26,7
2024Q3,002,02,81.87,3
2024Q3,002,03,3233.40,3
2024Q3,002,10,136235.30,16
2024Q3,002,50,43702.57,3
2024Q3,002,60,112030.56,2
2024Q3,002,91,10225.84,3
2024Q3,002,92,20000.00,3
2024Q3,003,01,8880794.85,62
2024Q3,003,03,-27768.51,1
2024Q3,003,10,2955168.31,64
2024Q3,003,18,48483.46,57
2024Q3,003,40,5925379.28,9
2024Q3,003,50,2584908.06,18
2024Q3,003,60,-714029.81,30
2024Q3,003,88,22613.75,9
2024Q3,003,89,0.00,2
2024Q3,003,90,112954.47,57
2024Q3,003,91,0.00,3
2024Q3,003,92,0.00,2
2024Q3,003,93,0.00,5
2024Q3,003,98,0.00,10
2024Q3,004,01,526960.32,6
2024Q3,004,03,3360.92,3
2024Q3,004,10,45573.52,15
2024Q3,004,91,115040.68,4
2024Q3,004,92,450.00,1
2024Q3,004,93,2868.00,2
2024Q3,005,01,125966.22,3
2024Q3,005,03,2015987.83,8
2024Q3,005,10,307717.36,53
2024Q3,005,50,65069.94,11
2024Q3,005,89,0.00,1
2024Q3,005,91,7925.03,4
2024Q3,005,98,-577.64,3
2024Q3,006,01,83972784.93,47
2024Q3,006,02,10461.11,2
2024Q3,006,03,2074183.01,37
2024Q3,006,10,9354765.56,62
2024Q3,006,18,5421183.23,60
2024Q3,006,50,1389765.48,55
2024Q3,006,88,2442.59,1
2024Q3,006,89,0.00,4
2024Q3,006,90,649650.92,60
2024Q3,006,93,4250.00,1
2024Q3,006,98,-1768101.18,19
2024Q3,010,01,49438569.22,48
2024Q3,010,02,-11.70,2
2024Q3,010,03,422464.29,27
2024Q3,010,10,18152376.67,64
2024Q3,010,18,9055.51,11
2024Q3,010,40,702786.28,1
2024Q3,010,50,8253310.28,28
2024Q3,010,60,90600.92,2
2024Q3,010,88,1353198.36,48
2024Q3,010,89,0.00,4
2024Q3,010,90,-158673.78,34
2024Q3,010,91,0.00,2
2024Q3,010,93,0.00,13
2024Q3,010,98,0.00,18
2024Q3,011,01,4328628.83,35
2024Q3,011,03,117379.65,3
2024Q3,011,10,10649856.85,60
2024Q3,011,18,1537850.49,21
2024Q3,011,50,3699.09,1
2024Q3,011,60,-6183.35,3
2024Q3,011,88,9466.63,2
2024Q3,011,89,-16400.60,1
2024Q3,011,91,56242.10,3
2024Q3,011,92,280000.00,3
2024Q3,011,93,51.32,49
2024Q3,011,98,-1533.88,5
2024Q3,012,01,133674003.28,46
2024Q3,012,03,4332439.09,15
2024Q3,012,10,43984117.88,61
2024Q3,012,18,4479514.01,51
2024Q3,012,30,588922.86,3
2024Q3,012,40,146232.44,15
2024Q3,012,50,67207385.72,23
2024Q3,012,60,6016825.59,3
2024Q3,012,88,39727.87,13
2024Q3,012,89,0.00,1
2024Q3,012,90,5870502.04,36
2024Q3,012,91,0.00,3
2024Q3,012,92,0.00,4
2024Q3,012,93,0.00,39
2024Q3,012,98,-11774428.03,11
2024Q3,013,01,190085354.61,43
2024Q3,013,03,5416437.91,14
2024Q3,013,10,31449814.72,63
2024Q3,013,40,737995.41,8
2024Q3,013,50,26499801.32,48
2024Q3,013,60,8079127.13,56
2024Q3,013,88,4814267.94,45
2024Q3,013,89,41780.68,50
2024Q3,013,90,5436507.31,63
2024Q3,013,91,0.00,3
2024Q3,013,92,0.00,8
2024Q3,013,93,0.00,22
2024Q3,013,98,-25593907.34,27
2024Q3,014,01,28504753.77,47
2024Q3,014,02,7571.09,1
2024Q3,014,03,479335.05,12
2024Q3,014,10,9614008.68,62
2024Q3,014,18,45846.18,19
2024Q3,014,50,1124508.69,17
2024Q3,014,60,273.54,1
2024Q3,014,88,56369.13,15
2024Q3,014,89,0.00,15
2024Q3,014,90,79517.46,25
2024Q3,014,91,10225.84,8
2024Q3,014,92,9000.00,5
2024Q3,014,93,101963.77,14
2024Q3,014,98,-563913.37,24
2024Q3,015,01,26780330.42,52
2024Q3,015,02,270068.66,12
2024Q3,015,03,275318.06,26
2024Q3,015,10,6355419.87,59
2024Q3,015,18,98.37,1
2024Q3,015,30,11412644.23,47
2024Q3,015,40,268819138.82,56
2024Q3,015,50,120545.85,11
2024Q3,015,60,150873717.46,53
2024Q3,015,89,0.00,13
2024Q3,015,90,432.07,3
2024Q3,015,91,10225.84,2
2024Q3,015,92,15000.00,1
2024Q3,015,93,85030.42,2
2024Q3,015,98,-27390051.25,35
2024Q3,016,01,46157897.89,59
2024Q3,016,02,82449.40,27
2024Q3,016,03,797210.14,32
2024Q3,016,10,21826083.62,61
2024Q3,016,18,17320.04,10
2024Q3,016,20,839.42,7
2024Q3,016,30,39894041.68,25
2024Q3,016,40,20203.21,5
2024Q3,016,50,20330311.93,20
2024Q3,016,60,16114765.47,18
2024Q3,016,70,7351865.96,1
2024Q3,016,88,9746696.47,27
2024Q3,016,89,0.00,2
2024Q3,016,90,27733.55,29
2024Q3,016,98,-1450892.40,11
2024Q3,017,01,48835932.28,61
2024Q3,017,03,1287158.71,57
2024Q3,017,10,24855935.48,64
2024Q3,017,18,122.33,3
2024Q3,017,40,2322078.44,61
2024Q3,017,50,4940201.50,54
2024Q3,017,60,161928054.46,43
2024Q3,017,88,7588936.22,61
2024Q3,017,89,0.00,8
2024Q3,017,90,485.73,1
2024Q3,017,91,98892.70,14
2024Q3,017,92,30000.00,4
2024Q3,017,93,3897009.88,52
2024Q3,017,98,-787150.65,49
2024Q3,018,01,25140307.20,60
2024Q3,018,02,7954.30,3
2024Q3,018,03,272188.94,46
2024Q3,018,10,11614181.37,62
2024Q3,018,18,2746272.43,61
2024Q3,018,20,1.88,1
2024Q3,018,30,5390839.23,31
2024Q3,018,40,191926.68,21
2024Q3,018,50,2195837.41,33
2024Q3,018,60,2006023.93,20
2024Q3,018,88,522014.39,11
2024Q3,018,89,64543.34,20
2024Q3,018,90,212332.50,43
2024Q3,018,91,43459.81,3
2024Q3,018,92,25000.00,1
2024Q3,018,93,440932.38,16
2024Q3,018,98,-56527.34,26
2024Q3,019,01,7051004.72,53
2024Q3,019,02,1360.84,7
2024Q3,019,03,115370.80,27
2024Q3,019,10,3883880.79,62
2024Q3,019,18,8712.60,17
2024Q3,019,40,26209.85,2
2024Q3,019,50,314458.73,27
2024Q3,019,60,3543490.72,18
2024Q3,019,88,2677793.50,47
2024Q3,019,89,255.65,5
2024Q3,019,90,106023.37,11
2024Q3,019,91,15338.76,3
2024Q3,019,92,30000.00,3
2024Q3,019,93,167400.34,8
2024Q3,019,98,-1210308.82,14
2024Q3,020,01,5077724.28,44
2024Q3,020,03,17848.12,12
2024Q3,020,10,2804088.13,63
2024Q3,020,18,576294.90,16
2024Q3,020,40,1637046.70,9
2024Q3,020,50,243760.43,11
2024Q3,020,60,898456.48,5
2024Q3,020,70,22894218.82,1
2024Q3,020,88,107709.13,26
2024Q3,020,89,804.78,4
2024Q3,020,90,31680.58,27
2024Q3,020,92,0.00,6
2024Q3,020,93,0.00,37
2024Q3,020,98,-977.59,6
2024Q3,021,01,12510970.35,40
2024Q3,021,02,3532.90,2
2024Q3,021,03,43712.75,11
2024Q3,021,10,283989032.23,63
2024Q3,021,18,4136.79,13
2024Q3,021,40,755811.24,18
2024Q3,021,50,131331579.79,30
2024Q3,021,60,72268621.29,39
2024Q3,021,80,10044564.93,1
2024Q3,021,88,10714.15,5
2024Q3,021,90,935447.70,45
2024Q3,021,91,15338.76,3
2024Q3,021,92,20000.00,2
2024Q3,021,93,540480.14,8
2024Q3,021,98,-3216630.10,6
2024Q3,022,01,21966192.28,55
2024Q3,022,03,205956.90,25
2024Q3,022,10,10046912.09,63
2024Q3,022,18,10775878.81,49
2024Q3,022,30,8541475.04,9
2024Q3,022,40,76186.81,2
2024Q3,022,50,1693595.70,21
2024Q3,022,60,11928957.97,51
2024Q3,022,88,1803721.71,34
2024Q3,022,89,9821.15,12
2024Q3,022,90,789910.37,29
2024Q3,022,91,20451.68,3
2024Q3,022,92,24000.00,3
2024Q3,022,93,167583.46,12
2024Q3,022,98,-1546843.86,26
2024Q3,023,01,6757372.53,38
2024Q3,023,03,60453.27,14
2024Q3,023,10,3973031.13,61
2024Q3,023,20,106209.58,1
2024Q3,023,30,84722684.75,5
2024Q3,023,40,4294851.80,1
2024Q3,023,50,20099428.29,10
2024Q3,023,60,497874.91,22
2024Q3,023,80,540250.00,1
2024Q3,023,88,119191.75,8
2024Q3,023,89,0.00,1
2024Q3,023,90,-45329.46,23
2024Q3,023,91,0.00,4
2024Q3,023,93,5328.50,18
2024Q3,023,98,-157.48,12
2024Q3,024,01,1219620.95,21
2024Q3,024,02,793.31,3
2024Q3,024,03,120.66,2
2024Q3,024,10,296563.08,44
2024Q3,024,30,6354067.59,5
2024Q3,024,50,190647.25,3
2024Q3,024,88,19438739.38,14
2024Q3,024,90,277.72,4
2024Q3,024,91,4090.34,1
2024Q3,024,92,3000.00,1
2024Q3,024,93,113127.65,9
2024Q3,024,98,-19411018.00,5
2024Q3,025,01,2262816.84,41
2024Q3,025,02,6702.78,11
2024Q3,025,03,240047.75,12
2024Q3,025,10,928323.70,58
2024Q3,025,30,11775118.93,52
2024Q3,025,40,1491602.51,22
2024Q3,025,50,75844.74,4
2024Q3,025,60,511291.88,3
2024Q3,025,88,29241.92,8
2024Q3,025,91,15338.76,3
2024Q3,025,92,3740.00,2
2024Q3,025,93,14091.65,5
2024Q3,025,98,-8006.25,4
2024Q3,032,01,308178.89,5
2024Q3,032,03,1290.24,4
2024Q3,032,10,77920.99,24
2024Q3,032,92,1120.00,2
2024Q3,032,98,-51.46,2
2024Q3,033,01,306639.75,11
2024Q3,033,10,119156.71,33
2024Q3,033,89,0.00,1
2024Q3,033,91,7669.38,2
2024Q3,033,93,11946.01,11
2024Q3,033,98,-71.58,1
2024Q3,034,01,480928.95,8
2024Q3,034,10,108398.05,36
2024Q3,034,88,6063.53,1
2024Q3,034,91,0.00,6
2024Q3,034,92,0.00,1
2024Q3,034,98,0.00,1
2024Q3,037,01,952520.97,8
2024Q3,037,03,1153.47,3
2024Q3,037,10,108959.80,24
2024Q3,037,18,34512.25,2
2024Q3,037,88,12288.81,2
2024Q3,037,91,7669.38,1
2024Q3,037,93,2167.59,4
2024Q3,040,01,240256.26,6
2024Q3,040,03,3612.27,3
2024Q3,040,10,95215.44,11
2024Q3,040,18,3.33,3
2024Q3,040,91,3067.76,2
2024Q3,041,01,3069367.51,33
2024Q3,041,03,15469.04,6
2024Q3,041,05,15032.50,3
2024Q3,041,10,606156.95,55
2024Q3,041,18,22699.82,8
2024Q3,041,50,162406.75,1
2024Q3,041,88,6118.50,1
2024Q3,041,91,3067.74,3
2024Q3,041,92,3000.00,2
2024Q3,041,93,6396.57,2
2024Q3,041,98,-45.06,3
2024Q3,042,01,535498.40,9
2024Q3,042,10,61941.46,13
2024Q3,042,18,4985.35,4
2024Q3,042,91,24030.72,3
2024Q3,042,98,-11411.35,1
2024Q3,043,01,1218322.74,6
2024Q3,043,03,1019.61,3
2024Q3,043,10,287487.04,32
2024Q3,043,50,2727618.04,4
2024Q3,043,60,30405083.78,1
2024Q3,043,90,102.26,1
2024Q3,043,98,-13023.14,3
2024Q3,044,01,220347.90,6
2024Q3,044,03,2498.68,3
2024Q3,044,10,69079.84,34
2024Q3,044,50,3729.58,3
2024Q3,044,91,1789.52,3
2024Q3,044,93,870.00,5
2024Q3,044,98,-17927.83,5
2024Q3,045,01,1047142.74,7
2024Q3,045,10,128283.59,20
2024Q3,045,50,3651.24,1
2024Q3,045,91,5112.92,3
2024Q3,045,92,330.00,2
2024Q3,045,93,16005.00,2
2024Q3,045,98,0.00,2
2024Q3,046,01,380093.48,9
2024Q3,046,10,269738.73,31
2024Q3,046,50,3947.88,1
2024Q3,046,91,3067.74,4
2024Q3,046,92,3410.00,3
2024Q3,046,93,134000.00,5
2024Q3,046,98,-8834.10,5
2024Q3,047,01,1351170.41,7
2024Q3,047,03,8848.52,9
2024Q3,047,10,448340.86,19
2024Q3,047,18,460465.00,1
2024Q3,047,50,44540.89,3
2024Q3,047,88,150.32,1
2024Q3,047,90,1947.17,4
2024Q3,047,91,0.00,4
2024Q3,047,92,0.00,2
2024Q3,047,93,3593.70,10
2024Q3,047,98,0.00,2
2024Q3,048,01,960036.32,6
2024Q3,048,03,5890.23,3
2024Q3,048,10,189240.51,39
2024Q3,048,18,14937.07,2
2024Q3,048,50,188547.06,3
2024Q3,048,91,9714.55,4
2024Q3,048,92,4000.00,1
2024Q3,048,93,26612.54,3
2024Q3,048,98,-6582.28,3
2024Q3,053,01,1209502.25,17
2024Q3,053,03,6215.84,7
2024Q3,053,10,8304959.64,50
2024Q3,053,50,13387951.73,7
2024Q3,053,88,5704.71,1
2024Q3,053,91,0.00,1
2024Q3,053,93,0.00,2
2024Q3,053,98,0.00,3
2024Q3,055,01,11363091.13,54
2024Q3,055,02,106191.60,3
2024Q3,055,03,216711.53,3
2024Q3,055,05,1529395.21,3
2024Q3,055,10,6642220.12,64
2024Q3,055,18,8181613.59,16
2024Q3,055,40,3278798670.24,63
2024Q3,055,50,315509.82,3
2024Q3,055,89,0.00,3
2024Q3,055,90,14207174.35,64
2024Q3,055,92,2555.00,1
2024Q3,055,93,16168826.82,36
2024Q3,055,95,93941.41,2
2024Q3,055,98,-31751148.19,28
2024Q3,056,01,7403773.69,21
2024Q3,056,05,2018712.48,4
2024Q3,056,10,2222475.93,62
2024Q3,056,40,1167509006.41,62
2024Q3,056,50,55450.96,6
2024Q3,056,88,733812.54,16
2024Q3,056,89,2159.82,6
2024Q3,056,90,19843.83,20
2024Q3,056,91,25564.59,1
2024Q3,056,93,6863597.55,23
2024Q3,056,95,26126.80,3
2024Q3,056,98,-132512976.52,12
2024Q3,061,01,3982078.43,59
2024Q3,061,03,19006.41,6
2024Q3,061,10,4078692.53,64
2024Q3,061,18,274103.09,19
2024Q3,061,50,1548572.40,19
2024Q3,061,89,0.00,2
2024Q3,061,91,76693.79,6
2024Q3,061,92,38140.00,8
2024Q3,061,93,1239198.12,22
2024Q3,061,98,-664263.49,4
2024Q3,062,01,3344310.93,54
2024Q3,062,02,3307.34,3
2024Q3,062,03,47059.67,3
2024Q3,062,10,2726890.43,62
2024Q3,062,18,33832.92,4
2024Q3,062,30,1022.58,1
2024Q3,062,50,737508.98,5
2024Q3,062,89,-13201.29,4
2024Q3,062,90,-111843.42,5
2024Q3,062,91,0.00,5
2024Q3,062,92,0.00,2
2024Q3,062,93,0.00,19
2024Q3,062,98,-1533.88,3
2024Q3,063,01,350227.39,1
2024Q3,063,03,4518.45,1
2024Q3,063,10,1407871.72,24
2024Q3,063,93,84233.48,20
2024Q3,063,98,-313538.86,5
2024Q3,071,01,450429.33,14
2024Q3,071,10,2668306.50,43
2024Q3,071,18,87.62,2
2024Q3,071,20,10506.68,1
2024Q3,071,30,1961891.60,1
2024Q3,071,50,51717.17,3
2024Q3,071,60,233929.07,2
2024Q3,071,88,2562194.94,1
2024Q3,071,89,0.00,1
2024Q3,071,90,406554.68,9
2024Q3,071,91,5112.92,1
2024Q3,071,92,10000.00,2
2024Q3,071,93,306479.46,17
2024Q3,071,98,-3534145.36,6
2024Q3,074,01,2681963.14,31
2024Q3,074,10,1262192.65,54
2024Q3,074,18,4566.93,14
2024Q3,074,30,148178.01,2
2024Q3,074,88,758995.57,43
2024Q3,075,01,2648632.60,17
2024Q3,075,03,15706.76,4
2024Q3,075,10,1628439.32,43
2024Q3,075,18,3452.06,6
2024Q3,075,50,10568.44,4
2024Q3,075,88,168861.70,3
2024Q3,075,91,0.00,3
2024Q3,075,93,0.00,1
2024Q3,075,98,0.00,2
2024Q3,082,01,492715.16,11
2024Q3,082,03,2152.02,3
2024Q3,082,10,13304989.28,23
2024Q3,082,18,89574.86,1
2024Q3,082,60,54678.20,11
2024Q3,082,91,8180.67,3
2024Q3,082,92,230.00,1
2024Q3,082,93,15742.90,3
2024Q3,082,98,-1821366.76,4
2024Q3,083,01,188755.93,11
2024Q3,083,03,555.78,3
2024Q3,083,10,57909.88,29
2024Q3,083,91,0.00,5
2024Q3,083,98,0.00,1
2024Q3,084,01,7547274.62,13
2024Q3,084,10,2566392.25,61
2024Q3,084,18,307083.07,55
2024Q3,084,20,1547.88,1
2024Q3,084,30,25155147.59,38
2024Q3,084,40,3323370.09,28
2024Q3,084,50,948082.65,9
2024Q3,084,60,5628309.61,17
2024Q3,084,70,297352.56,14
2024Q3,084,89,0.00,2
2024Q3,084,91,25564.60,10
2024Q3,084,92,5000.00,4
2024Q3,084,93,10890.59,2
2024Q3,084,98,-1179994.26,8
2024Q3,085,01,141983.90,4
2024Q3,085,10,16675.17,8
2024Q3,085,91,0.00,2
2024Q3,119,01,357615.89,9
2024Q3,119,10,155119364.43,33
2024Q3,119,30,47396.75,2
2024Q3,119,40,115942.59,2
2024Q3,119,60,9478271.55,24
2024Q3,119,88,80892140.83,9
2024Q3,119,90,34085.01,4
2024Q3,119,91,1022.58,1
2024Q3,119,98,-234779150.04,3
2024Q3,122,18,477669.09,9
2024Q3,122,30,12903232.38,27
2024Q3,122,40,7692009.75,23
2024Q3,122,50,46330517.28,19
2024Q3,122,60,30469492.30,18
2024Q3,122,89,27475739.26,37
2024Q3,122,98,-877453.01,20
2024Q3,124,01,109445.79,3
2024Q3,124,02,50459.90,3
2024Q3,124,10,112125.44,8
2024Q3,124,30,222947928.27,9
2024Q3,124,50,11951.96,1
2024Q3,124,89,0.00,1
2024Q3,124,98,-150000.07,2
2024Q3,129,01,530618.10,5
2024Q3,129,03,2949.73,2
2024Q3,129,05,218698.71,4
2024Q3,129,10,1147924.61,37
2024Q3,129,18,101.24,1
2024Q3,129,91,4601.62,3
2024Q3,133,01,6529617.80,31
2024Q3,133,03,45968.81,14
2024Q3,133,10,2663762.40,53
2024Q3,133,18,77341.54,12
2024Q3,133,20,715.39,11
2024Q3,133,40,11151.27,12
2024Q3,133,50,130937.27,15
2024Q3,133,60,2422645.35,4
2024Q3,133,88,557586.46,36
2024Q3,133,89,0.00,1
2024Q3,133,90,34936.02,16
2024Q3,133,91,1022.58,1
2024Q3,133,93,11439.49,7
2024Q3,133,98,-353880.34,12
2024Q3,134,01,154110.02,7
2024Q3,134,02,30090.59,5
2024Q3,134,03,220.94,4
2024Q3,134,10,190770.77,13
2024Q3,134,18,2948.37,4
2024Q3,134,50,1329.37,1
2024Q3,134,90,29747.22,1
2024Q3,134,98,-2251.73,2
2024Q3,181,01,990052.13,8
2024Q3,181,03,740.91,3
2024Q3,181,10,95770.27,14
2024Q3,181,91,63911.49,3
2024Q3,181,92,110.00,1
2024Q3,422,01,92064461.34,64
2024Q3,422,02,17323101.32,64
2024Q3,422,03,1423338.15,61
2024Q3,422,05,20837550.39,64
2024Q3,422,10,91026328.63,64
2024Q3,422,18,723913.18,64
2024Q3,422,20,842.25,8
2024Q3,422,30,7085408.36,48
2024Q3,422,40,45222421.93,61
2024Q3,422,50,57441312.04,63
2024Q3,422,60,15700649.42,39
2024Q3,422,70,3019584.83,4
2024Q3,422,80,1497439.49,10
2024Q3,422,88,2691917.19,31
2024Q3,422,89,3926633.42,47
2024Q3,422,90,292581.26,50
2024Q3,422,98,-5300817.72,45
2024Q3,444,10,283766.99,1
2024Q3,444,50,1049693.51,1
2024Q3,444,60,1188311.87,1
2024Q3,519,88,5613517.07,27
2024Q3,519,89,1606230.48,22
2024Q3,522,89,1042559.76,27
2024Q3,522,90,2.46,1
2024Q3,522,98,-1142.09,5
2024Q3,579,89,48105484.39,32
2024Q3,581,89,135665440.86,62
2024Q3,582,89,47774090.51,56
2024Q3,735,01,11714.94,7
2024Q3,735,02,23280.89,18
2024Q3,735,05,1149.61,3
2024Q3,735,10,11657.46,2
2024Q3,735,40,219885.04,15
2024Q3,735,90,55321.87,1
2024Q3,745,40,13843799.17,32
2024Q3,801,01,12891452.87,49
2024Q3,801,03,1184595.75,9
2024Q3,801,10,4561042.23,62
2024Q3,801,18,1773.85,4
2024Q3,801,40,1755820.11,5
2024Q3,801,50,1091641.88,34
2024Q3,801,60,204719.34,18
2024Q3,801,80,-248.61,1
2024Q3,801,89,0.00,1
2024Q3,801,90,40.90,1
2024Q3,801,93,975447.13,37
2024Q3,801,96,30.68,1
2024Q3,801,98,-20291.30,19
2024Q3,802,01,4934869.73,25
2024Q3,802,02,5357.74,2
2024Q3,802,03,5216.79,9
2024Q3,802,10,522232.18,28
2024Q3,802,18,52011.17,4
2024Q3,802,40,641198.87,8
2024Q3,802,50,191107.55,4
2024Q3,802,89,0.00,1
2024Q3,802,98,-42033.71,2
2024Q3,803,01,1578829.61,19
2024Q3,803,03,24107.56,6
2024Q3,803,10,635358.34,37
2024Q3,803,18,12531.82,4
2024Q3,803,40,107945.48,5
2024Q3,803,50,109496.64,5
2024Q3,803,60,19416.90,2
2024Q3,803,70,19985.44,2
2024Q3,803,88,31610.91,9
2024Q3,803,90,14551.65,16
2024Q3,803,98,-484.74,1
2024Q3,804,01,4005272.34,23
2024Q3,804,10,369400.14,34
2024Q3,804,18,124737.29,26
2024Q3,804,40,474697.48,14
2024Q3,804,50,119245.15,7
2024Q3,804,88,7669.38,1
2024Q3,804,90,33855.60,3
2024Q3,804,98,-2724.56,1
2024Q3,805,01,2819908.55,17
2024Q3,805,10,799722.20,41
2024Q3,805,18,71853.62,1
2024Q3,805,40,329297.06,3
2024Q3,805,50,275615.45,6
2024Q3,805,88,82126.29,20
2024Q3,805,98,-2464.94,2
2024Q3,806,01,2279077.62,21
2024Q3,806,03,29287.17,5
2024Q3,806,10,456127.27,43
2024Q3,806,18,3155.22,6
2024Q3,806,40,262749.83,9
2024Q3,806,90,15981.33,8
2024Q3,811,01,2532400.16,20
2024Q3,811,05,1022.58,1
2024Q3,811,10,1162871.00,44
2024Q3,811,18,17787.17,7
2024Q3,811,40,371435.66,5
2024Q3,811,50,100605.35,5
2024Q3,811,89,0.00,1
2024Q3,811,90,2953.77,3
2024Q3,811,98,-344452.95,3
2024Q3,812,01,7048303.95,32
2024Q3,812,03,83683.65,6
2024Q3,812,10,4230459.72,58
2024Q3,812,18,3595.90,3
2024Q3,812,20,10.23,1
2024Q3,812,40,581875.46,17
2024Q3,812,50,103558.22,4
2024Q3,812,88,317233.36,10
2024Q3,812,90,15481.71,7
2024Q3,812,91,33233.97,3
2024Q3,812,93,39434.11,13
2024Q3,812,98,-24956.90,4
2024Q3,814,01,1309077.20,13
2024Q3,814,02,2766.97,1
2024Q3,814,03,492.71,3
2024Q3,814,10,1848600.52,44
2024Q3,814,18,85.28,1
2024Q3,814,40,385227.47,4
2024Q3,814,90,7726.41,9
2024Q3,814,98,-27779.15,2
2024Q3,815,01,916609.08,15
2024Q3,815,10,111634.02,50
2024Q3,815,18,619.18,7
2024Q3,815,40,148765.13,4
2024Q3,815,50,17181.25,4
2024Q3,815,60,10899.06,8
2024Q3,815,88,27172.67,6
2024Q3,815,89,1320.52,4
2024Q3,815,90,16981.70,19
2024Q3,816,01,1674335.59,18
2024Q3,816,03,6776.96,2
2024Q3,816,10,472815.39,48
2024Q3,816,18,57460.91,4
2024Q3,816,40,225457.47,8
2024Q3,816,50,77398.20,5
2024Q3,816,88,14434.33,2
2024Q3,816,89,0.00,1
2024Q3,816,90,10191.50,13
2024Q3,816,91,20451.68,4
2024Q3,816,93,1239.59,11
2024Q3,816,98,-667.95,2
2024Q3,817,01,782163.13,11
2024Q3,817,10,459976.81,33
2024Q3,817,40,100155.44,4
2024Q3,817,50,3599.60,2
2024Q3,817,89,63659.94,1
2024Q3,817,91,4601.62,5
2024Q3,817,93,25520.00,3
2024Q3,818,01,1898982.60,12
2024Q3,818,03,19922.58,6
2024Q3,818,10,765984.51,53
2024Q3,818,18,156344.06,7
2024Q3,818,50,33702.32,2
2024Q3,818,88,249435.00,6
2024Q3,818,89,0.00,1
2024Q3,818,98,-571.89,2
2024Q3,819,01,1555143.71,17
2024Q3,819,03,13158.02,5
2024Q3,819,10,542841.32,36
2024Q3,819,18,76.48,1
2024Q3,819,40,164355.34,4
2024Q3,819,50,289873.31,3
2024Q3,819,90,52263.17,17
2024Q3,819,91,6902.44,4
2024Q3,819,93,82169.10,21
2024Q3,821,01,708094.99,20
2024Q3,821,10,360275.98,30
2024Q3,821,18,206.41,1
2024Q3,821,40,132868.61,7
2024Q3,821,60,5112.92,1
2024Q3,821,90,11533.86,11
2024Q3,821,98,-3019.19,3
2024Q3,822,01,1045382.11,15
2024Q3,822,03,8867.94,6
2024Q3,822,10,165485.70,30
2024Q3,822,18,10768.61,11
2024Q3,822,40,121841.50,6
2024Q3,822,50,6705.60,5
2024Q3,822,60,74564.72,8
2024Q3,822,89,4218.16,1
2024Q3,822,90,317.01,4
2024Q3,822,98,-3762.84,1
2024Q3,823,01,4211369.17,55
2024Q3,823,03,21692.28,10
2024Q3,823,10,2106527.91,59
2024Q3,823,18,6757.84,10
2024Q3,823,40,426014.88,3
2024Q3,823,50,738770.78,22
2024Q3,823,60,35151.32,1
2024Q3,823,89,0.00,1
2024Q3,823,90,68593.25,39
2024Q3,823,98,-507.72,6
2024Q3,831,01,8781174.54,37
2024Q3,831,02,4333.54,2
2024Q3,831,03,27839.79,8
2024Q3,831,10,2815626.51,59
2024Q3,831,18,17617.85,8
2024Q3,831,20,7.63,1
2024Q3,831,40,622328.46,16
2024Q3,831,50,7812916.88,18
2024Q3,831,89,0.00,1
2024Q3,831,90,27959.95,21
2024Q3,831,93,29582.65,16
2024Q3,831,98,-136986.00,3
2024Q3,832,01,6135502.56,5
2024Q3,832,03,132390.69,6
2024Q3,832,10,1942479.35,36
2024Q3,832,18,57678.71,3
2024Q3,832,50,1587730.50,20
2024Q3,832,60,720884.14,1
2024Q3,832,90,57755.28,26
2024Q3,832,98,-761820.45,3
2024Q3,833,01,7424374.95,36
2024Q3,833,03,62409.90,7
2024Q3,833,10,1550550.56,51
2024Q3,833,18,173.43,2
2024Q3,833,40,429350.18,11
2024Q3,833,50,1083712.36,24
2024Q3,833,89,47660.24,18
2024Q3,833,90,65667.66,30
2024Q3,833,98,-12997.90,3
2024Q3,835,01,2378015.99,26
2024Q3,835,03,51092.69,3
2024Q3,835,10,829127.65,60
2024Q3,835,40,126317.23,3
2024Q3,835,50,1730662.91,23
2024Q3,835,98,-3067.75,1
2024Q3,841,01,5458390.12,12
2024Q3,841,02,4939.50,1
2024Q3,841,03,35937.50,7
2024Q3,841,10,1808007.93,62
2024Q3,841,18,173438.87,15
2024Q3,841,40,500836.82,3
2024Q3,841,50,247429.83,9
2024Q3,841,60,6135.50,1
2024Q3,841,89,284745.12,5
2024Q3,841,90,593.11,7
2024Q3,841,93,8787.31,15
2024Q3,841,98,-246550.10,5
2024Q3,842,01,2167504.48,14
2024Q3,842,03,8137.44,4
2024Q3,842,10,274242.99,46
2024Q3,842,18,311.89,4
2024Q3,842,40,186996.84,8
2024Q3,842,50,69763.09,8
2024Q3,842,60,266.11,1
2024Q3,842,88,28622.39,14
2024Q3,842,90,39674.62,30
2024Q3,842,98,-365.73,1
2024Q3,843,01,1126906.84,13
2024Q3,843,03,3645.72,3
2024Q3,843,10,161443.91,21
2024Q3,843,18,7.67,1
2024Q3,843,40,176683.55,6
2024Q3,843,50,334440.02,5
2024Q3,843,89,8556.57,7
2024Q3,843,90,15209.43,6
2024Q3,843,98,-166.89,1
2024Q3,851,01,1280637.50,7
2024Q3,851,10,755076.00,19
2024Q3,851,40,87898.22,5
2024Q3,851,50,635799.13,3
2024Q3,851,60,28971.65,1
2024Q3,851,90,9006.05,3
2024Q3,852,01,754422.99,11
2024Q3,852,10,115122.37,40
2024Q3,852,18,21652.09,6
2024Q3,852,40,82707.59,3
2024Q3,852,50,2103.86,1
2024Q3,852,80,15801.62,3
2024Q3,852,90,9941.04,8
2024Q3,852,91,15338.76,2
2024Q3,853,01,1077789.65,16
2024Q3,853,10,241974.59,28
2024Q3,853,40,68166.46,2
2024Q3,853,50,45955.38,3
2024Q3,853,98,-2672.32,2
2024Q3,854,01,7928.33,4
2024Q3,854,10,820532.32,26
2024Q3,854,18,61.36,1
2024Q3,854,90,3788.66,8
2024Q3,854,98,-3968.86,1
2024Q3,859,01,1851069.94,6
2024Q3,859,03,26458.37,3
2024Q3,859,10,1109743.26,49
2024Q3,859,20,1749.32,3
2024Q3,859,40,135269.94,3
2024Q3,859,50,547255.98,14
2024Q3,859,80,46016.28,3
2024Q3,859,90,7623.86,15
2024Q3,859,91,30677.52,3
2024Q3,859,92,8905.00,4
2024Q3,859,93,3050.00,6
2024Q3,859,98,-1585.34,2
2024Q3,867,01,326318.00,10
2024Q3,867,18,133043.13,29
2024Q3,868,01,711168.06,8
2024Q3,868,10,390993.78,35
2024Q3,868,98,-426.20,2
2024Q3,871,01,1022583.76,6
2024Q3,871,03,7265.11,3
2024Q3,871,10,148353.68,25
2024Q3,871,40,214742.59,4
2024Q3,871,50,51404.77,3
2024Q3,871,90,175.37,1
2024Q3,871,93,-122.00,22
2024Q3,872,01,312594.39,11
2024Q3,872,10,148514.43,29
2024Q3,872,18,6854.08,4
2024Q3,872,40,25994.08,7
2024Q3,872,50,38402.11,1
2024Q3,872,88,1020.00,1
2024Q3,872,90,1523.65,2
2024Q3,881,01,1372737.97,16
2024Q3,881,03,35409.33,4
2024Q3,881,10,269879.99,20
2024Q3,881,18,332184.42,3
2024Q3,881,40,12575.74,3
2024Q3,881,50,31668.40,1
2024Q3,881,60,1772.45,1
2024Q3,881,90,47735.76,12
2024Q3,881,93,6809.71,3
2024Q3,882,01,2422159.35,25
2024Q3,882,03,62244.02,8
2024Q3,882,10,845860.60,32
2024Q3,882,18,26271.19,17
2024Q3,882,40,709890.42,7
2024Q3,882,50,322593.55,12
2024Q3,882,90,45879.19,24
2024Q3,883,01,3742.75,1
2024Q3,883,02,603.21,1
2024Q3,883,03,23199.03,3
2024Q3,883,05,258.58,1
2024Q3,883,10,3432597.15,52
2024Q3,883,18,-423.86,1
2024Q3,883,40,909.69,4
2024Q3,883,50,70367.17,5
2024Q3,883,60,1780290.46,1
2024Q3,883,88,335168.78,35
2024Q3,883,90,41667.86,11
2024Q3,883,98,-542379.34,2
2024Q3,884,01,836505.26,13
2024Q3,884,03,1120.02,3
2024Q3,884,10,310331.40,26
2024Q3,884,18,29508.43,1
2024Q3,884,40,224259.08,4
2024Q3,884,50,927932.89,4
2024Q3,884,90,103688.15,4
2024Q3,890,01,16538779.29,61
2024Q3,890,02,42728.08,17
2024Q3,890,03,137206.56,36
2024Q3,890,05,11468.17,3
2024Q3,890,10,7158868.85,61
2024Q3,890,18,341925.22,50
2024Q3,890,40,373544.43,42
2024Q3,890,50,1618604.34,49
2024Q3,890,60,2263258.05,38
2024Q3,890,88,144927.27,42
2024Q3,890,89,85043.11,33
2024Q3,890,90,198850.74,47
2024Q3,890,91,1533.88,1
2024Q3,890,93,1298.36,2
2024Q3,890,98,-37234.29,20
2024Q3,980,50,1940344.51,1
2024Q3,983,01,484444.06,18
2024Q3,983,02,35489.40,10
2024Q3,983,03,4461.61,2
2024Q3,983,05,43422.03,9
2024Q3,983,10,1607351.30,16
2024Q3,983,18,6171069.00,3
2024Q3,983,30,10858308.39,46
2024Q3,983,40,16622.10,17
2024Q3,983,50,53771994.19,33
2024Q3,983,60,44820285.24,52
2024Q3,983,88,16703273.62,7
2024Q3,983,89,10938633.32,5
2024Q3,983,98,-74178.73,7
2024Q3,986,89,664487.70,7
2024Q3,986,98,-82142.28,1
2024Q3,987,01,6710339.89,24
2024Q3,987,02,248382.53,15
2024Q3,987,03,76.62,3
2024Q3,987,05,434828.20,8
2024Q3,987,10,1113012.53,52
2024Q3,987,18,5452044.68,1
2024Q3,987,30,3175696.15,32
2024Q3,987,50,68669342.54,29
2024Q3,987,60,202426690.08,61
2024Q3,987,70,667006.51,1
2024Q3,987,88,8307688.99,11
2024Q3,987,89,30465147.75,9
2024Q3,987,96,11257875.12,7
2024Q3,987,98,-223438.60,15
2024Q3,989,30,1349156.32,12
2024Q3,989,60,6292080.26,31
2024Q3,989,98,-7078.79,1
2024Q4,001,01,6789154.52,27
2024Q4,001,03,1413.70,6
2024Q4,001,10,2619764.14,51
2024Q4,001,18,642847.08,20
2024Q4,001,40,306.78,1
2024Q4,001,50,1960765.73,12
2024Q4,001,60,1551.26,1
2024Q4,001,90,174887.48,39
2024Q4,001,91,715808.63,5
2024Q4,001,93,34171.39,6
2024Q4,001,98,-334658.80,4
2024Q4,002,01,848140.84,12
2024Q4,002,02,81.87,3
2024Q4,002,03,3233.40,3
2024Q4,002,10,214420.75,26
2024Q4,002,40,42836.03,1
2024Q4,002,50,57013.44,3
2024Q4,002,60,168593.17,4
2024Q4,002,91,30677.52,4
2024Q4,002,92,35000.00,4
2024Q4,002,93,34299.02,3
2024Q4,003,01,11316771.18,58
2024Q4,003,10,6919682.06,60
2024Q4,003,18,1845904.30,52
2024Q4,003,40,5933926.44,10
2024Q4,003,50,4906598.17,36
2024Q4,003,60,-886475.89,35
2024Q4,003,88,455290.09,26
2024Q4,003,89,0.00,4
2024Q4,003,90,-207049.33,55
2024Q4,003,91,0.00,3
2024Q4,003,92,0.00,4
2024Q4,003,93,0.00,12
2024Q4,003,98,0.00,14
2024Q4,004,01,1706914.46,5
2024Q4,004,03,4224.77,4
2024Q4,004,10,123336.89,25
2024Q4,004,91,102258.38,2
2024Q4,004,92,660.00,2
2024Q4,004,93,31.00,1
2024Q4,005,01,132755.20,9
2024Q4,005,03,3442688.19,9
2024Q4,005,10,565065.15,59
2024Q4,005,50,1086203.95,8
2024Q4,005,91,14827.47,6
2024Q4,005,92,1695.00,4
2024Q4,005,98,-13601.39,2
2024Q4,006,01,129846729.78,46
2024Q4,006,03,1861932.10,38
2024Q4,006,10,14340138.20,59
2024Q4,006,18,7069492.29,56
2024Q4,006,50,6580384.09,56
2024Q4,006,88,117854.01,13
2024Q4,006,89,0.00,13
2024Q4,006,90,549859.25,58
2024Q4,006,91,51129.19,1
2024Q4,006,98,-1130519.77,25
2024Q4,010,01,51275246.86,44
2024Q4,010,02,-31.96,1
2024Q4,010,03,437017.30,28
2024Q4,010,10,30355396.25,62
2024Q4,010,18,180671.41,20
2024Q4,010,20,15942.46,2
2024Q4,010,40,18118.14,1
2024Q4,010,50,21339642.43,23
2024Q4,010,60,420244.88,6
2024Q4,010,88,2014387.10,43
2024Q4,010,89,14446.32,8
2024Q4,010,90,-161969.17,31
2024Q4,010,91,0.00,2
2024Q4,010,93,0.00,16
2024Q4,010,96,0.00,1
2024Q4,010,98,0.00,14
2024Q4,011,01,4618543.01,34
2024Q4,011,03,113489.02,3
2024Q4,011,10,17261830.38,59
2024Q4,011,18,5224078.17,18
2024Q4,011,20,1123.17,1
2024Q4,011,60,-1022.58,1
2024Q4,011,89,-10162.69,4
2024Q4,011,91,23008.14,3
2024Q4,011,92,0.00,1
2024Q4,011,93,535.11,52
2024Q4,011,98,-7173.83,7
2024Q4,012,01,154828854.56,49
2024Q4,012,03,4387848.03,10
2024Q4,012,10,105084203.36,60
2024Q4,012,18,6851355.00,51
2024Q4,012,30,401403.60,6
2024Q4,012,40,376944.80,19
2024Q4,012,50,165514297.32,32
2024Q4,012,60,16101413.20,6
2024Q4,012,88,312446.65,20
2024Q4,012,89,0.00,5
2024Q4,012,90,1944510.04,35
2024Q4,012,91,0.00,5
2024Q4,012,92,0.00,2
2024Q4,012,93,0.00,41
2024Q4,012,98,-13231203.13,19
2024Q4,013,01,203733758.09,38
2024Q4,013,03,5644530.73,12
2024Q4,013,10,52794212.60,62
2024Q4,013,18,55824.28,7
2024Q4,013,40,700623.10,9
2024Q4,013,50,37539951.16,54
2024Q4,013,60,19689826.49,54
2024Q4,013,88,14731958.50,57
2024Q4,013,89,52517.05,54
2024Q4,013,90,5329867.65,62
2024Q4,013,91,0.00,11
2024Q4,013,92,0.00,8
2024Q4,013,93,0.00,24
2024Q4,013,98,-11987601.15,28
2024Q4,014,01,30821864.30,50
2024Q4,014,03,1358479.57,10
2024Q4,014,10,20128414.54,60
2024Q4,014,18,111585.45,23
2024Q4,014,50,8023600.60,23
2024Q4,014,60,692.80,1
2024Q4,014,88,93343.07,15
2024Q4,014,89,0.00,5
2024Q4,014,90,170469.94,31
2024Q4,014,91,18406.51,9
2024Q4,014,92,14000.00,8
2024Q4,014,93,296970.36,13
2024Q4,014,98,-531869.43,13
2024Q4,015,01,32033209.91,52
2024Q4,015,02,28776.93,12
2024Q4,015,03,292978.10,25
2024Q4,015,10,7680748.57,61
2024Q4,015,18,151.48,1
2024Q4,015,30,25571953.32,43
2024Q4,015,40,223121980.52,53
2024Q4,015,50,477828.16,11
2024Q4,015,60,164259804.07,55
2024Q4,015,89,0.00,23
2024Q4,015,90,1503.53,3
2024Q4,015,91,5112.92,2
2024Q4,015,92,10000.00,2
2024Q4,015,93,1207171.79,11
2024Q4,015,98,-45126040.33,40
2024Q4,016,01,54734791.98,59
2024Q4,016,02,340668.45,30
2024Q4,016,03,801064.80,29
2024Q4,016,10,39227786.69,62
2024Q4,016,18,28326.70,22
2024Q4,016,20,10901.63,9
2024Q4,016,30,43997966.81,33
2024Q4,016,40,14519.25,6
2024Q4,016,50,14138153.29,38
2024Q4,016,60,43829640.98,20
2024Q4,016,70,18703537.63,2
2024Q4,016,88,11079377.67,40
2024Q4,016,89,7512.72,6
2024Q4,016,90,379124.57,29
2024Q4,016,93,1165874.25,3
2024Q4,016,96,134002.62,1
2024Q4,016,98,-10173212.84,16
2024Q4,017,01,67946809.75,57
2024Q4,017,03,1349491.13,53
2024Q4,017,10,31922552.72,60
2024Q4,017,40,6188252.62,56
2024Q4,017,50,18882118.53,58
2024Q4,017,60,145489142.97,47
2024Q4,017,88,15276616.17,58
2024Q4,017,89,0.00,17
2024Q4,017,90,270.98,1
2024Q4,017,91,80942.31,12
2024Q4,017,92,15000.00,3
2024Q4,017,93,6068398.95,39
2024Q4,017,98,-1470046.85,46
2024Q4,018,01,28517203.86,51
2024Q4,018,02,9679.74,5
2024Q4,018,03,283241.62,41
2024Q4,018,10,11752022.82,59
2024Q4,018,18,3728632.50,53
2024Q4,018,30,15895018.21,37
2024Q4,018,40,1487589.44,43
2024Q4,018,50,4230858.90,35
2024Q4,018,60,8062158.70,21
2024Q4,018,88,77014.48,12
2024Q4,018,89,186451.04,27
2024Q4,018,90,193382.19,32
2024Q4,018,91,-89476.07,6
2024Q4,018,92,-60000.00,2
2024Q4,018,93,-526801.16,24
2024Q4,018,98,-1878178.76,26
2024Q4,019,01,8295179.77,56
2024Q4,019,02,1388.06,5
2024Q4,019,03,132124.34,27
2024Q4,019,10,6782923.09,59
2024Q4,019,18,5944.50,20
2024Q4,019,20,59.95,4
2024Q4,019,40,67204.03,12
2024Q4,019,50,1567674.13,43
2024Q4,019,60,8449253.19,21
2024Q4,019,88,2506802.32,56
2024Q4,019,89,178.95,5
2024Q4,019,90,51189.91,13
2024Q4,019,91,15338.76,3
2024Q4,019,92,30000.00,3
2024Q4,019,93,354047.36,11
2024Q4,019,98,-2989436.37,13
2024Q4,020,01,6438694.90,47
2024Q4,020,02,-841.77,2
2024Q4,020,03,22206.14,10
2024Q4,020,10,4093191.85,63
2024Q4,020,18,653921.75,12
2024Q4,020,20,24.71,2
2024Q4,020,40,3008625.67,12
2024Q4,020,50,2991089.09,17
2024Q4,020,60,3146514.27,4
2024Q4,020,88,166503.84,38
2024Q4,020,89,-37138.65,7
2024Q4,020,90,-1126543.32,35
2024Q4,020,92,0.00,2
2024Q4,020,93,0.00,37
2024Q4,020,98,-89116.89,11
2024Q4,021,01,13390531.45,46
2024Q4,021,02,7724.37,3
2024Q4,021,03,42281.60,14
2024Q4,021,05,2253.23,1
2024Q4,021,10,172067161.58,62
2024Q4,021,18,8282.04,16
2024Q4,021,40,455805.50,21
2024Q4,021,50,83236959.10,28
2024Q4,021,60,177599404.06,39
2024Q4,021,80,2518187.84,1
2024Q4,021,88,10769.39,4
2024Q4,021,89,0.00,1
2024Q4,021,90,572759.44,35
2024Q4,021,91,20451.68,3
2024Q4,021,92,40000.00,3
2024Q4,021,93,3815011.25,19
2024Q4,021,96,2518187.84,2
2024Q4,021,98,-5138970.29,22
2024Q4,022,01,23556858.09,52
2024Q4,022,03,229121.43,22
2024Q4,022,10,17997911.09,62
2024Q4,022,18,4698931.38,44
2024Q4,022,30,5517770.79,9
2024Q4,022,40,90060.61,8
2024Q4,022,50,1691147.02,29
2024Q4,022,60,12183547.82,53
2024Q4,022,88,-295409.51,32
2024Q4,022,89,10285393.67,21
2024Q4,022,90,1155962.79,28
2024Q4,022,91,30677.52,4
2024Q4,022,92,49000.00,6
2024Q4,022,93,1087143.61,20
2024Q4,022,96,365.57,1
2024Q4,022,98,-4830696.01,28
2024Q4,023,01,7645261.99,35
2024Q4,023,03,66160.87,14
2024Q4,023,10,8045424.86,57
2024Q4,023,20,328081.00,1
2024Q4,023,30,100137317.65,10
2024Q4,023,50,40391751.20,23
2024Q4,023,60,3258536.77,32
2024Q4,023,80,3100114.47,1
2024Q4,023,88,21489.25,16
2024Q4,023,89,0.00,1
2024Q4,023,90,103606.54,26
2024Q4,023,91,0.00,6
2024Q4,023,92,0.00,2
2024Q4,023,93,-5328.50,29
2024Q4,023,98,157.48,11
2024Q4,024,01,1183294.50,18
2024Q4,024,02,937.50,3
2024Q4,024,03,144.17,3
2024Q4,024,10,751876.69,52
2024Q4,024,30,6704565.33,5
2024Q4,024,50,171320.44,3
2024Q4,024,60,622323.18,6
2024Q4,024,88,1947621.57,23
2024Q4,024,89,0.00,1
2024Q4,024,90,604.36,6
2024Q4,024,93,241913.60,10
2024Q4,024,96,1124842.14,1
2024Q4,024,98,-1788645.61,4
2024Q4,025,01,2738426.55,38
2024Q4,025,02,8978.31,12
2024Q4,025,03,68367.70,12
2024Q4,025,10,1847345.68,57
2024Q4,025,30,10327100.95,49
2024Q4,025,40,3515984.11,37
2024Q4,025,50,1331683.30,9
2024Q4,025,60,864688.44,3
2024Q4,025,70,15338756.44,2
2024Q4,025,80,30640.03,1
2024Q4,025,88,209050.41,24
2024Q4,025,89,0.00,3
2024Q4,025,91,20451.68,4
2024Q4,025,92,5305.00,4
2024Q4,025,93,12900.00,1
2024Q4,025,98,-1943771.31,10
2024Q4,032,01,324674.92,6
2024Q4,032,03,1064.22,3
2024Q4,032,10,124470.64,33
2024Q4,032,18,12556.38,1
2024Q4,032,50,35668.98,1
2024Q4,032,98,-424.06,2
2024Q4,033,01,314335.71,10
2024Q4,033,10,136255.30,30
2024Q4,033,18,28.00,2
2024Q4,033,50,46737.19,1
2024Q4,033,91,6646.80,5
2024Q4,033,93,2687.09,5
2024Q4,034,01,621305.34,9
2024Q4,034,10,153840.34,42
2024Q4,034,88,8331.39,3
2024Q4,034,91,0.00,3
2024Q4,034,92,0.00,1
2024Q4,034,93,0.00,2
2024Q4,034,98,0.00,3
2024Q4,037,01,1051900.51,8
2024Q4,037,03,1710.33,4
2024Q4,037,10,750093.55,23
2024Q4,037,60,8021.30,1
2024Q4,037,88,75140.67,2
2024Q4,037,91,12782.30,1
2024Q4,040,01,248940.47,6
2024Q4,040,03,3561.14,3
2024Q4,040,10,156904.47,14
2024Q4,040,18,3.33,3
2024Q4,040,91,4090.34,2
2024Q4,040,93,2450.00,1
2024Q4,041,01,3488169.98,36
2024Q4,041,03,16893.63,8
2024Q4,041,05,15753.78,3
2024Q4,041,10,1193809.08,58
2024Q4,041,18,38755.04,8
2024Q4,041,50,984085.46,2
2024Q4,041,88,-554011.25,3
2024Q4,041,90,34.77,1
2024Q4,041,91,5624.20,5
2024Q4,041,92,8500.00,6
2024Q4,041,93,949.00,3
2024Q4,041,98,-3.86,5
2024Q4,042,01,648184.97,10
2024Q4,042,10,160402.65,17
2024Q4,042,18,7885.56,8
2024Q4,042,91,21474.26,6
2024Q4,042,93,1302.87,2
2024Q4,042,98,-21647.09,4
2024Q4,043,01,1167407.43,6
2024Q4,043,03,1040.07,3
2024Q4,043,10,715285.67,28
2024Q4,043,50,5489635.45,6
2024Q4,043,60,30405083.78,1
2024Q4,043,90,81.83,2
2024Q4,043,91,5624.21,3
2024Q4,043,92,10000.00,2
2024Q4,043,93,13000.00,2
2024Q4,043,98,-3091.49,3
2024Q4,044,01,239064.94,11
2024Q4,044,03,2420.97,3
2024Q4,044,10,190098.44,40
2024Q4,044,50,17624.24,2
2024Q4,044,91,1252.66,2
2024Q4,044,92,970.00,5
2024Q4,044,93,898.00,4
2024Q4,044,98,-19757.67,6
2024Q4,045,01,1291043.80,7
2024Q4,045,10,345557.61,25
2024Q4,045,91,5112.92,3
2024Q4,045,92,765.00,3
2024Q4,045,93,4620.00,2
2024Q4,046,01,571769.73,8
2024Q4,046,10,466580.68,38
2024Q4,046,91,2045.16,3
2024Q4,046,92,1440.00,3
2024Q4,046,93,302065.37,8
2024Q4,046,98,-25422.96,4
2024Q4,047,01,1790710.32,9
2024Q4,047,03,10142.63,9
2024Q4,047,10,452172.85,22
2024Q4,047,18,212608.36,1
2024Q4,047,50,286454.77,4
2024Q4,047,88,29902.78,4
2024Q4,047,90,-11942.19,1
2024Q4,047,91,0.00,7
2024Q4,047,92,0.00,4
2024Q4,047,93,29947.30,7
2024Q4,047,98,-16053.01,3
2024Q4,048,01,1097693.35,6
2024Q4,048,03,5513.95,3
2024Q4,048,10,265145.13,44
2024Q4,048,18,29957.09,8
2024Q4,048,50,15222.98,4
2024Q4,048,60,1050.70,1
2024Q4,048,91,10225.84,4
2024Q4,048,93,28618.79,6
2024Q4,048,98,-7572.15,3
2024Q4,053,01,1585506.33,19
2024Q4,053,03,7832.82,11
2024Q4,053,10,14368840.21,57
2024Q4,053,50,1682709.70,12
2024Q4,053,88,-397.30,3
2024Q4,053,89,0.00,1
2024Q4,053,90,85985.88,4
2024Q4,053,91,0.00,2
2024Q4,053,92,0.00,2
2024Q4,053,93,0.00,1
2024Q4,053,98,0.00,10
2024Q4,055,01,11726764.51,54
2024Q4,055,02,136341.10,4
2024Q4,055,03,274472.22,3
2024Q4,055,05,1987255.44,4
2024Q4,055,10,7601577.62,62
2024Q4,055,18,3013368.54,14
2024Q4,055,40,3327847708.94,62
2024Q4,055,50,4337303.25,7
2024Q4,055,60,3475264.22,3
2024Q4,055,89,0.00,6
2024Q4,055,90,15740782.08,62
2024Q4,055,92,6940.00,4
2024Q4,055,93,18225089.76,39
2024Q4,055,95,9058.84,2
2024Q4,055,98,-44611861.38,35
2024Q4,056,01,8575396.69,23
2024Q4,056,05,2855309.53,4
2024Q4,056,10,3624746.68,61
2024Q4,056,40,1291214626.82,61
2024Q4,056,50,257965.78,4
2024Q4,056,60,1445341.54,1
2024Q4,056,88,517580.01,12
2024Q4,056,89,514442.70,5
2024Q4,056,90,9088.72,18
2024Q4,056,91,25564.59,1
2024Q4,056,92,1120.00,2
2024Q4,056,93,14030243.96,22
2024Q4,056,95,10947.30,2
2024Q4,056,98,-232565872.60,18
2024Q4,061,01,4003098.55,55
2024Q4,061,03,991127.22,6
2024Q4,061,10,6425328.13,60
2024Q4,061,18,247889.04,21
2024Q4,061,50,1871253.31,21
2024Q4,061,91,51129.20,4
2024Q4,061,92,39055.00,7
2024Q4,061,93,291682.30,18
2024Q4,061,98,-258207.30,2
2024Q4,062,01,4432986.31,51
2024Q4,062,02,9967.41,5
2024Q4,062,03,45389.32,6
2024Q4,062,10,2689982.19,57
2024Q4,062,18,35127.92,4
2024Q4,062,30,511.29,1
2024Q4,062,50,168373.13,7
2024Q4,062,89,17089.79,7
2024Q4,062,90,-12462.09,4
2024Q4,062,91,0.00,4
2024Q4,062,92,0.00,2
2024Q4,062,93,0.00,25
2024Q4,062,98,-1046.13,5
2024Q4,063,01,1415181.90,6
2024Q4,063,03,9925.52,3
2024Q4,063,10,649834.86,29
2024Q4,063,91,10225.84,3
2024Q4,063,93,65289.75,21
2024Q4,063,98,-332582.59,6
2024Q4,071,01,593555.35,25
2024Q4,071,10,2874402.01,45
2024Q4,071,18,2131.27,5
2024Q4,071,30,1843190.10,1
2024Q4,071,50,35662.61,2
2024Q4,071,60,752867.49,4
2024Q4,071,88,3175671.68,5
2024Q4,071,90,16752.01,5
2024Q4,071,91,6135.50,2
2024Q4,071,92,25000.00,3
2024Q4,071,93,2709564.03,26
2024Q4,071,98,-3765227.43,7
2024Q4,074,01,3354553.85,26
2024Q4,074,10,2668349.71,55
2024Q4,074,18,24821.42,17
2024Q4,074,30,2003611.20,7
2024Q4,074,40,19173424.58,5
2024Q4,074,70,2014438.88,1
2024Q4,074,88,982430.26,51
2024Q4,074,93,4162283.91,11
2024Q4,074,98,-1810.45,6
2024Q4,075,01,2691705.76,19
2024Q4,075,03,9880.16,3
2024Q4,075,10,10886037.06,50
2024Q4,075,50,3620152.16,9
2024Q4,075,60,-386855.71,2
2024Q4,075,88,-168859.57,2
2024Q4,075,91,0.00,3
2024Q4,075,92,0.00,1
2024Q4,075,93,0.00,1
2024Q4,075,98,0.00,2
2024Q4,082,01,626415.37,9
2024Q4,082,03,2152.02,3
2024Q4,082,10,10217541.89,20
2024Q4,082,18,48508.31,1
2024Q4,082,50,3190.46,1
2024Q4,082,60,31961.48,10
2024Q4,082,89,0.00,1
2024Q4,082,91,8180.67,2
2024Q4,082,92,2610.00,2
2024Q4,082,93,61.16,2
2024Q4,082,98,-484.25,3
2024Q4,083,01,210416.36,17
2024Q4,083,03,522.16,3
2024Q4,083,10,78667.06,36
2024Q4,083,50,17109.44,1
2024Q4,083,91,0.00,1
2024Q4,083,92,0.00,2
2024Q4,083,98,0.00,4
2024Q4,084,01,7571120.22,24
2024Q4,084,10,2668226.78,60
2024Q4,084,18,345318.17,58
2024Q4,084,20,3785.56,4
2024Q4,084,30,30830175.57,51
2024Q4,084,40,5488561.57,40
2024Q4,084,50,75685.19,7
2024Q4,084,60,207296486.27,26
2024Q4,084,70,242508.07,1
2024Q4,084,89,0.00,2
2024Q4,084,91,29654.94,12
2024Q4,084,92,2500.00,2
2024Q4,084,93,14554.47,5
2024Q4,084,98,-7764218.10,8
2024Q4,085,01,139252.28,3
2024Q4,085,10,39072.13,14
2024Q4,085,91,0.00,1
2024Q4,085,98,0.00,2
2024Q4,119,01,371622.32,8
2024Q4,119,10,310767.88,39
2024Q4,119,30,6035.38,1
2024Q4,119,40,30263.36,2
2024Q4,119,50,10056.09,1
2024Q4,119,60,7824593.83,32
2024Q4,119,88,281314943.80,12
2024Q4,119,90,1921.44,4
2024Q4,119,91,6646.79,2
2024Q4,119,98,-279220698.82,6
2024Q4,122,18,474083.39,11
2024Q4,122,30,131045846.48,28
2024Q4,122,40,119155428.79,27
2024Q4,122,50,96846393.88,21
2024Q4,122,60,50014293.67,19
2024Q4,122,89,388513704.98,34
2024Q4,122,98,-235302959.64,31
2024Q4,124,01,173828.56,4
2024Q4,124,02,49027.76,3
2024Q4,124,03,2086.02,1
2024Q4,124,10,149079.99,22
2024Q4,124,30,416690341.70,24
2024Q4,124,50,54952.84,3
2024Q4,124,60,5173939.63,1
2024Q4,124,89,0.00,1
2024Q4,124,90,113523.78,1
2024Q4,124,93,0.00,2
2024Q4,124,98,-1639671.46,1
2024Q4,129,01,651836.37,5
2024Q4,129,03,78232.95,4
2024Q4,129,05,179429.00,3
2024Q4,129,10,1086740.29,31
2024Q4,129,20,0.24,1
2024Q4,129,89,0.00,1
2024Q4,129,91,8229.61,3
2024Q4,129,98,-194.29,2
2024Q4,133,01,6017840.20,32
2024Q4,133,03,45165.44,17
2024Q4,133,10,3785109.92,48
2024Q4,133,18,32612.82,9
2024Q4,133,20,666.10,8
2024Q4,133,40,8783.00,8
2024Q4,133,50,129477.02,15
2024Q4,133,60,3320174.56,3
2024Q4,133,88,571994.69,31
2024Q4,133,89,0.00,2
2024Q4,133,90,108688.51,13
2024Q4,133,93,43364.54,7
2024Q4,133,98,-501673.12,14
2024Q4,134,01,145547.66,10
2024Q4,134,02,20703.76,7
2024Q4,134,03,358.57,4
2024Q4,134,10,224540.86,28
2024Q4,134,18,12743.91,9
2024Q4,134,98,0.00,1
2024Q4,181,01,1241861.84,10
2024Q4,181,03,337.44,3
2024Q4,181,10,257218.58,16
2024Q4,181,18,7945.64,1
2024Q4,181,60,434.60,1
2024Q4,181,91,112484.22,3
2024Q4,181,92,1015.00,3
2024Q4,422,01,122966503.31,62
2024Q4,422,02,23586620.92,61
2024Q4,422,03,1755047.98,57
2024Q4,422,05,27887697.00,62
2024Q4,422,10,175238424.87,62
2024Q4,422,18,482996.31,61
2024Q4,422,20,24075.30,13
2024Q4,422,30,9503476.44,53
2024Q4,422,40,77465542.11,60
2024Q4,422,50,79134765.34,61
2024Q4,422,60,6339805.25,43
2024Q4,422,70,7669616.84,2
2024Q4,422,80,18154.98,8
2024Q4,422,88,757735.31,30
2024Q4,422,89,1226569.89,48
2024Q4,422,90,283556.70,55
2024Q4,422,98,-41227345.87,50
2024Q4,519,88,3161998.84,22
2024Q4,519,89,3779434.22,26
2024Q4,522,89,3658850.22,60
2024Q4,522,90,1001.63,1
2024Q4,522,98,-12903.80,12
2024Q4,579,89,19595772.87,28
2024Q4,581,89,208485316.70,60
2024Q4,582,89,66608963.88,54
2024Q4,735,01,20445.55,9
2024Q4,735,02,60771.76,21
2024Q4,735,05,1234.07,3
2024Q4,735,10,11504.07,1
2024Q4,735,40,582454.55,22
2024Q4,735,89,0.00,1
2024Q4,735,90,1351.21,1
2024Q4,735,91,1022.59,2
2024Q4,735,98,-1351.21,1
2024Q4,745,40,14102695.48,34
2024Q4,745,97,0.00,1
2024Q4,801,01,23804444.28,46
2024Q4,801,03,2402192.74,3
2024Q4,801,05,27809.50,2
2024Q4,801,10,6467616.36,60
2024Q4,801,40,1686375.86,7
2024Q4,801,50,370568.64,31
2024Q4,801,60,2910859.57,17
2024Q4,801,89,0.00,1
2024Q4,801,93,390509.75,43
2024Q4,801,98,-17249.43,11
2024Q4,802,01,8161059.41,27
2024Q4,802,02,18109.80,3
2024Q4,802,03,8608.03,9
2024Q4,802,10,776284.28,36
2024Q4,802,18,82698.92,9
2024Q4,802,40,1281164.01,6
2024Q4,802,50,430421.91,15
2024Q4,802,98,-29098.79,1
2024Q4,803,01,2400277.85,21
2024Q4,803,03,23868.98,7
2024Q4,803,10,701237.39,39
2024Q4,803,18,17634.59,3
2024Q4,803,40,187081.19,5
2024Q4,803,50,46137.72,6
2024Q4,803,60,56436.09,2
2024Q4,803,70,29758.71,3
2024Q4,803,88,63477.32,11
2024Q4,803,90,17157.76,10
2024Q4,804,01,3769526.10,24
2024Q4,804,10,564422.31,39
2024Q4,804,18,118298.21,27
2024Q4,804,40,620625.77,6
2024Q4,804,60,95274.05,1
2024Q4,804,88,74137.34,7
2024Q4,804,90,33169.38,3
2024Q4,804,98,-4356.55,4
2024Q4,805,01,3043799.15,25
2024Q4,805,10,1370058.08,51
2024Q4,805,40,744368.89,3
2024Q4,805,50,1812461.87,6
2024Q4,805,88,61064.06,28
2024Q4,805,98,-14397.29,6
2024Q4,806,01,2442337.10,19
2024Q4,806,03,48855.95,4
2024Q4,806,10,595688.48,43
2024Q4,806,18,3327.49,6
2024Q4,806,40,498122.53,11
2024Q4,806,50,1951.09,1
2024Q4,806,90,24411.12,9
2024Q4,806,98,-4772.42,1
2024Q4,811,01,3235663.36,26
2024Q4,811,10,1208892.42,47
2024Q4,811,18,14919.96,4
2024Q4,811,40,109153.14,5
2024Q4,811,50,494140.13,8
2024Q4,811,60,38346.89,1
2024Q4,811,89,0.00,1
2024Q4,811,90,5997.45,11
2024Q4,811,98,-569062.98,4
2024Q4,812,01,14882661.90,37
2024Q4,812,02,1457.39,3
2024Q4,812,03,347538.11,6
2024Q4,812,10,6280311.40,55
2024Q4,812,18,824.43,6
2024Q4,812,40,838471.89,15
2024Q4,812,50,179432.90,10
2024Q4,812,60,13175.18,1
2024Q4,812,88,112633.17,15
2024Q4,812,90,3152.05,8
2024Q4,812,91,46016.28,5
2024Q4,812,92,210.00,1
2024Q4,812,93,50823.34,15
2024Q4,812,98,-1212957.49,3
2024Q4,814,01,2327091.30,12
2024Q4,814,03,1087.06,3
2024Q4,814,10,2382804.36,52
2024Q4,814,18,10.63,2
2024Q4,814,40,600709.67,5
2024Q4,814,90,12086.76,25
2024Q4,814,98,-89630.40,1
2024Q4,815,01,1522966.40,22
2024Q4,815,10,251988.12,53
2024Q4,815,18,345.12,2
2024Q4,815,40,134234.53,5
2024Q4,815,50,40703.73,5
2024Q4,815,60,3386.29,1
2024Q4,815,88,57619.20,12
2024Q4,815,89,7292.80,8
2024Q4,815,90,32533.29,29
2024Q4,815,98,-57.77,2
2024Q4,816,01,5189224.93,27
2024Q4,816,03,16478.18,5
2024Q4,816,10,949846.70,48
2024Q4,816,18,58106.08,6
2024Q4,816,40,377616.15,13
2024Q4,816,50,13056.22,2
2024Q4,816,88,24256.26,3
2024Q4,816,90,5216.90,4
2024Q4,816,91,17324.69,8
2024Q4,816,93,7790.54,3
2024Q4,816,98,-169.12,2
2024Q4,817,01,954341.66,21
2024Q4,817,10,500849.20,41
2024Q4,817,40,117618.10,6
2024Q4,817,50,8065.44,5
2024Q4,817,60,25564.59,1
2024Q4,817,91,4601.62,6
2024Q4,817,98,-153.39,1
2024Q4,818,01,2397163.34,15
2024Q4,818,03,22440.63,7
2024Q4,818,10,1102733.89,42
2024Q4,818,18,189225.46,4
2024Q4,818,50,22925.31,1
2024Q4,818,88,44780.19,8
2024Q4,818,98,-1272.87,5
2024Q4,819,01,2030380.94,15
2024Q4,819,03,12835.79,5
2024Q4,819,05,153.39,1
2024Q4,819,10,622224.08,37
2024Q4,819,18,2109.95,1
2024Q4,819,40,164863.52,5
2024Q4,819,50,403446.06,5
2024Q4,819,60,15977.87,1
2024Q4,819,90,177877.12,24
2024Q4,819,91,7718.82,6
2024Q4,819,93,18569.22,10
2024Q4,821,01,1684714.95,27
2024Q4,821,10,549269.65,36
2024Q4,821,18,33330.92,2
2024Q4,821,40,127016.76,12
2024Q4,821,60,23008.14,4
2024Q4,821,90,13931.41,11
2024Q4,821,98,-143937.59,3
2024Q4,822,01,1572928.03,16
2024Q4,822,03,10738.75,6
2024Q4,822,10,211811.26,29
2024Q4,822,18,3134.09,9
2024Q4,822,40,121329.51,7
2024Q4,822,50,75264.25,11
2024Q4,822,60,138948.82,8
2024Q4,822,89,1054.60,1
2024Q4,822,98,-2665.59,1
2024Q4,823,01,7454240.96,57
2024Q4,823,03,54237.49,14
2024Q4,823,10,2299521.02,59
2024Q4,823,18,33663.50,10
2024Q4,823,20,288.21,1
2024Q4,823,40,553602.82,4
2024Q4,823,50,1537943.68,24
2024Q4,823,60,21156.38,1
2024Q4,823,89,0.00,1
2024Q4,823,90,23038.81,15
2024Q4,823,98,-2948.37,14
2024Q4,831,01,12931869.81,44
2024Q4,831,02,28604.10,2
2024Q4,831,03,30625.89,7
2024Q4,831,10,2481696.03,54
2024Q4,831,18,5442.29,9
2024Q4,831,40,605225.96,24
2024Q4,831,50,4901744.24,26
2024Q4,831,60,11810.59,1
2024Q4,831,89,0.00,1
2024Q4,831,90,43370.87,23
2024Q4,831,93,100824.61,22
2024Q4,831,98,-2443.73,3
2024Q4,832,01,9995756.26,9
2024Q4,832,03,137048.18,3
2024Q4,832,10,2881568.74,46
2024Q4,832,18,20879.97,1
2024Q4,832,50,4550694.55,26
2024Q4,832,90,11475.02,9
2024Q4,832,98,-107913.20,2
2024Q4,833,01,8075299.73,39
2024Q4,833,03,65441.96,5
2024Q4,833,10,2588265.86,54
2024Q4,833,18,2366.73,13
2024Q4,833,40,718732.44,8
2024Q4,833,50,1076908.73,16
2024Q4,833,88,128267.74,1
2024Q4,833,89,35049.46,23
2024Q4,833,90,45049.57,13
2024Q4,833,98,-40671.68,5
2024Q4,835,01,2494505.21,27
2024Q4,835,03,51240.78,3
2024Q4,835,10,1048454.99,58
2024Q4,835,40,141796.16,3
2024Q4,835,50,1138269.89,23
2024Q4,835,98,-3642.43,2
2024Q4,841,01,5873604.32,21
2024Q4,841,03,41363.07,4
2024Q4,841,10,2328475.65,56
2024Q4,841,18,185985.17,19
2024Q4,841,40,1026023.69,4
2024Q4,841,50,175790.87,5
2024Q4,841,89,36179.00,5
2024Q4,841,92,2405.00,5
2024Q4,841,93,13995.68,18
2024Q4,841,98,-221397.11,6
2024Q4,842,01,1715031.55,11
2024Q4,842,03,4871.95,3
2024Q4,842,10,396365.59,46
2024Q4,842,18,3539.28,10
2024Q4,842,40,382032.69,11
2024Q4,842,50,292123.14,6
2024Q4,842,88,30544.73,17
2024Q4,842,90,44517.29,20
2024Q4,842,98,-488.33,1
2024Q4,843,01,945715.89,17
2024Q4,843,03,3591.88,3
2024Q4,843,10,253646.84,25
2024Q4,843,18,13829.98,4
2024Q4,843,40,259019.46,5
2024Q4,843,50,3490.08,2
2024Q4,843,89,3174.70,3
2024Q4,843,90,6640.59,7
2024Q4,843,98,-30090.64,3
2024Q4,851,01,1324428.25,12
2024Q4,851,10,298309.44,25
2024Q4,851,40,116007.01,4
2024Q4,851,50,66656.16,2
2024Q4,851,60,61714.26,1
2024Q4,851,90,11339.43,3
2024Q4,852,01,1236726.54,11
2024Q4,852,10,209307.70,37
2024Q4,852,18,13089.85,6
2024Q4,852,40,81534.18,6
2024Q4,852,50,128130.89,6
2024Q4,852,80,37991.14,3
2024Q4,852,88,1667.09,1
2024Q4,852,90,1329.36,4
2024Q4,852,93,9675.09,6
2024Q4,852,98,-662.37,1
2024Q4,853,01,1122511.41,24
2024Q4,853,10,427461.18,35
2024Q4,853,18,61756.01,1
2024Q4,853,40,143062.01,7
2024Q4,853,50,238355.15,4
2024Q4,854,01,7258.05,5
2024Q4,854,10,1208518.66,33
2024Q4,854,18,997.94,2
2024Q4,854,40,956.12,2
2024Q4,854,90,4654.03,4
2024Q4,854,98,-8064.88,2
2024Q4,859,01,3313954.35,12
2024Q4,859,03,19285.09,3
2024Q4,859,10,1599037.90,49
2024Q4,859,18,8810.58,1
2024Q4,859,20,4619.34,2
2024Q4,859,40,220972.68,5
2024Q4,859,50,1231717.23,21
2024Q4,859,80,958991.84,2
2024Q4,859,90,8160.38,8
2024Q4,859,91,51129.20,6
2024Q4,859,92,5855.00,3
2024Q4,859,93,474.78,3
2024Q4,859,98,-717719.88,1
2024Q4,867,01,379677.65,12
2024Q4,867,18,180548.59,28
2024Q4,868,01,444133.01,9
2024Q4,868,02,18962.46,2
2024Q4,868,10,457666.10,27
2024Q4,868,18,27671.45,2
2024Q4,868,40,81113.09,5
2024Q4,871,01,1218706.52,10
2024Q4,871,03,8396.81,6
2024Q4,871,10,215473.56,35
2024Q4,871,40,168726.32,4
2024Q4,871,89,2460.34,1
2024Q4,871,90,885.81,3
2024Q4,871,93,0.00,8
2024Q4,872,01,429732.97,12
2024Q4,872,10,175968.59,32
2024Q4,872,18,2390.71,5
2024Q4,872,40,120197.06,6
2024Q4,872,50,77614.11,1
2024Q4,872,91,0.00,1
2024Q4,872,98,-2557.71,3
2024Q4,881,01,1342919.00,14
2024Q4,881,03,31951.19,3
2024Q4,881,10,240782.27,21
2024Q4,881,18,543.79,3
2024Q4,881,40,4032.05,4
2024Q4,881,50,2165.83,1
2024Q4,881,60,723.12,2
2024Q4,881,90,68523.60,16
2024Q4,881,93,678.02,3
2024Q4,881,98,0.00,1
2024Q4,882,01,3045129.72,29
2024Q4,882,03,68794.71,10
2024Q4,882,10,1078147.25,41
2024Q4,882,18,87820.66,15
2024Q4,882,40,790923.25,9
2024Q4,882,50,662562.34,9
2024Q4,882,88,51427.78,1
2024Q4,882,90,59073.52,30
2024Q4,883,01,510.78,4
2024Q4,883,02,10.23,2
2024Q4,883,03,23636.42,4
2024Q4,883,10,4679887.17,51
2024Q4,883,40,378.35,3
2024Q4,883,50,292946.59,4
2024Q4,883,60,3545.10,1
2024Q4,883,88,205653.75,32
2024Q4,883,90,44614.34,5
2024Q4,883,98,-483966.94,2
2024Q4,884,01,968802.82,10
2024Q4,884,03,900.50,3
2024Q4,884,10,191594.62,26
2024Q4,884,40,254911.81,3
2024Q4,884,50,850150.64,10
2024Q4,884,90,159051.40,3
2024Q4,884,98,-38.34,1
2024Q4,890,01,28501072.05,58
2024Q4,890,02,85541.51,19
2024Q4,890,03,145744.69,41
2024Q4,890,05,15544.90,4
2024Q4,890,10,7760799.70,58
2024Q4,890,18,285768.00,46
2024Q4,890,40,313130.01,40
2024Q4,890,50,974865.10,47
2024Q4,890,60,3876114.74,39
2024Q4,890,88,391885.78,37
2024Q4,890,89,56293.02,26
2024Q4,890,90,333566.11,39
2024Q4,890,92,3000.00,1
2024Q4,890,93,10015.67,6
2024Q4,890,98,-417849.08,17
2024Q4,980,60,1171820.15,1
2024Q4,983,01,557966.43,24
2024Q4,983,02,60124.74,11
2024Q4,983,05,36004.29,9
2024Q4,983,10,424847.78,19
2024Q4,983,18,11721847.38,6
2024Q4,983,30,6347810.12,41
2024Q4,983,40,25129.99,15
2024Q4,983,50,154286615.63,35
2024Q4,983,60,80377302.62,56
2024Q4,983,88,29422.55,1
2024Q4,983,89,10639448.73,11
2024Q4,983,90,24809.76,1
2024Q4,983,98,-744370.69,11
2024Q4,986,89,68892.83,5
2024Q4,986,93,99.19,3
2024Q4,987,01,9148331.04,30
2024Q4,987,02,250831.37,23
2024Q4,987,03,76.62,3
2024Q4,987,05,441941.60,9
2024Q4,987,10,1060514.75,57
2024Q4,987,30,4208091.22,41
2024Q4,987,40,49108.56,1
2024Q4,987,50,77026601.74,29
2024Q4,987,60,198801729.44,61
2024Q4,987,70,66784.41,1
2024Q4,987,88,1798682.86,10
2024Q4,987,89,134990.20,5
2024Q4,987,98,-73352.20,13
2024Q4,989,10,136869.45,2
2024Q4,989,30,1651908.93,18
2024Q4,989,60,10063031.59,43
2024Q4,989,98,-42406.65,1
2025Q1,001,01,6818925.07,25
2025Q1,001,02,1913.84,2
2025Q1,001,03,374.46,3
2025Q1,001,10,1768541.50,57
2025Q1,001,18,477400.83,20
2025Q1,001,50,7748.30,5
2025Q1,001,60,674.97,1
2025Q1,001,90,177894.08,47
2025Q1,001,91,715808.64,5
2025Q1,001,92,25000.00,2
2025Q1,001,93,173687.25,9
2025Q1,001,98,-205021.71,4
2025Q1,002,01,644347.79,10
2025Q1,002,02,81.87,3
2025Q1,002,03,3282.98,3
2025Q1,002,10,199648.22,16
2025Q1,002,91,20451.68,6
2025Q1,002,92,25000.00,4
2025Q1,002,93,2317.07,4
2025Q1,003,01,8300087.92,56
2025Q1,003,10,2251180.30,60
2025Q1,003,18,60968.98,51
2025Q1,003,40,6081841.94,6
2025Q1,003,50,23182.38,3
2025Q1,003,60,144924.59,27
2025Q1,003,88,415361.98,28
2025Q1,003,89,0.00,3
2025Q1,003,90,2966.66,53
2025Q1,003,91,0.00,4
2025Q1,003,92,0.00,1
2025Q1,003,93,0.00,14
2025Q1,003,98,0.00,10
2025Q1,004,01,634229.23,6
2025Q1,004,03,3431.04,3
2025Q1,004,10,43392.90,27
2025Q1,004,91,53685.66,4
2025Q1,004,92,945.00,3
2025Q1,004,93,3398.80,2
2025Q1,005,01,130700.52,6
2025Q1,005,03,1605726.32,6
2025Q1,005,10,261950.67,45
2025Q1,005,91,4601.64,4
2025Q1,005,92,1070.00,3
2025Q1,005,93,4578.60,3
2025Q1,005,98,-6659.44,2
2025Q1,006,01,84193547.02,36
2025Q1,006,03,1719133.33,40
2025Q1,006,10,8735899.92,58
2025Q1,006,18,4696768.62,56
2025Q1,006,50,1695863.16,23
2025Q1,006,88,39199.69,10
2025Q1,006,89,0.00,10
2025Q1,006,90,717429.66,55
2025Q1,006,91,51129.19,1
2025Q1,006,93,14863.36,1
2025Q1,006,98,-598745.57,17
2025Q1,010,01,51066496.21,45
2025Q1,010,02,773.49,1
2025Q1,010,03,396669.66,30
2025Q1,010,10,15221101.83,60
2025Q1,010,18,49191.24,21
2025Q1,010,20,14.55,1
2025Q1,010,40,692077.12,1
2025Q1,010,50,2899345.06,6
2025Q1,010,60,17436.71,2
2025Q1,010,88,37737.21,35
2025Q1,010,89,0.00,6
2025Q1,010,90,12262.77,25
2025Q1,010,91,0.00,2
2025Q1,010,92,0.00,1
2025Q1,010,93,0.00,14
2025Q1,010,98,0.00,13
2025Q1,011,01,4115655.80,29
2025Q1,011,03,113227.03,3
2025Q1,011,10,10866841.27,56
2025Q1,011,18,8748350.05,20
2025Q1,011,60,-4070.65,1
2025Q1,011,89,-23741.05,3
2025Q1,011,91,5112.92,2
2025Q1,011,92,533000.00,7
2025Q1,011,93,20.00,48
2025Q1,011,98,-0.09,5
2025Q1,012,01,185774556.31,31
2025Q1,012,03,4499329.93,11
2025Q1,012,10,38964239.21,54
2025Q1,012,18,6819059.67,51
2025Q1,012,30,306775.13,3
2025Q1,012,40,304457.37,13
2025Q1,012,50,9774562.42,11
2025Q1,012,60,6160421.40,3
2025Q1,012,88,63509.96,14
2025Q1,012,89,0.00,2
2025Q1,012,90,2219234.54,32
2025Q1,012,91,0.00,7
2025Q1,012,92,0.00,4
2025Q1,012,93,0.00,28
2025Q1,012,98,-5386619.06,7
2025Q1,013,01,199807323.74,34
2025Q1,013,03,5744080.84,12
2025Q1,013,10,26965630.42,60
2025Q1,013,18,231199.18,6
2025Q1,013,40,619041.78,6
2025Q1,013,50,1625975.39,10
2025Q1,013,60,13578420.69,52
2025Q1,013,88,17743542.55,50
2025Q1,013,89,71095.90,49
2025Q1,013,90,4554040.93,59
2025Q1,013,91,0.00,3
2025Q1,013,92,0.00,7
2025Q1,013,93,0.00,25
2025Q1,013,98,-11485758.51,17
2025Q1,014,01,27768855.21,41
2025Q1,014,03,907790.17,12
2025Q1,014,10,8704895.22,56
2025Q1,014,18,20759.72,19
2025Q1,014,50,215209.27,3
2025Q1,014,88,835073.50,29
2025Q1,014,89,0.00,8
2025Q1,014,90,61206.37,18
2025Q1,014,91,14980.86,8
2025Q1,014,92,13000.00,5
2025Q1,014,93,396359.71,11
2025Q1,014,96,102.26,1
2025Q1,014,98,-391091.81,13
2025Q1,015,01,30121927.38,53
2025Q1,015,02,19927.01,10
2025Q1,015,03,301890.19,30
2025Q1,015,10,6895988.03,57
2025Q1,015,18,13302.71,11
2025Q1,015,30,26109833.06,44
2025Q1,015,40,218630079.15,55
2025Q1,015,50,519588.37,5
2025Q1,015,60,179653426.18,46
2025Q1,015,89,0.00,12
2025Q1,015,90,11.53,1
2025Q1,015,91,7669.38,1
2025Q1,015,93,113000.00,1
2025Q1,015,98,-21137145.38,19
2025Q1,016,01,43289615.83,55
2025Q1,016,02,114927.73,25
2025Q1,016,03,720638.54,32
2025Q1,016,10,15449140.11,57
2025Q1,016,18,42949.39,15
2025Q1,016,20,275.69,3
2025Q1,016,30,24857654.72,12
2025Q1,016,40,13502.70,4
2025Q1,016,50,278.77,1
2025Q1,016,60,30017612.63,15
2025Q1,016,88,2042171.55,14
2025Q1,016,89,0.00,4
2025Q1,016,90,42359.43,32
2025Q1,016,93,536913.79,6
2025Q1,016,98,-71627.94,8
2025Q1,017,01,43444684.16,55
2025Q1,017,03,1115171.25,52
2025Q1,017,10,9407900.39,59
2025Q1,017,18,31.37,1
2025Q1,017,40,2352846.69,57
2025Q1,017,50,35932.37,6
2025Q1,017,60,116046959.82,36
2025Q1,017,88,8939055.30,55
2025Q1,017,89,1004668.50,16
2025Q1,017,90,255.65,1
2025Q1,017,91,66253.52,12
2025Q1,017,92,25000.00,8
2025Q1,017,93,3494987.64,28
2025Q1,017,98,-815708.38,39
2025Q1,018,01,23419234.60,48
2025Q1,018,03,273088.24,36
2025Q1,018,10,12732621.28,58
2025Q1,018,18,3895314.94,53
2025Q1,018,20,71.58,1
2025Q1,018,30,1682758.59,17
2025Q1,018,40,625479.61,24
2025Q1,018,50,1393309.66,16
2025Q1,018,60,3270441.85,16
2025Q1,018,88,102435.16,10
2025Q1,018,89,254644.76,26
2025Q1,018,90,358285.87,35
2025Q1,018,91,25564.60,4
2025Q1,018,92,10000.00,4
2025Q1,018,93,1001939.07,17
2025Q1,018,98,-82458.38,22
2025Q1,019,01,6625685.02,45
2025Q1,019,02,1262.88,4
2025Q1,019,03,124338.23,22
2025Q1,019,10,3026915.16,57
2025Q1,019,18,15973.91,25
2025Q1,019,40,16879.28,7
2025Q1,019,50,75808.55,1
2025Q1,019,60,8221366.02,8
2025Q1,019,88,2127907.78,44
2025Q1,019,89,209.63,4
2025Q1,019,90,154702.27,11
2025Q1,019,91,15338.76,3
2025Q1,019,92,30000.00,3
2025Q1,019,93,77602.67,6
2025Q1,019,98,-729935.88,13
2025Q1,020,01,6636291.88,40
2025Q1,020,02,122.72,2
2025Q1,020,03,25353.33,13
2025Q1,020,10,3125084.28,60
2025Q1,020,18,61874.04,14
2025Q1,020,20,1.39,1
2025Q1,020,40,935161.63,5
2025Q1,020,50,19848.29,4
2025Q1,020,60,126094.74,11
2025Q1,020,88,68628.82,18
2025Q1,020,89,2817.22,4
2025Q1,020,90,2083.12,28
2025Q1,020,92,0.00,4
2025Q1,020,93,0.00,28
2025Q1,020,98,-1090.76,8
2025Q1,021,01,11104428.08,45
2025Q1,021,03,29823.47,14
2025Q1,021,10,109066026.41,58
2025Q1,021,18,45229.89,20
2025Q1,021,40,135688.57,11
2025Q1,021,50,61674410.96,7
2025Q1,021,60,12109485.29,11
2025Q1,021,80,9931780.22,1
2025Q1,021,88,11385.96,3
2025Q1,021,89,0.00,2
2025Q1,021,90,779570.53,31
2025Q1,021,91,15338.76,2
2025Q1,021,92,30000.00,2
2025Q1,021,93,151863.04,9
2025Q1,021,98,-2242593.16,11
2025Q1,022,01,21562829.06,48
2025Q1,022,03,237793.86,29
2025Q1,022,10,6879604.71,58
2025Q1,022,18,2749769.99,45
2025Q1,022,30,5689556.80,10
2025Q1,022,40,40931.10,5
2025Q1,022,50,3647.14,3
2025Q1,022,60,9495881.12,44
2025Q1,022,88,410593.09,26
2025Q1,022,89,24310.98,13
2025Q1,022,90,1625897.47,31
2025Q1,022,91,40903.36,5
2025Q1,022,92,81000.00,7
2025Q1,022,93,137444.05,10
2025Q1,022,98,-496198.74,11
2025Q1,023,01,6577433.03,34
2025Q1,023,03,59334.44,14
2025Q1,023,10,3098401.01,54
2025Q1,023,20,95637.73,1
2025Q1,023,30,73148899.31,6
2025Q1,023,50,17949830.51,1
2025Q1,023,60,127620.52,25
2025Q1,023,80,540250.00,1
2025Q1,023,88,16789.74,16
2025Q1,023,90,4137.90,20
2025Q1,023,91,0.00,6
2025Q1,023,92,0.00,4
2025Q1,023,93,0.01,16
2025Q1,023,98,0.00,10
2025Q1,024,01,1067038.71,20
2025Q1,024,02,937.50,3
2025Q1,024,03,125.76,3
2025Q1,024,10,214113.03,38
2025Q1,024,30,2589390.70,2
2025Q1,024,50,2272.17,2
2025Q1,024,60,123221343.37,2
2025Q1,024,88,22757647.22,15
2025Q1,024,89,0.00,4
2025Q1,024,90,1891.31,6
2025Q1,024,91,4090.34,2
2025Q1,024,92,8000.00,2
2025Q1,024,93,23638.90,5
2025Q1,024,98,-22704673.14,6
2025Q1,025,01,2288243.91,37
2025Q1,025,02,8936.90,10
2025Q1,025,03,47464.76,17
2025Q1,025,10,876460.38,53
2025Q1,025,30,8247973.75,30
2025Q1,025,40,1674452.97,15
2025Q1,025,60,536856.47,2
2025Q1,025,80,20149.15,1
2025Q1,025,88,41969.13,11
2025Q1,025,89,0.00,2
2025Q1,025,91,24030.72,5
2025Q1,025,92,5425.00,3
2025Q1,025,93,25227.04,2
2025Q1,025,98,-48741.07,7
2025Q1,032,01,314153.08,4
2025Q1,032,03,57.82,1
2025Q1,032,10,117625.58,31
2025Q1,033,01,311288.90,14
2025Q1,033,10,119441.11,36
2025Q1,033,91,4090.34,4
2025Q1,033,93,6140.00,2
2025Q1,034,01,393686.35,8
2025Q1,034,10,102761.70,44
2025Q1,034,91,0.00,6
2025Q1,034,92,0.00,3
2025Q1,034,93,0.00,3
2025Q1,034,98,0.00,2
2025Q1,037,01,1070730.37,8
2025Q1,037,03,1403.55,3
2025Q1,037,10,103032.18,18
2025Q1,037,91,15338.76,1
2025Q1,037,92,390.00,1
2025Q1,040,01,246899.27,6
2025Q1,040,03,2335.58,2
2025Q1,040,10,94815.92,10
2025Q1,040,18,3.33,3
2025Q1,040,91,4601.64,4
2025Q1,040,93,5280.00,2
2025Q1,040,96,14418.43,1
2025Q1,041,01,3131069.78,30
2025Q1,041,03,14363.82,6
2025Q1,041,05,15407.48,3
2025Q1,041,10,568953.17,54
2025Q1,041,18,66149.00,11
2025Q1,041,88,39132.34,12
2025Q1,041,91,4601.63,4
2025Q1,041,92,7500.00,4
2025Q1,041,93,6013.00,3
2025Q1,041,98,0.00,1
2025Q1,042,01,449675.90,9
2025Q1,042,03,107.37,1
2025Q1,042,10,82456.16,18
2025Q1,042,18,9755.45,3
2025Q1,042,91,28121.06,5
2025Q1,042,92,1195.00,4
2025Q1,042,98,-8849.66,2
2025Q1,043,01,1032544.43,6
2025Q1,043,03,889.38,3
2025Q1,043,10,246179.10,32
2025Q1,043,50,3416583.87,2
2025Q1,043,60,10561705.26,1
2025Q1,043,90,1390.71,1
2025Q1,043,91,8691.96,3
2025Q1,043,92,8000.00,3
2025Q1,043,93,60900.00,5
2025Q1,043,98,-10323.18,1
2025Q1,044,01,184611.91,8
2025Q1,044,03,2638.77,3
2025Q1,044,10,61132.01,34
2025Q1,044,91,1533.88,1
2025Q1,044,93,4250.11,5
2025Q1,044,98,-19440.24,4
2025Q1,045,01,868764.67,7
2025Q1,045,10,108922.35,29
2025Q1,045,91,7669.38,4
2025Q1,045,92,470.00,2
2025Q1,045,93,16249.00,1
2025Q1,046,01,487763.12,7
2025Q1,046,10,235630.29,28
2025Q1,046,91,3067.74,3
2025Q1,046,92,2770.00,4
2025Q1,046,93,15843.37,7
2025Q1,046,98,-16969.77,2
2025Q1,047,01,1208451.78,6
2025Q1,047,03,12233.88,8
2025Q1,047,10,373742.00,18
2025Q1,047,18,1050088.23,1
2025Q1,047,50,4700.98,2
2025Q1,047,90,4514.74,9
2025Q1,047,91,0.00,9
2025Q1,047,92,0.00,6
2025Q1,047,93,0.00,6
2025Q1,048,01,953634.58,8
2025Q1,048,03,5213.58,3
2025Q1,048,10,191048.51,40
2025Q1,048,18,766.01,7
2025Q1,048,89,0.00,1
2025Q1,048,91,12782.30,4
2025Q1,048,92,2000.00,1
2025Q1,048,93,40658.96,7
2025Q1,048,98,-3077.62,3
2025Q1,053,01,1111207.40,13
2025Q1,053,02,34.77,1
2025Q1,053,03,6766.74,5
2025Q1,053,10,1679353.98,45
2025Q1,053,18,2651.23,1
2025Q1,053,50,2155241.34,5
2025Q1,053,90,11276.70,3
2025Q1,053,91,0.00,1
2025Q1,053,92,0.00,2
2025Q1,053,93,0.00,1
2025Q1,053,98,0.00,3
2025Q1,055,01,11803861.65,51
2025Q1,055,02,68273.39,2
2025Q1,055,03,189151.98,3
2025Q1,055,05,1032097.50,2
2025Q1,055,10,6241675.49,61
2025Q1,055,18,239770.26,7
2025Q1,055,40,3273531845.87,61
2025Q1,055,50,1528.25,1
2025Q1,055,89,14814135.21,2
2025Q1,055,90,14107547.37,61
2025Q1,055,91,255.65,2
2025Q1,055,92,1630.00,5
2025Q1,055,93,16699976.09,42
2025Q1,055,95,1705.77,3
2025Q1,055,98,-18418977.54,20
2025Q1,056,01,7239869.56,22
2025Q1,056,05,1246977.19,2
2025Q1,056,10,1660164.14,58
2025Q1,056,40,1157314513.96,54
2025Q1,056,50,177088.14,2
2025Q1,056,88,1036627.06,16
2025Q1,056,89,816.58,5
2025Q1,056,90,5975.35,14
2025Q1,056,91,20451.68,2
2025Q1,056,92,720.00,1
2025Q1,056,93,1693170.86,15
2025Q1,056,95,48690.64,4
2025Q1,056,98,-28138716.68,11
2025Q1,061,01,3778662.17,57
2025Q1,061,03,20936.05,5
2025Q1,061,10,2954933.41,59
2025Q1,061,18,632370.62,28
2025Q1,061,50,519621.61,10
2025Q1,061,91,51129.19,3
2025Q1,061,92,36735.00,8
2025Q1,061,93,1302734.17,18
2025Q1,061,98,-342821.21,2
2025Q1,062,01,3407414.76,46
2025Q1,062,02,2976.28,4
2025Q1,062,03,46804.44,5
2025Q1,062,10,2329967.65,54
2025Q1,062,18,33134.84,3
2025Q1,062,30,1533.88,1
2025Q1,062,50,784541.66,8
2025Q1,062,89,17594.38,4
2025Q1,062,90,39167.48,3
2025Q1,062,91,0.00,4
2025Q1,062,92,0.00,1
2025Q1,062,93,0.00,21
2025Q1,062,98,0.00,2
2025Q1,063,01,823744.97,3
2025Q1,063,03,5410.09,2
2025Q1,063,10,488099.72,30
2025Q1,063,18,22.00,2
2025Q1,063,91,3067.76,2
2025Q1,063,93,72347.16,22
2025Q1,063,98,-207.18,2
2025Q1,071,01,564411.58,14
2025Q1,071,10,1375776.70,37
2025Q1,071,18,204.52,1
2025Q1,071,30,1003154.98,1
2025Q1,071,60,72613.37,1
2025Q1,071,89,0.00,1
2025Q1,071,90,1674.47,3
2025Q1,071,91,5112.92,2
2025Q1,071,92,45000.00,3
2025Q1,071,93,1181061.60,22
2025Q1,071,98,-755404.63,5
2025Q1,074,01,2472447.25,21
2025Q1,074,10,595033.51,49
2025Q1,074,18,4540.68,11
2025Q1,074,88,859965.63,43
2025Q1,074,93,660449.04,3
2025Q1,074,98,-601.22,1
2025Q1,075,01,2155076.77,15
2025Q1,075,03,12182.03,4
2025Q1,075,10,1101654.81,40
2025Q1,075,18,32286.64,1
2025Q1,075,91,0.00,3
2025Q1,075,92,0.00,1
2025Q1,075,93,0.00,6
2025Q1,075,98,0.00,1
2025Q1,082,01,482127.17,6
2025Q1,082,03,2152.02,3
2025Q1,082,10,252655.10,12
2025Q1,082,60,18728.71,7
2025Q1,082,91,9714.55,3
2025Q1,082,92,450.00,1
2025Q1,082,98,-2803.21,2
2025Q1,083,01,125099.62,13
2025Q1,083,03,454.92,3
2025Q1,083,10,63638.52,34
2025Q1,083,91,0.00,4
2025Q1,083,93,0.00,1
2025Q1,084,01,7970585.30,13
2025Q1,084,10,1788964.13,58
2025Q1,084,18,511647.01,55
2025Q1,084,30,3016921.69,11
2025Q1,084,40,24998.08,1
2025Q1,084,60,38181055.14,3
2025Q1,084,70,246812.92,1
2025Q1,084,89,0.00,1
2025Q1,084,91,20451.68,7
2025Q1,084,92,8000.00,3
2025Q1,084,93,9259.98,3
2025Q1,084,98,-356329.48,5
2025Q1,085,01,114704.09,3
2025Q1,085,10,18327.16,11
2025Q1,085,91,0.00,2
2025Q1,119,01,230970.10,8
2025Q1,119,10,187515.59,25
2025Q1,119,18,7443.07,2
2025Q1,119,30,221664.46,4
2025Q1,119,60,2974667.84,22
2025Q1,119,70,854120.28,2
2025Q1,119,88,137600516.51,10
2025Q1,119,89,0.00,2
2025Q1,119,90,564.86,4
2025Q1,119,91,2045.17,1
2025Q1,119,98,-66362009.29,3
2025Q1,122,18,2138354.76,9
2025Q1,122,30,24601083.36,22
2025Q1,122,40,32021053.37,21
2025Q1,122,50,30611789.86,15
2025Q1,122,60,13424360.35,16
2025Q1,122,89,87841416.43,31
2025Q1,122,98,-40109861.33,21
2025Q1,124,01,169617.85,4
2025Q1,124,02,53147.15,5
2025Q1,124,10,110016.42,14
2025Q1,124,30,392586553.88,14
2025Q1,129,01,396295.81,4
2025Q1,129,03,1704.75,3
2025Q1,129,05,161086.21,3
2025Q1,129,10,202096.85,26
2025Q1,129,91,2556.46,1
2025Q1,133,01,5661357.42,26
2025Q1,133,02,6079.27,3
2025Q1,133,03,45910.14,11
2025Q1,133,10,3038175.71,47
2025Q1,133,18,133572.64,13
2025Q1,133,20,622.25,9
2025Q1,133,40,10288.64,8
2025Q1,133,50,72654.66,17
2025Q1,133,60,2750699.39,6
2025Q1,133,88,551148.75,31
2025Q1,133,89,0.00,7
2025Q1,133,90,86873.24,13
2025Q1,133,91,1022.58,2
2025Q1,133,98,-153502.54,13
2025Q1,134,01,159189.08,10
2025Q1,134,02,10056.35,6
2025Q1,134,03,218.90,5
2025Q1,134,10,194212.82,25
2025Q1,134,18,6060.37,5
2025Q1,181,01,1068095.19,10
2025Q1,181,03,337.45,4
2025Q1,181,10,139464.63,16
2025Q1,181,91,20451.68,3
2025Q1,181,92,220.00,1
2025Q1,422,01,91647634.10,57
2025Q1,422,02,16577807.06,57
2025Q1,422,03,1458754.05,50
2025Q1,422,05,20642346.69,57
2025Q1,422,10,62268760.84,58
2025Q1,422,18,339610.70,56
2025Q1,422,20,7218.35,7
2025Q1,422,30,4457686.28,47
2025Q1,422,40,29609058.31,57
2025Q1,422,50,10310368.82,46
2025Q1,422,60,2662442.97,32
2025Q1,422,80,18027.32,7
2025Q1,422,88,246894.30,34
2025Q1,422,89,1392109.30,38
2025Q1,422,90,310150.59,48
2025Q1,422,98,-55351.29,48
2025Q1,519,88,2927358.45,23
2025Q1,519,89,4378966.15,17
2025Q1,519,98,-175597.73,2
2025Q1,522,89,1553117.99,61
2025Q1,522,98,-3226.22,13
2025Q1,579,89,9312766.16,19
2025Q1,581,89,95442679.33,52
2025Q1,582,89,45336587.70,42
2025Q1,735,01,19421.20,9
2025Q1,735,02,38868.19,18
2025Q1,735,05,1242.16,3
2025Q1,735,10,1542.11,6
2025Q1,735,18,15793564.56,4
2025Q1,735,40,362197.89,16
2025Q1,735,60,6040.67,1
2025Q1,735,89,0.00,1
2025Q1,735,90,5120.81,2
2025Q1,735,91,255.65,1
2025Q1,735,98,-2293.70,1
2025Q1,745,40,14366528.81,42
2025Q1,745,98,0.00,1
2025Q1,801,01,17011278.00,48
2025Q1,801,02,2400.00,1
2025Q1,801,03,1554110.27,4
2025Q1,801,10,5925089.92,59
2025Q1,801,18,3.50,1
2025Q1,801,40,2005385.54,9
2025Q1,801,50,429857.50,26
2025Q1,801,60,1881166.15,19
2025Q1,801,89,170706.11,2
2025Q1,801,91,102258.38,1
2025Q1,801,93,190198.17,32
2025Q1,801,96,664.68,1
2025Q1,801,98,-5853.46,9
2025Q1,802,01,6326970.11,24
2025Q1,802,02,12391.60,3
2025Q1,802,03,11346.74,9
2025Q1,802,10,946237.26,37
2025Q1,802,18,204162.58,6
2025Q1,802,40,999118.03,7
2025Q1,802,50,889406.47,19
2025Q1,802,98,-1349.81,1
2025Q1,803,01,1800368.23,15
2025Q1,803,03,18996.22,6
2025Q1,803,10,595716.93,33
2025Q1,803,18,123392.49,7
2025Q1,803,40,98035.10,4
2025Q1,803,50,271790.28,7
2025Q1,803,70,29495.35,3
2025Q1,803,88,28471.63,10
2025Q1,803,90,1694.67,9
2025Q1,803,98,-238.27,1
2025Q1,804,01,3350032.58,27
2025Q1,804,10,420278.96,44
2025Q1,804,18,155943.74,26
2025Q1,804,40,519122.83,6
2025Q1,804,50,3892.42,2
2025Q1,804,60,137384.26,3
2025Q1,804,88,55306.86,4
2025Q1,804,89,0.00,1
2025Q1,804,90,71439.25,4
2025Q1,804,98,-89.76,2
2025Q1,805,01,2521096.96,25
2025Q1,805,10,997743.15,56
2025Q1,805,18,12802.80,2
2025Q1,805,40,609433.54,3
2025Q1,805,50,68104.06,1
2025Q1,805,88,110711.11,24
2025Q1,806,01,2061169.42,23
2025Q1,806,03,50132.05,4
2025Q1,806,10,438558.98,46
2025Q1,806,18,3681.49,7
2025Q1,806,40,505264.73,11
2025Q1,806,88,153.39,1
2025Q1,806,90,22423.64,8
2025Q1,811,01,2437111.29,19
2025Q1,811,10,1323792.25,39
2025Q1,811,18,12585.28,2
2025Q1,811,40,9331.08,2
2025Q1,811,50,42266.49,1
2025Q1,811,90,1787.67,4
2025Q1,811,98,-29222.39,1
2025Q1,812,01,8822391.01,35
2025Q1,812,02,334.38,3
2025Q1,812,03,311980.05,6
2025Q1,812,10,5960261.40,56
2025Q1,812,18,330.40,3
2025Q1,812,40,623262.68,15
2025Q1,812,50,26742.02,3
2025Q1,812,60,5580.63,1
2025Q1,812,88,128617.22,14
2025Q1,812,89,76.69,1
2025Q1,812,90,258.01,7
2025Q1,812,91,61355.04,6
2025Q1,812,93,38386.02,17
2025Q1,812,98,-11400.58,3
2025Q1,814,01,1909282.67,11
2025Q1,814,03,5416.65,4
2025Q1,814,10,2394182.62,40
2025Q1,814,18,150.19,3
2025Q1,814,40,419532.76,4
2025Q1,814,90,2581.03,18
2025Q1,815,01,1047737.04,18
2025Q1,815,10,168443.23,49
2025Q1,815,18,313.42,4
2025Q1,815,40,144853.90,3
2025Q1,815,60,4515.66,5
2025Q1,815,88,4695.44,8
2025Q1,815,89,3593.39,8
2025Q1,815,90,20175.94,27
2025Q1,816,01,2970924.24,19
2025Q1,816,03,12970.95,5
2025Q1,816,10,658990.77,46
2025Q1,816,18,111466.18,4
2025Q1,816,40,278291.57,8
2025Q1,816,50,24356.68,4
2025Q1,816,88,65291.38,5
2025Q1,816,89,20451.68,2
2025Q1,816,90,3912.63,4
2025Q1,816,91,14316.18,6
2025Q1,816,93,45445.51,13
2025Q1,816,98,-257.30,1
2025Q1,817,01,900466.63,16
2025Q1,817,10,689077.83,33
2025Q1,817,40,86341.86,3
2025Q1,817,50,1674.99,1
2025Q1,817,91,4090.32,7
2025Q1,817,93,14495.36,6
2025Q1,817,98,-13.37,1
2025Q1,818,01,1679218.09,9
2025Q1,818,03,19188.16,5
2025Q1,818,10,815628.85,34
2025Q1,818,18,159534.25,4
2025Q1,818,40,8462.30,2
2025Q1,818,50,144.18,1
2025Q1,818,88,8707.42,4
2025Q1,818,93,2000.00,1
2025Q1,818,98,-209.96,1
2025Q1,819,01,1470382.05,15
2025Q1,819,03,12976.61,5
2025Q1,819,10,2790182.59,34
2025Q1,819,18,-85.90,1
2025Q1,819,40,153092.04,3
2025Q1,819,50,96203.47,4
2025Q1,819,90,53239.34,18
2025Q1,819,91,6135.50,4
2025Q1,819,93,29235.68,8
2025Q1,821,01,1091046.77,25
2025Q1,821,10,565051.02,33
2025Q1,821,18,46.02,2
2025Q1,821,40,144319.10,10
2025Q1,821,60,25564.60,5
2025Q1,821,90,7759.64,6
2025Q1,821,98,-153.18,1
2025Q1,822,01,1233559.61,12
2025Q1,822,03,10708.80,6
2025Q1,822,10,224808.65,32
2025Q1,822,18,2365.65,6
2025Q1,822,40,118020.78,7
2025Q1,822,50,32259.66,4
2025Q1,822,60,145974.36,7
2025Q1,823,01,2918267.38,51
2025Q1,823,03,13120.93,6
2025Q1,823,10,2215386.63,59
2025Q1,823,18,167779.43,26
2025Q1,823,40,305873.72,3
2025Q1,823,50,1195493.50,22
2025Q1,823,60,402433.58,2
2025Q1,823,89,0.00,1
2025Q1,823,90,14623.20,10
2025Q1,823,98,-20.45,4
2025Q1,831,01,10093323.18,27
2025Q1,831,03,56278.63,6
2025Q1,831,10,3586121.76,57
2025Q1,831,18,14782.11,6
2025Q1,831,40,507793.49,20
2025Q1,831,50,239398.39,10
2025Q1,831,60,55019.52,3
2025Q1,831,80,511.29,1
2025Q1,831,89,0.00,1
2025Q1,831,90,1348.14,6
2025Q1,831,93,301373.31,22
2025Q1,831,98,-50.00,1
2025Q1,832,01,7618249.05,5
2025Q1,832,03,139522.99,3
2025Q1,832,10,2734673.37,52
2025Q1,832,18,12460.74,1
2025Q1,832,50,2174578.83,17
2025Q1,832,60,24260.56,1
2025Q1,832,89,335354.81,2
2025Q1,832,90,2468.95,1
2025Q1,832,98,-1432.64,1
2025Q1,833,01,7517306.89,39
2025Q1,833,03,66227.66,6
2025Q1,833,10,1421760.20,54
2025Q1,833,18,171483.06,14
2025Q1,833,40,603691.00,8
2025Q1,833,50,184483.68,9
2025Q1,833,89,22931.09,16
2025Q1,833,90,37321.05,17
2025Q1,833,98,-350.75,4
2025Q1,835,01,2196562.39,19
2025Q1,835,03,49139.86,3
2025Q1,835,10,876394.58,51
2025Q1,835,40,118645.99,3
2025Q1,835,50,1390540.10,23
2025Q1,835,89,0.00,1
2025Q1,835,98,-8957.17,2
2025Q1,841,01,4644954.03,23
2025Q1,841,02,14661.29,1
2025Q1,841,03,33774.90,5
2025Q1,841,10,2350989.77,57
2025Q1,841,18,120071.71,18
2025Q1,841,20,2977.18,1
2025Q1,841,40,349592.06,3
2025Q1,841,50,167240.08,6
2025Q1,841,60,97930.33,4
2025Q1,841,89,44834.34,3
2025Q1,841,93,30857.23,10
2025Q1,841,98,-151228.90,3
2025Q1,842,01,1079060.15,11
2025Q1,842,03,3747.10,2
2025Q1,842,10,387898.49,44
2025Q1,842,18,97012.69,13
2025Q1,842,40,360729.20,5
2025Q1,842,50,102340.08,5
2025Q1,842,60,44.12,1
2025Q1,842,88,15277.31,11
2025Q1,842,90,28693.22,11
2025Q1,843,01,859503.39,12
2025Q1,843,03,3582.72,3
2025Q1,843,10,275339.04,26
2025Q1,843,18,5216.46,11
2025Q1,843,40,218838.06,6
2025Q1,843,50,88286.62,5
2025Q1,843,90,5418.56,7
2025Q1,851,01,1176189.20,9
2025Q1,851,10,667383.80,34
2025Q1,851,40,56328.00,2
2025Q1,851,50,60758.64,2
2025Q1,851,89,3060.91,1
2025Q1,851,90,6793.45,5
2025Q1,851,91,23008.14,5
2025Q1,852,01,932086.37,12
2025Q1,852,10,272680.71,42
2025Q1,852,18,34204.70,13
2025Q1,852,40,77885.19,6
2025Q1,852,50,72775.27,3
2025Q1,852,80,37898.92,3
2025Q1,852,89,0.00,1
2025Q1,852,90,3100.99,10
2025Q1,852,91,25564.59,2
2025Q1,852,93,10416.76,12
2025Q1,852,98,-385.95,1
2025Q1,853,01,1021245.57,31
2025Q1,853,10,620273.13,44
2025Q1,853,40,104930.90,4
2025Q1,853,50,2391.72,5
2025Q1,854,01,6674.37,3
2025Q1,854,10,1148227.58,34
2025Q1,854,18,16466.66,3
2025Q1,854,90,16299.48,6
2025Q1,859,01,2064485.09,8
2025Q1,859,03,21648.08,3
2025Q1,859,10,1304851.56,50
2025Q1,859,40,120489.51,2
2025Q1,859,50,492290.05,10
2025Q1,859,90,922.88,6
2025Q1,859,91,38244.64,4
2025Q1,859,92,7950.00,2
2025Q1,859,93,18283.11,10
2025Q1,867,01,289195.45,9
2025Q1,867,18,202233.01,23
2025Q1,868,01,435213.64,11
2025Q1,868,10,661376.41,23
2025Q1,868,40,81122.09,6
2025Q1,868,89,0.00,1
2025Q1,868,98,-723.22,4
2025Q1,871,01,1048420.93,11
2025Q1,871,03,10108.34,5
2025Q1,871,10,406953.36,31
2025Q1,871,40,317000.96,4
2025Q1,871,50,6281.22,1
2025Q1,871,90,1879.53,3
2025Q1,871,93,37.00,18
2025Q1,872,01,367035.74,9
2025Q1,872,10,209462.77,22
2025Q1,872,18,3711.16,3
2025Q1,872,40,87662.54,6
2025Q1,872,50,780.84,1
2025Q1,881,01,1549146.86,15
2025Q1,881,03,32303.86,4
2025Q1,881,05,3270.51,1
2025Q1,881,10,302342.29,21
2025Q1,881,18,1639.23,3
2025Q1,881,40,399.83,1
2025Q1,881,90,29785.73,11
2025Q1,881,93,87415.89,4
2025Q1,882,01,3212566.76,28
2025Q1,882,03,74503.92,10
2025Q1,882,10,1441076.95,40
2025Q1,882,18,7481.28,10
2025Q1,882,40,864476.76,7
2025Q1,882,50,368210.00,7
2025Q1,882,90,78751.27,31
2025Q1,883,01,13946.92,2
2025Q1,883,02,122.97,1
2025Q1,883,03,23197.06,5
2025Q1,883,10,4866989.95,55
2025Q1,883,40,131.40,1
2025Q1,883,50,114931.48,6
2025Q1,883,88,197256.85,32
2025Q1,883,89,667.72,2
2025Q1,883,90,38265.18,6
2025Q1,883,98,-400.00,1
2025Q1,884,01,1065729.80,9
2025Q1,884,03,973.68,3
2025Q1,884,10,119572.26,22
2025Q1,884,18,9926.32,1
2025Q1,884,40,275651.50,3
2025Q1,884,50,8668.85,2
2025Q1,884,90,8002.00,5
2025Q1,890,01,19182551.87,56
2025Q1,890,02,38051.06,18
2025Q1,890,03,163137.09,38
2025Q1,890,05,8340.90,2
2025Q1,890,10,6485958.14,57
2025Q1,890,18,420599.51,43
2025Q1,890,40,307512.88,40
2025Q1,890,50,1304011.48,40
2025Q1,890,60,1080437.39,42
2025Q1,890,88,105386.12,37
2025Q1,890,89,79156.85,35
2025Q1,890,90,273300.25,43
2025Q1,890,91,2556.46,1
2025Q1,890,92,3000.00,1
2025Q1,890,93,18656.33,7
2025Q1,890,98,-2445.38,9
2025Q1,983,01,643737.03,27
2025Q1,983,02,32151.80,8
2025Q1,983,05,134325.36,16
2025Q1,983,10,7203896.88,24
2025Q1,983,18,5424683.46,3
2025Q1,983,30,6783116.57,41
2025Q1,983,40,27773.39,15
2025Q1,983,50,104325487.53,36
2025Q1,983,60,93727440.82,52
2025Q1,983,70,120000000.00,2
2025Q1,983,88,33133.50,2
2025Q1,983,89,1050814.48,9
2025Q1,983,90,20110.73,1
2025Q1,983,98,-60416517.11,15
2025Q1,986,89,651512.97,5
2025Q1,986,93,20.00,1
2025Q1,987,01,3443890.37,27
2025Q1,987,02,153629.24,18
2025Q1,987,03,76.62,3
2025Q1,987,05,337836.41,10
2025Q1,987,10,3030862.28,48
2025Q1,987,30,8008597.47,42
2025Q1,987,40,3257.95,1
2025Q1,987,50,42973756.92,27
2025Q1,987,60,101117359.09,56
2025Q1,987,70,10848290.18,2
2025Q1,987,88,3669698.77,8
2025Q1,987,89,647969.53,6
2025Q1,987,98,-40636.74,7
2025Q1,989,10,38954.34,1
2025Q1,989,30,334138.62,4
2025Q1,989,60,4092926.07,27
2025Q1,989,70,2392486.57,2
2025Q2,001,01,7252596.67,28
2025Q2,001,03,257.18,3
2025Q2,001,10,2142885.25,51
2025Q2,001,18,65802.57,25
2025Q2,001,40,1533.87,2
2025Q2,001,50,18171.91,7
2025Q2,001,60,6800.46,2
2025Q2,001,90,180755.17,41
2025Q2,001,91,925438.30,7
2025Q2,001,92,20000.00,2
2025Q2,001,93,31082.47,5
2025Q2,001,98,-236435.47,4
2025Q2,002,01,957605.13,12
2025Q2,002,02,81.87,3
2025Q2,002,03,3395.54,3
2025Q2,002,10,241757.00,18
2025Q2,002,50,49861.11,2
2025Q2,002,60,192427.70,3
2025Q2,002,91,15338.76,3
2025Q2,002,92,20000.00,2
2025Q2,002,93,11899.49,6
2025Q2,003,01,9228846.38,56
2025Q2,003,10,2607703.83,59
2025Q2,003,18,1569671.55,57
2025Q2,003,40,11758714.90,6
2025Q2,003,50,2138033.93,10
2025Q2,003,60,400961.48,35
2025Q2,003,88,505824.77,31
2025Q2,003,89,0.00,5
2025Q2,003,90,325763.80,55
2025Q2,003,91,0.00,4
2025Q2,003,92,0.00,4
2025Q2,003,93,0.00,11
2025Q2,003,95,0.00,2
2025Q2,003,98,0.00,11
2025Q2,004,01,510567.70,7
2025Q2,004,03,2244.02,3
2025Q2,004,10,121555.13,25
2025Q2,004,91,38346.90,4
2025Q2,004,92,1005.00,3
2025Q2,004,93,814.44,2
2025Q2,005,01,131542.59,4
2025Q2,005,03,2770825.45,12
2025Q2,005,10,337306.88,43
2025Q2,005,50,60661.35,2
2025Q2,005,89,0.00,1
2025Q2,005,91,5112.92,5
2025Q2,005,92,1205.00,5
2025Q2,005,93,614.00,2
2025Q2,005,98,-9498.27,2
2025Q2,006,01,104510238.42,41
2025Q2,006,03,1830341.94,35
2025Q2,006,10,11851090.67,56
2025Q2,006,18,44722993.21,56
2025Q2,006,40,2059.82,1
2025Q2,006,50,1851082.19,26
2025Q2,006,88,146283.33,8
2025Q2,006,89,0.00,10
2025Q2,006,90,532994.74,56
2025Q2,006,98,-1399358.00,17
2025Q2,010,01,54610254.98,42
2025Q2,010,02,89.69,4
2025Q2,010,03,392918.62,28
2025Q2,010,10,17598771.68,59
2025Q2,010,18,78025.00,24
2025Q2,010,50,22827372.43,18
2025Q2,010,60,5167754.87,5
2025Q2,010,88,200566.36,43
2025Q2,010,89,0.00,7
2025Q2,010,90,76067.24,32
2025Q2,010,91,0.00,1
2025Q2,010,93,0.00,14
2025Q2,010,98,0.00,13
2025Q2,011,01,5144488.67,32
2025Q2,011,03,125444.27,3
2025Q2,011,10,9445195.65,54
2025Q2,011,18,8541611.41,25
2025Q2,011,60,-749.46,1
2025Q2,011,88,106643.62,3
2025Q2,011,89,-9282.59,3
2025Q2,011,91,25564.60,3
2025Q2,011,92,340000.00,2
2025Q2,011,93,0.00,43
2025Q2,011,98,-25729.52,10
2025Q2,012,01,171415717.05,34
2025Q2,012,03,4362048.30,10
2025Q2,012,10,49353159.48,56
2025Q2,012,18,36736047.18,56
2025Q2,012,30,796337.11,6
2025Q2,012,40,226728.12,15
2025Q2,012,50,322249237.88,23
2025Q2,012,60,6252654.88,3
2025Q2,012,70,9012174.88,1
2025Q2,012,88,460336.60,20
2025Q2,012,89,0.00,5
2025Q2,012,90,3275862.79,23
2025Q2,012,91,0.00,3
2025Q2,012,92,0.00,3
2025Q2,012,93,-2573.34,37
2025Q2,012,98,-7522629.08,10
2025Q2,013,01,369399241.96,45
2025Q2,013,03,6242906.15,11
2025Q2,013,10,38870225.09,59
2025Q2,013,18,105564.04,8
2025Q2,013,40,1411505.31,9
2025Q2,013,50,31307600.66,27
2025Q2,013,60,17606946.60,54
2025Q2,013,88,3385595.65,52
2025Q2,013,89,48416.75,50
2025Q2,013,90,6918672.23,59
2025Q2,013,91,0.00,2
2025Q2,013,92,0.00,6
2025Q2,013,93,0.00,28
2025Q2,013,98,-18685023.37,30
2025Q2,014,01,26557574.72,43
2025Q2,014,03,342569.32,8
2025Q2,014,10,12947009.27,56
2025Q2,014,18,11942.53,22
2025Q2,014,50,34850.52,8
2025Q2,014,60,105346.96,2
2025Q2,014,88,1743480.93,15
2025Q2,014,89,0.00,11
2025Q2,014,90,102364.20,25
2025Q2,014,91,11759.72,6
2025Q2,014,92,17395.00,5
2025Q2,014,93,111287.21,12
2025Q2,014,96,20.45,1
2025Q2,014,98,-142400.35,16
2025Q2,015,01,33461893.20,54
2025Q2,015,02,13003.37,6
2025Q2,015,03,321240.83,31
2025Q2,015,10,6956230.45,57
2025Q2,015,18,16538.36,8
2025Q2,015,30,27830762.87,48
2025Q2,015,40,212456450.50,56
2025Q2,015,50,175536.00,5
2025Q2,015,60,201856911.44,55
2025Q2,015,89,0.00,13
2025Q2,015,90,11.52,1
2025Q2,015,91,10225.84,4
2025Q2,015,92,8910.00,1
2025Q2,015,93,1247287.90,17
2025Q2,015,98,-24845495.28,19
2025Q2,016,01,47142477.13,54
2025Q2,016,02,133549.95,28
2025Q2,016,03,728965.70,34
2025Q2,016,10,24824135.01,56
2025Q2,016,18,539282.80,15
2025Q2,016,20,15341.76,5
2025Q2,016,30,55891585.42,14
2025Q2,016,40,10378.00,5
2025Q2,016,50,13630799.14,10
2025Q2,016,60,18292407.44,20
2025Q2,016,88,3694597.05,24
2025Q2,016,89,0.00,9
2025Q2,016,90,3783590.96,33
2025Q2,016,93,1207946.46,6
2025Q2,016,98,-685227.94,14
2025Q2,017,01,56504992.00,56
2025Q2,017,03,1341536.56,54
2025Q2,017,10,13705720.05,58
2025Q2,017,40,8014200.35,57
2025Q2,017,50,12021375.58,30
2025Q2,017,60,166045144.68,45
2025Q2,017,88,12332555.35,56
2025Q2,017,89,0.00,14
2025Q2,017,90,255.65,1
2025Q2,017,91,68179.00,13
2025Q2,017,92,13000.00,4
2025Q2,017,93,6131290.32,33
2025Q2,017,98,-1362350.40,39
2025Q2,018,01,26370504.55,53
2025Q2,018,03,279064.94,37
2025Q2,018,10,8441748.26,57
2025Q2,018,18,3390203.18,51
2025Q2,018,30,7165502.55,24
2025Q2,018,40,401405.10,35
2025Q2,018,50,1009878.60,27
2025Q2,018,60,357456.55,13
2025Q2,018,88,94337.61,11
2025Q2,018,89,305738.91,39
2025Q2,018,90,587820.57,34
2025Q2,018,91,15338.76,1
2025Q2,018,92,25000.00,2
2025Q2,018,93,47860.12,17
2025Q2,018,98,-57255.21,24
2025Q2,019,01,9071247.55,50
2025Q2,019,02,1953.57,8
2025Q2,019,03,156555.06,20
2025Q2,019,10,3967677.65,56
2025Q2,019,18,69284.76,24
2025Q2,019,20,24.21,3
2025Q2,019,40,44171.86,10
2025Q2,019,50,694436.30,24
2025Q2,019,60,11063743.73,18
2025Q2,019,88,3691165.57,52
2025Q2,019,89,102.26,3
2025Q2,019,90,181969.15,14
2025Q2,019,91,15338.76,3
2025Q2,019,92,30000.00,3
2025Q2,019,93,854978.87,16
2025Q2,019,98,-1120100.05,10
2025Q2,020,01,6635091.74,45
2025Q2,020,02,34.12,3
2025Q2,020,03,17165.61,11
2025Q2,020,10,3098802.49,59
2025Q2,020,18,70536.19,14
2025Q2,020,20,2.81,1
2025Q2,020,40,1325222.66,8
2025Q2,020,50,353931.43,9
2025Q2,020,60,2212952.71,7
2025Q2,020,88,180080.61,29
2025Q2,020,89,8870.71,7
2025Q2,020,90,16580.55,28
2025Q2,020,92,0.00,7
2025Q2,020,93,0.00,36
2025Q2,020,98,-1062.83,13
2025Q2,021,01,13169083.31,46
2025Q2,021,03,38402.23,16
2025Q2,021,10,114158580.88,59
2025Q2,021,18,13532.05,20
2025Q2,021,40,269855.23,13
2025Q2,021,50,174765009.50,33
2025Q2,021,60,36612826.86,27
2025Q2,021,80,2477192.66,1
2025Q2,021,88,18233.14,6
2025Q2,021,89,0.00,3
2025Q2,021,90,876341.37,39
2025Q2,021,91,17895.22,2
2025Q2,021,92,45000.00,2
2025Q2,021,93,3129467.11,14
2025Q2,021,98,-3952763.91,9
2025Q2,022,01,24894547.00,52
2025Q2,022,03,219137.38,23
2025Q2,022,10,25161093.50,59
2025Q2,022,18,9615820.60,49
2025Q2,022,30,9211694.33,11
2025Q2,022,40,51379.88,7
2025Q2,022,50,8849.44,3
2025Q2,022,60,12398052.22,52
2025Q2,022,88,2385083.81,33
2025Q2,022,89,12853261.30,21
2025Q2,022,90,885154.03,32
2025Q2,022,91,37835.61,5
2025Q2,022,92,38000.00,3
2025Q2,022,93,186820.78,14
2025Q2,022,98,-3674244.75,23
2025Q2,023,01,7300775.84,39
2025Q2,023,03,45620.12,15
2025Q2,023,10,9109793.59,57
2025Q2,023,30,108878841.22,4
2025Q2,023,50,178102538.85,11
2025Q2,023,60,107257.32,27
2025Q2,023,88,98401.72,24
2025Q2,023,90,-1775.75,23
2025Q2,023,91,0.00,4
2025Q2,023,92,0.00,2
2025Q2,023,93,0.00,22
2025Q2,023,98,-0.01,15
2025Q2,024,01,1333342.25,18
2025Q2,024,02,758.24,3
2025Q2,024,03,125.76,3
2025Q2,024,10,1048276.33,44
2025Q2,024,30,20368283.55,5
2025Q2,024,50,20904.27,5
2025Q2,024,60,1231486.87,2
2025Q2,024,88,2276259.57,11
2025Q2,024,89,0.00,1
2025Q2,024,90,34711.01,7
2025Q2,024,91,4090.34,1
2025Q2,024,93,439166.69,9
2025Q2,024,98,-2251171.90,4
2025Q2,025,01,2563971.37,40
2025Q2,025,02,9672.03,8
2025Q2,025,03,99419.06,18
2025Q2,025,10,1030773.19,53
2025Q2,025,18,5326.91,2
2025Q2,025,30,21714697.35,46
2025Q2,025,40,1608149.48,21
2025Q2,025,50,124527.36,2
2025Q2,025,60,3237635.17,4
2025Q2,025,88,19962.83,10
2025Q2,025,89,0.00,4
2025Q2,025,91,20451.68,5
2025Q2,025,92,8375.00,5
2025Q2,025,93,78138.20,4
2025Q2,025,98,-27179.25,4
2025Q2,032,01,599531.21,6
2025Q2,032,03,21.21,1
2025Q2,032,10,72555.53,21
2025Q2,032,50,736.26,1
2025Q2,032,98,0.00,1
2025Q2,033,01,284752.97,14
2025Q2,033,10,111932.74,29
2025Q2,033,91,3579.04,4
2025Q2,033,93,5.00,2
2025Q2,034,01,585557.88,11
2025Q2,034,10,109983.07,36
2025Q2,034,50,4908.40,1
2025Q2,034,91,0.00,5
2025Q2,034,92,0.00,1
2025Q2,034,93,0.00,2
2025Q2,034,98,0.00,2
2025Q2,037,01,1164151.07,8
2025Q2,037,03,1501.52,3
2025Q2,037,10,406403.23,15
2025Q2,037,18,10635.54,2
2025Q2,037,88,2812.75,1
2025Q2,037,91,15338.76,2
2025Q2,040,01,162806.90,5
2025Q2,040,03,2335.58,2
2025Q2,040,10,100302.34,10
2025Q2,040,18,2.22,2
2025Q2,040,91,5624.22,3
2025Q2,041,01,3427350.07,33
2025Q2,041,03,17527.33,6
2025Q2,041,05,17658.26,3
2025Q2,041,10,946406.50,51
2025Q2,041,18,18654.16,6
2025Q2,041,50,252536.35,4
2025Q2,041,88,27670.70,6
2025Q2,041,91,6646.80,4
2025Q2,041,92,8000.00,3
2025Q2,041,93,26500.00,1
2025Q2,041,98,0.00,1
2025Q2,042,01,568979.08,8
2025Q2,042,10,109435.79,15
2025Q2,042,18,1502.04,4
2025Q2,042,50,1565.17,1
2025Q2,042,91,15850.05,2
2025Q2,042,92,70.00,1
2025Q2,042,93,14000.00,2
2025Q2,042,98,-6825.53,2
2025Q2,043,01,1261451.61,7
2025Q2,043,03,728.46,3
2025Q2,043,10,327866.98,34
2025Q2,043,50,99785.48,1
2025Q2,043,60,10561705.26,1
2025Q2,043,90,36.81,2
2025Q2,043,91,4601.63,3
2025Q2,043,92,8000.00,3
2025Q2,043,93,12492.89,3
2025Q2,043,98,-23422.18,4
2025Q2,044,01,248569.92,7
2025Q2,044,03,2787.57,3
2025Q2,044,10,97419.61,29
2025Q2,044,50,4780.27,2
2025Q2,044,91,1533.87,2
2025Q2,044,92,955.00,2
2025Q2,044,93,568.74,7
2025Q2,044,98,-20378.67,3
2025Q2,045,01,1252579.26,5
2025Q2,045,10,131539.64,15
2025Q2,045,90,20091.65,1
2025Q2,045,91,9714.54,3
2025Q2,045,92,505.00,2
2025Q2,045,98,-51.13,1
2025Q2,046,01,558488.96,9
2025Q2,046,10,293494.19,34
2025Q2,046,50,30527.19,1
2025Q2,046,89,0.00,1
2025Q2,046,92,1400.00,4
2025Q2,046,93,15380.17,9
2025Q2,046,98,-4706.44,3
2025Q2,047,01,1415621.40,7
2025Q2,047,03,8775.26,7
2025Q2,047,10,358185.74,19
2025Q2,047,50,78160.62,3
2025Q2,047,89,33.75,1
2025Q2,047,90,5392.14,5
2025Q2,047,91,0.00,9
2025Q2,047,92,0.00,6
2025Q2,047,93,0.00,4
2025Q2,048,01,1496739.20,7
2025Q2,048,03,5340.66,3
2025Q2,048,10,159401.51,39
2025Q2,048,18,35723.81,7
2025Q2,048,50,113568.15,1
2025Q2,048,91,12782.30,5
2025Q2,048,92,6000.00,3
2025Q2,048,93,28491.97,5
2025Q2,048,98,-5217.83,3
2025Q2,053,01,1462155.55,17
2025Q2,053,03,7283.25,4
2025Q2,053,10,3950542.05,51
2025Q2,053,50,3858525.27,14
2025Q2,053,90,1725.19,3
2025Q2,053,91,0.00,1
2025Q2,053,93,0.00,1
2025Q2,053,98,0.00,1
2025Q2,055,01,12551746.04,52
2025Q2,055,02,111663.31,3
2025Q2,055,03,199770.49,3
2025Q2,055,05,1653702.20,3
2025Q2,055,10,6626177.41,59
2025Q2,055,18,2803655.99,13
2025Q2,055,40,3303923487.55,59
2025Q2,055,50,15547.92,3
2025Q2,055,89,76.69,4
2025Q2,055,90,16894862.60,59
2025Q2,055,92,4500.00,4
2025Q2,055,93,13307020.52,35
2025Q2,055,95,6151.77,2
2025Q2,055,98,-47422011.68,24
2025Q2,056,01,8219653.98,18
2025Q2,056,05,2200499.71,3
2025Q2,056,10,3627678.87,56
2025Q2,056,18,33.00,1
2025Q2,056,40,1371506343.50,56
2025Q2,056,50,225776.60,3
2025Q2,056,60,4126832.09,1
2025Q2,056,88,763309.33,16
2025Q2,056,89,0.00,5
2025Q2,056,90,10969.24,18
2025Q2,056,91,25564.60,2
2025Q2,056,92,900.00,1
2025Q2,056,93,18618068.25,26
2025Q2,056,95,15025.80,3
2025Q2,056,98,-69031995.55,17
2025Q2,061,01,4583587.60,55
2025Q2,061,03,20018.87,6
2025Q2,061,10,4778366.83,58
2025Q2,061,18,491801.29,22
2025Q2,061,50,1492871.19,12
2025Q2,061,91,51129.20,3
2025Q2,061,92,40900.00,10
2025Q2,061,93,1849335.49,20
2025Q2,061,98,-248335.95,2
2025Q2,062,01,3970765.92,45
2025Q2,062,02,4143.21,5
2025Q2,062,03,48041.74,3
2025Q2,062,10,3363541.08,57
2025Q2,062,18,35180.40,2
2025Q2,062,30,1022.58,1
2025Q2,062,50,173652.32,3
2025Q2,062,89,18274.60,3
2025Q2,062,90,78943.32,4
2025Q2,062,91,0.00,5
2025Q2,062,92,0.00,4
2025Q2,062,93,4515.45,15
2025Q2,062,98,-1022.58,2
2025Q2,063,01,1214164.25,5
2025Q2,063,03,14570.65,3
2025Q2,063,10,561583.13,34
2025Q2,063,89,0.00,3
2025Q2,063,91,4601.63,2
2025Q2,063,92,500.00,1
2025Q2,063,93,49955.71,20
2025Q2,063,98,-290069.21,9
2025Q2,071,01,567456.18,22
2025Q2,071,10,2712751.16,47
2025Q2,071,18,15.34,2
2025Q2,071,30,1071967.55,1
2025Q2,071,50,36813.02,1
2025Q2,071,60,1343087.41,9
2025Q2,071,89,0.00,1
2025Q2,071,90,106325.85,5
2025Q2,071,91,5112.92,1
2025Q2,071,92,20000.00,1
2025Q2,071,93,774323.55,23
2025Q2,071,98,-1261517.72,6
2025Q2,074,01,3069520.55,22
2025Q2,074,10,1159857.72,49
2025Q2,074,18,5801.30,12
2025Q2,074,88,834709.02,42
2025Q2,074,89,0.00,1
2025Q2,074,93,685809.53,7
2025Q2,074,98,-6098.73,3
2025Q2,075,01,2503501.73,17
2025Q2,075,03,19203.36,5
2025Q2,075,10,524971.77,42
2025Q2,075,18,119880.48,5
2025Q2,075,50,19572.26,2
2025Q2,075,60,189.18,1
2025Q2,075,91,0.00,3
2025Q2,075,92,0.00,3
2025Q2,075,93,0.00,1
2025Q2,075,98,0.00,1
2025Q2,082,01,383530.81,8
2025Q2,082,03,2152.02,3
2025Q2,082,10,468178.44,15
2025Q2,082,60,16497.83,4
2025Q2,082,91,8180.67,3
2025Q2,082,98,-6377.17,1
2025Q2,083,01,227146.40,15
2025Q2,083,03,454.92,3
2025Q2,083,10,49206.35,29
2025Q2,083,50,1705.67,1
2025Q2,083,91,0.00,1
2025Q2,083,92,0.00,3
2025Q2,083,98,0.00,2
2025Q2,084,01,8206425.92,21
2025Q2,084,10,2001950.76,59
2025Q2,084,18,298630.25,56
2025Q2,084,30,32436677.20,35
2025Q2,084,40,4217996.41,24
2025Q2,084,50,1074067.09,6
2025Q2,084,60,26398660.89,11
2025Q2,084,70,229885.13,16
2025Q2,084,89,0.00,2
2025Q2,084,91,20451.68,7
2025Q2,084,92,3000.00,2
2025Q2,084,93,8753.59,4
2025Q2,084,98,-140531.90,4
2025Q2,085,01,234083.31,3
2025Q2,085,10,24999.46,16
2025Q2,085,50,4343.41,1
2025Q2,085,91,0.00,2
2025Q2,119,01,384027.07,8
2025Q2,119,10,263519.55,32
2025Q2,119,18,11741.32,1
2025Q2,119,30,2645.94,1
2025Q2,119,40,3842.36,1
2025Q2,119,60,5747032.03,23
2025Q2,119,88,187814002.50,12
2025Q2,119,90,30124.16,5
2025Q2,119,91,4090.34,2
2025Q2,119,98,-256773592.28,4
2025Q2,122,18,267086.04,7
2025Q2,122,30,42337409.15,28
2025Q2,122,40,37802499.76,28
2025Q2,122,50,40038022.64,24
2025Q2,122,60,19883302.69,19
2025Q2,122,89,410100001.20,41
2025Q2,122,98,-1098778.27,28
2025Q2,124,01,116004.30,4
2025Q2,124,02,56070.36,4
2025Q2,124,03,20473.29,1
2025Q2,124,10,100694.49,12
2025Q2,124,30,353663307.48,15
2025Q2,129,01,480972.00,8
2025Q2,129,03,1446.70,3
2025Q2,129,05,216090.51,3
2025Q2,129,10,697218.47,28
2025Q2,129,91,2556.46,1
2025Q2,133,01,8184717.04,29
2025Q2,133,02,1568.81,1
2025Q2,133,03,56505.48,15
2025Q2,133,05,251.99,1
2025Q2,133,10,3455479.52,47
2025Q2,133,18,72564.27,14
2025Q2,133,20,580.25,8
2025Q2,133,40,9818.13,7
2025Q2,133,50,92517.52,14
2025Q2,133,60,2972995.32,4
2025Q2,133,88,913855.80,31
2025Q2,133,89,0.00,4
2025Q2,133,90,118036.63,19
2025Q2,133,91,0.00,1
2025Q2,133,93,870.00,2
2025Q2,133,98,-399137.38,13
2025Q2,134,01,130780.30,10
2025Q2,134,02,14855.86,9
2025Q2,134,03,179.02,7
2025Q2,134,10,199898.95,25
2025Q2,134,18,2285.07,4
2025Q2,134,90,524.17,1
2025Q2,134,98,-409.03,1
2025Q2,181,01,1353191.86,8
2025Q2,181,03,363.01,3
2025Q2,181,10,127542.25,14
2025Q2,181,18,24806.67,2
2025Q2,181,50,9994.73,1
2025Q2,181,91,5112.92,1
2025Q2,422,01,112281388.55,59
2025Q2,422,02,22406059.46,59
2025Q2,422,03,1530877.44,57
2025Q2,422,05,24982561.54,59
2025Q2,422,10,112685709.59,59
2025Q2,422,18,1645246.54,59
2025Q2,422,20,762.93,7
2025Q2,422,30,7402079.18,48
2025Q2,422,40,36419115.65,59
2025Q2,422,50,46697708.95,57
2025Q2,422,60,40237267.77,48
2025Q2,422,70,930533.17,1
2025Q2,422,80,916248.73,11
2025Q2,422,88,493295.75,34
2025Q2,422,89,849349.19,48
2025Q2,422,90,533376.54,46
2025Q2,422,98,-4015256.24,51
2025Q2,519,88,4176116.18,25
2025Q2,519,89,355679.41,17
2025Q2,519,98,-29898.61,1
2025Q2,522,89,1565567.57,55
2025Q2,522,98,-1812.50,8
2025Q2,579,89,23294493.70,26
2025Q2,581,89,260987360.91,55
2025Q2,582,89,67738434.93,44
2025Q2,735,01,20799.37,9
2025Q2,735,02,42396.44,16
2025Q2,735,05,1319.90,4
2025Q2,735,10,12222.95,5
2025Q2,735,40,376206.43,13
2025Q2,745,40,14531405.31,34
2025Q2,801,01,20979850.54,42
2025Q2,801,03,1308461.36,5
2025Q2,801,10,6287376.65,56
2025Q2,801,18,38.93,2
2025Q2,801,40,2186266.88,11
2025Q2,801,50,3264144.72,24
2025Q2,801,60,52524.46,12
2025Q2,801,89,0.00,1
2025Q2,801,93,2089568.53,45
2025Q2,801,98,-15131.04,12
2025Q2,802,01,7688615.14,23
2025Q2,802,02,27981.17,3
2025Q2,802,03,3868.54,7
2025Q2,802,10,795722.29,35
2025Q2,802,18,30782.12,8
2025Q2,802,40,1391117.84,9
2025Q2,802,50,726944.02,14
2025Q2,802,98,-31117.92,1
2025Q2,803,01,1707292.37,21
2025Q2,803,03,17216.86,4
2025Q2,803,10,638531.42,42
2025Q2,803,18,831.37,2
2025Q2,803,40,189883.06,12
2025Q2,803,50,1001349.37,6
2025Q2,803,70,29232.00,3
2025Q2,803,88,89129.72,10
2025Q2,803,90,936.07,7
2025Q2,803,98,-579.96,2
2025Q2,804,01,2578902.56,30
2025Q2,804,10,285869.29,42
2025Q2,804,18,26314.01,24
2025Q2,804,40,571868.16,7
2025Q2,804,60,192.09,2
2025Q2,804,88,17895.22,3
2025Q2,804,89,0.00,1
2025Q2,804,90,26149.01,3
2025Q2,804,98,-10.23,1
2025Q2,805,01,3271488.35,27
2025Q2,805,10,1623194.82,51
2025Q2,805,18,8948.69,1
2025Q2,805,40,1095540.16,4
2025Q2,805,88,123029.78,27
2025Q2,805,89,0.00,2
2025Q2,805,98,-7349.37,4
2025Q2,806,01,2566014.09,22
2025Q2,806,03,48233.23,3
2025Q2,806,10,619013.37,46
2025Q2,806,18,6574.95,6
2025Q2,806,40,547930.57,12
2025Q2,806,50,13782.90,1
2025Q2,806,89,0.00,2
2025Q2,806,90,20427.93,8
2025Q2,806,98,-3252.33,5
2025Q2,811,01,2222413.14,18
2025Q2,811,10,1271748.61,52
2025Q2,811,18,107559.54,6
2025Q2,811,40,616546.42,5
2025Q2,811,50,253024.04,4
2025Q2,811,60,627.36,1
2025Q2,811,89,0.00,2
2025Q2,811,90,4467.80,16
2025Q2,811,98,-457484.37,4
2025Q2,812,01,11407720.66,38
2025Q2,812,02,760.81,3
2025Q2,812,03,89749.34,4
2025Q2,812,10,4944378.56,52
2025Q2,812,18,942.83,2
2025Q2,812,40,1811263.14,20
2025Q2,812,50,189724.98,4
2025Q2,812,88,201850.76,25
2025Q2,812,89,0.00,1
2025Q2,812,90,823.58,5
2025Q2,812,91,69024.42,5
2025Q2,812,92,6160.00,3
2025Q2,812,93,47141.11,19
2025Q2,812,98,-3172.19,4
2025Q2,814,01,1922695.63,12
2025Q2,814,03,2274.19,3
2025Q2,814,10,1150009.42,47
2025Q2,814,40,559734.03,3
2025Q2,814,50,17245.47,1
2025Q2,814,90,5833.27,11
2025Q2,814,98,-2200.48,3
2025Q2,815,01,1145750.07,13
2025Q2,815,10,161958.49,48
2025Q2,815,18,41944.23,5
2025Q2,815,40,237740.46,8
2025Q2,815,60,979.96,4
2025Q2,815,88,789034.43,30
2025Q2,815,89,1363853.64,3
2025Q2,815,90,14584.33,25
2025Q2,816,01,2835057.75,18
2025Q2,816,02,3086.79,1
2025Q2,816,03,13313.38,3
2025Q2,816,10,777669.12,50
2025Q2,816,18,203313.97,6
2025Q2,816,40,499473.39,17
2025Q2,816,50,42710.83,4
2025Q2,816,88,23008.31,3
2025Q2,816,90,11871.79,4
2025Q2,816,91,24030.72,9
2025Q2,816,93,32457.47,8
2025Q2,816,98,-2650.47,2
2025Q2,817,01,1105216.97,16
2025Q2,817,10,1023737.16,37
2025Q2,817,40,142836.03,4
2025Q2,817,50,2032.13,2
2025Q2,817,60,1224.93,2
2025Q2,817,88,704.05,1
2025Q2,817,91,13804.88,13
2025Q2,817,93,931.00,7
2025Q2,818,01,2125187.77,13
2025Q2,818,03,24334.73,6
2025Q2,818,10,1070390.47,46
2025Q2,818,18,184762.66,6
2025Q2,818,40,168195.09,1
2025Q2,818,50,1036.90,1
2025Q2,818,88,31162.81,4
2025Q2,818,93,3700.00,2
2025Q2,818,98,-725.98,2
2025Q2,819,01,1556333.90,16
2025Q2,819,03,12993.61,4
2025Q2,819,10,671430.38,44
2025Q2,819,40,234343.99,6
2025Q2,819,50,885859.92,7
2025Q2,819,90,49702.66,25
2025Q2,819,91,9152.12,6
2025Q2,819,93,58382.72,21
2025Q2,819,98,-0.84,1
2025Q2,821,01,736516.19,27
2025Q2,821,10,304409.14,36
2025Q2,821,18,55490.46,2
2025Q2,821,40,154274.00,9
2025Q2,821,60,15338.76,3
2025Q2,821,90,5814.70,7
2025Q2,821,98,-1152.54,1
2025Q2,822,01,1502905.35,18
2025Q2,822,03,10554.44,4
2025Q2,822,10,288447.35,32
2025Q2,822,18,127055.30,9
2025Q2,822,40,156004.42,10
2025Q2,822,50,13534.50,3
2025Q2,822,60,54866.90,7
2025Q2,822,89,1799.38,1
2025Q2,822,90,79.25,2
2025Q2,822,98,-4275.85,1
2025Q2,823,01,4510213.78,48
2025Q2,823,02,1651.98,2
2025Q2,823,03,36511.62,6
2025Q2,823,10,2237992.67,53
2025Q2,823,18,21743.43,14
2025Q2,823,40,514227.72,3
2025Q2,823,50,354893.53,25
2025Q2,823,89,0.00,1
2025Q2,823,90,8416.31,12
2025Q2,823,98,0.00,6
2025Q2,831,01,10663799.93,36
2025Q2,831,02,39121.11,2
2025Q2,831,03,24860.91,7
2025Q2,831,10,4533459.21,56
2025Q2,831,18,36547.12,7
2025Q2,831,40,596564.11,19
2025Q2,831,50,4105978.32,16
2025Q2,831,60,2415.07,3
2025Q2,831,90,29118.90,11
2025Q2,831,93,246648.68,26
2025Q2,831,98,-1691.58,2
2025Q2,832,01,9100995.49,4
2025Q2,832,03,93465.07,2
2025Q2,832,10,4171155.75,51
2025Q2,832,18,90456.15,3
2025Q2,832,50,2200963.21,20
2025Q2,832,89,594.88,2
2025Q2,832,90,1058.38,3
2025Q2,832,98,-426967.24,4
2025Q2,833,01,7393807.04,35
2025Q2,833,02,230.08,1
2025Q2,833,03,67024.03,3
2025Q2,833,10,1928339.95,54
2025Q2,833,18,2545.00,6
2025Q2,833,40,596487.52,10
2025Q2,833,50,1535625.92,21
2025Q2,833,89,24846.56,16
2025Q2,833,90,176876.60,15
2025Q2,833,98,-325231.59,7
2025Q2,835,01,2649022.78,22
2025Q2,835,03,52917.72,3
2025Q2,835,10,1667300.78,56
2025Q2,835,40,163731.38,4
2025Q2,835,50,1071317.49,26
2025Q2,835,60,386350.11,1
2025Q2,835,98,-10328.67,2
2025Q2,841,01,5525072.00,17
2025Q2,841,03,37181.06,5
2025Q2,841,10,2498556.84,54
2025Q2,841,18,206466.33,21
2025Q2,841,40,994872.16,6
2025Q2,841,50,670542.12,11
2025Q2,841,60,332.46,1
2025Q2,841,89,44705.68,3
2025Q2,841,90,19111.85,2
2025Q2,841,92,390.00,1
2025Q2,841,93,21376.75,15
2025Q2,841,98,-262754.97,6
2025Q2,842,01,1645299.53,11
2025Q2,842,03,5348.06,3
2025Q2,842,10,424728.61,45
2025Q2,842,18,1444.92,10
2025Q2,842,40,311726.47,6
2025Q2,842,50,233137.17,7
2025Q2,842,88,20121.11,10
2025Q2,842,90,51428.30,17
2025Q2,842,98,-170.35,1
2025Q2,843,01,1045095.70,11
2025Q2,843,03,3985.50,3
2025Q2,843,10,196576.91,28
2025Q2,843,18,83105.00,6
2025Q2,843,40,345472.80,9
2025Q2,843,50,15696.46,3
2025Q2,843,90,11212.57,5
2025Q2,851,01,1316801.70,10
2025Q2,851,10,229402.51,21
2025Q2,851,40,173409.75,5
2025Q2,851,50,368922.15,4
2025Q2,851,90,9373.71,3
2025Q2,852,01,1140579.97,12
2025Q2,852,10,262475.81,44
2025Q2,852,18,34881.46,11
2025Q2,852,40,91591.29,6
2025Q2,852,50,2192.83,1
2025Q2,852,80,39864.15,3
2025Q2,852,90,5378.07,12
2025Q2,852,93,12990.49,5
2025Q2,853,01,1205356.93,30
2025Q2,853,02,1533.88,1
2025Q2,853,10,500870.24,46
2025Q2,853,40,97336.68,2
2025Q2,853,50,985977.35,5
2025Q2,853,98,-825.46,3
2025Q2,854,01,7724.52,3
2025Q2,854,10,1207273.67,34
2025Q2,854,90,704.13,4
2025Q2,854,98,-4044.62,1
2025Q2,859,01,2543902.51,12
2025Q2,859,03,21719.16,3
2025Q2,859,10,1473751.23,53
2025Q2,859,40,158467.76,4
2025Q2,859,50,862100.10,19
2025Q2,859,90,769.49,4
2025Q2,859,91,43459.82,4
2025Q2,859,92,7840.00,6
2025Q2,859,93,5682.21,7
2025Q2,867,01,289127.24,9
2025Q2,867,18,127673.30,17
2025Q2,868,01,500321.08,7
2025Q2,868,10,586829.37,29
2025Q2,868,40,20441.96,1
2025Q2,871,01,1115463.42,14
2025Q2,871,03,11108.99,4
2025Q2,871,10,210866.33,35
2025Q2,871,18,0.00,1
2025Q2,871,40,222411.97,4
2025Q2,871,50,3320.93,1
2025Q2,871,90,472.94,3
2025Q2,871,93,11043.73,24
2025Q2,872,01,334977.43,7
2025Q2,872,10,1153524.04,27
2025Q2,872,18,24837.27,4
2025Q2,872,40,257238.63,5
2025Q2,872,50,3681.30,1
2025Q2,872,88,12316.61,4
2025Q2,872,93,369022.93,14
2025Q2,872,98,-330.00,3
2025Q2,881,01,995311.79,12
2025Q2,881,03,22295.36,3
2025Q2,881,10,238707.79,19
2025Q2,881,18,2842.16,3
2025Q2,881,40,18855.68,4
2025Q2,881,50,19795.07,5
2025Q2,881,89,7196.61,2
2025Q2,881,90,9089.91,4
2025Q2,881,91,7925.02,3
2025Q2,881,92,1250.00,1
2025Q2,881,93,23786.90,12
2025Q2,881,98,-553.00,1
2025Q2,882,01,3026811.49,25
2025Q2,882,03,77303.42,6
2025Q2,882,10,705270.04,35
2025Q2,882,18,869798.21,16
2025Q2,882,40,874558.18,5
2025Q2,882,50,606921.76,6
2025Q2,882,88,36842.87,1
2025Q2,882,90,73539.77,30
2025Q2,882,98,-0.01,1
2025Q2,883,01,249.57,4
2025Q2,883,03,19353.99,3
2025Q2,883,10,4804242.22,49
2025Q2,883,50,770386.42,3
2025Q2,883,60,29139.33,1
2025Q2,883,88,341612.16,35
2025Q2,883,89,0.00,1
2025Q2,883,90,59479.35,5
2025Q2,883,98,-624322.81,2
2025Q2,884,01,1115874.03,14
2025Q2,884,03,977.39,3
2025Q2,884,10,234670.24,22
2025Q2,884,18,127.48,2
2025Q2,884,40,292449.74,4
2025Q2,884,50,31165.83,2
2025Q2,884,90,6169.10,3
2025Q2,884,98,-229.61,2
2025Q2,890,01,20688728.28,55
2025Q2,890,02,81435.97,21
2025Q2,890,03,155418.72,36
2025Q2,890,05,12609.76,3
2025Q2,890,10,10016622.07,55
2025Q2,890,18,323714.24,43
2025Q2,890,20,265.01,1
2025Q2,890,40,299158.07,39
2025Q2,890,50,1053703.53,45
2025Q2,890,60,360605.91,37
2025Q2,890,88,554625.67,36
2025Q2,890,89,87289.29,30
2025Q2,890,90,313768.79,46
2025Q2,890,93,1000.00,2
2025Q2,890,98,-105066.71,9
2025Q2,983,01,490594.64,20
2025Q2,983,02,31291.03,6
2025Q2,983,03,126.54,1
2025Q2,983,05,114105.24,13
2025Q2,983,10,702368.59,33
2025Q2,983,18,6167388.17,3
2025Q2,983,30,5976113.87,36
2025Q2,983,40,95713.84,12
2025Q2,983,50,194674680.18,46
2025Q2,983,60,114409739.47,56
2025Q2,983,88,32688.53,2
2025Q2,983,89,5071149.30,14
2025Q2,983,90,3385985.02,2
2025Q2,983,98,-939136.59,19
2025Q2,986,89,4661092.08,13
2025Q2,986,93,60.00,1
2025Q2,986,98,-496470.29,1
2025Q2,987,01,6470380.54,27
2025Q2,987,02,256512.53,16
2025Q2,987,03,76.62,3
2025Q2,987,05,480603.68,10
2025Q2,987,10,692052.97,53
2025Q2,987,20,10.23,1
2025Q2,987,30,13370335.12,47
2025Q2,987,50,103802983.59,37
2025Q2,987,60,137976411.14,55
2025Q2,987,70,66517.19,1
2025Q2,987,88,3357701.04,10
2025Q2,987,89,647821.02,8
2025Q2,987,98,-1403549.06,8
2025Q2,989,10,504076.12,5
2025Q2,989,30,23262.81,2
2025Q2,989,60,5463516.23,22
2025Q2,989,89,17458.06,1
2025Q2,989,98,-353770.95,3
2025Q3,001,01,7241702.26,27
2025Q3,001,03,308.31,3
2025Q3,001,10,2132958.74,54
2025Q3,001,18,32063.83,21
2025Q3,001,50,513180.79,10
2025Q3,001,60,42952.94,1
2025Q3,001,89,0.00,1
2025Q3,001,90,166694.60,51
2025Q3,001,91,858970.36,4
2025Q3,001,92,10000.00,1
2025Q3,001,93,46397.80,3
2025Q3,001,98,-214604.03,6
2025Q3,002,01,860690.83,10
2025Q3,002,02,81.87,3
2025Q3,002,03,3422.82,3
2025Q3,002,10,184502.61,20
2025Q3,002,50,80991.86,4
2025Q3,002,60,213626.48,2
2025Q3,002,91,10225.84,2
2025Q3,002,92,15000.00,2
2025Q3,002,93,14084.42,3
2025Q3,003,01,9575777.81,61
2025Q3,003,10,2801621.82,62
2025Q3,003,18,330921.53,52
2025Q3,003,40,11126349.19,8
2025Q3,003,50,2461847.73,38
2025Q3,003,60,-315019.28,23
2025Q3,003,88,962264.35,38
2025Q3,003,89,0.00,5
2025Q3,003,90,-116732.44,59
2025Q3,003,91,0.00,4
2025Q3,003,92,0.00,1
2025Q3,003,93,0.00,12
2025Q3,003,98,0.00,12
2025Q3,004,01,482459.89,6
2025Q3,004,03,5006.36,3
2025Q3,004,10,77140.31,30
2025Q3,004,50,3323397.23,1
2025Q3,004,91,66467.96,4
2025Q3,005,01,1271917.93,7
2025Q3,005,03,1023763.55,6
2025Q3,005,10,255340.41,48
2025Q3,005,50,10038.95,3
2025Q3,005,91,3067.76,2
2025Q3,005,98,-134.26,1
2025Q3,006,01,99963454.10,45
2025Q3,006,03,1805954.70,39
2025Q3,006,10,11385477.79,63
2025Q3,006,18,7848739.74,60
2025Q3,006,50,3804351.17,53
2025Q3,006,88,5447.19,2
2025Q3,006,89,0.00,10
2025Q3,006,90,594327.18,60
2025Q3,006,91,51129.19,1
2025Q3,006,98,-1106976.20,21
2025Q3,010,01,53369532.19,43
2025Q3,010,02,-95.87,3
2025Q3,010,03,397743.28,30
2025Q3,010,10,15754479.03,64
2025Q3,010,18,18686.45,26
2025Q3,010,40,757260.50,1
2025Q3,010,50,25824278.15,21
2025Q3,010,60,306775.13,3
2025Q3,010,88,75087.49,40
2025Q3,010,89,0.00,2
2025Q3,010,90,-27817.45,28
2025Q3,010,91,0.00,2
2025Q3,010,93,0.00,20
2025Q3,010,98,0.00,10
2025Q3,011,01,5091391.98,32
2025Q3,011,03,128735.19,3
2025Q3,011,10,9294767.43,60
2025Q3,011,18,3228312.72,18
2025Q3,011,60,-1028.26,1
2025Q3,011,88,3046360.17,5
2025Q3,011,89,-4510.46,1
2025Q3,011,90,57.12,1
2025Q3,011,91,20451.68,2
2025Q3,011,92,595000.00,5
2025Q3,011,93,0.00,40
2025Q3,011,98,-19445.28,10
2025Q3,012,01,184842455.73,37
2025Q3,012,03,4766174.95,13
2025Q3,012,10,41060211.37,61
2025Q3,012,18,5302363.45,53
2025Q3,012,30,752621.66,5
2025Q3,012,40,213713.07,16
2025Q3,012,50,68458040.04,34
2025Q3,012,60,11338288.60,4
2025Q3,012,88,1136214.80,24
2025Q3,012,89,0.00,3
2025Q3,012,90,5726946.62,27
2025Q3,012,91,0.00,3
2025Q3,012,92,0.00,4
2025Q3,012,93,0.00,36
2025Q3,012,98,-10178473.12,12
2025Q3,013,01,274555822.10,40
2025Q3,013,03,6603844.80,11
2025Q3,013,10,38037435.75,64
2025Q3,013,40,1072496.12,7
2025Q3,013,50,33934813.01,47
2025Q3,013,60,18211479.47,56
2025Q3,013,88,5016507.35,53
2025Q3,013,89,52362.88,56
2025Q3,013,90,6284503.62,64
2025Q3,013,91,0.00,4
2025Q3,013,92,0.00,7
2025Q3,013,93,0.00,26
2025Q3,013,98,-19416176.01,28
2025Q3,014,01,40863943.15,45
2025Q3,014,03,529907.25,13
2025Q3,014,10,16295199.77,62
2025Q3,014,18,106461.36,15
2025Q3,014,50,5840170.70,22
2025Q3,014,88,13164.75,4
2025Q3,014,89,0.00,14
2025Q3,014,90,123540.27,30
2025Q3,014,91,8155.11,4
2025Q3,014,92,595.00,1
2025Q3,014,93,107634.52,13
2025Q3,014,98,-713543.22,18
2025Q3,015,01,33692818.97,59
2025Q3,015,02,16045.58,6
2025Q3,015,03,318406.70,31
2025Q3,015,10,6700007.17,64
2025Q3,015,18,4979.58,4
2025Q3,015,30,36633515.84,53
2025Q3,015,40,311070469.72,58
2025Q3,015,50,2191214.63,16
2025Q3,015,60,207480263.39,56
2025Q3,015,88,125777.80,1
2025Q3,015,89,0.00,8
2025Q3,015,90,37.09,2
2025Q3,015,91,5112.92,1
2025Q3,015,92,3000.00,1
2025Q3,015,93,127634.00,6
2025Q3,015,98,-28099001.54,17
2025Q3,016,01,50843506.41,59
2025Q3,016,02,224497.20,23
2025Q3,016,03,798719.92,33
2025Q3,016,10,22543093.38,61
2025Q3,016,18,1129090.93,8
2025Q3,016,20,372008.53,5
2025Q3,016,30,51818413.40,19
2025Q3,016,40,6814.35,6
2025Q3,016,50,6012516.15,26
2025Q3,016,60,27181246.57,17
2025Q3,016,88,4931228.56,34
2025Q3,016,89,0.00,9
2025Q3,016,90,214574.90,32
2025Q3,016,93,1042804.01,3
2025Q3,016,98,-1366416.46,20
2025Q3,017,01,56431671.53,61
2025Q3,017,03,1558932.34,58
2025Q3,017,10,17962874.83,61
2025Q3,017,40,2370740.12,58
2025Q3,017,50,7472159.93,58
2025Q3,017,60,164119070.64,46
2025Q3,017,88,13254838.23,61
2025Q3,017,89,342.57,19
2025Q3,017,90,1073.71,2
2025Q3,017,91,62493.66,9
2025Q3,017,92,7000.00,2
2025Q3,017,93,8873353.35,45
2025Q3,017,98,-940101.60,40
2025Q3,018,01,26289995.20,59
2025Q3,018,02,10297.11,1
2025Q3,018,03,294212.31,50
2025Q3,018,10,11346093.03,63
2025Q3,018,18,3226425.01,60
2025Q3,018,30,8262354.56,24
2025Q3,018,40,164518.37,19
2025Q3,018,50,2324899.96,29
2025Q3,018,60,1031200.45,19
2025Q3,018,88,197808.33,19
2025Q3,018,89,350421.32,35
2025Q3,018,90,241574.95,31
2025Q3,018,91,17895.22,3
2025Q3,018,92,5000.00,2
2025Q3,018,93,2053077.74,20
2025Q3,018,98,-2247922.40,30
2025Q3,019,01,8701457.52,50
2025Q3,019,02,3193.22,7
2025Q3,019,03,172238.14,22
2025Q3,019,10,5494138.27,61
2025Q3,019,18,6692.66,18
2025Q3,019,40,34368.96,14
2025Q3,019,50,365379.63,29
2025Q3,019,60,2310657.22,15
2025Q3,019,88,3062747.37,49
2025Q3,019,89,255.65,2
2025Q3,019,90,262394.14,11
2025Q3,019,91,14316.18,4
2025Q3,019,92,30000.00,4
2025Q3,019,93,440724.28,13
2025Q3,019,98,-1248478.83,8
2025Q3,020,01,6488309.05,43
2025Q3,020,02,-112.41,1
2025Q3,020,03,15093.80,11
2025Q3,020,10,2851411.93,64
2025Q3,020,18,679.09,14
2025Q3,020,20,3.07,1
2025Q3,020,40,1550100.69,10
2025Q3,020,50,2039811.17,17
2025Q3,020,60,2617283.71,5
2025Q3,020,88,209436.63,29
2025Q3,020,89,-3033.63,4
2025Q3,020,90,-12988.91,24
2025Q3,020,91,0.00,1
2025Q3,020,92,0.00,6
2025Q3,020,93,8000.00,46
2025Q3,020,98,-3248.06,6
2025Q3,021,01,13141880.44,49
2025Q3,021,03,42166.82,15
2025Q3,021,10,226513550.89,64
2025Q3,021,18,3599.52,20
2025Q3,021,20,2.71,1
2025Q3,021,40,419323.65,15
2025Q3,021,50,135572984.02,32
2025Q3,021,60,195794538.56,61
2025Q3,021,80,9818995.46,1
2025Q3,021,88,17400.12,6
2025Q3,021,89,0.00,6
2025Q3,021,90,692529.87,43
2025Q3,021,91,12782.30,1
2025Q3,021,92,25000.00,1
2025Q3,021,93,277681.35,11
2025Q3,021,98,-4476553.68,8
2025Q3,022,01,23616436.32,51
2025Q3,022,03,207922.42,24
2025Q3,022,10,7831859.56,64
2025Q3,022,18,4305390.30,46
2025Q3,022,30,3998474.43,10
2025Q3,022,40,1393173.52,12
2025Q3,022,50,754506.79,13
2025Q3,022,60,13273777.76,56
2025Q3,022,70,5112918.81,1
2025Q3,022,88,763801.25,32
2025Q3,022,89,33533.92,14
2025Q3,022,90,152429.18,41
2025Q3,022,91,23008.14,3
2025Q3,022,92,25000.00,3
2025Q3,022,93,114451.52,11
2025Q3,022,98,-1711811.30,11
2025Q3,023,01,7020587.16,39
2025Q3,023,03,46327.15,13
2025Q3,023,10,4136908.68,63
2025Q3,023,20,85065.89,1
2025Q3,023,30,95071088.04,5
2025Q3,023,50,105468163.32,22
2025Q3,023,60,87341.61,21
2025Q3,023,80,540250.00,1
2025Q3,023,88,90052.87,19
2025Q3,023,89,0.00,1
2025Q3,023,90,-66.12,24
2025Q3,023,91,0.00,5
2025Q3,023,92,0.00,1
2025Q3,023,93,0.00,21
2025Q3,023,98,0.01,17
2025Q3,024,01,1390607.34,16
2025Q3,024,02,668.61,3
2025Q3,024,03,125.76,3
2025Q3,024,10,251271.36,50
2025Q3,024,30,8932064.66,3
2025Q3,024,50,6918.88,3
2025Q3,024,60,1097.46,1
2025Q3,024,88,19767871.49,10
2025Q3,024,89,0.00,3
2025Q3,024,90,81.48,2
2025Q3,024,93,39367.49,6
2025Q3,024,96,766937821.79,1
2025Q3,024,98,-19789191.20,6
2025Q3,025,01,2647332.32,45
2025Q3,025,02,2099.88,3
2025Q3,025,03,53992.34,17
2025Q3,025,05,78475.48,1
2025Q3,025,10,1477789.81,59
2025Q3,025,18,102.26,1
2025Q3,025,30,15739088.04,48
2025Q3,025,40,1844062.69,18
2025Q3,025,50,1020021.34,13
2025Q3,025,60,3571667.62,7
2025Q3,025,70,1022583.76,1
2025Q3,025,88,82832.09,13
2025Q3,025,89,0.00,3
2025Q3,025,91,20451.68,5
2025Q3,025,92,470.00,2
2025Q3,025,93,2230.00,2
2025Q3,025,98,-9816.61,4
2025Q3,032,01,355464.63,4
2025Q3,032,03,211.67,1
2025Q3,032,10,73402.98,13
2025Q3,032,98,-392.37,2
2025Q3,033,01,630046.35,17
2025Q3,033,10,186020.16,44
2025Q3,033,91,1022.58,1
2025Q3,034,01,496819.19,11
2025Q3,034,10,92162.68,39
2025Q3,034,91,0.00,9
2025Q3,034,93,0.00,1
2025Q3,034,98,0.00,1
2025Q3,037,01,987331.50,9
2025Q3,037,03,1390.68,3
2025Q3,037,10,180810.89,13
2025Q3,037,88,19173.45,1
2025Q3,040,01,349023.58,6
2025Q3,040,03,3503.37,3
2025Q3,040,10,108703.46,16
2025Q3,040,18,3.33,3
2025Q3,040,91,6135.52,4
2025Q3,040,92,3000.00,1
2025Q3,040,93,4500.00,1
2025Q3,041,01,3153315.56,28
2025Q3,041,03,16143.35,7
2025Q3,041,05,18504.24,3
2025Q3,041,10,459765.53,58
2025Q3,041,18,14312.09,9
2025Q3,041,50,626473.20,7
2025Q3,041,88,409.03,1
2025Q3,041,91,2045.17,1
2025Q3,041,92,1000.00,1
2025Q3,041,98,-96.63,1
2025Q3,042,01,784152.41,9
2025Q3,042,10,78463.31,22
2025Q3,042,18,2651.19,5
2025Q3,042,50,89847.76,8
2025Q3,042,60,274898.27,1
2025Q3,042,89,27642.36,2
2025Q3,042,91,4601.63,2
2025Q3,042,98,-8436.94,1
2025Q3,043,01,1135412.32,6
2025Q3,043,03,881.85,3
2025Q3,043,10,10803288.68,29
2025Q3,043,50,349007.63,2
2025Q3,043,91,6646.79,2
2025Q3,043,92,3000.00,1
2025Q3,043,98,-9456.01,2
2025Q3,044,01,224059.94,6
2025Q3,044,03,2758.42,3
2025Q3,044,10,71438.38,40
2025Q3,044,91,1022.58,1
2025Q3,044,92,870.00,2
2025Q3,044,93,775.00,2
2025Q3,044,98,-20750.91,3
2025Q3,045,01,1083036.32,3
2025Q3,045,10,163952.32,12
2025Q3,045,50,2062.55,1
2025Q3,045,90,1157.99,1
2025Q3,045,91,5112.92,4
2025Q3,045,93,17177.96,2
2025Q3,045,98,-112.49,2
2025Q3,046,01,554796.74,10
2025Q3,046,10,233838.03,32
2025Q3,046,91,1022.58,3
2025Q3,046,92,690.00,1
2025Q3,046,93,17379.71,7
2025Q3,046,98,-14406.28,3
2025Q3,047,01,1985282.58,8
2025Q3,047,03,9822.27,8
2025Q3,047,10,403110.65,18
2025Q3,047,50,265722.60,4
2025Q3,047,90,7913.10,10
2025Q3,047,91,3579.04,8
2025Q3,047,92,5000.00,3
2025Q3,047,93,494653.24,4
2025Q3,047,98,0.00,2
2025Q3,048,01,1393561.99,7
2025Q3,048,03,5684.44,3
2025Q3,048,10,198497.36,40
2025Q3,048,18,13589.10,5
2025Q3,048,91,7669.38,3
2025Q3,048,92,7000.00,2
2025Q3,048,93,28443.63,6
2025Q3,048,98,-33574.59,3
2025Q3,053,01,1353207.72,17
2025Q3,053,03,7872.58,7
2025Q3,053,10,4642796.21,51
2025Q3,053,50,2421297.48,6
2025Q3,053,90,1536.99,1
2025Q3,053,91,0.00,1
2025Q3,053,92,0.00,1
2025Q3,053,93,0.00,2
2025Q3,053,98,0.00,3
2025Q3,055,01,12369838.36,55
2025Q3,055,02,109246.80,3
2025Q3,055,03,197536.39,3
2025Q3,055,05,1651602.31,3
2025Q3,055,10,6696745.54,63
2025Q3,055,18,9223511.00,16
2025Q3,055,40,3568385523.58,64
2025Q3,055,50,84705.53,3
2025Q3,055,89,183155.25,5
2025Q3,055,90,17170897.85,63
2025Q3,055,92,0.00,1
2025Q3,055,93,16877625.45,40
2025Q3,055,95,23301.51,4
2025Q3,055,96,21131970.81,2
2025Q3,055,98,-38848387.58,27
2025Q3,056,01,7915094.11,23
2025Q3,056,05,2150429.62,3
2025Q3,056,10,3460784.97,63
2025Q3,056,40,1354929788.82,63
2025Q3,056,50,14745.45,1
2025Q3,056,88,773222.04,13
2025Q3,056,89,312370.43,8
2025Q3,056,90,13790.16,23
2025Q3,056,91,17895.22,2
2025Q3,056,93,15160810.67,22
2025Q3,056,95,310106.38,2
2025Q3,056,98,-156860256.58,22
2025Q3,061,01,4160238.15,57
2025Q3,061,03,14374.42,3
2025Q3,061,10,3199438.38,63
2025Q3,061,18,282871.64,15
2025Q3,061,50,1383754.99,15
2025Q3,061,91,46016.28,3
2025Q3,061,92,29535.00,7
2025Q3,061,93,1623206.85,19
2025Q3,061,98,-675237.97,4
2025Q3,062,01,3503748.99,46
2025Q3,062,02,3696.51,4
2025Q3,062,03,50579.57,4
2025Q3,062,10,2600879.00,60
2025Q3,062,18,32979.39,2
2025Q3,062,30,1533.88,1
2025Q3,062,50,192491.17,4
2025Q3,062,60,51693.14,1
2025Q3,062,89,11362.95,3
2025Q3,062,90,-95324.11,4
2025Q3,062,91,0.00,4
2025Q3,062,92,0.00,3
2025Q3,062,93,0.00,16
2025Q3,062,98,-255.65,2
2025Q3,063,01,1075091.42,3
2025Q3,063,03,77296.70,4
2025Q3,063,10,988239.33,38
2025Q3,063,18,21.65,3
2025Q3,063,40,20.45,1
2025Q3,063,89,0.00,4
2025Q3,063,92,2500.00,2
2025Q3,063,93,98013.09,23
2025Q3,063,98,-198855.63,8
2025Q3,071,01,601189.64,21
2025Q3,071,10,2360761.80,54
2025Q3,071,18,833.41,1
2025Q3,071,50,19029.26,2
2025Q3,071,60,3993.19,1
2025Q3,071,88,2610793.12,2
2025Q3,071,90,29714.86,4
2025Q3,071,91,5112.92,1
2025Q3,071,92,15000.00,1
2025Q3,071,93,352380.90,20
2025Q3,071,98,-2916318.57,4
2025Q3,074,01,3524187.91,27
2025Q3,074,10,713904.36,54
2025Q3,074,18,2898.01,7
2025Q3,074,40,4064770.46,1
2025Q3,074,50,63459.50,2
2025Q3,074,88,958347.19,47
2025Q3,074,89,0.00,1
2025Q3,074,93,45009.50,6
2025Q3,074,98,-19532.96,4
2025Q3,075,01,2562621.70,18
2025Q3,075,03,18811.64,7
2025Q3,075,10,3705298.10,52
2025Q3,075,50,1067596.44,10
2025Q3,075,60,-1118443.83,1
2025Q3,075,88,596.63,1
2025Q3,075,91,0.00,3
2025Q3,075,92,0.00,2
2025Q3,075,93,0.00,2
2025Q3,075,98,0.00,3
2025Q3,082,01,384872.46,7
2025Q3,082,03,2152.02,3
2025Q3,082,10,50614.16,9
2025Q3,082,91,11248.42,3
2025Q3,082,92,525.00,1
2025Q3,082,93,945.00,1
2025Q3,083,01,212779.08,12
2025Q3,083,03,454.92,3
2025Q3,083,10,61088.58,32
2025Q3,083,91,0.00,2
2025Q3,083,98,0.00,4
2025Q3,084,01,7882304.04,20
2025Q3,084,10,2748469.19,60
2025Q3,084,18,118722.51,50
2025Q3,084,20,5534.32,3
2025Q3,084,30,17360791.47,26
2025Q3,084,40,10033279.95,15
2025Q3,084,50,1073199.91,5
2025Q3,084,60,3085533.18,14
2025Q3,084,70,394373.53,10
2025Q3,084,89,0.00,1
2025Q3,084,91,15338.76,6
2025Q3,084,93,9595.98,4
2025Q3,084,98,-4351628.64,5
2025Q3,085,01,167790.57,3
2025Q3,085,10,23182.26,13
2025Q3,085,50,29960.69,4
2025Q3,085,91,0.00,2
2025Q3,119,01,353802.25,7
2025Q3,119,10,376903.75,34
2025Q3,119,30,144494.15,2
2025Q3,119,40,44313.66,3
2025Q3,119,60,10031945.26,33
2025Q3,119,88,214252880.06,11
2025Q3,119,89,0.00,2
2025Q3,119,90,2053.49,5
2025Q3,119,91,2045.17,1
2025Q3,119,98,-212366313.98,6
2025Q3,122,18,166546.50,3
2025Q3,122,30,16521647.13,24
2025Q3,122,40,18877582.54,24
2025Q3,122,50,72868277.64,21
2025Q3,122,60,40007850.49,18
2025Q3,122,89,16040872.16,36
2025Q3,122,98,-1137968.58,22
2025Q3,124,01,179596.34,4
2025Q3,124,02,57625.61,4
2025Q3,124,10,80995.45,11
2025Q3,124,30,278795642.49,9
2025Q3,124,50,43101.91,1
2025Q3,124,90,8079.13,3
2025Q3,124,98,-745.03,3
2025Q3,129,01,588636.41,6
2025Q3,129,03,1588.88,3
2025Q3,129,05,235296.29,3
2025Q3,129,10,442671.16,35
2025Q3,129,50,162975.33,1
2025Q3,129,91,2556.46,1
2025Q3,129,98,-250.10,2
2025Q3,133,01,7158726.09,34
2025Q3,133,02,23037.61,2
2025Q3,133,03,53709.20,14
2025Q3,133,10,3353545.36,48
2025Q3,133,18,71439.76,16
2025Q3,133,20,191307.75,7
2025Q3,133,40,11292.42,9
2025Q3,133,50,171701.70,12
2025Q3,133,60,4157373.23,3
2025Q3,133,88,727472.17,32
2025Q3,133,89,0.00,6
2025Q3,133,90,57874.71,10
2025Q3,133,93,690.00,2
2025Q3,133,98,-382176.45,14
2025Q3,134,01,235990.28,10
2025Q3,134,02,14680.00,6
2025Q3,134,03,133.12,3
2025Q3,134,10,214899.81,23
2025Q3,134,18,4356.55,6
2025Q3,134,90,19454.92,2
2025Q3,134,98,-13262.73,1
2025Q3,181,01,1765828.34,11
2025Q3,181,03,414.15,3
2025Q3,181,10,135646.75,17
2025Q3,181,50,14661.77,2
2025Q3,181,60,51129.19,1
2025Q3,181,91,10225.84,1
2025Q3,422,01,113588781.16,64
2025Q3,422,02,23231202.11,63
2025Q3,422,03,1746929.55,63
2025Q3,422,05,25627892.74,64
2025Q3,422,10,92238966.19,64
2025Q3,422,18,9559041.45,62
2025Q3,422,20,281.91,7
2025Q3,422,30,9151274.90,50
2025Q3,422,40,67882003.46,61
2025Q3,422,50,52394898.99,64
2025Q3,422,60,31117819.62,42
2025Q3,422,70,2556459.41,1
2025Q3,422,80,631622.22,10
2025Q3,422,88,927371.01,26
2025Q3,422,89,54719963.43,42
2025Q3,422,90,316665.25,44
2025Q3,422,98,-1636457.40,50
2025Q3,519,88,475618.25,11
2025Q3,519,89,3150991.63,29
2025Q3,519,90,12363.04,2
2025Q3,519,98,-7922.11,1
2025Q3,522,89,3001911.22,61
2025Q3,522,98,-5097.94,11
2025Q3,579,89,3675863.93,20
2025Q3,581,89,156215586.63,60
2025Q3,582,89,48812388.44,47
2025Q3,735,01,15587.09,8
2025Q3,735,02,52992.99,14
2025Q3,735,05,1356.48,3
2025Q3,735,10,23692.25,4
2025Q3,735,40,445541.55,12
2025Q3,735,90,432.83,3
2025Q3,735,91,511.29,1
2025Q3,745,40,15932194.33,33
2025Q3,801,01,19470962.38,47
2025Q3,801,03,1722307.75,3
2025Q3,801,10,6082021.74,61
2025Q3,801,18,266.09,6
2025Q3,801,40,1804118.05,7
2025Q3,801,50,506743.67,27
2025Q3,801,60,6284949.33,18
2025Q3,801,88,11734.15,1
2025Q3,801,89,0.00,1
2025Q3,801,90,634.01,3
2025Q3,801,91,51129.19,1
2025Q3,801,93,226743.94,41
2025Q3,801,98,-26489.07,11
2025Q3,802,01,6373031.20,20
2025Q3,802,02,5325.86,3
2025Q3,802,03,4379.88,8
2025Q3,802,10,778001.09,37
2025Q3,802,18,27724.80,5
2025Q3,802,40,705477.46,7
2025Q3,802,50,227909.85,11
2025Q3,802,98,-47214.71,1
2025Q3,803,01,2236239.43,23
2025Q3,803,03,22408.76,5
2025Q3,803,10,750111.03,41
2025Q3,803,18,3900.89,2
2025Q3,803,40,129353.26,3
2025Q3,803,50,32501.80,3
2025Q3,803,70,19341.70,2
2025Q3,803,88,53921.06,12
2025Q3,803,90,34431.67,20
2025Q3,804,01,3872037.36,23
2025Q3,804,10,328949.91,35
2025Q3,804,18,35517.22,24
2025Q3,804,40,422797.48,6
2025Q3,804,88,39834.01,2
2025Q3,804,90,24940.81,2
2025Q3,805,01,2992683.48,24
2025Q3,805,10,530466.91,44
2025Q3,805,40,433494.17,2
2025Q3,805,50,662534.74,4
2025Q3,805,88,218949.71,20
2025Q3,805,98,-8569.19,1
2025Q3,806,01,2383052.10,20
2025Q3,806,03,50271.56,4
2025Q3,806,10,485891.73,47
2025Q3,806,18,558.94,2
2025Q3,806,40,218979.16,8
2025Q3,806,50,5010.66,2
2025Q3,806,90,19732.30,13
2025Q3,806,98,-2108.47,3
2025Q3,811,01,2958207.44,19
2025Q3,811,10,981431.76,45
2025Q3,811,18,24695.57,5
2025Q3,811,40,217541.91,5
2025Q3,811,50,286218.75,7
2025Q3,811,60,1886.19,3
2025Q3,811,89,0.00,2
2025Q3,811,90,19561.38,22
2025Q3,811,98,-166460.61,4
2025Q3,812,01,10141760.04,36
2025Q3,812,02,1099.28,3
2025Q3,812,03,95026.98,8
2025Q3,812,10,4481178.31,61
2025Q3,812,18,573.52,4
2025Q3,812,40,622563.18,15
2025Q3,812,50,9684.89,4
2025Q3,812,88,372189.40,23
2025Q3,812,89,0.00,1
2025Q3,812,90,4557.33,7
2025Q3,812,91,43459.82,4
2025Q3,812,93,55969.79,17
2025Q3,812,98,-65137.93,4
2025Q3,814,01,2156119.06,17
2025Q3,814,03,2716.34,3
2025Q3,814,10,1093782.40,46
2025Q3,814,40,317812.38,4
2025Q3,814,50,68981.86,1
2025Q3,814,89,0.00,1
2025Q3,814,90,4548.84,17
2025Q3,814,98,-4874.71,2
2025Q3,815,01,1173327.73,16
2025Q3,815,10,101286.25,49
2025Q3,815,18,707.10,5
2025Q3,815,40,195609.50,4
2025Q3,815,60,3122.95,3
2025Q3,815,88,145338.64,34
2025Q3,815,89,2104.86,7
2025Q3,815,90,17838.30,25
2025Q3,815,98,-8.03,1
2025Q3,816,01,2801444.03,21
2025Q3,816,03,13116.78,3
2025Q3,816,10,936246.55,46
2025Q3,816,18,81079.96,7
2025Q3,816,40,143800.33,4
2025Q3,816,50,45733.40,3
2025Q3,816,88,2502.82,1
2025Q3,816,90,49123.02,11
2025Q3,816,91,15338.76,5
2025Q3,816,93,1826.85,4
2025Q3,816,98,-402.69,2
2025Q3,817,01,1001661.00,14
2025Q3,817,10,1132644.86,43
2025Q3,817,40,92259.04,3
2025Q3,817,50,1329.68,2
2025Q3,817,60,67968.77,1
2025Q3,817,88,34135.12,5
2025Q3,817,91,5624.20,8
2025Q3,817,93,697.00,4
2025Q3,818,01,1929286.72,13
2025Q3,818,03,22462.49,6
2025Q3,818,10,884015.57,47
2025Q3,818,18,214574.80,6
2025Q3,818,50,25327.87,4
2025Q3,818,88,113823.42,12
2025Q3,818,90,51.13,1
2025Q3,818,93,745.00,2
2025Q3,818,98,-1896.30,1
2025Q3,819,01,1796643.39,18
2025Q3,819,03,13264.13,4
2025Q3,819,10,483784.16,39
2025Q3,819,40,151200.26,3
2025Q3,819,50,812953.44,13
2025Q3,819,90,61721.65,22
2025Q3,819,91,1789.52,2
2025Q3,819,93,62094.96,15
2025Q3,819,98,-180.02,3
2025Q3,821,01,1859840.94,28
2025Q3,821,10,1836599.99,47
2025Q3,821,18,61.36,2
2025Q3,821,40,116496.30,9
2025Q3,821,50,234004.97,2
2025Q3,821,60,13293.59,3
2025Q3,821,90,12082.88,6
2025Q3,821,98,-1550.48,1
2025Q3,822,01,1238760.80,16
2025Q3,822,03,9772.88,3
2025Q3,822,10,331413.87,32
2025Q3,822,18,3131.95,7
2025Q3,822,40,144834.22,6
2025Q3,822,50,15961.51,3
2025Q3,822,60,81359.48,13
2025Q3,822,98,-7134.82,1
2025Q3,823,01,5735403.30,47
2025Q3,823,02,1789.52,1
2025Q3,823,03,32336.11,10
2025Q3,823,10,1819742.88,57
2025Q3,823,18,5570.40,16
2025Q3,823,40,443719.66,4
2025Q3,823,50,83970.30,13
2025Q3,823,60,23371.15,1
2025Q3,823,89,0.00,2
2025Q3,823,90,55275.81,29
2025Q3,823,98,0.00,5
2025Q3,831,01,7553077.69,28
2025Q3,831,02,10695.81,1
2025Q3,831,03,23659.07,7
2025Q3,831,10,4925333.89,62
2025Q3,831,18,594.94,7
2025Q3,831,20,1.29,1
2025Q3,831,40,456216.21,16
2025Q3,831,50,964021.54,15
2025Q3,831,60,177901.45,2
2025Q3,831,90,73042.12,22
2025Q3,831,93,89456.26,21
2025Q3,831,98,-28.46,1
2025Q3,832,01,7193876.77,4
2025Q3,832,03,144273.41,3
2025Q3,832,10,2681565.55,44
2025Q3,832,18,69370.15,2
2025Q3,832,50,3117154.63,14
2025Q3,832,60,801276.58,3
2025Q3,832,89,0.00,1
2025Q3,832,90,94330.91,16
2025Q3,832,98,-360421.49,4
2025Q3,833,01,8318607.94,42
2025Q3,833,02,154.32,1
2025Q3,833,03,66156.46,5
2025Q3,833,10,1705251.52,61
2025Q3,833,18,1813.67,10
2025Q3,833,40,600669.07,14
2025Q3,833,50,5703311.19,27
2025Q3,833,89,44950.68,19
2025Q3,833,90,156351.16,26
2025Q3,833,98,-114691.87,2
2025Q3,835,01,2940900.05,26
2025Q3,835,03,55256.43,3
2025Q3,835,10,1092622.97,56
2025Q3,835,40,137219.40,3
2025Q3,835,50,833851.76,22
2025Q3,835,60,91896.58,1
2025Q3,835,98,-6135.50,1
2025Q3,841,01,5819595.61,21
2025Q3,841,03,40147.34,5
2025Q3,841,10,2283542.99,63
2025Q3,841,18,48481.16,14
2025Q3,841,40,564440.88,6
2025Q3,841,50,1245708.56,1
2025Q3,841,60,611723.93,4
2025Q3,841,89,15074.66,1
2025Q3,841,90,104073.02,11
2025Q3,841,93,13023.12,20
2025Q3,841,98,-227815.85,4
2025Q3,842,01,1918695.73,16
2025Q3,842,03,6392.53,3
2025Q3,842,10,457591.11,47
2025Q3,842,18,2818.24,8
2025Q3,842,40,140734.11,3
2025Q3,842,50,32962.84,4
2025Q3,842,88,27720.09,19
2025Q3,842,90,68628.51,27
2025Q3,842,98,-44.32,1
2025Q3,843,01,1011543.46,16
2025Q3,843,03,3752.49,3
2025Q3,843,10,132938.37,27
2025Q3,843,18,772.58,6
2025Q3,843,40,212229.13,8
2025Q3,843,50,135669.97,3
2025Q3,843,90,17465.06,3
2025Q3,843,98,-15.34,1
2025Q3,851,01,1391030.81,7
2025Q3,851,10,139826.75,16
2025Q3,851,40,70698.88,3
2025Q3,851,50,210360.92,3
2025Q3,851,90,8401.10,4
2025Q3,852,01,1130176.94,14
2025Q3,852,10,161898.42,44
2025Q3,852,18,64278.36,11
2025Q3,852,40,70082.78,3
2025Q3,852,50,20246.20,3
2025Q3,852,80,17494.97,3
2025Q3,852,89,0.00,1
2025Q3,852,90,5414.58,8
2025Q3,852,93,3101.50,2
2025Q3,852,98,-556.09,4
2025Q3,853,01,1013939.10,21
2025Q3,853,10,337027.32,39
2025Q3,853,40,127253.91,7
2025Q3,853,50,2013.32,4
2025Q3,853,98,-244.01,3
2025Q3,854,01,7324.25,3
2025Q3,854,10,1224582.15,31
2025Q3,854,18,153.40,4
2025Q3,854,90,1758.85,5
2025Q3,854,98,-22137.88,2
2025Q3,859,01,2389922.66,12
2025Q3,859,03,22763.72,3
2025Q3,859,10,1242182.02,46
2025Q3,859,18,86.38,1
2025Q3,859,40,125087.04,3
2025Q3,859,50,768726.80,17
2025Q3,859,90,3318.34,14
2025Q3,859,91,33233.98,4
2025Q3,859,92,9415.00,6
2025Q3,859,93,6039.00,7
2025Q3,867,01,336599.22,9
2025Q3,867,18,144557.48,36
2025Q3,868,01,255118.64,7
2025Q3,868,10,989746.82,32
2025Q3,868,40,16311.23,1
2025Q3,868,98,-1165.75,1
2025Q3,871,01,1256221.83,8
2025Q3,871,03,10621.72,3
2025Q3,871,10,126793.34,26
2025Q3,871,40,296549.29,5
2025Q3,871,50,16231.35,3
2025Q3,871,90,162.59,3
2025Q3,871,93,0.00,16
2025Q3,871,98,0.00,2
2025Q3,872,01,417078.15,9
2025Q3,872,10,195548.30,29
2025Q3,872,18,18284.92,1
2025Q3,872,40,39523.38,6
2025Q3,872,50,1350343.96,3
2025Q3,872,60,5112.92,1
2025Q3,872,88,70507.50,3
2025Q3,872,89,0.00,3
2025Q3,872,90,1202.56,3
2025Q3,872,93,1846.93,7
2025Q3,872,98,-4626.48,6
2025Q3,881,01,1659206.94,17
2025Q3,881,03,33930.10,4
2025Q3,881,10,212475.04,27
2025Q3,881,18,60278.06,1
2025Q3,881,40,7132.52,2
2025Q3,881,50,13765.49,1
2025Q3,881,89,0.00,1
2025Q3,881,90,15689.31,8
2025Q3,881,93,2018.59,2
2025Q3,881,98,-71.58,1
2025Q3,882,01,3021154.82,21
2025Q3,882,03,78344.75,10
2025Q3,882,10,890802.19,36
2025Q3,882,18,8603.17,15
2025Q3,882,40,784759.40,6
2025Q3,882,50,434569.93,4
2025Q3,882,88,2903.87,2
2025Q3,882,90,63594.59,29
2025Q3,882,98,-0.16,1
2025Q3,883,01,368.89,3
2025Q3,883,03,33117.23,3
2025Q3,883,10,4149775.91,53
2025Q3,883,50,107206.09,10
2025Q3,883,88,311305.58,26
2025Q3,883,90,45669.27,6
2025Q3,883,98,-1106738.07,1
2025Q3,884,01,992652.90,11
2025Q3,884,03,973.68,3
2025Q3,884,10,370429.68,24
2025Q3,884,40,282344.39,3
2025Q3,884,50,2229.74,1
2025Q3,884,90,6843.25,3
2025Q3,890,01,23071726.37,61
2025Q3,890,02,85567.10,20
2025Q3,890,03,155946.69,36
2025Q3,890,05,13002.32,3
2025Q3,890,10,9887457.22,61
2025Q3,890,18,329377.77,53
2025Q3,890,20,107.92,1
2025Q3,890,40,331966.32,42
2025Q3,890,50,2705002.58,53
2025Q3,890,60,4518609.98,43
2025Q3,890,88,453170.34,45
2025Q3,890,89,173841.30,33
2025Q3,890,90,284144.35,45
2025Q3,890,93,1769.37,4
2025Q3,890,98,-42469.79,12
2025Q3,980,60,3071198.93,1
2025Q3,983,01,851707.95,24
2025Q3,983,02,64607.01,10
2025Q3,983,05,174410.65,12
2025Q3,983,10,2740747.27,30
2025Q3,983,18,3857695.89,2
2025Q3,983,30,4181343.09,50
2025Q3,983,40,215618.65,24
2025Q3,983,50,264997115.84,57
2025Q3,983,60,189120570.08,64
2025Q3,983,88,820945.81,2
2025Q3,983,89,6701668.67,16
2025Q3,983,98,-304615.68,25
2025Q3,986,89,3508897.73,12
2025Q3,986,93,630.00,6
2025Q3,986,98,-90588.99,2
2025Q3,987,01,6487679.35,32
2025Q3,987,02,253614.77,16
2025Q3,987,03,76.62,3
2025Q3,987,05,494613.18,10
2025Q3,987,10,2384757.66,54
2025Q3,987,30,13849383.16,57
2025Q3,987,40,1205042.09,2
2025Q3,987,50,65458431.14,49
2025Q3,987,60,161141535.49,62
2025Q3,987,70,1925282.68,1
2025Q3,987,88,3301200.77,7
2025Q3,987,89,127015.84,7
2025Q3,987,90,1267.73,1
2025Q3,987,98,-544422.43,10
2025Q3,989,30,24763.94,3
2025Q3,989,60,2342512.23,15
2025Q3,989,98,-248334.50,2
2025Q4,001,01,8174642.28,30
2025Q4,001,02,5743.32,4
2025Q4,001,03,308.31,3
2025Q4,001,10,3851999.95,59
2025Q4,001,18,780838.42,24
2025Q4,001,50,3693226.11,25
2025Q4,001,60,16784.23,1
2025Q4,001,89,0.00,2
2025Q4,001,90,201765.34,51
2025Q4,001,91,1170858.39,7
2025Q4,001,92,25000.00,2
2025Q4,001,93,40359.56,7
2025Q4,001,98,-287210.43,6
2025Q4,002,01,1226532.70,13
2025Q4,002,02,74.47,3
2025Q4,002,03,3422.82,3
2025Q4,002,10,305429.05,24
2025Q4,002,40,48642.26,1
2025Q4,002,50,17357.59,5
2025Q4,002,60,123956.28,3
2025Q4,002,91,10225.84,1
2025Q4,002,93,4498.40,4
2025Q4,003,01,10814188.34,58
2025Q4,003,10,6058235.90,60
2025Q4,003,18,100755.21,55
2025Q4,003,40,11044331.43,11
2025Q4,003,50,9563349.67,46
2025Q4,003,60,-283979.15,34
2025Q4,003,88,1220528.77,36
2025Q4,003,89,0.00,7
2025Q4,003,90,-20016.08,56
2025Q4,003,91,0.00,5
2025Q4,003,92,0.00,4
2025Q4,003,93,0.00,15
2025Q4,003,96,0.00,1
2025Q4,003,98,0.00,14
2025Q4,004,01,776793.81,6
2025Q4,004,03,3499.17,3
2025Q4,004,10,198889.32,38
2025Q4,004,50,182275.56,2
2025Q4,004,91,56242.10,2
2025Q4,004,92,2065.00,2
2025Q4,004,98,-511.29,1
2025Q4,005,01,4064542.13,12
2025Q4,005,03,2387.27,2
2025Q4,005,10,533725.46,46
2025Q4,005,50,444488.51,7
2025Q4,005,60,51129.19,1
2025Q4,005,91,5879.86,3
2025Q4,005,92,300.00,3
2025Q4,005,93,2573.47,2
2025Q4,006,01,127105874.87,43
2025Q4,006,03,1983116.22,40
2025Q4,006,10,17009538.33,60
2025Q4,006,18,9254132.35,55
2025Q4,006,50,5122883.61,53
2025Q4,006,88,2897.22,4
2025Q4,006,89,0.00,16
2025Q4,006,90,665228.17,54
2025Q4,006,91,15338.76,1
2025Q4,006,98,-1457383.56,28
2025Q4,010,01,55862842.11,47
2025Q4,010,03,433838.70,30
2025Q4,010,10,43179985.89,61
2025Q4,010,18,239557.09,28
2025Q4,010,40,822011.38,1
2025Q4,010,50,70547569.99,20
2025Q4,010,60,461668.44,7
2025Q4,010,70,2045167524.78,1
2025Q4,010,88,3864330.18,46
2025Q4,010,89,0.00,14
2025Q4,010,90,-41319.92,29
2025Q4,010,91,0.00,1
2025Q4,010,93,0.00,16
2025Q4,010,96,0.00,1
2025Q4,010,98,0.00,22
2025Q4,011,01,5188254.37,31
2025Q4,011,03,131209.12,3
2025Q4,011,10,14796870.03,61
2025Q4,011,18,3722812.27,24
2025Q4,011,50,19173.45,1
2025Q4,011,60,-4026.05,2
2025Q4,011,88,2316784.33,8
2025Q4,011,91,14316.18,3
2025Q4,011,92,590000.00,4
2025Q4,011,93,0.00,52
2025Q4,011,98,-792.50,5
2025Q4,012,01,192398872.84,32
2025Q4,012,03,4851992.74,12
2025Q4,012,10,126486156.27,57
2025Q4,012,18,82608142.71,49
2025Q4,012,30,585684.86,4
2025Q4,012,40,444823.74,15
2025Q4,012,50,251859052.01,41
2025Q4,012,60,29454409.12,6
2025Q4,012,88,445449.39,19
2025Q4,012,89,0.00,7
2025Q4,012,90,10845283.06,29
2025Q4,012,91,0.00,2
2025Q4,012,92,0.00,2
2025Q4,012,93,0.00,41
2025Q4,012,96,0.00,2
2025Q4,012,98,-18893799.67,17
2025Q4,013,01,280523699.48,44
2025Q4,013,03,6788794.86,13
2025Q4,013,10,49353998.00,60
2025Q4,013,18,49433.90,3
2025Q4,013,40,1024504.58,10
2025Q4,013,50,46125693.35,53
2025Q4,013,60,18982606.82,56
2025Q4,013,88,6388352.48,54
2025Q4,013,89,80048.49,57
2025Q4,013,90,6005146.26,60
2025Q4,013,91,0.00,7
2025Q4,013,92,0.00,10
2025Q4,013,93,0.00,23
2025Q4,013,98,-21233660.37,39
2025Q4,014,01,46098085.44,46
2025Q4,014,03,561285.50,10
2025Q4,014,10,19557917.01,57
2025Q4,014,18,102143.58,21
2025Q4,014,50,6792581.88,36
2025Q4,014,60,9838360.18,2
2025Q4,014,88,35804.82,6
2025Q4,014,89,0.00,11
2025Q4,014,90,111768.93,46
2025Q4,014,91,13804.90,8
2025Q4,014,93,112313.55,19
2025Q4,014,98,-590287.81,17
2025Q4,015,01,34879607.69,55
2025Q4,015,02,14001.20,7
2025Q4,015,03,319256.69,25
2025Q4,015,10,8984264.83,60
2025Q4,015,18,26857.40,8
2025Q4,015,30,57443417.20,54
2025Q4,015,40,262055270.04,57
2025Q4,015,50,1613200.42,24
2025Q4,015,60,219871126.34,58
2025Q4,015,89,0.00,26
2025Q4,015,90,410.88,2
2025Q4,015,91,20451.68,5
2025Q4,015,92,5000.00,1
2025Q4,015,93,1133044.53,7
2025Q4,015,96,61348.89,1
2025Q4,015,98,-35257097.48,36
2025Q4,016,01,60519704.78,55
2025Q4,016,02,429948.48,24
2025Q4,016,03,915504.81,28
2025Q4,016,10,41354491.37,59
2025Q4,016,18,4798.67,14
2025Q4,016,20,38.05,4
2025Q4,016,30,37919991.25,20
2025Q4,016,40,7850.89,5
2025Q4,016,50,15193981.06,36
2025Q4,016,60,50485061.97,23
2025Q4,016,70,3787428.87,1
2025Q4,016,88,6727203.23,39
2025Q4,016,89,0.00,16
2025Q4,016,90,1908482.15,29
2025Q4,016,93,1067181.76,9
2025Q4,016,98,-5574152.09,28
2025Q4,017,01,81030750.92,56
2025Q4,017,02,863.20,1
2025Q4,017,03,1520608.85,54
2025Q4,017,10,34788113.86,59
2025Q4,017,18,28.00,2
2025Q4,017,40,5876986.35,55
2025Q4,017,50,26146533.97,57
2025Q4,017,60,216753105.25,54
2025Q4,017,88,20066546.12,58
2025Q4,017,89,122.71,31
2025Q4,017,90,2991.06,5
2025Q4,017,91,147399.85,13
2025Q4,017,92,11000.00,5
2025Q4,017,93,7629253.99,39
2025Q4,017,96,28530.09,1
2025Q4,017,98,-2297556.39,51
2025Q4,018,01,30388259.35,56
2025Q4,018,02,207.47,1
2025Q4,018,03,299945.56,45
2025Q4,018,10,9153385.99,56
2025Q4,018,18,3944155.77,50
2025Q4,018,30,15722235.56,38
2025Q4,018,40,772946.00,27
2025Q4,018,50,3139003.71,29
2025Q4,018,60,919016.53,24
2025Q4,018,70,78227.66,1
2025Q4,018,88,623251.22,19
2025Q4,018,89,949200.36,38
2025Q4,018,90,110549.72,25
2025Q4,018,91,12782.30,5
2025Q4,018,93,161085.24,19
2025Q4,018,96,4109.76,2
2025Q4,018,98,-1235982.89,36
2025Q4,019,01,9879247.53,52
2025Q4,019,02,19742.33,10
2025Q4,019,03,166541.71,18
2025Q4,019,10,5893314.06,58
2025Q4,019,18,2762.46,9
2025Q4,019,20,2.02,3
2025Q4,019,40,117146.49,19
2025Q4,019,50,3184630.81,49
2025Q4,019,60,7079714.13,19
2025Q4,019,88,2600102.53,50
2025Q4,019,89,6270.25,4
2025Q4,019,90,226560.97,15
2025Q4,019,91,12271.02,3
2025Q4,019,92,30000.00,3
2025Q4,019,93,151892.67,15
2025Q4,019,98,-4395695.40,15
2025Q4,020,01,7267405.85,48
2025Q4,020,02,-109.61,2
2025Q4,020,03,13537.02,12
2025Q4,020,10,3661272.76,60
2025Q4,020,18,198569.05,17
2025Q4,020,20,3.33,2
2025Q4,020,30,5087384.99,9
2025Q4,020,40,422759.88,3
2025Q4,020,50,1625262.08,20
2025Q4,020,60,2677769.02,5
2025Q4,020,70,145141090.99,4
2025Q4,020,88,87953.75,31
2025Q4,020,89,-33994.24,5
2025Q4,020,90,40551.15,28
2025Q4,020,91,0.00,1
2025Q4,020,92,0.00,6
2025Q4,020,93,0.00,36
2025Q4,020,96,0.00,1
2025Q4,020,98,-8530.80,10
2025Q4,021,01,14369207.47,50
2025Q4,021,02,12521.86,3
2025Q4,021,03,56853.75,19
2025Q4,021,10,280482760.43,60
2025Q4,021,18,7666.17,20
2025Q4,021,40,729268.91,21
2025Q4,021,50,167086737.41,47
2025Q4,021,60,173951088.06,45
2025Q4,021,88,1854694.94,7
2025Q4,021,89,0.00,10
2025Q4,021,90,846302.06,38
2025Q4,021,91,23008.14,4
2025Q4,021,92,35000.00,3
2025Q4,021,93,2950795.92,17
2025Q4,021,96,5158620.64,1
2025Q4,021,98,-4043229.98,21
2025Q4,022,01,25284718.06,48
2025Q4,022,03,213319.46,23
2025Q4,022,10,20571375.99,61
2025Q4,022,18,7607822.52,47
2025Q4,022,30,12872455.83,12
2025Q4,022,40,2803482.07,10
2025Q4,022,50,9022083.83,30
2025Q4,022,60,16232759.62,51
2025Q4,022,70,13321514.14,1
2025Q4,022,88,-1334608.36,30
2025Q4,022,89,127597.02,27
2025Q4,022,90,641619.80,34
2025Q4,022,91,30677.52,5
2025Q4,022,92,50000.00,6
2025Q4,022,93,1083606.53,17
2025Q4,022,98,-5642630.26,26
2025Q4,023,01,8086197.75,40
2025Q4,023,03,45817.07,12
2025Q4,023,10,13919280.71,58
2025Q4,023,20,225727.71,1
2025Q4,023,30,77861017.87,6
2025Q4,023,50,7499358.04,37
2025Q4,023,60,3378470.71,33
2025Q4,023,70,43388515.36,5
2025Q4,023,80,3102314.60,1
2025Q4,023,88,1557352.96,23
2025Q4,023,89,0.00,3
2025Q4,023,90,-2296.00,28
2025Q4,023,91,0.00,5
2025Q4,023,92,0.00,4
2025Q4,023,93,-0.01,28
2025Q4,023,98,0.00,20
2025Q4,024,01,1363411.17,21
2025Q4,024,02,668.61,3
2025Q4,024,03,125.76,3
2025Q4,024,10,845477.56,47
2025Q4,024,30,6252804.17,4
2025Q4,024,50,887554.44,12
2025Q4,024,60,524227.09,2
2025Q4,024,88,1007220.37,11
2025Q4,024,89,0.00,1
2025Q4,024,90,306.78,2
2025Q4,024,91,2556.46,2
2025Q4,024,93,65501.76,7
2025Q4,024,96,12812860.22,2
2025Q4,024,98,-1028757.56,4
2025Q4,025,01,3390361.42,36
2025Q4,025,02,4358.66,5
2025Q4,025,03,49469.03,12
2025Q4,025,10,3168855.18,54
2025Q4,025,18,30.68,1
2025Q4,025,30,9808548.68,40
2025Q4,025,40,2618904.00,24
2025Q4,025,50,2957594.01,16
2025Q4,025,60,8642868.70,15
2025Q4,025,88,87673.54,14
2025Q4,025,89,0.00,5
2025Q4,025,91,20451.68,4
2025Q4,025,92,14810.00,8
2025Q4,025,93,23785.55,7
2025Q4,025,98,-2017432.54,14
2025Q4,032,01,440539.09,3
2025Q4,032,10,127205.99,22
2025Q4,032,50,67262.69,2
2025Q4,032,60,281210.53,2
2025Q4,032,98,-2583.22,4
2025Q4,033,01,319595.24,10
2025Q4,033,10,271593.24,41
2025Q4,033,50,29046.35,3
2025Q4,033,91,1022.58,2
2025Q4,033,93,14074.93,4
2025Q4,034,01,633990.90,11
2025Q4,034,10,121519.46,40
2025Q4,034,50,60235.59,6
2025Q4,034,88,5948.90,1
2025Q4,034,91,0.00,4
2025Q4,034,93,0.00,1
2025Q4,034,98,0.00,2
2025Q4,037,01,1008342.60,7
2025Q4,037,03,1390.68,3
2025Q4,037,10,509391.56,17
2025Q4,037,18,2978.54,1
2025Q4,037,50,41192.54,1
2025Q4,037,60,261270.15,1
2025Q4,037,89,0.00,2
2025Q4,037,91,5112.92,1
2025Q4,037,92,510.00,2
2025Q4,037,98,-1881.87,1
2025Q4,040,01,416719.96,9
2025Q4,040,03,3503.37,3
2025Q4,040,10,193608.79,16
2025Q4,040,18,3.33,3
2025Q4,040,50,56618.42,3
2025Q4,040,91,6135.52,4
2025Q4,040,93,900.00,1
2025Q4,041,01,3897076.58,39
2025Q4,041,03,14102.91,7
2025Q4,041,05,16311.20,4
2025Q4,041,10,1288244.05,54
2025Q4,041,18,30574.76,5
2025Q4,041,50,1591866.54,12
2025Q4,041,88,-5.51,1
2025Q4,041,90,10.00,1
2025Q4,041,91,6646.80,5
2025Q4,041,92,9500.00,5
2025Q4,041,93,936007.31,6
2025Q4,041,98,-328540.26,5
2025Q4,042,01,737514.49,10
2025Q4,042,10,179689.90,24
2025Q4,042,18,1482.75,2
2025Q4,042,20,211.11,1
2025Q4,042,50,92769.93,2
2025Q4,042,89,2763.63,7
2025Q4,042,91,7669.39,3
2025Q4,042,92,810.00,1
2025Q4,042,93,1235.51,2
2025Q4,042,96,1266.98,1
2025Q4,042,98,-20716.46,3
2025Q4,043,01,1277246.82,6
2025Q4,043,03,1203.69,3
2025Q4,043,10,845742.14,34
2025Q4,043,50,616419.10,8
2025Q4,043,60,10561705.26,1
2025Q4,043,90,17.38,1
2025Q4,043,91,5624.21,6
2025Q4,043,92,5000.00,2
2025Q4,043,93,13000.00,2
2025Q4,043,98,-9259.03,3
2025Q4,044,01,281867.74,6
2025Q4,044,03,3266.13,3
2025Q4,044,10,153877.72,36
2025Q4,044,50,17697.91,1
2025Q4,044,91,1850.88,5
2025Q4,044,92,2210.00,4
2025Q4,044,93,1791.00,4
2025Q4,044,98,-20577.58,4
2025Q4,045,01,1672744.01,5
2025Q4,045,10,395542.03,13
2025Q4,045,91,5112.92,4
2025Q4,045,92,1550.00,6
2025Q4,045,93,6512.00,4
2025Q4,045,98,-36639.69,2
2025Q4,046,01,772147.79,11
2025Q4,046,10,366264.00,30
2025Q4,046,91,511.29,2
2025Q4,046,92,1370.00,2
2025Q4,046,93,393660.92,12
2025Q4,046,98,-22046.82,4
2025Q4,047,01,2564709.32,9
2025Q4,047,03,10606.98,8
2025Q4,047,10,645993.76,24
2025Q4,047,18,707006.14,1
2025Q4,047,50,707185.30,9
2025Q4,047,60,224968.43,1
2025Q4,047,90,-17706.36,6
2025Q4,047,91,-3579.04,10
2025Q4,047,92,-5000.00,6
2025Q4,047,93,-473002.24,8
2025Q4,047,96,28346.02,1
2025Q4,047,98,0.00,5
2025Q4,048,01,1650637.69,6
2025Q4,048,03,6112.80,3
2025Q4,048,10,271560.61,37
2025Q4,048,18,27616.34,10
2025Q4,048,50,58517.61,4
2025Q4,048,89,0.00,2
2025Q4,048,91,10225.84,4
2025Q4,048,93,21243.46,6
2025Q4,048,98,-20807.58,5
2025Q4,053,01,1668118.06,19
2025Q4,053,03,7903.74,9
2025Q4,053,10,12369958.04,54
2025Q4,053,50,6578744.25,13
2025Q4,053,60,2525781.89,1
2025Q4,053,91,0.00,2
2025Q4,053,92,0.00,1
2025Q4,053,93,0.00,1
2025Q4,053,98,-28100.60,4
2025Q4,055,01,12396862.71,51
2025Q4,055,02,140758.39,4
2025Q4,055,03,194446.23,3
2025Q4,055,05,2120678.88,4
2025Q4,055,10,8049187.04,57
2025Q4,055,18,3816660.54,15
2025Q4,055,40,3658878082.90,58
2025Q4,055,50,3085649.79,10
2025Q4,055,60,3507203.90,3
2025Q4,055,89,0.00,4
2025Q4,055,90,17751981.74,58
2025Q4,055,92,1550.00,4
2025Q4,055,93,19176120.08,39
2025Q4,055,95,4758.78,2
2025Q4,055,98,-42906638.63,27
2025Q4,056,01,8824983.42,24
2025Q4,056,05,2975057.40,4
2025Q4,056,10,4708384.75,57
2025Q4,056,20,42843.91,1
2025Q4,056,40,1382640774.38,57
2025Q4,056,50,707383.24,6
2025Q4,056,88,838015.56,20
2025Q4,056,89,4605.07,8
2025Q4,056,90,7785.40,17
2025Q4,056,91,30677.52,3
2025Q4,056,92,600.00,1
2025Q4,056,93,19000699.36,31
2025Q4,056,95,2348.02,2
2025Q4,056,98,-321193572.03,24
2025Q4,061,01,5585341.57,52
2025Q4,061,03,19477.50,9
2025Q4,061,10,4557705.41,59
2025Q4,061,18,230359.93,27
2025Q4,061,50,350511.76,5
2025Q4,061,89,0.00,2
2025Q4,061,91,30677.52,2
2025Q4,061,92,31700.00,8
2025Q4,061,93,1485526.12,19
2025Q4,061,98,-232147.22,6
2025Q4,062,01,4520247.18,48
2025Q4,062,02,4714.33,7
2025Q4,062,03,51195.12,5
2025Q4,062,10,3005664.82,59
2025Q4,062,18,32792.64,2
2025Q4,062,50,11973.37,3
2025Q4,062,89,15304.00,5
2025Q4,062,90,-37376.26,3
2025Q4,062,91,0.00,3
2025Q4,062,92,0.00,2
2025Q4,062,93,0.00,18
2025Q4,062,98,-2593.23,5
2025Q4,063,01,1138493.09,8
2025Q4,063,03,15657.99,3
2025Q4,063,10,585538.79,42
2025Q4,063,89,0.00,2
2025Q4,063,91,511.29,1
2025Q4,063,92,1500.00,2
2025Q4,063,93,119503.94,27
2025Q4,063,98,-382920.87,7
2025Q4,071,01,822520.90,34
2025Q4,071,10,3043433.33,54
2025Q4,071,18,46.02,1
2025Q4,071,30,3821154.39,6
2025Q4,071,50,757263.36,5
2025Q4,071,60,716153.34,3
2025Q4,071,88,3487683.62,8
2025Q4,071,89,0.00,1
2025Q4,071,90,15351.71,11
2025Q4,071,91,5112.92,1
2025Q4,071,92,20000.00,2
2025Q4,071,93,1194766.42,24
2025Q4,071,96,5978.27,2
2025Q4,071,98,-4589074.07,11
2025Q4,074,01,3763548.73,21
2025Q4,074,10,1625076.16,57
2025Q4,074,18,1151.75,7
2025Q4,074,40,8852207.43,7
2025Q4,074,50,3653812.48,11
2025Q4,074,70,2596340.17,2
2025Q4,074,88,908649.35,54
2025Q4,074,89,0.00,2
2025Q4,074,93,4217517.47,12
2025Q4,074,98,-3730.11,5
2025Q4,075,01,2522326.92,15
2025Q4,075,03,16689.68,6
2025Q4,075,10,11855590.71,56
2025Q4,075,18,35.79,1
2025Q4,075,50,3434825.23,12
2025Q4,075,60,634587.37,5
2025Q4,075,88,33668849.85,5
2025Q4,075,89,0.00,1
2025Q4,075,90,12.63,1
2025Q4,075,91,0.00,4
2025Q4,075,92,0.00,1
2025Q4,075,93,0.00,5
2025Q4,075,98,0.00,6
2025Q4,082,01,569511.20,7
2025Q4,082,03,2152.02,3
2025Q4,082,10,563001.90,17
2025Q4,082,60,74514.68,13
2025Q4,082,89,0.00,1
2025Q4,082,91,6135.50,1
2025Q4,082,92,390.00,1
2025Q4,082,98,-6665.53,5
2025Q4,083,01,277436.05,12
2025Q4,083,03,462.50,3
2025Q4,083,10,66018.16,34
2025Q4,083,50,11948.65,1
2025Q4,083,91,0.00,2
2025Q4,083,92,0.00,3
2025Q4,083,93,0.00,2
2025Q4,083,98,0.00,4
2025Q4,084,01,8361689.07,26
2025Q4,084,03,1799.24,1
2025Q4,084,10,2280878.60,55
2025Q4,084,18,1719638.52,54
2025Q4,084,20,16243.72,3
2025Q4,084,30,30201741.85,42
2025Q4,084,40,13583364.22,37
2025Q4,084,50,557405.65,9
2025Q4,084,60,67636680.38,23
2025Q4,084,70,521.52,1
2025Q4,084,89,0.00,9
2025Q4,084,91,23519.43,8
2025Q4,084,92,3000.00,2
2025Q4,084,93,28189.90,10
2025Q4,084,98,-9523170.83,16
2025Q4,085,01,181173.49,3
2025Q4,085,10,80797.76,25
2025Q4,085,50,5415.38,1
2025Q4,085,91,0.00,6
2025Q4,085,92,0.00,3
2025Q4,119,01,447345.75,9
2025Q4,119,10,352959.51,42
2025Q4,119,40,59060.55,2
2025Q4,119,60,5947381.17,32
2025Q4,119,88,295772314.58,13
2025Q4,119,90,1628.97,8
2025Q4,119,91,5112.92,1
2025Q4,119,98,-293614818.77,4
2025Q4,122,18,642366.82,9
2025Q4,122,30,86405378.37,32
2025Q4,122,40,115710721.47,32
2025Q4,122,50,300509810.69,29
2025Q4,122,60,146367234.93,29
2025Q4,122,89,425171049.22,33
2025Q4,122,98,-88723414.66,32
2025Q4,124,01,179337.16,4
2025Q4,124,02,55680.20,3
2025Q4,124,10,129669.19,17
2025Q4,124,30,216866222.09,10
2025Q4,124,50,33162.40,2
2025Q4,124,90,25093.96,6
2025Q4,129,01,634992.58,6
2025Q4,129,02,1518.46,2
2025Q4,129,03,880.05,2
2025Q4,129,05,256808.61,3
2025Q4,129,10,2584892.27,36
2025Q4,129,18,3459.57,1
2025Q4,129,20,619.05,1
2025Q4,129,50,270810.91,3
2025Q4,129,91,7158.09,2
2025Q4,129,98,-296.71,3
2025Q4,133,01,7319015.18,34
2025Q4,133,02,54960.36,3
2025Q4,133,03,52832.86,11
2025Q4,133,10,3054282.78,49
2025Q4,133,18,23282.38,8
2025Q4,133,20,500.42,5
2025Q4,133,40,14375.49,7
2025Q4,133,50,135588.02,13
2025Q4,133,60,3423559.22,5
2025Q4,133,88,647271.26,29
2025Q4,133,89,0.00,6
2025Q4,133,90,82376.10,13
2025Q4,133,93,39000.00,2
2025Q4,133,98,-491161.37,14
2025Q4,134,01,177340.19,4
2025Q4,134,02,15019.52,3
2025Q4,134,03,22.67,2
2025Q4,134,10,145738.12,11
2025Q4,134,18,7061.45,2
2025Q4,134,98,-42.95,1
2025Q4,181,01,2151100.45,11
2025Q4,181,03,414.15,3
2025Q4,181,10,252685.26,15
2025Q4,181,18,20499.25,3
2025Q4,181,60,260.76,1
2025Q4,181,89,0.00,1
2025Q4,181,90,306.78,1
2025Q4,181,91,5112.92,1
2025Q4,181,98,-6819.00,1
2025Q4,422,01,136152773.75,60
2025Q4,422,02,28046715.49,61
2025Q4,422,03,1606269.36,58
2025Q4,422,05,31163890.26,60
2025Q4,422,10,137112053.74,61
2025Q4,422,18,961081.13,60
2025Q4,422,20,10073.24,10
2025Q4,422,30,10279839.39,50
2025Q4,422,40,80601230.20,58
2025Q4,422,50,84631976.07,60
2025Q4,422,60,31807993.84,43
2025Q4,422,80,18251.80,8
2025Q4,422,88,342685.23,29
2025Q4,422,89,77589924.55,51
2025Q4,422,90,437306.94,50
2025Q4,422,96,76034321.14,2
2025Q4,422,98,-62647172.44,58
2025Q4,519,88,2445.56,3
2025Q4,519,89,4141730.66,32
2025Q4,519,98,-45881.19,1
2025Q4,522,89,2194643.73,56
2025Q4,522,98,-4739.75,11
2025Q4,579,89,12763076.50,21
2025Q4,581,89,191790171.52,58
2025Q4,582,89,70368447.39,43
2025Q4,735,01,19744.67,9
2025Q4,735,02,19082.96,12
2025Q4,735,05,1435.58,3
2025Q4,735,10,12889.67,3
2025Q4,735,40,250510.67,10
2025Q4,735,90,207.89,2
2025Q4,735,91,766.94,1
2025Q4,745,18,70829133.13,2
2025Q4,745,40,16320554.00,32
2025Q4,745,97,0.00,1
2025Q4,801,01,20821952.32,46
2025Q4,801,03,1954007.88,4
2025Q4,801,10,7365881.48,57
2025Q4,801,18,47.61,2
2025Q4,801,40,2146075.08,6
2025Q4,801,50,2606822.29,28
2025Q4,801,60,2351332.59,13
2025Q4,801,88,13999.81,4
2025Q4,801,89,0.00,1
2025Q4,801,90,414.15,1
2025Q4,801,93,277282.15,43
2025Q4,801,96,81.81,1
2025Q4,801,98,-20242.89,18
2025Q4,802,01,7606064.50,26
2025Q4,802,02,24343.07,3
2025Q4,802,03,8968.10,8
2025Q4,802,10,1347709.69,43
2025Q4,802,18,46012.96,6
2025Q4,802,40,1240625.72,5
2025Q4,802,50,1102999.34,22
2025Q4,802,98,-32427.35,2
2025Q4,803,01,2495719.10,17
2025Q4,803,03,24741.94,6
2025Q4,803,10,1298151.84,44
2025Q4,803,18,13447.44,3
2025Q4,803,40,169315.33,4
2025Q4,803,50,34357.39,6
2025Q4,803,60,2868.98,1
2025Q4,803,88,170726.47,19
2025Q4,803,89,0.00,1
2025Q4,803,90,9410.37,11
2025Q4,803,98,-14.22,1
2025Q4,804,01,4268673.82,36
2025Q4,804,10,786534.40,52
2025Q4,804,18,40640.28,41
2025Q4,804,40,769110.98,8
2025Q4,804,50,80064.01,7
2025Q4,804,88,46016.28,7
2025Q4,804,89,0.00,1
2025Q4,804,90,44555.19,3
2025Q4,804,98,-10.23,1
2025Q4,805,01,3245748.62,34
2025Q4,805,10,1984738.79,49
2025Q4,805,40,764967.71,4
2025Q4,805,50,103365.34,1
2025Q4,805,88,151216.61,35
2025Q4,805,98,-7260.74,2
2025Q4,806,01,3198613.27,30
2025Q4,806,03,54435.56,4
2025Q4,806,10,855706.59,53
2025Q4,806,18,468.20,3
2025Q4,806,40,608703.70,13
2025Q4,806,50,22562.67,3
2025Q4,806,90,22451.09,17
2025Q4,806,98,-40467.14,3
2025Q4,811,01,3485457.82,29
2025Q4,811,05,3006.40,1
2025Q4,811,10,1743909.51,55
2025Q4,811,18,21385.46,3
2025Q4,811,40,571583.21,7
2025Q4,811,50,758016.65,17
2025Q4,811,88,2556.46,1
2025Q4,811,89,0.00,2
2025Q4,811,90,12478.74,12
2025Q4,811,98,-440333.28,6
2025Q4,812,01,13253164.68,39
2025Q4,812,02,74973.12,8
2025Q4,812,03,367177.11,3
2025Q4,812,10,6209064.59,55
2025Q4,812,18,1265.94,7
2025Q4,812,40,1278415.43,15
2025Q4,812,50,56437.92,4
2025Q4,812,60,33931.17,2
2025Q4,812,88,1101993.81,36
2025Q4,812,89,0.00,1
2025Q4,812,90,2994.05,7
2025Q4,812,91,89476.09,5
2025Q4,812,92,4630.00,1
2025Q4,812,93,92832.20,26
2025Q4,812,98,-1244740.26,8
2025Q4,814,01,2579261.32,16
2025Q4,814,03,1094.22,3
2025Q4,814,10,4244900.33,49
2025Q4,814,40,473242.04,7
2025Q4,814,90,18592.76,28
2025Q4,814,98,-5875.91,3
2025Q4,815,01,1358340.96,23
2025Q4,815,10,231059.77,55
2025Q4,815,18,488.80,4
2025Q4,815,40,201311.42,6
2025Q4,815,50,28367.16,4
2025Q4,815,60,1435.71,1
2025Q4,815,88,376241.35,46
2025Q4,815,89,9126.39,10
2025Q4,815,90,21673.24,26
2025Q4,815,98,-117.98,3
2025Q4,816,01,4455380.27,24
2025Q4,816,03,12030.60,3
2025Q4,816,05,31.90,1
2025Q4,816,10,1087289.69,44
2025Q4,816,18,139504.10,9
2025Q4,816,40,457544.90,12
2025Q4,816,50,16973.26,4
2025Q4,816,88,22630.55,12
2025Q4,816,89,0.00,2
2025Q4,816,90,2308.11,10
2025Q4,816,91,10236.06,3
2025Q4,816,93,38980.00,13
2025Q4,816,98,-29846.89,3
2025Q4,817,01,1199732.99,19
2025Q4,817,10,1028289.36,33
2025Q4,817,40,142019.49,5
2025Q4,817,50,476.52,1
2025Q4,817,88,37664.71,9
2025Q4,817,89,0.00,2
2025Q4,817,91,6646.80,8
2025Q4,817,93,377.00,3
2025Q4,817,98,-102622.84,2
2025Q4,818,01,2624400.66,12
2025Q4,818,03,26966.17,7
2025Q4,818,10,1463186.37,44
2025Q4,818,18,210029.10,4
2025Q4,818,50,2728.26,2
2025Q4,818,88,70777.39,19
2025Q4,818,93,4356.27,3
2025Q4,818,98,-268.37,4
2025Q4,819,01,2016905.06,20
2025Q4,819,03,12426.47,5
2025Q4,819,10,642647.50,44
2025Q4,819,40,240180.90,8
2025Q4,819,50,733094.66,21
2025Q4,819,89,0.00,1
2025Q4,819,90,76224.00,24
2025Q4,819,91,8794.22,3
2025Q4,819,93,46560.66,20
2025Q4,819,98,-194.80,3
2025Q4,821,01,1849223.50,26
2025Q4,821,10,1094383.67,39
2025Q4,821,18,46277.36,2
2025Q4,821,40,200285.18,8
2025Q4,821,60,23008.14,5
2025Q4,821,90,16949.00,9
2025Q4,821,98,-384946.36,3
2025Q4,822,01,1489583.81,19
2025Q4,822,03,9870.66,3
2025Q4,822,10,450832.00,33
2025Q4,822,18,3880.59,10
2025Q4,822,40,169532.13,10
2025Q4,822,50,19601.02,6
2025Q4,822,60,91985.50,9
2025Q4,822,89,3681.30,1
2025Q4,822,90,61.87,1
2025Q4,822,98,-5478.06,3
2025Q4,823,01,8231974.25,49
2025Q4,823,02,2116.75,1
2025Q4,823,03,54415.33,13
2025Q4,823,10,2184445.86,58
2025Q4,823,18,6459.12,15
2025Q4,823,40,510531.58,3
2025Q4,823,50,288969.68,16
2025Q4,823,60,11333.84,1
2025Q4,823,89,0.00,3
2025Q4,823,90,79851.86,16
2025Q4,823,98,-551.17,11
2025Q4,831,01,11539167.60,40
2025Q4,831,02,645.10,1
2025Q4,831,03,25578.60,5
2025Q4,831,10,4964488.86,55
2025Q4,831,18,495.95,4
2025Q4,831,40,734161.21,21
2025Q4,831,50,3799492.66,32
2025Q4,831,60,19267.55,1
2025Q4,831,90,27976.57,18
2025Q4,831,93,75621.91,30
2025Q4,831,98,-4325.42,2
2025Q4,832,01,9561158.19,6
2025Q4,832,03,150664.14,3
2025Q4,832,10,5067301.36,46
2025Q4,832,18,35777.54,2
2025Q4,832,50,6258943.30,20
2025Q4,832,60,7250.12,2
2025Q4,832,89,2672.52,12
2025Q4,832,90,33813.23,13
2025Q4,832,98,-839746.18,5
2025Q4,833,01,9263606.40,41
2025Q4,833,02,3362.96,1
2025Q4,833,03,65554.41,7
2025Q4,833,10,3205883.85,53
2025Q4,833,18,890.28,11
2025Q4,833,40,812294.47,13
2025Q4,833,50,2640922.44,22
2025Q4,833,80,40.90,1
2025Q4,833,89,81712.40,17
2025Q4,833,90,93611.32,18
2025Q4,833,98,-112529.47,7
2025Q4,835,01,3291844.27,23
2025Q4,835,03,66744.55,3
2025Q4,835,10,1246819.62,57
2025Q4,835,40,181713.05,6
2025Q4,835,50,604733.65,22
2025Q4,835,60,94863.15,1
2025Q4,835,89,0.00,1
2025Q4,835,98,-56682.61,5
2025Q4,841,01,6759083.84,27
2025Q4,841,02,6249.24,5
2025Q4,841,03,42503.30,5
2025Q4,841,10,2889547.41,58
2025Q4,841,18,71352.09,20
2025Q4,841,40,1577447.64,8
2025Q4,841,50,2331449.00,5
2025Q4,841,89,22332.68,6
2025Q4,841,90,114803.85,9
2025Q4,841,92,2890.00,3
2025Q4,841,93,34578.40,24
2025Q4,841,98,-277104.30,10
2025Q4,842,01,2415862.03,15
2025Q4,842,03,9042.29,4
2025Q4,842,10,520243.61,49
2025Q4,842,18,710.69,8
2025Q4,842,40,360476.13,11
2025Q4,842,50,37387.25,6
2025Q4,842,88,128114.39,32
2025Q4,842,89,0.00,1
2025Q4,842,90,48035.13,22
2025Q4,842,98,-427.06,3
2025Q4,843,01,1564049.16,24
2025Q4,843,03,4705.31,3
2025Q4,843,10,809791.90,35
2025Q4,843,18,13448.81,2
2025Q4,843,40,192430.84,4
2025Q4,843,50,549.74,1
2025Q4,843,90,10495.74,3
2025Q4,843,98,-255645.77,1
2025Q4,851,01,1588279.93,10
2025Q4,851,10,172919.58,25
2025Q4,851,40,130240.36,4
2025Q4,851,50,721838.61,6
2025Q4,851,60,94151.16,2
2025Q4,851,90,12529.51,4
2025Q4,851,98,-356.48,2
2025Q4,852,01,1182195.58,12
2025Q4,852,10,294859.66,48
2025Q4,852,18,28499.97,12
2025Q4,852,40,100606.91,7
2025Q4,852,50,3552.46,1
2025Q4,852,80,49544.15,5
2025Q4,852,89,0.00,1
2025Q4,852,90,2444.67,11
2025Q4,852,93,3103.39,2
2025Q4,852,98,-2997.62,2
2025Q4,853,01,1494635.29,28
2025Q4,853,10,754677.91,45
2025Q4,853,40,203292.21,8
2025Q4,853,50,1430.10,2
2025Q4,853,89,0.00,1
2025Q4,853,98,-1422.41,2
2025Q4,854,01,9148.04,3
2025Q4,854,10,1930830.34,38
2025Q4,854,18,1143.74,1
2025Q4,854,90,6601.21,8
2025Q4,854,98,-24939.15,2
2025Q4,859,01,4215084.12,15
2025Q4,859,03,24633.46,3
2025Q4,859,10,2102738.32,47
2025Q4,859,18,15.00,1
2025Q4,859,40,200091.51,8
2025Q4,859,50,1269510.61,16
2025Q4,859,89,0.00,1
2025Q4,859,90,6666.47,10
2025Q4,859,91,48572.74,6
2025Q4,859,92,10870.00,8
2025Q4,859,93,7213.00,7
2025Q4,859,98,-756802.36,2
2025Q4,867,01,377659.95,10
2025Q4,867,18,193988.59,33
2025Q4,867,98,-243.70,1
2025Q4,868,01,28697.40,4
2025Q4,868,02,14372.34,2
2025Q4,868,10,1161903.99,26
2025Q4,868,40,23914.14,1
2025Q4,868,89,0.00,2
2025Q4,868,98,-4795.92,2
2025Q4,871,01,1259209.47,14
2025Q4,871,03,10488.25,3
2025Q4,871,10,198720.56,33
2025Q4,871,18,11.66,1
2025Q4,871,40,434598.10,6
2025Q4,871,50,137504.81,5
2025Q4,871,90,972.65,4
2025Q4,871,93,11.66,20
2025Q4,872,01,448154.22,9
2025Q4,872,02,245.65,1
2025Q4,872,10,1988607.82,32
2025Q4,872,18,184.17,2
2025Q4,872,40,156801.98,5
2025Q4,872,50,670575.10,1
2025Q4,872,88,799996.30,4
2025Q4,872,89,38.35,3
2025Q4,872,93,500.00,2
2025Q4,872,98,-7605.17,5
2025Q4,881,01,1703952.09,18
2025Q4,881,03,31562.58,4
2025Q4,881,10,301766.07,29
2025Q4,881,18,32687.13,4
2025Q4,881,40,9947.70,5
2025Q4,881,50,1102.35,2
2025Q4,881,60,1172.32,1
2025Q4,881,89,587986.00,1
2025Q4,881,90,38233.49,16
2025Q4,881,93,2537.00,3
2025Q4,882,01,3093223.86,25
2025Q4,882,03,83478.91,8
2025Q4,882,10,1209271.60,35
2025Q4,882,18,159577.76,11
2025Q4,882,40,928710.45,6
2025Q4,882,50,525086.75,11
2025Q4,882,89,0.00,1
2025Q4,882,90,79879.29,27
2025Q4,882,98,-202.47,1
2025Q4,883,01,2478.00,4
2025Q4,883,03,34096.98,6
2025Q4,883,10,5231330.53,49
2025Q4,883,18,-144.18,1
2025Q4,883,50,138098.92,5
2025Q4,883,88,279941.53,26
2025Q4,883,90,69986.00,7
2025Q4,883,98,-1051396.08,4
2025Q4,884,01,1257622.96,15
2025Q4,884,03,973.68,3
2025Q4,884,10,180666.52,26
2025Q4,884,18,127533.29,2
2025Q4,884,40,314567.22,3
2025Q4,884,50,298557.76,4
2025Q4,884,90,5468.29,3
2025Q4,890,01,26606600.58,57
2025Q4,890,02,244703.01,25
2025Q4,890,03,155697.94,32
2025Q4,890,05,17313.91,4
2025Q4,890,10,10158216.52,57
2025Q4,890,18,396722.38,46
2025Q4,890,40,410953.74,39
2025Q4,890,50,1709901.73,49
2025Q4,890,60,3177486.41,44
2025Q4,890,88,819704.58,44
2025Q4,890,89,238331.65,34
2025Q4,890,90,359668.40,36
2025Q4,890,93,4660.24,4
2025Q4,890,98,-165024.49,17
2025Q4,981,60,225684.72,1
2025Q4,983,01,958783.69,25
2025Q4,983,02,81720.57,13
2025Q4,983,05,170688.40,14
2025Q4,983,10,1710076.60,35
2025Q4,983,18,44968752.86,6
2025Q4,983,30,13384544.75,45
2025Q4,983,40,6964092.58,21
2025Q4,983,50,152431069.03,56
2025Q4,983,60,299516032.46,60
2025Q4,983,70,25000000.00,1
2025Q4,983,88,1948388.78,8
2025Q4,983,89,17713543.41,32
2025Q4,983,90,1692992.51,1
2025Q4,983,98,-1445902.68,35
2025Q4,986,89,2735714.28,9
2025Q4,986,93,395.47,3
2025Q4,986,98,-33995.07,1
2025Q4,987,01,6787850.92,27
2025Q4,987,02,222886.57,16
2025Q4,987,03,76.62,3
2025Q4,987,05,486644.83,12
2025Q4,987,10,2196102.11,54
2025Q4,987,30,31305031.54,55
2025Q4,987,40,201254.78,6
2025Q4,987,50,102711727.95,45
2025Q4,987,60,361252543.53,59
2025Q4,987,88,7906992.74,8
2025Q4,987,89,20079488.74,11
2025Q4,987,98,-356931.48,13
2025Q4,989,60,661843.47,6
2026Q1,001,01,7255241.28,23
2026Q1,001,02,35.01,1
2026Q1,001,03,310.05,3
2026Q1,001,10,2144657.89,59
2026Q1,001,18,466654.10,21
2026Q1,001,50,34893.51,4
2026Q1,001,90,199866.60,55
2026Q1,001,91,763000.00,5
2026Q1,001,96,163725.24,6
2026Q1,001,98,-210853.65,3
2026Q1,002,01,739867.47,10
2026Q1,002,02,70.77,3
2026Q1,002,03,2613.59,3
2026Q1,002,10,229756.87,18
2026Q1,002,89,0.00,1
2026Q1,002,91,40000.00,3
2026Q1,002,98,-34288.74,1
2026Q1,003,01,9674671.25,52
2026Q1,003,10,10994298.99,56
2026Q1,003,18,259488.19,46
2026Q1,003,40,10379541.34,10
2026Q1,003,50,3501003.58,10
2026Q1,003,60,67590.97,15
2026Q1,003,88,530478.05,29
2026Q1,003,89,0.00,3
2026Q1,003,90,2088.34,51
2026Q1,003,91,0.00,2
2026Q1,003,96,0.00,12
2026Q1,003,98,0.00,12
2026Q1,004,01,698352.93,6
2026Q1,004,03,2385.00,4
2026Q1,004,10,68842.75,24
2026Q1,004,91,70000.00,2
2026Q1,004,96,2998.80,1
2026Q1,005,01,2158057.10,12
2026Q1,005,10,236716.70,30
2026Q1,005,89,0.00,2
2026Q1,005,91,2500.00,2
2026Q1,005,96,2432.00,2
2026Q1,005,98,-91.28,2
2026Q1,006,01,104866835.73,38
2026Q1,006,03,1509638.12,33
2026Q1,006,10,11931490.18,59
2026Q1,006,18,42400218.08,53
2026Q1,006,50,1647105.43,24
2026Q1,006,88,4326.28,5
2026Q1,006,89,0.00,13
2026Q1,006,90,630031.83,56
2026Q1,006,91,50000.00,1
2026Q1,006,98,-679768.97,18
2026Q1,010,01,56562316.22,37
2026Q1,010,03,405827.58,28
2026Q1,010,10,14447696.97,59
2026Q1,010,18,16287.24,20
2026Q1,010,40,712841.63,1
2026Q1,010,60,21203.16,2
2026Q1,010,88,138554.30,35
2026Q1,010,89,0.00,7
2026Q1,010,90,130875.21,21
2026Q1,010,91,0.00,2
2026Q1,010,93,0.00,2
2026Q1,010,96,0.00,12
2026Q1,010,98,0.00,9
2026Q1,011,01,5202184.79,27
2026Q1,011,03,141885.45,3
2026Q1,011,10,9912283.91,48
2026Q1,011,18,12125729.57,19
2026Q1,011,60,-456.12,2
2026Q1,011,88,1675.00,1
2026Q1,011,89,1848293.47,7
2026Q1,011,91,500000.00,1
2026Q1,011,93,0.00,12
2026Q1,011,96,0.00,25
2026Q1,011,98,-230.08,4
2026Q1,012,01,195852354.02,33
2026Q1,012,03,5255741.64,13
2026Q1,012,10,39936116.08,57
2026Q1,012,18,11734928.71,49
2026Q1,012,30,332500.00,2
2026Q1,012,40,168741.19,17
2026Q1,012,50,23187580.29,17
2026Q1,012,60,6478316.00,3
2026Q1,012,88,61430.67,16
2026Q1,012,89,0.00,8
2026Q1,012,90,3579183.72,37
2026Q1,012,91,0.00,3
2026Q1,012,93,0.00,7
2026Q1,012,95,0.00,2
2026Q1,012,96,0.00,18
2026Q1,012,98,-4963062.58,13
2026Q1,013,01,296901377.34,40
2026Q1,013,03,7053153.85,13
2026Q1,013,10,31389053.96,59
2026Q1,013,18,183090.66,5
2026Q1,013,40,990922.08,7
2026Q1,013,50,6918771.35,16
2026Q1,013,60,13372265.83,42
2026Q1,013,88,13171983.98,49
2026Q1,013,89,34463.79,49
2026Q1,013,90,5191272.84,58
2026Q1,013,91,0.00,2
2026Q1,013,93,0.00,5
2026Q1,013,96,39857.00,21
2026Q1,013,98,-10450395.53,23
2026Q1,014,01,39503701.18,45
2026Q1,014,03,663376.53,14
2026Q1,014,10,9818368.56,57
2026Q1,014,18,37508.18,18
2026Q1,014,50,6692.76,3
2026Q1,014,88,9258.95,9
2026Q1,014,89,0.00,11
2026Q1,014,90,116212.28,25
2026Q1,014,91,11000.00,3
2026Q1,014,96,395538.24,17
2026Q1,014,98,-160695.57,16
2026Q1,015,01,34964971.07,53
2026Q1,015,02,15421.61,4
2026Q1,015,03,312132.55,27
2026Q1,015,05,49245.06,2
2026Q1,015,10,7872703.75,59
2026Q1,015,18,6487.04,12
2026Q1,015,30,54800043.16,51
2026Q1,015,40,254507141.01,55
2026Q1,015,50,49554.02,6
2026Q1,015,60,237391515.16,51
2026Q1,015,89,0.00,17
2026Q1,015,91,30000.00,3
2026Q1,015,96,186975.00,5
2026Q1,015,98,-27131459.16,21
2026Q1,016,01,50240838.28,56
2026Q1,016,02,205408.74,25
2026Q1,016,03,835864.05,33
2026Q1,016,10,17200267.12,59
2026Q1,016,18,13343.67,10
2026Q1,016,20,128.58,2
2026Q1,016,30,36809593.74,14
2026Q1,016,40,7187.76,5
2026Q1,016,50,256785.96,3
2026Q1,016,60,27662760.10,20
2026Q1,016,88,2717229.72,27
2026Q1,016,89,0.00,5
2026Q1,016,90,37430.46,29
2026Q1,016,93,7201.27,2
2026Q1,016,96,108922.62,9
2026Q1,016,98,-29640.70,13
2026Q1,017,01,53143422.92,54
2026Q1,017,03,1256924.67,51
2026Q1,017,10,13202833.34,58
2026Q1,017,40,5177318.60,53
2026Q1,017,50,6471825.42,22
2026Q1,017,60,137159848.47,34
2026Q1,017,88,13512745.69,55
2026Q1,017,89,255925.90,16
2026Q1,017,91,99274.79,11
2026Q1,017,93,686.72,1
2026Q1,017,96,1572913.09,23
2026Q1,017,98,-908005.03,35
2026Q1,018,01,27218550.09,51
2026Q1,018,02,22082.67,3
2026Q1,018,03,281843.48,40
2026Q1,018,10,11049345.97,56
2026Q1,018,18,2926141.06,49
2026Q1,018,20,8.32,1
2026Q1,018,30,2598908.92,17
2026Q1,018,40,488922.76,31
2026Q1,018,50,633661.27,21
2026Q1,018,60,247075.40,9
2026Q1,018,88,378305.56,26
2026Q1,018,89,1463833.86,38
2026Q1,018,90,325090.33,35
2026Q1,018,91,45000.00,3
2026Q1,018,93,34690.00,5
2026Q1,018,96,56207.43,16
2026Q1,018,98,-90752.75,23
2026Q1,019,01,8200764.49,44
2026Q1,019,02,1276.96,3
2026Q1,019,03,113309.37,19
2026Q1,019,10,2853047.54,58
2026Q1,019,18,10421.19,22
2026Q1,019,40,38640.93,5
2026Q1,019,50,11543.33,1
2026Q1,019,60,8291468.47,15
2026Q1,019,88,6940848.03,43
2026Q1,019,89,300.00,6
2026Q1,019,90,251556.36,16
2026Q1,019,91,15000.00,5
2026Q1,019,96,12526.67,2
2026Q1,019,98,-823208.98,12
2026Q1,020,01,6260345.01,43
2026Q1,020,02,37637.96,7
2026Q1,020,03,14660.48,10
2026Q1,020,10,3334810.35,59
2026Q1,020,18,26047.45,10
2026Q1,020,30,445914.07,6
2026Q1,020,40,286451.30,2
2026Q1,020,50,25354.68,4
2026Q1,020,60,892717.00,1
2026Q1,020,88,123687.80,19
2026Q1,020,89,366.94,3
2026Q1,020,90,24906.07,14
2026Q1,020,91,0.00,3
2026Q1,020,93,0.00,5
2026Q1,020,96,15960.00,16
2026Q1,020,98,-17100.26,5
2026Q1,021,01,14006966.38,43
2026Q1,021,02,7940.95,2
2026Q1,021,03,40356.25,15
2026Q1,021,10,155185044.05,59
2026Q1,021,18,62050.07,23
2026Q1,021,40,98811.53,5
2026Q1,021,50,66025549.86,15
2026Q1,021,60,1527316.98,10
2026Q1,021,80,9706210.72,1
2026Q1,021,88,78561.52,7
2026Q1,021,89,0.00,9
2026Q1,021,90,83639.04,26
2026Q1,021,91,30000.00,2
2026Q1,021,96,161084.88,10
2026Q1,021,98,-8592.93,13
2026Q1,022,01,24012786.77,46
2026Q1,022,03,206506.68,26
2026Q1,022,10,6894255.59,59
2026Q1,022,18,715132.21,30
2026Q1,022,20,1.09,1
2026Q1,022,30,2615644.86,4
2026Q1,022,40,91807.92,3
2026Q1,022,50,227464.89,5
2026Q1,022,60,12434755.22,53
2026Q1,022,88,1283728.33,30
2026Q1,022,89,61755.08,7
2026Q1,022,90,1313389.10,26
2026Q1,022,91,100000.00,6
2026Q1,022,93,10.73,1
2026Q1,022,96,109227.01,6
2026Q1,022,98,-785377.63,12
2026Q1,023,01,7377427.55,37
2026Q1,023,03,37572.51,15
2026Q1,023,10,3460764.00,53
2026Q1,023,20,74494.05,1
2026Q1,023,40,88650902.58,6
2026Q1,023,50,55553830.41,10
2026Q1,023,60,262816.27,22
2026Q1,023,80,540250.00,1
2026Q1,023,88,739305.88,17
2026Q1,023,89,25000000.00,7
2026Q1,023,90,3188.35,20
2026Q1,023,91,0.00,3
2026Q1,023,96,0.00,10
2026Q1,023,98,0.00,16
2026Q1,024,01,1307342.54,19
2026Q1,024,02,222.87,1
2026Q1,024,03,41.92,1
2026Q1,024,10,204699.18,38
2026Q1,024,30,1442000.00,1
2026Q1,024,40,16090044.00,4
2026Q1,024,50,2990.00,1
2026Q1,024,88,28482090.69,12
2026Q1,024,89,0.00,5
2026Q1,024,90,3288.05,6
2026Q1,024,91,16000.00,2
2026Q1,024,93,14041.87,3
2026Q1,024,96,14747.97,1
2026Q1,024,98,-28473532.03,6
2026Q1,025,01,2704004.66,36
2026Q1,025,02,3403.02,5
2026Q1,025,03,50436.91,13
2026Q1,025,10,1058456.31,53
2026Q1,025,40,11962715.52,41
2026Q1,025,50,90822.38,4
2026Q1,025,60,4683624.33,3
2026Q1,025,88,72435.30,10
2026Q1,025,91,27210.00,9
2026Q1,025,96,9230842.98,7
2026Q1,025,98,-2605.72,2
2026Q1,032,01,431683.61,4
2026Q1,032,10,107991.74,17
2026Q1,033,01,312022.37,14
2026Q1,033,10,135763.73,42
2026Q1,033,89,0.00,1
2026Q1,033,91,1000.00,2
2026Q1,033,98,-507.34,3
2026Q1,034,01,424683.50,7
2026Q1,034,10,53479.03,31
2026Q1,034,88,21593.41,1
2026Q1,034,91,0.00,4
2026Q1,034,98,0.00,1
2026Q1,037,01,1078061.43,8
2026Q1,037,03,1390.68,5
2026Q1,037,10,149272.42,17
2026Q1,037,91,15000.00,2
2026Q1,040,01,300746.84,6
2026Q1,040,03,3600.00,3
2026Q1,040,10,122997.37,12
2026Q1,040,18,3.33,3
2026Q1,040,91,6000.00,3
2026Q1,040,96,9000.00,2
2026Q1,040,98,-700.00,1
2026Q1,041,01,3074421.79,27
2026Q1,041,03,13907.79,6
2026Q1,041,05,13419.12,3
2026Q1,041,10,755162.09,52
2026Q1,041,18,75549.35,11
2026Q1,041,50,529099.12,4
2026Q1,041,88,18009.22,2
2026Q1,041,91,11500.00,4
2026Q1,041,96,16231.63,3
2026Q1,042,01,574483.43,9
2026Q1,042,10,82630.50,13
2026Q1,042,89,6503.50,9
2026Q1,042,91,10000.00,5
2026Q1,042,98,-7606.05,2
2026Q1,043,01,1150056.23,6
2026Q1,043,03,1479.53,3
2026Q1,043,10,323401.29,31
2026Q1,043,60,3119800.00,1
2026Q1,043,91,13000.00,4
2026Q1,043,96,60900.00,3
2026Q1,043,98,-12823.70,3
2026Q1,044,01,224746.75,10
2026Q1,044,03,3477.00,3
2026Q1,044,10,78773.58,33
2026Q1,044,91,3000.00,4
2026Q1,044,96,4182.00,1
2026Q1,044,98,-22080.44,2
2026Q1,045,01,920843.81,3
2026Q1,045,10,137682.70,17
2026Q1,045,91,6000.00,3
2026Q1,045,96,16596.00,1
2026Q1,046,01,664098.05,7
2026Q1,046,10,213813.87,34
2026Q1,046,91,800.00,3
2026Q1,046,96,11091.97,7
2026Q1,046,98,-6025.32,1
2026Q1,047,01,1565827.89,7
2026Q1,047,03,10711.31,5
2026Q1,047,10,390693.67,21
2026Q1,047,18,1100967.33,3
2026Q1,047,50,942.66,1
2026Q1,047,90,2096.30,8
2026Q1,047,91,0.00,7
2026Q1,047,93,1422.21,6
2026Q1,047,96,0.00,7
2026Q1,047,98,0.00,2
2026Q1,048,01,1395008.99,7
2026Q1,048,02,85.13,1
2026Q1,048,03,6630.37,3
2026Q1,048,10,203869.14,42
2026Q1,048,18,19142.81,6
2026Q1,048,50,29011.15,4
2026Q1,048,91,21000.00,3
2026Q1,048,96,46727.31,6
2026Q1,048,98,-6484.15,2
2026Q1,053,01,1279191.19,18
2026Q1,053,03,8210.45,8
2026Q1,053,10,4222693.33,48
2026Q1,053,18,2651.24,1
2026Q1,053,50,663719.82,5
2026Q1,053,91,0.00,2
2026Q1,053,96,0.00,2
2026Q1,053,98,0.00,1
2026Q1,055,01,12965622.05,50
2026Q1,055,02,72508.11,2
2026Q1,055,03,187714.53,3
2026Q1,055,05,1152668.53,2
2026Q1,055,10,6126911.95,60
2026Q1,055,18,252976.03,8
2026Q1,055,40,3583415920.64,61
2026Q1,055,88,13108904.25,3
2026Q1,055,89,6532.27,5
2026Q1,055,90,257671.96,61
2026Q1,055,93,4070306.92,3
2026Q1,055,95,40109.90,2
2026Q1,055,96,8239685.92,34
2026Q1,055,98,-19799919.10,19
2026Q1,056,01,8274094.63,22
2026Q1,056,05,1471657.85,2
2026Q1,056,10,7024778.17,60
2026Q1,056,40,1376313190.99,59
2026Q1,056,50,2792.08,1
2026Q1,056,60,57301.23,1
2026Q1,056,88,807083.93,15
2026Q1,056,89,0.00,13
2026Q1,056,90,12947.90,17
2026Q1,056,91,20000.00,3
2026Q1,056,93,3373337.04,10
2026Q1,056,95,120069.37,2
2026Q1,056,96,32335796.44,15
2026Q1,056,98,-41786562.13,22
2026Q1,061,01,4296642.69,54
2026Q1,061,03,228643.69,6
2026Q1,061,10,3532898.78,56
2026Q1,061,18,527872.82,25
2026Q1,061,50,809031.02,13
2026Q1,061,91,100000.00,2
2026Q1,061,93,182320.53,12
2026Q1,061,96,1128660.41,11
2026Q1,062,01,3748062.54,46
2026Q1,062,02,3692.87,5
2026Q1,062,03,45635.66,6
2026Q1,062,10,2658498.26,57
2026Q1,062,30,1000.00,1
2026Q1,062,50,377335.61,3
2026Q1,062,89,29965.99,7
2026Q1,062,90,59438.85,3
2026Q1,062,91,0.00,3
2026Q1,062,93,0.00,3
2026Q1,062,96,0.00,19
2026Q1,063,01,1174833.64,4
2026Q1,063,03,16663.07,3
2026Q1,063,10,258310.03,37
2026Q1,063,18,489.87,2
2026Q1,063,89,0.00,3
2026Q1,063,91,7700.00,6
2026Q1,063,93,3001.11,6
2026Q1,063,96,42302.15,9
2026Q1,063,98,-17858.27,5
2026Q1,071,01,633609.44,10
2026Q1,071,10,1805900.80,40
2026Q1,071,30,2050371.41,2
2026Q1,071,60,406421.03,5
2026Q1,071,88,5476.52,2
2026Q1,071,90,1492.90,3
2026Q1,071,91,40000.00,2
2026Q1,071,93,154545.93,3
2026Q1,071,96,1415245.87,17
2026Q1,071,98,-611251.99,4
2026Q1,074,01,2840569.08,28
2026Q1,074,03,614.98,2
2026Q1,074,10,265046.05,49
2026Q1,074,18,5230.96,15
2026Q1,074,30,3867.70,1
2026Q1,074,50,4037.16,1
2026Q1,074,88,1721443.82,47
2026Q1,074,89,0.00,2
2026Q1,074,96,1001022.59,2
2026Q1,074,98,-463.18,3
2026Q1,075,01,2297300.66,16
2026Q1,075,03,15373.70,5
2026Q1,075,10,1094792.67,50
2026Q1,075,40,663573.92,7
2026Q1,075,50,20000000.00,1
2026Q1,075,60,7860957.66,2
2026Q1,075,70,80093.64,1
2026Q1,075,88,30150675.57,14
2026Q1,075,91,0.00,2
2026Q1,075,96,0.00,2
2026Q1,075,98,0.00,2
2026Q1,082,01,522412.77,6
2026Q1,082,03,2152.02,3
2026Q1,082,10,242923.83,10
2026Q1,082,60,14385.91,3
2026Q1,082,91,12000.00,2
2026Q1,082,98,-637.10,4
2026Q1,083,01,137734.50,12
2026Q1,083,03,467.49,3
2026Q1,083,10,73044.22,30
2026Q1,083,89,0.00,1
2026Q1,083,91,0.00,4
2026Q1,083,96,0.00,3
2026Q1,083,98,0.00,3
2026Q1,084,01,8754720.99,24
2026Q1,084,10,1931935.82,57
2026Q1,084,18,221586.14,56
2026Q1,084,30,5327780.64,14
2026Q1,084,40,317276.50,9
2026Q1,084,50,920.33,1
2026Q1,084,60,31931174.98,4
2026Q1,084,91,18000.00,4
2026Q1,084,96,4799.74,1
2026Q1,085,01,166460.78,3
2026Q1,085,10,17511.90,11
2026Q1,085,91,0.00,4
2026Q1,119,01,187519.03,9
2026Q1,119,10,662401.86,19
2026Q1,119,18,10474.88,2
2026Q1,119,40,209724.61,2
2026Q1,119,60,2010054.74,16
2026Q1,119,70,3783.56,1
2026Q1,119,88,44659812.99,6
2026Q1,119,90,1875.87,2
2026Q1,119,91,4000.00,1
2026Q1,119,98,-44578430.00,1
2026Q1,122,18,1729592.94,8
2026Q1,122,30,26260596.03,14
2026Q1,122,40,26154717.18,16
2026Q1,122,50,956933.69,7
2026Q1,122,60,18290654.52,15
2026Q1,122,89,89860176.29,24
2026Q1,122,98,-35920604.52,14
2026Q1,124,01,198414.30,4
2026Q1,124,02,60834.77,4
2026Q1,124,10,119571.11,14
2026Q1,124,30,412715194.54,12
2026Q1,124,40,32110.00,1
2026Q1,124,50,14570.06,2
2026Q1,124,88,1771.20,1
2026Q1,124,90,669.95,1
2026Q1,129,01,412672.17,3
2026Q1,129,03,147.57,3
2026Q1,129,05,179977.04,3
2026Q1,129,10,272766.76,34
2026Q1,129,18,3626.17,6
2026Q1,129,50,58284.96,1
2026Q1,129,91,3000.00,1
2026Q1,133,01,7210393.55,26
2026Q1,133,02,5666.74,1
2026Q1,133,03,52493.94,13
2026Q1,133,10,2956723.10,46
2026Q1,133,18,122945.60,14
2026Q1,133,20,456.23,3
2026Q1,133,40,17570.08,7
2026Q1,133,50,129130.01,10
2026Q1,133,60,3313727.98,9
2026Q1,133,88,815687.87,28
2026Q1,133,90,57704.47,15
2026Q1,133,91,1000.00,1
2026Q1,133,98,-256251.46,5
2026Q1,134,01,121267.94,8
2026Q1,134,02,4891.81,5
2026Q1,134,03,37.38,1
2026Q1,134,10,56112.57,17
2026Q1,134,18,573.68,3
2026Q1,134,90,1860.29,1
2026Q1,134,98,-98.50,1
2026Q1,181,01,1925186.64,8
2026Q1,181,03,265.87,2
2026Q1,181,10,98800.20,9
2026Q1,181,91,7000.00,1
2026Q1,181,98,-27.60,1
2026Q1,422,01,111234467.81,56
2026Q1,422,02,22862074.28,56
2026Q1,422,03,1358690.96,55
2026Q1,422,05,25918205.46,56
2026Q1,422,10,69104349.68,58
2026Q1,422,18,616470.67,58
2026Q1,422,20,2032.98,9
2026Q1,422,30,6236203.93,46
2026Q1,422,40,43275712.34,56
2026Q1,422,50,30768796.23,52
2026Q1,422,60,28976668.93,45
2026Q1,422,70,2476853.56,4
2026Q1,422,80,18115.27,7
2026Q1,422,88,300488.81,30
2026Q1,422,89,653761.77,39
2026Q1,422,90,550781.73,43
2026Q1,422,98,-103403.66,45
2026Q1,519,89,5067951.57,35
2026Q1,519,98,-61048.25,1
2026Q1,522,89,1226963.00,54
2026Q1,522,98,-3478.72,8
2026Q1,579,89,17165150.66,24
2026Q1,581,89,88259306.21,54
2026Q1,582,89,48917702.56,38
2026Q1,735,01,15921.65,6
2026Q1,735,02,53626.53,16
2026Q1,735,05,1384.52,3
2026Q1,735,10,2429.56,4
2026Q1,735,18,7993600.00,1
2026Q1,735,40,398466.59,15
2026Q1,735,60,7156.14,1
2026Q1,735,90,13.59,1
2026Q1,735,91,500.00,1
2026Q1,745,18,54761120.70,3
2026Q1,745,40,17085643.01,42
2026Q1,745,89,24816929.59,1
2026Q1,745,95,105098.89,1
2026Q1,745,97,0.00,2
2026Q1,745,98,-19492484.09,4
2026Q1,801,01,19423215.67,45
2026Q1,801,02,2750.00,1
2026Q1,801,03,641568.23,6
2026Q1,801,05,29484.86,3
2026Q1,801,10,8491992.99,58
2026Q1,801,18,21.17,1
2026Q1,801,40,2645334.58,11
2026Q1,801,50,345929.74,14
2026Q1,801,60,492636.35,16
2026Q1,801,89,0.00,6
2026Q1,801,91,50000.00,1
2026Q1,801,93,27577.19,11
2026Q1,801,96,399558.95,33
2026Q1,801,98,-13970.71,14
2026Q1,802,01,7108329.74,25
2026Q1,802,02,11351.26,3
2026Q1,802,03,8383.25,13
2026Q1,802,10,1204835.87,38
2026Q1,802,18,62865.22,6
2026Q1,802,40,1130253.59,8
2026Q1,802,50,597932.31,8
2026Q1,802,98,-3644.61,1
2026Q1,803,01,2268684.07,16
2026Q1,803,03,27864.96,8
2026Q1,803,10,1010422.93,44
2026Q1,803,18,33678.38,3
2026Q1,803,40,138847.64,3
2026Q1,803,50,44589.15,5
2026Q1,803,60,53072.10,1
2026Q1,803,88,150438.05,26
2026Q1,803,90,2546.07,6
2026Q1,803,98,-2386.09,3
2026Q1,804,01,3573142.24,31
2026Q1,804,10,519764.26,43
2026Q1,804,18,319147.24,37
2026Q1,804,40,945051.83,23
2026Q1,804,50,8154.70,2
2026Q1,804,88,140000.00,6
2026Q1,804,89,10578.93,3
2026Q1,804,90,72090.04,3
2026Q1,804,98,-592.38,3
2026Q1,805,01,2933194.83,35
2026Q1,805,10,1063707.19,48
2026Q1,805,40,639698.34,3
2026Q1,805,50,91013.27,3
2026Q1,805,88,360300.50,41
2026Q1,806,01,2840503.57,21
2026Q1,806,03,54630.09,3
2026Q1,806,10,599334.62,44
2026Q1,806,18,2226.97,5
2026Q1,806,40,709954.99,13
2026Q1,806,50,56289.56,1
2026Q1,806,60,1789.50,1
2026Q1,806,90,29635.57,11
2026Q1,811,01,3675371.14,22
2026Q1,811,05,16867.52,1
2026Q1,811,10,1375125.62,47
2026Q1,811,18,13683.79,4
2026Q1,811,40,304990.00,2
2026Q1,811,50,350584.05,8
2026Q1,811,60,2224.63,1
2026Q1,811,88,286.30,1
2026Q1,811,89,0.00,1
2026Q1,811,90,3014.44,8
2026Q1,811,98,-11.00,1
2026Q1,812,01,10712582.75,34
2026Q1,812,02,1262.40,3
2026Q1,812,03,82731.27,7
2026Q1,812,10,5739471.44,56
2026Q1,812,18,544516.16,34
2026Q1,812,40,972167.11,25
2026Q1,812,50,67473.49,3
2026Q1,812,60,52316.60,2
2026Q1,812,88,822540.92,33
2026Q1,812,89,400.00,1
2026Q1,812,90,2127.40,6
2026Q1,812,91,92453.00,6
2026Q1,812,93,5826.81,3
2026Q1,812,96,109461.29,21
2026Q1,812,98,-1483.34,2
2026Q1,814,01,2414838.47,12
2026Q1,814,03,1033.73,3
2026Q1,814,10,1853650.04,43
2026Q1,814,18,86.11,2
2026Q1,814,40,551223.17,7
2026Q1,814,90,5143.21,22
2026Q1,815,01,1180323.35,18
2026Q1,815,10,200207.13,49
2026Q1,815,18,53684.65,6
2026Q1,815,40,278928.82,5
2026Q1,815,50,22550.40,1
2026Q1,815,88,397894.48,37
2026Q1,815,89,18053.64,12
2026Q1,815,90,16841.31,20
2026Q1,815,98,-153.38,1
2026Q1,816,01,3107822.27,19
2026Q1,816,03,12764.00,3
2026Q1,816,10,835072.89,41
2026Q1,816,18,177950.41,5
2026Q1,816,40,367442.15,8
2026Q1,816,50,25701.01,4
2026Q1,816,88,198924.10,32
2026Q1,816,89,0.00,2
2026Q1,816,90,7085.64,7
2026Q1,816,91,15720.00,4
2026Q1,816,93,1624.55,6
2026Q1,816,96,12728.79,9
2026Q1,816,98,-8821.38,2
2026Q1,817,01,1107409.20,12
2026Q1,817,02,678.12,1
2026Q1,817,10,731849.56,34
2026Q1,817,40,73641.81,3
2026Q1,817,60,329.79,1
2026Q1,817,88,52875.07,16
2026Q1,817,89,0.00,1
2026Q1,817,91,4000.00,3
2026Q1,817,98,-39887.42,1
2026Q1,818,01,1892076.47,10
2026Q1,818,03,19189.17,5
2026Q1,818,10,1464231.27,41
2026Q1,818,18,188204.91,4
2026Q1,818,50,139452.51,3
2026Q1,818,88,264471.14,27
2026Q1,818,91,3336.00,2
2026Q1,818,96,5131.75,3
2026Q1,819,01,1768404.95,23
2026Q1,819,03,15238.49,6
2026Q1,819,10,727206.67,34
2026Q1,819,40,199018.24,4
2026Q1,819,50,402162.58,7
2026Q1,819,90,72743.00,23
2026Q1,819,91,9000.00,5
2026Q1,819,93,2649.43,2
2026Q1,819,95,2238.58,1
2026Q1,819,96,22036.66,10
2026Q1,821,01,1309486.57,26
2026Q1,821,10,1521035.79,42
2026Q1,821,18,15.34,1
2026Q1,821,20,1.19,1
2026Q1,821,40,109499.31,7
2026Q1,821,60,25000.00,5
2026Q1,821,90,8242.15,7
2026Q1,822,01,1347992.80,14
2026Q1,822,03,10012.79,3
2026Q1,822,10,304148.22,32
2026Q1,822,18,126052.84,10
2026Q1,822,40,158685.08,7
2026Q1,822,50,84.35,2
2026Q1,822,60,175000.34,10
2026Q1,822,88,294.76,1
2026Q1,822,89,4693.79,1
2026Q1,823,01,3465570.13,42
2026Q1,823,02,799.15,1
2026Q1,823,03,30064.39,6
2026Q1,823,10,1973492.75,54
2026Q1,823,18,45360.62,19
2026Q1,823,40,680797.00,6
2026Q1,823,50,1049525.23,9
2026Q1,823,60,102203.01,2
2026Q1,823,89,172898.22,4
2026Q1,823,90,44321.07,17
2026Q1,823,98,0.00,4
2026Q1,831,01,9308270.66,34
2026Q1,831,03,27229.82,7
2026Q1,831,10,4093584.33,55
2026Q1,831,18,68950.52,7
2026Q1,831,40,757552.16,17
2026Q1,831,50,934101.38,20
2026Q1,831,60,10619.52,3
2026Q1,831,89,0.00,1
2026Q1,831,90,10490.79,12
2026Q1,831,93,63929.92,3
2026Q1,831,96,151940.28,27
2026Q1,831,98,-5778.34,4
2026Q1,832,01,11200000.00,7
2026Q1,832,03,147279.82,3
2026Q1,832,10,3038891.59,47
2026Q1,832,18,37874.17,2
2026Q1,832,50,2339882.08,22
2026Q1,832,60,286070.41,1
2026Q1,832,89,378732.21,17
2026Q1,832,90,4987.42,4
2026Q1,832,98,-2739880.76,2
2026Q1,833,01,8642235.77,32
2026Q1,833,02,26220.76,1
2026Q1,833,03,70477.81,5
2026Q1,833,10,1830984.12,48
2026Q1,833,18,176381.34,17
2026Q1,833,40,877916.93,13
2026Q1,833,50,781586.22,14
2026Q1,833,89,44545.56,17
2026Q1,833,90,58743.27,14
2026Q1,833,98,-25.00,1
2026Q1,835,01,2883225.94,27
2026Q1,835,03,65406.66,3
2026Q1,835,10,1330590.19,52
2026Q1,835,40,203691.40,8
2026Q1,835,50,2088288.13,22
2026Q1,835,60,119531.65,2
2026Q1,835,89,138534.59,2
2026Q1,835,98,-2607.59,1
2026Q1,841,01,5565655.23,22
2026Q1,841,02,14527.96,1
2026Q1,841,03,38210.86,7
2026Q1,841,05,213360.58,1
2026Q1,841,10,2662459.14,57
2026Q1,841,18,153303.86,16
2026Q1,841,40,894966.71,20
2026Q1,841,50,1180862.96,4
2026Q1,841,60,51279.66,2
2026Q1,841,89,45909.85,3
2026Q1,841,90,49.72,1
2026Q1,841,93,11673.76,11
2026Q1,841,96,282760.25,19
2026Q1,841,98,-183779.84,4
2026Q1,842,01,1258786.88,12
2026Q1,842,03,3768.27,2
2026Q1,842,10,580029.63,42
2026Q1,842,18,96589.09,13
2026Q1,842,40,332776.79,7
2026Q1,842,50,49209.90,6
2026Q1,842,60,2945.04,1
2026Q1,842,88,271874.49,34
2026Q1,842,89,0.00,1
2026Q1,842,90,31226.08,21
2026Q1,842,98,-1710.00,1
2026Q1,843,01,1033620.76,15
2026Q1,843,02,25749.68,1
2026Q1,843,03,5327.42,3
2026Q1,843,10,311977.99,32
2026Q1,843,18,58343.54,5
2026Q1,843,40,341659.52,6
2026Q1,843,50,800.06,1
2026Q1,843,90,11541.00,9
2026Q1,851,01,1209546.56,7
2026Q1,851,10,210010.42,19
2026Q1,851,40,94236.31,3
2026Q1,851,50,543248.96,5
2026Q1,851,89,35563.60,1
2026Q1,851,90,8140.13,6
2026Q1,851,91,4888.00,1
2026Q1,852,01,889547.02,15
2026Q1,852,10,718485.19,48
2026Q1,852,18,60013.94,12
2026Q1,852,40,94895.25,8
2026Q1,852,50,42273.61,1
2026Q1,852,80,29095.27,2
2026Q1,852,89,50001.91,2
2026Q1,852,90,1652.14,5
2026Q1,852,91,30000.00,2
2026Q1,852,93,144.54,1
2026Q1,852,96,6867.48,12
2026Q1,852,98,-35.80,2
2026Q1,853,01,1147210.30,17
2026Q1,853,02,61441.60,17
2026Q1,853,10,368765.07,42
2026Q1,853,20,108.31,1
2026Q1,853,40,204716.80,8
2026Q1,853,50,366435.67,5
2026Q1,853,89,0.00,1
2026Q1,853,98,-519.18,2
2026Q1,854,01,23355.05,11
2026Q1,854,10,1149556.22,31
2026Q1,854,18,16236.05,5
2026Q1,854,90,4129.58,4
2026Q1,859,01,2558479.12,20
2026Q1,859,02,15360.18,1
2026Q1,859,03,22767.48,3
2026Q1,859,05,10.23,1
2026Q1,859,10,1622387.65,45
2026Q1,859,40,226783.89,11
2026Q1,859,50,443003.59,5
2026Q1,859,90,1853.61,5
2026Q1,859,91,60864.70,9
2026Q1,859,93,441.59,3
2026Q1,859,96,46082.72,10
2026Q1,867,01,318300.85,8
2026Q1,867,18,242175.78,32
2026Q1,867,89,0.00,1
2026Q1,867,98,-3616.22,1
2026Q1,868,01,745992.68,7
2026Q1,868,02,24832.84,1
2026Q1,868,10,250049.71,17
2026Q1,868,18,151118.91,5
2026Q1,868,40,75239.67,4
2026Q1,868,88,39993.00,5
2026Q1,868,91,1000.00,1
2026Q1,868,98,-984.00,1
2026Q1,871,01,1043937.02,8
2026Q1,871,03,11234.42,3
2026Q1,871,10,246690.88,30
2026Q1,871,40,440000.00,7
2026Q1,871,50,993.95,1
2026Q1,871,89,0.00,1
2026Q1,871,90,192016.76,5
2026Q1,871,93,230.38,9
2026Q1,871,96,2263.30,22
2026Q1,871,98,-597.28,2
2026Q1,872,01,400337.25,6
2026Q1,872,10,268104.60,23
2026Q1,872,18,1144.93,3
2026Q1,872,40,132360.76,5
2026Q1,872,50,13272.00,1
2026Q1,872,88,4272.38,1
2026Q1,872,89,25965.22,1
2026Q1,872,96,3324.00,2
2026Q1,881,01,1691136.82,17
2026Q1,881,03,33726.42,3
2026Q1,881,05,2680.93,1
2026Q1,881,10,354478.40,22
2026Q1,881,18,1540.38,5
2026Q1,881,40,17789.87,7
2026Q1,881,60,218.95,1
2026Q1,881,89,1550.17,1
2026Q1,881,90,40369.45,17
2026Q1,881,91,2906.90,1
2026Q1,881,93,516.39,2
2026Q1,881,96,1080.00,3
2026Q1,881,98,-67.74,1
2026Q1,882,01,3218346.64,21
2026Q1,882,03,87201.36,9
2026Q1,882,10,935976.44,29
2026Q1,882,18,4642.67,12
2026Q1,882,40,974063.83,7
2026Q1,882,50,1349.83,2
2026Q1,882,88,13221.34,2
2026Q1,882,90,96386.99,25
2026Q1,883,01,1876.35,3
2026Q1,883,03,34197.93,6
2026Q1,883,10,4530415.70,49
2026Q1,883,50,152668.02,9
2026Q1,883,88,183783.33,25
2026Q1,883,89,397.19,1
2026Q1,883,90,41075.00,3
2026Q1,884,01,1152011.72,13
2026Q1,884,02,5629.60,1
2026Q1,884,03,973.59,3
2026Q1,884,10,325036.18,22
2026Q1,884,18,88868.25,1
2026Q1,884,40,330943.67,4
2026Q1,884,50,526732.89,1
2026Q1,884,90,26691.66,4
2026Q1,890,01,22291628.94,53
2026Q1,890,02,181311.22,25
2026Q1,890,03,159512.78,33
2026Q1,890,05,8572.77,2
2026Q1,890,10,8157655.91,58
2026Q1,890,18,791157.15,44
2026Q1,890,40,504110.58,37
2026Q1,890,50,959519.58,38
2026Q1,890,60,2348817.18,48
2026Q1,890,88,535524.79,36
2026Q1,890,89,155252.98,33
2026Q1,890,90,265439.25,42
2026Q1,890,91,3000.00,1
2026Q1,890,96,17632.68,4
2026Q1,890,98,-75140.29,17
2026Q1,983,01,1722457.31,19
2026Q1,983,02,104479.75,10
2026Q1,983,05,262300.32,12
2026Q1,983,10,5531277.65,33
2026Q1,983,18,12553068.71,5
2026Q1,983,30,13374734.14,56
2026Q1,983,40,3534625.74,16
2026Q1,983,50,92133616.48,48
2026Q1,983,60,223822560.56,60
2026Q1,983,88,9928486.97,5
2026Q1,983,89,86982106.16,28
2026Q1,983,98,-1220298.69,26
2026Q1,986,89,3801849.25,18
2026Q1,986,96,157.00,1
2026Q1,986,98,-448195.10,2
2026Q1,987,01,4478490.71,27
2026Q1,987,02,229840.12,14
2026Q1,987,03,76.62,3
2026Q1,987,05,433760.82,9
2026Q1,987,10,1214229.49,49
2026Q1,987,30,21006510.48,47
2026Q1,987,40,521481.65,5
2026Q1,987,50,53669227.44,32
2026Q1,987,60,331479950.05,57
2026Q1,987,70,341141.72,1
2026Q1,987,88,7806138.07,8
2026Q1,987,89,816083.49,9
2026Q1,987,98,-315136.17,9
2026Q1,989,60,96270.86,1
2026Q2,001,01,7480103.97,25
2026Q2,001,03,256.92,3
2026Q2,001,10,2420647.98,57
2026Q2,001,18,55261.27,24
2026Q2,001,50,22603.29,5
2026Q2,001,90,169108.62,47
2026Q2,001,91,825000.00,4
2026Q2,001,96,39337.91,3
2026Q2,001,98,-300856.72,3
2026Q2,002,01,908391.76,10
2026Q2,002,02,70.77,3
2026Q2,002,03,2654.54,4
2026Q2,002,10,228210.36,20
2026Q2,002,91,20000.00,2
2026Q2,003,01,11621760.90,54
2026Q2,003,10,4033124.93,57
2026Q2,003,18,1626999.40,50
2026Q2,003,40,9949468.80,8
2026Q2,003,50,757691.23,14
2026Q2,003,60,39222.60,34
2026Q2,003,88,2223768.04,37
2026Q2,003,89,0.00,4
2026Q2,003,90,278391.76,50
2026Q2,003,93,0.00,2
2026Q2,003,96,0.00,10
2026Q2,003,98,0.00,11
2026Q2,004,01,777876.82,7
2026Q2,004,03,2838.51,4
2026Q2,004,10,125354.55,22
2026Q2,004,18,5541.61,1
2026Q2,004,91,50000.00,2
2026Q2,004,96,1800.00,2
2026Q2,004,98,-2053.11,2
2026Q2,005,01,2974091.68,12
2026Q2,005,10,486148.46,46
2026Q2,005,18,65907.45,2
2026Q2,005,91,2500.00,2
2026Q2,005,98,-30.67,1
2026Q2,006,01,104933587.33,44
2026Q2,006,03,1557804.23,40
2026Q2,006,10,12625882.86,60
2026Q2,006,18,6139030.53,57
2026Q2,006,50,1195666.96,26
2026Q2,006,88,9618.25,10
2026Q2,006,89,0.00,1
2026Q2,006,90,919523.85,57
2026Q2,006,98,-1374703.72,16
2026Q2,010,01,55392314.77,43
2026Q2,010,02,-124.70,2
2026Q2,010,03,473510.27,31
2026Q2,010,10,15570889.76,60
2026Q2,010,18,136470.02,24
2026Q2,010,40,87173.75,1
2026Q2,010,50,68893.28,3
2026Q2,010,60,4468690.00,2
2026Q2,010,88,536421.14,52
2026Q2,010,89,0.00,7
2026Q2,010,90,95918.99,29
2026Q2,010,91,0.00,1
2026Q2,010,93,0.00,2
2026Q2,010,96,0.00,6
2026Q2,010,98,0.00,8
2026Q2,011,01,5498113.36,32
2026Q2,011,03,144940.46,3
2026Q2,011,10,10404944.16,56
2026Q2,011,18,17721619.16,19
2026Q2,011,60,-42305.44,2
2026Q2,011,88,1925215.09,3
2026Q2,011,89,77219.40,3
2026Q2,011,91,600000.00,1
2026Q2,011,93,0.00,11
2026Q2,011,96,0.00,21
2026Q2,011,98,-19.35,3
2026Q2,012,01,188139380.57,35
2026Q2,012,03,5167134.10,11
2026Q2,012,10,47113888.17,60
2026Q2,012,18,9336592.04,54
2026Q2,012,30,767166.66,5
2026Q2,012,40,321312.62,16
2026Q2,012,50,47007430.04,31
2026Q2,012,60,6158067.00,3
2026Q2,012,88,166369.59,24
2026Q2,012,90,9967106.63,35
2026Q2,012,91,0.00,2
2026Q2,012,93,0.00,6
2026Q2,012,96,0.00,17
2026Q2,012,98,-6077969.57,11
2026Q2,013,01,310511065.73,45
2026Q2,013,03,7429755.28,13
2026Q2,013,10,41246241.08,60
2026Q2,013,18,132643.40,3
2026Q2,013,40,1261960.03,11
2026Q2,013,50,24236834.02,41
2026Q2,013,60,45790147.25,57
2026Q2,013,88,12094261.73,58
2026Q2,013,89,83913.61,54
2026Q2,013,90,7888244.36,59
2026Q2,013,91,0.00,3
2026Q2,013,93,0.00,4
2026Q2,013,96,0.00,16
2026Q2,013,98,-21449978.00,31
2026Q2,014,01,39504945.77,43
2026Q2,014,03,702765.77,14
2026Q2,014,10,14926910.55,58
2026Q2,014,18,35284.82,12
2026Q2,014,50,156264.52,7
2026Q2,014,88,14479.22,10
2026Q2,014,89,0.00,10
2026Q2,014,90,123323.01,34
2026Q2,014,91,7300.00,3
2026Q2,014,96,111584.44,14
2026Q2,014,98,-507957.19,17
2026Q2,015,01,35358138.71,52
2026Q2,015,02,13944.05,8
2026Q2,015,03,333109.74,31
2026Q2,015,10,6996845.26,60
2026Q2,015,18,23958.45,9
2026Q2,015,30,38165642.97,53
2026Q2,015,40,265209362.36,56
2026Q2,015,50,547601.42,6
2026Q2,015,60,257822021.29,56
2026Q2,015,89,0.00,8
2026Q2,015,90,169.04,5
2026Q2,015,91,6000.00,1
2026Q2,015,96,115374.96,12
2026Q2,015,98,-32089368.37,19
2026Q2,016,01,52517541.23,54
2026Q2,016,02,213433.87,27
2026Q2,016,03,917886.42,30
2026Q2,016,10,21852507.80,60
2026Q2,016,18,696525.53,21
2026Q2,016,20,2538.75,6
2026Q2,016,30,42166760.83,17
2026Q2,016,40,13399.12,6
2026Q2,016,50,1461605.47,9
2026Q2,016,60,27189752.23,24
2026Q2,016,88,4725911.82,25
2026Q2,016,89,0.00,4
2026Q2,016,90,3829228.76,27
2026Q2,016,96,206918.01,9
2026Q2,016,98,-5182405.02,10
2026Q2,017,01,58625784.17,55
2026Q2,017,03,1551927.52,55
2026Q2,017,10,16483049.02,60
2026Q2,017,40,5201409.06,55
2026Q2,017,50,4906344.65,33
2026Q2,017,60,137381736.40,43
2026Q2,017,88,28319433.67,56
2026Q2,017,89,0.00,17
2026Q2,017,91,137094.04,12
2026Q2,017,93,89170.04,6
2026Q2,017,96,2772687.05,29
2026Q2,017,98,-1736249.86,49
2026Q2,018,01,28293410.82,57
2026Q2,018,02,36570.94,3
2026Q2,018,03,300288.48,47
2026Q2,018,05,38.35,1
2026Q2,018,10,9314264.86,59
2026Q2,018,18,3593392.21,56
2026Q2,018,20,10.59,2
2026Q2,018,30,6449889.00,18
2026Q2,018,40,401910.15,35
2026Q2,018,50,834903.78,27
2026Q2,018,60,380817.60,15
2026Q2,018,88,104695.11,18
2026Q2,018,89,1990972.20,32
2026Q2,018,90,485492.85,41
2026Q2,018,91,20000.00,2
2026Q2,018,93,-4911.74,4
2026Q2,018,96,38437.71,11
2026Q2,018,98,-1377043.51,29
2026Q2,019,01,8632011.72,45
2026Q2,019,02,1801.39,9
2026Q2,019,03,94144.98,17
2026Q2,019,10,2965400.11,57
2026Q2,019,18,129954.67,45
2026Q2,019,40,17049.91,5
2026Q2,019,50,465379.35,11
2026Q2,019,60,8463997.92,17
2026Q2,019,88,3623560.81,45
2026Q2,019,89,308.61,3
2026Q2,019,90,208775.65,18
2026Q2,019,91,15000.00,4
2026Q2,019,93,49780.60,10
2026Q2,019,96,605595.63,9
2026Q2,019,98,-1014063.27,12
2026Q2,020,01,6759302.08,47
2026Q2,020,02,-1085.10,2
2026Q2,020,03,23859.28,13
2026Q2,020,10,2750981.07,59
2026Q2,020,18,60607.35,16
2026Q2,020,20,9.75,5
2026Q2,020,30,1352764.00,6
2026Q2,020,50,5619.12,2
2026Q2,020,60,1117379.00,3
2026Q2,020,88,141100.87,25
2026Q2,020,89,63.91,2
2026Q2,020,90,-14928.48,23
2026Q2,020,91,0.00,3
2026Q2,020,93,0.00,2
2026Q2,020,96,0.00,20
2026Q2,020,98,-47862.83,12
2026Q2,021,01,14450702.27,45
2026Q2,021,02,734.40,1
2026Q2,021,03,43626.52,15
2026Q2,021,10,136058923.95,60
2026Q2,021,18,8941.17,17
2026Q2,021,40,174277.59,7
2026Q2,021,50,24724343.03,13
2026Q2,021,60,4226634.66,17
2026Q2,021,88,19048.49,3
2026Q2,021,89,0.00,4
2026Q2,021,90,1039562.60,26
2026Q2,021,91,25000.00,1
2026Q2,021,96,4938126.67,12
2026Q2,021,98,-1648983.56,12
2026Q2,022,01,25744050.01,46
2026Q2,022,03,213979.23,19
2026Q2,022,10,7603546.89,60
2026Q2,022,18,1221998.13,48
2026Q2,022,30,10341861.76,7
2026Q2,022,40,97696.88,5
2026Q2,022,50,24084.42,4
2026Q2,022,60,13432973.38,50
2026Q2,022,88,776269.61,27
2026Q2,022,89,74845.70,11
2026Q2,022,90,939154.25,31
2026Q2,022,91,80000.00,8
2026Q2,022,96,233062.59,15
2026Q2,022,98,-5740397.11,21
2026Q2,023,01,7424473.52,31
2026Q2,023,03,38863.72,15
2026Q2,023,10,3458819.99,55
2026Q2,023,20,174496.61,1
2026Q2,023,40,108704096.43,7
2026Q2,023,50,70030876.45,10
2026Q2,023,60,2003026.34,24
2026Q2,023,80,1306451.61,1
2026Q2,023,88,306453.76,21
2026Q2,023,89,0.00,3
2026Q2,023,90,146392.32,19
2026Q2,023,91,0.00,6
2026Q2,023,96,0.00,18
2026Q2,023,98,0.00,14
2026Q2,024,01,1356818.59,21
2026Q2,024,10,463865.66,37
2026Q2,024,40,8690000.00,3
2026Q2,024,88,1995304.23,13
2026Q2,024,89,0.00,2
2026Q2,024,90,15799.70,7
2026Q2,024,93,1997.94,4
2026Q2,024,96,1794917.50,7
2026Q2,024,98,-1973354.91,5
2026Q2,025,01,2799401.09,33
2026Q2,025,02,1438.37,2
2026Q2,025,03,39092.31,11
2026Q2,025,10,1460672.58,50
2026Q2,025,40,16593671.06,41
2026Q2,025,50,1552014.76,7
2026Q2,025,60,460000.00,1
2026Q2,025,88,25390.19,4
2026Q2,025,89,0.00,2
2026Q2,025,91,31000.00,6
2026Q2,025,93,2122.31,2
2026Q2,025,96,5814068.14,6
2026Q2,025,98,-3000.42,7
2026Q2,032,01,449161.17,3
2026Q2,032,10,214154.28,14
2026Q2,032,89,0.00,2
2026Q2,032,98,-75320.07,4
2026Q2,033,01,340844.89,11
2026Q2,033,10,156321.53,32
2026Q2,033,96,12.37,1
2026Q2,034,01,480869.39,8
2026Q2,034,10,94507.98,32
2026Q2,034,91,0.00,2
2026Q2,034,93,0.00,3
2026Q2,034,98,0.00,1
2026Q2,037,01,1004955.36,7
2026Q2,037,03,1271.75,3
2026Q2,037,10,227268.27,26
2026Q2,037,18,12856.98,4
2026Q2,037,89,0.00,1
2026Q2,037,98,-2283.64,1
2026Q2,038,10,5830.09,1
2026Q2,038,90,377.68,1
2026Q2,040,01,297797.87,6
2026Q2,040,03,3600.00,3
2026Q2,040,10,125127.32,12
2026Q2,040,18,3.33,3
2026Q2,040,91,9000.00,4
2026Q2,041,01,3511783.49,30
2026Q2,041,03,14977.48,8
2026Q2,041,05,17620.84,3
2026Q2,041,10,580270.73,56
2026Q2,041,18,11935.62,5
2026Q2,041,50,814594.55,4
2026Q2,041,88,-18034.78,3
2026Q2,041,91,13500.00,5
2026Q2,041,96,26800.00,2
2026Q2,042,01,634623.07,10
2026Q2,042,10,76088.05,17
2026Q2,042,89,7797.97,11
2026Q2,042,91,4500.00,3
2026Q2,042,96,21159.65,2
2026Q2,042,98,-5013.05,1
2026Q2,043,01,1288628.29,6
2026Q2,043,03,2153.86,3
2026Q2,043,10,390396.53,32
2026Q2,043,50,1561574.73,3
2026Q2,043,60,3119800.00,2
2026Q2,043,90,11826.95,3
2026Q2,043,91,14000.00,3
2026Q2,043,96,12000.00,1
2026Q2,043,98,-28243.59,2
2026Q2,044,01,277389.32,6
2026Q2,044,03,3420.00,3
2026Q2,044,10,129924.93,33
2026Q2,044,50,994.00,1
2026Q2,044,91,3000.00,2
2026Q2,044,98,-22693.08,2
2026Q2,045,01,1088582.13,3
2026Q2,045,10,137375.99,16
2026Q2,045,91,6000.00,3
2026Q2,045,96,8417.06,1
2026Q2,046,01,669962.59,4
2026Q2,046,10,215590.01,32
2026Q2,046,50,3043.10,1
2026Q2,046,91,500.00,1
2026Q2,046,96,11860.00,3
2026Q2,046,98,-17202.45,2
2026Q2,047,01,1922270.57,7
2026Q2,047,03,16193.03,6
2026Q2,047,10,449157.70,24
2026Q2,047,90,9695.36,9
2026Q2,047,91,2000.00,5
2026Q2,047,93,0.00,2
2026Q2,048,01,1375945.21,7
2026Q2,048,03,7461.07,3
2026Q2,048,10,170084.22,37
2026Q2,048,18,240.78,6
2026Q2,048,50,1843.50,1
2026Q2,048,91,10000.00,2
2026Q2,048,96,29336.69,5
2026Q2,048,98,-6952.02,3
2026Q2,053,01,1454943.11,19
2026Q2,053,03,9344.00,7
2026Q2,053,10,36142958.74,48
2026Q2,053,50,435054.70,4
2026Q2,053,91,0.00,2
2026Q2,053,96,0.00,2
2026Q2,055,01,12807170.77,50
2026Q2,055,02,108374.34,3
2026Q2,055,03,223152.92,4
2026Q2,055,05,1697899.15,3
2026Q2,055,10,5747775.92,60
2026Q2,055,18,2868361.27,15
2026Q2,055,40,3915962188.14,60
2026Q2,055,88,18140119.15,3
2026Q2,055,89,744777.25,26
2026Q2,055,90,226823.38,60
2026Q2,055,93,4234627.44,2
2026Q2,055,95,13442.66,2
2026Q2,055,96,12415702.97,33
2026Q2,055,98,-48013958.92,25
2026Q2,056,01,8139873.54,19
2026Q2,056,05,2209610.34,3
2026Q2,056,10,3465377.73,58
2026Q2,056,40,1127686413.07,58
2026Q2,056,50,204194.98,1
2026Q2,056,80,458.12,1
2026Q2,056,88,845047.48,15
2026Q2,056,89,2336.70,7
2026Q2,056,90,11786.91,15
2026Q2,056,91,20000.00,2
2026Q2,056,93,393879.90,6
2026Q2,056,95,6099.27,1
2026Q2,056,96,6288542.77,18
2026Q2,056,98,-129558541.42,19
2026Q2,061,01,4949445.77,56
2026Q2,061,03,18952.05,6
2026Q2,061,10,4895441.02,60
2026Q2,061,18,351143.23,23
2026Q2,061,50,845915.16,9
2026Q2,061,89,0.00,3
2026Q2,061,91,100000.00,3
2026Q2,061,93,213551.56,13
2026Q2,061,96,119981.95,10
2026Q2,061,98,-1445.25,4
2026Q2,062,01,4499211.66,53
2026Q2,062,02,9990.69,7
2026Q2,062,03,48730.51,4
2026Q2,062,10,3504656.29,59
2026Q2,062,18,6660.94,6
2026Q2,062,30,2000.00,1
2026Q2,062,50,261171.88,3
2026Q2,062,60,18813.50,1
2026Q2,062,89,25141.79,6
2026Q2,062,90,93597.79,5
2026Q2,062,91,0.00,1
2026Q2,062,93,-925.00,4
2026Q2,062,96,0.00,13
2026Q2,062,98,-2000.00,2
2026Q2,063,01,1216839.40,5
2026Q2,063,03,11214.50,3
2026Q2,063,10,425670.88,38
2026Q2,063,89,0.00,1
2026Q2,063,91,6000.00,5
2026Q2,063,93,5006.97,11
2026Q2,063,96,69848.16,16
2026Q2,063,98,-265818.00,4
2026Q2,071,01,576121.42,15
2026Q2,071,10,2590274.70,33
2026Q2,071,30,2271736.32,5
2026Q2,071,50,4700.00,1
2026Q2,071,60,673105.46,5
2026Q2,071,88,9317.71,4
2026Q2,071,90,1927.57,2
2026Q2,071,91,10000.00,1
2026Q2,071,93,3030.00,1
2026Q2,071,96,245684.31,15
2026Q2,071,98,-1149601.70,3
2026Q2,074,01,3595789.07,22
2026Q2,074,03,922.47,3
2026Q2,074,10,276098.55,50
2026Q2,074,18,6407.43,7
2026Q2,074,40,192316.16,1
2026Q2,074,60,376673.68,2
2026Q2,074,88,836595.45,47
2026Q2,074,96,14230.00,4
2026Q2,075,01,2517455.60,15
2026Q2,075,03,14435.15,4
2026Q2,075,10,3236458.50,47
2026Q2,075,60,425686.06,4
2026Q2,075,88,7205.20,2
2026Q2,075,96,0.00,1
2026Q2,075,98,0.00,2
2026Q2,082,01,1337295.97,14
2026Q2,082,03,2152.02,3
2026Q2,082,10,10707732.52,14
2026Q2,082,18,42546.40,1
2026Q2,082,91,22000.00,2
2026Q2,083,01,232888.25,14
2026Q2,083,03,467.49,3
2026Q2,083,10,45213.19,35
2026Q2,083,91,2925.00,3
2026Q2,083,98,0.00,1
2026Q2,084,01,8465668.87,20
2026Q2,084,10,2322806.65,58
2026Q2,084,18,2981892.37,58
2026Q2,084,20,10701.08,3
2026Q2,084,30,32243815.48,35
2026Q2,084,40,5744057.12,22
2026Q2,084,50,659182.17,11
2026Q2,084,60,26694578.00,12
2026Q2,084,89,0.00,3
2026Q2,084,91,14000.00,4
2026Q2,084,96,9262.83,3
2026Q2,084,98,-172112.12,6
2026Q2,085,01,155348.48,3
2026Q2,085,10,27913.97,15
2026Q2,085,89,0.00,1
2026Q2,085,91,0.00,6
2026Q2,085,98,0.00,2
2026Q2,119,01,402818.71,7
2026Q2,119,10,286609.53,28
2026Q2,119,18,13311.63,1
2026Q2,119,30,21359.22,1
2026Q2,119,40,60369.46,3
2026Q2,119,50,14050.30,1
2026Q2,119,60,3983962.05,13
2026Q2,119,88,203291882.71,10
2026Q2,119,90,8091.43,5
2026Q2,119,91,3000.00,1
2026Q2,119,98,-203109628.00,4
2026Q2,122,18,11426174.59,6
2026Q2,122,30,42062686.17,26
2026Q2,122,40,10106241.95,17
2026Q2,122,50,11490387.11,5
2026Q2,122,60,38060650.03,15
2026Q2,122,89,356934240.37,32
2026Q2,122,98,-22457032.59,26
2026Q2,124,01,196735.26,5
2026Q2,124,02,60730.37,3
2026Q2,124,03,23830.86,1
2026Q2,124,10,75131.13,14
2026Q2,124,30,339906639.23,12
2026Q2,124,90,2674.08,2
2026Q2,129,01,509535.74,3
2026Q2,129,03,1033.18,3
2026Q2,129,05,206929.31,3
2026Q2,129,10,262542.23,29
2026Q2,129,18,2622.91,5
2026Q2,129,50,54943.88,2
2026Q2,129,91,3000.00,1
2026Q2,133,01,7574029.56,28
2026Q2,133,02,13678.88,4
2026Q2,133,03,52589.88,11
2026Q2,133,10,3194034.88,48
2026Q2,133,18,163029.96,16
2026Q2,133,20,522.31,5
2026Q2,133,40,19594.83,7
2026Q2,133,50,293700.84,15
2026Q2,133,60,3566613.59,5
2026Q2,133,88,748366.56,39
2026Q2,133,89,1243.67,3
2026Q2,133,90,126336.52,16
2026Q2,133,96,3696.00,1
2026Q2,133,98,-532605.33,14
2026Q2,134,01,151807.49,8
2026Q2,134,02,2468.34,5
2026Q2,134,03,471.76,3
2026Q2,134,10,71778.99,17
2026Q2,134,18,1282.61,3
2026Q2,134,90,1641.65,1
2026Q2,422,01,123953769.41,60
2026Q2,422,02,26655646.08,60
2026Q2,422,03,1695872.89,58
2026Q2,422,05,29116436.63,60
2026Q2,422,10,86494766.96,60
2026Q2,422,18,2175497.43,59
2026Q2,422,20,1143.05,11
2026Q2,422,30,7805951.72,48
2026Q2,422,40,65501646.15,60
2026Q2,422,50,49752726.33,59
2026Q2,422,60,39922239.92,46
2026Q2,422,70,18777640.70,3
2026Q2,422,80,18153.18,9
2026Q2,422,88,1709107.14,27
2026Q2,422,89,408018.21,42
2026Q2,422,90,1832995.78,47
2026Q2,422,98,-2022141.50,55
2026Q2,519,88,161980.16,1
2026Q2,519,89,6976829.39,30
2026Q2,522,89,1552519.93,57
2026Q2,522,98,-3017.30,9
2026Q2,579,10,17637.95,1
2026Q2,579,60,185860.72,1
2026Q2,579,89,9160331.07,14
2026Q2,581,89,160673844.12,54
2026Q2,582,89,39933741.52,32
2026Q2,735,01,20712.88,7
2026Q2,735,02,33049.45,17
2026Q2,735,05,1444.68,3
2026Q2,735,10,429.52,4
2026Q2,735,40,303626.94,17
2026Q2,735,90,7.50,2
2026Q2,745,40,16922810.20,31
2026Q2,801,01,18541860.65,50
2026Q2,801,03,1839187.41,7
2026Q2,801,05,6350.00,2
2026Q2,801,10,8645808.17,58
2026Q2,801,40,3029050.74,10
2026Q2,801,50,1983753.26,19
2026Q2,801,60,585091.93,18
2026Q2,801,89,0.00,2
2026Q2,801,91,150000.00,2
2026Q2,801,93,50450.54,12
2026Q2,801,96,473266.53,48
2026Q2,801,98,-16653.18,10
2026Q2,802,01,8634903.18,24
2026Q2,802,02,29009.71,3
2026Q2,802,03,6966.46,9
2026Q2,802,10,959676.43,40
2026Q2,802,18,284259.80,8
2026Q2,802,40,1155372.38,7
2026Q2,802,50,1483801.75,17
2026Q2,802,89,0.00,1
2026Q2,802,98,-12166.14,2
2026Q2,803,01,2461249.11,17
2026Q2,803,03,25420.69,6
2026Q2,803,10,704055.20,39
2026Q2,803,18,54272.33,4
2026Q2,803,40,142682.13,6
2026Q2,803,88,861152.45,21
2026Q2,803,90,789.61,6
2026Q2,803,98,-150.00,1
2026Q2,804,01,3997853.15,38
2026Q2,804,10,465074.74,54
2026Q2,804,18,156214.83,41
2026Q2,804,40,952342.33,30
2026Q2,804,50,10136.13,4
2026Q2,804,88,265000.00,11
2026Q2,804,89,0.00,1
2026Q2,804,90,26072.95,3
2026Q2,804,98,-3121.10,3
2026Q2,805,01,3404427.77,36
2026Q2,805,10,1360703.12,51
2026Q2,805,40,969878.64,3
2026Q2,805,50,784603.15,1
2026Q2,805,88,388930.07,40
2026Q2,805,98,-2339.82,5
2026Q2,806,01,3174068.90,17
2026Q2,806,03,60506.95,3
2026Q2,806,10,979127.72,47
2026Q2,806,18,674.38,3
2026Q2,806,40,797308.91,13
2026Q2,806,50,22544.70,3
2026Q2,806,60,1016.95,2
2026Q2,806,90,20419.95,8
2026Q2,806,98,-87570.77,2
2026Q2,811,01,3867433.24,19
2026Q2,811,10,2360910.21,57
2026Q2,811,18,93319.64,7
2026Q2,811,40,235178.68,3
2026Q2,811,50,1312605.69,19
2026Q2,811,89,0.00,2
2026Q2,811,90,310.23,2
2026Q2,811,98,-520402.34,4
2026Q2,812,01,12316679.61,25
2026Q2,812,02,1574.69,3
2026Q2,812,03,81778.12,6
2026Q2,812,10,5491049.32,55
2026Q2,812,18,1099203.44,39
2026Q2,812,40,2670186.70,22
2026Q2,812,50,405127.09,6
2026Q2,812,60,100406.96,4
2026Q2,812,80,1833.00,1
2026Q2,812,88,1512431.64,39
2026Q2,812,89,0.00,4
2026Q2,812,90,42.66,3
2026Q2,812,91,265181.00,11
2026Q2,812,93,18204.34,10
2026Q2,812,96,221428.82,33
2026Q2,812,98,-157726.06,5
2026Q2,814,01,2189310.60,16
2026Q2,814,03,691.24,3
2026Q2,814,10,1007783.57,51
2026Q2,814,18,19.22,1
2026Q2,814,40,591789.07,11
2026Q2,814,90,2336.77,10
2026Q2,814,98,-2364.25,2
2026Q2,815,01,1083726.00,22
2026Q2,815,10,180442.75,54
2026Q2,815,18,655.51,9
2026Q2,815,40,250544.50,7
2026Q2,815,50,77652.00,4
2026Q2,815,88,320501.39,38
2026Q2,815,89,656.59,7
2026Q2,815,90,20401.86,22
2026Q2,815,98,-844.00,1
2026Q2,816,01,3042556.71,22
2026Q2,816,03,13088.25,5
2026Q2,816,10,787854.59,40
2026Q2,816,18,259498.79,6
2026Q2,816,40,414943.50,11
2026Q2,816,50,14853.60,1
2026Q2,816,88,226816.90,32
2026Q2,816,89,0.00,1
2026Q2,816,90,435.74,2
2026Q2,816,91,40000.00,6
2026Q2,816,93,30.00,5
2026Q2,816,96,19143.13,23
2026Q2,816,98,-60434.55,3
2026Q2,817,01,1221170.36,16
2026Q2,817,03,11638.08,2
2026Q2,817,10,524663.72,45
2026Q2,817,40,165856.45,3
2026Q2,817,50,29936.28,1
2026Q2,817,88,55338.31,12
2026Q2,817,91,20000.00,6
2026Q2,817,93,4504.58,5
2026Q2,817,98,-7547.03,1
2026Q2,818,01,2193979.98,13
2026Q2,818,03,21871.21,6
2026Q2,818,10,1094688.26,43
2026Q2,818,18,306664.47,7
2026Q2,818,50,1710.01,1
2026Q2,818,80,7.20,1
2026Q2,818,88,132371.33,29
2026Q2,818,89,0.00,1
2026Q2,818,96,2368.88,3
2026Q2,818,98,-51934.55,2
2026Q2,819,01,1891083.78,18
2026Q2,819,03,14695.52,3
2026Q2,819,10,1199450.22,48
2026Q2,819,40,327714.16,7
2026Q2,819,50,300231.15,6
2026Q2,819,89,0.00,2
2026Q2,819,90,225758.11,28
2026Q2,819,91,22500.00,9
2026Q2,819,93,2138.98,3
2026Q2,819,96,54390.50,12
2026Q2,819,98,-43433.94,2
2026Q2,821,01,1333336.81,30
2026Q2,821,10,660134.97,48
2026Q2,821,18,55682.07,4
2026Q2,821,40,161279.70,9
2026Q2,821,60,35000.00,4
2026Q2,821,90,15321.10,5
2026Q2,821,98,-786.50,1
2026Q2,822,01,1459876.61,16
2026Q2,822,03,9883.52,3
2026Q2,822,10,362626.17,32
2026Q2,822,18,5082.40,7
2026Q2,822,40,185006.23,7
2026Q2,822,50,10529.63,2
2026Q2,822,60,146265.57,12
2026Q2,822,90,62.00,1
2026Q2,822,98,-2190.57,1
2026Q2,823,01,5199252.16,54
2026Q2,823,02,15141.65,4
2026Q2,823,03,60380.08,11
2026Q2,823,10,5390371.57,59
2026Q2,823,18,118859.71,22
2026Q2,823,40,658199.24,6
2026Q2,823,50,376207.99,10
2026Q2,823,60,2838.00,2
2026Q2,823,89,0.00,2
2026Q2,823,90,52232.18,13
2026Q2,823,98,0.00,6
2026Q2,831,01,11697490.25,44
2026Q2,831,03,26003.85,4
2026Q2,831,10,6475438.59,57
2026Q2,831,18,505.06,5
2026Q2,831,40,805725.22,21
2026Q2,831,50,1171283.84,12
2026Q2,831,60,1.02,1
2026Q2,831,89,0.00,3
2026Q2,831,90,5682.16,8
2026Q2,831,93,1775.00,2
2026Q2,831,96,154115.63,28
2026Q2,831,98,-18848.79,4
2026Q2,832,01,10205000.00,6
2026Q2,832,03,152967.77,3
2026Q2,832,10,6478505.22,53
2026Q2,832,18,33666.65,2
2026Q2,832,50,3111316.40,29
2026Q2,832,89,838.45,12
2026Q2,832,90,2981.98,14
2026Q2,832,98,-819662.81,2
2026Q2,833,01,8672289.62,36
2026Q2,833,02,39497.63,5
2026Q2,833,03,70580.44,5
2026Q2,833,10,4006976.87,54
2026Q2,833,18,1904.93,10
2026Q2,833,40,1020539.66,20
2026Q2,833,50,2408971.86,20
2026Q2,833,89,68109.90,21
2026Q2,833,90,228854.77,17
2026Q2,833,98,-177042.54,3
2026Q2,835,01,3037617.81,25
2026Q2,835,03,55377.44,4
2026Q2,835,10,1645735.13,56
2026Q2,835,40,319272.83,7
2026Q2,835,50,1466712.18,19
2026Q2,835,60,332298.82,1
2026Q2,835,98,-43180.94,2
2026Q2,841,01,5698410.58,26
2026Q2,841,02,541.45,1
2026Q2,841,03,36559.93,6
2026Q2,841,10,2566659.78,54
2026Q2,841,18,302055.23,23
2026Q2,841,40,1751142.55,23
2026Q2,841,50,1147245.52,4
2026Q2,841,60,225069.00,5
2026Q2,841,89,46711.39,4
2026Q2,841,90,591.19,2
2026Q2,841,93,138781.85,10
2026Q2,841,96,133723.56,27
2026Q2,841,98,-312125.93,7
2026Q2,842,01,1925876.35,12
2026Q2,842,03,5355.66,3
2026Q2,842,10,781845.43,45
2026Q2,842,18,4463.80,8
2026Q2,842,40,330206.38,8
2026Q2,842,50,62038.72,4
2026Q2,842,88,344464.90,42
2026Q2,842,90,50792.00,20
2026Q2,842,98,-1631.04,1
2026Q2,843,01,1225369.92,16
2026Q2,843,03,5670.67,3
2026Q2,843,10,632433.00,41
2026Q2,843,18,101132.58,3
2026Q2,843,40,336373.09,11
2026Q2,843,50,356773.33,3
2026Q2,843,90,17512.09,10
2026Q2,851,01,1577856.95,12
2026Q2,851,10,205116.19,21
2026Q2,851,40,165767.53,4
2026Q2,851,50,180684.32,4
2026Q2,851,89,0.00,1
2026Q2,851,90,10395.19,4
2026Q2,851,98,-34554.51,1
2026Q2,852,01,944083.31,20
2026Q2,852,10,697669.23,48
2026Q2,852,18,64805.11,9
2026Q2,852,40,93252.50,9
2026Q2,852,50,1743.90,1
2026Q2,852,80,44439.99,3
2026Q2,852,90,2303.06,9
2026Q2,852,93,15.00,5
2026Q2,852,96,20336.41,9
2026Q2,852,98,-1232.74,4
2026Q2,853,01,920950.99,16
2026Q2,853,02,79234.87,22
2026Q2,853,10,976704.45,41
2026Q2,853,18,388.57,1
2026Q2,853,40,196731.84,10
2026Q2,853,50,1005851.87,6
2026Q2,853,98,-103494.22,3
2026Q2,854,01,23272.21,10
2026Q2,854,10,1171475.71,34
2026Q2,854,18,502.01,1
2026Q2,854,90,9500.00,2
2026Q2,854,98,-17484.30,1
2026Q2,859,01,2795895.44,22
2026Q2,859,03,18587.06,3
2026Q2,859,10,1331136.22,56
2026Q2,859,40,423235.50,9
2026Q2,859,50,1060431.31,18
2026Q2,859,90,409.03,2
2026Q2,859,91,4265.00,4
2026Q2,859,96,14148.17,10
2026Q2,859,98,-440.00,1
2026Q2,867,01,383751.69,9
2026Q2,867,18,137361.78,31
2026Q2,868,01,747289.71,11
2026Q2,868,10,347257.44,16
2026Q2,868,18,53550.08,2
2026Q2,868,40,98807.64,3
2026Q2,868,50,3571.20,1
2026Q2,868,88,88428.14,13
2026Q2,871,01,1322892.08,7
2026Q2,871,03,11306.00,3
2026Q2,871,10,192426.84,31
2026Q2,871,40,500000.00,6
2026Q2,871,89,0.00,1
2026Q2,871,90,1462.52,3
2026Q2,871,96,1088.00,20
2026Q2,871,98,-194.40,2
2026Q2,872,01,405374.45,5
2026Q2,872,10,626620.20,30
2026Q2,872,18,20852.66,5
2026Q2,872,40,226886.60,3
2026Q2,872,88,22333.01,4
2026Q2,872,96,590.00,2
2026Q2,872,98,-705.40,3
2026Q2,881,01,1601762.91,17
2026Q2,881,03,34525.33,3
2026Q2,881,10,283698.60,26
2026Q2,881,18,64471.12,2
2026Q2,881,40,63092.00,11
2026Q2,881,50,5850.48,3
2026Q2,881,88,51937.12,1
2026Q2,881,90,43386.61,16
2026Q2,881,91,5470.00,1
2026Q2,881,96,3440.45,4
2026Q2,882,01,2995771.00,24
2026Q2,882,03,94554.18,8
2026Q2,882,10,793531.90,35
2026Q2,882,18,128837.83,14
2026Q2,882,40,986972.98,6
2026Q2,882,50,247777.22,1
2026Q2,882,88,99356.98,10
2026Q2,882,90,90428.80,32
2026Q2,882,98,-362.70,2
2026Q2,883,01,592.00,3
2026Q2,883,03,36661.67,6
2026Q2,883,10,4449145.51,54
2026Q2,883,18,224.66,2
2026Q2,883,50,222688.20,10
2026Q2,883,60,17319.08,1
2026Q2,883,88,359782.38,35
2026Q2,883,89,0.00,1
2026Q2,883,90,72508.65,4
2026Q2,883,98,-539726.29,2
2026Q2,884,01,1154048.81,14
2026Q2,884,03,1057.83,3
2026Q2,884,10,531310.05,29
2026Q2,884,18,443311.65,4
2026Q2,884,40,365770.95,4
2026Q2,884,50,572369.44,5
2026Q2,884,90,10304.96,4
2026Q2,890,01,23357944.13,58
2026Q2,890,02,269350.47,35
2026Q2,890,03,171459.91,36
2026Q2,890,05,12811.27,3
2026Q2,890,10,11464894.36,59
2026Q2,890,18,740217.66,53
2026Q2,890,40,585944.54,39
2026Q2,890,50,1483023.17,50
2026Q2,890,60,859442.03,45
2026Q2,890,80,2655.98,1
2026Q2,890,88,910518.51,51
2026Q2,890,89,108853.88,30
2026Q2,890,90,522795.86,47
2026Q2,890,93,2383.69,3
2026Q2,890,96,3500.00,3
2026Q2,890,98,-61182.78,17
2026Q2,980,60,21934041.00,3
2026Q2,983,01,1096732.75,26
2026Q2,983,02,115283.27,15
2026Q2,983,05,195419.31,12
2026Q2,983,10,5500127.44,30
2026Q2,983,18,24023324.41,7
2026Q2,983,30,18812658.90,55
2026Q2,983,40,2070805.39,19
2026Q2,983,50,212851109.59,47
2026Q2,983,60,386071596.00,57
2026Q2,983,88,1443187.58,4
2026Q2,983,89,10613964.93,16
2026Q2,983,90,3753908.18,2
2026Q2,983,98,-1794844.43,22
2026Q2,986,89,3288158.51,20
2026Q2,986,96,764.46,8
2026Q2,986,98,-239215.65,1
2026Q2,987,01,5614730.38,26
2026Q2,987,02,236076.28,11
2026Q2,987,03,3550.80,4
2026Q2,987,05,409188.05,5
2026Q2,987,10,4125341.95,54
2026Q2,987,30,31461777.68,49
2026Q2,987,40,197443.14,5
2026Q2,987,50,112390630.52,39
2026Q2,987,60,226098995.54,57
2026Q2,987,88,1274254.70,7
2026Q2,987,89,450832.10,5
2026Q2,987,98,-873336.75,9
2026Q2,989,60,1094561.70,5
2026Q2,989,96,1105228.54,1
