id,system,name,spellings,payments,amount_eur
001-gahp5,001,ИКОНОМИЧЕСКИ И СОЦ.СЪВЕТ,1,52,315611.26
001-gy5vm,001,ДЪРЖАВ.ВЕСТНИК ДИР.КЪМ НС,1,38,150457.87
001-kwye8,001,ЛВБ ВЕЛИНГРАД,1,153,833091.89
001-v6mz1,001,БИИПЦ,1,2,58740.10
001-wgocu,001,.Хранителен комплекс НС,2,86,303577.77
001-x0pc0,001,Народно събрание,1,2425,38239498.69
002-7aard,002,Адм. на президента на РБ,1,325,4053036.87
003-036hi,003,ОБЛАСТНА АДМИНИСТРАЦИЯ ПЛОВДИВ,1,117,1557098.57
003-0av71,003,КОМПЛЕКС БОЯНА СОФИЯ,1,188,2305908.28
003-0srv0,003,ОБЛАСТНА АДМИНИСТР. СОФИЯ,1,262,3455575.76
003-0xlwj,003,Област Стара загора,1,75,648173.24
003-0xzgu,003,ОБЛ.АДМИНИСТРАЦИЯ ЛОВЕЧ,1,125,1323070.78
003-2cw47,003,ОБЛАСТ ШУМЕН,1,39,176023.22
003-4nfmq,003,ОБЛАСТНА АДМИНИСТРАЦИЯ-РАЗГРАД,1,65,1236538.36
003-7jnu3,003,ОБЛАСТНА АДМИНИСТРАЦИЯ СЛИВЕН,2,31,291096.94
003-8hf5j,003,МС СТОПАНСТВО ЕВКСИНОГРАД,1,215,2348161.28
003-8jwq6,003,ОБЛАСТ ВРАЦА,1,57,748869.72
003-b0gkl,003,ОБЛАСТНА АДМИНИСТР.К ЛИ,1,71,706416.23
003-bnz3v,003,ОБЛАСТНА АДМИНИСТРАЦИЯ ПАЗАРДЖИК,2,122,1212817.64
003-df90x,003,ОБЛАСТ КЮСТЕНДИЛ,1,57,689779.66
003-fii7t,003,ОБЛАСТНА АДМИНИСТРАЦИЯ БЛАГОЕВГРАД,1,51,470178.36
003-goz0t,003,НАЦ.К ИЯ БОРБА ТРАФ. ХОРА,1,127,749731.77
003-gpxg5,003,Областна администрация Варна,3,113,1202073.47
003-hkm1k,003,ДА ЗА БЕЖАНЦИТЕ ПРИ МС,1,1193,18923742.23
003-jfitt,003,ОБЛАСТ СИЛИСТРА,1,53,250736.84
003-k6w3r,003,ОБЛАСТ ТЪРГОВИЩЕ,2,36,234969.80
003-kcncq,003,ОБЛАСТ В.ТЪРНОВО,1,98,908862.51
003-kxqnd,003,Област Софийска,1,121,948042.36
003-ky6zo,003,ПБ ОРЛИЦА ПАМПОРОВО,1,119,1478373.55
003-ngo0v,003,ОБЛАСТНА АДМИНИСТРАЦИЯ БУРГАС,1,146,14077760.43
003-nuaxa,003,ОБЛАСТ МОНТАНА,1,81,552499.13
003-og0p9,003,Област Плевен,1,53,516710.92
003-onaly,003,ОБЛАСТНА АДМ. ПЕРНИК,1,110,5160810.14
003-pock0,003,АДМИНИСТРАЦ. МИН.СЪВЕТ ФИЛИАЛ ШАБЛА,1,11,33511.80
003-qd91d,003,Поч. база Слънчев бряг,1,283,2569628.43
003-qdw33,003,ОБЛАСТ РУСЕ,1,61,711307.11
003-qebxa,003,Държавна агенция Архиви,2,381,6022837.34
003-qi0ya,003,ОБЛАСТ ЯМБОЛ,1,55,421550.32
003-s69h0,003,ДАБЕЗОП.наДВИЖ.поПЪТИЩАТА,2,246,2218517.11
003-t0865,003,ОБЛАСТНА АДМИНИСТРАЦИЯ СМО,1,130,1181663.10
003-u840p,003,ОБЛАСТНА АДМИНИСТРАЦИЯ-ОБЛАСТ ХАСКО,1,82,553512.19
003-uqq6w,003,ОА ГАБРОВО,3,98,479701.01
003-ydbp5,003,ОБЛАСТНА АДМИН. ГР.ВИДИН,1,106,1889015.52
003-yxhcj,003,ИПА,1,210,1949960.91
003-yz7av,003,ОБЛАСТНА АДМИНИСТРАЦИЯ ДОБРИЧ,1,57,367139.69
003-yzubn,003,Министерски съвет,1,1404,210529989.35
004-z8865,004,Конституционен съд,1,122,15941642.08
005-jeb2k,005,Сметна палата,1,495,5255615.90
006-04ke2,006,РАЙОНЕН СЪД КУЛА,1,8,28512.10
006-057a8,006,Районен съд Провадия,3,39,198988.59
006-0cvag,006,РАЙОНЕН СЪД - ГР. ДОБР,1,70,184549.96
006-0fer9,006,ВОЕННО АПЕЛАТИВНА ПРОКУРАТ,1,20,447133.12
006-0rkoh,006,РАЙОНЕН СЪД КОЗЛОДУЙ,1,43,200419.53
006-12gig,006,РАЙОННА ПРОКУРАТУРА БОТЕВГРАД,1,6,207158.48
006-1h17b,006,Администр.съд София обл.,1,36,143550.86
006-1hwhc,006,РАЙОННА ПРОКУРАТУРА СЛИВЕН,2,10,447680.70
006-1j2g3,006,РАЙОНЕН СЪД ЛУКОВИТ,1,8,178524.38
006-1n80s,006,РАЙОННА ПРОКУРАТУРА СТАРА ЗАГОРА,1,42,1258987.00
006-1u52k,006,РАЙОНЕН СЪД САМОКОВ,1,11,345824.94
006-2088c,006,СОФИЙСКИ ВОЕНЕН СЪД,1,14,204607.65
006-28io8,006,Административен съд - Ловеч,1,36,157048.37
006-2h2h5,006,РАЙОНЕН СЪД АЙТОС,1,29,81056.33
006-2l49z,006,Районна Прокуратура В.Търново,1,17,701461.80
006-2laj7,006,РАЙОНЕН СЪД КАЗАНЛЪК,1,19,95954.93
006-2ne1t,006,ОКРЪЖНА ПРОКУРАТУРА ДОБРИЧ,2,43,780221.96
006-2vsbi,006,РАЙОНЕН СЪД - ПЪРВОМАЙ,3,8,102399.32
006-35gg9,006,РАЙОНЕН СЪД МАЛКО ТЪРНОВО,1,4,11064.73
006-35se3,006,РАЙОННА ПРОКУРАТУРА ВРАЦА,1,19,677020.30
006-37pom,006,ОКРЪЖЕН СЪД РАЗГРАД,1,11,142821.46
006-39cdh,006,ОКРЪЖЕН СЪД - СИЛИСТРА,3,77,277545.03
006-3fkvk,006,РАЙОНЕН СЪД НОВА ЗАГОРА,1,50,193500.45
006-3pu75,006,ОКРЪЖЕН СЪД СЛИВЕН,2,78,767075.53
006-3s3ip,006,ОКРЪЖЕН СЪД ПЛОВДИВ,2,232,2812347.24
006-443yd,006,РАЙОНЕН СЪД ЧЕРВЕН БРЯГ,4,20,124259.61
006-49ki8,006,РАИОНЕН СЪД ТЕТЕВЕН,1,30,189669.77
006-49no8,006,РАЙОННА ПРОКУРАТУРА СМОЛЯН,1,9,281486.50
006-4fldv,006,ОКРЪЖЕН СЪД- МОНТАНА,2,32,432960.07
006-4kaxl,006,РАЙОНЕН СЪД РАЗГРАД,1,16,367258.74
006-4m6ke,006,РАЙОНЕН СЪД ЦАРЕВО,1,10,167286.35
006-4z3nq,006,РАЙОННА ПРОКУРАТУРА КОСТИН,1,9,259259.78
006-50a0k,006,РАЙОНЕН СЪД ЕТРОПОЛЕ,1,21,96109.39
006-5c6aa,006,РАЙОННА ПРОКУРАТУРА ХАСКОВО,2,19,723890.61
006-5k5wb,006,ПРОКУРОРСКА КОЛЕГИЯ,1,8,53511.62
006-5svel,006,АДМИНИСТРАТИВЕН СЪД ШУМЕН,1,16,95171.82
006-5z5bn,006,РАЙОНЕН СЪД ГАБРОВО,1,24,383965.78
006-646y5,006,РАЙОНЕН СЪД ПИРДОП,1,4,75854.04
006-6se0y,006,АДМИНИСТРАТИВЕН СЪД - ПАЗАРДЖИК,4,44,164035.21
006-70ylv,006,ОКРЪЖНА ПРОКУРАТУРА ЛОВЕЧ,1,34,600947.63
006-722nk,006,РАЙОНЕН СЪД БЯЛА,1,16,240933.27
006-73e17,006,РАЙОННА ПРОКУРАТУРА ПЕРНИК,1,8,469343.00
006-75idh,006,ОКРЪЖНА ПРОКУРАТУРА ТЪРГОВИЩЕ,1,25,695155.34
006-76yds,006,РАЙОНЕН СЪД - СТАРА ЗАГОРА,5,65,833012.01
006-78y72,006,ОКРЪЖНА ПРОКУРАТУРА ПЛОВДИВ,1,175,2844011.61
006-7gdg7,006,РАЙОНЕН СЪД СЛИВЕН,1,125,486416.94
006-7hj5g,006,ОКРЪЖЕН СЪД ТЪРГОВИЩЕ,1,67,769896.57
006-7hjf8,006,ОКРЪЖНА ПРОКУРАТУРА - ВЕЛИКО ТЪРНОВ,5,70,1130517.53
006-7qrru,006,ОКРЪЖЕН СЪД ШУМЕН,1,83,571789.08
006-7qu22,006,ОКРЪЖНА ПРОКУРАТУРА РАЗГРАД,1,27,401277.63
006-7x0py,006,АПЕЛАТИВНА ПРОКУРАТУРА Б С,1,10,332521.07
006-899ia,006,ОКРЪЖНА ПРОКУРАТУРА ВРАЦА,1,44,679697.36
006-89o8q,006,ОКРЪЖЕН СЪД СМОЛЯН,1,70,888590.78
006-8hc55,006,ОКРЪЖНА ПРОКУРАТУРА ГАБРОВ,1,27,388920.13
006-8iw5r,006,РАЙОНЕН СЪД КУБРАТ,1,10,143355.28
006-8mn9y,006,ОКРЪЖНА ПРОКУРАТУРА СИЛИСТРА,1,28,362311.20
006-8mscs,006,РАЙОНЕН СЪД СЕВЛИЕВО,2,17,330673.21
006-8pfa8,006,РАЙОНЕН СЪД ТОПОЛОВГРАД,1,5,109177.82
006-8xfqe,006,ОКРЪЖНА ПРОКУРАТ. СЛИВЕН,1,28,548916.78
006-92j1f,006,Районна Прокуратура Плевен,1,21,867208.68
006-95lu5,006,РАЙОНЕН СЪД СВИЛЕНГРАД,1,14,92852.37
006-9anzm,006,РАЙОНЕН СЪД КОСТИНБРОД,1,2,45966.27
006-9eymz,006,РАЙОНЕН СЪД ПОМОРИЕ,1,9,136733.55
006-9sctj,006,РАЙОННА ПРОКУРАТУРА ГР.СИЛИСТРА,1,2,59731.30
006-a1tyw,006,РАЙОНЕН СЪД ДИМИТРОВГРАД,1,53,158216.21
006-agfru,006,РАЙОНЕН СЪД - МОНТАНА,3,31,565357.03
006-as02n,006,ОКРЪЖНА ПРОКУРАТУРА ВИДИН,1,30,528570.44
006-asdga,006,РАЙОНЕН СЪД ДЕВНЯ,1,30,80105.66
006-avtvk,006,РАЙОНЕН СЪД ВРАЦА,1,31,712099.93
006-b95dg,006,ОКРЪЖЕН СЪД - ВРАЦА,2,35,1227009.40
006-bm4nf,006,РАЙОНЕН СЪД КОТЕЛ,1,7,161945.83
006-br5bl,006,РАЙОНЕН СЪД САНДАНСКИ,1,23,428940.53
006-cas61,006,РАЙОНЕН СЪД СРЕДЕЦ,1,6,94233.03
006-ceat7,006,ОКРЪЖНА ПРОКУРАТУРА РУСЕ,1,45,857643.62
006-chy6v,006,РАЙОНЕН СЪД ЛЕВСКИ,1,30,103144.05
006-ciyaz,006,ОКРЪЖЕН СЪД СТАРА ЗАГОРА,1,163,911749.74
006-cn5lb,006,РАЙОНЕН СЪД РУСЕ,2,58,1171277.67
006-cr8m6,006,РАЙОНЕН СЪД ДОБРИЧ,1,20,84376.72
006-csjru,006,Районен съд - Хасково,2,37,521207.47
006-cultt,006,РАЙОНЕН СЪД ПЕРНИК,1,52,1127088.89
006-cvr9b,006,РАЙОНЕН СЪД - БЯЛА СЛАТИНА,2,9,324980.78
006-cx1kz,006,АПЕЛАТИВЕН СЪД ПЛОВДИВ,1,88,1333529.09
006-cxa2v,006,РАЙОННА ПРОКУРАТУРА ДОБРИЧ,1,12,514407.58
006-cy6nl,006,ВЪРХОВЕН КАСАЦИОНЕН СЪД,1,104,5160581.83
006-cyoqo,006,Учебно Почивна база с. Лозенец,1,6,21268.97
006-czqqz,006,СЛИВЕНСКА ВОЕННА ПРОКУРАТ.,1,11,281187.42
006-d1hb5,006,РАЙОНЕН СЪД ТРОЯН,2,17,289826.85
006-d38oh,006,АПЕЛАТИВЕН СЪД СОФИЯ,1,277,6525359.99
006-df6if,006,СПЕЦИАЛИЗИРАН НАКАЗАТЕЛЕН СЪД,1,2,7857.82
006-dg3fu,006,АДМИНИСТРАТИВЕН СЪД ВАРНА,1,67,790511.95
006-dnpuq,006,РАЙОННА ПРОКУРАТУРА САМОКОВ,1,13,243999.82
006-e237v,006,РАЙОННА ПРОКУРАТУРА ТЪРГОВИЩЕ,3,11,345588.83
006-e42n8,006,АДМ. СЪД ЯМБОЛ,1,12,260325.95
006-e4suf,006,РАЙОННА ПРОКУРАТУРА ЯМБОЛ,1,18,454937.93
006-e5hxr,006,РАЙОНЕН СЪД ТРЯВНА,1,9,87110.53
006-e9xmg,006,ОКРЪЖЕН СЪД ЛОВЕЧ,1,120,620753.31
006-egvou,006,ВАС ПОЧ.СТ.ЛОЗЕНЕЦ,1,19,254783.00
006-ekwb6,006,РАЙОНЕН СЪД СИЛИСТРА,2,19,475246.30
006-eluxr,006,АДМИНИСТРАТИВЕН СЪД СЛИВЕН,1,17,306635.82
006-epzvv,006,РАЙОНЕН СЪД БАЛЧИК,3,18,85858.45
006-es92s,006,РАЙОНЕН СЪД ГЕНЕРАЛ ТОШЕВО,1,14,193389.13
006-eu3ax,006,РАЙОНЕН СЪД КРУМОВГРАД,1,8,143297.24
006-ew7uq,006,АДМИНИСТРАТИВЕН СЪД СТАРА ЗАГОРА,1,39,484679.07
006-fcxad,006,ОКРЪЖНА ПРОКУРАТУРА СТЗАГО,1,78,1146770.61
006-fn5xe,006,ОКРЪЖНА ПРОКУРАТУРА-МОНТАНА,1,34,804105.76
006-ftpa0,006,РАЙОНЕН СЪД ПАНАГЮРИЩЕ,1,25,126297.48
006-fy53x,006,СОФИЙСКИ ГРАДСКИ СЪД,4,1100,19209381.95
006-fzf0v,006,РАЙОНЕН СЪД ЧИРПАН,1,2,53292.03
006-g2zsb,006,РАЙОННА ПРОКУРАТУРА ГАБРОВО,2,16,325094.84
006-gf3di,006,РС ПЛЕВЕН,1,89,1363275.40
006-gm6mj,006,РАЙОНЕН СЪД МОМЧИЛГРАД,1,9,263325.80
006-gnex3,006,ОКРЪЖЕН СЪД ГАБРОВО,1,44,551646.33
006-gql0u,006,СОФИЙСКА ВОЕННА ПРОКУРАТ.,1,63,945238.02
006-gwegj,006,РАЙОННА ПРОКУРАТУРА КЮСТЕНДИЛ,2,23,598488.80
006-h31lc,006,РАЙОНЕН СЪД КАРЛОВО,2,29,353312.50
006-hi2el,006,Инспекторат към ВСС,1,121,1164471.82
006-himzz,006,АДМИНИСТРАТИВЕН СЪД ГАБРОВО,2,10,231980.17
006-hm0qt,006,АДМИНИСТРАТИВЕН СЪД - РУСЕ,2,34,185703.60
006-hoacj,006,РАЙОНЕН СЪД РАЗЛОГ 000025110,3,19,416329.84
006-hrj6y,006,РАЙОНЕН СЪД - БЛАГОЕВГРАД,4,39,349646.67
006-hsrs5,006,ВОЕННО АПЕЛАТИВЕН СЪД,1,16,326261.99
006-hyhae,006,ОКРЪЖЕН СЪД ХАСКОВО,1,89,875213.09
006-hz5hb,006,РАЙОНЕН СЪД ЕЛ. ПЕЛИН,1,8,22392.73
006-i1txq,006,РАЙОНЕН СЪД ЛОВЕЧ,1,34,345128.69
006-i2cnj,006,РАЙОНЕН СЪД СВИЩОВ,1,32,98920.63
006-i3zrp,006,Прокуратура на РБ Гл.прок.,1,1353,29896473.71
006-iclzn,006,Окръжен съд Варна,3,124,1857069.93
006-icr6s,006,РАЙОННА ПРОКУРАТУРА ВИДИН,1,9,319256.37
006-if45c,006,РАЙОНЕН СЪД ЗЛАТОГРАД,1,19,127306.34
006-in1uq,006,ОКРЪЖЕН СЪД - ЯМБОЛ,2,36,208372.19
006-ip5w2,006,РАЙОНЕН СЪД ИВАЙЛОВГРАД,1,6,88520.05
006-iqq0g,006,РАЙОННА ПРОКУРАТУРА ВАРНА,1,53,1643920.59
006-itp4d,006,АДМИНИСТРАТИВЕН СЪД В.ТЪРНОВО,2,30,467959.00
006-ixn9s,006,РАЙОННА ПРОКУРАТУРА ЛОВЕЧ,2,26,785974.58
006-j3r0h,006,РАЙОННА ПРОКУРАТУРА ПЛОВДИВ,1,38,1721524.69
006-jh8f8,006,РАЙОНЕН СЪД - КЪРДЖАЛИ,2,59,181983.90
006-jk4zn,006,АДМИНИСТРАТИВЕН СЪД -,5,54,425302.51
006-jnekw,006,РАЙОННА ПРОКУР. ЕЛ.ПЕЛИН,1,7,187257.66
006-jx8kn,006,ПД ИЗГРЕВ БЯЛА,3,8,288368.25
006-jxogd,006,АДМИНИСТРАТИВЕН СЪД-РАЗГРАД,2,7,38075.87
006-jzqq0,006,АПЕЛАТИВЕН СЪД БУРГАС,1,25,563653.99
006-k1dub,006,ОКРЪЖНА ПРОКУРАТУРА ВАРНА,1,128,2620319.43
006-kek84,006,ОКРЪЖЕН СЪД - ПЛЕВЕН,2,116,1481893.58
006-kht9f,006,ОКРЬЖНА ПРОКУРАТУРА ШУМЕН,1,14,464867.10
006-kp00y,006,РАЙОНЕН СЪД МАДАН,1,6,108504.58
006-ku1s7,006,РАЙОНЕН СЪД-ДУЛОВО,1,11,40406.19
006-kuexz,006,РАЙОНЕН СЪД ТЪРГОВИЩЕ,1,33,591471.15
006-kx4g7,006,РАЙОНЕН СЪД ДРЯНОВО,2,6,125427.17
006-kywzy,006,АПЕЛ.СПЕЦ.НАКАЗ.СЪД,1,2,27812.48
006-l0qp1,006,РАЙОНЕН СЪД СМОЛЯН,1,28,455525.99
006-l2r6g,006,Административен съд Монтана,1,10,213504.46
006-l2zgx,006,РАЙОННА ПРОКУРАТУРА МОНТ,1,18,694405.80
006-l6gez,006,Районен съд,5,69,876346.03
006-lgpo4,006,ПЛОВДИВСКИ ВОЕНЕН СЪД,1,13,150093.33
006-ltvzw,006,РАЙОНЕН СЪД-РАДНЕВО,3,10,206712.36
006-lx6bn,006,РАЙОННА ПРОКУРАТУРА РАЗГРАД,1,13,408636.08
006-lxxx5,006,СОФИЙСКА ГРАДСКА ПРОКУРАТУРА,6,363,8252719.59
006-lyn98,006,АПЕЛАТИВНА ПРОКУРАТУРА В.ТЪРНОВО,1,15,435205.11
006-m0l5w,006,АДМИНИСТРАТИВЕН СЪД БЛАГОЕВГРАД,2,45,298348.65
006-m1km1,006,АДМИНИСТРАТИВЕН СЪД-ПЛОВДИВ,3,58,726701.91
006-m6nm0,006,Районен съд Кнежа,2,27,218955.39
006-m9kk8,006,РАЙОННА ПРОКУРАТУРА ШУМЕН,2,11,404168.95
006-mgvtt,006,ОКРЪЖЕН СЪД РУСЕ,1,120,1412485.29
006-mjhtj,006,РАЙОНЕН СЪД ДЕВИН,1,9,73514.91
006-mog8c,006,РАЙОНЕН СЪД - ЕЛЕНА,2,16,100973.21
006-mom15,006,УЧ.БАЗА ЦИГОВ ЧАРК БАТАК,1,17,461890.60
006-moz8r,006,РАЙОНЕН СЪД БУРГАС,2,58,563113.65
006-n838l,006,РАЙОНЕН СЪД АСЕНОВГРАД,2,26,266394.23
006-neimb,006,НСлС,2,33,1077303.11
006-ni7qi,006,РАЙОНЕН СЪД ГР ОМУРТАГ,1,13,231511.00
006-npdd0,006,АПЕЛАТИВЕН СЪД,1,42,866138.81
006-npweu,006,АПЕЛАТИВНА ПРОКУРАТУРА ПЛОВДИВ,1,39,874343.17
006-nu6aw,006,ОКРЪЖЕН СЪД - ВЕЛИКО ТЪРНОВО,9,119,1199193.65
006-o76ig,006,РАЙОНЕН СЪД НОВИ ПАЗАР,1,22,357846.30
006-ozsg8,006,АДМИНИСТРАТИВЕН СЪД ПЛЕВЕН,2,24,303819.93
006-p2h61,006,Районна прокуратура Бургас,1,48,1494135.51
006-p4d38,006,РС ГЪЛЪБОВО,1,3,51057.19
006-p7s9v,006,ОКРЪЖЕН СЪД БУРГАС,2,152,1348807.74
006-pl31i,006,РАЙОНЕН СЪД ПОПОВО,1,8,242577.78
006-ppp16,006,РАЙОНЕН СЪД ЧЕПЕЛАРЕ,1,2,38689.14
006-pz2fm,006,ОКРЪЖНА ПРОКУРАТУРА БУРГАС,1,158,1827681.75
006-pzpr2,006,РАЙОНЕН СЪД ОРЯХОВО,1,11,183918.92
006-q0rdz,006,АДМИНИСТРАТИВЕН СЪД ВРАЦА,1,10,252444.27
006-qf43b,006,РАЙОНЕН СЪД ВИДИН,1,54,657384.87
006-qlzaf,006,РАЙОНЕН СЪД ГОРНА ОРЯХОВИЦА,1,38,845658.65
006-qm3s6,006,РАЙОНЕН СЬД В.ПРЕСЛАВ,1,5,31667.57
006-qpeiu,006,РАЙОНЕН СЪД НЕСЕБЪР,1,52,189078.59
006-qww63,006,Административен съд - Силистра,1,8,35017.92
006-r0i6q,006,ОКРЪЖЕН СЪД - ПАЗАРДЖИК,2,69,1082746.24
006-r8am2,006,РАЙОНЕН СЪД ГРАД РАДОМИР,1,9,213011.82
006-ratg9,006,АПЕЛАТИВЕН СЪД ВЕЛИКО ТЪРНОВО,3,25,430963.33
006-rc31e,006,РАЙОНЕН СЪД ГР. БЕРКОВИЦА,2,8,170749.78
006-rh2ol,006,АДМИНИСТРАТИВЕН СЪД СМОЛЯН,1,9,229534.24
006-rl69p,006,РАЙОНЕН СЪД ПЛОВДИВ,3,246,3446801.77
006-roavw,006,Районен съд - Тервел,3,7,21473.22
006-rz0hb,006,РАЙОНЕН СЪД ЕЛХОВО,1,10,229662.51
006-s1br1,006,ВСС,3,1717,53656392.71
006-sc58i,006,АДМИНИСТРАТИВЕН СЪД ХАСКОВО,1,27,594013.90
006-scxi1,006,РАЙОНЕН СЪД СЛИВНИЦА,1,22,2515046.55
006-sejnm,006,РАЙОННА ПРОКУРАТУРА ПАЗАРДЖИК,2,20,710860.07
006-sihic,006,АПЕЛАТИВНА ПРОКУРАТУРА ВАРНА,1,12,418340.29
006-sjahf,006,РАЙОННА ПРОКУРАТУРА СИЛИСТРА,1,5,198965.77
006-sk372,006,РАЙОНЕН СЪД НИКОПОЛ,1,21,118421.67
006-sko4c,006,ПЛОВДИВСКА ВОЕННА ПРОКУРАТУРА,1,22,475852.63
006-slsfi,006,ОКРЪЖНА ПРОКУРАТУРА ПЕРНИК,1,28,614974.23
006-sp746,006,РАЙОНЕН СЪД ВЕЛИКО ТЪРНОВО,1,41,647323.20
006-sq8ke,006,РАЙОНЕН СЪД БРЕЗНИК,1,11,174921.21
006-stgpv,006,SPECIALIZIRANA PROKURATURA,2,6,32144.48
006-t9zqf,006,РАЙОННА ПРОКУРАТУРА СОФИЯ,1,199,6076055.47
006-tauvy,006,РАЙОНЕН СЪД ПАВЛИКЕНИ,1,8,97823.12
006-teex6,006,РАЙОНЕН СЪД БОТЕВГРАД,1,62,178952.67
006-tjgpr,006,ОКРЪЖНА ПРОКУРАТУРА ПАЗАРДЖИК,1,28,583202.64
006-tr10a,006,ОКРЪЖНА ПРОКУРАТУРА ПЛЕВЕН,2,68,1538059.49
006-tsmkr,006,ВОЕНЕН СЪД СЛИВЕН,2,6,92533.76
006-tupvj,006,ВАС,1,488,18361589.92
006-u2r5x,006,АДМ.наЕВР.ДЕЛЕГ.ПРОКУРОРИ,1,19,295298.23
006-u8lnr,006,АДМИНИСТРАТИВЕН СЪД БУРГАС,2,39,865613.37
006-ui1uf,006,РАЙОНЕН СЪД - ГР.МЕЗДРА,1,46,489002.14
006-uq88s,006,ОКРЪЖНА ПРОКУРАТУРА БЛАГОЕВГРАД,1,59,979626.81
006-us3ud,006,ОКРЪЖНА ПРОКУРАТУРА К Л,1,63,723885.52
006-us900,006,РАЙОННА ПРОКУРАТУРА РУСЕ,1,12,564147.09
006-uxfst,006,РАЙОНЕН СЪД ПЕЩЕРА,1,10,220556.58
006-uxiuf,006,РАЙОНЕН СЪД КАРНОБАТ,2,10,180083.56
006-uyayy,006,РАЙОНЕН СЪД СВОГЕ,1,15,46689.93
006-v30qg,006,ОКРЪЖЕН СЪД БЛАГОЕВГРАД,4,68,510414.36
006-v6pkd,006,АДМИНИСТРАТИВЕН СЪД ТЪРГОВ,1,8,166900.98
006-v7jto,006,РАЙОНЕН СЪД ТУТРАКАН,1,13,180269.70
006-v9oil,006,РАЙОНЕН СЪД ВАРНА,2,237,3929010.68
006-vd6ec,006,РАЙОНЕН СЪД КЮСТЕНДИЛ,1,30,433925.73
006-vqn9l,006,ОКРЪЖНА ПРОКУРАТУРА КЪРДЖ,1,16,318090.02
006-we3bz,006,РАЙОНЕН СЪД ЛОМ,1,19,587595.05
006-wn1rx,006,ОКРЪЖНА ПРОКУРАТУРА ХАСКОВО,1,60,835707.99
006-wnywh,006,НАЦ.ИНСТИТУТнаПРАВОСЪДИЕТО,1,389,3331566.08
006-wqcg7,006,ОКРЪЖЕН СЪД КЮСТЕНДИЛ,2,35,375411.91
006-wykgm,006,ОКРЪЖНА ПРОКУРАТУРА СОФИЯ,1,109,1783527.05
006-wzy7r,006,ОКРЪЖЕН СЪД ГР. ДОБРИЧ,2,172,635217.40
006-x3xfj,006,РАЙОНЕН СЪД ВЕЛИНГРАД,2,16,287702.41
006-x9szy,006,АДМИНИСТРАТИВЕН СЪД КЮСТЕНДИЛ,1,20,338617.67
006-xjqo1,006,Администрат.съд София град,1,480,2042042.44
006-xsq81,006,ОКРЪЖНА ПРОКУРАТУРА ЯМБОЛ,2,37,609924.64
006-y0sck,006,РАЙОНЕН СЪД ЯМБОЛ,4,40,783065.79
006-yctx3,006,РАЙОНЕН СЪД ИХТИМАН,1,24,222911.14
006-yfijw,006,ОКРЪЖЕН СЪД ПЕРНИК,1,26,476107.14
006-yh0c9,006,РАЙОНЕН СЪД АРДИНО,1,5,29550.95
006-yj123,006,АПЕЛАТИВНА ПРОКУРАТУРА СОФИЯ,1,53,1097160.10
006-ykafd,006,РАЙОНЕН СЪД ШУМЕН,1,105,404069.24
006-ynh28,006,ОКРЪЖЕН СЪД - КЪРДЖАЛИ,2,14,323751.44
006-z0ezh,006,СОФИЙСКИ ОКРЪЖЕН СЪД,1,115,2154803.72
006-z9nsx,006,РАЙОНЕН СЪД - ИСПЕРИХ,2,14,131923.87
006-zef8m,006,РАЙОНЕН СЪД ТРЪН,1,12,140483.17
006-zf7qv,006,Районен съд гр. Пазарджик,1,35,858940.00
006-zh91t,006,АДМИНИСТР.СЪД КЪРДЖАЛИ,1,9,212067.16
006-znef1,006,РАЙОНЕН СЪД ХАРМАНЛИ,1,7,114382.81
006-zolc3,006,АДМИНИСТРАТИВЕН СЪД ПЕРНИК,1,92,720736.26
006-zs5ys,006,Р НА ПРОКУРАТ. БЛАГОЕВГРАД,1,35,1056448.23
006-zw0oz,006,РАЙОННА ПРОКУРАТУРА КЪРДЖАЛИ,1,10,377743.41
006-zw9bp,006,РАЙОНЕН СЪД - ПЕТРИЧ,2,29,169744.69
010-06ojq,010,ТД НА НАП ВАРНА,1,708,5573717.62
010-1eiw8,010,ТД МИТНИЦА БУРГАС,3,396,2062753.45
010-2x7gz,010,Министерство на финансите,1,1917,119460947.70
010-4wszx,010,ТЕРИТОРИАЛНА ДИРЕКЦИЯ МИТНИЦА РУСЕ,1,239,1361115.85
010-6gi62,010,НАЦ.АГЕНЦИЯ ЗА ПРИХОДИТЕ,1,1950,159696334.21
010-8gou8,010,УЧЕБЕН ЦЕНТЪР БОРОВЕЦ,1,47,229971.66
010-9426r,010,МИТНИЦА СОФИЯ,1,414,3092336.21
010-dabej,010,"Агенция ""Митници""",3,3702,181535641.92
010-e7yt9,010,ТД НА НАП БУРГАС,1,338,2350274.50
010-echvd,010,ТД Северна Морска,1,161,907455.34
010-es6k4,010,ТД Тракийска,1,145,643431.46
010-gizi9,010,ТД СОФИЯ ГРАД,1,1193,21710779.97
010-hlzdl,010,АОП,1,211,8170420.18
010-ot133,010,ИАОДИТ НА СРЕДСТВ.ОТ ЕС,2,145,1015597.64
010-qup0m,010,НАП УЦ БАНКЯ,3,87,457524.60
010-s526w,010,АДФИ,1,231,2236926.45
010-ttr0b,010,ТД НА НАП ПЛОВДИВ,1,839,12696607.85
010-wjr7k,010,ТД ГОЛЕМИ ДАНЪКОПЛ. И ОСИГ,1,65,1121437.32
010-xvxij,010,ТД НА НАП В.ТЪРНОВО,1,514,3466512.78
011-huz1u,011,ИАБЧ,1,111,556579.32
011-kzout,011,ДИПЛОМАТИЧЕСКИ ИНСТИТУТ,1,85,695270.56
011-ubspc,011,М во на външните работи,1,1527,46829456.32
011-uh2n7,011,ДЪРЖАВЕН КУЛТУРЕН ИНСТИТУТ,1,35,181298.73
012-03w0q,012,МБАЛ ПЛЕВЕН КЪМ ВМА СОФИЯ,1,118,536726.05
012-08axt,012,ПОДЕЛЕНИЕ 28880 БЕЛЕНЕ,1,162,1484568.45
012-0cjge,012,Военно формированиеа22060 В.Търново,1,73,722308.35
012-0jqm0,012,34420 КОСТИНБРОД***,1,67,781895.73
012-0vbdu,012,ВОЕННО ФОРМ.32040 КРУМОВО,1,357,4305750.23
012-18rvr,012,44510 СОФИЯ 1519,1,226,2449317.80
012-1egpg,012,ВОЕННО ОКРЪЖИЕ,1,6,99886.00
012-1jgg7,012,ДДГ Детелина гр. Казанлък,2,43,165925.46
012-2bsck,012,ВОЕННО ФОРМИРОВАНИЕ 54100,2,42,523797.59
012-2e7fw,012,ВОЕННО ФОРМИРОВАНИЕ 42170,1,4,25998.17
012-2yef7,012,ВОЕННО ФОРМИРОВАНИЕ 22680 КАРЛОВО,1,77,972328.90
012-32uuo,012,Информационен център на МO,1,220,1029979.88
012-3ifst,012,ОДЗ Младост гр. София,2,38,125093.58
012-3jrh0,012,ДДГ Средец гр. София,2,30,100267.26
012-3lgxz,012,Военно формирование 22620 София,1,120,723216.56
012-3lrpd,012,Военно формиров еаа26690ааПАВЛИКЕНИ,1,27,285910.48
012-3o6dc,012,Централно военно окръжие ЦУ,1,57,403149.35
012-3s1to,012,ВОЕННО ФОРМИРОВАНИЕ 22 790,1,71,729919.93
012-42o43,012,ВОЕННО ОКРЪЖИЕ ПЛЕВЕН,1,8,100845.31
012-43ki4,012,"ИА ""ВК. и ВПД"" ТО Бургас",2,502,5617718.46
012-4442z,012,ВМА БПЛР ХИСАР,1,113,1522535.71
012-4qb5i,012,ВОЕННО ФОРМИРОВАНИЕ 28330,1,123,1449200.69
012-4qpf4,012,Военно формирование 38040 София,1,342,11565853.44
012-4sdtv,012,ВОЕННО ФОРМИР 54990 ВРАЦА,1,87,1073979.60
012-4xrqd,012,Военно формирование 14410 Бургас,1,1,3241.51
012-4z9wp,012,ПОДЕЛЕНИЕ 52 590 ЯМБОЛ,1,204,2185347.66
012-4zv9u,012,ВОЕННО ОКРЪЖИЕ I СТЕПЕН СОФИЯ,1,23,249617.82
012-505mf,012,Военно формирование 46390 София,1,157,1248992.32
012-5hd7q,012,Поделение 52210 Банкя,1,26,174274.11
012-5ivv5,012,22320 БОЖУРИЩЕ***,1,157,1196464.81
012-5wdsa,012,ПОД. 34200 ШУМЕН,1,163,2437540.69
012-60rkb,012,24900 СОФИЯ ПК N 2024,1,186,4862492.44
012-639a9,012,Военно формирование 22970 София,1,225,3718793.10
012-67tbh,012,ВОЕННО ФОРМИР.22720 СМЯДОВО,3,61,1573980.50
012-6h8fp,012,НВИМ СОФИЯ,1,234,2899560.00
012-6otnv,012,ВОЕННО ФОРМИРОВАНИЕ 52090,1,151,2532215.64
012-6pfhg,012,Военно формирование 24550 Ягода,1,2,5542.80
012-6s0z0,012,Военномедицинска академия,1,5989,304957767.53
012-721of,012,ПОДЕЛЕНИЕ 42130 БОРОВЕЦ,1,72,471656.38
012-72746,012,ВОЕННО ФОРМИРОВАНИЕ 34750 КАРЛОВО,1,400,6557107.49
012-756k5,012,ПОДЕЛЕНИЕ 54720,1,6,51719.76
012-7jpq8,012,ПОД 44220 ГР ПЛОВДИВ,1,112,1228155.54
012-7m21q,012,ПОДЕЛЕНИЕ 54270 с.Труд,1,98,1603022.24
012-7m26c,012,ВОЕННО ФОРМИРОВАНИЕ 26910 Р.ДИМИТР.,1,33,224126.53
012-8b7ih,012,М во на отбраната ДФ,9,3254,1131089401.34
012-8dhr7,012,Военно формирование 48960 София,1,60,396681.69
012-8gc69,012,ВОЕННО ФОРМИРОВАНИЕ 32820 Ц АСЕН,1,21,277257.78
012-9ersw,012,Военно формирование 48940 Бургас,1,372,2454481.19
012-9nu7k,012,ВОЕННО ФОРМИРОВАНИЕ 24480,1,49,1213377.07
012-9r7y5,012,ВОЕННО ФОРМИРОВАНИЕ 52860,1,64,498338.09
012-9th6r,012,Военно формирование 22700 Костенец,1,31,668623.80
012-a6emz,012,ПОДЕЛЕНИЕ 24150 СТАРА ЗАГОРА,1,238,1886586.18
012-aewfb,012,Поделение 18270 Г.Малина,1,353,2937990.95
012-bowoo,012,Военно формирование 22780 Д.Камарци,1,20,292500.71
012-c33qx,012,24980 БОЖУРИЩЕ***,1,76,531934.64
012-cbivg,012,ПОД.42600 С.МУСАЧЕВО,1,173,1177520.64
012-cwqhq,012,РС СИГУРНОСТ ВП И ВКР,1,111,566534.20
012-d2c3o,012,Военно формирование 32610 Банкя,1,23,191581.26
012-dysf3,012,Военно формирование 14380 Пловдив,1,1,3824.46
012-e0sd0,012,ВОЕННО ФОРМИРОВАНИЕ 42700,1,26,414029.13
012-e4vfw,012,Военно формирование 52370 Негушево,1,280,2095854.13
012-eoirq,012,ВОЕННО ФОРМИРОВАНИЕ 46700,1,120,944215.89
012-ewyfo,012,ВОЕННО ФОРМИРОВАНИЕ 22580,1,74,859038.79
012-fkmz2,012,28770 БАЛЧИК,1,55,554294.54
012-flr56,012,Поделение 46430 София,1,47,187492.34
012-g8xpr,012,Комендантство МО,1,304,3126234.42
012-gbf4c,012,В.БОЛНИЦА СЛИВЕН,1,82,501055.59
012-ge1pn,012,ВОЕННО ФОРМИРОВАНИЕ 42650,1,1,3497.11
012-gmy8f,012,ВОЕННО ФОРМИРОВАНИЕ 28000,1,361,8121334.96
012-gsrai,012,Военно географска служба,1,48,268788.64
012-gwqa9,012,"ИА ""ВК. и ВПД"" ТО Варна",2,696,5516842.91
012-gznba,012,Военно формирование 28870 София,1,119,1082121.03
012-hlxq5,012,"ДДГ ""Кокиче"" гр. Пловдив",1,2,9736.74
012-hmyi4,012,ПОД.54060 ШУМЕН,1,125,1221803.55
012-hs6vn,012,ПОД 36150 СТ.ЗАГОРА,1,84,788881.24
012-huq8f,012,"ДДГ ""Калина"" гр. Стара Загора",2,51,280710.58
012-irx6v,012,ДДГ Слава гр. София,2,41,125565.76
012-iy2ej,012,ВОЕННО ФОРМ.22280 КОРЕН,1,95,742540.71
012-jga69,012,ВОЕННО ФОРМИРОВАНИЕ 32140,1,470,9963250.38
012-jld83,012,ВОЕННО ФОРМИР 34690 ЗЕМЕН,2,47,405770.06
012-jlvv1,012,ПОД.24620 СВОБОДА,1,158,2077246.66
012-jn7i1,012,Военно окръжие Стара Загора,1,20,182460.92
012-jq5ou,012,Военно окръжие Пловдив,1,21,184132.79
012-jv4op,012,БПЛР БАНКЯ ВМА,1,41,218161.86
012-jwj2i,012,Военно формирование 22980 София,1,127,1100405.49
012-jy8yh,012,ВОЕННО ФОРМИРОВАНИЕ 34660,1,59,1767194.49
012-k3a1l,012,ВОЕННО ФОРМИРОВАНИЕ 42520,1,51,411821.97
012-k943z,012,54320 БОЖУРИЩЕ***,1,218,2261716.24
012-kxudd,012,Поделение 48430 Стара Загора,1,64,710094.29
012-l1i1x,012,В.Ф.26030 БЕЗМЕР,6,238,2623550.91
012-l3a2q,012,ПОДЕЛЕНИЕ 22180 КАЗАНЛЪК,1,254,2862555.40
012-l6dpy,012,Военно формирование 54300 София,1,49,306877.97
012-ltmew,012,ВОЕННО ФОРМИРОВАНИЕ 36940,1,48,295753.18
012-lu5qy,012,22800 СОФИЯ ПК N 2032,1,163,81020627.30
012-metq9,012,Военно формирование 26070 Пловдив,1,6,30023.39
012-mf4jv,012,СЛУЖБА ВОЕННА ПОЛИЦИЯ МО,1,22,238419.62
012-ndwcm,012,НГЧ ПОД 54800 ПК N 2049,1,285,4420920.99
012-nf6jk,012,22160 ПЛЕВЕН,1,215,2055334.19
012-npgu4,012,ПОД. 22130 ЯМБОЛ,1,20,209797.48
012-nsqoz,012,ВОЕННО ФОРМИР. 32450 МОКРЕН,1,94,749483.89
012-o36fq,012,Военно формирование 24430 Троян,1,184,2316190.65
012-ofstw,012,Поделение 26810 Поповица,1,43,484312.56
012-p9mc9,012,ВОЕННО ФОРМИР. 28130 СТРАЖИЦА,1,45,473648.57
012-pc0rv,012,Военно формирование 26400 Бл град,1,127,1159990.99
012-pt3ea,012,Воено формирование 57250 София,1,204,2194996.26
012-q6j5o,012,"ДДГ ""Светлина"" гр. Карлово",2,3,17821.94
012-q9kh5,012,28610 СОФИЯ ПК N 2021,1,275,2033901.62
012-qes38,012,ВОЕННО ФОРМИРОАВНИЕ 38010,1,65,526205.31
012-qno9w,012,ВМА МББАЛ ПЛОВДИВ,1,86,810023.79
012-qpu3u,012,Военно формирование 28860 Г.Малина,1,367,3317991.00
012-quhdm,012,ВОЕННО ФОРМИРОВАНИЕ 24490,1,180,2824120.71
012-qyi1b,012,Военно формирование 42610 КОЗАРСКО,1,24,367745.65
012-rduk8,012,СЪВМ. КОМАНД.НА СПЕЦ.ОПЕРА,1,520,12526984.71
012-rev5s,012,Военно формирование 24510 София,1,28,344240.42
012-s0jd0,012,ВОЕННО ФОРМИРОВАНИЕ 32420,1,23,142292.18
012-s44u3,012,РС ВОЕННА ПОЛИЦИЯ,1,99,432553.11
012-spzde,012,Военно формирование 38220 Плевен,1,50,811415.89
012-sqkxm,012,Военно формирование 24850 Змеево,1,66,932286.63
012-sxnlg,012,Център Логистика и подготовка,1,137,3731498.68
012-tkici,012,Военно формирование 52480 СОФИЯ,1,34,167646.58
012-tmgbe,012,ВОЕННО ФОРМИРОВАНИЕ 26800,1,65,741029.80
012-uh433,012,ПОДЕЛЕНИЕ 22220 СЛИВЕН,1,220,2570945.64
012-ukgvy,012,ВОЕННО ОКРЪЖИЕ I СТЕПЕН ВАРНА,1,19,138872.33
012-ukx9p,012,РСС СЛИВЕН,1,46,208543.15
012-umtoq,012,ИА ВК. и ВПД ТО Пловдив,2,299,3371298.84
012-uz0dg,012,ПОДЕЛЕНИЕ 52740 ХАСКОВО,1,144,1476911.73
012-v45oz,012,РС ВОЕННА ПОЛИЦИЯ ВАРНА,1,103,490153.77
012-v6yyl,012,ИА ВК. и ВПД ЦУ,2,1611,17329814.90
012-vem8x,012,ПОД 46690,1,436,5151124.37
012-vpkrh,012,Институт по отбрана,1,296,5912885.95
012-wi8l7,012,ВОЕННО ФОРМИРОВАНИЕ 24350 КОЧОВО,1,54,782491.01
012-wqoo5,012,ПОД.32890,1,588,8820623.67
012-wxbfp,012,ВОЕННО ФОРМИРОВАНИЕ 28930,1,37,455426.51
012-x5n3j,012,Военно формированиеа28590 Ресен,1,3,9624.44
012-x78v3,012,ВОЕННО ФОРМИР. 24540 СВЕТЛЕН,1,25,315606.42
012-xj9vm,012,ВОЕННО ФОРМИРОВАНИЕ 22960,1,12,155841.29
012-xk2sc,012,Поделение 26720 Черноморец,1,58,272552.09
012-xm9xv,012,Военно формирование 26940 Ст.Загора,1,271,7484815.20
012-xwkm5,012,ИА ВК. и ВПД ТО София,2,1035,6719192.49
012-xwukz,012,РС В. ПОЛИЦИЯ СОФИЯ,1,109,540200.27
012-y1537,012,ВОЕННО ФОРМИРОВАНИЕ 32300,1,98,1337607.69
012-y3v3e,012,ВОЕННО ФОРМИРОВАНИЕ 36780-,1,57,529069.37
012-yc6y8,012,МБАЛ ВАРНА КЪМ ВМА,1,139,1388388.27
012-yuqhr,012,ВОЕННО ФОРМ.26600 БРАТОВО,1,83,1034976.60
012-zdm41,012,ПОД 44200 СТ.ЗАГОРА,1,70,524480.18
012-zlhr7,012,ВОЕННО ФОРМИРОВАНИЕ 28430,1,50,310690.82
012-zu2n8,012,22450 СОФИЯ 103036,1,174,3229824.61
012-zx66u,012,ВОЕННО ФОРМИРОВАНИЕ 34410,1,503,6405215.47
013-0m19v,013,РД ПБЗН СМОЛЯН,1,95,768383.83
013-0u6g5,013,РД ПОЖ.БЕЗОП.И ЗАЩ.НА НАСЕ,1,54,918359.15
013-145wc,013,РД ПБЗН ШУМЕН,1,49,455575.24
013-1iwio,013,ДИРЕКЦИЯ КИС,2,1046,78682216.49
013-1lolx,013,БАЗА ЗА ОТДИХ КЪПИНА,1,43,247266.21
013-1t7fv,013,РД ПБЗН ЯМБОЛ,1,44,309464.14
013-2f57h,013,ОД НА МВР ДОБРИЧ,2,225,3236031.18
013-2jsqu,013,РД ПБЗН ВРАЦА,1,74,645109.01
013-2k1mi,013,ОБЛАСТНА ДИРЕКЦИЯ НА МВР ВИДИН,1,227,1778981.00
013-3laoj,013,ОД НА МВР КЮСТЕНДИЛ,1,191,1219776.02
013-4gc8j,013,РДПБЗН МОНТАНА,1,102,689925.58
013-4qgq4,013,БАЗА ЗА ОТДИХ ИЗГРЕВ,1,49,336207.90
013-5lhyt,013,КК ТИЛИЯ,1,88,407471.15
013-5ozlw,013,ЗОНАЛНО ЖАНДАРМ. УПРАВЛ. Бургас,1,37,210649.86
013-63nku,013,РД ПБЗН ПЛЕВЕН,1,103,1561538.17
013-6vozu,013,"ОБЛ.Д Я ""ПОЛИЦИЯ"" СМОЛЯН",2,166,2447120.56
013-70qt6,013,БАЗА ЗА ОТДИХ ОРФЕЙ,1,18,136135.45
013-7dzuw,013,ОБЛ.ДИРЕКЦИЯ НА МВР РУСЕ,1,300,2790207.57
013-7gcgo,013,ОУ ПБЗН Стара Загора,1,131,1198884.68
013-7ghlq,013,РЕГ.ДИРЕКЦИЯ ПБЗН ПЕРНИК,1,47,308894.01
013-85w0g,013,ОБЛ.ДИРЕКЦИЯ НА МВР ПЕРНИК,1,210,1872657.66
013-8fxo3,013,ОД НА МВР ВАРНА,1,490,6289040.14
013-8h6gu,013,БПЛР ФИЛИАЛ ВАРНА ПРИ МИ НА МВР,1,87,307810.50
013-8xzps,013,ОБЛ.Д Я НА МВР ГР.РАЗГРАД,1,223,1176202.92
013-98d0x,013,ГДЖСОБТ,1,387,11519673.89
013-9hs6x,013,МВР,1,2296,253982778.26
013-9rwpi,013,ОД МВР ХАСКОВО,1,244,2522149.49
013-9sz4h,013,РД ПБЗН ХАСКОВО,1,105,937645.49
013-awkhd,013,ГРАНИЧНА ПОЛИЦИЯ ДРАГОМАН,1,149,1269863.88
013-blug9,013,РД ПБЗН КЪРДЖАЛИ,1,78,1108222.39
013-bnvce,013,РДГП-СМОЛЯН,2,138,1392602.97
013-c9as7,013,ЦСПП ВАРНА ПРИ АКАДЕМ.МВР,1,104,900964.20
013-dqzea,013,РД ПБЗН Пловдив,1,198,3172093.61
013-edx9x,013,РД ПБЗН РУСЕ,1,101,617816.46
013-egtbn,013,ОД НА МВР КЪРДЖАЛИ,3,244,1747282.60
013-eohdk,013,"ГД ""НАЦИОНАЛНА ПОЛИЦИЯ""",2,396,6883764.11
013-eza2r,013,РЕГ.ДИР.ПБЗН ТЪРГОВИЩЕ,1,49,334029.12
013-f63m5,013,МЕДИЦИНСКИ ИНСТИТУТ 2027,1,3165,73384009.07
013-fffyy,013,РД ПБЗН БЛАГОЕВГРАД,1,29,359634.19
013-fps8b,013,ЗОНАЛНО ЖАНДАРМ. УПРАВЛ. ВАРНА,1,75,443329.79
013-g2znd,013,БО СЕКВОЯ ДОЛНА БАНЯ,1,14,135223.46
013-gmw3y,013,ОД НА МВР ГАБРОВО,2,194,1721089.73
013-gw8oo,013,"ОД ""Полиция"" Плевен",2,399,2935775.22
013-h0nj5,013,БАЗА ЗА ОТДИХ ЗЕЛЕНИКА КИТ,1,34,255299.49
013-ht2iu,013,СДВР,1,1234,18857578.18
013-hxzmr,013,РДПБЗН ВАРНА,1,112,1287044.82
013-i0c9j,013,ДИРЕКЦИЯ МИГРАЦИЯ МВР,2,433,5466120.56
013-j9qlg,013,ОД НА МВР ЯМБОЛ,1,166,1175493.22
013-jj0gw,013,ОБЛ.Д Я ПОЛИЦИЯ МОНТАНА,1,174,1100218.96
013-joz6s,013,ОБЛ.Д ЯПОЛИЦИЯ БУРГАС,2,577,7307938.95
013-jtg4s,013,ОД НА МВР БЛАГОЕВГРАД,2,314,3549796.94
013-k6wg0,013,ЦСППП КАЗАНЛЪК,1,75,516272.51
013-kpksr,013,РД ПБЗН ГР.Добрич,1,106,993470.41
013-krque,013,РД ПБЗН СИЛИСТРА,1,45,270346.43
013-ls3pd,013,СЕКТОР ОХ САД УССД МВР,1,1725,11899087.00
013-lwgsi,013,ОД на МВР В.ТЪРНОВО,1,379,5450071.71
013-m27e6,013,РД ПБЗН ПАЗАРДЖИК,1,60,395546.77
013-mf7dz,013,ОБЛ.Д Я ПОЛИЦИЯ СЛИВЕН,1,259,1490128.06
013-mo28w,013,БПЛР МИ МВР ФИЛИАЛ ХИСАРЯ,1,121,674592.09
013-mqn4f,013,РД ПБЗН РАЗГРАД,1,42,377828.22
013-n9dqn,013,РДГП Бургас,1,188,3479847.74
013-ncdua,013,РДПБЗН В.ТЪРНОВО,1,149,915902.56
013-ndc7l,013,ЗЖУ МОНТАНА,1,53,239782.82
013-nkrc5,013,ЦСПП ПО ПБЗН ВАРНА,1,48,284371.44
013-nupc8,013,ОД ПОЛИЦИЯ ПАЗАДЖИК,1,243,2023602.17
013-nw7vw,013,ЗОНАЛНО ЖАНДАРМ. УПРАВЛ. ПЛОВДИВ,1,126,676617.14
013-nx11m,013,РДГП ГКПП АЕРОГАРИ,1,16,151502.38
013-ojsxp,013,РД ПБЗН СЛИВЕН,1,43,307158.77
013-onire,013,"ДИР.""НАЦИОНАЛ.СИСТЕМА112""",1,5,30358.47
013-osvzv,013,РД ПБЗН София,1,118,743437.31
013-p8ozd,013,Д УССД МВР,1,3442,130437964.44
013-po3cc,013,РДГП КЮСТЕНДИЛ,1,98,1147697.92
013-q8cpl,013,ЗОНАЛНО ЖАНДАРМЕРИЙСКО УПР.КЪРДЖАЛИ,1,120,663137.36
013-qc4bp,013,ЦСПП ПАЗАРДЖИК,1,227,1833597.08
013-qucp3,013,ОБЛАСТНА ДИР. ПОЛИЦИЯ,1,736,6179439.03
013-r74mg,013,СД ПБЗН,2,169,1606536.36
013-rkzow,013,ГД ПБЗН,2,603,23726679.87
013-roxcm,013,РД ПБЗН,1,154,1645403.35
013-s4kw2,013,ОБЛ. ДИР. ПОЛИЦИЯ СОФ. ОБЛ.,1,320,3142078.83
013-s4ol9,013,РДПБЗН КЮСТЕНДИЛ,1,42,347120.79
013-sl4ui,013,ГД ГРАНИЧНА ПОЛИЦИЯ,2,1420,171051800.95
013-tkhh3,013,РДГП Русе,1,180,1886892.97
013-vu4qq,013,ЗОНАЛНО ЖАНДАРМ. УПРАВЛ. ПЛЕВЕН,1,52,254306.32
013-woe73,013,РД ПБЗН ВИДИН,1,51,377483.26
013-wv1m9,013,Зонално жандармерийско уп е Русе,1,54,284467.88
013-x2ekt,013,ОБЛ.ДИРЕКЦИЯ НА МВР ШУМЕН,1,133,1093296.65
013-x6n7e,013,ЗОНАЛНО ЖАНДАРМ. УПРАВЛ. СОФИЯ,1,186,2008758.87
013-xb69t,013,МИ МВР ФИЛИАЛ БАНКЯ 102883,1,35,157472.62
013-xid6h,013,АКАДЕМИЯ МВР,1,521,20200570.48
013-xt4ej,013,Д Я МЕЖДУНАРОДНИ ПРОЕКТИ,2,240,83237232.86
013-xwxk7,013,ОД НА МВР СИЛИСТРА,1,158,1294037.00
013-y1biy,013,ОБЛ.Д Я НА МВР ТЪРГОВИЩЕ,1,131,1169606.13
013-y8jgx,013,ОБЛ.Д Я НА МВР ВРАЦА,1,272,4327468.94
013-yrc74,013,КК ЛАЗУР ПД МВР НЕСЕБЪР,1,63,317550.38
013-z458w,013,РД ПБЗН ЛОВЕЧ,1,76,1121419.97
013-z7ltf,013,РД ГРАНИЧНА ПОЛИЦИЯ ЕЛХОВО,1,405,14878263.28
013-zf3ov,013,ОД ПОЛИЦИЯ СТ.ЗАГОРА,1,427,3090527.16
013-zqodj,013,ФОНДзаБЕЗОПАСНнаДВИЖЕНИЕТО,1,696,119082688.70
013-zqv0l,013,ОБЛ. ДИР. ПОЛИЦИЯ ЛОВЕЧ,1,151,3054897.95
014-08g3o,014,МП ЗАТВОРА БУРГАС,1,493,7435626.23
014-0nav7,014,ЗАТВОР САМОРАНОВО,1,3,13307.69
014-2m7ov,014,ОДО Бургас,1,5,26950.34
014-6fpno,014,ЗАТВОРА ВАРНА,1,333,7336216.94
014-6xkc5,014,ЗАТВОРА ПЛОВДИВ,1,327,4593918.96
014-8x8pk,014,АГЕНЦИЯ ПО ВПИСВАНИЯТА ИМОТЕН РЕГИС,1,991,28755862.97
014-9yp33,014,"ГД ""ОХРАНА"" В.ТЪРНОВО",2,18,100348.46
014-a4fv7,014,ОС ИЗПЪЛ.НА НАКАЗАНИЯ П В,1,95,896359.93
014-aan3x,014,БЮРОпоЗАЩИТАнаЗАСТР.ЛИЦА,1,83,391904.04
014-bqcbn,014,ЗАТВ.ОБЩЕЖИТИЕ СМОЛЯН,1,123,1082570.03
014-ctu28,014,ЦЕНТР.РЕГИСТЪР ОСОБ.ЗАЛОЗИ,1,19,79478.26
014-dngtd,014,ОДО София,2,43,265059.13
014-emdv2,014,ГД ОХРАНА ЦУ,1,587,10484481.21
014-fmolt,014,ОС ИЗП.НА НАКАЗАНИЯТА БЛ Д,1,144,769118.10
014-fzgsk,014,ОЗ ИЗПЪЛН.НА НАКАЗ.БУРГАС,1,111,495693.50
014-i39wd,014,ОС ИЗПЪЛНЕНИЕ НА НАКАЗ.,1,222,2816629.46
014-iavya,014,МП ГД ИН ЗАТВОРА СЛИВЕН,1,194,2076773.68
014-j2o4u,014,М во на правосъдието,1,1332,48527618.84
014-j93bs,014,НАЦ.БЮРО ЗА ПРАВНА ПОМОЩ,1,412,4018440.91
014-jsy72,014,ЗАТВОРА ВРАЦА,1,314,4455594.45
014-kh6zn,014,ЗАТВОР ГР.ПАЗАРДЖИК,1,234,3332862.51
014-lj14u,014,ЗАТВОР БЕЛЕНЕ,1,192,3178467.65
014-mxwgy,014,ОС ИЗП.НА НАКАЗАНИЯТА В.Т,1,125,697667.75
014-n2rb1,014,ОДО Варна,3,17,77652.85
014-nhkmn,014,ГД ИЗПЪЛНЕНИЕ НА НАКАЗАНИЯТА,1,1204,84510307.47
014-pzv1e,014,ОДО Пловдив,2,8,108212.51
014-qp4q5,014,"ГД ""ОХРАНА"" БУРГАС",1,1,2708.31
014-qui8h,014,ЗАТВОР СОФИЯ,1,531,14538764.41
014-st4p8,014,ЗАТВОРА СТАРА ЗАГОРА,1,325,5718752.10
014-tcmc4,014,МП ЗАТВОРА ПЛЕВЕН,1,211,3152663.02
014-ttizu,014,ЗАТВОРА ЛОВЕЧ,1,330,6115527.02
014-vony8,014,ОС ИЗП.НА НАКАЗАНИЯ ПЛЕВЕН,1,29,133296.39
014-y69ft,014,ОС ИЗП.НА НАКАЗАНИЯТА ВАРН,1,164,781580.15
014-zwuzt,014,МП ГД ИН ЗАТВОР БОБОВ ДОЛ,1,238,3362908.37
015-09265,015,РСЗ ПЛОВДИВ,1,512,4024025.85
015-1cisq,015,РСЗ СОФИЯ,1,753,4088679.19
015-2q0bu,015,ОДБТ- ПЛЕВЕН,5,216,1332853.06
015-3leg7,015,ДБТ - ГОЦЕ ДЕЛЧЕВ,8,586,2927922.01
015-4agkj,015,ОДБТ- ЛОВЕЧ,4,111,672585.39
015-5mbnk,015,ДБТ - МОМЧИЛГРАД,5,108,545731.34
015-62rav,015,ОДБТ- СМОЛЯН,4,161,689845.47
015-6dp2f,015,ФОНД СОЦИАЛНА ЗАКРИЛА,2,811,10458217.87
015-6ni6j,015,АГЕНЦИЯ ЗА СОЦИАЛНО ПОДПОМ,1,21654,2356805871.27
015-76bcs,015,ОДБТ- ВИДИН,3,249,1171751.17
015-7hqtd,015,РДСП ПЛЕВЕН,1,2357,155354316.40
015-8p82p,015,ОДБТ- СОФИЯ - ЛЮЛИН,3,139,871315.29
015-8rky5,015,РДСП-СОФИЙСКА ОБЛАСТ,1,3022,131920403.54
015-9phwr,015,ИА ГИТ П.К.2007,1,306,2736311.91
015-9t8cb,015,ОДБТ- ХАСКОВО,4,226,1057255.72
015-aepwn,015,РДСП ВАРНА,8,2143,196549983.28
015-al3nv,015,РСЗ БУРГАС,1,592,4140192.96
015-atuqs,015,ДРСЗ РУСЕ,17,907,6720202.83
015-chuoc,015,РДСП СОФИЯ-ГРАД,1,3391,453108323.14
015-ciksy,015,ОДБТ- БУРГАС,6,241,1110945.06
015-dipx8,015,РДСП ВРАЦА,1,2041,142850011.36
015-dwhr2,015,М во на труда и соц.полит.,1,2213,55374346.36
015-dyitt,015,АКСУ,1,52,377806.72
015-earog,015,РДСП РАЗГРАД,6,1431,70994516.34
015-ehhe8,015,РДСП ХАСКОВО,1,2785,115304461.17
015-f4oi9,015,ОДБТ- МОНТАНА,3,251,1325969.92
015-f5fhc,015,РДСП ЯМБОЛ,1,1020,62752686.23
015-f6mey,015,АГЕНЦИЯ ПО ЗАЕТОСТТА,1,44910,360535175.09
015-fuhkb,015,ОДБТ- СОФИЯ - ИЗТОК,4,142,848508.66
015-g4lw8,015,ДА ЗА ЗАКРИЛА НА ДЕТЕТО,1,142,2186539.54
015-g5yn8,015,РДСП ШУМЕН,1,2147,99872546.57
015-h9mn5,015,РДСП МОНТАНА,1,1803,91718054.33
015-hs9y9,015,РДСП СЛИВЕН,1,1722,104684348.47
015-jdsyy,015,ОДБТ- ПАЗАРДЖИК,5,179,901992.04
015-kma5m,015,ОДБТ- ЯМБОЛ,2,147,583492.30
015-l1w3d,015,ДРСЗ ВАРНА,16,814,5220905.85
015-lam6d,015,Д Я РЕГ.СЛ. ПО ЗАЕТ. БЛАГ,1,419,3551124.43
015-lmjng,015,РДСП КЪРДЖАЛИ,1,2045,92124147.97
015-lrnex,015,РДСП ТЪРГОВИЩЕ,1,1010,56428371.25
015-m573p,015,ОДБТ- СОФИЯ - ВЪЗРАЖДА,2,247,1311401.02
015-mfqem,015,ФОНД УСЛОВИЯ НА ТРУД,2,257,6826824.61
015-mmnme,015,РДСП КЮСТЕНДИЛ,11,1249,78611062.24
015-mz5o7,015,ОДБТ- СОФИЯ - СЕРДИКА,2,221,1304874.65
015-n7nh3,015,РДСП ДОБРИЧ,25,1551,68544796.43
015-n81t6,015,ДРСЗ,1,415,2644995.98
015-nbocc,015,РДСП ПАЗАРДЖИК,1,2535,130158481.96
015-nzalq,015,ОДБТ- СТАРА ЗАГОРА,4,198,1078066.46
015-o2y89,015,ОДБТ- СЛИВЕН,14,199,944562.47
015-ofuj0,015,НИПА,1,2,6235.83
015-ok3vh,015,РДСП ВИДИН,1,1729,66636375.47
015-pspw5,015,РДСП СИЛИСТРА,7,1009,78685041.96
015-r6qlt,015,РДСП ЛОВЕЧ,6,1198,78809419.47
015-re1v5,015,ОДБТ- ПЕРНИК,2,66,372762.37
015-rlnfi,015,РСЗ МОНТАНА,1,487,4683335.18
015-rm393,015,АГЕНЦИЯ ЗА ХОРАТА С УВРЕЖД,1,1465,12568557.05
015-rnhor,015,РДСП ВЕЛИКО ТЪРНОВО,1,2072,110183347.69
015-rrg8n,015,РДСП РУСЕ,9,1377,93910648.34
015-rx8ph,015,Регионална дирекция Соц. подпом.,1,2205,136633029.46
015-szt1h,015,ОДБТ- ВРАЦА,5,258,1262836.57
015-t2pyh,015,РДСП ПЛОВДИВ,2,3282,335765457.74
015-tc0v7,015,РДСП БЛАГОЕВГРАД,9,2554,176034544.92
015-tkbvo,015,ОДБТ- ГАБРОВО,1,88,427505.86
015-vcy3f,015,РДСП ПЕРНИК,13,1031,67063662.09
015-vlipy,015,ОДБТ- ВЕЛИКО ТЪРНОВО,4,147,690147.76
015-vp43f,015,РСЗ ЛОВЕЧ,1,521,3968856.04
015-wd069,015,ОДБТ- ПЛОВДИВ,6,284,1359546.28
015-xagif,015,РДСП СМОЛЯН,8,1171,50939502.70
015-xjq13,015,Ц Р ЗА Р Е НА Ч.Р.И РЕГ.ИН,1,590,5882350.70
015-xzz0l,015,РДСП БУРГАС,12,2247,158288724.10
015-y05ud,015,РДСП ГАБРОВО,2,973,68499514.02
015-y26cu,015,РДСП БЛАГОЕВГРАД/ХАДЖИДИМОВО,1,8,259439.55
016-00dje,016,Ц С М П ВИДИН,1,75,291287.02
016-074ne,016,РЗИ гр.В.Търново,1,68,439819.98
016-0jxks,016,ЦСМП ВРАЦА,1,95,501443.98
016-1cc2g,016,РЕГ.ЗДРАВНА ИНСПЕКЦИЯ Т ЩЕ,1,36,182102.97
016-1grwo,016,ЦКОДУХЗ СТАРА ЗАГОРА,1,86,615370.72
016-1wbyg,016,ЦСМП ПЛЕВЕН,1,142,799198.77
016-1x35k,016,ЦКОДУХЗЦВидин,1,15,144424.44
016-24aiv,016,ЦСМП СМОЛЯН,1,74,347365.25
016-2a423,016,ЦСМП КЪРДЖАЛИ,1,89,552404.41
016-2qw5e,016,РЕГ.ЗДРАВНА ИНСП.ЯМБОЛ,1,15,119029.36
016-37f3n,016,ЦСМП ЯМБОЛ,1,69,271769.19
016-3aisi,016,ЦАР,1,294,820704.13
016-3ioyp,016,ЦЕНТЪР ЗА СПЕШНА МЕДИЦИНСК,1,83,388245.36
016-3jfcy,016,ДПБ КАРВУНА,1,65,498666.78
016-3w78l,016,ИЗП.АГЕНЦИЯ ПО ЛЕКАРСТВАТА,1,314,2504715.76
016-422nu,016,ЦСМП КЮСТЕНДИЛ,1,96,400917.71
016-4bfvy,016,РЗИ КЪРДЖАЛИ,1,37,262130.65
016-4ui7e,016,РЕГ.ЗДРАВНА ИНСП.ШУМЕН,1,30,164240.32
016-4zi3y,016,ДЪРЖАВНА ПСИХИАТРИЧ БОЛНИЦ,1,98,604285.60
016-559st,016,ДЪРЖАВНА ПСИХИАТРИЧНА БОЛНИЦА,1,84,453160.12
016-5sias,016,ЦСМПВ,1,78,921642.06
016-5texs,016,РЦТХ-БУРГАС,4,32,2287994.76
016-6c12r,016,РЗИ ВРАЦА,1,95,863047.74
016-6mc8z,016,ЦСМП ГАБРОВО,1,58,258486.56
016-72ci3,016,НЦРРЗ,1,207,1544820.63
016-7qivk,016,ЦКОДУХЗ ГР. СИЛИСТРА,1,9,33487.19
016-80jcy,016,ПСИХИАТРИЧНА БОЛНИЦА ЛОВЕЧ,1,205,1109943.37
016-89a83,016,ЦСМП РАЗГРАД,1,57,219169.62
016-8anrs,016,ЦСМП ПАЗАРДЖИК,1,113,501869.24
016-9llqp,016,Ц С М П ПЛОВДИВ,1,300,1774362.30
016-9m8w7,016,Ц-Р ЗА СПЕШНА МЕД.ПОМОЩ С-Я ГР,2,396,4851250.77
016-9rtbr,016,ДМСДГ СТ.ЗАГОРА,1,201,1339238.77
016-9xvik,016,ЦСМП ХАСКОВО,1,162,1031999.68
016-a1mo2,016,РЕГ.ЗДРАВНА ИНСП.МОНТАНА,1,36,279924.56
016-a2417,016,НЦЗПБ,1,538,6557057.09
016-a7u1q,016,ДМСГД ПЛЕВЕН,1,110,610719.30
016-ar0uo,016,РЗИ Стара Загора,1,65,1034390.32
016-bgpb9,016,РЗИ гр.Пловдив,1,193,1507869.45
016-bsi5q,016,ДЪРЖ.ПСИХ.БОЛНИЦА КЪРДЖАЛИ,1,234,1468941.60
016-bzfd1,016,ЦКОДУХЗ Сливен,1,41,243949.04
016-cct3t,016,ЦСМП ЛОВЕЧ,1,84,448985.96
016-cxnxz,016,ДПБ Д Р Г.КИСЬОВ,1,267,3134518.76
016-dchab,016,РЦ ПО ТРАНСФУЗИОННА ХЕМАТОЛОГИ,1,208,863526.27
016-e83mj,016,ЦСМП ВАРНА,1,177,1391764.43
016-es8w9,016,РЗИ БЛАГОЕВГРАД,1,48,317516.34
016-fn4dt,016,НЦ по трансфуз.хематология,1,649,44038192.80
016-fnrr8,016,ЦКО НА ДЕЦА С У И ХЗ Ц ДЕБЕЛЕЦ,1,33,250540.91
016-fszlh,016,РЕГ.ЗДРАВНА ИНСПЕКЦИЯ Г ВО,1,17,90966.43
016-gcn91,016,РЗИ СЛИВЕН,1,45,238609.01
016-geoag,016,ЦСМП РУСЕ,1,65,339276.25
016-gx06m,016,РЕГ.ЗДРАВНА ИНСП.ПЕРНИК,1,43,315184.91
016-gzwyu,016,РЕГИОНАЛ. ЗДРАВНА ИНСПЕКЦИЯ СМОЛЯН,1,61,1295247.98
016-h356w,016,ДПБЛНА,1,266,1826703.04
016-h80wz,016,ЦСМП МОНТАНА,1,70,347141.63
016-hej24,016,РЗИ ГР.СИЛИСТРА,1,25,183015.60
016-ifu8z,016,ДМСГД ВАРНА,1,261,1525689.41
016-ipsis,016,ЦКОДУХЗ Бузовград,1,89,420850.55
016-iud4u,016,РЕГ.ЗДРАВНА ИНСП.ЛОВЕЧ,1,24,154985.32
016-iwd6l,016,РЗИ КЮСТЕНДИЛ,1,59,314790.16
016-jgpu1,016,ЦСМП ДОБРИЧ,1,58,298041.31
016-kcukf,016,РЕГ.ЗДРАВНА ИНСПЕКЦИЯ РУСЕ,1,72,1189601.90
016-lljwy,016,ЦСМП,1,127,633584.38
016-lvcyz,016,ДМСГД КЪРДЖАЛИ,1,64,295519.73
016-lze26,016,ДЪРЖ.ПСИХ.БОЛН. КАРЛУКОВО,1,199,1354583.61
016-miao6,016,Р Ц Т Х ПЛОВДИВ,1,258,2685793.52
016-mtzpg,016,ЦСМП ТЪРГОВИЩЕ,1,17,58626.30
016-n04db,016,РЕГ.ЗДРАВНА ИНСП.ДОБРИЧ,1,38,212234.78
016-n27f3,016,"ИА ""МЕДИЦИНСКИ НАДЗОР""",2,275,2002429.26
016-n3845,016,НЦОЗА,1,381,3281091.43
016-n96au,016,СЕБРА ЦКОДУХЗ Ц СОФИЯ,1,65,299796.15
016-ntop8,016,ЦКОДУХЗ Ц ХАСКОВО,1,30,162783.82
016-oalqi,016,РЗИ ВАРНА,1,181,1146488.39
016-okv53,016,ДЪРЖ.ПСИХ. БОЛНИЦА ШУМЕН,1,136,827130.71
016-ou9w3,016,РТЦТХ СТ.ЗАГОРА,1,123,641007.21
016-p02my,016,ДЪРЖ.ПСИХ.БОЛНИЦА СЕВЛИ,1,91,446803.95
016-pj7h4,016,РЗИ София област,1,49,221221.03
016-pk6fy,016,ЦКОДУХЗ КЪРДЖАЛИ,1,85,560643.91
016-pm899,016,ДЪРЖ.ПСИХ.БОЛНИЦА БЯЛА,1,128,877294.51
016-ptj7d,016,ЦКОДУХЗ Ц ДОБРИЧ,1,28,197335.69
016-q08vb,016,ЦКОДУХ3 БЛАГОЕВГРАД,1,44,368239.12
016-qqb2u,016,ДПБ СВ.ИВ.РИЛСКИ - КУРИЛО,2,155,1353847.88
016-r1330,016,НЕЛК 1498,1,145,1989810.90
016-r2oc2,016,ЦСМП БЛАГОЕВГРАД,1,176,1037186.47
016-s05kd,016,РЗИ София град,1,354,4446638.15
016-ta7sy,016,РЗИ ХАСКОВО,1,33,159850.18
016-tp7qa,016,РЕГ.ЗДРАВНА ИНСП.ПЛЕВЕН,1,45,678804.40
016-u7ntg,016,ЦСМП СЛИВЕН,1,77,359551.07
016-umizs,016,ЦСМП ШУМЕН,1,76,388395.76
016-v1h1b,016,РЕГИОН.ЗДРАВНА ИНСПЕЦИЯ РАЗГРАД,2,20,185036.54
016-v4vcs,016,ЦСМП СТАРА ЗАГОРА,1,141,732495.18
016-v61m2,016,РЗИ гр.Видин,1,22,253924.68
016-vl37a,016,РЗИ БУРГАС,2,103,988650.74
016-wjf0c,016,ЦСМП ПЕРНИК,1,94,337761.86
016-x4rmb,016,РЕГ.ЗДРАВНА ИНСП.ПАЗАРДЖИК,1,40,287734.55
016-xhgpl,016,М во на здравеопазването,1,17764,1541965160.03
016-xvnvx,016,НЦОК в с мата на спешната помощ,1,2,13916.00
016-y081o,016,РЦ по трансфузионна хематология,1,159,1225185.66
016-yneoi,016,ЦКОДУХЗ Ц Бургас,1,152,716048.82
016-zmo8q,016,НСпоЦЕНИиРЕИМБУРСнаЛЕК.ПР.,1,42,425622.17
016-zohcs,016,ЦСМП БУРГАС,1,162,1383563.31
017-00v06,017,ПГЕТЗАХ.СТОЯНОВХ ЛИ,1,94,773423.44
017-055u4,017,РЦПППО МОНТАНА,1,18,78130.32
017-06ux2,017,ПГТМ БОТЕВГРАД,1,116,712575.75
017-0cgyu,017,РЦ ПРИОБЩАВАЩОТО ОБРАЗ. ОБ. ЯМБОЛ,1,11,35983.78
017-0lu57,017,ПГОХХТПРОФ.Д Р А.ЗЛАТАРОВ,3,45,314914.08
017-0q9m0,017,"ПТГ""С. ВЕЛИКИ"" В. ПРЕСЛАВ",2,82,801903.19
017-0s10h,017,ЦСОП ЛЕДА МИЛЕВА,1,123,1582541.67
017-0umkg,017,ПРОФЕСИОНАЛНА ГИМНАЗИЯ ПО,1,172,1863000.83
017-0y1n7,017,СУУУС СВ. ИВАН РИЛСКИ,1,42,377806.15
017-11krw,017,ПГ ПО ТРАНСПОРТ ХРИСТО СМИРНЕНСКИ,2,72,573811.39
017-16k3f,017,ПУ ЦЪРКВА,1,31,242170.85
017-1j2sw,017,РУО ВРАЦА,1,17,67843.17
017-1j37a,017,НПТГ ШАНДОР ПЕТЬОФИ РАЗГРАД,1,153,3083181.17
017-1mssk,017,ПРОФ.ТЕХН.ГИМН Я ВАПЦАРОВ,1,103,1163207.84
017-1ru8a,017,СПГ ПО ТУРИЗЪМ И СТРОИТ.ВАПЦАРОВ,1,70,724393.32
017-1thwj,017,ПГСАГ Н.ФИЧЕВ ПЛЕВЕН,1,21,155591.11
017-1uivs,017,ПГ ПО Т ЗЪМ И ХВП СВ.СВ.КИ,1,29,222912.95
017-1xdp0,017,ПГХТБТ МАРИЯ КЮРИ,1,100,683341.86
017-22k1y,017,ПГ ПО ИКОНОМИКА РОБЕР ШУМАН,1,91,774164.48
017-2dz78,017,ПГ ПО МЕХАТОЕЛЕКТРОТ 2010,1,84,597976.22
017-2g3a5,017,РПГ НИКОЛА СТОЙЧЕВ,1,45,770285.35
017-2i8nf,017,РЦПППО ОБЛАСТ ВЕЛИКО ТЪРНОВО,1,10,32807.88
017-2mii9,017,ПГТ АЛЕКСАНДЪР ПАСКАЛЕВ,1,89,1690912.84
017-2qpi2,017,ТЪРГОВСКА ГИМНАЗИЯ В. АПРИЛОВ,1,34,276160.69
017-31f88,017,НПГ ДИМИТЪР ТАЛЕВ,1,235,2744396.54
017-32kyz,017,ПГ ПО ЛЕКА ПРОМИШЛ.,1,50,1378603.34
017-3ghbw,017,ПГО ЕЛИСАВЕТА БАГРЯНА,1,56,499465.70
017-3hikv,017,ПГ ПО СТР ВО И АРХ РА ПАЗАРДЖИК,1,53,1053903.61
017-3iypt,017,ДОУ ВАСИЛ ЛЕВСКИ,1,4,29417.32
017-3qln2,017,РУО СОФИЯ ГРАД,1,70,466680.82
017-3sb18,017,ПГ ПО ЕЛЕКТРОТ.КЪРДЖА,1,100,4962470.99
017-3u8in,017,ПГМТ ВЛАДИМИР КОМАРОВ СИЛИСТРА,1,37,228253.52
017-41x3y,017,ПГ ПО ТЕКСТ.И КОЖ.ИЗДЕЛИЯ,1,99,1021726.95
017-43no4,017,РЦППП0 ГАБРОВО,1,15,82591.42
017-44rw8,017,ЦСОП ПАЗАРДЖИК,1,31,345717.04
017-47kqr,017,ПГ РАДНЕВО,1,45,497051.08
017-49hsk,017,ЦЕНТЪР ЗА РАЗВИТИЕ НА ЧР,1,109,852695.57
017-4crc4,017,РУО РАЗГРАД,1,22,96664.08
017-4d85b,017,ПГ В.ЛЕВСКИ КЪРДЖАЛИ,1,25,237145.61
017-4ehko,017,ПГ ПО ФРИЗЬОР. И РЕСТОРАНТ,1,51,322448.68
017-4oqfr,017,ЦСОП ГР.В.ТЪРНОВО,1,27,238208.28
017-4p5rf,017,ТПГ МАРИЯ КЮРИ ПЕРНИК,1,71,444749.25
017-4p81k,017,ВУИ РАКИТОВО,1,120,921146.43
017-4pjf7,017,РУО ПАЗАРДЖИК,1,28,131634.19
017-4prpe,017,ПГ ПО ЕЛЕКТР. И СТР,1,54,409942.00
017-4rb7p,017,ПГ ОБЛ. И ТУР. ПЕРНИК,1,39,308995.25
017-4rxce,017,НПМГ АКАДЕМИК ЛЮБОМИР ЧАКАЛОВ,2,244,3866881.96
017-4zy1e,017,ПГТ ПЕНЧО СЕМОВ,1,117,1405441.48
017-52xov,017,РЦ ЗА ПОДКРЕПА НА ППО,1,106,760276.82
017-56ezc,017,РУО НА МОН ГАБРОВО,1,21,83511.07
017-58vnj,017,ПГ ВЕЛИЗАР ПЕЕВ СВОГЕ,1,247,4246849.86
017-59jwf,017,ПРОФ.ГИМН.ПОаСТРОИТ.аАРХ.аГЕОД.А.П,2,146,904576.71
017-5awgs,017,НАЦ. ДВОРЕЦ НА ДЕЦАТА 1628,1,100,1425519.42
017-5jaum,017,РУО НА МОН БЛАГОЕВГРАД,1,29,143821.85
017-5p7td,017,ПГ ПО ТРАНСПОРТ МАКГАХАН,1,177,1750456.21
017-5r06k,017,ПГХТ АКД.Н.Д.ЗЕЛИНСКИ,1,100,992664.45
017-5yq51,017,ПГЕБ ПРОФЕСОР Д Р АСЕН ЗЛ,2,190,1441360.91
017-5zcyn,017,ЦЕНТЪР ЗА СПЕЦ.ОБРАЗОВ.ПОД,1,65,378556.24
017-5ztwx,017,ПГ ПО ТЕЛЕКОМУНИКАЦИИ 1534,1,163,1566440.71
017-603i6,017,МОН,2,9287,1988099286.41
017-6mp51,017,РУО СИЛИСТРА,1,23,117556.30
017-6t9u3,017,РЕГ У НИЕ НА ОБРАЗОВАНИЕТО,1,29,126645.18
017-6vyw3,017,ЦСОП Д Р ВЛАСАКИ ШУМАНОВ,1,36,248837.34
017-6ytcq,017,ЦСОП Д Р П.БЕРОН ДОБРИЧ,2,87,914908.76
017-7agwk,017,Н.ПР.Г.ПО ПР.Т.О.ЛОМОНОСОВ,1,196,1824575.89
017-7arqq,017,NATIONAL INSPECTORATE OF EDUC,1,24,216674.63
017-7eiao,017,ПГ по ЖПТ Хр Смирненски,1,177,1920951.56
017-7fhdt,017,ПГ СТРОИТЕЛСТВО И ГЕОДЕЗИЯ,1,158,1345165.22
017-7mqim,017,ПРОФ. ГИМН. ПО ТРАНСПОРТ,1,96,830253.69
017-7my3b,017,ПГ ПСТТ Н.ВАПЦАРОВ,1,192,1922145.12
017-82s35,017,ЦСОП ЕДУАРД СЕГЕН,1,28,279980.60
017-87fs7,017,РУО КЪРДЖАЛИ,1,27,114652.99
017-88i3h,017,ПГ ПО ИКОНОМИКАА.КОНСТАНТ,3,81,694443.01
017-89znv,017,ФСПГ ВАСИЛ ЛЕВСКИ МОНТАНА,1,81,552635.91
017-8c4f6,017,ЦСОП СИЛИСТРА,1,55,552251.97
017-8hlqz,017,РЦПИОВДУСОП ПЕРНИК,1,46,241032.40
017-8i7fm,017,СУУУС Проф. Д-р ДЕЧО ДЕНЕВ,4,300,1478288.39
017-8l5wd,017,ПТГ ВАСИЛ ЛЕВСКИ ВИДИН,1,30,449721.56
017-8tjnc,017,ПГПТ ЕВЛОГИ ГЕОРГИЕВ СИЛИСТРА,1,82,464630.28
017-8ttf4,017,ПГИ КАРЛ МАРКС СМОЛЯН,2,52,538958.39
017-8u7kc,017,РУО МОНТАНА,1,23,81580.67
017-8w83p,017,Център СОП П.Р.СЛАВЕЙКОВ,1,94,677385.15
017-8yxc7,017,ПГ ПО ОБЛЕКЛО И СТОП.У ИЕ,1,117,1009434.86
017-8zm9w,017,ПГ ПО МЕХАНОЕЛЕКТРОТЕХНИКА,1,182,1680184.24
017-95340,017,ЦОИДУЕМ,1,415,4681979.57
017-99gmw,017,ПГ ПО ОБЛЕКЛО ПЛОВДИВ,1,84,618549.45
017-9abo4,017,СПГ ПО ЕЛЕКТРОНИКА 1926,1,116,1223403.64
017-9bvf5,017,ЦСОП ВАСИЛ ЛЕВСКИ,1,16,369214.48
017-9d25g,017,134 СУ ДИМЧО ДЕБЕЛЯНОВ,1,165,2586688.49
017-9ez1d,017,ЦСОП СВ.СВ.КИРИЛ И МЕТОДИ КРИВНЯ,1,36,257021.31
017-9friz,017,ИНСПЕКТОРАТ ПО ОБРАЗОВАНИЕ,1,60,443713.75
017-9psrs,017,ПГ ПО СТРОИТЕЛСТВО ХР СМИР,1,13,131856.71
017-9t36s,017,ПГ ПО ЕЛЕКТРОТЕХНИКА,1,159,1294712.68
017-a2fct,017,ПГ ПО ТРАНСПОРТ Г. ДЕЛЧЕВ,1,129,1007061.44
017-a5mpq,017,ПГ ПО ТУРИЗЪМ Н.Й.ВАПЦАРОВ,1,35,328824.57
017-a7tch,017,ПГ СТ.КАРАДЖА ЕЛХОВО,1,59,417523.63
017-agepm,017,ПГ ПО ТРАНСПОРТ И МАШИН,1,55,509627.42
017-ao0n7,017,ПГ ПО ТУРИЗЪМ И ТЕКСТИЛ,1,104,809627.02
017-ap51t,017,ПГ ПО СТОИТЕЛСТВО СТ.ЗАГОР,1,91,659197.86
017-arrwb,017,ПГЕЕ гр. БАНСКО,1,111,1147828.52
017-aumnn,017,Ц Р ЗА СПЕЦ.ОБРАЗОВ.ПОДКРЕПА КУБРАТ,1,35,424329.53
017-b5gk0,017,ПГ ПО МЕХАНОТЕХНИКА,1,189,2854918.85
017-b7n7s,017,ЦЕНТЪР ЗА СОП С.НОВО СЕЛО,1,25,143910.81
017-bcu2p,017,НПГГС ХРИСТО БОТЕВ ВЕЛИНГР,1,116,1063334.20
017-bg3ai,017,СПИ ХР.БОТЕВ С.ВАРНЕНЦИ,1,67,845928.98
017-bkw54,017,ЦСОП СТЕФАН ВАСИЛЕВ,1,23,286504.56
017-blhh3,017,ПГ ПО ИКОНОМИКА И УПРАВЛЕН,1,82,725418.67
017-bnzdp,017,ПГ ПО ЛЕКА ПРОМИШЛЕНОСТ И,1,119,945418.78
017-bo2gg,017,ПГ ВАСИЛ ЛЕВСКИ ИХТИМАН,1,147,1926046.33
017-bpiln,017,ЦИОО 1622,1,6,62780.66
017-bs2oy,017,ПТГ Д Р НИКОЛА ВАСИЛИАДИ,1,338,5010403.06
017-bzhp5,017,ПГБРАТЯ ЕВЛОГИ И ХРИСТО Г,1,109,1196946.85
017-c7e7z,017,ПГТЛП ПОПОВО,1,113,1216878.22
017-c95hy,017,НПГ ПО ВЕТЕРИНАРНА МЕДИЦИН,1,97,2208219.81
017-cjvrx,017,ЦСОП Каварна,1,15,242377.86
017-clktg,017,РЦПППО,1,114,405768.86
017-cm7ks,017,РЦПППО ДОБРИЧ,1,28,112969.61
017-cqvcw,017,ПГ ПО ХОТЕЛИЕРСТВО И ТУРИЗ,1,68,488855.03
017-czz42,017,ПТГ ЦАР СИМЕОН,1,134,1075744.15
017-d1u91,017,ПРОФ.ГИМНАЗИЯ ПО СТР ВО АРХ.ГЕОДЕЗ,2,130,1212818.49
017-d91co,017,ПГ ПО ЕЛЕКТРОНИКА,1,63,460006.04
017-ddgwt,017,ТМЕТ ЮРИЙ ГАГАРИН ПЕТРИЧ,1,98,880376.63
017-de0s9,017,ПГ ПО ТЕХНИКА И ТЕХНОЛОГИИ,1,93,2716471.77
017-dfrfu,017,РУО-Ловеч,2,19,79154.42
017-dom2t,017,ПГ ОБЛЕКЛО И ХРАНЕНЕ СТ.З,1,142,1870583.09
017-doui3,017,РЦПППО ПЛЕВЕН,1,14,85838.65
017-doyau,017,СЛИВ.ПГ ПО СТР.И ГЕОДЕЗИЯ,1,45,424579.90
017-dww1c,017,ПГВСПТУ КЪМ ЗАТВОРА СТ.З,1,6,54113.25
017-e0lvp,017,ПГ ПО КОЖЕНИ ИЗДЕЛИЯ И ТЕКСТИЛ,1,77,678381.53
017-e2h5e,017,ПЪРВО ПОМ.У,1,180,703798.27
017-e4v16,017,ПГ ВАСИЛ ДИМИТРОВ МАДАН,2,62,426764.59
017-ef76c,017,РУО-СМОЛЯН,1,19,80020.10
017-ekqs2,017,ПГ МАШИНОСТРОЕНЕ ЯКОРУДА,1,97,894941.71
017-enlof,017,ДТГ СВИЩОВ,1,82,609555.63
017-exko0,017,ПГХХТ АСЕН ЗЛАТАРОВДИМИТРОВГРАД,2,89,798314.02
017-eziv9,017,ПГ ПО РКК РУСЕ,1,110,699542.57
017-f33fi,017,ПГМЕТ ГЕН. ИВАН БЪЧВАРОВ ГР. СЕВЛИЕ,3,150,1062113.07
017-f4238,017,ПГТЕ ХЕНРИ ФОРД - СОФИЯ,2,360,6104506.14
017-f4esw,017,ПГТТ АТАНАС ДИМИТРОВ,1,53,433211.31
017-f4vqv,017,ПГ Цар Иван Асен,1,80,703455.66
017-fagqu,017,НАЦИД СОФИЯ 1967,1,253,10690918.90
017-fas86,017,ЦСОП Д Р ПЕТЪР БЕРОН ВРА,2,66,544134.08
017-fd432,017,ЦСОП Д Р ПЕТЪР БЕРОН КЪРДЖ,1,23,140016.04
017-feda3,017,ПГ ПО МЕХАНОТЕХНИКА ЦВ.ЛАЗАРОВ,1,129,1262970.94
017-fg1lt,017,ПГЯЕ М.С.КЮРИБЕЛЕНЕ,2,8,43660.57
017-fuyr3,017,ПРОФЕС.ГИМН.ПОаТУРИЗЪМаД РаВ.БЕРОН,2,131,746055.79
017-fwpqb,017,ПГТ МИХАЛАКИ ГЕОРГИЕВ,1,63,478178.45
017-g1yn5,017,ПРОФЕСИОНАЛНА ГИМНАЗИЯ ПО ИКИНОМИКА,1,94,649880.38
017-g5ty8,017,ЦЕНТЪР НА УТФ,1,14,73263.55
017-g5xwn,017,РЦ ПППО БУРГАС,1,86,517014.21
017-g7yc3,017,ПГИТ А.КОНСТАНТИНОВ,1,106,963634.71
017-gh05s,017,РИО НА МОН СТ.ЗАГОРА,1,33,179279.61
017-ghq9v,017,ПГМЕТ ДЕВЕТИ МАЙ,1,62,511299.23
017-gpsxq,017,СГ ПО ХЛЕБНИ И СЛАДКАРСКИ ТЕХН.,1,64,543722.15
017-gw2bf,017,ПГ ПО ТЕКСТИЛ И ОБЛЕКЛО,1,94,815573.96
017-h32zp,017,ПУ Свети Патриарх Евтимий,1,106,808955.95
017-h4eiu,017,ЛОГОПЕДИЧЕН ЦЕНТЪР СОФИЯ,1,18,124788.47
017-h5ujn,017,ПГ ПО ОБЛЕКЛО СТ.НИКОЛИЦА,1,56,331983.45
017-h78b1,017,СТАРОПР.ГИМН.ПО ИКОНОМИКА,1,89,582973.45
017-h9j05,017,ПГ ТРАНСПОРТ И ЛЕКА ПРОМИШЛЕНОСТ,1,107,694715.34
017-hcckh,017,РЦПППО КЪРДЖАЛИ,1,36,163623.00
017-hj2wj,017,ПРОФ.Г Я ПО ТРАНСПОРТ ПЛЕВ,1,58,512326.73
017-i2s3o,017,СОФИЙСКА ПГ КНЯГИНЯ ЕВДОКИЯ,1,223,3557585.48
017-i7e6p,017,ПГ ПО ПРОИЗВ.ТЕХНОЛОГИИ,1,108,968180.69
017-ikgjj,017,РЦПППО РАЗГРАД,1,22,168648.66
017-ilvxq,017,ПГМЕТТ ХРИСТО БОТЕВ ШУМЕН,1,164,2672640.78
017-j0iyc,017,ТПГ Н.Й.ВАПЦАРОВ РАДОМИР,1,73,498861.05
017-j8fw5,017,ЦЕНТЪР ЗА СПЕЦ. ОБРАЗО. ПОД. СЗ,1,33,312504.37
017-j9coz,017,ПРОФ. Г Я Р Т О ПЛЕВЕН,1,29,551450.37
017-j9g5q,017,ПГ ИВАН ХАДЖИЕНОВ,1,149,1283234.64
017-jd0x7,017,РЦПППО ПАЗАРДЖИК,1,40,228091.01
017-jfffy,017,П Г ПО Т Ю.ГАГАРИН РАДОМИР,1,24,165450.66
017-jjgu0,017,НАЦ.АГЕНЦИЯ ЗА ОЦЕН.И АКР.,1,68,542883.16
017-jk5r9,017,СУ ПАИСИЙ ХИЛЕНДАРСКИ,1,22,148184.56
017-jmy2n,017,ПРОФЕС.ГИМНАЗИЯ БОБОВ ДОЛ,1,59,487254.91
017-jp2wp,017,ТМТ Д МИХАЙЛОВ ТЕРВЕЛ,1,76,594571.31
017-jr0pb,017,ЦСОП ВЕЛИНГРАД,1,34,307593.23
017-jtf6c,017,П.Г.ПО ЕЛЕКТРОТЕХНИКА И ЕЛЕКТРОНИКА,1,213,4600868.42
017-jud44,017,ПРОФ.Г Я ПО ИКОНОМИКА Т.ВЛ,1,82,500815.41
017-jw5ui,017,СУУНЗ ПРОФ. Д Р ИВАН ШИШМАНОВ,1,74,547727.96
017-jy2zp,017,ПТГ,1,253,4952059.07
017-k00xj,017,ПГЕЕ М.В.ЛОМОНОСОВ,1,105,795648.53
017-k52i5,017,ПГАВТ А.С.ПОПОВ,1,172,1429467.02
017-kc5qs,017,ПГ ПО ИКОНОМ. И МЕНИДЖМЪНТ,1,88,813113.08
017-kctca,017,ПР.Г Я ПО ХИМ.И ХР.ВК.ТЕХ.,1,225,1999342.04
017-kjckm,017,ПГСАГ ВАСИЛ ЛЕВСКИ,1,187,1787481.84
017-kjwc0,017,ПГ ЛЕКА ПРОМИШЛЕНОСТ КЮСТЕНДИЛ,1,27,249623.46
017-kpf2s,017,ФИНАНСОВО СТОПАНСКА ГИМНАЗ,1,114,1527417.38
017-kw0jz,017,ПГ ПО САГ,1,56,446268.77
017-l36ti,017,РУ НА ОБРАЗОВАНИЕТО ДОБРИЧ,1,14,73994.03
017-l41mp,017,НАЦ.ИЗД.ЗА ОБРАЗОВАНИЕ И НАУКА,2,42,331490.35
017-l57i7,017,НЦПКПС,1,115,550106.11
017-l5u6p,017,ПГ ПО СУАУ СИЛИСТРА,1,80,1317386.39
017-l8t6j,017,НФСГ СОФИЯ,1,137,1328709.78
017-lglgw,017,ПГ ОБЛЕКЛО И ТЕКСТ.ПЛЕВЕН,1,47,345825.85
017-lhqqg,017,ЦЕНТЪР ЗА КОНТРОЛ И ОЦЕНКА,1,69,973581.51
017-lk48l,017,ПТГ ДЖ. АТАНАСОВ К Л,1,39,268105.11
017-lr5rh,017,ПГ Н.БОТУШЕВ,1,114,1010209.44
017-m2bg8,017,РЦПППО ОБЛАСТ ТЪРГОВИЩЕ,1,74,445843.68
017-m494g,017,ЦСОП - гр.Мъглиж,1,13,75702.44
017-m8bxo,017,ПГТ АЛЕКО КОНСТАНТИНОВ,2,78,714989.06
017-mc5gr,017,ПГ ПО ЕЛЕКТРОТЕХН.СТ.ЗАГО,1,83,944213.09
017-mndjl,017,ПРОФ.ГИМНАЗИЯ ПРОФ.Д Р АС,2,166,3856824.40
017-mstxy,017,РЦПППО РУСЕ,1,53,428181.98
017-mtysh,017,ПГ ПО ТРАНСПОРТК.ПЕТРОВ,3,30,196583.72
017-mvma5,017,ЦСОП Проф.Димитър Кацаров,1,53,578570.63
017-mxhyo,017,ПГ ТЕХНИКА И СТРОИТЕЛСТВО,1,121,2497154.25
017-n7k1z,017,3ОУФООС на МОН,1,18,91034.44
017-na8nh,017,ПРОФ. ГИМНАЗИЯ ПО ЕЛЕКТРОНИКА АЛЕКС,2,49,382217.34
017-nix96,017,ПГЕМП ХРИСТО БОТЕВ,1,124,1088396.81
017-nn631,017,НАЦ. СТУДЕНТСКИ ДОМ 2057,1,80,1760834.37
017-no0th,017,НАГМО ГАБРОВО,1,91,1722894.18
017-no4w5,017,ПГТЕ ХРИСТО БОТЕВ,1,93,688980.36
017-nr043,017,ЦСОП ДОКТОР ПЕТЪР БЕРОН,1,22,139509.17
017-nu8ou,017,СГСАГ ХРИСТО БОТЕВ,1,141,1070885.44
017-nxwhb,017,ПГ ПО ЗЕМ. РАЧИНСКИ ГЕНЕРАЛ ТОШЕВО,1,222,3862448.76
017-o0az0,017,ПГ ПО ПСТТ Г.С.РАКОВСКИ,2,61,743925.89
017-o3jfy,017,РЦПППО-СМОЛЯН,1,32,253790.75
017-o91pu,017,ПГ ПО СТР.И АРХ.СТ.ЗАГОРА,1,99,931856.82
017-occrp,017,ПРОФ.Г Я ПО ТЕК Л И М.ДИЗ.,1,139,1037202.20
017-og191,017,ПГЛПИ АТАНАС БУРОВ,1,63,461180.46
017-oihu6,017,РЦПППО ХАСКОВО,1,21,120797.17
017-ooti8,017,СПГ АЛЕКО КОНСТАНТИНОВ,1,143,1063442.46
017-opj9w,017,СРЕДНО УЧИЛИЩЕ - Д-Р ПЕТЪР БЕРОН,1,1,3191.32
017-oq8w2,017,ПГИИРЕ МИХАЙ ЕМИНЕСКУ,1,25,226007.25
017-oy0kz,017,ПГ по туризъм и ХТ гр. Пирдоп,1,54,1323980.18
017-p0x5t,017,ФСГ АТАНАС БУРОВ,1,104,2397083.53
017-p3pjy,017,РЦПППО БЛАГОЕВГРАД,1,5,19000.72
017-p4f8r,017,РЕГИОНАЛНО У Е НА ОБРАЗ ТО ВАРНА,1,39,241133.82
017-p5dva,017,ПРОФ.ГИМНАЗИЯ БЯЛА,1,57,444993.62
017-pdfm6,017,ПРОФЕСИОНАЛНА ТЕХНЕЧЕСКА Г,1,115,700224.98
017-pedgs,017,ПГ ПО ИКНОМИКА И ИНФОРМАТИ,1,70,817568.57
017-piklr,017,НТБГ 2029,1,229,2339308.67
017-pnx7m,017,РУО ТЪРГОВИЩЕ,1,29,122680.44
017-poh9r,017,ПГ ПО ТУРИЗЪМ И ХВТ,1,75,508347.34
017-pp16v,017,МОН СУБСИДИЯ ЗА БАН,1,60,227834109.28
017-ppnl5,017,Център СОП ЛОЗЕНЕЦ,1,82,507211.66
017-pq7y8,017,ВУИ ПОДЕМ,1,41,530052.42
017-ptrj4,017,РЦПППО КЮСТЕНДИЛ,1,15,103182.97
017-pvl57,017,НПГГСД САВА МЛАДЕНОВ,1,103,711380.24
017-pwui7,017,ПГ ПО ТРАНСПОРТ И ТРАНСПОР,1,130,1105943.32
017-py2d2,017,РЦПППО ВАРНА,1,62,771714.24
017-pzbig,017,ПРОФ ГИМНАЗИЯ ПО ТРАНСПОРТ,1,158,1243510.75
017-q4hqf,017,ЦСОП Н. Й. ВАПЦАРОВ,1,18,90020.82
017-q62ah,017,ПГ ИКОНОМИКА Г.С.РАКОВСКИ,2,53,547514.31
017-qfly9,017,РЕГ. У НИЕ НА ОБРАЗОВ.МОН ВИДИН,1,27,154295.59
017-qjx3c,017,ПГ ПО ТОЛПГ.БЕНКОВСКИДОБРИЧ,2,148,1153554.63
017-qyuc8,017,ПРОФЕС.ГИМН.ПОаМОДЕНаДИЗАЙН,1,22,292893.45
017-qz4dm,017,ЦЕНТЪР ЗА СОП ВАСИЛ ЛЕВСКИ,1,37,234901.17
017-r1acp,017,ПГ ПО ИТУ ЛОВЕЧ,1,36,338531.08
017-r9px9,017,ПГТ ПРОФ.Д Р АСЕН ЗЛАТАРОВ,1,140,1595246.39
017-rdvmm,017,ПГТ ИВАН П. ПАВЛОВ РУСЕ,1,185,1193657.02
017-reenf,017,СПГ ПО ТУРИЗЪМ 1927,1,134,1225655.04
017-rjna8,017,ТПГ БОТЕВГРАД,1,83,658994.12
017-rvc0p,017,НАЦ.АГЕНЦИЯ ПРОФЕС.ОБУЧЕНИ,1,153,1770196.52
017-rw544,017,П.Г. ПО ТУРИЗЪМ ПРОФ.АСЕН ЗЛАТАРОВ,1,153,1091874.68
017-rynms,017,"ПГ ПО ПОДЕМНА,СТРОИТ 2038",3,34,234733.65
017-s43cu,017,ПГ ПО ТУРИЗЪМ ПРОФ А ЗЛАТА,1,64,453388.98
017-s72w7,017,РЕГ.УПРАВЛЕНИЕ НА ОБРАЗОВА,1,20,113793.70
017-s8uwg,017,ПГ ПО ТРАНСПОРТ,1,139,1333709.24
017-sbzht,017,РУО ХАСКОВО,1,41,211097.53
017-sf1gs,017,ИАПО,2,62,1445624.55
017-skkgl,017,РЦПППО СОФИЯ ГРАД,2,438,2429086.94
017-smuul,017,ЦСОП ПЕТКО РАЧЕВ СЛАВЕЙКО,2,39,321131.47
017-smzp0,017,ПГ ПО ЕЛЕКТРОНИКА СТ.ЗАГОР,1,80,676702.85
017-sn2yd,017,ЦЕНТЪР ЗА СОП ГР. ПЛОВДИВ,1,38,199871.74
017-sp3fo,017,ПРОФ.ГИМНАЗИЯ ПО ЛЕКА ПРОМ,1,39,261858.44
017-sts2m,017,ПГЯЕ Игор Курчатов,2,140,4048337.76
017-sulzz,017,ИНСТИТУТ ПО ОБРАЗОВАНИЕТО,1,105,2120143.47
017-t37s8,017,ПГ МЕХАНОТ.И ТРАНСП.СТ.З.,1,61,565790.25
017-t6i65,017,РЦПИОВДУСОП СЛИВЕН,1,26,113364.61
017-tl9r9,017,ПГЖПТ Н.Й.ВАПЦАРОВ ГОРНА ОРЯХОВИЦА,1,22,182823.52
017-tpqnn,017,РЦПППО - ВИДИН,2,27,146322.24
017-ts3a4,017,ПГ ПО СТРОИТЕЛСТВО П.ПЕНЕ СИЛИСТРА,1,37,343444.25
017-txhkd,017,СУ МИТО ОРОЗОВ ВРАЦА,1,3,8918.46
017-tzqbi,017,ТЪРГОВСКА ГИМНАЗИЯ ПЛОВДИВ,1,118,1318395.51
017-u1buk,017,РУ НА ОБРАЗОВАНИЕТО ЯМБОЛ,1,12,72355.93
017-u53n5,017,ПГ ПО МЕТ ХР.СМИРНЕНСКИ,3,51,408146.87
017-u668b,017,ПГ КОМП. МОДЕЛИРАНЕ И КОМП. СИСТЕМИ,1,140,1205802.52
017-u7wku,017,"ПРОФ.Г Я ПО ТУРИЗЪМ""АЛ.КОН",3,112,821286.15
017-uaz6c,017,ПГ ПО ПРОМИШЛЕНИ ТЕХНОЛОГИ,1,120,1027819.91
017-uc4u9,017,СУ ЗА УУС СТ БЕЛИНОВ,1,66,450616.77
017-uh6is,017,СУ СВ. ИВАН РИЛСКИ,1,24,131002.39
017-umy2b,017,РЕГ. УПРАВЛ. НА ОБРАЗОВ. В.ТЪРНОВО,1,42,186676.02
017-uu39q,017,"ПГ ПО ИНДУСТРИАЛНИ ТЕХ, МЕН. И ТУР",2,140,1423362.92
017-v04xh,017,ПГ ПО ОБЛЕКЛО И ДИЗАЙН,1,36,339253.89
017-v2xxe,017,ПРОФ.ТЕХНИЧЕСКА Г ИЯ НЙВАПЦАРОВ ВРА,1,159,3258991.60
017-v40rc,017,ПГ ПО ЕЛЕКТРОТЕХНИКА И ЕЛЕКТРОНИКА,1,135,1214505.09
017-v46pu,017,НАЦИОНАЛЕН СТЕМ ЦЕНТЪР,1,240,14600157.14
017-v9n8h,017,ПГАКАД.С.П.КОРОЛЬОВД ЦА,1,82,2082852.49
017-vac55,017,П.Г. ПО МАШИНОСТРОЕНЕ,1,97,731390.80
017-vfl0a,017,РИО НА М О Н ПЛОВДИВ,1,42,184170.20
017-vipfe,017,Център за СОП РИЛСКА ИГЛИКА,1,11,45601.79
017-vmneh,017,ПГМЕТ АКАД. АНГЕЛ БАЛЕВСКИ,1,62,377195.97
017-vqvfq,017,ПГ ПО СТРОИТ.АРХИТ.И ГЕОДЕЗИЯ,1,116,1600268.62
017-vxode,017,РУО ПЛЕВЕН,1,26,100262.55
017-vy562,017,ПТГ ВАСИЛ ЛЕВСКИ ГОРНА ОРЯХОВИЦА,1,67,580781.34
017-vyodq,017,РЦПППО СИЛИСТРА,1,37,229662.99
017-wb169,017,ПГ ПО ЛПЕХТ ЯМБОЛ,1,142,1098061.69
017-wfvr2,017,ПГ ПО С.А.КН.ПРОФ.АРХ.СТЕФ,1,167,2356272.89
017-wg4rl,017,П.Г ПО БИТОВА ТЕХНИКА,1,110,818648.81
017-wk9kx,017,ПГ ГЕНЕРАЛ ВЛ.ЗАИМОВ СОПОТ,1,198,1878013.86
017-wmq02,017,ПТГ ИВ.РАЙНОВ ГР.ЯМБОЛ,2,99,2122083.56
017-worqx,017,ПРОФ.ГИМН.ПО ВЕТЕР. МЕДИЦИНА,1,159,2636980.86
017-wplop,017,ПРОФ.ГИМ.ПО МЕХАНОЕЛЕКТР.,1,77,2171376.50
017-wri4p,017,ПГ ПО ТУРИЗЪМ П.К.ЯВОРОВ,2,124,1060948.15
017-wupt4,017,ЦЕНТЪР ЗА СП.ОБРАЗОВАТЕЛНА,1,77,553087.43
017-x2e8w,017,РЕГИОН.УПРАВЛЕНИЕ НА ОБРАЗ. БУРГАС,2,43,224090.42
017-x3w5g,017,Н С О У СОФИЯ,2,420,2977067.88
017-x9g5y,017,ПГ ПО ОБЛЕКЛО,1,254,1559209.04
017-xccrz,017,ПГ ПО САГ ПЕНЬО ПЕНЕВ,1,138,2023760.91
017-xf7sz,017,ПГ ПО ИКОНОМИКА,1,184,1614208.64
017-xgken,017,ПГ ПО ТР.ИСТРОИТ.ХР.СМИРНЕНСКИ,1,57,365280.62
017-xh3a5,017,ПГ ПО ТС М.В.ЛОМОНОСОВ,1,78,638605.90
017-xhhkr,017,ПГ ПО ТЕКСТИЛ И МД 1948,1,159,1488766.64
017-xrvpw,017,ВМГ СВ.Н.ЧУДОТВОРЕЦ,1,244,3941762.89
017-xxh76,017,ПГ ИКОН.И МЕНИДЖ.КЮСТЕНДИЛ,1,117,862435.29
017-y482x,017,ПГ ПО ИКОНОМИКА ПЕРНИК,1,98,1160326.37
017-y5zy4,017,ПРОФЕСИОНАЛНА ТЕХНИЧЕСКА ГИМНАЗИЯ,1,75,770113.22
017-y7hql,017,ПГ ПО ПРОМ.ТЕХНОЛОГИИ,1,22,143186.48
017-yaz1j,017,ПГ ПО ООТ ДУЛОВО,1,144,1956483.19
017-yhdww,017,РЕГ.ЦЕНТЪР ПППО СОФИЯ ОБЛАСТ,2,59,298659.24
017-yi5y2,017,РУО КЮСТЕНДИЛ,1,20,80426.04
017-yivar,017,ФОНД НАУЧНИ ИЗСЛЕДВАНИЯ,1,2128,77017462.36
017-yopxm,017,РИО НА МОН ПЕРНИК,1,17,63247.26
017-yqnyg,017,СОУ 'АРГИРА ЖЕЧКОВА' СЛИВ,1,1,4242.70
017-ys8ov,017,ПГЕХТ ПРОФ.А.ЗЛАТАРОВ,2,128,1218061.64
017-yx0xw,017,МУЗЕЙ НА ОБРАЗОВ. Г ВО,1,14,220441.65
017-yxhxt,017,РЦПППО ШУМЕН,1,20,108005.80
017-yzhrd,017,РЦПППО ЛОВЕЧ,1,21,97249.53
017-z2k88,017,ЦСОП СВ.П.ХИЛЕНДАРСКИ БЛАГОЕВГРАД,1,89,618012.86
017-z32w5,017,ПГ ПО ТРАНПОРТ СТРАЖИЦА,1,43,610117.56
017-z3513,017,ПТ ХИМ.И ХР.ТЕХНОЛОГИИ,1,225,2354760.35
017-zf6b8,017,ВАРНЕНСКА ТЪРГОВСКА ГИМНАЗИЯ,1,99,797096.54
017-zjni7,017,ПГ ПО МЕХАНОЕЛЕКТРОТЕХНИКА ЛОВЕЧ,1,67,383111.25
017-zmeuu,017,ПРОФ ГИМНАЗИЯ ПО МЕХАН ЕЛЕКТРО,1,122,1369701.94
017-zpmgc,017,СУ УНЗ ЛУИ БРАЙЛ,1,78,670438.10
017-zqv9v,017,РЦПППО ВРАЦА,1,26,119530.23
017-zrk94,017,ПГИТПРОФ.Д Р АСЕН ЗЛАТАРОВ Петрич,2,169,2003106.69
018-0qyj7,018,НУИ ДОБРИ ХРИСТОВ,1,129,991891.90
018-1hjy5,018,ДРАМАТИЧЕН ТЕАТЪР АДР.БУДЕ,1,162,561476.07
018-1yhkw,018,ГИМНАЗИЯ ЗА СЦЕНИЧНИ КАДРИ,1,48,349805.68
018-25dlr,018,ТЕАТР. МУЗИК.Ц Р КЪРДЖАЛИ,1,27,128609.93
018-35qu7,018,ДЪРЖАВЕН КУКЛЕН ТЕАТЪР,1,251,1065796.56
018-3tv0k,018,ТМПЦ ВАРНА,1,1193,9260606.60
018-43mcv,018,МУЗЕЙХР.БОТЕВКАЛОФЕР,1,25,158537.76
018-4ki3f,018,НХГ ЦАНКО ЛАВРЕНОВ,1,65,435374.56
018-4kopd,018,ТПЦ ЙОРДАН ЙОВКОВ ГР.ДОБРИЧ,1,89,407399.16
018-4xhv1,018,МУЗЕЙВ.ЛЕВСКИ КАРЛОВО,1,12,50020.06
018-4yir8,018,НМУ Л.ПИПКОВ 2004,1,187,1120898.76
018-5b54i,018,Т М Ц РАЗГРАД,1,51,264899.98
018-5fkjr,018,НХГ ДИМИТЪР ДОБРОВИЧ,1,52,487237.74
018-5sfpo,018,НАРОДНА БИБЛИОТЕКА,1,251,1823607.51
018-5u0l0,018,КЪЩА МУЗЕЙ П.ВЛАДИГЕРОВ,1,14,86724.72
018-6jbn1,018,НУ ПО ИЗКУСТВАТА РУСЕ,1,94,861091.21
018-6s5m2,018,ДМТК.КИСИМОВ,2,316,1544084.48
018-6s6eu,018,КУКЛЕН ТЕАТЪР СТ.ЗАГОРА,1,74,423621.13
018-6v2dx,018,НУПИ ПРОФ.ВЕНКО КОЛЕВ,1,69,453024.06
018-7e264,018,КУЛТУРЕН ЦЕНТЪР ДВОРЕЦА БАЛЧИК,1,258,1423037.36
018-7nbmn,018,ДРАМАТИЧНО КУКЛЕН ТЕАТЪР СИЛИСТРА,1,43,193975.43
018-7zibs,018,СМУ ДОБРИН ПЕТКОВ ПЛОВДИ,1,60,300178.51
018-8tg00,018,СМУ БУРГАС,1,122,1145280.32
018-8tlf4,018,КУКЛЕН ТЕАТЪР СЛИВЕН,2,59,287762.20
018-9bipu,018,НТ ИВ.ВАЗОВ 1560,1,889,7192108.88
018-9hj00,018,МЛАД. ТЕАТЪР. Н.БИНЕВ,2,527,4782840.29
018-a09o4,018,НГПИ ТРЕВНЕНСКА ШКОЛА,1,64,929122.93
018-a8e6x,018,"Д Т ""ИВАН РАДОЕВ""",2,790,3824553.37
018-a8sya,018,ДТ НИКОЛА ВАПЦАРОВ,1,223,1263906.10
018-adb1p,018,ЦЕНТЪР ЗА ПОДВ.АРХЕОЛОГИЯ,1,148,1826337.26
018-aocsz,018,ДРАМАТИЧЕН ТЕАТЪР СТ.КИРО,1,26,113021.61
018-b9dyc,018,ДРАМ. ТЕАТЪР САВА ОГНЯНОВ,1,86,457013.16
018-b9voz,018,КУКЛЕН ТЕАТЪР ТЪРГОВИЩЕ,1,9,52966.72
018-bbw6l,018,КУКЛЕН ТЕАТЪР ГАБРОВО,1,9,33745.79
018-beeh2,018,СИМФОНИЕТА ВРАЦА,1,285,1592182.60
018-bekud,018,КУКЛЕН ТЕАТЪР Г.МИТЕВ ЖОРО,1,11,51295.58
018-btvyo,018,Н У Ф И ФИЛИП КУТЕВ КОТЕЛ,2,171,935432.15
018-ch7h5,018,ДЪРЖАВНА ОПЕРА СТ.ЗАГОРА,1,386,1950642.04
018-cishd,018,НУКК С ЛИЦЕЙ 1515,1,298,3438114.21
018-cjih5,018,ПГ ЗА ПРИЛОЖНИ ИЗКУСТВА,1,27,320110.54
018-cjoe7,018,ПГКО Кунино,1,111,1992038.09
018-cuupg,018,НАЦИОНАЛЕН ИСТОРИЧ.МУЗЕЙ,1,667,4917138.80
018-ddj60,018,ДЪРЖАВНА ОПЕРА РУСЕ,1,214,1838471.18
018-djwi5,018,ДЪРЖАВНА ОПЕРА БУРГАС,1,199,892929.43
018-eihmb,018,НПГПФ 1993,1,164,1022713.50
018-fb1g3,018,САТИРИЧЕН ТЕАТЪР АЛ. КОНС,1,590,5693639.42
018-flgkt,018,НУФИ ШИРОКА ЛЪКА,1,89,1419529.83
018-fq4s5,018,НАЦ.УЧ ЩЕ ПО ИЗКУСТВАТА,1,75,1992266.54
018-g7n1x,018,ДРАМАТИЧЕН ТЕАТЪР Н.О.МАСА,1,494,4461543.46
018-gz9nh,018,ДРАМАТИЧЕН ТЕАТЪР,1,48,754478.59
018-hi3z7,018,КУКЛЕН ТЕАТЪР ДОБРИЧ,1,26,114158.41
018-hi7kw,018,НГПИ СВ. ЛУКА,1,79,649357.36
018-hsy5s,018,ДРАМАТИЧЕН ТЕАТЪР ЯМБОЛ,1,23,76798.92
018-i2bgm,018,ДКТ ВАСИЛ ДРУМЕВ,1,154,727608.74
018-i3f16,018,НАЦ.ПОЛИТЕХН.МУЗЕЙ 1505,1,43,241071.54
018-i3vvg,018,НАЦИОНАЛНА ГАЛЕРИЯ,1,526,4938622.98
018-ifkby,018,ДКТ К.ВЕЛИЧКОВ ПАЗАРДЖИК,1,714,4482254.11
018-igfxv,018,'СОФИЙСКА ОПЕРА И БАЛЕТ',2,1595,12502956.69
018-jfsgp,018,"ДРАМ.КУКЛЕН ТЕАТЪР"" ИВАН ДИМОВ""",2,206,1513732.79
018-jltgv,018,СОФИЙСКА ФИЛХАРМОНИЯ 1134,1,1073,6686009.77
018-jmn0x,018,НУТИ СОФИЯ 1944,1,165,1063360.88
018-jx5c7,018,ДРАМ ТЕАТЪР ГЕО МИЛЕВ СТЗ,1,51,215968.67
018-k24q1,018,ДРАМАТИЧЕН ТЕАТЪР ЛОВЕЧ,1,106,2703937.64
018-l5nwz,018,ИА НАЦ.ФИЛМОВ ЦЕНТ 1959,1,1808,66681518.15
018-lg1de,018,КУКЛЕН ТЕАТЪР РУСЕ,1,22,97250.48
018-m6zi8,018,ТЕАТЪР 199 СОФИЯ,1,73,1316719.51
018-mid8c,018,СРЕДНО МУЗ.УЧИЛИЩЕ СТ.ЗАГО,1,67,521218.51
018-mzj9o,018,НМ ЗЕМЯТА И ХОРАТА 1939,1,82,627081.55
018-n8ray,018,КУКЛЕН ТЕАТЪР ПЛОВДИВ,1,95,408682.79
018-om14x,018,НАЦ. У ЩЕ ПО ПИИД АКАД ДЕЧКО УЗУНОВ,1,117,692182.62
018-osfw3,018,НАЦ.ЛИТЕРАТ.МУЗЕЙ 1564,1,25,132063.73
018-otybx,018,ДМТ СТЕФАН МАКЕДОНСКИ,1,316,2320795.41
018-q2njz,018,М во на културата,1,3497,64589832.75
018-qty1h,018,НАЦ.ФОНД КУЛТУРА 1600,1,2619,37392821.07
018-rpr1l,018,НАЦ И Т ЗА НКН,1,108,1953079.28
018-s5mo8,018,Държавна опера Пловдив,1,583,4923351.46
018-se68x,018,ТЕАТРАЛНА РАБОТИЛНИЦА СФУ,1,122,1254491.26
018-tj6fi,018,ДРАМАТИЧЕН ТЕАТЪР ВРАЦА,2,128,675398.13
018-uxyb9,018,ДФА Ф.КУТЕВ СОФИЯ 1122,1,70,1808025.00
018-vefpu,018,ТЕАТЪР НА БА,1,558,3874745.16
018-vpo4e,018,НУИИ ИЛ.ПЕТРОВ 1974,1,40,320220.06
018-wnzdj,018,ПЛЕВЕНСКА ФИЛХАРМОНИЯ,1,330,1552377.99
018-wr6mb,018,ДРАМАТИЧЕН ТЕАТЪР ГАБРОВО,1,132,715193.12
018-wzsu9,018,НГДЕК СОФИЯ 1502,1,214,1664042.95
018-x4455,018,СИМФОНИЕТА ВИДИН,1,119,510881.24
018-xny26,018,БЪЛГАРСКА НАЦИОНАЛНА ФИЛМО,1,87,1037453.32
018-xzxaf,018,МУЗЕЙ БОРИС ХРИСТОВ,1,7,33243.87
018-y6oh6,018,НАЦИОНАЛЕН ПАРК ШИПКА БУЗЛ,1,31,173400.82
018-zpgcg,018,СИМФОНИЕТА ШУМЕН,1,39,242870.97
018-zy94t,018,РОДОПСКИ ДРАМ.ТЕАТЪР Н.ХАЙТОВ,2,499,2207065.11
019-1wfa7,019,БД ЗБР БЛАГОЕВГРАД,3,108,12304397.18
019-3bejc,019,РИОСВ ПЛЕВЕН,1,55,305365.47
019-6g1w5,019,"ДНП "" ПИРИН "" ГР.БАНСКО",2,76,1279790.68
019-6xxux,019,М во на ок.среда и водите,2,1948,124382614.42
019-7sc47,019,РИОСВ ВАРНА,2,168,4024815.42
019-7utmx,019,НИМХ София,1,402,12075924.23
019-bipwb,019,РИОСВ ШУМЕН,1,66,477037.70
019-btnmw,019,Р И О С В ПЛОВДИВ,1,81,817048.82
019-dyjiw,019,РИОСВ БУРГАС,2,158,4395172.67
019-e2ge0,019,РИОСВ ВРАЦА,1,25,184113.88
019-fglpf,019,БАСЕЙНОВА ДИРЕКЦИЯ ЧЕРНОМОРСКИ РАЙО,1,82,14963044.04
019-i1zg5,019,РИОСВ ГР.ХАСКОВО,1,65,549736.47
019-i63qm,019,Р И О С В МОНТАНА,1,34,372512.42
019-ijozy,019,НИМХ ФИЛИАЛ КЮСТЕНДИЛ,2,3,9685.61
019-j0b4h,019,ИАОС-СОФИЯ (ИЗП. АГЕНЦИЯ ПО ОКОЛНА,7,1368,32636023.96
019-k1i0f,019,Р И О С В СМОЛЯН,1,42,353399.83
019-lukk7,019,БАСЕЙНОВА ДИРЕКЦИЯ ЗА УВИБР ПЛОВДИВ,1,215,33119420.47
019-nq84k,019,НИМХ Ц филиал Пловдив,1,9,46034.87
019-oquri,019,НИМХ ВАРНА,1,11,98627.70
019-pdeuz,019,РИОСВ ПАЗАРДЖИК,1,54,2354531.95
019-q3s82,019,РИОСВ Русе,8,155,4669790.65
019-qmsbf,019,ДИР.НАЦ.ПАРК ЦЕНТРАЛЕН БАЛКАН,4,212,4371692.44
019-qtnf9,019,РИОСВ БЛАГОЕВГРАД,1,91,3480225.04
019-s53b1,019,РАЙОННАаИНСПЕКЦИЯаПОаОПА3ВАНЕаНАаО.,1,47,282847.25
019-t51ez,019,НАЦИОНАЛЕН ПАРК РИЛА - БЛАГОЕВГРАД,1,66,758506.99
019-w63x1,019,БАСЕЙНОВА ДИРЕКЦИЯ ПЛЕВЕН,1,114,31742044.96
019-wk4ik,019,НИМХ ФИЛИАЛ ПЛЕВЕН,1,5,16037.82
019-xrvz6,019,РИОСВ СТ.ЗАГОРА,1,107,1340647.62
019-z62uj,019,ДИРЕКЦИЯ НАЦИОНАЛЕН ПАРК РИЛА,2,121,1844618.47
019-znqn3,019,РИОСВ СОФИЯ,3,169,6290472.82
020-021q4,020,ИА Бълг.служба за акред.,2,74,405424.95
020-6irn3,020,Ц Р НА ПРОМ.НА РБ В МОСКВА,1,48,1507275.33
020-8sweo,020,АППК,1,221,3564141.07
020-af00m,020,Комисия за защита на потр.,1,227,1838267.13
020-dbxas,020,ДАМТН,2,126,573878.16
020-f8s74,020,Д А М Т Н,1,457,4441612.26
020-fe8tx,020,К Т З П РД СОФИЯ,2,12,45537.12
020-hyovn,020,Патентно ведомство,1,401,13082739.97
020-i9ahc,020,ДАМТН БУРГАС,1,1,3290.48
020-iplcn,020,БИМ,1,600,16486370.09
020-q6sme,020,КТЗП БУРГАС,2,5,15338.75
020-qht0n,020,ДК СТОК.БОРСИ И ТЪРЖИЩАТА,1,68,338866.45
020-v42ju,020,КТЗП ВАРНА,2,37,131471.14
020-vy6ht,020,ДАМТН КЛОН ВАРНА,1,15,58270.94
020-wosm9,020,М И И,1,880,223611020.99
020-xmlpw,020,КТЗП РУСЕ,2,3,11683.83
020-xtnw8,020,М во на икон. и индустр.,1,84,3872126.45
020-y45kt,020,МИИИ,1,30,1682581.24
020-ysy3g,020,КЗП ТО ПЛОВДИВ,2,6,25996.22
021-2karq,021,ОБЛАСТНО ПЪТНО УПРАВЛЕНИЕ ДОБРИЧ,1,68,343343.71
021-2rpib,021,ОПУ ЯМБОЛ,1,68,286907.94
021-3lq1x,021,МРРБ,1,5115,1273931218.10
021-3xgel,021,ИАП ОПУ РУСЕ,1,32,174702.48
021-5499z,021,ОБЛАСТНО ПЪТНО УПРАВЛЕНИЕ ХАСКОВО,1,81,476824.75
021-5o0fl,021,ОПУ КЮСТЕНДИЛ,2,69,276662.40
021-67p60,021,ОБЛАСТНО ПЪТНО У НИЕ ЛОВЕЧ,1,115,672100.36
021-6u1nq,021,АПИ ОБЛ.ПЪТНО УПР ИЕ ВАРНА,1,73,337411.43
021-agnc6,021,ОБЛАСТНО ПЪТНО УПРАВЛЕНИЕ ПЛОВДИВ,1,148,736697.30
021-awtxy,021,ОПУ ПАЗАРДЖИК,1,73,1054622.21
021-b62vd,021,АПИ ОБЛАСТНО ПЪТНО УПРАЛЕНИЕ СМОЛЯН,1,1,6978.33
021-bbyvw,021,ОПУ СИЛИСТРА,1,52,188682.45
021-cahva,021,ОБЛАСТНО ПЪТНО У НИЕ ВРАЦА,1,60,430660.63
021-cfrbv,021,АПИ,1,6197,4528756724.44
021-dn0v4,021,ОБЛ. ПЪТНО У НИЕ ГАБРОВО,1,105,458971.16
021-f0yw3,021,АПИ ОБЛАСТНО ПЪТНО УПРАВЛЕНИЕ СМОЛЯ,4,100,567777.69
021-ffc4t,021,ОБЛ.ПЪТНО У НИЕ ШУМЕН,1,64,240024.37
021-fwbdn,021,ОПУ ПЛЕВЕН,1,61,370348.88
021-fx47h,021,ОПУ ПЕРНИК,1,86,566806.38
021-glm5r,021,ОПУ СОФИЯ,1,292,2598844.13
021-hn198,021,ОБЛАСТНО ПЪТНО УПРАВЛЕНИЕ ВИДИН,1,71,356478.97
021-i1jw4,021,ДНСК 2003,1,451,5072875.12
021-i4a5k,021,ЦИПТНЕНС,1,47,250781.16
021-j14jd,021,ОБЛАСТНО ПЪТНО УПРАВЛЕНИЕ КЪРДЖАЛИ,1,58,244261.22
021-k7igh,021,АГКК,1,1126,29555670.50
021-k7v6d,021,НАЦ.ТОЛ УПРАВЛЕНИЕ КЪМ АПИ,1,1536,238778479.80
021-lghvd,021,ОБЛ.ПЪТНО УПРАВЛЕНИЕ Т ЩЕ,1,63,448536.55
021-ly73t,021,ОБЛ.ПЪТНО УПРАВЛЕНИЕ СЛИВЕ,1,58,332274.46
021-m1dz8,021,АПИ ОБЛАСТНО ПЪТНО УПРАВЛ,1,1,3383.85
021-mtex6,021,ОБЛАСТНО ПЪТНО УПРАВЛЕНИЕ СТ.ЗАГОРА,1,75,501917.14
021-pzfe1,021,ОБЛАСТНО ПЪТНО УПРАВЛЕНИЕ В.ТЪРНОВО,1,69,256300.98
021-r7wsl,021,ОПУ БУРГАС,1,125,736582.06
021-snqqp,021,ОБЛ.ПЪТНО УПРАВЛ. МОНТАНА,1,40,144959.94
021-v2lse,021,ОПУ БЛАГОЕВГРАД,1,130,538161.19
021-xugc8,021,ОБЛ.ПЪТНО УПРАВЛЕНИЕ,1,58,223883.22
022-06e20,022,РД БОРБА ГРАДУШКИТЕ СТ.З,1,1,2866.01
022-0o4dm,022,РДГ БЕРКОВИЦА,1,58,1085010.23
022-0tuh1,022,ОД ЗЕМЕДЕЛИЕ РАЗГРАД,5,40,319891.08
022-1bvfg,022,РДГ СТАРА ЗАГОРА,1,81,1286494.45
022-1j6de,022,Лесозащитна станция София,1,6,194538.68
022-1syig,022,ЦЛВСЕЕ СОФИЯ,1,78,1180870.74
022-21une,022,НДНИВМИ СОФИЯ,1,350,11579988.04
022-224iu,022,ИА САС СОФИЯ,1,272,1790058.09
022-23x9n,022,"ОБЛАСТНА Д Я ""ЗЕМЕДЕЛИЕ И ГОРИ""СС",2,52,636283.40
022-28ers,022,ЦЛКР,1,88,404717.64
022-2pwnh,022,Почивна база Ведра Витоша - МЗХ,2,14,348869.50
022-339w3,022,ОДБХ СМОЛЯН,1,80,654895.25
022-34ram,022,ОБЛ.Д Я ЗЕМЕДЕЛИЕ И ГОРИ,6,130,968053.26
022-35o41,022,ОБЛ.ДИР.ЗЕМЕДЕЛИЕ И ГОРИ С,3,49,326748.04
022-3j2fn,022,ОДЗГ Пловдив,2,63,471728.47
022-3qgb2,022,Лесозащитна станция Пловдив,1,1,26996.21
022-3w8ng,022,ОДЗГ ГАБРОВО,1,12,60661.79
022-3wj5b,022,РЕГ.ДИР.ПО ГОРИТЕ СЛИВЕН,1,51,1280235.16
022-3z5cv,022,ПОЧИВНА БАЗА МОРСКО УТРО,1,107,614367.99
022-44ka5,022,ОД ЗЕМЕДЕЛИЕ КЮСТЕНДИЛ,1,32,161328.05
022-4u1ts,022,ОДБХ . КЮСТЕНДИЛ,5,54,399647.51
022-4xilj,022,ОДБХ Ямбол,1,113,7632615.53
022-502j6,022,ОДБХ СОФИЯ,3,339,11374486.05
022-614hd,022,ОДЗемеделие Хасково,5,95,568247.78
022-6b7yx,022,ДИРЕКЦИЯ ПРИРОДЕН ПАРК ВРАЧАНСКИ БА,1,37,205600.69
022-6b93t,022,ОБЛАСТНА ДИРЕКЦИЯ ЗЕМЕДЕЛИ,1,45,284314.03
022-6l6p5,022,ОДБХ РАЗГРАД,1,35,348994.37
022-6o3hh,022,РДГ ШУМЕН,1,33,639374.89
022-70078,022,Регион.дирекция по горите Русе,1,59,1125625.66
022-7j56y,022,ОДБХ ШУМЕН,1,96,5968139.86
022-82rl3,022,Регион.дирекция по горите Бургас,1,70,1427475.75
022-8ha7f,022,РЕГ. Д-Я ПО ГОРИТЕ КЮСТЕНДИЛ,3,47,1034654.85
022-8t1yy,022,НАЦ.СЛУЖБА ЗА СЪВЕТИ ЗЕМЕД,1,368,8393206.34
022-8urq3,022,Горска семеконтр.станция Пл ив,1,7,22205.37
022-9ytsx,022,РДБГ ГОЛЯМ ЧАРДАК ОБЛ.ПЛОВДИВ,1,3,8397.40
022-a29y3,022,"ОД ""Земеделие"" София град",5,63,452761.09
022-a9bre,022,ОБЛ.Д Я ЗЕМЕДЕЛИЕ СЛИВЕН,1,34,199941.65
022-abv8t,022,ДПП СТРАНДЖА,1,1,2816.20
022-af66x,022,РЕГИОНАЛ.ДИРЕКЦИЯ ПО ГОРИТЕ ПЛОВДИВ,1,42,571659.00
022-akaq0,022,ПБ ЗОРА С.КРАНЕВО,1,11,58802.28
022-aqe54,022,ДИРЕКЦИЯ ПРИРОДЕН ПАРК ПЕРСИНА,1,41,860031.73
022-aqh02,022,ЛЕСОЗАЩИТНА СТАНЦИЯ ВАРНА,1,5,41799.73
022-c33eo,022,ОДБХ СЛИВЕН,1,57,997023.49
022-cdgan,022,ДИРЕКЦИЯ НА ПРИРОДЕН ПАРК ВИТОША,1,50,406658.85
022-cjfo8,022,ОДБХ ХАСКОВО,2,450,12827509.66
022-cq9r1,022,ОД ПО БЕЗ.НА ХРАНИТЕ ГАБРО,1,34,824280.43
022-cxxcj,022,РЕДАКЦИЯ НА СПИСАНИЕ ГОРА,1,2,16148.23
022-d538y,022,ОДБХ РУСЕ,2,70,1385623.76
022-df3nl,022,Регион. дирекция по горите София,1,105,1798140.37
022-dmpqe,022,БЪЛ.А Я ПО БЕЗОП.НА ХР.,1,593,49599186.75
022-enbxv,022,ДИРЕКЦИЯ ПРИРОДЕН ПАРК БЕЛАСИ,2,2,91074.17
022-eyvhp,022,РЕГИОНАЛНА ДИРЕКЦИЯ ПО ГОРИТЕ БЛАГО,1,55,817742.95
022-ez8z4,022,РДГ СМОЛЯН,1,34,543277.02
022-f2pz8,022,ОДБХ ПЕРНИК,2,29,223300.90
022-flltn,022,Регион.дир ия по горите В.Търново,1,43,1379110.61
022-gd4an,022,ОД ЗЕМЕДЕЛИЕ И ГОРИ ДЧ,1,44,521878.64
022-gvd5f,022,ОДЗГ Шумен,1,55,396305.84
022-hgv69,022,Ц Р ЗА ОЦЕНКА НА РИСКА ПО ХР.ВЕРИГА,1,55,352856.58
022-hryog,022,ОД ЗЕМЕДЕЛИЕ БУРГАС,1,55,392771.07
022-i9882,022,ОДБХ . ВИДИН,2,50,299200.19
022-ijzml,022,ОДБХ Варна,1,138,1110689.78
022-ioj0f,022,ОДЗГ Ст.Загора,1,38,245397.68
022-k1pa5,022,ОД ПО БЕЗ.НА ХРАНИТЕ ПАЗАР,1,90,3554698.65
022-k353y,022,ОДБХ Добрич,1,146,15720581.12
022-l3esf,022,Р.ДИР.ПО ГОРИТЕ КЪРДЖАЛИ,1,59,1848744.38
022-le7zb,022,Обл.дирекция ЗГ Видин,2,34,278372.09
022-lky90,022,О Д ЗЕМЕДЕЛИЕ ВАРНА,1,63,458078.33
022-lsxr0,022,Дирекция на прир.парк Русен. лом,1,1,3982.96
022-m7dkz,022,ЦНСССКЦИЕ,1,52,379679.88
022-mq9gl,022,РЕГ.ДИР.ПО ГОРИТЕ ЛОВЕЧ,1,40,1420638.15
022-mrshn,022,МЗХ,2,2282,278523005.00
022-o7rsx,022,ЦЛОЗФ София,1,9,80277.63
022-op7ih,022,ОДБХ Стара Загора,1,131,21477321.20
022-p8p8s,022,ОДБХ БЛАГОЕВГРАД,2,141,1642516.80
022-p90gi,022,ДИР.ПРИР.ПАРК СИНИТЕ КАМЪН,1,13,59398.82
022-pfhk0,022,ИЗП.АГЕНЦИЯ ПО ЛОЗАТА И ВИ,1,63,630195.46
022-q2scn,022,ОДБХ Силистра,1,69,2257028.51
022-qadf8,022,ОБЛ.ДИР.ЗЕМЕДЕЛИE СМОЛЯН,2,31,167810.63
022-qhg2e,022,РД Борба с градушките Поповица,1,1,3212.17
022-qjcvf,022,ОД ЗЕМЕДЕЛИЕ ВЕЛИКО ТЪРНОВ,1,56,423705.16
022-r6ko1,022,ОД ПО БЕЗОПАСНОСТ НА ХРАНИ,1,60,3619531.75
022-r78wi,022,Д Я НА П.ПАРК ШУМ.ПЛАТО,1,3,9287.25
022-rdoz3,022,ИА Серт.одит на средствата от ЕЗФ,1,131,656598.93
022-rlpwb,022,РЕГ.ДИР.ПО ГОРИТЕ ПАЗАРДЖ,1,56,726918.29
022-rrwgf,022,ОДБХ МОНТАНА,1,101,10402899.08
022-s2smz,022,ИЗПЪЛНИТЕЛНА АГЕНЦИЯ ПО РИ,1,474,9389076.26
022-sgcgs,022,ОД ПО БЕЗ.НА ХРАНИТЕ ЛОВЕЧ,1,34,308442.05
022-ssjwx,022,ИА СРЖ,1,254,3936490.02
022-swtde,022,ИА БОРБА С ГРАДУШКИТЕ 1513,1,284,43741979.17
022-tbe0z,022,ОД ЗЕМЕДЕЛИЕ ПЕРНИК,1,30,124215.45
022-tgvd1,022,ОД ЗЕМЕДЕЛИЕ ЛОВЕЧ,1,50,352583.55
022-u86cm,022,ОДЗГ Кърджали,1,53,285380.29
022-uompd,022,Област.Д я ЗГ Благоевград,1,70,443567.21
022-uwx5y,022,ОДБХ . БУРГАС,2,73,2121714.69
022-vilti,022,ОДБХ В.Търново,1,96,4098208.79
022-vn9ti,022,ОД ПО БЕЗ.НА ХРАНИТЕ Т ЩЕ,1,32,429175.66
022-vz2u5,022,ОД ЗЕМЕДЕЛИE РУСЕ,1,65,416903.22
022-w4iqo,022,ОБЛ.Д Я ПО БЕЗ.НА ХРАНИТЕ ВРАЦА,2,46,607048.18
022-wby7t,022,ОД ЗЕМЕДЕЛИЕ ПАЗАРДЖИК,1,46,285586.66
022-woc5d,022,ИА БОРБА С ГРАДУШКИТЕ РД,1,2,7986.73
022-x4x5a,022,Горска семеконтр.станция София,1,8,40231.80
022-xnk6p,022,ИЗПЪЛНИТЕЛНА А Я ПО ГОРИТЕ,1,303,2263552.88
022-yucnc,022,ОД ЗЕМЕДЕЛИЕ МОНТАНА,2,50,361178.04
022-yvfr0,022,ОДБХ Пловдив,1,598,19545206.81
022-ywh7d,022,ДИРЕКЦИЯ ПРИРОДЕН ПАРК РИЛСКИ МАНАС,1,5,62475.97
022-z2cig,022,РДГ ВАРНА,2,70,981043.92
022-znpou,022,ОДБХ Кърджали,1,79,1369310.68
022-zw01h,022,ЦЛХИК,1,74,1460543.16
023-2ho30,023,Държавен авиационен операт,1,94,1411788.44
023-3g1k2,023,НМТБ ЦАР БОРИС 3 ТИ 1517,1,373,2625386.34
023-6ia9r,023,"ИА""ЖЕЛЕЗОПЪТНА АДМИНИСТР.""",2,112,474023.56
023-8hytp,023,ИА МОРСКА АДМИНИСТРАЦИЯ СОФИЯ,1,377,8530293.45
023-9g08r,023,ИА АВТОМОБ.АДМИН. 1518,1,931,13886680.35
023-bck2w,023,ТРАНСПОРТНА БОЛНИЦА,3,496,5508323.36
023-g27d0,023,МТС,1,1183,2375049596.14
023-hdyuc,023,Държав.авиационен оператор,1,760,17934990.41
023-k8faz,023,ГД ГВА,1,382,18780961.90
023-kejpr,023,НБРПВВЖТ,1,14,89305.42
023-wxnfn,023,ИА ПРОУЧВАНЕ И ПОДДЪРЖ. НА Р.Д,4,333,8219874.66
024-46drj,024,НАЦИОН. ПЛАН ЗА ИНВЕСТИЦИИ,1,4,5318787.70
024-620jb,024,М ВО НА ЕНЕРГЕТИКАТА,1,2893,1130305206.74
024-7jiip,024,Ф.ИЕЯС,2,46,58304330.34
024-ozc8d,024,АУЕР,1,106,585994.63
024-wsvq5,024,Ф.РАО,2,58,74591614.95
025-1tmy4,025,СУ ВАСИЛ ЛЕВСКИ ПЛОВДИВ,1,199,2537396.12
025-1z3h5,025,СПОРТНО УЧИЛИЩЕ МАЙОР АТАН,1,81,2159948.34
025-6nmn8,025,М ВО НА МЛАДЕЖТА И СПОРТА,1,9102,286229603.78
025-97s4q,025,Антидопингов център София,1,94,1148690.96
025-h1gfh,025,СПОРТНО У ЩЕ Г. БЕНКОВСКИ ВАРНА,5,187,2894357.19
025-ioh4t,025,СУ Ген.Вл.Стойчев София,2,228,3186466.50
025-rj8qo,025,СПОРТНО УЧИЛИЩЕ Ю.ГАГАРИН,1,123,3713467.46
032-yc9t9,032,Комисия по досиетата,1,120,1343538.42
033-u2mhq,033,КОМИСИЯзаЗАЩИТАотДИСКРИМИН,1,192,1270139.36
034-bajuy,034,К Я за ЗАЩИТАнаЛИЧН.ДАННИ,1,159,1976967.66
037-j79nd,037,КОНПИ,2,495,4765449.83
040-yfum0,040,ОМБУДСМАН,1,163,1722667.87
041-1lqm0,041,ТСБ Югозапад,1,11,64800.09
041-99sd3,041,НСИ,2,962,17837127.98
041-a7vlv,041,ТСБ СЕВЕРОИЗТОК,1,16,73355.07
041-ejlnq,041,ТСБ ЮГОИЗТОК,1,6,26253.05
041-lgei2,041,ТЕРИТОРИАЛНО СТАТИСТИЧЕСКО БЮРО,1,26,113889.10
041-vsxpd,041,ТЕРИТОРИАЛНО СТАТИСТИЧЕСКО БЮРО ЮГ,1,8,129620.36
041-yv0k7,041,ТЕРИТОРИАЛНО СТАТИСТ БЮРО,1,37,195509.06
042-2ma7f,042,К.за з та на конкуренцията,1,150,2065093.12
042-q09y1,042,К З К,1,15,77955.44
043-qj6iq,043,Комис.за регул.на съобщен.,1,606,288111945.58
044-ok0cc,044,СЪВЕТ ЗА ЕЛЕКТРОННИ МЕДИИ,1,135,883695.39
045-ghpkl,045,КЕВР,1,342,9473919.06
046-1w7z9,046,АГЕНЦИЯ ЗА ЯДРЕНО РЕГУЛИР.,2,533,3433484.89
047-0xnbo,047,КОМИСИЯ ЗА ФИНАНСОВ НАДЗОР,2,421,8415376.26
048-q6gp5,048,ДКСИ,1,248,2907013.18
053-11g6u,053,ТД ДЪРЖ.РЕЗЕРВ В.ТЪРНОВО,1,195,2164591.12
053-3vjmi,053,ТД ДЪРЖАВЕН РЕЗ.ПЛЕВЕН,1,108,1473725.36
053-5mecr,053,ТД ДЪРЖАВЕН РЕЗЕРВ ГР СОФИЯ,1,60,372095.72
053-ijr3j,053,ЦТБ СОКОЛОВО,1,8,90856.71
053-j0wza,053,ДА ДРВВЗ,1,778,440104406.53
053-ud37b,053,ТД ДЪРЖАВЕН РЕЗЕРВ ГР. ВАРНА,4,310,11475641.72
053-y23fk,053,ТД Държавен резерв Пловдив,6,138,5153633.58
055-02xa9,055,ТП НА НОИ СМОЛЯН,1,1008,267547051.82
055-0ad05,055,ТП НА НОИ КЮСТЕНДИЛ,2,1064,266642284.71
055-3pgf3,055,НОИ ПЕРНИК,1,941,243991011.61
055-3ydru,055,TП НА НОИ СОФИЯ ОБЛАСТ,1,1545,390902222.16
055-4jodi,055,ТП НА НОИ ВРАЦА,1,952,264128050.49
055-4ond2,055,ТП НА НОИ ВРАЦА БЕЗРАБОТИЦ,1,1,2754.82
055-5v3mt,055,ДОО-Пенсии - РУСО-Видин,2,2,1207199.87
055-6ml65,055,NOI PERNIK,1,13,96247.11
055-6su86,055,НАЦИОНАЛЕН ОСИГ ИНСТИТУТ Г,1,740,190548721.85
055-7fo7f,055,НОИ,2,4527,6976229892.58
055-7ilcj,055,"НОИ ФОНД ""БЕЗРАБОТИЦА""",2,3879,1045770186.49
055-90as6,055,ДОО ИЗДРЪЖКА РУСО Силистра,1,22,326466.20
055-9gwfb,055,ДОО фонд ОЗМ РУСО Бургас,1,1,3359.03
055-9n8p7,055,НОИ РУСО БЛАГОЕВГРАД,1,1212,593597801.43
055-bcczj,055,ТП НА НОИ МОНТАНА,1,738,219191227.78
055-bqmi6,055,ТП на НОИ ВИДИН,3,716,188480005.79
055-cm3ew,055,РУСО РУСЕ Ф ОЗМ,1,1,2927.52
055-cw9b8,055,ДОО ИЗДРЪЖКА ТП НОИ Ямбол,1,17,287415.92
055-d43ck,055,ТП НА НОИ ВЕЛИКО ТЪРНОВО,1,1031,374099439.50
055-dx86e,055,ДОО ИЗДРЪЖКА РУСО Бургас,1,81,630701.67
055-f9sqh,055,РУСО РУСЕ ИЗДРЪЖКА,1,84,330600.09
055-fa6yk,055,ДОО фонд Безработица РУСО Б,1,3,15741.34
055-fdxab,055,ТП НА НОИ ТЪРГОВИЩЕ,1,685,196564600.07
055-gijna,055,ДОО ПЕНСИИ НОИ СТАРА ЗАГОРА,3,992,404489053.68
055-hv6qi,055,ДОО ПЕНСИИ РУСО ЛОВЕЧ,2,850,201012242.75
055-i00pp,055,ДОО ИЗДРЪЖКА РУСО Ямбол,1,15,90401.85
055-i4r9k,055,НОИ ПЕНСИИ,1,3383,27927000432.94
055-j2ybz,055,НОИ РУСО ПЛЕВЕН,1,1016,478410705.24
055-jnfe9,055,ДОО ПЕНСИИ ТП НОИ ЯМБОЛ,2,660,217317520.28
055-kz31i,055,ДОО ПЕНСИИ РУСО Бургас,1,1166,591972632.55
055-l9tze,055,НОИ РУСО ДОБРИЧ,1,839,288996507.05
055-mntiz,055,ДОО ПЕНСИИ РУСО Силистра,1,586,204841957.57
055-mzlk5,055,ДОО ФОНД БЕЗРАБОТИЦА РУСО ХАСКОВО,1,1,2834.27
055-o0nr3,055,ТП НА НОИ КЪРДЖАЛИ,1,1068,332208107.65
055-pndz6,055,НОИ РУСО ПЛОВДИВ,1,1667,1205316520.88
055-pry2k,055,ДОО ПЕНСИИ РУСО ХАСКОВО,3,1271,434568543.00
055-q6wuw,055,ТП НА НОИ-СЛИВЕН,1,676,296084066.41
055-s51g3,055,NATSIONALEN OSIG INSTITUT,1,6,43516.14
055-sarhn,055,ТП НА НОИ ГР.ШУМЕН,1,678,254468299.99
055-td3qb,055,TP NA NOI TARGOVISHTE,1,58,222949.96
055-u1w37,055,НОИ СУСО,1,2357,1227495266.48
055-u6q7q,055,ДОО ИЗДРЪЖКА РУСО ЛОВЕЧ,1,3,21736.35
055-vcy1d,055,ТП НА НОИ РАЗГРАД,2,747,198920693.65
055-x1d8c,055,РУСО РУСЕ ПЕНСИИ,1,731,307128542.24
055-ytyy4,055,НОИ ДОО ФОНД ОЗМ,1,2664,3686786254.12
055-z1cb9,055,ТП НА НОИ ПАЗАРДЖИК,1,960,433514368.46
055-z5qii,055,ТП НА НОИ СОФИЯ ГРАД,1,186,1463883.66
056-0n63x,056,РЗОК - ДОБРИЧ,1,11548,199798629.27
056-1hu66,056,Национ.здравноосигур.каса,2,8178,468352517.19
056-1ibcs,056,РЗОК- ГРАД СОФИЯ,1,101939,5176085541.48
056-1lb23,056,РЗОК - БУРГАС,1,33489,1122251888.84
056-30xco,056,РЗОК-ТЪРГОВИЩЕ,1,7006,157411966.63
056-3kiye,056,РЗОК гр. Варна,1,37889,1131769792.05
056-57umy,056,РЗОК Стара Загора,1,26236,628051516.48
056-7ybuw,056,РАЙОННА ЗДРАВНООСИР. КАСА СОФИЯ ОБЛ,3,18126,279442658.42
056-82nv2,056,РЗОК Монтана,2,9086,215106972.31
056-862yh,056,РЗОК Ямбол,1,9185,151258174.48
056-9352a,056,РЗОК ХАСКОВО,2,15419,338137441.24
056-affoq,056,РЗОК ГАБРОВО,1,8601,179460493.16
056-gcv8r,056,РЗОК Враца,1,13125,289838979.94
056-jxep6,056,РЗОК,6,37925,697559191.40
056-q82ft,056,РЗОК Плевен,1,21641,946766931.25
056-r2nyy,056,РЗОК РАЗГРАД,1,7686,136847090.28
056-r3e2r,056,РЗОК Русе,1,17537,579038570.50
056-rr34a,056,РЗОК Ловеч,1,9794,155144503.97
056-t3x93,056,РЗОК БЛАГОЕВГРАД,1,30294,547601878.18
056-u9t23,056,РЗОК ВИДИН,1,7568,104013793.27
056-udffa,056,РЗОК СИЛИСТРА,1,8498,149942622.26
056-ugxxr,056,РЗОК Пазарджик,2,20346,735009521.78
056-v8033,056,РЗОК - СМОЛЯН,1,9712,179006679.11
056-wnny6,056,РЗОК - ШУМЕН,1,13004,294256195.94
056-xygrz,056,РЗОК Кърджали,1,10279,176725768.98
056-yqn72,056,РЗОК СЛИВЕН,2,12705,293268652.66
056-z0bj8,056,РЗОК - ПЛОВДИВ,1,65702,2497971977.86
061-4hct2,061,РЕГИОНАЛЕН ТЕЛЕВИЗ. ЦЕНТЪР ВАРНА,1,22,81226.46
061-8ljw4,061,ТВ ДОМ БТ ПАМПОРОВО,1,63,292280.24
061-r6qz9,061,РЕГ.ТЕЛЕВ.Ц Р БЛАГОЕВГРАД,1,43,150523.41
061-rc0ql,061,БНТ ПОЧИВНА СТАНЦИЯ,1,41,210333.00
061-s401d,061,РЕГ.ТЕЛЕВ.ЦЕНТЪР ПЛОВДИВ,1,56,250041.95
061-ufqd1,061,БНТ,1,2661,82880694.69
061-zras7,061,БНТ РТЦ РУСЕ,1,34,152887.00
062-5i1w0,062,РЕГИОНАЛАЛНА РАДИОСТАНЦИЯ КЪРДЖАЛИ,1,3,10634.92
062-bsypg,062,РЕГИОН.РАДИОСТАНЦИЯ ВИДИН,1,2,6159.06
062-h89vv,062,РАЙОННА РАДИОСТАНЦИЯ ВАРНА,2,37,145221.80
062-kq7wy,062,РЕГИОН.РАДИО СТАНЦИЯ ПЛОВДИВ,1,25,101267.04
062-qwwvk,062,БНР РЕГИОНАЛНА РАДИОСТАНЦИЯ ШУМЕН,1,14,132004.44
062-rp5ft,062,Българско национално радио,2,1394,45605702.31
062-sc3xd,062,РАЙОННА РАДИОСТАНЦИЯ СТАРА ЗАГОРА,1,13,50591.64
062-whope,062,РЕГИОНАЛНА РАДИОСТАНЦИЯ БУРГАС,1,6,16711.89
062-wwmic,062,РАЙОННА РАДИОСТАНЦИЯ БЛАГОЕВГРАД,1,64,266418.48
063-7vig1,063,БЪЛГАРСКА ТЕЛЕГР. АГЕНЦИЯ,1,660,10114405.11
071-w7xc8,071,МИНИСТЕРСТВО НА ТУРИЗМА,1,4193,171896543.12
074-62sgl,074,ИАНМСП,1,517,18250731.47
074-cgy5q,074,М И Р,2,638,73029093.59
074-ndbf5,074,НИФ,1,13,371264.38
074-umv95,074,Б А И,1,123,2364205.92
075-k88xl,075,ИАИЕУ,2,959,56065012.78
075-wohuj,075,М Е У,1,621,127466915.68
082-p4p3d,082,ЦЕНТР.ИЗБИРАТЕЛНА КОМИСИЯ,1,536,76048152.54
083-3wmbg,083,КПНРО,1,89,426714.46
084-1vvtd,084,ДФ ЗЕМЕДЕЛИЕ,7,7772,1253030777.31
084-1x8uj,084,Д Ф Земеделие Шумен,2,452,23469827.29
084-3gdeo,084,ДФ ЗЕМЕДЕЛИЕ СЛИВЕН,1,1311,16837987.02
084-3qq3e,084,Д Ф Земеделие Благоевград,2,348,3168658.56
084-761tx,084,Д Ф Земеделие Силистра,2,937,15689420.40
084-blwm8,084,ДФ ЗЕМЕДЕЛИЕ ВРАЦА,1,90,2425411.08
084-cycon,084,ДФ ЗЕМЕДЕЛИЕ ЛОВЕЧ,1,240,6287704.90
084-ec6he,084,"Д Ф ""Земеделие"" Видин",2,62,1323896.97
084-edyqy,084,Д Ф Земеделие Хасково,2,389,6932096.56
084-gojn2,084,ДФ ЗЕМЕДЕЛИЕ ГАБРОВО,1,100,1399604.49
084-hcntg,084,ОД НА ДФ ЗЕМЕДЕЛИЕ РАЗГРАД,1,363,14575972.49
084-j1grr,084,ОБЛ.ДИР.ДФ ЗЕМЕДЕЛИЕ СМОЛЯН,1,53,1768250.91
084-jbnb9,084,ДФ ЗЕМЕДЕЛИЕ ПЕРНИК,1,152,1171704.00
084-lxqhf,084,Д Ф Земеделие София град,2,5351,105071815.48
084-mnblv,084,ДФ ЗЕМЕДЕЛИЕ МОНТАНА,1,95,1300289.44
084-pay5x,084,ДФ ЗЕМЕДЕЛИЕ В.ТЪРНОВО,1,408,10550756.97
084-s63sx,084,ДФ ЗЕМЕДЕЛИЕ БУРГАС,1,799,15007222.80
084-tt7l2,084,ОД на Д Ф Земеделие Търговище,2,369,6358378.71
084-tw9zm,084,"Д Ф ""Земеделие"" Плевен",2,274,4546029.86
084-u0qgx,084,ОД НА ДФ ЗЕМЕДЕЛИЕ,4,1476,24121996.65
084-u2vs2,084,Д Ф Земеделие София област,2,753,8437763.12
084-x738a,084,Д Ф Земеделие Русе,2,655,21495172.64
084-xfrnx,084,Държавен фонд Земеделие Кюстендил,3,518,4147690.46
084-zg7c7,084,ДФ ЗЕМЕДЕЛИЕ РД СТ.ЗАГОРА,1,739,50168969.96
084-zqe6p,084,ДФ ЗЕМЕДЕЛИЕ ПАЗАРДЖИК,1,440,8358462.06
085-m89yn,085,НБКСРС,1,39,184481.65
119-gfmlu,119,ПУДООС,1,2481,3853307871.07
122-ketfr,122,Държавен Фонд Земеделие,1,427842,5834444501.89
122-ws0o7,122,"ДФ ""ЗЕМЕДЕЛИЕ""",2,188,24997066.38
124-0j2u9,124,ФСЕлС,1,14873,8061129537.91
128-w48mg,128,ДПДПК,1,1,22502.43
129-grr6f,129,ДПУСЯ,1,341,10379311.96
133-27t74,133,Институт по земеделие (ИЗ) Карнобат,1,189,1609945.14
133-4hrwx,133,Инс. пл. животно. земе.(ИПЖЗ) Троян,1,327,1813897.21
133-4jtr1,133,Инс. по аграрна иконо.(ИАИ) София,1,10,68161.84
133-83cep,133,НАУЧЕН ЦЕНТЪР ПО БУБАРСТВО,2,21,123137.32
133-a2ptz,133,Инс. зелен. култури(ИЗК)Марица Пл,2,207,1153729.48
133-ar2da,133,ИНСТИТУТ ПО ЦАРЕВИЦАТА,1,152,1119539.92
133-ayyef,133,Инс. земеде. и семезнание(ИЗС) Русе,1,203,1661002.07
133-bjnti,133,Агробиоинститут София,1,186,1548623.15
133-bqd44,133,ИНСТИТУТ ПО ФУРАЖНИ КУЛТУРИ ПЛЕВЕН,1,112,899358.20
133-epi91,133,НЦ ПО ЖИВОТНОВЪДСТВО И ЗЕМ,2,251,1593819.42
133-gnp42,133,Наци. земеделски музей (НЗМ) Сф.,1,14,229554.39
133-iqs9u,133,СЕЛСКОСТОПАНСКА АКАДЕМИЯ,1,216,43355089.37
133-j44gl,133,Инс. крио. и хра. тех. (ИКХТ) Сф.,1,109,593038.35
133-msw9y,133,ИНСТИТУТ ПО ЗЕМЕДЕЛИЕ КЮСТЕНДИЛ,1,36,194443.94
133-nsupu,133,Инс. полски култури (ИПК) Чирпан,1,252,2251469.89
133-o0utf,133,ИРЕМК КАЗАНЛЪК,1,65,285259.92
133-o83hu,133,НАУЧЕН ЦЕНТЪР ПО ЗЕМЕДЕЛИЕ СРЕДЕЦ,4,22,121099.75
133-oujsp,133,ИРР В НА,1,88,844434.31
133-qe3fd,133,ИНСТ.ПО ТЮТЮНА И ТЮТ.ИЗДЕЛИЯ,1,48,517311.55
133-t2rou,133,ИПАЗР НИКОЛА ПУШКАРОВ,1,257,1732164.30
133-tka2p,133,Инс. живот. науки (ИЖН) Костинброд,1,165,1210111.94
133-ud2bb,133,ИНСТ.ПО КОНС.И КАЧ.НА ХР.(ИККХ) Пд,1,33,120523.09
133-v7z9d,133,НЦ по земеделие Търговище,1,73,695613.40
133-vm4kb,133,ЗЕМЕДЕЛСКИ ИНСТИТУТ ШУМЕН,1,375,4057897.66
133-wdm37,133,ИНСТ Т ПО ЛОЗАРСТВО И ВИНАРСТВО ПЛЕ,1,160,945248.75
133-wvabb,133,Добруджански земеделски ин.(ДЗИ) ГТ,1,702,7943320.83
133-wvj9d,133,Инс. рибар. и аквакултури (ИРА) Пл.,1,32,156269.73
133-z5jyg,133,Инс. рас. генет. рес.(ИРГР) Садово,1,226,1438155.41
133-zao2x,133,Земеделски институт (ЗИ) СЗ,1,848,6003482.45
133-zooem,133,Институт по овощарство (ИО) Пл.,1,165,1139529.74
133-zwbfm,133,Инс. по декора. рас. (ИДР) София,1,29,204748.76
134-0c9j5,134,СП ОСЗТФК ЛОМ,1,39,190788.23
134-6soye,134,ОСПЗ Пазарджик,1,54,209242.14
134-bl6rj,134,СП ОПИТНА СТАНЦИЯ ПО ОЗ СЛИВЕН,1,14,103407.11
134-d5oxs,134,СП ОПИТНА СТАНЦИЯ ПО ЗЕМЕДЕЛИЕ,1,6,41429.44
134-dnmzr,134,СП ОСЗ ХАН КРУМ ДП КЪМ НПЦ,1,2,5258.80
134-elf9o,134,ОСКЗ СИЛИСТРА,1,2,8328.52
134-evb71,134,ОССЗК Павликени,1,31,159147.58
134-heql3,134,СП ОСТЗ - ХАСКОВО,3,76,458306.70
134-mbv64,134,СП ОС ПО ТРАЙНИ НАСАЖДЕНИЯ И ЗЕМЕДЕ,1,4,16881.63
134-oluh7,134,ДПНПЦ,1,16,216829.79
134-roqlq,134,ОСЗМК Лозница,1,44,366113.10
134-sa3dc,134,СП ОСЛВ ВАРНА,1,4,13542.11
422-00miq,422,18 Средно училище Уилям Гладстон,1,59,963708.34
422-00z23,422,159 ДГ ОЛИМПИЙЧЕ,1,11,161478.07
422-013cz,422,33 ЕГ СВ.СОФИЯ,1,47,305422.23
422-01m9j,422,Детска градина 64 Първи юни,1,20,89933.08
422-03xbh,422,ДГ 201,1,1,9302.65
422-03yn0,422,"199 ДГ ""Сарагоса""",4,28,219358.65
422-04oo4,422,44 СУ НЕОФИТ БОЗВЕЛИ Р Н ПОДУЯ,2,105,3203178.69
422-05535,422,149СУ ИВАН ХАДЖИЙСКИ,1,91,1171506.82
422-07fi2,422,Детска градина 68 Ран Босилек,1,19,102449.64
422-08uk8,422,141 ОУ НАРОДНИ БУДИТЕЛИ,1,25,242176.89
422-09v82,422,ДГ 37 ВЪЛШЕБСТВО,2,31,398473.99
422-0b8tj,422,ДГ 86 АСЕН БОСЕВ - РАЙОН ЛЮЛИН,1,20,89971.12
422-0crjj,422,ДГ 112 ДЕТСКИ СВЯТ,1,35,414408.98
422-0fo1h,422,Детска градина 136 Славия,2,14,97347.90
422-0h2wo,422,140 СУ ИВАН БОГОРОВ,1,145,983014.41
422-0hplk,422,ДЕТСКА ГРАДИНА 138 ПРИЯТЕЛИ,2,21,197790.99
422-0i91r,422,76-то ОУ УЙЛЯМ САРОЯН,3,17,130027.73
422-0kxth,422,ДЕТСКА ГРАДИНА 108 ДЕТСКО ЦАРС,1,1,2956.29
422-0lfah,422,ДОМ ЗА ПЪЛН. ЛИЦА С УМСТВ.ИЗОС,4,135,955219.97
422-0mh9h,422,Детска градина 84 Детелина,1,12,47295.04
422-0ng1y,422,ДЕТСКА ГРАДИНА 100 АКАД. ПЕНЧО РАЙК,1,4,15978.64
422-0ngel,422,ДЕТСКА ГРАДИНА 193 СЛАВЕЙЧЕ,3,90,469535.79
422-0okt5,422,ДГ 31 ЛЮЛИН,1,42,201317.29
422-0s5bn,422,РЕГ.Ц Р ЗА СЪВР.ИЗК.ТОПЛОЦЕНТР,6,196,2416991.88
422-0ss03,422,28-МО СРЕДНО УЧИЛИЩЕ АЛЕКО КОНСТАНТ,1,26,239733.84
422-0u0bx,422,Детска градина 200 Цветен рай,1,17,63914.11
422-0y9o4,422,Детска градина 6 Вълшебен Свят,1,16,68318.58
422-0z4ho,422,ДЕТСКА ГРАДИНА 26 КАЛИНА,2,14,57868.13
422-10hky,422,ДГ 75 СЪРЧИЦЕ,1,22,407950.71
422-10xn8,422,ПОСТОЯННА ДЕТСКА ЯСЛА 51,3,21,261170.44
422-11ycc,422,48 Основно училище Йосиф Ковачев,1,9,56345.49
422-129z5,422,ПОСТОЯННА ДЕТСКА ЯСЛА 1,2,19,152790.44
422-13v7c,422,ДГ 39 ПРОЛЕТ,1,39,488275.04
422-13v9l,422,135-ТО СРЕДНО УЧИЛИЩЕ ЯН АМОС КОМЕН,1,15,88375.98
422-15hq9,422,ДЕТСКА ГРАДИНА 183 ЩАСТЛИВО ДЕ,2,24,161553.38
422-15rx4,422,ПГХВТ ПРОФ. Д Р ГЕОРГИ ПАВЛОВ,2,33,187912.56
422-17lg1,422,86-ТО ОСНОВНО УЧИЛИЩЕ КЛИМЕНТ ОХРИД,1,8,86272.94
422-17uiu,422,Защитено жилище за лица с психични,3,13,44809.24
422-1a6ub,422,ДЕТСКА ГРАДИНА 189 СТО УСМИВКИ,2,41,205585.84
422-1bbmd,422,192 Средно училище Христо Ботев,1,14,77068.07
422-1cjjo,422,РАЙОН КРАСНА ПОЛЯНА,3,519,14502940.24
422-1d0es,422,Детска градина 97 Изгрев,1,14,123289.86
422-1e7mt,422,128 Средно училище Алберт Айнщайн,2,100,655167.09
422-1gjh0,422,ДГ 67 ЧУЧУЛИГА,1,10,155089.69
422-1lcdw,422,ДЕТСКА ГРАДИНА 99 БРЕЗИЧКА,2,38,179655.51
422-1m4nr,422,ДГ 127 СЛЪНЦЕ - РАЙОН ТРИАДИЦА Детс,1,23,92509.59
422-1mcc1,422,69 Средно училище Димитър Маринов,1,8,54076.02
422-1mm9v,422,ДЕТСКА ГРАДИНА 156,1,10,62882.15
422-1n9hi,422,86 Основно училище Св.Кл.Охридски,1,8,77086.07
422-1odhd,422,118 СУ АКАД. ЛЮДМИЛ СТОЯНОВ,2,81,1968914.00
422-1oy0n,422,ЦПЛР ЦИКО СОФИЯ,2,101,525618.93
422-1qhhy,422,127 Средно училище Иван Денкоглу,1,10,201765.22
422-1svj7,422,ДГ 17 МЕЧО ПУХ,1,43,592144.90
422-1tccj,422,ДЕТСКА ГРАДИНА 54 ДЪГА Детска гради,1,3,9034.01
422-1vmv5,422,Детска градина 165 Латинка,1,5,14613.21
422-1w03l,422,72-РО ОСНОВНО УЧИЛИЩЕ ХРИСТО БОТЕВ,1,5,42371.18
422-1wmug,422,Направление Архитектура и градоустр,1,75,639506.16
422-1wqvx,422,52-РО ОСНОВНО УЧИЛИЩЕ ЦАНКО ЦЕРКОВС,1,10,211906.28
422-1x93w,422,172 Основно училище Христо Ботев,1,10,74160.26
422-1xwvb,422,27-МО СУ АКАД. ГЕОРГИ КАРАСЛАВОВ,1,7,45094.83
422-20oix,422,52 ОУ ЦАНКО ЦЕРКОВСКИ,1,33,247611.15
422-20wao,422,23 СУ ФРЕДЕРИК Ж КЮРИ,1,91,992867.28
422-26een,422,57 Специализирано спортно училище,1,30,330127.15
422-2a55m,422,Детска градина 171 Свобода,1,12,66520.89
422-2dvq4,422,ДГ 166 ВЕСЕЛУШКА,1,12,44203.75
422-2e5ew,422,Детска градина 174 Фют,2,24,113071.86
422-2fzvx,422,Детска градина 55 Иглика,1,13,63739.78
422-2gh1t,422,75-то ОСНОВНО УЧИЛИЩЕ ТОДОР КАБЛЕШК,1,29,260284.41
422-2gkkg,422,Детска градина 73 Маргарита,1,23,172563.46
422-2gv2s,422,89 Основно училище Д-р Христо Стам,1,12,85337.04
422-2ilrr,422,108 СРЕДНО УЧИЛИЩЕ НИКОЛА БЕЛОВЕЖД,2,81,950093.57
422-2j6vi,422,ДГ 197 КИТНА ГРАДИНА,1,17,56369.29
422-2jlpg,422,48-МО ОСНОВНО УЧИЛИЩЕ ЙОСИФ КОВАЧЕВ,1,6,49393.48
422-2n3zk,422,ДЕТСКА ГРАДИНА 120 ДЕТСТВО ПОД ЛИПИ,1,19,79026.92
422-2pq7g,422,61 ОУ КИРИЛ И МЕТОДИЙ,3,68,797826.34
422-2q8tv,422,ДГ 105 РАКЕТА ПОДУЯНЕ,3,71,375296.11
422-2qahe,422,34-ТО ОСНОВНО УЧИЛИЩЕ СТОЮ ШИШКОВ,1,73,784670.89
422-2qpfm,422,Детска градина 35 Щастливо детсв,1,5,29837.86
422-2solr,422,ДОМ ЗА СТАРИ ХОРА ГОРНА БАНЯ,4,167,1058085.41
422-2vfoq,422,ДГ 66 ЕЛИЦА - РАЙОН ПАНЧАРЕВО Детск,1,14,66556.66
422-2vtkc,422,Детска градина 54 Дъга,1,6,20244.47
422-2x2oo,422,30 Средно училище Братя Миладинов,1,41,441604.62
422-2xrli,422,15-ТО СРЕДНО УЧИЛИЩЕ АДАМ МИЦКЕВИЧ,1,23,131577.40
422-2xxit,422,56 СУ ПРОФ. КОНСТАНТИН ИРЕЧЕК,2,74,479916.22
422-32wna,422,ДЕТСКА ГРАДИНА 123 ШАРЛ ПЕРО,2,24,104765.98
422-3364s,422,118 ДГ Усмивка,1,1,4487.61
422-33cob,422,153 СУ НЕОФИТ РИЛСКИ,1,86,691868.66
422-33ol1,422,ДГ 40 ПРОФ. Д-Р Г. АНГУШЕВ,3,12,163355.32
422-35dht,422,Детска градина 175 Слънчеви лъчи,2,31,164446.95
422-35rwe,422,ПОСТОЯННА ДЕТСКА ЯСЛА 48,2,14,243294.02
422-385co,422,119 Средно училище Акад. Михаил А,1,27,213798.81
422-38a42,422,Кризисен център с преоритетно наста,1,1,14057.02
422-392ea,422,Детска градина 178 Сребърно копи,1,16,64744.49
422-39i6h,422,ДЕТСКА ГРАДИНА 36 ПЕПЕРУДА,2,40,568374.29
422-39qbz,422,ДГ 78 ДЕТСКИ СВЯТ,1,49,529333.34
422-3apbm,422,ДГ 98 СЛЪНЧЕВОТО ЗАЙЧЕ - РАЙОН МЛАД,1,6,26777.15
422-3arcv,422,Детска градина 72 Приказка без к,1,21,84254.79
422-3atg1,422,Детска градина 179 Синчец,2,30,116496.90
422-3au1j,422,ДГ 43 ТАЛАНТ,1,37,126163.55
422-3ca01,422,ОП СОЦИАЛЕН ПАТРОНАЖ,2,330,1474210.11
422-3ch6z,422,8 СУ ВАСИЛ ЛЕВСКИ,1,93,1357099.86
422-3e8f4,422,Детска градина 120 Детство под л,1,5,19993.76
422-3fhj2,422,ДГ 34 БРЕЗИЧКА,1,11,48087.09
422-3gft5,422,ДЕТСКА ГРАДИНА 160 ДРАГАЛЕВЦИ,2,8,25765.20
422-3h0hf,422,ДЕТСКА ГРАДИНА 71 ЩАСТИЕ,2,9,33797.68
422-3h7m1,422,78 СУ ХР.СМИРНЕНСКИ,1,134,1209488.40
422-3hv9t,422,Детска градина 110 Слънчева мечт,1,31,456481.36
422-3if9e,422,ДГ 195 БРАТЯ МОРМАРЕВИ Р Н ОБОРИЩЕ,3,44,157713.19
422-3itbu,422,24 Средно училище Пейо Крачолов Я,1,7,104282.42
422-3jt98,422,ПОСТОЯННА ДЕТСКА ЯСЛА 69,3,57,540460.86
422-3lfaw,422,Детска градина 157 Детска стряха,2,38,282144.31
422-3n03k,422,ДЕТСКА ГРАДИНА 103 ПАТИЛАНСКО ЦАРСТ,1,22,91056.09
422-3neyj,422,ДЕТСКА ГРАДИНА N 67 ЧУЧУЛИГА,1,1,3617.20
422-3okn0,422,ОКИ НОДЦ МУЗЕЙКО,2,273,1774165.38
422-3polc,422,126 Основно училище Петко Ю. Тодор,1,30,336792.23
422-3sh83,422,171 Основно училище Стойл Попов,1,9,164694.67
422-3t4zo,422,144 СУ НАРОДНИ БУДИТЕЛИ,1,157,3282278.33
422-3u680,422,ДГ 136 СЛАВИЯ,1,22,285550.59
422-3v32v,422,125 СУ ПРОФ. БОЯН ПЕНЕВ,1,116,3118972.42
422-3wukh,422,ДГ 174 ФЮТ,1,16,59141.01
422-420g9,422,136-ТО ОСНОВНО УЧИЛИЩЕ ЛЮБЕН КАРАВЕ,1,26,205064.52
422-43773,422,Детска градина 79 Слънчице,1,18,97068.84
422-43gay,422,147 ОУ ЙОРДАН РАДИЧКОВ,1,16,314811.79
422-451js,422,ОБЩИНСКА ДЕТСКА ГРАДИНА 163 Детска,1,5,16946.82
422-45ctx,422,ДГ 90 ВЕСА ПАСПАЛЕЕВА Детска градин,1,9,59984.53
422-4b6hi,422,ПГИИ ПРОФ.Н.РАЙНОВ Р.СЕРДИ,3,22,162544.46
422-4bla1,422,53 ОУ НИКОЛАЙ ХРЕЛКОВ,1,53,551278.99
422-4ccmv,422,ДГ 83 СЛАВЕЙЧЕ - РАЙОН НАДЕЖДА Детс,1,2,6934.20
422-4cx47,422,"Детска гр. щ 140 ""Зорница""",2,27,252430.17
422-4dik6,422,30 ДГ РАДЕЦКИ,1,19,260586.40
422-4fl73,422,ДГ 69 ЖАР ПТИЦА ПОДУЯНЕ,2,32,145739.67
422-4hmzs,422,127 СРЕДНО УЧИЛИЩЕ ИВАН НИКОЛАЕВИЧ,1,13,68477.22
422-4hsmk,422,ДГ 12 ЛИЛИЯ,1,69,971616.08
422-4j4pt,422,107 Основно училище Хан Крум,1,22,140783.76
422-4kvla,422,116 ДГ МУСАЛА,1,10,31129.04
422-4lt3y,422,ОП ПАРКОВЕ И ГРАДСКИ ГРАДИНИ,3,459,4146257.26
422-4ouni,422,ДГ 2 ЗВЪНЧЕ Детска градина,1,16,62544.38
422-4pt18,422,109-ТО ОСНОВНО УЧИЛИЩЕ ХРИСТО СМИРН,1,26,220524.35
422-4q847,422,96 Средно училище Лев Николаевич Т,1,38,531256.78
422-4qxfu,422,ДГ 56 ЗДРАВЕЦ,1,76,692955.58
422-4qxkh,422,ДГ 189 СТО УСМИВКИ,1,55,586605.32
422-4t2cn,422,ДГ18 ДЕТСКИ СВЯТ,1,45,202867.87
422-4thq6,422,ДГ 98 СЛЪНЧЕВОТО ЗАЙЧЕ,1,35,503896.68
422-4v2bc,422,30 СУ БРАТЯ МИЛАДИНОВИ,1,131,963482.65
422-4v5rv,422,125 Средно училище Проф. Б. Пенев,1,48,332153.83
422-4wth0,422,113 ДГ,1,29,389357.42
422-4zdqf,422,РАЙОН ОВЧА КУПЕЛ,3,658,16833783.61
422-4zmsz,422,107-МО ОСНОВНО УЧИЛИЩЕ ХАН КРУМ,1,29,360326.86
422-50as7,422,36 ДЕТСКА ЯСЛА СЛЪНЧЕВО ЗАЙЧЕ,3,4,21883.98
422-57ga6,422,8-МО СРЕДНО УЧИЛИЩЕ ВАСИЛ ЛЕВСКИ,1,47,591707.87
422-57k3s,422,67-МО ОСНОВНО УЧИЛИЩЕ ВАСИЛ ДРУМЕВ,1,14,95041.60
422-58j9g,422,90-ТО СУ ГЕН.ХОСЕ ДЕ САН МАРТИН,1,23,225513.67
422-592un,422,95 Средно училище Проф.Иван Шишма,1,16,117587.55
422-59rma,422,55-ТО СРЕДНО УЧИЛИЩЕ ПЕТКО КАРАВЕЛО,1,77,1707756.89
422-59wy3,422,Детска градина 112 Детски свят,2,20,112758.24
422-5bg9m,422,16-ТО ОСНОВНО УЧИЛИЩЕ РАЙКО ЖИНЗИФО,1,24,245051.87
422-5cllj,422,ДЕТСКА ГРАДИНА 91 СЛЪНЧЕВ КЪТ,2,30,149764.62
422-5ezm6,422,39 СУ ПЕТЪР ДИНЕКОВ,1,75,1666343.34
422-5gy03,422,"192 ДГ ""Лозичка""",5,78,439069.38
422-5h9ay,422,ДЦДМУ СВЕТУЛКИ,2,2,6222.68
422-5i272,422,ДГ 133 ЗОРНИЦА,1,14,282932.82
422-5iicr,422,1 СУ П.СЛАВЕЙКОВ Р.ОБОРИЩ,4,110,1653641.14
422-5iure,422,ДЦПДУТС РЪКА ЗА РЪКА,2,3,8992.17
422-5j7by,422,ДЕТСКА ГРАДИНА 111 КОРАБЧЕ,2,16,104567.29
422-5jrv7,422,141 Основно училище Народни Будите,1,22,184015.60
422-5mfth,422,56 Средно училище Проф. Кондстанти,1,23,162042.29
422-5mh8n,422,109 Основно училище Христо Смирне,1,18,122209.10
422-5mspv,422,Детска градина 66 Елица,1,12,81896.90
422-5n9hk,422,ДГ 49 РАДОСТ,1,36,157990.57
422-5nfuh,422,21 СУ ХРИСТО БОТЕВ,1,80,965310.74
422-5qhob,422,170 Средно училище Васил Левски,1,66,607285.52
422-5qo44,422,11 Основно училище Св. Пимен Зог,1,19,175708.60
422-5ww2o,422,73 СУ С ПРЕП-НЕ НА ЧУЖДИ ЕЗИЦИ ВЛАД,1,26,156962.53
422-5xrcd,422,165 ДГ ЛАТИНКА,3,21,220209.55
422-5z9mi,422,94 СУ ДИМИТЪР СТРАШИМИРОВ,1,133,1968963.68
422-605p5,422,Ценър за временно настаняване Свет,4,42,209271.15
422-61brq,422,ДЕТСКА ЯСЛА 55,1,5,24796.68
422-62bhr,422,Столичен дом за радостни обреди,1,8,31683.68
422-641ik,422,ДЕТСКА ГРАДИНА 69 ЖАР ПТИЦА,2,30,114402.57
422-64ud6,422,ДЕТСКА ЯСЛА-31 ПАЛАВНИЦИ,3,16,260268.06
422-65hub,422,Втора Английска езикова гимназия,1,24,191613.65
422-67gxp,422,166 Специализирано спортно училище,2,42,351389.77
422-6998p,422,ДГ 35 ЩАСТЛИВО ДЕТСТВО,1,25,431761.83
422-6a6h5,422,ДГ 6 ВЪЛШЕБЕН СВЯТ,1,10,37336.70
422-6ajft,422,Детска градина 134 Любопитко,2,3,19891.30
422-6cdnf,422,59 ОУ Васил Левски,3,36,478294.38
422-6du9n,422,ДГ 80 ПРИКАЗНА КАЛИНА,1,30,428577.28
422-6izcv,422,Детска градина 41 Приятели,2,2,41686.94
422-6k1an,422,ОБЩИНСКО ПРЕДПРИЯТИЕ СОФИЯПЛАН,2,73,648144.10
422-6k81e,422,106-ТО ОУ ГРИГОРИЙ ЦАМБЛАК,1,10,184825.85
422-6mpmv,422,Детска градина 169 Коледарче,1,8,25341.91
422-6nqz9,422,43 ОУ ХРИСТО СМИРНЕНСКИ,1,70,545133.53
422-6oqfo,422,ДГ 153 СВ ТРОИЦА,1,12,44919.54
422-6rznu,422,10 СУ ТЕОДОР ТРАЯНОВ,1,166,2494971.94
422-6slkb,422,175 ОУ ВАСИЛ ЛЕВСКИ,1,15,138611.54
422-6u3iv,422,ДЕТСКА ГРАДИНА 17 МЕЧО ПУХ,2,21,85063.84
422-6woc4,422,Район Оборище,1,104,1144696.82
422-6wqgb,422,72 ОУ ХРИСТО БОТЕВ,1,18,167763.11
422-6yfvq,422,ЦСРИ ХИЛЯДА ИСТОРИИ И ЕДНА МЕЧТА ПО,1,2,14898.84
422-702qu,422,ДЕТСКА ГРАДИНА 110 СЛЪНЧЕВА МЕЧТА,1,20,251485.15
422-70abo,422,Четвърта сменно-вечерна гимназия О,1,13,66573.80
422-71kwl,422,ДГ 3 ДЕТЕЛИНА,1,29,368647.73
422-725q4,422,ЗООЛОГИЧЕСКА ГРАДИНА СОФИЯ,5,503,4444425.75
422-73fl3,422,88 СУ ДИМИТЪР ПОПНИКОЛОВ,1,87,820053.39
422-73hzk,422,ОУ 143 Р Н ПОДУЯНЕ ПР.,2,57,675036.39
422-761qg,422,37 Средно училище Райна Княгиня,1,24,227955.91
422-76v3m,422,ЧЕТВЪРТА СМ.ВЕЧ.ГИМНАЗИЯ,1,53,544191.15
422-76yqy,422,ДЕТСКА ГРАДИНА 81 ЛИЛИЯ,2,67,369769.57
422-77gj5,422,ПОСТОЯННА ДЕТСКА ЯСЛА N 41 - ПОДЕЛЕ,3,37,140640.99
422-786ng,422,ДГ 27 ДЕТСКА КИТКА - РАЙОН НАДЕЖДА,1,4,33566.29
422-79d44,422,166 СПОРТНО У-ЩЕ В.ЛЕВСКИ-,4,98,1228163.49
422-7arza,422,ДЕТСКА ГРАДИНА 8 ПРОФ.Д-Р ЕЛКА ПЕТР,1,14,50506.44
422-7bz5a,422,17 ТО СУ ДАМЯН ГРУЕВ,2,96,1600589.87
422-7bzg4,422,50-то ОСНОВНО УЧИЛИЩЕ ВАСИЛ ЛЕВСКИ,1,26,250556.89
422-7cvn6,422,92 РО ОУ ДИМИТЪР ТАЛЕВ,2,78,1435915.35
422-7d61l,422,63 Основно училище Христо Ботев,1,33,281852.07
422-7dpn3,422,ДГ 47 НЕЗАБРАВКА,1,47,227413.01
422-7f14m,422,СТОЛ.ДОМ РАДОСТНИ ОБРЕДИ,1,25,285673.20
422-7fa3x,422,ОП ЕКОРАВНОВЕСИЕ,3,335,2892609.66
422-7gjxn,422,192 СУ ХРИСТО БОТЕВ БИСТРИЦА,2,53,825096.40
422-7hcbu,422,ДЕТСКА ГРАДИНА 121,2,27,108642.84
422-7hneq,422,"Детска гр. щ 147 ""Славейче""",2,24,265125.73
422-7hnod,422,СТ.ОБЩ. ДИР.ЗДРАВЕОПАЗВАНЕ,2,426,17221423.02
422-7i1yy,422,160 ОУ КИРИЛ И МЕТОДИЙ,2,21,92435.68
422-7k15u,422,153 Специализирано спортно училище,1,34,459661.89
422-7k462,422,Детска градина 65 Слънчево детст,1,39,226251.98
422-7kxd4,422,81 Средно училище Виктор Юго,2,93,1131707.74
422-7lzke,422,Детска градина 142,2,8,24548.93
422-7mc5c,422,К С ДЕТ.ХРАН.БАНКА МАЙЧИНА КЪР,5,211,1014694.62
422-7ml2s,422,152 Основно училище Св.Св.Кирил и,2,3,32514.45
422-7sfiv,422,РАЙОН СЛАТИНА,3,684,11214271.04
422-7snvg,422,ЦПЛР КОК- София,1,1,6120.16
422-7upw9,422,ДЕТСКА ГРАДИНА 70 ПРОЛЕТ,2,10,31247.51
422-7vec0,422,45 ОУ КОНСТАНТИН ВЕЛИЧКОВ,1,82,674076.03
422-7wg3r,422,31-ВО СУ ЗА ЧУЖДИ ЕЗИЦИ И МАТЕМАТИК,1,41,495268.16
422-7xdr1,422,Р Н КРАСНО СЕЛО,4,650,13165878.69
422-7xiiw,422,ЦНСТБУПНДМБ,1,1,2676.00
422-7zwqb,422,ДЕТСКА ГРАДИНА 65 СЛЪНЧЕВО ДЕТСТВО,1,27,174331.93
422-81ske,422,ДЕТСКА ГРАДИНА 22 ВЕЛИКДЕНЧЕ,2,35,186337.00
422-82b0o,422,47-МО СУ ХРИСТО Г.ДАНОВ Училище,1,15,222235.50
422-82u72,422,"Детска гр. щ 44 ""Калина""",2,76,717948.01
422-82wut,422,138 Средно училище за западни и изт,1,37,393477.42
422-84k4s,422,137 СУ АНГЕЛ КЪНЧЕВ,1,93,731837.11
422-881d4,422,60-ТО ОСНОВНО УЧИЛИЩЕ СВ.СВ.КИРИЛ И,1,6,68097.98
422-88tn6,422,131 СУ АКАД.КЛИМЕНТ А.ТИМИРЯЗЕВ,3,101,2443689.35
422-8988k,422,ДЕТСКА ГРАДИНА 12 ЛИЛИЯ,2,36,202379.55
422-8ashr,422,ДГ 83 СЛАВЕЙЧЕ,1,6,27570.84
422-8b1g2,422,ДГ 180 ЗАЙЧЕНЦЕТО БЯЛО,1,31,282077.41
422-8bigo,422,Детска градина 98 Слънчевото зай,1,2,5710.72
422-8ftyv,422,146 Основно училище Патриарх Евтим,1,12,118686.85
422-8gkdq,422,67 Основно училище Васил Друмев,1,20,261518.55
422-8k9mc,422,175 Основно училище Васил Левски,1,3,11195.91
422-8m7ok,422,164 ДГ,1,1,29500.61
422-8mpmb,422,Детска градина 139 Панорама,2,48,238036.07
422-8ndbd,422,45-ТО ОСНОВНО УЧИЛИЩЕ КОНСТАНТИН ВЕ,1,24,308689.63
422-8nl98,422,ДГ 130 ПРИКАЗКА,1,22,257592.86
422-8nve7,422,104-ТО ОСНОВНО УЧИЛИЩЕ ЗАХАРИ СТОЯН,1,34,269942.71
422-8oh9v,422,1 СРЕДНО УЧИЛИЩЕ ПЕНЧО П. СЛАВЕЙКО,2,114,1165208.79
422-8qn1y,422,Детска градина 52 Илинденче,2,17,63699.69
422-8qnd5,422,ПРОФЕСИОНАЛНА ГИМНАЗИЯ Д-Р СТАМЕН Г,1,13,201205.95
422-8rr2c,422,ДГ 103 ПАТИЛАНСКО ЦАРСТВО ПОДУ,2,26,204085.69
422-8skbe,422,ЦНСТДМУ ГЕОРГИ БЕНКОВСКИ,1,1,5389.26
422-8u8on,422,Детска градина 187 Жар птица,1,13,51711.68
422-8ucvz,422,148 Основно училище Проф.д-р Любом,2,84,704233.05
422-8vcdl,422,ДГ 177 ЛЮТИЧЕ ПОДУЯНЕ,3,66,331415.38
422-8w2qi,422,11 ОСНОВНО УЧИЛИЩЕ,1,61,723688.72
422-8ybuo,422,83 Основно училище Елин Пелин,1,6,451850.20
422-8ypig,422,105 СУ АТАНАС ДАЛЧЕВ,1,101,2154062.27
422-8zj6v,422,ДГ 38 ДОРА ГАБЕ Детска градина,1,8,28104.40
422-9063w,422,ДЕТСКА ГРАДИНА 141 СЛАВЕЙКОВА ПОЛЯН,1,18,86215.24
422-9203o,422,ДЕТСКА ЯСЛА 21,2,4,23502.19
422-95nc6,422,ОП ТУРИЗЪМ,2,119,1356266.56
422-95pew,422,РАЙОН ЛЮЛИН,3,691,16345655.04
422-97sq2,422,Детска градина 180 Зайченцето бя,1,7,25431.23
422-981cl,422,49 Основно училище Бенито Хуарес,1,40,576809.90
422-98322,422,ДГ 142,1,21,242953.06
422-99uyj,422,91-НЕМСКА ЕЗИКОВА ГИМНАЗИЯ ПРОФ.КОН,1,31,176834.63
422-99wc8,422,ДГ 198 КОСЕ БОСЕ,1,21,303911.78
422-9b88m,422,РАЙОН ИСКЪР,3,449,17479918.57
422-9cmug,422,191 Основно училище Отец Паисий,1,4,14895.60
422-9dcfo,422,РАЙОН СЕРДИКА,3,597,11698528.67
422-9ds5y,422,88 СРЕДНО УЧИЛИЩЕ ДИМИТЪР ПОПНИКОЛ,1,38,435881.30
422-9e3jz,422,200 ОУ ОТЕЦ ПАИСИЙ Д.ЛОЗЕН,1,21,383329.16
422-9e5up,422,Детска градина 7 Детелина,1,25,91478.49
422-9ehx7,422,41ОУ П.ЕВТИМИЙ,1,33,188115.43
422-9el4u,422,131 Средно училище Климент Аркадие,1,44,583351.12
422-9eup3,422,ДГ 200 ЦВЕТЕН РАЙ,1,50,213346.08
422-9fokw,422,93 СУ АЛЕКСАНДЪР БАЛАН,1,88,675927.99
422-9fzjb,422,Детска градина 195 Братя Мормаре,1,18,65977.82
422-9h5ke,422,172 ОБЕДИНЕНО УЧИЛИЩЕ ХРИСТО БОТЕВ,1,14,130229.93
422-9hst0,422,2 СУ АКАД.ЕМИЛИЯН СТАНЕВ,4,185,2571182.87
422-9ic2h,422,163 ОСНОВНО УЧИЛИЩЕ ЧЕРНОРИЗЕЦ ХРАБ,1,41,457968.51
422-9kbjd,422,ДГ 55 ИГЛИКА Детска градина,1,18,64586.90
422-9lao7,422,ДГ 3 ДЕТЕЛИНА Детска градина,1,10,42725.37
422-9mdbu,422,Детска градина 24 Надежда,2,17,109522.48
422-9mn5i,422,Детска градина 74 Дъга,2,31,145340.57
422-9o2y7,422,ТЕАТЪР ВЪЗРАЖДАНЕ,3,72,848359.92
422-9pqo8,422,РАЙОН ОБОРИЩЕ ПОДЕЛЕНИЕ,1,104,1672411.73
422-9ty5i,422,34 ОСНОВНО УЧИЛИЩЕ СТОЮ ШИШКОВ,3,190,1989583.87
422-9ukgy,422,145 ОУ СИМЕОН РАДЕВ,1,164,2603703.13
422-9whej,422,Детска градина 85 Родина,1,1,2560.02
422-9wmcq,422,33 Основно училище Санкт Петербург,1,33,203429.11
422-9x0rb,422,46 Основно училище Константин Фот,1,4,22606.96
422-9x8yr,422,ДГ 27 ДЕТСКА КИТКА,1,7,31604.11
422-9xsfw,422,ДГ 114 СВЕТУЛКА,1,8,26318.39
422-9y1bj,422,199-ТО ОУ СВ.АПОСТОЛ ЙОАН БОГОСЛОВ,1,26,275482.30
422-9yqa8,422,Детска градина 144 Ханс Кр.Андер,1,9,49549.62
422-9zs9q,422,ДГ 1 ЧЕРВЕНАТА ШАПЧИЦА,1,32,308273.60
422-a030v,422,192-РО СРЕДНО УЧИЛИЩЕ ХРИСТО БОТЕВ,1,3,42708.24
422-a1chk,422,201 ОУ СВ. СВ.КИРИЛ И МЕТОДИЙ Учили,1,10,1235108.90
422-a1qly,422,Ц Р СОЦ.РЕХАБ.ИНТЕГР. СВ.,1,1,4539.04
422-a2xtz,422,157 ГИЧЕ СЕСАР ВАЙЕХО,1,100,1004748.58
422-a6mlu,422,45 Основно училище Константин Вел,1,23,161044.48
422-a7tk3,422,ДГ 62 ЗОРНИЦА РАЙОН СЛАТИНА,1,9,45851.45
422-a8688,422,Детска градина 76 Сърничка,1,29,244080.22
422-a8cqm,422,171 ОУ СТОИЛ ПОПОВ Р.Н.ИСК,3,54,624248.64
422-a9n0t,422,ДЕТСКА ГРАДИНА 187 ЖАР ПТИЦА Детска,1,12,52710.91
422-ackn5,422,Софийска математическа гимназия Па,1,41,242259.51
422-adacg,422,СМГ Р.ОБОРИЩЕ ПР.,2,141,2493147.15
422-af9q8,422,ДГ 175 Слънчеви лъчи,1,50,480958.20
422-afsrq,422,147 Основно училище Йордан Радичко,1,5,86647.73
422-ag5nn,422,ДЕТ.ЯСЛА 58 -Р-Н ПОДУЯНЕ,4,17,240423.65
422-agl0s,422,ДЕТСКА ГРАДИНА 129 ПРИКАЗЕН СВЯТ,2,13,44684.80
422-ahn8i,422,42 Основно училище Хаджи Димитър,1,43,1279634.79
422-aipe0,422,75 ТО ОУ ТОДОР КАБЛЕШКОВ,2,119,2115536.49
422-ajrb0,422,96 СУ ЛЕВ НИКОЛАЕВИЧ ТОЛСТОЙ,2,103,1551686.73
422-ajvs7,422,69-ТО СРЕДНО УЧИЛИЩЕ ДИМИТЬР МАРИНО,1,24,133994.68
422-akf0h,422,ДГ 122,1,51,224666.46
422-ala3x,422,ДГ 145 БЪЛГАРКА КРАСНО СЕЛО,1,3,20124.45
422-alm8v,422,РАЙОН ВРЪБНИЦА,3,598,9848131.47
422-amo3r,422,ДЕТСКА ГРАДИНА 80 ПРИКАЗНА КАЛИНА,1,12,56720.69
422-aoiy6,422,148 ОУ ЛЮБОМИР МИЛЕТИЧ,1,97,920821.68
422-apqq5,422,20 Основно училище Тодор Минков,1,41,280856.34
422-aqaoj,422,108 СУ НИКОЛА БЕЛОВЕЖДОВ,1,123,2178996.74
422-aux8c,422,ЦНСТДМУ ГЕОРГИ САВА РАКОВСКИ,1,1,3616.35
422-avd1a,422,65 Основно училище Св.Св.Кирил и М,1,3,22145.07
422-avulx,422,51-ВО СРЕДНО УЧИЛИЩЕ ЕЛИСАВЕТА БАГР,1,70,583729.43
422-aw5rn,422,62-РО ОСНОВНО УЧИЛИЩЕ ХРИСТО БОТЕВ,1,6,19534.23
422-azv3b,422,ДЕТСКА ГРАДИНА 154 СБЪДНАТА М,1,2,6952.51
422-b3qeg,422,Превантивно-информационен център по,1,5,18777.70
422-b3vbu,422,ДЕТСКА ГРАДИНА 102 КРЕМЕНИЦА,2,32,166054.33
422-b4a6h,422,ДЕТСКА ГРАДИНА 20 ЖАСМИНОВ ПАРК,2,17,71426.63
422-b4tbv,422,ЦВН СВ.ДИМИТЪР,6,244,1405848.35
422-b62iz,422,66 ЯСЛА,4,45,408432.67
422-b6m7u,422,Център за социална рехабилитация и,4,6,27816.56
422-b94v9,422,97 СУ БРАТЯ МИЛАДИНОВИ,1,149,1214110.46
422-b9j6s,422,157 Гимназия с изучавана на чужд ез,1,28,210470.79
422-ba8ie,422,Дирекция Здравеопазване - оторизира,1,166,7497765.62
422-baq9f,422,"139 ОУ ""ЗАХАРИ КРУША""",4,96,977739.29
422-bbta7,422,103-ТО ОСНОВНО УЧИЛИЩЕ ВАСИЛ ЛЕВСКИ,1,7,74466.48
422-bccf3,422,203 ПРОФИЛИРАНА ЕЗИКОВА ГИМНАЗИЯ СВ,1,12,117478.39
422-bei2t,422,Детска градина 104 Моят свят,2,34,148588.33
422-bgqgl,422,170-ТО СУ ВАСИЛ ЛЕВСКИ,1,59,550794.07
422-bj3fn,422,Детска градина 53 Дядовата Ръкав,1,8,26461.65
422-bmv36,422,ДГ 124 БЪРБОРИНО,1,34,331050.04
422-bn641,422,68-МО СУ АКАД.НИКОЛА ОБРЕШКОВ,1,40,203468.45
422-bpjvy,422,5 ТО ОУ ИВАН ВАЗОВ,2,78,505491.24
422-bpsjo,422,ДЕТСКА ГРАДИНА 16 ПРИКАЗЕН СВЯТ,2,37,251572.89
422-bq6ni,422,ДГР 135 МОЕ ДЕТСТВО Н. ИСКЪР,2,38,156548.10
422-braw4,422,Детска градина 158 Зора,1,5,20908.41
422-btoxi,422,ПЕТО ВЕЧЕРНО СРЕДНО УЧИЛИЩЕ ПЕНЬО П,1,4,74303.40
422-c48ap,422,ДЕТСКА ГРАДИНА 133 ЗОРНИЦА,2,12,48886.14
422-c4kim,422,49-ТО ОУ БЕНИТО ХУАРЕС,1,42,627393.19
422-c5uk9,422,ОП УПР.НА ОБЩИНСКИ ЗЕМИ И ГОРИ,3,111,799142.93
422-c7tre,422,Детска градина 87 Буката,1,10,33271.21
422-c8xpt,422,ДЕТСКА ГРАДИНА 184 МЕЧО ПУХ,3,70,486013.14
422-ca832,422,130 СУ СТЕФАН КАРАДЖА Р Н ПОДУЯНЕ,3,14,97039.11
422-catgm,422,Детска градина 183 Щастливо детс,1,9,42441.18
422-cb49v,422,ДГ 73 МАРГАРИТА,1,90,659961.33
422-ccgi5,422,133 СУ А.С. ПУШКИН,1,109,2585857.88
422-cenmp,422,Пето вечерно средно училище Пеньо,1,5,15078.57
422-cfl7n,422,77-МО ОУ КИРИЛ И МЕТОДИЙ,1,2,16586.82
422-cgp7t,422,ДЕТСКА ГРАДИНА 197 КИТНА ГРАДИНА,2,21,69315.81
422-chpjo,422,ОБЩ.КУЛТУРЕН ИНСТИТУТ НАДЕЖД,4,62,607585.74
422-ci9of,422,92-ро ОСНОВНО УЧИЛИЩЕ ДИМИТЬР ТАЛЕВ,1,26,235296.89
422-cic4b,422,Детска градина 43 Талант,1,17,63062.55
422-cmuay,422,23 Средно училище Фредерик Жолио,1,24,151839.57
422-cntyp,422,ДГ 109 Зорница,3,32,312109.02
422-cqztt,422,49 ДГ РАДОСТ,1,35,396879.77
422-cudfh,422,119 СУ АКАД.МИХАИЛ АРНАУДОВ,1,35,444539.83
422-cuwyi,422,55 Средно училище Петко Каравелов,1,65,1550391.05
422-cxs99,422,ДГ 92 МЕЧТА ПОДУЯНЕ,2,36,184589.78
422-cy5md,422,150 Основно училище Цар Симеон Пър,1,20,104301.59
422-d0pze,422,ДГ 91СЛЪНЧЕВ КЪТ ПОДУЯНЕ ПР.,2,28,277183.77
422-d1jtr,422,132 СРЕДНО УЧИЛИЩЕ ВАНЯ ВОЙНОВА,2,51,351967.84
422-d1qsc,422,130 Средно училище Стефан Караджа,1,15,127498.41
422-d2bl6,422,57СПЕЦИАЛИЗИРАНО СПОРТНО УЧИЛИЩЕ СВ,1,29,220802.23
422-d3xd1,422,36 СУ МАКСИМ ГОРКИ,1,87,1094864.86
422-d4gda,422,149 СУ ИВАН ХАДЖИЙСКИ,1,2,6000.00
422-d5vvc,422,ДЕТСКА ГРАДИНА 62 ЗОРНИЦА,2,36,253297.10
422-d80r0,422,ДГ 72 ПРИКАЗКА БЕЗ КРАЙ,1,61,596131.72
422-d8wkn,422,ДЕТСКА ГРАДИНА 161 ЛАСКА,2,65,352640.52
422-d9oii,422,22 Средно езиково училище Георги Ст,1,31,264549.02
422-da64y,422,ДГ 186 ДЕНИЦА,3,30,220069.20
422-dbiqt,422,СО РАЙОН ОБОРИЩЕ,2,222,3799600.81
422-dehu2,422,ДГ 51 ЩУРЧЕ,1,27,95311.11
422-dfo5v,422,103 Основно училище Васил Левски,1,10,86338.53
422-dgw3u,422,94 Средно училище Димитър Страш,1,43,339864.62
422-dhv25,422,201 ОУ КИРИЛ И МЕТОДИЙ Г ЛОЗЕН,2,23,395713.70
422-di9u8,422,33 ОУ САНКТ ПЕТЕРБУРГ,2,80,564252.50
422-dju9r,422,ДЕТСКА ГРАДИНА79 СЛЪНЧИЦЕ,1,19,109056.07
422-djy7p,422,ДЕТСКА ГРАДИНА 158 ЗОРА -РАЙОН ИЛИН,1,3,20832.90
422-dn70j,422,33 ДГ СРЕБЪРНИ ЗВЪНЧЕТА,1,29,343457.99
422-do42j,422,Център за кризисно настаняване на,2,7,39310.10
422-doiok,422,ПГИИ ПРОФ. НИКОЛАЙ РАЙНОВ,1,7,68685.25
422-dpp82,422,ДЕТСКА ГРАДИНА 18 ДЕТСКИ СВЯТ,2,45,212341.40
422-dst60,422,Детска градина 1,1,5,54682.63
422-dsza7,422,ДГ 41 ПРИЯТЕЛИ,1,7,50481.24
422-du6yg,422,ДЕТСКА ГРАДИНА 13 КАЛИНКА,2,76,740043.45
422-du9jn,422,Детска градина 47 Незабравка,1,18,109879.20
422-dust3,422,29 СУ КУЗМАН ШАПКАРЕВ Р.СЕРДИКА,3,20,108687.85
422-dv9t8,422,"Детска гр. щ 58 ""Слънчево утро""",2,29,321287.10
422-dw273,422,ДГ 137 КАЛИНА МАЛИНА,1,4,17844.91
422-dwswt,422,ДЕТСКА ГРАДИНА 74 ДЪГА Р Н ПО,2,36,148805.88
422-dxjpy,422,ЦПЛР СШ СОФИЯ,2,136,688531.27
422-e5glh,422,136 Основно училище Любен Каравело,1,34,211697.43
422-e5y7g,422,38 Основно училище Васил Априлов,1,24,134256.16
422-e7qdt,422,4 Основно училище Проф.Джон Атана,1,45,424116.32
422-e7y2u,422,Детска градина 25 Изворче,2,55,400893.16
422-e98hy,422,150-ТО ОСНОВНО УЧИЛИЩЕ ЦАР СИМЕОН 1,1,31,219631.75
422-eapda,422,43 ОСНОВНО УЧИЛИЩЕ ХРИСТО СМИРНЕНСК,1,28,337986.08
422-eb3ah,422,Детска градина 154 Сбъдната мечт,1,5,21817.83
422-ecs8l,422,Детска градина 4 Слънчо,2,24,104851.18
422-efbtg,422,58 ОУ - СЕРГЕЙ РУМЯНЦЕВ -,4,44,594547.70
422-eg9oj,422,ДГ 171 СВОБОДА Детска градина,1,7,50620.48
422-egixb,422,101-ВО СРЕДНО УЧИЛИЩЕ БАЧО КИРО,1,43,205584.13
422-ehj67,422,ДГ 54 ДЪГА,1,23,312992.89
422-ej3pp,422,172 ОУ ХРИСТО БОТЕВ Р.Н.ИС,3,35,184966.73
422-epbsq,422,78 СУ ХРИСТО СМИРНЕНСКИ,1,71,422800.29
422-es31x,422,ДГ 152 ЛЮЛЯЧЕ,1,41,231760.06
422-ew7n3,422,ДЕТСКА ГРАДИНА 201,1,3,17945.29
422-ewezn,422,179 Основно училище Васил Левски,1,10,124848.87
422-f04l9,422,130 -ТО СУ СТЕФАН КАРАДЖА,1,7,56235.66
422-f0r5i,422,СО ДИРЕКЦИЯ КУЛТУРА,4,1869,11735680.34
422-f17lt,422,199 ОУ СВ. ЙОАН БОГОСЛОВ ПОДУЕ,2,52,492118.98
422-f1kdj,422,Детска градина 151 Леда Милева,2,30,132168.86
422-f2hix,422,ДГ 160 ДРАГАЛЕВЦИ,2,29,375490.61
422-f3vhc,422,Детска градина 124 Бърборино,2,18,144956.92
422-f4eua,422,ОП Софияплан,1,8,51850.12
422-f5njw,422,44 СУ НЕОФИТ БОЗВЕЛИ Р Н ПОДУЯНЕ,1,1,2584.25
422-f6o14,422,ЦНСТДМУ ХРИСТО БОТЕВ,1,2,8432.71
422-f99ot,422,ДГ 181 РАДОСТ,1,12,115726.29
422-fa13j,422,140 СРЕДНО УЧИЛИЩЕ ИВАН БОГОРОВ Учи,1,83,730595.06
422-fayhz,422,ДИРЕКЦИЯ ОБЩИНСКИ ПРИХОДИ,3,387,3634180.04
422-fb2sa,422,38-МО ОСНОВНО УЧИЛИЩЕ ВАСИЛ АПРИЛО,1,27,173263.77
422-fdepq,422,ОБЩ.КУЛТ.И Т СТОЛ.БИБЛИОТЕКА,5,220,1234398.73
422-fev4p,422,71 СУ П.К. ЯВОРОВ Училище,1,29,273102.61
422-fg14y,422,ДЕТСКА ГРАДИНА 148 СЛЪНЦЕ,1,4,24070.24
422-fhd5c,422,117 СУ Св. Св. Кирил и Методий,2,81,1206120.82
422-fitq5,422,6 ТО ОУ ГР.ИГНАТИЕВ,2,52,661200.31
422-fj775,422,ДГ 139 ПАНОРАМА,1,62,379647.91
422-fjijc,422,94 СРЕДНО УЧИЛИЩЕ ДИМИТЪР СТРАШИМИР,1,46,494044.81
422-fk8j4,422,59 Обединено училище Васил Левски,1,18,199073.59
422-fl7dm,422,44 Средно училище Нофит Бозвели,1,38,1169597.39
422-fmwds,422,ДГ 38 ДОРА ГАБЕ,1,14,88990.28
422-fr3qa,422,ДГ 70 ПРОЛЕТ,1,20,299506.10
422-fre6c,422,ДГ 97 ИЗГРЕВ Детска градина,1,10,44225.43
422-fsegq,422,118 Средно училище Акад. Людмил Ст,1,26,332371.77
422-fsuul,422,106 Основно училище Григорий Цамбл,1,19,364649.19
422-ftf5q,422,Детска градина 59 Елхица,2,33,165146.42
422-ftt4h,422,РАЙОН ПАНЧАРЕВО,3,607,14950960.54
422-fulb1,422,КОМПЛЕКС ДЕТСКО ХРАНЕНЕ РАЙОН,4,93,352053.04
422-fuq89,422,100-НО ОУ НАЙДЕН ГЕРОВ,1,11,121370.59
422-fvnkt,422,102 ОУ ПАНАЙОТ ВОЛОВ,1,37,276843.05
422-fy9eg,422,Дом за пълнолетни лица със сетивни,3,29,108726.59
422-fzrni,422,131 СРЕДНО УЧИЛИЩЕ КЛИМЕНТ АРКАДИЕВ,1,59,785276.55
422-g0gz5,422,РАЙОН ВИТОША,3,997,43015119.23
422-g19oa,422,41 Основно училище Свети Патриарх,1,20,141060.63
422-g1oph,422,СЕДМИЧНА ДЕТСКА ЯСЛА 46,1,12,65205.90
422-g2dg2,422,100 Основно училище Найден Геров,1,12,90422.67
422-g2xvu,422,91 НЕГ ПРОФ.К.ГЪЛЪБОВ,1,51,445160.27
422-g3u5k,422,12 СОУ ИВАН АСЕН2,2,84,1673643.68
422-g4o38,422,124 Основно училище Васил Левски,1,22,275294.01
422-ga2z7,422,Професионална гимназия по селско ст,1,15,138588.06
422-gcq9f,422,176 ОБЕДИНЕНО УЧИЛИЩЕ СВ.СВ.КИРИЛ И,1,15,133984.55
422-gdbgs,422,ДЕТСКА ГРАДИНА ШАРЛ ПЕРО Детска гра,1,5,20470.37
422-gdnqs,422,РАЙОН СТУДЕНТСКИ,4,421,15019963.80
422-ge0uo,422,ДГ 57 ХОСЕ МАРТИ,1,36,134495.63
422-gel5y,422,СТОЛИЧЕН ИНСПЕКТОРАТ КЪМ СО,4,304,4306360.28
422-gg5ya,422,61-ВО ОУ СВ.СВ.КИРИЛ И МЕТОДИЙ Учил,1,21,141696.96
422-gii78,422,15 СУ АДАМ МИЦКЕВИЧ,1,89,635561.35
422-givlr,422,147 ОСНОВНО УЧИЛИЩЕ ЙОРДАН РАДИЧКОВ,1,2,9714.55
422-gk2ij,422,146-ТО ОСНОВНО УЧИЛИЩЕ ПАТРИАРХ ЕВТ,1,6,31102.65
422-glbi0,422,Детска градина 29 Слънце,2,24,133950.29
422-glu41,422,120-ТО ОСНОВНО УЧИЛИЩЕ Г.С. РАКОВСК,1,22,165319.39
422-gmbxy,422,Детска градина 31 Люлин,2,35,192019.23
422-gnddi,422,40-ТО СУ ЛУИ ПАСТЬОР,1,60,821878.77
422-gntlm,422,ЦНСТДБУ ДЕТЕЛИНА,2,5,15775.02
422-go820,422,89 ОУ Д-Р ХРИСТО СТАМБОЛСК,4,48,388472.95
422-gotun,422,160 Основно училище Кирил и Методи,1,7,45611.25
422-grhm9,422,ДГ 173 ЗВЪНЧЕ ПОДУЯНЕ,4,64,476125.80
422-gscho,422,"122 ОУ ""НИКОЛАЙ ЛИЛИЕ",4,81,1088774.49
422-gshdg,422,СДЯ 128 СЛЪНЦЕ,3,43,187307.54
422-gswhi,422,27 Средно училище Акад. Георги К,1,21,179371.57
422-gvjmc,422,Детска градина 103 Патиланско ца,1,16,67032.38
422-gvp20,422,84-ТО ОСНОВНО УЧИЛИЩЕ ВАСИЛ ЛЕВСКИ,1,15,101600.12
422-gxnhb,422,ДГ157 ДЕТСКА СТРЯХА Н. ИСКЪР,2,41,296804.31
422-gztyg,422,120 Основно училище Георги С.Раков,1,21,151812.43
422-h025d,422,47 Средно училище Христо Г.Данов,1,10,64314.29
422-h0er5,422,104 Основно училище Захари Стоянов,1,25,177360.70
422-h2n9a,422,18-ТО СУ УИЛЯМ ГЛАДСТОН,1,76,797345.15
422-h2why,422,ОКИ ДК Средец,1,9,38268.23
422-h32uh,422,Детска градина 51 Щурче,2,22,97563.65
422-h380h,422,ДЕТСКА ГРАДИНА 131,1,25,124032.96
422-h3q0s,422,Детска градина 2 Звънче,1,25,123028.64
422-h5mbh,422,163 Основно училище Черноризец хра,1,35,316538.25
422-h71yg,422,93 Средно училище Александър Те,1,34,359976.02
422-h8v77,422,ДГ 32 БЪЛГАРЧЕ,1,38,151456.97
422-h9a1b,422,35 Д.ЯСЛА,3,29,191668.16
422-haedm,422,ДГ 191 ПРИКАЗКА БЕЗ КРАЙ,1,45,395039.37
422-hbr4f,422,Детска градина 188 Вяра Надежда,1,9,47475.05
422-hfhd8,422,СДЯ 23 РАЛИЦА,2,12,67756.57
422-hg4g3,422,146 ОУ ПАТРИАРХ ЕВТИМИЙ,1,9,64593.07
422-hglix,422,Детска градина 50 Зайчето Куики,1,17,79778.53
422-hhniz,422,СО РАЙОН ВЪЗРАЖДАНЕ,4,599,14070679.06
422-hj0v2,422,37-МО СУ РАЙНА КНЯГИНЯ,1,44,269380.78
422-hj6tr,422,143-ТО ОУ ГЕОРГИ БЕНКОВСКИ,1,21,91805.31
422-hjdy8,422,ДГ 20 ЖАСМИНОВ ПАРК ПОДУЯНЕ,2,34,284456.12
422-hkhqc,422,09 ФРЕНСКА ЕЗИКОВА ГИМНАЗИЯ,2,75,936917.51
422-hlm8n,422,124 ОУ ВАСИЛ ЛЕВСКИ Р Н ПОДУЕН,2,36,384005.57
422-hm8qd,422,ЦНСТДМУ АЛЕКО КОНСТАНТИНОВ,1,4,10940.09
422-hmgc1,422,73 СУ ВЛАДИСЛАВ ГРАМАТИК,1,79,484668.92
422-hni7i,422,Детска ясла щ 38,1,20,177661.44
422-honvg,422,Детска градина 48 Братя Грим,1,22,85480.79
422-hqcxq,422,РЕГИОНАЛЕН ИСТОРИЧЕСКИ МУЗЕЙ,4,287,7407907.54
422-hsf2f,422,ДГ 95 ОМАЙНИЧЕ - РАЙОН ЛЮЛИН,1,10,43766.81
422-huiss,422,Първа английска езикова гимназия,1,17,128577.40
422-hw22x,422,98 НУ СВ.СВ.КИРИЛ И МЕТОДИЙ,1,15,104780.96
422-hwt18,422,ДГ 25 ИЗВОРЧЕ,1,69,631332.00
422-hx2wc,422,177 ОУ КИРИЛ И МЕТОДИЙ Р. Н.ИС,2,16,97232.95
422-hyv9e,422,ДЕТСКА ГРАДИНА 154 СБЪДНАТА МЕЧТА,2,19,158777.58
422-i2fvl,422,11 МИКИ МАУС ДЕТСКА ГРАДИНА,1,5,26467.47
422-i535o,422,22 СЕУ Г.С.РАКОВСКИ,1,85,618482.02
422-i5d2u,422,14СУ ПРОФ Д Р АСЕН ЗЛАТАРОВ СЕРДИКА,3,30,160320.90
422-i662v,422,ДЕТСКА ГРАДИНА 178 СРЕБЪРНО КОПИТЦЕ,1,25,93306.00
422-i6h2l,422,Детска градина 141 Славейкови по,1,18,90407.06
422-i707k,422,54 Средно училище Свети Иван Рил,1,33,381076.35
422-i78ue,422,ДЕТСКА ГРАДИНА 65 СЛЪНЧЕВО ДЕТ,2,95,607738.47
422-i7h40,422,2 Средно училище Акад.Ем.Станев,1,47,501974.71
422-i7pnu,422,ДЕТСКА ЯСЛА 56 КАЛИНА,3,21,199771.60
422-i87bd,422,54-ТО СРЕДНО УЧИЛИЩЕ СВЕТИ ИВАН РИЛ,1,38,293150.24
422-icov5,422,ЦНСТДБУ СОФРОНИЙ ВРАЧАНСКИ ПОДЕЛЕНИ,1,2,6880.66
422-id9c3,422,Детска градина 127 Слънце,1,30,114180.95
422-igvyv,422,ДЕТСКА ГРАДИНА 202,1,6,20020.83
422-ihwf6,422,70 Основно училище Св.Климент Охр,1,4,24991.49
422-iiax4,422,40 Средно училище Луи Пастьор,1,84,773855.62
422-iii57,422,МГТ ЗАД КАНАЛА,3,80,2124025.64
422-ij8ik,422,ДГ 77 МАГНОЛИЯ,1,12,134676.19
422-ikirp,422,ДГ 114 СВЕТУЛКА НОВИ ИСКЪР,2,20,87525.58
422-im7xw,422,Детска градина 63 Слънце,2,26,117677.26
422-innql,422,ДГ 125 УСМИВКА,1,63,527996.41
422-inyhy,422,ДГ 97 ИЗГРЕВ,1,54,507657.37
422-iq028,422,3 Средно училище Марин Дринов,1,37,254015.97
422-iscfm,422,СУСШ,1,43,204375.47
422-iuki5,422,ДГ 86 АСЕН БОСЕВ,1,45,197316.34
422-ix9zn,422,47 СУ ХРИСТО ДАНОВ,1,51,304769.41
422-ix9zy,422,171-ВО ОСНОВНО УЧИЛИЩЕ СТОИЛ ПОПОВ,1,21,106436.73
422-iz8qf,422,25 ОУ,3,92,1163951.68
422-j05di,422,ОУ 129 Р.ОБОРИЩЕ,2,30,164172.51
422-j20wa,422,16 Основно училище Райко Жинзифов,1,10,44161.85
422-j418h,422,ДГ 53 ДЯДОВАТА РЪКАВИЧКА СЕРДИ,2,15,56870.62
422-j46je,422,ДГ 164 ЗОРНИЦА Детска градина,1,17,123593.11
422-j4bqd,422,ДГ 7 ДЕТЕЛИНА,1,63,245865.13
422-j4buc,422,7 Средно училище Свети Седмочислен,1,31,414646.07
422-j652x,422,"116 ОУ ""Паисий Хилендарски""",2,19,171637.43
422-j6jyu,422,61 Основно училище Св.Св.Кирил и,1,17,139293.35
422-j7idb,422,Детска градина 57 Хосе Марти,2,33,139548.49
422-j7sv8,422,Детска градина 8 Проф. Д-р Елка,1,15,58397.02
422-j81bh,422,ДЕТСКА ЯСЛА 57 ПРИКАЗКА,1,18,201385.39
422-j86sz,422,Детска градина 114 Светулка,1,12,67854.31
422-j8t6p,422,ДЕТСКА ГРАДИНА 45 АЛИСА,1,1,4031.16
422-j9ady,422,9 Френска езикова гимназия Алфонс,1,28,158161.86
422-j9ekp,422,93 СУ АЛЕКСАНДЪР ТЕОДОРОВ-БАЛАН,1,48,350484.48
422-jb0rq,422,68 Средно училище Акад.Никола Обре,1,43,335903.20
422-jcw2u,422,120 ОУ Г.С.РАКОВСКИ ЛОЗЕНЕЦ,2,61,777646.62
422-jdggu,422,ДГ с детска ясла 150 Детска градина,1,14,65252.75
422-jf0i2,422,ДГ 16 ПРИКАЗЕН СВЯТ,1,60,889632.51
422-jfszu,422,126 ОУ П.Ю.ТОДОРОВ,1,54,404409.93
422-jgyb4,422,62 Основно училище Христо Ботев,1,11,169531.05
422-jh0er,422,123 СРЕДНО УЧИЛИЩЕ СТЕФАН СТАМБОЛОВ,1,25,202591.16
422-ji3hx,422,19 СУ ЕЛИН ПЕЛИН,1,101,1369709.75
422-jilf8,422,ЦНСТДБУ ЛЮБЕН КАРАВЕЛОВ,2,2,9200.69
422-jim8j,422,ДЕТСКА ГРАДИНА 169 КОЛЕДАРЧЕ Детска,1,7,22510.57
422-jl498,422,ДГ 79 СЛЪНЧИЦЕ,1,57,459037.68
422-jlg09,422,4-ТА СМЕННА-ВЕЧЕРНА ГИМНАЗИЯ,1,17,147879.08
422-jpcx3,422,ТРЕТО СРЕДНО УЧИЛИЩЕ МАРИН ДРИНОВ,1,37,343694.02
422-jpiub,422,ДГ 71 ЩАСТИЕ,1,43,368895.69
422-jpuhq,422,26 СУ ЙОРДАН ЙОВКОВ,1,53,263744.66
422-jrrla,422,21-ВО СУ ХРИСТО БОТЕВ,1,27,140730.21
422-jsbdf,422,ДГ 126 ТИНТЯВА,1,42,570642.79
422-jt6fm,422,103 ОУ ВАСИЛ ЛЕВСКИ,1,21,105261.02
422-jtv4r,422,122 ОСНОВНО УЧИЛИЩЕ НИКОЛАЙ ЛИЛИЕВ,2,62,417954.21
422-jxfy8,422,65 ОУ СВ СВЕТИ КИРИЛ И МЕТОДИЙ,2,25,223136.89
422-jyxs6,422,Професионална гимназия по хранителн,1,4,25304.62
422-k1d1m,422,8 Средно училище Васил Левски,1,46,548168.95
422-k1egl,422,179-ТО ОСНОВНО УЧИЛИЩЕ ВАСИЛ ЛЕВСКИ,1,5,30291.19
422-k1zwb,422,ДГ 10 ЧЕБУРАШКА,1,54,704253.31
422-k2yh9,422,ДГ 59 ЕЛХИЦА,1,43,744449.02
422-k39sd,422,ОС ПРОСВЕТА Р Н НАДЕЖДА,3,176,2894880.68
422-k4ltf,422,25-ТО ОСНОВНО УЧИЛИЩЕ Д-Р ПЕТЬР БЕР,1,19,127793.08
422-k55m1,422,50 ОУ ВАСИЛ ЛЕВСКИ,1,79,467643.02
422-k5npo,422,135 Средно училище Ян Амос Коменск,1,10,42921.11
422-k70ta,422,ДЕТСКА ЯСЛА 70,3,28,117411.69
422-k9lfd,422,ДЕТСКА ГРАДИНА 199 САРАГОСА,2,30,125561.54
422-kbxj1,422,6-ТО ОСНОВНО УЧИЛИЩЕ ГРАФ ИГНАТИЕВ,1,33,198893.53
422-kcq40,422,ДГ 14 КАРЛСОН,1,37,532425.49
422-kfynv,422,ДГ 178 СРЕБЪРНО КОПИТЦЕ,1,58,659300.63
422-ki7gf,422,121 СУ ГЕОРГИ ИЗМИРЛИЕВ,1,240,1938085.46
422-ki98w,422,ДГ 23-ЗДРАВЕ,2,19,195519.33
422-kiw9a,422,"108 ДГ ""Детско царств",4,65,563963.87
422-kj24l,422,ДГ 127 СЛЪНЦЕ,4,46,407941.62
422-kjlfm,422,29 ДГ СЛЪНЦЕ,1,36,357938.47
422-klftz,422,191-ВО ОСНОВНО УЧИЛИЩЕ ОТЕЦ ПАИСИЙ,1,8,56102.02
422-kllmr,422,68 СУ АКАД. Н.ОБРЕШКОВ,1,96,1782095.50
422-kmhuz,422,ДЕТСКА ГРАДИНА 32 БЪЛГАРЧЕ,2,33,138352.19
422-kp1rm,422,18 СУ УИЛЯМ ГЛАДСТОН,1,144,1868027.32
422-krj5h,422,19 Средно училище Елин Пелин,2,68,688421.72
422-kuppl,422,164 Гимназия с преподаване на испан,1,15,143889.03
422-kv6b6,422,139-ТО ОСНОВНО УЧИЛИЩЕ ЗАХАРИ КРУША,1,29,303498.33
422-kvl9n,422,ДГ 187 ЖАР ПТИЦА,1,48,551369.47
422-ky1nt,422,39-ТО СРЕДНО УЧИЛИЩЕ ПЕТЪР ДИНЕКОВ,1,27,196382.03
422-ky6k2,422,Детска градина 5 Надежда,1,3,15852.51
422-kzw72,422,ДГ 143 ЩУРЧЕ,1,47,461777.49
422-l05oc,422,73 Средно училище Владислав Грамат,1,20,122939.70
422-l0dn5,422,ДЕВЕТА ФЕГ АЛФОНС ДЬО ЛАМАРТИН,1,52,495495.93
422-l1ans,422,66 СУ ФИЛИП СТАНИСЛАВОВ,1,39,460078.62
422-l23vb,422,ДГ 123 ШАРЛ ПЕРО,1,46,618401.56
422-l2jd2,422,ДЕТСКА ЯСЛА ПРОФ. Д-Р ИВАН МИТЕВ,2,2,8085.67
422-l4it5,422,ДГ 15 ЧУЧУЛИГА,1,10,44024.30
422-l568l,422,26 Средно училище Йордан Йовков,1,28,163993.06
422-l6m4h,422,Детска градина 117 Надежда,2,28,117873.11
422-l83vg,422,Детска градина 113 Преспа,1,15,61953.69
422-l86oa,422,ДГ 11 МИКИ МАУС,3,32,335429.71
422-l87dr,422,СГ ХУДОЖЕСТВЕНА ГАЛЕРИЯ,3,116,588983.56
422-l8ndk,422,136 ОУ ЛЮБЕН КАРАВЕЛОВ,2,71,683100.59
422-l9x8i,422,ДГ 182 ПЧЕЛИЦА,1,21,161951.79
422-ldoba,422,37 ДГ ВЪЛШЕБСТВО,1,6,22226.27
422-lf38s,422,ДГ 119 ДЕТСКА ПЛАНЕТА,1,73,387096.74
422-lffin,422,ДГ 158 ЗОРА,1,13,197844.45
422-lfopi,422,54 СУ СВ.ИВАН РИЛСКИ,1,60,688937.60
422-lgiw2,422,104 ОУ ЗАХАРИ СТОЯНОВ,1,72,373004.50
422-lhuld,422,3 ТО СУ МАРИН ДРИНОВ,2,101,698938.17
422-li78t,422,42-РО ОУ ХАДЖИ ДИМИТЪР,1,35,304763.65
422-lklc2,422,199 Основно училище Свети апостол,1,24,161431.24
422-lktn1,422,Детска градина 148 Слънче,1,7,32193.27
422-lm7rx,422,ДГ 4 СЛЪНЧО,1,35,197801.73
422-lmptp,422,89-ТО ОСНОВНО УЧИЛИЩЕ Д-Р ХРИСТО СТ,1,3,14741.24
422-lniwd,422,ОП СП ЗА ТРЕТИРАНЕ НА ОТПАДЪЦИ,5,2035,67747030.55
422-lo2m1,422,177 Основно училище Св.Св.Кирил и,1,7,94151.41
422-lqgp0,422,ЦНСТДМБУ СОФРОНИЙ ВРАЧАНСК,2,3,8947.61
422-lsded,422,ДГ 9 ПЛАМЪЧЕ,1,16,187916.84
422-luu60,422,ДОМ НА КУЛТУРАТА ИСКЪР,3,80,351142.27
422-lvbe3,422,Детска градина 11 Мики Маус,1,6,27303.69
422-lvy14,422,138 СУЗИЕ ПРОФ.ВАСИЛ ЗЛАТАРСКИ,3,124,1544924.74
422-lwtua,422,79 СУ ИНДИРА ГАНДИ,1,106,622765.80
422-lx4vi,422,"156 ОУ ""Васил Левски""",2,52,507684.49
422-lxyl1,422,64 ОУ ЦАР СИМЕОН ВЕЛИКИ,1,63,659495.36
422-lzal9,422,ДГ 43 ТАЛАНТ Детска градина,1,16,59391.69
422-m0ge0,422,ДЕТСКА ГРАДИНА 165,1,3,21371.07
422-m0te6,422,44 -СРЕДНО УЧИЛИЩЕ НЕОФИТ БОЗВЕЛИ,1,55,1439109.35
422-m1g2s,422,27 СУ АКАД.ГЕОРГИ КАРАСЛАВОВ,2,49,317751.02
422-m23bx,422,70 ОУ СВ.КЛ.ОХРИДСКИ,1,9,41991.78
422-m2vef,422,КДХ ВИТОША,3,144,671002.83
422-m3a85,422,ДГ 110 СЛЪНЧЕВА МЕЧТА ПОДУЯН,3,68,947359.12
422-m3wj4,422,92 Основно училище Димитър Талев,1,29,331146.80
422-m4ftj,422,РАЙОН ИЗГРЕВ,4,534,15624003.08
422-m6g7c,422,ДГ 85 РОДИНА,1,24,193576.99
422-m6p8g,422,Детска градина 191 Приказка без,1,15,78454.59
422-m7urh,422,Детска градина 109 Зорница,2,19,80265.17
422-m8mlv,422,58 Основно училище Сергей Румянце,1,14,162992.39
422-m99ay,422,123 Средно училище Стефан Стамболо,1,22,229097.89
422-maj14,422,РАЙОН БАНКЯ,3,446,7478696.46
422-max49,422,10 Средно училище Теодор Траянов,2,108,1078493.61
422-mbht7,422,Детска градина 126 Тинтява,2,28,131822.36
422-mcijn,422,ДГ 2 ЗВЪНЧЕ,1,33,150396.22
422-mf4zq,422,ДЕТСКА ГРАДИНА 116 МУСАЛА,2,28,87869.12
422-mfzsd,422,"85 Средно училище ""Отец Паисий""",2,72,992116.23
422-mgd10,422,"96 ДГ ""Росна китка""",5,64,429686.80
422-mh7cs,422,ДЕТСКА ГРАДИНА 5,1,3,9898.74
422-midj6,422,Детска градина 80 Приказна кали,1,15,89982.57
422-mjgce,422,128 СУ АЛБЕРТ АЙНЩАЙН,1,111,2165734.54
422-mkhdq,422,66-ТО Средно Училище ФИЛИП СТАНИСЛА,1,16,142765.12
422-mmf7s,422,"162 ОУ ""Отец Пасий""",2,84,1342030.87
422-mn0lt,422,РАЙОН ТРИАДИЦА,3,701,16116711.47
422-mo0zm,422,ДЕТ.ЯСЛА 63 -Р-Н ПОДУЯНЕ,4,14,217309.24
422-mp4nm,422,Детска градина 75 СЪРЧИЦЕ,2,21,114097.44
422-mrj9o,422,29 СУ КУЗМАН ШАПКАРЕВ Р.СЕ,1,1,8012.89
422-msusx,422,203 ПЕГ СВ.МЕТОДИЙ,2,66,365987.22
422-mtqdz,422,Детска градина 28 Ян Бибиян,2,19,69703.12
422-mtut7,422,"185 ДГ ""Звездичка""",5,92,785835.18
422-mty5j,422,Детска градина 152 Люляче,2,34,173526.07
422-mv0s3,422,ДГ 134 ЛЮБОПИТКО,1,15,301231.44
422-mvk0c,422,160 ДГ ДРАГАЛЕВЦИ,1,2,6876.36
422-mwkcv,422,"Детска гр. щ 94 ""Детски свят""",2,32,362558.55
422-mwmjc,422,Детска градина 131 Флора,1,22,94236.25
422-mwxk9,422,29 Средно училище Кузман Шапкарев,2,40,346933.46
422-mx0xt,422,179 ТО ОУ ВАСИЛ ЛЕВСКИ Р Н НОВИ ИС,3,10,55822.40
422-mxtwt,422,ДГ 90 ВЕСА ПАСПАЛЕЕВА,1,14,49067.26
422-mxvg6,422,71 СУ П.ЯВОРОВ КАЗИЧЕНЕ,1,55,951884.22
422-mzoi5,422,59-ТО СРЕДНО УЧИЛИЩЕ ВАСИЛ ЛЕВСКИ,1,24,178577.21
422-n2290,422,ДГ 129 ПРИКАЗЕН СВЯТ,1,9,44230.48
422-n8thx,422,ДЕТСКА ГРАДИНА 194 МИЛУВКА,2,43,173996.16
422-nauz2,422,35-ТО СРЕДНО ЕЗИКОВО УЧИЛИЩЕ ДОБРИ,1,16,112688.57
422-naygz,422,20 ОУ ТОДОР МИНКОВ,1,93,597387.45
422-nbe9f,422,79 Средно училище Индира Ганди,2,70,512526.16
422-nbggs,422,ДЕТСКА ГРАДИНА 115 ОСМИ МАРТ,1,4,99284.34
422-nbnie,422,ОУ 46 КОНСТАНТИН ФОТИ,1,2,7567.51
422-ncta0,422,Детска градина 135 Мое детство,2,27,99899.13
422-nd1zn,422,ДГ 145 БЪЛГАРКА,1,15,158480.11
422-ne1dq,422,67 ОУ ВАСИЛ ДРУМЕВ,1,63,413907.75
422-ne21l,422,ДГ 36 ПЕПЕРУДА - РАЙОН ИСКЪР,1,3,12834.16
422-neagn,422,53-ТО ОСНОВНО УЧИЛИЩЕ НИКОЛАЙ ХРЕЛК,1,18,92763.32
422-nepn4,422,Детска градина 49 Радост,1,18,80777.50
422-nfus5,422,ДГ 46 ЖИВА ВОДА,1,37,155388.38
422-nfy2n,422,140 Средно училище Д-р Иван Богор,1,72,379445.30
422-nhlwm,422,72 ДГ Приказка без кр,1,1,4587.52
422-nhyb8,422,98-МО НАЧАЛНО УЧИЛИЩЕ СВ.СВ.КИРИЛ И,1,14,57677.86
422-nn94v,422,82-РО ОСНОВНО УЧИЛИЩЕ ВАСИЛ АПРИЛОВ,1,28,226333.85
422-noqj8,422,ДОМ ЗА СТАРИ ХОРА ДЪЛГОЛЕТИЕ,4,347,1657721.97
422-np9hm,422,ДЕТСКА ГРАДИНА 159 ОЛИМПИЙЧЕ,2,5,16841.53
422-nqfx3,422,150 ОУ Цар Симеон Първ,2,61,700843.53
422-nqmdg,422,Детска градина 128 Феникс,2,38,157503.26
422-ntnt1,422,СТОЛИЧЕН КУКЛЕН ТЕАТЪР,2,53,525913.19
422-nvwyz,422,30 СРЕДНО УЧИЛИЩЕ БРАТЯ МИЛАДИНОВИ,1,52,477806.61
422-nw9yo,422,ДЕТСКА ГРАДИНА 88 ДЕТСКИ РАЙ,3,112,1265119.42
422-nxoo3,422,71 Средно училище Пейо Крачолов,1,12,89156.59
422-nyiz3,422,ДГ 169 КОЛЕДАРЧЕ,1,40,449362.60
422-nzgwc,422,97-МО СУ БРАТЯ МИЛАДИНОВИ,1,64,532928.45
422-o3783,422,102-РО ОСНОВНО УЧИЛИЩЕ ПАНАЙОТ ВОЛО,1,23,86437.12
422-o4e9j,422,121 Средно училище Георги Измирлие,1,88,769214.63
422-o5fu8,422,ЦОП-Хармония ПОДЕЛЕНИЕ,1,1,3180.83
422-o9mfm,422,АЕГ I ВА Р.ОБОРИЩЕ,2,58,2200012.98
422-o9w7b,422,ДНЕВНА ДЕТСКА ЯСЛА 28,2,19,216778.61
422-obkc6,422,175-ТО ОСНОВНО УЧИЛИЩЕ ВАСИЛ ЛЕВСКИ,1,7,149130.41
422-ocsb2,422,139 Основно училище Захари Круша,1,22,129312.96
422-ogj2j,422,ОБЩ.ГАР.ФОНД ЗА МАЛКИ И СР,1,1,6224.03
422-omo2k,422,ДГ 55 ИГЛИКА,2,37,142117.68
422-oofsy,422,88 Средно училище Димитър Попнико,1,32,285919.41
422-ook7y,422,ДГ 196 ШАРЛ ПЕРО,1,26,365329.34
422-op8b2,422,25 Основно училище Д-р Петър Беро,1,25,172784.09
422-opknz,422,119 СУ АКАД.М.АРНАУДОВ,1,92,2402342.47
422-opzkk,422,137 СРЕДНО УЧИЛИЩЕ АНГЕЛ КЪНЧЕВ,2,57,777403.78
422-os85a,422,ДЕТСКА ГРАДИНА 101 ЯБЪЛКОВА ГРАДИНА,1,23,116756.72
422-oueno,422,66 Средно училище Филип Станислав,1,12,78879.91
422-ow8g7,422,СТОЛ.ДОМ РАДОСТНИ ОБРЕДИ ПОДЕЛЕНИЕ,1,3,12916.79
422-oy0ue,422,СОФИЙСКА МАТЕМАТИЧЕСКА ГИМНАЗИЯ ПАИ,1,44,528325.12
422-oyks4,422,ДЕТСКА ГРАДИНА 188 ВЯРА НАДЕЖДА ЛЮБ,1,5,15731.96
422-oyph4,422,Детска градина 166 Веселушка,2,7,21717.10
422-p03ol,422,Детска ясла 57,1,1,2614.52
422-p335f,422,Преходно жилище Делфини,2,2,6384.71
422-p5an3,422,6 Основно училище Граф Игнатиев,1,38,305343.37
422-p5yh4,422,113 СУ САВА ФИЛАРЕТОВ,1,32,192820.46
422-p720k,422,ДЕТСКА ГРАДИНА 118 УСМИВКА,3,23,191846.70
422-p8mo3,422,Детска градина 190,2,65,280859.16
422-p9avi,422,74 СРЕДНО УЧИЛИЩЕ ГОЦЕ ДЕЛЧЕВ Учили,1,29,249148.66
422-p9pjx,422,Детска градина 9 Пламъче,2,12,50270.46
422-patcn,422,ДГ 76 СЪРНИЧКА,1,90,1518094.50
422-pb6mj,422,96-ТО СУ ЛЕВ НИКОЛАЕВИЧ ТОЛСТОЙ,1,33,226402.38
422-pbex2,422,51 СОУ,2,150,1963411.42
422-pbrq4,422,20-ТО ОСНОВНО УЧИЛИЩЕ ТОДОР МИНКОВ,1,43,427405.58
422-pcb8f,422,142 ОУ Р Н КРАСНО СЕЛО,3,56,315219.99
422-pcf4l,422,ДГ 50 ЗАЙЧЕТО КУИКИ,1,57,268896.18
422-pcoya,422,ДЕТСКА ЯСЛА 57 ПРИКАЗКА ПОДЕЛЕНИЕ,1,3,18039.95
422-pd4ff,422,145 Основно училище Симеон Радев,2,107,1211062.02
422-pfw16,422,141-ВО ОСНОВНО УЧИЛИЩЕ НАРОДНИ БУДИ,1,10,42232.16
422-pgwk9,422,ДЕТСКА ГРАДИНА 163,1,12,53404.00
422-phr9y,422,77 Основно училище Св. Св. Кирил и,1,6,71200.28
422-pi7qa,422,Р Н НАДЕЖДА,4,635,18256172.55
422-pjcpf,422,163 ОУ ЧЕРНОРИЗЕЦ ХРАБЪР,3,86,846723.07
422-pjit3,422,РАЙОН ИЛИНДЕН,3,445,10248013.86
422-pkop6,422,46 то ОУ КОНСТАНТИН ФОТИНОВ,2,11,64692.12
422-pku26,422,83-ТО ОСНОВНО УЧИЛИЩЕ Училище,1,4,594793.93
422-pkwd4,422,2 СУ Акад. Емилиян Ста,1,1,3224.99
422-pn1hp,422,36 ДЕТСКА ЯСЛА СЛЪНЧЕВО З,1,9,206294.96
422-pnypa,422,46-то ОСНОВНО УЧИЛИЩЕ КОНСТАНТИН ФО,1,7,73749.45
422-pozly,422,127 СУ ИВАН НИКОЛАЕВИЧ ДЕНКОГЛ,2,79,1771391.42
422-pqcza,422,ПГ Д Р СТАМЕН ГРИГОРОВ,1,7,80517.83
422-prw0m,422,ПРЕВАНТИВНО ИНФОРМАЦИО,1,1,2695.79
422-ps01w,422,98 Начално училище Св. Св. Кирил,1,5,62430.85
422-ps6ic,422,105 Средно училище Атанас Далчев,2,137,1175345.08
422-ptvqb,422,ЦНСТДМУ ВАСИЛ ЛЕВСКИ,2,4,16238.44
422-pxamm,422,17 Средно училище Дамян Груев,2,80,741124.08
422-pyn03,422,ДГ 180 ЗАЙЧЕНЦЕТО БЯЛО Детска гради,1,15,79778.30
422-pyriv,422,ДГ 64 ПЪРВИ ЮНИ,1,68,311946.50
422-q1inq,422,ДГ 151 ЛЕДА МИЛЕВА,1,23,219877.16
422-q2p9j,422,ДГ 15 ЧУЧУЛИГА - РАЙОН НАДЕЖДА Детс,1,8,71316.50
422-q8oec,422,ПГСС БУЗЕМА,1,60,753104.17
422-q9u6x,422,ДЕТСКА ГРАДИНА 72 ПРИКАЗКА БЕЗ КРАЙ,1,22,106783.27
422-qa11k,422,ДГ102 КРЕМЕНИЦА Р.НОВИ ИСКЪР,2,40,232573.09
422-qb3c7,422,ДГ 138 ПРИЯТЕЛИ,1,31,393643.80
422-qcvck,422,91 Немска езикова гимназия Проф.К,1,21,93859.19
422-qdggm,422,ДЕТСКА ГРАДИНА 183 ЩАСТЛИВО ДЕТСТВО,1,8,29097.83
422-qdktp,422,Детска градина 125 Усмивка,1,21,112475.09
422-qed6x,422,112-ТО ОСНОВНО УЧИЛИЩЕ СТОЯН ЗАИМОВ,1,34,234477.17
422-qeute,422,ДГ 52 ИЛИНДЕНЧЕ,1,23,131897.23
422-qh1kd,422,ДГ 171 СВОБОДА НАДЕЖДА,1,4,17953.67
422-qjxva,422,ДГ 179 СИНЧЕЦ,1,45,506311.21
422-qkmu8,422,"Детска гр. щ 89 ""Шарена дъга""",2,33,355932.23
422-qqx7w,422,160-ТО ОСНОВНО УЧИЛИЩЕ КИРИЛ И МЕТО,1,9,140608.09
422-qsihj,422,ДЕТСКА ГРАДИНА 10 ЧЕБУРАШКА,2,55,250645.23
422-qu1ls,422,Детска градина 162 Вихрогонче,2,14,50298.38
422-qvc1j,422,24 СУ П.К.Яворов,1,1,35734.49
422-qye86,422,191 ОУ ОТЕЦ ПАИСИЙ ЖЕЛЕЗНИЦА,2,21,291248.88
422-r0hka,422,Детска градина 37 Вълшебство,2,25,138632.24
422-r0hm7,422,РАЙОН МЛАДОСТ,3,780,19579240.72
422-r11g5,422,76-ТО ОСНОВНО УЧИЛИЩЕ УЙЛЯМ САРОЯН,1,6,43373.26
422-r3x1q,422,14 Средно училище Проф.Асен Злата,1,18,254157.25
422-r43w7,422,118-ТО СРЕДНО УЧИЛИЩЕ АКАДЕМИК ЛЮДМ,1,17,106226.23
422-r4sbx,422,ДЕТСКА ГРАДИНА 45 АЛИСА -Р,1,1,6005.27
422-r4t6j,422,ДГ 66 ЕЛИЦА,1,50,549458.99
422-r5486,422,ДЕТСКА ГРАДИНА 195 БРАТЯ МОРМАРЕВИ,1,15,55897.52
422-r5l8a,422,ОП ГРОБИЩНИ ПАРКОВЕ,2,356,6500045.07
422-r61j5,422,ДЕТСКА ГРАДИНА 176 ЗОРНИЦА,2,17,59144.77
422-r64e3,422,Център за настаняване от семеен тип,14,28,146591.19
422-r72yw,422,152 ОУ СВ.СВ.КИРИЛ И МЕТОДИЙ,1,4,14460.44
422-r8jtp,422,ТЕАТЪР СОФИЯ,2,104,581594.56
422-ra37u,422,ПЪРВА АНГЛИЙСКА ГИМНАЗИЯ,1,25,368063.01
422-rcl4p,422,ДГ 87 БУКАТА Детска градина,1,8,26781.98
422-rep5b,422,Детска градина 21 Ежко-Бежко,6,153,1398081.22
422-resjh,422,ДГ 60 БОР,1,38,152723.30
422-rg40j,422,100 ОУ НАЙДЕН ГЕРОВ СЕРДИКА,2,12,51932.45
422-ri93o,422,СТ.ОБЩ.АГЕНЦИЯ ЗА ПРИВАТИЗАЦИЯ,5,175,960032.33
422-rlq14,422,41-ВО ОУ СВ.ПАТРИАРХ ЕВТИМИЙ Училищ,1,23,179135.86
422-rnklw,422,40 СУ ЛУИ ПАСТЬОР,1,209,2311215.00
422-rptgo,422,109 ОУ ХР. СМИРНЕНСКИ,1,52,446618.20
422-rs3mp,422,22 Средно училище Георги Раковски,1,27,206703.71
422-rs4y3,422,201 Основно училище Св.Св. Кирил и,1,5,44126.96
422-rt4ej,422,2 АНГЛ. ЕЗИКОВА ГИМНАЗИЯ ТОМАС ДЖЕФ,1,38,327072.25
422-rtuvy,422,ДПЛФУ ВИД ЕЛЕНА И НИКОЛА ИВАНО,4,112,519755.71
422-rvu46,422,121 СУ ГЕОРГИ ИЗМИРЛИЕВ Училище,1,89,605600.85
422-rx6nx,422,ДГ 125 УСМИВКА РАЙОН ОВЧА КУПЕЛ,1,19,113757.90
422-s04kq,422,55 СУ ПЕТКО КАРАВЕЛОВ,1,162,4326511.41
422-s21dr,422,32 Средно училище с изучаване на ч,1,42,284183.80
422-s43mx,422,ДГ 161 ЛАСКА,1,79,743095.03
422-s4457,422,ДЕТСКА ГРАДИНА 82 ДЖАНИ РОДАРИ,2,41,222423.73
422-s67v7,422,34 ДГ БРЕЗИЧКА,1,21,313934.64
422-s7mcm,422,Детска градина 107 Бон-бон,2,5,22347.10
422-s84ku,422,ДЕТСКА ГРАДИНА N 84 ДЕТЕЛИНА,1,15,54545.86
422-s84ro,422,Детска градина 106 Княгиня Мария,1,1,3227.25
422-seytj,422,ЦНСТ ЗА ДЕЦА БЕЗ УВРЕЖД ВЪ,2,2,7513.60
422-sflg8,422,ЦПЛР-СПОРТНА ШКОЛА СОФИЯ,1,32,184328.82
422-sfskw,422,38 ОУ ВАСИЛ АПРИЛОВ,1,78,1284157.64
422-shko9,422,142 ОСНОВНО УЧИЛИЩЕ ВЕСЕЛИН ХАНЧЕВ,2,48,346759.86
422-si08k,422,123 ТО СУ СТЕФАН СТАМБОЛОВ,2,75,1691190.31
422-sie26,422,ДЕТСКА ГРАДИНА 30 РАДЕЦКИ,2,12,42714.99
422-siqt2,422,Детска градина 143 Щурче,1,20,125188.26
422-sizs4,422,ДГ 87 БУКАТА,4,36,312017.90
422-sk0su,422,125 СУ с изучаване на чужди езици Б,1,56,574397.03
422-sl6ad,422,ДГ 68 РАН БОСИЛЕК,1,77,432333.56
422-snbkz,422,70-ТО ОСНОВНО УЧИЛИЩЕ КЛИМЕНТ ОХРИД,1,1,3600.00
422-solyq,422,75 Основно училище Тодор Каблешко,1,30,206404.09
422-srry0,422,ОУ 49 Р Н ПОДУЯНЕ ПР.,2,115,1364256.81
422-ss25b,422,35 Средно езиково училище Добри В,1,24,147561.36
422-st9c1,422,ДГ 81 ЛИЛИЯ - РАЙОН ВЪЗРАЖДАНЕ Детс,1,24,107900.65
422-stuua,422,ДГ 42 ЧАЙКА,1,55,481654.25
422-su1i8,422,ДНЕВЕН Ц Р ЗА ПЪЛНОЛ. ЛИЦА С У,1,1,3524.83
422-t00co,422,ДГ 115 ОСМИ МАРТ,1,13,67212.66
422-t091s,422,Детска градина 196 Шарл перо,1,6,44491.89
422-t1fpz,422,35 СЕУ ДОБРИ ВОЙНИКОВ,1,61,472321.23
422-t23zv,422,НАПРАВЛЕНИЕ АРХИТ.И ГРАДОУСТР,3,285,2440569.82
422-t4d3m,422,ДГ 28 ЯН БИБИЯН,1,59,731373.75
422-t4y9k,422,Защитено жилище за лица с умствена,3,4,13075.17
422-t547j,422,РАЙОН СРЕДЕЦ,3,651,10708654.05
422-t5hv3,422,Район Кремиковци,3,639,14204131.65
422-t60sw,422,164-ТА ГПИЕ МИГЕЛ ДЕ СЕРВАНТЕС,1,18,272405.53
422-t8f16,422,133 СРЕДНО УЧИЛИЩЕ А.С.ПУШКИН,1,56,649527.23
422-t8oy5,422,Детска градина 164 Зорница,1,23,138994.36
422-t8ys2,422,126-ТО ОУ П.Ю.ТОДОРОВ Училище,1,33,173471.42
422-tanxe,422,4 ОУ ПРОФ ДЖОН АТАНАСОВ,1,134,2144889.58
422-tayt1,422,26-ТО СРЕДНО УЧИЛИЩЕ ЙОРДАН ЙОВКОВ,1,19,246843.49
422-td6rq,422,ДГ 117 НАДЕЖДА,3,52,428896.61
422-te0e8,422,Детска градина 130 Приказка,2,11,43853.90
422-tekrb,422,176 Основно училище Св.Св.Кирил и,1,19,108150.83
422-tkukl,422,90 Средно училище Хосе де Сан Март,1,34,472113.85
422-tp40g,422,113 Средно училище Сава Филаретов,2,33,315261.49
422-tpujg,422,ДГ 170 ПЧЕЛИЦА,1,15,65255.67
422-tqzoa,422,31 СУЧЕМ,1,78,580269.25
422-trlbf,422,Детска градина 108 Детско царств,1,7,45449.43
422-tt4z4,422,ДЕТСКА ГРАДИНА 155 ВЕСЕЛИНА,3,99,550951.73
422-ttrys,422,ДЕТСКА ГРАДИНА 153 СВЕТА ТРОИЦА,2,17,67945.57
422-txztq,422,"115 ОУ ""Св. Св. Кирил и Методий""",2,47,578323.74
422-tyg4w,422,ДЕТСКА ГРАДИНА 106 КНЯГИНЯ МАРИЯ ЛУ,1,7,37967.14
422-tyu58,422,84 ОУ ВАСИЛ ЛЕВСКИ ГЕРМАН,1,29,630547.34
422-tyuy4,422,39 Средно училище Петър Динеков,1,41,373222.78
422-tz5cx,422,ДЕТСКА ГРАДИНА 39 ПРОЛЕТ,2,27,134648.98
422-tz841,422,ДГ 113 ПРЕСПА - РАЙОН СРЕДЕЦ,1,7,31133.35
422-u16ey,422,ДЕТСКА ГРАДИНА 198 КОСЕ БОСЕ,2,14,57927.62
422-u3y3n,422,84 ДГ ДЕТЕЛИНА,1,40,327925.41
422-u6go6,422,64 Основно училище Цар Симеон Вели,1,25,152512.04
422-u7guj,422,ДГ 100 АКАД.ПЕНЧО РАЙКОВ Р.ОБ,2,5,20835.11
422-u992p,422,81 СУ ВИКТОР ЮГО,1,153,1810237.09
422-uba8r,422,143 Основно училище Георги Бенковс,1,19,149570.49
422-ubi40,422,43 Основно училище Христо Смирнен,1,30,204430.24
422-ucd39,422,ДГ 50 ЗАЙЧЕТО КУИКИ РАЙОН ВЪЗРАЖДАН,1,28,128235.18
422-ud8am,422,Детска градина 40 Проф.Г.Ангушев,1,1,2656.15
422-ugcbm,422,82 ОУ ВАСИЛ АПРИЛОВ,1,86,907746.90
422-uhh36,422,ДЕТСКА ГРАДИНА 14 КАРЛСОН,2,23,95353.62
422-ui7d2,422,48 ОУ ЙОСИФ КОВАЧЕВ СЕРДИКА,2,46,1052158.23
422-uj8tj,422,ДГ 101 ЯБЪЛКОВА ГРАДИНА,1,69,358399.86
422-ujpjz,422,Детска градина 182 Пчелица,2,7,33840.61
422-ul2h5,422,ДГ 144 ХАНС КРИСТИАН АНДЕРСЕН,2,58,875328.13
422-ulqdg,422,Детска градина 46 Жива вода,2,32,167692.23
422-ulukc,422,56 СУ ПРОФЕСОР КОНСТАНТИН ИРЕЧЕК,1,26,159561.04
422-um4cw,422,ДГ 120 ДЕТСТВО ПОД ЛИПИТЕ,3,24,201982.61
422-un4ep,422,84 Основно училище Васил Левски,1,9,81009.57
422-upjtr,422,82 Основно училище Васил Априлов,1,10,83267.84
422-uq620,422,37 СУ РАЙНА КНЯГИНЯ,1,89,588430.79
422-uqzkg,422,63-ТО ОСНОВНО УЧИЛИЩЕ ХРИСТО БОТЕВ,1,22,97783.88
422-uruac,422,33 ЕЗИКОВА ГИМНАЗИЯ СВЕТА СОФИЯ УЧИ,1,29,298278.79
422-uu3ug,422,97 Средно училище Братя Миладинови,1,61,408457.56
422-uv3w8,422,101 СУ БАЧО КИРО,1,124,2428182.26
422-uwhxi,422,177 ОСНОВНО УЧИЛИЩЕ СВ.СВ.КИРИЛ И М,1,12,53181.30
422-uwvbp,422,ДЕТСКА ГРАДИНА 33 СРЕБЪРНИ ЗВЪНЧЕТА,1,22,94001.07
422-uxcfe,422,57 СУ СВ.Н.ОХРИДСКИ,1,101,1555118.21
422-uzvb0,422,ПОСТОЯННА ДЕТ.ЯСЛА 41 ЛЮЛИ,1,12,195256.71
422-v4kuo,422,ДГ 167 МАЛКИЯТ ПРИНЦ,4,36,432754.68
422-v68a1,422,ДЕТСКА ГРАДИНА 35 ЩАСТЛИВО ДЕТСТВО,1,7,27827.74
422-v6e9f,422,ЦОП-Пътека ПОДЕЛЕНИЕ,1,1,3469.85
422-v7d0c,422,ДГ 16 ПРИКАЗЕН СВЯТ 000674344,1,1,3731.41
422-v7iic,422,77 ОУ СВ.СВ.КИРИЛ И МЕТОДИЙ,2,8,68615.98
422-v82zs,422,ДНЕВНА ДЕТСКА ЯСЛА 45,3,17,209845.31
422-v86u0,422,ДЕТСКА ГРАДИНА 56 ЗДРАВЕЦ,2,50,245906.58
422-v8sbr,422,ДЕТСКА ГРАДИНА 170 ПЧЕЛИЦА,1,3,38269.65
422-v9t3m,422,ДГ 95 ОМАЙНИЧЕ,1,29,101367.68
422-vbcsf,422,102 Основно училище Панайот Волов,1,14,123041.02
422-vcpey,422,36 СРЕДНО УЧИЛИЩЕ МАКСИМ ГОРКИ,2,69,544263.12
422-vcx7y,422,Детска градина 42 Чайка,2,36,167371.56
422-vdzu8,422,ДЕТСКА ГРАДИНА 47 НЕЗАБРАВКА Детска,1,18,88880.40
422-vjhz6,422,60 Основно училище Св. Св. Кирил,1,11,117450.35
422-vmg85,422,42 ОУ ХАДЖИ ДИМИТЪР Р Н ПОДУЯН,2,116,3166444.97
422-vphqm,422,Детска градина 60 Бор,2,38,201709.77
422-vqktj,422,33-ТО ОУ САНКТ-ПЕТЕРБУРГ,1,29,294200.54
422-vrvq9,422,202 Основно училище Христо Ботев,1,8,39328.03
422-vryfp,422,ДЕТСКА ГРАДИНА 132 СВЕТЛИНА,2,54,252348.47
422-vsfda,422,ДГ 6 ВЪЛШЕБЕН СВЯТ Детска градина,1,3,16644.03
422-vtui1,422,74 СРЕДНО УЧИЛИЩЕ ГОЦЕ ДЕЛЧЕВ,3,91,545526.00
422-vuxa9,422,15 Средно училище Адам Мицкевич,1,39,354934.87
422-vvfaq,422,ДГ 188 ВЯРА НАДЕЖДА ЛЮБОВ,1,20,147100.89
422-vx7iu,422,5-ТО ОСНОВНО УЧИЛИЩЕ ИВАН ВАЗОВ,1,28,203612.86
422-vxc8b,422,СЕДМО СРЕДНО УЧИЛИЩЕ СВЕТИ СЕДМОЧИ,1,35,330286.18
422-w2kr8,422,133 Средно училище Александър Пуш,1,43,371657.37
422-w2nym,422,ДЕТСКА ЯСЛА 12 БЕБЕЛАНДИЯ,3,32,238942.53
422-w2yqu,422,ДОМ НА КУЛТУРАТА СРЕДЕЦ,1,44,277045.45
422-w34nw,422,ДГ 22 ВЕЛИКДЕНЧЕ,1,53,272105.52
422-w4o4t,422,83 ОУ ЕЛИН ПЕЛИН ПАНЧАРЕВО,1,28,561528.03
422-w6qtr,422,52 Основно училище Цанко Церковски,1,18,136070.33
422-w7xym,422,2 СРЕДНО УЧИЛИЩЕ АКАДЕМИК ЕМИЛИЯН С,1,50,526573.83
422-w86z8,422,144 Средно училище Народни будител,1,35,396930.63
422-w8ycb,422,24 СУ П.К.ЯВОРОВ ПОДУЯНЕ,2,14,208737.20
422-w9o7g,422,ПГ ПО ХР.-ВКУСОВИ ТЕХ. ПРОФ.Д-Р Г.П,1,16,152152.24
422-wbnfq,422,51 Средно училище Елисавета Багря,1,54,309378.32
422-wbr8v,422,Детска градина 145 Българка,1,2,6842.11
422-wdjbm,422,СТ.ОБЩ.- ДИР.ЗДРАВЕОПАЗВАНЕ ПОДЕЛЕН,1,197,8306805.47
422-wfi9n,422,78 Средно училище Христо Смирненск,1,80,510613.89
422-wfttr,422,Детска градина 95 Омайниче,1,13,57021.43
422-wh3lq,422,ДГ 150,1,16,64808.35
422-whif6,422,153 СПОРТНО УЧИЛИЩЕ НЕОФИТ РИЛСКИ У,1,32,302983.83
422-wiia2,422,ДГ 48 БРАТЯ ГРИМ,1,21,103003.51
422-wirp2,422,5 ВЕЧЕРНО СУ ПЕНЬО ПЕНЕВ,1,12,55128.71
422-wlh3f,422,ДГ 76 СЪРНИЧКА - РАЙОН МЛАДОСТ,1,25,172816.77
422-wmavf,422,90 СУ ГЕНЕРАЛ ХОСЕ ДЕ САН МАРТ,2,75,406637.81
422-wmghx,422,ДЕТСКА ГРАДИНА 172 СОФИЯ,1,27,192786.23
422-woe9n,422,ДГ 176 ЗОРНИЦА,1,12,51216.51
422-wq151,422,ДГ 107 БОН-БОН,2,8,120568.17
422-wrjia,422,200-ТО ОСНОВНО УЧИЛИЩЕ ОТЕЦ ПАИСИЙ,1,5,23034.84
422-wtjai,422,129-ТО ОСНОВНО УЧИЛИЩЕ АНТИМ I,1,24,232784.93
422-wtsj6,422,76 Основно училище Уилям Сароян,1,7,25556.34
422-wu4ou,422,ДГ 128 ФЕНИКС,1,71,780676.12
422-wue1g,422,86 ОУ СВ.КЛИМЕНТ ОХРИДСКИ,2,26,348614.68
422-wue2t,422,ЦНСТДМУППМГ СТЕФАН КАРАДЖА ПОДЕЛЕНИ,1,1,2747.68
422-wuxnp,422,ДГ 5 НАДЕЖДА,1,14,86265.41
422-wuz9t,422,Детска градина 33 Сребърни звънч,1,9,36103.29
422-wwxhp,422,ДГ 63 СЛЪНЦЕ СЕРДИКА,2,41,204821.32
422-wzmcl,422,11-ТО ОСНОВНО УЧИЛИЩЕ ПИМЕН ЗОГРАФС,1,19,147651.16
422-x1z4e,422,ДГ 99 БРЕЗИЧКА,1,26,414993.65
422-x1zkq,422,62 ОУ ХРИСТО БОТЕВ,1,39,269645.48
422-x22ew,422,202-РО ОСНОВНО УЧИЛИЩЕ ХРИСТО БОТЕВ,1,10,87483.23
422-x29gm,422,Детска градина 3 Детелина,1,5,17117.69
422-x3rfu,422,Детска градина 23 Здраве,2,8,24230.66
422-x511l,422,ДЕТСКА ГРАДИНА 61 ШАРЕНО ПЕТЛЕ,3,95,667961.08
422-x5k8f,422,16 ОУ РАЙКО ЖИНЗИФОВ,1,49,879090.24
422-x5uc5,422,ДЦДВУ КНЯЗ БОРИС I,5,11,132988.52
422-x6eua,422,ДГ 8 ПРОФ.Д Р ЕЛКА ПЕТРОВА,2,34,122905.07
422-x6ojf,422,ПИЦ ПО ПРОБЛ.НА НАРКОМАНИИТЕ ПОДЕЛЕ,1,5,18961.47
422-x7sxj,422,ДГ 82 ДЖАНИ РОДАРИ,1,47,513736.16
422-x87kq,422,ДЕТСКА ГРАДИНА 168 СЛЪНЧОГЛЕДИ,3,88,433477.54
422-x9uwb,422,Детска градина 119 Детска планет,1,21,139850.07
422-xaioc,422,СО РАЙОН ПОДУЯНЕ,4,626,14745592.53
422-xbk1x,422,149 СРЕДНО УЧИЛИЩЕ ИВАН ХАДЖИЙСКИ,2,74,908031.15
422-xbn14,422,33 Езикова гимназия Света София,1,22,163869.87
422-xbqaf,422,28 МО СУ АЛЕКО КОНСТАНТИНОВ,2,52,1056881.87
422-xc63w,422,ДГ 148 СЛЪНЦЕ Р Н ПОДУЯНЕ,1,10,29808.97
422-xdt2b,422,Професионална гимназия за изобразит,1,5,25926.50
422-xi59y,422,95 СУ ПРОФ.ИВ.ШИШМАНОВ Р Н ПОД,2,71,1006573.16
422-xkzta,422,63 ОУ ХРИСТО БОТЕВ,1,77,586026.02
422-xla3j,422,12-ТО СУ ЦАР ИВАН АСЕН 2,1,29,176490.05
422-xn5gn,422,28 Средно училище Алеко Константи,1,28,216735.82
422-xqk0d,422,135 ТО СУ ЯН АМОС КОМЕНСКИ,2,59,1126546.25
422-xqqzh,422,ДЕТСКА ГРАДИНА 106 КН.М.ЛУ,3,17,95783.70
422-xqtjw,422,12 Средно училище Цар Иван Асен II,1,22,237783.08
422-xrlp2,422,"Детска гр. щ 146 ""Звездица""",2,67,550489.66
422-xsss2,422,14-ТО СРЕДНО УЧИЛИЩЕ ПРОФ.Д-Р АСЕН,1,17,112400.16
422-xuyoq,422,176 ОУ КИРИЛ И МЕТОДИЙ Р.Н,3,40,246895.42
422-xwyc0,422,ВТОРА АЕГ Т.ДЖЕФЕРСЪН,1,72,494430.75
422-xx69b,422,Детска градина 186 Деница,2,14,64194.08
422-xxrzm,422,ДГ 116 МУСАЛА,2,26,276347.51
422-xxtzl,422,69 СУ ДИМИТЪР МАРИНОВ,1,29,291785.48
422-xy0ny,422,23 СРЕДНО УЧИЛИЩЕ ФРЕДЕРИК ЖОЛИО КЮ,1,25,126148.56
422-xyrmv,422,Преходно жилище Неофит Рилски,4,12,37144.70
422-xyrn1,422,ДГ 19 СВЕТА СОФИЯ,1,26,86597.75
422-xzsqd,422,ДГ 143 ЩУРЧЕ Детска градина,1,18,91813.30
422-xztv9,422,112 Основно училище Стоян Заимов,1,39,404245.52
422-y0cjz,422,31 Средно училище за чужди езици и,1,27,231945.93
422-y292e,422,ДГ 162 ВИХРОГОНЧЕ,1,22,269871.19
422-y3f0q,422,ДГ 141 СЛАВЕЙКОВА ПОЛЯНА,1,28,137373.61
422-y6imk,422,ДИРЕКЦИЯ ИХУПП,7,3419,76901848.98
422-y7man,422,ПИЦ ПО ПРОБЛ.НА НАРКОМАНИИТЕ,2,10,35109.48
422-ya1pb,422,21 Средно училище Христо Ботев,1,38,200240.77
422-yavpc,422,ДГ 93 ЧУДЕН СВЯТ,1,85,818838.37
422-yay3u,422,ДГ 164 ЗОРНИЦА,1,47,210352.26
422-ybm0t,422,ДГ 144 ХАНС КРИСТИАН АНДЕРСЕН - РАЙ,1,12,52563.24
422-ych6n,422,Детска градина 92 Мечта,2,31,146981.63
422-ycu5c,422,Детска градина 78 Детски свят,2,29,114110.51
422-ye33s,422,Детска градина 34 Брезичка,1,7,24154.43
422-yfarc,422,ОП СОФИЯ-ПРОЕКТ,3,79,1391280.60
422-ygscn,422,202 ОУ ХРИСТО БОТЕВ ПАСАРЕЛ,2,26,275777.79
422-yj6sd,422,ДГ 7 ДЕТЕЛИНА Детска градина,1,30,130179.67
422-ylahn,422,60 ОУ КИРИЛ И МЕТОДИЙ СЕРДИКА,2,25,297326.76
422-ylmtq,422,ДЕТСКА ГРАДИНА 77 МАГНОЛИЯ,1,3,24900.00
422-yr6q2,422,ДГ 24 НАДЕЖДА Детска градина,1,7,29227.50
422-yt5tp,422,ПОСТОЯННА ДЕТСКА ЯСЛА 44,3,18,169890.90
422-yucjc,422,48 ДГ Братя Грим,3,57,560100.72
422-yuz7o,422,ДГ 104 МОЯТ СВЯТ Р Н ОБОРИЩЕ,2,26,93255.24
422-yxfbu,422,Детска градина 100 Акад. Пенчо Р,1,3,14201.13
422-yywmb,422,Детска градина 19 Света София,2,19,71392.38
422-yzhui,422,24 - СРЕДНО УЧИЛИЩЕ П.К.ЯВОРОВ,1,12,111428.13
422-yzzbq,422,РАЙОН ЛОЗЕНЕЦ,3,525,12086920.21
422-yzzwj,422,164 ГПИЕ МИГЕЛ ДЕ СЕРВАНТЕС,2,49,443467.77
422-z1o8g,422,ДГ 26 КАЛИНА,1,44,379123.96
422-z1ud7,422,Детска градина 167 Малкият принц,1,7,56480.92
422-z2ajr,422,ДЕТСКА ГРАДИНА 122 Детска градина,1,23,145357.43
422-z2jte,422,ДЕТСКА ГРАДИНА 121 ГР. НОВИ ИСКЪР,2,17,65375.49
422-z6ijg,422,ДЕТСКА ГРАДИНА 53 ДЯДОВАТА РЪКАВИЧК,1,4,12286.34
422-z89bs,422,РАЙОН НОВИ ИСКЪР,2,717,14266775.24
422-z8g9r,422,65-ТО ОУ СВ.СВ. КИРИЛ И МЕТОДИЙ,1,10,60802.91
422-z8rrc,422,ДОМ НА КУЛТУРАТА КРАСНО СЕЛО,3,108,421529.04
422-z9vpu,422,132 СУ ' ВАНЯ ВОЙНОВА ',3,53,688109.16
422-za884,422,132 СУ,1,22,197301.82
422-zb7l6,422,107 ОУ ХАН КРУМ Р Н ЛОЗЕНЕЦ,2,45,266161.47
422-zbjip,422,101 Средно училище Бачо Киро,1,42,206713.49
422-zc8g7,422,64-ТО ОСНОВНО УЧИЛИЩЕ ЦАР СИМЕОН ВЕ,1,27,154381.59
422-zcp6e,422,4-ТО ОУ ПРОФЕСОР ДЖОН АТАНАСОВ,1,36,295079.06
422-zdlrz,422,53 Основно училище Николай Хрелков,1,25,239646.01
422-zdsq0,422,ДГ 131,1,24,90417.45
422-zedas,422,50 Основно училище Васил Левски,1,23,177384.63
422-zeewe,422,124 ОУ ВАСИЛ ЛЕВСКИ,1,9,107104.55
422-zf5tq,422,129 Основно училище Антим-,1,17,83445.26
422-zgwh9,422,ДГ 149 ЗОРНИЦА СЕРДИКА,3,62,437016.33
422-zhmt8,422,95 СРЕДНО УЧИЛИЩЕ ПРОФЕСОР ИВАН ШИШ,1,32,345293.15
422-zids4,422,5 Основно училище Иван Вазов,1,28,206988.86
422-zik5d,422,199 ОУ СВ. ЙОАН БОГОСЛОВ ПОДУЕНЕ,1,3,8648.15
422-zivv2,422,170 СУ ВАСИЛ ЛЕВСКИ НОВИ ИСКЪР,2,123,911330.60
422-zkd46,422,32 СУИЧЕ СВЕТИ КЛИМЕНТ ОХРИДСК,3,193,2122901.00
422-zl45k,422,Детска градина 86 Асен Босев,1,22,104423.44
422-zmm4g,422,200 Основно училище Отец Паисий,1,6,93749.68
422-zoe9s,422,7 МО СУ СВ.СЕДМОЧИСЛЕНИЦИ,2,87,3063852.57
422-zppji,422,"159 ОУ ""Васил Левски""",2,73,726228.88
422-zq7o4,422,ОУ 106 Р Н ПОДУЯНЕ ПР.,2,51,793623.61
422-zqvdg,422,Детска градина 93 Чуден свят,2,79,436171.91
422-zrrmw,422,СТОЛИЧНА ОБЩИНА,9,16060,2727020854.22
422-zs1bw,422,Детска градина 101 Ябълкова гра,1,22,96934.59
422-zs8rd,422,72 Основно училище Христо Ботев,1,7,75856.00
422-zvppb,422,ОУ 112 Р.ОБОРИЩЕ,2,140,2626133.21
422-zwunm,422,ДГ 119 ДЕТСКА ПЛАНЕТА Детска градин,1,45,279011.85
422-zzl4b,422,ДГ132 СВЕТЛИНА Р Н Н. ИСКЪР,2,69,316827.43
444-0791o,444,ОБЩИНА БАТАК,1,150,20799071.01
444-09bmu,444,ОБЩИНА КОЗЛОДУЙ КАПИТАЛОВИ Р ДИ,1,9,1209460.95
444-0a4pk,444,ОБЩИНА НЕСЕБЪР,1,39,2729723.67
444-0axy0,444,ОБЩИНА МАДАН,1,196,33554329.86
444-0clzw,444,ОБЩИНА БРЕЗОВО КАПИТАЛОВИ РАЗХОДИ,1,67,2106741.74
444-0w8is,444,ОБЩИНА МЪГЛИЖ,1,175,31040100.54
444-10hm7,444,ОБЩИНА ПАВЕЛ БАНЯ,1,240,37853568.01
444-14bmj,444,Община АПРИЛЦИ,2,136,10938587.14
444-16gmu,444,ОБЩИНА ДУЛОВО,7,201,68571754.29
444-1a29l,444,ОБЩИНА БАНСКО,4,148,39988770.68
444-1b234,444,ОБЩИНА ДОЛНА МИТРОПОЛИЯ,2,183,37916115.79
444-1c90f,444,ОБЩИНА НЕСЕБЪР ОБЩА СУБСИДИЯ,1,111,55952356.89
444-1k1py,444,ОБЩИНА КЮСТЕНДИЛ,1,331,129751953.78
444-1s1ck,444,ОБЩИНА ТУНДЖА,2,277,48349703.61
444-1xi0a,444,ОБЩИНА САДОВО,1,162,37163087.56
444-1z6ze,444,ОБЩИНА СВОГЕ,1,282,42765535.52
444-27b6u,444,ОБЩ.ТОПОЛОВГРАД ТРАН.МЕСТ.ДЕЙНОСТИ,1,40,3296372.33
444-2cm75,444,ОБЩ.ДРАГОМАН ОБЩА СУБСИДИЯ,1,65,11598600.61
444-2d3av,444,ОБЩИНА РОМАН,4,180,23886842.69
444-2dxbq,444,ОБЩИНА ОРЯХОВО,1,285,25333290.24
444-2o947,444,ОБЩИНА ГАБРОВО,1,316,130681098.58
444-2vi6e,444,ОБЩИНА КАРНОБАТ,2,148,72272502.29
444-35js2,444,ОБЩИНА КОСТИНБРОД ОБЩА СУБСИДИЯ,1,78,34614581.98
444-39cvs,444,ОБЩ.БОБОШЕВО ТРАН.МЕСТ.ДЕЙНОСТИ,1,36,1294918.40
444-3iv7r,444,ОБЩИНА ПОПОВО ОБЩА СУБСИДИЯ,1,102,57819628.81
444-3sy9l,444,ОБЩИНА КАЗАНЛЪК,1,259,170402135.67
444-3tyoj,444,ОБЩИНА МЕЗДРА,4,218,56116549.12
444-3xzds,444,ОБЩИНА КАЛОЯНОВО,3,123,27938736.75
444-40wzz,444,ОБЩИНА СЪРНИЦА,1,174,15406869.21
444-41x8p,444,ОБЩ.Г.МАЛИНА ЦЕЛЕВА СУБС.З,1,26,766513.58
444-463sm,444,Общ. Севлиево местни дейности,1,40,5529737.29
444-47guy,444,Община Алфатар-обща субсидия,4,76,12038846.27
444-47ut3,444,ОБЩИНА КАМЕНО,2,191,27799280.97
444-49gqc,444,Община Поморие,1,193,59602251.56
444-4lm75,444,ОБЩИНА ОПАКА,1,180,13866372.38
444-4rhcy,444,ОБЩИНА БОЙНИЦА,1,128,11064498.74
444-4xi3v,444,ОБЩИНА ГОРНА ОРЯХОВИЦА,4,202,90804201.88
444-5aj19,444,ОБЩИНА СЛИВЕН,1,253,288626926.17
444-5chur,444,ОБЩИНА ВЕТОВО,6,205,25129186.02
444-5dcwt,444,Код за целева субсидия за КР,1,74,2751243.45
444-5e0ot,444,Община Лъки,2,183,10695621.67
444-5ffum,444,ОБЩИНА КРИВОДОЛ,1,164,22987379.44
444-5ips3,444,ОБЩИНА ИВАНОВО,1,162,15896224.40
444-5ntci,444,ОБЩИНА ЛЕВСКИ,1,183,41139377.84
444-60tfx,444,ОБ.РАКИТОВО ОБЩА СУБСИДИЯ,4,137,40518148.64
444-63n6t,444,ОБЩИНА ПРАВЕЦ,3,241,95140823.07
444-67wpp,444,ОБЩИНА СМЯДОВО КАПИТАЛОВИ РАЗХОДИ,1,3,310647.66
444-68jiq,444,ОБЩИНА ГЪРМЕН КАПИТ.РАЗХ.,1,50,2567292.54
444-6ci46,444,ОБЩИНА БЕЛОГРАДЧИК,1,163,24638528.94
444-6hgst,444,ОБЩИНА КУЛА,1,138,16205981.49
444-6i7z0,444,ОБЩИНА БРАТЯ ДАСКАЛОВИ,1,83,2888332.51
444-6iem3,444,ОБЩИНА ТРАНСФ.МЕСТНИ ДЕНОС,1,33,2180340.22
444-6ii9n,444,ОБЩИНА ГЛАВИНИЦА,1,267,29236607.33
444-6nlfv,444,ОБЩИНА ГРАД ДОБРИЧ,5,196,179232254.02
444-6szhr,444,ОБЩИНА ПЕТРИЧ,4,309,115878893.09
444-723xb,444,СТОЛИЧНА ОБЩИНА,1,141,2380137084.29
444-74e6o,444,ОБЩИНА ЛЕСИЧОВО,1,199,17393788.65
444-7884o,444,ОБЩИНА СИЛИСТРА ОБЩА СУБСИДИЯ,1,104,111381105.46
444-7bnj0,444,ОБЩИНА НИКОПОЛ КАПИТАЛОВИ РАЗХОДИ,1,96,1530481.92
444-7es1h,444,ОБЩИНА ЛЮБИМЕЦ,1,170,25966933.77
444-7iwg7,444,ОБЩИНА КОТЕЛ,1,214,46731007.25
444-7o61m,444,ОБЩИНА СТРАЛДЖА,1,153,35144065.46
444-7tg1i,444,ОБЩ.СТРАЖИЦА ТРАН.МЕСТНИ ДЕЙНОСТИ,1,40,3131235.62
444-7to0f,444,ОБЩИНА МИЗИЯ,1,147,11164669.71
444-83d17,444,ОБЩИНА ЯМБОЛ,1,165,164978025.19
444-86gjz,444,ОБЩИНА БЕЛИЦА,4,138,30928196.64
444-8ekvj,444,ОБЩИНА ХАЙРЕДИН,4,157,15945528.18
444-8fr09,444,ОБЩИНА ПЕРНИК,1,266,189534245.13
444-8luns,444,ОБЩИНА ДЕВИН,1,162,29428157.45
444-8tg40,444,ОБЩИНА КНЕЖА,3,166,37055819.47
444-8wdgy,444,ОБЩИНА ЛЯСКОВЕЦ,1,156,24253880.44
444-8z4th,444,ОБЩИНА МАКРЕШ,1,118,5315417.59
444-8zqo5,444,ОБЩИНА СЪЕДИНЕНИЕ,1,164,20116976.70
444-945j9,444,СУБСИДИЯ МЕСТНИ ДЕЙНОСТИ,1,43,3889515.81
444-94bzj,444,ОБЩИНА ЗЛАТОГРАД,1,177,30559058.92
444-94nmc,444,ОБЩИНА НИКОЛА КОЗЛЕВО,1,137,20444757.57
444-966ao,444,ОБЩИНА ОПАН,1,159,8444590.52
444-9c2lu,444,ОБЩИНА ВЪРБИЦА,1,114,24857444.28
444-9k03z,444,ОБЩИНА САМУИЛ,1,150,29298157.77
444-9k6ov,444,ОБЩИНА Г. ДАМЯНОВО,1,11,635353.04
444-9k7qx,444,ОБЩИНА ГЪРМЕН ОБЩА СУБСИД.,1,94,40560543.65
444-9kkcq,444,ОБЩИНА САМОКОВ,2,199,88353494.50
444-9pqoh,444,Община Царево,2,152,19984148.40
444-9vy3c,444,ОБЩИНА ЦЕНОВО,2,149,12166685.96
444-a1pg8,444,ОБЩИНА ВЪРШЕЦ КАП.РАЗХОДИ,1,56,1728186.29
444-aa9u3,444,ОБЩИНА КРЕСНА,1,201,15607776.66
444-aaff2,444,ОБЩИНА ЕЛЕНА,1,269,37539918.12
444-aevmu,444,ОБЩИНА СИЛИСТРА ТРАН.МЕСТ.ДЕЙНОСТИ,1,40,9267481.55
444-aic5b,444,ОБЩИНА БЕЛОСЛАВ,1,158,33682480.50
444-aprpg,444,ОБЩИНА ЗЕМЕН,1,157,8423513.76
444-asy6w,444,ОБЩИНА СТРАЖИЦА ОБЩА СУБСИДИЯ,1,95,30652788.35
444-azjb0,444,ОБЩИНА ЧУПРЕНЕ,1,116,11940592.27
444-b01oh,444,Общ. Севлиево капит. разходи,1,106,6414220.27
444-b2j2w,444,ОБЩИНА ЧИПРОВЦИ,1,134,8208812.73
444-baylk,444,ОБЩИНА ВРАЦА,4,225,179733095.07
444-be8gl,444,Община Алфатар капиталови разходи,3,16,1159516.74
444-bfmyl,444,ОБЩИНСКА АДМИНИСТРАЦИЯ-СВИЛЕНГРАД,1,200,57922922.57
444-bfuzx,444,ОБЩИНА БРУСАРЦИ ТРАН.МЕСТ.ДЕЙНОСТИ,1,21,1982925.92
444-bgfj0,444,ОБЩ.ДРАГОМАН ТРАН.МЕСТ.ДЕЙНОСТИ,1,27,1886765.74
444-bh4nn,444,Общ. Харманли Обща субсидия,1,125,45951181.71
444-bmszw,444,ОБЩИНА ГОЦЕ ДЕЛЧЕВ,5,207,96708753.20
444-braf7,444,ОБЩИНА БОРОВАН,1,163,17799245.35
444-btd2x,444,ОБЩИНА ТРЯВНА,1,239,28326709.77
444-bv5ir,444,ОБЩИНА МОМЧИЛГРАД,1,227,41071153.08
444-bw4uz,444,ОБЩИНА КРУШАРИ,1,157,16010583.71
444-c0qjp,444,Община Белово,1,156,17703816.19
444-c4hh8,444,ОБЩИНА БУРГАС,1,247,505940936.03
444-c8v0a,444,ОБЩИНА ТРОЯН,2,202,69186522.99
444-cf7eh,444,ОБЩИНА ПАНАГЮРИЩЕ,1,122,48551293.43
444-cj400,444,ОБЩИНА БР.ДАСКАЛОВИ,1,126,19897397.98
444-ck2w6,444,ОБЩИНА ВИДИН,3,376,141314501.59
444-ck5gt,444,Община ДОЛНА БАНЯ,2,112,24752716.85
444-clhzs,444,ОБЩИНА ТЕТЕВЕН,1,192,51441129.88
444-cnh6m,444,ОБЩИНА САТОВЧА,1,132,42849979.22
444-cs9md,444,ОБЩИНА ВЪЛЧИ ДОЛ ОБЩА СУБСИДИЯ,1,42,14630914.01
444-ctht7,444,ОБЩИНА КОВАЧЕВЦИ,1,134,8953673.24
444-cu5ol,444,Общ. Челопеч капит. разходи,1,5,447789.43
444-czpv0,444,ОБЩ.НЕВЕСТИНО ТРАН.МЕСТ.ДЕЙНОСТИ,1,40,1682879.14
444-d063w,444,ОБЩИНА РАДНЕВО,1,206,41742647.16
444-d37xn,444,ОБЩИНА КОЗЛОДУЙ ОБЩА СУБСИДИЯ,3,101,52931923.83
444-d4za0,444,ОБЩИНА НИКОПОЛ ОБЩА СУБСИДИЯ,1,73,15678931.01
444-d9lxb,444,ОБЩИНА ПЕЩЕРА,1,158,39524659.63
444-dgrvk,444,ОБЩИНА ДОЛНИ ЧИФЛИК,4,237,52771976.25
444-dq06f,444,ОБЩИНА БЯЛА ТРАН. МЕСТ. ДЕЙНОСТИ,1,41,2392029.40
444-dqg26,444,ОБЩИНА ЗАВЕТ КАПИТАЛОВИ РАЗХОДИ,1,31,1449957.07
444-dsj2n,444,ОБЩИНА БРУСАРЦИ КАПИТ.РАЗХОДИ,1,40,1388285.27
444-duc8c,444,ОБЩ.Г.МАЛИНА ОБЩА СУБСИДИЯ,1,73,16087165.76
444-dxylv,444,ОБЩИНА МАДЖАРОВО,1,173,9337543.90
444-dyev7,444,ОБЩИНА ДВЕ МОГИЛИ,1,37,2357954.26
444-e6klb,444,ОБЩИНА БЯЛА ОБЩА СУБСИДИЯ,1,82,21957434.51
444-e9qdn,444,ОБЩИНА МАЛКО ТЪРНОВО,1,129,13500325.85
444-ed5fz,444,ОБЩИНА РУДОЗЕМ,1,212,29750244.99
444-efbab,444,ОБЩИНА АРДИНО,1,171,30771245.80
444-eff7h,444,Общ. Вълчи дол местни дейности,1,19,1114438.89
444-eg65n,444,ОБЩИНА ЗЛАТАРИЦА,3,159,17836950.77
444-eimy2,444,ОБЩИНА СЛИВО ПОЛЕ,1,190,22337914.22
444-ekndv,444,ОБЩИНА ЯБЛАНИЦА 6108,2,156,23204965.28
444-euy9w,444,Община ВЕТРИНО,1,136,14171254.27
444-ewgfw,444,ОБЩИНА МЕДКОВЕЦ,1,182,11777461.24
444-ewpnc,444,ОБЩИНА НОВА ЗАГОРА,1,190,80187390.34
444-f2ble,444,ОБЩИНА ТЕРВЕЛ,4,192,36495560.95
444-f6ybq,444,ОБЩИНА БЕЛЕНЕ ТРАН.МЕСТ. ДЕЙНОСТИ,1,16,2353335.82
444-faknv,444,ОБЩИНА ТРЪН,1,190,19065468.34
444-fbmdz,444,ОБЩИНА РАЗГРАД,1,214,132162672.60
444-fi9mq,444,Общ. Челопеч обща субсидия,1,48,7583657.28
444-fu4n7,444,Община Антоново,3,206,17981997.12
444-fu5rd,444,ОБЩИНА КРИЧИМ,1,144,16930366.18
444-fv32v,444,ОБЩИНА ДРЯНОВО,2,224,35845915.81
444-fwerw,444,ОБЩИНА СМОЛЯН,1,169,107739259.00
444-g9w46,444,ОБЩИНА ПОПОВО ТРАН.МЕСТ. ДЕЙНОСТИ,1,56,4963679.71
444-gc1qy,444,Община Алфатар-местни дейности,3,40,1376903.94
444-gd6l8,444,ОБЩИНА БЛАГОЕВГРАД,1,381,198212455.81
444-gii5m,444,Община Дупница,1,384,87805190.34
444-gmi40,444,ОБЩИНА ЛОМ,1,255,65867595.91
444-grm1c,444,ОБЩИНА СИМИТЛИ,1,138,39035232.37
444-grn90,444,ОБЩИНА КОСТЕНЕЦ,1,227,30047002.49
444-gu9t4,444,ОБЩИНА ГЪРМЕН ТР.МЕСТ.ДЕЙН,1,40,4874528.73
444-gvh71,444,ОБЩИНА ЯКИМОВО,1,78,8288600.99
444-h21lj,444,ОБЩИНА ДЕВНЯ,1,113,18937234.93
444-h4plp,444,ОБЩИНА ЛЕТНИЦА,4,131,12484520.59
444-h8dlx,444,ОБЩИНА МИРКОВО,1,140,6959362.59
444-hd9xv,444,ОБЩИНА БАЛЧИК ОБДС,1,111,39268012.81
444-hlxyu,444,ОБЩИНА МАРИЦА,1,177,65802838.10
444-hmhx8,444,ОБЩИНА КОЗЛОДУЙ МЕСТНИ ДЕЙНОСТИ,1,4,40263.97
444-hpsx3,444,ОБЩИНА Г.ДАМЯНОВ,1,41,3674588.26
444-hu2za,444,ОБЩИНА ГР.ИСКЪР,1,156,14436904.13
444-husgs,444,ОБЩИНА ЯКОРУДА,1,151,26376021.11
444-hxfr0,444,ОБЩИНА ПРИМОРСКО,2,99,15232464.82
444-i3304,444,ОБЩИНА БОБОВ ДОЛ,4,191,18460528.42
444-ie909,444,ОБЩ.ВЪЛЧЕДРЪМ ТРАН.МЕСТ.ДЕЙНОСТИ,1,40,2706692.04
444-ip27w,444,ОБЩИНА ГЕОРГИ ДАМЯНОВО,1,78,5608687.12
444-itrz8,444,ОБЩИНА ПОРДИМ,1,126,19681360.40
444-iznak,444,ОБЩИНА В.ТЪРНОВО,5,207,229050234.94
444-j0yi4,444,ОБЩИНА СУХИНДОЛ,1,168,11430381.65
444-j1glg,444,ОБЩИНА КАВАРНА,1,177,39254226.40
444-j6zbx,444,ОБЩИНА СИТОВО,1,193,17574300.54
444-j73z8,444,ОБЩИНА ТЪРГОВИЩЕ,1,317,145828576.63
444-j76id,444,Общ. Севлиево обща субсидия,1,104,72573979.27
444-jefz6,444,ОБЩИНА СТАМБОЛИЙСКИ,1,162,40901640.05
444-jepnb,444,Общ. Челопеч местни дейности,1,26,285275.41
444-jjybb,444,ОБЩИНА ТУТРАКАН,1,181,39876764.17
444-jrddz,444,ОБЩИНА СМЯДОВО,3,93,26790829.29
444-ju9dt,444,ОБЩИНА ВЪЛЧЕДРЪМ КАПИТАЛОВИ РАЗХОДИ,1,22,1547863.05
444-k104t,444,ОБЩ.ДРАГОМАН КАПИТАЛОВИ РАЗХОДИ,1,70,3340438.38
444-k4fxf,444,ОБЩИНА АЙТОС,1,224,67620966.55
444-k63td,444,ОБЩИНА СУВОРОВО,1,183,22990181.98
444-kb2h1,444,Община Созопол,2,136,27790525.85
444-kcw3d,444,ОБЩИНА ХИТРИНО,1,159,14543581.83
444-keiio,444,ОБЩИНА КИРКОВО,1,341,52337791.50
444-kiv90,444,ОБЩИНА ЕЛХОВО,4,158,38622414.30
444-kr0k3,444,ОБЩИНА СТАМБОЛОВО,1,219,18591400.92
444-ksml4,444,Община Борово,2,132,15624622.71
444-kwiog,444,ОБЩИНА БОЙЧИНОВЦИ,1,146,21946273.28
444-l70x6,444,ОБЩИНА КОСТИНБРОД КАПИТАЛО,1,54,2415472.62
444-lcg8i,444,ОБЩИНА КАОЛИНОВО,1,184,30104875.32
444-lh66t,444,ОБЩИНА ДИМИТРОВГРАД,1,162,98640049.14
444-lmek7,444,ОБЩИНА ГЪЛЪБОВО,3,138,29309684.32
444-ln2mm,444,ОБЩИНА ПЛЕВЕН,1,235,259626996.35
444-lzz9i,444,ОБЩИНА РАЗЛОГ,4,145,54589542.26
444-m8fbz,444,ОБЩИНА БРАЦИГОВО,1,151,11714273.35
444-mfqqr,444,ОБЩИНА СИЛИСТРА КАПИТАЛОВИ РАЗХОДИ,1,45,2371796.44
444-mh3ok,444,ОБЩИНА ПЪРВОМАЙ,1,237,62784341.12
444-mhgzy,444,ОБЩИНА РУЕН,1,242,68489136.42
444-mhwad,444,ОБЩИНА ТОПОЛОВГРАД ОБЩА СУБСИДИЯ,1,97,25068052.03
444-mnj24,444,ОБЩИНА ПЕРУЩИЦА,1,156,14503326.57
444-mo7ms,444,ОБЩИНА АВРЕН,1,80,18289297.02
444-mvyob,444,ОБЩИНА ПЛОВДИВ,1,221,757874390.75
444-mwaap,444,ОБЩИНА ЗАВЕТ ОБЩА СУБСИДИЯ,1,96,17567408.36
444-my8h6,444,ОБЩИНА ГОРНА МАЛИНА,1,22,2473595.77
444-n13ct,444,ОБЩИНА АНТОН,1,151,5803038.74
444-n3x9q,444,ОБЩИНА БЯЛА,3,184,13827746.60
444-n51yi,444,ОБЩИНА БОЛЯРОВО,1,183,22169487.24
444-nfkfy,444,ОБЩИНА РИЛА,1,140,9472415.58
444-nh6og,444,ОБЩ.БАЛЧИК КАПТ.Р ДИ,1,33,3428983.92
444-nha7p,444,ДОБРИЧКА ОБЩИНА,3,344,58454726.81
444-niwyn,444,ОБЩИНА УГЪРЧИН,1,141,19577390.94
444-nob2h,444,ОБЩИНА КОЧЕРИНОВО ОБЩА СУБСИДИЯ,4,125,14027474.67
444-nvogd,444,ОБЩИНА НИКОЛАЕВО,1,188,17881161.27
444-nwh01,444,ОБЩИНА ДЪЛГОПОЛ,2,207,35645434.11
444-nz7pc,444,ОБЩИНА СУНГУРЛАРЕ,1,151,34248970.66
444-o27pg,444,Община Стара Загора,1,346,349655917.36
444-o6ht4,444,ОБЩИНА ЧАВДАР,1,101,5118616.85
444-o6kj1,444,Община Ловеч местни дейности,2,26,5050225.79
444-oel7w,444,Общ. Харманли субсидия кап. разх.,1,28,3023735.42
444-oh18w,444,ОБЩИНА ЛУКОВИТ,1,141,51876900.68
444-ohv5t,444,ОБЩИНА СЕЛО ЯКИМОВО,1,40,1889815.10
444-ojb1n,444,ОБЩИНА ГУЛЯНЦИ,1,200,25546129.27
444-ouso6,444,ОБЩ.ГЕН.ТОШЕВО С ИЯ МЕСТНИ Д ТИ,1,46,3371943.87
444-ovjjv,444,ОБЩИНА ГРАМАДА,1,94,3674267.08
444-oxpb3,444,ОБЩИНА БОБОШЕВО ОБЩА СУБСИДИЯ,1,51,4835964.55
444-ozzyk,444,ОБЩИНА СЕПТЕМВРИ,1,228,56301181.79
444-p12gm,444,ОБЩИНА БЕЛЕНЕ КАПИТАЛОВИ РАЗХОДИ,1,60,1139239.66
444-p54z2,444,ОБЩИНА САНДАНСКИ,1,320,105331919.01
444-p59l6,444,ОБЩИНА ЧЕРВЕН БРЯГ,1,218,63416165.49
444-p5ifl,444,ОБЩИНА СРЕДЕЦ,1,193,44589174.15
444-p74cx,444,ОБЩИНА ХАСКОВО,2,182,199233724.83
444-p828t,444,ОБЩИНА КАЙНАРДЖА,3,156,24341456.12
444-phr2m,444,ОБЩИНА СИМЕОНОВГРАД,1,176,23658950.80
444-pj25r,444,ОБЩИНА ИХТИМАН,1,145,45954570.14
444-pon5g,444,ОБЩИНА МИНЕРАЛНИ БАНИ,1,158,14364363.00
444-ptm2w,444,ОБЩИНАаПАВЛИКЕНИ,1,214,56642839.40
444-pudg8,444,ОБЩИНА БОБОШЕВО КАПИТ.РАЗХОДИ,1,22,664049.01
444-pvu4r,444,ОБЩИНА НЕВЕСТИНО КАП.РАЗХОДИ,1,61,1920380.73
444-pwjr8,444,ОБЩИНА ЕЛИН ПЕЛИН,1,125,56605925.30
444-q0d2o,444,ОБЩИНА ПОПОВО КАПИТАЛОВИРАЗХОДИ,1,120,5645350.61
444-q3mxi,444,ОБЩИНА ВЕЛИНГРАД,1,359,89985513.48
444-qe4r0,444,ОБЩИНА БРЕГОВО,1,171,18403044.13
444-qgk8h,444,ОБЩИНА БРЕЗОВО ОБЩА СУБСИДИЯ,1,62,16890081.76
444-qivuo,444,ОБЩ.П.ТРЪМБЕШ ОБЩА СУБСИДИЯ,5,197,27606492.21
444-qjt3o,444,ОБЩИНА ЧЕПЕЛАРЕ,1,193,17193248.59
444-qkl70,444,ОБЩИНА ЗЛАТИЦА,4,109,14379105.60
444-qrma3,444,ОБЩИНА ГОДЕЧ ОБЩА СУБСИД,1,52,9273084.49
444-r0qad,444,ОБЩИНА БЕРКОВИЦА,1,204,54889367.32
444-r3wpv,444,ОБЩИНА БЕЛЕНЕ ОБЩА СУБСИДИЯ,1,71,14259862.25
444-rjo6u,444,ОБЩ.ТОПОЛОВГРАД КАПИТАЛОВИ РАЗХОДИ,1,69,2325953.12
444-rl62b,444,ОБЩИНА КРУМОВГРАД,4,204,60067435.54
444-rnaq6,444,ОБЩИНА СТРУМЯНИ,1,176,21387326.35
444-rog37,444,ОБЩИНА ЕТРОПОЛЕ,1,161,35258276.99
444-rv5k7,444,ОБЩИНА ВЪРШЕЦ МЕСТ.ДЕЙНОСТ,1,24,2399632.34
444-rwi30,444,ОБЩИНА НОВИ ПАЗАР,4,173,53349981.77
444-s2lqb,444,ОБЩИНА ДЖЕБЕЛ,1,173,26822115.35
444-s30y4,444,ОБЩ.С ЦА ТРАНСФЕРИ ЗА МЕСТ,1,35,2462624.12
444-s3irg,444,ОБЩИНА ГОДЕЧ ЦЕЛЕВА СУБС.К,1,37,2939091.00
444-s580u,444,Общ. Харманли трансф. местни дейн,1,55,4834322.90
444-shp35,444,ОБЩИНА БАНИТЕ,3,141,12019859.58
444-sks8u,444,Код за трансфери на местни дейности,1,40,6506230.60
444-sqk1q,444,ОБЩИНА БОРИНО,1,172,9404908.87
444-sx2al,444,ОБЩИНА РОДОПИ,1,118,58451472.90
444-sxcvv,444,ОБЩИНА САПАРЕВА БАНЯ,2,142,15580154.51
444-sz9id,444,ОБЩИНА ОМУРТАГ,3,194,43904918.74
444-szhch,444,ОБЩИНА ПАЗАРДЖИК,1,264,237596041.27
444-t215z,444,ОБЩИНА ХИСАРЯ,1,151,27905915.19
444-t57os,444,ОБЩИНА КУБРАТ,1,260,42898399.71
444-t6ji2,444,Общ. Вълчи дол обща субсидия.,1,38,11007331.90
444-t82qs,444,Община Аксаково,2,222,43650068.11
444-t89im,444,ОБЩИНА НОВО СЕЛО,8,140,12066116.97
444-t8scp,444,ОБЩИНА ИВАЙЛОВГРАД,1,197,22293090.62
444-tcbkj,444,ОБЩИНА ВЕНЕЦ,1,158,17320345.96
444-tcopu,444,ОБЩИНА БАЛЧИК МЕСТЕН ТРАНС,1,20,518475.50
444-tkwpr,444,ОБЩИНА ВЪЛЧЕДРЪМ ОБЩА СУБСИДИЯ,1,96,20986153.09
444-twdky,444,ОБЩИНА НЕДЕЛИНО,1,130,16370339.57
444-tyhf7,444,ОБЩИНА КОПРИВЩИЦА,1,125,9033438.32
444-u06ar,444,ОБЩИНА ЛОВЕЧ,1,63,47014437.24
444-u3abu,444,ОБЩИНА НИКОПОЛ ТРАН.МЕСТ.ДЕЙНОСТИ,1,41,2326787.08
444-u53h4,444,ОБЩИНА ТРЕКЛЯНО,1,136,6769851.34
444-udgzi,444,ОБЩИНА СЛИВНИЦА ДОПЪЛВАЩА,1,73,19559156.83
444-uhlpv,444,ОБЩИНА МОНТАНА,5,240,119801199.66
444-uiokk,444,ОБЩИНА ШАБЛА,1,127,13750887.50
444-uitzv,444,ОБЩИНА ЗАВЕТ ТРАН.МЕСТ.ДЕЙНОСТИ,1,47,2560582.43
444-utjli,444,ОБЩИНА РАДОМИР,1,168,47304200.25
444-uwg7h,444,ОБЩ.СЛИВНИЦА СУБС.КАП.Р ДИ,1,40,1614747.29
444-v94gm,444,Община Ловеч целева субсидия,2,22,4207212.56
444-vd3b7,444,ЦЕЛЕВА СУБСИДИЯ КАПИТАЛНО,1,10,1376499.89
444-vdtb4,444,ОБЩИНА ПИРДОП,1,78,17158803.00
444-venuj,444,ОБЩИНА ХАДЖИДИМОВО,1,200,23472855.32
444-vm1lo,444,ОБЩА ДОП. СУБСИДИЯ ОБЩИНА,1,73,19234665.35
444-vsy4g,444,ОБЩИНА БЯЛА СЛАТИНА,1,191,67763912.29
444-vz00m,444,ОБЩ.ВЪЛЧИ ДОЛ СУБ. КАПИТАЛОВИ РАЗХ.,2,65,2754204.38
444-wg9ao,444,ОБЩИНА СОПОТ,1,128,23006284.72
444-wle0r,444,ОБЩИНА ШУМЕН,1,225,220937618.01
444-wnudx,444,ОБЩИНА ВЕЛИКИ ПРЕСЛАВ,1,188,29972399.08
444-wqe94,444,Община Куклен,2,166,15850819.41
444-wtdva,444,ОБЩИНА ВАРНА,1,153,680082706.16
444-wx4mm,444,Община ПРОВАДИЯ,2,160,59241201.83
444-wzvz2,444,ОБЩИНА БОТЕВГРАД,2,224,85462965.10
444-x75fc,444,ОБЩИНА БРЕЗНИК,2,244,21812871.96
444-x8y7t,444,ОБЩИНА ЦАР КАЛОЯН,1,154,13174713.39
444-x9dhm,444,ОБЩИНА ГУРКОВО,1,183,14523974.15
444-xc6zx,444,ОБЩИНА ЧЕРНООЧЕНЕ,1,210,25877553.88
444-xmtj3,444,ОБЩИНА ЧИРПАН,2,193,54840022.78
444-xw7wp,444,ОБЩ.ГЕН.ТОШЕВО ОБЩА СУБСИДИЯ,1,95,26819194.66
444-xzcl5,444,ОБЩ.ГЕН.ТОШЕВО КАПИТАЛОВА С ИЯ,1,116,4866613.19
444-xzhph,444,ОБЩИНА НЕВЕСТИНО ОБЩА СУБСИДИЯ,1,63,6236895.41
444-xzm16,444,ОБЩИНА ЛОЗНИЦА,1,206,23405187.50
444-y05tu,444,ОБЩИНА БРУСАРЦИ ОБЩА СУБСИДИЯ,1,76,10848342.02
444-y17co,444,ОБЩИНА РАКОВСКИ,1,210,65821658.11
444-y2z29,444,ОБЩ. ВЪЛЧИ ДОЛ ТРАНСФЕРИ МЕСТ.ДЕЙНС,1,26,1296284.51
444-y9kg5,444,ОБЩИНА КАРЛОВО,4,291,116418368.83
444-yjf3i,444,ОБЩИНА ВЪРШЕЦ ОБ. СУБСД.,1,75,16507941.83
444-yk2ir,444,ОБЩИНА СУНГУЛАРЕ,1,38,3958528.05
444-yrwrd,444,ОБЩИНА БОЖУРИЩЕ ТР.МЕСТНИ,1,19,516946.57
444-ysedc,444,Община Ловеч обща субсидия,2,68,54427164.93
444-yw4hg,444,ОБЩИНА ДОСПАТ,1,142,23320500.43
444-yz7uz,444,ОБЩИНА ИСПЕРИХ,2,161,64605796.72
444-z5nab,444,ОБЩИНА ТВЪРДИЦА,1,210,54467600.00
444-zakx4,444,ОБЩИНА БРЕЗОВО ТРАН.МЕСТ.ДЕЙНОСТИ,1,16,2815130.97
444-zd39i,444,ОБЩ.ДВЕ МОГИЛИ,1,180,19410087.13
444-zdbgd,444,ОБЩИНА СТРЕЛЧА,1,116,13115586.25
444-zfah8,444,ОБЩИНА РУЖИНЦИ,3,184,16116763.73
444-zj7ys,444,ОБЩИНА КЪРДЖАЛИ,1,228,179906212.34
444-zl6b6,444,ОБЩИНА РУСЕ,1,212,314789270.48
444-zmbj4,444,ОБЩА СУБС.ОБЩИНА МИЗИЯ,1,43,6006403.43
444-zmt5i,444,ОБЩИНА АСЕНОВГРАД,1,280,127623769.23
444-zo478,444,ОБЩИНА КАСПИЧАН,3,240,22118417.49
444-zr0xu,444,ОБЩИНА ДОЛНИ ДЪБНИК,1,200,30204208.42
444-zx70x,444,ОБЩ.СТРАЖИЦА КАПИТАЛОВИ РАЗХОДИ,1,96,2527367.39
488-gbrww,488,ОБЩИНА ГОЦЕ ДЕЛЧЕВ,1,3,9769.30
488-pwrk5,488,ОБЩИНА ХАДЖИДИМОВО,1,1,4431.88
488-vrd5z,488,ОБЩИНА КИРКОВО,1,2,9983.68
488-x86yt,488,Община Царево,1,3,93969.31
488-zkqzn,488,Субс. фин. на общин.,1,1,3137.29
522-1j5i6,522,ОД ЗЕМЕДЕЛИЕ ВИДИН,2,51,307413.83
522-52mmd,522,ОД ЗЕМЕДЕЛИЕ СОФИЯ ОБЛАСТ,2,21,192493.28
522-5h2br,522,ОД Земеделие Силистра,1,55,820270.35
522-67y9f,522,ОД Земеделие Шумен,1,23,111852.66
522-6sh22,522,ОД ЗЕМЕДЕЛИЕ - ПЛЕВЕН,1,27,208066.85
522-76qcq,522,ОБЛАСТНА ДИРЕКЦИЯ ЗЕМЕДЕЛИЕ РУСЕ,1,25,210962.56
522-7zs1i,522,ОД ЗЕМЕДЕЛИЕ МОНТАНА,2,26,366514.47
522-9hg7s,522,ОД ЗЕМЕДЕЛИЕ КЮСТЕНДИЛ,1,11,53809.82
522-bd6zu,522,ОД ЗЕМЕДЕЛИЕ БУРГАС,1,16,158198.80
522-bqf0y,522,ОД Земеделие Кърджали,1,1,2811.59
522-cxmli,522,ОД Земеделие Ловеч,2,27,110215.28
522-d90f5,522,ОД Земеделие Стара Загора,1,15,76510.49
522-gpmmw,522,ОДЗемеделие Враца,1,67,633752.70
522-k1xec,522,ОБЛАСТНА ДИРЕКЦИЯ ЗЕМЕДЕЛИЕ СЛИВЕН,1,10,44667.67
522-k9yek,522,ОД ЗЕМЕДЕЛИЕ ЯМБОЛ,1,21,118877.32
522-l0lmh,522,ОД ЗЕМЕДЕЛИЕ ПАЗАРДЖИК,1,1,15074.93
522-l9ian,522,ОБЛ. ДИР. ЗЕМЕДЕЛИЕ БУРГАС,1,22,86523.65
522-n4am3,522,ОД ЗЕМЕДЕЛИЕ РАЗГРАД,1,26,313623.73
522-nbhnl,522,ОД Земеделие Варна,1,57,351425.52
522-noe55,522,ОД ЗЕМЕДЕЛИЕ ТЪРГОВИЩЕ,1,11,65895.60
522-p2eqq,522,ОД ЗЕМЕДЕЛИЕ ПЛОВДИВ,2,12,50422.49
522-p60b8,522,ОД ЗЕМЕДЕЛИЕ ПЕРНИК,1,6,42609.82
522-pnh49,522,ОБЛ. ДИР. ЗЕМЕДЕЛИЕ-СОФИЯ ГРАД,1,4,13104.50
522-qowwb,522,ОДЗемеделие Хасково,1,70,519999.68
522-rw0b3,522,ОД Земеделие Благоевград,1,41,243284.54
522-t2hik,522,ОД Земеделие Габрово,1,4,12267.55
522-wz9qd,522,ОД Земеделие Добрич,1,57,540807.70
522-xyrud,522,ОД ЗЕМЕДЕЛИЕ ВЕЛИКО ТЪРНОВО,1,41,660334.48
579-8gbz6,579,БЪЛГАРСКИ В И К ХОЛДИНГ,1,591,482885564.81
581-13o18,581,НК ЖИ ЕЛЕКТРОРАЗПРЕДЕЛЕНИЕ,1,192,1511099.32
581-2aqla,581,ДП НК ЖИ ПСТ,14,1339,74338979.33
581-5dqeb,581,ДП НКЖИ ЕНС СОФИЯ,2,236,2223332.56
581-5h26u,581,ДП НКЖИ УДВГД ГОРНА ОРЯХОВИЦА,4,363,10664949.92
581-7o76y,581,ДП НК ЖИ,2,3382,1112460237.31
581-butvj,581,ДП НКЖИ ЖП СЕКЦИЯ ШУМЕН,3,642,36214154.91
581-ctxej,581,ДП НКЖИ ПСТ СЕКЦИЯ СТ Г.ОРЯХОВИЦА,8,275,3350148.96
581-e95eu,581,ПОДЕЛЕНИЕ ЕЛЕКТРОРАЗПРЕДЕЛЕНИЕ,1,723,144133604.36
581-f6m96,581,ДП НК ЖИ ЦПК,1,1,4961.78
581-hlclt,581,ДП НКЖИ ЖП СЕКЦИЯ ГОРНА ОРЯХОВИЦА,2,601,31039972.03
581-id79j,581,ЖЕЛЕЗОПЪТНА СЕКЦИЯ ВРАЦА,1,859,76669515.36
581-nk2w3,581,ЖЕЛЕЗОПЪТНА СЕКЦИЯ БУРГАС,2,581,28879610.45
581-pb2gn,581,УДВГД ПЛОВДИВ,1,4,13947.26
581-r94xj,581,Под. ЕРП ЕНС Пловдив,1,156,1050669.26
581-r9o8v,581,УДВГД СОФИЯ,1,517,13108589.74
581-rq10b,581,ДП НКЖИ УДВГД ПЛОВДИВ,2,657,20909368.09
581-uotsd,581,ЖЕЛЕЗОПЪТНА СЕКЦИЯ СОФИЯ,2,902,35098690.80
581-ws0gk,581,ДП НКЖИ ПОДЕЛЕНИЕ УДВГД Г.ОРЯХОВИЦА,1,1,192103.10
581-xife4,581,ЖП СЕКЦИЯ ПЛОВДИВ,1,651,14319045.54
582-huco1,582,ППП СОФИЯ,3,427,4848055.09
582-kagzg,582,ЦПО НА БДЖ ПП ЕООД,1,4,150528.71
582-l7gqt,582,БДЖ-ПЪТНИЧЕСКИ ПРЕВОЗИ ЕООД,5,2929,589587170.54
582-lfe12,582,Под.ПП Г. Оряховица Локомот. депо,1,150,2175997.42
582-omczl,582,Поделение за ПП Горна Оряховица,1,78,761737.06
582-xn5mb,582,ППП ПЛОВДИВ КЪМ БДЖ-ПП ЕООД,2,179,1433296.54
666-02feg,666,ОБЩИНА БАНИТЕ-ЗАЕМИ ОТ ЦБ,1,18,2667303.24
666-03hae,666,ОБЩИНА БАТАК САПАРД,1,4,265103.31
666-0505t,666,ОБЩИНА РОМАН,1,13,749601.61
666-0alcb,666,ОБЩИНА ДОЛНИ ЧИФЛИК,2,7,822323.22
666-0axks,666,ОБЩИНА ВЪРШЕЦ ЦБ ПО ПРСР,1,3,322985.96
666-0iqof,666,ОБЩИНА ЯКОРУДА-ЗАЕМИ ОТ ЦБ,1,3,819233.53
666-0lqm4,666,ОБЩИНА ДРЯНОВО,2,12,1109863.60
666-0mhoh,666,ОБЩИНА ГОДЕЧ ЗАЕМИ ОТ ЦБ ПО САПАРД,1,10,371674.22
666-0rry8,666,ОБЩИНА ЧЕРНООЧЕНЕ,1,10,879775.61
666-0sgys,666,ОБЩИНА ГЪЛЪБОВО САПАРД,2,10,688925.09
666-1yd97,666,ОБЩИНА СТАМБОЛОВО,1,23,1852875.27
666-21q1p,666,ОБЩИНА ИВАНОВО,1,5,233768.77
666-2ais4,666,ОБЩИНА ПРАВЕЦ,1,9,483752.85
666-2aqum,666,ОБЩИНА ГОЦЕ ДЕЛЧЕВ,1,4,271871.91
666-2tyl5,666,ОБЩИНА ДЕВНЯ,1,6,927058.46
666-2ull1,666,ОБЩИНА КАМЕНО,1,7,742241.99
666-30tjp,666,ОБЩИНА СИТОВО-САПАРД,1,7,484338.95
666-353r6,666,Община Алфатар-ЦБ по ПРСР,1,3,293220.67
666-37zge,666,ОБЩИНА ЧАВДАР ЗАЕМИ ПО САПАРД,1,2,221746.02
666-3gtjo,666,ОБЩИНА МЕДКОВЕЦ,1,2,469325.84
666-3jp45,666,ОБЩИНА СЪРНИЦА,1,7,740270.66
666-3om1s,666,ОБЩИНА БЯЛА САПАРД,2,13,1066477.75
666-3on06,666,ОБЩИНА СИМИТЛИ,1,39,1744780.19
666-3ozwt,666,ОБЩИНА ГЪРМЕН САПАРД,1,4,235520.29
666-3twqq,666,ОБЩИНА МИРКОВО ЦБ САПАРД,1,3,172463.74
666-4254o,666,ОБЩИНА ГР.ИСКЪР,1,13,548485.62
666-42ls3,666,ДФ ЗЕМЕДЕЛИЕпрогр.САПАРД,3,4,226149.39
666-452d9,666,ОБЩИНА СТАМБОЛИЙСКИ - САПА,1,5,832511.96
666-4kaog,666,ОБЩИНА САДОВО,1,16,2031207.46
666-4r3by,666,ОБЩИНА ЛЯСКОВЕЦ,2,9,965920.49
666-4sk0y,666,ОБЩИНСКА АДМИНИСТРАЦИЯ-СВИЛЕНГРАД,1,15,290802.60
666-54p4e,666,Община Хисаря,2,15,540799.55
666-59232,666,ОБЩИНА КАОЛИНОВО,1,4,308154.05
666-5hlgv,666,ОБЩИНА МЕЗДРА,1,5,975509.94
666-5ixhv,666,ОБЩИНА ЦАР КАЛОЯН,1,18,892531.24
666-5keg1,666,ОБЩИНА ИВАЙЛОВГРАД,1,9,557983.47
666-5o1tc,666,ОБЩИНА ДЖЕБЕЛ,1,14,662764.61
666-6b76k,666,Община Белово,1,25,2105310.83
666-6h5uf,666,ОБЩИНА РАКОВСКИ ПРСР,1,8,931344.66
666-6ilyn,666,ОБЩИНА РАДОМИР,1,22,1632653.38
666-6kg6i,666,ОБЩИНА РАЗЛОГ,1,9,889083.83
666-6pf6k,666,ОБЩИНА САПАРЕВА БАНЯ-САПАР,1,4,486291.34
666-77xjs,666,ОБЩИНА КРЕСНА,1,21,1658233.84
666-7ho8k,666,ОБЩИНА НИКОПОЛ САПАРД,1,8,719984.56
666-7pvdk,666,ОБЩИНА БРЕГОВО,1,8,486429.50
666-7xjy5,666,ОБЩИНА ЧИПРОВЦИ,1,20,612012.68
666-82uwx,666,ОБЩИНА БОЙЧИНОВЦИ,1,12,617035.02
666-86jzw,666,Код за заемите от ЦБ по ПРСР,1,2,471041.40
666-89j2m,666,ОБЩИНА ВЪРБИЦА,1,6,123856.70
666-8dmqd,666,Община Павликени САПАРД,1,19,2541856.59
666-8flgv,666,6604 Карлово,2,7,379280.09
666-8gj38,666,ОБЩИНА ПЕЩЕРА,1,5,237595.76
666-8ky8e,666,ОБЩИНА СЛИВО ПОЛЕ,1,22,1562177.22
666-8sqq3,666,ОБЩИНА СТРАЖИЦА САПАРД,1,10,1004806.86
666-94css,666,ОБЩИНА ОРЯХОВО,2,6,241128.63
666-9jki6,666,ОБЩИНА СЛИВНИЦА ПРОГРАМА САПАРД,1,1,39834.87
666-9qwfi,666,ОБЩИНА ЕЛЕНА,1,8,768968.09
666-9yjjs,666,ОБЩИНА МИНЕРАЛНИ БАНИ,1,49,3243882.28
666-a9rzo,666,ОБЩИНА ЛУКОВИТ,1,6,845081.14
666-adjgu,666,ОБЩИНА В ПРЕСЛАВ САПАРД,1,17,1080127.78
666-al9i2,666,ОБЩИНА ГУРКОВО,1,10,1411731.94
666-amkgv,666,ОБЩИНА ГРАМАДА РАЗХОДИ ПО ПРСР,1,3,391182.70
666-an481,666,ОБЩИНА БРАЦИГОВО,1,12,1189777.14
666-apht4,666,ОБЩИНА СЕПТЕМВРИ САПАРД,1,12,1125454.44
666-awqs1,666,Община АПРИЛЦИ,1,3,461333.96
666-b15nb,666,ОБЩИНА КОСТИНБРОД,1,23,1743867.02
666-b74qb,666,ОБЩИНА КУБРАТ,1,9,427770.88
666-bclte,666,ОБЩИНА КАВАРНА,1,7,649965.49
666-bet0f,666,ОБЩИНА АКСАКОВО,1,5,912822.27
666-bpbrv,666,ОБЩИНА БЕЛЕНЕ САПАРД,1,16,1324364.04
666-c9nti,666,ОБЩИНА ВЕНЕЦ,1,10,486731.74
666-cmoit,666,ОБЩИНА ЗЕМЕН,1,15,997825.48
666-cq8wk,666,ОБЩИНА ДИМОВО - САПАРД,3,12,1134502.31
666-ctdg9,666,ОБЩИНА ЧЕРВЕН БРЯГ - ЗАЕМИ,2,9,691236.70
666-d0r37,666,ОБЩИНА ОМУРТАГ,2,18,2019740.38
666-datvf,666,ОБЩИНА ГЛАВИНИЦА,1,17,1189228.64
666-dcsjx,666,ОБЩИНА КОВАЧЕВЦИ,1,5,201439.27
666-dd32u,666,ОБЩИНА ГР ЛЕВСКИ,1,7,976325.93
666-drpxx,666,ОБЩИНА ЗЛАТОГРАД САПАРД,2,9,493646.88
666-du722,666,ОБЩИНА ТУНДЖА ЗАЕМИ ОТ ЦБ,3,20,1728529.47
666-e118u,666,ОБЩИНА ПОРДИМ,1,1,175492.53
666-edyb7,666,ОБЩИНА СЪЕДИНЕНИЕ,1,10,928579.72
666-egjmy,666,ОБЩИНА БОРИНО,1,13,642866.72
666-eh6y8,666,ОБЩИНА ПАНАГЮРИЩЕ,1,1,72609.15
666-ei9zt,666,ОБЩИНА НОВИ ПАЗАР,1,2,549582.05
666-elhvs,666,ОБЩИНА СМЯДОВО,2,6,772880.91
666-epbum,666,ОБЩИНА ТРЯВНА,2,34,1567989.26
666-ewv8z,666,ОБЩИНА АЙТОС,1,16,592176.18
666-f78v4,666,ОБЩИНА СРЕДЕЦ,1,1,219190.15
666-f7osc,666,ОБЩИНА ТЕРВЕЛ,2,9,673239.15
666-f7xmq,666,ОБЩИНА ЛЕСИЧОВО САПАРД,1,5,123115.33
666-f7yvn,666,ОБЩИНА ДЪЛГОПОЛ,1,13,881751.20
666-fcuys,666,ОБЩИНА ЦЕНОВО ЕИК 000530671,1,12,744975.65
666-fwadz,666,ЗАЕМИ ЦБ САПАРД ПАВЕЛ БАНЯ,1,4,859913.03
666-gdcvu,666,ОБЩИНА КОТЕЛ,1,33,3196457.64
666-gpup5,666,ОБЩИНА САМУИЛ,1,13,696766.14
666-hjqut,666,ОБЩИНА ЕТРОПОЛЕ,1,6,435910.21
666-hrim9,666,ОБЩИНА СУВОРОВО,1,5,399302.71
666-hzfh7,666,ОБЩИНА ДРАГОМАН САПАРД,1,13,906913.78
666-ia98m,666,ОБЩИНА ХИТРИНО,1,2,711850.70
666-ih3lf,666,ОБЩИНА ТВЪРДИЦА,1,7,2317225.18
666-ir7y9,666,ОБЩИНА ХАДЖИДИМОВО,1,7,361144.32
666-is27n,666,ОБЩИНА НЕДЕЛИНО-ЗАЕМИ ОТ Ц,1,5,458044.39
666-iyljx,666,ОБЩИНА КОСТЕНЕЦ,1,14,573076.49
666-j8fyj,666,ОБЩИНА СТРАЛДЖА,1,29,2271472.90
666-jbqsp,666,ОБЩИНА АРДИНО,1,16,1516863.43
666-jdwms,666,ОБЩИНА МАРИЦА,1,3,735874.73
666-jgnqd,666,Община Поморие,1,31,2020717.67
666-jk2ht,666,ОБЩИНА КРУШАРИ,1,3,445340.17
666-jl0ip,666,ОБЩИНА МИЗИЯ,1,10,511027.87
666-jqm6q,666,ОБЩИНА ХАЙРЕДИН САПАРД,2,14,982386.72
666-jsqcm,666,ОБЩИНА КОЧЕРИНОВО САПАРД,1,4,492475.40
666-kg9yu,666,ОБЩИНА БРУСАРЦИ САПАРД,1,12,912134.84
666-kto2t,666,ОБЩИНА БРЕЗОВО САПАРД,1,11,922295.42
666-kvnlo,666,ОБЩИНА НИКОЛАЕВО ЦБ САПАРД,1,8,506198.68
666-lank7,666,ОБЩИНА МАДАН-ЗАЕМИ ОТ ЦБ П,1,3,246072.28
666-legmz,666,ОБЩИНА ДОСПАТ,2,22,848040.04
666-lghqx,666,ОБЩИНА СИМЕОНОВГРАД,1,12,1720923.66
666-lnelo,666,ОБЩИНА РИЛА,1,3,186485.73
666-lypqj,666,ОБЩИНА ЯБЛАНИЦА 6108,1,13,774865.56
666-m1a42,666,ОБЩИНА РАКИТОВО,1,9,1133605.00
666-m5b9q,666,ОБЩИНА КРИВОДОЛ САПАРД,2,11,837212.69
666-mhyqr,666,ОБЩИНА ПОПОВО САПАРД,1,10,964681.77
666-mskls,666,ОБЩИНА САМОКОВ,2,14,943922.69
666-mw40p,666,ОБЩИНА ВЪЛЧИ ДОЛ САПАРД,2,12,904530.38
666-n42o1,666,ОБЩИНА КАЙНАРДЖА-САПАРД,1,2,591316.07
666-n88tq,666,Община Борово,1,3,745013.89
666-ne0gd,666,ОБЩИНА ЧУПРЕНЕ - САПАРД,1,2,626050.81
666-njyd0,666,ОБЩИНА МАКРЕШ,1,2,292040.75
666-nld7j,666,ОБЩИНА ЛЕТНИЦА САПАРД,1,1,201612.53
666-nwlrd,666,ОБЩИНА СОПОТ,1,1,127492.00
666-o6koi,666,ОБЩИНА ДЕВИН,1,4,117527.79
666-o90xo,666,ОБЩИНА КНЕЖА - САПАРАД,1,8,995165.09
666-osnby,666,ОБЩИНА РОДОПИ,1,30,1511260.04
666-owtig,666,ОБЩИНА БЕЛОСЛАВ,1,15,1200769.85
666-oy3yx,666,ОБЩИНА ОПАН,1,7,555041.25
666-p3fne,666,ОБЩИНА БЕЛОГРАДЧИК-ПРОГРАМ,1,3,487493.67
666-p3lay,666,ОБЩИНА ТЕТЕВЕН ПР.САПАРД,1,11,893824.03
666-pde2x,666,ОБЩИНА МАДЖАРОВО,1,5,1359731.09
666-pq4j4,666,ОБЩИНА АВРЕН,1,6,705494.55
666-ptvz7,666,ОБЩИНА МАЛКО ТЪРНОВО,1,1,701393.22
666-pxeor,666,ОБЩИНА ЧИРПАН САПАРД,2,14,1286382.08
666-q3om5,666,Община Сунгурларе,1,20,2098417.81
666-qgshj,666,ОБЩИНА ДОБРИЧКА,2,4,995947.95
666-qtvbd,666,ОБЩИНА БОБОШЕВО САПАРД,1,8,493520.06
666-qxlq7,666,ОБЩИНА БОРОВАН,1,7,762988.16
666-r941a,666,ОБЩИНА БОЛЯРОВО,1,18,688450.59
666-rcf0k,666,ОБЩИНА РУДОЗЕМ,1,12,502477.73
666-rorz5,666,ОБЩИНА ПИРДОП,1,8,554419.48
666-ry675,666,ОБЩИНА РУЖИНЦИ - САПАРД,1,7,489424.99
666-rz80u,666,ОБЩИНА КОПРИВЩИЦА,1,5,288069.95
666-s1kwv,666,ОБЩИНА ГУЛЯНЦИ,1,15,1078591.83
666-sb52u,666,Община Созопол,1,3,726632.28
666-scpqq,666,ОБЩИНА ВЕЛИНГРАД,1,4,178964.00
666-slqwk,666,Община ДОЛНА БАНЯ,1,4,464730.38
666-srojj,666,ОБЩИНА КОЗЛОДУЙ ЗАЕМИ ОТ ЦБ ПО ПРСР,3,6,634613.33
666-t0umw,666,ОБЩИНА БЯЛА СЛАТИНА - САПА,1,9,819438.42
666-tdf7p,666,ОБЩИНА ПЕРУЩИЦА,1,15,944038.75
666-tfqsw,666,ОБЩИНА ПЪРВОМАЙ,1,19,2074351.84
666-tm4cm,666,ОБЩИНА ЗАВЕТ САПАРД,1,1,112578.61
666-tspua,666,ОБЩИНА КАЛОЯНОВО,1,6,666709.10
666-txrip,666,ОБЩИНА ВЪЛЧЕДРЪМ САПАРД,1,8,591140.95
666-u005l,666,ОБЩИНА СТРУМЯНИ,1,1,66484.37
666-umm8m,666,ОБЩИНА ЛОЗНИЦА,1,15,664410.01
666-us3uv,666,ОБЩ.П.ТРЪМБЕШ ЗАЕМИ ЦБ ПО ПРСР,2,17,1009820.15
666-va4iz,666,ОБЩИНА РУЕН,1,8,821834.90
666-vctu1,666,ОБЩИНА ЕЛИН ПЕЛИН,1,16,2264109.74
666-vkggu,666,ОБЩИНА УГЪРЧИН,2,4,560004.86
666-vt2ri,666,ОБЩИНА ДОЛНА МИТРОПОЛИЯ,1,9,342236.72
666-vtmn1,666,ОБЩИНА ВЕТОВО,1,6,744112.79
666-vxjoe,666,ОБЩИНА МЪГЛИЖ,1,16,3189716.02
666-w1mbk,666,ОБЩИНА МОМЧИЛГРАД,1,21,1331046.15
666-w5mdd,666,ОБЩИНА ТОПОЛОВГРАД САПАРД,1,4,575656.41
666-w7ve4,666,ОБЩИНА САТОВЧА,1,36,2970889.50
666-wtg84,666,Община ПРИМОРСКО,2,18,1338704.11
666-wynvf,666,ОБЩИНА Г.МАЛИНА ЦБ САПАРД,1,10,1096388.07
666-x1uvb,666,ОБЩИНА КРИЧИМ,1,7,773387.03
666-x2c1g,666,ОБЩИНА БЕЛИЦА,2,31,2623948.00
666-xjgbe,666,ОБЩИНА АНТОН,1,12,899577.66
666-xmwlv,666,ОБЩИНА ШАБЛА,1,6,667756.87
666-xs6aq,666,Община ВЕТРИНО,1,8,1080789.90
666-y7jso,666,ОБЩИНА ДОЛНИ ДЪБНИК,1,9,455536.17
666-y7vj2,666,ОБЩИНА БАНИТЕ,1,2,54753.20
666-yg0p0,666,ОБЩИНА БРЕЗНИК,1,15,2077591.35
666-ymj6j,666,ОБЩИНА ИХТИМАН,1,9,1209612.58
666-ypzk9,666,ОБЩИНА СУХИНДОЛ,1,14,684676.73
666-yz5o7,666,ОБЩИНА НОВО СЕЛО,1,1,44475.53
666-zbotg,666,ОБЩИНА БОТЕВГРАД,2,34,3698321.37
666-zcebq,666,ОБЩИНА КАСПИЧАН,1,9,159635.74
666-zmwnl,666,ОБЩИНА РАДНЕВО,1,5,334645.68
666-zn8wh,666,ОБЩИНА ЛЮБИМЕЦ,1,10,1527247.14
666-zp6gc,666,ОБЩИНА БР.ДАСКАЛОВИ ЗАЕМИ САПАРД,1,20,1140889.25
666-zp9o1,666,Община Царево,1,8,510482.77
666-zzmg1,666,ОБЩИНА СТРЕЛЧА,1,11,947169.50
666-zzs0b,666,ОБЩИНА НИКОЛА КОЗЛЕВО,1,10,618902.42
735-1bzen,735,ФГВРС РУСО ПЕРНИК,1,4,16022.88
735-9yquf,735,ФГВРС РУСО ТЪРГОВИЩЕ,1,1,4866.38
735-ca6le,735,НОИ РУСО БЛАГОЕВГРАД,1,3,10242.22
735-e9fun,735,ФОНД ГВРС ТП НА НОИ ПАЗАРД,1,25,103751.47
735-e9t71,735,ТП НА НОИ СТАРА ЗАГОРА,1,11,39147.82
735-f912z,735,"Фонд ""ГВРС""към НОИ",3,29,58103120.32
735-fojd6,735,НОИ РУСО ДОБРИЧ,1,2,6617.39
735-gbi9o,735,ФОНД ГВРС РУСО ГАБРОВО,1,31,110788.39
735-gl856,735,НОИ ФГВРС СТАРА ЗАГОРА,1,4,15759.67
735-h3uh3,735,НОИ РУСО ПЛОВДИВ,1,8,30490.05
735-qswe4,735,ФГВРС РУСО РУСЕ,1,3,9345.08
735-r15id,735,ФГВРС РУСО БУРГАС,1,37,134093.71
735-rh9le,735,ТП НА НОИ ЛОВЕЧ,1,4,12685.00
735-shzlv,735,ТП НА НОИ ГР. РАЗГРАД,1,2,6888.11
735-tpku4,735,НОИ РУСО ПЛЕВЕН,1,1,3367.01
735-vmgnf,735,ТП НА НОИ ВЕЛИКО ТЪРНОВО,1,3,9318.34
735-vnvy1,735,ТП НА НОИ СОФИЯ ГРАД,1,144,616636.24
735-wnbik,735,TП НА НОИ СОФИЯ ОБЛАСТ,1,2,8101.38
735-ws0m4,735,ТП НА НОИ КЮСТЕНДИЛ,1,4,10810.94
735-zug0g,735,ФГВРС РУСО ХАСКОВО,1,24,112494.17
745-iyatq,745,НОИ,1,831,361414385.21
801-3qwti,801,УНИВЕРСИТЕТСКО ИЗДАТЕЛСТВО,1,94,597934.21
801-5igm5,801,Физически факултет СУ,1,29,419244.07
801-88e56,801,СУ СОФИЯБОТАНИЧЕСКА ГРАДИ,1,7,32191.64
801-8mv69,801,"Поделение ""СБО"" СУ",2,738,13849573.19
801-ga64v,801,Факултет по химия и фармац,1,54,456732.88
801-kp5yq,801,ИНИОКН,1,259,6354299.94
801-m9fr4,801,СУ Св. Кл. Охридски,1,3989,117025860.70
801-mhiy2,801,БОТАНИЧЕСКА ГРАДИНА БАЛЧИК,1,17,213406.35
801-u503g,801,"ДИУУ СУ""Кл.Охридски""",1,63,2700998.27
801-w5ag6,801,ДИУУ СУКл.Охридски,1,34,1183216.33
801-woi01,801,МЕДИЦИНСКИ ФАКУЛТЕТ КЪМ СУ,1,113,3694519.45
801-wua5z,801,НИС при СУ,1,638,9678599.25
801-x1lrj,801,Фак.матем.и информатика СУ,1,190,3738530.57
802-lv3aq,802,ПУ ПАИСИЙ ХИЛЕНДАРСКИ Ф Л,1,38,529785.51
802-uhq2s,802,ПОДЕЛ.НАУЧ.И ПРИЛОЖНА ДЕЙНОСТ ПУ,1,402,6400376.58
802-umvp0,802,ФИЛИАЛ Л.КАРАВЕЛОВ ПУ П.ХИ,1,45,528055.75
802-w0nyx,802,ПУ ПАИСИЙ ХИЛЕНДАРСКИ Пловдив,1,969,26654272.42
803-6az78,803,УНИВЕРСИТЕТ ПРОФ.Д Р АСЕН ЗЛАТАРОВ,4,760,13021323.42
803-dkng0,803,"Унив.""Проф.д р Асен Златаров""Бургас",1,46,714415.94
803-xa72v,803,Унив.Проф.д р Асен ЗлатаровБургас,1,35,406737.60
804-9b5dm,804,Педагогически колеж Плевен,1,38,275584.78
804-c65mb,804,ВТУ ФИЛИАЛ Ц ВРАЦА,1,44,679664.66
804-uw0ct,804,Великотърновски университет ЦУ,1,968,17362364.74
805-1f9u6,805,ЮГОЗАПАДЕН УНИВЕРСИТЕТ Н. РИЛСКИ,2,1319,34395280.67
806-8gtfk,806,ШУ КОЛЕЖ ДОБРИЧ,1,43,459071.55
806-e7ca5,806,ШУ КОНСТ ПРЕСЛАВСКИ,2,595,12581924.88
806-id81s,806,ДИКПО ВАРНА,1,42,363105.31
811-4g7pb,811,РУСЕНСКИ УНИВЕР. ФИЛИАЛ РАЗГРАД,2,51,517232.53
811-67j7o,811,РУ А.КЪНЧЕВ ЦПО,1,39,368677.99
811-clhc6,811,РУ А.КЪНЧЕВ НИС,1,9,43992.39
811-vapec,811,РУСЕНСКИ УНИВЕРСИТЕТ АНГЕЛ,1,812,33788989.83
811-yhe8p,811,РУ АНГЕЛ КЪНЧЕВ Ф.СИЛИСТРА,1,54,355210.25
812-4hwap,812,НИС ПРИ ТУ,1,611,8326656.95
812-5qd47,812,ТУ СОФИЯ ФИЛИАЛ ПЛОВДИВ,1,400,6217763.95
812-ca176,812,КОЛЕЖ ЕНЕРГ.И ЕЛЕКТРОНИКА,1,83,1459228.01
812-d7ghn,812,ТУ СОФИЯ ФАКУЛТЕТ И КОЛЕЖ,1,239,3045756.40
812-dau5w,812,УСОБ СЕМКОВО КЪМ ТУ,1,46,325059.96
812-emrhp,812,ТЕХНИЧЕСКИ УНИВЕРСИТЕТ,1,1943,56095004.92
812-gaa5a,812,.ТУЕС към ТУ София,2,77,790202.09
812-hyw6e,812,Студентски общеж.и столове,1,530,12220700.80
812-jrvpo,812,УЧЕБНО СПОРТНА ОЗДРАВИТЕЛН,1,24,218970.03
812-uboez,812,НПГ ПО КТС ГР.ПРАВЕЦ,1,252,1946844.98
812-ynuau,812,ТЕХНИЧЕСКИ КОЛЕЖ КАЗАНЛЪК,1,1,11729.04
812-yryfp,812,Ц Р ЗА МЕЖДУНАРОДНИ СРЕЩИ,1,1,2864.66
814-eh1ok,814,ТЕХНИЧЕСКИ УНИВЕРСИТЕТ ВАРНА,1,949,26072440.93
815-7uot6,815,ТЕХНИЧЕСКИ УНИВЕРСИТЕТ ГАБРОВО,1,467,8409571.11
815-eug8b,815,УЦНИТ ПРИ ТУ ГАБРОВО,1,21,199932.34
816-6s24z,816,УАСГ,1,884,16451569.78
816-mlglh,816,УАСГ Студентски общежития и столо,1,186,2679793.31
816-z6xlw,816,УАСГ Център за научни изсл. и про,1,60,446544.59
817-kccgb,817,СОС МГУ,2,11,89424.10
817-rqc4h,817,"НИС КЪМ МГУ""СВ.ИВАН РИЛСКИ",3,81,674879.03
817-xtbwt,817,"МГУ ""Св.Иван Рилски""",3,523,9487142.47
818-0spg2,818,УОГС ГЕОРГИ С. АВРАМОВ,2,270,1557132.03
818-ntlgw,818,НИС ЛТУ,1,195,1448623.65
818-q3gx6,818,ЛЕСОТЕХНИЧЕСКИ УНИВЕРСИТЕТ,1,529,8188542.68
818-rmsv7,818,ССО ЛТУ,1,174,1745161.84
818-x9n2w,818,УОГС ПЕТРОХАН БЮДЖЕТ,1,76,768018.14
819-1ofkz,819,НИС ПРИ ХТМУ,1,81,604835.50
819-5wugz,819,УПД ПРИ ХТМУ,1,43,185913.44
819-wpifl,819,ХТМУ,1,686,16935415.83
819-wqkbp,819,"Д Я ""СТУД.ОБЩЕЖИТИЯ"" ХТМУ",2,200,2896050.88
821-pvrzd,821,УХТ ПЛОВДИВ,3,683,13826674.45
822-54l6g,822,Научно изследователски център,1,87,743023.23
822-ndr1t,822,Учебно опитна и внедрителска база,1,72,313825.14
822-puu4s,822,Аграрен университет Пловдив,1,393,7223762.46
823-6n7g6,823,Тракийски универ. СЗ Падалог. фак.,1,44,252924.87
823-8lswz,823,Тракийски универ. СЗ Фак.ТТ Ямбол,1,46,299038.39
823-afxb9,823,Тракийски университет СЗ Агра. фак.,1,26,128550.59
823-dwgrn,823,Тракийски универ. СЗ Стопански Фак.,1,32,425466.85
823-kjbzl,823,Тракийски университет СЗ Мед. фак.,1,411,5658555.93
823-ni03e,823,Трак унив СЗ Учебно опитно стоп.,1,806,6642663.71
823-nk4uh,823,Тракийски университет СЗ ЦУ,1,1208,33107357.48
823-qpj46,823,Тракийски универ. СЗ Филиал Хасково,1,29,284503.02
823-u4wo4,823,Тракийски университет СЗ Ветери.фак,1,182,1516125.19
823-xxm11,823,Тракийски университет СЗ Мед. колеж,1,30,217023.29
823-zx782,823,Трак. унив. СЗ ДИП клалиф. учителя,1,97,597340.20
831-26jbf,831,ЦЕНТРАЛНА МЕДИЦИНСКА БИБЛИОТЕКА - С,2,59,516855.36
831-2zjva,831,Ф т по дентална медицина,1,468,14280134.88
831-6aqmn,831,ФАРМАЦЕВТИЧЕН ФАКУЛТЕТ МЕДИЦИНСКИ У,1,294,2480816.91
831-94x3k,831,ПОЧИВЕН ДОМ ГР.КИТЕН КЪМ МУСОФИЯ,1,4,15856.39
831-dm2zy,831,ДЕПАРТАМЕНТ ПО ЕЗИКОВО ОБУЧЕНИЕ И С,1,1,2574.85
831-j2s5m,831,МЕДИЦИНСКИ КОЛЕЖ,2,76,604809.72
831-knhh8,831,ПОЧИВЕН ДОМ ГРАД КИТЕН КЪМ МУ СОФИЯ,2,3,10407.55
831-ktrf6,831,ФОЗ ПРОФ.Д-Р ЦЕКОМИР ВОДЕНИЧАРОВ ДМ,1,84,1727802.98
831-lq6mt,831,МУ СОФИЯ - ФИЛИАЛ ПРОФ.Д-Р ИВАН МИТ,2,48,396182.52
831-mv206,831,МУ МЕДИЦИНСКИ ФАКУЛТЕТ,1,4,91176.63
831-n4lza,831,РАЗВОЙНА ТЕХНИЧЕСКА БАЗА - МУ - СОФ,1,4,20131.43
831-nrzmb,831,МЕДИЦИНСКИ УНИВЕРСИТЕТ,1,1382,24780874.93
831-t46gd,831,ПОЧИВЕН ДОМ ГР.КИТЕН КЪМ МУ СОФИЯ,1,1,3867.30
831-v5mxc,831,ДЕОС,1,6,26594.68
831-yh0if,831,МЕДИЦИНСКИ ФАКУЛТЕТ - ДЕКАНАТ,1,1152,43938564.08
831-yhrqj,831,МУ- СОФИЯ- БАЗА СОССБОС,8,247,4012879.25
832-zlvf5,832,МЕДИЦИНСКИ УНИВЕРСИТЕТ Пловдив,1,3318,82658218.57
833-g380y,833,СОС ПРИ МУ ВАРНА,1,246,1491006.16
833-sjf4b,833,МЕДИЦИНСКИ УНИВЕРСИТЕТ ВАРНА,1,2603,55479781.35
835-pczfp,835,МЕДИЦИНСКИ УНИВЕРСИТЕТ ПЛЕВЕН,1,1834,38387708.46
841-0mbe2,841,ПЕЧАТНИЦА УНСС,1,29,178076.53
841-3h5p1,841,УНСС РЕГ.ЦЕНТЪР ЗА ДИСТ.ОБУЧ.ХАСКОВ,1,11,130376.22
841-4kbq0,841,ИЗДАТ.КОМПЛЕКС УНСС,1,36,142870.86
841-6syri,841,УНСС,1,1680,34955885.58
841-fj6h3,841,УНСС СТУДЕНТСКИ СТОЛОВЕ И,1,565,19347659.06
841-pkarw,841,ИНСТ.ЗА СЛЕДДИПЛОМНА КВАЛИ,1,109,694741.00
841-rcr1w,841,УНСС УОБ С.РАВДА,1,53,256617.04
842-4bvci,842,КОЛЕЖ ПО ТУРИЗЪМ ИКОН.УНИВ. ВАРНА,1,3,10164.48
842-f5zse,842,Поделение ДОбщежития и столовеУ,2,125,701975.76
842-x8gdg,842,Икономически университет Варна ЦУ,2,706,10598473.84
843-2s66s,843,ССО СА Д. А. ЦЕНОВ - СВИЩОВ,1,28,896190.12
843-fbr58,843,ЦСФПО - СА Д. А. ЦЕНОВ - СВИЩОВ,3,9,65023.17
843-rqu1s,843,СА Д. А. ЦЕНОВ - СВИЩОВ,13,446,8486911.31
851-p5iwx,851,"НМА""Проф.Панчо Владигеров""",1,183,3533558.85
851-v58sy,851,НМАПроф.Панчо Владигеров,1,250,6122439.11
852-fk1q7,852,НАТФИЗ Кръстю Сарафов,1,363,5449624.64
853-ul3xi,853,НХА,1,437,10274193.76
854-3x4xg,854,АМТИИ Пловдив,1,266,14983540.27
859-kqk9j,859,НСА В.Левски,2,1883,33321405.64
867-7ao60,867,"ВСУ ""Любен Каравелов""",2,274,2312268.21
868-e4z0i,868,ВТУ Тодор Каблешков,2,543,9111662.28
871-ahhdh,871,УНИВЕРСИТЕТ по БИТ,1,314,7592995.65
872-szork,872,ВУ по ТЕЛЕКОМУНИК. и ПОЩИ,2,324,9938797.73
881-z39uh,881,ВОЕННА АКАД.Г.С.РАКОВСКИ,2,316,4617470.79
882-ej0zc,882,ФАК АРТ ПВО И КИС КЪМ НВУ,1,399,7323539.23
882-v5iln,882,НВУ В. ЛЕВСКИ ФАКУЛТЕТ ОБЩОВОЙСКОВИ,7,709,21985482.31
883-li5u9,883,ВВМУ Н.Й.ВАПЦАРОВ,1,1324,65362164.73
884-xpnc5,884,ВВВУ ГЕОРГИ БЕНКОВСКИ,1,372,10956709.73
890-0duxu,890,И Т ПО ГЕНЕТИКА БАН 1966,1,246,1803043.84
890-251d9,890,"ОПЗ ""Почивно дело""",2,38,227046.08
890-2dmq9,890,ИНСТИТУТ ПО ОКЕАНОЛОГИЯ,1,243,5841945.06
890-2mzkk,890,НАЦ. ПРИРОДОНАУЧ.МУЗЕЙ БАН,1,293,2358738.09
890-41omv,890,И Т ЗА ИЗКУСТВОЗНАН. 1507,1,67,472970.20
890-49e5d,890,ИЕМПАМ БАН,1,102,656340.92
890-4krdx,890,ИНСТ.ПО ОБЩА НЕОРГ.ХИМИЯ,1,174,6241135.43
890-7f0w4,890,ИНСТ.ПО ОПТ.М ЛИ И ТЕХНОЛОГИИ,2,263,1988769.10
890-7wreh,890,ИНСТ.ПО НЕОРГ.ХИМИЯ БУРГАС,1,15,117779.08
890-8axbw,890,ИНСТИТУТ ЗА ГОРАТА 07050,1,90,1142489.30
890-a1jv7,890,БАН ЛАБОРАТОРИЯ ПО ТЕЛЕМ,1,6,29688.59
890-bfkm2,890,ЕДИНЕН ЦЕНТЪР ЗА ИНОВАЦИИ,1,11,60210.81
890-bxhax,890,БАН ИНСТИТУТ ЗА БЪЛГАРСК,1,35,169159.03
890-bzcqu,890,ИА НАО РОЖЕН,1,6,25535.42
890-cpbqp,890,ИНСТИТУТ ПО МЕХАНИКА 1556,1,229,5451327.05
890-dvmud,890,НАУЧЕН АРХИВ БАН 1492,1,6,24684.91
890-eoyen,890,ИБИР БАН 1996,1,151,2450416.91
890-fy1xr,890,ЦЛ ПО МИНЕР.И КРИСТ. 2035,1,46,879540.07
890-g2kz9,890,ИНСТИТУТ ПО ИСТОРИЯ,1,63,303990.11
890-gk7lj,890,ИНСТИТУТ ПО МАТЕМ.И ИНФОРМ,1,256,2100908.13
890-h06fr,890,БАН Централно управление,1,1189,22162127.19
890-hg704,890,ИНСТИТУТ ПО БИОФИЗИКА 1941,1,145,1881400.78
890-ig3dy,890,БАН АИ МАРИН ДРИНОВ,1,223,1126381.95
890-iu07h,890,ИНСТИТУТ ПО ЕЛЕКТР. 1947,1,268,4369835.27
890-ixzcq,890,ИНСТИТУТ ПО РОБОТИКА БАН,1,142,6117454.63
890-jc6ae,890,И Б Е И БАН,1,381,4596119.16
890-jpxn2,890,ИНСТИТУТ ЗА ФОЛКЛОР 1531,1,195,1243134.24
890-k9xf2,890,КМНЦ БАН 1942,1,32,242501.97
890-kimyx,890,ЦЕНТРАЛНА БИБЛИОТЕКА 1574,1,39,261213.69
890-koh6l,890,Ц Р ЗА ИЗСЛ НА НАСЕЛЕНИЕ 1,1,84,576551.63
890-l8q5x,890,ИИКАВ ПРИ БАН,1,38,3951123.62
890-lizl2,890,ИНСТИТУТ ПО МЕТАЛОЗНАНИЕ,1,361,5210858.12
890-mnx37,890,БАН НАЦ.ЛАБОР.ПО КОМПЮТ.,1,1,3289.85
890-mr1h9,890,ИНСТ. ЗА ЯДР.ИЗСЛ. И ЯДР.ЕНЕРГЕТИКА,2,217,1856795.70
890-mzapw,890,И Т ПО БАЛКАНИСТИКА 1520,1,85,466073.15
890-nfdcj,890,ИЕЕС БАН 2006,1,367,7748293.61
890-niyol,890,ИКОНОМИЧЕСКИ ИНСТИТУТ,1,31,243415.99
890-offrd,890,ЦИНСО БАН,1,33,361738.98
890-p4634,890,ИНСТИТУТ ПО ФИЗИКОХИМИЯ,1,196,7161384.57
890-pa7nw,890,ИОХ С ЦФ БАН 1543,1,409,7936566.38
890-quuzl,890,ИНСТИТУТ ПО МИКРОБИОЛОГИЯ,1,364,2816798.65
890-qwnhy,890,И-Т ПО ИНФОРМАЦИОННИ И КОМУНИКАЦИОН,4,564,12612716.80
890-rvod2,890,И Т ПО МОЛ.БИОЛ.БАН 1981,1,276,3824228.28
890-ry4dv,890,ЦЕНТЪР ЗА ОБУЧЕНИЕ 1508,1,11,147044.57
890-ry4vp,890,БАН ИНСТИТУТ ЗА ЛИТЕРАТУ,1,38,292084.10
890-s8qje,890,И Т ЗА ПРАВНИ НАУКИ 1542,1,62,498021.72
890-srqam,890,ЦЛ СЕНЕИ 1930,1,56,1789461.09
890-tuso6,890,ИИХ БАН 1943,1,83,1351902.01
890-u345r,890,ДОМ НА УЧЕНИ ПРИ БАН,1,85,376326.94
890-ummgo,890,ИНСТИТУТ ПО АСТРОН. 1990,1,219,5988640.93
890-v7yzg,890,ИНСТИТУТ ПО НЕВРОБИОЛОГИЯ,2,153,1005254.71
890-vm1v2,890,ЦЕНТР.ЛАБОР.ПО ПРИЛ.ФИЗИКА,1,91,703657.88
890-w944l,890,И Т ЗА КОСМИЧЕСКИ И Я И ТЕХНОЛОГИИ,1,117,558462.21
890-wx8qb,890,ИМСТЦХА БАН,2,284,2717003.45
890-xbcbt,890,ИНСТ.ПО ФИЛОСОФИЯ И СОЦИОЛОГИЯ,3,69,531571.06
890-xpnll,890,НАЦ.АРХЕОЛОГ.И Т С МУЗЕЙ ПК 1512,1,1618,27638157.79
890-xvhox,890,ИНСТИТУТ ПО ПОЛИМЕРИ,1,223,2884095.14
890-yzzcy,890,БАН ИНСТИТУТ ПО КАТАЛИЗ,1,127,1650898.72
890-z5h11,890,ГЕОЛОГИЧЕСКИ ИНСТИТУТ БАН,4,168,1814428.16
890-z5iry,890,НИ по геофиз. геодез. географ. БАН,1,295,3261904.91
890-z9qd8,890,И Т ПО ФИЗИКА НА ТВЪРДО ТЯЛО Б,4,286,3216564.96
890-zb0sb,890,БОТАНИЧЕСКА ГРАДИНА 2034,1,114,1109135.18
980-2cur1,980,"НФ ЕСФ ОП""РЧР"" аванс.фин.",2,10,61109069.29
980-3v6ue,980,"ЕФРР ОП""Инов.и конк.""ав.ф.",1,9,37282213.70
980-67rp0,980,МЗ ИАПO ПНИИДИТ АВ.ФИН.,1,1,277111.00
980-69sq2,980,ИА ПО ЕСФ ОП НОИР АФ,1,2,425707.24
980-7h8gv,980,"ОП""Добро управл."" ЕСФ ав.ф",1,1,505461.11
980-9h3uz,980,НФ ЕФРР ОП ОКОЛНА СРЕДА ав,1,16,9446372.15
980-a0cf4,980,ИА ПО ЕФРР ОП НОИР АВ.ФИН.,1,28,26143209.69
980-er81m,980,"ОП""ТТИ"" КФ ав.финансиране",2,25,128707716.10
980-laaom,980,"ЕФРР ОП""РР"" аванс.финанс.",1,21,39078916.88
980-mp2eh,980,НФ КФ ОП ОКОЛНА СРЕДА ав.ф,1,11,36025394.77
980-nx5tl,980,"ОП""ТТИ"" ЕФРР ав.финансир.",1,2,2111168.14
981-74yvu,981,НК Железопътна инфраструктура КФ,1,1,3468.62
981-lidmf,981,МОСВ КФ ОП Околна среда,1,1,225684.72
983-0blay,983,МК К11.И7 ЦИФР.НА АРХИВИ,1,18,1216575.62
983-0dfzj,983,МРРБ К4.И1 ЖИЛИЩЕН ФОНД,1,1324,243149736.34
983-1acvp,983,МЕ К4.И2 ВЕИ,1,1395,9997284.27
983-1aoem,983,ВСС К10.И1 ИНФОРМ.СИСТЕМА,1,13,11810198.22
983-1m0rp,983,МОН К1.И1 СТЕМ ЦЕНТР.иИНОВ,1,10629,265475368.30
983-1yfuq,983,МЕТРОПОЛИТЕН ЕАД,1,200,166519021.83
983-25cy3,983,МРРБ К10.И7 ЕИСУТИПРС,1,4,51010.58
983-34r5d,983,МЗдр К12.И5 Пл.за мед.диаг,1,2,7669192.61
983-3f26c,983,МВР К7.И2 ТЕТРА,1,9,76354842.28
983-4n28h,983,МФ К10.И11,1,8,190332.64
983-4spmi,983,ВАС К10.И2,1,23,4305832.48
983-5bltg,983,БНФ К11.И7 Цифровизация на архиви,1,6,2805180.36
983-5g9ly,983,МЗХ К6.И2 отФЕРМАдоТРАПЕЗА,1,4,12021614.13
983-5y8s4,983,НФК К11.И6 РКТС,1,581,18898833.04
983-6du2n,983,ИАИЕУ К7.И1 КП,1,54,53590284.92
983-6pii9,983,БАН К2.И2 КП,1,17,6771170.21
983-71077,983,АМС К10.И11,1,17,1329254.22
983-727xz,983,МИР К3.И2 ПРОГРзаИК.ТРАНСФ,1,3108,552237984.51
983-79m8v,983,МТС К8.И1 ПОДВИЖЕН СЪСТАВ,1,51,389269082.09
983-97edr,983,МЗдр К12.И1 БОЛНИЧНА ПОМОЩ,1,97,63163760.56
983-9daml,983,МЗдр К12.И2 ЦИДЕЛМСЗ,1,38,33941976.93
983-b1hl5,983,МРРБ К8.И7 ЕКОЛОГОСЪОБ.МОБ,1,109,42791243.57
983-b4p7k,983,МИР К2.И1 ПРОГР.заИК.ВЪЗСТ,1,53,16147326.38
983-bqofq,983,МОН К1.И4 МЛАДЕЖКИ ЦЕНТР.,1,313,18329961.03
983-c2kof,983,ДФЗ К06.И1 ФОНДзаТЕХНиЕКОП,1,1790,192048668.43
983-cp8om,983,БАН К2.И2,1,460,7442916.10
983-dblj6,983,МЗдр К12.И4 ПОМОЩпоВЪЗДУХА,1,24,64907614.82
983-e0uxu,983,МЕ К4.И8 СЪХРАН.НА ЕНЕРГИЯ,1,10,36277449.84
983-e9l5l,983,ДАА К11.И7 Цифровизация на архиви,1,2,327715.88
983-gik6w,983,ДАБДП К8.И5,1,6,1530113.70
983-gnfqf,983,БНТ К11.И7 ЦИФР.НА АРХИВИ,1,8,4550140.81
983-gw7bz,983,МОН К2.И1 ПРОГР.заИК.ВЪЗСТ,1,973,95710656.59
983-ho96w,983,НКЖИ К8.И9,1,3,61464794.11
983-jklof,983,НФК К11.И6 КП,1,5,257266.76
983-k73em,983,МТС К07.И1 ЦИФРОВаИНФРАСТР,1,21,93620990.98
983-klrdt,983,НСИ К10.И10 МССП,1,3,767367.30
983-lee8k,983,МЗдр К12.И3 ПСИХИАТР.ПОМОЩ,1,59,10365933.93
983-lmuwn,983,К12.И7 АМБУЛАТОРНИ ГРИЖИкп,1,13,11425081.81
983-matin,983,БНР К11.И7 ЦИФР.НА АРХИВИ,1,23,1238370.74
983-nrqbq,983,МРРБ К10.И6 СТР.ИНФ.МОДЕЛИ,1,14,1423187.31
983-o0hrp,983,МТСП К13.И3 ФОТОВОЛТ.С МИ,1,287,14539188.44
983-og02x,983,МОН К1.И2 ИНФРАСТРУКТУРА,1,1545,280865897.23
983-og6m4,983,МТСП К1.И3 ДИГИТАЛНиУМЕНИЯ,1,8399,49914832.14
983-ohoqs,983,ИАИЕУ К11.И7 ЦИФР.наАРХИВИ,1,1,5107043.25
983-pbcr7,983,МТСП К11.И3 РАЗВ.СОЦ.ИКОН.,1,19,3857258.64
983-px8u3,983,ПРОКУРАТУРА НА РБ К10.И3,1,17,16949763.12
983-q9186,983,МЕ К4.И7 ГЕОТЕРМАЛНА ЕНЕРГ,1,11,3490000.00
983-r68cx,983,ВСС К10.И5 МЕДИАЦИЯ,1,4,30586.99
983-st1ma,983,МИР К3.И1 АтрактИнвестБГ,1,23,48682565.54
983-teohj,983,МЕ К13.И4 НОВИВЕИМОЩ(К4.И6,2,9,5592329.86
983-tn8mn,983,АЗ К11.И5,1,31,10021945.80
983-tsd0k,983,НКЖИ К8.И8,1,2,1025892.73
983-ucl83,983,ИА ОСЕС К10.И11,1,49,372091.90
983-ujqvy,983,МТСП К11.И2 Пр.пом.ср.ЛТУВ,1,879,10982624.69
983-v8vil,983,НДК К11.И8 КП,1,1,2035167.40
983-wai3k,983,МВР К12.И6 ПОДОБР.НССК 112,1,3,512477.53
983-wnfdk,983,БТА К11.И7 ЦИФР.НА АРХИВИ,2,21,612957.58
983-wxycn,983,АСП К11.И4,1,161,4388547.92
983-xflbr,983,МТСП К11.И1 ДЪЛГОСР.ГРИЖА,1,715,186532025.26
983-y64z0,983,МВР К10.И4 УСЛУГИ В СИГУРН,1,69,45196975.15
983-ym99o,983,ЕЛЕКТРОЕНЕРГИЕН СИСТЕМЕН ОПЕРАТОР Е,1,83,87676161.64
983-zw0kp,983,МРРБ К4.И1 НЕЖИЛИЩЕН ФОНД,1,1523,165517193.47
983-zyqeb,983,МЕ К4.И3 ВЪНШНО ОСВЕТЛЕНИЕ,1,254,56893381.07
986-7lzya,986,МРРБ ТГС ТП БЪЛГ. СЪРБИЯ,1,8,1104388.12
986-9jm3n,986,МРРБ ТГС БЪЛГАР. ТУРЦИЯ,1,41,5547353.36
986-con4q,986,ИПП БЪЛГАРИЯ СЪРБИЯ2021 27,1,31,5517372.21
986-e0tai,986,МРРБ ТГС ТП БЪЛГ. МАКЕДОН.,1,14,656808.89
986-e1i35,986,ТП ИПП БЪЛГ ТУРЦИЯ2021 27,1,2,1095769.16
986-f30bl,986,ТП ИПП БЪЛГ СЪРБИЯ 2021 27,1,6,1628620.80
986-fm4g3,986,МРРБ ТГС БЪЛГАРИЯ СЪРБИЯ,1,75,5181577.26
986-ic6ci,986,ИПП БЪЛГАРИЯ ТУРЦИЯ2021 27,1,69,6854823.57
986-k5k3o,986,ИПП Б Я С.МАКЕДОНИЯ2021 27,1,55,5473023.57
986-l4ylb,986,МРРБ ТГС БЪЛГАР. МАКЕДОНИЯ,1,40,2486786.82
986-shgb9,986,МРРБ ТГС ТП БЪЛГ. ТУРЦИЯ,1,7,924999.99
986-tjnfc,986,ТП ИПП БЪЛГ С.МАКЕД2021 27,1,3,1000589.00
987-0kl3e,987,МИР ЕФРР ТП ПНИИДИТ,1,25,3731331.21
987-0q6zg,987,АСП ЕСФ+ ПХОМП,1,2975,110791123.38
987-0v1mq,987,ТЕХНИЧЕСКИ УНИВЕРСИТЕТ ГАБРОВО,1,31,2468448.09
987-0zu2i,987,МТС КФ ОПТТИ,1,28,261434564.84
987-1hr34,987,АСП ЕСФ+ ТП ПХОМП,1,47,5821601.29
987-1qlze,987,МТСП ЕСФ+ПРЧР 70,1,1132,138760584.52
987-23g9f,987,"СУ ЕФРР ОП ""НОИР"" бен.",2,211,14766926.39
987-26bvk,987,ИА ПРОУЧВАНЕ И ПОДДЪРЖАНЕ НА Р,2,7,1040988.26
987-2i3d1,987,МОСВ ЕФРР ТП ОПОС,1,74,9568992.11
987-2szk6,987,МЕУ ЕФРР ПНИИДИТ 70,1,17,19137711.79
987-3cla8,987,АПИ КФ ОПТТИ бенефициент,1,28,176957852.19
987-3ipai,987,НКЖИ ЕФРР ПТС Бенефициент,1,14,2405396.19
987-3ssuk,987,АПИ ПРР ЕФРР 85,1,2,2097383.63
987-44wgx,987,АМС ЕФРР ТП 85,1,211,26006661.95
987-4idjk,987,АМС ЕСФ ОПДУ,1,890,98793331.95
987-5voc0,987,ИАПО ЕСФ+ОБРАЗОВАНИЕ 70,1,144,9344119.25
987-5y355,987,МРРБ ЕФРР ТП ФСП,1,146,4460688.57
987-6ksmu,987,"УНСС ЕФРР ОП""НОИР"" бен.",1,6,529693.24
987-794m1,987,АСП ФЕПН,1,538,13484448.97
987-7rk0w,987,МТС КФ ТП ПТС,1,3,264306.29
987-889bm,987,МОСВ ЕФРР ТП ПОС,1,161,24733564.51
987-89s59,987,АПИ КФ ПТС бенефициент,1,5,2730489.96
987-8hcv9,987,МОСВ ЕФРР ПОС 70,1,64,12897950.56
987-8o8ng,987,МРРБ ЕФРР ПРР 85,1,217,260792697.52
987-8x7t5,987,МИР ЕФРР ПКИП 85,1,1571,265363811.40
987-8ynsn,987,ДППИ-ЕФРР-ОПТТИ,1,14,7755996.56
987-9c0nh,987,ИР ЕФРР ОПНОИР,1,3,386296.42
987-a2p9e,987,ИИКТ БАН,1,23,5270714.01
987-ae3br,987,АПИ ЕФРР ПТС бенефициент,1,3,91981105.58
987-ch29z,987,ИАПО ЕСФ+МОН ОБРАЗОВАН. 70,1,2613,23190991.03
987-cl133,987,ИА ПО ЕСФ ОП НОИР,1,391,26821583.80
987-ct4se,987,МТС ЕФРР ОПТТИ,1,3,6611168.14
987-d2zhv,987,МИР ЕФРР ОП ИМСП,1,2,48353531.76
987-d5mtv,987,ИОХЦФ ЕФРР ОПНОИР,1,30,817352.39
987-e30sc,987,МОН ЕСФ ОП НОИР бен.,1,6738,53269076.87
987-g11zx,987,МРРБ ЕФРР ТП ОПРР ДР.БЕНЕФ,1,96,3466139.21
987-hlplp,987,ДППИ-ЕФРР-ПТС-бенефициент в СЕБРА,3,8,34832727.38
987-hp3pi,987,МТСП ЕСФ ТНС ОПРЧР,1,4,176195.75
987-hraaw,987,НЦЗПБ ЕФРР ОПНОИР бенеф.,1,79,1907009.40
987-husk7,987,МК ЕФРР ОП РР БЕНЕФИЦИЕНТ,1,2,357777.00
987-i0wry,987,ИАПО ЕСФ+ МОН ОБРАЗОВАН 85,1,11028,97981719.79
987-i20ki,987,МТС ЕФРР ТП ОПТТИ,1,18,3952327.96
987-i6mff,987,НЦВПМЧТ ЕФРР ПНИИДИТ 85,1,30,1696089.35
987-k71qe,987,АМС БРЕКСИТ,1,6,9305705.05
987-kb4h4,987,МТС КФ ПТС,1,6,3254597.20
987-kip8m,987,МИР ЕФРР ПНИИДИТ 85,1,42,21987550.12
987-kmljd,987,МТСП ЕСФ+ПРЧР 85,1,4661,570681058.69
987-knsbr,987,МТСП ЕСФ ИМЗ ОПРЧР,1,17,31219211.90
987-l0akx,987,ИАПО ЕСФ+ТП ОБРАЗОВАНИЕ,1,106,5070260.29
987-l89ii,987,МИР ЕФРР ОПИК,1,1141,324895688.07
987-m4g9f,987,ИАМА ЕФРР ОПТТИ БЕНЕФИЦ,1,4,692437.11
987-m8qqt,987,МИР ЕФРР ПНИИДИТ 70,1,32,12620019.74
987-maoot,987,МЕДИЦИНСКИ УНИВЕРСИТЕТ ПЛЕВЕН,1,5,1455262.10
987-mmn50,987,НК Железопътна инфрастр.ЕФРР ОПТТИ,1,57,6055805.18
987-nu4ju,987,МЕДИЦИНСКИ УНИВЕРСИТЕТ ПЛОВДИВ,1,2,1662553.09
987-o82at,987,МОСВ КФ ОПОКОЛНА СРЕДА,1,197,46033164.75
987-odavj,987,МЕТРОПОЛИТЕН ЕАД,1,19,65933195.89
987-opv7i,987,ИОНХ ЕФРР ОПНОИР,1,131,11992643.39
987-ox7d0,987,МИР ЕФРР ПКИП 70,1,519,85898601.80
987-p5qe6,987,ИАПО ЕФРР ПНИИДИТ 70,1,63,18826851.84
987-p9jsu,987,ИАПО ЕСФ+ОБРАЗОВАНИЕ 85,1,357,22291429.28
987-pbqrp,987,"МОСВ КФ ОП""ОКОЛНА СРЕДА""",1,334,520808140.88
987-q4yl5,987,МТСП ЕСФ ОПРЧР,1,1719,242600970.74
987-q5juw,987,МТСП ЕСФ+ТП ПРЧР,1,187,7178428.45
987-qdg7h,987,МРРБ ЕФРР ОП РР,1,503,356452237.44
987-qrb1q,987,НЦВПМЧТ ЕФРР ПНИИДИТ 70,1,31,1955115.00
987-qrqrb,987,МТС КФ ПТС бенефициент,1,2,1176359.91
987-qrrkq,987,МОСВ ЕФРР ПОС 85,1,386,201838220.75
987-r32hn,987,МОСВ КФ ПОС 85,1,59,75733316.68
987-rqr5d,987,АМС ЕФРР ТП 70,1,79,4990407.70
987-rv2v0,987,ИА МОРСКА АДМИНИСТРАЦИЯ СОФИЯ,1,1,76663.10
987-rxpuu,987,АПИ ЕФРР ОПРР БЕНЕФИЦИЕНТ,1,81,40821648.39
987-snmvj,987,НКЖИ КФ ПТС Бенефициент,1,296,245685345.22
987-su8c4,987,МТСП ЕСФ+ТНС ПРЧР 95,1,4,243929.22
987-u05zn,987,ИА ПО ЕФРР ОП НОИР,1,38,43716090.74
987-ufmlo,987,ЦЕНТЪР РАСТ.СИСТЕМНА БИОЛОГИЯ СДР,1,88,5520235.52
987-vtqgd,987,МРРБ ЕФРР ФСП 82,1,356,87842047.23
987-vv551,987,МРРБ ЕФРР ТП ПРР,1,4,1869971.33
987-vvbt8,987,МТС ЕФРР ПТС БЕНЕФИЦИЕНТ,1,8,34972236.87
987-w2whm,987,АПИ ЕФРР ОПТТИ БЕНЕФИЦИЕНТ,1,14,1470658.77
987-waxc5,987,АСП ЕСФ+ ПХОМП бенефициент,1,58,43576489.23
987-wl47u,987,АМС ЕСФ ТП ОПДУ,1,23,5621513.54
987-wnja3,987,МРРБ ЕФРР ТП ОП РР,1,71,1953974.83
987-x6rw5,987,МИР ЕФРР ТП ОПИК,1,5,430887.42
987-x7qec,987,МОН ЕФРР ОП РР бенеф.,1,228,14150363.66
987-x88wj,987,МРРБ ЕФРР ПРР 70,1,46,51556446.61
987-xl3hd,987,МЕУ ЕФРР ПНИИДИТ 85,1,17,78797113.60
987-y2di1,987,МИР ЕФРР ТП ПКИП,1,20,3181040.04
987-y8dux,987,ИА ПО ЕСФ ТП ОП НОИР,1,63,591628.64
987-yjfpw,987,АСП ФЕПН ТП,1,4,613705.72
987-yoyn4,987,"МЗ ЕФРР ОП""РР"" бенефициент",2,458,69546197.13
987-yt4gz,987,"МОСВ ЕФРР ОП""ОКОЛНА СРЕДА""",2,550,201407655.92
987-z4def,987,НК Железопътна инфрастр.КФ по ОПТТИ,1,265,160746385.03
987-zidlv,987,ИАПО ЕФРР ПНИИДИТ 85,1,63,24706189.48
987-zmhba,987,ИЕЕС ЕФРР ОПНОИР,1,31,4145202.55
987-zwjyj,987,ИМ ЕФРР ОПНОИР бенефициент,1,35,2269593.93
989-3iy9b,989,НФ НФМ ЦКЗ ФТП,2,11,881461.43
989-a1t29,989,НФ ЕИП МОСВ ОСИК,1,95,10848418.98
989-aq1z1,989,НФ ЕИП МОСВ BG 03,1,2,86260.40
989-ddkuk,989,МОН ШБПС,1,35,1533031.83
989-fw8og,989,НФ ЕИП ЦКЗ ФДО,2,53,3751316.69
989-gtaua,989,НФ ЕИП МОН МРНБПВУГ,1,218,24681261.18
989-p1rqm,989,НФ ЕИП МЕ ЕВИЕЕЕС,1,210,24494414.04
989-pttld,989,НФ ЕИП МК ПОККНКС,1,266,10278265.33
989-ttftr,989,НФ НФМ МВР Вътрешни работи,1,112,12696864.42
989-uvi1o,989,НФ ЕИП ЦКЗ ФТП,2,11,449986.41
989-wrctf,989,ЦКЗ ШБПС,1,11,473312.58
989-y5xet,989,НФ НФМ МП Правосъдие,1,98,35064039.19
989-z71nw,989,МОСВ ШБПС,1,4,163429.80
989-zq7hm,989,НФ НФМ ЦКЗ ФДО,2,52,2681164.09
