year,activity,key,institution,part,component,value,currency
2024,311,ДГБУРАТИНО,"ДГ ""Буратино""",formula,children-2-3,133462,BGN
2024,311,ДГБУРАТИНО,"ДГ ""Буратино""",formula,children-4-6,780581,BGN
2024,311,ДГБУРАТИНО,"ДГ ""Буратино""",formula,groups,62145,BGN
2024,311,ДГБУРАТИНО,"ДГ ""Буратино""",formula,institution,45490,BGN
2024,311,ДГБУРАТИНО,"ДГ ""Буратино""",formula,reserve,8146,BGN
2024,311,ДГБУРАТИНО,"ДГ ""Буратино""",above,meals-preschool,52871,BGN
2024,311,ДГБУРАТИНО,"ДГ ""Буратино""",above,fees-compensation,236331,BGN
2024,311,ДГБУРАТИНО,"ДГ ""Буратино""",count,pupils,206,
2024,311,ДГЗОРА,"ДГ ""Зора""",formula,nursery-children,51092,BGN
2024,311,ДГЗОРА,"ДГ ""Зора""",formula,children-2-3,246071,BGN
2024,311,ДГЗОРА,"ДГ ""Зора""",formula,children-4-6,870303,BGN
2024,311,ДГЗОРА,"ДГ ""Зора""",formula,groups,88779,BGN
2024,311,ДГЗОРА,"ДГ ""Зора""",formula,institution,45490,BGN
2024,311,ДГЗОРА,"ДГ ""Зора""",formula,reserve,10378,BGN
2024,311,ДГЗОРА,"ДГ ""Зора""",above,fees-compensation,316638,BGN
2024,311,ДГЗОРА,"ДГ ""Зора""",count,pupils,253,
2024,311,ДГКАМЕНИЦА,"ДГ ""Каменица""",formula,children-2-3,204364,BGN
2024,311,ДГКАМЕНИЦА,"ДГ ""Каменица""",formula,children-4-6,417207,BGN
2024,311,ДГКАМЕНИЦА,"ДГ ""Каменица""",formula,groups,53267,BGN
2024,311,ДГКАМЕНИЦА,"ДГ ""Каменица""",formula,institution,45490,BGN
2024,311,ДГКАМЕНИЦА,"ДГ ""Каменица""",formula,adapted-buildings,8400,BGN
2024,311,ДГКАМЕНИЦА,"ДГ ""Каменица""",formula,reserve,5744,BGN
2024,311,ДГКАМЕНИЦА,"ДГ ""Каменица""",above,meals-preschool,28259,BGN
2024,311,ДГКАМЕНИЦА,"ДГ ""Каменица""",above,fees-compensation,162908,BGN
2024,311,ДГКАМЕНИЦА,"ДГ ""Каменица""",count,pupils,142,
2024,311,ДГЛЮЛЯК,"ДГ ""Люляк""",formula,children-2-3,166828,BGN
2024,311,ДГЛЮЛЯК,"ДГ ""Люляк""",formula,children-4-6,583193,BGN
2024,311,ДГЛЮЛЯК,"ДГ ""Люляк""",formula,groups,62145,BGN
2024,311,ДГЛЮЛЯК,"ДГ ""Люляк""",formula,institution,45490,BGN
2024,311,ДГЛЮЛЯК,"ДГ ""Люляк""",formula,adapted-buildings,19110,BGN
2024,311,ДГЛЮЛЯК,"ДГ ""Люляк""",formula,listed-buildings,24580,BGN
2024,311,ДГЛЮЛЯК,"ДГ ""Люляк""",formula,reserve,6839,BGN
2024,311,ДГЛЮЛЯК,"ДГ ""Люляк""",above,fees-compensation,195031,BGN
2024,311,ДГЛЮЛЯК,"ДГ ""Люляк""",count,pupils,170,
2024,311,ДГМАЙЧИНАГРИЖА,"ДГ ""Майчина грижа""",formula,children-2-3,170999,BGN
2024,311,ДГМАЙЧИНАГРИЖА,"ДГ ""Майчина грижа""",formula,children-4-6,663943,BGN
2024,311,ДГМАЙЧИНАГРИЖА,"ДГ ""Майчина грижа""",formula,groups,79901,BGN
2024,311,ДГМАЙЧИНАГРИЖА,"ДГ ""Майчина грижа""",formula,institution,45490,BGN
2024,311,ДГМАЙЧИНАГРИЖА,"ДГ ""Майчина грижа""",formula,adapted-buildings,39690,BGN
2024,311,ДГМАЙЧИНАГРИЖА,"ДГ ""Майчина грижа""",formula,listed-buildings,24580,BGN
2024,311,ДГМАЙЧИНАГРИЖА,"ДГ ""Майчина грижа""",formula,reserve,7657,BGN
2024,311,ДГМАЙЧИНАГРИЖА,"ДГ ""Майчина грижа""",above,meals-preschool,44971,BGN
2024,311,ДГМАЙЧИНАГРИЖА,"ДГ ""Майчина грижа""",above,fees-compensation,216828,BGN
2024,311,ДГМАЙЧИНАГРИЖА,"ДГ ""Майчина грижа""",count,pupils,189,
2024,311,ДГМАЛКИЯТПРИНЦ,"ДГ ""Малкият  принц""",formula,children-2-3,233559,BGN
2024,311,ДГМАЛКИЯТПРИНЦ,"ДГ ""Малкият  принц""",formula,children-4-6,794040,BGN
2024,311,ДГМАЛКИЯТПРИНЦ,"ДГ ""Малкият  принц""",formula,groups,71023,BGN
2024,311,ДГМАЛКИЯТПРИНЦ,"ДГ ""Малкият  принц""",formula,institution,45490,BGN
2024,311,ДГМАЛКИЯТПРИНЦ,"ДГ ""Малкият  принц""",formula,pool,22000,BGN
2024,311,ДГМАЛКИЯТПРИНЦ,"ДГ ""Малкият  принц""",formula,reserve,9121,BGN
2024,311,ДГМАЛКИЯТПРИНЦ,"ДГ ""Малкият  принц""",above,meals-preschool,53782,BGN
2024,311,ДГМАЛКИЯТПРИНЦ,"ДГ ""Малкият  принц""",above,fees-compensation,267307,BGN
2024,311,ДГМАЛКИЯТПРИНЦ,"ДГ ""Малкият  принц""",count,pupils,233,
2024,311,ДГМИРОСЛАВА,"ДГ ""Мирослава""",formula,children-2-3,120950,BGN
2024,311,ДГМИРОСЛАВА,"ДГ ""Мирослава""",formula,children-4-6,668429,BGN
2024,311,ДГМИРОСЛАВА,"ДГ ""Мирослава""",formula,groups,53267,BGN
2024,311,ДГМИРОСЛАВА,"ДГ ""Мирослава""",formula,institution,45490,BGN
2024,311,ДГМИРОСЛАВА,"ДГ ""Мирослава""",formula,pool,22000,BGN
2024,311,ДГМИРОСЛАВА,"ДГ ""Мирослава""",formula,reserve,7082,BGN
2024,311,ДГМИРОСЛАВА,"ДГ ""Мирослава""",above,fees-compensation,204209,BGN
2024,311,ДГМИРОСЛАВА,"ДГ ""Мирослава""",count,pupils,178,
2024,311,ДГНЕЗАБРАВКА,"ДГ ""Незабравка""",formula,children-2-3,120950,BGN
2024,311,ДГНЕЗАБРАВКА,"ДГ ""Незабравка""",formula,children-4-6,480013,BGN
2024,311,ДГНЕЗАБРАВКА,"ДГ ""Незабравка""",formula,groups,44390,BGN
2024,311,ДГНЕЗАБРАВКА,"ДГ ""Незабравка""",formula,institution,45490,BGN
2024,311,ДГНЕЗАБРАВКА,"ДГ ""Незабравка""",formula,reserve,5508,BGN
2024,311,ДГНЕЗАБРАВКА,"ДГ ""Незабравка""",above,fees-compensation,156025,BGN
2024,311,ДГНЕЗАБРАВКА,"ДГ ""Незабравка""",count,pupils,136,
2024,311,ДГПЕРУНИКА,"ДГ ""Перуника""",formula,children-2-3,183511,BGN
2024,311,ДГПЕРУНИКА,"ДГ ""Перуника""",formula,children-4-6,574221,BGN
2024,311,ДГПЕРУНИКА,"ДГ ""Перуника""",formula,groups,53267,BGN
2024,311,ДГПЕРУНИКА,"ДГ ""Перуника""",formula,institution,45490,BGN
2024,311,ДГПЕРУНИКА,"ДГ ""Перуника""",formula,pool,22000,BGN
2024,311,ДГПЕРУНИКА,"ДГ ""Перуника""",formula,reserve,6830,BGN
2024,311,ДГПЕРУНИКА,"ДГ ""Перуника""",above,fees-compensation,197325,BGN
2024,311,ДГПЕРУНИКА,"ДГ ""Перуника""",count,pupils,172,
2024,311,ДГРАДОСТ,"ДГ ""Радост""",formula,children-2-3,108438,BGN
2024,311,ДГРАДОСТ,"ДГ ""Радост""",formula,children-4-6,399263,BGN
2024,311,ДГРАДОСТ,"ДГ ""Радост""",formula,groups,35512,BGN
2024,311,ДГРАДОСТ,"ДГ ""Радост""",formula,institution,45490,BGN
2024,311,ДГРАДОСТ,"ДГ ""Радост""",formula,reserve,4695,BGN
2024,311,ДГРАДОСТ,"ДГ ""Радост""",above,fees-compensation,131933,BGN
2024,311,ДГРАДОСТ,"ДГ ""Радост""",count,pupils,115,
2024,311,ДГСНЕЖАНКА,"ДГ ""Снежанка""",formula,children-2-3,116780,BGN
2024,311,ДГСНЕЖАНКА,"ДГ ""Снежанка""",formula,children-4-6,623568,BGN
2024,311,ДГСНЕЖАНКА,"ДГ ""Снежанка""",formula,groups,53267,BGN
2024,311,ДГСНЕЖАНКА,"ДГ ""Снежанка""",formula,institution,45490,BGN
2024,311,ДГСНЕЖАНКА,"ДГ ""Снежанка""",formula,reserve,6691,BGN
2024,311,ДГСНЕЖАНКА,"ДГ ""Снежанка""",above,meals-preschool,42236,BGN
2024,311,ДГСНЕЖАНКА,"ДГ ""Снежанка""",above,fees-compensation,191589,BGN
2024,311,ДГСНЕЖАНКА,"ДГ ""Снежанка""",count,pupils,167,
2024,311,ДГЧУЧУЛИГА,"ДГ ""Чучулига""",formula,children-2-3,233559,BGN
2024,311,ДГЧУЧУЛИГА,"ДГ ""Чучулига""",formula,children-4-6,515902,BGN
2024,311,ДГЧУЧУЛИГА,"ДГ ""Чучулига""",formula,groups,53267,BGN
2024,311,ДГЧУЧУЛИГА,"ДГ ""Чучулига""",formula,institution,45490,BGN
2024,311,ДГЧУЧУЛИГА,"ДГ ""Чучулига""",formula,reserve,6764,BGN
2024,311,ДГЧУЧУЛИГА,"ДГ ""Чучулига""",above,fees-compensation,196178,BGN
2024,311,ДГЧУЧУЛИГА,"ДГ ""Чучулига""",count,pupils,171,
2024,311,ДГЩАСТЛИВОДЕТСТВО,"ДГ ""Щастливо детство""",formula,nursery-children,122177,BGN
2024,311,ДГЩАСТЛИВОДЕТСТВО,"ДГ ""Щастливо детство""",formula,children-2-3,116780,BGN
2024,311,ДГЩАСТЛИВОДЕТСТВО,"ДГ ""Щастливо детство""",formula,children-4-6,385805,BGN
2024,311,ДГЩАСТЛИВОДЕТСТВО,"ДГ ""Щастливо детство""",formula,groups,53267,BGN
2024,311,ДГЩАСТЛИВОДЕТСТВО,"ДГ ""Щастливо детство""",formula,institution,45490,BGN
2024,311,ДГЩАСТЛИВОДЕТСТВО,"ДГ ""Щастливо детство""",formula,reserve,5769,BGN
2024,311,ДГЩАСТЛИВОДЕТСТВО,"ДГ ""Щастливо детство""",above,fees-compensation,193884,BGN
2024,311,ДГЩАСТЛИВОДЕТСТВО,"ДГ ""Щастливо детство""",count,pupils,114,
2024,311,ДГБИЛЯНА,"ДГ ""Биляна""",formula,children-2-3,133462,BGN
2024,311,ДГБИЛЯНА,"ДГ ""Биляна""",formula,children-4-6,421693,BGN
2024,311,ДГБИЛЯНА,"ДГ ""Биляна""",formula,groups,44390,BGN
2024,311,ДГБИЛЯНА,"ДГ ""Биляна""",formula,institution,45490,BGN
2024,311,ДГБИЛЯНА,"ДГ ""Биляна""",formula,reserve,5143,BGN
2024,311,ДГБИЛЯНА,"ДГ ""Биляна""",above,fees-compensation,144552,BGN
2024,311,ДГБИЛЯНА,"ДГ ""Биляна""",count,pupils,126,
2024,311,ДГДЕТЕЛИНА,"ДГ ""Детелина""",formula,children-2-3,104268,BGN
2024,311,ДГДЕТЕЛИНА,"ДГ ""Детелина""",formula,children-4-6,394777,BGN
2024,311,ДГДЕТЕЛИНА,"ДГ ""Детелина""",formula,groups,35512,BGN
2024,311,ДГДЕТЕЛИНА,"ДГ ""Детелина""",formula,institution,45490,BGN
2024,311,ДГДЕТЕЛИНА,"ДГ ""Детелина""",formula,reserve,4625,BGN
2024,311,ДГДЕТЕЛИНА,"ДГ ""Детелина""",above,fees-compensation,129638,BGN
2024,311,ДГДЕТЕЛИНА,"ДГ ""Детелина""",count,pupils,113,
2024,311,ДГЛИЛИЯ,"ДГ ""Лилия""",formula,children-2-3,125121,BGN
2024,311,ДГЛИЛИЯ,"ДГ ""Лилия""",formula,children-4-6,480013,BGN
2024,311,ДГЛИЛИЯ,"ДГ ""Лилия""",formula,groups,44390,BGN
2024,311,ДГЛИЛИЯ,"ДГ ""Лилия""",formula,institution,45490,BGN
2024,311,ДГЛИЛИЯ,"ДГ ""Лилия""",formula,reserve,5542,BGN
2024,311,ДГЛИЛИЯ,"ДГ ""Лилия""",above,meals-preschool,32512,BGN
2024,311,ДГЛИЛИЯ,"ДГ ""Лилия""",above,fees-compensation,157172,BGN
2024,311,ДГЛИЛИЯ,"ДГ ""Лилия""",count,pupils,137,
2024,311,ДГМАРГАРИТКА,"ДГ ""Маргаритка""",formula,children-2-3,208535,BGN
2024,311,ДГМАРГАРИТКА,"ДГ ""Маргаритка""",formula,children-4-6,587679,BGN
2024,311,ДГМАРГАРИТКА,"ДГ ""Маргаритка""",formula,groups,62145,BGN
2024,311,ДГМАРГАРИТКА,"ДГ ""Маргаритка""",formula,institution,45490,BGN
2024,311,ДГМАРГАРИТКА,"ДГ ""Маргаритка""",formula,reserve,7208,BGN
2024,311,ДГМАРГАРИТКА,"ДГ ""Маргаритка""",above,fees-compensation,207650,BGN
2024,311,ДГМАРГАРИТКА,"ДГ ""Маргаритка""",count,pupils,181,
2024,311,ДГНАТАЛИЯ,"ДГ ""Наталия""",formula,children-2-3,175169,BGN
2024,311,ДГНАТАЛИЯ,"ДГ ""Наталия""",formula,children-4-6,390291,BGN
2024,311,ДГНАТАЛИЯ,"ДГ ""Наталия""",formula,groups,44390,BGN
2024,311,ДГНАТАЛИЯ,"ДГ ""Наталия""",formula,institution,45490,BGN
2024,311,ДГНАТАЛИЯ,"ДГ ""Наталия""",formula,reserve,5226,BGN
2024,311,ДГНАТАЛИЯ,"ДГ ""Наталия""",above,meals-preschool,26435,BGN
2024,311,ДГНАТАЛИЯ,"ДГ ""Наталия""",above,fees-compensation,147994,BGN
2024,311,ДГНАТАЛИЯ,"ДГ ""Наталия""",count,pupils,129,
2024,311,ДГРОДИНА,"ДГ ""Родина""",formula,children-2-3,116780,BGN
2024,311,ДГРОДИНА,"ДГ ""Родина""",formula,children-4-6,363374,BGN
2024,311,ДГРОДИНА,"ДГ ""Родина""",formula,groups,35512,BGN
2024,311,ДГРОДИНА,"ДГ ""Родина""",formula,institution,45490,BGN
2024,311,ДГРОДИНА,"ДГ ""Родина""",formula,reserve,4474,BGN
2024,311,ДГРОДИНА,"ДГ ""Родина""",above,fees-compensation,125049,BGN
2024,311,ДГРОДИНА,"ДГ ""Родина""",count,pupils,109,
2024,311,ДГЧАЙКА,"ДГ ""Чайка""",formula,children-2-3,346168,BGN
2024,311,ДГЧАЙКА,"ДГ ""Чайка""",formula,children-4-6,1130497,BGN
2024,311,ДГЧАЙКА,"ДГ ""Чайка""",formula,groups,106535,BGN
2024,311,ДГЧАЙКА,"ДГ ""Чайка""",formula,institution,45490,BGN
2024,311,ДГЧАЙКА,"ДГ ""Чайка""",formula,pool,22000,BGN
2024,311,ДГЧАЙКА,"ДГ ""Чайка""",formula,reserve,12985,BGN
2024,311,ДГЧАЙКА,"ДГ ""Чайка""",above,meals-preschool,76571,BGN
2024,311,ДГЧАЙКА,"ДГ ""Чайка""",above,fees-compensation,384325,BGN
2024,311,ДГЧАЙКА,"ДГ ""Чайка""",count,pupils,335,
2024,311,ДГБОРЯНА,"ДГ ""Боряна""",formula,nursery-children,55535,BGN
2024,311,ДГБОРЯНА,"ДГ ""Боряна""",formula,children-2-3,112609,BGN
2024,311,ДГБОРЯНА,"ДГ ""Боряна""",formula,children-4-6,533846,BGN
2024,311,ДГБОРЯНА,"ДГ ""Боряна""",formula,groups,53267,BGN
2024,311,ДГБОРЯНА,"ДГ ""Боряна""",formula,institution,45490,BGN
2024,311,ДГБОРЯНА,"ДГ ""Боряна""",formula,reserve,6386,BGN
2024,311,ДГБОРЯНА,"ДГ ""Боряна""",above,fees-compensation,196178,BGN
2024,311,ДГБОРЯНА,"ДГ ""Боряна""",count,pupils,146,
2024,311,ДГДРУЖБА,"ДГ ""Дружба""",formula,children-2-3,221047,BGN
2024,311,ДГДРУЖБА,"ДГ ""Дружба""",formula,children-4-6,838901,BGN
2024,311,ДГДРУЖБА,"ДГ ""Дружба""",formula,groups,71023,BGN
2024,311,ДГДРУЖБА,"ДГ ""Дружба""",formula,institution,45490,BGN
2024,311,ДГДРУЖБА,"ДГ ""Дружба""",formula,reserve,9380,BGN
2024,311,ДГДРУЖБА,"ДГ ""Дружба""",above,meals-preschool,56821,BGN
2024,311,ДГДРУЖБА,"ДГ ""Дружба""",above,fees-compensation,275338,BGN
2024,311,ДГДРУЖБА,"ДГ ""Дружба""",count,pupils,240,
2024,311,ДГЕЛИЦА,"ДГ ""Елица""",formula,nursery-children,113291,BGN
2024,311,ДГЕЛИЦА,"ДГ ""Елица""",formula,children-2-3,233559,BGN
2024,311,ДГЕЛИЦА,"ДГ ""Елица""",formula,children-4-6,1040775,BGN
2024,311,ДГЕЛИЦА,"ДГ ""Елица""",formula,groups,106535,BGN
2024,311,ДГЕЛИЦА,"ДГ ""Елица""",formula,institution,45490,BGN
2024,311,ДГЕЛИЦА,"ДГ ""Елица""",formula,reserve,12275,BGN
2024,311,ДГЕЛИЦА,"ДГ ""Елица""",above,fees-compensation,388914,BGN
2024,311,ДГЕЛИЦА,"ДГ ""Елица""",count,pupils,288,
2024,311,ДГМИР,"ДГ"" Мир""",formula,children-2-3,346168,BGN
2024,311,ДГМИР,"ДГ"" Мир""",formula,children-4-6,677401,BGN
2024,311,ДГМИР,"ДГ"" Мир""",formula,groups,71023,BGN
2024,311,ДГМИР,"ДГ"" Мир""",formula,institution,45490,BGN
2024,311,ДГМИР,"ДГ"" Мир""",formula,pool,22000,BGN
2024,311,ДГМИР,"ДГ"" Мир""",formula,reserve,9089,BGN
2024,311,ДГМИР,"ДГ"" Мир""",above,meals-preschool,45882,BGN
2024,311,ДГМИР,"ДГ"" Мир""",above,fees-compensation,268454,BGN
2024,311,ДГМИР,"ДГ"" Мир""",count,pupils,234,
2024,311,ДГРОСИЦА,"ДГ ""Росица""",formula,children-2-3,233559,BGN
2024,311,ДГРОСИЦА,"ДГ ""Росица""",formula,children-4-6,524874,BGN
2024,311,ДГРОСИЦА,"ДГ ""Росица""",formula,groups,53267,BGN
2024,311,ДГРОСИЦА,"ДГ ""Росица""",formula,institution,45490,BGN
2024,311,ДГРОСИЦА,"ДГ ""Росица""",formula,reserve,6835,BGN
2024,311,ДГРОСИЦА,"ДГ ""Росица""",above,meals-preschool,35551,BGN
2024,311,ДГРОСИЦА,"ДГ ""Росица""",above,fees-compensation,198472,BGN
2024,311,ДГРОСИЦА,"ДГ ""Росица""",count,pupils,173,
2024,311,ДГСВЕТЛА,"ДГ ""Светла""",formula,children-2-3,116780,BGN
2024,311,ДГСВЕТЛА,"ДГ ""Светла""",formula,children-4-6,663943,BGN
2024,311,ДГСВЕТЛА,"ДГ ""Светла""",formula,groups,53267,BGN
2024,311,ДГСВЕТЛА,"ДГ ""Светла""",formula,institution,45490,BGN
2024,311,ДГСВЕТЛА,"ДГ ""Светла""",formula,reserve,7013,BGN
2024,311,ДГСВЕТЛА,"ДГ ""Светла""",above,meals-preschool,44971,BGN
2024,311,ДГСВЕТЛА,"ДГ ""Светла""",above,fees-compensation,201914,BGN
2024,311,ДГСВЕТЛА,"ДГ ""Светла""",count,pupils,176,
2024,311,ДГРАЯ,"ДГ ""Рая""",formula,children-2-3,191852,BGN
2024,311,ДГРАЯ,"ДГ ""Рая""",formula,children-4-6,529360,BGN
2024,311,ДГРАЯ,"ДГ ""Рая""",formula,groups,53267,BGN
2024,311,ДГРАЯ,"ДГ ""Рая""",formula,institution,45490,BGN
2024,311,ДГРАЯ,"ДГ ""Рая""",formula,reserve,6539,BGN
2024,311,ДГРАЯ,"ДГ ""Рая""",above,fees-compensation,188147,BGN
2024,311,ДГРАЯ,"ДГ ""Рая""",count,pupils,164,
2024,311,ДГКОСМОНАВТ,"ДГ ""Космонавт""",formula,nursery-children,108849,BGN
2024,311,ДГКОСМОНАВТ,"ДГ ""Космонавт""",formula,children-2-3,241901,BGN
2024,311,ДГКОСМОНАВТ,"ДГ ""Космонавт""",formula,children-4-6,897220,BGN
2024,311,ДГКОСМОНАВТ,"ДГ ""Космонавт""",formula,groups,97657,BGN
2024,311,ДГКОСМОНАВТ,"ДГ ""Космонавт""",formula,institution,45490,BGN
2024,311,ДГКОСМОНАВТ,"ДГ ""Космонавт""",formula,reserve,11092,BGN
2024,311,ДГКОСМОНАВТ,"ДГ ""Космонавт""",above,fees-compensation,352203,BGN
2024,311,ДГКОСМОНАВТ,"ДГ ""Космонавт""",count,pupils,258,
2024,311,ДГСЛАВЕЙ,"ДГ ""Славей""",formula,nursery-children,53314,BGN
2024,311,ДГСЛАВЕЙ,"ДГ ""Славей""",formula,children-2-3,120950,BGN
2024,311,ДГСЛАВЕЙ,"ДГ ""Славей""",formula,children-4-6,677401,BGN
2024,311,ДГСЛАВЕЙ,"ДГ ""Славей""",formula,groups,62145,BGN
2024,311,ДГСЛАВЕЙ,"ДГ ""Славей""",formula,institution,45490,BGN
2024,311,ДГСЛАВЕЙ,"ДГ ""Славей""",formula,reserve,7649,BGN
2024,311,ДГСЛАВЕЙ,"ДГ ""Славей""",above,fees-compensation,234037,BGN
2024,311,ДГСЛАВЕЙ,"ДГ ""Славей""",count,pupils,180,
2024,311,ДГБРЕЗА,"ДГ ""Бреза""",formula,children-2-3,237730,BGN
2024,311,ДГБРЕЗА,"ДГ ""Бреза""",formula,children-4-6,520388,BGN
2024,311,ДГБРЕЗА,"ДГ ""Бреза""",formula,groups,53267,BGN
2024,311,ДГБРЕЗА,"ДГ ""Бреза""",formula,institution,45490,BGN
2024,311,ДГБРЕЗА,"ДГ ""Бреза""",formula,reserve,6833,BGN
2024,311,ДГБРЕЗА,"ДГ ""Бреза""",above,fees-compensation,198472,BGN
2024,311,ДГБРЕЗА,"ДГ ""Бреза""",count,pupils,173,
2024,311,ДГВЕСЕЛА,"ДГ ""Весела""",formula,children-2-3,129292,BGN
2024,311,ДГВЕСЕЛА,"ДГ ""Весела""",formula,children-4-6,632540,BGN
2024,311,ДГВЕСЕЛА,"ДГ ""Весела""",formula,groups,53267,BGN
2024,311,ДГВЕСЕЛА,"ДГ ""Весела""",formula,institution,45490,BGN
2024,311,ДГВЕСЕЛА,"ДГ ""Весела""",formula,reserve,6863,BGN
2024,311,ДГВЕСЕЛА,"ДГ ""Весела""",above,fees-compensation,197325,BGN
2024,311,ДГВЕСЕЛА,"ДГ ""Весела""",count,pupils,172,
2024,311,ДГДЪГА,"ДГ ""Дъга""",formula,children-2-3,183511,BGN
2024,311,ДГДЪГА,"ДГ ""Дъга""",formula,children-4-6,695346,BGN
2024,311,ДГДЪГА,"ДГ ""Дъга""",formula,groups,62145,BGN
2024,311,ДГДЪГА,"ДГ ""Дъга""",formula,institution,45490,BGN
2024,311,ДГДЪГА,"ДГ ""Дъга""",formula,reserve,7866,BGN
2024,311,ДГДЪГА,"ДГ ""Дъга""",above,fees-compensation,228301,BGN
2024,311,ДГДЪГА,"ДГ ""Дъга""",count,pupils,199,
2024,311,ДГЗАХАРНОПЕТЛЕ,"ДГ ""Захарно петле""",formula,children-2-3,321144,BGN
2024,311,ДГЗАХАРНОПЕТЛЕ,"ДГ ""Захарно петле""",formula,children-4-6,928623,BGN
2024,311,ДГЗАХАРНОПЕТЛЕ,"ДГ ""Захарно петле""",formula,groups,88779,BGN
2024,311,ДГЗАХАРНОПЕТЛЕ,"ДГ ""Захарно петле""",formula,institution,45490,BGN
2024,311,ДГЗАХАРНОПЕТЛЕ,"ДГ ""Захарно петле""",formula,reserve,11035,BGN
2024,311,ДГЗАХАРНОПЕТЛЕ,"ДГ ""Захарно петле""",above,fees-compensation,325816,BGN
2024,311,ДГЗАХАРНОПЕТЛЕ,"ДГ ""Захарно петле""",count,pupils,284,
2024,311,ДГМАРИЦА,"ДГ ""Марица""",formula,children-2-3,229389,BGN
2024,311,ДГМАРИЦА,"ДГ ""Марица""",formula,children-4-6,511415,BGN
2024,311,ДГМАРИЦА,"ДГ ""Марица""",formula,groups,53267,BGN
2024,311,ДГМАРИЦА,"ДГ ""Марица""",formula,institution,45490,BGN
2024,311,ДГМАРИЦА,"ДГ ""Марица""",formula,adapted-buildings,10500,BGN
2024,311,ДГМАРИЦА,"ДГ ""Марица""",formula,reserve,6695,BGN
2024,311,ДГМАРИЦА,"ДГ ""Марица""",above,fees-compensation,193884,BGN
2024,311,ДГМАРИЦА,"ДГ ""Марица""",count,pupils,169,
2024,311,ДГРАЛИЦА,"ДГ ""Ралица""",formula,nursery-children,106627,BGN
2024,311,ДГРАЛИЦА,"ДГ ""Ралица""",formula,children-2-3,120950,BGN
2024,311,ДГРАЛИЦА,"ДГ ""Ралица""",formula,children-4-6,645998,BGN
2024,311,ДГРАЛИЦА,"ДГ ""Ралица""",formula,groups,71023,BGN
2024,311,ДГРАЛИЦА,"ДГ ""Ралица""",formula,institution,45490,BGN
2024,311,ДГРАЛИЦА,"ДГ ""Ралица""",formula,reserve,7894,BGN
2024,311,ДГРАЛИЦА,"ДГ ""Ралица""",above,fees-compensation,253540,BGN
2024,311,ДГРАЛИЦА,"ДГ ""Ралица""",count,pupils,173,
2024,311,ДГАЛБЕНА,"ДГ ""Албена""",formula,children-2-3,308632,BGN
2024,311,ДГАЛБЕНА,"ДГ ""Албена""",formula,children-4-6,834415,BGN
2024,311,ДГАЛБЕНА,"ДГ ""Албена""",formula,groups,79901,BGN
2024,311,ДГАЛБЕНА,"ДГ ""Албена""",formula,institution,45490,BGN
2024,311,ДГАЛБЕНА,"ДГ ""Албена""",formula,adapted-buildings,4620,BGN
2024,311,ДГАЛБЕНА,"ДГ ""Албена""",formula,pool,22000,BGN
2024,311,ДГАЛБЕНА,"ДГ ""Албена""",formula,reserve,10113,BGN
2024,311,ДГАЛБЕНА,"ДГ ""Албена""",above,fees-compensation,298282,BGN
2024,311,ДГАЛБЕНА,"ДГ ""Албена""",count,pupils,260,
2024,311,ДГВАЛЕНТИНА,"ДГ ""Валентина""",formula,children-2-3,237730,BGN
2024,311,ДГВАЛЕНТИНА,"ДГ ""Валентина""",formula,children-4-6,547304,BGN
2024,311,ДГВАЛЕНТИНА,"ДГ ""Валентина""",formula,groups,53267,BGN
2024,311,ДГВАЛЕНТИНА,"ДГ ""Валентина""",formula,institution,45490,BGN
2024,311,ДГВАЛЕНТИНА,"ДГ ""Валентина""",formula,pool,22000,BGN
2024,311,ДГВАЛЕНТИНА,"ДГ ""Валентина""",formula,reserve,7048,BGN
2024,311,ДГВАЛЕНТИНА,"ДГ ""Валентина""",above,fees-compensation,205356,BGN
2024,311,ДГВАЛЕНТИНА,"ДГ ""Валентина""",count,pupils,179,
2024,311,ДГВЯРА,"ДГ ""Вяра""",formula,children-2-3,237730,BGN
2024,311,ДГВЯРА,"ДГ ""Вяра""",formula,children-4-6,533846,BGN
2024,311,ДГВЯРА,"ДГ ""Вяра""",formula,groups,53267,BGN
2024,311,ДГВЯРА,"ДГ ""Вяра""",formula,institution,45490,BGN
2024,311,ДГВЯРА,"ДГ ""Вяра""",formula,reserve,6941,BGN
2024,311,ДГВЯРА,"ДГ ""Вяра""",above,fees-compensation,201914,BGN
2024,311,ДГВЯРА,"ДГ ""Вяра""",count,pupils,176,
2024,311,ДГЗДРАВЕЦ,"ДГ ""Здравец""",formula,children-2-3,116780,BGN
2024,311,ДГЗДРАВЕЦ,"ДГ ""Здравец""",formula,children-4-6,645998,BGN
2024,311,ДГЗДРАВЕЦ,"ДГ ""Здравец""",formula,groups,53267,BGN
2024,311,ДГЗДРАВЕЦ,"ДГ ""Здравец""",formula,institution,45490,BGN
2024,311,ДГЗДРАВЕЦ,"ДГ ""Здравец""",formula,reserve,6870,BGN
2024,311,ДГЗДРАВЕЦ,"ДГ ""Здравец""",above,fees-compensation,197325,BGN
2024,311,ДГЗДРАВЕЦ,"ДГ ""Здравец""",count,pupils,172,
2024,311,ДГЗОРНИЦА,"ДГ ""Зорница""",formula,children-2-3,204364,BGN
2024,311,ДГЗОРНИЦА,"ДГ ""Зорница""",formula,children-4-6,520388,BGN
2024,311,ДГЗОРНИЦА,"ДГ ""Зорница""",formula,groups,53267,BGN
2024,311,ДГЗОРНИЦА,"ДГ ""Зорница""",formula,institution,45490,BGN
2024,311,ДГЗОРНИЦА,"ДГ ""Зорница""",formula,adapted-buildings,10290,BGN
2024,311,ДГЗОРНИЦА,"ДГ ""Зорница""",formula,reserve,6566,BGN
2024,311,ДГЗОРНИЦА,"ДГ ""Зорница""",above,fees-compensation,189295,BGN
2024,311,ДГЗОРНИЦА,"ДГ ""Зорница""",count,pupils,165,
2024,311,ДГМАЛИНА,"ДГ ""Малина""",formula,children-2-3,354510,BGN
2024,311,ДГМАЛИНА,"ДГ ""Малина""",formula,children-4-6,1700232,BGN
2024,311,ДГМАЛИНА,"ДГ ""Малина""",formula,groups,142046,BGN
2024,311,ДГМАЛИНА,"ДГ ""Малина""",formula,institution,45490,BGN
2024,311,ДГМАЛИНА,"ДГ ""Малина""",formula,pool,44000,BGN
2024,311,ДГМАЛИНА,"ДГ ""Малина""",formula,reserve,17879,BGN
2024,311,ДГМАЛИНА,"ДГ ""Малина""",above,fees-compensation,532319,BGN
2024,311,ДГМАЛИНА,"ДГ ""Малина""",count,pupils,464,
2024,311,ДГМАЯ,"ДГ ""Мая""",formula,children-2-3,120950,BGN
2024,311,ДГМАЯ,"ДГ ""Мая""",formula,children-4-6,650485,BGN
2024,311,ДГМАЯ,"ДГ ""Мая""",formula,groups,53267,BGN
2024,311,ДГМАЯ,"ДГ ""Мая""",formula,institution,45490,BGN
2024,311,ДГМАЯ,"ДГ ""Мая""",formula,reserve,6939,BGN
2024,311,ДГМАЯ,"ДГ ""Мая""",above,fees-compensation,199620,BGN
2024,311,ДГМАЯ,"ДГ ""Мая""",count,pupils,174,
2024,311,ДГОСМИМАРТ,"ДГ ""Осми март""",formula,children-2-3,442094,BGN
2024,311,ДГОСМИМАРТ,"ДГ ""Осми март""",formula,children-4-6,1475927,BGN
2024,311,ДГОСМИМАРТ,"ДГ ""Осми март""",formula,groups,142046,BGN
2024,311,ДГОСМИМАРТ,"ДГ ""Осми март""",formula,institution,45490,BGN
2024,311,ДГОСМИМАРТ,"ДГ ""Осми март""",formula,adapted-buildings,48510,BGN
2024,311,ДГОСМИМАРТ,"ДГ ""Осми март""",formula,reserve,16788,BGN
2024,311,ДГОСМИМАРТ,"ДГ ""Осми март""",above,meals-preschool,99968,BGN
2024,311,ДГОСМИМАРТ,"ДГ ""Осми март""",above,fees-compensation,499049,BGN
2024,311,ДГОСМИМАРТ,"ДГ ""Осми март""",count,pupils,435,
2024,311,ДГСВЕТЛИНА,"ДГ ""Светлина""",formula,children-2-3,241901,BGN
2024,311,ДГСВЕТЛИНА,"ДГ ""Светлина""",formula,children-4-6,1175358,BGN
2024,311,ДГСВЕТЛИНА,"ДГ ""Светлина""",formula,groups,106535,BGN
2024,311,ДГСВЕТЛИНА,"ДГ ""Светлина""",formula,institution,45490,BGN
2024,311,ДГСВЕТЛИНА,"ДГ ""Светлина""",formula,adapted-buildings,29610,BGN
2024,311,ДГСВЕТЛИНА,"ДГ ""Светлина""",formula,reserve,12512,BGN
2024,311,ДГСВЕТЛИНА,"ДГ ""Светлина""",above,fees-compensation,367117,BGN
2024,311,ДГСВЕТЛИНА,"ДГ ""Светлина""",count,pupils,320,
2024,311,ДГД-РЕДГАРБОРОУ,"ДГ ""Д-р Едгар Бороу""",formula,nursery-children,88856,BGN
2024,311,ДГД-РЕДГАРБОРОУ,"ДГ ""Д-р Едгар Бороу""",formula,children-2-3,116780,BGN
2024,311,ДГД-РЕДГАРБОРОУ,"ДГ ""Д-р Едгар Бороу""",formula,children-4-6,632540,BGN
2024,311,ДГД-РЕДГАРБОРОУ,"ДГ ""Д-р Едгар Бороу""",formula,groups,71023,BGN
2024,311,ДГД-РЕДГАРБОРОУ,"ДГ ""Д-р Едгар Бороу""",formula,institution,45490,BGN
2024,311,ДГД-РЕДГАРБОРОУ,"ДГ ""Д-р Едгар Бороу""",formula,reserve,7612,BGN
2024,311,ДГД-РЕДГАРБОРОУ,"ДГ ""Д-р Едгар Бороу""",above,fees-compensation,239773,BGN
2024,311,ДГД-РЕДГАРБОРОУ,"ДГ ""Д-р Едгар Бороу""",count,pupils,169,
2024,311,ДГВЕЛИМИРА,"ДГ ""Велимира""",formula,children-2-3,233559,BGN
2024,311,ДГВЕЛИМИРА,"ДГ ""Велимира""",formula,children-4-6,789554,BGN
2024,311,ДГВЕЛИМИРА,"ДГ ""Велимира""",formula,groups,71023,BGN
2024,311,ДГВЕЛИМИРА,"ДГ ""Велимира""",formula,institution,45490,BGN
2024,311,ДГВЕЛИМИРА,"ДГ ""Велимира""",formula,pool,22000,BGN
2024,311,ДГВЕЛИМИРА,"ДГ ""Велимира""",formula,reserve,9086,BGN
2024,311,ДГВЕЛИМИРА,"ДГ ""Велимира""",above,fees-compensation,266160,BGN
2024,311,ДГВЕЛИМИРА,"ДГ ""Велимира""",count,pupils,232,
2024,311,ДГДЕСИСЛАВА,"ДГ ""Десислава""",formula,children-2-3,200194,BGN
2024,311,ДГДЕСИСЛАВА,"ДГ ""Десислава""",formula,children-4-6,654971,BGN
2024,311,ДГДЕСИСЛАВА,"ДГ ""Десислава""",formula,groups,62145,BGN
2024,311,ДГДЕСИСЛАВА,"ДГ ""Десислава""",formula,institution,45490,BGN
2024,311,ДГДЕСИСЛАВА,"ДГ ""Десислава""",formula,reserve,7677,BGN
2024,311,ДГДЕСИСЛАВА,"ДГ ""Десислава""",above,fees-compensation,222565,BGN
2024,311,ДГДЕСИСЛАВА,"ДГ ""Десислава""",count,pupils,194,
2024,311,ДГЕДЕЛВАЙС,"ДГ ""Еделвайс""",formula,children-2-3,216876,BGN
2024,311,ДГЕДЕЛВАЙС,"ДГ ""Еделвайс""",formula,children-4-6,749179,BGN
2024,311,ДГЕДЕЛВАЙС,"ДГ ""Еделвайс""",formula,groups,71023,BGN
2024,311,ДГЕДЕЛВАЙС,"ДГ ""Еделвайс""",formula,institution,45490,BGN
2024,311,ДГЕДЕЛВАЙС,"ДГ ""Еделвайс""",formula,reserve,8631,BGN
2024,311,ДГЕДЕЛВАЙС,"ДГ ""Еделвайс""",above,fees-compensation,251246,BGN
2024,311,ДГЕДЕЛВАЙС,"ДГ ""Еделвайс""",count,pupils,219,
2024,311,ДГКРЕМЕНА,"ДГ ""Кремена""",formula,children-2-3,329485,BGN
2024,311,ДГКРЕМЕНА,"ДГ ""Кремена""",formula,children-4-6,1148442,BGN
2024,311,ДГКРЕМЕНА,"ДГ ""Кремена""",formula,groups,115413,BGN
2024,311,ДГКРЕМЕНА,"ДГ ""Кремена""",formula,institution,45490,BGN
2024,311,ДГКРЕМЕНА,"ДГ ""Кремена""",formula,adapted-buildings,27930,BGN
2024,311,ДГКРЕМЕНА,"ДГ ""Кремена""",formula,reserve,13066,BGN
2024,311,ДГКРЕМЕНА,"ДГ ""Кремена""",above,fees-compensation,384325,BGN
2024,311,ДГКРЕМЕНА,"ДГ ""Кремена""",count,pupils,335,
2024,311,ДГСЛЪНЦЕ,"ДГ ""Слънце""",formula,children-2-3,216876,BGN
2024,311,ДГСЛЪНЦЕ,"ДГ ""Слънце""",formula,children-4-6,780581,BGN
2024,311,ДГСЛЪНЦЕ,"ДГ ""Слънце""",formula,groups,71023,BGN
2024,311,ДГСЛЪНЦЕ,"ДГ ""Слънце""",formula,institution,45490,BGN
2024,311,ДГСЛЪНЦЕ,"ДГ ""Слънце""",formula,pool,22000,BGN
2024,311,ДГСЛЪНЦЕ,"ДГ ""Слънце""",formula,reserve,8881,BGN
2024,311,ДГСЛЪНЦЕ,"ДГ ""Слънце""",above,fees-compensation,259276,BGN
2024,311,ДГСЛЪНЦЕ,"ДГ ""Слънце""",count,pupils,226,
2024,311,ДГТАНЯСАВИЧЕВА,"ДГ ""Таня Савичева""",formula,children-2-3,233559,BGN
2024,311,ДГТАНЯСАВИЧЕВА,"ДГ ""Таня Савичева""",formula,children-4-6,807498,BGN
2024,311,ДГТАНЯСАВИЧЕВА,"ДГ ""Таня Савичева""",formula,groups,71023,BGN
2024,311,ДГТАНЯСАВИЧЕВА,"ДГ ""Таня Савичева""",formula,institution,45490,BGN
2024,311,ДГТАНЯСАВИЧЕВА,"ДГ ""Таня Савичева""",formula,reserve,9229,BGN
2024,311,ДГТАНЯСАВИЧЕВА,"ДГ ""Таня Савичева""",above,fees-compensation,270749,BGN
2024,311,ДГТАНЯСАВИЧЕВА,"ДГ ""Таня Савичева""",count,pupils,236,
2024,311,ДГЧЕРВЕНАТАШАПЧИЦА,"ДГ ""Чeрвената шапчица""",formula,children-2-3,312803,BGN
2024,311,ДГЧЕРВЕНАТАШАПЧИЦА,"ДГ ""Чeрвената шапчица""",formula,children-4-6,1067692,BGN
2024,311,ДГЧЕРВЕНАТАШАПЧИЦА,"ДГ ""Чeрвената шапчица""",formula,groups,106535,BGN
2024,311,ДГЧЕРВЕНАТАШАПЧИЦА,"ДГ ""Чeрвената шапчица""",formula,institution,45490,BGN
2024,311,ДГЧЕРВЕНАТАШАПЧИЦА,"ДГ ""Чeрвената шапчица""",formula,adapted-buildings,16170,BGN
2024,311,ДГЧЕРВЕНАТАШАПЧИЦА,"ДГ ""Чeрвената шапчица""",formula,pool,22000,BGN
2024,311,ДГЧЕРВЕНАТАШАПЧИЦА,"ДГ ""Чeрвената шапчица""",formula,reserve,12218,BGN
2024,311,ДГЧЕРВЕНАТАШАПЧИЦА,"ДГ ""Чeрвената шапчица""",above,fees-compensation,359086,BGN
2024,311,ДГЧЕРВЕНАТАШАПЧИЦА,"ДГ ""Чeрвената шапчица""",count,pupils,313,
2024,312,ДГЕЛИЦА,"ДГ ""Елица""",formula,special-children,160576,BGN
2024,312,ДГЕЛИЦА,"ДГ ""Елица""",formula,groups,31918,BGN
2024,312,ДГЕЛИЦА,"ДГ ""Елица""",above,fees-compensation,14914,BGN
2024,318,ОУГЕОМИЛЕВ,"ОУ ""Гео Милев""",formula,half-day-children,57068,BGN
2024,318,ОУГЕОМИЛЕВ,"ОУ ""Гео Милев""",formula,half-day-groups,3645,BGN
2024,318,ОУГЕОМИЛЕВ,"ОУ ""Гео Милев""",formula,reserve,1239,BGN
2024,318,ОУГЕОМИЛЕВ,"ОУ ""Гео Милев""",above,meals-preschool,6381,BGN
2024,318,ОУГЕОМИЛЕВ,"ОУ ""Гео Милев""",above,fees-compensation,11813,BGN
2024,318,ОУГЕОМИЛЕВ,"ОУ ""Гео Милев""",count,pupils,21,
2024,318,ОУД-РПБЕРОН,"ОУ ""Д-р П. Берон""",formula,half-day-children,65221,BGN
2024,318,ОУД-РПБЕРОН,"ОУ ""Д-р П. Берон""",formula,half-day-groups,3645,BGN
2024,318,ОУД-РПБЕРОН,"ОУ ""Д-р П. Берон""",formula,reserve,1405,BGN
2024,318,ОУД-РПБЕРОН,"ОУ ""Д-р П. Берон""",above,meals-preschool,7293,BGN
2024,318,ОУД-РПБЕРОН,"ОУ ""Д-р П. Берон""",above,fees-compensation,13500,BGN
2024,318,ОУД-РПБЕРОН,"ОУ ""Д-р П. Берон""",count,pupils,24,
2024,318,ОУКОЧОЧЕСТЕМЕНСКИ,"ОУ ""Кочо Честеменски""",formula,full-day-children,102918,BGN
2024,318,ОУКОЧОЧЕСТЕМЕНСКИ,"ОУ ""Кочо Честеменски""",formula,full-day-groups,8855,BGN
2024,318,ОУКОЧОЧЕСТЕМЕНСКИ,"ОУ ""Кочо Честеменски""",formula,reserve,2281,BGN
2024,318,ОУКОЧОЧЕСТЕМЕНСКИ,"ОУ ""Кочо Честеменски""",above,meals-preschool,6989,BGN
2024,318,ОУКОЧОЧЕСТЕМЕНСКИ,"ОУ ""Кочо Честеменски""",above,fees-compensation,26387,BGN
2024,318,ОУКОЧОЧЕСТЕМЕНСКИ,"ОУ ""Кочо Честеменски""",count,pupils,23,
2024,318,НУКИРИЛНЕКТАРИЕВ,"HУ ""Кирил Hектариев""",formula,half-day-children,103267,BGN
2024,318,НУКИРИЛНЕКТАРИЕВ,"HУ ""Кирил Hектариев""",formula,half-day-groups,7289,BGN
2024,318,НУКИРИЛНЕКТАРИЕВ,"HУ ""Кирил Hектариев""",formula,reserve,2256,BGN
2024,318,НУКИРИЛНЕКТАРИЕВ,"HУ ""Кирил Hектариев""",above,meals-preschool,11547,BGN
2024,318,НУКИРИЛНЕКТАРИЕВ,"HУ ""Кирил Hектариев""",above,fees-compensation,21375,BGN
2024,318,НУКИРИЛНЕКТАРИЕВ,"HУ ""Кирил Hектариев""",count,pupils,38,
2024,318,ОУВЛЕВСКИ,"ОУ ""В. Левски""",formula,full-day-children,161088,BGN
2024,318,ОУВЛЕВСКИ,"ОУ ""В. Левски""",formula,full-day-groups,17711,BGN
2024,318,ОУВЛЕВСКИ,"ОУ ""В. Левски""",formula,reserve,3649,BGN
2024,318,ОУВЛЕВСКИ,"ОУ ""В. Левски""",above,meals-preschool,11547,BGN
2024,318,ОУВЛЕВСКИ,"ОУ ""В. Левски""",above,fees-compensation,41301,BGN
2024,318,ОУВЛЕВСКИ,"ОУ ""В. Левски""",count,pupils,36,
2024,318,ОУДДЕБЕЛЯНОВ,"ОУ ""Д. Дебелянов""",formula,half-day-children,201098,BGN
2024,318,ОУДДЕБЕЛЯНОВ,"ОУ ""Д. Дебелянов""",formula,half-day-groups,14578,BGN
2024,318,ОУДДЕБЕЛЯНОВ,"ОУ ""Д. Дебелянов""",formula,reserve,4402,BGN
2024,318,ОУДДЕБЕЛЯНОВ,"ОУ ""Д. Дебелянов""",above,meals-preschool,22181,BGN
2024,318,ОУДДЕБЕЛЯНОВ,"ОУ ""Д. Дебелянов""",above,fees-compensation,41625,BGN
2024,318,ОУДДЕБЕЛЯНОВ,"ОУ ""Д. Дебелянов""",count,pupils,74,
2024,318,ОБУПСЛАВЕЙКОВ,"ОбУ ""П. Славейков""",formula,half-day-children,250014,BGN
2024,318,ОБУПСЛАВЕЙКОВ,"ОбУ ""П. Славейков""",formula,half-day-groups,14578,BGN
2024,318,ОБУПСЛАВЕЙКОВ,"ОбУ ""П. Славейков""",formula,reserve,5400,BGN
2024,318,ОБУПСЛАВЕЙКОВ,"ОбУ ""П. Славейков""",above,meals-preschool,27651,BGN
2024,318,ОБУПСЛАВЕЙКОВ,"ОбУ ""П. Славейков""",above,fees-compensation,51750,BGN
2024,318,ОБУПСЛАВЕЙКОВ,"ОбУ ""П. Славейков""",count,pupils,92,
2024,318,СУНГЕРОВ,"СУ ""H. Геров""",formula,half-day-children,176640,BGN
2024,318,СУНГЕРОВ,"СУ ""H. Геров""",formula,half-day-groups,10934,BGN
2024,318,СУНГЕРОВ,"СУ ""H. Геров""",formula,reserve,3828,BGN
2024,318,СУНГЕРОВ,"СУ ""H. Геров""",above,meals-preschool,19447,BGN
2024,318,СУНГЕРОВ,"СУ ""H. Геров""",above,fees-compensation,36562,BGN
2024,318,СУНГЕРОВ,"СУ ""H. Геров""",count,pupils,65,
2024,318,НУХРБОТЕВ,"HУ ""Хр. Ботев""",formula,half-day-children,62503,BGN
2024,318,НУХРБОТЕВ,"HУ ""Хр. Ботев""",formula,half-day-groups,3645,BGN
2024,318,НУХРБОТЕВ,"HУ ""Хр. Ботев""",formula,reserve,1350,BGN
2024,318,НУХРБОТЕВ,"HУ ""Хр. Ботев""",above,fees-compensation,12938,BGN
2024,318,НУХРБОТЕВ,"HУ ""Хр. Ботев""",count,pupils,23,
2024,318,ОБУЙЙОВКОВ,"ОбУ ""Й. Йовков""",formula,half-day-children,38046,BGN
2024,318,ОБУЙЙОВКОВ,"ОбУ ""Й. Йовков""",formula,half-day-groups,3645,BGN
2024,318,ОБУЙЙОВКОВ,"ОбУ ""Й. Йовков""",formula,reserve,850,BGN
2024,318,ОБУЙЙОВКОВ,"ОбУ ""Й. Йовков""",above,meals-preschool,3342,BGN
2024,318,ОБУЙЙОВКОВ,"ОбУ ""Й. Йовков""",above,fees-compensation,7875,BGN
2024,318,ОБУЙЙОВКОВ,"ОбУ ""Й. Йовков""",count,pupils,14,
2024,318,ОУПВОЛОВ,"ОУ ""П. Волов""",formula,half-day-children,179358,BGN
2024,318,ОУПВОЛОВ,"ОУ ""П. Волов""",formula,half-day-groups,14578,BGN
2024,318,ОУПВОЛОВ,"ОУ ""П. Волов""",formula,reserve,3958,BGN
2024,318,ОУПВОЛОВ,"ОУ ""П. Волов""",above,meals-preschool,19447,BGN
2024,318,ОУПВОЛОВ,"ОУ ""П. Волов""",above,fees-compensation,37125,BGN
2024,318,ОУПВОЛОВ,"ОУ ""П. Волов""",count,pupils,66,
2024,318,СУХРГДАНОВ,"СУ ""Хр. Г. Данов""",formula,full-day-children,201361,BGN
2024,318,СУХРГДАНОВ,"СУ ""Хр. Г. Данов""",formula,full-day-groups,17711,BGN
2024,318,СУХРГДАНОВ,"СУ ""Хр. Г. Данов""",formula,reserve,4470,BGN
2024,318,СУХРГДАНОВ,"СУ ""Хр. Г. Данов""",above,fees-compensation,51625,BGN
2024,318,СУХРГДАНОВ,"СУ ""Хр. Г. Данов""",count,pupils,45,
2024,318,СУБРМИЛАДИНОВИ,"СУ ""Бр. Миладинови""",formula,half-day-children,65221,BGN
2024,318,СУБРМИЛАДИНОВИ,"СУ ""Бр. Миладинови""",formula,half-day-groups,3645,BGN
2024,318,СУБРМИЛАДИНОВИ,"СУ ""Бр. Миладинови""",formula,reserve,1405,BGN
2024,318,СУБРМИЛАДИНОВИ,"СУ ""Бр. Миладинови""",above,meals-preschool,7596,BGN
2024,318,СУБРМИЛАДИНОВИ,"СУ ""Бр. Миладинови""",above,fees-compensation,13500,BGN
2024,318,СУБРМИЛАДИНОВИ,"СУ ""Бр. Миладинови""",count,pupils,24,
2024,318,СУКВЕЛИЧКОВ,"СУ ""К. Величков""",formula,full-day-children,214785,BGN
2024,318,СУКВЕЛИЧКОВ,"СУ ""К. Величков""",formula,full-day-groups,17711,BGN
2024,318,СУКВЕЛИЧКОВ,"СУ ""К. Величков""",formula,reserve,4744,BGN
2024,318,СУКВЕЛИЧКОВ,"СУ ""К. Величков""",above,meals-preschool,14585,BGN
2024,318,СУКВЕЛИЧКОВ,"СУ ""К. Величков""",above,fees-compensation,55067,BGN
2024,318,СУКВЕЛИЧКОВ,"СУ ""К. Величков""",count,pupils,48,
2024,322,ОУАЛКОНСТАНТИНОВ,"ОУ ""Ал. Константинов""",formula,pupils,1786751,BGN
2024,322,ОУАЛКОНСТАНТИНОВ,"ОУ ""Ал. Константинов""",formula,classes,382965,BGN
2024,322,ОУАЛКОНСТАНТИНОВ,"ОУ ""Ал. Константинов""",formula,floor-area,25742,BGN
2024,322,ОУАЛКОНСТАНТИНОВ,"ОУ ""Ал. Константинов""",formula,reserve,13977,BGN
2024,322,ОУАЛКОНСТАНТИНОВ,"ОУ ""Ал. Константинов""",formula,institution,73900,BGN
2024,322,ОУАЛКОНСТАНТИНОВ,"ОУ ""Ал. Константинов""",formula,self-study,3198,BGN
2024,322,ОУАЛКОНСТАНТИНОВ,"ОУ ""Ал. Константинов""",formula,all-day-groups,59636,BGN
2024,322,ОУАЛКОНСТАНТИНОВ,"ОУ ""Ал. Константинов""",formula,all-day-pupils,493486,BGN
2024,322,ОУАЛКОНСТАНТИНОВ,"ОУ ""Ал. Константинов""",above,facilities,20720,BGN
2024,322,ОУАЛКОНСТАНТИНОВ,"ОУ ""Ал. Константинов""",above,meals-school,106046,BGN
2024,322,ОУАЛКОНСТАНТИНОВ,"ОУ ""Ал. Константинов""",above,interests,27526,BGN
2024,322,ОУАЛКОНСТАНТИНОВ,"ОУ ""Ал. Константинов""",above,special-centre,57,BGN
2024,322,ОУАЛКОНСТАНТИНОВ,"ОУ ""Ал. Константинов""",count,pupils,592,
2024,322,ОУВИКТЮТЮНДЖИЯН,"ОУ ""В. и К. Тютюнджиян""",formula,pupils,808867,BGN
2024,322,ОУВИКТЮТЮНДЖИЯН,"ОУ ""В. и К. Тютюнджиян""",formula,classes,199142,BGN
2024,322,ОУВИКТЮТЮНДЖИЯН,"ОУ ""В. и К. Тютюнджиян""",formula,floor-area,8334,BGN
2024,322,ОУВИКТЮТЮНДЖИЯН,"ОУ ""В. и К. Тютюнджиян""",formula,small-school,3840,BGN
2024,322,ОУВИКТЮТЮНДЖИЯН,"ОУ ""В. и К. Тютюнджиян""",formula,reserve,6327,BGN
2024,322,ОУВИКТЮТЮНДЖИЯН,"ОУ ""В. и К. Тютюнджиян""",formula,institution,73900,BGN
2024,322,ОУВИКТЮТЮНДЖИЯН,"ОУ ""В. и К. Тютюнджиян""",formula,all-day-groups,24556,BGN
2024,322,ОУВИКТЮТЮНДЖИЯН,"ОУ ""В. и К. Тютюнджиян""",formula,all-day-pupils,214928,BGN
2024,322,ОУВИКТЮТЮНДЖИЯН,"ОУ ""В. и К. Тютюнджиян""",above,facilities,9380,BGN
2024,322,ОУВИКТЮТЮНДЖИЯН,"ОУ ""В. и К. Тютюнджиян""",above,meals-school,53479,BGN
2024,322,ОУВИКТЮТЮНДЖИЯН,"ОУ ""В. и К. Тютюнджиян""",above,interests,13918,BGN
2024,322,ОУВИКТЮТЮНДЖИЯН,"ОУ ""В. и К. Тютюнджиян""",count,pupils,268,
2024,322,ОУГЕОМИЛЕВ,"ОУ ""Гео Милев""",formula,pupils,322943,BGN
2024,322,ОУГЕОМИЛЕВ,"ОУ ""Гео Милев""",formula,classes,107230,BGN
2024,322,ОУГЕОМИЛЕВ,"ОУ ""Гео Милев""",formula,floor-area,16152,BGN
2024,322,ОУГЕОМИЛЕВ,"ОУ ""Гео Милев""",formula,very-small-school,32500,BGN
2024,322,ОУГЕОМИЛЕВ,"ОУ ""Гео Милев""",formula,reserve,2526,BGN
2024,322,ОУГЕОМИЛЕВ,"ОУ ""Гео Милев""",formula,institution,73900,BGN
2024,322,ОУГЕОМИЛЕВ,"ОУ ""Гео Милев""",formula,individual,17642,BGN
2024,322,ОУГЕОМИЛЕВ,"ОУ ""Гео Милев""",formula,self-study,3198,BGN
2024,322,ОУГЕОМИЛЕВ,"ОУ ""Гео Милев""",formula,all-day-groups,7016,BGN
2024,322,ОУГЕОМИЛЕВ,"ОУ ""Гео Милев""",formula,all-day-pupils,67872,BGN
2024,322,ОУГЕОМИЛЕВ,"ОУ ""Гео Милев""",above,facilities,3745,BGN
2024,322,ОУГЕОМИЛЕВ,"ОУ ""Гео Милев""",above,meals-school,20358,BGN
2024,322,ОУГЕОМИЛЕВ,"ОУ ""Гео Милев""",above,interests,7156,BGN
2024,322,ОУГЕОМИЛЕВ,"ОУ ""Гео Милев""",above,special-centre,57,BGN
2024,322,ОУГЕОМИЛЕВ,"ОУ ""Гео Милев""",count,pupils,107,
2024,322,ОУД-РПБЕРОН,"ОУ ""Д-р П. Берон""",formula,pupils,1149919,BGN
2024,322,ОУД-РПБЕРОН,"ОУ ""Д-р П. Берон""",formula,classes,260416,BGN
2024,322,ОУД-РПБЕРОН,"ОУ ""Д-р П. Берон""",formula,floor-area,15309,BGN
2024,322,ОУД-РПБЕРОН,"ОУ ""Д-р П. Берон""",formula,reserve,8995,BGN
2024,322,ОУД-РПБЕРОН,"ОУ ""Д-р П. Берон""",formula,institution,73900,BGN
2024,322,ОУД-РПБЕРОН,"ОУ ""Д-р П. Берон""",formula,self-study,1066,BGN
2024,322,ОУД-РПБЕРОН,"ОУ ""Д-р П. Берон""",formula,all-day-groups,45604,BGN
2024,322,ОУД-РПБЕРОН,"ОУ ""Д-р П. Берон""",formula,all-day-pupils,400162,BGN
2024,322,ОУД-РПБЕРОН,"ОУ ""Д-р П. Берон""",above,facilities,13335,BGN
2024,322,ОУД-РПБЕРОН,"ОУ ""Д-р П. Берон""",above,meals-school,70191,BGN
2024,322,ОУД-РПБЕРОН,"ОУ ""Д-р П. Берон""",above,interests,18664,BGN
2024,322,ОУД-РПБЕРОН,"ОУ ""Д-р П. Берон""",above,special-centre,38,BGN
2024,322,ОУД-РПБЕРОН,"ОУ ""Д-р П. Берон""",count,pupils,381,
2024,322,ОУДХАДЖИДЕКОВ,"ОУ ""Д. Хаджидеков""",formula,pupils,2622781,BGN
2024,322,ОУДХАДЖИДЕКОВ,"ОУ ""Д. Хаджидеков""",formula,classes,536151,BGN
2024,322,ОУДХАДЖИДЕКОВ,"ОУ ""Д. Хаджидеков""",formula,floor-area,27138,BGN
2024,322,ОУДХАДЖИДЕКОВ,"ОУ ""Д. Хаджидеков""",formula,reserve,20517,BGN
2024,322,ОУДХАДЖИДЕКОВ,"ОУ ""Д. Хаджидеков""",formula,institution,73900,BGN
2024,322,ОУДХАДЖИДЕКОВ,"ОУ ""Д. Хаджидеков""",formula,all-day-groups,70160,BGN
2024,322,ОУДХАДЖИДЕКОВ,"ОУ ""Д. Хаджидеков""",formula,all-day-pupils,643370,BGN
2024,322,ОУДХАДЖИДЕКОВ,"ОУ ""Д. Хаджидеков""",above,facilities,30415,BGN
2024,322,ОУДХАДЖИДЕКОВ,"ОУ ""Д. Хаджидеков""",above,meals-school,147066,BGN
2024,322,ОУДХАДЖИДЕКОВ,"ОУ ""Д. Хаджидеков""",above,interests,39160,BGN
2024,322,ОУДХАДЖИДЕКОВ,"ОУ ""Д. Хаджидеков""",count,pupils,869,
2024,322,ОУЕКЗАРХАНТИМI,"ОУ ""Екзарх Антим I""",formula,pupils,1663006,BGN
2024,322,ОУЕКЗАРХАНТИМI,"ОУ ""Екзарх Антим I""",formula,classes,337009,BGN
2024,322,ОУЕКЗАРХАНТИМI,"ОУ ""Екзарх Антим I""",formula,floor-area,14884,BGN
2024,322,ОУЕКЗАРХАНТИМI,"ОУ ""Екзарх Антим I""",formula,reserve,13009,BGN
2024,322,ОУЕКЗАРХАНТИМI,"ОУ ""Екзарх Антим I""",formula,institution,73900,BGN
2024,322,ОУЕКЗАРХАНТИМI,"ОУ ""Екзарх Антим I""",formula,all-day-groups,45604,BGN
2024,322,ОУЕКЗАРХАНТИМI,"ОУ ""Екзарх Антим I""",formula,all-day-pupils,398748,BGN
2024,322,ОУЕКЗАРХАНТИМI,"ОУ ""Екзарх Антим I""",above,combined-form,2520,BGN
2024,322,ОУЕКЗАРХАНТИМI,"ОУ ""Екзарх Антим I""",above,facilities,19285,BGN
2024,322,ОУЕКЗАРХАНТИМI,"ОУ ""Екзарх Антим I""",above,meals-school,91764,BGN
2024,322,ОУЕКЗАРХАНТИМI,"ОУ ""Екзарх Антим I""",above,interests,25804,BGN
2024,322,ОУЕКЗАРХАНТИМI,"ОУ ""Екзарх Антим I""",count,pupils,551,
2024,322,ОУКОЧОЧЕСТЕМЕНСКИ,"ОУ ""Кочо Честеменски""",formula,pupils,1690170,BGN
2024,322,ОУКОЧОЧЕСТЕМЕНСКИ,"ОУ ""Кочо Честеменски""",formula,classes,352328,BGN
2024,322,ОУКОЧОЧЕСТЕМЕНСКИ,"ОУ ""Кочо Честеменски""",formula,floor-area,17194,BGN
2024,322,ОУКОЧОЧЕСТЕМЕНСКИ,"ОУ ""Кочо Честеменски""",formula,reserve,13222,BGN
2024,322,ОУКОЧОЧЕСТЕМЕНСКИ,"ОУ ""Кочо Честеменски""",formula,institution,73900,BGN
2024,322,ОУКОЧОЧЕСТЕМЕНСКИ,"ОУ ""Кочо Честеменски""",formula,individual,26463,BGN
2024,322,ОУКОЧОЧЕСТЕМЕНСКИ,"ОУ ""Кочо Честеменски""",formula,all-day-groups,49112,BGN
2024,322,ОУКОЧОЧЕСТЕМЕНСКИ,"ОУ ""Кочо Честеменски""",formula,all-day-pupils,424200,BGN
2024,322,ОУКОЧОЧЕСТЕМЕНСКИ,"ОУ ""Кочо Честеменски""",above,facilities,19600,BGN
2024,322,ОУКОЧОЧЕСТЕМЕНСКИ,"ОУ ""Кочо Честеменски""",above,meals-school,101488,BGN
2024,322,ОУКОЧОЧЕСТЕМЕНСКИ,"ОУ ""Кочо Честеменски""",above,interests,26182,BGN
2024,322,ОУКОЧОЧЕСТЕМЕНСКИ,"ОУ ""Кочо Честеменски""",count,pupils,560,
2024,322,СУЛКАРАВЕЛОВ,"СУ ""Л. Каравелов""",formula,pupils,724358,BGN
2024,322,СУЛКАРАВЕЛОВ,"СУ ""Л. Каравелов""",formula,classes,153186,BGN
2024,322,СУЛКАРАВЕЛОВ,"СУ ""Л. Каравелов""",formula,floor-area,44633,BGN
2024,322,СУЛКАРАВЕЛОВ,"СУ ""Л. Каравелов""",formula,arts-class-supplement,31400,BGN
2024,322,СУЛКАРАВЕЛОВ,"СУ ""Л. Каравелов""",formula,small-school,7200,BGN
2024,322,СУЛКАРАВЕЛОВ,"СУ ""Л. Каравелов""",formula,pool,54600,BGN
2024,322,СУЛКАРАВЕЛОВ,"СУ ""Л. Каравелов""",formula,reserve,5666,BGN
2024,322,СУЛКАРАВЕЛОВ,"СУ ""Л. Каравелов""",formula,institution,73900,BGN
2024,322,СУЛКАРАВЕЛОВ,"СУ ""Л. Каравелов""",formula,arts-pupils,1296000,BGN
2024,322,СУЛКАРАВЕЛОВ,"СУ ""Л. Каравелов""",formula,arts-classes,156680,BGN
2024,322,СУЛКАРАВЕЛОВ,"СУ ""Л. Каравелов""",formula,self-study,4264,BGN
2024,322,СУЛКАРАВЕЛОВ,"СУ ""Л. Каравелов""",formula,all-day-groups,28064,BGN
2024,322,СУЛКАРАВЕЛОВ,"СУ ""Л. Каравелов""",formula,all-day-pupils,268660,BGN
2024,322,СУЛКАРАВЕЛОВ,"СУ ""Л. Каравелов""",above,combined-form,10080,BGN
2024,322,СУЛКАРАВЕЛОВ,"СУ ""Л. Каравелов""",above,facilities,15960,BGN
2024,322,СУЛКАРАВЕЛОВ,"СУ ""Л. Каравелов""",above,meals-school,29170,BGN
2024,322,СУЛКАРАВЕЛОВ,"СУ ""Л. Каравелов""",above,music,215280,BGN
2024,322,СУЛКАРАВЕЛОВ,"СУ ""Л. Каравелов""",above,upper-secondary,27864,BGN
2024,322,СУЛКАРАВЕЛОВ,"СУ ""Л. Каравелов""",above,interests,21814,BGN
2024,322,СУЛКАРАВЕЛОВ,"СУ ""Л. Каравелов""",above,special-centre,19,BGN
2024,322,СУЛКАРАВЕЛОВ,"СУ ""Л. Каравелов""",above,scholarships,21600,BGN
2024,322,СУЛКАРАВЕЛОВ,"СУ ""Л. Каравелов""",count,pupils,240,
2024,322,ОУКНЯЗАЛЕКСАНДЪРI,"ОУ ""Княз Александър I""",formula,pupils,3051360,BGN
2024,322,ОУКНЯЗАЛЕКСАНДЪРI,"ОУ ""Княз Александър I""",formula,classes,597425,BGN
2024,322,ОУКНЯЗАЛЕКСАНДЪРI,"ОУ ""Княз Александър I""",formula,floor-area,44486,BGN
2024,322,ОУКНЯЗАЛЕКСАНДЪРI,"ОУ ""Княз Александър I""",formula,reserve,23870,BGN
2024,322,ОУКНЯЗАЛЕКСАНДЪРI,"ОУ ""Княз Александър I""",formula,institution,73900,BGN
2024,322,ОУКНЯЗАЛЕКСАНДЪРI,"ОУ ""Княз Александър I""",formula,individual,8821,BGN
2024,322,ОУКНЯЗАЛЕКСАНДЪРI,"ОУ ""Княз Александър I""",formula,all-day-groups,52620,BGN
2024,322,ОУКНЯЗАЛЕКСАНДЪРI,"ОУ ""Княз Александър I""",formula,all-day-pupils,452480,BGN
2024,322,ОУКНЯЗАЛЕКСАНДЪРI,"ОУ ""Княз Александър I""",above,facilities,35385,BGN
2024,322,ОУКНЯЗАЛЕКСАНДЪРI,"ОУ ""Княз Александър I""",above,meals-school,118504,BGN
2024,322,ОУКНЯЗАЛЕКСАНДЪРI,"ОУ ""Княз Александър I""",above,interests,45124,BGN
2024,322,ОУКНЯЗАЛЕКСАНДЪРI,"ОУ ""Княз Александър I""",count,pupils,1011,
2024,322,ХГСВСВКИРИЛИМЕТОДИЙ,"ХГ ""Св. Св. Кирил и Методий""",formula,pupils,2861216,BGN
2024,322,ХГСВСВКИРИЛИМЕТОДИЙ,"ХГ ""Св. Св. Кирил и Методий""",formula,classes,536151,BGN
2024,322,ХГСВСВКИРИЛИМЕТОДИЙ,"ХГ ""Св. Св. Кирил и Методий""",formula,floor-area,44315,BGN
2024,322,ХГСВСВКИРИЛИМЕТОДИЙ,"ХГ ""Св. Св. Кирил и Методий""",formula,reserve,22382,BGN
2024,322,ХГСВСВКИРИЛИМЕТОДИЙ,"ХГ ""Св. Св. Кирил и Методий""",formula,institution,73900,BGN
2024,322,ХГСВСВКИРИЛИМЕТОДИЙ,"ХГ ""Св. Св. Кирил и Методий""",above,facilities,33180,BGN
2024,322,ХГСВСВКИРИЛИМЕТОДИЙ,"ХГ ""Св. Св. Кирил и Методий""",above,upper-secondary,122292,BGN
2024,322,ХГСВСВКИРИЛИМЕТОДИЙ,"ХГ ""Св. Св. Кирил и Методий""",above,interests,42478,BGN
2024,322,ХГСВСВКИРИЛИМЕТОДИЙ,"ХГ ""Св. Св. Кирил и Методий""",above,scholarships,94800,BGN
2024,322,ХГСВСВКИРИЛИМЕТОДИЙ,"ХГ ""Св. Св. Кирил и Методий""",count,pupils,948,
2024,322,СУСВПХИЛЕНДАРСКИ,"СУ ""Св. П. Хилендарски""",formula,pupils,2396419,BGN
2024,322,СУСВПХИЛЕНДАРСКИ,"СУ ""Св. П. Хилендарски""",formula,classes,505514,BGN
2024,322,СУСВПХИЛЕНДАРСКИ,"СУ ""Св. П. Хилендарски""",formula,floor-area,30957,BGN
2024,322,СУСВПХИЛЕНДАРСКИ,"СУ ""Св. П. Хилендарски""",formula,reserve,18746,BGN
2024,322,СУСВПХИЛЕНДАРСКИ,"СУ ""Св. П. Хилендарски""",formula,institution,73900,BGN
2024,322,СУСВПХИЛЕНДАРСКИ,"СУ ""Св. П. Хилендарски""",formula,individual,8821,BGN
2024,322,СУСВПХИЛЕНДАРСКИ,"СУ ""Св. П. Хилендарски""",formula,self-study,1066,BGN
2024,322,СУСВПХИЛЕНДАРСКИ,"СУ ""Св. П. Хилендарски""",formula,all-day-groups,38588,BGN
2024,322,СУСВПХИЛЕНДАРСКИ,"СУ ""Св. П. Хилендарски""",formula,all-day-pupils,347844,BGN
2024,322,СУСВПХИЛЕНДАРСКИ,"СУ ""Св. П. Хилендарски""",above,combined-form,10080,BGN
2024,322,СУСВПХИЛЕНДАРСКИ,"СУ ""Св. П. Хилендарски""",above,facilities,27790,BGN
2024,322,СУСВПХИЛЕНДАРСКИ,"СУ ""Св. П. Хилендарски""",above,meals-school,82649,BGN
2024,322,СУСВПХИЛЕНДАРСКИ,"СУ ""Св. П. Хилендарски""",above,upper-secondary,32895,BGN
2024,322,СУСВПХИЛЕНДАРСКИ,"СУ ""Св. П. Хилендарски""",above,interests,36010,BGN
2024,322,СУСВПХИЛЕНДАРСКИ,"СУ ""Св. П. Хилендарски""",above,special-centre,38,BGN
2024,322,СУСВПХИЛЕНДАРСКИ,"СУ ""Св. П. Хилендарски""",above,scholarships,25500,BGN
2024,322,СУСВПХИЛЕНДАРСКИ,"СУ ""Св. П. Хилендарски""",count,pupils,794,
2024,322,СУСВКЛИМЕНТОХРИДСКИ,"СУ ""Св. Климент Охридски""",formula,pupils,1545298,BGN
2024,322,СУСВКЛИМЕНТОХРИДСКИ,"СУ ""Св. Климент Охридски""",formula,classes,321691,BGN
2024,322,СУСВКЛИМЕНТОХРИДСКИ,"СУ ""Св. Климент Охридски""",formula,floor-area,33616,BGN
2024,322,СУСВКЛИМЕНТОХРИДСКИ,"СУ ""Св. Климент Охридски""",formula,reserve,12088,BGN
2024,322,СУСВКЛИМЕНТОХРИДСКИ,"СУ ""Св. Климент Охридски""",formula,institution,73900,BGN
2024,322,СУСВКЛИМЕНТОХРИДСКИ,"СУ ""Св. Климент Охридски""",formula,self-study,9594,BGN
2024,322,СУСВКЛИМЕНТОХРИДСКИ,"СУ ""Св. Климент Охридски""",formula,all-day-groups,17540,BGN
2024,322,СУСВКЛИМЕНТОХРИДСКИ,"СУ ""Св. Климент Охридски""",formula,all-day-pupils,141400,BGN
2024,322,СУСВКЛИМЕНТОХРИДСКИ,"СУ ""Св. Климент Охридски""",above,combined-form,12600,BGN
2024,322,СУСВКЛИМЕНТОХРИДСКИ,"СУ ""Св. Климент Охридски""",above,facilities,17920,BGN
2024,322,СУСВКЛИМЕНТОХРИДСКИ,"СУ ""Св. Климент Охридски""",above,meals-school,24612,BGN
2024,322,СУСВКЛИМЕНТОХРИДСКИ,"СУ ""Св. Климент Охридски""",above,upper-secondary,45279,BGN
2024,322,СУСВКЛИМЕНТОХРИДСКИ,"СУ ""Св. Климент Охридски""",above,interests,24166,BGN
2024,322,СУСВКЛИМЕНТОХРИДСКИ,"СУ ""Св. Климент Охридски""",above,special-centre,57,BGN
2024,322,СУСВКЛИМЕНТОХРИДСКИ,"СУ ""Св. Климент Охридски""",above,scholarships,35100,BGN
2024,322,СУСВКЛИМЕНТОХРИДСКИ,"СУ ""Св. Климент Охридски""",count,pupils,512,
2024,322,СУСВПАТРИАРХЕВТИМИЙ,"СУ ""Св. Патриарх Евтимий""",formula,pupils,4500077,BGN
2024,322,СУСВПАТРИАРХЕВТИМИЙ,"СУ ""Св. Патриарх Евтимий""",formula,classes,903797,BGN
2024,322,СУСВПАТРИАРХЕВТИМИЙ,"СУ ""Св. Патриарх Евтимий""",formula,floor-area,70327,BGN
2024,322,СУСВПАТРИАРХЕВТИМИЙ,"СУ ""Св. Патриарх Евтимий""",formula,reserve,35204,BGN
2024,322,СУСВПАТРИАРХЕВТИМИЙ,"СУ ""Св. Патриарх Евтимий""",formula,institution,73900,BGN
2024,322,СУСВПАТРИАРХЕВТИМИЙ,"СУ ""Св. Патриарх Евтимий""",formula,all-day-groups,42096,BGN
2024,322,СУСВПАТРИАРХЕВТИМИЙ,"СУ ""Св. Патриарх Евтимий""",formula,all-day-pupils,378952,BGN
2024,322,СУСВПАТРИАРХЕВТИМИЙ,"СУ ""Св. Патриарх Евтимий""",above,facilities,52185,BGN
2024,322,СУСВПАТРИАРХЕВТИМИЙ,"СУ ""Св. Патриарх Евтимий""",above,meals-school,95107,BGN
2024,322,СУСВПАТРИАРХЕВТИМИЙ,"СУ ""Св. Патриарх Евтимий""",above,upper-secondary,73014,BGN
2024,322,СУСВПАТРИАРХЕВТИМИЙ,"СУ ""Св. Патриарх Евтимий""",above,interests,65284,BGN
2024,322,СУСВПАТРИАРХЕВТИМИЙ,"СУ ""Св. Патриарх Евтимий""",above,special-centre,57,BGN
2024,322,СУСВПАТРИАРХЕВТИМИЙ,"СУ ""Св. Патриарх Евтимий""",above,scholarships,56600,BGN
2024,322,СУСВПАТРИАРХЕВТИМИЙ,"СУ ""Св. Патриарх Евтимий""",count,pupils,1491,
2024,322,СУЦАРСИМЕОНВЕЛИКИ,"СУ ""Цар Симеон Велики""",formula,pupils,1228391,BGN
2024,322,СУЦАРСИМЕОНВЕЛИКИ,"СУ ""Цар Симеон Велики""",formula,classes,260416,BGN
2024,322,СУЦАРСИМЕОНВЕЛИКИ,"СУ ""Цар Симеон Велики""",formula,floor-area,29296,BGN
2024,322,СУЦАРСИМЕОНВЕЛИКИ,"СУ ""Цар Симеон Велики""",formula,reserve,9609,BGN
2024,322,СУЦАРСИМЕОНВЕЛИКИ,"СУ ""Цар Симеон Велики""",formula,institution,73900,BGN
2024,322,СУЦАРСИМЕОНВЕЛИКИ,"СУ ""Цар Симеон Велики""",formula,self-study,10660,BGN
2024,322,СУЦАРСИМЕОНВЕЛИКИ,"СУ ""Цар Симеон Велики""",formula,all-day-groups,14032,BGN
2024,322,СУЦАРСИМЕОНВЕЛИКИ,"СУ ""Цар Симеон Велики""",formula,all-day-pupils,144228,BGN
2024,322,СУЦАРСИМЕОНВЕЛИКИ,"СУ ""Цар Симеон Велики""",above,facilities,14245,BGN
2024,322,СУЦАРСИМЕОНВЕЛИКИ,"СУ ""Цар Симеон Велики""",above,meals-school,32209,BGN
2024,322,СУЦАРСИМЕОНВЕЛИКИ,"СУ ""Цар Симеон Велики""",above,upper-secondary,29799,BGN
2024,322,СУЦАРСИМЕОНВЕЛИКИ,"СУ ""Цар Симеон Велики""",above,interests,19756,BGN
2024,322,СУЦАРСИМЕОНВЕЛИКИ,"СУ ""Цар Симеон Велики""",above,special-centre,38,BGN
2024,322,СУЦАРСИМЕОНВЕЛИКИ,"СУ ""Цар Симеон Велики""",above,scholarships,23100,BGN
2024,322,СУЦАРСИМЕОНВЕЛИКИ,"СУ ""Цар Симеон Велики""",count,pupils,407,
2024,322,НУКИРИЛНЕКТАРИЕВ,"HУ ""Кирил Hектариев""",formula,pupils,564396,BGN
2024,322,НУКИРИЛНЕКТАРИЕВ,"HУ ""Кирил Hектариев""",formula,classes,153186,BGN
2024,322,НУКИРИЛНЕКТАРИЕВ,"HУ ""Кирил Hектариев""",formula,floor-area,19989,BGN
2024,322,НУКИРИЛНЕКТАРИЕВ,"HУ ""Кирил Hектариев""",formula,small-school,13560,BGN
2024,322,НУКИРИЛНЕКТАРИЕВ,"HУ ""Кирил Hектариев""",formula,reserve,4415,BGN
2024,322,НУКИРИЛНЕКТАРИЕВ,"HУ ""Кирил Hектариев""",formula,institution,73900,BGN
2024,322,НУКИРИЛНЕКТАРИЕВ,"HУ ""Кирил Hектариев""",formula,all-day-groups,14032,BGN
2024,322,НУКИРИЛНЕКТАРИЕВ,"HУ ""Кирил Hектариев""",formula,all-day-pupils,141400,BGN
2024,322,НУКИРИЛНЕКТАРИЕВ,"HУ ""Кирил Hектариев""",above,facilities,6545,BGN
2024,322,НУКИРИЛНЕКТАРИЕВ,"HУ ""Кирил Hектариев""",above,meals-school,56821,BGN
2024,322,НУКИРИЛНЕКТАРИЕВ,"HУ ""Кирил Hектариев""",above,interests,10516,BGN
2024,322,НУКИРИЛНЕКТАРИЕВ,"HУ ""Кирил Hектариев""",count,pupils,187,
2024,322,НУПРСЛАВЕЙКОВ,"HУ ""П. Р. Славейков""",formula,pupils,1065410,BGN
2024,322,НУПРСЛАВЕЙКОВ,"HУ ""П. Р. Славейков""",formula,classes,229779,BGN
2024,322,НУПРСЛАВЕЙКОВ,"HУ ""П. Р. Славейков""",formula,floor-area,12911,BGN
2024,322,НУПРСЛАВЕЙКОВ,"HУ ""П. Р. Славейков""",formula,reserve,8334,BGN
2024,322,НУПРСЛАВЕЙКОВ,"HУ ""П. Р. Славейков""",formula,institution,73900,BGN
2024,322,НУПРСЛАВЕЙКОВ,"HУ ""П. Р. Славейков""",formula,all-day-groups,49112,BGN
2024,322,НУПРСЛАВЕЙКОВ,"HУ ""П. Р. Славейков""",formula,all-day-pupils,476518,BGN
2024,322,НУПРСЛАВЕЙКОВ,"HУ ""П. Р. Славейков""",above,facilities,12355,BGN
2024,322,НУПРСЛАВЕЙКОВ,"HУ ""П. Р. Славейков""",above,meals-school,107261,BGN
2024,322,НУПРСЛАВЕЙКОВ,"HУ ""П. Р. Славейков""",above,interests,17488,BGN
2024,322,НУПРСЛАВЕЙКОВ,"HУ ""П. Р. Славейков""",above,special-centre,19,BGN
2024,322,НУПРСЛАВЕЙКОВ,"HУ ""П. Р. Славейков""",count,pupils,353,
2024,322,ОУВЛЕВСКИ,"ОУ ""В. Левски""",formula,pupils,1832023,BGN
2024,322,ОУВЛЕВСКИ,"ОУ ""В. Левски""",formula,classes,382965,BGN
2024,322,ОУВЛЕВСКИ,"ОУ ""В. Левски""",formula,floor-area,24896,BGN
2024,322,ОУВЛЕВСКИ,"ОУ ""В. Левски""",formula,reserve,14331,BGN
2024,322,ОУВЛЕВСКИ,"ОУ ""В. Левски""",formula,institution,73900,BGN
2024,322,ОУВЛЕВСКИ,"ОУ ""В. Левски""",formula,individual,8821,BGN
2024,322,ОУВЛЕВСКИ,"ОУ ""В. Левски""",formula,all-day-groups,49112,BGN
2024,322,ОУВЛЕВСКИ,"ОУ ""В. Левски""",formula,all-day-pupils,439754,BGN
2024,322,ОУВЛЕВСКИ,"ОУ ""В. Левски""",above,combined-form,2520,BGN
2024,322,ОУВЛЕВСКИ,"ОУ ""В. Левски""",above,facilities,21245,BGN
2024,322,ОУВЛЕВСКИ,"ОУ ""В. Левски""",above,meals-school,86903,BGN
2024,322,ОУВЛЕВСКИ,"ОУ ""В. Левски""",above,interests,28156,BGN
2024,322,ОУВЛЕВСКИ,"ОУ ""В. Левски""",above,special-centre,19,BGN
2024,322,ОУВЛЕВСКИ,"ОУ ""В. Левски""",count,pupils,607,
2024,322,ОУДДЕБЕЛЯНОВ,"ОУ ""Д. Дебелянов""",formula,pupils,1641879,BGN
2024,322,ОУДДЕБЕЛЯНОВ,"ОУ ""Д. Дебелянов""",formula,classes,382965,BGN
2024,322,ОУДДЕБЕЛЯНОВ,"ОУ ""Д. Дебелянов""",formula,floor-area,46319,BGN
2024,322,ОУДДЕБЕЛЯНОВ,"ОУ ""Д. Дебелянов""",formula,reserve,12844,BGN
2024,322,ОУДДЕБЕЛЯНОВ,"ОУ ""Д. Дебелянов""",formula,institution,73900,BGN
2024,322,ОУДДЕБЕЛЯНОВ,"ОУ ""Д. Дебелянов""",formula,individual,26463,BGN
2024,322,ОУДДЕБЕЛЯНОВ,"ОУ ""Д. Дебелянов""",formula,self-study,1066,BGN
2024,322,ОУДДЕБЕЛЯНОВ,"ОУ ""Д. Дебелянов""",formula,all-day-groups,31572,BGN
2024,322,ОУДДЕБЕЛЯНОВ,"ОУ ""Д. Дебелянов""",formula,all-day-pupils,284214,BGN
2024,322,ОУДДЕБЕЛЯНОВ,"ОУ ""Д. Дебелянов""",above,facilities,19040,BGN
2024,322,ОУДДЕБЕЛЯНОВ,"ОУ ""Д. Дебелянов""",above,meals-school,94803,BGN
2024,322,ОУДДЕБЕЛЯНОВ,"ОУ ""Д. Дебелянов""",above,interests,25510,BGN
2024,322,ОУДДЕБЕЛЯНОВ,"ОУ ""Д. Дебелянов""",above,special-centre,19,BGN
2024,322,ОУДДЕБЕЛЯНОВ,"ОУ ""Д. Дебелянов""",count,pupils,544,
2024,322,ОБУПСЛАВЕЙКОВ,"ОбУ ""П. Славейков""",formula,pupils,1605661,BGN
2024,322,ОБУПСЛАВЕЙКОВ,"ОбУ ""П. Славейков""",formula,classes,413602,BGN
2024,322,ОБУПСЛАВЕЙКОВ,"ОбУ ""П. Славейков""",formula,floor-area,37630,BGN
2024,322,ОБУПСЛАВЕЙКОВ,"ОбУ ""П. Славейков""",formula,reserve,12561,BGN
2024,322,ОБУПСЛАВЕЙКОВ,"ОбУ ""П. Славейков""",formula,institution,73900,BGN
2024,322,ОБУПСЛАВЕЙКОВ,"ОбУ ""П. Славейков""",formula,individual,8821,BGN
2024,322,ОБУПСЛАВЕЙКОВ,"ОбУ ""П. Славейков""",formula,self-study,163098,BGN
2024,322,ОБУПСЛАВЕЙКОВ,"ОбУ ""П. Славейков""",formula,all-day-groups,24556,BGN
2024,322,ОБУПСЛАВЕЙКОВ,"ОбУ ""П. Славейков""",formula,all-day-pupils,183820,BGN
2024,322,ОБУПСЛАВЕЙКОВ,"ОбУ ""П. Славейков""",above,facilities,18620,BGN
2024,322,ОБУПСЛАВЕЙКОВ,"ОбУ ""П. Славейков""",above,meals-school,83864,BGN
2024,322,ОБУПСЛАВЕЙКОВ,"ОбУ ""П. Славейков""",above,interests,25006,BGN
2024,322,ОБУПСЛАВЕЙКОВ,"ОбУ ""П. Славейков""",count,pupils,532,
2024,322,СУНГЕРОВ,"СУ ""H. Геров""",formula,pupils,2007076,BGN
2024,322,СУНГЕРОВ,"СУ ""H. Геров""",formula,classes,520832,BGN
2024,322,СУНГЕРОВ,"СУ ""H. Геров""",formula,floor-area,32685,BGN
2024,322,СУНГЕРОВ,"СУ ""H. Геров""",formula,reserve,15701,BGN
2024,322,СУНГЕРОВ,"СУ ""H. Геров""",formula,institution,73900,BGN
2024,322,СУНГЕРОВ,"СУ ""H. Геров""",formula,self-study,178022,BGN
2024,322,СУНГЕРОВ,"СУ ""H. Геров""",formula,all-day-groups,28064,BGN
2024,322,СУНГЕРОВ,"СУ ""H. Геров""",formula,all-day-pupils,244622,BGN
2024,322,СУНГЕРОВ,"СУ ""H. Геров""",above,facilities,23275,BGN
2024,322,СУНГЕРОВ,"СУ ""H. Геров""",above,meals-school,56213,BGN
2024,322,СУНГЕРОВ,"СУ ""H. Геров""",above,upper-secondary,38829,BGN
2024,322,СУНГЕРОВ,"СУ ""H. Геров""",above,interests,30592,BGN
2024,322,СУНГЕРОВ,"СУ ""H. Геров""",above,special-centre,57,BGN
2024,322,СУНГЕРОВ,"СУ ""H. Геров""",above,scholarships,30100,BGN
2024,322,СУНГЕРОВ,"СУ ""H. Геров""",count,pupils,665,
2024,322,СУСБОЛИВАР,"СУ ""С. Боливар""",formula,pupils,992975,BGN
2024,322,СУСБОЛИВАР,"СУ ""С. Боливар""",formula,classes,260416,BGN
2024,322,СУСБОЛИВАР,"СУ ""С. Боливар""",formula,floor-area,43825,BGN
2024,322,СУСБОЛИВАР,"СУ ""С. Боливар""",formula,reserve,7768,BGN
2024,322,СУСБОЛИВАР,"СУ ""С. Боливар""",formula,institution,73900,BGN
2024,322,СУСБОЛИВАР,"СУ ""С. Боливар""",formula,individual,44105,BGN
2024,322,СУСБОЛИВАР,"СУ ""С. Боливар""",formula,all-day-groups,24556,BGN
2024,322,СУСБОЛИВАР,"СУ ""С. Боливар""",formula,all-day-pupils,219170,BGN
2024,322,СУСБОЛИВАР,"СУ ""С. Боливар""",above,facilities,11515,BGN
2024,322,СУСБОЛИВАР,"СУ ""С. Боливар""",above,meals-school,51048,BGN
2024,322,СУСБОЛИВАР,"СУ ""С. Боливар""",above,upper-secondary,8127,BGN
2024,322,СУСБОЛИВАР,"СУ ""С. Боливар""",above,interests,16480,BGN
2024,322,СУСБОЛИВАР,"СУ ""С. Боливар""",above,special-centre,76,BGN
2024,322,СУСБОЛИВАР,"СУ ""С. Боливар""",above,scholarships,6500,BGN
2024,322,СУСБОЛИВАР,"СУ ""С. Боливар""",count,pupils,329,
2024,322,ОУВПЕТЛЕШКОВ,"ОУ ""В. Петлешков""",formula,pupils,1324972,BGN
2024,322,ОУВПЕТЛЕШКОВ,"ОУ ""В. Петлешков""",formula,classes,275735,BGN
2024,322,ОУВПЕТЛЕШКОВ,"ОУ ""В. Петлешков""",formula,floor-area,14369,BGN
2024,322,ОУВПЕТЛЕШКОВ,"ОУ ""В. Петлешков""",formula,reserve,10365,BGN
2024,322,ОУВПЕТЛЕШКОВ,"ОУ ""В. Петлешков""",formula,institution,73900,BGN
2024,322,ОУВПЕТЛЕШКОВ,"ОУ ""В. Петлешков""",formula,individual,8821,BGN
2024,322,ОУВПЕТЛЕШКОВ,"ОУ ""В. Петлешков""",formula,all-day-groups,42096,BGN
2024,322,ОУВПЕТЛЕШКОВ,"ОУ ""В. Петлешков""",formula,all-day-pupils,390264,BGN
2024,322,ОУВПЕТЛЕШКОВ,"ОУ ""В. Петлешков""",above,facilities,15365,BGN
2024,322,ОУВПЕТЛЕШКОВ,"ОУ ""В. Петлешков""",above,meals-school,78699,BGN
2024,322,ОУВПЕТЛЕШКОВ,"ОУ ""В. Петлешков""",above,interests,21100,BGN
2024,322,ОУВПЕТЛЕШКОВ,"ОУ ""В. Петлешков""",count,pupils,439,
2024,322,ОУДРАГАНМАНЧОВ,"ОУ ""Драган Манчов""",formula,pupils,1687151,BGN
2024,322,ОУДРАГАНМАНЧОВ,"ОУ ""Драган Манчов""",formula,classes,337009,BGN
2024,322,ОУДРАГАНМАНЧОВ,"ОУ ""Драган Манчов""",formula,floor-area,37133,BGN
2024,322,ОУДРАГАНМАНЧОВ,"ОУ ""Драган Манчов""",formula,reserve,13198,BGN
2024,322,ОУДРАГАНМАНЧОВ,"ОУ ""Драган Манчов""",formula,institution,73900,BGN
2024,322,ОУДРАГАНМАНЧОВ,"ОУ ""Драган Манчов""",formula,all-day-groups,45604,BGN
2024,322,ОУДРАГАНМАНЧОВ,"ОУ ""Драган Манчов""",formula,all-day-pupils,451066,BGN
2024,322,ОУДРАГАНМАНЧОВ,"ОУ ""Драган Манчов""",above,combined-form,7560,BGN
2024,322,ОУДРАГАНМАНЧОВ,"ОУ ""Драган Манчов""",above,facilities,19565,BGN
2024,322,ОУДРАГАНМАНЧОВ,"ОУ ""Драган Манчов""",above,meals-school,105134,BGN
2024,322,ОУДРАГАНМАНЧОВ,"ОУ ""Драган Манчов""",above,interests,26140,BGN
2024,322,ОУДРАГАНМАНЧОВ,"ОУ ""Драган Манчов""",count,pupils,559,
2024,322,ОУЕПЕЛИН,"ОУ ""Е. Пелин""",formula,pupils,1116719,BGN
2024,322,ОУЕПЕЛИН,"ОУ ""Е. Пелин""",formula,classes,245098,BGN
2024,322,ОУЕПЕЛИН,"ОУ ""Е. Пелин""",formula,floor-area,14669,BGN
2024,322,ОУЕПЕЛИН,"ОУ ""Е. Пелин""",formula,reserve,8736,BGN
2024,322,ОУЕПЕЛИН,"ОУ ""Е. Пелин""",formula,institution,73900,BGN
2024,322,ОУЕПЕЛИН,"ОУ ""Е. Пелин""",formula,self-study,8528,BGN
2024,322,ОУЕПЕЛИН,"ОУ ""Е. Пелин""",formula,all-day-groups,35080,BGN
2024,322,ОУЕПЕЛИН,"ОУ ""Е. Пелин""",formula,all-day-pupils,301182,BGN
2024,322,ОУЕПЕЛИН,"ОУ ""Е. Пелин""",above,combined-form,10080,BGN
2024,322,ОУЕПЕЛИН,"ОУ ""Е. Пелин""",above,facilities,12950,BGN
2024,322,ОУЕПЕЛИН,"ОУ ""Е. Пелин""",above,meals-school,68064,BGN
2024,322,ОУЕПЕЛИН,"ОУ ""Е. Пелин""",above,interests,18202,BGN
2024,322,ОУЕПЕЛИН,"ОУ ""Е. Пелин""",above,special-centre,95,BGN
2024,322,ОУЕПЕЛИН,"ОУ ""Е. Пелин""",count,pupils,370,
2024,322,ОУТКАБЛЕШКОВ,"ОУ ""Т. Каблешков""",formula,pupils,588541,BGN
2024,322,ОУТКАБЛЕШКОВ,"ОУ ""Т. Каблешков""",formula,classes,153186,BGN
2024,322,ОУТКАБЛЕШКОВ,"ОУ ""Т. Каблешков""",formula,floor-area,13082,BGN
2024,322,ОУТКАБЛЕШКОВ,"ОУ ""Т. Каблешков""",formula,small-school,12600,BGN
2024,322,ОУТКАБЛЕШКОВ,"ОУ ""Т. Каблешков""",formula,reserve,4604,BGN
2024,322,ОУТКАБЛЕШКОВ,"ОУ ""Т. Каблешков""",formula,institution,73900,BGN
2024,322,ОУТКАБЛЕШКОВ,"ОУ ""Т. Каблешков""",formula,individual,8821,BGN
2024,322,ОУТКАБЛЕШКОВ,"ОУ ""Т. Каблешков""",formula,self-study,1066,BGN
2024,322,ОУТКАБЛЕШКОВ,"ОУ ""Т. Каблешков""",formula,all-day-groups,31572,BGN
2024,322,ОУТКАБЛЕШКОВ,"ОУ ""Т. Каблешков""",formula,all-day-pupils,230482,BGN
2024,322,ОУТКАБЛЕШКОВ,"ОУ ""Т. Каблешков""",above,combined-form,2520,BGN
2024,322,ОУТКАБЛЕШКОВ,"ОУ ""Т. Каблешков""",above,facilities,6825,BGN
2024,322,ОУТКАБЛЕШКОВ,"ОУ ""Т. Каблешков""",above,meals-school,39197,BGN
2024,322,ОУТКАБЛЕШКОВ,"ОУ ""Т. Каблешков""",above,interests,10852,BGN
2024,322,ОУТКАБЛЕШКОВ,"ОУ ""Т. Каблешков""",above,special-centre,19,BGN
2024,322,ОУТКАБЛЕШКОВ,"ОУ ""Т. Каблешков""",count,pupils,195,
2024,322,СУСВСВКИРИЛИМЕТОДИЙ,"СУ ""Св. Св. Кирил и Методий""",formula,pupils,917521,BGN
2024,322,СУСВСВКИРИЛИМЕТОДИЙ,"СУ ""Св. Св. Кирил и Методий""",formula,classes,214460,BGN
2024,322,СУСВСВКИРИЛИМЕТОДИЙ,"СУ ""Св. Св. Кирил и Методий""",formula,floor-area,36051,BGN
2024,322,СУСВСВКИРИЛИМЕТОДИЙ,"СУ ""Св. Св. Кирил и Методий""",formula,reserve,7177,BGN
2024,322,СУСВСВКИРИЛИМЕТОДИЙ,"СУ ""Св. Св. Кирил и Методий""",formula,institution,73900,BGN
2024,322,СУСВСВКИРИЛИМЕТОДИЙ,"СУ ""Св. Св. Кирил и Методий""",formula,all-day-groups,31572,BGN
2024,322,СУСВСВКИРИЛИМЕТОДИЙ,"СУ ""Св. Св. Кирил и Методий""",formula,all-day-pupils,250278,BGN
2024,322,СУСВСВКИРИЛИМЕТОДИЙ,"СУ ""Св. Св. Кирил и Методий""",above,combined-form,2520,BGN
2024,322,СУСВСВКИРИЛИМЕТОДИЙ,"СУ ""Св. Св. Кирил и Методий""",above,facilities,10640,BGN
2024,322,СУСВСВКИРИЛИМЕТОДИЙ,"СУ ""Св. Св. Кирил и Методий""",above,meals-school,56213,BGN
2024,322,СУСВСВКИРИЛИМЕТОДИЙ,"СУ ""Св. Св. Кирил и Методий""",above,interests,15430,BGN
2024,322,СУСВСВКИРИЛИМЕТОДИЙ,"СУ ""Св. Св. Кирил и Методий""",count,pupils,304,
2024,322,МГАКАДЕМИККИРИЛПОПОВ,"МГ ""Академик Кирил Попов""",formula,pupils,2462819,BGN
2024,322,МГАКАДЕМИККИРИЛПОПОВ,"МГ ""Академик Кирил Попов""",formula,classes,474877,BGN
2024,322,МГАКАДЕМИККИРИЛПОПОВ,"МГ ""Академик Кирил Попов""",formula,floor-area,47575,BGN
2024,322,МГАКАДЕМИККИРИЛПОПОВ,"МГ ""Академик Кирил Попов""",formula,reserve,19266,BGN
2024,322,МГАКАДЕМИККИРИЛПОПОВ,"МГ ""Академик Кирил Попов""",formula,institution,73900,BGN
2024,322,МГАКАДЕМИККИРИЛПОПОВ,"МГ ""Академик Кирил Попов""",above,facilities,28560,BGN
2024,322,МГАКАДЕМИККИРИЛПОПОВ,"МГ ""Академик Кирил Попов""",above,upper-secondary,84753,BGN
2024,322,МГАКАДЕМИККИРИЛПОПОВ,"МГ ""Академик Кирил Попов""",above,interests,36934,BGN
2024,322,МГАКАДЕМИККИРИЛПОПОВ,"МГ ""Академик Кирил Попов""",above,scholarships,65700,BGN
2024,322,МГАКАДЕМИККИРИЛПОПОВ,"МГ ""Академик Кирил Попов""",count,pupils,816,
2024,322,НУХРБОТЕВ,"HУ ""Хр. Ботев""",formula,pupils,1403444,BGN
2024,322,НУХРБОТЕВ,"HУ ""Хр. Ботев""",formula,classes,306372,BGN
2024,322,НУХРБОТЕВ,"HУ ""Хр. Ботев""",formula,floor-area,17084,BGN
2024,322,НУХРБОТЕВ,"HУ ""Хр. Ботев""",formula,reserve,10979,BGN
2024,322,НУХРБОТЕВ,"HУ ""Хр. Ботев""",formula,institution,73900,BGN
2024,322,НУХРБОТЕВ,"HУ ""Хр. Ботев""",formula,all-day-groups,63144,BGN
2024,322,НУХРБОТЕВ,"HУ ""Хр. Ботев""",formula,all-day-pupils,602364,BGN
2024,322,НУХРБОТЕВ,"HУ ""Хр. Ботев""",above,facilities,16275,BGN
2024,322,НУХРБОТЕВ,"HУ ""Хр. Ботев""",above,interests,22192,BGN
2024,322,НУХРБОТЕВ,"HУ ""Хр. Ботев""",count,pupils,465,
2024,322,ОУДДИМОВ,"ОУ ""Д. Димов""",formula,pupils,857157,BGN
2024,322,ОУДДИМОВ,"ОУ ""Д. Димов""",formula,classes,214460,BGN
2024,322,ОУДДИМОВ,"ОУ ""Д. Димов""",formula,floor-area,21808,BGN
2024,322,ОУДДИМОВ,"ОУ ""Д. Димов""",formula,small-school,1920,BGN
2024,322,ОУДДИМОВ,"ОУ ""Д. Димов""",formula,reserve,6705,BGN
2024,322,ОУДДИМОВ,"ОУ ""Д. Димов""",formula,institution,73900,BGN
2024,322,ОУДДИМОВ,"ОУ ""Д. Димов""",formula,all-day-groups,42096,BGN
2024,322,ОУДДИМОВ,"ОУ ""Д. Димов""",formula,all-day-pupils,339360,BGN
2024,322,ОУДДИМОВ,"ОУ ""Д. Димов""",above,combined-form,5040,BGN
2024,322,ОУДДИМОВ,"ОУ ""Д. Димов""",above,facilities,9940,BGN
2024,322,ОУДДИМОВ,"ОУ ""Д. Димов""",above,meals-school,51352,BGN
2024,322,ОУДДИМОВ,"ОУ ""Д. Димов""",above,interests,14590,BGN
2024,322,ОУДДИМОВ,"ОУ ""Д. Димов""",above,special-centre,57,BGN
2024,322,ОУДДИМОВ,"ОУ ""Д. Димов""",count,pupils,284,
2024,322,ОБУЙЙОВКОВ,"ОбУ ""Й. Йовков""",formula,pupils,380288,BGN
2024,322,ОБУЙЙОВКОВ,"ОбУ ""Й. Йовков""",formula,classes,107230,BGN
2024,322,ОБУЙЙОВКОВ,"ОбУ ""Й. Йовков""",formula,floor-area,19069,BGN
2024,322,ОБУЙЙОВКОВ,"ОбУ ""Й. Йовков""",formula,small-school,20880,BGN
2024,322,ОБУЙЙОВКОВ,"ОбУ ""Й. Йовков""",formula,reserve,2975,BGN
2024,322,ОБУЙЙОВКОВ,"ОбУ ""Й. Йовков""",formula,institution,73900,BGN
2024,322,ОБУЙЙОВКОВ,"ОбУ ""Й. Йовков""",formula,individual,26463,BGN
2024,322,ОБУЙЙОВКОВ,"ОбУ ""Й. Йовков""",formula,all-day-groups,10524,BGN
2024,322,ОБУЙЙОВКОВ,"ОбУ ""Й. Йовков""",formula,all-day-pupils,97566,BGN
2024,322,ОБУЙЙОВКОВ,"ОбУ ""Й. Йовков""",above,facilities,4410,BGN
2024,322,ОБУЙЙОВКОВ,"ОбУ ""Й. Йовков""",above,meals-school,18231,BGN
2024,322,ОБУЙЙОВКОВ,"ОбУ ""Й. Йовков""",above,interests,7954,BGN
2024,322,ОБУЙЙОВКОВ,"ОбУ ""Й. Йовков""",count,pupils,126,
2024,322,ОУПВОЛОВ,"ОУ ""П. Волов""",formula,pupils,884321,BGN
2024,322,ОУПВОЛОВ,"ОУ ""П. Волов""",formula,classes,245098,BGN
2024,322,ОУПВОЛОВ,"ОУ ""П. Волов""",formula,floor-area,40914,BGN
2024,322,ОУПВОЛОВ,"ОУ ""П. Волов""",formula,small-school,840,BGN
2024,322,ОУПВОЛОВ,"ОУ ""П. Волов""",formula,reserve,6918,BGN
2024,322,ОУПВОЛОВ,"ОУ ""П. Волов""",formula,institution,73900,BGN
2024,322,ОУПВОЛОВ,"ОУ ""П. Волов""",formula,individual,35284,BGN
2024,322,ОУПВОЛОВ,"ОУ ""П. Волов""",formula,self-study,2132,BGN
2024,322,ОУПВОЛОВ,"ОУ ""П. Волов""",formula,all-day-groups,17540,BGN
2024,322,ОУПВОЛОВ,"ОУ ""П. Волов""",formula,all-day-pupils,152712,BGN
2024,322,ОУПВОЛОВ,"ОУ ""П. Волов""",above,facilities,10255,BGN
2024,322,ОУПВОЛОВ,"ОУ ""П. Волов""",above,meals-school,47402,BGN
2024,322,ОУПВОЛОВ,"ОУ ""П. Волов""",above,interests,14968,BGN
2024,322,ОУПВОЛОВ,"ОУ ""П. Волов""",above,special-centre,19,BGN
2024,322,ОУПВОЛОВ,"ОУ ""П. Волов""",count,pupils,293,
2024,322,ОУРАЙНАКНЯГИНЯ,"ОУ ""Райна Княгиня""",formula,pupils,2483946,BGN
2024,322,ОУРАЙНАКНЯГИНЯ,"ОУ ""Райна Княгиня""",formula,classes,536151,BGN
2024,322,ОУРАЙНАКНЯГИНЯ,"ОУ ""Райна Княгиня""",formula,floor-area,41374,BGN
2024,322,ОУРАЙНАКНЯГИНЯ,"ОУ ""Райна Княгиня""",formula,reserve,19431,BGN
2024,322,ОУРАЙНАКНЯГИНЯ,"ОУ ""Райна Княгиня""",formula,institution,73900,BGN
2024,322,ОУРАЙНАКНЯГИНЯ,"ОУ ""Райна Княгиня""",formula,all-day-groups,49112,BGN
2024,322,ОУРАЙНАКНЯГИНЯ,"ОУ ""Райна Княгиня""",formula,all-day-pupils,463792,BGN
2024,322,ОУРАЙНАКНЯГИНЯ,"ОУ ""Райна Княгиня""",above,facilities,28805,BGN
2024,322,ОУРАЙНАКНЯГИНЯ,"ОУ ""Райна Княгиня""",above,meals-school,136431,BGN
2024,322,ОУРАЙНАКНЯГИНЯ,"ОУ ""Райна Княгиня""",above,interests,37228,BGN
2024,322,ОУРАЙНАКНЯГИНЯ,"ОУ ""Райна Княгиня""",count,pupils,823,
2024,322,СУНВАПЦАРОВ,"СУ ""H. Вапцаров""",formula,pupils,977884,BGN
2024,322,СУНВАПЦАРОВ,"СУ ""H. Вапцаров""",formula,classes,214460,BGN
2024,322,СУНВАПЦАРОВ,"СУ ""H. Вапцаров""",formula,floor-area,30271,BGN
2024,322,СУНВАПЦАРОВ,"СУ ""H. Вапцаров""",formula,reserve,7650,BGN
2024,322,СУНВАПЦАРОВ,"СУ ""H. Вапцаров""",formula,institution,73900,BGN
2024,322,СУНВАПЦАРОВ,"СУ ""H. Вапцаров""",formula,all-day-groups,35080,BGN
2024,322,СУНВАПЦАРОВ,"СУ ""H. Вапцаров""",formula,all-day-pupils,320978,BGN
2024,322,СУНВАПЦАРОВ,"СУ ""H. Вапцаров""",above,facilities,11340,BGN
2024,322,СУНВАПЦАРОВ,"СУ ""H. Вапцаров""",above,meals-school,55302,BGN
2024,322,СУНВАПЦАРОВ,"СУ ""H. Вапцаров""",above,interests,16270,BGN
2024,322,СУНВАПЦАРОВ,"СУ ""H. Вапцаров""",count,pupils,324,
2024,322,СУПКЯВОРОВ,"СУ ""П. К. Яворов""",formula,pupils,2381328,BGN
2024,322,СУПКЯВОРОВ,"СУ ""П. К. Яворов""",formula,classes,505514,BGN
2024,322,СУПКЯВОРОВ,"СУ ""П. К. Яворов""",formula,floor-area,35541,BGN
2024,322,СУПКЯВОРОВ,"СУ ""П. К. Яворов""",formula,reserve,18628,BGN
2024,322,СУПКЯВОРОВ,"СУ ""П. К. Яворов""",formula,institution,73900,BGN
2024,322,СУПКЯВОРОВ,"СУ ""П. К. Яворов""",formula,individual,52926,BGN
2024,322,СУПКЯВОРОВ,"СУ ""П. К. Яворов""",formula,self-study,73554,BGN
2024,322,СУПКЯВОРОВ,"СУ ""П. К. Яворов""",formula,all-day-groups,49112,BGN
2024,322,СУПКЯВОРОВ,"СУ ""П. К. Яворов""",formula,all-day-pupils,458136,BGN
2024,322,СУПКЯВОРОВ,"СУ ""П. К. Яворов""",above,facilities,27615,BGN
2024,322,СУПКЯВОРОВ,"СУ ""П. К. Яворов""",above,meals-school,79610,BGN
2024,322,СУПКЯВОРОВ,"СУ ""П. К. Яворов""",above,upper-secondary,32250,BGN
2024,322,СУПКЯВОРОВ,"СУ ""П. К. Яворов""",above,interests,35800,BGN
2024,322,СУПКЯВОРОВ,"СУ ""П. К. Яворов""",above,special-centre,19,BGN
2024,322,СУПКЯВОРОВ,"СУ ""П. К. Яворов""",above,scholarships,25200,BGN
2024,322,СУПКЯВОРОВ,"СУ ""П. К. Яворов""",count,pupils,789,
2024,322,СУХРГДАНОВ,"СУ ""Хр. Г. Данов""",formula,pupils,1231409,BGN
2024,322,СУХРГДАНОВ,"СУ ""Хр. Г. Данов""",formula,classes,291053,BGN
2024,322,СУХРГДАНОВ,"СУ ""Хр. Г. Данов""",formula,floor-area,23973,BGN
2024,322,СУХРГДАНОВ,"СУ ""Хр. Г. Данов""",formula,reserve,9633,BGN
2024,322,СУХРГДАНОВ,"СУ ""Хр. Г. Данов""",formula,institution,73900,BGN
2024,322,СУХРГДАНОВ,"СУ ""Хр. Г. Данов""",formula,individual,8821,BGN
2024,322,СУХРГДАНОВ,"СУ ""Хр. Г. Данов""",formula,self-study,1066,BGN
2024,322,СУХРГДАНОВ,"СУ ""Хр. Г. Данов""",formula,all-day-groups,38588,BGN
2024,322,СУХРГДАНОВ,"СУ ""Хр. Г. Данов""",formula,all-day-pupils,328048,BGN
2024,322,СУХРГДАНОВ,"СУ ""Хр. Г. Данов""",above,combined-form,7560,BGN
2024,322,СУХРГДАНОВ,"СУ ""Хр. Г. Данов""",above,facilities,14280,BGN
2024,322,СУХРГДАНОВ,"СУ ""Хр. Г. Данов""",above,interests,19798,BGN
2024,322,СУХРГДАНОВ,"СУ ""Хр. Г. Данов""",count,pupils,408,
2024,322,ЕГПЛОВДИВ,"ЕГ ""Пловдив""",formula,pupils,3980953,BGN
2024,322,ЕГПЛОВДИВ,"ЕГ ""Пловдив""",formula,classes,765930,BGN
2024,322,ЕГПЛОВДИВ,"ЕГ ""Пловдив""",formula,floor-area,32458,BGN
2024,322,ЕГПЛОВДИВ,"ЕГ ""Пловдив""",formula,reserve,31143,BGN
2024,322,ЕГПЛОВДИВ,"ЕГ ""Пловдив""",formula,institution,73900,BGN
2024,322,ЕГПЛОВДИВ,"ЕГ ""Пловдив""",formula,self-study,1066,BGN
2024,322,ЕГПЛОВДИВ,"ЕГ ""Пловдив""",above,facilities,46165,BGN
2024,322,ЕГПЛОВДИВ,"ЕГ ""Пловдив""",above,upper-secondary,170151,BGN
2024,322,ЕГПЛОВДИВ,"ЕГ ""Пловдив""",above,interests,58060,BGN
2024,322,ЕГПЛОВДИВ,"ЕГ ""Пловдив""",above,scholarships,131900,BGN
2024,322,ЕГПЛОВДИВ,"ЕГ ""Пловдив""",count,pupils,1319,
2024,322,ЕГИВВАЗОВ,"ЕГ ""Ив.Вазов""",formula,pupils,3582556,BGN
2024,322,ЕГИВВАЗОВ,"ЕГ ""Ив.Вазов""",formula,classes,689337,BGN
2024,322,ЕГИВВАЗОВ,"ЕГ ""Ив.Вазов""",formula,floor-area,27660,BGN
2024,322,ЕГИВВАЗОВ,"ЕГ ""Ив.Вазов""",formula,reserve,28026,BGN
2024,322,ЕГИВВАЗОВ,"ЕГ ""Ив.Вазов""",formula,institution,73900,BGN
2024,322,ЕГИВВАЗОВ,"ЕГ ""Ив.Вазов""",formula,self-study,5330,BGN
2024,322,ЕГИВВАЗОВ,"ЕГ ""Ив.Вазов""",above,facilities,41545,BGN
2024,322,ЕГИВВАЗОВ,"ЕГ ""Ив.Вазов""",above,upper-secondary,153123,BGN
2024,322,ЕГИВВАЗОВ,"ЕГ ""Ив.Вазов""",above,interests,52516,BGN
2024,322,ЕГИВВАЗОВ,"ЕГ ""Ив.Вазов""",above,scholarships,118700,BGN
2024,322,ЕГИВВАЗОВ,"ЕГ ""Ив.Вазов""",count,pupils,1187,
2024,322,ФЕГАНТОАНДЬОСЕНТ-ЕКЗЮПЕРИ,"ФЕГ ""Антоан дьо Сент-Екзюпери""",formula,pupils,3117759,BGN
2024,322,ФЕГАНТОАНДЬОСЕНТ-ЕКЗЮПЕРИ,"ФЕГ ""Антоан дьо Сент-Екзюпери""",formula,classes,612744,BGN
2024,322,ФЕГАНТОАНДЬОСЕНТ-ЕКЗЮПЕРИ,"ФЕГ ""Антоан дьо Сент-Екзюпери""",formula,floor-area,51281,BGN
2024,322,ФЕГАНТОАНДЬОСЕНТ-ЕКЗЮПЕРИ,"ФЕГ ""Антоан дьо Сент-Екзюпери""",formula,pool,32800,BGN
2024,322,ФЕГАНТОАНДЬОСЕНТ-ЕКЗЮПЕРИ,"ФЕГ ""Антоан дьо Сент-Екзюпери""",formula,reserve,24390,BGN
2024,322,ФЕГАНТОАНДЬОСЕНТ-ЕКЗЮПЕРИ,"ФЕГ ""Антоан дьо Сент-Екзюпери""",formula,institution,73900,BGN
2024,322,ФЕГАНТОАНДЬОСЕНТ-ЕКЗЮПЕРИ,"ФЕГ ""Антоан дьо Сент-Екзюпери""",above,facilities,36155,BGN
2024,322,ФЕГАНТОАНДЬОСЕНТ-ЕКЗЮПЕРИ,"ФЕГ ""Антоан дьо Сент-Екзюпери""",above,upper-secondary,133257,BGN
2024,322,ФЕГАНТОАНДЬОСЕНТ-ЕКЗЮПЕРИ,"ФЕГ ""Антоан дьо Сент-Екзюпери""",above,interests,46048,BGN
2024,322,ФЕГАНТОАНДЬОСЕНТ-ЕКЗЮПЕРИ,"ФЕГ ""Антоан дьо Сент-Екзюпери""",above,scholarships,103300,BGN
2024,322,ФЕГАНТОАНДЬОСЕНТ-ЕКЗЮПЕРИ,"ФЕГ ""Антоан дьо Сент-Екзюпери""",count,pupils,1033,
2024,322,СУБРМИЛАДИНОВИ,"СУ ""Бр. Миладинови""",formula,pupils,1249518,BGN
2024,322,СУБРМИЛАДИНОВИ,"СУ ""Бр. Миладинови""",formula,classes,306372,BGN
2024,322,СУБРМИЛАДИНОВИ,"СУ ""Бр. Миладинови""",formula,floor-area,34627,BGN
2024,322,СУБРМИЛАДИНОВИ,"СУ ""Бр. Миладинови""",formula,reserve,9775,BGN
2024,322,СУБРМИЛАДИНОВИ,"СУ ""Бр. Миладинови""",formula,institution,73900,BGN
2024,322,СУБРМИЛАДИНОВИ,"СУ ""Бр. Миладинови""",formula,individual,70568,BGN
2024,322,СУБРМИЛАДИНОВИ,"СУ ""Бр. Миладинови""",formula,self-study,44772,BGN
2024,322,СУБРМИЛАДИНОВИ,"СУ ""Бр. Миладинови""",formula,all-day-groups,45604,BGN
2024,322,СУБРМИЛАДИНОВИ,"СУ ""Бр. Миладинови""",formula,all-day-pupils,374710,BGN
2024,322,СУБРМИЛАДИНОВИ,"СУ ""Бр. Миладинови""",above,combined-form,5040,BGN
2024,322,СУБРМИЛАДИНОВИ,"СУ ""Бр. Миладинови""",above,facilities,14490,BGN
2024,322,СУБРМИЛАДИНОВИ,"СУ ""Бр. Миладинови""",above,meals-school,52871,BGN
2024,322,СУБРМИЛАДИНОВИ,"СУ ""Бр. Миладинови""",above,upper-secondary,14706,BGN
2024,322,СУБРМИЛАДИНОВИ,"СУ ""Бр. Миладинови""",above,interests,20050,BGN
2024,322,СУБРМИЛАДИНОВИ,"СУ ""Бр. Миладинови""",above,special-centre,38,BGN
2024,322,СУБРМИЛАДИНОВИ,"СУ ""Бр. Миладинови""",above,scholarships,11700,BGN
2024,322,СУБРМИЛАДИНОВИ,"СУ ""Бр. Миладинови""",count,pupils,414,
2024,322,НУКЛОХРИДСКИ,"HУ ""Кл. Охридски""",formula,pupils,793776,BGN
2024,322,НУКЛОХРИДСКИ,"HУ ""Кл. Охридски""",formula,classes,168505,BGN
2024,322,НУКЛОХРИДСКИ,"HУ ""Кл. Охридски""",formula,floor-area,6495,BGN
2024,322,НУКЛОХРИДСКИ,"HУ ""Кл. Охридски""",formula,small-school,4440,BGN
2024,322,НУКЛОХРИДСКИ,"HУ ""Кл. Охридски""",formula,reserve,6209,BGN
2024,322,НУКЛОХРИДСКИ,"HУ ""Кл. Охридски""",formula,institution,73900,BGN
2024,322,НУКЛОХРИДСКИ,"HУ ""Кл. Охридски""",formula,all-day-groups,38588,BGN
2024,322,НУКЛОХРИДСКИ,"HУ ""Кл. Охридски""",formula,all-day-pupils,309666,BGN
2024,322,НУКЛОХРИДСКИ,"HУ ""Кл. Охридски""",above,facilities,9205,BGN
2024,322,НУКЛОХРИДСКИ,"HУ ""Кл. Охридски""",above,meals-school,79914,BGN
2024,322,НУКЛОХРИДСКИ,"HУ ""Кл. Охридски""",above,interests,13708,BGN
2024,322,НУКЛОХРИДСКИ,"HУ ""Кл. Охридски""",count,pupils,263,
2024,322,ОУДИМИТЪРТАЛЕВ,"ОУ ""Димитър Талев""",formula,pupils,3018160,BGN
2024,322,ОУДИМИТЪРТАЛЕВ,"ОУ ""Димитър Талев""",formula,classes,597425,BGN
2024,322,ОУДИМИТЪРТАЛЕВ,"ОУ ""Димитър Талев""",formula,floor-area,37654,BGN
2024,322,ОУДИМИТЪРТАЛЕВ,"ОУ ""Димитър Талев""",formula,reserve,23610,BGN
2024,322,ОУДИМИТЪРТАЛЕВ,"ОУ ""Димитър Талев""",formula,institution,73900,BGN
2024,322,ОУДИМИТЪРТАЛЕВ,"ОУ ""Димитър Талев""",formula,all-day-groups,70160,BGN
2024,322,ОУДИМИТЪРТАЛЕВ,"ОУ ""Димитър Талев""",formula,all-day-pupils,667408,BGN
2024,322,ОУДИМИТЪРТАЛЕВ,"ОУ ""Димитър Талев""",above,combined-form,12600,BGN
2024,322,ОУДИМИТЪРТАЛЕВ,"ОУ ""Димитър Талев""",above,facilities,35000,BGN
2024,322,ОУДИМИТЪРТАЛЕВ,"ОУ ""Димитър Талев""",above,meals-school,178060,BGN
2024,322,ОУДИМИТЪРТАЛЕВ,"ОУ ""Димитър Талев""",above,interests,44662,BGN
2024,322,ОУДИМИТЪРТАЛЕВ,"ОУ ""Димитър Талев""",above,special-centre,57,BGN
2024,322,ОУДИМИТЪРТАЛЕВ,"ОУ ""Димитър Талев""",count,pupils,1000,
2024,322,ОУЗАХАРИСТОЯНОВ,"ОУ ""Захари Стоянов""",formula,pupils,721340,BGN
2024,322,ОУЗАХАРИСТОЯНОВ,"ОУ ""Захари Стоянов""",formula,classes,168505,BGN
2024,322,ОУЗАХАРИСТОЯНОВ,"ОУ ""Захари Стоянов""",formula,floor-area,14118,BGN
2024,322,ОУЗАХАРИСТОЯНОВ,"ОУ ""Захари Стоянов""",formula,small-school,7320,BGN
2024,322,ОУЗАХАРИСТОЯНОВ,"ОУ ""Захари Стоянов""",formula,reserve,5643,BGN
2024,322,ОУЗАХАРИСТОЯНОВ,"ОУ ""Захари Стоянов""",formula,institution,73900,BGN
2024,322,ОУЗАХАРИСТОЯНОВ,"ОУ ""Захари Стоянов""",formula,individual,8821,BGN
2024,322,ОУЗАХАРИСТОЯНОВ,"ОУ ""Захари Стоянов""",formula,all-day-groups,24556,BGN
2024,322,ОУЗАХАРИСТОЯНОВ,"ОУ ""Захари Стоянов""",formula,all-day-pupils,214928,BGN
2024,322,ОУЗАХАРИСТОЯНОВ,"ОУ ""Захари Стоянов""",above,facilities,8365,BGN
2024,322,ОУЗАХАРИСТОЯНОВ,"ОУ ""Захари Стоянов""",above,meals-school,51048,BGN
2024,322,ОУЗАХАРИСТОЯНОВ,"ОУ ""Захари Стоянов""",above,interests,12700,BGN
2024,322,ОУЗАХАРИСТОЯНОВ,"ОУ ""Захари Стоянов""",above,special-centre,38,BGN
2024,322,ОУЗАХАРИСТОЯНОВ,"ОУ ""Захари Стоянов""",count,pupils,239,
2024,322,ОУСТОЯНМИХАЙЛОВСКИ,"ОУ ""Стоян Михайловски""",formula,pupils,1518134,BGN
2024,322,ОУСТОЯНМИХАЙЛОВСКИ,"ОУ ""Стоян Михайловски""",formula,classes,321691,BGN
2024,322,ОУСТОЯНМИХАЙЛОВСКИ,"ОУ ""Стоян Михайловски""",formula,floor-area,18334,BGN
2024,322,ОУСТОЯНМИХАЙЛОВСКИ,"ОУ ""Стоян Михайловски""",formula,reserve,11876,BGN
2024,322,ОУСТОЯНМИХАЙЛОВСКИ,"ОУ ""Стоян Михайловски""",formula,institution,73900,BGN
2024,322,ОУСТОЯНМИХАЙЛОВСКИ,"ОУ ""Стоян Михайловски""",formula,individual,8821,BGN
2024,322,ОУСТОЯНМИХАЙЛОВСКИ,"ОУ ""Стоян Михайловски""",formula,all-day-groups,42096,BGN
2024,322,ОУСТОЯНМИХАЙЛОВСКИ,"ОУ ""Стоян Михайловски""",formula,all-day-pupils,404404,BGN
2024,322,ОУСТОЯНМИХАЙЛОВСКИ,"ОУ ""Стоян Михайловски""",above,combined-form,2520,BGN
2024,322,ОУСТОЯНМИХАЙЛОВСКИ,"ОУ ""Стоян Михайловски""",above,facilities,17605,BGN
2024,322,ОУСТОЯНМИХАЙЛОВСКИ,"ОУ ""Стоян Михайловски""",above,meals-school,92372,BGN
2024,322,ОУСТОЯНМИХАЙЛОВСКИ,"ОУ ""Стоян Михайловски""",above,interests,23788,BGN
2024,322,ОУСТОЯНМИХАЙЛОВСКИ,"ОУ ""Стоян Михайловски""",above,special-centre,57,BGN
2024,322,ОУСТОЯНМИХАЙЛОВСКИ,"ОУ ""Стоян Михайловски""",count,pupils,503,
2024,322,ОУЯНЕСАНДАНСКИ,"ОУ ""Яне Сандански""",formula,pupils,1985949,BGN
2024,322,ОУЯНЕСАНДАНСКИ,"ОУ ""Яне Сандански""",formula,classes,428921,BGN
2024,322,ОУЯНЕСАНДАНСКИ,"ОУ ""Яне Сандански""",formula,floor-area,23542,BGN
2024,322,ОУЯНЕСАНДАНСКИ,"ОУ ""Яне Сандански""",formula,reserve,15535,BGN
2024,322,ОУЯНЕСАНДАНСКИ,"ОУ ""Яне Сандански""",formula,institution,73900,BGN
2024,322,ОУЯНЕСАНДАНСКИ,"ОУ ""Яне Сандански""",formula,all-day-groups,45604,BGN
2024,322,ОУЯНЕСАНДАНСКИ,"ОУ ""Яне Сандански""",formula,all-day-pupils,458136,BGN
2024,322,ОУЯНЕСАНДАНСКИ,"ОУ ""Яне Сандански""",above,facilities,23030,BGN
2024,322,ОУЯНЕСАНДАНСКИ,"ОУ ""Яне Сандански""",above,meals-school,108477,BGN
2024,322,ОУЯНЕСАНДАНСКИ,"ОУ ""Яне Сандански""",above,interests,30298,BGN
2024,322,ОУЯНЕСАНДАНСКИ,"ОУ ""Яне Сандански""",above,special-centre,95,BGN
2024,322,ОУЯНЕСАНДАНСКИ,"ОУ ""Яне Сандански""",count,pupils,658,
2024,322,СУКОНСТАНТИНВЕЛИЧКОВ,"СУ ""Константин Величков""",formula,pupils,1370245,BGN
2024,322,СУКОНСТАНТИНВЕЛИЧКОВ,"СУ ""Константин Величков""",formula,classes,291053,BGN
2024,322,СУКОНСТАНТИНВЕЛИЧКОВ,"СУ ""Константин Величков""",formula,floor-area,29176,BGN
2024,322,СУКОНСТАНТИНВЕЛИЧКОВ,"СУ ""Константин Величков""",formula,reserve,10719,BGN
2024,322,СУКОНСТАНТИНВЕЛИЧКОВ,"СУ ""Константин Величков""",formula,institution,73900,BGN
2024,322,СУКОНСТАНТИНВЕЛИЧКОВ,"СУ ""Константин Величков""",formula,individual,35284,BGN
2024,322,СУКОНСТАНТИНВЕЛИЧКОВ,"СУ ""Константин Величков""",formula,self-study,1066,BGN
2024,322,СУКОНСТАНТИНВЕЛИЧКОВ,"СУ ""Константин Величков""",formula,all-day-groups,31572,BGN
2024,322,СУКОНСТАНТИНВЕЛИЧКОВ,"СУ ""Константин Величков""",formula,all-day-pupils,279972,BGN
2024,322,СУКОНСТАНТИНВЕЛИЧКОВ,"СУ ""Константин Величков""",above,facilities,15890,BGN
2024,322,СУКОНСТАНТИНВЕЛИЧКОВ,"СУ ""Константин Величков""",above,meals-school,67760,BGN
2024,322,СУКОНСТАНТИНВЕЛИЧКОВ,"СУ ""Константин Величков""",above,upper-secondary,16254,BGN
2024,322,СУКОНСТАНТИНВЕЛИЧКОВ,"СУ ""Константин Величков""",above,interests,21730,BGN
2024,322,СУКОНСТАНТИНВЕЛИЧКОВ,"СУ ""Константин Величков""",above,special-centre,95,BGN
2024,322,СУКОНСТАНТИНВЕЛИЧКОВ,"СУ ""Константин Величков""",above,scholarships,12900,BGN
2024,322,СУКОНСТАНТИНВЕЛИЧКОВ,"СУ ""Константин Величков""",count,pupils,454,
2024,322,СУСВКОНСТАНТИН-КИРИЛФИЛОСОФ,"СУ ""Св. Константин-Кирил Философ""",formula,pupils,3184159,BGN
2024,322,СУСВКОНСТАНТИН-КИРИЛФИЛОСОФ,"СУ ""Св. Константин-Кирил Философ""",formula,classes,658700,BGN
2024,322,СУСВКОНСТАНТИН-КИРИЛФИЛОСОФ,"СУ ""Св. Константин-Кирил Философ""",formula,floor-area,46598,BGN
2024,322,СУСВКОНСТАНТИН-КИРИЛФИЛОСОФ,"СУ ""Св. Константин-Кирил Философ""",formula,reserve,24910,BGN
2024,322,СУСВКОНСТАНТИН-КИРИЛФИЛОСОФ,"СУ ""Св. Константин-Кирил Философ""",formula,institution,73900,BGN
2024,322,СУСВКОНСТАНТИН-КИРИЛФИЛОСОФ,"СУ ""Св. Константин-Кирил Философ""",formula,individual,17642,BGN
2024,322,СУСВКОНСТАНТИН-КИРИЛФИЛОСОФ,"СУ ""Св. Константин-Кирил Философ""",formula,self-study,6396,BGN
2024,322,СУСВКОНСТАНТИН-КИРИЛФИЛОСОФ,"СУ ""Св. Константин-Кирил Философ""",formula,all-day-groups,80684,BGN
2024,322,СУСВКОНСТАНТИН-КИРИЛФИЛОСОФ,"СУ ""Св. Константин-Кирил Философ""",formula,all-day-pupils,776286,BGN
2024,322,СУСВКОНСТАНТИН-КИРИЛФИЛОСОФ,"СУ ""Св. Константин-Кирил Философ""",above,facilities,36925,BGN
2024,322,СУСВКОНСТАНТИН-КИРИЛФИЛОСОФ,"СУ ""Св. Константин-Кирил Философ""",above,meals-school,156182,BGN
2024,322,СУСВКОНСТАНТИН-КИРИЛФИЛОСОФ,"СУ ""Св. Константин-Кирил Философ""",above,upper-secondary,17157,BGN
2024,322,СУСВКОНСТАНТИН-КИРИЛФИЛОСОФ,"СУ ""Св. Константин-Кирил Философ""",above,interests,46972,BGN
2024,322,СУСВКОНСТАНТИН-КИРИЛФИЛОСОФ,"СУ ""Св. Константин-Кирил Философ""",above,special-centre,19,BGN
2024,322,СУСВКОНСТАНТИН-КИРИЛФИЛОСОФ,"СУ ""Св. Константин-Кирил Философ""",above,scholarships,13300,BGN
2024,322,СУСВКОНСТАНТИН-КИРИЛФИЛОСОФ,"СУ ""Св. Константин-Кирил Философ""",count,pupils,1055,
2024,322,СУДИМИТЪРМАТЕВСКИ,"СУ ""Димитър Матевски""",formula,pupils,2728417,BGN
2024,322,СУДИМИТЪРМАТЕВСКИ,"СУ ""Димитър Матевски""",formula,classes,566788,BGN
2024,322,СУДИМИТЪРМАТЕВСКИ,"СУ ""Димитър Матевски""",formula,floor-area,54137,BGN
2024,322,СУДИМИТЪРМАТЕВСКИ,"СУ ""Димитър Матевски""",formula,reserve,21343,BGN
2024,322,СУДИМИТЪРМАТЕВСКИ,"СУ ""Димитър Матевски""",formula,institution,73900,BGN
2024,322,СУДИМИТЪРМАТЕВСКИ,"СУ ""Димитър Матевски""",formula,self-study,1066,BGN
2024,322,СУДИМИТЪРМАТЕВСКИ,"СУ ""Димитър Матевски""",formula,all-day-groups,73668,BGN
2024,322,СУДИМИТЪРМАТЕВСКИ,"СУ ""Димитър Матевски""",formula,all-day-pupils,719726,BGN
2024,322,СУДИМИТЪРМАТЕВСКИ,"СУ ""Димитър Матевски""",above,combined-form,2520,BGN
2024,322,СУДИМИТЪРМАТЕВСКИ,"СУ ""Димитър Матевски""",above,facilities,31640,BGN
2024,322,СУДИМИТЪРМАТЕВСКИ,"СУ ""Димитър Матевски""",above,meals-school,150712,BGN
2024,322,СУДИМИТЪРМАТЕВСКИ,"СУ ""Димитър Матевски""",above,upper-secondary,9675,BGN
2024,322,СУДИМИТЪРМАТЕВСКИ,"СУ ""Димитър Матевски""",above,interests,40630,BGN
2024,322,СУДИМИТЪРМАТЕВСКИ,"СУ ""Димитър Матевски""",above,special-centre,57,BGN
2024,322,СУДИМИТЪРМАТЕВСКИ,"СУ ""Димитър Матевски""",above,scholarships,7500,BGN
2024,322,СУДИМИТЪРМАТЕВСКИ,"СУ ""Димитър Матевски""",count,pupils,904,
2024,322,СУСВСЕДМОЧИСЛЕНИЦИ,"СУ ""Св. Седмочисленици""",formula,pupils,2339074,BGN
2024,322,СУСВСЕДМОЧИСЛЕНИЦИ,"СУ ""Св. Седмочисленици""",formula,classes,505514,BGN
2024,322,СУСВСЕДМОЧИСЛЕНИЦИ,"СУ ""Св. Седмочисленици""",formula,floor-area,46429,BGN
2024,322,СУСВСЕДМОЧИСЛЕНИЦИ,"СУ ""Св. Седмочисленици""",formula,reserve,18298,BGN
2024,322,СУСВСЕДМОЧИСЛЕНИЦИ,"СУ ""Св. Седмочисленици""",formula,institution,73900,BGN
2024,322,СУСВСЕДМОЧИСЛЕНИЦИ,"СУ ""Св. Седмочисленици""",formula,individual,17642,BGN
2024,322,СУСВСЕДМОЧИСЛЕНИЦИ,"СУ ""Св. Седмочисленици""",formula,self-study,4264,BGN
2024,322,СУСВСЕДМОЧИСЛЕНИЦИ,"СУ ""Св. Седмочисленици""",formula,all-day-groups,66652,BGN
2024,322,СУСВСЕДМОЧИСЛЕНИЦИ,"СУ ""Св. Седмочисленици""",formula,all-day-pupils,603778,BGN
2024,322,СУСВСЕДМОЧИСЛЕНИЦИ,"СУ ""Св. Седмочисленици""",above,combined-form,7560,BGN
2024,322,СУСВСЕДМОЧИСЛЕНИЦИ,"СУ ""Св. Седмочисленици""",above,facilities,27125,BGN
2024,322,СУСВСЕДМОЧИСЛЕНИЦИ,"СУ ""Св. Седмочисленици""",above,meals-school,126708,BGN
2024,322,СУСВСЕДМОЧИСЛЕНИЦИ,"СУ ""Св. Седмочисленици""",above,upper-secondary,17415,BGN
2024,322,СУСВСЕДМОЧИСЛЕНИЦИ,"СУ ""Св. Седмочисленици""",above,interests,35212,BGN
2024,322,СУСВСЕДМОЧИСЛЕНИЦИ,"СУ ""Св. Седмочисленици""",above,special-centre,19,BGN
2024,322,СУСВСЕДМОЧИСЛЕНИЦИ,"СУ ""Св. Седмочисленици""",above,scholarships,13700,BGN
2024,322,СУСВСЕДМОЧИСЛЕНИЦИ,"СУ ""Св. Седмочисленици""",count,pupils,775,
2024,322,СУСВСОФРОНИЙВРАЧАНСКИ,"СУ ""Св. Софроний Врачански""",formula,pupils,2378310,BGN
2024,322,СУСВСОФРОНИЙВРАЧАНСКИ,"СУ ""Св. Софроний Врачански""",formula,classes,551470,BGN
2024,322,СУСВСОФРОНИЙВРАЧАНСКИ,"СУ ""Св. Софроний Врачански""",formula,floor-area,64272,BGN
2024,322,СУСВСОФРОНИЙВРАЧАНСКИ,"СУ ""Св. Софроний Врачански""",formula,reserve,18605,BGN
2024,322,СУСВСОФРОНИЙВРАЧАНСКИ,"СУ ""Св. Софроний Врачански""",formula,institution,73900,BGN
2024,322,СУСВСОФРОНИЙВРАЧАНСКИ,"СУ ""Св. Софроний Врачански""",formula,self-study,3198,BGN
2024,322,СУСВСОФРОНИЙВРАЧАНСКИ,"СУ ""Св. Софроний Врачански""",formula,all-day-groups,84192,BGN
2024,322,СУСВСОФРОНИЙВРАЧАНСКИ,"СУ ""Св. Софроний Врачански""",formula,all-day-pupils,719726,BGN
2024,322,СУСВСОФРОНИЙВРАЧАНСКИ,"СУ ""Св. Софроний Врачански""",above,combined-form,2520,BGN
2024,322,СУСВСОФРОНИЙВРАЧАНСКИ,"СУ ""Св. Софроний Врачански""",above,facilities,27580,BGN
2024,322,СУСВСОФРОНИЙВРАЧАНСКИ,"СУ ""Св. Софроний Врачански""",above,meals-school,138559,BGN
2024,322,СУСВСОФРОНИЙВРАЧАНСКИ,"СУ ""Св. Софроний Врачански""",above,interests,35758,BGN
2024,322,СУСВСОФРОНИЙВРАЧАНСКИ,"СУ ""Св. Софроний Врачански""",above,special-centre,38,BGN
2024,322,СУСВСОФРОНИЙВРАЧАНСКИ,"СУ ""Св. Софроний Врачански""",count,pupils,788,
2024,322,СУЧЕРНОРИЗЕЦХРАБЪР,"СУ ""Черноризец Храбър""",formula,pupils,3540302,BGN
2024,322,СУЧЕРНОРИЗЕЦХРАБЪР,"СУ ""Черноризец Храбър""",formula,classes,735293,BGN
2024,322,СУЧЕРНОРИЗЕЦХРАБЪР,"СУ ""Черноризец Храбър""",formula,floor-area,48396,BGN
2024,322,СУЧЕРНОРИЗЕЦХРАБЪР,"СУ ""Черноризец Храбър""",formula,reserve,27696,BGN
2024,322,СУЧЕРНОРИЗЕЦХРАБЪР,"СУ ""Черноризец Храбър""",formula,institution,73900,BGN
2024,322,СУЧЕРНОРИЗЕЦХРАБЪР,"СУ ""Черноризец Храбър""",formula,individual,26463,BGN
2024,322,СУЧЕРНОРИЗЕЦХРАБЪР,"СУ ""Черноризец Храбър""",formula,self-study,2132,BGN
2024,322,СУЧЕРНОРИЗЕЦХРАБЪР,"СУ ""Черноризец Храбър""",formula,all-day-groups,87700,BGN
2024,322,СУЧЕРНОРИЗЕЦХРАБЪР,"СУ ""Черноризец Храбър""",formula,all-day-pupils,807394,BGN
2024,322,СУЧЕРНОРИЗЕЦХРАБЪР,"СУ ""Черноризец Храбър""",above,facilities,41055,BGN
2024,322,СУЧЕРНОРИЗЕЦХРАБЪР,"СУ ""Черноризец Храбър""",above,meals-school,178970,BGN
2024,322,СУЧЕРНОРИЗЕЦХРАБЪР,"СУ ""Черноризец Храбър""",above,upper-secondary,16641,BGN
2024,322,СУЧЕРНОРИЗЕЦХРАБЪР,"СУ ""Черноризец Храбър""",above,interests,51928,BGN
2024,322,СУЧЕРНОРИЗЕЦХРАБЪР,"СУ ""Черноризец Храбър""",above,special-centre,57,BGN
2024,322,СУЧЕРНОРИЗЕЦХРАБЪР,"СУ ""Черноризец Храбър""",above,scholarships,13100,BGN
2024,322,СУЧЕРНОРИЗЕЦХРАБЪР,"СУ ""Черноризец Храбър""",count,pupils,1173,
2024,326,ПГВАДХРИСТОБОТЕВ,"ПГВАД ""Христо Ботев""",formula,field-science,943985,BGN
2024,326,ПГВАДХРИСТОБОТЕВ,"ПГВАД ""Христо Ботев""",formula,field-arts,1471754,BGN
2024,326,ПГВАДХРИСТОБОТЕВ,"ПГВАД ""Христо Ботев""",formula,reserve,24401,BGN
2024,326,ПГВАДХРИСТОБОТЕВ,"ПГВАД ""Христо Ботев""",formula,vocational-classes,460284,BGN
2024,326,ПГВАДХРИСТОБОТЕВ,"ПГВАД ""Христо Ботев""",formula,institution,73900,BGN
2024,326,ПГВАДХРИСТОБОТЕВ,"ПГВАД ""Христо Ботев""",formula,self-study,10660,BGN
2024,326,ПГВАДХРИСТОБОТЕВ,"ПГВАД ""Христо Ботев""",above,facilities,17570,BGN
2024,326,ПГВАДХРИСТОБОТЕВ,"ПГВАД ""Христо Ботев""",above,vocational-dual,37148,BGN
2024,326,ПГВАДХРИСТОБОТЕВ,"ПГВАД ""Христо Ботев""",above,interests,23746,BGN
2024,326,ПГВАДХРИСТОБОТЕВ,"ПГВАД ""Христо Ботев""",above,special-centre,76,BGN
2024,326,ПГВАДХРИСТОБОТЕВ,"ПГВАД ""Христо Ботев""",above,scholarships,107052,BGN
2024,326,ПГВАДХРИСТОБОТЕВ,"ПГВАД ""Христо Ботев""",count,pupils,502,
2024,326,СУСВПАИСИЙХИЛЕНДАРСКИ,"СУ ""Св. Паисий Хилендарски""",formula,field-science,219721,BGN
2024,326,СУСВПАИСИЙХИЛЕНДАРСКИ,"СУ ""Св. Паисий Хилендарски""",formula,field-arts,436075,BGN
2024,326,СУСВПАИСИЙХИЛЕНДАРСКИ,"СУ ""Св. Паисий Хилендарски""",formula,reserve,6624,BGN
2024,326,СУСВПАИСИЙХИЛЕНДАРСКИ,"СУ ""Св. Паисий Хилендарски""",formula,vocational-classes,104610,BGN
2024,326,СУСВПАИСИЙХИЛЕНДАРСКИ,"СУ ""Св. Паисий Хилендарски""",above,facilities,4690,BGN
2024,326,СУСВПАИСИЙХИЛЕНДАРСКИ,"СУ ""Св. Паисий Хилендарски""",above,vocational-dual,9916,BGN
2024,326,СУСВПАИСИЙХИЛЕНДАРСКИ,"СУ ""Св. Паисий Хилендарски""",above,interests,5628,BGN
2024,326,СУСВПАИСИЙХИЛЕНДАРСКИ,"СУ ""Св. Паисий Хилендарски""",above,scholarships,15008,BGN
2024,326,СУСВПАИСИЙХИЛЕНДАРСКИ,"СУ ""Св. Паисий Хилендарски""",count,pupils,134,
2024,326,СУЦАРСИМЕОНВЕЛИКИ,"СУ ""Цар Симеон Велики""",formula,field-science,105791,BGN
2024,326,СУЦАРСИМЕОНВЕЛИКИ,"СУ ""Цар Симеон Велики""",formula,reserve,1069,BGN
2024,326,СУЦАРСИМЕОНВЕЛИКИ,"СУ ""Цар Симеон Велики""",formula,vocational-classes,20922,BGN
2024,326,СУЦАРСИМЕОНВЕЛИКИ,"СУ ""Цар Симеон Велики""",above,facilities,910,BGN
2024,326,СУЦАРСИМЕОНВЕЛИКИ,"СУ ""Цар Симеон Велики""",above,vocational-dual,1924,BGN
2024,326,СУЦАРСИМЕОНВЕЛИКИ,"СУ ""Цар Симеон Велики""",above,interests,1092,BGN
2024,326,СУЦАРСИМЕОНВЕЛИКИ,"СУ ""Цар Симеон Велики""",above,scholarships,27499,BGN
2024,326,СУЦАРСИМЕОНВЕЛИКИ,"СУ ""Цар Симеон Велики""",count,pupils,26,
2024,326,ОБУПСЛАВЕЙКОВ,"ОбУ ""П.Славейков""",formula,field-science,598128,BGN
2024,326,ОБУПСЛАВЕЙКОВ,"ОбУ ""П.Славейков""",formula,reserve,6042,BGN
2024,326,ОБУПСЛАВЕЙКОВ,"ОбУ ""П.Славейков""",formula,vocational-classes,146454,BGN
2024,326,ОБУПСЛАВЕЙКОВ,"ОбУ ""П.Славейков""",above,facilities,5145,BGN
2024,326,ОБУПСЛАВЕЙКОВ,"ОбУ ""П.Славейков""",above,vocational-dual,10878,BGN
2024,326,ОБУПСЛАВЕЙКОВ,"ОбУ ""П.Славейков""",above,interests,6174,BGN
2024,326,ОБУПСЛАВЕЙКОВ,"ОбУ ""П.Славейков""",above,scholarships,16464,BGN
2024,326,ОБУПСЛАВЕЙКОВ,"ОбУ ""П.Славейков""",count,pupils,147,
2024,326,СУНГЕРОВ,"СУ ""H.Геров""",formula,field-science,195307,BGN
2024,326,СУНГЕРОВ,"СУ ""H.Геров""",formula,reserve,1973,BGN
2024,326,СУНГЕРОВ,"СУ ""H.Геров""",formula,vocational-classes,62766,BGN
2024,326,СУНГЕРОВ,"СУ ""H.Геров""",above,facilities,1680,BGN
2024,326,СУНГЕРОВ,"СУ ""H.Геров""",above,vocational-dual,3552,BGN
2024,326,СУНГЕРОВ,"СУ ""H.Геров""",above,interests,2016,BGN
2024,326,СУНГЕРОВ,"СУ ""H.Геров""",above,scholarships,5376,BGN
2024,326,СУНГЕРОВ,"СУ ""H.Геров""",count,pupils,48,
2024,326,СУСВСВКИРИЛИМЕТОДИЙ,"СУ ""Св. Св. Кирил и Методий""",formula,field-arts,1717046,BGN
2024,326,СУСВСВКИРИЛИМЕТОДИЙ,"СУ ""Св. Св. Кирил и Методий""",formula,reserve,17344,BGN
2024,326,СУСВСВКИРИЛИМЕТОДИЙ,"СУ ""Св. Св. Кирил и Методий""",formula,vocational-classes,271986,BGN
2024,326,СУСВСВКИРИЛИМЕТОДИЙ,"СУ ""Св. Св. Кирил и Методий""",above,facilities,11025,BGN
2024,326,СУСВСВКИРИЛИМЕТОДИЙ,"СУ ""Св. Св. Кирил и Методий""",above,vocational-dual,23310,BGN
2024,326,СУСВСВКИРИЛИМЕТОДИЙ,"СУ ""Св. Св. Кирил и Методий""",above,interests,13230,BGN
2024,326,СУСВСВКИРИЛИМЕТОДИЙ,"СУ ""Св. Св. Кирил и Методий""",above,scholarships,35280,BGN
2024,326,СУСВСВКИРИЛИМЕТОДИЙ,"СУ ""Св. Св. Кирил и Методий""",count,pupils,315,
2024,326,МГАКАДЕМИККПОПОВ,"МГ ""Академик К.Попов""",formula,field-science,1053845,BGN
2024,326,МГАКАДЕМИККПОПОВ,"МГ ""Академик К.Попов""",formula,field-arts,708622,BGN
2024,326,МГАКАДЕМИККПОПОВ,"МГ ""Академик К.Попов""",formula,reserve,17803,BGN
2024,326,МГАКАДЕМИККПОПОВ,"МГ ""Академик К.Попов""",formula,vocational-classes,313830,BGN
2024,326,МГАКАДЕМИККПОПОВ,"МГ ""Академик К.Попов""",above,facilities,13615,BGN
2024,326,МГАКАДЕМИККПОПОВ,"МГ ""Академик К.Попов""",above,vocational-dual,28786,BGN
2024,326,МГАКАДЕМИККПОПОВ,"МГ ""Академик К.Попов""",above,interests,16338,BGN
2024,326,МГАКАДЕМИККПОПОВ,"МГ ""Академик К.Попов""",above,scholarships,43568,BGN
2024,326,МГАКАДЕМИККПОПОВ,"МГ ""Академик К.Попов""",count,pupils,389,
2024,326,ОБУЙЙОВКОВ,"ОбУ ""Й.Йовков""",formula,field-services,233699,BGN
2024,326,ОБУЙЙОВКОВ,"ОбУ ""Й.Йовков""",formula,reserve,2362,BGN
2024,326,ОБУЙЙОВКОВ,"ОбУ ""Й.Йовков""",formula,vocational-classes,62766,BGN
2024,326,ОБУЙЙОВКОВ,"ОбУ ""Й.Йовков""",above,facilities,2205,BGN
2024,326,ОБУЙЙОВКОВ,"ОбУ ""Й.Йовков""",above,vocational-dual,4662,BGN
2024,326,ОБУЙЙОВКОВ,"ОбУ ""Й.Йовков""",above,interests,2646,BGN
2024,326,ОБУЙЙОВКОВ,"ОбУ ""Й.Йовков""",above,scholarships,6300,BGN
2024,326,ОБУЙЙОВКОВ,"ОбУ ""Й.Йовков""",count,pupils,63,
2024,326,СУНВАПЦАРОВ,"СУ ""H.Вапцаров""",formula,field-science,89516,BGN
2024,326,СУНВАПЦАРОВ,"СУ ""H.Вапцаров""",formula,field-arts,1073835,BGN
2024,326,СУНВАПЦАРОВ,"СУ ""H.Вапцаров""",formula,reserve,11751,BGN
2024,326,СУНВАПЦАРОВ,"СУ ""H.Вапцаров""",formula,vocational-classes,188298,BGN
2024,326,СУНВАПЦАРОВ,"СУ ""H.Вапцаров""",above,combined-form,10080,BGN
2024,326,СУНВАПЦАРОВ,"СУ ""H.Вапцаров""",above,facilities,7665,BGN
2024,326,СУНВАПЦАРОВ,"СУ ""H.Вапцаров""",above,vocational-dual,16206,BGN
2024,326,СУНВАПЦАРОВ,"СУ ""H.Вапцаров""",above,interests,9198,BGN
2024,326,СУНВАПЦАРОВ,"СУ ""H.Вапцаров""",above,scholarships,24528,BGN
2024,326,СУНВАПЦАРОВ,"СУ ""H.Вапцаров""",count,pupils,219,
2024,326,СУХРГДАНОВ,"СУ ""Хр. Г. Данов""",formula,field-science,594059,BGN
2024,326,СУХРГДАНОВ,"СУ ""Хр. Г. Данов""",formula,reserve,6001,BGN
2024,326,СУХРГДАНОВ,"СУ ""Хр. Г. Данов""",formula,vocational-classes,125532,BGN
2024,326,СУХРГДАНОВ,"СУ ""Хр. Г. Данов""",formula,individual,8821,BGN
2024,326,СУХРГДАНОВ,"СУ ""Хр. Г. Данов""",above,facilities,5110,BGN
2024,326,СУХРГДАНОВ,"СУ ""Хр. Г. Данов""",above,vocational-dual,10804,BGN
2024,326,СУХРГДАНОВ,"СУ ""Хр. Г. Данов""",above,interests,6132,BGN
2024,326,СУХРГДАНОВ,"СУ ""Хр. Г. Данов""",above,scholarships,23276,BGN
2024,326,СУХРГДАНОВ,"СУ ""Хр. Г. Данов""",count,pupils,146,
2024,326,ПГХТТ,ПГХТТ,formula,field-science,3535874,BGN
2024,326,ПГХТТ,ПГХТТ,formula,reserve,35716,BGN
2024,326,ПГХТТ,ПГХТТ,formula,vocational-classes,732270,BGN
2024,326,ПГХТТ,ПГХТТ,formula,institution,73900,BGN
2024,326,ПГХТТ,ПГХТТ,formula,self-study,19188,BGN
2024,326,ПГХТТ,ПГХТТ,above,facilities,30415,BGN
2024,326,ПГХТТ,ПГХТТ,above,vocational-dual,64306,BGN
2024,326,ПГХТТ,ПГХТТ,above,interests,39160,BGN
2024,326,ПГХТТ,ПГХТТ,above,scholarships,228852,BGN
2024,326,ПГХТТ,ПГХТТ,count,pupils,869,
2024,326,СУСВКОНСТАНТИН-КИРИЛФИЛОСОФ,"СУ ""Св. Константин-Кирил Философ""",formula,field-science,488268,BGN
2024,326,СУСВКОНСТАНТИН-КИРИЛФИЛОСОФ,"СУ ""Св. Константин-Кирил Философ""",formula,reserve,4932,BGN
2024,326,СУСВКОНСТАНТИН-КИРИЛФИЛОСОФ,"СУ ""Св. Константин-Кирил Философ""",formula,vocational-classes,104610,BGN
2024,326,СУСВКОНСТАНТИН-КИРИЛФИЛОСОФ,"СУ ""Св. Константин-Кирил Философ""",formula,individual,8821,BGN
2024,326,СУСВКОНСТАНТИН-КИРИЛФИЛОСОФ,"СУ ""Св. Константин-Кирил Философ""",above,facilities,4200,BGN
2024,326,СУСВКОНСТАНТИН-КИРИЛФИЛОСОФ,"СУ ""Св. Константин-Кирил Философ""",above,vocational-dual,8880,BGN
2024,326,СУСВКОНСТАНТИН-КИРИЛФИЛОСОФ,"СУ ""Св. Константин-Кирил Философ""",above,interests,5040,BGN
2024,326,СУСВКОНСТАНТИН-КИРИЛФИЛОСОФ,"СУ ""Св. Константин-Кирил Философ""",above,scholarships,13552,BGN
2024,326,СУСВКОНСТАНТИН-КИРИЛФИЛОСОФ,"СУ ""Св. Константин-Кирил Философ""",count,pupils,120,
2024,326,СУДИМИТЪРМАТЕВСКИ,"СУ ""Димитър Матевски""",formula,field-science,317374,BGN
2024,326,СУДИМИТЪРМАТЕВСКИ,"СУ ""Димитър Матевски""",formula,field-business,157680,BGN
2024,326,СУДИМИТЪРМАТЕВСКИ,"СУ ""Димитър Матевски""",formula,reserve,4799,BGN
2024,326,СУДИМИТЪРМАТЕВСКИ,"СУ ""Димитър Матевски""",formula,vocational-classes,104610,BGN
2024,326,СУДИМИТЪРМАТЕВСКИ,"СУ ""Димитър Матевски""",formula,individual,8821,BGN
2024,326,СУДИМИТЪРМАТЕВСКИ,"СУ ""Димитър Матевски""",above,facilities,4515,BGN
2024,326,СУДИМИТЪРМАТЕВСКИ,"СУ ""Димитър Матевски""",above,vocational-dual,9546,BGN
2024,326,СУДИМИТЪРМАТЕВСКИ,"СУ ""Димитър Матевски""",above,interests,5418,BGN
2024,326,СУДИМИТЪРМАТЕВСКИ,"СУ ""Димитър Матевски""",above,scholarships,13948,BGN
2024,326,СУДИМИТЪРМАТЕВСКИ,"СУ ""Димитър Матевски""",count,pupils,129,
2024,326,СУСВСЕДМОЧИСЛЕНИЦИ,"СУ ""Св. Седмочисленици""",formula,field-science,105791,BGN
2024,326,СУСВСЕДМОЧИСЛЕНИЦИ,"СУ ""Св. Седмочисленици""",formula,reserve,1069,BGN
2024,326,СУСВСЕДМОЧИСЛЕНИЦИ,"СУ ""Св. Седмочисленици""",formula,vocational-classes,20922,BGN
2024,326,СУСВСЕДМОЧИСЛЕНИЦИ,"СУ ""Св. Седмочисленици""",above,facilities,910,BGN
2024,326,СУСВСЕДМОЧИСЛЕНИЦИ,"СУ ""Св. Седмочисленици""",above,vocational-dual,1924,BGN
2024,326,СУСВСЕДМОЧИСЛЕНИЦИ,"СУ ""Св. Седмочисленици""",above,interests,1092,BGN
2024,326,СУСВСЕДМОЧИСЛЕНИЦИ,"СУ ""Св. Седмочисленици""",above,scholarships,2912,BGN
2024,326,СУСВСЕДМОЧИСЛЕНИЦИ,"СУ ""Св. Седмочисленици""",count,pupils,26,
2024,326,СУСВСОФРОНИЙВРАЧАНСКИ,"СУ ""Св. Софроний Врачански""",formula,field-science,813780,BGN
2024,326,СУСВСОФРОНИЙВРАЧАНСКИ,"СУ ""Св. Софроний Врачански""",formula,reserve,8220,BGN
2024,326,СУСВСОФРОНИЙВРАЧАНСКИ,"СУ ""Св. Софроний Врачански""",formula,vocational-classes,167376,BGN
2024,326,СУСВСОФРОНИЙВРАЧАНСКИ,"СУ ""Св. Софроний Врачански""",above,combined-form,5040,BGN
2024,326,СУСВСОФРОНИЙВРАЧАНСКИ,"СУ ""Св. Софроний Врачански""",above,facilities,7000,BGN
2024,326,СУСВСОФРОНИЙВРАЧАНСКИ,"СУ ""Св. Софроний Врачански""",above,vocational-dual,14800,BGN
2024,326,СУСВСОФРОНИЙВРАЧАНСКИ,"СУ ""Св. Софроний Врачански""",above,interests,8400,BGN
2024,326,СУСВСОФРОНИЙВРАЧАНСКИ,"СУ ""Св. Софроний Врачански""",above,scholarships,22400,BGN
2024,326,СУСВСОФРОНИЙВРАЧАНСКИ,"СУ ""Св. Софроний Врачански""",count,pupils,200,
2024,326,СУЧЕРНОРИЗЕЦХРАБЪР,"СУ ""Черноризец Храбър""",formula,field-arts,436075,BGN
2024,326,СУЧЕРНОРИЗЕЦХРАБЪР,"СУ ""Черноризец Храбър""",formula,field-business,157680,BGN
2024,326,СУЧЕРНОРИЗЕЦХРАБЪР,"СУ ""Черноризец Храбър""",formula,reserve,5998,BGN
2024,326,СУЧЕРНОРИЗЕЦХРАБЪР,"СУ ""Черноризец Храбър""",formula,vocational-classes,104610,BGN
2024,326,СУЧЕРНОРИЗЕЦХРАБЪР,"СУ ""Черноризец Храбър""",formula,individual,17642,BGN
2024,326,СУЧЕРНОРИЗЕЦХРАБЪР,"СУ ""Черноризец Храбър""",above,facilities,4585,BGN
2024,326,СУЧЕРНОРИЗЕЦХРАБЪР,"СУ ""Черноризец Храбър""",above,vocational-dual,9694,BGN
2024,326,СУЧЕРНОРИЗЕЦХРАБЪР,"СУ ""Черноризец Храбър""",above,interests,5502,BGN
2024,326,СУЧЕРНОРИЗЕЦХРАБЪР,"СУ ""Черноризец Храбър""",above,scholarships,35132,BGN
2024,326,СУЧЕРНОРИЗЕЦХРАБЪР,"СУ ""Черноризец Храбър""",count,pupils,131,
2024,332,ЕГПЛОВДИВ,"ЕГ ""Пловдив""",formula,pupils,726594,BGN
2024,332,ЕГПЛОВДИВ,"ЕГ ""Пловдив""",formula,dormitory-groups,186161,BGN
2024,332,ЕГПЛОВДИВ,"ЕГ ""Пловдив""",formula,reserve,18623,BGN
2024,332,ЕГПЛОВДИВ,"ЕГ ""Пловдив""",count,pupils,218,
2024,332,ЕГИВВАЗОВ,"ЕГ ""Ив.Вазов""",formula,pupils,269973,BGN
2024,332,ЕГИВВАЗОВ,"ЕГ ""Ив.Вазов""",formula,dormitory-groups,93081,BGN
2024,332,ЕГИВВАЗОВ,"ЕГ ""Ив.Вазов""",formula,reserve,7407,BGN
2024,332,ЕГИВВАЗОВ,"ЕГ ""Ив.Вазов""",count,pupils,81,
2024,338,ДГБУРАТИНО,"ДГ ""Буратино""",formula,inclusive,866,BGN
2024,338,ДГЗОРА,"ДГ ""Зора""",formula,inclusive,2598,BGN
2024,338,ДГКАМЕНИЦА,"ДГ ""Каменица""",formula,inclusive,4330,BGN
2024,338,ДГЛЮЛЯК,"ДГ ""Люляк""",formula,inclusive,5196,BGN
2024,338,ДГМАЙЧИНАГРИЖА,"ДГ ""Майчина грижа""",formula,inclusive,4330,BGN
2024,338,ДГМАЛКИЯТПРИНЦ,"ДГ ""Малкият принц""",formula,inclusive,3464,BGN
2024,338,ДГНЕЗАБРАВКА,"ДГ ""Незабравка""",formula,inclusive,2598,BGN
2024,338,ДГПЕРУНИКА,"ДГ ""Перуника""",formula,inclusive,5196,BGN
2024,338,ДГПЕРУНИКА,"ДГ ""Перуника""",formula,resource-support,38592,BGN
2024,338,ДГРАДОСТ,"ДГ ""Радост""",formula,inclusive,5196,BGN
2024,338,ДГСНЕЖАНКА,"ДГ ""Снежанка""",formula,inclusive,6928,BGN
2024,338,ДГСНЕЖАНКА,"ДГ ""Снежанка""",formula,resource-support,51456,BGN
2024,338,ДГЧУЧУЛИГА,"ДГ ""Чучулига""",formula,inclusive,4330,BGN
2024,338,ОУАЛЕКОКОНСТАНТИНОВ,"ОУ ""Алеко Константинов""",formula,inclusive,2598,BGN
2024,338,ОУГЕОМИЛЕВ,"ОУ ""Гео Милев""",formula,inclusive,12124,BGN
2024,338,ОУГЕОМИЛЕВ,"ОУ ""Гео Милев""",formula,resource-support,90048,BGN
2024,338,ОУД-РПЕТЪРБЕРОН,"ОУ ""Д-р Петър Берон""",formula,inclusive,12990,BGN
2024,338,ОУД-РПЕТЪРБЕРОН,"ОУ ""Д-р Петър Берон""",formula,resource-support,96480,BGN
2024,338,ОУДУШОХАДЖИДЕКОВ,"ОУ ""Душо Хаджидеков""",formula,inclusive,3464,BGN
2024,338,ОУЕКЗАРХАНТИМІ,"ОУ ""Екзарх Антим І""",formula,inclusive,5196,BGN
2024,338,ОУКОЧОЧЕСТЕМЕНСКИ,"ОУ ""Кочо Честеменски""",formula,inclusive,6928,BGN
2024,338,СУЛЮБЕНКАРАВЕЛОВ,"СУ ""Любен Каравелов""",formula,inclusive,12990,BGN
2024,338,СУЛЮБЕНКАРАВЕЛОВ,"СУ ""Любен Каравелов""",formula,resource-support,96480,BGN
2024,338,ОУКНЯЗАЛЕКСАНДЪРI,"ОУ ""Княз Александър I""",formula,inclusive,1732,BGN
2024,338,ХГСВСВКИРИЛИМЕТОДИЙ,"ХГ  ""Св. Св. Кирил и Методий""",formula,inclusive,1732,BGN
2024,338,СУСВПАИСИЙХИЛЕНДАРСКИ,"СУ "" Св. Паисий Хилендарски""",formula,inclusive,14722,BGN
2024,338,СУСВПАИСИЙХИЛЕНДАРСКИ,"СУ "" Св. Паисий Хилендарски""",formula,resource-support,109344,BGN
2024,338,СУСВКЛИМЕНТОХРИДСКИ,"СУ ""Свети Климент Охридски""",formula,inclusive,12990,BGN
2024,338,СУСВКЛИМЕНТОХРИДСКИ,"СУ ""Свети Климент Охридски""",formula,resource-support,96480,BGN
2024,338,СУСВПАТРИАРХЕВТИМИЙ,"СУ "" Св. Патриарх Евтимий""",formula,inclusive,2598,BGN
2024,338,СУЦАРСИМЕОНВЕЛИКИ,"СУ ""Цар Симеон Велики""",formula,inclusive,9526,BGN
2024,338,СУЦАРСИМЕОНВЕЛИКИ,"СУ ""Цар Симеон Велики""",formula,resource-support,70752,BGN
2024,338,ПГВАДХРИСТОБОТЕВ,"ПГВАД ""Христо Ботев""",formula,inclusive,866,BGN
2024,338,ДГЩАСТЛИВОДЕТСТВО,"ДГ ""Щастливо детство""",formula,inclusive,10392,BGN
2024,338,ДГЩАСТЛИВОДЕТСТВО,"ДГ ""Щастливо детство""",formula,resource-support,77184,BGN
2024,338,ДГБИЛЯНА,"ДГ ""Биляна""",formula,inclusive,4330,BGN
2024,338,ДГМАРГАРИТКА,"ДГ ""Маргаритка""",formula,inclusive,1732,BGN
2024,338,ДГНАТАЛИЯ,"ДГ ""Наталия""",formula,inclusive,1732,BGN
2024,338,ДГЧАЙКА,"ДГ ""Чайка""",formula,inclusive,6928,BGN
2024,338,НУКИРИЛНЕКТАРИЕВ,"НУ ""Кирил Нектариев""",formula,inclusive,1732,BGN
2024,338,НУПЕТКОРАЧОВСЛАВЕЙКОВ,"НУ ""Петко Рачов Славейков""",formula,inclusive,866,BGN
2024,338,ОУВАСИЛЛЕВСКИ,"ОУ ""Васил Левски""",formula,inclusive,10392,BGN
2024,338,ОУВАСИЛЛЕВСКИ,"ОУ ""Васил Левски""",formula,resource-support,77184,BGN
2024,338,ОУДИМЧОДЕБЕЛЯНОВ,"ОУ ""Димчо Дебелянов""",formula,inclusive,20784,BGN
2024,338,ОУДИМЧОДЕБЕЛЯНОВ,"ОУ ""Димчо Дебелянов""",formula,resource-support,154368,BGN
2024,338,ОБУПЕНЧОСЛАВЕЙКОВ,"ОбУ ""Пенчо Славейков""",formula,inclusive,11258,BGN
2024,338,СУНГЕРОВ,"СУ ""Найден Геров""",formula,inclusive,13856,BGN
2024,338,СУНГЕРОВ,"СУ ""Найден Геров""",formula,resource-support,102912,BGN
2024,338,СУСБОЛИВАР,"СУ ""Симон Боливар""",formula,inclusive,9526,BGN
2024,338,СУСБОЛИВАР,"СУ ""Симон Боливар""",formula,resource-support,64320,BGN
2024,338,ДГБОРЯНА,"ДГ ""Боряна""",formula,inclusive,1732,BGN
2024,338,ДГДРУЖБА,"ДГ ""Дружба""",formula,inclusive,2598,BGN
2024,338,ДГЕЛИЦА,"ДГ ""Елица""",formula,inclusive,6928,BGN
2024,338,ДГМИР,"ДГ ""Мир""",formula,inclusive,4330,BGN
2024,338,ДГРОСИЦА,"ДГ ""Росица""",formula,inclusive,866,BGN
2024,338,ДГСВЕТЛА,"ДГ ""Светла""",formula,inclusive,3464,BGN
2024,338,ДГРАЯ,"ДГ ""Рая""",formula,inclusive,4330,BGN
2024,338,ОУВАСИЛПЕТЛЕШКОВ,"ОУ ""Васил Петлешков""",formula,inclusive,6928,BGN
2024,338,ОУДРАГАНМАНЧОВ,"ОУ ""Драган Манчов""",formula,inclusive,2598,BGN
2024,338,ОУДРАГАНМАНЧОВ,"ОУ ""Драган Манчов""",formula,resource-support,19296,BGN
2024,338,ОУЕЛИНПЕЛИН,"ОУ ""Елин Пелин""",formula,inclusive,8660,BGN
2024,338,ОУЕЛИНПЕЛИН,"ОУ ""Елин Пелин""",formula,resource-support,64320,BGN
2024,338,ОУТОДОРКАБЛЕШКОВ,"ОУ ""Тодор Каблешков""",formula,inclusive,4330,BGN
2024,338,СУСВСВКИРИЛИМЕТОДИЙ,"СУ ""Свети Свети Кирил и Методий""",formula,inclusive,5196,BGN
2024,338,СУСВСВКИРИЛИМЕТОДИЙ,"СУ ""Свети Свети Кирил и Методий""",formula,resource-support,38592,BGN
2024,338,ДГКОСМОНАВТ,"ДГ ""Космонавт""",formula,inclusive,3464,BGN
2024,338,ДГСЛАВЕЙ,"ДГ ""Славей""",formula,inclusive,2598,BGN
2024,338,ДГБРЕЗА,"ДГ ""Бреза""",formula,inclusive,1732,BGN
2024,338,ДГВЕСЕЛА,"ДГ ""Весела""",formula,inclusive,2598,BGN
2024,338,ДГДЪГА,"ДГ ""Дъга""",formula,inclusive,5196,BGN
2024,338,ДГЗАХАРНОПЕТЛЕ,"ДГ ""Захарно петле""",formula,inclusive,7794,BGN
2024,338,ДГМАРИЦА,"ДГ ""Марица""",formula,inclusive,866,BGN
2024,338,НУХРИСТОБОТЕВ,"НУ ""Христо Ботев""",formula,inclusive,7794,BGN
2024,338,ОУДИМИТЪРДИМОВ,"ОУ ""Димитър Димов""",formula,inclusive,10392,BGN
2024,338,ОБУЙОРДАНЙОВКОВ,"ОбУ ""Йордан Йовков""",formula,inclusive,16454,BGN
2024,338,ОБУЙОРДАНЙОВКОВ,"ОбУ ""Йордан Йовков""",formula,resource-support,115776,BGN
2024,338,ОУПАНАЙОТВОЛОВ,"ОУ ""Панайот Волов""",formula,inclusive,5196,BGN
2024,338,ОУРАЙНАКНЯГИНЯ,"ОУ ""Райна Княгиня""",formula,inclusive,10392,BGN
2024,338,ОУРАЙНАКНЯГИНЯ,"ОУ ""Райна Княгиня""",formula,resource-support,77184,BGN
2024,338,СУНИКОЛАВАПЦАРОВ,"СУ ""Никола Вапцаров""",formula,inclusive,12124,BGN
2024,338,СУПЕЙОКРАЧОЛОВЯВОРОВ,"СУ ""Пейо Крачолов Яворов""",formula,inclusive,24248,BGN
2024,338,СУПЕЙОКРАЧОЛОВЯВОРОВ,"СУ ""Пейо Крачолов Яворов""",formula,resource-support,83616,BGN
2024,338,СУХРИСТОГРУЕВДАНОВ,"СУ ""Христо Груев Данов""",formula,inclusive,22516,BGN
2024,338,СУХРИСТОГРУЕВДАНОВ,"СУ ""Христо Груев Данов""",formula,resource-support,167232,BGN
2024,338,ПГХТТ,ПГХТТ,formula,inclusive,866,BGN
2024,338,ДГРАЛИЦА,"ДГ ""Ралица""",formula,inclusive,6928,BGN
2024,338,ДГАЛБЕНА,"ДГ ""Албена""",formula,inclusive,4330,BGN
2024,338,ДГВАЛЕНТИНА,"ДГ ""Валентина""",formula,inclusive,4330,BGN
2024,338,ДГВЯРА,"ДГ ""Вяра""",formula,inclusive,5196,BGN
2024,338,ДГЗДРАВЕЦ,"ДГ ""Здравец""",formula,inclusive,3464,BGN
2024,338,ДГЗОРНИЦА,"ДГ ""Зорница""",formula,inclusive,2598,BGN
2024,338,ДГМАЛИНА,"ДГ ""Малина""",formula,inclusive,7794,BGN
2024,338,ДГМАЯ,"ДГ ""Мая""",formula,inclusive,3464,BGN
2024,338,ДГОСМИМАРТ,"ДГ ""Осми март""",formula,inclusive,4330,BGN
2024,338,ДГСВЕТЛИНА,"ДГ ""Светлина""",formula,inclusive,2598,BGN
2024,338,СУБРАТЯМИЛАДИНОВИ,"СУ ""Братя Миладинови""",formula,inclusive,27712,BGN
2024,338,СУБРАТЯМИЛАДИНОВИ,"СУ ""Братя Миладинови""",formula,resource-support,205824,BGN
2024,338,ОУДИМИТЪРТАЛЕВ,"ОУ ""Димитър Талев""",formula,inclusive,12124,BGN
2024,338,ОУДИМИТЪРТАЛЕВ,"ОУ ""Димитър Талев""",formula,resource-support,90048,BGN
2024,338,ОУЗАХАРИСТОЯНОВ,"ОУ ""Захари Стоянов""",formula,inclusive,4330,BGN
2024,338,ОУЗАХАРИСТОЯНОВ,"ОУ ""Захари Стоянов""",formula,resource-support,32160,BGN
2024,338,ОУСТОЯНМИХАЙЛОВСКИ,"ОУ ""Стоян  Михайловски""",formula,inclusive,10392,BGN
2024,338,ОУСТОЯНМИХАЙЛОВСКИ,"ОУ ""Стоян  Михайловски""",formula,resource-support,77184,BGN
2024,338,ОУЯНЕСАНДАНСКИ,"ОУ ""Яне Сандански""",formula,inclusive,16454,BGN
2024,338,ОУЯНЕСАНДАНСКИ,"ОУ ""Яне Сандански""",formula,resource-support,122208,BGN
2024,338,СУКОНСТАНТИНВЕЛИЧКОВ,"СУ ""Константин  Величков""",formula,inclusive,13856,BGN
2024,338,СУКОНСТАНТИНВЕЛИЧКОВ,"СУ ""Константин  Величков""",formula,resource-support,102912,BGN
2024,338,СУСВКОНСТАНТИН-КИРИЛФИЛОСОФ,"СУ ""Св. Константин-Кирил Философ""",formula,inclusive,17320,BGN
2024,338,СУСВКОНСТАНТИН-КИРИЛФИЛОСОФ,"СУ ""Св. Константин-Кирил Философ""",formula,resource-support,128640,BGN
2024,338,ДГД-РЕДГАРБОРОУ,"ДГ ""Д-р Едгар Бороу""",formula,inclusive,5196,BGN
2024,338,ДГДЕСИСЛАВА,"ДГ ""Десислава""",formula,inclusive,6928,BGN
2024,338,ДГЕДЕЛВАЙС,"ДГ ""Еделвайс""",formula,inclusive,1732,BGN
2024,338,ДГКРЕМЕНА,"ДГ ""Кремена""",formula,inclusive,12124,BGN
2024,338,ДГКРЕМЕНА,"ДГ ""Кремена""",formula,resource-support,90048,BGN
2024,338,ДГСЛЪНЦЕ,"ДГ ""Слънце""",formula,inclusive,6062,BGN
2024,338,ДГТАНЯСАВИЧЕВА,"ДГ ""Таня Савичева""",formula,inclusive,7794,BGN
2024,338,ДГЧЕРВЕНАТАШАПЧИЦА,"ДГ ""Червената шапчица""",formula,inclusive,5196,BGN
2024,338,СУДИМИТЪРМАТЕВСКИ,"СУ ""Димитър Матевски""",formula,inclusive,14722,BGN
2024,338,СУДИМИТЪРМАТЕВСКИ,"СУ ""Димитър Матевски""",formula,resource-support,109344,BGN
2024,338,СУСВСЕДМОЧИСЛЕНИЦИ,"СУ ""Свети  Седмочисленици""",formula,inclusive,18186,BGN
2024,338,СУСВСЕДМОЧИСЛЕНИЦИ,"СУ ""Свети  Седмочисленици""",formula,resource-support,135072,BGN
2024,338,СУСВСОФРОНИЙВРАЧАНСКИ,"СУ ""Свети Софроний Врачански""",formula,inclusive,25980,BGN
2024,338,СУСВСОФРОНИЙВРАЧАНСКИ,"СУ ""Свети Софроний Врачански""",formula,resource-support,192960,BGN
2024,338,СУЧЕРНОРИЗЕЦХРАБЪР,"СУ ""Черноризец Храбър""",formula,inclusive,12990,BGN
2024,338,СУЧЕРНОРИЗЕЦХРАБЪР,"СУ ""Черноризец Храбър""",formula,resource-support,96480,BGN
2025,311,ДГБУРАТИНО,"ДГ ""Буратино""",formula,children-2-3,260889,BGN
2025,311,ДГБУРАТИНО,"ДГ ""Буратино""",formula,children-4-6,735587,BGN
2025,311,ДГБУРАТИНО,"ДГ ""Буратино""",formula,groups,84958,BGN
2025,311,ДГБУРАТИНО,"ДГ ""Буратино""",formula,institution,51918,BGN
2025,311,ДГБУРАТИНО,"ДГ ""Буратино""",formula,reserve,9040,BGN
2025,311,ДГБУРАТИНО,"ДГ ""Буратино""",above,fees-compensation,227975,BGN
2025,311,ДГБУРАТИНО,"ДГ ""Буратино""",count,pupils,199,
2025,311,ДГЗОРА,"ДГ ""Зора""",formula,nursery-children,58892,BGN
2025,311,ДГЗОРА,"ДГ ""Зора""",formula,children-2-3,265633,BGN
2025,311,ДГЗОРА,"ДГ ""Зора""",formula,children-4-6,924591,BGN
2025,311,ДГЗОРА,"ДГ ""Зора""",formula,groups,121369,BGN
2025,311,ДГЗОРА,"ДГ ""Зора""",formula,institution,51918,BGN
2025,311,ДГЗОРА,"ДГ ""Зора""",formula,reserve,11344,BGN
2025,311,ДГЗОРА,"ДГ ""Зора""",above,fees-compensation,297857,BGN
2025,311,ДГЗОРА,"ДГ ""Зора""",count,pupils,237,
2025,311,ДГКАМЕНИЦА,"ДГ ""Каменица""",formula,children-2-3,360501,BGN
2025,311,ДГКАМЕНИЦА,"ДГ ""Каменица""",formula,children-4-6,1517147,BGN
2025,311,ДГКАМЕНИЦА,"ДГ ""Каменица""",formula,groups,182054,BGN
2025,311,ДГКАМЕНИЦА,"ДГ ""Каменица""",formula,institution,51918,BGN
2025,311,ДГКАМЕНИЦА,"ДГ ""Каменица""",formula,adapted-buildings,20160,BGN
2025,311,ДГКАМЕНИЦА,"ДГ ""Каменица""",formula,listed-buildings,27040,BGN
2025,311,ДГКАМЕНИЦА,"ДГ ""Каменица""",formula,reserve,16841,BGN
2025,311,ДГКАМЕНИЦА,"ДГ ""Каменица""",above,fees-compensation,427310,BGN
2025,311,ДГКАМЕНИЦА,"ДГ ""Каменица""",count,pupils,373,
2025,311,ДГМАЙЧИНАГРИЖА,"ДГ ""Майчина грижа""",formula,children-2-3,313067,BGN
2025,311,ДГМАЙЧИНАГРИЖА,"ДГ ""Майчина грижа""",formula,children-4-6,710045,BGN
2025,311,ДГМАЙЧИНАГРИЖА,"ДГ ""Майчина грижа""",formula,groups,109232,BGN
2025,311,ДГМАЙЧИНАГРИЖА,"ДГ ""Майчина грижа""",formula,institution,51918,BGN
2025,311,ДГМАЙЧИНАГРИЖА,"ДГ ""Майчина грижа""",formula,adapted-buildings,26640,BGN
2025,311,ДГМАЙЧИНАГРИЖА,"ДГ ""Майчина грижа""",formula,listed-buildings,27040,BGN
2025,311,ДГМАЙЧИНАГРИЖА,"ДГ ""Майчина грижа""",formula,reserve,9445,BGN
2025,311,ДГМАЙЧИНАГРИЖА,"ДГ ""Майчина грижа""",above,fees-compensation,234849,BGN
2025,311,ДГМАЙЧИНАГРИЖА,"ДГ ""Майчина грижа""",count,pupils,205,
2025,311,ДГМАЛКИЯТПРИНЦ,"ДГ ""Малкият  принц""",formula,children-2-3,275120,BGN
2025,311,ДГМАЛКИЯТПРИНЦ,"ДГ ""Малкият  принц""",formula,children-4-6,919483,BGN
2025,311,ДГМАЛКИЯТПРИНЦ,"ДГ ""Малкият  принц""",formula,groups,97095,BGN
2025,311,ДГМАЛКИЯТПРИНЦ,"ДГ ""Малкият  принц""",formula,institution,51918,BGN
2025,311,ДГМАЛКИЯТПРИНЦ,"ДГ ""Малкият  принц""",formula,pool,25000,BGN
2025,311,ДГМАЛКИЯТПРИНЦ,"ДГ ""Малкият  принц""",formula,reserve,10715,BGN
2025,311,ДГМАЛКИЯТПРИНЦ,"ДГ ""Малкият  принц""",above,fees-compensation,272654,BGN
2025,311,ДГМАЛКИЯТПРИНЦ,"ДГ ""Малкият  принц""",count,pupils,238,
2025,311,ДГМИРОСЛАВА,"ДГ ""Мирослава""",formula,children-2-3,270376,BGN
2025,311,ДГМИРОСЛАВА,"ДГ ""Мирослава""",formula,children-4-6,618097,BGN
2025,311,ДГМИРОСЛАВА,"ДГ ""Мирослава""",formula,groups,72821,BGN
2025,311,ДГМИРОСЛАВА,"ДГ ""Мирослава""",formula,institution,51918,BGN
2025,311,ДГМИРОСЛАВА,"ДГ ""Мирослава""",formula,pool,25000,BGN
2025,311,ДГМИРОСЛАВА,"ДГ ""Мирослава""",formula,reserve,8081,BGN
2025,311,ДГМИРОСЛАВА,"ДГ ""Мирослава""",above,fees-compensation,203917,BGN
2025,311,ДГМИРОСЛАВА,"ДГ ""Мирослава""",count,pupils,178,
2025,311,ДГНЕЗАБРАВКА,"ДГ ""Незабравка""",formula,children-2-3,199224,BGN
2025,311,ДГНЕЗАБРАВКА,"ДГ ""Незабравка""",formula,children-4-6,434200,BGN
2025,311,ДГНЕЗАБРАВКА,"ДГ ""Незабравка""",formula,groups,60685,BGN
2025,311,ДГНЕЗАБРАВКА,"ДГ ""Незабравка""",formula,institution,51918,BGN
2025,311,ДГНЕЗАБРАВКА,"ДГ ""Незабравка""",formula,reserve,5950,BGN
2025,311,ДГНЕЗАБРАВКА,"ДГ ""Незабравка""",above,fees-compensation,145492,BGN
2025,311,ДГНЕЗАБРАВКА,"ДГ ""Незабравка""",count,pupils,127,
2025,311,ДГПЕРУНИКА,"ДГ ""Перуника""",formula,children-2-3,184994,BGN
2025,311,ДГПЕРУНИКА,"ДГ ""Перуника""",formula,children-4-6,607881,BGN
2025,311,ДГПЕРУНИКА,"ДГ ""Перуника""",formula,groups,72821,BGN
2025,311,ДГПЕРУНИКА,"ДГ ""Перуника""",formula,institution,51918,BGN
2025,311,ДГПЕРУНИКА,"ДГ ""Перуника""",formula,pool,25000,BGN
2025,311,ДГПЕРУНИКА,"ДГ ""Перуника""",formula,reserve,7318,BGN
2025,311,ДГПЕРУНИКА,"ДГ ""Перуника""",above,meals-preschool,40885,BGN
2025,311,ДГПЕРУНИКА,"ДГ ""Перуника""",above,fees-compensation,181005,BGN
2025,311,ДГПЕРУНИКА,"ДГ ""Перуника""",count,pupils,158,
2025,311,ДГРАДОСТ,"ДГ ""Радост""",formula,children-2-3,132816,BGN
2025,311,ДГРАДОСТ,"ДГ ""Радост""",formula,children-4-6,454633,BGN
2025,311,ДГРАДОСТ,"ДГ ""Радост""",formula,groups,48548,BGN
2025,311,ДГРАДОСТ,"ДГ ""Радост""",formula,institution,51918,BGN
2025,311,ДГРАДОСТ,"ДГ ""Радост""",formula,reserve,5486,BGN
2025,311,ДГРАДОСТ,"ДГ ""Радост""",above,fees-compensation,134036,BGN
2025,311,ДГРАДОСТ,"ДГ ""Радост""",count,pupils,117,
2025,311,ДГСНЕЖАНКА,"ДГ ""Снежанка""",formula,children-2-3,265633,BGN
2025,311,ДГСНЕЖАНКА,"ДГ ""Снежанка""",formula,children-4-6,587448,BGN
2025,311,ДГСНЕЖАНКА,"ДГ ""Снежанка""",formula,groups,72821,BGN
2025,311,ДГСНЕЖАНКА,"ДГ ""Снежанка""",formula,institution,51918,BGN
2025,311,ДГСНЕЖАНКА,"ДГ ""Снежанка""",formula,reserve,7798,BGN
2025,311,ДГСНЕЖАНКА,"ДГ ""Снежанка""",above,fees-compensation,195898,BGN
2025,311,ДГСНЕЖАНКА,"ДГ ""Снежанка""",count,pupils,171,
2025,311,ДГЧУЧУЛИГА,"ДГ ""Чучулига""",formula,children-2-3,137560,BGN
2025,311,ДГЧУЧУЛИГА,"ДГ ""Чучулига""",formula,children-4-6,771344,BGN
2025,311,ДГЧУЧУЛИГА,"ДГ ""Чучулига""",formula,groups,72821,BGN
2025,311,ДГЧУЧУЛИГА,"ДГ ""Чучулига""",formula,institution,51918,BGN
2025,311,ДГЧУЧУЛИГА,"ДГ ""Чучулига""",formula,reserve,8244,BGN
2025,311,ДГЧУЧУЛИГА,"ДГ ""Чучулига""",above,meals-preschool,51880,BGN
2025,311,ДГЧУЧУЛИГА,"ДГ ""Чучулига""",above,fees-compensation,206209,BGN
2025,311,ДГЧУЧУЛИГА,"ДГ ""Чучулига""",count,pupils,180,
2025,311,ДГЩАСТЛИВОДЕТСТВО,"ДГ ""Щастливо детство""",formula,nursery-children,122904,BGN
2025,311,ДГЩАСТЛИВОДЕТСТВО,"ДГ ""Щастливо детство""",formula,children-2-3,142303,BGN
2025,311,ДГЩАСТЛИВОДЕТСТВО,"ДГ ""Щастливо детство""",formula,children-4-6,444417,BGN
2025,311,ДГЩАСТЛИВОДЕТСТВО,"ДГ ""Щастливо детство""",formula,groups,72821,BGN
2025,311,ДГЩАСТЛИВОДЕТСТВО,"ДГ ""Щастливо детство""",formula,institution,51918,BGN
2025,311,ДГЩАСТЛИВОДЕТСТВО,"ДГ ""Щастливо детство""",formula,reserve,6654,BGN
2025,311,ДГЩАСТЛИВОДЕТСТВО,"ДГ ""Щастливо детство""",above,fees-compensation,189025,BGN
2025,311,ДГЩАСТЛИВОДЕТСТВО,"ДГ ""Щастливо детство""",count,pupils,117,
2025,311,ДГБИЛЯНА,"ДГ ""Биляна""",formula,children-2-3,128073,BGN
2025,311,ДГБИЛЯНА,"ДГ ""Биляна""",formula,children-4-6,526149,BGN
2025,311,ДГБИЛЯНА,"ДГ ""Биляна""",formula,groups,60685,BGN
2025,311,ДГБИЛЯНА,"ДГ ""Биляна""",formula,institution,51918,BGN
2025,311,ДГБИЛЯНА,"ДГ ""Биляна""",formula,reserve,6115,BGN
2025,311,ДГБИЛЯНА,"ДГ ""Биляна""",above,fees-compensation,148928,BGN
2025,311,ДГБИЛЯНА,"ДГ ""Биляна""",count,pupils,130,
2025,311,ДГДЕТЕЛИНА,"ДГ ""Детелина""",formula,children-2-3,132816,BGN
2025,311,ДГДЕТЕЛИНА,"ДГ ""Детелина""",formula,children-4-6,423984,BGN
2025,311,ДГДЕТЕЛИНА,"ДГ ""Детелина""",formula,groups,48548,BGN
2025,311,ДГДЕТЕЛИНА,"ДГ ""Детелина""",formula,institution,51918,BGN
2025,311,ДГДЕТЕЛИНА,"ДГ ""Детелина""",formula,reserve,5241,BGN
2025,311,ДГДЕТЕЛИНА,"ДГ ""Детелина""",above,fees-compensation,127162,BGN
2025,311,ДГДЕТЕЛИНА,"ДГ ""Детелина""",count,pupils,111,
2025,311,ДГЛИЛИЯ,"ДГ ""Лилия""",formula,children-2-3,128073,BGN
2025,311,ДГЛИЛИЯ,"ДГ ""Лилия""",formula,children-4-6,582339,BGN
2025,311,ДГЛИЛИЯ,"ДГ ""Лилия""",formula,groups,60685,BGN
2025,311,ДГЛИЛИЯ,"ДГ ""Лилия""",formula,institution,51918,BGN
2025,311,ДГЛИЛИЯ,"ДГ ""Лилия""",formula,reserve,6563,BGN
2025,311,ДГЛИЛИЯ,"ДГ ""Лилия""",above,fees-compensation,161530,BGN
2025,311,ДГЛИЛИЯ,"ДГ ""Лилия""",count,pupils,141,
2025,311,ДГМАРГАРИТКА,"ДГ ""Маргаритка""",formula,children-2-3,222942,BGN
2025,311,ДГМАРГАРИТКА,"ДГ ""Маргаритка""",formula,children-4-6,735587,BGN
2025,311,ДГМАРГАРИТКА,"ДГ ""Маргаритка""",formula,groups,84958,BGN
2025,311,ДГМАРГАРИТКА,"ДГ ""Маргаритка""",formula,institution,51918,BGN
2025,311,ДГМАРГАРИТКА,"ДГ ""Маргаритка""",formula,reserve,8737,BGN
2025,311,ДГМАРГАРИТКА,"ДГ ""Маргаритка""",above,fees-compensation,218810,BGN
2025,311,ДГМАРГАРИТКА,"ДГ ""Маргаритка""",count,pupils,191,
2025,311,ДГНАТАЛИЯ,"ДГ ""Наталия""",formula,children-2-3,132816,BGN
2025,311,ДГНАТАЛИЯ,"ДГ ""Наталия""",formula,children-4-6,541473,BGN
2025,311,ДГНАТАЛИЯ,"ДГ ""Наталия""",formula,groups,60685,BGN
2025,311,ДГНАТАЛИЯ,"ДГ ""Наталия""",formula,institution,51918,BGN
2025,311,ДГНАТАЛИЯ,"ДГ ""Наталия""",formula,reserve,6275,BGN
2025,311,ДГНАТАЛИЯ,"ДГ ""Наталия""",above,meals-preschool,36419,BGN
2025,311,ДГНАТАЛИЯ,"ДГ ""Наталия""",above,fees-compensation,153511,BGN
2025,311,ДГНАТАЛИЯ,"ДГ ""Наталия""",count,pupils,134,
2025,311,ДГРОДИНА,"ДГ ""Родина""",formula,children-2-3,132816,BGN
2025,311,ДГРОДИНА,"ДГ ""Родина""",formula,children-4-6,449525,BGN
2025,311,ДГРОДИНА,"ДГ ""Родина""",formula,groups,48548,BGN
2025,311,ДГРОДИНА,"ДГ ""Родина""",formula,institution,51918,BGN
2025,311,ДГРОДИНА,"ДГ ""Родина""",formula,reserve,5445,BGN
2025,311,ДГРОДИНА,"ДГ ""Родина""",above,meals-preschool,30235,BGN
2025,311,ДГРОДИНА,"ДГ ""Родина""",above,fees-compensation,132890,BGN
2025,311,ДГРОДИНА,"ДГ ""Родина""",count,pupils,116,
2025,311,ДГЧАЙКА,"ДГ ""Чайка""",formula,children-2-3,398449,BGN
2025,311,ДГЧАЙКА,"ДГ ""Чайка""",formula,children-4-6,1246411,BGN
2025,311,ДГЧАЙКА,"ДГ ""Чайка""",formula,groups,145643,BGN
2025,311,ДГЧАЙКА,"ДГ ""Чайка""",formula,institution,51918,BGN
2025,311,ДГЧАЙКА,"ДГ ""Чайка""",formula,pool,50000,BGN
2025,311,ДГЧАЙКА,"ДГ ""Чайка""",formula,reserve,14695,BGN
2025,311,ДГЧАЙКА,"ДГ ""Чайка""",above,fees-compensation,375758,BGN
2025,311,ДГЧАЙКА,"ДГ ""Чайка""",count,pupils,328,
2025,311,ДГБОРЯНА,"ДГ ""Боряна""",formula,nursery-children,61452,BGN
2025,311,ДГБОРЯНА,"ДГ ""Боряна""",formula,children-2-3,142303,BGN
2025,311,ДГБОРЯНА,"ДГ ""Боряна""",formula,children-4-6,602772,BGN
2025,311,ДГБОРЯНА,"ДГ ""Боряна""",formula,groups,72821,BGN
2025,311,ДГБОРЯНА,"ДГ ""Боряна""",formula,institution,51918,BGN
2025,311,ДГБОРЯНА,"ДГ ""Боряна""",formula,reserve,7427,BGN
2025,311,ДГБОРЯНА,"ДГ ""Боряна""",above,meals-preschool,40542,BGN
2025,311,ДГБОРЯНА,"ДГ ""Боряна""",above,fees-compensation,197044,BGN
2025,311,ДГБОРЯНА,"ДГ ""Боряна""",count,pupils,148,
2025,311,ДГДРУЖБА,"ДГ ""Дружба""",formula,children-2-3,270376,BGN
2025,311,ДГДРУЖБА,"ДГ ""Дружба""",formula,children-4-6,919483,BGN
2025,311,ДГДРУЖБА,"ДГ ""Дружба""",formula,groups,97095,BGN
2025,311,ДГДРУЖБА,"ДГ ""Дружба""",formula,institution,51918,BGN
2025,311,ДГДРУЖБА,"ДГ ""Дружба""",formula,reserve,10677,BGN
2025,311,ДГДРУЖБА,"ДГ ""Дружба""",above,fees-compensation,271508,BGN
2025,311,ДГДРУЖБА,"ДГ ""Дружба""",count,pupils,237,
2025,311,ДГЕЛИЦА,"ДГ ""Елица""",formula,nursery-children,128026,BGN
2025,311,ДГЕЛИЦА,"ДГ ""Елица""",formula,children-2-3,275120,BGN
2025,311,ДГЕЛИЦА,"ДГ ""Елица""",formula,children-4-6,1185112,BGN
2025,311,ДГЕЛИЦА,"ДГ ""Елица""",formula,groups,145643,BGN
2025,311,ДГЕЛИЦА,"ДГ ""Елица""",formula,institution,51918,BGN
2025,311,ДГЕЛИЦА,"ДГ ""Елица""",formula,reserve,14243,BGN
2025,311,ДГЕЛИЦА,"ДГ ""Елица""",above,meals-preschool,79709,BGN
2025,311,ДГЕЛИЦА,"ДГ ""Елица""",above,fees-compensation,389505,BGN
2025,311,ДГЕЛИЦА,"ДГ ""Елица""",count,pupils,290,
2025,311,ДГМИР,"ДГ"" Мир""",formula,children-2-3,142303,BGN
2025,311,ДГМИР,"ДГ"" Мир""",formula,children-4-6,1047189,BGN
2025,311,ДГМИР,"ДГ"" Мир""",formula,groups,97095,BGN
2025,311,ДГМИР,"ДГ"" Мир""",formula,institution,51918,BGN
2025,311,ДГМИР,"ДГ"" Мир""",formula,pool,25000,BGN
2025,311,ДГМИР,"ДГ"" Мир""",formula,reserve,10675,BGN
2025,311,ДГМИР,"ДГ"" Мир""",above,fees-compensation,269217,BGN
2025,311,ДГМИР,"ДГ"" Мир""",count,pupils,235,
2025,311,ДГРОСИЦА,"ДГ ""Росица""",formula,children-2-3,270376,BGN
2025,311,ДГРОСИЦА,"ДГ ""Росица""",formula,children-4-6,602772,BGN
2025,311,ДГРОСИЦА,"ДГ ""Росица""",formula,groups,72821,BGN
2025,311,ДГРОСИЦА,"ДГ ""Росица""",formula,institution,51918,BGN
2025,311,ДГРОСИЦА,"ДГ ""Росица""",formula,reserve,7958,BGN
2025,311,ДГРОСИЦА,"ДГ ""Росица""",above,fees-compensation,200481,BGN
2025,311,ДГРОСИЦА,"ДГ ""Росица""",count,pupils,175,
2025,311,ДГСВЕТЛА,"ДГ ""Светла""",formula,children-2-3,279863,BGN
2025,311,ДГСВЕТЛА,"ДГ ""Светла""",formula,children-4-6,592556,BGN
2025,311,ДГСВЕТЛА,"ДГ ""Светла""",formula,groups,72821,BGN
2025,311,ДГСВЕТЛА,"ДГ ""Светла""",formula,institution,51918,BGN
2025,311,ДГСВЕТЛА,"ДГ ""Светла""",formula,reserve,7953,BGN
2025,311,ДГСВЕТЛА,"ДГ ""Светла""",above,fees-compensation,200481,BGN
2025,311,ДГСВЕТЛА,"ДГ ""Светла""",count,pupils,175,
2025,311,ДГРАЯ,"ДГ ""Рая""",formula,children-2-3,132816,BGN
2025,311,ДГРАЯ,"ДГ ""Рая""",formula,children-4-6,684504,BGN
2025,311,ДГРАЯ,"ДГ ""Рая""",formula,groups,72821,BGN
2025,311,ДГРАЯ,"ДГ ""Рая""",formula,institution,51918,BGN
2025,311,ДГРАЯ,"ДГ ""Рая""",formula,reserve,7513,BGN
2025,311,ДГРАЯ,"ДГ ""Рая""",above,fees-compensation,185588,BGN
2025,311,ДГРАЯ,"ДГ ""Рая""",count,pupils,162,
2025,311,ДГКОСМОНАВТ,"ДГ ""Космонавт""",formula,nursery-children,128026,BGN
2025,311,ДГКОСМОНАВТ,"ДГ ""Космонавт""",formula,children-2-3,275120,BGN
2025,311,ДГКОСМОНАВТ,"ДГ ""Космонавт""",formula,children-4-6,1006323,BGN
2025,311,ДГКОСМОНАВТ,"ДГ ""Космонавт""",formula,groups,133506,BGN
2025,311,ДГКОСМОНАВТ,"ДГ ""Космонавт""",formula,institution,51918,BGN
2025,311,ДГКОСМОНАВТ,"ДГ ""Космонавт""",formula,reserve,12720,BGN
2025,311,ДГКОСМОНАВТ,"ДГ ""Космонавт""",above,fees-compensation,349409,BGN
2025,311,ДГКОСМОНАВТ,"ДГ ""Космонавт""",count,pupils,255,
2025,311,ДГСЛАВЕЙ,"ДГ ""Славей""",formula,nursery-children,64013,BGN
2025,311,ДГСЛАВЕЙ,"ДГ ""Славей""",formula,children-2-3,132816,BGN
2025,311,ДГСЛАВЕЙ,"ДГ ""Славей""",formula,children-4-6,776452,BGN
2025,311,ДГСЛАВЕЙ,"ДГ ""Славей""",formula,groups,84958,BGN
2025,311,ДГСЛАВЕЙ,"ДГ ""Славей""",formula,institution,51918,BGN
2025,311,ДГСЛАВЕЙ,"ДГ ""Славей""",formula,reserve,8854,BGN
2025,311,ДГСЛАВЕЙ,"ДГ ""Славей""",above,fees-compensation,234849,BGN
2025,311,ДГСЛАВЕЙ,"ДГ ""Славей""",count,pupils,180,
2025,311,ДГБРЕЗА,"ДГ ""Бреза""",formula,children-2-3,265633,BGN
2025,311,ДГБРЕЗА,"ДГ ""Бреза""",formula,children-4-6,567015,BGN
2025,311,ДГБРЕЗА,"ДГ ""Бреза""",formula,groups,72821,BGN
2025,311,ДГБРЕЗА,"ДГ ""Бреза""",formula,institution,51918,BGN
2025,311,ДГБРЕЗА,"ДГ ""Бреза""",formula,reserve,7635,BGN
2025,311,ДГБРЕЗА,"ДГ ""Бреза""",above,fees-compensation,191316,BGN
2025,311,ДГБРЕЗА,"ДГ ""Бреза""",count,pupils,167,
2025,311,ДГВЕСЕЛА,"ДГ ""Весела""",formula,children-2-3,203968,BGN
2025,311,ДГВЕСЕЛА,"ДГ ""Весела""",formula,children-4-6,648746,BGN
2025,311,ДГВЕСЕЛА,"ДГ ""Весела""",formula,groups,72821,BGN
2025,311,ДГВЕСЕЛА,"ДГ ""Весела""",formula,institution,51918,BGN
2025,311,ДГВЕСЕЛА,"ДГ ""Весела""",formula,reserve,7796,BGN
2025,311,ДГВЕСЕЛА,"ДГ ""Весела""",above,fees-compensation,194753,BGN
2025,311,ДГВЕСЕЛА,"ДГ ""Весела""",count,pupils,170,
2025,311,ДГДЪГА,"ДГ ""Дъга""",formula,children-2-3,265633,BGN
2025,311,ДГДЪГА,"ДГ ""Дъга""",formula,children-4-6,694721,BGN
2025,311,ДГДЪГА,"ДГ ""Дъга""",formula,groups,84958,BGN
2025,311,ДГДЪГА,"ДГ ""Дъга""",formula,institution,51918,BGN
2025,311,ДГДЪГА,"ДГ ""Дъга""",formula,reserve,8751,BGN
2025,311,ДГДЪГА,"ДГ ""Дъга""",above,fees-compensation,219956,BGN
2025,311,ДГДЪГА,"ДГ ""Дъга""",count,pupils,192,
2025,311,ДГЗАХАРНОПЕТЛЕ,"ДГ ""Захарно петле""",formula,children-2-3,270376,BGN
2025,311,ДГЗАХАРНОПЕТЛЕ,"ДГ ""Захарно петле""",formula,children-4-6,1123813,BGN
2025,311,ДГЗАХАРНОПЕТЛЕ,"ДГ ""Захарно петле""",formula,groups,121369,BGN
2025,311,ДГЗАХАРНОПЕТЛЕ,"ДГ ""Захарно петле""",formula,institution,51918,BGN
2025,311,ДГЗАХАРНОПЕТЛЕ,"ДГ ""Захарно петле""",formula,reserve,12501,BGN
2025,311,ДГЗАХАРНОПЕТЛЕ,"ДГ ""Захарно петле""",above,meals-preschool,75586,BGN
2025,311,ДГЗАХАРНОПЕТЛЕ,"ДГ ""Захарно петле""",above,fees-compensation,317332,BGN
2025,311,ДГЗАХАРНОПЕТЛЕ,"ДГ ""Захарно петле""",count,pupils,277,
2025,311,ДГМАРИЦА,"ДГ ""Марица""",formula,children-2-3,241915,BGN
2025,311,ДГМАРИЦА,"ДГ ""Марица""",formula,children-4-6,577231,BGN
2025,311,ДГМАРИЦА,"ДГ ""Марица""",formula,groups,72821,BGN
2025,311,ДГМАРИЦА,"ДГ ""Марица""",formula,institution,51918,BGN
2025,311,ДГМАРИЦА,"ДГ ""Марица""",formula,adapted-buildings,12000,BGN
2025,311,ДГМАРИЦА,"ДГ ""Марица""",formula,reserve,7528,BGN
2025,311,ДГМАРИЦА,"ДГ ""Марица""",above,fees-compensation,187879,BGN
2025,311,ДГМАРИЦА,"ДГ ""Марица""",count,pupils,164,
2025,311,ДГРАЛИЦА,"ДГ ""Ралица""",formula,nursery-children,128026,BGN
2025,311,ДГРАЛИЦА,"ДГ ""Ралица""",formula,children-2-3,265633,BGN
2025,311,ДГРАЛИЦА,"ДГ ""Ралица""",formula,children-4-6,597664,BGN
2025,311,ДГРАЛИЦА,"ДГ ""Ралица""",formula,groups,97095,BGN
2025,311,ДГРАЛИЦА,"ДГ ""Ралица""",formula,institution,51918,BGN
2025,311,ДГРАЛИЦА,"ДГ ""Ралица""",formula,reserve,9094,BGN
2025,311,ДГРАЛИЦА,"ДГ ""Ралица""",above,fees-compensation,255470,BGN
2025,311,ДГРАЛИЦА,"ДГ ""Ралица""",count,pupils,173,
2025,311,ДГАЛБЕНА,"ДГ ""Албена""",formula,children-2-3,355758,BGN
2025,311,ДГАЛБЕНА,"ДГ ""Албена""",formula,children-4-6,1021648,BGN
2025,311,ДГАЛБЕНА,"ДГ ""Албена""",formula,groups,121369,BGN
2025,311,ДГАЛБЕНА,"ДГ ""Албена""",formula,institution,51918,BGN
2025,311,ДГАЛБЕНА,"ДГ ""Албена""",formula,adapted-buildings,9840,BGN
2025,311,ДГАЛБЕНА,"ДГ ""Албена""",formula,pool,25000,BGN
2025,311,ДГАЛБЕНА,"ДГ ""Албена""",formula,reserve,12367,BGN
2025,311,ДГАЛБЕНА,"ДГ ""Албена""",above,fees-compensation,315041,BGN
2025,311,ДГАЛБЕНА,"ДГ ""Албена""",count,pupils,275,
2025,311,ДГВАЛЕНТИНА,"ДГ ""Валентина""",formula,children-2-3,132816,BGN
2025,311,ДГВАЛЕНТИНА,"ДГ ""Валентина""",formula,children-4-6,750911,BGN
2025,311,ДГВАЛЕНТИНА,"ДГ ""Валентина""",formula,groups,72821,BGN
2025,311,ДГВАЛЕНТИНА,"ДГ ""Валентина""",formula,institution,51918,BGN
2025,311,ДГВАЛЕНТИНА,"ДГ ""Валентина""",formula,pool,25000,BGN
2025,311,ДГВАЛЕНТИНА,"ДГ ""Валентина""",formula,reserve,8043,BGN
2025,311,ДГВАЛЕНТИНА,"ДГ ""Валентина""",above,fees-compensation,200481,BGN
2025,311,ДГВАЛЕНТИНА,"ДГ ""Валентина""",count,pupils,175,
2025,311,ДГВЯРА,"ДГ ""Вяра""",formula,children-2-3,137560,BGN
2025,311,ДГВЯРА,"ДГ ""Вяра""",formula,children-4-6,761128,BGN
2025,311,ДГВЯРА,"ДГ ""Вяра""",formula,groups,72821,BGN
2025,311,ДГВЯРА,"ДГ ""Вяра""",formula,institution,51918,BGN
2025,311,ДГВЯРА,"ДГ ""Вяра""",formula,reserve,8162,BGN
2025,311,ДГВЯРА,"ДГ ""Вяра""",above,fees-compensation,203917,BGN
2025,311,ДГВЯРА,"ДГ ""Вяра""",count,pupils,178,
2025,311,ДГЗДРАВЕЦ,"ДГ ""Здравец""",formula,children-2-3,265633,BGN
2025,311,ДГЗДРАВЕЦ,"ДГ ""Здравец""",formula,children-4-6,592556,BGN
2025,311,ДГЗДРАВЕЦ,"ДГ ""Здравец""",formula,groups,72821,BGN
2025,311,ДГЗДРАВЕЦ,"ДГ ""Здравец""",formula,institution,51918,BGN
2025,311,ДГЗДРАВЕЦ,"ДГ ""Здравец""",formula,reserve,7839,BGN
2025,311,ДГЗДРАВЕЦ,"ДГ ""Здравец""",above,meals-preschool,39855,BGN
2025,311,ДГЗДРАВЕЦ,"ДГ ""Здравец""",above,fees-compensation,197044,BGN
2025,311,ДГЗДРАВЕЦ,"ДГ ""Здравец""",count,pupils,172,
2025,311,ДГЗОРНИЦА,"ДГ ""Зорница""",formula,children-2-3,469601,BGN
2025,311,ДГЗОРНИЦА,"ДГ ""Зорница""",formula,children-4-6,715154,BGN
2025,311,ДГЗОРНИЦА,"ДГ ""Зорница""",formula,groups,109232,BGN
2025,311,ДГЗОРНИЦА,"ДГ ""Зорница""",formula,institution,51918,BGN
2025,311,ДГЗОРНИЦА,"ДГ ""Зорница""",formula,reserve,10734,BGN
2025,311,ДГЗОРНИЦА,"ДГ ""Зорница""",above,fees-compensation,273799,BGN
2025,311,ДГЗОРНИЦА,"ДГ ""Зорница""",count,pupils,239,
2025,311,ДГМАЛИНА,"ДГ ""Малина""",formula,children-2-3,531265,BGN
2025,311,ДГМАЛИНА,"ДГ ""Малина""",formula,children-4-6,1690827,BGN
2025,311,ДГМАЛИНА,"ДГ ""Малина""",formula,groups,194190,BGN
2025,311,ДГМАЛИНА,"ДГ ""Малина""",formula,institution,51918,BGN
2025,311,ДГМАЛИНА,"ДГ ""Малина""",formula,pool,50000,BGN
2025,311,ДГМАЛИНА,"ДГ ""Малина""",formula,reserve,19684,BGN
2025,311,ДГМАЛИНА,"ДГ ""Малина""",above,fees-compensation,507501,BGN
2025,311,ДГМАЛИНА,"ДГ ""Малина""",count,pupils,443,
2025,311,ДГМАЯ,"ДГ ""Мая""",formula,children-2-3,132816,BGN
2025,311,ДГМАЯ,"ДГ ""Мая""",formula,children-4-6,725370,BGN
2025,311,ДГМАЯ,"ДГ ""Мая""",formula,groups,72821,BGN
2025,311,ДГМАЯ,"ДГ ""Мая""",formula,institution,51918,BGN
2025,311,ДГМАЯ,"ДГ ""Мая""",formula,reserve,7839,BGN
2025,311,ДГМАЯ,"ДГ ""Мая""",above,meals-preschool,48788,BGN
2025,311,ДГМАЯ,"ДГ ""Мая""",above,fees-compensation,194753,BGN
2025,311,ДГМАЯ,"ДГ ""Мая""",count,pupils,170,
2025,311,ДГОСМИМАРТ,"ДГ ""Осми март""",formula,children-2-3,488574,BGN
2025,311,ДГОСМИМАРТ,"ДГ ""Осми март""",formula,children-4-6,1675503,BGN
2025,311,ДГОСМИМАРТ,"ДГ ""Осми март""",formula,groups,194190,BGN
2025,311,ДГОСМИМАРТ,"ДГ ""Осми март""",formula,institution,51918,BGN
2025,311,ДГОСМИМАРТ,"ДГ ""Осми март""",formula,adapted-buildings,54240,BGN
2025,311,ДГОСМИМАРТ,"ДГ ""Осми март""",formula,reserve,19221,BGN
2025,311,ДГОСМИМАРТ,"ДГ ""Осми март""",above,fees-compensation,493754,BGN
2025,311,ДГОСМИМАРТ,"ДГ ""Осми март""",count,pupils,431,
2025,311,ДГСВЕТЛИНА,"ДГ ""Светлина""",formula,children-2-3,379475,BGN
2025,311,ДГСВЕТЛИНА,"ДГ ""Светлина""",formula,children-4-6,1190220,BGN
2025,311,ДГСВЕТЛИНА,"ДГ ""Светлина""",formula,groups,145643,BGN
2025,311,ДГСВЕТЛИНА,"ДГ ""Светлина""",formula,institution,51918,BGN
2025,311,ДГСВЕТЛИНА,"ДГ ""Светлина""",formula,adapted-buildings,33120,BGN
2025,311,ДГСВЕТЛИНА,"ДГ ""Светлина""",formula,reserve,14094,BGN
2025,311,ДГСВЕТЛИНА,"ДГ ""Светлина""",above,fees-compensation,358574,BGN
2025,311,ДГСВЕТЛИНА,"ДГ ""Светлина""",count,pupils,313,
2025,311,ДГД-РЕДГАРБОРОУ,"ДГ ""Д-р Едгар Бороу""",formula,nursery-children,102420,BGN
2025,311,ДГД-РЕДГАРБОРОУ,"ДГ ""Д-р Едгар Бороу""",formula,children-2-3,241915,BGN
2025,311,ДГД-РЕДГАРБОРОУ,"ДГ ""Д-р Едгар Бороу""",formula,children-4-6,582339,BGN
2025,311,ДГД-РЕДГАРБОРОУ,"ДГ ""Д-р Едгар Бороу""",formula,groups,97095,BGN
2025,311,ДГД-РЕДГАРБОРОУ,"ДГ ""Д-р Едгар Бороу""",formula,institution,51918,BGN
2025,311,ДГД-РЕДГАРБОРОУ,"ДГ ""Д-р Едгар Бороу""",formula,reserve,8578,BGN
2025,311,ДГД-РЕДГАРБОРОУ,"ДГ ""Д-р Едгар Бороу""",above,fees-compensation,234849,BGN
2025,311,ДГД-РЕДГАРБОРОУ,"ДГ ""Д-р Едгар Бороу""",count,pupils,165,
2025,311,ДГВЕЛИМИРА,"ДГ ""Велимира""",formula,children-2-3,256146,BGN
2025,311,ДГВЕЛИМИРА,"ДГ ""Велимира""",formula,children-4-6,904158,BGN
2025,311,ДГВЕЛИМИРА,"ДГ ""Велимира""",formula,groups,97095,BGN
2025,311,ДГВЕЛИМИРА,"ДГ ""Велимира""",formula,institution,51918,BGN
2025,311,ДГВЕЛИМИРА,"ДГ ""Велимира""",formula,pool,25000,BGN
2025,311,ДГВЕЛИМИРА,"ДГ ""Велимира""",formula,reserve,10442,BGN
2025,311,ДГВЕЛИМИРА,"ДГ ""Велимира""",above,fees-compensation,264634,BGN
2025,311,ДГВЕЛИМИРА,"ДГ ""Велимира""",count,pupils,231,
2025,311,ДГДЕСИСЛАВА,"ДГ ""Десислава""",formula,children-2-3,246659,BGN
2025,311,ДГДЕСИСЛАВА,"ДГ ""Десислава""",formula,children-4-6,699829,BGN
2025,311,ДГДЕСИСЛАВА,"ДГ ""Десислава""",formula,groups,84958,BGN
2025,311,ДГДЕСИСЛАВА,"ДГ ""Десислава""",formula,institution,51918,BGN
2025,311,ДГДЕСИСЛАВА,"ДГ ""Десислава""",formula,reserve,8640,BGN
2025,311,ДГДЕСИСЛАВА,"ДГ ""Десислава""",above,fees-compensation,216519,BGN
2025,311,ДГДЕСИСЛАВА,"ДГ ""Десислава""",count,pupils,189,
2025,311,ДГЕДЕЛВАЙС,"ДГ ""Еделвайс""",formula,children-2-3,237172,BGN
2025,311,ДГЕДЕЛВАЙС,"ДГ ""Еделвайс""",formula,children-4-6,847968,BGN
2025,311,ДГЕДЕЛВАЙС,"ДГ ""Еделвайс""",formula,groups,97095,BGN
2025,311,ДГЕДЕЛВАЙС,"ДГ ""Еделвайс""",formula,institution,51918,BGN
2025,311,ДГЕДЕЛВАЙС,"ДГ ""Еделвайс""",formula,reserve,9843,BGN
2025,311,ДГЕДЕЛВАЙС,"ДГ ""Еделвайс""",above,fees-compensation,247450,BGN
2025,311,ДГЕДЕЛВАЙС,"ДГ ""Еделвайс""",count,pupils,216,
2025,311,ДГКРЕМЕНА,"ДГ ""Кремена""",formula,children-2-3,218198,BGN
2025,311,ДГКРЕМЕНА,"ДГ ""Кремена""",formula,children-4-6,1389441,BGN
2025,311,ДГКРЕМЕНА,"ДГ ""Кремена""",formula,groups,145643,BGN
2025,311,ДГКРЕМЕНА,"ДГ ""Кремена""",formula,institution,51918,BGN
2025,311,ДГКРЕМЕНА,"ДГ ""Кремена""",formula,adapted-buildings,27840,BGN
2025,311,ДГКРЕМЕНА,"ДГ ""Кремена""",formula,reserve,14396,BGN
2025,311,ДГКРЕМЕНА,"ДГ ""Кремена""",above,fees-compensation,364302,BGN
2025,311,ДГКРЕМЕНА,"ДГ ""Кремена""",count,pupils,318,
2025,311,ДГСЛЪНЦЕ,"ДГ ""Слънце""",formula,children-2-3,260889,BGN
2025,311,ДГСЛЪНЦЕ,"ДГ ""Слънце""",formula,children-4-6,873509,BGN
2025,311,ДГСЛЪНЦЕ,"ДГ ""Слънце""",formula,groups,97095,BGN
2025,311,ДГСЛЪНЦЕ,"ДГ ""Слънце""",formula,institution,51918,BGN
2025,311,ДГСЛЪНЦЕ,"ДГ ""Слънце""",formula,pool,25000,BGN
2025,311,ДГСЛЪНЦЕ,"ДГ ""Слънце""",formula,reserve,10236,BGN
2025,311,ДГСЛЪНЦЕ,"ДГ ""Слънце""",above,fees-compensation,258906,BGN
2025,311,ДГСЛЪНЦЕ,"ДГ ""Слънце""",count,pupils,226,
2025,311,ДГТАНЯСАВИЧЕВА,"ДГ ""Таня Савичева""",formula,children-2-3,241915,BGN
2025,311,ДГТАНЯСАВИЧЕВА,"ДГ ""Таня Савичева""",formula,children-4-6,878617,BGN
2025,311,ДГТАНЯСАВИЧЕВА,"ДГ ""Таня Савичева""",formula,groups,97095,BGN
2025,311,ДГТАНЯСАВИЧЕВА,"ДГ ""Таня Савичева""",formula,institution,51918,BGN
2025,311,ДГТАНЯСАВИЧЕВА,"ДГ ""Таня Савичева""",formula,reserve,10124,BGN
2025,311,ДГТАНЯСАВИЧЕВА,"ДГ ""Таня Савичева""",above,fees-compensation,255470,BGN
2025,311,ДГТАНЯСАВИЧЕВА,"ДГ ""Таня Савичева""",count,pupils,223,
2025,311,ДГЧЕРВЕНАТАШАПЧИЦА,"ДГ ""Чeрвената шапчица""",formula,children-2-3,588187,BGN
2025,311,ДГЧЕРВЕНАТАШАПЧИЦА,"ДГ ""Чeрвената шапчица""",formula,children-4-6,1292385,BGN
2025,311,ДГЧЕРВЕНАТАШАПЧИЦА,"ДГ ""Чeрвената шапчица""",formula,groups,169917,BGN
2025,311,ДГЧЕРВЕНАТАШАПЧИЦА,"ДГ ""Чeрвената шапчица""",formula,institution,51918,BGN
2025,311,ДГЧЕРВЕНАТАШАПЧИЦА,"ДГ ""Чeрвената шапчица""",formula,pool,25000,BGN
2025,311,ДГЧЕРВЕНАТАШАПЧИЦА,"ДГ ""Чeрвената шапчица""",formula,reserve,16767,BGN
2025,311,ДГЧЕРВЕНАТАШАПЧИЦА,"ДГ ""Чeрвената шапчица""",above,fees-compensation,431892,BGN
2025,311,ДГЧЕРВЕНАТАШАПЧИЦА,"ДГ ""Чeрвената шапчица""",count,pupils,377,
2025,312,ДГЕЛИЦА,"ДГ ""Елица""",formula,special-children,168420,BGN
2025,312,ДГЕЛИЦА,"ДГ ""Елица""",formula,groups,36404,BGN
2025,312,ДГЕЛИЦА,"ДГ ""Елица""",above,meals-preschool,3779,BGN
2025,312,ДГЕЛИЦА,"ДГ ""Елица""",above,fees-compensation,13747,BGN
2025,318,ОУГЕОМИЛЕВ,"ОУ ""Гео Милев""",formula,half-day-children,58374,BGN
2025,318,ОУГЕОМИЛЕВ,"ОУ ""Гео Милев""",formula,half-day-groups,4157,BGN
2025,318,ОУГЕОМИЛЕВ,"ОУ ""Гео Милев""",formula,reserve,1276,BGN
2025,318,ОУГЕОМИЛЕВ,"ОУ ""Гео Милев""",above,meals-preschool,6528,BGN
2025,318,ОУГЕОМИЛЕВ,"ОУ ""Гео Милев""",above,fees-compensation,10688,BGN
2025,318,ОУГЕОМИЛЕВ,"ОУ ""Гео Милев""",count,pupils,19,
2025,318,ОУД-РПБЕРОН,"ОУ ""Д-р П. Берон""",formula,half-day-children,73735,BGN
2025,318,ОУД-РПБЕРОН,"ОУ ""Д-р П. Берон""",formula,half-day-groups,4157,BGN
2025,318,ОУД-РПБЕРОН,"ОУ ""Д-р П. Берон""",formula,reserve,1590,BGN
2025,318,ОУД-РПБЕРОН,"ОУ ""Д-р П. Берон""",above,meals-preschool,7902,BGN
2025,318,ОУД-РПБЕРОН,"ОУ ""Д-р П. Берон""",above,fees-compensation,13500,BGN
2025,318,ОУД-РПБЕРОН,"ОУ ""Д-р П. Берон""",count,pupils,24,
2025,318,ОУКОЧОЧЕСТЕМЕНСКИ,"ОУ ""Кочо Честеменски""",formula,full-day-children,101822,BGN
2025,318,ОУКОЧОЧЕСТЕМЕНСКИ,"ОУ ""Кочо Честеменски""",formula,full-day-groups,12096,BGN
2025,318,ОУКОЧОЧЕСТЕМЕНСКИ,"ОУ ""Кочо Честеменски""",formula,reserve,2325,BGN
2025,318,ОУКОЧОЧЕСТЕМЕНСКИ,"ОУ ""Кочо Честеменски""",above,meals-preschool,7215,BGN
2025,318,ОУКОЧОЧЕСТЕМЕНСКИ,"ОУ ""Кочо Честеменски""",above,fees-compensation,22912,BGN
2025,318,ОУКОЧОЧЕСТЕМЕНСКИ,"ОУ ""Кочо Честеменски""",count,pupils,20,
2025,318,НУКИРИЛНЕКТАРИЕВ,"HУ ""Кирил Hектариев""",formula,half-day-children,144398,BGN
2025,318,НУКИРИЛНЕКТАРИЕВ,"HУ ""Кирил Hектариев""",formula,half-day-groups,8314,BGN
2025,318,НУКИРИЛНЕКТАРИЕВ,"HУ ""Кирил Hектариев""",formula,reserve,3117,BGN
2025,318,НУКИРИЛНЕКТАРИЕВ,"HУ ""Кирил Hектариев""",above,meals-preschool,16148,BGN
2025,318,НУКИРИЛНЕКТАРИЕВ,"HУ ""Кирил Hектариев""",above,fees-compensation,26438,BGN
2025,318,НУКИРИЛНЕКТАРИЕВ,"HУ ""Кирил Hектариев""",count,pupils,47,
2025,318,ОУВЛЕВСКИ,"ОУ ""В. Левски""",formula,full-day-children,183280,BGN
2025,318,ОУВЛЕВСКИ,"ОУ ""В. Левски""",formula,full-day-groups,24192,BGN
2025,318,ОУВЛЕВСКИ,"ОУ ""В. Левски""",formula,reserve,4234,BGN
2025,318,ОУВЛЕВСКИ,"ОУ ""В. Левски""",above,meals-preschool,13743,BGN
2025,318,ОУВЛЕВСКИ,"ОУ ""В. Левски""",above,fees-compensation,41242,BGN
2025,318,ОУВЛЕВСКИ,"ОУ ""В. Левски""",count,pupils,36,
2025,318,ОУДДЕБЕЛЯНОВ,"ОУ ""Д. Дебелянов""",formula,half-day-children,239639,BGN
2025,318,ОУДДЕБЕЛЯНОВ,"ОУ ""Д. Дебелянов""",formula,half-day-groups,16628,BGN
2025,318,ОУДДЕБЕЛЯНОВ,"ОУ ""Д. Дебелянов""",formula,reserve,5231,BGN
2025,318,ОУДДЕБЕЛЯНОВ,"ОУ ""Д. Дебелянов""",above,fees-compensation,43875,BGN
2025,318,ОУДДЕБЕЛЯНОВ,"ОУ ""Д. Дебелянов""",count,pupils,78,
2025,318,ОБУПСЛАВЕЙКОВ,"ОбУ ""П. Славейков""",formula,half-day-children,264218,BGN
2025,318,ОБУПСЛАВЕЙКОВ,"ОбУ ""П. Славейков""",formula,half-day-groups,16628,BGN
2025,318,ОБУПСЛАВЕЙКОВ,"ОбУ ""П. Славейков""",formula,reserve,5732,BGN
2025,318,ОБУПСЛАВЕЙКОВ,"ОбУ ""П. Славейков""",above,meals-preschool,30235,BGN
2025,318,ОБУПСЛАВЕЙКОВ,"ОбУ ""П. Славейков""",above,fees-compensation,48375,BGN
2025,318,ОБУПСЛАВЕЙКОВ,"ОбУ ""П. Славейков""",count,pupils,86,
2025,318,СУНГЕРОВ,"СУ ""H. Геров""",formula,half-day-children,129037,BGN
2025,318,СУНГЕРОВ,"СУ ""H. Геров""",formula,half-day-groups,8314,BGN
2025,318,СУНГЕРОВ,"СУ ""H. Геров""",formula,reserve,2803,BGN
2025,318,СУНГЕРОВ,"СУ ""H. Геров""",above,meals-preschool,14430,BGN
2025,318,СУНГЕРОВ,"СУ ""H. Геров""",above,fees-compensation,23625,BGN
2025,318,СУНГЕРОВ,"СУ ""H. Геров""",count,pupils,42,
2025,318,НУХРБОТЕВ,"HУ ""Хр. Ботев""",formula,half-day-children,52229,BGN
2025,318,НУХРБОТЕВ,"HУ ""Хр. Ботев""",formula,half-day-groups,4157,BGN
2025,318,НУХРБОТЕВ,"HУ ""Хр. Ботев""",formula,reserve,1151,BGN
2025,318,НУХРБОТЕВ,"HУ ""Хр. Ботев""",above,meals-preschool,5497,BGN
2025,318,НУХРБОТЕВ,"HУ ""Хр. Ботев""",above,fees-compensation,9563,BGN
2025,318,НУХРБОТЕВ,"HУ ""Хр. Ботев""",count,pupils,17,
2025,318,ОБУЙЙОВКОВ,"ОбУ ""Й. Йовков""",formula,half-day-children,70663,BGN
2025,318,ОБУЙЙОВКОВ,"ОбУ ""Й. Йовков""",formula,half-day-groups,4157,BGN
2025,318,ОБУЙЙОВКОВ,"ОбУ ""Й. Йовков""",formula,reserve,1527,BGN
2025,318,ОБУЙЙОВКОВ,"ОбУ ""Й. Йовков""",above,meals-preschool,7902,BGN
2025,318,ОБУЙЙОВКОВ,"ОбУ ""Й. Йовков""",above,fees-compensation,12938,BGN
2025,318,ОБУЙЙОВКОВ,"ОбУ ""Й. Йовков""",count,pupils,23,
2025,318,ОУПВОЛОВ,"ОУ ""П. Волов""",formula,half-day-children,184338,BGN
2025,318,ОУПВОЛОВ,"ОУ ""П. Волов""",formula,half-day-groups,16628,BGN
2025,318,ОУПВОЛОВ,"ОУ ""П. Волов""",formula,reserve,4102,BGN
2025,318,ОУПВОЛОВ,"ОУ ""П. Волов""",above,meals-preschool,20271,BGN
2025,318,ОУПВОЛОВ,"ОУ ""П. Волов""",above,fees-compensation,33750,BGN
2025,318,ОУПВОЛОВ,"ОУ ""П. Волов""",count,pupils,60,
2025,318,СУХРГДАНОВ,"СУ ""Хр. Г. Данов""",formula,full-day-children,183280,BGN
2025,318,СУХРГДАНОВ,"СУ ""Хр. Г. Данов""",formula,full-day-groups,24192,BGN
2025,318,СУХРГДАНОВ,"СУ ""Хр. Г. Данов""",formula,reserve,4234,BGN
2025,318,СУХРГДАНОВ,"СУ ""Хр. Г. Данов""",above,meals-preschool,11338,BGN
2025,318,СУХРГДАНОВ,"СУ ""Хр. Г. Данов""",above,fees-compensation,41242,BGN
2025,318,СУХРГДАНОВ,"СУ ""Хр. Г. Данов""",count,pupils,36,
2025,318,СУБРМИЛАДИНОВИ,"СУ ""Бр. Миладинови""",formula,half-day-children,49157,BGN
2025,318,СУБРМИЛАДИНОВИ,"СУ ""Бр. Миладинови""",formula,half-day-groups,4157,BGN
2025,318,СУБРМИЛАДИНОВИ,"СУ ""Бр. Миладинови""",formula,reserve,1088,BGN
2025,318,СУБРМИЛАДИНОВИ,"СУ ""Бр. Миладинови""",above,meals-preschool,5497,BGN
2025,318,СУБРМИЛАДИНОВИ,"СУ ""Бр. Миладинови""",above,fees-compensation,9000,BGN
2025,318,СУБРМИЛАДИНОВИ,"СУ ""Бр. Миладинови""",count,pupils,16,
2025,318,СУКВЕЛИЧКОВ,"СУ ""К. Величков""",formula,full-day-children,213826,BGN
2025,318,СУКВЕЛИЧКОВ,"СУ ""К. Величков""",formula,full-day-groups,24192,BGN
2025,318,СУКВЕЛИЧКОВ,"СУ ""К. Величков""",formula,reserve,4858,BGN
2025,318,СУКВЕЛИЧКОВ,"СУ ""К. Величков""",above,fees-compensation,48115,BGN
2025,318,СУКВЕЛИЧКОВ,"СУ ""К. Величков""",count,pupils,42,
2025,322,ОУАЛКОНСТАНТИНОВ,"ОУ ""Ал. Константинов""",formula,pupils,2061920,BGN
2025,322,ОУАЛКОНСТАНТИНОВ,"ОУ ""Ал. Константинов""",formula,classes,427255,BGN
2025,322,ОУАЛКОНСТАНТИНОВ,"ОУ ""Ал. Константинов""",formula,floor-area,28688,BGN
2025,322,ОУАЛКОНСТАНТИНОВ,"ОУ ""Ал. Константинов""",formula,reserve,16798,BGN
2025,322,ОУАЛКОНСТАНТИНОВ,"ОУ ""Ал. Константинов""",formula,institution,82400,BGN
2025,322,ОУАЛКОНСТАНТИНОВ,"ОУ ""Ал. Константинов""",formula,self-study,2252,BGN
2025,322,ОУАЛКОНСТАНТИНОВ,"ОУ ""Ал. Константинов""",formula,all-day-groups,70974,BGN
2025,322,ОУАЛКОНСТАНТИНОВ,"ОУ ""Ал. Константинов""",formula,all-day-pupils,606234,BGN
2025,322,ОУАЛКОНСТАНТИНОВ,"ОУ ""Ал. Константинов""",above,facilities,21420,BGN
2025,322,ОУАЛКОНСТАНТИНОВ,"ОУ ""Ал. Константинов""",above,interests,30300,BGN
2025,322,ОУАЛКОНСТАНТИНОВ,"ОУ ""Ал. Константинов""",above,special-centre,63,BGN
2025,322,ОУАЛКОНСТАНТИНОВ,"ОУ ""Ал. Константинов""",count,pupils,612,
2025,322,ОУВИКТЮТЮНДЖИЯН,"ОУ ""В. и К. Тютюнджиян""",formula,pupils,983792,BGN
2025,322,ОУВИКТЮТЮНДЖИЯН,"ОУ ""В. и К. Тютюнджиян""",formula,classes,239263,BGN
2025,322,ОУВИКТЮТЮНДЖИЯН,"ОУ ""В. и К. Тютюнджиян""",formula,floor-area,9287,BGN
2025,322,ОУВИКТЮТЮНДЖИЯН,"ОУ ""В. и К. Тютюнджиян""",formula,small-school,1000,BGN
2025,322,ОУВИКТЮТЮНДЖИЯН,"ОУ ""В. и К. Тютюнджиян""",formula,reserve,8015,BGN
2025,322,ОУВИКТЮТЮНДЖИЯН,"ОУ ""В. и К. Тютюнджиян""",formula,institution,82400,BGN
2025,322,ОУВИКТЮТЮНДЖИЯН,"ОУ ""В. и К. Тютюнджиян""",formula,all-day-groups,27601,BGN
2025,322,ОУВИКТЮТЮНДЖИЯН,"ОУ ""В. и К. Тютюнджиян""",formula,all-day-pupils,242811,BGN
2025,322,ОУВИКТЮТЮНДЖИЯН,"ОУ ""В. и К. Тютюнджиян""",above,facilities,10220,BGN
2025,322,ОУВИКТЮТЮНДЖИЯН,"ОУ ""В. и К. Тютюнджиян""",above,interests,15900,BGN
2025,322,ОУВИКТЮТЮНДЖИЯН,"ОУ ""В. и К. Тютюнджиян""",count,pupils,292,
2025,322,ОУГЕОМИЛЕВ,"ОУ ""Гео Милев""",formula,pupils,384083,BGN
2025,322,ОУГЕОМИЛЕВ,"ОУ ""Гео Милев""",formula,classes,119631,BGN
2025,322,ОУГЕОМИЛЕВ,"ОУ ""Гео Милев""",formula,floor-area,18001,BGN
2025,322,ОУГЕОМИЛЕВ,"ОУ ""Гео Милев""",formula,small-school,23250,BGN
2025,322,ОУГЕОМИЛЕВ,"ОУ ""Гео Милев""",formula,reserve,3129,BGN
2025,322,ОУГЕОМИЛЕВ,"ОУ ""Гео Милев""",formula,institution,82400,BGN
2025,322,ОУГЕОМИЛЕВ,"ОУ ""Гео Милев""",formula,individual,9811,BGN
2025,322,ОУГЕОМИЛЕВ,"ОУ ""Гео Милев""",formula,self-study,2252,BGN
2025,322,ОУГЕОМИЛЕВ,"ОУ ""Гео Милев""",formula,all-day-groups,7886,BGN
2025,322,ОУГЕОМИЛЕВ,"ОУ ""Гео Милев""",formula,all-day-pupils,69828,BGN
2025,322,ОУГЕОМИЛЕВ,"ОУ ""Гео Милев""",above,facilities,3990,BGN
2025,322,ОУГЕОМИЛЕВ,"ОУ ""Гео Милев""",above,meals-school,25081,BGN
2025,322,ОУГЕОМИЛЕВ,"ОУ ""Гео Милев""",above,interests,7890,BGN
2025,322,ОУГЕОМИЛЕВ,"ОУ ""Гео Милев""",above,special-centre,105,BGN
2025,322,ОУГЕОМИЛЕВ,"ОУ ""Гео Милев""",count,pupils,114,
2025,322,ОУД-РПБЕРОН,"ОУ ""Д-р П. Берон""",formula,pupils,1408305,BGN
2025,322,ОУД-РПБЕРОН,"ОУ ""Д-р П. Берон""",formula,classes,307624,BGN
2025,322,ОУД-РПБЕРОН,"ОУ ""Д-р П. Берон""",formula,floor-area,17061,BGN
2025,322,ОУД-РПБЕРОН,"ОУ ""Д-р П. Берон""",formula,reserve,11473,BGN
2025,322,ОУД-РПБЕРОН,"ОУ ""Д-р П. Берон""",formula,institution,82400,BGN
2025,322,ОУД-РПБЕРОН,"ОУ ""Д-р П. Берон""",formula,self-study,2252,BGN
2025,322,ОУД-РПБЕРОН,"ОУ ""Д-р П. Берон""",formula,all-day-groups,51259,BGN
2025,322,ОУД-РПБЕРОН,"ОУ ""Д-р П. Берон""",formula,all-day-pupils,472926,BGN
2025,322,ОУД-РПБЕРОН,"ОУ ""Д-р П. Берон""",above,combined-form,2857,BGN
2025,322,ОУД-РПБЕРОН,"ОУ ""Д-р П. Берон""",above,facilities,14630,BGN
2025,322,ОУД-РПБЕРОН,"ОУ ""Д-р П. Берон""",above,meals-school,83488,BGN
2025,322,ОУД-РПБЕРОН,"ОУ ""Д-р П. Берон""",above,interests,21570,BGN
2025,322,ОУД-РПБЕРОН,"ОУ ""Д-р П. Берон""",above,special-centre,63,BGN
2025,322,ОУД-РПБЕРОН,"ОУ ""Д-р П. Берон""",count,pupils,418,
2025,322,ОУДХАДЖИДЕКОВ,"ОУ ""Д. Хаджидеков""",formula,pupils,2846932,BGN
2025,322,ОУДХАДЖИДЕКОВ,"ОУ ""Д. Хаджидеков""",formula,classes,598157,BGN
2025,322,ОУДХАДЖИДЕКОВ,"ОУ ""Д. Хаджидеков""",formula,floor-area,30244,BGN
2025,322,ОУДХАДЖИДЕКОВ,"ОУ ""Д. Хаджидеков""",formula,reserve,23193,BGN
2025,322,ОУДХАДЖИДЕКОВ,"ОУ ""Д. Хаджидеков""",formula,institution,82400,BGN
2025,322,ОУДХАДЖИДЕКОВ,"ОУ ""Д. Хаджидеков""",formula,self-study,2252,BGN
2025,322,ОУДХАДЖИДЕКОВ,"ОУ ""Д. Хаджидеков""",formula,all-day-groups,74917,BGN
2025,322,ОУДХАДЖИДЕКОВ,"ОУ ""Д. Хаджидеков""",formula,all-day-pupils,657018,BGN
2025,322,ОУДХАДЖИДЕКОВ,"ОУ ""Д. Хаджидеков""",above,facilities,29575,BGN
2025,322,ОУДХАДЖИДЕКОВ,"ОУ ""Д. Хаджидеков""",above,meals-school,167321,BGN
2025,322,ОУДХАДЖИДЕКОВ,"ОУ ""Д. Хаджидеков""",above,interests,40785,BGN
2025,322,ОУДХАДЖИДЕКОВ,"ОУ ""Д. Хаджидеков""",above,special-centre,21,BGN
2025,322,ОУДХАДЖИДЕКОВ,"ОУ ""Д. Хаджидеков""",count,pupils,845,
2025,322,ОУЕКЗАРХАНТИМI,"ОУ ""Екзарх Антим I""",formula,pupils,1829448,BGN
2025,322,ОУЕКЗАРХАНТИМI,"ОУ ""Екзарх Антим I""",formula,classes,375984,BGN
2025,322,ОУЕКЗАРХАНТИМI,"ОУ ""Екзарх Антим I""",formula,floor-area,16587,BGN
2025,322,ОУЕКЗАРХАНТИМI,"ОУ ""Екзарх Антим I""",formula,reserve,14904,BGN
2025,322,ОУЕКЗАРХАНТИМI,"ОУ ""Екзарх Антим I""",formula,institution,82400,BGN
2025,322,ОУЕКЗАРХАНТИМI,"ОУ ""Екзарх Антим I""",formula,individual,9811,BGN
2025,322,ОУЕКЗАРХАНТИМI,"ОУ ""Екзарх Антим I""",formula,all-day-groups,51259,BGN
2025,322,ОУЕКЗАРХАНТИМI,"ОУ ""Екзарх Антим I""",formula,all-day-pupils,468165,BGN
2025,322,ОУЕКЗАРХАНТИМI,"ОУ ""Екзарх Антим I""",above,combined-form,5714,BGN
2025,322,ОУЕКЗАРХАНТИМI,"ОУ ""Екзарх Антим I""",above,facilities,19005,BGN
2025,322,ОУЕКЗАРХАНТИМI,"ОУ ""Екзарх Антим I""",above,meals-school,108569,BGN
2025,322,ОУЕКЗАРХАНТИМI,"ОУ ""Екзарх Антим I""",above,interests,27195,BGN
2025,322,ОУЕКЗАРХАНТИМI,"ОУ ""Екзарх Антим I""",count,pupils,543,
2025,322,ОУКОЧОЧЕСТЕМЕНСКИ,"ОУ ""Кочо Честеменски""",formula,pupils,1960845,BGN
2025,322,ОУКОЧОЧЕСТЕМЕНСКИ,"ОУ ""Кочо Честеменски""",formula,classes,410165,BGN
2025,322,ОУКОЧОЧЕСТЕМЕНСКИ,"ОУ ""Кочо Честеменски""",formula,floor-area,19162,BGN
2025,322,ОУКОЧОЧЕСТЕМЕНСКИ,"ОУ ""Кочо Честеменски""",formula,reserve,15974,BGN
2025,322,ОУКОЧОЧЕСТЕМЕНСКИ,"ОУ ""Кочо Честеменски""",formula,institution,82400,BGN
2025,322,ОУКОЧОЧЕСТЕМЕНСКИ,"ОУ ""Кочо Честеменски""",formula,individual,19622,BGN
2025,322,ОУКОЧОЧЕСТЕМЕНСКИ,"ОУ ""Кочо Честеменски""",formula,all-day-groups,55202,BGN
2025,322,ОУКОЧОЧЕСТЕМЕНСКИ,"ОУ ""Кочо Честеменски""",formula,all-day-pupils,474513,BGN
2025,322,ОУКОЧОЧЕСТЕМЕНСКИ,"ОУ ""Кочо Честеменски""",above,facilities,20370,BGN
2025,322,ОУКОЧОЧЕСТЕМЕНСКИ,"ОУ ""Кочо Честеменски""",above,meals-school,117159,BGN
2025,322,ОУКОЧОЧЕСТЕМЕНСКИ,"ОУ ""Кочо Честеменски""",above,interests,28950,BGN
2025,322,ОУКОЧОЧЕСТЕМЕНСКИ,"ОУ ""Кочо Честеменски""",count,pupils,582,
2025,322,СУЛКАРАВЕЛОВ,"СУ ""Л. Каравелов""",formula,pupils,882717,BGN
2025,322,СУЛКАРАВЕЛОВ,"СУ ""Л. Каравелов""",formula,classes,170902,BGN
2025,322,СУЛКАРАВЕЛОВ,"СУ ""Л. Каравелов""",formula,floor-area,49742,BGN
2025,322,СУЛКАРАВЕЛОВ,"СУ ""Л. Каравелов""",formula,arts-class-supplement,33100,BGN
2025,322,СУЛКАРАВЕЛОВ,"СУ ""Л. Каравелов""",formula,small-school,4750,BGN
2025,322,СУЛКАРАВЕЛОВ,"СУ ""Л. Каравелов""",formula,pool,57400,BGN
2025,322,СУЛКАРАВЕЛОВ,"СУ ""Л. Каравелов""",formula,reserve,7191,BGN
2025,322,СУЛКАРАВЕЛОВ,"СУ ""Л. Каравелов""",formula,institution,82400,BGN
2025,322,СУЛКАРАВЕЛОВ,"СУ ""Л. Каравелов""",formula,arts-pupils,1593410,BGN
2025,322,СУЛКАРАВЕЛОВ,"СУ ""Л. Каравелов""",formula,arts-classes,174800,BGN
2025,322,СУЛКАРАВЕЛОВ,"СУ ""Л. Каравелов""",formula,self-study,4504,BGN
2025,322,СУЛКАРАВЕЛОВ,"СУ ""Л. Каравелов""",formula,all-day-groups,31544,BGN
2025,322,СУЛКАРАВЕЛОВ,"СУ ""Л. Каравелов""",formula,all-day-pupils,318987,BGN
2025,322,СУЛКАРАВЕЛОВ,"СУ ""Л. Каравелов""",above,combined-form,11428,BGN
2025,322,СУЛКАРАВЕЛОВ,"СУ ""Л. Каравелов""",above,facilities,17500,BGN
2025,322,СУЛКАРАВЕЛОВ,"СУ ""Л. Каравелов""",above,meals-school,34701,BGN
2025,322,СУЛКАРАВЕЛОВ,"СУ ""Л. Каравелов""",above,music,266716,BGN
2025,322,СУЛКАРАВЕЛОВ,"СУ ""Л. Каравелов""",above,upper-secondary,36414,BGN
2025,322,СУЛКАРАВЕЛОВ,"СУ ""Л. Каравелов""",above,interests,25260,BGN
2025,322,СУЛКАРАВЕЛОВ,"СУ ""Л. Каравелов""",above,special-centre,21,BGN
2025,322,СУЛКАРАВЕЛОВ,"СУ ""Л. Каравелов""",above,scholarships,23800,BGN
2025,322,СУЛКАРАВЕЛОВ,"СУ ""Л. Каравелов""",count,pupils,262,
2025,322,ОУКНЯЗАЛЕКСАНДЪРI,"ОУ ""Княз Александър I""",formula,pupils,3325351,BGN
2025,322,ОУКНЯЗАЛЕКСАНДЪРI,"ОУ ""Княз Александър I""",formula,classes,632337,BGN
2025,322,ОУКНЯЗАЛЕКСАНДЪРI,"ОУ ""Княз Александър I""",formula,floor-area,49578,BGN
2025,322,ОУКНЯЗАЛЕКСАНДЪРI,"ОУ ""Княз Александър I""",formula,reserve,27090,BGN
2025,322,ОУКНЯЗАЛЕКСАНДЪРI,"ОУ ""Княз Александър I""",formula,institution,82400,BGN
2025,322,ОУКНЯЗАЛЕКСАНДЪРI,"ОУ ""Княз Александър I""",formula,individual,9811,BGN
2025,322,ОУКНЯЗАЛЕКСАНДЪРI,"ОУ ""Княз Александър I""",formula,all-day-groups,59145,BGN
2025,322,ОУКНЯЗАЛЕКСАНДЪРI,"ОУ ""Княз Александър I""",formula,all-day-pupils,525297,BGN
2025,322,ОУКНЯЗАЛЕКСАНДЪРI,"ОУ ""Княз Александър I""",above,facilities,34545,BGN
2025,322,ОУКНЯЗАЛЕКСАНДЪРI,"ОУ ""Княз Александър I""",above,meals-school,136055,BGN
2025,322,ОУКНЯЗАЛЕКСАНДЪРI,"ОУ ""Княз Александър I""",above,interests,47175,BGN
2025,322,ОУКНЯЗАЛЕКСАНДЪРI,"ОУ ""Княз Александър I""",above,special-centre,21,BGN
2025,322,ОУКНЯЗАЛЕКСАНДЪРI,"ОУ ""Княз Александър I""",count,pupils,987,
2025,322,ХГСВСВКИРИЛИМЕТОДИЙ,"ХГ ""Св. Св. Кирил и Методий""",formula,pupils,3220907,BGN
2025,322,ХГСВСВКИРИЛИМЕТОДИЙ,"ХГ ""Св. Св. Кирил и Методий""",formula,classes,598157,BGN
2025,322,ХГСВСВКИРИЛИМЕТОДИЙ,"ХГ ""Св. Св. Кирил и Методий""",formula,floor-area,49387,BGN
2025,322,ХГСВСВКИРИЛИМЕТОДИЙ,"ХГ ""Св. Св. Кирил и Методий""",formula,reserve,26239,BGN
2025,322,ХГСВСВКИРИЛИМЕТОДИЙ,"ХГ ""Св. Св. Кирил и Методий""",formula,institution,82400,BGN
2025,322,ХГСВСВКИРИЛИМЕТОДИЙ,"ХГ ""Св. Св. Кирил и Методий""",formula,self-study,3378,BGN
2025,322,ХГСВСВКИРИЛИМЕТОДИЙ,"ХГ ""Св. Св. Кирил и Методий""",above,facilities,33460,BGN
2025,322,ХГСВСВКИРИЛИМЕТОДИЙ,"ХГ ""Св. Св. Кирил и Методий""",above,upper-secondary,146268,BGN
2025,322,ХГСВСВКИРИЛИМЕТОДИЙ,"ХГ ""Св. Св. Кирил и Методий""",above,interests,45780,BGN
2025,322,ХГСВСВКИРИЛИМЕТОДИЙ,"ХГ ""Св. Св. Кирил и Методий""",above,scholarships,95600,BGN
2025,322,ХГСВСВКИРИЛИМЕТОДИЙ,"ХГ ""Св. Св. Кирил и Методий""",count,pupils,956,
2025,322,СУСВПХИЛЕНДАРСКИ,"СУ ""Св. П. Хилендарски""",formula,pupils,2479694,BGN
2025,322,СУСВПХИЛЕНДАРСКИ,"СУ ""Св. П. Хилендарски""",formula,classes,529796,BGN
2025,322,СУСВПХИЛЕНДАРСКИ,"СУ ""Св. П. Хилендарски""",formula,floor-area,34500,BGN
2025,322,СУСВПХИЛЕНДАРСКИ,"СУ ""Св. П. Хилендарски""",formula,reserve,20201,BGN
2025,322,СУСВПХИЛЕНДАРСКИ,"СУ ""Св. П. Хилендарски""",formula,institution,82400,BGN
2025,322,СУСВПХИЛЕНДАРСКИ,"СУ ""Св. П. Хилендарски""",formula,individual,9811,BGN
2025,322,СУСВПХИЛЕНДАРСКИ,"СУ ""Св. П. Хилендарски""",formula,self-study,1126,BGN
2025,322,СУСВПХИЛЕНДАРСКИ,"СУ ""Св. П. Хилендарски""",formula,all-day-groups,47316,BGN
2025,322,СУСВПХИЛЕНДАРСКИ,"СУ ""Св. П. Хилендарски""",formula,all-day-pupils,401511,BGN
2025,322,СУСВПХИЛЕНДАРСКИ,"СУ ""Св. П. Хилендарски""",above,combined-form,14285,BGN
2025,322,СУСВПХИЛЕНДАРСКИ,"СУ ""Св. П. Хилендарски""",above,facilities,25760,BGN
2025,322,СУСВПХИЛЕНДАРСКИ,"СУ ""Св. П. Хилендарски""",above,meals-school,97919,BGN
2025,322,СУСВПХИЛЕНДАРСКИ,"СУ ""Св. П. Хилендарски""",above,upper-secondary,31059,BGN
2025,322,СУСВПХИЛЕНДАРСКИ,"СУ ""Св. П. Хилендарски""",above,interests,35880,BGN
2025,322,СУСВПХИЛЕНДАРСКИ,"СУ ""Св. П. Хилендарски""",above,special-centre,42,BGN
2025,322,СУСВПХИЛЕНДАРСКИ,"СУ ""Св. П. Хилендарски""",above,scholarships,20400,BGN
2025,322,СУСВПХИЛЕНДАРСКИ,"СУ ""Св. П. Хилендарски""",count,pupils,736,
2025,322,СУСВКЛИМЕНТОХРИДСКИ,"СУ ""Св. Климент Охридски""",formula,pupils,1826078,BGN
2025,322,СУСВКЛИМЕНТОХРИДСКИ,"СУ ""Св. Климент Охридски""",formula,classes,375984,BGN
2025,322,СУСВКЛИМЕНТОХРИДСКИ,"СУ ""Св. Климент Охридски""",formula,floor-area,37463,BGN
2025,322,СУСВКЛИМЕНТОХРИДСКИ,"СУ ""Св. Климент Охридски""",formula,reserve,14876,BGN
2025,322,СУСВКЛИМЕНТОХРИДСКИ,"СУ ""Св. Климент Охридски""",formula,institution,82400,BGN
2025,322,СУСВКЛИМЕНТОХРИДСКИ,"СУ ""Св. Климент Охридски""",formula,self-study,11260,BGN
2025,322,СУСВКЛИМЕНТОХРИДСКИ,"СУ ""Св. Климент Охридски""",formula,all-day-groups,19715,BGN
2025,322,СУСВКЛИМЕНТОХРИДСКИ,"СУ ""Св. Климент Охридски""",formula,all-day-pupils,138069,BGN
2025,322,СУСВКЛИМЕНТОХРИДСКИ,"СУ ""Св. Климент Охридски""",above,combined-form,14285,BGN
2025,322,СУСВКЛИМЕНТОХРИДСКИ,"СУ ""Св. Климент Охридски""",above,facilities,18900,BGN
2025,322,СУСВКЛИМЕНТОХРИДСКИ,"СУ ""Св. Климент Охридски""",above,meals-school,25424,BGN
2025,322,СУСВКЛИМЕНТОХРИДСКИ,"СУ ""Св. Климент Охридски""",above,upper-secondary,62118,BGN
2025,322,СУСВКЛИМЕНТОХРИДСКИ,"СУ ""Св. Климент Охридски""",above,interests,27060,BGN
2025,322,СУСВКЛИМЕНТОХРИДСКИ,"СУ ""Св. Климент Охридски""",above,special-centre,42,BGN
2025,322,СУСВКЛИМЕНТОХРИДСКИ,"СУ ""Св. Климент Охридски""",above,scholarships,40600,BGN
2025,322,СУСВКЛИМЕНТОХРИДСКИ,"СУ ""Св. Климент Охридски""",count,pupils,542,
2025,322,СУСВПАТРИАРХЕВТИМИЙ,"СУ ""Св. Патриарх Евтимий""",formula,pupils,4966127,BGN
2025,322,СУСВПАТРИАРХЕВТИМИЙ,"СУ ""Св. Патриарх Евтимий""",formula,classes,991232,BGN
2025,322,СУСВПАТРИАРХЕВТИМИЙ,"СУ ""Св. Патриарх Евтимий""",formula,floor-area,78376,BGN
2025,322,СУСВПАТРИАРХЕВТИМИЙ,"СУ ""Св. Патриарх Евтимий""",formula,reserve,40458,BGN
2025,322,СУСВПАТРИАРХЕВТИМИЙ,"СУ ""Св. Патриарх Евтимий""",formula,institution,82400,BGN
2025,322,СУСВПАТРИАРХЕВТИМИЙ,"СУ ""Св. Патриарх Евтимий""",formula,all-day-groups,47316,BGN
2025,322,СУСВПАТРИАРХЕВТИМИЙ,"СУ ""Св. Патриарх Евтимий""",formula,all-day-pupils,417381,BGN
2025,322,СУСВПАТРИАРХЕВТИМИЙ,"СУ ""Св. Патриарх Евтимий""",above,facilities,51590,BGN
2025,322,СУСВПАТРИАРХЕВТИМИЙ,"СУ ""Св. Патриарх Евтимий""",above,upper-secondary,87210,BGN
2025,322,СУСВПАТРИАРХЕВТИМИЙ,"СУ ""Св. Патриарх Евтимий""",above,interests,69090,BGN
2025,322,СУСВПАТРИАРХЕВТИМИЙ,"СУ ""Св. Патриарх Евтимий""",above,special-centre,42,BGN
2025,322,СУСВПАТРИАРХЕВТИМИЙ,"СУ ""Св. Патриарх Евтимий""",above,scholarships,57000,BGN
2025,322,СУСВПАТРИАРХЕВТИМИЙ,"СУ ""Св. Патриарх Евтимий""",count,pupils,1474,
2025,322,СУЦАРСИМЕОНВЕЛИКИ,"СУ ""Цар Симеон Велики""",formula,pupils,1519487,BGN
2025,322,СУЦАРСИМЕОНВЕЛИКИ,"СУ ""Цар Симеон Велики""",formula,classes,324714,BGN
2025,322,СУЦАРСИМЕОНВЕЛИКИ,"СУ ""Цар Симеон Велики""",formula,floor-area,32649,BGN
2025,322,СУЦАРСИМЕОНВЕЛИКИ,"СУ ""Цар Симеон Велики""",formula,reserve,12379,BGN
2025,322,СУЦАРСИМЕОНВЕЛИКИ,"СУ ""Цар Симеон Велики""",formula,institution,82400,BGN
2025,322,СУЦАРСИМЕОНВЕЛИКИ,"СУ ""Цар Симеон Велики""",formula,individual,9811,BGN
2025,322,СУЦАРСИМЕОНВЕЛИКИ,"СУ ""Цар Симеон Велики""",formula,self-study,10134,BGN
2025,322,СУЦАРСИМЕОНВЕЛИКИ,"СУ ""Цар Симеон Велики""",formula,all-day-groups,19715,BGN
2025,322,СУЦАРСИМЕОНВЕЛИКИ,"СУ ""Цар Симеон Велики""",formula,all-day-pupils,187266,BGN
2025,322,СУЦАРСИМЕОНВЕЛИКИ,"СУ ""Цар Симеон Велики""",above,facilities,15785,BGN
2025,322,СУЦАРСИМЕОНВЕЛИКИ,"СУ ""Цар Симеон Велики""",above,meals-school,45695,BGN
2025,322,СУЦАРСИМЕОНВЕЛИКИ,"СУ ""Цар Симеон Велики""",above,upper-secondary,38709,BGN
2025,322,СУЦАРСИМЕОНВЕЛИКИ,"СУ ""Цар Симеон Велики""",above,interests,23055,BGN
2025,322,СУЦАРСИМЕОНВЕЛИКИ,"СУ ""Цар Симеон Велики""",above,special-centre,42,BGN
2025,322,СУЦАРСИМЕОНВЕЛИКИ,"СУ ""Цар Симеон Велики""",above,scholarships,25400,BGN
2025,322,СУЦАРСИМЕОНВЕЛИКИ,"СУ ""Цар Симеон Велики""",count,pupils,451,
2025,322,НУКИРИЛНЕКТАРИЕВ,"HУ ""Кирил Hектариев""",formula,pupils,589601,BGN
2025,322,НУКИРИЛНЕКТАРИЕВ,"HУ ""Кирил Hектариев""",formula,classes,136722,BGN
2025,322,НУКИРИЛНЕКТАРИЕВ,"HУ ""Кирил Hектариев""",formula,floor-area,22277,BGN
2025,322,НУКИРИЛНЕКТАРИЕВ,"HУ ""Кирил Hектариев""",formula,small-school,15625,BGN
2025,322,НУКИРИЛНЕКТАРИЕВ,"HУ ""Кирил Hектариев""",formula,reserve,4803,BGN
2025,322,НУКИРИЛНЕКТАРИЕВ,"HУ ""Кирил Hектариев""",formula,institution,82400,BGN
2025,322,НУКИРИЛНЕКТАРИЕВ,"HУ ""Кирил Hектариев""",formula,all-day-groups,15772,BGN
2025,322,НУКИРИЛНЕКТАРИЕВ,"HУ ""Кирил Hектариев""",formula,all-day-pupils,158700,BGN
2025,322,НУКИРИЛНЕКТАРИЕВ,"HУ ""Кирил Hектариев""",above,facilities,6125,BGN
2025,322,НУКИРИЛНЕКТАРИЕВ,"HУ ""Кирил Hектариев""",above,meals-school,60813,BGN
2025,322,НУКИРИЛНЕКТАРИЕВ,"HУ ""Кирил Hектариев""",above,interests,10635,BGN
2025,322,НУКИРИЛНЕКТАРИЕВ,"HУ ""Кирил Hектариев""",count,pupils,175,
2025,322,НУПРСЛАВЕЙКОВ,"HУ ""П. Р. Славейков""",formula,pupils,1206156,BGN
2025,322,НУПРСЛАВЕЙКОВ,"HУ ""П. Р. Славейков""",formula,classes,256353,BGN
2025,322,НУПРСЛАВЕЙКОВ,"HУ ""П. Р. Славейков""",formula,floor-area,14388,BGN
2025,322,НУПРСЛАВЕЙКОВ,"HУ ""П. Р. Славейков""",formula,reserve,9826,BGN
2025,322,НУПРСЛАВЕЙКОВ,"HУ ""П. Р. Славейков""",formula,institution,82400,BGN
2025,322,НУПРСЛАВЕЙКОВ,"HУ ""П. Р. Славейков""",formula,all-day-groups,55202,BGN
2025,322,НУПРСЛАВЕЙКОВ,"HУ ""П. Р. Славейков""",formula,all-day-pupils,550689,BGN
2025,322,НУПРСЛАВЕЙКОВ,"HУ ""П. Р. Славейков""",above,facilities,12530,BGN
2025,322,НУПРСЛАВЕЙКОВ,"HУ ""П. Р. Славейков""",above,meals-school,123000,BGN
2025,322,НУПРСЛАВЕЙКОВ,"HУ ""П. Р. Славейков""",above,interests,18870,BGN
2025,322,НУПРСЛАВЕЙКОВ,"HУ ""П. Р. Славейков""",above,special-centre,21,BGN
2025,322,НУПРСЛАВЕЙКОВ,"HУ ""П. Р. Славейков""",count,pupils,358,
2025,322,ОУВЛЕВСКИ,"ОУ ""В. Левски""",formula,pupils,1944000,BGN
2025,322,ОУВЛЕВСКИ,"ОУ ""В. Левски""",formula,classes,410165,BGN
2025,322,ОУВЛЕВСКИ,"ОУ ""В. Левски""",formula,floor-area,27746,BGN
2025,322,ОУВЛЕВСКИ,"ОУ ""В. Левски""",formula,reserve,15837,BGN
2025,322,ОУВЛЕВСКИ,"ОУ ""В. Левски""",formula,institution,82400,BGN
2025,322,ОУВЛЕВСКИ,"ОУ ""В. Левски""",formula,all-day-groups,55202,BGN
2025,322,ОУВЛЕВСКИ,"ОУ ""В. Левски""",formula,all-day-pupils,501492,BGN
2025,322,ОУВЛЕВСКИ,"ОУ ""В. Левски""",above,combined-form,2857,BGN
2025,322,ОУВЛЕВСКИ,"ОУ ""В. Левски""",above,facilities,20195,BGN
2025,322,ОУВЛЕВСКИ,"ОУ ""В. Левски""",above,meals-school,98262,BGN
2025,322,ОУВЛЕВСКИ,"ОУ ""В. Левски""",above,interests,28725,BGN
2025,322,ОУВЛЕВСКИ,"ОУ ""В. Левски""",above,special-centre,21,BGN
2025,322,ОУВЛЕВСКИ,"ОУ ""В. Левски""",count,pupils,577,
2025,322,ОУДДЕБЕЛЯНОВ,"ОУ ""Д. Дебелянов""",formula,pupils,1890093,BGN
2025,322,ОУДДЕБЕЛЯНОВ,"ОУ ""Д. Дебелянов""",formula,classes,427255,BGN
2025,322,ОУДДЕБЕЛЯНОВ,"ОУ ""Д. Дебелянов""",formula,floor-area,51620,BGN
2025,322,ОУДДЕБЕЛЯНОВ,"ОУ ""Д. Дебелянов""",formula,reserve,15398,BGN
2025,322,ОУДДЕБЕЛЯНОВ,"ОУ ""Д. Дебелянов""",formula,institution,82400,BGN
2025,322,ОУДДЕБЕЛЯНОВ,"ОУ ""Д. Дебелянов""",formula,individual,29433,BGN
2025,322,ОУДДЕБЕЛЯНОВ,"ОУ ""Д. Дебелянов""",formula,self-study,1126,BGN
2025,322,ОУДДЕБЕЛЯНОВ,"ОУ ""Д. Дебелянов""",formula,all-day-groups,31544,BGN
2025,322,ОУДДЕБЕЛЯНОВ,"ОУ ""Д. Дебелянов""",formula,all-day-pupils,301530,BGN
2025,322,ОУДДЕБЕЛЯНОВ,"ОУ ""Д. Дебелянов""",above,facilities,19635,BGN
2025,322,ОУДДЕБЕЛЯНОВ,"ОУ ""Д. Дебелянов""",above,interests,28005,BGN
2025,322,ОУДДЕБЕЛЯНОВ,"ОУ ""Д. Дебелянов""",above,special-centre,21,BGN
2025,322,ОУДДЕБЕЛЯНОВ,"ОУ ""Д. Дебелянов""",count,pupils,561,
2025,322,ОБУПСЛАВЕЙКОВ,"ОбУ ""П. Славейков""",formula,pupils,1718267,BGN
2025,322,ОБУПСЛАВЕЙКОВ,"ОбУ ""П. Славейков""",formula,classes,410165,BGN
2025,322,ОБУПСЛАВЕЙКОВ,"ОбУ ""П. Славейков""",formula,floor-area,41936,BGN
2025,322,ОБУПСЛАВЕЙКОВ,"ОбУ ""П. Славейков""",formula,reserve,13998,BGN
2025,322,ОБУПСЛАВЕЙКОВ,"ОбУ ""П. Славейков""",formula,institution,82400,BGN
2025,322,ОБУПСЛАВЕЙКОВ,"ОбУ ""П. Славейков""",formula,individual,19622,BGN
2025,322,ОБУПСЛАВЕЙКОВ,"ОбУ ""П. Славейков""",formula,self-study,194798,BGN
2025,322,ОБУПСЛАВЕЙКОВ,"ОбУ ""П. Славейков""",formula,all-day-groups,23658,BGN
2025,322,ОБУПСЛАВЕЙКОВ,"ОбУ ""П. Славейков""",formula,all-day-pupils,195201,BGN
2025,322,ОБУПСЛАВЕЙКОВ,"ОбУ ""П. Славейков""",above,facilities,17850,BGN
2025,322,ОБУПСЛАВЕЙКОВ,"ОбУ ""П. Славейков""",above,meals-school,93796,BGN
2025,322,ОБУПСЛАВЕЙКОВ,"ОбУ ""П. Славейков""",above,interests,25710,BGN
2025,322,ОБУПСЛАВЕЙКОВ,"ОбУ ""П. Славейков""",count,pupils,510,
2025,322,СУНГЕРОВ,"СУ ""H. Геров""",formula,pupils,1910308,BGN
2025,322,СУНГЕРОВ,"СУ ""H. Геров""",formula,classes,427255,BGN
2025,322,СУНГЕРОВ,"СУ ""H. Геров""",formula,floor-area,36425,BGN
2025,322,СУНГЕРОВ,"СУ ""H. Геров""",formula,reserve,15562,BGN
2025,322,СУНГЕРОВ,"СУ ""H. Геров""",formula,institution,82400,BGN
2025,322,СУНГЕРОВ,"СУ ""H. Геров""",formula,self-study,170026,BGN
2025,322,СУНГЕРОВ,"СУ ""H. Геров""",formula,all-day-groups,31544,BGN
2025,322,СУНГЕРОВ,"СУ ""H. Геров""",formula,all-day-pupils,266616,BGN
2025,322,СУНГЕРОВ,"СУ ""H. Геров""",above,facilities,19845,BGN
2025,322,СУНГЕРОВ,"СУ ""H. Геров""",above,meals-school,68371,BGN
2025,322,СУНГЕРОВ,"СУ ""H. Геров""",above,upper-secondary,29835,BGN
2025,322,СУНГЕРОВ,"СУ ""H. Геров""",above,interests,28275,BGN
2025,322,СУНГЕРОВ,"СУ ""H. Геров""",above,special-centre,63,BGN
2025,322,СУНГЕРОВ,"СУ ""H. Геров""",above,scholarships,19500,BGN
2025,322,СУНГЕРОВ,"СУ ""H. Геров""",count,pupils,567,
2025,322,СУСБОЛИВАР,"СУ ""С. Боливар""",formula,pupils,1152249,BGN
2025,322,СУСБОЛИВАР,"СУ ""С. Боливар""",formula,classes,290533,BGN
2025,322,СУСБОЛИВАР,"СУ ""С. Боливар""",formula,floor-area,48840,BGN
2025,322,СУСБОЛИВАР,"СУ ""С. Боливар""",formula,reserve,9387,BGN
2025,322,СУСБОЛИВАР,"СУ ""С. Боливар""",formula,institution,82400,BGN
2025,322,СУСБОЛИВАР,"СУ ""С. Боливар""",formula,individual,49055,BGN
2025,322,СУСБОЛИВАР,"СУ ""С. Боливар""",formula,self-study,2252,BGN
2025,322,СУСБОЛИВАР,"СУ ""С. Боливар""",formula,all-day-groups,31544,BGN
2025,322,СУСБОЛИВАР,"СУ ""С. Боливар""",formula,all-day-pupils,274551,BGN
2025,322,СУСБОЛИВАР,"СУ ""С. Боливар""",above,facilities,11970,BGN
2025,322,СУСБОЛИВАР,"СУ ""С. Боливар""",above,upper-secondary,8262,BGN
2025,322,СУСБОЛИВАР,"СУ ""С. Боливар""",above,interests,18150,BGN
2025,322,СУСБОЛИВАР,"СУ ""С. Боливар""",above,special-centre,126,BGN
2025,322,СУСБОЛИВАР,"СУ ""С. Боливар""",above,scholarships,5500,BGN
2025,322,СУСБОЛИВАР,"СУ ""С. Боливар""",count,pupils,342,
2025,322,ОУВПЕТЛЕШКОВ,"ОУ ""В. Петлешков""",formula,pupils,1570024,BGN
2025,322,ОУВПЕТЛЕШКОВ,"ОУ ""В. Петлешков""",formula,classes,324714,BGN
2025,322,ОУВПЕТЛЕШКОВ,"ОУ ""В. Петлешков""",formula,floor-area,16014,BGN
2025,322,ОУВПЕТЛЕШКОВ,"ОУ ""В. Петлешков""",formula,reserve,12790,BGN
2025,322,ОУВПЕТЛЕШКОВ,"ОУ ""В. Петлешков""",formula,institution,82400,BGN
2025,322,ОУВПЕТЛЕШКОВ,"ОУ ""В. Петлешков""",formula,all-day-groups,47316,BGN
2025,322,ОУВПЕТЛЕШКОВ,"ОУ ""В. Петлешков""",formula,all-day-pupils,430077,BGN
2025,322,ОУВПЕТЛЕШКОВ,"ОУ ""В. Петлешков""",above,combined-form,2857,BGN
2025,322,ОУВПЕТЛЕШКОВ,"ОУ ""В. Петлешков""",above,facilities,16310,BGN
2025,322,ОУВПЕТЛЕШКОВ,"ОУ ""В. Петлешков""",above,meals-school,97575,BGN
2025,322,ОУВПЕТЛЕШКОВ,"ОУ ""В. Петлешков""",above,interests,23730,BGN
2025,322,ОУВПЕТЛЕШКОВ,"ОУ ""В. Петлешков""",above,special-centre,21,BGN
2025,322,ОУВПЕТЛЕШКОВ,"ОУ ""В. Петлешков""",count,pupils,466,
2025,322,ОУДРАГАНМАНЧОВ,"ОУ ""Драган Манчов""",formula,pupils,1964214,BGN
2025,322,ОУДРАГАНМАНЧОВ,"ОУ ""Драган Манчов""",formula,classes,393075,BGN
2025,322,ОУДРАГАНМАНЧОВ,"ОУ ""Драган Манчов""",formula,floor-area,41383,BGN
2025,322,ОУДРАГАНМАНЧОВ,"ОУ ""Драган Манчов""",formula,reserve,16002,BGN
2025,322,ОУДРАГАНМАНЧОВ,"ОУ ""Драган Манчов""",formula,institution,82400,BGN
2025,322,ОУДРАГАНМАНЧОВ,"ОУ ""Драган Манчов""",formula,all-day-groups,51259,BGN
2025,322,ОУДРАГАНМАНЧОВ,"ОУ ""Драган Манчов""",formula,all-day-pupils,514188,BGN
2025,322,ОУДРАГАНМАНЧОВ,"ОУ ""Драган Манчов""",above,combined-form,17142,BGN
2025,322,ОУДРАГАНМАНЧОВ,"ОУ ""Драган Манчов""",above,facilities,20405,BGN
2025,322,ОУДРАГАНМАНЧОВ,"ОУ ""Драган Манчов""",above,meals-school,122312,BGN
2025,322,ОУДРАГАНМАНЧОВ,"ОУ ""Драган Манчов""",above,interests,28995,BGN
2025,322,ОУДРАГАНМАНЧОВ,"ОУ ""Драган Манчов""",above,special-centre,21,BGN
2025,322,ОУДРАГАНМАНЧОВ,"ОУ ""Драган Манчов""",count,pupils,583,
2025,322,ОУЕПЕЛИН,"ОУ ""Е. Пелин""",formula,pupils,1253324,BGN
2025,322,ОУЕПЕЛИН,"ОУ ""Е. Пелин""",formula,classes,290533,BGN
2025,322,ОУЕПЕЛИН,"ОУ ""Е. Пелин""",formula,floor-area,16348,BGN
2025,322,ОУЕПЕЛИН,"ОУ ""Е. Пелин""",formula,reserve,10210,BGN
2025,322,ОУЕПЕЛИН,"ОУ ""Е. Пелин""",formula,institution,82400,BGN
2025,322,ОУЕПЕЛИН,"ОУ ""Е. Пелин""",formula,individual,9811,BGN
2025,322,ОУЕПЕЛИН,"ОУ ""Е. Пелин""",formula,self-study,1126,BGN
2025,322,ОУЕПЕЛИН,"ОУ ""Е. Пелин""",formula,all-day-groups,43373,BGN
2025,322,ОУЕПЕЛИН,"ОУ ""Е. Пелин""",formula,all-day-pupils,379293,BGN
2025,322,ОУЕПЕЛИН,"ОУ ""Е. Пелин""",above,combined-form,14285,BGN
2025,322,ОУЕПЕЛИН,"ОУ ""Е. Пелин""",above,facilities,13020,BGN
2025,322,ОУЕПЕЛИН,"ОУ ""Е. Пелин""",above,meals-school,86237,BGN
2025,322,ОУЕПЕЛИН,"ОУ ""Е. Пелин""",above,interests,19500,BGN
2025,322,ОУЕПЕЛИН,"ОУ ""Е. Пелин""",above,special-centre,84,BGN
2025,322,ОУЕПЕЛИН,"ОУ ""Е. Пелин""",count,pupils,372,
2025,322,ОУТКАБЛЕШКОВ,"ОУ ""Т. Каблешков""",formula,pupils,667092,BGN
2025,322,ОУТКАБЛЕШКОВ,"ОУ ""Т. Каблешков""",formula,classes,170902,BGN
2025,322,ОУТКАБЛЕШКОВ,"ОУ ""Т. Каблешков""",formula,floor-area,14580,BGN
2025,322,ОУТКАБЛЕШКОВ,"ОУ ""Т. Каблешков""",formula,small-school,12750,BGN
2025,322,ОУТКАБЛЕШКОВ,"ОУ ""Т. Каблешков""",formula,reserve,5435,BGN
2025,322,ОУТКАБЛЕШКОВ,"ОУ ""Т. Каблешков""",formula,institution,82400,BGN
2025,322,ОУТКАБЛЕШКОВ,"ОУ ""Т. Каблешков""",formula,individual,9811,BGN
2025,322,ОУТКАБЛЕШКОВ,"ОУ ""Т. Каблешков""",formula,all-day-groups,31544,BGN
2025,322,ОУТКАБЛЕШКОВ,"ОУ ""Т. Каблешков""",formula,all-day-pupils,233289,BGN
2025,322,ОУТКАБЛЕШКОВ,"ОУ ""Т. Каблешков""",above,combined-form,2857,BGN
2025,322,ОУТКАБЛЕШКОВ,"ОУ ""Т. Каблешков""",above,facilities,6930,BGN
2025,322,ОУТКАБЛЕШКОВ,"ОУ ""Т. Каблешков""",above,meals-school,46382,BGN
2025,322,ОУТКАБЛЕШКОВ,"ОУ ""Т. Каблешков""",above,interests,11670,BGN
2025,322,ОУТКАБЛЕШКОВ,"ОУ ""Т. Каблешков""",above,special-centre,21,BGN
2025,322,ОУТКАБЛЕШКОВ,"ОУ ""Т. Каблешков""",count,pupils,198,
2025,322,СУСВСВКИРИЛИМЕТОДИЙ,"СУ ""Св. Св. Кирил и Методий""",formula,pupils,983792,BGN
2025,322,СУСВСВКИРИЛИМЕТОДИЙ,"СУ ""Св. Св. Кирил и Методий""",formula,classes,239263,BGN
2025,322,СУСВСВКИРИЛИМЕТОДИЙ,"СУ ""Св. Св. Кирил и Методий""",formula,floor-area,40177,BGN
2025,322,СУСВСВКИРИЛИМЕТОДИЙ,"СУ ""Св. Св. Кирил и Методий""",formula,small-school,1000,BGN
2025,322,СУСВСВКИРИЛИМЕТОДИЙ,"СУ ""Св. Св. Кирил и Методий""",formula,reserve,8015,BGN
2025,322,СУСВСВКИРИЛИМЕТОДИЙ,"СУ ""Св. Св. Кирил и Методий""",formula,institution,82400,BGN
2025,322,СУСВСВКИРИЛИМЕТОДИЙ,"СУ ""Св. Св. Кирил и Методий""",formula,all-day-groups,35487,BGN
2025,322,СУСВСВКИРИЛИМЕТОДИЙ,"СУ ""Св. Св. Кирил и Методий""",formula,all-day-pupils,280899,BGN
2025,322,СУСВСВКИРИЛИМЕТОДИЙ,"СУ ""Св. Св. Кирил и Методий""",above,facilities,10220,BGN
2025,322,СУСВСВКИРИЛИМЕТОДИЙ,"СУ ""Св. Св. Кирил и Методий""",above,meals-school,63218,BGN
2025,322,СУСВСВКИРИЛИМЕТОДИЙ,"СУ ""Св. Св. Кирил и Методий""",above,interests,15900,BGN
2025,322,СУСВСВКИРИЛИМЕТОДИЙ,"СУ ""Св. Св. Кирил и Методий""",count,pupils,292,
2025,322,МГАКАДЕМИККИРИЛПОПОВ,"МГ ""Академик Кирил Попов""",formula,pupils,2729012,BGN
2025,322,МГАКАДЕМИККИРИЛПОПОВ,"МГ ""Академик Кирил Попов""",formula,classes,529796,BGN
2025,322,МГАКАДЕМИККИРИЛПОПОВ,"МГ ""Академик Кирил Попов""",formula,floor-area,53020,BGN
2025,322,МГАКАДЕМИККИРИЛПОПОВ,"МГ ""Академик Кирил Попов""",formula,reserve,22232,BGN
2025,322,МГАКАДЕМИККИРИЛПОПОВ,"МГ ""Академик Кирил Попов""",formula,institution,82400,BGN
2025,322,МГАКАДЕМИККИРИЛПОПОВ,"МГ ""Академик Кирил Попов""",above,facilities,28350,BGN
2025,322,МГАКАДЕМИККИРИЛПОПОВ,"МГ ""Академик Кирил Попов""",above,upper-secondary,99450,BGN
2025,322,МГАКАДЕМИККИРИЛПОПОВ,"МГ ""Академик Кирил Попов""",above,interests,39210,BGN
2025,322,МГАКАДЕМИККИРИЛПОПОВ,"МГ ""Академик Кирил Попов""",above,scholarships,65000,BGN
2025,322,МГАКАДЕМИККИРИЛПОПОВ,"МГ ""Академик Кирил Попов""",count,pupils,810,
2025,322,НУХРБОТЕВ,"HУ ""Хр. Ботев""",formula,pupils,1556547,BGN
2025,322,НУХРБОТЕВ,"HУ ""Хр. Ботев""",formula,classes,341804,BGN
2025,322,НУХРБОТЕВ,"HУ ""Хр. Ботев""",formula,floor-area,19039,BGN
2025,322,НУХРБОТЕВ,"HУ ""Хр. Ботев""",formula,reserve,12681,BGN
2025,322,НУХРБОТЕВ,"HУ ""Хр. Ботев""",formula,institution,82400,BGN
2025,322,НУХРБОТЕВ,"HУ ""Хр. Ботев""",formula,all-day-groups,74917,BGN
2025,322,НУХРБОТЕВ,"HУ ""Хр. Ботев""",formula,all-day-pupils,683997,BGN
2025,322,НУХРБОТЕВ,"HУ ""Хр. Ботев""",above,facilities,16170,BGN
2025,322,НУХРБОТЕВ,"HУ ""Хр. Ботев""",above,meals-school,158388,BGN
2025,322,НУХРБОТЕВ,"HУ ""Хр. Ботев""",above,interests,23550,BGN
2025,322,НУХРБОТЕВ,"HУ ""Хр. Ботев""",count,pupils,462,
2025,322,ОУДДИМОВ,"ОУ ""Д. Димов""",formula,pupils,977054,BGN
2025,322,ОУДДИМОВ,"ОУ ""Д. Димов""",formula,classes,239263,BGN
2025,322,ОУДДИМОВ,"ОУ ""Д. Димов""",formula,floor-area,24304,BGN
2025,322,ОУДДИМОВ,"ОУ ""Д. Димов""",formula,small-school,1250,BGN
2025,322,ОУДДИМОВ,"ОУ ""Д. Димов""",formula,reserve,7960,BGN
2025,322,ОУДДИМОВ,"ОУ ""Д. Димов""",formula,institution,82400,BGN
2025,322,ОУДДИМОВ,"ОУ ""Д. Димов""",formula,all-day-groups,47316,BGN
2025,322,ОУДДИМОВ,"ОУ ""Д. Димов""",formula,all-day-pupils,379293,BGN
2025,322,ОУДДИМОВ,"ОУ ""Д. Димов""",above,combined-form,8571,BGN
2025,322,ОУДДИМОВ,"ОУ ""Д. Димов""",above,facilities,10150,BGN
2025,322,ОУДДИМОВ,"ОУ ""Д. Димов""",above,meals-school,60469,BGN
2025,322,ОУДДИМОВ,"ОУ ""Д. Димов""",above,interests,15810,BGN
2025,322,ОУДДИМОВ,"ОУ ""Д. Димов""",above,special-centre,84,BGN
2025,322,ОУДДИМОВ,"ОУ ""Д. Димов""",count,pupils,290,
2025,322,ОБУЙЙОВКОВ,"ОбУ ""Й. Йовков""",formula,pupils,441359,BGN
2025,322,ОБУЙЙОВКОВ,"ОбУ ""Й. Йовков""",formula,classes,119631,BGN
2025,322,ОБУЙЙОВКОВ,"ОбУ ""Й. Йовков""",formula,floor-area,21252,BGN
2025,322,ОБУЙЙОВКОВ,"ОбУ ""Й. Йовков""",formula,small-school,21125,BGN
2025,322,ОБУЙЙОВКОВ,"ОбУ ""Й. Йовков""",formula,reserve,3596,BGN
2025,322,ОБУЙЙОВКОВ,"ОбУ ""Й. Йовков""",formula,institution,82400,BGN
2025,322,ОБУЙЙОВКОВ,"ОбУ ""Й. Йовков""",formula,individual,29433,BGN
2025,322,ОБУЙЙОВКОВ,"ОбУ ""Й. Йовков""",formula,all-day-groups,15772,BGN
2025,322,ОБУЙЙОВКОВ,"ОбУ ""Й. Йовков""",formula,all-day-pupils,144417,BGN
2025,322,ОБУЙЙОВКОВ,"ОбУ ""Й. Йовков""",above,facilities,4585,BGN
2025,322,ОБУЙЙОВКОВ,"ОбУ ""Й. Йовков""",above,meals-school,20271,BGN
2025,322,ОБУЙЙОВКОВ,"ОбУ ""Й. Йовков""",above,interests,8655,BGN
2025,322,ОБУЙЙОВКОВ,"ОбУ ""Й. Йовков""",count,pupils,131,
2025,322,ОУПВОЛОВ,"ОУ ""П. Волов""",formula,pupils,1004007,BGN
2025,322,ОУПВОЛОВ,"ОУ ""П. Волов""",formula,classes,256353,BGN
2025,322,ОУПВОЛОВ,"ОУ ""П. Волов""",formula,floor-area,45597,BGN
2025,322,ОУПВОЛОВ,"ОУ ""П. Волов""",formula,small-school,250,BGN
2025,322,ОУПВОЛОВ,"ОУ ""П. Волов""",formula,reserve,8179,BGN
2025,322,ОУПВОЛОВ,"ОУ ""П. Волов""",formula,institution,82400,BGN
2025,322,ОУПВОЛОВ,"ОУ ""П. Волов""",formula,individual,19622,BGN
2025,322,ОУПВОЛОВ,"ОУ ""П. Волов""",formula,self-study,3378,BGN
2025,322,ОУПВОЛОВ,"ОУ ""П. Волов""",formula,all-day-groups,19715,BGN
2025,322,ОУПВОЛОВ,"ОУ ""П. Волов""",formula,all-day-pupils,163461,BGN
2025,322,ОУПВОЛОВ,"ОУ ""П. Волов""",above,facilities,10430,BGN
2025,322,ОУПВОЛОВ,"ОУ ""П. Волов""",above,meals-school,51536,BGN
2025,322,ОУПВОЛОВ,"ОУ ""П. Волов""",above,interests,16170,BGN
2025,322,ОУПВОЛОВ,"ОУ ""П. Волов""",above,special-centre,21,BGN
2025,322,ОУПВОЛОВ,"ОУ ""П. Волов""",count,pupils,298,
2025,322,ОУРАЙНАКНЯГИНЯ,"ОУ ""Райна Княгиня""",formula,pupils,2779549,BGN
2025,322,ОУРАЙНАКНЯГИНЯ,"ОУ ""Райна Княгиня""",formula,classes,598157,BGN
2025,322,ОУРАЙНАКНЯГИНЯ,"ОУ ""Райна Княгиня""",formula,floor-area,46109,BGN
2025,322,ОУРАЙНАКНЯГИНЯ,"ОУ ""Райна Княгиня""",formula,reserve,22644,BGN
2025,322,ОУРАЙНАКНЯГИНЯ,"ОУ ""Райна Княгиня""",formula,institution,82400,BGN
2025,322,ОУРАЙНАКНЯГИНЯ,"ОУ ""Райна Княгиня""",formula,self-study,2252,BGN
2025,322,ОУРАЙНАКНЯГИНЯ,"ОУ ""Райна Княгиня""",formula,all-day-groups,55202,BGN
2025,322,ОУРАЙНАКНЯГИНЯ,"ОУ ""Райна Княгиня""",formula,all-day-pupils,547515,BGN
2025,322,ОУРАЙНАКНЯГИНЯ,"ОУ ""Райна Княгиня""",above,facilities,28875,BGN
2025,322,ОУРАЙНАКНЯГИНЯ,"ОУ ""Райна Княгиня""",above,meals-school,156670,BGN
2025,322,ОУРАЙНАКНЯГИНЯ,"ОУ ""Райна Княгиня""",above,interests,39885,BGN
2025,322,ОУРАЙНАКНЯГИНЯ,"ОУ ""Райна Княгиня""",count,pupils,825,
2025,322,СУНВАПЦАРОВ,"СУ ""H. Вапцаров""",formula,pupils,1094974,BGN
2025,322,СУНВАПЦАРОВ,"СУ ""H. Вапцаров""",formula,classes,239263,BGN
2025,322,СУНВАПЦАРОВ,"СУ ""H. Вапцаров""",formula,floor-area,33736,BGN
2025,322,СУНВАПЦАРОВ,"СУ ""H. Вапцаров""",formula,reserve,8920,BGN
2025,322,СУНВАПЦАРОВ,"СУ ""H. Вапцаров""",formula,institution,82400,BGN
2025,322,СУНВАПЦАРОВ,"СУ ""H. Вапцаров""",formula,self-study,1126,BGN
2025,322,СУНВАПЦАРОВ,"СУ ""H. Вапцаров""",formula,all-day-groups,39430,BGN
2025,322,СУНВАПЦАРОВ,"СУ ""H. Вапцаров""",formula,all-day-pupils,357075,BGN
2025,322,СУНВАПЦАРОВ,"СУ ""H. Вапцаров""",above,facilities,11375,BGN
2025,322,СУНВАПЦАРОВ,"СУ ""H. Вапцаров""",above,meals-school,64935,BGN
2025,322,СУНВАПЦАРОВ,"СУ ""H. Вапцаров""",above,interests,17385,BGN
2025,322,СУНВАПЦАРОВ,"СУ ""H. Вапцаров""",count,pupils,325,
2025,322,СУПКЯВОРОВ,"СУ ""П. К. Яворов""",formula,pupils,2516755,BGN
2025,322,СУПКЯВОРОВ,"СУ ""П. К. Яворов""",formula,classes,546886,BGN
2025,322,СУПКЯВОРОВ,"СУ ""П. К. Яворов""",formula,floor-area,39608,BGN
2025,322,СУПКЯВОРОВ,"СУ ""П. К. Яворов""",formula,reserve,20503,BGN
2025,322,СУПКЯВОРОВ,"СУ ""П. К. Яворов""",formula,institution,82400,BGN
2025,322,СУПКЯВОРОВ,"СУ ""П. К. Яворов""",formula,individual,58866,BGN
2025,322,СУПКЯВОРОВ,"СУ ""П. К. Яворов""",formula,self-study,54048,BGN
2025,322,СУПКЯВОРОВ,"СУ ""П. К. Яворов""",formula,all-day-groups,59145,BGN
2025,322,СУПКЯВОРОВ,"СУ ""П. К. Яворов""",formula,all-day-pupils,533232,BGN
2025,322,СУПКЯВОРОВ,"СУ ""П. К. Яворов""",above,facilities,26110,BGN
2025,322,СУПКЯВОРОВ,"СУ ""П. К. Яворов""",above,meals-school,98262,BGN
2025,322,СУПКЯВОРОВ,"СУ ""П. К. Яворов""",above,upper-secondary,38556,BGN
2025,322,СУПКЯВОРОВ,"СУ ""П. К. Яворов""",above,interests,36330,BGN
2025,322,СУПКЯВОРОВ,"СУ ""П. К. Яворов""",above,special-centre,21,BGN
2025,322,СУПКЯВОРОВ,"СУ ""П. К. Яворов""",above,scholarships,25400,BGN
2025,322,СУПКЯВОРОВ,"СУ ""П. К. Яворов""",count,pupils,747,
2025,322,СУХРГДАНОВ,"СУ ""Хр. Г. Данов""",formula,pupils,1472319,BGN
2025,322,СУХРГДАНОВ,"СУ ""Хр. Г. Данов""",formula,classes,341804,BGN
2025,322,СУХРГДАНОВ,"СУ ""Хр. Г. Данов""",formula,floor-area,26717,BGN
2025,322,СУХРГДАНОВ,"СУ ""Хр. Г. Данов""",formula,reserve,11994,BGN
2025,322,СУХРГДАНОВ,"СУ ""Хр. Г. Данов""",formula,institution,82400,BGN
2025,322,СУХРГДАНОВ,"СУ ""Хр. Г. Данов""",formula,individual,9811,BGN
2025,322,СУХРГДАНОВ,"СУ ""Хр. Г. Данов""",formula,self-study,3378,BGN
2025,322,СУХРГДАНОВ,"СУ ""Хр. Г. Данов""",formula,all-day-groups,43373,BGN
2025,322,СУХРГДАНОВ,"СУ ""Хр. Г. Данов""",formula,all-day-pupils,398337,BGN
2025,322,СУХРГДАНОВ,"СУ ""Хр. Г. Данов""",above,combined-form,8571,BGN
2025,322,СУХРГДАНОВ,"СУ ""Хр. Г. Данов""",above,facilities,15295,BGN
2025,322,СУХРГДАНОВ,"СУ ""Хр. Г. Данов""",above,meals-school,85894,BGN
2025,322,СУХРГДАНОВ,"СУ ""Хр. Г. Данов""",above,interests,22425,BGN
2025,322,СУХРГДАНОВ,"СУ ""Хр. Г. Данов""",count,pupils,437,
2025,322,ЕГПЛОВДИВ,"ЕГ ""Пловдив""",formula,pupils,4470862,BGN
2025,322,ЕГПЛОВДИВ,"ЕГ ""Пловдив""",formula,classes,854510,BGN
2025,322,ЕГПЛОВДИВ,"ЕГ ""Пловдив""",formula,floor-area,36173,BGN
2025,322,ЕГПЛОВДИВ,"ЕГ ""Пловдив""",formula,reserve,36423,BGN
2025,322,ЕГПЛОВДИВ,"ЕГ ""Пловдив""",formula,institution,82400,BGN
2025,322,ЕГПЛОВДИВ,"ЕГ ""Пловдив""",formula,self-study,3378,BGN
2025,322,ЕГПЛОВДИВ,"ЕГ ""Пловдив""",above,facilities,46445,BGN
2025,322,ЕГПЛОВДИВ,"ЕГ ""Пловдив""",above,upper-secondary,203031,BGN
2025,322,ЕГПЛОВДИВ,"ЕГ ""Пловдив""",above,interests,62475,BGN
2025,322,ЕГПЛОВДИВ,"ЕГ ""Пловдив""",above,scholarships,132700,BGN
2025,322,ЕГПЛОВДИВ,"ЕГ ""Пловдив""",count,pupils,1327,
2025,322,ЕГИВВАЗОВ,"ЕГ ""Ив.Вазов""",formula,pupils,4012658,BGN
2025,322,ЕГИВВАЗОВ,"ЕГ ""Ив.Вазов""",formula,classes,769059,BGN
2025,322,ЕГИВВАЗОВ,"ЕГ ""Ив.Вазов""",formula,floor-area,30826,BGN
2025,322,ЕГИВВАЗОВ,"ЕГ ""Ив.Вазов""",formula,reserve,32690,BGN
2025,322,ЕГИВВАЗОВ,"ЕГ ""Ив.Вазов""",formula,institution,82400,BGN
2025,322,ЕГИВВАЗОВ,"ЕГ ""Ив.Вазов""",formula,self-study,6756,BGN
2025,322,ЕГИВВАЗОВ,"ЕГ ""Ив.Вазов""",above,facilities,41685,BGN
2025,322,ЕГИВВАЗОВ,"ЕГ ""Ив.Вазов""",above,upper-secondary,182223,BGN
2025,322,ЕГИВВАЗОВ,"ЕГ ""Ив.Вазов""",above,interests,56355,BGN
2025,322,ЕГИВВАЗОВ,"ЕГ ""Ив.Вазов""",above,scholarships,119100,BGN
2025,322,ЕГИВВАЗОВ,"ЕГ ""Ив.Вазов""",count,pupils,1191,
2025,322,ФЕГАНТОАНДЬОСЕНТ-ЕКЗЮПЕРИ,"ФЕГ ""Антоан дьо Сент-Екзюпери""",formula,pupils,3456748,BGN
2025,322,ФЕГАНТОАНДЬОСЕНТ-ЕКЗЮПЕРИ,"ФЕГ ""Антоан дьо Сент-Екзюпери""",formula,classes,683608,BGN
2025,322,ФЕГАНТОАНДЬОСЕНТ-ЕКЗЮПЕРИ,"ФЕГ ""Антоан дьо Сент-Екзюпери""",formula,floor-area,57150,BGN
2025,322,ФЕГАНТОАНДЬОСЕНТ-ЕКЗЮПЕРИ,"ФЕГ ""Антоан дьо Сент-Екзюпери""",formula,pool,34500,BGN
2025,322,ФЕГАНТОАНДЬОСЕНТ-ЕКЗЮПЕРИ,"ФЕГ ""Антоан дьо Сент-Екзюпери""",formula,reserve,28162,BGN
2025,322,ФЕГАНТОАНДЬОСЕНТ-ЕКЗЮПЕРИ,"ФЕГ ""Антоан дьо Сент-Екзюпери""",formula,institution,82400,BGN
2025,322,ФЕГАНТОАНДЬОСЕНТ-ЕКЗЮПЕРИ,"ФЕГ ""Антоан дьо Сент-Екзюпери""",formula,self-study,3378,BGN
2025,322,ФЕГАНТОАНДЬОСЕНТ-ЕКЗЮПЕРИ,"ФЕГ ""Антоан дьо Сент-Екзюпери""",above,facilities,35910,BGN
2025,322,ФЕГАНТОАНДЬОСЕНТ-ЕКЗЮПЕРИ,"ФЕГ ""Антоан дьо Сент-Екзюпери""",above,upper-secondary,156978,BGN
2025,322,ФЕГАНТОАНДЬОСЕНТ-ЕКЗЮПЕРИ,"ФЕГ ""Антоан дьо Сент-Екзюпери""",above,interests,48930,BGN
2025,322,ФЕГАНТОАНДЬОСЕНТ-ЕКЗЮПЕРИ,"ФЕГ ""Антоан дьо Сент-Екзюпери""",above,scholarships,102600,BGN
2025,322,ФЕГАНТОАНДЬОСЕНТ-ЕКЗЮПЕРИ,"ФЕГ ""Антоан дьо Сент-Екзюпери""",count,pupils,1026,
2025,322,СУБРМИЛАДИНОВИ,"СУ ""Бр. Миладинови""",formula,pupils,1206156,BGN
2025,322,СУБРМИЛАДИНОВИ,"СУ ""Бр. Миладинови""",formula,classes,307624,BGN
2025,322,СУБРМИЛАДИНОВИ,"СУ ""Бр. Миладинови""",formula,floor-area,38590,BGN
2025,322,СУБРМИЛАДИНОВИ,"СУ ""Бр. Миладинови""",formula,reserve,9826,BGN
2025,322,СУБРМИЛАДИНОВИ,"СУ ""Бр. Миладинови""",formula,institution,82400,BGN
2025,322,СУБРМИЛАДИНОВИ,"СУ ""Бр. Миладинови""",formula,individual,117732,BGN
2025,322,СУБРМИЛАДИНОВИ,"СУ ""Бр. Миладинови""",formula,self-study,38284,BGN
2025,322,СУБРМИЛАДИНОВИ,"СУ ""Бр. Миладинови""",formula,all-day-groups,43373,BGN
2025,322,СУБРМИЛАДИНОВИ,"СУ ""Бр. Миладинови""",formula,all-day-pupils,379293,BGN
2025,322,СУБРМИЛАДИНОВИ,"СУ ""Бр. Миладинови""",above,combined-form,5714,BGN
2025,322,СУБРМИЛАДИНОВИ,"СУ ""Бр. Миладинови""",above,facilities,12530,BGN
2025,322,СУБРМИЛАДИНОВИ,"СУ ""Бр. Миладинови""",above,meals-school,63218,BGN
2025,322,СУБРМИЛАДИНОВИ,"СУ ""Бр. Миладинови""",above,upper-secondary,14229,BGN
2025,322,СУБРМИЛАДИНОВИ,"СУ ""Бр. Миладинови""",above,interests,18870,BGN
2025,322,СУБРМИЛАДИНОВИ,"СУ ""Бр. Миладинови""",above,special-centre,21,BGN
2025,322,СУБРМИЛАДИНОВИ,"СУ ""Бр. Миладинови""",above,scholarships,9500,BGN
2025,322,СУБРМИЛАДИНОВИ,"СУ ""Бр. Миладинови""",count,pupils,358,
2025,322,НУКЛОХРИДСКИ,"HУ ""Кл. Охридски""",formula,pupils,892825,BGN
2025,322,НУКЛОХРИДСКИ,"HУ ""Кл. Охридски""",formula,classes,187992,BGN
2025,322,НУКЛОХРИДСКИ,"HУ ""Кл. Охридски""",formula,floor-area,7239,BGN
2025,322,НУКЛОХРИДСКИ,"HУ ""Кл. Охридски""",formula,small-school,4375,BGN
2025,322,НУКЛОХРИДСКИ,"HУ ""Кл. Охридски""",formula,reserve,7273,BGN
2025,322,НУКЛОХРИДСКИ,"HУ ""Кл. Охридски""",formula,institution,82400,BGN
2025,322,НУКЛОХРИДСКИ,"HУ ""Кл. Охридски""",formula,all-day-groups,39430,BGN
2025,322,НУКЛОХРИДСКИ,"HУ ""Кл. Охридски""",formula,all-day-pupils,350727,BGN
2025,322,НУКЛОХРИДСКИ,"HУ ""Кл. Охридски""",above,facilities,9275,BGN
2025,322,НУКЛОХРИДСКИ,"HУ ""Кл. Охридски""",above,meals-school,91047,BGN
2025,322,НУКЛОХРИДСКИ,"HУ ""Кл. Охридски""",above,interests,14685,BGN
2025,322,НУКЛОХРИДСКИ,"HУ ""Кл. Охридски""",count,pupils,265,
2025,322,ОУДИМИТЪРТАЛЕВ,"ОУ ""Димитър Талев""",formula,pupils,3365781,BGN
2025,322,ОУДИМИТЪРТАЛЕВ,"ОУ ""Димитър Талев""",formula,classes,666518,BGN
2025,322,ОУДИМИТЪРТАЛЕВ,"ОУ ""Димитър Талев""",formula,floor-area,41964,BGN
2025,322,ОУДИМИТЪРТАЛЕВ,"ОУ ""Димитър Талев""",formula,reserve,27420,BGN
2025,322,ОУДИМИТЪРТАЛЕВ,"ОУ ""Димитър Талев""",formula,institution,82400,BGN
2025,322,ОУДИМИТЪРТАЛЕВ,"ОУ ""Димитър Талев""",formula,individual,9811,BGN
2025,322,ОУДИМИТЪРТАЛЕВ,"ОУ ""Димитър Талев""",formula,all-day-groups,78860,BGN
2025,322,ОУДИМИТЪРТАЛЕВ,"ОУ ""Димитър Талев""",formula,all-day-pupils,772869,BGN
2025,322,ОУДИМИТЪРТАЛЕВ,"ОУ ""Димитър Талев""",above,combined-form,8571,BGN
2025,322,ОУДИМИТЪРТАЛЕВ,"ОУ ""Димитър Талев""",above,facilities,34965,BGN
2025,322,ОУДИМИТЪРТАЛЕВ,"ОУ ""Димитър Талев""",above,meals-school,208893,BGN
2025,322,ОУДИМИТЪРТАЛЕВ,"ОУ ""Димитър Талев""",above,interests,47715,BGN
2025,322,ОУДИМИТЪРТАЛЕВ,"ОУ ""Димитър Талев""",above,special-centre,63,BGN
2025,322,ОУДИМИТЪРТАЛЕВ,"ОУ ""Димитър Талев""",count,pupils,999,
2025,322,ОУЗАХАРИСТОЯНОВ,"ОУ ""Захари Стоянов""",formula,pupils,889456,BGN
2025,322,ОУЗАХАРИСТОЯНОВ,"ОУ ""Захари Стоянов""",formula,classes,205082,BGN
2025,322,ОУЗАХАРИСТОЯНОВ,"ОУ ""Захари Стоянов""",formula,floor-area,15734,BGN
2025,322,ОУЗАХАРИСТОЯНОВ,"ОУ ""Захари Стоянов""",formula,small-school,4500,BGN
2025,322,ОУЗАХАРИСТОЯНОВ,"ОУ ""Захари Стоянов""",formula,reserve,7246,BGN
2025,322,ОУЗАХАРИСТОЯНОВ,"ОУ ""Захари Стоянов""",formula,institution,82400,BGN
2025,322,ОУЗАХАРИСТОЯНОВ,"ОУ ""Захари Стоянов""",formula,individual,19622,BGN
2025,322,ОУЗАХАРИСТОЯНОВ,"ОУ ""Захари Стоянов""",formula,all-day-groups,27601,BGN
2025,322,ОУЗАХАРИСТОЯНОВ,"ОУ ""Захари Стоянов""",formula,all-day-pupils,260268,BGN
2025,322,ОУЗАХАРИСТОЯНОВ,"ОУ ""Захари Стоянов""",above,facilities,9240,BGN
2025,322,ОУЗАХАРИСТОЯНОВ,"ОУ ""Захари Стоянов""",above,meals-school,61500,BGN
2025,322,ОУЗАХАРИСТОЯНОВ,"ОУ ""Захари Стоянов""",above,interests,14640,BGN
2025,322,ОУЗАХАРИСТОЯНОВ,"ОУ ""Захари Стоянов""",above,special-centre,42,BGN
2025,322,ОУЗАХАРИСТОЯНОВ,"ОУ ""Захари Стоянов""",count,pupils,264,
2025,322,ОУСТОЯНМИХАЙЛОВСКИ,"ОУ ""Стоян Михайловски""",formula,pupils,1805864,BGN
2025,322,ОУСТОЯНМИХАЙЛОВСКИ,"ОУ ""Стоян Михайловски""",formula,classes,358894,BGN
2025,322,ОУСТОЯНМИХАЙЛОВСКИ,"ОУ ""Стоян Михайловски""",formula,floor-area,20432,BGN
2025,322,ОУСТОЯНМИХАЙЛОВСКИ,"ОУ ""Стоян Михайловски""",formula,reserve,14712,BGN
2025,322,ОУСТОЯНМИХАЙЛОВСКИ,"ОУ ""Стоян Михайловски""",formula,institution,82400,BGN
2025,322,ОУСТОЯНМИХАЙЛОВСКИ,"ОУ ""Стоян Михайловски""",formula,individual,9811,BGN
2025,322,ОУСТОЯНМИХАЙЛОВСКИ,"ОУ ""Стоян Михайловски""",formula,self-study,1126,BGN
2025,322,ОУСТОЯНМИХАЙЛОВСКИ,"ОУ ""Стоян Михайловски""",formula,all-day-groups,47316,BGN
2025,322,ОУСТОЯНМИХАЙЛОВСКИ,"ОУ ""Стоян Михайловски""",formula,all-day-pupils,461817,BGN
2025,322,ОУСТОЯНМИХАЙЛОВСКИ,"ОУ ""Стоян Михайловски""",above,facilities,18760,BGN
2025,322,ОУСТОЯНМИХАЙЛОВСКИ,"ОУ ""Стоян Михайловски""",above,meals-school,106852,BGN
2025,322,ОУСТОЯНМИХАЙЛОВСКИ,"ОУ ""Стоян Михайловски""",above,interests,26880,BGN
2025,322,ОУСТОЯНМИХАЙЛОВСКИ,"ОУ ""Стоян Михайловски""",above,special-centre,84,BGN
2025,322,ОУСТОЯНМИХАЙЛОВСКИ,"ОУ ""Стоян Михайловски""",count,pupils,536,
2025,322,ОУЯНЕСАНДАНСКИ,"ОУ ""Яне Сандански""",formula,pupils,2233746,BGN
2025,322,ОУЯНЕСАНДАНСКИ,"ОУ ""Яне Сандански""",formula,classes,478526,BGN
2025,322,ОУЯНЕСАНДАНСКИ,"ОУ ""Яне Сандански""",formula,floor-area,26237,BGN
2025,322,ОУЯНЕСАНДАНСКИ,"ОУ ""Яне Сандански""",formula,reserve,18197,BGN
2025,322,ОУЯНЕСАНДАНСКИ,"ОУ ""Яне Сандански""",formula,institution,82400,BGN
2025,322,ОУЯНЕСАНДАНСКИ,"ОУ ""Яне Сандански""",formula,all-day-groups,55202,BGN
2025,322,ОУЯНЕСАНДАНСКИ,"ОУ ""Яне Сандански""",formula,all-day-pupils,542754,BGN
2025,322,ОУЯНЕСАНДАНСКИ,"ОУ ""Яне Сандански""",above,facilities,23205,BGN
2025,322,ОУЯНЕСАНДАНСКИ,"ОУ ""Яне Сандански""",above,interests,32595,BGN
2025,322,ОУЯНЕСАНДАНСКИ,"ОУ ""Яне Сандански""",above,special-centre,84,BGN
2025,322,ОУЯНЕСАНДАНСКИ,"ОУ ""Яне Сандански""",count,pupils,663,
2025,322,СУКОНСТАНТИНВЕЛИЧКОВ,"СУ ""Константин Величков""",formula,pupils,1630669,BGN
2025,322,СУКОНСТАНТИНВЕЛИЧКОВ,"СУ ""Константин Величков""",formula,classes,341804,BGN
2025,322,СУКОНСТАНТИНВЕЛИЧКОВ,"СУ ""Константин Величков""",formula,floor-area,32515,BGN
2025,322,СУКОНСТАНТИНВЕЛИЧКОВ,"СУ ""Константин Величков""",formula,reserve,13284,BGN
2025,322,СУКОНСТАНТИНВЕЛИЧКОВ,"СУ ""Константин Величков""",formula,institution,82400,BGN
2025,322,СУКОНСТАНТИНВЕЛИЧКОВ,"СУ ""Константин Величков""",formula,individual,39244,BGN
2025,322,СУКОНСТАНТИНВЕЛИЧКОВ,"СУ ""Константин Величков""",formula,all-day-groups,43373,BGN
2025,322,СУКОНСТАНТИНВЕЛИЧКОВ,"СУ ""Константин Величков""",formula,all-day-pupils,401511,BGN
2025,322,СУКОНСТАНТИНВЕЛИЧКОВ,"СУ ""Константин Величков""",above,facilities,16940,BGN
2025,322,СУКОНСТАНТИНВЕЛИЧКОВ,"СУ ""Константин Величков""",above,meals-school,88299,BGN
2025,322,СУКОНСТАНТИНВЕЛИЧКОВ,"СУ ""Константин Величков""",above,upper-secondary,20196,BGN
2025,322,СУКОНСТАНТИНВЕЛИЧКОВ,"СУ ""Константин Величков""",above,interests,24540,BGN
2025,322,СУКОНСТАНТИНВЕЛИЧКОВ,"СУ ""Константин Величков""",above,special-centre,105,BGN
2025,322,СУКОНСТАНТИНВЕЛИЧКОВ,"СУ ""Константин Величков""",above,scholarships,13500,BGN
2025,322,СУКОНСТАНТИНВЕЛИЧКОВ,"СУ ""Константин Величков""",count,pupils,484,
2025,322,СУСВКОНСТАНТИН-КИРИЛФИЛОСОФ,"СУ ""Св. Константин-Кирил Философ""",formula,pupils,3598252,BGN
2025,322,СУСВКОНСТАНТИН-КИРИЛФИЛОСОФ,"СУ ""Св. Константин-Кирил Философ""",formula,classes,734879,BGN
2025,322,СУСВКОНСТАНТИН-КИРИЛФИЛОСОФ,"СУ ""Св. Константин-Кирил Философ""",formula,floor-area,51931,BGN
2025,322,СУСВКОНСТАНТИН-КИРИЛФИЛОСОФ,"СУ ""Св. Константин-Кирил Философ""",formula,reserve,29314,BGN
2025,322,СУСВКОНСТАНТИН-КИРИЛФИЛОСОФ,"СУ ""Св. Константин-Кирил Философ""",formula,institution,82400,BGN
2025,322,СУСВКОНСТАНТИН-КИРИЛФИЛОСОФ,"СУ ""Св. Константин-Кирил Философ""",formula,individual,19622,BGN
2025,322,СУСВКОНСТАНТИН-КИРИЛФИЛОСОФ,"СУ ""Св. Константин-Кирил Философ""",formula,self-study,5630,BGN
2025,322,СУСВКОНСТАНТИН-КИРИЛФИЛОСОФ,"СУ ""Св. Константин-Кирил Философ""",formula,all-day-groups,90689,BGN
2025,322,СУСВКОНСТАНТИН-КИРИЛФИЛОСОФ,"СУ ""Св. Константин-Кирил Философ""",formula,all-day-pupils,890307,BGN
2025,322,СУСВКОНСТАНТИН-КИРИЛФИЛОСОФ,"СУ ""Св. Константин-Кирил Философ""",above,combined-form,2857,BGN
2025,322,СУСВКОНСТАНТИН-КИРИЛФИЛОСОФ,"СУ ""Св. Константин-Кирил Философ""",above,facilities,37380,BGN
2025,322,СУСВКОНСТАНТИН-КИРИЛФИЛОСОФ,"СУ ""Св. Константин-Кирил Философ""",above,meals-school,177971,BGN
2025,322,СУСВКОНСТАНТИН-КИРИЛФИЛОСОФ,"СУ ""Св. Константин-Кирил Философ""",above,upper-secondary,20043,BGN
2025,322,СУСВКОНСТАНТИН-КИРИЛФИЛОСОФ,"СУ ""Св. Константин-Кирил Философ""",above,interests,50820,BGN
2025,322,СУСВКОНСТАНТИН-КИРИЛФИЛОСОФ,"СУ ""Св. Константин-Кирил Философ""",above,scholarships,13200,BGN
2025,322,СУСВКОНСТАНТИН-КИРИЛФИЛОСОФ,"СУ ""Св. Константин-Кирил Философ""",count,pupils,1068,
2025,322,СУДИМИТЪРМАТЕВСКИ,"СУ ""Димитър Матевски""",formula,pupils,2964851,BGN
2025,322,СУДИМИТЪРМАТЕВСКИ,"СУ ""Димитър Матевски""",formula,classes,615247,BGN
2025,322,СУДИМИТЪРМАТЕВСКИ,"СУ ""Димитър Матевски""",formula,floor-area,60333,BGN
2025,322,СУДИМИТЪРМАТЕВСКИ,"СУ ""Димитър Матевски""",formula,reserve,24153,BGN
2025,322,СУДИМИТЪРМАТЕВСКИ,"СУ ""Димитър Матевски""",formula,institution,82400,BGN
2025,322,СУДИМИТЪРМАТЕВСКИ,"СУ ""Димитър Матевски""",formula,all-day-groups,86746,BGN
2025,322,СУДИМИТЪРМАТЕВСКИ,"СУ ""Димитър Матевски""",formula,all-day-pupils,823653,BGN
2025,322,СУДИМИТЪРМАТЕВСКИ,"СУ ""Димитър Матевски""",above,combined-form,2857,BGN
2025,322,СУДИМИТЪРМАТЕВСКИ,"СУ ""Димитър Матевски""",above,facilities,30765,BGN
2025,322,СУДИМИТЪРМАТЕВСКИ,"СУ ""Димитър Матевски""",above,meals-school,173505,BGN
2025,322,СУДИМИТЪРМАТЕВСКИ,"СУ ""Димитър Матевски""",above,upper-secondary,7650,BGN
2025,322,СУДИМИТЪРМАТЕВСКИ,"СУ ""Димитър Матевски""",above,interests,42315,BGN
2025,322,СУДИМИТЪРМАТЕВСКИ,"СУ ""Димитър Матевски""",above,special-centre,21,BGN
2025,322,СУДИМИТЪРМАТЕВСКИ,"СУ ""Димитър Матевски""",above,scholarships,5000,BGN
2025,322,СУДИМИТЪРМАТЕВСКИ,"СУ ""Димитър Матевски""",count,pupils,880,
2025,322,СУСВСЕДМОЧИСЛЕНИЦИ,"СУ ""Св. Седмочисленици""",formula,pupils,2715535,BGN
2025,322,СУСВСЕДМОЧИСЛЕНИЦИ,"СУ ""Св. Седмочисленици""",formula,classes,563977,BGN
2025,322,СУСВСЕДМОЧИСЛЕНИЦИ,"СУ ""Св. Седмочисленици""",formula,floor-area,51743,BGN
2025,322,СУСВСЕДМОЧИСЛЕНИЦИ,"СУ ""Св. Седмочисленици""",formula,reserve,22122,BGN
2025,322,СУСВСЕДМОЧИСЛЕНИЦИ,"СУ ""Св. Седмочисленици""",formula,institution,82400,BGN
2025,322,СУСВСЕДМОЧИСЛЕНИЦИ,"СУ ""Св. Седмочисленици""",formula,individual,29433,BGN
2025,322,СУСВСЕДМОЧИСЛЕНИЦИ,"СУ ""Св. Седмочисленици""",formula,all-day-groups,74917,BGN
2025,322,СУСВСЕДМОЧИСЛЕНИЦИ,"СУ ""Св. Седмочисленици""",formula,all-day-pupils,691932,BGN
2025,322,СУСВСЕДМОЧИСЛЕНИЦИ,"СУ ""Св. Седмочисленици""",above,combined-form,8571,BGN
2025,322,СУСВСЕДМОЧИСЛЕНИЦИ,"СУ ""Св. Седмочисленици""",above,facilities,28210,BGN
2025,322,СУСВСЕДМОЧИСЛЕНИЦИ,"СУ ""Св. Седмочисленици""",above,meals-school,155295,BGN
2025,322,СУСВСЕДМОЧИСЛЕНИЦИ,"СУ ""Св. Седмочисленици""",above,upper-secondary,18819,BGN
2025,322,СУСВСЕДМОЧИСЛЕНИЦИ,"СУ ""Св. Седмочисленици""",above,interests,39030,BGN
2025,322,СУСВСЕДМОЧИСЛЕНИЦИ,"СУ ""Св. Седмочисленици""",above,scholarships,12500,BGN
2025,322,СУСВСЕДМОЧИСЛЕНИЦИ,"СУ ""Св. Седмочисленици""",count,pupils,806,
2025,322,СУСВСОФРОНИЙВРАЧАНСКИ,"СУ ""Св. Софроний Врачански""",formula,pupils,2638043,BGN
2025,322,СУСВСОФРОНИЙВРАЧАНСКИ,"СУ ""Св. Софроний Врачански""",formula,classes,598157,BGN
2025,322,СУСВСОФРОНИЙВРАЧАНСКИ,"СУ ""Св. Софроний Врачански""",formula,floor-area,71628,BGN
2025,322,СУСВСОФРОНИЙВРАЧАНСКИ,"СУ ""Св. Софроний Врачански""",formula,reserve,21491,BGN
2025,322,СУСВСОФРОНИЙВРАЧАНСКИ,"СУ ""Св. Софроний Врачански""",formula,institution,82400,BGN
2025,322,СУСВСОФРОНИЙВРАЧАНСКИ,"СУ ""Св. Софроний Врачански""",formula,self-study,4504,BGN
2025,322,СУСВСОФРОНИЙВРАЧАНСКИ,"СУ ""Св. Софроний Врачански""",formula,all-day-groups,90689,BGN
2025,322,СУСВСОФРОНИЙВРАЧАНСКИ,"СУ ""Св. Софроний Врачански""",formula,all-day-pupils,818892,BGN
2025,322,СУСВСОФРОНИЙВРАЧАНСКИ,"СУ ""Св. Софроний Врачански""",above,facilities,27370,BGN
2025,322,СУСВСОФРОНИЙВРАЧАНСКИ,"СУ ""Св. Софроний Врачански""",above,meals-school,165259,BGN
2025,322,СУСВСОФРОНИЙВРАЧАНСКИ,"СУ ""Св. Софроний Врачански""",above,interests,37950,BGN
2025,322,СУСВСОФРОНИЙВРАЧАНСКИ,"СУ ""Св. Софроний Врачански""",above,special-centre,21,BGN
2025,322,СУСВСОФРОНИЙВРАЧАНСКИ,"СУ ""Св. Софроний Врачански""",count,pupils,783,
2025,322,СУЧЕРНОРИЗЕЦХРАБЪР,"СУ ""Черноризец Храбър""",formula,pupils,3840831,BGN
2025,322,СУЧЕРНОРИЗЕЦХРАБЪР,"СУ ""Черноризец Храбър""",formula,classes,786149,BGN
2025,322,СУЧЕРНОРИЗЕЦХРАБЪР,"СУ ""Черноризец Храбър""",formula,floor-area,53935,BGN
2025,322,СУЧЕРНОРИЗЕЦХРАБЪР,"СУ ""Черноризец Храбър""",formula,reserve,31291,BGN
2025,322,СУЧЕРНОРИЗЕЦХРАБЪР,"СУ ""Черноризец Храбър""",formula,institution,82400,BGN
2025,322,СУЧЕРНОРИЗЕЦХРАБЪР,"СУ ""Черноризец Храбър""",formula,individual,29433,BGN
2025,322,СУЧЕРНОРИЗЕЦХРАБЪР,"СУ ""Черноризец Храбър""",formula,self-study,1126,BGN
2025,322,СУЧЕРНОРИЗЕЦХРАБЪР,"СУ ""Черноризец Храбър""",formula,all-day-groups,98575,BGN
2025,322,СУЧЕРНОРИЗЕЦХРАБЪР,"СУ ""Черноризец Храбър""",formula,all-day-pupils,926808,BGN
2025,322,СУЧЕРНОРИЗЕЦХРАБЪР,"СУ ""Черноризец Храбър""",above,facilities,39900,BGN
2025,322,СУЧЕРНОРИЗЕЦХРАБЪР,"СУ ""Черноризец Храбър""",above,meals-school,204769,BGN
2025,322,СУЧЕРНОРИЗЕЦХРАБЪР,"СУ ""Черноризец Храбър""",above,upper-secondary,11781,BGN
2025,322,СУЧЕРНОРИЗЕЦХРАБЪР,"СУ ""Черноризец Храбър""",above,interests,54060,BGN
2025,322,СУЧЕРНОРИЗЕЦХРАБЪР,"СУ ""Черноризец Храбър""",above,special-centre,63,BGN
2025,322,СУЧЕРНОРИЗЕЦХРАБЪР,"СУ ""Черноризец Храбър""",above,scholarships,7900,BGN
2025,322,СУЧЕРНОРИЗЕЦХРАБЪР,"СУ ""Черноризец Храбър""",count,pupils,1140,
2025,326,ПГВАДХРИСТОБОТЕВ,"ПГВАД ""Христо Ботев""",formula,field-science,986297,BGN
2025,326,ПГВАДХРИСТОБОТЕВ,"ПГВАД ""Христо Ботев""",formula,field-arts,1721364,BGN
2025,326,ПГВАДХРИСТОБОТЕВ,"ПГВАД ""Христо Ботев""",formula,reserve,27351,BGN
2025,326,ПГВАДХРИСТОБОТЕВ,"ПГВАД ""Христо Ботев""",formula,vocational-classes,490182,BGN
2025,326,ПГВАДХРИСТОБОТЕВ,"ПГВАД ""Христо Ботев""",formula,institution,82500,BGN
2025,326,ПГВАДХРИСТОБОТЕВ,"ПГВАД ""Христо Ботев""",formula,self-study,13512,BGN
2025,326,ПГВАДХРИСТОБОТЕВ,"ПГВАД ""Христо Ботев""",above,facilities,17535,BGN
2025,326,ПГВАДХРИСТОБОТЕВ,"ПГВАД ""Христо Ботев""",above,vocational-dual,43086,BGN
2025,326,ПГВАДХРИСТОБОТЕВ,"ПГВАД ""Христо Ботев""",above,interests,25305,BGN
2025,326,ПГВАДХРИСТОБОТЕВ,"ПГВАД ""Христо Ботев""",above,special-centre,63,BGN
2025,326,ПГВАДХРИСТОБОТЕВ,"ПГВАД ""Христо Ботев""",above,scholarships,102748,BGN
2025,326,ПГВАДХРИСТОБОТЕВ,"ПГВАД ""Христо Ботев""",count,pupils,501,
2025,326,СУСВПАИСИЙХИЛЕНДАРСКИ,"СУ ""Св. Паисий Хилендарски""",formula,field-science,361944,BGN
2025,326,СУСВПАИСИЙХИЛЕНДАРСКИ,"СУ ""Св. Паисий Хилендарски""",formula,field-arts,644751,BGN
2025,326,СУСВПАИСИЙХИЛЕНДАРСКИ,"СУ ""Св. Паисий Хилендарски""",formula,reserve,10169,BGN
2025,326,СУСВПАИСИЙХИЛЕНДАРСКИ,"СУ ""Св. Паисий Хилендарски""",formula,vocational-classes,163394,BGN
2025,326,СУСВПАИСИЙХИЛЕНДАРСКИ,"СУ ""Св. Паисий Хилендарски""",above,facilities,6510,BGN
2025,326,СУСВПАИСИЙХИЛЕНДАРСКИ,"СУ ""Св. Паисий Хилендарски""",above,vocational-dual,15996,BGN
2025,326,СУСВПАИСИЙХИЛЕНДАРСКИ,"СУ ""Св. Паисий Хилендарски""",above,interests,8370,BGN
2025,326,СУСВПАИСИЙХИЛЕНДАРСКИ,"СУ ""Св. Паисий Хилендарски""",above,scholarships,20832,BGN
2025,326,СУСВПАИСИЙХИЛЕНДАРСКИ,"СУ ""Св. Паисий Хилендарски""",count,pupils,186,
2025,326,СУЦАРСИМЕОНВЕЛИКИ,"СУ ""Цар Симеон Велики""",formula,field-science,239788,BGN
2025,326,СУЦАРСИМЕОНВЕЛИКИ,"СУ ""Цар Симеон Велики""",formula,reserve,2422,BGN
2025,326,СУЦАРСИМЕОНВЕЛИКИ,"СУ ""Цар Симеон Велики""",formula,vocational-classes,46684,BGN
2025,326,СУЦАРСИМЕОНВЕЛИКИ,"СУ ""Цар Симеон Велики""",above,facilities,1855,BGN
2025,326,СУЦАРСИМЕОНВЕЛИКИ,"СУ ""Цар Симеон Велики""",above,vocational-dual,4558,BGN
2025,326,СУЦАРСИМЕОНВЕЛИКИ,"СУ ""Цар Симеон Велики""",above,interests,2385,BGN
2025,326,СУЦАРСИМЕОНВЕЛИКИ,"СУ ""Цар Симеон Велики""",above,scholarships,5936,BGN
2025,326,СУЦАРСИМЕОНВЕЛИКИ,"СУ ""Цар Симеон Велики""",count,pupils,53,
2025,326,ОБУПСЛАВЕЙКОВ,"ОбУ ""П.Славейков""",formula,field-science,692218,BGN
2025,326,ОБУПСЛАВЕЙКОВ,"ОбУ ""П.Славейков""",formula,reserve,6992,BGN
2025,326,ОБУПСЛАВЕЙКОВ,"ОбУ ""П.Славейков""",formula,vocational-classes,186736,BGN
2025,326,ОБУПСЛАВЕЙКОВ,"ОбУ ""П.Славейков""",above,facilities,5355,BGN
2025,326,ОБУПСЛАВЕЙКОВ,"ОбУ ""П.Славейков""",above,vocational-dual,13158,BGN
2025,326,ОБУПСЛАВЕЙКОВ,"ОбУ ""П.Славейков""",above,interests,6885,BGN
2025,326,ОБУПСЛАВЕЙКОВ,"ОбУ ""П.Славейков""",above,scholarships,17136,BGN
2025,326,ОБУПСЛАВЕЙКОВ,"ОбУ ""П.Славейков""",count,pupils,153,
2025,326,СУНГЕРОВ,"СУ ""Hайден Геров""",formula,field-science,289555,BGN
2025,326,СУНГЕРОВ,"СУ ""Hайден Геров""",formula,field-agriculture,134105,BGN
2025,326,СУНГЕРОВ,"СУ ""Hайден Геров""",formula,reserve,4280,BGN
2025,326,СУНГЕРОВ,"СУ ""Hайден Геров""",formula,vocational-classes,93368,BGN
2025,326,СУНГЕРОВ,"СУ ""Hайден Геров""",above,facilities,3150,BGN
2025,326,СУНГЕРОВ,"СУ ""Hайден Геров""",above,vocational-dual,7740,BGN
2025,326,СУНГЕРОВ,"СУ ""Hайден Геров""",above,interests,4050,BGN
2025,326,СУНГЕРОВ,"СУ ""Hайден Геров""",above,scholarships,16892,BGN
2025,326,СУНГЕРОВ,"СУ ""Hайден Геров""",count,pupils,90,
2025,326,СУСБОЛИВАР,"СУ ""Симон Боливар""",formula,field-agriculture,134105,BGN
2025,326,СУСБОЛИВАР,"СУ ""Симон Боливар""",formula,reserve,1355,BGN
2025,326,СУСБОЛИВАР,"СУ ""Симон Боливар""",formula,vocational-classes,23342,BGN
2025,326,СУСБОЛИВАР,"СУ ""Симон Боливар""",above,facilities,910,BGN
2025,326,СУСБОЛИВАР,"СУ ""Симон Боливар""",above,vocational-dual,2236,BGN
2025,326,СУСБОЛИВАР,"СУ ""Симон Боливар""",above,interests,1170,BGN
2025,326,СУСБОЛИВАР,"СУ ""Симон Боливар""",above,scholarships,9724,BGN
2025,326,СУСБОЛИВАР,"СУ ""Симон Боливар""",count,pupils,26,
2025,326,СУСВСВКИРИЛИМЕТОДИЙ,"СУ ""Св. Св. Кирил и Методий""",formula,field-arts,2068070,BGN
2025,326,СУСВСВКИРИЛИМЕТОДИЙ,"СУ ""Св. Св. Кирил и Методий""",formula,reserve,20890,BGN
2025,326,СУСВСВКИРИЛИМЕТОДИЙ,"СУ ""Св. Св. Кирил и Методий""",formula,vocational-classes,326788,BGN
2025,326,СУСВСВКИРИЛИМЕТОДИЙ,"СУ ""Св. Св. Кирил и Методий""",above,facilities,11900,BGN
2025,326,СУСВСВКИРИЛИМЕТОДИЙ,"СУ ""Св. Св. Кирил и Методий""",above,vocational-dual,29240,BGN
2025,326,СУСВСВКИРИЛИМЕТОДИЙ,"СУ ""Св. Св. Кирил и Методий""",above,interests,15300,BGN
2025,326,СУСВСВКИРИЛИМЕТОДИЙ,"СУ ""Св. Св. Кирил и Методий""",above,scholarships,38080,BGN
2025,326,СУСВСВКИРИЛИМЕТОДИЙ,"СУ ""Св. Св. Кирил и Методий""",count,pupils,340,
2025,326,МГАКАДЕМИККПОПОВ,"МГ ""Академик К.Попов""",formula,field-science,1171794,BGN
2025,326,МГАКАДЕМИККПОПОВ,"МГ ""Академик К.Попов""",formula,field-arts,790733,BGN
2025,326,МГАКАДЕМИККПОПОВ,"МГ ""Академик К.Попов""",formula,reserve,19823,BGN
2025,326,МГАКАДЕМИККПОПОВ,"МГ ""Академик К.Попов""",formula,vocational-classes,350130,BGN
2025,326,МГАКАДЕМИККПОПОВ,"МГ ""Академик К.Попов""",above,facilities,13615,BGN
2025,326,МГАКАДЕМИККПОПОВ,"МГ ""Академик К.Попов""",above,vocational-dual,33454,BGN
2025,326,МГАКАДЕМИККПОПОВ,"МГ ""Академик К.Попов""",above,interests,17505,BGN
2025,326,МГАКАДЕМИККПОПОВ,"МГ ""Академик К.Попов""",above,scholarships,43568,BGN
2025,326,МГАКАДЕМИККПОПОВ,"МГ ""Академик К.Попов""",count,pupils,389,
2025,326,ОБУЙЙОВКОВ,"ОбУ ""Й.Йовков""",formula,field-services,268535,BGN
2025,326,ОБУЙЙОВКОВ,"ОбУ ""Й.Йовков""",formula,reserve,2710,BGN
2025,326,ОБУЙЙОВКОВ,"ОбУ ""Й.Йовков""",formula,vocational-classes,70026,BGN
2025,326,ОБУЙЙОВКОВ,"ОбУ ""Й.Йовков""",formula,individual,9811,BGN
2025,326,ОБУЙЙОВКОВ,"ОбУ ""Й.Йовков""",above,facilities,2240,BGN
2025,326,ОБУЙЙОВКОВ,"ОбУ ""Й.Йовков""",above,vocational-dual,5504,BGN
2025,326,ОБУЙЙОВКОВ,"ОбУ ""Й.Йовков""",above,interests,2880,BGN
2025,326,ОБУЙЙОВКОВ,"ОбУ ""Й.Йовков""",above,scholarships,6500,BGN
2025,326,ОБУЙЙОВКОВ,"ОбУ ""Й.Йовков""",count,pupils,65,
2025,326,СУНВАПЦАРОВ,"СУ ""H.Вапцаров""",formula,field-arts,1368576,BGN
2025,326,СУНВАПЦАРОВ,"СУ ""H.Вапцаров""",formula,reserve,13824,BGN
2025,326,СУНВАПЦАРОВ,"СУ ""H.Вапцаров""",formula,vocational-classes,210078,BGN
2025,326,СУНВАПЦАРОВ,"СУ ""H.Вапцаров""",above,combined-form,8571,BGN
2025,326,СУНВАПЦАРОВ,"СУ ""H.Вапцаров""",above,facilities,7840,BGN
2025,326,СУНВАПЦАРОВ,"СУ ""H.Вапцаров""",above,vocational-dual,19264,BGN
2025,326,СУНВАПЦАРОВ,"СУ ""H.Вапцаров""",above,interests,10080,BGN
2025,326,СУНВАПЦАРОВ,"СУ ""H.Вапцаров""",above,scholarships,25088,BGN
2025,326,СУНВАПЦАРОВ,"СУ ""H.Вапцаров""",count,pupils,225,
2025,326,СУХРГДАНОВ,"СУ ""Хр. Г. Данов""",formula,field-science,642451,BGN
2025,326,СУХРГДАНОВ,"СУ ""Хр. Г. Данов""",formula,reserve,6489,BGN
2025,326,СУХРГДАНОВ,"СУ ""Хр. Г. Данов""",formula,vocational-classes,140052,BGN
2025,326,СУХРГДАНОВ,"СУ ""Хр. Г. Данов""",formula,individual,19622,BGN
2025,326,СУХРГДАНОВ,"СУ ""Хр. Г. Данов""",above,facilities,4935,BGN
2025,326,СУХРГДАНОВ,"СУ ""Хр. Г. Данов""",above,vocational-dual,12126,BGN
2025,326,СУХРГДАНОВ,"СУ ""Хр. Г. Данов""",above,interests,6345,BGN
2025,326,СУХРГДАНОВ,"СУ ""Хр. Г. Данов""",above,scholarships,29116,BGN
2025,326,СУХРГДАНОВ,"СУ ""Хр. Г. Данов""",count,pupils,142,
2025,326,ПГХТТ,ПГХТТ,formula,field-science,3994957,BGN
2025,326,ПГХТТ,ПГХТТ,formula,reserve,40353,BGN
2025,326,ПГХТТ,ПГХТТ,formula,vocational-classes,816970,BGN
2025,326,ПГХТТ,ПГХТТ,formula,institution,82500,BGN
2025,326,ПГХТТ,ПГХТТ,formula,self-study,15764,BGN
2025,326,ПГХТТ,ПГХТТ,above,facilities,30870,BGN
2025,326,ПГХТТ,ПГХТТ,above,vocational-dual,75852,BGN
2025,326,ПГХТТ,ПГХТТ,above,interests,42450,BGN
2025,326,ПГХТТ,ПГХТТ,above,scholarships,237906,BGN
2025,326,ПГХТТ,ПГХТТ,count,pupils,883,
2025,326,СУБРМИЛАДИНОВИ,"СУ ""Бр.Миладинови""",formula,field-business,87366,BGN
2025,326,СУБРМИЛАДИНОВИ,"СУ ""Бр.Миладинови""",formula,reserve,882,BGN
2025,326,СУБРМИЛАДИНОВИ,"СУ ""Бр.Миладинови""",formula,vocational-classes,23342,BGN
2025,326,СУБРМИЛАДИНОВИ,"СУ ""Бр.Миладинови""",above,facilities,840,BGN
2025,326,СУБРМИЛАДИНОВИ,"СУ ""Бр.Миладинови""",above,vocational-dual,2064,BGN
2025,326,СУБРМИЛАДИНОВИ,"СУ ""Бр.Миладинови""",above,interests,1080,BGN
2025,326,СУБРМИЛАДИНОВИ,"СУ ""Бр.Миладинови""",above,scholarships,8688,BGN
2025,326,СУБРМИЛАДИНОВИ,"СУ ""Бр.Миладинови""",count,pupils,24,
2025,326,СУСВКОНСТАНТИН-КИРИЛФИЛОСОФ,"СУ ""Св. Константин-Кирил Философ""",formula,field-science,561013,BGN
2025,326,СУСВКОНСТАНТИН-КИРИЛФИЛОСОФ,"СУ ""Св. Константин-Кирил Философ""",formula,reserve,5667,BGN
2025,326,СУСВКОНСТАНТИН-КИРИЛФИЛОСОФ,"СУ ""Св. Константин-Кирил Философ""",formula,vocational-classes,116710,BGN
2025,326,СУСВКОНСТАНТИН-КИРИЛФИЛОСОФ,"СУ ""Св. Константин-Кирил Философ""",above,facilities,4340,BGN
2025,326,СУСВКОНСТАНТИН-КИРИЛФИЛОСОФ,"СУ ""Св. Константин-Кирил Философ""",above,vocational-dual,10664,BGN
2025,326,СУСВКОНСТАНТИН-КИРИЛФИЛОСОФ,"СУ ""Св. Константин-Кирил Философ""",above,interests,5580,BGN
2025,326,СУСВКОНСТАНТИН-КИРИЛФИЛОСОФ,"СУ ""Св. Константин-Кирил Философ""",above,scholarships,13888,BGN
2025,326,СУСВКОНСТАНТИН-КИРИЛФИЛОСОФ,"СУ ""Св. Константин-Кирил Философ""",count,pupils,124,
2025,326,СУДИМИТЪРМАТЕВСКИ,"СУ ""Димитър Матевски""",formula,field-science,479576,BGN
2025,326,СУДИМИТЪРМАТЕВСКИ,"СУ ""Димитър Матевски""",formula,field-business,287578,BGN
2025,326,СУДИМИТЪРМАТЕВСКИ,"СУ ""Димитър Матевски""",formula,reserve,7749,BGN
2025,326,СУДИМИТЪРМАТЕВСКИ,"СУ ""Димитър Матевски""",formula,vocational-classes,163394,BGN
2025,326,СУДИМИТЪРМАТЕВСКИ,"СУ ""Димитър Матевски""",formula,individual,9811,BGN
2025,326,СУДИМИТЪРМАТЕВСКИ,"СУ ""Димитър Матевски""",above,facilities,6475,BGN
2025,326,СУДИМИТЪРМАТЕВСКИ,"СУ ""Димитър Матевски""",above,vocational-dual,15910,BGN
2025,326,СУДИМИТЪРМАТЕВСКИ,"СУ ""Димитър Матевски""",above,interests,8325,BGN
2025,326,СУДИМИТЪРМАТЕВСКИ,"СУ ""Димитър Матевски""",above,scholarships,19884,BGN
2025,326,СУДИМИТЪРМАТЕВСКИ,"СУ ""Димитър Матевски""",count,pupils,185,
2025,326,СУСВСЕДМОЧИСЛЕНИЦИ,"СУ ""Св. Седмочисленици""",formula,field-science,230739,BGN
2025,326,СУСВСЕДМОЧИСЛЕНИЦИ,"СУ ""Св. Седмочисленици""",formula,reserve,2331,BGN
2025,326,СУСВСЕДМОЧИСЛЕНИЦИ,"СУ ""Св. Седмочисленици""",formula,vocational-classes,46684,BGN
2025,326,СУСВСЕДМОЧИСЛЕНИЦИ,"СУ ""Св. Седмочисленици""",above,facilities,1785,BGN
2025,326,СУСВСЕДМОЧИСЛЕНИЦИ,"СУ ""Св. Седмочисленици""",above,vocational-dual,4386,BGN
2025,326,СУСВСЕДМОЧИСЛЕНИЦИ,"СУ ""Св. Седмочисленици""",above,interests,2295,BGN
2025,326,СУСВСЕДМОЧИСЛЕНИЦИ,"СУ ""Св. Седмочисленици""",above,scholarships,5712,BGN
2025,326,СУСВСЕДМОЧИСЛЕНИЦИ,"СУ ""Св. Седмочисленици""",count,pupils,51,
2025,326,СУСВСОФРОНИЙВРАЧАНСКИ,"СУ ""Св. Софроний Врачански""",formula,field-science,1022492,BGN
2025,326,СУСВСОФРОНИЙВРАЧАНСКИ,"СУ ""Св. Софроний Врачански""",formula,reserve,10328,BGN
2025,326,СУСВСОФРОНИЙВРАЧАНСКИ,"СУ ""Св. Софроний Врачански""",formula,vocational-classes,210078,BGN
2025,326,СУСВСОФРОНИЙВРАЧАНСКИ,"СУ ""Св. Софроний Врачански""",above,facilities,7910,BGN
2025,326,СУСВСОФРОНИЙВРАЧАНСКИ,"СУ ""Св. Софроний Врачански""",above,vocational-dual,19436,BGN
2025,326,СУСВСОФРОНИЙВРАЧАНСКИ,"СУ ""Св. Софроний Врачански""",above,interests,10170,BGN
2025,326,СУСВСОФРОНИЙВРАЧАНСКИ,"СУ ""Св. Софроний Врачански""",above,scholarships,25312,BGN
2025,326,СУСВСОФРОНИЙВРАЧАНСКИ,"СУ ""Св. Софроний Врачански""",count,pupils,226,
2025,326,СУЧЕРНОРИЗЕЦХРАБЪР,"СУ ""Черноризец Храбър""",formula,field-arts,632586,BGN
2025,326,СУЧЕРНОРИЗЕЦХРАБЪР,"СУ ""Черноризец Храбър""",formula,field-business,280298,BGN
2025,326,СУЧЕРНОРИЗЕЦХРАБЪР,"СУ ""Черноризец Храбър""",formula,reserve,9221,BGN
2025,326,СУЧЕРНОРИЗЕЦХРАБЪР,"СУ ""Черноризец Храбър""",formula,vocational-classes,163394,BGN
2025,326,СУЧЕРНОРИЗЕЦХРАБЪР,"СУ ""Черноризец Храбър""",formula,individual,19622,BGN
2025,326,СУЧЕРНОРИЗЕЦХРАБЪР,"СУ ""Черноризец Храбър""",above,combined-form,2857,BGN
2025,326,СУЧЕРНОРИЗЕЦХРАБЪР,"СУ ""Черноризец Храбър""",above,facilities,6335,BGN
2025,326,СУЧЕРНОРИЗЕЦХРАБЪР,"СУ ""Черноризец Храбър""",above,vocational-dual,15566,BGN
2025,326,СУЧЕРНОРИЗЕЦХРАБЪР,"СУ ""Черноризец Храбър""",above,interests,8145,BGN
2025,326,СУЧЕРНОРИЗЕЦХРАБЪР,"СУ ""Черноризец Храбър""",above,scholarships,40158,BGN
2025,326,СУЧЕРНОРИЗЕЦХРАБЪР,"СУ ""Черноризец Храбър""",count,pupils,181,
2025,332,ЕГПЛОВДИВ,"ЕГ ""Пловдив""",formula,pupils,1066114,BGN
2025,332,ЕГПЛОВДИВ,"ЕГ ""Пловдив""",formula,dormitory-groups,254232,BGN
2025,332,ЕГПЛОВДИВ,"ЕГ ""Пловдив""",count,pupils,281,
2025,338,ДГБУРАТИНО,"ДГ ""Буратино""",formula,inclusive,1934,BGN
2025,338,ДГЗОРА,"ДГ ""Зора""",formula,inclusive,967,BGN
2025,338,ДГКАМЕНИЦА,"ДГ ""Каменица""",formula,inclusive,9670,BGN
2025,338,ДГМАЙЧИНАГРИЖА,"ДГ ""Майчина грижа""",formula,inclusive,2901,BGN
2025,338,ДГМАЛКИЯТПРИНЦ,"ДГ ""Малкият принц""",formula,inclusive,1934,BGN
2025,338,ДГНЕЗАБРАВКА,"ДГ ""Незабравка""",formula,inclusive,1934,BGN
2025,338,ДГПЕРУНИКА,"ДГ ""Перуника""",formula,inclusive,4835,BGN
2025,338,ДГПЕРУНИКА,"ДГ ""Перуника""",formula,resource-support,35955,BGN
2025,338,ДГРАДОСТ,"ДГ ""Радост""",formula,inclusive,3868,BGN
2025,338,ДГСНЕЖАНКА,"ДГ ""Снежанка""",formula,inclusive,5802,BGN
2025,338,ДГСНЕЖАНКА,"ДГ ""Снежанка""",formula,resource-support,43146,BGN
2025,338,ДГЧУЧУЛИГА,"ДГ ""Чучулига""",formula,inclusive,3868,BGN
2025,338,ОУАЛЕКОКОНСТАНТИНОВ,"ОУ ""Алеко Константинов""",formula,inclusive,1934,BGN
2025,338,ОУГЕОМИЛЕВ,"ОУ ""Гео Милев""",formula,inclusive,14505,BGN
2025,338,ОУГЕОМИЛЕВ,"ОУ ""Гео Милев""",formula,resource-support,107865,BGN
2025,338,ОУД-РПЕТЪРБЕРОН,"ОУ ""Д-р Петър Берон""",formula,inclusive,18373,BGN
2025,338,ОУД-РПЕТЪРБЕРОН,"ОУ ""Д-р Петър Берон""",formula,resource-support,86292,BGN
2025,338,ОУДУШОХАДЖИДЕКОВ,"ОУ ""Душо Хаджидеков""",formula,inclusive,2901,BGN
2025,338,ОУЕКЗАРХАНТИМІ,"ОУ ""Екзарх Антим І""",formula,inclusive,6769,BGN
2025,338,ОУКОЧОЧЕСТЕМЕНСКИ,"ОУ ""Кочо Честеменски""",formula,inclusive,5802,BGN
2025,338,СУЛЮБЕНКАРАВЕЛОВ,"СУ ""Любен Каравелов""",formula,inclusive,13538,BGN
2025,338,СУЛЮБЕНКАРАВЕЛОВ,"СУ ""Любен Каравелов""",formula,resource-support,100674,BGN
2025,338,ОУКНЯЗАЛЕКСАНДЪРI,"ОУ ""Княз Александър I""",formula,inclusive,1934,BGN
2025,338,ХГСВСВКИРИЛИМЕТОДИЙ,"ХГ  ""Св. Св. Кирил и Методий""",formula,inclusive,1934,BGN
2025,338,СУСВПАИСИЙХИЛЕНДАРСКИ,"СУ "" Св. Паисий Хилендарски""",formula,inclusive,16439,BGN
2025,338,СУСВПАИСИЙХИЛЕНДАРСКИ,"СУ "" Св. Паисий Хилендарски""",formula,resource-support,122247,BGN
2025,338,СУСВКЛИМЕНТОХРИДСКИ,"СУ ""Свети Климент Охридски""",formula,inclusive,10637,BGN
2025,338,СУСВКЛИМЕНТОХРИДСКИ,"СУ ""Свети Климент Охридски""",formula,resource-support,79101,BGN
2025,338,СУСВПАТРИАРХЕВТИМИЙ,"СУ "" Св. Патриарх Евтимий""",formula,inclusive,967,BGN
2025,338,СУЦАРСИМЕОНВЕЛИКИ,"СУ ""Цар Симеон Велики""",formula,inclusive,13538,BGN
2025,338,СУЦАРСИМЕОНВЕЛИКИ,"СУ ""Цар Симеон Велики""",formula,resource-support,86292,BGN
2025,338,ПГВАДХРИСТОБОТЕВ,"ПГВАД ""Христо Ботев""",formula,inclusive,1934,BGN
2025,338,ДГЩАСТЛИВОДЕТСТВО,"ДГ ""Щастливо детство""",formula,inclusive,11604,BGN
2025,338,ДГЩАСТЛИВОДЕТСТВО,"ДГ ""Щастливо детство""",formula,resource-support,86292,BGN
2025,338,ДГДЕТЕЛИНА,"ДГ ""Детелина""",formula,inclusive,967,BGN
2025,338,ДГБИЛЯНА,"ДГ ""Биляна""",formula,inclusive,7736,BGN
2025,338,ДГМАРГАРИТКА,"ДГ ""Маргаритка""",formula,inclusive,967,BGN
2025,338,ДГНАТАЛИЯ,"ДГ ""Наталия""",formula,inclusive,3868,BGN
2025,338,ДГЧАЙКА,"ДГ ""Чайка""",formula,inclusive,7736,BGN
2025,338,НУКИРИЛНЕКТАРИЕВ,"НУ ""Кирил Нектариев""",formula,inclusive,1934,BGN
2025,338,НУПЕТКОРАЧОВСЛАВЕЙКОВ,"НУ ""Петко Рачов Славейков""",formula,inclusive,2901,BGN
2025,338,ОУВАСИЛЛЕВСКИ,"ОУ ""Васил Левски""",formula,inclusive,10637,BGN
2025,338,ОУВАСИЛЛЕВСКИ,"ОУ ""Васил Левски""",formula,resource-support,79101,BGN
2025,338,ОУДИМЧОДЕБЕЛЯНОВ,"ОУ ""Димчо Дебелянов""",formula,inclusive,23208,BGN
2025,338,ОУДИМЧОДЕБЕЛЯНОВ,"ОУ ""Димчо Дебелянов""",formula,resource-support,172584,BGN
2025,338,ОБУПЕНЧОСЛАВЕЙКОВ,"ОбУ ""Пенчо Славейков""",formula,inclusive,13538,BGN
2025,338,ОБУПЕНЧОСЛАВЕЙКОВ,"ОбУ ""Пенчо Славейков""",formula,resource-support,100674,BGN
2025,338,СУНГЕРОВ,"СУ ""Найден Геров""",formula,inclusive,19340,BGN
2025,338,СУНГЕРОВ,"СУ ""Найден Геров""",formula,resource-support,143820,BGN
2025,338,СУСБОЛИВАР,"СУ ""Симон Боливар""",formula,inclusive,11604,BGN
2025,338,СУСБОЛИВАР,"СУ ""Симон Боливар""",formula,resource-support,79101,BGN
2025,338,ДГБОРЯНА,"ДГ ""Боряна""",formula,inclusive,1934,BGN
2025,338,ДГДРУЖБА,"ДГ ""Дружба""",formula,inclusive,4835,BGN
2025,338,ДГЕЛИЦА,"ДГ ""Елица""",formula,inclusive,7736,BGN
2025,338,ДГМИР,"ДГ ""Мир""",formula,inclusive,5802,BGN
2025,338,ДГСВЕТЛА,"ДГ ""Светла""",formula,inclusive,3868,BGN
2025,338,ДГРАЯ,"ДГ ""Рая""",formula,inclusive,1934,BGN
2025,338,ОУВАСИЛПЕТЛЕШКОВ,"ОУ ""Васил Петлешков""",formula,inclusive,9670,BGN
2025,338,ОУДРАГАНМАНЧОВ,"ОУ ""Драган Манчов""",formula,inclusive,6769,BGN
2025,338,ОУДРАГАНМАНЧОВ,"ОУ ""Драган Манчов""",formula,resource-support,50337,BGN
2025,338,ОУЕЛИНПЕЛИН,"ОУ ""Елин Пелин""",formula,inclusive,10637,BGN
2025,338,ОУЕЛИНПЕЛИН,"ОУ ""Елин Пелин""",formula,resource-support,79101,BGN
2025,338,ОУТОДОРКАБЛЕШКОВ,"ОУ ""Тодор Каблешков""",formula,inclusive,4835,BGN
2025,338,СУСВСВКИРИЛИМЕТОДИЙ,"СУ ""Свети Свети Кирил и Методий""",formula,inclusive,5802,BGN
2025,338,СУСВСВКИРИЛИМЕТОДИЙ,"СУ ""Свети Свети Кирил и Методий""",formula,resource-support,43146,BGN
2025,338,ДГКОСМОНАВТ,"ДГ ""Космонавт""",formula,inclusive,4835,BGN
2025,338,ДГСЛАВЕЙ,"ДГ ""Славей""",formula,inclusive,1934,BGN
2025,338,ДГБРЕЗА,"ДГ ""Бреза""",formula,inclusive,3868,BGN
2025,338,ДГВЕСЕЛА,"ДГ ""Весела""",formula,inclusive,3868,BGN
2025,338,ДГДЪГА,"ДГ ""Дъга""",formula,inclusive,8703,BGN
2025,338,ДГЗАХАРНОПЕТЛЕ,"ДГ ""Захарно петле""",formula,inclusive,7736,BGN
2025,338,НУХРИСТОБОТЕВ,"НУ ""Христо Ботев""",formula,inclusive,11604,BGN
2025,338,ОУДИМИТЪРДИМОВ,"ОУ ""Димитър Димов""",formula,inclusive,11604,BGN
2025,338,ОБУЙОРДАНЙОВКОВ,"ОбУ ""Йордан Йовков""",formula,inclusive,20307,BGN
2025,338,ОБУЙОРДАНЙОВКОВ,"ОбУ ""Йордан Йовков""",formula,resource-support,151011,BGN
2025,338,ОУПАНАЙОТВОЛОВ,"ОУ ""Панайот Волов""",formula,inclusive,2901,BGN
2025,338,ОУРАЙНАКНЯГИНЯ,"ОУ ""Райна Княгиня""",formula,inclusive,15472,BGN
2025,338,ОУРАЙНАКНЯГИНЯ,"ОУ ""Райна Княгиня""",formula,resource-support,115056,BGN
2025,338,СУНИКОЛАВАПЦАРОВ,"СУ ""Никола Вапцаров""",formula,inclusive,15472,BGN
2025,338,СУПЕЙОКРАЧОЛОВЯВОРОВ,"СУ ""Пейо Крачолов Яворов""",formula,inclusive,23208,BGN
2025,338,СУПЕЙОКРАЧОЛОВЯВОРОВ,"СУ ""Пейо Крачолов Яворов""",formula,resource-support,93483,BGN
2025,338,СУХРИСТОГРУЕВДАНОВ,"СУ ""Христо Груев Данов""",formula,inclusive,28043,BGN
2025,338,СУХРИСТОГРУЕВДАНОВ,"СУ ""Христо Груев Данов""",formula,resource-support,208539,BGN
2025,338,ДГРАЛИЦА,"ДГ ""Ралица""",formula,inclusive,6769,BGN
2025,338,ДГАЛБЕНА,"ДГ ""Албена""",formula,inclusive,5802,BGN
2025,338,ДГВАЛЕНТИНА,"ДГ ""Валентина""",formula,inclusive,5802,BGN
2025,338,ДГВЯРА,"ДГ ""Вяра""",formula,inclusive,5802,BGN
2025,338,ДГЗДРАВЕЦ,"ДГ ""Здравец""",formula,inclusive,1934,BGN
2025,338,ДГЗОРНИЦА,"ДГ ""Зорница""",formula,inclusive,2901,BGN
2025,338,ДГМАЛИНА,"ДГ ""Малина""",formula,inclusive,3868,BGN
2025,338,ДГМАЯ,"ДГ ""Мая""",formula,inclusive,1934,BGN
2025,338,ДГОСМИМАРТ,"ДГ ""Осми март""",formula,inclusive,7736,BGN
2025,338,ДГСВЕТЛИНА,"ДГ ""Светлина""",formula,inclusive,5802,BGN
2025,338,СУБРАТЯМИЛАДИНОВИ,"СУ ""Братя Миладинови""",formula,inclusive,33845,BGN
2025,338,СУБРАТЯМИЛАДИНОВИ,"СУ ""Братя Миладинови""",formula,resource-support,251685,BGN
2025,338,ОУДИМИТЪРТАЛЕВ,"ОУ ""Димитър Талев""",formula,inclusive,14505,BGN
2025,338,ОУДИМИТЪРТАЛЕВ,"ОУ ""Димитър Талев""",formula,resource-support,107865,BGN
2025,338,ОУЗАХАРИСТОЯНОВ,"ОУ ""Захари Стоянов""",formula,inclusive,13538,BGN
2025,338,ОУЗАХАРИСТОЯНОВ,"ОУ ""Захари Стоянов""",formula,resource-support,100674,BGN
2025,338,ОУСТОЯНМИХАЙЛОВСКИ,"ОУ ""Стоян  Михайловски""",formula,inclusive,10637,BGN
2025,338,ОУСТОЯНМИХАЙЛОВСКИ,"ОУ ""Стоян  Михайловски""",formula,resource-support,79101,BGN
2025,338,ОУЯНЕСАНДАНСКИ,"ОУ ""Яне Сандански""",formula,inclusive,19340,BGN
2025,338,ОУЯНЕСАНДАНСКИ,"ОУ ""Яне Сандански""",formula,resource-support,143820,BGN
2025,338,СУКОНСТАНТИНВЕЛИЧКОВ,"СУ ""Константин  Величков""",formula,inclusive,14505,BGN
2025,338,СУКОНСТАНТИНВЕЛИЧКОВ,"СУ ""Константин  Величков""",formula,resource-support,107865,BGN
2025,338,СУСВКОНСТАНТИН-КИРИЛФИЛОСОФ,"СУ ""Свети Константин - Кирил Философ""",formula,inclusive,20307,BGN
2025,338,СУСВКОНСТАНТИН-КИРИЛФИЛОСОФ,"СУ ""Свети Константин - Кирил Философ""",formula,resource-support,151011,BGN
2025,338,ДГД-РЕДГАРБОРОУ,"ДГ ""Д-р Едгар Бороу""",formula,inclusive,6769,BGN
2025,338,ДГВЕЛИМИРА,"ДГ ""Велимира""",formula,inclusive,1934,BGN
2025,338,ДГДЕСИСЛАВА,"ДГ ""Десислава""",formula,inclusive,6769,BGN
2025,338,ДГЕДЕЛВАЙС,"ДГ ""Еделвайс""",formula,inclusive,3868,BGN
2025,338,ДГКРЕМЕНА,"ДГ ""Кремена""",formula,inclusive,12571,BGN
2025,338,ДГКРЕМЕНА,"ДГ ""Кремена""",formula,resource-support,93483,BGN
2025,338,ДГСЛЪНЦЕ,"ДГ ""Слънце""",formula,inclusive,5802,BGN
2025,338,ДГТАНЯСАВИЧЕВА,"ДГ ""Таня Савичева""",formula,inclusive,6769,BGN
2025,338,ДГЧЕРВЕНАТАШАПЧИЦА,"ДГ ""Червената шапчица""",formula,inclusive,6769,BGN
2025,338,СУДИМИТЪРМАТЕВСКИ,"СУ ""Димитър Матевски""",formula,inclusive,20307,BGN
2025,338,СУДИМИТЪРМАТЕВСКИ,"СУ ""Димитър Матевски""",formula,resource-support,151011,BGN
2025,338,СУСВСЕДМОЧИСЛЕНИЦИ,"СУ ""Свети  Седмочисленици""",formula,inclusive,24175,BGN
2025,338,СУСВСЕДМОЧИСЛЕНИЦИ,"СУ ""Свети  Седмочисленици""",formula,resource-support,179775,BGN
2025,338,СУСВСОФРОНИЙВРАЧАНСКИ,"СУ ""Свети Софроний Врачански""",formula,inclusive,28043,BGN
2025,338,СУСВСОФРОНИЙВРАЧАНСКИ,"СУ ""Свети Софроний Врачански""",formula,resource-support,208539,BGN
2025,338,СУЧЕРНОРИЗЕЦХРАБЪР,"СУ ""Черноризец Храбър""",formula,inclusive,15472,BGN
2025,338,СУЧЕРНОРИЗЕЦХРАБЪР,"СУ ""Черноризец Храбър""",formula,resource-support,115056,BGN
2026,311,ДГБУРАТИНО,"ДГ ""Буратино""",formula,children-2-3,148695,EUR
2026,311,ДГБУРАТИНО,"ДГ ""Буратино""",formula,children-4-6,415920,EUR
2026,311,ДГБУРАТИНО,"ДГ ""Буратино""",formula,groups,46743,EUR
2026,311,ДГБУРАТИНО,"ДГ ""Буратино""",formula,institution,28614,EUR
2026,311,ДГБУРАТИНО,"ДГ ""Буратино""",formula,reserve,5673,EUR
2026,311,ДГБУРАТИНО,"ДГ ""Буратино""",above,fees-compensation,120006,EUR
2026,311,ДГБУРАТИНО,"ДГ ""Буратино""",count,pupils,205,
2026,311,ДГЗОРА,"ДГ ""Зора""",formula,nursery-children,39558,EUR
2026,311,ДГЗОРА,"ДГ ""Зора""",formula,children-2-3,148695,EUR
2026,311,ДГЗОРА,"ДГ ""Зора""",formula,children-4-6,508659,EUR
2026,311,ДГЗОРА,"ДГ ""Зора""",formula,groups,66776,EUR
2026,311,ДГЗОРА,"ДГ ""Зора""",formula,institution,28614,EUR
2026,311,ДГЗОРА,"ДГ ""Зора""",formula,reserve,7024,EUR
2026,311,ДГЗОРА,"ДГ ""Зора""",above,fees-compensation,155130,EUR
2026,311,ДГЗОРА,"ДГ ""Зора""",count,pupils,238,
2026,311,ДГКАМЕНИЦА,"ДГ ""Каменица""",formula,children-2-3,255652,EUR
2026,311,ДГКАМЕНИЦА,"ДГ ""Каменица""",formula,children-4-6,753152,EUR
2026,311,ДГКАМЕНИЦА,"ДГ ""Каменица""",formula,groups,93486,EUR
2026,311,ДГКАМЕНИЦА,"ДГ ""Каменица""",formula,institution,28614,EUR
2026,311,ДГКАМЕНИЦА,"ДГ ""Каменица""",formula,adapted-buildings,5412,EUR
2026,311,ДГКАМЕНИЦА,"ДГ ""Каменица""",formula,reserve,10026,EUR
2026,311,ДГКАМЕНИЦА,"ДГ ""Каменица""",above,fees-compensation,214256,EUR
2026,311,ДГКАМЕНИЦА,"ДГ ""Каменица""",count,pupils,366,
2026,311,ДГМАЙЧИНАГРИЖА,"ДГ ""Майчина грижа""",formula,children-2-3,114782,EUR
2026,311,ДГМАЙЧИНАГРИЖА,"ДГ ""Майчина грижа""",formula,children-4-6,463695,EUR
2026,311,ДГМАЙЧИНАГРИЖА,"ДГ ""Майчина грижа""",formula,groups,60098,EUR
2026,311,ДГМАЙЧИНАГРИЖА,"ДГ ""Майчина грижа""",formula,institution,28614,EUR
2026,311,ДГМАЙЧИНАГРИЖА,"ДГ ""Майчина грижа""",formula,adapted-buildings,27588,EUR
2026,311,ДГМАЙЧИНАГРИЖА,"ДГ ""Майчина грижа""",formula,reserve,5915,EUR
2026,311,ДГМАЙЧИНАГРИЖА,"ДГ ""Майчина грижа""",above,fees-compensation,122348,EUR
2026,311,ДГМАЙЧИНАГРИЖА,"ДГ ""Майчина грижа""",count,pupils,209,
2026,311,ДГМАЛКИЯТПРИНЦ,"ДГ ""Малкият  принц""",formula,children-2-3,159130,EUR
2026,311,ДГМАЛКИЯТПРИНЦ,"ДГ ""Малкият  принц""",formula,children-4-6,505849,EUR
2026,311,ДГМАЛКИЯТПРИНЦ,"ДГ ""Малкият  принц""",formula,groups,53421,EUR
2026,311,ДГМАЛКИЯТПРИНЦ,"ДГ ""Малкият  принц""",formula,institution,28614,EUR
2026,311,ДГМАЛКИЯТПРИНЦ,"ДГ ""Малкият  принц""",formula,pool,13740,EUR
2026,311,ДГМАЛКИЯТПРИНЦ,"ДГ ""Малкият  принц""",formula,reserve,6623,EUR
2026,311,ДГМАЛКИЯТПРИНЦ,"ДГ ""Малкият  принц""",above,meals-preschool,29527,EUR
2026,311,ДГМАЛКИЯТПРИНЦ,"ДГ ""Малкият  принц""",above,fees-compensation,141081,EUR
2026,311,ДГМАЛКИЯТПРИНЦ,"ДГ ""Малкият  принц""",count,pupils,241,
2026,311,ДГМИРОСЛАВА,"ДГ ""Мирослава""",formula,children-2-3,75652,EUR
2026,311,ДГМИРОСЛАВА,"ДГ ""Мирослава""",formula,children-4-6,415920,EUR
2026,311,ДГМИРОСЛАВА,"ДГ ""Мирослава""",formula,groups,40066,EUR
2026,311,ДГМИРОСЛАВА,"ДГ ""Мирослава""",formula,institution,28614,EUR
2026,311,ДГМИРОСЛАВА,"ДГ ""Мирослава""",formula,pool,13740,EUR
2026,311,ДГМИРОСЛАВА,"ДГ ""Мирослава""",formula,reserve,4967,EUR
2026,311,ДГМИРОСЛАВА,"ДГ ""Мирослава""",above,meals-preschool,24278,EUR
2026,311,ДГМИРОСЛАВА,"ДГ ""Мирослава""",above,fees-compensation,103615,EUR
2026,311,ДГМИРОСЛАВА,"ДГ ""Мирослава""",count,pupils,177,
2026,311,ДГНЕЗАБРАВКА,"ДГ ""Незабравка""",formula,children-2-3,86087,EUR
2026,311,ДГНЕЗАБРАВКА,"ДГ ""Незабравка""",formula,children-4-6,272596,EUR
2026,311,ДГНЕЗАБРАВКА,"ДГ ""Незабравка""",formula,groups,33388,EUR
2026,311,ДГНЕЗАБРАВКА,"ДГ ""Незабравка""",formula,institution,28614,EUR
2026,311,ДГНЕЗАБРАВКА,"ДГ ""Незабравка""",formula,reserve,3729,EUR
2026,311,ДГНЕЗАБРАВКА,"ДГ ""Незабравка""",above,fees-compensation,76102,EUR
2026,311,ДГНЕЗАБРАВКА,"ДГ ""Незабравка""",count,pupils,130,
2026,311,ДГПЕРУНИКА,"ДГ ""Перуника""",formula,children-2-3,86087,EUR
2026,311,ДГПЕРУНИКА,"ДГ ""Перуника""",formula,children-4-6,401869,EUR
2026,311,ДГПЕРУНИКА,"ДГ ""Перуника""",formula,groups,40066,EUR
2026,311,ДГПЕРУНИКА,"ДГ ""Перуника""",formula,institution,28614,EUR
2026,311,ДГПЕРУНИКА,"ДГ ""Перуника""",formula,pool,13740,EUR
2026,311,ДГПЕРУНИКА,"ДГ ""Перуника""",formula,reserve,4934,EUR
2026,311,ДГПЕРУНИКА,"ДГ ""Перуника""",above,fees-compensation,103030,EUR
2026,311,ДГПЕРУНИКА,"ДГ ""Перуника""",count,pupils,176,
2026,311,ДГРАДОСТ,"ДГ ""Радост""",formula,children-2-3,73043,EUR
2026,311,ДГРАДОСТ,"ДГ ""Радост""",formula,children-4-6,238873,EUR
2026,311,ДГРАДОСТ,"ДГ ""Радост""",formula,groups,26710,EUR
2026,311,ДГРАДОСТ,"ДГ ""Радост""",formula,institution,28614,EUR
2026,311,ДГРАДОСТ,"ДГ ""Радост""",formula,reserve,3256,EUR
2026,311,ДГРАДОСТ,"ДГ ""Радост""",above,fees-compensation,66150,EUR
2026,311,ДГРАДОСТ,"ДГ ""Радост""",count,pupils,113,
2026,311,ДГСНЕЖАНКА,"ДГ ""Снежанка""",formula,children-2-3,75652,EUR
2026,311,ДГСНЕЖАНКА,"ДГ ""Снежанка""",formula,children-4-6,401869,EUR
2026,311,ДГСНЕЖАНКА,"ДГ ""Снежанка""",formula,groups,40066,EUR
2026,311,ДГСНЕЖАНКА,"ДГ ""Снежанка""",formula,institution,28614,EUR
2026,311,ДГСНЕЖАНКА,"ДГ ""Снежанка""",formula,reserve,4842,EUR
2026,311,ДГСНЕЖАНКА,"ДГ ""Снежанка""",above,fees-compensation,100688,EUR
2026,311,ДГСНЕЖАНКА,"ДГ ""Снежанка""",count,pupils,172,
2026,311,ДГЧУЧУЛИГА,"ДГ ""Чучулига""",formula,children-2-3,151304,EUR
2026,311,ДГЧУЧУЛИГА,"ДГ ""Чучулига""",formula,children-4-6,345663,EUR
2026,311,ДГЧУЧУЛИГА,"ДГ ""Чучулига""",formula,groups,40066,EUR
2026,311,ДГЧУЧУЛИГА,"ДГ ""Чучулига""",formula,institution,28614,EUR
2026,311,ДГЧУЧУЛИГА,"ДГ ""Чучулига""",formula,reserve,5015,EUR
2026,311,ДГЧУЧУЛИГА,"ДГ ""Чучулига""",above,fees-compensation,105957,EUR
2026,311,ДГЧУЧУЛИГА,"ДГ ""Чучулига""",count,pupils,181,
2026,311,ДГЩАСТЛИВОДЕТСТВО,"ДГ ""Щастливо детство""",formula,nursery-children,71791,EUR
2026,311,ДГЩАСТЛИВОДЕТСТВО,"ДГ ""Щастливо детство""",formula,children-2-3,70435,EUR
2026,311,ДГЩАСТЛИВОДЕТСТВО,"ДГ ""Щастливо детство""",formula,children-4-6,250114,EUR
2026,311,ДГЩАСТЛИВОДЕТСТВО,"ДГ ""Щастливо детство""",formula,groups,40066,EUR
2026,311,ДГЩАСТЛИВОДЕТСТВО,"ДГ ""Щастливо детство""",formula,institution,28614,EUR
2026,311,ДГЩАСТЛИВОДЕТСТВО,"ДГ ""Щастливо детство""",formula,reserve,4088,EUR
2026,311,ДГЩАСТЛИВОДЕТСТВО,"ДГ ""Щастливо детство""",above,fees-compensation,96591,EUR
2026,311,ДГЩАСТЛИВОДЕТСТВО,"ДГ ""Щастливо детство""",count,pupils,116,
2026,311,ДГБИЛЯНА,"ДГ ""Биляна""",formula,children-2-3,80870,EUR
2026,311,ДГБИЛЯНА,"ДГ ""Биляна""",formula,children-4-6,261355,EUR
2026,311,ДГБИЛЯНА,"ДГ ""Биляна""",formula,groups,33388,EUR
2026,311,ДГБИЛЯНА,"ДГ ""Биляна""",formula,institution,28614,EUR
2026,311,ДГБИЛЯНА,"ДГ ""Биляна""",formula,reserve,3584,EUR
2026,311,ДГБИЛЯНА,"ДГ ""Биляна""",above,fees-compensation,72589,EUR
2026,311,ДГБИЛЯНА,"ДГ ""Биляна""",count,pupils,124,
2026,311,ДГДЕТЕЛИНА,"ДГ ""Детелина""",formula,children-2-3,73043,EUR
2026,311,ДГДЕТЕЛИНА,"ДГ ""Детелина""",formula,children-4-6,233252,EUR
2026,311,ДГДЕТЕЛИНА,"ДГ ""Детелина""",formula,groups,26710,EUR
2026,311,ДГДЕТЕЛИНА,"ДГ ""Детелина""",formula,institution,28614,EUR
2026,311,ДГДЕТЕЛИНА,"ДГ ""Детелина""",formula,reserve,3207,EUR
2026,311,ДГДЕТЕЛИНА,"ДГ ""Детелина""",above,fees-compensation,64979,EUR
2026,311,ДГДЕТЕЛИНА,"ДГ ""Детелина""",count,pupils,111,
2026,311,ДГЛИЛИЯ,"ДГ ""Лилия""",formula,children-2-3,99130,EUR
2026,311,ДГЛИЛИЯ,"ДГ ""Лилия""",formula,children-4-6,297889,EUR
2026,311,ДГЛИЛИЯ,"ДГ ""Лилия""",formula,groups,33388,EUR
2026,311,ДГЛИЛИЯ,"ДГ ""Лилия""",formula,institution,28614,EUR
2026,311,ДГЛИЛИЯ,"ДГ ""Лилия""",formula,reserve,4069,EUR
2026,311,ДГЛИЛИЯ,"ДГ ""Лилия""",above,fees-compensation,84297,EUR
2026,311,ДГЛИЛИЯ,"ДГ ""Лилия""",count,pupils,144,
2026,311,ДГМАРГАРИТКА,"ДГ ""Маргаритка""",formula,children-2-3,93913,EUR
2026,311,ДГМАРГАРИТКА,"ДГ ""Маргаритка""",formula,children-4-6,480556,EUR
2026,311,ДГМАРГАРИТКА,"ДГ ""Маргаритка""",formula,groups,46743,EUR
2026,311,ДГМАРГАРИТКА,"ДГ ""Маргаритка""",formula,institution,28614,EUR
2026,311,ДГМАРГАРИТКА,"ДГ ""Маргаритка""",formula,reserve,5761,EUR
2026,311,ДГМАРГАРИТКА,"ДГ ""Маргаритка""",above,fees-compensation,121177,EUR
2026,311,ДГМАРГАРИТКА,"ДГ ""Маргаритка""",count,pupils,207,
2026,311,ДГНАТАЛИЯ,"ДГ ""Наталия""",formula,children-2-3,46957,EUR
2026,311,ДГНАТАЛИЯ,"ДГ ""Наталия""",formula,children-4-6,317561,EUR
2026,311,ДГНАТАЛИЯ,"ДГ ""Наталия""",formula,groups,33388,EUR
2026,311,ДГНАТАЛИЯ,"ДГ ""Наталия""",formula,institution,28614,EUR
2026,311,ДГНАТАЛИЯ,"ДГ ""Наталия""",formula,reserve,3781,EUR
2026,311,ДГНАТАЛИЯ,"ДГ ""Наталия""",above,meals-preschool,18372,EUR
2026,311,ДГНАТАЛИЯ,"ДГ ""Наталия""",above,fees-compensation,76687,EUR
2026,311,ДГНАТАЛИЯ,"ДГ ""Наталия""",count,pupils,131,
2026,311,ДГРОДИНА,"ДГ ""Родина""",formula,children-2-3,91304,EUR
2026,311,ДГРОДИНА,"ДГ ""Родина""",formula,children-4-6,205150,EUR
2026,311,ДГРОДИНА,"ДГ ""Родина""",formula,groups,26710,EUR
2026,311,ДГРОДИНА,"ДГ ""Родина""",formula,institution,28614,EUR
2026,311,ДГРОДИНА,"ДГ ""Родина""",formula,reserve,3119,EUR
2026,311,ДГРОДИНА,"ДГ ""Родина""",above,fees-compensation,63223,EUR
2026,311,ДГРОДИНА,"ДГ ""Родина""",count,pupils,108,
2026,311,ДГЧАЙКА,"ДГ ""Чайка""",formula,children-2-3,208695,EUR
2026,311,ДГЧАЙКА,"ДГ ""Чайка""",formula,children-4-6,668844,EUR
2026,311,ДГЧАЙКА,"ДГ ""Чайка""",formula,groups,80131,EUR
2026,311,ДГЧАЙКА,"ДГ ""Чайка""",formula,institution,28614,EUR
2026,311,ДГЧАЙКА,"ДГ ""Чайка""",formula,pool,27480,EUR
2026,311,ДГЧАЙКА,"ДГ ""Чайка""",formula,reserve,8743,EUR
2026,311,ДГЧАЙКА,"ДГ ""Чайка""",above,fees-compensation,186156,EUR
2026,311,ДГЧАЙКА,"ДГ ""Чайка""",count,pupils,318,
2026,311,ДГБОРЯНА,"ДГ ""Боряна""",formula,nursery-children,38093,EUR
2026,311,ДГБОРЯНА,"ДГ ""Боряна""",formula,children-2-3,153913,EUR
2026,311,ДГБОРЯНА,"ДГ ""Боряна""",formula,children-4-6,252924,EUR
2026,311,ДГБОРЯНА,"ДГ ""Боряна""",formula,groups,40066,EUR
2026,311,ДГБОРЯНА,"ДГ ""Боряна""",formula,institution,28614,EUR
2026,311,ДГБОРЯНА,"ДГ ""Боряна""",formula,reserve,4554,EUR
2026,311,ДГБОРЯНА,"ДГ ""Боряна""",above,meals-preschool,14927,EUR
2026,311,ДГБОРЯНА,"ДГ ""Боряна""",above,fees-compensation,102445,EUR
2026,311,ДГБОРЯНА,"ДГ ""Боряна""",count,pupils,149,
2026,311,ДГДРУЖБА,"ДГ ""Дружба""",formula,children-2-3,148695,EUR
2026,311,ДГДРУЖБА,"ДГ ""Дружба""",formula,children-4-6,508659,EUR
2026,311,ДГДРУЖБА,"ДГ ""Дружба""",formula,groups,53421,EUR
2026,311,ДГДРУЖБА,"ДГ ""Дружба""",formula,institution,28614,EUR
2026,311,ДГДРУЖБА,"ДГ ""Дружба""",formula,reserve,6555,EUR
2026,311,ДГДРУЖБА,"ДГ ""Дружба""",above,fees-compensation,139325,EUR
2026,311,ДГДРУЖБА,"ДГ ""Дружба""",count,pupils,238,
2026,311,ДГЕЛИЦА,"ДГ ""Елица""",formula,nursery-children,71791,EUR
2026,311,ДГЕЛИЦА,"ДГ ""Елица""",formula,children-2-3,260869,EUR
2026,311,ДГЕЛИЦА,"ДГ ""Елица""",formula,children-4-6,531141,EUR
2026,311,ДГЕЛИЦА,"ДГ ""Елица""",formula,groups,86809,EUR
2026,311,ДГЕЛИЦА,"ДГ ""Елица""",formula,institution,28614,EUR
2026,311,ДГЕЛИЦА,"ДГ ""Елица""",formula,reserve,8682,EUR
2026,311,ДГЕЛИЦА,"ДГ ""Елица""",above,fees-compensation,197864,EUR
2026,311,ДГЕЛИЦА,"ДГ ""Елица""",count,pupils,289,
2026,311,ДГМИР,"ДГ"" Мир""",formula,children-2-3,151304,EUR
2026,311,ДГМИР,"ДГ"" Мир""",formula,children-4-6,500228,EUR
2026,311,ДГМИР,"ДГ"" Мир""",formula,groups,53421,EUR
2026,311,ДГМИР,"ДГ"" Мир""",formula,institution,28614,EUR
2026,311,ДГМИР,"ДГ"" Мир""",formula,reserve,6504,EUR
2026,311,ДГМИР,"ДГ"" Мир""",above,fees-compensation,138154,EUR
2026,311,ДГМИР,"ДГ"" Мир""",count,pupils,236,
2026,311,ДГРОСИЦА,"ДГ ""Росица""",formula,children-2-3,78261,EUR
2026,311,ДГРОСИЦА,"ДГ ""Росица""",formula,children-4-6,415920,EUR
2026,311,ДГРОСИЦА,"ДГ ""Росица""",formula,groups,40066,EUR
2026,311,ДГРОСИЦА,"ДГ ""Росица""",formula,institution,28614,EUR
2026,311,ДГРОСИЦА,"ДГ ""Росица""",formula,reserve,4990,EUR
2026,311,ДГРОСИЦА,"ДГ ""Росица""",above,fees-compensation,104201,EUR
2026,311,ДГРОСИЦА,"ДГ ""Росица""",count,pupils,178,
2026,311,ДГСВЕТЛА,"ДГ ""Светла""",formula,children-2-3,75652,EUR
2026,311,ДГСВЕТЛА,"ДГ ""Светла""",formula,children-4-6,418730,EUR
2026,311,ДГСВЕТЛА,"ДГ ""Светла""",formula,groups,40066,EUR
2026,311,ДГСВЕТЛА,"ДГ ""Светла""",formula,institution,28614,EUR
2026,311,ДГСВЕТЛА,"ДГ ""Светла""",formula,reserve,4992,EUR
2026,311,ДГСВЕТЛА,"ДГ ""Светла""",above,fees-compensation,104201,EUR
2026,311,ДГСВЕТЛА,"ДГ ""Светла""",count,pupils,178,
2026,311,ДГРАЯ,"ДГ ""Рая""",formula,children-2-3,57391,EUR
2026,311,ДГРАЯ,"ДГ ""Рая""",formula,children-4-6,382197,EUR
2026,311,ДГРАЯ,"ДГ ""Рая""",formula,groups,40066,EUR
2026,311,ДГРАЯ,"ДГ ""Рая""",formula,institution,28614,EUR
2026,311,ДГРАЯ,"ДГ ""Рая""",formula,reserve,4506,EUR
2026,311,ДГРАЯ,"ДГ ""Рая""",above,fees-compensation,92493,EUR
2026,311,ДГРАЯ,"ДГ ""Рая""",count,pupils,158,
2026,311,ДГКОСМОНАВТ,"ДГ ""Космонавт""",formula,nursery-children,67396,EUR
2026,311,ДГКОСМОНАВТ,"ДГ ""Космонавт""",formula,children-2-3,234782,EUR
2026,311,ДГКОСМОНАВТ,"ДГ ""Космонавт""",formula,children-4-6,477746,EUR
2026,311,ДГКОСМОНАВТ,"ДГ ""Космонавт""",formula,groups,73454,EUR
2026,311,ДГКОСМОНАВТ,"ДГ ""Космонавт""",formula,institution,28614,EUR
2026,311,ДГКОСМОНАВТ,"ДГ ""Космонавт""",formula,reserve,7820,EUR
2026,311,ДГКОСМОНАВТ,"ДГ ""Космонавт""",above,fees-compensation,179132,EUR
2026,311,ДГКОСМОНАВТ,"ДГ ""Космонавт""",count,pupils,260,
2026,311,ДГСЛАВЕЙ,"ДГ ""Славей""",formula,nursery-children,38093,EUR
2026,311,ДГСЛАВЕЙ,"ДГ ""Славей""",formula,children-2-3,130435,EUR
2026,311,ДГСЛАВЕЙ,"ДГ ""Славей""",formula,children-4-6,340043,EUR
2026,311,ДГСЛАВЕЙ,"ДГ ""Славей""",formula,groups,46743,EUR
2026,311,ДГСЛАВЕЙ,"ДГ ""Славей""",formula,institution,28614,EUR
2026,311,ДГСЛАВЕЙ,"ДГ ""Славей""",formula,reserve,5177,EUR
2026,311,ДГСЛАВЕЙ,"ДГ ""Славей""",above,fees-compensation,115323,EUR
2026,311,ДГСЛАВЕЙ,"ДГ ""Славей""",count,pupils,171,
2026,311,ДГБРЕЗА,"ДГ ""Бреза""",formula,children-2-3,73043,EUR
2026,311,ДГБРЕЗА,"ДГ ""Бреза""",formula,children-4-6,387817,EUR
2026,311,ДГБРЕЗА,"ДГ ""Бреза""",formula,groups,40066,EUR
2026,311,ДГБРЕЗА,"ДГ ""Бреза""",formula,institution,28614,EUR
2026,311,ДГБРЕЗА,"ДГ ""Бреза""",formula,adapted-buildings,7128,EUR
2026,311,ДГБРЕЗА,"ДГ ""Бреза""",formula,reserve,4695,EUR
2026,311,ДГБРЕЗА,"ДГ ""Бреза""",above,fees-compensation,97176,EUR
2026,311,ДГБРЕЗА,"ДГ ""Бреза""",count,pupils,166,
2026,311,ДГВЕСЕЛА,"ДГ ""Весела""",formula,children-2-3,78261,EUR
2026,311,ДГВЕСЕЛА,"ДГ ""Весела""",formula,children-4-6,396248,EUR
2026,311,ДГВЕСЕЛА,"ДГ ""Весела""",formula,groups,40066,EUR
2026,311,ДГВЕСЕЛА,"ДГ ""Весела""",formula,institution,28614,EUR
2026,311,ДГВЕСЕЛА,"ДГ ""Весела""",formula,reserve,4815,EUR
2026,311,ДГВЕСЕЛА,"ДГ ""Весела""",above,fees-compensation,100103,EUR
2026,311,ДГВЕСЕЛА,"ДГ ""Весела""",count,pupils,171,
2026,311,ДГДЪГА,"ДГ ""Дъга""",formula,children-2-3,75652,EUR
2026,311,ДГДЪГА,"ДГ ""Дъга""",formula,children-4-6,460884,EUR
2026,311,ДГДЪГА,"ДГ ""Дъга""",formula,groups,46743,EUR
2026,311,ДГДЪГА,"ДГ ""Дъга""",formula,institution,28614,EUR
2026,311,ДГДЪГА,"ДГ ""Дъга""",formula,reserve,5424,EUR
2026,311,ДГДЪГА,"ДГ ""Дъга""",above,fees-compensation,112982,EUR
2026,311,ДГДЪГА,"ДГ ""Дъга""",count,pupils,193,
2026,311,ДГЗАХАРНОПЕТЛЕ,"ДГ ""Захарно петле""",formula,children-2-3,219130,EUR
2026,311,ДГЗАХАРНОПЕТЛЕ,"ДГ ""Захарно петле""",formula,children-4-6,559244,EUR
2026,311,ДГЗАХАРНОПЕТЛЕ,"ДГ ""Захарно петле""",formula,groups,66776,EUR
2026,311,ДГЗАХАРНОПЕТЛЕ,"ДГ ""Захарно петле""",formula,institution,28614,EUR
2026,311,ДГЗАХАРНОПЕТЛЕ,"ДГ ""Захарно петле""",formula,reserve,7746,EUR
2026,311,ДГЗАХАРНОПЕТЛЕ,"ДГ ""Захарно петле""",above,fees-compensation,165668,EUR
2026,311,ДГЗАХАРНОПЕТЛЕ,"ДГ ""Захарно петле""",count,pupils,283,
2026,311,ДГМАРИЦА,"ДГ ""Марица""",formula,children-2-3,78261,EUR
2026,311,ДГМАРИЦА,"ДГ ""Марица""",formula,children-4-6,393438,EUR
2026,311,ДГМАРИЦА,"ДГ ""Марица""",formula,groups,40066,EUR
2026,311,ДГМАРИЦА,"ДГ ""Марица""",formula,institution,28614,EUR
2026,311,ДГМАРИЦА,"ДГ ""Марица""",formula,adapted-buildings,6600,EUR
2026,311,ДГМАРИЦА,"ДГ ""Марица""",formula,reserve,4790,EUR
2026,311,ДГМАРИЦА,"ДГ ""Марица""",above,fees-compensation,99518,EUR
2026,311,ДГМАРИЦА,"ДГ ""Марица""",count,pupils,170,
2026,311,ДГРАЛИЦА,"ДГ ""Ралица""",formula,nursery-children,68861,EUR
2026,311,ДГРАЛИЦА,"ДГ ""Ралица""",formula,children-2-3,83478,EUR
2026,311,ДГРАЛИЦА,"ДГ ""Ралица""",formula,children-4-6,399058,EUR
2026,311,ДГРАЛИЦА,"ДГ ""Ралица""",formula,groups,53421,EUR
2026,311,ДГРАЛИЦА,"ДГ ""Ралица""",formula,institution,28614,EUR
2026,311,ДГРАЛИЦА,"ДГ ""Ралица""",formula,reserve,5616,EUR
2026,311,ДГРАЛИЦА,"ДГ ""Ралица""",above,fees-compensation,129373,EUR
2026,311,ДГРАЛИЦА,"ДГ ""Ралица""",count,pupils,174,
2026,311,ДГАЛБЕНА,"ДГ ""Албена""",formula,children-2-3,148695,EUR
2026,311,ДГАЛБЕНА,"ДГ ""Албена""",formula,children-4-6,607018,EUR
2026,311,ДГАЛБЕНА,"ДГ ""Албена""",formula,groups,66776,EUR
2026,311,ДГАЛБЕНА,"ДГ ""Албена""",formula,institution,28614,EUR
2026,311,ДГАЛБЕНА,"ДГ ""Албена""",formula,adapted-buildings,5544,EUR
2026,311,ДГАЛБЕНА,"ДГ ""Албена""",formula,pool,13740,EUR
2026,311,ДГАЛБЕНА,"ДГ ""Албена""",formula,reserve,7545,EUR
2026,311,ДГАЛБЕНА,"ДГ ""Албена""",above,fees-compensation,159814,EUR
2026,311,ДГАЛБЕНА,"ДГ ""Албена""",count,pupils,273,
2026,311,ДГВАЛЕНТИНА,"ДГ ""Валентина""",formula,children-2-3,73043,EUR
2026,311,ДГВАЛЕНТИНА,"ДГ ""Валентина""",formula,children-4-6,401869,EUR
2026,311,ДГВАЛЕНТИНА,"ДГ ""Валентина""",formula,groups,40066,EUR
2026,311,ДГВАЛЕНТИНА,"ДГ ""Валентина""",formula,institution,28614,EUR
2026,311,ДГВАЛЕНТИНА,"ДГ ""Валентина""",formula,pool,13740,EUR
2026,311,ДГВАЛЕНТИНА,"ДГ ""Валентина""",formula,reserve,4819,EUR
2026,311,ДГВАЛЕНТИНА,"ДГ ""Валентина""",above,fees-compensation,100103,EUR
2026,311,ДГВАЛЕНТИНА,"ДГ ""Валентина""",count,pupils,171,
2026,311,ДГВЯРА,"ДГ ""Вяра""",formula,children-2-3,73043,EUR
2026,311,ДГВЯРА,"ДГ ""Вяра""",formula,children-4-6,410299,EUR
2026,311,ДГВЯРА,"ДГ ""Вяра""",formula,groups,40066,EUR
2026,311,ДГВЯРА,"ДГ ""Вяра""",formula,institution,28614,EUR
2026,311,ДГВЯРА,"ДГ ""Вяра""",formula,reserve,4894,EUR
2026,311,ДГВЯРА,"ДГ ""Вяра""",above,meals-preschool,23949,EUR
2026,311,ДГВЯРА,"ДГ ""Вяра""",above,fees-compensation,101859,EUR
2026,311,ДГВЯРА,"ДГ ""Вяра""",count,pupils,174,
2026,311,ДГЗДРАВЕЦ,"ДГ ""Здравец""",formula,children-2-3,148695,EUR
2026,311,ДГЗДРАВЕЦ,"ДГ ""Здравец""",formula,children-4-6,328802,EUR
2026,311,ДГЗДРАВЕЦ,"ДГ ""Здравец""",formula,groups,40066,EUR
2026,311,ДГЗДРАВЕЦ,"ДГ ""Здравец""",formula,institution,28614,EUR
2026,311,ДГЗДРАВЕЦ,"ДГ ""Здравец""",formula,reserve,4841,EUR
2026,311,ДГЗДРАВЕЦ,"ДГ ""Здравец""",above,fees-compensation,101859,EUR
2026,311,ДГЗДРАВЕЦ,"ДГ ""Здравец""",count,pupils,174,
2026,311,ДГЗОРНИЦА,"ДГ ""Зорница""",formula,children-2-3,73043,EUR
2026,311,ДГЗОРНИЦА,"ДГ ""Зорница""",formula,children-4-6,601398,EUR
2026,311,ДГЗОРНИЦА,"ДГ ""Зорница""",formula,groups,60098,EUR
2026,311,ДГЗОРНИЦА,"ДГ ""Зорница""",formula,institution,28614,EUR
2026,311,ДГЗОРНИЦА,"ДГ ""Зорница""",formula,reserve,6766,EUR
2026,311,ДГЗОРНИЦА,"ДГ ""Зорница""",above,fees-compensation,141666,EUR
2026,311,ДГЗОРНИЦА,"ДГ ""Зорница""",count,pupils,242,
2026,311,ДГМАЛИНА,"ДГ ""Малина""",formula,children-2-3,373043,EUR
2026,311,ДГМАЛИНА,"ДГ ""Малина""",formula,children-4-6,871184,EUR
2026,311,ДГМАЛИНА,"ДГ ""Малина""",formula,groups,106842,EUR
2026,311,ДГМАЛИНА,"ДГ ""Малина""",formula,institution,28614,EUR
2026,311,ДГМАЛИНА,"ДГ ""Малина""",formula,pool,27480,EUR
2026,311,ДГМАЛИНА,"ДГ ""Малина""",formula,reserve,12230,EUR
2026,311,ДГМАЛИНА,"ДГ ""Малина""",above,fees-compensation,265185,EUR
2026,311,ДГМАЛИНА,"ДГ ""Малина""",count,pupils,453,
2026,311,ДГМАЯ,"ДГ ""Мая""",formula,children-2-3,146087,EUR
2026,311,ДГМАЯ,"ДГ ""Мая""",formula,children-4-6,320371,EUR
2026,311,ДГМАЯ,"ДГ ""Мая""",formula,groups,40066,EUR
2026,311,ДГМАЯ,"ДГ ""Мая""",formula,institution,28614,EUR
2026,311,ДГМАЯ,"ДГ ""Мая""",formula,reserve,4744,EUR
2026,311,ДГМАЯ,"ДГ ""Мая""",above,fees-compensation,99518,EUR
2026,311,ДГМАЯ,"ДГ ""Мая""",count,pupils,170,
2026,311,ДГОСМИМАРТ,"ДГ ""Осми март""",formula,children-2-3,268695,EUR
2026,311,ДГОСМИМАРТ,"ДГ ""Осми март""",formula,children-4-6,902097,EUR
2026,311,ДГОСМИМАРТ,"ДГ ""Осми март""",formula,groups,106842,EUR
2026,311,ДГОСМИМАРТ,"ДГ ""Осми март""",formula,institution,28614,EUR
2026,311,ДГОСМИМАРТ,"ДГ ""Осми март""",formula,adapted-buildings,29436,EUR
2026,311,ДГОСМИМАРТ,"ДГ ""Осми март""",formula,reserve,11578,EUR
2026,311,ДГОСМИМАРТ,"ДГ ""Осми март""",above,fees-compensation,248209,EUR
2026,311,ДГОСМИМАРТ,"ДГ ""Осми март""",count,pupils,424,
2026,311,ДГСВЕТЛИНА,"ДГ ""Светлина""",formula,children-2-3,266086,EUR
2026,311,ДГСВЕТЛИНА,"ДГ ""Светлина""",formula,children-4-6,592967,EUR
2026,311,ДГСВЕТЛИНА,"ДГ ""Светлина""",formula,groups,80131,EUR
2026,311,ДГСВЕТЛИНА,"ДГ ""Светлина""",formula,institution,28614,EUR
2026,311,ДГСВЕТЛИНА,"ДГ ""Светлина""",formula,adapted-buildings,18744,EUR
2026,311,ДГСВЕТЛИНА,"ДГ ""Светлина""",formula,reserve,8579,EUR
2026,311,ДГСВЕТЛИНА,"ДГ ""Светлина""",above,meals-preschool,34612,EUR
2026,311,ДГСВЕТЛИНА,"ДГ ""Светлина""",above,fees-compensation,183229,EUR
2026,311,ДГСВЕТЛИНА,"ДГ ""Светлина""",count,pupils,313,
2026,311,ДГД-РЕДГАРБОРОУ,"ДГ ""Д-р Едгар Бороу""",formula,nursery-children,60070,EUR
2026,311,ДГД-РЕДГАРБОРОУ,"ДГ ""Д-р Едгар Бороу""",formula,children-2-3,125217,EUR
2026,311,ДГД-РЕДГАРБОРОУ,"ДГ ""Д-р Едгар Бороу""",formula,children-4-6,311940,EUR
2026,311,ДГД-РЕДГАРБОРОУ,"ДГ ""Д-р Едгар Бороу""",formula,groups,53421,EUR
2026,311,ДГД-РЕДГАРБОРОУ,"ДГ ""Д-р Едгар Бороу""",formula,institution,28614,EUR
2026,311,ДГД-РЕДГАРБОРОУ,"ДГ ""Д-р Едгар Бороу""",formula,reserve,5136,EUR
2026,311,ДГД-РЕДГАРБОРОУ,"ДГ ""Д-р Едгар Бороу""",above,fees-compensation,117080,EUR
2026,311,ДГД-РЕДГАРБОРОУ,"ДГ ""Д-р Едгар Бороу""",count,pupils,159,
2026,311,ДГВЕЛИМИРА,"ДГ ""Велимира""",formula,children-2-3,143478,EUR
2026,311,ДГВЕЛИМИРА,"ДГ ""Велимира""",formula,children-4-6,483366,EUR
2026,311,ДГВЕЛИМИРА,"ДГ ""Велимира""",formula,groups,53421,EUR
2026,311,ДГВЕЛИМИРА,"ДГ ""Велимира""",formula,institution,28614,EUR
2026,311,ДГВЕЛИМИРА,"ДГ ""Велимира""",formula,pool,13740,EUR
2026,311,ДГВЕЛИМИРА,"ДГ ""Велимира""",formula,reserve,6285,EUR
2026,311,ДГВЕЛИМИРА,"ДГ ""Велимира""",above,fees-compensation,132885,EUR
2026,311,ДГВЕЛИМИРА,"ДГ ""Велимира""",count,pupils,227,
2026,311,ДГДЕСИСЛАВА,"ДГ ""Десислава""",formula,children-2-3,143478,EUR
2026,311,ДГДЕСИСЛАВА,"ДГ ""Десислава""",formula,children-4-6,387817,EUR
2026,311,ДГДЕСИСЛАВА,"ДГ ""Десислава""",formula,groups,46743,EUR
2026,311,ДГДЕСИСЛАВА,"ДГ ""Десислава""",formula,institution,28614,EUR
2026,311,ДГДЕСИСЛАВА,"ДГ ""Десислава""",formula,reserve,5378,EUR
2026,311,ДГДЕСИСЛАВА,"ДГ ""Десислава""",above,meals-preschool,22637,EUR
2026,311,ДГДЕСИСЛАВА,"ДГ ""Десислава""",above,fees-compensation,112982,EUR
2026,311,ДГДЕСИСЛАВА,"ДГ ""Десислава""",count,pupils,193,
2026,311,ДГЕДЕЛВАЙС,"ДГ ""Еделвайс""",formula,children-2-3,127826,EUR
2026,311,ДГЕДЕЛВАЙС,"ДГ ""Еделвайс""",formula,children-4-6,463695,EUR
2026,311,ДГЕДЕЛВАЙС,"ДГ ""Еделвайс""",formula,groups,53421,EUR
2026,311,ДГЕДЕЛВАЙС,"ДГ ""Еделвайс""",formula,institution,28614,EUR
2026,311,ДГЕДЕЛВАЙС,"ДГ ""Еделвайс""",formula,reserve,5971,EUR
2026,311,ДГЕДЕЛВАЙС,"ДГ ""Еделвайс""",above,fees-compensation,125275,EUR
2026,311,ДГЕДЕЛВАЙС,"ДГ ""Еделвайс""",count,pupils,214,
2026,311,ДГКРЕМЕНА,"ДГ ""Кремена""",formula,children-2-3,193043,EUR
2026,311,ДГКРЕМЕНА,"ДГ ""Кремена""",formula,children-4-6,666034,EUR
2026,311,ДГКРЕМЕНА,"ДГ ""Кремена""",formula,groups,80131,EUR
2026,311,ДГКРЕМЕНА,"ДГ ""Кремена""",formula,institution,28614,EUR
2026,311,ДГКРЕМЕНА,"ДГ ""Кремена""",formula,adapted-buildings,15312,EUR
2026,311,ДГКРЕМЕНА,"ДГ ""Кремена""",formula,reserve,8579,EUR
2026,311,ДГКРЕМЕНА,"ДГ ""Кремена""",above,meals-preschool,38713,EUR
2026,311,ДГКРЕМЕНА,"ДГ ""Кремена""",above,fees-compensation,182059,EUR
2026,311,ДГКРЕМЕНА,"ДГ ""Кремена""",count,pupils,311,
2026,311,ДГСЛЪНЦЕ,"ДГ ""Слънце""",formula,children-2-3,127826,EUR
2026,311,ДГСЛЪНЦЕ,"ДГ ""Слънце""",formula,children-4-6,486177,EUR
2026,311,ДГСЛЪНЦЕ,"ДГ ""Слънце""",formula,groups,53421,EUR
2026,311,ДГСЛЪНЦЕ,"ДГ ""Слънце""",formula,institution,28614,EUR
2026,311,ДГСЛЪНЦЕ,"ДГ ""Слънце""",formula,pool,13740,EUR
2026,311,ДГСЛЪНЦЕ,"ДГ ""Слънце""",formula,reserve,6170,EUR
2026,311,ДГСЛЪНЦЕ,"ДГ ""Слънце""",above,fees-compensation,129958,EUR
2026,311,ДГСЛЪНЦЕ,"ДГ ""Слънце""",count,pupils,222,
2026,311,ДГТАНЯСАВИЧЕВА,"ДГ ""Таня Савичева""",formula,children-2-3,146087,EUR
2026,311,ДГТАНЯСАВИЧЕВА,"ДГ ""Таня Савичева""",formula,children-4-6,477746,EUR
2026,311,ДГТАНЯСАВИЧЕВА,"ДГ ""Таня Савичева""",formula,groups,53421,EUR
2026,311,ДГТАНЯСАВИЧЕВА,"ДГ ""Таня Савичева""",formula,institution,28614,EUR
2026,311,ДГТАНЯСАВИЧЕВА,"ДГ ""Таня Савичева""",formula,reserve,6258,EUR
2026,311,ДГТАНЯСАВИЧЕВА,"ДГ ""Таня Савичева""",above,fees-compensation,132300,EUR
2026,311,ДГТАНЯСАВИЧЕВА,"ДГ ""Таня Савичева""",count,pupils,226,
2026,311,ДГЧЕРВЕНАТАШАПЧИЦА,"ДГ ""Чeрвената шапчица""",formula,children-2-3,151304,EUR
2026,311,ДГЧЕРВЕНАТАШАПЧИЦА,"ДГ ""Чeрвената шапчица""",formula,children-4-6,477746,EUR
2026,311,ДГЧЕРВЕНАТАШАПЧИЦА,"ДГ ""Чeрвената шапчица""",formula,groups,53421,EUR
2026,311,ДГЧЕРВЕНАТАШАПЧИЦА,"ДГ ""Чeрвената шапчица""",formula,institution,28614,EUR
2026,311,ДГЧЕРВЕНАТАШАПЧИЦА,"ДГ ""Чeрвената шапчица""",formula,pool,13740,EUR
2026,311,ДГЧЕРВЕНАТАШАПЧИЦА,"ДГ ""Чeрвената шапчица""",formula,reserve,6305,EUR
2026,311,ДГЧЕРВЕНАТАШАПЧИЦА,"ДГ ""Чeрвената шапчица""",above,fees-compensation,133471,EUR
2026,311,ДГЧЕРВЕНАТАШАПЧИЦА,"ДГ ""Чeрвената шапчица""",count,pupils,228,
2026,311,ДГТРАКИЯ,"ДГ ""Тракия""",formula,children-2-3,143478,EUR
2026,311,ДГТРАКИЯ,"ДГ ""Тракия""",formula,children-4-6,390628,EUR
2026,311,ДГТРАКИЯ,"ДГ ""Тракия""",formula,groups,46743,EUR
2026,311,ДГТРАКИЯ,"ДГ ""Тракия""",formula,reserve,5147,EUR
2026,311,ДГТРАКИЯ,"ДГ ""Тракия""",above,fees-compensation,113567,EUR
2026,311,ДГТРАКИЯ,"ДГ ""Тракия""",count,pupils,194,
2026,312,ДГЕЛИЦА,"ДГ ""Елица""",formula,special-children,69498,EUR
2026,312,ДГЕЛИЦА,"ДГ ""Елица""",formula,groups,10015,EUR
2026,312,ДГЕЛИЦА,"ДГ ""Елица""",above,fees-compensation,5269,EUR
2026,318,ОУГЕОМИЛЕВ,"ОУ ""Гео Милев""",formula,half-day-children,26484,EUR
2026,318,ОУГЕОМИЛЕВ,"ОУ ""Гео Милев""",formula,half-day-groups,2240,EUR
2026,318,ОУГЕОМИЛЕВ,"ОУ ""Гео Милев""",formula,reserve,586,EUR
2026,318,ОУГЕОМИЛЕВ,"ОУ ""Гео Милев""",above,meals-preschool,2461,EUR
2026,318,ОУГЕОМИЛЕВ,"ОУ ""Гео Милев""",above,fees-compensation,4600,EUR
2026,318,ОУГЕОМИЛЕВ,"ОУ ""Гео Милев""",count,pupils,16,
2026,318,ОУД-РПБЕРОН,"ОУ ""Д-р П. Берон""",formula,half-day-children,36415,EUR
2026,318,ОУД-РПБЕРОН,"ОУ ""Д-р П. Берон""",formula,half-day-groups,2240,EUR
2026,318,ОУД-РПБЕРОН,"ОУ ""Д-р П. Берон""",formula,reserve,789,EUR
2026,318,ОУД-РПБЕРОН,"ОУ ""Д-р П. Берон""",above,meals-preschool,3445,EUR
2026,318,ОУД-РПБЕРОН,"ОУ ""Д-р П. Берон""",above,fees-compensation,6325,EUR
2026,318,ОУД-РПБЕРОН,"ОУ ""Д-р П. Берон""",count,pupils,22,
2026,318,ОУКОЧОЧЕСТЕМЕНСКИ,"ОУ ""Кочо Честеменски""",formula,full-day-children,53216,EUR
2026,318,ОУКОЧОЧЕСТЕМЕНСКИ,"ОУ ""Кочо Честеменски""",formula,full-day-groups,6655,EUR
2026,318,ОУКОЧОЧЕСТЕМЕНСКИ,"ОУ ""Кочо Честеменски""",formula,reserve,1222,EUR
2026,318,ОУКОЧОЧЕСТЕМЕНСКИ,"ОУ ""Кочо Честеменски""",above,meals-preschool,3281,EUR
2026,318,ОУКОЧОЧЕСТЕМЕНСКИ,"ОУ ""Кочо Честеменски""",above,fees-compensation,11122,EUR
2026,318,ОУКОЧОЧЕСТЕМЕНСКИ,"ОУ ""Кочо Честеменски""",count,pupils,19,
2026,318,НУКИРИЛНЕКТАРИЕВ,"HУ ""Кирил Hектариев""",formula,half-day-children,79451,EUR
2026,318,НУКИРИЛНЕКТАРИЕВ,"HУ ""Кирил Hектариев""",formula,half-day-groups,6721,EUR
2026,318,НУКИРИЛНЕКТАРИЕВ,"HУ ""Кирил Hектариев""",formula,reserve,1758,EUR
2026,318,НУКИРИЛНЕКТАРИЕВ,"HУ ""Кирил Hектариев""",above,meals-preschool,7546,EUR
2026,318,НУКИРИЛНЕКТАРИЕВ,"HУ ""Кирил Hектариев""",above,fees-compensation,13800,EUR
2026,318,НУКИРИЛНЕКТАРИЕВ,"HУ ""Кирил Hектариев""",count,pupils,48,
2026,318,ОУВЛЕВСКИ,"ОУ ""В. Левски""",formula,full-day-children,100830,EUR
2026,318,ОУВЛЕВСКИ,"ОУ ""В. Левски""",formula,full-day-groups,13310,EUR
2026,318,ОУВЛЕВСКИ,"ОУ ""В. Левски""",formula,reserve,2330,EUR
2026,318,ОУВЛЕВСКИ,"ОУ ""В. Левски""",above,meals-preschool,6069,EUR
2026,318,ОУВЛЕВСКИ,"ОУ ""В. Левски""",above,fees-compensation,21074,EUR
2026,318,ОУВЛЕВСКИ,"ОУ ""В. Левски""",count,pupils,36,
2026,318,ОУДДЕБЕЛЯНОВ,"ОУ ""Д. Дебелянов""",formula,half-day-children,127452,EUR
2026,318,ОУДДЕБЕЛЯНОВ,"ОУ ""Д. Дебелянов""",formula,half-day-groups,8961,EUR
2026,318,ОУДДЕБЕЛЯНОВ,"ОУ ""Д. Дебелянов""",formula,reserve,2784,EUR
2026,318,ОУДДЕБЕЛЯНОВ,"ОУ ""Д. Дебелянов""",above,fees-compensation,22138,EUR
2026,318,ОУДДЕБЕЛЯНОВ,"ОУ ""Д. Дебелянов""",count,pupils,77,
2026,318,ОБУПСЛАВЕЙКОВ,"ОбУ ""П. Славейков""",formula,half-day-children,134073,EUR
2026,318,ОБУПСЛАВЕЙКОВ,"ОбУ ""П. Славейков""",formula,half-day-groups,8961,EUR
2026,318,ОБУПСЛАВЕЙКОВ,"ОбУ ""П. Славейков""",formula,reserve,2919,EUR
2026,318,ОБУПСЛАВЕЙКОВ,"ОбУ ""П. Славейков""",above,meals-preschool,13779,EUR
2026,318,ОБУПСЛАВЕЙКОВ,"ОбУ ""П. Славейков""",above,fees-compensation,23288,EUR
2026,318,ОБУПСЛАВЕЙКОВ,"ОбУ ""П. Славейков""",count,pupils,81,
2026,318,СУНГЕРОВ,"СУ ""H. Геров""",formula,half-day-children,67864,EUR
2026,318,СУНГЕРОВ,"СУ ""H. Геров""",formula,half-day-groups,4481,EUR
2026,318,СУНГЕРОВ,"СУ ""H. Геров""",formula,reserve,1476,EUR
2026,318,СУНГЕРОВ,"СУ ""H. Геров""",above,meals-preschool,6726,EUR
2026,318,СУНГЕРОВ,"СУ ""H. Геров""",above,fees-compensation,11788,EUR
2026,318,СУНГЕРОВ,"СУ ""H. Геров""",count,pupils,41,
2026,318,НУХРБОТЕВ,"HУ ""Хр. Ботев""",formula,half-day-children,38070,EUR
2026,318,НУХРБОТЕВ,"HУ ""Хр. Ботев""",formula,half-day-groups,2240,EUR
2026,318,НУХРБОТЕВ,"HУ ""Хр. Ботев""",formula,reserve,823,EUR
2026,318,НУХРБОТЕВ,"HУ ""Хр. Ботев""",above,meals-preschool,3609,EUR
2026,318,НУХРБОТЕВ,"HУ ""Хр. Ботев""",above,fees-compensation,6613,EUR
2026,318,НУХРБОТЕВ,"HУ ""Хр. Ботев""",count,pupils,23,
2026,318,ОБУЙЙОВКОВ,"ОбУ ""Й. Йовков""",formula,half-day-children,39725,EUR
2026,318,ОБУЙЙОВКОВ,"ОбУ ""Й. Йовков""",formula,half-day-groups,2240,EUR
2026,318,ОБУЙЙОВКОВ,"ОбУ ""Й. Йовков""",formula,reserve,857,EUR
2026,318,ОБУЙЙОВКОВ,"ОбУ ""Й. Йовков""",above,meals-preschool,3773,EUR
2026,318,ОБУЙЙОВКОВ,"ОбУ ""Й. Йовков""",above,fees-compensation,6900,EUR
2026,318,ОБУЙЙОВКОВ,"ОбУ ""Й. Йовков""",count,pupils,24,
2026,318,ОУПВОЛОВ,"ОУ ""П. Волов""",formula,half-day-children,104279,EUR
2026,318,ОУПВОЛОВ,"ОУ ""П. Волов""",formula,half-day-groups,8961,EUR
2026,318,ОУПВОЛОВ,"ОУ ""П. Волов""",formula,reserve,2311,EUR
2026,318,ОУПВОЛОВ,"ОУ ""П. Волов""",above,meals-preschool,9842,EUR
2026,318,ОУПВОЛОВ,"ОУ ""П. Волов""",above,fees-compensation,18113,EUR
2026,318,ОУПВОЛОВ,"ОУ ""П. Волов""",count,pupils,63,
2026,318,СУХРГДАНОВ,"СУ ""Хр. Г. Данов""",formula,full-day-children,84025,EUR
2026,318,СУХРГДАНОВ,"СУ ""Хр. Г. Данов""",formula,full-day-groups,6655,EUR
2026,318,СУХРГДАНОВ,"СУ ""Хр. Г. Данов""",formula,reserve,1851,EUR
2026,318,СУХРГДАНОВ,"СУ ""Хр. Г. Данов""",above,meals-preschool,4921,EUR
2026,318,СУХРГДАНОВ,"СУ ""Хр. Г. Данов""",above,fees-compensation,17562,EUR
2026,318,СУХРГДАНОВ,"СУ ""Хр. Г. Данов""",count,pupils,30,
2026,318,СУБРМИЛАДИНОВИ,"СУ ""Бр. Миладинови""",formula,half-day-children,21518,EUR
2026,318,СУБРМИЛАДИНОВИ,"СУ ""Бр. Миладинови""",formula,half-day-groups,2240,EUR
2026,318,СУБРМИЛАДИНОВИ,"СУ ""Бр. Миладинови""",formula,reserve,485,EUR
2026,318,СУБРМИЛАДИНОВИ,"СУ ""Бр. Миладинови""",above,meals-preschool,2132,EUR
2026,318,СУБРМИЛАДИНОВИ,"СУ ""Бр. Миладинови""",above,fees-compensation,3738,EUR
2026,318,СУБРМИЛАДИНОВИ,"СУ ""Бр. Миладинови""",count,pupils,13,
2026,318,СУКВЕЛИЧКОВ,"СУ ""К. Величков""",formula,full-day-children,75623,EUR
2026,318,СУКВЕЛИЧКОВ,"СУ ""К. Величков""",formula,full-day-groups,6655,EUR
2026,318,СУКВЕЛИЧКОВ,"СУ ""К. Величков""",formula,reserve,1679,EUR
2026,318,СУКВЕЛИЧКОВ,"СУ ""К. Величков""",above,fees-compensation,15806,EUR
2026,318,СУКВЕЛИЧКОВ,"СУ ""К. Величков""",count,pupils,27,
2026,322,ОУАЛКОНСТАНТИНОВ,"ОУ ""Ал. Константинов""",formula,pupils,1148685,EUR
2026,322,ОУАЛКОНСТАНТИНОВ,"ОУ ""Ал. Константинов""",formula,classes,230688,EUR
2026,322,ОУАЛКОНСТАНТИНОВ,"ОУ ""Ал. Константинов""",formula,floor-area,15376,EUR
2026,322,ОУАЛКОНСТАНТИНОВ,"ОУ ""Ал. Константинов""",formula,reserve,9192,EUR
2026,322,ОУАЛКОНСТАНТИНОВ,"ОУ ""Ал. Константинов""",formula,institution,44500,EUR
2026,322,ОУАЛКОНСТАНТИНОВ,"ОУ ""Ал. Константинов""",formula,self-study,590,EUR
2026,322,ОУАЛКОНСТАНТИНОВ,"ОУ ""Ал. Константинов""",formula,all-day-groups,36006,EUR
2026,322,ОУАЛКОНСТАНТИНОВ,"ОУ ""Ал. Константинов""",formula,all-day-pupils,327168,EUR
2026,322,ОУАЛКОНСТАНТИНОВ,"ОУ ""Ал. Константинов""",above,facilities,11376,EUR
2026,322,ОУАЛКОНСТАНТИНОВ,"ОУ ""Ал. Константинов""",above,meals-school,58069,EUR
2026,322,ОУАЛКОНСТАНТИНОВ,"ОУ ""Ал. Константинов""",above,interests,16603,EUR
2026,322,ОУАЛКОНСТАНТИНОВ,"ОУ ""Ал. Константинов""",above,special-centre,22,EUR
2026,322,ОУАЛКОНСТАНТИНОВ,"ОУ ""Ал. Константинов""",count,pupils,632,
2026,322,ОУВИКТЮТЮНДЖИЯН,"ОУ ""В. и К. Тютюнджиян""",formula,pupils,532539,EUR
2026,322,ОУВИКТЮТЮНДЖИЯН,"ОУ ""В. и К. Тютюнджиян""",formula,classes,129185,EUR
2026,322,ОУВИКТЮТЮНДЖИЯН,"ОУ ""В. и К. Тютюнджиян""",formula,floor-area,4978,EUR
2026,322,ОУВИКТЮТЮНДЖИЯН,"ОУ ""В. и К. Тютюнджиян""",formula,small-school,469,EUR
2026,322,ОУВИКТЮТЮНДЖИЯН,"ОУ ""В. и К. Тютюнджиян""",formula,reserve,4262,EUR
2026,322,ОУВИКТЮТЮНДЖИЯН,"ОУ ""В. и К. Тютюнджиян""",formula,institution,44500,EUR
2026,322,ОУВИКТЮТЮНДЖИЯН,"ОУ ""В. и К. Тютюнджиян""",formula,all-day-groups,14826,EUR
2026,322,ОУВИКТЮТЮНДЖИЯН,"ОУ ""В. и К. Тютюнджиян""",formula,all-day-pupils,132912,EUR
2026,322,ОУВИКТЮТЮНДЖИЯН,"ОУ ""В. и К. Тютюнджиян""",above,facilities,5274,EUR
2026,322,ОУВИКТЮТЮНДЖИЯН,"ОУ ""В. и К. Тютюнджиян""",above,meals-school,29527,EUR
2026,322,ОУВИКТЮТЮНДЖИЯН,"ОУ ""В. и К. Тютюнджиян""",above,interests,8467,EUR
2026,322,ОУВИКТЮТЮНДЖИЯН,"ОУ ""В. и К. Тютюнджиян""",count,pupils,293,
2026,322,ОУГЕОМИЛЕВ,"ОУ ""Гео Милев""",formula,pupils,250821,EUR
2026,322,ОУГЕОМИЛЕВ,"ОУ ""Гео Милев""",formula,classes,64593,EUR
2026,322,ОУГЕОМИЛЕВ,"ОУ ""Гео Милев""",formula,floor-area,9648,EUR
2026,322,ОУГЕОМИЛЕВ,"ОУ ""Гео Милев""",formula,small-school,10854,EUR
2026,322,ОУГЕОМИЛЕВ,"ОУ ""Гео Милев""",formula,reserve,2006,EUR
2026,322,ОУГЕОМИЛЕВ,"ОУ ""Гео Милев""",formula,institution,44500,EUR
2026,322,ОУГЕОМИЛЕВ,"ОУ ""Гео Милев""",formula,individual,5224,EUR
2026,322,ОУГЕОМИЛЕВ,"ОУ ""Гео Милев""",formula,self-study,2360,EUR
2026,322,ОУГЕОМИЛЕВ,"ОУ ""Гео Милев""",formula,all-day-groups,4236,EUR
2026,322,ОУГЕОМИЛЕВ,"ОУ ""Гео Милев""",formula,all-day-pupils,42600,EUR
2026,322,ОУГЕОМИЛЕВ,"ОУ ""Гео Милев""",above,facilities,2484,EUR
2026,322,ОУГЕОМИЛЕВ,"ОУ ""Гео Милев""",above,meals-school,13451,EUR
2026,322,ОУГЕОМИЛЕВ,"ОУ ""Гео Милев""",above,interests,4747,EUR
2026,322,ОУГЕОМИЛЕВ,"ОУ ""Гео Милев""",above,special-centre,110,EUR
2026,322,ОУГЕОМИЛЕВ,"ОУ ""Гео Милев""",count,pupils,138,
2026,322,ОУД-РПБЕРОН,"ОУ ""Д-р П. Берон""",formula,pupils,734286,EUR
2026,322,ОУД-РПБЕРОН,"ОУ ""Д-р П. Берон""",formula,classes,156868,EUR
2026,322,ОУД-РПБЕРОН,"ОУ ""Д-р П. Берон""",formula,floor-area,9144,EUR
2026,322,ОУД-РПБЕРОН,"ОУ ""Д-р П. Берон""",formula,reserve,5876,EUR
2026,322,ОУД-РПБЕРОН,"ОУ ""Д-р П. Берон""",formula,institution,44500,EUR
2026,322,ОУД-РПБЕРОН,"ОУ ""Д-р П. Берон""",formula,self-study,590,EUR
2026,322,ОУД-РПБЕРОН,"ОУ ""Д-р П. Берон""",formula,all-day-groups,27534,EUR
2026,322,ОУД-РПБЕРОН,"ОУ ""Д-р П. Берон""",formula,all-day-pupils,240264,EUR
2026,322,ОУД-РПБЕРОН,"ОУ ""Д-р П. Берон""",above,combined-form,1525,EUR
2026,322,ОУД-РПБЕРОН,"ОУ ""Д-р П. Берон""",above,facilities,7272,EUR
2026,322,ОУД-РПБЕРОН,"ОУ ""Д-р П. Берон""",above,meals-school,39369,EUR
2026,322,ОУД-РПБЕРОН,"ОУ ""Д-р П. Берон""",above,interests,11131,EUR
2026,322,ОУД-РПБЕРОН,"ОУ ""Д-р П. Берон""",above,special-centre,33,EUR
2026,322,ОУД-РПБЕРОН,"ОУ ""Д-р П. Берон""",count,pupils,404,
2026,322,ОУДХАДЖИДЕКОВ,"ОУ ""Д. Хаджидеков""",formula,pupils,1466755,EUR
2026,322,ОУДХАДЖИДЕКОВ,"ОУ ""Д. Хаджидеков""",formula,classes,313736,EUR
2026,322,ОУДХАДЖИДЕКОВ,"ОУ ""Д. Хаджидеков""",formula,floor-area,16209,EUR
2026,322,ОУДХАДЖИДЕКОВ,"ОУ ""Д. Хаджидеков""",formula,reserve,11738,EUR
2026,322,ОУДХАДЖИДЕКОВ,"ОУ ""Д. Хаджидеков""",formula,institution,44500,EUR
2026,322,ОУДХАДЖИДЕКОВ,"ОУ ""Д. Хаджидеков""",formula,all-day-groups,40242,EUR
2026,322,ОУДХАДЖИДЕКОВ,"ОУ ""Д. Хаджидеков""",formula,all-day-pupils,350172,EUR
2026,322,ОУДХАДЖИДЕКОВ,"ОУ ""Д. Хаджидеков""",above,facilities,14526,EUR
2026,322,ОУДХАДЖИДЕКОВ,"ОУ ""Д. Хаджидеков""",above,interests,20803,EUR
2026,322,ОУДХАДЖИДЕКОВ,"ОУ ""Д. Хаджидеков""",above,special-centre,11,EUR
2026,322,ОУДХАДЖИДЕКОВ,"ОУ ""Д. Хаджидеков""",count,pupils,807,
2026,322,ОУЕКЗАРХАНТИМI,"ОУ ""Екзарх Антим I""",formula,pupils,1046903,EUR
2026,322,ОУЕКЗАРХАНТИМI,"ОУ ""Екзарх Антим I""",formula,classes,203006,EUR
2026,322,ОУЕКЗАРХАНТИМI,"ОУ ""Екзарх Антим I""",formula,floor-area,11946,EUR
2026,322,ОУЕКЗАРХАНТИМI,"ОУ ""Екзарх Антим I""",formula,reserve,8378,EUR
2026,322,ОУЕКЗАРХАНТИМI,"ОУ ""Екзарх Антим I""",formula,institution,44500,EUR
2026,322,ОУЕКЗАРХАНТИМI,"ОУ ""Екзарх Антим I""",formula,individual,5224,EUR
2026,322,ОУЕКЗАРХАНТИМI,"ОУ ""Екзарх Антим I""",formula,all-day-groups,27534,EUR
2026,322,ОУЕКЗАРХАНТИМI,"ОУ ""Екзарх Антим I""",formula,all-day-pupils,259860,EUR
2026,322,ОУЕКЗАРХАНТИМI,"ОУ ""Екзарх Антим I""",above,combined-form,6100,EUR
2026,322,ОУЕКЗАРХАНТИМI,"ОУ ""Екзарх Антим I""",above,facilities,10368,EUR
2026,322,ОУЕКЗАРХАНТИМI,"ОУ ""Екзарх Антим I""",above,meals-school,54460,EUR
2026,322,ОУЕКЗАРХАНТИМI,"ОУ ""Екзарх Антим I""",above,interests,15259,EUR
2026,322,ОУЕКЗАРХАНТИМI,"ОУ ""Екзарх Антим I""",count,pupils,576,
2026,322,ОУКОЧОЧЕСТЕМЕНСКИ,"ОУ ""Кочо Честеменски""",formula,pupils,1035998,EUR
2026,322,ОУКОЧОЧЕСТЕМЕНСКИ,"ОУ ""Кочо Честеменски""",formula,classes,221461,EUR
2026,322,ОУКОЧОЧЕСТЕМЕНСКИ,"ОУ ""Кочо Честеменски""",formula,floor-area,10270,EUR
2026,322,ОУКОЧОЧЕСТЕМЕНСКИ,"ОУ ""Кочо Честеменски""",formula,reserve,8291,EUR
2026,322,ОУКОЧОЧЕСТЕМЕНСКИ,"ОУ ""Кочо Честеменски""",formula,institution,44500,EUR
2026,322,ОУКОЧОЧЕСТЕМЕНСКИ,"ОУ ""Кочо Честеменски""",formula,individual,10448,EUR
2026,322,ОУКОЧОЧЕСТЕМЕНСКИ,"ОУ ""Кочо Честеменски""",formula,all-day-groups,29652,EUR
2026,322,ОУКОЧОЧЕСТЕМЕНСКИ,"ОУ ""Кочо Честеменски""",formula,all-day-pupils,260712,EUR
2026,322,ОУКОЧОЧЕСТЕМЕНСКИ,"ОУ ""Кочо Честеменски""",above,combined-form,1525,EUR
2026,322,ОУКОЧОЧЕСТЕМЕНСКИ,"ОУ ""Кочо Честеменски""",above,facilities,10260,EUR
2026,322,ОУКОЧОЧЕСТЕМЕНСКИ,"ОУ ""Кочо Честеменски""",above,meals-school,56101,EUR
2026,322,ОУКОЧОЧЕСТЕМЕНСКИ,"ОУ ""Кочо Честеменски""",above,interests,15115,EUR
2026,322,ОУКОЧОЧЕСТЕМЕНСКИ,"ОУ ""Кочо Честеменски""",count,pupils,570,
2026,322,СУЛКАРАВЕЛОВ,"СУ ""Л. Каравелов""",formula,pupils,476195,EUR
2026,322,СУЛКАРАВЕЛОВ,"СУ ""Л. Каравелов""",formula,classes,92275,EUR
2026,322,СУЛКАРАВЕЛОВ,"СУ ""Л. Каравелов""",formula,floor-area,26659,EUR
2026,322,СУЛКАРАВЕЛОВ,"СУ ""Л. Каравелов""",formula,arts-class-supplement,17700,EUR
2026,322,СУЛКАРАВЕЛОВ,"СУ ""Л. Каравелов""",formula,pool,30810,EUR
2026,322,СУЛКАРАВЕЛОВ,"СУ ""Л. Каравелов""",formula,reserve,3811,EUR
2026,322,СУЛКАРАВЕЛОВ,"СУ ""Л. Каравелов""",formula,institution,44500,EUR
2026,322,СУЛКАРАВЕЛОВ,"СУ ""Л. Каравелов""",formula,arts-pupils,906361,EUR
2026,322,СУЛКАРАВЕЛОВ,"СУ ""Л. Каравелов""",formula,arts-classes,94290,EUR
2026,322,СУЛКАРАВЕЛОВ,"СУ ""Л. Каравелов""",formula,self-study,1770,EUR
2026,322,СУЛКАРАВЕЛОВ,"СУ ""Л. Каравелов""",formula,all-day-groups,16944,EUR
2026,322,СУЛКАРАВЕЛОВ,"СУ ""Л. Каравелов""",formula,all-day-pupils,172104,EUR
2026,322,СУЛКАРАВЕЛОВ,"СУ ""Л. Каравелов""",above,combined-form,3050,EUR
2026,322,СУЛКАРАВЕЛОВ,"СУ ""Л. Каравелов""",above,facilities,9234,EUR
2026,322,СУЛКАРАВЕЛОВ,"СУ ""Л. Каравелов""",above,meals-school,16732,EUR
2026,322,СУЛКАРАВЕЛОВ,"СУ ""Л. Каравелов""",above,music,143576,EUR
2026,322,СУЛКАРАВЕЛОВ,"СУ ""Л. Каравелов""",above,upper-secondary,21837,EUR
2026,322,СУЛКАРАВЕЛОВ,"СУ ""Л. Каравелов""",above,interests,13747,EUR
2026,322,СУЛКАРАВЕЛОВ,"СУ ""Л. Каравелов""",above,special-centre,22,EUR
2026,322,СУЛКАРАВЕЛОВ,"СУ ""Л. Каравелов""",above,scholarships,12801,EUR
2026,322,СУЛКАРАВЕЛОВ,"СУ ""Л. Каравелов""",count,pupils,262,
2026,322,ОУКНЯЗАЛЕКСАНДЪРI,"ОУ ""Княз Александър I""",formula,pupils,1741203,EUR
2026,322,ОУКНЯЗАЛЕКСАНДЪРI,"ОУ ""Княз Александър I""",formula,classes,341419,EUR
2026,322,ОУКНЯЗАЛЕКСАНДЪРI,"ОУ ""Княз Александър I""",formula,floor-area,26572,EUR
2026,322,ОУКНЯЗАЛЕКСАНДЪРI,"ОУ ""Княз Александър I""",formula,reserve,13934,EUR
2026,322,ОУКНЯЗАЛЕКСАНДЪРI,"ОУ ""Княз Александър I""",formula,institution,44500,EUR
2026,322,ОУКНЯЗАЛЕКСАНДЪРI,"ОУ ""Княз Александър I""",formula,individual,10448,EUR
2026,322,ОУКНЯЗАЛЕКСАНДЪРI,"ОУ ""Княз Александър I""",formula,all-day-groups,31770,EUR
2026,322,ОУКНЯЗАЛЕКСАНДЪРI,"ОУ ""Княз Александър I""",formula,all-day-pupils,276900,EUR
2026,322,ОУКНЯЗАЛЕКСАНДЪРI,"ОУ ""Княз Александър I""",above,facilities,17244,EUR
2026,322,ОУКНЯЗАЛЕКСАНДЪРI,"ОУ ""Княз Александър I""",above,meals-school,64139,EUR
2026,322,ОУКНЯЗАЛЕКСАНДЪРI,"ОУ ""Княз Александър I""",above,interests,24427,EUR
2026,322,ОУКНЯЗАЛЕКСАНДЪРI,"ОУ ""Княз Александър I""",above,special-centre,11,EUR
2026,322,ОУКНЯЗАЛЕКСАНДЪРI,"ОУ ""Княз Александър I""",count,pupils,958,
2026,322,ХГСВСВКИРИЛИМЕТОДИЙ,"ХГ ""Св. Св. Кирил и Методий""",formula,pupils,1733933,EUR
2026,322,ХГСВСВКИРИЛИМЕТОДИЙ,"ХГ ""Св. Св. Кирил и Методий""",formula,classes,322964,EUR
2026,322,ХГСВСВКИРИЛИМЕТОДИЙ,"ХГ ""Св. Св. Кирил и Методий""",formula,floor-area,26469,EUR
2026,322,ХГСВСВКИРИЛИМЕТОДИЙ,"ХГ ""Св. Св. Кирил и Методий""",formula,reserve,13876,EUR
2026,322,ХГСВСВКИРИЛИМЕТОДИЙ,"ХГ ""Св. Св. Кирил и Методий""",formula,institution,44500,EUR
2026,322,ХГСВСВКИРИЛИМЕТОДИЙ,"ХГ ""Св. Св. Кирил и Методий""",formula,self-study,1770,EUR
2026,322,ХГСВСВКИРИЛИМЕТОДИЙ,"ХГ ""Св. Св. Кирил и Методий""",above,facilities,17172,EUR
2026,322,ХГСВСВКИРИЛИМЕТОДИЙ,"ХГ ""Св. Св. Кирил и Методий""",above,upper-secondary,82998,EUR
2026,322,ХГСВСВКИРИЛИМЕТОДИЙ,"ХГ ""Св. Св. Кирил и Методий""",above,interests,24331,EUR
2026,322,ХГСВСВКИРИЛИМЕТОДИЙ,"ХГ ""Св. Св. Кирил и Методий""",above,scholarships,48654,EUR
2026,322,ХГСВСВКИРИЛИМЕТОДИЙ,"ХГ ""Св. Св. Кирил и Методий""",count,pupils,954,
2026,322,СУСВПХИЛЕНДАРСКИ,"СУ ""Св. П. Хилендарски""",formula,pupils,1205029,EUR
2026,322,СУСВПХИЛЕНДАРСКИ,"СУ ""Св. П. Хилендарски""",formula,classes,258371,EUR
2026,322,СУСВПХИЛЕНДАРСКИ,"СУ ""Св. П. Хилендарски""",formula,floor-area,18490,EUR
2026,322,СУСВПХИЛЕНДАРСКИ,"СУ ""Св. П. Хилендарски""",formula,reserve,9643,EUR
2026,322,СУСВПХИЛЕНДАРСКИ,"СУ ""Св. П. Хилендарски""",formula,institution,44500,EUR
2026,322,СУСВПХИЛЕНДАРСКИ,"СУ ""Св. П. Хилендарски""",formula,individual,5224,EUR
2026,322,СУСВПХИЛЕНДАРСКИ,"СУ ""Св. П. Хилендарски""",formula,self-study,1180,EUR
2026,322,СУСВПХИЛЕНДАРСКИ,"СУ ""Св. П. Хилендарски""",formula,all-day-groups,25416,EUR
2026,322,СУСВПХИЛЕНДАРСКИ,"СУ ""Св. П. Хилендарски""",formula,all-day-pupils,214704,EUR
2026,322,СУСВПХИЛЕНДАРСКИ,"СУ ""Св. П. Хилендарски""",above,combined-form,9150,EUR
2026,322,СУСВПХИЛЕНДАРСКИ,"СУ ""Св. П. Хилендарски""",above,facilities,11934,EUR
2026,322,СУСВПХИЛЕНДАРСКИ,"СУ ""Св. П. Хилендарски""",above,meals-school,46423,EUR
2026,322,СУСВПХИЛЕНДАРСКИ,"СУ ""Св. П. Хилендарски""",above,upper-secondary,12963,EUR
2026,322,СУСВПХИЛЕНДАРСКИ,"СУ ""Св. П. Хилендарски""",above,interests,17347,EUR
2026,322,СУСВПХИЛЕНДАРСКИ,"СУ ""Св. П. Хилендарски""",above,special-centre,22,EUR
2026,322,СУСВПХИЛЕНДАРСКИ,"СУ ""Св. П. Хилендарски""",above,scholarships,7650,EUR
2026,322,СУСВПХИЛЕНДАРСКИ,"СУ ""Св. П. Хилендарски""",count,pupils,663,
2026,322,СУСВКЛИМЕНТОХРИДСКИ,"СУ ""Св. Климент Охридски""",formula,pupils,1099612,EUR
2026,322,СУСВКЛИМЕНТОХРИДСКИ,"СУ ""Св. Климент Охридски""",formula,classes,221461,EUR
2026,322,СУСВКЛИМЕНТОХРИДСКИ,"СУ ""Св. Климент Охридски""",formula,floor-area,20079,EUR
2026,322,СУСВКЛИМЕНТОХРИДСКИ,"СУ ""Св. Климент Охридски""",formula,reserve,8800,EUR
2026,322,СУСВКЛИМЕНТОХРИДСКИ,"СУ ""Св. Климент Охридски""",formula,institution,44500,EUR
2026,322,СУСВКЛИМЕНТОХРИДСКИ,"СУ ""Св. Климент Охридски""",formula,individual,5224,EUR
2026,322,СУСВКЛИМЕНТОХРИДСКИ,"СУ ""Св. Климент Охридски""",formula,self-study,5900,EUR
2026,322,СУСВКЛИМЕНТОХРИДСКИ,"СУ ""Св. Климент Охридски""",formula,all-day-groups,10590,EUR
2026,322,СУСВКЛИМЕНТОХРИДСКИ,"СУ ""Св. Климент Охридски""",formula,all-day-pupils,99684,EUR
2026,322,СУСВКЛИМЕНТОХРИДСКИ,"СУ ""Св. Климент Охридски""",above,combined-form,6100,EUR
2026,322,СУСВКЛИМЕНТОХРИДСКИ,"СУ ""Св. Климент Охридски""",above,facilities,10872,EUR
2026,322,СУСВКЛИМЕНТОХРИДСКИ,"СУ ""Св. Климент Охридски""",above,meals-school,16404,EUR
2026,322,СУСВКЛИМЕНТОХРИДСКИ,"СУ ""Св. Климент Охридски""",above,upper-secondary,37497,EUR
2026,322,СУСВКЛИМЕНТОХРИДСКИ,"СУ ""Св. Климент Охридски""",above,interests,15931,EUR
2026,322,СУСВКЛИМЕНТОХРИДСКИ,"СУ ""Св. Климент Охридски""",above,special-centre,33,EUR
2026,322,СУСВКЛИМЕНТОХРИДСКИ,"СУ ""Св. Климент Охридски""",above,scholarships,21981,EUR
2026,322,СУСВКЛИМЕНТОХРИДСКИ,"СУ ""Св. Климент Охридски""",count,pupils,605,
2026,322,СУСВПАТРИАРХЕВТИМИЙ,"СУ ""Св. Патриарх Евтимий""",formula,pupils,2777201,EUR
2026,322,СУСВПАТРИАРХЕВТИМИЙ,"СУ ""Св. Патриарх Евтимий""",formula,classes,553652,EUR
2026,322,СУСВПАТРИАРХЕВТИМИЙ,"СУ ""Св. Патриарх Евтимий""",formula,floor-area,42006,EUR
2026,322,СУСВПАТРИАРХЕВТИМИЙ,"СУ ""Св. Патриарх Евтимий""",formula,reserve,22225,EUR
2026,322,СУСВПАТРИАРХЕВТИМИЙ,"СУ ""Св. Патриарх Евтимий""",formula,institution,44500,EUR
2026,322,СУСВПАТРИАРХЕВТИМИЙ,"СУ ""Св. Патриарх Евтимий""",formula,all-day-groups,25416,EUR
2026,322,СУСВПАТРИАРХЕВТИМИЙ,"СУ ""Св. Патриарх Евтимий""",formula,all-day-pupils,236004,EUR
2026,322,СУСВПАТРИАРХЕВТИМИЙ,"СУ ""Св. Патриарх Евтимий""",above,facilities,27504,EUR
2026,322,СУСВПАТРИАРХЕВТИМИЙ,"СУ ""Св. Патриарх Евтимий""",above,meals-school,51672,EUR
2026,322,СУСВПАТРИАРХЕВТИМИЙ,"СУ ""Св. Патриарх Евтимий""",above,upper-secondary,52461,EUR
2026,322,СУСВПАТРИАРХЕВТИМИЙ,"СУ ""Св. Патриарх Евтимий""",above,interests,38107,EUR
2026,322,СУСВПАТРИАРХЕВТИМИЙ,"СУ ""Св. Патриарх Евтимий""",above,special-centre,22,EUR
2026,322,СУСВПАТРИАРХЕВТИМИЙ,"СУ ""Св. Патриарх Евтимий""",above,scholarships,30753,EUR
2026,322,СУСВПАТРИАРХЕВТИМИЙ,"СУ ""Св. Патриарх Евтимий""",count,pupils,1528,
2026,322,СУЦАРСИМЕОНВЕЛИКИ,"СУ ""Цар Симеон Велики""",formula,pupils,825163,EUR
2026,322,СУЦАРСИМЕОНВЕЛИКИ,"СУ ""Цар Симеон Велики""",formula,classes,184551,EUR
2026,322,СУЦАРСИМЕОНВЕЛИКИ,"СУ ""Цар Симеон Велики""",formula,floor-area,17498,EUR
2026,322,СУЦАРСИМЕОНВЕЛИКИ,"СУ ""Цар Симеон Велики""",formula,reserve,6603,EUR
2026,322,СУЦАРСИМЕОНВЕЛИКИ,"СУ ""Цар Симеон Велики""",formula,institution,44500,EUR
2026,322,СУЦАРСИМЕОНВЕЛИКИ,"СУ ""Цар Симеон Велики""",formula,individual,10448,EUR
2026,322,СУЦАРСИМЕОНВЕЛИКИ,"СУ ""Цар Симеон Велики""",formula,self-study,4130,EUR
2026,322,СУЦАРСИМЕОНВЕЛИКИ,"СУ ""Цар Симеон Велики""",formula,all-day-groups,12708,EUR
2026,322,СУЦАРСИМЕОНВЕЛИКИ,"СУ ""Цар Симеон Велики""",formula,all-day-pupils,103944,EUR
2026,322,СУЦАРСИМЕОНВЕЛИКИ,"СУ ""Цар Симеон Велики""",above,facilities,8172,EUR
2026,322,СУЦАРСИМЕОНВЕЛИКИ,"СУ ""Цар Симеон Велики""",above,meals-school,20505,EUR
2026,322,СУЦАРСИМЕОНВЕЛИКИ,"СУ ""Цар Симеон Велики""",above,upper-secondary,21837,EUR
2026,322,СУЦАРСИМЕОНВЕЛИКИ,"СУ ""Цар Симеон Велики""",above,interests,12331,EUR
2026,322,СУЦАРСИМЕОНВЕЛИКИ,"СУ ""Цар Симеон Велики""",above,special-centre,22,EUR
2026,322,СУЦАРСИМЕОНВЕЛИКИ,"СУ ""Цар Симеон Велики""",above,scholarships,12903,EUR
2026,322,СУЦАРСИМЕОНВЕЛИКИ,"СУ ""Цар Симеон Велики""",count,pupils,454,
2026,322,НУКИРИЛНЕКТАРИЕВ,"HУ ""Кирил Hектариев""",formula,pupils,294441,EUR
2026,322,НУКИРИЛНЕКТАРИЕВ,"HУ ""Кирил Hектариев""",formula,classes,73820,EUR
2026,322,НУКИРИЛНЕКТАРИЕВ,"HУ ""Кирил Hектариев""",formula,floor-area,11940,EUR
2026,322,НУКИРИЛНЕКТАРИЕВ,"HУ ""Кирил Hектариев""",formula,small-school,9246,EUR
2026,322,НУКИРИЛНЕКТАРИЕВ,"HУ ""Кирил Hектариев""",formula,reserve,2356,EUR
2026,322,НУКИРИЛНЕКТАРИЕВ,"HУ ""Кирил Hектариев""",formula,institution,44500,EUR
2026,322,НУКИРИЛНЕКТАРИЕВ,"HУ ""Кирил Hектариев""",formula,all-day-groups,8472,EUR
2026,322,НУКИРИЛНЕКТАРИЕВ,"HУ ""Кирил Hектариев""",formula,all-day-pupils,84348,EUR
2026,322,НУКИРИЛНЕКТАРИЕВ,"HУ ""Кирил Hектариев""",above,facilities,2916,EUR
2026,322,НУКИРИЛНЕКТАРИЕВ,"HУ ""Кирил Hектариев""",above,meals-school,26410,EUR
2026,322,НУКИРИЛНЕКТАРИЕВ,"HУ ""Кирил Hектариев""",above,interests,5323,EUR
2026,322,НУКИРИЛНЕКТАРИЕВ,"HУ ""Кирил Hектариев""",count,pupils,162,
2026,322,НУПРСЛАВЕЙКОВ,"HУ ""П. Р. Славейков""",formula,pupils,659767,EUR
2026,322,НУПРСЛАВЕЙКОВ,"HУ ""П. Р. Славейков""",formula,classes,138413,EUR
2026,322,НУПРСЛАВЕЙКОВ,"HУ ""П. Р. Славейков""",formula,floor-area,7712,EUR
2026,322,НУПРСЛАВЕЙКОВ,"HУ ""П. Р. Славейков""",formula,reserve,5280,EUR
2026,322,НУПРСЛАВЕЙКОВ,"HУ ""П. Р. Славейков""",formula,institution,44500,EUR
2026,322,НУПРСЛАВЕЙКОВ,"HУ ""П. Р. Славейков""",formula,all-day-groups,29652,EUR
2026,322,НУПРСЛАВЕЙКОВ,"HУ ""П. Р. Славейков""",formula,all-day-pupils,295644,EUR
2026,322,НУПРСЛАВЕЙКОВ,"HУ ""П. Р. Славейков""",above,facilities,6534,EUR
2026,322,НУПРСЛАВЕЙКОВ,"HУ ""П. Р. Славейков""",above,meals-school,59546,EUR
2026,322,НУПРСЛАВЕЙКОВ,"HУ ""П. Р. Славейков""",above,interests,10147,EUR
2026,322,НУПРСЛАВЕЙКОВ,"HУ ""П. Р. Славейков""",above,special-centre,11,EUR
2026,322,НУПРСЛАВЕЙКОВ,"HУ ""П. Р. Славейков""",count,pupils,363,
2026,322,ОУВЛЕВСКИ,"ОУ ""В. Левски""",formula,pupils,1059626,EUR
2026,322,ОУВЛЕВСКИ,"ОУ ""В. Левски""",formula,classes,221461,EUR
2026,322,ОУВЛЕВСКИ,"ОУ ""В. Левски""",formula,floor-area,14871,EUR
2026,322,ОУВЛЕВСКИ,"ОУ ""В. Левски""",formula,reserve,8480,EUR
2026,322,ОУВЛЕВСКИ,"ОУ ""В. Левски""",formula,institution,44500,EUR
2026,322,ОУВЛЕВСКИ,"ОУ ""В. Левски""",formula,all-day-groups,29652,EUR
2026,322,ОУВЛЕВСКИ,"ОУ ""В. Левски""",formula,all-day-pupils,271788,EUR
2026,322,ОУВЛЕВСКИ,"ОУ ""В. Левски""",above,combined-form,1525,EUR
2026,322,ОУВЛЕВСКИ,"ОУ ""В. Левски""",above,facilities,10494,EUR
2026,322,ОУВЛЕВСКИ,"ОУ ""В. Левски""",above,meals-school,47243,EUR
2026,322,ОУВЛЕВСКИ,"ОУ ""В. Левски""",above,interests,15427,EUR
2026,322,ОУВЛЕВСКИ,"ОУ ""В. Левски""",above,special-centre,33,EUR
2026,322,ОУВЛЕВСКИ,"ОУ ""В. Левски""",count,pupils,583,
2026,322,ОУДДЕБЕЛЯНОВ,"ОУ ""Д. Дебелянов""",formula,pupils,1046903,EUR
2026,322,ОУДДЕБЕЛЯНОВ,"ОУ ""Д. Дебелянов""",formula,classes,239916,EUR
2026,322,ОУДДЕБЕЛЯНОВ,"ОУ ""Д. Дебелянов""",formula,floor-area,27666,EUR
2026,322,ОУДДЕБЕЛЯНОВ,"ОУ ""Д. Дебелянов""",formula,reserve,8378,EUR
2026,322,ОУДДЕБЕЛЯНОВ,"ОУ ""Д. Дебелянов""",formula,institution,44500,EUR
2026,322,ОУДДЕБЕЛЯНОВ,"ОУ ""Д. Дебелянов""",formula,self-study,590,EUR
2026,322,ОУДДЕБЕЛЯНОВ,"ОУ ""Д. Дебелянов""",formula,all-day-groups,16944,EUR
2026,322,ОУДДЕБЕЛЯНОВ,"ОУ ""Д. Дебелянов""",formula,all-day-pupils,164436,EUR
2026,322,ОУДДЕБЕЛЯНОВ,"ОУ ""Д. Дебелянов""",above,facilities,10368,EUR
2026,322,ОУДДЕБЕЛЯНОВ,"ОУ ""Д. Дебелянов""",above,meals-school,54952,EUR
2026,322,ОУДДЕБЕЛЯНОВ,"ОУ ""Д. Дебелянов""",above,interests,15259,EUR
2026,322,ОУДДЕБЕЛЯНОВ,"ОУ ""Д. Дебелянов""",above,special-centre,11,EUR
2026,322,ОУДДЕБЕЛЯНОВ,"ОУ ""Д. Дебелянов""",count,pupils,576,
2026,322,ОБУПСЛАВЕЙКОВ,"ОбУ ""П. Славейков""",formula,pupils,963296,EUR
2026,322,ОБУПСЛАВЕЙКОВ,"ОбУ ""П. Славейков""",formula,classes,212233,EUR
2026,322,ОБУПСЛАВЕЙКОВ,"ОбУ ""П. Славейков""",formula,floor-area,22476,EUR
2026,322,ОБУПСЛАВЕЙКОВ,"ОбУ ""П. Славейков""",formula,reserve,7709,EUR
2026,322,ОБУПСЛАВЕЙКОВ,"ОбУ ""П. Славейков""",formula,institution,44500,EUR
2026,322,ОБУПСЛАВЕЙКОВ,"ОбУ ""П. Славейков""",formula,individual,10448,EUR
2026,322,ОБУПСЛАВЕЙКОВ,"ОбУ ""П. Славейков""",formula,self-study,82600,EUR
2026,322,ОБУПСЛАВЕЙКОВ,"ОбУ ""П. Славейков""",formula,all-day-groups,14826,EUR
2026,322,ОБУПСЛАВЕЙКОВ,"ОбУ ""П. Славейков""",formula,all-day-pupils,140580,EUR
2026,322,ОБУПСЛАВЕЙКОВ,"ОбУ ""П. Славейков""",above,facilities,9540,EUR
2026,322,ОБУПСЛАВЕЙКОВ,"ОбУ ""П. Славейков""",above,meals-school,47735,EUR
2026,322,ОБУПСЛАВЕЙКОВ,"ОбУ ""П. Славейков""",above,interests,14155,EUR
2026,322,ОБУПСЛАВЕЙКОВ,"ОбУ ""П. Славейков""",count,pupils,530,
2026,322,СУНГЕРОВ,"СУ ""H. Геров""",formula,pupils,968749,EUR
2026,322,СУНГЕРОВ,"СУ ""H. Геров""",formula,classes,212233,EUR
2026,322,СУНГЕРОВ,"СУ ""H. Геров""",formula,floor-area,19522,EUR
2026,322,СУНГЕРОВ,"СУ ""H. Геров""",formula,reserve,7752,EUR
2026,322,СУНГЕРОВ,"СУ ""H. Геров""",formula,institution,44500,EUR
2026,322,СУНГЕРОВ,"СУ ""H. Геров""",formula,self-study,73750,EUR
2026,322,СУНГЕРОВ,"СУ ""H. Геров""",formula,all-day-groups,16944,EUR
2026,322,СУНГЕРОВ,"СУ ""H. Геров""",formula,all-day-pupils,137172,EUR
2026,322,СУНГЕРОВ,"СУ ""H. Геров""",above,facilities,9594,EUR
2026,322,СУНГЕРОВ,"СУ ""H. Геров""",above,meals-school,31659,EUR
2026,322,СУНГЕРОВ,"СУ ""H. Геров""",above,upper-secondary,13137,EUR
2026,322,СУНГЕРОВ,"СУ ""H. Геров""",above,interests,14227,EUR
2026,322,СУНГЕРОВ,"СУ ""H. Геров""",above,special-centre,55,EUR
2026,322,СУНГЕРОВ,"СУ ""H. Геров""",above,scholarships,7701,EUR
2026,322,СУНГЕРОВ,"СУ ""H. Геров""",count,pupils,533,
2026,322,СУСБОЛИВАР,"СУ ""С. Боливар""",formula,pupils,710658,EUR
2026,322,СУСБОЛИВАР,"СУ ""С. Боливар""",formula,classes,166096,EUR
2026,322,СУСБОЛИВАР,"СУ ""С. Боливар""",formula,floor-area,26176,EUR
2026,322,СУСБОЛИВАР,"СУ ""С. Боливар""",formula,reserve,5687,EUR
2026,322,СУСБОЛИВАР,"СУ ""С. Боливар""",formula,institution,44500,EUR
2026,322,СУСБОЛИВАР,"СУ ""С. Боливар""",formula,individual,10448,EUR
2026,322,СУСБОЛИВАР,"СУ ""С. Боливар""",formula,self-study,5310,EUR
2026,322,СУСБОЛИВАР,"СУ ""С. Боливар""",formula,all-day-groups,16944,EUR
2026,322,СУСБОЛИВАР,"СУ ""С. Боливар""",formula,all-day-pupils,156768,EUR
2026,322,СУСБОЛИВАР,"СУ ""С. Боливар""",above,facilities,7038,EUR
2026,322,СУСБОЛИВАР,"СУ ""С. Боливар""",above,meals-school,33464,EUR
2026,322,СУСБОЛИВАР,"СУ ""С. Боливар""",above,upper-secondary,4350,EUR
2026,322,СУСБОЛИВАР,"СУ ""С. Боливар""",above,interests,10819,EUR
2026,322,СУСБОЛИВАР,"СУ ""С. Боливар""",above,special-centre,66,EUR
2026,322,СУСБОЛИВАР,"СУ ""С. Боливар""",above,scholarships,2550,EUR
2026,322,СУСБОЛИВАР,"СУ ""С. Боливар""",count,pupils,391,
2026,322,ОУВПЕТЛЕШКОВ,"ОУ ""В. Петлешков""",formula,pupils,865149,EUR
2026,322,ОУВПЕТЛЕШКОВ,"ОУ ""В. Петлешков""",formula,classes,184551,EUR
2026,322,ОУВПЕТЛЕШКОВ,"ОУ ""В. Петлешков""",formula,floor-area,8583,EUR
2026,322,ОУВПЕТЛЕШКОВ,"ОУ ""В. Петлешков""",formula,reserve,6923,EUR
2026,322,ОУВПЕТЛЕШКОВ,"ОУ ""В. Петлешков""",formula,institution,44500,EUR
2026,322,ОУВПЕТЛЕШКОВ,"ОУ ""В. Петлешков""",formula,all-day-groups,25416,EUR
2026,322,ОУВПЕТЛЕШКОВ,"ОУ ""В. Петлешков""",formula,all-day-pupils,236004,EUR
2026,322,ОУВПЕТЛЕШКОВ,"ОУ ""В. Петлешков""",above,combined-form,1525,EUR
2026,322,ОУВПЕТЛЕШКОВ,"ОУ ""В. Петлешков""",above,facilities,8568,EUR
2026,322,ОУВПЕТЛЕШКОВ,"ОУ ""В. Петлешков""",above,meals-school,46915,EUR
2026,322,ОУВПЕТЛЕШКОВ,"ОУ ""В. Петлешков""",above,interests,12859,EUR
2026,322,ОУВПЕТЛЕШКОВ,"ОУ ""В. Петлешков""",above,special-centre,11,EUR
2026,322,ОУВПЕТЛЕШКОВ,"ОУ ""В. Петлешков""",count,pupils,476,
2026,322,ОУДРАГАНМАНЧОВ,"ОУ ""Драган Манчов""",formula,pupils,1099612,EUR
2026,322,ОУДРАГАНМАНЧОВ,"ОУ ""Драган Манчов""",formula,classes,221461,EUR
2026,322,ОУДРАГАНМАНЧОВ,"ОУ ""Драган Манчов""",formula,floor-area,22180,EUR
2026,322,ОУДРАГАНМАНЧОВ,"ОУ ""Драган Манчов""",formula,reserve,8800,EUR
2026,322,ОУДРАГАНМАНЧОВ,"ОУ ""Драган Манчов""",formula,institution,44500,EUR
2026,322,ОУДРАГАНМАНЧОВ,"ОУ ""Драган Манчов""",formula,individual,5224,EUR
2026,322,ОУДРАГАНМАНЧОВ,"ОУ ""Драган Манчов""",formula,all-day-groups,29652,EUR
2026,322,ОУДРАГАНМАНЧОВ,"ОУ ""Драган Манчов""",formula,all-day-pupils,295644,EUR
2026,322,ОУДРАГАНМАНЧОВ,"ОУ ""Драган Манчов""",above,combined-form,9150,EUR
2026,322,ОУДРАГАНМАНЧОВ,"ОУ ""Драган Манчов""",above,facilities,10890,EUR
2026,322,ОУДРАГАНМАНЧОВ,"ОУ ""Драган Манчов""",above,meals-school,61842,EUR
2026,322,ОУДРАГАНМАНЧОВ,"ОУ ""Драган Манчов""",above,interests,15955,EUR
2026,322,ОУДРАГАНМАНЧОВ,"ОУ ""Драган Манчов""",above,special-centre,22,EUR
2026,322,ОУДРАГАНМАНЧОВ,"ОУ ""Драган Манчов""",count,pupils,605,
2026,322,ОУЕПЕЛИН,"ОУ ""Е. Пелин""",formula,pupils,710658,EUR
2026,322,ОУЕПЕЛИН,"ОУ ""Е. Пелин""",formula,classes,156868,EUR
2026,322,ОУЕПЕЛИН,"ОУ ""Е. Пелин""",formula,floor-area,8762,EUR
2026,322,ОУЕПЕЛИН,"ОУ ""Е. Пелин""",formula,reserve,5687,EUR
2026,322,ОУЕПЕЛИН,"ОУ ""Е. Пелин""",formula,institution,44500,EUR
2026,322,ОУЕПЕЛИН,"ОУ ""Е. Пелин""",formula,self-study,590,EUR
2026,322,ОУЕПЕЛИН,"ОУ ""Е. Пелин""",formula,all-day-groups,23298,EUR
2026,322,ОУЕПЕЛИН,"ОУ ""Е. Пелин""",formula,all-day-pupils,207036,EUR
2026,322,ОУЕПЕЛИН,"ОУ ""Е. Пелин""",above,combined-form,7625,EUR
2026,322,ОУЕПЕЛИН,"ОУ ""Е. Пелин""",above,facilities,7038,EUR
2026,322,ОУЕПЕЛИН,"ОУ ""Е. Пелин""",above,meals-school,41173,EUR
2026,322,ОУЕПЕЛИН,"ОУ ""Е. Пелин""",above,interests,10819,EUR
2026,322,ОУЕПЕЛИН,"ОУ ""Е. Пелин""",above,special-centre,55,EUR
2026,322,ОУЕПЕЛИН,"ОУ ""Е. Пелин""",count,pupils,391,
2026,322,ОУТКАБЛЕШКОВ,"ОУ ""Т. Каблешков""",formula,pupils,374413,EUR
2026,322,ОУТКАБЛЕШКОВ,"ОУ ""Т. Каблешков""",formula,classes,92275,EUR
2026,322,ОУТКАБЛЕШКОВ,"ОУ ""Т. Каблешков""",formula,floor-area,7814,EUR
2026,322,ОУТКАБЛЕШКОВ,"ОУ ""Т. Каблешков""",formula,small-school,6298,EUR
2026,322,ОУТКАБЛЕШКОВ,"ОУ ""Т. Каблешков""",formula,reserve,2996,EUR
2026,322,ОУТКАБЛЕШКОВ,"ОУ ""Т. Каблешков""",formula,institution,44500,EUR
2026,322,ОУТКАБЛЕШКОВ,"ОУ ""Т. Каблешков""",formula,individual,5224,EUR
2026,322,ОУТКАБЛЕШКОВ,"ОУ ""Т. Каблешков""",formula,all-day-groups,16944,EUR
2026,322,ОУТКАБЛЕШКОВ,"ОУ ""Т. Каблешков""",formula,all-day-pupils,129504,EUR
2026,322,ОУТКАБЛЕШКОВ,"ОУ ""Т. Каблешков""",above,combined-form,1525,EUR
2026,322,ОУТКАБЛЕШКОВ,"ОУ ""Т. Каблешков""",above,facilities,3708,EUR
2026,322,ОУТКАБЛЕШКОВ,"ОУ ""Т. Каблешков""",above,meals-school,22801,EUR
2026,322,ОУТКАБЛЕШКОВ,"ОУ ""Т. Каблешков""",above,interests,6379,EUR
2026,322,ОУТКАБЛЕШКОВ,"ОУ ""Т. Каблешков""",above,special-centre,11,EUR
2026,322,ОУТКАБЛЕШКОВ,"ОУ ""Т. Каблешков""",count,pupils,206,
2026,322,СУСВСВКИРИЛИМЕТОДИЙ,"СУ ""Св. Св. Кирил и Методий""",formula,pupils,572525,EUR
2026,322,СУСВСВКИРИЛИМЕТОДИЙ,"СУ ""Св. Св. Кирил и Методий""",formula,classes,138413,EUR
2026,322,СУСВСВКИРИЛИМЕТОДИЙ,"СУ ""Св. Св. Кирил и Методий""",formula,floor-area,21533,EUR
2026,322,СУСВСВКИРИЛИМЕТОДИЙ,"СУ ""Св. Св. Кирил и Методий""",formula,reserve,4582,EUR
2026,322,СУСВСВКИРИЛИМЕТОДИЙ,"СУ ""Св. Св. Кирил и Методий""",formula,institution,44500,EUR
2026,322,СУСВСВКИРИЛИМЕТОДИЙ,"СУ ""Св. Св. Кирил и Методий""",formula,all-day-groups,21180,EUR
2026,322,СУСВСВКИРИЛИМЕТОДИЙ,"СУ ""Св. Св. Кирил и Методий""",formula,all-day-pupils,161028,EUR
2026,322,СУСВСВКИРИЛИМЕТОДИЙ,"СУ ""Св. Св. Кирил и Методий""",above,facilities,5670,EUR
2026,322,СУСВСВКИРИЛИМЕТОДИЙ,"СУ ""Св. Св. Кирил и Методий""",above,meals-school,33300,EUR
2026,322,СУСВСВКИРИЛИМЕТОДИЙ,"СУ ""Св. Св. Кирил и Методий""",above,interests,8995,EUR
2026,322,СУСВСВКИРИЛИМЕТОДИЙ,"СУ ""Св. Св. Кирил и Методий""",count,pupils,315,
2026,322,МГАКАДЕМИККИРИЛПОПОВ,"МГ ""Академик Кирил Попов""",formula,pupils,1468572,EUR
2026,322,МГАКАДЕМИККИРИЛПОПОВ,"МГ ""Академик Кирил Попов""",formula,classes,286053,EUR
2026,322,МГАКАДЕМИККИРИЛПОПОВ,"МГ ""Академик Кирил Попов""",formula,floor-area,28416,EUR
2026,322,МГАКАДЕМИККИРИЛПОПОВ,"МГ ""Академик Кирил Попов""",formula,reserve,11752,EUR
2026,322,МГАКАДЕМИККИРИЛПОПОВ,"МГ ""Академик Кирил Попов""",formula,institution,44500,EUR
2026,322,МГАКАДЕМИККИРИЛПОПОВ,"МГ ""Академик Кирил Попов""",above,facilities,14544,EUR
2026,322,МГАКАДЕМИККИРИЛПОПОВ,"МГ ""Академик Кирил Попов""",above,upper-secondary,56376,EUR
2026,322,МГАКАДЕМИККИРИЛПОПОВ,"МГ ""Академик Кирил Попов""",above,interests,20827,EUR
2026,322,МГАКАДЕМИККИРИЛПОПОВ,"МГ ""Академик Кирил Попов""",above,scholarships,33048,EUR
2026,322,МГАКАДЕМИККИРИЛПОПОВ,"МГ ""Академик Кирил Попов""",count,pupils,808,
2026,322,НУХРБОТЕВ,"HУ ""Хр. Ботев""",formula,pupils,797900,EUR
2026,322,НУХРБОТЕВ,"HУ ""Хр. Ботев""",formula,classes,175323,EUR
2026,322,НУХРБОТЕВ,"HУ ""Хр. Ботев""",formula,floor-area,10204,EUR
2026,322,НУХРБОТЕВ,"HУ ""Хр. Ботев""",formula,reserve,6385,EUR
2026,322,НУХРБОТЕВ,"HУ ""Хр. Ботев""",formula,institution,44500,EUR
2026,322,НУХРБОТЕВ,"HУ ""Хр. Ботев""",formula,all-day-groups,38124,EUR
2026,322,НУХРБОТЕВ,"HУ ""Хр. Ботев""",formula,all-day-pupils,333984,EUR
2026,322,НУХРБОТЕВ,"HУ ""Хр. Ботев""",above,facilities,7902,EUR
2026,322,НУХРБОТЕВ,"HУ ""Хр. Ботев""",above,meals-school,72176,EUR
2026,322,НУХРБОТЕВ,"HУ ""Хр. Ботев""",above,interests,11971,EUR
2026,322,НУХРБОТЕВ,"HУ ""Хр. Ботев""",count,pupils,439,
2026,322,ОУДДИМОВ,"ОУ ""Д. Димов""",formula,pupils,492553,EUR
2026,322,ОУДДИМОВ,"ОУ ""Д. Димов""",formula,classes,129185,EUR
2026,322,ОУДДИМОВ,"ОУ ""Д. Димов""",formula,floor-area,13026,EUR
2026,322,ОУДДИМОВ,"ОУ ""Д. Димов""",formula,small-school,1943,EUR
2026,322,ОУДДИМОВ,"ОУ ""Д. Димов""",formula,reserve,3942,EUR
2026,322,ОУДДИМОВ,"ОУ ""Д. Димов""",formula,institution,44500,EUR
2026,322,ОУДДИМОВ,"ОУ ""Д. Димов""",formula,individual,5224,EUR
2026,322,ОУДДИМОВ,"ОУ ""Д. Димов""",formula,all-day-groups,25416,EUR
2026,322,ОУДДИМОВ,"ОУ ""Д. Димов""",formula,all-day-pupils,187440,EUR
2026,322,ОУДДИМОВ,"ОУ ""Д. Димов""",above,combined-form,3050,EUR
2026,322,ОУДДИМОВ,"ОУ ""Д. Димов""",above,facilities,4878,EUR
2026,322,ОУДДИМОВ,"ОУ ""Д. Димов""",above,meals-school,26410,EUR
2026,322,ОУДДИМОВ,"ОУ ""Д. Димов""",above,interests,7939,EUR
2026,322,ОУДДИМОВ,"ОУ ""Д. Димов""",above,special-centre,44,EUR
2026,322,ОУДДИМОВ,"ОУ ""Д. Димов""",count,pupils,271,
2026,322,ОБУЙЙОВКОВ,"ОбУ ""Й. Йовков""",formula,pupils,241733,EUR
2026,322,ОБУЙЙОВКОВ,"ОбУ ""Й. Йовков""",formula,classes,64593,EUR
2026,322,ОБУЙЙОВКОВ,"ОбУ ""Й. Йовков""",formula,floor-area,11390,EUR
2026,322,ОБУЙЙОВКОВ,"ОбУ ""Й. Йовков""",formula,small-school,11189,EUR
2026,322,ОБУЙЙОВКОВ,"ОбУ ""Й. Йовков""",formula,reserve,1934,EUR
2026,322,ОБУЙЙОВКОВ,"ОбУ ""Й. Йовков""",formula,institution,44500,EUR
2026,322,ОБУЙЙОВКОВ,"ОбУ ""Й. Йовков""",formula,individual,10448,EUR
2026,322,ОБУЙЙОВКОВ,"ОбУ ""Й. Йовков""",formula,all-day-groups,8472,EUR
2026,322,ОБУЙЙОВКОВ,"ОбУ ""Й. Йовков""",formula,all-day-pupils,83496,EUR
2026,322,ОБУЙЙОВКОВ,"ОбУ ""Й. Йовков""",above,facilities,2394,EUR
2026,322,ОБУЙЙОВКОВ,"ОбУ ""Й. Йовков""",above,meals-school,10170,EUR
2026,322,ОБУЙЙОВКОВ,"ОбУ ""Й. Йовков""",above,interests,4627,EUR
2026,322,ОБУЙЙОВКОВ,"ОбУ ""Й. Йовков""",count,pupils,133,
2026,322,ОУПВОЛОВ,"ОУ ""П. Волов""",formula,pupils,536174,EUR
2026,322,ОУПВОЛОВ,"ОУ ""П. Волов""",formula,classes,138413,EUR
2026,322,ОУПВОЛОВ,"ОУ ""П. Волов""",formula,floor-area,24438,EUR
2026,322,ОУПВОЛОВ,"ОУ ""П. Волов""",formula,small-school,335,EUR
2026,322,ОУПВОЛОВ,"ОУ ""П. Волов""",formula,reserve,4291,EUR
2026,322,ОУПВОЛОВ,"ОУ ""П. Волов""",formula,institution,44500,EUR
2026,322,ОУПВОЛОВ,"ОУ ""П. Волов""",formula,individual,15672,EUR
2026,322,ОУПВОЛОВ,"ОУ ""П. Волов""",formula,self-study,1770,EUR
2026,322,ОУПВОЛОВ,"ОУ ""П. Волов""",formula,all-day-groups,6354,EUR
2026,322,ОУПВОЛОВ,"ОУ ""П. Волов""",formula,all-day-pupils,61344,EUR
2026,322,ОУПВОЛОВ,"ОУ ""П. Волов""",above,facilities,5310,EUR
2026,322,ОУПВОЛОВ,"ОУ ""П. Волов""",above,meals-school,23785,EUR
2026,322,ОУПВОЛОВ,"ОУ ""П. Волов""",above,interests,8515,EUR
2026,322,ОУПВОЛОВ,"ОУ ""П. Волов""",count,pupils,295,
2026,322,ОУРАЙНАКНЯГИНЯ,"ОУ ""Райна Княгиня""",formula,pupils,1497653,EUR
2026,322,ОУРАЙНАКНЯГИНЯ,"ОУ ""Райна Княгиня""",formula,classes,322964,EUR
2026,322,ОУРАЙНАКНЯГИНЯ,"ОУ ""Райна Княгиня""",formula,floor-area,24712,EUR
2026,322,ОУРАЙНАКНЯГИНЯ,"ОУ ""Райна Княгиня""",formula,reserve,11985,EUR
2026,322,ОУРАЙНАКНЯГИНЯ,"ОУ ""Райна Княгиня""",formula,institution,44500,EUR
2026,322,ОУРАЙНАКНЯГИНЯ,"ОУ ""Райна Княгиня""",formula,all-day-groups,29652,EUR
2026,322,ОУРАЙНАКНЯГИНЯ,"ОУ ""Райна Княгиня""",formula,all-day-pupils,279456,EUR
2026,322,ОУРАЙНАКНЯГИНЯ,"ОУ ""Райна Княгиня""",above,facilities,14832,EUR
2026,322,ОУРАЙНАКНЯГИНЯ,"ОУ ""Райна Княгиня""",above,meals-school,74145,EUR
2026,322,ОУРАЙНАКНЯГИНЯ,"ОУ ""Райна Княгиня""",above,interests,21211,EUR
2026,322,ОУРАЙНАКНЯГИНЯ,"ОУ ""Райна Княгиня""",count,pupils,824,
2026,322,СУНВАПЦАРОВ,"СУ ""H. Вапцаров""",formula,pupils,583430,EUR
2026,322,СУНВАПЦАРОВ,"СУ ""H. Вапцаров""",formula,classes,129185,EUR
2026,322,СУНВАПЦАРОВ,"СУ ""H. Вапцаров""",formula,floor-area,18081,EUR
2026,322,СУНВАПЦАРОВ,"СУ ""H. Вапцаров""",formula,reserve,4669,EUR
2026,322,СУНВАПЦАРОВ,"СУ ""H. Вапцаров""",formula,institution,44500,EUR
2026,322,СУНВАПЦАРОВ,"СУ ""H. Вапцаров""",formula,all-day-groups,21180,EUR
2026,322,СУНВАПЦАРОВ,"СУ ""H. Вапцаров""",formula,all-day-pupils,193404,EUR
2026,322,СУНВАПЦАРОВ,"СУ ""H. Вапцаров""",above,facilities,5778,EUR
2026,322,СУНВАПЦАРОВ,"СУ ""H. Вапцаров""",above,meals-school,31659,EUR
2026,322,СУНВАПЦАРОВ,"СУ ""H. Вапцаров""",above,interests,9139,EUR
2026,322,СУНВАПЦАРОВ,"СУ ""H. Вапцаров""",count,pupils,321,
2026,322,СУПКЯВОРОВ,"СУ ""П. К. Яворов""",formula,pupils,1435857,EUR
2026,322,СУПКЯВОРОВ,"СУ ""П. К. Яворов""",formula,classes,304508,EUR
2026,322,СУПКЯВОРОВ,"СУ ""П. К. Яворов""",formula,floor-area,21228,EUR
2026,322,СУПКЯВОРОВ,"СУ ""П. К. Яворов""",formula,reserve,11491,EUR
2026,322,СУПКЯВОРОВ,"СУ ""П. К. Яворов""",formula,institution,44500,EUR
2026,322,СУПКЯВОРОВ,"СУ ""П. К. Яворов""",formula,individual,20896,EUR
2026,322,СУПКЯВОРОВ,"СУ ""П. К. Яворов""",formula,self-study,37170,EUR
2026,322,СУПКЯВОРОВ,"СУ ""П. К. Яворов""",formula,all-day-groups,31770,EUR
2026,322,СУПКЯВОРОВ,"СУ ""П. К. Яворов""",formula,all-day-pupils,299904,EUR
2026,322,СУПКЯВОРОВ,"СУ ""П. К. Яворов""",above,facilities,14220,EUR
2026,322,СУПКЯВОРОВ,"СУ ""П. К. Яворов""",above,meals-school,47899,EUR
2026,322,СУПКЯВОРОВ,"СУ ""П. К. Яворов""",above,upper-secondary,22185,EUR
2026,322,СУПКЯВОРОВ,"СУ ""П. К. Яворов""",above,interests,20395,EUR
2026,322,СУПКЯВОРОВ,"СУ ""П. К. Яворов""",above,special-centre,22,EUR
2026,322,СУПКЯВОРОВ,"СУ ""П. К. Яворов""",above,scholarships,13107,EUR
2026,322,СУПКЯВОРОВ,"СУ ""П. К. Яворов""",count,pupils,790,
2026,322,СУХРГДАНОВ,"СУ ""Хр. Г. Данов""",formula,pupils,783360,EUR
2026,322,СУХРГДАНОВ,"СУ ""Хр. Г. Данов""",formula,classes,175323,EUR
2026,322,СУХРГДАНОВ,"СУ ""Хр. Г. Данов""",formula,floor-area,14517,EUR
2026,322,СУХРГДАНОВ,"СУ ""Хр. Г. Данов""",formula,reserve,6269,EUR
2026,322,СУХРГДАНОВ,"СУ ""Хр. Г. Данов""",formula,institution,44500,EUR
2026,322,СУХРГДАНОВ,"СУ ""Хр. Г. Данов""",formula,individual,10448,EUR
2026,322,СУХРГДАНОВ,"СУ ""Хр. Г. Данов""",formula,self-study,1770,EUR
2026,322,СУХРГДАНОВ,"СУ ""Хр. Г. Данов""",formula,all-day-groups,21180,EUR
2026,322,СУХРГДАНОВ,"СУ ""Хр. Г. Данов""",formula,all-day-pupils,198516,EUR
2026,322,СУХРГДАНОВ,"СУ ""Хр. Г. Данов""",above,combined-form,7625,EUR
2026,322,СУХРГДАНОВ,"СУ ""Хр. Г. Данов""",above,facilities,7758,EUR
2026,322,СУХРГДАНОВ,"СУ ""Хр. Г. Данов""",above,meals-school,38221,EUR
2026,322,СУХРГДАНОВ,"СУ ""Хр. Г. Данов""",above,interests,11779,EUR
2026,322,СУХРГДАНОВ,"СУ ""Хр. Г. Данов""",count,pupils,431,
2026,322,ЕГПЛОВДИВ,"ЕГ ""Пловдив""",formula,pupils,2413693,EUR
2026,322,ЕГПЛОВДИВ,"ЕГ ""Пловдив""",formula,classes,461377,EUR
2026,322,ЕГПЛОВДИВ,"ЕГ ""Пловдив""",formula,floor-area,19387,EUR
2026,322,ЕГПЛОВДИВ,"ЕГ ""Пловдив""",formula,reserve,19316,EUR
2026,322,ЕГПЛОВДИВ,"ЕГ ""Пловдив""",formula,institution,44500,EUR
2026,322,ЕГПЛОВДИВ,"ЕГ ""Пловдив""",formula,self-study,1180,EUR
2026,322,ЕГПЛОВДИВ,"ЕГ ""Пловдив""",above,facilities,23904,EUR
2026,322,ЕГПЛОВДИВ,"ЕГ ""Пловдив""",above,upper-secondary,115536,EUR
2026,322,ЕГПЛОВДИВ,"ЕГ ""Пловдив""",above,interests,33307,EUR
2026,322,ЕГПЛОВДИВ,"ЕГ ""Пловдив""",above,scholarships,67728,EUR
2026,322,ЕГПЛОВДИВ,"ЕГ ""Пловдив""",count,pupils,1328,
2026,322,ЕГИВВАЗОВ,"ЕГ ""Ив.Вазов""",formula,pupils,2155602,EUR
2026,322,ЕГИВВАЗОВ,"ЕГ ""Ив.Вазов""",formula,classes,415239,EUR
2026,322,ЕГИВВАЗОВ,"ЕГ ""Ив.Вазов""",formula,floor-area,20584,EUR
2026,322,ЕГИВВАЗОВ,"ЕГ ""Ив.Вазов""",formula,reserve,17250,EUR
2026,322,ЕГИВВАЗОВ,"ЕГ ""Ив.Вазов""",formula,institution,44500,EUR
2026,322,ЕГИВВАЗОВ,"ЕГ ""Ив.Вазов""",formula,self-study,2950,EUR
2026,322,ЕГИВВАЗОВ,"ЕГ ""Ив.Вазов""",above,facilities,21348,EUR
2026,322,ЕГИВВАЗОВ,"ЕГ ""Ив.Вазов""",above,upper-secondary,103182,EUR
2026,322,ЕГИВВАЗОВ,"ЕГ ""Ив.Вазов""",above,interests,29899,EUR
2026,322,ЕГИВВАЗОВ,"ЕГ ""Ив.Вазов""",above,scholarships,60486,EUR
2026,322,ЕГИВВАЗОВ,"ЕГ ""Ив.Вазов""",count,pupils,1186,
2026,322,ФЕГАНТОАНДЬОСЕНТ-ЕКЗЮПЕРИ,"ФЕГ ""Антоан дьо Сент-Екзюпери""",formula,pupils,1866614,EUR
2026,322,ФЕГАНТОАНДЬОСЕНТ-ЕКЗЮПЕРИ,"ФЕГ ""Антоан дьо Сент-Екзюпери""",formula,classes,369101,EUR
2026,322,ФЕГАНТОАНДЬОСЕНТ-ЕКЗЮПЕРИ,"ФЕГ ""Антоан дьо Сент-Екзюпери""",formula,floor-area,30630,EUR
2026,322,ФЕГАНТОАНДЬОСЕНТ-ЕКЗЮПЕРИ,"ФЕГ ""Антоан дьо Сент-Екзюпери""",formula,pool,18520,EUR
2026,322,ФЕГАНТОАНДЬОСЕНТ-ЕКЗЮПЕРИ,"ФЕГ ""Антоан дьо Сент-Екзюпери""",formula,reserve,14938,EUR
2026,322,ФЕГАНТОАНДЬОСЕНТ-ЕКЗЮПЕРИ,"ФЕГ ""Антоан дьо Сент-Екзюпери""",formula,institution,44500,EUR
2026,322,ФЕГАНТОАНДЬОСЕНТ-ЕКЗЮПЕРИ,"ФЕГ ""Антоан дьо Сент-Екзюпери""",formula,self-study,2360,EUR
2026,322,ФЕГАНТОАНДЬОСЕНТ-ЕКЗЮПЕРИ,"ФЕГ ""Антоан дьо Сент-Екзюпери""",above,facilities,18486,EUR
2026,322,ФЕГАНТОАНДЬОСЕНТ-ЕКЗЮПЕРИ,"ФЕГ ""Антоан дьо Сент-Екзюпери""",above,upper-secondary,89349,EUR
2026,322,ФЕГАНТОАНДЬОСЕНТ-ЕКЗЮПЕРИ,"ФЕГ ""Антоан дьо Сент-Екзюпери""",above,interests,26083,EUR
2026,322,ФЕГАНТОАНДЬОСЕНТ-ЕКЗЮПЕРИ,"ФЕГ ""Антоан дьо Сент-Екзюпери""",above,scholarships,52377,EUR
2026,322,ФЕГАНТОАНДЬОСЕНТ-ЕКЗЮПЕРИ,"ФЕГ ""Антоан дьо Сент-Екзюпери""",count,pupils,1027,
2026,322,СУБРМИЛАДИНОВИ,"СУ ""Бр. Миладинови""",formula,pupils,597971,EUR
2026,322,СУБРМИЛАДИНОВИ,"СУ ""Бр. Миладинови""",formula,classes,147640,EUR
2026,322,СУБРМИЛАДИНОВИ,"СУ ""Бр. Миладинови""",formula,floor-area,20683,EUR
2026,322,СУБРМИЛАДИНОВИ,"СУ ""Бр. Миладинови""",formula,reserve,4785,EUR
2026,322,СУБРМИЛАДИНОВИ,"СУ ""Бр. Миладинови""",formula,institution,44500,EUR
2026,322,СУБРМИЛАДИНОВИ,"СУ ""Бр. Миладинови""",formula,individual,47016,EUR
2026,322,СУБРМИЛАДИНОВИ,"СУ ""Бр. Миладинови""",formula,self-study,16520,EUR
2026,322,СУБРМИЛАДИНОВИ,"СУ ""Бр. Миладинови""",formula,all-day-groups,23298,EUR
2026,322,СУБРМИЛАДИНОВИ,"СУ ""Бр. Миладинови""",formula,all-day-pupils,193404,EUR
2026,322,СУБРМИЛАДИНОВИ,"СУ ""Бр. Миладинови""",above,combined-form,3050,EUR
2026,322,СУБРМИЛАДИНОВИ,"СУ ""Бр. Миладинови""",above,facilities,5922,EUR
2026,322,СУБРМИЛАДИНОВИ,"СУ ""Бр. Миладинови""",above,meals-school,30019,EUR
2026,322,СУБРМИЛАДИНОВИ,"СУ ""Бр. Миладинови""",above,upper-secondary,6003,EUR
2026,322,СУБРМИЛАДИНОВИ,"СУ ""Бр. Миладинови""",above,interests,9331,EUR
2026,322,СУБРМИЛАДИНОВИ,"СУ ""Бр. Миладинови""",above,special-centre,44,EUR
2026,322,СУБРМИЛАДИНОВИ,"СУ ""Бр. Миладинови""",above,scholarships,3570,EUR
2026,322,СУБРМИЛАДИНОВИ,"СУ ""Бр. Миладинови""",count,pupils,329,
2026,322,НУКЛОХРИДСКИ,"HУ ""Кл. Охридски""",formula,pupils,479831,EUR
2026,322,НУКЛОХРИДСКИ,"HУ ""Кл. Охридски""",formula,classes,101503,EUR
2026,322,НУКЛОХРИДСКИ,"HУ ""Кл. Охридски""",formula,floor-area,5297,EUR
2026,322,НУКЛОХРИДСКИ,"HУ ""Кл. Охридски""",formula,small-school,2412,EUR
2026,322,НУКЛОХРИДСКИ,"HУ ""Кл. Охридски""",formula,reserve,3840,EUR
2026,322,НУКЛОХРИДСКИ,"HУ ""Кл. Охридски""",formula,institution,44500,EUR
2026,322,НУКЛОХРИДСКИ,"HУ ""Кл. Охридски""",formula,all-day-groups,21180,EUR
2026,322,НУКЛОХРИДСКИ,"HУ ""Кл. Охридски""",formula,all-day-pupils,196812,EUR
2026,322,НУКЛОХРИДСКИ,"HУ ""Кл. Охридски""",above,facilities,4752,EUR
2026,322,НУКЛОХРИДСКИ,"HУ ""Кл. Охридски""",above,meals-school,43470,EUR
2026,322,НУКЛОХРИДСКИ,"HУ ""Кл. Охридски""",above,interests,7771,EUR
2026,322,НУКЛОХРИДСКИ,"HУ ""Кл. Охридски""",count,pupils,264,
2026,322,ОУДИМИТЪРТАЛЕВ,"ОУ ""Димитър Талев""",formula,pupils,1806635,EUR
2026,322,ОУДИМИТЪРТАЛЕВ,"ОУ ""Димитър Талев""",formula,classes,359874,EUR
2026,322,ОУДИМИТЪРТАЛЕВ,"ОУ ""Димитър Талев""",formula,floor-area,22491,EUR
2026,322,ОУДИМИТЪРТАЛЕВ,"ОУ ""Димитър Талев""",formula,reserve,14458,EUR
2026,322,ОУДИМИТЪРТАЛЕВ,"ОУ ""Димитър Талев""",formula,institution,44500,EUR
2026,322,ОУДИМИТЪРТАЛЕВ,"ОУ ""Димитър Талев""",formula,individual,5224,EUR
2026,322,ОУДИМИТЪРТАЛЕВ,"ОУ ""Димитър Талев""",formula,all-day-groups,42360,EUR
2026,322,ОУДИМИТЪРТАЛЕВ,"ОУ ""Димитър Талев""",formula,all-day-pupils,397884,EUR
2026,322,ОУДИМИТЪРТАЛЕВ,"ОУ ""Димитър Талев""",above,combined-form,3050,EUR
2026,322,ОУДИМИТЪРТАЛЕВ,"ОУ ""Димитър Талев""",above,facilities,17874,EUR
2026,322,ОУДИМИТЪРТАЛЕВ,"ОУ ""Димитър Талев""",above,meals-school,97930,EUR
2026,322,ОУДИМИТЪРТАЛЕВ,"ОУ ""Димитър Талев""",above,interests,25267,EUR
2026,322,ОУДИМИТЪРТАЛЕВ,"ОУ ""Димитър Талев""",above,special-centre,44,EUR
2026,322,ОУДИМИТЪРТАЛЕВ,"ОУ ""Димитър Талев""",count,pupils,994,
2026,322,ОУЗАХАРИСТОЯНОВ,"ОУ ""Захари Стоянов""",formula,pupils,494371,EUR
2026,322,ОУЗАХАРИСТОЯНОВ,"ОУ ""Захари Стоянов""",formula,classes,110730,EUR
2026,322,ОУЗАХАРИСТОЯНОВ,"ОУ ""Захари Стоянов""",formula,floor-area,8433,EUR
2026,322,ОУЗАХАРИСТОЯНОВ,"ОУ ""Захари Стоянов""",formula,small-school,1876,EUR
2026,322,ОУЗАХАРИСТОЯНОВ,"ОУ ""Захари Стоянов""",formula,reserve,3956,EUR
2026,322,ОУЗАХАРИСТОЯНОВ,"ОУ ""Захари Стоянов""",formula,institution,44500,EUR
2026,322,ОУЗАХАРИСТОЯНОВ,"ОУ ""Захари Стоянов""",formula,individual,15672,EUR
2026,322,ОУЗАХАРИСТОЯНОВ,"ОУ ""Захари Стоянов""",formula,all-day-groups,16944,EUR
2026,322,ОУЗАХАРИСТОЯНОВ,"ОУ ""Захари Стоянов""",formula,all-day-pupils,146544,EUR
2026,322,ОУЗАХАРИСТОЯНОВ,"ОУ ""Захари Стоянов""",above,facilities,4878,EUR
2026,322,ОУЗАХАРИСТОЯНОВ,"ОУ ""Захари Стоянов""",above,meals-school,31003,EUR
2026,322,ОУЗАХАРИСТОЯНОВ,"ОУ ""Захари Стоянов""",above,interests,7939,EUR
2026,322,ОУЗАХАРИСТОЯНОВ,"ОУ ""Захари Стоянов""",above,special-centre,22,EUR
2026,322,ОУЗАХАРИСТОЯНОВ,"ОУ ""Захари Стоянов""",count,pupils,272,
2026,322,ОУСТОЯНМИХАЙЛОВСКИ,"ОУ ""Стоян Михайловски""",formula,pupils,985107,EUR
2026,322,ОУСТОЯНМИХАЙЛОВСКИ,"ОУ ""Стоян Михайловски""",formula,classes,193778,EUR
2026,322,ОУСТОЯНМИХАЙЛОВСКИ,"ОУ ""Стоян Михайловски""",formula,floor-area,10951,EUR
2026,322,ОУСТОЯНМИХАЙЛОВСКИ,"ОУ ""Стоян Михайловски""",formula,reserve,7883,EUR
2026,322,ОУСТОЯНМИХАЙЛОВСКИ,"ОУ ""Стоян Михайловски""",formula,institution,44500,EUR
2026,322,ОУСТОЯНМИХАЙЛОВСКИ,"ОУ ""Стоян Михайловски""",formula,individual,5224,EUR
2026,322,ОУСТОЯНМИХАЙЛОВСКИ,"ОУ ""Стоян Михайловски""",formula,self-study,590,EUR
2026,322,ОУСТОЯНМИХАЙЛОВСКИ,"ОУ ""Стоян Михайловски""",formula,all-day-groups,27534,EUR
2026,322,ОУСТОЯНМИХАЙЛОВСКИ,"ОУ ""Стоян Михайловски""",formula,all-day-pupils,289680,EUR
2026,322,ОУСТОЯНМИХАЙЛОВСКИ,"ОУ ""Стоян Михайловски""",above,facilities,9756,EUR
2026,322,ОУСТОЯНМИХАЙЛОВСКИ,"ОУ ""Стоян Михайловски""",above,meals-school,52164,EUR
2026,322,ОУСТОЯНМИХАЙЛОВСКИ,"ОУ ""Стоян Михайловски""",above,interests,14443,EUR
2026,322,ОУСТОЯНМИХАЙЛОВСКИ,"ОУ ""Стоян Михайловски""",above,special-centre,55,EUR
2026,322,ОУСТОЯНМИХАЙЛОВСКИ,"ОУ ""Стоян Михайловски""",count,pupils,542,
2026,322,ОУЯНЕСАНДАНСКИ,"ОУ ""Яне Сандански""",formula,pupils,1174131,EUR
2026,322,ОУЯНЕСАНДАНСКИ,"ОУ ""Яне Сандански""",formula,classes,249143,EUR
2026,322,ОУЯНЕСАНДАНСКИ,"ОУ ""Яне Сандански""",formula,floor-area,16575,EUR
2026,322,ОУЯНЕСАНДАНСКИ,"ОУ ""Яне Сандански""",formula,reserve,9396,EUR
2026,322,ОУЯНЕСАНДАНСКИ,"ОУ ""Яне Сандански""",formula,institution,44500,EUR
2026,322,ОУЯНЕСАНДАНСКИ,"ОУ ""Яне Сандански""",formula,all-day-groups,33888,EUR
2026,322,ОУЯНЕСАНДАНСКИ,"ОУ ""Яне Сандански""",formula,all-day-pupils,302460,EUR
2026,322,ОУЯНЕСАНДАНСКИ,"ОУ ""Яне Сандански""",above,combined-form,1525,EUR
2026,322,ОУЯНЕСАНДАНСКИ,"ОУ ""Яне Сандански""",above,facilities,11628,EUR
2026,322,ОУЯНЕСАНДАНСКИ,"ОУ ""Яне Сандански""",above,meals-school,62006,EUR
2026,322,ОУЯНЕСАНДАНСКИ,"ОУ ""Яне Сандански""",above,interests,16939,EUR
2026,322,ОУЯНЕСАНДАНСКИ,"ОУ ""Яне Сандански""",above,special-centre,22,EUR
2026,322,ОУЯНЕСАНДАНСКИ,"ОУ ""Яне Сандански""",count,pupils,646,
2026,322,СУКОНСТАНТИНВЕЛИЧКОВ,"СУ ""Константин Величков""",formula,pupils,916040,EUR
2026,322,СУКОНСТАНТИНВЕЛИЧКОВ,"СУ ""Константин Величков""",formula,classes,193778,EUR
2026,322,СУКОНСТАНТИНВЕЛИЧКОВ,"СУ ""Константин Величков""",formula,floor-area,27492,EUR
2026,322,СУКОНСТАНТИНВЕЛИЧКОВ,"СУ ""Константин Величков""",formula,reserve,7331,EUR
2026,322,СУКОНСТАНТИНВЕЛИЧКОВ,"СУ ""Константин Величков""",formula,institution,44500,EUR
2026,322,СУКОНСТАНТИНВЕЛИЧКОВ,"СУ ""Константин Величков""",formula,individual,15672,EUR
2026,322,СУКОНСТАНТИНВЕЛИЧКОВ,"СУ ""Константин Величков""",formula,all-day-groups,23298,EUR
2026,322,СУКОНСТАНТИНВЕЛИЧКОВ,"СУ ""Константин Величков""",formula,all-day-pupils,227484,EUR
2026,322,СУКОНСТАНТИНВЕЛИЧКОВ,"СУ ""Константин Величков""",above,facilities,9054,EUR
2026,322,СУКОНСТАНТИНВЕЛИЧКОВ,"СУ ""Константин Величков""",above,upper-secondary,11223,EUR
2026,322,СУКОНСТАНТИНВЕЛИЧКОВ,"СУ ""Константин Величков""",above,interests,13507,EUR
2026,322,СУКОНСТАНТИНВЕЛИЧКОВ,"СУ ""Константин Величков""",above,special-centre,66,EUR
2026,322,СУКОНСТАНТИНВЕЛИЧКОВ,"СУ ""Константин Величков""",above,scholarships,6732,EUR
2026,322,СУКОНСТАНТИНВЕЛИЧКОВ,"СУ ""Константин Величков""",count,pupils,504,
2026,322,СУСВКОНСТАНТИН-КИРИЛФИЛОСОФ,"СУ ""Св. Константин-Кирил Философ""",formula,pupils,1948403,EUR
2026,322,СУСВКОНСТАНТИН-КИРИЛФИЛОСОФ,"СУ ""Св. Константин-Кирил Философ""",formula,classes,396784,EUR
2026,322,СУСВКОНСТАНТИН-КИРИЛФИЛОСОФ,"СУ ""Св. Константин-Кирил Философ""",formula,floor-area,27833,EUR
2026,322,СУСВКОНСТАНТИН-КИРИЛФИЛОСОФ,"СУ ""Св. Константин-Кирил Философ""",formula,reserve,15592,EUR
2026,322,СУСВКОНСТАНТИН-КИРИЛФИЛОСОФ,"СУ ""Св. Константин-Кирил Философ""",formula,institution,44500,EUR
2026,322,СУСВКОНСТАНТИН-КИРИЛФИЛОСОФ,"СУ ""Св. Константин-Кирил Философ""",formula,individual,15672,EUR
2026,322,СУСВКОНСТАНТИН-КИРИЛФИЛОСОФ,"СУ ""Св. Константин-Кирил Философ""",formula,self-study,1770,EUR
2026,322,СУСВКОНСТАНТИН-КИРИЛФИЛОСОФ,"СУ ""Св. Константин-Кирил Философ""",formula,all-day-groups,48714,EUR
2026,322,СУСВКОНСТАНТИН-КИРИЛФИЛОСОФ,"СУ ""Св. Константин-Кирил Философ""",formula,all-day-pupils,480528,EUR
2026,322,СУСВКОНСТАНТИН-КИРИЛФИЛОСОФ,"СУ ""Св. Константин-Кирил Философ""",above,facilities,19296,EUR
2026,322,СУСВКОНСТАНТИН-КИРИЛФИЛОСОФ,"СУ ""Св. Константин-Кирил Философ""",above,meals-school,85956,EUR
2026,322,СУСВКОНСТАНТИН-КИРИЛФИЛОСОФ,"СУ ""Св. Константин-Кирил Философ""",above,upper-secondary,11049,EUR
2026,322,СУСВКОНСТАНТИН-КИРИЛФИЛОСОФ,"СУ ""Св. Константин-Кирил Философ""",above,interests,27163,EUR
2026,322,СУСВКОНСТАНТИН-КИРИЛФИЛОСОФ,"СУ ""Св. Константин-Кирил Философ""",above,scholarships,6528,EUR
2026,322,СУСВКОНСТАНТИН-КИРИЛФИЛОСОФ,"СУ ""Св. Константин-Кирил Философ""",count,pupils,1072,
2026,322,СУДИМИТЪРМАТЕВСКИ,"СУ ""Димитър Матевски""",formula,pupils,1532186,EUR
2026,322,СУДИМИТЪРМАТЕВСКИ,"СУ ""Димитър Матевски""",formula,classes,313736,EUR
2026,322,СУДИМИТЪРМАТЕВСКИ,"СУ ""Димитър Матевски""",formula,floor-area,32336,EUR
2026,322,СУДИМИТЪРМАТЕВСКИ,"СУ ""Димитър Матевски""",formula,reserve,12261,EUR
2026,322,СУДИМИТЪРМАТЕВСКИ,"СУ ""Димитър Матевски""",formula,institution,44500,EUR
2026,322,СУДИМИТЪРМАТЕВСКИ,"СУ ""Димитър Матевски""",formula,all-day-groups,46596,EUR
2026,322,СУДИМИТЪРМАТЕВСКИ,"СУ ""Димитър Матевски""",formula,all-day-pupils,450708,EUR
2026,322,СУДИМИТЪРМАТЕВСКИ,"СУ ""Димитър Матевски""",above,facilities,15156,EUR
2026,322,СУДИМИТЪРМАТЕВСКИ,"СУ ""Димитър Матевски""",above,meals-school,82675,EUR
2026,322,СУДИМИТЪРМАТЕВСКИ,"СУ ""Димитър Матевски""",above,upper-secondary,2262,EUR
2026,322,СУДИМИТЪРМАТЕВСКИ,"СУ ""Димитър Матевски""",above,interests,21643,EUR
2026,322,СУДИМИТЪРМАТЕВСКИ,"СУ ""Димитър Матевски""",above,special-centre,22,EUR
2026,322,СУДИМИТЪРМАТЕВСКИ,"СУ ""Димитър Матевски""",above,scholarships,1326,EUR
2026,322,СУДИМИТЪРМАТЕВСКИ,"СУ ""Димитър Матевски""",count,pupils,843,
2026,322,СУСВСЕДМОЧИСЛЕНИЦИ,"СУ ""Св. Седмочисленици""",formula,pupils,1535821,EUR
2026,322,СУСВСЕДМОЧИСЛЕНИЦИ,"СУ ""Св. Седмочисленици""",formula,classes,322964,EUR
2026,322,СУСВСЕДМОЧИСЛЕНИЦИ,"СУ ""Св. Седмочисленици""",formula,floor-area,27732,EUR
2026,322,СУСВСЕДМОЧИСЛЕНИЦИ,"СУ ""Св. Седмочисленици""",formula,reserve,12291,EUR
2026,322,СУСВСЕДМОЧИСЛЕНИЦИ,"СУ ""Св. Седмочисленици""",formula,institution,44500,EUR
2026,322,СУСВСЕДМОЧИСЛЕНИЦИ,"СУ ""Св. Седмочисленици""",formula,individual,15672,EUR
2026,322,СУСВСЕДМОЧИСЛЕНИЦИ,"СУ ""Св. Седмочисленици""",formula,self-study,1180,EUR
2026,322,СУСВСЕДМОЧИСЛЕНИЦИ,"СУ ""Св. Седмочисленици""",formula,all-day-groups,42360,EUR
2026,322,СУСВСЕДМОЧИСЛЕНИЦИ,"СУ ""Св. Седмочисленици""",formula,all-day-pupils,393624,EUR
2026,322,СУСВСЕДМОЧИСЛЕНИЦИ,"СУ ""Св. Седмочисленици""",above,combined-form,4575,EUR
2026,322,СУСВСЕДМОЧИСЛЕНИЦИ,"СУ ""Св. Седмочисленици""",above,facilities,15210,EUR
2026,322,СУСВСЕДМОЧИСЛЕНИЦИ,"СУ ""Св. Седмочисленици""",above,meals-school,79066,EUR
2026,322,СУСВСЕДМОЧИСЛЕНИЦИ,"СУ ""Св. Седмочисленици""",above,upper-secondary,10701,EUR
2026,322,СУСВСЕДМОЧИСЛЕНИЦИ,"СУ ""Св. Седмочисленици""",above,interests,21715,EUR
2026,322,СУСВСЕДМОЧИСЛЕНИЦИ,"СУ ""Св. Седмочисленици""",above,scholarships,6375,EUR
2026,322,СУСВСЕДМОЧИСЛЕНИЦИ,"СУ ""Св. Седмочисленици""",count,pupils,845,
2026,322,СУСВСОФРОНИЙВРАЧАНСКИ,"СУ ""Св. Софроний Врачански""",formula,pupils,1454032,EUR
2026,322,СУСВСОФРОНИЙВРАЧАНСКИ,"СУ ""Св. Софроний Врачански""",formula,classes,332191,EUR
2026,322,СУСВСОФРОНИЙВРАЧАНСКИ,"СУ ""Св. Софроний Врачански""",formula,floor-area,38390,EUR
2026,322,СУСВСОФРОНИЙВРАЧАНСКИ,"СУ ""Св. Софроний Врачански""",formula,reserve,11636,EUR
2026,322,СУСВСОФРОНИЙВРАЧАНСКИ,"СУ ""Св. Софроний Врачански""",formula,institution,44500,EUR
2026,322,СУСВСОФРОНИЙВРАЧАНСКИ,"СУ ""Св. Софроний Врачански""",formula,self-study,3540,EUR
2026,322,СУСВСОФРОНИЙВРАЧАНСКИ,"СУ ""Св. Софроний Врачански""",formula,all-day-groups,48714,EUR
2026,322,СУСВСОФРОНИЙВРАЧАНСКИ,"СУ ""Св. Софроний Врачански""",formula,all-day-pupils,444744,EUR
2026,322,СУСВСОФРОНИЙВРАЧАНСКИ,"СУ ""Св. Софроний Врачански""",above,facilities,14400,EUR
2026,322,СУСВСОФРОНИЙВРАЧАНСКИ,"СУ ""Св. Софроний Врачански""",above,meals-school,80706,EUR
2026,322,СУСВСОФРОНИЙВРАЧАНСКИ,"СУ ""Св. Софроний Врачански""",above,interests,20635,EUR
2026,322,СУСВСОФРОНИЙВРАЧАНСКИ,"СУ ""Св. Софроний Врачански""",above,special-centre,22,EUR
2026,322,СУСВСОФРОНИЙВРАЧАНСКИ,"СУ ""Св. Софроний Врачански""",count,pupils,800,
2026,322,СУЧЕРНОРИЗЕЦХРАБЪР,"СУ ""Черноризец Храбър""",formula,pupils,2017469,EUR
2026,322,СУЧЕРНОРИЗЕЦХРАБЪР,"СУ ""Черноризец Храбър""",formula,classes,406011,EUR
2026,322,СУЧЕРНОРИЗЕЦХРАБЪР,"СУ ""Черноризец Храбър""",formula,floor-area,28907,EUR
2026,322,СУЧЕРНОРИЗЕЦХРАБЪР,"СУ ""Черноризец Храбър""",formula,reserve,16145,EUR
2026,322,СУЧЕРНОРИЗЕЦХРАБЪР,"СУ ""Черноризец Храбър""",formula,institution,44500,EUR
2026,322,СУЧЕРНОРИЗЕЦХРАБЪР,"СУ ""Черноризец Храбър""",formula,individual,10448,EUR
2026,322,СУЧЕРНОРИЗЕЦХРАБЪР,"СУ ""Черноризец Храбър""",formula,self-study,590,EUR
2026,322,СУЧЕРНОРИЗЕЦХРАБЪР,"СУ ""Черноризец Храбър""",formula,all-day-groups,52950,EUR
2026,322,СУЧЕРНОРИЗЕЦХРАБЪР,"СУ ""Черноризец Храбър""",formula,all-day-pupils,505236,EUR
2026,322,СУЧЕРНОРИЗЕЦХРАБЪР,"СУ ""Черноризец Храбър""",above,facilities,19980,EUR
2026,322,СУЧЕРНОРИЗЕЦХРАБЪР,"СУ ""Черноризец Храбър""",above,meals-school,98255,EUR
2026,322,СУЧЕРНОРИЗЕЦХРАБЪР,"СУ ""Черноризец Храбър""",above,upper-secondary,2262,EUR
2026,322,СУЧЕРНОРИЗЕЦХРАБЪР,"СУ ""Черноризец Храбър""",above,interests,28075,EUR
2026,322,СУЧЕРНОРИЗЕЦХРАБЪР,"СУ ""Черноризец Храбър""",above,special-centre,55,EUR
2026,322,СУЧЕРНОРИЗЕЦХРАБЪР,"СУ ""Черноризец Храбър""",above,scholarships,1326,EUR
2026,322,СУЧЕРНОРИЗЕЦХРАБЪР,"СУ ""Черноризец Храбър""",count,pupils,1110,
2026,326,ПГВАДХРИСТОБОТЕВ,"ПГВАД ""Христо Ботев""",formula,field-science,512058,EUR
2026,326,ПГВАДХРИСТОБОТЕВ,"ПГВАД ""Христо Ботев""",formula,field-arts,904971,EUR
2026,326,ПГВАДХРИСТОБОТЕВ,"ПГВАД ""Христо Ботев""",formula,reserve,14313,EUR
2026,326,ПГВАДХРИСТОБОТЕВ,"ПГВАД ""Христо Ботев""",formula,vocational-classes,251220,EUR
2026,326,ПГВАДХРИСТОБОТЕВ,"ПГВАД ""Христо Ботев""",formula,institution,45935,EUR
2026,326,ПГВАДХРИСТОБОТЕВ,"ПГВАД ""Христо Ботев""",formula,self-study,9440,EUR
2026,326,ПГВАДХРИСТОБОТЕВ,"ПГВАД ""Христо Ботев""",above,facilities,8748,EUR
2026,326,ПГВАДХРИСТОБОТЕВ,"ПГВАД ""Христо Ботев""",above,vocational-dual,22842,EUR
2026,326,ПГВАДХРИСТОБОТЕВ,"ПГВАД ""Христо Ботев""",above,interests,11664,EUR
2026,326,ПГВАДХРИСТОБОТЕВ,"ПГВАД ""Христо Ботев""",above,special-centre,33,EUR
2026,326,ПГВАДХРИСТОБОТЕВ,"ПГВАД ""Христо Ботев""",above,scholarships,67098,EUR
2026,326,ПГВАДХРИСТОБОТЕВ,"ПГВАД ""Христо Ботев""",count,pupils,486,
2026,326,СУСВПАИСИЙХИЛЕНДАРСКИ,"СУ ""Св. Паисий Хилендарски""",formula,field-science,248714,EUR
2026,326,СУСВПАИСИЙХИЛЕНДАРСКИ,"СУ ""Св. Паисий Хилендарски""",formula,field-arts,429533,EUR
2026,326,СУСВПАИСИЙХИЛЕНДАРСКИ,"СУ ""Св. Паисий Хилендарски""",formula,reserve,6851,EUR
2026,326,СУСВПАИСИЙХИЛЕНДАРСКИ,"СУ ""Св. Паисий Хилендарски""",formula,vocational-classes,113049,EUR
2026,326,СУСВПАИСИЙХИЛЕНДАРСКИ,"СУ ""Св. Паисий Хилендарски""",above,facilities,4194,EUR
2026,326,СУСВПАИСИЙХИЛЕНДАРСКИ,"СУ ""Св. Паисий Хилендарски""",above,vocational-dual,10951,EUR
2026,326,СУСВПАИСИЙХИЛЕНДАРСКИ,"СУ ""Св. Паисий Хилендарски""",above,interests,5592,EUR
2026,326,СУСВПАИСИЙХИЛЕНДАРСКИ,"СУ ""Св. Паисий Хилендарски""",above,scholarships,13281,EUR
2026,326,СУСВПАИСИЙХИЛЕНДАРСКИ,"СУ ""Св. Паисий Хилендарски""",count,pupils,233,
2026,326,СУЦАРСИМЕОНВЕЛИКИ,"СУ ""Цар Симеон Велики""",formula,field-science,190193,EUR
2026,326,СУЦАРСИМЕОНВЕЛИКИ,"СУ ""Цар Симеон Велики""",formula,reserve,1921,EUR
2026,326,СУЦАРСИМЕОНВЕЛИКИ,"СУ ""Цар Симеон Велики""",formula,vocational-classes,37683,EUR
2026,326,СУЦАРСИМЕОНВЕЛИКИ,"СУ ""Цар Симеон Велики""",above,facilities,1404,EUR
2026,326,СУЦАРСИМЕОНВЕЛИКИ,"СУ ""Цар Симеон Велики""",above,vocational-dual,3666,EUR
2026,326,СУЦАРСИМЕОНВЕЛИКИ,"СУ ""Цар Симеон Велики""",above,interests,1872,EUR
2026,326,СУЦАРСИМЕОНВЕЛИКИ,"СУ ""Цар Симеон Велики""",above,scholarships,4446,EUR
2026,326,СУЦАРСИМЕОНВЕЛИКИ,"СУ ""Цар Симеон Велики""",count,pupils,78,
2026,326,ОБУПСЛАВЕЙКОВ,"ОбУ ""П.Славейков""",formula,field-science,390139,EUR
2026,326,ОБУПСЛАВЕЙКОВ,"ОбУ ""П.Славейков""",formula,reserve,3941,EUR
2026,326,ОБУПСЛАВЕЙКОВ,"ОбУ ""П.Славейков""",formula,vocational-classes,87927,EUR
2026,326,ОБУПСЛАВЕЙКОВ,"ОбУ ""П.Славейков""",above,facilities,2880,EUR
2026,326,ОБУПСЛАВЕЙКОВ,"ОбУ ""П.Славейков""",above,vocational-dual,7520,EUR
2026,326,ОБУПСЛАВЕЙКОВ,"ОбУ ""П.Славейков""",above,interests,3840,EUR
2026,326,ОБУПСЛАВЕЙКОВ,"ОбУ ""П.Славейков""",above,scholarships,9120,EUR
2026,326,ОБУПСЛАВЕЙКОВ,"ОбУ ""П.Славейков""",count,pupils,160,
2026,326,СУНГЕРОВ,"СУ ""H.Геров""",formula,field-science,212138,EUR
2026,326,СУНГЕРОВ,"СУ ""H.Геров""",formula,field-agriculture,111157,EUR
2026,326,СУНГЕРОВ,"СУ ""H.Геров""",formula,reserve,3266,EUR
2026,326,СУНГЕРОВ,"СУ ""H.Геров""",formula,vocational-classes,75366,EUR
2026,326,СУНГЕРОВ,"СУ ""H.Геров""",above,facilities,2286,EUR
2026,326,СУНГЕРОВ,"СУ ""H.Геров""",above,vocational-dual,5969,EUR
2026,326,СУНГЕРОВ,"СУ ""H.Геров""",above,interests,3048,EUR
2026,326,СУНГЕРОВ,"СУ ""H.Геров""",above,scholarships,15145,EUR
2026,326,СУНГЕРОВ,"СУ ""H.Геров""",count,pupils,127,
2026,326,СУСБОЛИВАР,"СУ""С.Боливар""",formula,field-agriculture,138947,EUR
2026,326,СУСБОЛИВАР,"СУ""С.Боливар""",formula,reserve,1403,EUR
2026,326,СУСБОЛИВАР,"СУ""С.Боливар""",formula,vocational-classes,25122,EUR
2026,326,СУСБОЛИВАР,"СУ""С.Боливар""",above,facilities,900,EUR
2026,326,СУСБОЛИВАР,"СУ""С.Боливар""",above,vocational-dual,2350,EUR
2026,326,СУСБОЛИВАР,"СУ""С.Боливар""",above,interests,1200,EUR
2026,326,СУСБОЛИВАР,"СУ""С.Боливар""",above,scholarships,9550,EUR
2026,326,СУСБОЛИВАР,"СУ""С.Боливар""",count,pupils,50,
2026,326,СУСВСВКИРИЛИМЕТОДИЙ,"СУ ""Св. Св. Кирил и Методий""",formula,field-arts,1200070,EUR
2026,326,СУСВСВКИРИЛИМЕТОДИЙ,"СУ ""Св. Св. Кирил и Методий""",formula,reserve,12122,EUR
2026,326,СУСВСВКИРИЛИМЕТОДИЙ,"СУ ""Св. Св. Кирил и Методий""",formula,vocational-classes,188415,EUR
2026,326,СУСВСВКИРИЛИМЕТОДИЙ,"СУ ""Св. Св. Кирил и Методий""",above,facilities,6588,EUR
2026,326,СУСВСВКИРИЛИМЕТОДИЙ,"СУ ""Св. Св. Кирил и Методий""",above,vocational-dual,17202,EUR
2026,326,СУСВСВКИРИЛИМЕТОДИЙ,"СУ ""Св. Св. Кирил и Методий""",above,interests,8784,EUR
2026,326,СУСВСВКИРИЛИМЕТОДИЙ,"СУ ""Св. Св. Кирил и Методий""",above,scholarships,20862,EUR
2026,326,СУСВСВКИРИЛИМЕТОДИЙ,"СУ ""Св. Св. Кирил и Методий""",count,pupils,366,
2026,326,МГАКАДЕМИККПОПОВ,"МГ ""Академик К.Попов""",formula,field-science,633976,EUR
2026,326,МГАКАДЕМИККПОПОВ,"МГ ""Академик К.Попов""",formula,field-arts,426254,EUR
2026,326,МГАКАДЕМИККПОПОВ,"МГ ""Академик К.Попов""",formula,reserve,10710,EUR
2026,326,МГАКАДЕМИККПОПОВ,"МГ ""Академик К.Попов""",formula,vocational-classes,188415,EUR
2026,326,МГАКАДЕМИККПОПОВ,"МГ ""Академик К.Попов""",above,facilities,7020,EUR
2026,326,МГАКАДЕМИККПОПОВ,"МГ ""Академик К.Попов""",above,vocational-dual,18330,EUR
2026,326,МГАКАДЕМИККПОПОВ,"МГ ""Академик К.Попов""",above,interests,9360,EUR
2026,326,МГАКАДЕМИККПОПОВ,"МГ ""Академик К.Попов""",above,scholarships,22230,EUR
2026,326,МГАКАДЕМИККПОПОВ,"МГ ""Академик К.Попов""",count,pupils,390,
2026,326,ОБУЙЙОВКОВ,"ОбУ ""Й.Йовков""",formula,field-services,139961,EUR
2026,326,ОБУЙЙОВКОВ,"ОбУ ""Й.Йовков""",formula,reserve,1411,EUR
2026,326,ОБУЙЙОВКОВ,"ОбУ ""Й.Йовков""",formula,vocational-classes,37683,EUR
2026,326,ОБУЙЙОВКОВ,"ОбУ ""Й.Йовков""",formula,individual,5224,EUR
2026,326,ОБУЙЙОВКОВ,"ОбУ ""Й.Йовков""",above,facilities,1134,EUR
2026,326,ОБУЙЙОВКОВ,"ОбУ ""Й.Йовков""",above,vocational-dual,2961,EUR
2026,326,ОБУЙЙОВКОВ,"ОбУ ""Й.Йовков""",above,interests,1512,EUR
2026,326,ОБУЙЙОВКОВ,"ОбУ ""Й.Йовков""",above,scholarships,3264,EUR
2026,326,ОБУЙЙОВКОВ,"ОбУ ""Й.Йовков""",count,pupils,63,
2026,326,СУНВАПЦАРОВ,"СУ ""H.Вапцаров""",formula,field-arts,767258,EUR
2026,326,СУНВАПЦАРОВ,"СУ ""H.Вапцаров""",formula,reserve,7750,EUR
2026,326,СУНВАПЦАРОВ,"СУ ""H.Вапцаров""",formula,vocational-classes,125610,EUR
2026,326,СУНВАПЦАРОВ,"СУ ""H.Вапцаров""",above,combined-form,1525,EUR
2026,326,СУНВАПЦАРОВ,"СУ ""H.Вапцаров""",above,facilities,4212,EUR
2026,326,СУНВАПЦАРОВ,"СУ ""H.Вапцаров""",above,vocational-dual,10998,EUR
2026,326,СУНВАПЦАРОВ,"СУ ""H.Вапцаров""",above,interests,5616,EUR
2026,326,СУНВАПЦАРОВ,"СУ ""H.Вапцаров""",above,scholarships,13338,EUR
2026,326,СУНВАПЦАРОВ,"СУ ""H.Вапцаров""",count,pupils,234,
2026,326,СУХРГДАНОВ,"СУ ""Хр. Г. Данов""",formula,field-science,353564,EUR
2026,326,СУХРГДАНОВ,"СУ ""Хр. Г. Данов""",formula,reserve,3571,EUR
2026,326,СУХРГДАНОВ,"СУ ""Хр. Г. Данов""",formula,vocational-classes,75366,EUR
2026,326,СУХРГДАНОВ,"СУ ""Хр. Г. Данов""",formula,individual,10448,EUR
2026,326,СУХРГДАНОВ,"СУ ""Хр. Г. Данов""",above,facilities,2610,EUR
2026,326,СУХРГДАНОВ,"СУ ""Хр. Г. Данов""",above,vocational-dual,6815,EUR
2026,326,СУХРГДАНОВ,"СУ ""Хр. Г. Данов""",above,interests,3480,EUR
2026,326,СУХРГДАНОВ,"СУ ""Хр. Г. Данов""",above,scholarships,18697,EUR
2026,326,СУХРГДАНОВ,"СУ ""Хр. Г. Данов""",count,pupils,145,
2026,326,ПГХТТ,ПГХТТ,formula,field-science,2060423,EUR
2026,326,ПГХТТ,ПГХТТ,formula,reserve,20812,EUR
2026,326,ПГХТТ,ПГХТТ,formula,vocational-classes,439635,EUR
2026,326,ПГХТТ,ПГХТТ,formula,institution,45935,EUR
2026,326,ПГХТТ,ПГХТТ,formula,self-study,8260,EUR
2026,326,ПГХТТ,ПГХТТ,above,facilities,15210,EUR
2026,326,ПГХТТ,ПГХТТ,above,vocational-dual,39715,EUR
2026,326,ПГХТТ,ПГХТТ,above,interests,20280,EUR
2026,326,ПГХТТ,ПГХТТ,above,scholarships,121195,EUR
2026,326,ПГХТТ,ПГХТТ,count,pupils,845,
2026,326,СУБРМИЛАДИНОВИ,"СУ""Бр.Миладинови""",formula,field-business,72601,EUR
2026,326,СУБРМИЛАДИНОВИ,"СУ""Бр.Миладинови""",formula,reserve,733,EUR
2026,326,СУБРМИЛАДИНОВИ,"СУ""Бр.Миладинови""",formula,vocational-classes,25122,EUR
2026,326,СУБРМИЛАДИНОВИ,"СУ""Бр.Миладинови""",formula,individual,5224,EUR
2026,326,СУБРМИЛАДИНОВИ,"СУ""Бр.Миладинови""",above,facilities,666,EUR
2026,326,СУБРМИЛАДИНОВИ,"СУ""Бр.Миладинови""",above,vocational-dual,1739,EUR
2026,326,СУБРМИЛАДИНОВИ,"СУ""Бр.Миладинови""",above,interests,888,EUR
2026,326,СУБРМИЛАДИНОВИ,"СУ""Бр.Миладинови""",above,scholarships,6896,EUR
2026,326,СУБРМИЛАДИНОВИ,"СУ""Бр.Миладинови""",count,pupils,37,
2026,326,СУСВКОНСТАНТИН-КИРИЛФИЛОСОФ,"СУ ""Св. Константин-Кирил Философ""",formula,field-science,304796,EUR
2026,326,СУСВКОНСТАНТИН-КИРИЛФИЛОСОФ,"СУ ""Св. Константин-Кирил Философ""",formula,reserve,3079,EUR
2026,326,СУСВКОНСТАНТИН-КИРИЛФИЛОСОФ,"СУ ""Св. Константин-Кирил Философ""",formula,vocational-classes,62805,EUR
2026,326,СУСВКОНСТАНТИН-КИРИЛФИЛОСОФ,"СУ ""Св. Константин-Кирил Философ""",formula,individual,5224,EUR
2026,326,СУСВКОНСТАНТИН-КИРИЛФИЛОСОФ,"СУ ""Св. Константин-Кирил Философ""",above,facilities,2250,EUR
2026,326,СУСВКОНСТАНТИН-КИРИЛФИЛОСОФ,"СУ ""Св. Константин-Кирил Философ""",above,vocational-dual,5875,EUR
2026,326,СУСВКОНСТАНТИН-КИРИЛФИЛОСОФ,"СУ ""Св. Константин-Кирил Философ""",above,interests,3000,EUR
2026,326,СУСВКОНСТАНТИН-КИРИЛФИЛОСОФ,"СУ ""Св. Константин-Кирил Философ""",above,scholarships,7182,EUR
2026,326,СУСВКОНСТАНТИН-КИРИЛФИЛОСОФ,"СУ ""Св. Константин-Кирил Философ""",count,pupils,125,
2026,326,СУДИМИТЪРМАТЕВСКИ,"СУ ""Димитър Матевски""",formula,field-science,314550,EUR
2026,326,СУДИМИТЪРМАТЕВСКИ,"СУ ""Димитър Матевски""",formula,field-business,198180,EUR
2026,326,СУДИМИТЪРМАТЕВСКИ,"СУ ""Димитър Матевски""",formula,reserve,5179,EUR
2026,326,СУДИМИТЪРМАТЕВСКИ,"СУ ""Димитър Матевски""",formula,vocational-classes,113049,EUR
2026,326,СУДИМИТЪРМАТЕВСКИ,"СУ ""Димитър Матевски""",formula,individual,5224,EUR
2026,326,СУДИМИТЪРМАТЕВСКИ,"СУ ""Димитър Матевски""",above,facilities,4140,EUR
2026,326,СУДИМИТЪРМАТЕВСКИ,"СУ ""Димитър Матевски""",above,vocational-dual,10810,EUR
2026,326,СУДИМИТЪРМАТЕВСКИ,"СУ ""Димитър Матевски""",above,interests,5520,EUR
2026,326,СУДИМИТЪРМАТЕВСКИ,"СУ ""Димитър Матевски""",above,scholarships,12561,EUR
2026,326,СУДИМИТЪРМАТЕВСКИ,"СУ ""Димитър Матевски""",count,pupils,230,
2026,326,СУСВСЕДМОЧИСЛЕНИЦИ,"СУ ""Св. Седмочисленици""",formula,field-science,178001,EUR
2026,326,СУСВСЕДМОЧИСЛЕНИЦИ,"СУ ""Св. Седмочисленици""",formula,reserve,1798,EUR
2026,326,СУСВСЕДМОЧИСЛЕНИЦИ,"СУ ""Св. Седмочисленици""",formula,vocational-classes,37683,EUR
2026,326,СУСВСЕДМОЧИСЛЕНИЦИ,"СУ ""Св. Седмочисленици""",above,facilities,1314,EUR
2026,326,СУСВСЕДМОЧИСЛЕНИЦИ,"СУ ""Св. Седмочисленици""",above,vocational-dual,3431,EUR
2026,326,СУСВСЕДМОЧИСЛЕНИЦИ,"СУ ""Св. Седмочисленици""",above,interests,1752,EUR
2026,326,СУСВСЕДМОЧИСЛЕНИЦИ,"СУ ""Св. Седмочисленици""",above,scholarships,4161,EUR
2026,326,СУСВСЕДМОЧИСЛЕНИЦИ,"СУ ""Св. Седмочисленици""",count,pupils,73,
2026,326,СУСВСОФРОНИЙВРАЧАНСКИ,"СУ ""Св. Софроний Врачански""",formula,field-science,573017,EUR
2026,326,СУСВСОФРОНИЙВРАЧАНСКИ,"СУ ""Св. Софроний Врачански""",formula,reserve,5788,EUR
2026,326,СУСВСОФРОНИЙВРАЧАНСКИ,"СУ ""Св. Софроний Врачански""",formula,vocational-classes,125610,EUR
2026,326,СУСВСОФРОНИЙВРАЧАНСКИ,"СУ ""Св. Софроний Врачански""",above,facilities,4230,EUR
2026,326,СУСВСОФРОНИЙВРАЧАНСКИ,"СУ ""Св. Софроний Врачански""",above,vocational-dual,11045,EUR
2026,326,СУСВСОФРОНИЙВРАЧАНСКИ,"СУ ""Св. Софроний Врачански""",above,interests,5640,EUR
2026,326,СУСВСОФРОНИЙВРАЧАНСКИ,"СУ ""Св. Софроний Врачански""",above,scholarships,13395,EUR
2026,326,СУСВСОФРОНИЙВРАЧАНСКИ,"СУ ""Св. Софроний Врачански""",count,pupils,235,
2026,326,СУЧЕРНОРИЗЕЦХРАБЪР,"СУ ""Черноризец Храбър""",formula,field-arts,429533,EUR
2026,326,СУЧЕРНОРИЗЕЦХРАБЪР,"СУ ""Черноризец Храбър""",formula,field-business,202105,EUR
2026,326,СУЧЕРНОРИЗЕЦХРАБЪР,"СУ ""Черноризец Храбър""",formula,reserve,6380,EUR
2026,326,СУЧЕРНОРИЗЕЦХРАБЪР,"СУ ""Черноризец Храбър""",formula,vocational-classes,113049,EUR
2026,326,СУЧЕРНОРИЗЕЦХРАБЪР,"СУ ""Черноризец Храбър""",formula,individual,10448,EUR
2026,326,СУЧЕРНОРИЗЕЦХРАБЪР,"СУ ""Черноризец Храбър""",above,combined-form,1525,EUR
2026,326,СУЧЕРНОРИЗЕЦХРАБЪР,"СУ ""Черноризец Храбър""",above,facilities,4212,EUR
2026,326,СУЧЕРНОРИЗЕЦХРАБЪР,"СУ ""Черноризец Храбър""",above,vocational-dual,10998,EUR
2026,326,СУЧЕРНОРИЗЕЦХРАБЪР,"СУ ""Черноризец Храбър""",above,interests,5616,EUR
2026,326,СУЧЕРНОРИЗЕЦХРАБЪР,"СУ ""Черноризец Храбър""",above,scholarships,23280,EUR
2026,326,СУЧЕРНОРИЗЕЦХРАБЪР,"СУ ""Черноризец Храбър""",count,pupils,234,
2026,332,ЕГПЛОВДИВ,"ЕГ ""Пловдив""",formula,pupils,478842,EUR
2026,332,ЕГПЛОВДИВ,"ЕГ ""Пловдив""",formula,dormitory-groups,134828,EUR
2026,332,ЕГПЛОВДИВ,"ЕГ ""Пловдив""",formula,reserve,12524,EUR
2026,332,ЕГПЛОВДИВ,"ЕГ ""Пловдив""",count,pupils,238,
2026,332,ЕГИВВАЗОВ,"ЕГ ""Ив.Вазов""",formula,pupils,152907,EUR
2026,332,ЕГИВВАЗОВ,"ЕГ ""Ив.Вазов""",formula,dormitory-groups,44943,EUR
2026,332,ЕГИВВАЗОВ,"ЕГ ""Ив.Вазов""",formula,reserve,4038,EUR
2026,332,ЕГИВВАЗОВ,"ЕГ ""Ив.Вазов""",count,pupils,76,
2026,338,ДГБУРАТИНО,"ДГ ""Буратино""",formula,inclusive,516,EUR
2026,338,ДГЗОРА,"ДГ ""Зора""",formula,inclusive,1548,EUR
2026,338,ДГКАМЕНИЦА,"ДГ ""Каменица""",formula,inclusive,7740,EUR
2026,338,ДГМАЙЧИНАГРИЖА,"ДГ ""Майчина грижа""",formula,inclusive,516,EUR
2026,338,ДГМАЛКИЯТПРИНЦ,"ДГ ""Малкият принц""",formula,inclusive,1032,EUR
2026,338,ДГНЕЗАБРАВКА,"ДГ ""Незабравка""",formula,inclusive,516,EUR
2026,338,ДГПЕРУНИКА,"ДГ ""Перуника""",formula,inclusive,2580,EUR
2026,338,ДГПЕРУНИКА,"ДГ ""Перуника""",formula,resource-support,19340,EUR
2026,338,ДГРАДОСТ,"ДГ ""Радост""",formula,inclusive,2064,EUR
2026,338,ДГСНЕЖАНКА,"ДГ ""Снежанка""",formula,inclusive,3612,EUR
2026,338,ДГЧУЧУЛИГА,"ДГ ""Чучулига""",formula,inclusive,2064,EUR
2026,338,ОУАЛЕКОКОНСТАНТИНОВ,"ОУ ""Алеко Константинов""",formula,inclusive,1032,EUR
2026,338,ОУГЕОМИЛЕВ,"ОУ ""Гео Милев""",formula,inclusive,6192,EUR
2026,338,ОУГЕОМИЛЕВ,"ОУ ""Гео Милев""",formula,resource-support,46416,EUR
2026,338,ОУД-РПЕТЪРБЕРОН,"ОУ ""Д-р Петър Берон""",formula,inclusive,8772,EUR
2026,338,ОУД-РПЕТЪРБЕРОН,"ОУ ""Д-р Петър Берон""",formula,resource-support,42548,EUR
2026,338,ОУДУШОХАДЖИДЕКОВ,"ОУ ""Душо Хаджидеков""",formula,inclusive,2064,EUR
2026,338,ОУЕКЗАРХАНТИМІ,"ОУ ""Екзарх Антим І""",formula,inclusive,3612,EUR
2026,338,ОУКОЧОЧЕСТЕМЕНСКИ,"ОУ ""Кочо Честеменски""",formula,inclusive,5676,EUR
2026,338,СУЛЮБЕНКАРАВЕЛОВ,"СУ ""Любен Каравелов""",formula,inclusive,6708,EUR
2026,338,СУЛЮБЕНКАРАВЕЛОВ,"СУ ""Любен Каравелов""",formula,resource-support,50284,EUR
2026,338,ОУКНЯЗАЛЕКСАНДЪРI,"ОУ ""Княз Александър I""",formula,inclusive,1032,EUR
2026,338,ХГСВСВКИРИЛИМЕТОДИЙ,"ХГ  ""Св. Св. Кирил и Методий""",formula,inclusive,1548,EUR
2026,338,СУСВПАИСИЙХИЛЕНДАРСКИ,"СУ "" Св. Паисий Хилендарски""",formula,inclusive,11352,EUR
2026,338,СУСВПАИСИЙХИЛЕНДАРСКИ,"СУ "" Св. Паисий Хилендарски""",formula,resource-support,85096,EUR
2026,338,СУСВКЛИМЕНТОХРИДСКИ,"СУ ""Свети Климент Охридски""",formula,inclusive,5676,EUR
2026,338,СУСВКЛИМЕНТОХРИДСКИ,"СУ ""Свети Климент Охридски""",formula,resource-support,42548,EUR
2026,338,СУСВПАТРИАРХЕВТИМИЙ,"СУ "" Св. Патриарх Евтимий""",formula,inclusive,1032,EUR
2026,338,СУЦАРСИМЕОНВЕЛИКИ,"СУ ""Цар Симеон Велики""",formula,inclusive,8772,EUR
2026,338,СУЦАРСИМЕОНВЕЛИКИ,"СУ ""Цар Симеон Велики""",formula,resource-support,65756,EUR
2026,338,ПГВАДХРИСТОБОТЕВ,"ПГВАД ""Христо Ботев""",formula,inclusive,1032,EUR
2026,338,ДГЩАСТЛИВОДЕТСТВО,"ДГ ""Щастливо детство""",formula,inclusive,6192,EUR
2026,338,ДГЩАСТЛИВОДЕТСТВО,"ДГ ""Щастливо детство""",formula,resource-support,46416,EUR
2026,338,ДГДЕТЕЛИНА,"ДГ ""Детелина""",formula,inclusive,516,EUR
2026,338,ДГБИЛЯНА,"ДГ ""Биляна""",formula,inclusive,4644,EUR
2026,338,ДГМАРГАРИТКА,"ДГ ""Маргаритка""",formula,inclusive,1548,EUR
2026,338,ДГНАТАЛИЯ,"ДГ ""Наталия""",formula,inclusive,4644,EUR
2026,338,ДГРОДИНА,"ДГ ""Родина""",formula,inclusive,3612,EUR
2026,338,ДГЧАЙКА,"ДГ ""Чайка""",formula,inclusive,3612,EUR
2026,338,НУКИРИЛНЕКТАРИЕВ,"НУ ""Кирил Нектариев""",formula,inclusive,1548,EUR
2026,338,НУПЕТКОРАЧОВСЛАВЕЙКОВ,"НУ ""Петко Рачов Славейков""",formula,inclusive,3612,EUR
2026,338,ОУВАСИЛЛЕВСКИ,"ОУ ""Васил Левски""",formula,inclusive,5160,EUR
2026,338,ОУВАСИЛЛЕВСКИ,"ОУ ""Васил Левски""",formula,resource-support,38680,EUR
2026,338,ОУДИМЧОДЕБЕЛЯНОВ,"ОУ ""Димчо Дебелянов""",formula,inclusive,12384,EUR
2026,338,ОУДИМЧОДЕБЕЛЯНОВ,"ОУ ""Димчо Дебелянов""",formula,resource-support,92832,EUR
2026,338,ОБУПЕНЧОСЛАВЕЙКОВ,"ОбУ ""Пенчо Славейков""",formula,inclusive,8256,EUR
2026,338,ОБУПЕНЧОСЛАВЕЙКОВ,"ОбУ ""Пенчо Славейков""",formula,resource-support,61888,EUR
2026,338,СУНГЕРОВ,"СУ ""Найден Геров""",formula,inclusive,12384,EUR
2026,338,СУНГЕРОВ,"СУ ""Найден Геров""",formula,resource-support,92832,EUR
2026,338,СУСБОЛИВАР,"СУ ""Симон Боливар""",formula,inclusive,7740,EUR
2026,338,СУСБОЛИВАР,"СУ ""Симон Боливар""",formula,resource-support,54152,EUR
2026,338,ДГБОРЯНА,"ДГ ""Боряна""",formula,inclusive,1032,EUR
2026,338,ДГДРУЖБА,"ДГ ""Дружба""",formula,inclusive,4128,EUR
2026,338,ДГЕЛИЦА,"ДГ ""Елица""",formula,inclusive,2580,EUR
2026,338,ДГЕЛИЦА,"ДГ ""Елица""",formula,resource-support,19340,EUR
2026,338,ДГМИР,"ДГ ""Мир""",formula,inclusive,3612,EUR
2026,338,ДГСВЕТЛА,"ДГ ""Светла""",formula,inclusive,3096,EUR
2026,338,ДГРАЯ,"ДГ ""Рая""",formula,inclusive,1548,EUR
2026,338,ОУВАСИЛПЕТЛЕШКОВ,"ОУ ""Васил Петлешков""",formula,inclusive,3612,EUR
2026,338,ОУДРАГАНМАНЧОВ,"ОУ ""Драган Манчов""",formula,inclusive,4128,EUR
2026,338,ОУДРАГАНМАНЧОВ,"ОУ ""Драган Манчов""",formula,resource-support,30944,EUR
2026,338,ОУЕЛИНПЕЛИН,"ОУ ""Елин Пелин""",formula,inclusive,5160,EUR
2026,338,ОУЕЛИНПЕЛИН,"ОУ ""Елин Пелин""",formula,resource-support,38680,EUR
2026,338,ОУТОДОРКАБЛЕШКОВ,"ОУ ""Тодор Каблешков""",formula,inclusive,2580,EUR
2026,338,СУСВСВКИРИЛИМЕТОДИЙ,"СУ ""Свети Свети Кирил и Методий""",formula,inclusive,3096,EUR
2026,338,СУСВСВКИРИЛИМЕТОДИЙ,"СУ ""Свети Свети Кирил и Методий""",formula,resource-support,23208,EUR
2026,338,ДГКОСМОНАВТ,"ДГ ""Космонавт""",formula,inclusive,2064,EUR
2026,338,ДГСЛАВЕЙ,"ДГ ""Славей""",formula,inclusive,1032,EUR
2026,338,ДГБРЕЗА,"ДГ ""Бреза""",formula,inclusive,2064,EUR
2026,338,ДГВЕСЕЛА,"ДГ ""Весела""",formula,inclusive,2580,EUR
2026,338,ДГДЪГА,"ДГ ""Дъга""",formula,inclusive,2064,EUR
2026,338,ДГЗАХАРНОПЕТЛЕ,"ДГ ""Захарно петле""",formula,inclusive,4128,EUR
2026,338,ДГМАРИЦА,"ДГ ""Марица""",formula,inclusive,516,EUR
2026,338,НУХРИСТОБОТЕВ,"НУ ""Христо Ботев""",formula,inclusive,5676,EUR
2026,338,ОУДИМИТЪРДИМОВ,"ОУ ""Димитър Димов""",formula,inclusive,7224,EUR
2026,338,ОБУЙОРДАНЙОВКОВ,"ОбУ ""Йордан Йовков""",formula,inclusive,10320,EUR
2026,338,ОБУЙОРДАНЙОВКОВ,"ОбУ ""Йордан Йовков""",formula,resource-support,77360,EUR
2026,338,ОУПАНАЙОТВОЛОВ,"ОУ ""Панайот Волов""",formula,inclusive,2580,EUR
2026,338,ОУРАЙНАКНЯГИНЯ,"ОУ ""Райна Княгиня""",formula,inclusive,6192,EUR
2026,338,ОУРАЙНАКНЯГИНЯ,"ОУ ""Райна Княгиня""",formula,resource-support,46416,EUR
2026,338,СУНИКОЛАВАПЦАРОВ,"СУ ""Никола Вапцаров""",formula,inclusive,7740,EUR
2026,338,СУПЕЙОКРАЧОЛОВЯВОРОВ,"СУ ""Пейо Крачолов Яворов""",formula,inclusive,14448,EUR
2026,338,СУПЕЙОКРАЧОЛОВЯВОРОВ,"СУ ""Пейо Крачолов Яворов""",formula,resource-support,65756,EUR
2026,338,СУХРИСТОГРУЕВДАНОВ,"СУ ""Христо Груев Данов""",formula,inclusive,14448,EUR
2026,338,СУХРИСТОГРУЕВДАНОВ,"СУ ""Христо Груев Данов""",formula,resource-support,108304,EUR
2026,338,ДГРАЛИЦА,"ДГ ""Ралица""",formula,inclusive,4128,EUR
2026,338,ДГАЛБЕНА,"ДГ ""Албена""",formula,inclusive,2580,EUR
2026,338,ДГВАЛЕНТИНА,"ДГ ""Валентина""",formula,inclusive,2580,EUR
2026,338,ДГВЯРА,"ДГ ""Вяра""",formula,inclusive,4644,EUR
2026,338,ДГЗДРАВЕЦ,"ДГ ""Здравец""",formula,inclusive,3096,EUR
2026,338,ДГЗОРНИЦА,"ДГ ""Зорница""",formula,inclusive,3096,EUR
2026,338,ДГМАЛИНА,"ДГ ""Малина""",formula,inclusive,4644,EUR
2026,338,ДГМАЯ,"ДГ ""Мая""",formula,inclusive,1032,EUR
2026,338,ДГОСМИМАРТ,"ДГ ""Осми март""",formula,inclusive,4128,EUR
2026,338,ДГСВЕТЛИНА,"ДГ ""Светлина""",formula,inclusive,3096,EUR
2026,338,СУБРАТЯМИЛАДИНОВИ,"СУ ""Братя Миладинови""",formula,inclusive,11868,EUR
2026,338,СУБРАТЯМИЛАДИНОВИ,"СУ ""Братя Миладинови""",formula,resource-support,88964,EUR
2026,338,ОУДИМИТЪРТАЛЕВ,"ОУ ""Димитър Талев""",formula,inclusive,8256,EUR
2026,338,ОУДИМИТЪРТАЛЕВ,"ОУ ""Димитър Талев""",formula,resource-support,61888,EUR
2026,338,ОУЗАХАРИСТОЯНОВ,"ОУ ""Захари Стоянов""",formula,inclusive,8256,EUR
2026,338,ОУЗАХАРИСТОЯНОВ,"ОУ ""Захари Стоянов""",formula,resource-support,61888,EUR
2026,338,ОУСТОЯНМИХАЙЛОВСКИ,"ОУ ""Стоян  Михайловски""",formula,inclusive,5160,EUR
2026,338,ОУСТОЯНМИХАЙЛОВСКИ,"ОУ ""Стоян  Михайловски""",formula,resource-support,38680,EUR
2026,338,ОУЯНЕСАНДАНСКИ,"ОУ ""Яне Сандански""",formula,inclusive,10320,EUR
2026,338,ОУЯНЕСАНДАНСКИ,"ОУ ""Яне Сандански""",formula,resource-support,77360,EUR
2026,338,СУКОНСТАНТИНВЕЛИЧКОВ,"СУ ""Константин  Величков""",formula,inclusive,7224,EUR
2026,338,СУКОНСТАНТИНВЕЛИЧКОВ,"СУ ""Константин  Величков""",formula,resource-support,54152,EUR
2026,338,СУСВКОНСТАНТИН-КИРИЛФИЛОСОФ,"СУ ""Св. Константин-Кирил Философ""",formula,inclusive,14448,EUR
2026,338,СУСВКОНСТАНТИН-КИРИЛФИЛОСОФ,"СУ ""Св. Константин-Кирил Философ""",formula,resource-support,108304,EUR
2026,338,ДГД-РЕДГАРБОРОУ,"ДГ ""Д-р Едгар Бороу""",formula,inclusive,2064,EUR
2026,338,ДГВЕЛИМИРА,"ДГ ""Велимира""",formula,inclusive,516,EUR
2026,338,ДГДЕСИСЛАВА,"ДГ ""Десислава""",formula,inclusive,1548,EUR
2026,338,ДГЕДЕЛВАЙС,"ДГ ""Еделвайс""",formula,inclusive,3096,EUR
2026,338,ДГКРЕМЕНА,"ДГ ""Кремена""",formula,inclusive,8772,EUR
2026,338,ДГКРЕМЕНА,"ДГ ""Кремена""",formula,resource-support,65756,EUR
2026,338,ДГСЛЪНЦЕ,"ДГ ""Слънце""",formula,inclusive,3612,EUR
2026,338,ДГТАНЯСАВИЧЕВА,"ДГ ""Таня Савичева""",formula,inclusive,3096,EUR
2026,338,ДГЧЕРВЕНАТАШАПЧИЦА,"ДГ ""Червената шапчица""",formula,inclusive,3612,EUR
2026,338,СУДИМИТЪРМАТЕВСКИ,"СУ ""Димитър Матевски""",formula,inclusive,10836,EUR
2026,338,СУДИМИТЪРМАТЕВСКИ,"СУ ""Димитър Матевски""",formula,resource-support,81228,EUR
2026,338,СУСВСЕДМОЧИСЛЕНИЦИ,"СУ ""Свети  Седмочисленици""",formula,inclusive,15480,EUR
2026,338,СУСВСЕДМОЧИСЛЕНИЦИ,"СУ ""Свети  Седмочисленици""",formula,resource-support,116040,EUR
2026,338,СУСВСОФРОНИЙВРАЧАНСКИ,"СУ ""Свети Софроний Врачански""",formula,inclusive,13416,EUR
2026,338,СУСВСОФРОНИЙВРАЧАНСКИ,"СУ ""Свети Софроний Врачански""",formula,resource-support,100568,EUR
2026,338,СУЧЕРНОРИЗЕЦХРАБЪР,"СУ ""Черноризец Храбър""",formula,inclusive,9804,EUR
2026,338,СУЧЕРНОРИЗЕЦХРАБЪР,"СУ ""Черноризец Храбър""",formula,resource-support,73492,EUR
