reg_no,series,month,paid,ytd,currency
0103131003,care,2024-01,15401,15401,BGN
0103131003,care,2024-02,15401,30802,BGN
0103131003,care,2024-03,15401,46203,BGN
0103131003,care,2024-04,45225,91428,BGN
0103131003,care,2024-05,22303,113731,BGN
0103131003,care,2024-06,22303,136034,BGN
0103131003,care,2024-07,21945,157980,BGN
0103131003,care,2024-08,14292,172271,BGN
0103131003,care,2024-09,15978,188249,BGN
0103131003,care,2024-10,21569,209818,BGN
0103131003,care,2024-11,23037,232855,BGN
0103131003,care,2024-12,22303,255158,BGN
0103131003,care,2025-01,22242,22242,BGN
0103131003,care,2025-02,22178,44420,BGN
0103131003,care,2025-03,22319,66739,BGN
0103131003,care,2025-04,22303,89042,BGN
0103131003,care,2025-05,40937,129979,BGN
0103131003,care,2025-06,28344,158324,BGN
0103131003,care,2025-07,22069,180393,BGN
0103131003,care,2025-08,22338,202731,BGN
0103131003,care,2025-09,17055,219786,BGN
0103131003,care,2025-10,22069,241856,BGN
0103131003,care,2025-11,22487,264342,BGN
0103131003,care,2025-12,22278,286620,BGN
0103131003,care,2026-01,11391,11391,EUR
0103131003,care,2026-02,11412,22802,EUR
0103131003,care,2026-03,12188,34991,EUR
0103131003,care,2026-04,11800,46791,EUR
0103131003,care,2026-05,11800,58591,EUR
0103131003,care,2026-06,11800,70391,EUR
0103131003,care,2026-07,7914,78304,EUR
0103131003,care,2026-08,5606,83910,EUR
0103131013,care,2024-01,14213,14213,BGN
0103131013,care,2024-02,14213,28426,BGN
0103131013,care,2024-03,14420,42846,BGN
0103131013,care,2024-04,17152,59998,BGN
0103131013,care,2024-05,17055,77053,BGN
0103131013,care,2024-06,17055,94108,BGN
0103131013,care,2024-07,17055,111163,BGN
0103131013,care,2024-08,15229,126392,BGN
0103131013,care,2024-09,15228,141620,BGN
0103131013,care,2024-10,16446,158067,BGN
0103131013,care,2024-11,17664,175730,BGN
0103131013,care,2024-12,17055,192785,BGN
0103131013,care,2025-01,15837,15837,BGN
0103131013,care,2025-02,18273,34110,BGN
0103131013,care,2025-03,17055,51165,BGN
0103131013,care,2025-04,17055,68220,BGN
0103131013,care,2025-05,23644,91864,BGN
0103131013,care,2025-06,19988,111852,BGN
0103131013,care,2025-07,18274,130126,BGN
0103131013,care,2025-08,15341,145467,BGN
0103131013,care,2025-09,19988,165455,BGN
0103131013,care,2025-10,15228,180683,BGN
0103131013,care,2025-11,18656,199339,BGN
0103131013,care,2025-12,16942,216281,BGN
0103131013,care,2026-01,8662,8662,EUR
0103131013,care,2026-02,9628,18290,EUR
0103131013,care,2026-03,8097,26388,EUR
0103131013,care,2026-04,9343,35731,EUR
0103131013,care,2026-05,9913,45644,EUR
0103131013,care,2026-06,9032,54676,EUR
0103131013,care,2026-07,8409,63084,EUR
0103131013,care,2026-08,8097,71182,EUR
0103211001,care,2024-01,1357929,1357929,BGN
0103211001,care,2024-02,1340444,2698373,BGN
0103211001,care,2024-03,1465067,4163440,BGN
0103211001,care,2024-04,2370769,6534209,BGN
0103211001,care,2024-05,1656280,8190489,BGN
0103211001,care,2024-06,1678913,9869402,BGN
0103211001,care,2024-07,1678684,11548086,BGN
0103211001,care,2024-08,1704402,13252488,BGN
0103211001,care,2024-09,1619255,14871743,BGN
0103211001,care,2024-10,1694538,16566280,BGN
0103211001,care,2024-11,1896425,18462705,BGN
0103211001,care,2024-12,1607205,20069910,BGN
0103211001,care,2025-01,1586235,1586235,BGN
0103211001,care,2025-02,1695402,3281636,BGN
0103211001,care,2025-03,1636541,4918177,BGN
0103211001,care,2025-04,1673812,6591989,BGN
0103211001,care,2025-05,2250187,8842176,BGN
0103211001,care,2025-06,1891590,10733766,BGN
0103211001,care,2025-07,1924786,12658552,BGN
0103211001,care,2025-08,1965021,14623573,BGN
0103211001,care,2025-09,1942840,16566413,BGN
0103211001,care,2025-10,1748517,18314931,BGN
0103211001,care,2025-11,1727248,20042178,BGN
0103211001,care,2025-12,1850013,21892191,BGN
0103211001,care,2026-01,1062306,1062306,EUR
0103211001,care,2026-02,917457,1979763,EUR
0103211001,care,2026-03,876561,2856323,EUR
0103211001,care,2026-04,925010,3781333,EUR
0103211001,care,2026-05,903437,4684771,EUR
0103211001,care,2026-06,941917,5626688,EUR
0103211001,care,2026-07,918577,6545265,EUR
0103211001,care,2026-08,922342,7467607,EUR
0103211001,devices,2024-02,6194,6194,BGN
0103211001,devices,2024-03,7098,13292,BGN
0103211001,devices,2024-04,7175,20467,BGN
0103211001,devices,2024-05,5505,25972,BGN
0103211001,devices,2024-06,8610,34582,BGN
0103211001,devices,2024-07,8255,42837,BGN
0103211001,devices,2024-08,11480,54317,BGN
0103211001,devices,2024-09,5740,60057,BGN
0103211001,devices,2024-10,3835,63892,BGN
0103211001,devices,2024-11,0,63892,BGN
0103211001,devices,2024-12,1200,65092,BGN
0103211001,devices,2025-01,1200,1200,BGN
0103211001,devices,2025-02,0,1200,BGN
0103211001,devices,2025-03,0,1200,BGN
0103211001,devices,2025-04,4718,5918,BGN
0103211001,devices,2025-05,3240,9158,BGN
0103211001,devices,2025-06,6324,15482,BGN
0103211001,devices,2025-07,7680,23162,BGN
0103211001,devices,2025-08,3324,26486,BGN
0103211001,devices,2025-09,3360,29846,BGN
0103211001,devices,2025-10,8604,38450,BGN
0103211001,devices,2025-11,3156,41606,BGN
0103211001,devices,2025-12,0,41606,BGN
0103211001,devices,2026-01,11903,11903,EUR
0103211001,devices,2026-02,5915,17818,EUR
0103211001,devices,2026-03,8590,26407,EUR
0103211001,devices,2026-04,0,26407,EUR
0103211001,devices,2026-05,6688,33095,EUR
0103211001,devices,2026-06,2884,35979,EUR
0103211001,devices,2026-07,8958,44937,EUR
0103211001,devices,2026-08,2822,47759,EUR
0103211015,care,2024-01,1448033,1448033,BGN
0103211015,care,2024-02,1529039,2977072,BGN
0103211015,care,2024-03,1485339,4462411,BGN
0103211015,care,2024-04,1765525,6227936,BGN
0103211015,care,2024-05,1617663,7845599,BGN
0103211015,care,2024-06,1617011,9462610,BGN
0103211015,care,2024-07,1634836,11097445,BGN
0103211015,care,2024-08,1647260,12744705,BGN
0103211015,care,2024-09,1569346,14314051,BGN
0103211015,care,2024-10,1697152,16011203,BGN
0103211015,care,2024-11,2099515,18110718,BGN
0103211015,care,2024-12,1569850,19680567,BGN
0103211015,care,2025-01,1641718,1641718,BGN
0103211015,care,2025-02,1700100,3341818,BGN
0103211015,care,2025-03,1619868,4961686,BGN
0103211015,care,2025-04,1561582,6523268,BGN
0103211015,care,2025-05,5591238,12114506,BGN
0103211015,care,2025-06,2453157,14567663,BGN
0103211015,care,2025-07,2184867,16752529,BGN
0103211015,care,2025-08,2037246,18789775,BGN
0103211015,care,2025-09,2144641,20934417,BGN
0103211015,care,2025-10,2078555,23012971,BGN
0103211015,care,2025-11,2141357,25154329,BGN
0103211015,care,2025-12,2332910,27487239,BGN
0103211015,care,2026-01,1255851,1255851,EUR
0103211015,care,2026-02,1194516,2450367,EUR
0103211015,care,2026-03,1220087,3670454,EUR
0103211015,care,2026-04,1292068,4962522,EUR
0103211015,care,2026-05,1260499,6223021,EUR
0103211015,care,2026-06,1294899,7517919,EUR
0103211015,care,2026-07,1299733,8817652,EUR
0103211015,care,2026-08,1382253,10199905,EUR
0103211015,devices,2024-02,24851,24851,BGN
0103211015,devices,2024-03,35866,60717,BGN
0103211015,devices,2024-04,44265,104982,BGN
0103211015,devices,2024-05,30577,135559,BGN
0103211015,devices,2024-06,48967,184526,BGN
0103211015,devices,2024-07,11622,196148,BGN
0103211015,devices,2024-08,62787,258935,BGN
0103211015,devices,2024-09,13270,272205,BGN
0103211015,devices,2024-10,93752,365957,BGN
0103211015,devices,2024-11,47530,413487,BGN
0103211015,devices,2024-12,36119,449606,BGN
0103211015,devices,2025-01,25469,25469,BGN
0103211015,devices,2025-02,24547,50016,BGN
0103211015,devices,2025-03,67401,117417,BGN
0103211015,devices,2025-04,33641,151058,BGN
0103211015,devices,2025-05,68837,219895,BGN
0103211015,devices,2025-06,56556,276451,BGN
0103211015,devices,2025-07,44077,320528,BGN
0103211015,devices,2025-08,52792,373320,BGN
0103211015,devices,2025-09,23755,397075,BGN
0103211015,devices,2025-10,73865,470940,BGN
0103211015,devices,2025-11,28794,499734,BGN
0103211015,devices,2025-12,0,499734,BGN
0103211015,devices,2026-01,65680,65680,EUR
0103211015,devices,2026-02,32918,98598,EUR
0103211015,devices,2026-03,69301,167900,EUR
0103211015,devices,2026-04,0,167900,EUR
0103211015,devices,2026-05,37436,205335,EUR
0103211015,devices,2026-06,53161,258496,EUR
0103211015,devices,2026-07,46953,305450,EUR
0103211015,devices,2026-08,45517,350967,EUR
0103211015,medicines,2025-07,58000,58000,BGN
0103211015,medicines,2025-08,149142,207142,BGN
0103211015,medicines,2025-09,316198,523340,BGN
0103211015,medicines,2025-10,342803,866143,BGN
0103211015,medicines,2025-11,320958,1187101,BGN
0103211015,medicines,2025-12,423776,1610877,BGN
0103211015,medicines,2026-01,261876,261876,EUR
0103211015,medicines,2026-02,220967,482843,EUR
0103211015,medicines,2026-03,239643,722486,EUR
0103211015,medicines,2026-04,295948,1018435,EUR
0103211015,medicines,2026-05,338673,1357107,EUR
0103211015,medicines,2026-06,387410,1744517,EUR
0103211015,medicines,2026-07,419030,2163547,EUR
0103211015,medicines,2026-08,480064,2643611,EUR
0103212016,care,2024-01,413222,413222,BGN
0103212016,care,2024-02,413222,826444,BGN
0103212016,care,2024-03,413222,1239666,BGN
0103212016,care,2024-04,984431,2224097,BGN
0103212016,care,2024-05,641508,2865605,BGN
0103212016,care,2024-06,565492,3431097,BGN
0103212016,care,2024-07,625363,4056460,BGN
0103212016,care,2024-08,662443,4718903,BGN
0103212016,care,2024-09,497848,5216751,BGN
0103212016,care,2024-10,582055,5798806,BGN
0103212016,care,2024-11,640487,6439293,BGN
0103212016,care,2024-12,715365,7154659,BGN
0103212016,care,2025-01,551665,551665,BGN
0103212016,care,2025-02,630552,1182217,BGN
0103212016,care,2025-03,643175,1825392,BGN
0103212016,care,2025-04,635357,2460749,BGN
0103212016,care,2025-05,696221,3156970,BGN
0103212016,care,2025-06,611325,3768294,BGN
0103212016,care,2025-07,724529,4492823,BGN
0103212016,care,2025-08,683272,5176095,BGN
0103212016,care,2025-09,656597,5832692,BGN
0103212016,care,2025-10,529653,6362345,BGN
0103212016,care,2025-11,726691,7089036,BGN
0103212016,care,2025-12,634367,7723402,BGN
0103212016,care,2026-01,321728,321728,EUR
0103212016,care,2026-02,283469,605197,EUR
0103212016,care,2026-03,357616,962814,EUR
0103212016,care,2026-04,306449,1269263,EUR
0103212016,care,2026-05,339667,1608929,EUR
0103212016,care,2026-06,327721,1936651,EUR
0103212016,care,2026-07,320445,2257096,EUR
0103212016,care,2026-08,353886,2610982,EUR
0103212016,devices,2026-01,1150,1150,EUR
0103212016,devices,2026-02,3911,5062,EUR
0103212016,devices,2026-03,10354,15415,EUR
0103212016,devices,2026-04,0,15415,EUR
0103212016,devices,2026-05,4832,20247,EUR
0103212016,devices,2026-06,3681,23928,EUR
0103212016,devices,2026-07,3681,27609,EUR
0103212016,devices,2026-08,2991,30600,EUR
0103212016,medicines,2024-01,949758,949758,BGN
0103212016,medicines,2024-02,781679,1731437,BGN
0103212016,medicines,2024-03,918080,2649517,BGN
0103212016,medicines,2024-04,908469,3557986,BGN
0103212016,medicines,2024-05,924446,4482432,BGN
0103212016,medicines,2024-06,934729,5417162,BGN
0103212016,medicines,2024-07,964012,6381174,BGN
0103212016,medicines,2024-08,922482,7303655,BGN
0103212016,medicines,2024-09,865217,8168872,BGN
0103212016,medicines,2024-10,969613,9138486,BGN
0103212016,medicines,2024-11,978282,10116768,BGN
0103212016,medicines,2024-12,1092939,11209706,BGN
0103212016,medicines,2025-01,1179142,1179142,BGN
0103212016,medicines,2025-02,1082349,2261491,BGN
0103212016,medicines,2025-03,1199785,3461275,BGN
0103212016,medicines,2025-04,1011503,4472779,BGN
0103212016,medicines,2025-05,1168050,5640829,BGN
0103212016,medicines,2025-06,1200157,6840986,BGN
0103212016,medicines,2025-07,1189669,8030655,BGN
0103212016,medicines,2025-08,1148557,9179212,BGN
0103212016,medicines,2025-09,1230676,10409888,BGN
0103212016,medicines,2025-10,1207428,11617317,BGN
0103212016,medicines,2025-11,1154691,12772008,BGN
0103212016,medicines,2025-12,1334770,14106778,BGN
0103212016,medicines,2026-01,582717,582717,EUR
0103212016,medicines,2026-02,711484,1294201,EUR
0103212016,medicines,2026-03,661141,1955342,EUR
0103212016,medicines,2026-04,612107,2567449,EUR
0103212016,medicines,2026-05,708488,3275937,EUR
0103212016,medicines,2026-06,740209,4016146,EUR
0103212016,medicines,2026-07,696174,4712320,EUR
0103212016,medicines,2026-08,725047,5437367,EUR
0103212017,care,2024-01,136091,136091,BGN
0103212017,care,2024-02,136091,272182,BGN
0103212017,care,2024-03,136091,408273,BGN
0103212017,care,2024-04,253911,662184,BGN
0103212017,care,2024-05,143220,805404,BGN
0103212017,care,2024-06,158296,963700,BGN
0103212017,care,2024-07,143220,1106920,BGN
0103212017,care,2024-08,150758,1257678,BGN
0103212017,care,2024-09,150758,1408436,BGN
0103212017,care,2024-10,150758,1559194,BGN
0103212017,care,2024-11,161749,1720943,BGN
0103212017,care,2024-12,150758,1871701,BGN
0103212017,care,2025-01,150758,150758,BGN
0103212017,care,2025-02,150758,301516,BGN
0103212017,care,2025-03,150758,452274,BGN
0103212017,care,2025-04,150758,603032,BGN
0103212017,care,2025-05,408208,1011240,BGN
0103212017,care,2025-06,243259,1254499,BGN
0103212017,care,2025-07,179585,1434085,BGN
0103212017,care,2025-08,145839,1579923,BGN
0103212017,care,2025-09,149895,1729819,BGN
0103212017,care,2025-10,142094,1871913,BGN
0103212017,care,2025-11,195478,2067391,BGN
0103212017,care,2025-12,173786,2241177,BGN
0103212017,care,2026-01,88855,88855,EUR
0103212017,care,2026-02,92452,181307,EUR
0103212017,care,2026-03,92452,273759,EUR
0103212017,care,2026-04,92452,366211,EUR
0103212017,care,2026-05,92452,458663,EUR
0103212017,care,2026-06,92452,551115,EUR
0103212017,care,2026-07,92452,643567,EUR
0103212017,care,2026-08,72728,716294,EUR
0111133001,care,2024-01,16632,16632,BGN
0111133001,care,2024-02,16632,33264,BGN
0111133001,care,2024-03,16632,49896,BGN
0111133001,care,2024-04,20790,70686,BGN
0111133001,care,2024-05,20790,91476,BGN
0111133001,care,2024-06,20790,112266,BGN
0111133001,care,2024-07,20790,133056,BGN
0111133001,care,2024-08,20790,153846,BGN
0111133001,care,2024-09,20790,174636,BGN
0111133001,care,2024-10,20790,195426,BGN
0111133001,care,2024-11,20790,216216,BGN
0111133001,care,2024-12,20790,237006,BGN
0111133001,care,2025-01,20790,20790,BGN
0111133001,care,2025-02,20790,41580,BGN
0111133001,care,2025-03,20412,61992,BGN
0111133001,care,2025-04,20790,82782,BGN
0111133001,care,2025-05,20412,103194,BGN
0111133001,care,2025-06,20412,123606,BGN
0111133001,care,2025-07,20412,144018,BGN
0111133001,care,2025-08,20412,164430,BGN
0111133001,care,2025-09,20412,184842,BGN
0111133001,care,2025-10,20412,205254,BGN
0111133001,care,2025-11,20412,225666,BGN
0111133001,care,2025-12,20412,246078,BGN
0111133001,care,2026-01,10437,10437,EUR
0111133001,care,2026-02,10437,20873,EUR
0111133001,care,2026-03,10437,31310,EUR
0111133001,care,2026-04,10437,41746,EUR
0111133001,care,2026-05,10437,52183,EUR
0111133001,care,2026-06,10437,62619,EUR
0111133001,care,2026-07,10437,73056,EUR
0111133001,care,2026-08,10437,83493,EUR
0111211004,care,2024-01,937041,937041,BGN
0111211004,care,2024-02,948500,1885541,BGN
0111211004,care,2024-03,1405056,3290597,BGN
0111211004,care,2024-04,1962195,5252793,BGN
0111211004,care,2024-05,1246770,6499563,BGN
0111211004,care,2024-06,1285694,7785257,BGN
0111211004,care,2024-07,1274249,9059506,BGN
0111211004,care,2024-08,1291541,10351047,BGN
0111211004,care,2024-09,1291079,11642126,BGN
0111211004,care,2024-10,1299781,12941907,BGN
0111211004,care,2024-11,1568705,14510611,BGN
0111211004,care,2024-12,1309776,15820388,BGN
0111211004,care,2025-01,1300905,1300905,BGN
0111211004,care,2025-02,1296416,2597321,BGN
0111211004,care,2025-03,1265777,3863098,BGN
0111211004,care,2025-04,1282510,5145608,BGN
0111211004,care,2025-05,2565445,7711053,BGN
0111211004,care,2025-06,1486391,9197445,BGN
0111211004,care,2025-07,2043332,11240777,BGN
0111211004,care,2025-08,1460364,12701141,BGN
0111211004,care,2025-09,1447123,14148263,BGN
0111211004,care,2025-10,1463495,15611759,BGN
0111211004,care,2025-11,1509550,17121308,BGN
0111211004,care,2025-12,1457598,18578906,BGN
0111211004,care,2026-01,780475,780475,EUR
0111211004,care,2026-02,764929,1545404,EUR
0111211004,care,2026-03,751076,2296480,EUR
0111211004,care,2026-04,764049,3060529,EUR
0111211004,care,2026-05,759302,3819831,EUR
0111211004,care,2026-06,760657,4580488,EUR
0111211004,care,2026-07,761357,5341844,EUR
0111211004,care,2026-08,781046,6122890,EUR
0111211004,devices,2024-02,4460,4460,BGN
0111211004,devices,2024-03,9705,14165,BGN
0111211004,devices,2024-04,2700,16865,BGN
0111211004,devices,2024-05,15565,32430,BGN
0111211004,devices,2024-06,10800,43230,BGN
0111211004,devices,2024-07,9350,52580,BGN
0111211004,devices,2024-08,8035,60615,BGN
0111211004,devices,2024-09,6835,67450,BGN
0111211004,devices,2024-10,1200,68650,BGN
0111211004,devices,2024-11,12068,80718,BGN
0111211004,devices,2024-12,11695,92413,BGN
0111211004,devices,2025-01,17415,17415,BGN
0111211004,devices,2025-02,15021,32436,BGN
0111211004,devices,2025-03,9136,41572,BGN
0111211004,devices,2025-04,11089,52661,BGN
0111211004,devices,2025-05,20356,73017,BGN
0111211004,devices,2025-06,24475,97492,BGN
0111211004,devices,2025-07,18682,116174,BGN
0111211004,devices,2025-08,20793,136967,BGN
0111211004,devices,2025-09,3207,140174,BGN
0111211004,devices,2025-10,4500,144674,BGN
0111211004,devices,2025-11,15342,160016,BGN
0111211004,devices,2025-12,0,160016,BGN
0111211004,devices,2026-01,28708,28708,EUR
0111211004,devices,2026-02,9774,38482,EUR
0111211004,devices,2026-03,18527,57008,EUR
0111211004,devices,2026-04,0,57008,EUR
0111211004,devices,2026-05,10545,67553,EUR
0111211004,devices,2026-06,9275,76828,EUR
0111211004,devices,2026-07,11553,88381,EUR
0111211004,devices,2026-08,16784,105165,EUR
0133232006,care,2024-01,67119,67119,BGN
0133232006,care,2024-02,39882,107001,BGN
0133232006,care,2024-03,94842,201844,BGN
0133232006,care,2024-04,96936,298780,BGN
0133232006,care,2024-05,96936,395716,BGN
0133232006,care,2024-06,96936,492652,BGN
0133232006,care,2024-07,96936,589588,BGN
0133232006,care,2024-08,96936,686524,BGN
0133232006,care,2024-09,96936,783460,BGN
0133232006,care,2024-10,96936,880396,BGN
0133232006,care,2024-11,107519,987915,BGN
0133232006,care,2024-12,96936,1084851,BGN
0133232006,care,2025-01,65125,65125,BGN
0133232006,care,2025-02,47591,112716,BGN
0133232006,care,2025-03,91676,204392,BGN
0133232006,care,2025-04,96936,301328,BGN
0133232006,care,2025-05,147418,448746,BGN
0133232006,care,2025-06,101395,550141,BGN
0133232006,care,2025-07,108207,658348,BGN
0133232006,care,2025-08,105703,764050,BGN
0133232006,care,2025-09,101695,865745,BGN
0133232006,care,2025-10,93630,959375,BGN
0133232006,care,2025-11,93630,1053005,BGN
0133232006,care,2025-12,98630,1151635,BGN
0133232006,care,2026-01,41264,41264,EUR
0133232006,care,2026-02,21772,63036,EUR
0133232006,care,2026-03,40726,103762,EUR
0133232006,care,2026-04,43324,147086,EUR
0133232006,care,2026-05,43324,190410,EUR
0133232006,care,2026-06,43324,233734,EUR
0133232006,care,2026-07,43324,277058,EUR
0133232006,care,2026-08,43324,320382,EUR
0133232018,care,2024-01,126563,126563,BGN
0133232018,care,2024-02,111923,238486,BGN
0133232018,care,2024-03,102004,340490,BGN
0133232018,care,2024-04,148999,489489,BGN
0133232018,care,2024-05,148999,638488,BGN
0133232018,care,2024-06,148999,787487,BGN
0133232018,care,2024-07,148999,936486,BGN
0133232018,care,2024-08,148999,1085485,BGN
0133232018,care,2024-09,111721,1197207,BGN
0133232018,care,2024-10,137632,1334839,BGN
0133232018,care,2024-11,157856,1492695,BGN
0133232018,care,2024-12,131540,1624235,BGN
0133232018,care,2025-01,148999,148999,BGN
0133232018,care,2025-02,110145,259144,BGN
0133232018,care,2025-03,110023,369166,BGN
0133232018,care,2025-04,148999,518165,BGN
0133232018,care,2025-05,135615,653780,BGN
0133232018,care,2025-06,143507,797287,BGN
0133232018,care,2025-07,172781,970068,BGN
0133232018,care,2025-08,162260,1132328,BGN
0133232018,care,2025-09,156750,1289078,BGN
0133232018,care,2025-10,135615,1424693,BGN
0133232018,care,2025-11,135615,1560308,BGN
0133232018,care,2025-12,150615,1710923,BGN
0133232018,care,2026-01,97340,97340,EUR
0133232018,care,2026-02,70241,167581,EUR
0133232018,care,2026-03,80658,248239,EUR
0133232018,care,2026-04,2238,250477,EUR
0133232018,care,2026-05,11369,261846,EUR
0133232018,care,2026-06,8069,269915,EUR
0133232018,care,2026-07,1595,271510,EUR
0133232018,care,2026-08,0,271510,EUR
0137211002,care,2024-01,633229,633229,BGN
0137211002,care,2024-02,640510,1273739,BGN
0137211002,care,2024-03,988431,2262170,BGN
0137211002,care,2024-04,1097095,3359265,BGN
0137211002,care,2024-05,789360,4148626,BGN
0137211002,care,2024-06,819216,4967842,BGN
0137211002,care,2024-07,817805,5785647,BGN
0137211002,care,2024-08,830650,6616297,BGN
0137211002,care,2024-09,822433,7438730,BGN
0137211002,care,2024-10,809891,8248621,BGN
0137211002,care,2024-11,836102,9084723,BGN
0137211002,care,2024-12,803829,9888552,BGN
0137211002,care,2025-01,753571,753571,BGN
0137211002,care,2025-02,867418,1620990,BGN
0137211002,care,2025-03,806788,2427777,BGN
0137211002,care,2025-04,807694,3235471,BGN
0137211002,care,2025-05,783783,4019255,BGN
0137211002,care,2025-06,773455,4792710,BGN
0137211002,care,2025-07,1116796,5909505,BGN
0137211002,care,2025-08,816951,6726457,BGN
0137211002,care,2025-09,866564,7593021,BGN
0137211002,care,2025-10,805212,8398233,BGN
0137211002,care,2025-11,862424,9260657,BGN
0137211002,care,2025-12,856202,10116858,BGN
0137211002,care,2026-01,428853,428853,EUR
0137211002,care,2026-02,438544,867398,EUR
0137211002,care,2026-03,431535,1298933,EUR
0137211002,care,2026-04,488725,1787657,EUR
0137211002,care,2026-05,472231,2259888,EUR
0137211002,care,2026-06,464806,2724694,EUR
0137211002,care,2026-07,485617,3210311,EUR
0137211002,care,2026-08,495280,3705590,EUR
0140211003,care,2024-01,1259666,1259666,BGN
0140211003,care,2024-02,1576644,2836311,BGN
0140211003,care,2024-03,1752091,4588402,BGN
0140211003,care,2024-04,1930998,6519400,BGN
0140211003,care,2024-05,1588395,8107795,BGN
0140211003,care,2024-06,1599391,9707186,BGN
0140211003,care,2024-07,1572763,11279949,BGN
0140211003,care,2024-08,1525974,12805923,BGN
0140211003,care,2024-09,1575816,14381739,BGN
0140211003,care,2024-10,1637455,16019195,BGN
0140211003,care,2024-11,1807639,17826834,BGN
0140211003,care,2024-12,1531272,19358106,BGN
0140211003,care,2025-01,1589847,1589847,BGN
0140211003,care,2025-02,1666879,3256726,BGN
0140211003,care,2025-03,1559024,4815751,BGN
0140211003,care,2025-04,1491150,6306900,BGN
0140211003,care,2025-05,3238016,9544916,BGN
0140211003,care,2025-06,1847950,11392866,BGN
0140211003,care,2025-07,1969794,13362659,BGN
0140211003,care,2025-08,1351165,14713824,BGN
0140211003,care,2025-09,1192882,15906706,BGN
0140211003,care,2025-10,1509459,17416165,BGN
0140211003,care,2025-11,1563251,18979415,BGN
0140211003,care,2025-12,1706227,20685643,BGN
0140211003,care,2026-01,739890,739890,EUR
0140211003,care,2026-02,870105,1609995,EUR
0140211003,care,2026-03,836952,2446947,EUR
0140211003,care,2026-04,867235,3314182,EUR
0140211003,care,2026-05,862479,4176661,EUR
0140211003,care,2026-06,855236,5031898,EUR
0140211003,care,2026-07,853719,5885616,EUR
0140211003,care,2026-08,676127,6561743,EUR
0140211003,devices,2024-03,360,360,BGN
0140211003,devices,2024-04,1200,1560,BGN
0140211003,devices,2024-05,0,1560,BGN
0140211003,devices,2024-06,1440,3000,BGN
0140211003,devices,2024-07,4025,7025,BGN
0140211003,devices,2024-08,6367,13392,BGN
0140211003,devices,2024-09,1520,14912,BGN
0140211003,devices,2024-10,120,15032,BGN
0140211003,devices,2024-11,120,15152,BGN
0140211003,devices,2024-12,2400,17552,BGN
0140211003,devices,2025-01,900,900,BGN
0140211003,devices,2025-02,510,1410,BGN
0140211003,devices,2025-03,1560,2970,BGN
0140211003,devices,2025-04,120,3090,BGN
0140211003,devices,2025-05,2970,6060,BGN
0140211003,devices,2025-06,0,6060,BGN
0140211003,devices,2025-07,0,6060,BGN
0140211003,devices,2025-08,0,6060,BGN
0140211003,devices,2025-09,0,6060,BGN
0140211003,devices,2025-10,0,6060,BGN
0140211003,devices,2025-11,1953,8013,BGN
0140211003,devices,2025-12,0,8013,BGN
0140211003,devices,2026-02,790,790,EUR
0140211003,devices,2026-03,729,1519,EUR
0140211003,devices,2026-04,0,1519,EUR
0140211003,devices,2026-05,675,2193,EUR
0140211003,devices,2026-06,0,2193,EUR
0140211003,devices,2026-07,0,2193,EUR
0140211003,devices,2026-08,61,2255,EUR
0140233007,care,2024-01,126150,126150,BGN
0140233007,care,2024-02,48044,174194,BGN
0140233007,care,2024-03,109301,283495,BGN
0140233007,care,2024-04,182324,465819,BGN
0140233007,care,2024-05,182324,648143,BGN
0140233007,care,2024-06,182324,830467,BGN
0140233007,care,2024-07,182324,1012791,BGN
0140233007,care,2024-08,141177,1153968,BGN
0140233007,care,2024-09,60229,1214197,BGN
0140233007,care,2024-10,157638,1371835,BGN
0140233007,care,2024-11,207010,1578845,BGN
0140233007,care,2024-12,182324,1761169,BGN
0140233007,care,2025-01,151569,151569,BGN
0140233007,care,2025-02,29113,180682,BGN
0140233007,care,2025-03,128309,308991,BGN
0140233007,care,2025-04,180682,489673,BGN
0140233007,care,2025-05,186808,676481,BGN
0140233007,care,2025-06,149515,825996,BGN
0140233007,care,2025-07,192844,1018841,BGN
0140233007,care,2025-08,129805,1148646,BGN
0140233007,care,2025-09,86830,1235476,BGN
0140233007,care,2025-10,149515,1384991,BGN
0140233007,care,2025-11,149515,1534506,BGN
0140233007,care,2025-12,164515,1699021,BGN
0140233007,care,2026-01,77413,77413,EUR
0140233007,care,2026-02,15881,93293,EUR
0140233007,care,2026-03,48586,141879,EUR
0140233007,care,2026-04,72198,214077,EUR
0140233007,care,2026-05,72198,286275,EUR
0140233007,care,2026-06,72198,358473,EUR
0140233007,care,2026-07,72198,430671,EUR
0140233007,care,2026-08,40188,470859,EUR
0201211002,care,2024-01,206470,206470,BGN
0201211002,care,2024-02,206470,412940,BGN
0201211002,care,2024-03,269540,682480,BGN
0201211002,care,2024-04,419408,1101888,BGN
0201211002,care,2024-05,276363,1378251,BGN
0201211002,care,2024-06,275960,1654211,BGN
0201211002,care,2024-07,275510,1929721,BGN
0201211002,care,2024-08,262715,2192436,BGN
0201211002,care,2024-09,275535,2467971,BGN
0201211002,care,2024-10,246509,2714480,BGN
0201211002,care,2024-11,264902,2979381,BGN
0201211002,care,2024-12,285890,3265272,BGN
0201211002,care,2025-01,275139,275139,BGN
0201211002,care,2025-02,288193,563332,BGN
0201211002,care,2025-03,275071,838403,BGN
0201211002,care,2025-04,261516,1099919,BGN
0201211002,care,2025-05,302095,1402014,BGN
0201211002,care,2025-06,301045,1703059,BGN
0201211002,care,2025-07,325590,2028650,BGN
0201211002,care,2025-08,263561,2292211,BGN
0201211002,care,2025-09,313145,2605356,BGN
0201211002,care,2025-10,241344,2846700,BGN
0201211002,care,2025-11,289072,3135772,BGN
0201211002,care,2025-12,292158,3427930,BGN
0201211002,care,2026-01,154921,154921,EUR
0201211002,care,2026-02,146278,301199,EUR
0201211002,care,2026-03,142762,443962,EUR
0201211002,care,2026-04,146024,589985,EUR
0201211002,care,2026-05,146111,736096,EUR
0201211002,care,2026-06,137434,873530,EUR
0201211002,care,2026-07,137194,1010724,EUR
0201211002,care,2026-08,139238,1149962,EUR
0204131007,care,2024-01,49432,49432,BGN
0204131007,care,2024-02,48924,98356,BGN
0204131007,care,2024-03,49415,147771,BGN
0204131007,care,2024-04,57769,205540,BGN
0204131007,care,2024-05,57769,263309,BGN
0204131007,care,2024-06,57769,321078,BGN
0204131007,care,2024-07,57769,378847,BGN
0204131007,care,2024-08,57769,436616,BGN
0204131007,care,2024-09,56538,493154,BGN
0204131007,care,2024-10,39427,532580,BGN
0204131007,care,2024-11,57754,590334,BGN
0204131007,care,2024-12,75879,666213,BGN
0204131007,care,2025-01,56897,56897,BGN
0204131007,care,2025-02,56514,113412,BGN
0204131007,care,2025-03,56827,170239,BGN
0204131007,care,2025-04,57769,228008,BGN
0204131007,care,2025-05,56746,284754,BGN
0204131007,care,2025-06,58846,343600,BGN
0204131007,care,2025-07,61669,405270,BGN
0204131007,care,2025-08,66609,471878,BGN
0204131007,care,2025-09,63110,534989,BGN
0204131007,care,2025-10,50134,585122,BGN
0204131007,care,2025-11,63358,648481,BGN
0204131007,care,2025-12,56746,705227,BGN
0204131007,care,2026-01,31978,31978,EUR
0204131007,care,2026-02,30467,62444,EUR
0204131007,care,2026-03,30753,93197,EUR
0204131007,care,2026-04,30634,123831,EUR
0204131007,care,2026-05,30462,154293,EUR
0204131007,care,2026-06,30807,185099,EUR
0204131007,care,2026-07,30319,215418,EUR
0204131007,care,2026-08,23885,239303,EUR
0204131018,care,2024-01,3553,3553,BGN
0204131018,care,2024-02,6599,10152,BGN
0204131018,care,2024-03,5584,15736,BGN
0204131018,care,2024-04,7434,23170,BGN
0204131018,care,2024-05,7434,30604,BGN
0204131018,care,2024-06,7434,38038,BGN
0204131018,care,2024-07,7434,45472,BGN
0204131018,care,2024-08,7434,52906,BGN
0204131018,care,2024-09,7434,60340,BGN
0204131018,care,2024-10,7434,67774,BGN
0204131018,care,2024-11,8739,76513,BGN
0204131018,care,2024-12,7434,83947,BGN
0204131018,care,2025-01,7434,7434,BGN
0204131018,care,2025-02,7434,14868,BGN
0204131018,care,2025-03,7434,22302,BGN
0204131018,care,2025-04,7434,29736,BGN
0204131018,care,2025-05,11819,41555,BGN
0204131018,care,2025-06,11449,53004,BGN
0204131018,care,2025-07,8528,61532,BGN
0204131018,care,2025-08,8528,70059,BGN
0204131018,care,2025-09,8528,78587,BGN
0204131018,care,2025-10,8325,86912,BGN
0204131018,care,2025-11,5732,92644,BGN
0204131018,care,2025-12,8528,101172,BGN
0204131018,care,2026-01,4065,4065,EUR
0204131018,care,2026-02,4049,8114,EUR
0204131018,care,2026-03,4121,12234,EUR
0204131018,care,2026-04,4138,16372,EUR
0204131018,care,2026-05,4138,20510,EUR
0204131018,care,2026-06,751,21261,EUR
0204131018,care,2026-07,4138,25399,EUR
0204131018,care,2026-08,4138,29537,EUR
0204131030,care,2024-01,53307,53307,BGN
0204131030,care,2024-02,53307,106614,BGN
0204131030,care,2024-03,52394,159008,BGN
0204131030,care,2024-04,68476,227484,BGN
0204131030,care,2024-05,68476,295960,BGN
0204131030,care,2024-06,68476,364436,BGN
0204131030,care,2024-07,64347,428783,BGN
0204131030,care,2024-08,34917,463700,BGN
0204131030,care,2024-09,58316,522016,BGN
0204131030,care,2024-10,55665,577681,BGN
0204131030,care,2024-11,63654,641335,BGN
0204131030,care,2024-12,74386,715721,BGN
0204131030,care,2025-01,66569,66569,BGN
0204131030,care,2025-02,70256,136825,BGN
0204131030,care,2025-03,64988,201813,BGN
0204131030,care,2025-04,65320,267133,BGN
0204131030,care,2025-05,58728,325862,BGN
0204131030,care,2025-06,61461,387322,BGN
0204131030,care,2025-07,64045,451368,BGN
0204131030,care,2025-08,54359,505727,BGN
0204131030,care,2025-09,55711,561438,BGN
0204131030,care,2025-10,57289,618727,BGN
0204131030,care,2025-11,59968,678695,BGN
0204131030,care,2025-12,72907,751602,BGN
0204131030,care,2026-01,34395,34395,EUR
0204131030,care,2026-02,32028,66423,EUR
0204131030,care,2026-03,32028,98451,EUR
0204131030,care,2026-04,32028,130479,EUR
0204131030,care,2026-05,26081,156560,EUR
0204131030,care,2026-06,37975,194535,EUR
0204131030,care,2026-07,32028,226563,EUR
0204131030,care,2026-08,25150,251714,EUR
0204134004,care,2024-01,1458,1458,BGN
0204134004,care,2024-02,1944,3402,BGN
0204134004,care,2024-03,1899,5301,BGN
0204134004,care,2024-04,2232,7533,BGN
0204134004,care,2024-05,2264,9797,BGN
0204134004,care,2024-06,2248,12045,BGN
0204134004,care,2024-07,2248,14293,BGN
0204134004,care,2024-08,2248,16541,BGN
0204134004,care,2024-09,2248,18789,BGN
0204134004,care,2024-10,2248,21037,BGN
0204134004,care,2024-11,2457,23494,BGN
0204134004,care,2024-12,2248,25742,BGN
0204134004,care,2025-01,2248,2248,BGN
0204134004,care,2025-02,425,2673,BGN
0204134004,care,2025-03,0,2673,BGN
0204134004,care,2025-04,0,2673,BGN
0204134004,care,2025-05,502,3175,BGN
0204134004,care,2025-06,0,3175,BGN
0204134004,care,2025-07,0,3175,BGN
0204134004,care,2025-08,0,3175,BGN
0204134004,care,2025-09,0,3175,BGN
0204134004,care,2025-10,0,3175,BGN
0204134004,care,2025-11,0,3175,BGN
0204134004,care,2025-12,0,3175,BGN
0204211001,care,2024-01,2952452,2952452,BGN
0204211001,care,2024-02,3207239,6159691,BGN
0204211001,care,2024-03,3297476,9457167,BGN
0204211001,care,2024-04,3869170,13326337,BGN
0204211001,care,2024-05,3510297,16836634,BGN
0204211001,care,2024-06,3535067,20371701,BGN
0204211001,care,2024-07,3500501,23872203,BGN
0204211001,care,2024-08,3568628,27440831,BGN
0204211001,care,2024-09,3393739,30834569,BGN
0204211001,care,2024-10,3695145,34529714,BGN
0204211001,care,2024-11,3833555,38363270,BGN
0204211001,care,2024-12,3512062,41875332,BGN
0204211001,care,2025-01,3347276,3347276,BGN
0204211001,care,2025-02,3817892,7165168,BGN
0204211001,care,2025-03,3507455,10672623,BGN
0204211001,care,2025-04,3337807,14010430,BGN
0204211001,care,2025-05,6256840,20267270,BGN
0204211001,care,2025-06,4445993,24713263,BGN
0204211001,care,2025-07,4057161,28770424,BGN
0204211001,care,2025-08,3918336,32688761,BGN
0204211001,care,2025-09,3590486,36279246,BGN
0204211001,care,2025-10,3682890,39962136,BGN
0204211001,care,2025-11,3802306,43764442,BGN
0204211001,care,2025-12,3710936,47475378,BGN
0204211001,care,2026-01,1913434,1913434,EUR
0204211001,care,2026-02,2064769,3978203,EUR
0204211001,care,2026-03,1964376,5942579,EUR
0204211001,care,2026-04,1956729,7899308,EUR
0204211001,care,2026-05,1960046,9859354,EUR
0204211001,care,2026-06,1986535,11845888,EUR
0204211001,care,2026-07,1977257,13823145,EUR
0204211001,care,2026-08,1991799,15814945,EUR
0204211001,devices,2024-02,97788,97788,BGN
0204211001,devices,2024-03,55656,153444,BGN
0204211001,devices,2024-04,49475,202919,BGN
0204211001,devices,2024-05,80456,283375,BGN
0204211001,devices,2024-06,142203,425578,BGN
0204211001,devices,2024-07,71604,497181,BGN
0204211001,devices,2024-08,98693,595874,BGN
0204211001,devices,2024-09,56165,652039,BGN
0204211001,devices,2024-10,47949,699988,BGN
0204211001,devices,2024-11,88028,788016,BGN
0204211001,devices,2024-12,75170,863186,BGN
0204211001,devices,2025-01,95133,95133,BGN
0204211001,devices,2025-02,81730,176862,BGN
0204211001,devices,2025-03,75848,252710,BGN
0204211001,devices,2025-04,69535,322245,BGN
0204211001,devices,2025-05,108796,431041,BGN
0204211001,devices,2025-06,141632,572674,BGN
0204211001,devices,2025-07,126884,699558,BGN
0204211001,devices,2025-08,76918,776475,BGN
0204211001,devices,2025-09,79371,855846,BGN
0204211001,devices,2025-10,64154,920000,BGN
0204211001,devices,2025-11,68159,988159,BGN
0204211001,devices,2025-12,0,988159,BGN
0204211001,devices,2026-01,135295,135295,EUR
0204211001,devices,2026-02,53879,189173,EUR
0204211001,devices,2026-03,133033,322207,EUR
0204211001,devices,2026-04,0,322207,EUR
0204211001,devices,2026-05,41204,363410,EUR
0204211001,devices,2026-06,66215,429626,EUR
0204211001,devices,2026-07,54471,484097,EUR
0204211001,devices,2026-08,63082,547179,EUR
0204211024,care,2024-01,779228,779228,BGN
0204211024,care,2024-02,779228,1558456,BGN
0204211024,care,2024-03,779228,2337684,BGN
0204211024,care,2024-04,1323566,3661250,BGN
0204211024,care,2024-05,945881,4607131,BGN
0204211024,care,2024-06,946389,5553520,BGN
0204211024,care,2024-07,949423,6502943,BGN
0204211024,care,2024-08,946197,7449141,BGN
0204211024,care,2024-09,948265,8397405,BGN
0204211024,care,2024-10,869650,9267055,BGN
0204211024,care,2024-11,1023394,10290449,BGN
0204211024,care,2024-12,948649,11239098,BGN
0204211024,care,2025-01,932727,932727,BGN
0204211024,care,2025-02,872827,1805554,BGN
0204211024,care,2025-03,886832,2692386,BGN
0204211024,care,2025-04,947231,3639617,BGN
0204211024,care,2025-05,933629,4573246,BGN
0204211024,care,2025-06,961748,5534994,BGN
0204211024,care,2025-07,951959,6486953,BGN
0204211024,care,2025-08,912131,7399084,BGN
0204211024,care,2025-09,976289,8375373,BGN
0204211024,care,2025-10,842393,9217766,BGN
0204211024,care,2025-11,952531,10170297,BGN
0204211024,care,2025-12,897462,11067759,BGN
0204211024,care,2026-01,495827,495827,EUR
0204211024,care,2026-02,508903,1004730,EUR
0204211024,care,2026-03,490618,1495348,EUR
0204211024,care,2026-04,490176,1985524,EUR
0204211024,care,2026-05,487653,2473177,EUR
0204211024,care,2026-06,494025,2967202,EUR
0204211024,care,2026-07,489574,3456776,EUR
0204211024,care,2026-08,491662,3948438,EUR
0204211024,devices,2024-02,1920,1920,BGN
0204211024,devices,2024-03,3600,5520,BGN
0204211024,devices,2024-04,0,5520,BGN
0204211024,devices,2024-05,0,5520,BGN
0204211024,devices,2024-06,0,5520,BGN
0204211024,devices,2024-07,0,5520,BGN
0204211024,devices,2024-08,0,5520,BGN
0204211024,devices,2024-09,0,5520,BGN
0204211024,devices,2024-10,1200,6720,BGN
0204211024,devices,2024-11,0,6720,BGN
0204211024,devices,2024-12,0,6720,BGN
0204211024,devices,2025-09,1200,1200,BGN
0204211024,devices,2025-10,0,1200,BGN
0204211024,devices,2025-11,1740,2940,BGN
0204211024,devices,2025-12,0,2940,BGN
0204211024,devices,2026-01,2454,2454,EUR
0204211024,devices,2026-02,0,2454,EUR
0204211024,devices,2026-03,1841,4295,EUR
0204211024,devices,2026-04,0,4295,EUR
0204211024,devices,2026-05,1227,5522,EUR
0204211024,devices,2026-06,1841,7363,EUR
0204211024,devices,2026-07,0,7363,EUR
0204211024,devices,2026-08,890,8252,EUR
0204211027,care,2024-01,1813114,1813114,BGN
0204211027,care,2024-02,1778013,3591127,BGN
0204211027,care,2024-03,1810360,5401487,BGN
0204211027,care,2024-04,4153022,9554510,BGN
0204211027,care,2024-05,2648287,12202796,BGN
0204211027,care,2024-06,2639324,14842120,BGN
0204211027,care,2024-07,2887128,17729248,BGN
0204211027,care,2024-08,2887927,20617175,BGN
0204211027,care,2024-09,2960485,23577660,BGN
0204211027,care,2024-10,3038211,26615871,BGN
0204211027,care,2024-11,4326051,30941922,BGN
0204211027,care,2024-12,3144364,34086286,BGN
0204211027,care,2025-01,3093051,3093051,BGN
0204211027,care,2025-02,3154502,6247553,BGN
0204211027,care,2025-03,3352091,9599645,BGN
0204211027,care,2025-04,3656073,13255718,BGN
0204211027,care,2025-05,8059095,21314813,BGN
0204211027,care,2025-06,12189737,33504550,BGN
0204211027,care,2025-07,5199296,38703845,BGN
0204211027,care,2025-08,5556156,44260002,BGN
0204211027,care,2025-09,5339541,49599542,BGN
0204211027,care,2025-10,4994625,54594167,BGN
0204211027,care,2025-11,5170630,59764797,BGN
0204211027,care,2025-12,5044127,64808924,BGN
0204211027,care,2026-01,2795510,2795510,EUR
0204211027,care,2026-02,3144064,5939574,EUR
0204211027,care,2026-03,3370877,9310451,EUR
0204211027,care,2026-04,3716505,13026956,EUR
0204211027,care,2026-05,3804980,16831936,EUR
0204211027,care,2026-06,4178972,21010908,EUR
0204211027,care,2026-07,4000449,25011357,EUR
0204211027,care,2026-08,4092845,29104202,EUR
0204211027,devices,2024-02,3088,3088,BGN
0204211027,devices,2024-03,43162,46250,BGN
0204211027,devices,2024-04,7746,53996,BGN
0204211027,devices,2024-05,42409,96405,BGN
0204211027,devices,2024-06,8600,105005,BGN
0204211027,devices,2024-07,3958,108963,BGN
0204211027,devices,2024-08,32124,141087,BGN
0204211027,devices,2024-09,6323,147410,BGN
0204211027,devices,2024-10,18538,165948,BGN
0204211027,devices,2024-11,31444,197392,BGN
0204211027,devices,2024-12,53763,251155,BGN
0204211027,devices,2025-01,46749,46749,BGN
0204211027,devices,2025-02,8388,55137,BGN
0204211027,devices,2025-03,43278,98415,BGN
0204211027,devices,2025-04,12316,110731,BGN
0204211027,devices,2025-05,46825,157556,BGN
0204211027,devices,2025-06,114316,271872,BGN
0204211027,devices,2025-07,70553,342425,BGN
0204211027,devices,2025-08,99380,441805,BGN
0204211027,devices,2025-09,130490,572295,BGN
0204211027,devices,2025-10,71848,644143,BGN
0204211027,devices,2025-11,70599,714742,BGN
0204211027,devices,2025-12,0,714742,BGN
0204211027,devices,2026-01,121007,121007,EUR
0204211027,devices,2026-02,60414,181422,EUR
0204211027,devices,2026-03,106396,287818,EUR
0204211027,devices,2026-04,0,287818,EUR
0204211027,devices,2026-05,65144,352961,EUR
0204211027,devices,2026-06,58410,411371,EUR
0204211027,devices,2026-07,77755,489126,EUR
0204211027,devices,2026-08,53725,542851,EUR
0204211027,medicines,2024-01,823594,823594,BGN
0204211027,medicines,2024-02,984490,1808083,BGN
0204211027,medicines,2024-03,1158681,2966764,BGN
0204211027,medicines,2024-04,1045751,4012515,BGN
0204211027,medicines,2024-05,1123923,5136437,BGN
0204211027,medicines,2024-06,1124217,6260655,BGN
0204211027,medicines,2024-07,1238983,7499637,BGN
0204211027,medicines,2024-08,1476823,8976460,BGN
0204211027,medicines,2024-09,1564269,10540730,BGN
0204211027,medicines,2024-10,1626363,12167093,BGN
0204211027,medicines,2024-11,1674171,13841265,BGN
0204211027,medicines,2024-12,1719863,15561127,BGN
0204211027,medicines,2025-01,1772431,1772431,BGN
0204211027,medicines,2025-02,1923029,3695460,BGN
0204211027,medicines,2025-03,2069918,5765378,BGN
0204211027,medicines,2025-04,1781469,7546847,BGN
0204211027,medicines,2025-05,1873749,9420595,BGN
0204211027,medicines,2025-06,2180609,11601205,BGN
0204211027,medicines,2025-07,2185027,13786232,BGN
0204211027,medicines,2025-08,2322220,16108452,BGN
0204211027,medicines,2025-09,2519121,18627573,BGN
0204211027,medicines,2025-10,2727568,21355141,BGN
0204211027,medicines,2025-11,2494186,23849327,BGN
0204211027,medicines,2025-12,3128401,26977728,BGN
0204211027,medicines,2026-01,1391916,1391916,EUR
0204211027,medicines,2026-02,1484563,2876480,EUR
0204211027,medicines,2026-03,1323667,4200146,EUR
0204211027,medicines,2026-04,1397015,5597161,EUR
0204211027,medicines,2026-05,1640924,7238085,EUR
0204211027,medicines,2026-06,1606135,8844220,EUR
0204211027,medicines,2026-07,1559415,10403635,EUR
0204211027,medicines,2026-08,1606259,12009894,EUR
0204211031,care,2024-01,350720,350720,BGN
0204211031,care,2024-02,350720,701440,BGN
0204211031,care,2024-03,350720,1052160,BGN
0204211031,care,2024-04,645832,1697992,BGN
0204211031,care,2024-05,428916,2126908,BGN
0204211031,care,2024-06,428916,2555824,BGN
0204211031,care,2024-07,407470,2963294,BGN
0204211031,care,2024-08,428916,3392210,BGN
0204211031,care,2024-09,428916,3821126,BGN
0204211031,care,2024-10,412426,4233552,BGN
0204211031,care,2024-11,445406,4678958,BGN
0204211031,care,2024-12,428916,5107874,BGN
0204211031,care,2025-01,369093,369093,BGN
0204211031,care,2025-02,375618,744711,BGN
0204211031,care,2025-03,403147,1147858,BGN
0204211031,care,2025-04,428916,1576774,BGN
0204211031,care,2025-05,385114,1961888,BGN
0204211031,care,2025-06,446153,2408041,BGN
0204211031,care,2025-07,364149,2772190,BGN
0204211031,care,2025-08,243496,3015686,BGN
0204211031,care,2025-09,250123,3265809,BGN
0204211031,care,2025-10,250419,3516228,BGN
0204211031,care,2025-11,335026,3851254,BGN
0204211031,care,2025-12,300740,4151994,BGN
0204211031,care,2026-01,133952,133952,EUR
0204211031,care,2026-02,130441,264392,EUR
0204211031,care,2026-03,97004,361396,EUR
0204211031,care,2026-04,109362,470758,EUR
0204211031,care,2026-05,124629,595387,EUR
0204211031,care,2026-06,88045,683433,EUR
0204211031,care,2026-07,109110,792542,EUR
0204211031,care,2026-08,116978,909521,EUR
0204211031,devices,2024-02,1800,1800,BGN
0204211031,devices,2024-03,1200,3000,BGN
0204211031,devices,2024-04,0,3000,BGN
0204211031,devices,2024-05,0,3000,BGN
0204211031,devices,2024-06,1200,4200,BGN
0204211031,devices,2024-07,2400,6600,BGN
0204211031,devices,2024-08,0,6600,BGN
0204211031,devices,2024-09,0,6600,BGN
0204211031,devices,2024-10,1200,7800,BGN
0204211031,devices,2024-11,0,7800,BGN
0204211031,devices,2024-12,1800,9600,BGN
0204211031,devices,2025-02,1200,1200,BGN
0204211031,devices,2025-03,0,1200,BGN
0204211031,devices,2025-04,1200,2400,BGN
0204211031,devices,2025-05,0,2400,BGN
0204211031,devices,2025-06,1200,3600,BGN
0204211031,devices,2025-07,600,4200,BGN
0204211031,devices,2025-08,1200,5400,BGN
0204211031,devices,2025-09,1200,6600,BGN
0204211031,devices,2025-10,2400,9000,BGN
0204211031,devices,2025-11,2400,11400,BGN
0204211031,devices,2025-12,0,11400,BGN
0204211031,devices,2026-01,307,307,EUR
0204211031,devices,2026-02,614,920,EUR
0204211031,devices,2026-03,614,1534,EUR
0204211031,devices,2026-04,0,1534,EUR
0204211031,devices,2026-05,0,1534,EUR
0204211031,devices,2026-06,2454,3988,EUR
0204211031,devices,2026-07,0,3988,EUR
0204211031,devices,2026-08,0,3988,EUR
0204211032,care,2024-01,1959915,1959915,BGN
0204211032,care,2024-02,1968098,3928014,BGN
0204211032,care,2024-03,1953961,5881975,BGN
0204211032,care,2024-04,6159779,12041753,BGN
0204211032,care,2024-05,3185848,15227601,BGN
0204211032,care,2024-06,3181142,18408744,BGN
0204211032,care,2024-07,3213290,21622033,BGN
0204211032,care,2024-08,3184385,24806418,BGN
0204211032,care,2024-09,3039880,27846298,BGN
0204211032,care,2024-10,3353389,31199687,BGN
0204211032,care,2024-11,4117578,35317265,BGN
0204211032,care,2024-12,3189119,38506384,BGN
0204211032,care,2025-01,3198290,3198290,BGN
0204211032,care,2025-02,3351013,6549302,BGN
0204211032,care,2025-03,3187238,9736540,BGN
0204211032,care,2025-04,3032783,12769323,BGN
0204211032,care,2025-05,13734851,26504173,BGN
0204211032,care,2025-06,6463860,32968033,BGN
0204211032,care,2025-07,5128652,38096685,BGN
0204211032,care,2025-08,5124119,43220803,BGN
0204211032,care,2025-09,4218109,47438912,BGN
0204211032,care,2025-10,4474038,51912950,BGN
0204211032,care,2025-11,4734178,56647128,BGN
0204211032,care,2025-12,4619315,61266443,BGN
0204211032,care,2026-01,2003046,2003046,EUR
0204211032,care,2026-02,2566587,4569633,EUR
0204211032,care,2026-03,2583843,7153475,EUR
0204211032,care,2026-04,2601470,9754946,EUR
0204211032,care,2026-05,2608935,12363881,EUR
0204211032,care,2026-06,2594989,14958869,EUR
0204211032,care,2026-07,2845720,17804589,EUR
0204211032,care,2026-08,2742877,20547467,EUR
0204211032,devices,2024-02,42890,42890,BGN
0204211032,devices,2024-03,33158,76048,BGN
0204211032,devices,2024-04,37390,113438,BGN
0204211032,devices,2024-05,50575,164013,BGN
0204211032,devices,2024-06,56000,220013,BGN
0204211032,devices,2024-07,52010,272023,BGN
0204211032,devices,2024-08,86949,358972,BGN
0204211032,devices,2024-09,61863,420835,BGN
0204211032,devices,2024-10,52844,473679,BGN
0204211032,devices,2024-11,49073,522752,BGN
0204211032,devices,2024-12,49104,571856,BGN
0204211032,devices,2025-01,99495,99495,BGN
0204211032,devices,2025-02,68497,167992,BGN
0204211032,devices,2025-03,139530,307522,BGN
0204211032,devices,2025-04,129042,436564,BGN
0204211032,devices,2025-05,120387,556951,BGN
0204211032,devices,2025-06,109590,666541,BGN
0204211032,devices,2025-07,96954,763495,BGN
0204211032,devices,2025-08,91467,854962,BGN
0204211032,devices,2025-09,123927,978889,BGN
0204211032,devices,2025-10,80627,1059516,BGN
0204211032,devices,2025-11,120959,1180475,BGN
0204211032,devices,2025-12,0,1180475,BGN
0204211032,devices,2026-01,103981,103981,EUR
0204211032,devices,2026-02,56224,160205,EUR
0204211032,devices,2026-03,108336,268541,EUR
0204211032,devices,2026-04,0,268541,EUR
0204211032,devices,2026-05,52522,321062,EUR
0204211032,devices,2026-06,62642,383704,EUR
0204211032,devices,2026-07,62275,445980,EUR
0204211032,devices,2026-08,63715,509695,EUR
0204211032,medicines,2025-06,19877,19877,BGN
0204211032,medicines,2025-07,45049,64926,BGN
0204211032,medicines,2025-08,106522,171448,BGN
0204211032,medicines,2025-09,117548,288996,BGN
0204211032,medicines,2025-10,177919,466915,BGN
0204211032,medicines,2025-11,119043,585957,BGN
0204211032,medicines,2025-12,166969,752927,BGN
0204211032,medicines,2026-01,77957,77957,EUR
0204211032,medicines,2026-02,77722,155678,EUR
0204211032,medicines,2026-03,112709,268387,EUR
0204211032,medicines,2026-04,119512,387899,EUR
0204211032,medicines,2026-05,154910,542809,EUR
0204211032,medicines,2026-06,163078,705888,EUR
0204211032,medicines,2026-07,167874,873761,EUR
0204211032,medicines,2026-08,177667,1051428,EUR
0204212010,care,2024-01,205227,205227,BGN
0204212010,care,2024-02,205227,410454,BGN
0204212010,care,2024-03,205227,615681,BGN
0204212010,care,2024-04,400174,1015855,BGN
0204212010,care,2024-05,226103,1241958,BGN
0204212010,care,2024-06,230595,1472553,BGN
0204212010,care,2024-07,228905,1701458,BGN
0204212010,care,2024-08,232408,1933866,BGN
0204212010,care,2024-09,218336,2152203,BGN
0204212010,care,2024-10,201006,2353209,BGN
0204212010,care,2024-11,230832,2584041,BGN
0204212010,care,2024-12,246652,2830693,BGN
0204212010,care,2025-01,231371,231371,BGN
0204212010,care,2025-02,235129,466500,BGN
0204212010,care,2025-03,241529,708029,BGN
0204212010,care,2025-04,221603,929632,BGN
0204212010,care,2025-05,234556,1164188,BGN
0204212010,care,2025-06,236343,1400531,BGN
0204212010,care,2025-07,225410,1625941,BGN
0204212010,care,2025-08,240137,1866078,BGN
0204212010,care,2025-09,200311,2066388,BGN
0204212010,care,2025-10,222217,2288606,BGN
0204212010,care,2025-11,249309,2537915,BGN
0204212010,care,2025-12,234112,2772027,BGN
0204212010,care,2026-01,113522,113522,EUR
0204212010,care,2026-02,116592,230114,EUR
0204212010,care,2026-03,116426,346540,EUR
0204212010,care,2026-04,117800,464340,EUR
0204212010,care,2026-05,118259,582598,EUR
0204212010,care,2026-06,117529,700127,EUR
0204212010,care,2026-07,97273,797400,EUR
0204212010,care,2026-08,92675,890075,EUR
0204212025,care,2024-01,120004,120004,BGN
0204212025,care,2024-02,125120,245124,BGN
0204212025,care,2024-03,122562,367686,BGN
0204212025,care,2024-04,153006,520692,BGN
0204212025,care,2024-05,154752,675444,BGN
0204212025,care,2024-06,153879,829323,BGN
0204212025,care,2024-07,153879,983202,BGN
0204212025,care,2024-08,153879,1137081,BGN
0204212025,care,2024-09,131584,1268665,BGN
0204212025,care,2024-10,105353,1374018,BGN
0204212025,care,2024-11,183584,1557603,BGN
0204212025,care,2024-12,172700,1730302,BGN
0204212025,care,2025-01,150697,150697,BGN
0204212025,care,2025-02,157061,307758,BGN
0204212025,care,2025-03,153879,461637,BGN
0204212025,care,2025-04,138566,600203,BGN
0204212025,care,2025-05,215986,816188,BGN
0204212025,care,2025-06,157808,973996,BGN
0204212025,care,2025-07,163431,1137427,BGN
0204212025,care,2025-08,173532,1310959,BGN
0204212025,care,2025-09,143084,1454044,BGN
0204212025,care,2025-10,152896,1606939,BGN
0204212025,care,2025-11,162720,1769660,BGN
0204212025,care,2025-12,157808,1927468,BGN
0204212025,care,2026-01,80686,80686,EUR
0204212025,care,2026-02,84503,165189,EUR
0204212025,care,2026-03,84503,249692,EUR
0204212025,care,2026-04,84503,334195,EUR
0204212025,care,2026-05,84503,418698,EUR
0204212025,care,2026-06,84503,503201,EUR
0204212025,care,2026-07,84503,587704,EUR
0204212025,care,2026-08,84503,672207,EUR
0204232016,care,2024-01,101871,101871,BGN
0204232016,care,2024-02,101871,203742,BGN
0204232016,care,2024-03,101871,305613,BGN
0204232016,care,2024-04,167877,473490,BGN
0204232016,care,2024-05,125678,599168,BGN
0204232016,care,2024-06,125678,724846,BGN
0204232016,care,2024-07,125678,850524,BGN
0204232016,care,2024-08,125678,976202,BGN
0204232016,care,2024-09,125678,1101880,BGN
0204232016,care,2024-10,125678,1227558,BGN
0204232016,care,2024-11,149565,1377123,BGN
0204232016,care,2024-12,125678,1502801,BGN
0204232016,care,2025-01,125678,125678,BGN
0204232016,care,2025-02,99703,225381,BGN
0204232016,care,2025-03,151653,377034,BGN
0204232016,care,2025-04,125678,502712,BGN
0204232016,care,2025-05,375561,878273,BGN
0204232016,care,2025-06,183397,1061670,BGN
0204232016,care,2025-07,162595,1224265,BGN
0204232016,care,2025-08,126941,1351206,BGN
0204232016,care,2025-09,124712,1475918,BGN
0204232016,care,2025-10,136266,1612184,BGN
0204232016,care,2025-11,136266,1748450,BGN
0204232016,care,2025-12,136266,1884716,BGN
0204232016,care,2026-01,69673,69673,EUR
0204232016,care,2026-02,44312,113985,EUR
0204232016,care,2026-03,86747,200732,EUR
0204232016,care,2026-04,72969,273701,EUR
0204232016,care,2026-05,72969,346670,EUR
0204232016,care,2026-06,72969,419639,EUR
0204232016,care,2026-07,72420,492060,EUR
0204232016,care,2026-08,71862,563921,EUR
0204334013,care,2024-01,1776192,1776192,BGN
0204334013,care,2024-02,1887350,3663542,BGN
0204334013,care,2024-03,1871176,5534718,BGN
0204334013,care,2024-04,2269621,7804339,BGN
0204334013,care,2024-05,2231659,10035998,BGN
0204334013,care,2024-06,1988360,12024358,BGN
0204334013,care,2024-07,2023297,14047655,BGN
0204334013,care,2024-08,1976650,16024305,BGN
0204334013,care,2024-09,2337927,18362232,BGN
0204334013,care,2024-10,2097501,20459733,BGN
0204334013,care,2024-11,2282182,22741915,BGN
0204334013,care,2024-12,2154253,24896168,BGN
0204334013,care,2025-01,1747674,1747674,BGN
0204334013,care,2025-02,2027698,3775372,BGN
0204334013,care,2025-03,2343534,6118906,BGN
0204334013,care,2025-04,2249286,8368191,BGN
0204334013,care,2025-05,2540986,10909177,BGN
0204334013,care,2025-06,2336177,13245354,BGN
0204334013,care,2025-07,2275273,15520627,BGN
0204334013,care,2025-08,2243692,17764319,BGN
0204334013,care,2025-09,2111762,19876080,BGN
0204334013,care,2025-10,2133011,22009092,BGN
0204334013,care,2025-11,2319941,24329033,BGN
0204334013,care,2025-12,2117957,26446989,BGN
0204334013,care,2026-01,987517,987517,EUR
0204334013,care,2026-02,996377,1983894,EUR
0204334013,care,2026-03,1123170,3107064,EUR
0204334013,care,2026-04,1155579,4262643,EUR
0204334013,care,2026-05,1171283,5433926,EUR
0204334013,care,2026-06,1021455,6455382,EUR
0204334013,care,2026-07,1171885,7627267,EUR
0204334013,care,2026-08,1301584,8928851,EUR
0204334013,devices,2024-02,3600,3600,BGN
0204334013,devices,2024-03,1200,4800,BGN
0204334013,devices,2024-04,1200,6000,BGN
0204334013,devices,2024-05,1200,7200,BGN
0204334013,devices,2024-06,7200,14400,BGN
0204334013,devices,2024-07,3600,18000,BGN
0204334013,devices,2024-08,2400,20400,BGN
0204334013,devices,2024-09,0,20400,BGN
0204334013,devices,2024-10,3000,23400,BGN
0204334013,devices,2024-11,2400,25800,BGN
0204334013,devices,2024-12,4800,30600,BGN
0204334013,devices,2025-01,2400,2400,BGN
0204334013,devices,2025-02,3600,6000,BGN
0204334013,devices,2025-03,6000,12000,BGN
0204334013,devices,2025-04,5400,17400,BGN
0204334013,devices,2025-05,1200,18600,BGN
0204334013,devices,2025-06,4800,23400,BGN
0204334013,devices,2025-07,4800,28200,BGN
0204334013,devices,2025-08,7200,35400,BGN
0204334013,devices,2025-09,3000,38400,BGN
0204334013,devices,2025-10,2400,40800,BGN
0204334013,devices,2025-11,11400,52200,BGN
0204334013,devices,2025-12,0,52200,BGN
0204334013,devices,2026-01,10430,10430,EUR
0204334013,devices,2026-02,3681,14112,EUR
0204334013,devices,2026-03,2454,16566,EUR
0204334013,devices,2026-04,0,16566,EUR
0204334013,devices,2026-05,3375,19940,EUR
0204334013,devices,2026-06,5829,25769,EUR
0204334013,devices,2026-07,3681,29450,EUR
0204334013,devices,2026-08,6749,36199,EUR
0204334013,medicines,2024-01,4652139,4652139,BGN
0204334013,medicines,2024-02,4356669,9008808,BGN
0204334013,medicines,2024-03,4639492,13648300,BGN
0204334013,medicines,2024-04,4040035,17688335,BGN
0204334013,medicines,2024-05,4274505,21962840,BGN
0204334013,medicines,2024-06,4145972,26108812,BGN
0204334013,medicines,2024-07,4120433,30229245,BGN
0204334013,medicines,2024-08,4204628,34433872,BGN
0204334013,medicines,2024-09,4237025,38670897,BGN
0204334013,medicines,2024-10,4556953,43227850,BGN
0204334013,medicines,2024-11,4130670,47358519,BGN
0204334013,medicines,2024-12,4580098,51938617,BGN
0204334013,medicines,2025-01,4501240,4501240,BGN
0204334013,medicines,2025-02,4558475,9059715,BGN
0204334013,medicines,2025-03,5003871,14063586,BGN
0204334013,medicines,2025-04,4560047,18623633,BGN
0204334013,medicines,2025-05,4852142,23475775,BGN
0204334013,medicines,2025-06,4846617,28322392,BGN
0204334013,medicines,2025-07,4637958,32960350,BGN
0204334013,medicines,2025-08,4896176,37856526,BGN
0204334013,medicines,2025-09,4959411,42815937,BGN
0204334013,medicines,2025-10,5231727,48047664,BGN
0204334013,medicines,2025-11,4648125,52695789,BGN
0204334013,medicines,2025-12,5266311,57962100,BGN
0204334013,medicines,2026-01,2277806,2277806,EUR
0204334013,medicines,2026-02,2291484,4569289,EUR
0204334013,medicines,2026-03,2265495,6834785,EUR
0204334013,medicines,2026-04,2133665,8968449,EUR
0204334013,medicines,2026-05,2418654,11387104,EUR
0204334013,medicines,2026-06,2453803,13840906,EUR
0204334013,medicines,2026-07,2256689,16097595,EUR
0204334013,medicines,2026-08,2616062,18713657,EUR
0204391033,care,2024-01,108346,108346,BGN
0204391033,care,2024-02,123314,231660,BGN
0204391033,care,2024-03,116662,348322,BGN
0204391033,care,2024-04,115250,463572,BGN
0204391033,care,2024-05,146500,610072,BGN
0204391033,care,2024-06,151250,761322,BGN
0204391033,care,2024-07,139500,900822,BGN
0204391033,care,2024-08,160750,1061572,BGN
0204391033,care,2024-09,166250,1227822,BGN
0204391033,care,2024-10,142000,1369822,BGN
0204391033,care,2024-11,142250,1512072,BGN
0204391033,care,2024-12,134250,1646322,BGN
0204391033,care,2025-01,136000,136000,BGN
0204391033,care,2025-02,141750,277750,BGN
0204391033,care,2025-03,116750,394500,BGN
0204391033,care,2025-04,130000,524500,BGN
0204391033,care,2025-05,132000,656500,BGN
0204391033,care,2025-06,135500,792000,BGN
0204391033,care,2025-07,129500,921500,BGN
0204391033,care,2025-08,137000,1058500,BGN
0204391033,care,2025-09,144250,1202750,BGN
0204391033,care,2025-10,132500,1335250,BGN
0204391033,care,2025-11,128250,1463500,BGN
0204391033,care,2025-12,62250,1525750,BGN
0204391033,care,2026-01,69278,69278,EUR
0204391033,care,2026-02,64421,133700,EUR
0204391033,care,2026-03,59948,193647,EUR
0204391033,care,2026-04,64421,258069,EUR
0204391033,care,2026-05,64038,322106,EUR
0204391033,care,2026-06,61737,383843,EUR
0204391033,care,2026-07,61865,445708,EUR
0204391033,care,2026-08,65827,511536,EUR
0204391034,care,2024-01,141847,141847,BGN
0204391034,care,2024-02,149688,291535,BGN
0204391034,care,2024-03,133531,425066,BGN
0204391034,care,2024-04,142000,567066,BGN
0204391034,care,2024-05,141000,708066,BGN
0204391034,care,2024-06,138500,846566,BGN
0204391034,care,2024-07,139500,986066,BGN
0204391034,care,2024-08,177500,1163566,BGN
0204391034,care,2024-09,165250,1328816,BGN
0204391034,care,2024-10,140000,1468816,BGN
0204391034,care,2024-11,143500,1612316,BGN
0204391034,care,2024-12,137750,1750066,BGN
0204391034,care,2025-01,141000,141000,BGN
0204391034,care,2025-02,139750,280750,BGN
0204391034,care,2025-03,134500,415250,BGN
0204391034,care,2025-04,147750,563000,BGN
0204391034,care,2025-05,148250,711250,BGN
0204391034,care,2025-06,164750,876000,BGN
0204391034,care,2025-07,151250,1027250,BGN
0204391034,care,2025-08,177250,1204500,BGN
0204391034,care,2025-09,177750,1382250,BGN
0204391034,care,2025-10,162000,1544250,BGN
0204391034,care,2025-11,162750,1707000,BGN
0204391034,care,2025-12,146500,1853500,BGN
0204391034,care,2026-01,84872,84872,EUR
0204391034,care,2026-02,79376,164249,EUR
0204391034,care,2026-03,71579,235828,EUR
0204391034,care,2026-04,79632,315460,EUR
0204391034,care,2026-05,80654,396114,EUR
0204391034,care,2026-06,82955,479069,EUR
0204391034,care,2026-07,78481,557551,EUR
0204391034,care,2026-08,86918,644468,EUR
0204391035,care,2024-01,211183,211183,BGN
0204391035,care,2024-02,228766,439949,BGN
0204391035,care,2024-03,203299,643248,BGN
0204391035,care,2024-04,233744,876992,BGN
0204391035,care,2024-05,229720,1106712,BGN
0204391035,care,2024-06,242744,1349456,BGN
0204391035,care,2024-07,218470,1567926,BGN
0204391035,care,2024-08,246244,1814170,BGN
0204391035,care,2024-09,219811,2033981,BGN
0204391035,care,2024-10,202025,2236006,BGN
0204391035,care,2024-11,198776,2434782,BGN
0204391035,care,2024-12,208230,2643012,BGN
0204391035,care,2025-01,214696,214696,BGN
0204391035,care,2025-02,220696,435392,BGN
0204391035,care,2025-03,202298,637690,BGN
0204391035,care,2025-04,228196,865886,BGN
0204391035,care,2025-05,219480,1085366,BGN
0204391035,care,2025-06,216696,1302062,BGN
0204391035,care,2025-07,207480,1509542,BGN
0204391035,care,2025-08,226968,1736510,BGN
0204391035,care,2025-09,217750,1954260,BGN
0204391035,care,2025-10,207750,2162010,BGN
0204391035,care,2025-11,209250,2371260,BGN
0204391035,care,2025-12,191750,2563010,BGN
0204391035,care,2026-01,105707,105707,EUR
0204391035,care,2026-02,104045,209753,EUR
0204391035,care,2026-03,96760,306512,EUR
0204391035,care,2026-04,108647,415159,EUR
0204391035,care,2026-05,110053,525212,EUR
0204391035,care,2026-06,105707,630920,EUR
0204391035,care,2026-07,108647,739567,EUR
0204391035,care,2026-08,111076,850642,EUR
0206211005,care,2024-01,88257,88257,BGN
0206211005,care,2024-02,88257,176514,BGN
0206211005,care,2024-03,88257,264771,BGN
0206211005,care,2024-04,360184,624955,BGN
0206211005,care,2024-05,150795,775750,BGN
0206211005,care,2024-06,150795,926545,BGN
0206211005,care,2024-07,149057,1075601,BGN
0206211005,care,2024-08,144993,1220595,BGN
0206211005,care,2024-09,150795,1371390,BGN
0206211005,care,2024-10,154602,1525992,BGN
0206211005,care,2024-11,155095,1681088,BGN
0206211005,care,2024-12,143255,1824343,BGN
0206211005,care,2025-01,150795,150795,BGN
0206211005,care,2025-02,150795,301590,BGN
0206211005,care,2025-03,158335,459925,BGN
0206211005,care,2025-04,143255,603180,BGN
0206211005,care,2025-05,214838,818018,BGN
0206211005,care,2025-06,206536,1024553,BGN
0206211005,care,2025-07,151462,1176015,BGN
0206211005,care,2025-08,113320,1289335,BGN
0206211005,care,2025-09,150703,1440039,BGN
0206211005,care,2025-10,161371,1601409,BGN
0206211005,care,2025-11,164729,1766139,BGN
0206211005,care,2025-12,163050,1929189,BGN
0206211005,care,2026-01,83366,83366,EUR
0206211005,care,2026-02,82887,166253,EUR
0206211005,care,2026-03,82887,249140,EUR
0206211005,care,2026-04,82887,332027,EUR
0206211005,care,2026-05,82887,414914,EUR
0206211005,care,2026-06,82886,497800,EUR
0206211005,care,2026-07,82887,580687,EUR
0206211005,care,2026-08,82887,663574,EUR
0209211003,care,2024-01,301829,301829,BGN
0209211003,care,2024-02,298265,600095,BGN
0209211003,care,2024-03,340523,940618,BGN
0209211003,care,2024-04,400356,1340974,BGN
0209211003,care,2024-05,334894,1675868,BGN
0209211003,care,2024-06,328259,2004127,BGN
0209211003,care,2024-07,344374,2348501,BGN
0209211003,care,2024-08,344851,2693353,BGN
0209211003,care,2024-09,351021,3044373,BGN
0209211003,care,2024-10,352534,3396907,BGN
0209211003,care,2024-11,350488,3747395,BGN
0209211003,care,2024-12,335596,4082991,BGN
0209211003,care,2025-01,330147,330147,BGN
0209211003,care,2025-02,345265,675412,BGN
0209211003,care,2025-03,328619,1004031,BGN
0209211003,care,2025-04,325073,1329104,BGN
0209211003,care,2025-05,471829,1800933,BGN
0209211003,care,2025-06,395506,2196439,BGN
0209211003,care,2025-07,418784,2615222,BGN
0209211003,care,2025-08,378096,2993318,BGN
0209211003,care,2025-09,386916,3380234,BGN
0209211003,care,2025-10,381030,3761264,BGN
0209211003,care,2025-11,381972,4143236,BGN
0209211003,care,2025-12,366540,4509776,BGN
0209211003,care,2026-01,192952,192952,EUR
0209211003,care,2026-02,193947,386900,EUR
0209211003,care,2026-03,189486,576386,EUR
0209211003,care,2026-04,193321,769707,EUR
0209211003,care,2026-05,195316,965023,EUR
0209211003,care,2026-06,195042,1160066,EUR
0209211003,care,2026-07,194800,1354866,EUR
0209211003,care,2026-08,203092,1557958,EUR
0215232022,care,2024-01,287607,287607,BGN
0215232022,care,2024-02,287607,575214,BGN
0215232022,care,2024-03,287607,862821,BGN
0215232022,care,2024-04,903031,1765852,BGN
0215232022,care,2024-05,441262,2207114,BGN
0215232022,care,2024-06,441262,2648376,BGN
0215232022,care,2024-07,441262,3089638,BGN
0215232022,care,2024-08,320935,3410573,BGN
0215232022,care,2024-09,172585,3583159,BGN
0215232022,care,2024-10,441262,4024421,BGN
0215232022,care,2024-11,443251,4467672,BGN
0215232022,care,2024-12,441262,4908934,BGN
0215232022,care,2025-01,441262,441262,BGN
0215232022,care,2025-02,441262,882524,BGN
0215232022,care,2025-03,441262,1323786,BGN
0215232022,care,2025-04,441262,1765048,BGN
0215232022,care,2025-05,963049,2728097,BGN
0215232022,care,2025-06,554898,3282995,BGN
0215232022,care,2025-07,443860,3726855,BGN
0215232022,care,2025-08,216460,3943315,BGN
0215232022,care,2025-09,198659,4141974,BGN
0215232022,care,2025-10,456000,4597974,BGN
0215232022,care,2025-11,535583,5133557,BGN
0215232022,care,2025-12,551399,5684956,BGN
0215232022,care,2026-01,258797,258797,EUR
0215232022,care,2026-02,221992,480790,EUR
0215232022,care,2026-03,246148,726938,EUR
0215232022,care,2026-04,231113,958051,EUR
0215232022,care,2026-05,231113,1189164,EUR
0215232022,care,2026-06,231113,1420277,EUR
0215232022,care,2026-07,231113,1651390,EUR
0215232022,care,2026-08,114572,1765961,EUR
0215232029,care,2024-01,41111,41111,BGN
0215232029,care,2024-02,13874,54984,BGN
0215232029,care,2024-03,18738,73722,BGN
0215232029,care,2024-04,71080,144802,BGN
0215232029,care,2024-05,71080,215882,BGN
0215232029,care,2024-06,71080,286962,BGN
0215232029,care,2024-07,71080,358042,BGN
0215232029,care,2024-08,71080,429122,BGN
0215232029,care,2024-09,41873,470995,BGN
0215232029,care,2024-10,45086,516081,BGN
0215232029,care,2024-11,97074,613155,BGN
0215232029,care,2024-12,71080,684235,BGN
0215232029,care,2025-01,54803,54803,BGN
0215232029,care,2025-02,27610,82413,BGN
0215232029,care,2025-03,44084,126497,BGN
0215232029,care,2025-04,71080,197577,BGN
0215232029,care,2025-05,74733,272310,BGN
0215232029,care,2025-06,60956,333266,BGN
0215232029,care,2025-07,83011,416277,BGN
0215232029,care,2025-08,102390,518666,BGN
0215232029,care,2025-09,19036,537703,BGN
0215232029,care,2025-10,30559,568261,BGN
0215232029,care,2025-11,53773,622035,BGN
0215232029,care,2025-12,42166,664201,BGN
0215232029,care,2026-01,21559,21559,EUR
0215232029,care,2026-02,8453,30012,EUR
0215232029,care,2026-03,11782,41794,EUR
0215232029,care,2026-04,31195,72989,EUR
0215232029,care,2026-05,31195,104184,EUR
0215232029,care,2026-06,31195,135379,EUR
0215232029,care,2026-07,30481,165860,EUR
0215232029,care,2026-08,13575,179436,EUR
0215232030,care,2024-01,444583,444583,BGN
0215232030,care,2024-02,444583,889166,BGN
0215232030,care,2024-03,444583,1333749,BGN
0215232030,care,2024-04,843945,2177694,BGN
0215232030,care,2024-05,522317,2700011,BGN
0215232030,care,2024-06,521831,3221842,BGN
0215232030,care,2024-07,522317,3744159,BGN
0215232030,care,2024-08,522803,4266962,BGN
0215232030,care,2024-09,522317,4789279,BGN
0215232030,care,2024-10,522317,5311596,BGN
0215232030,care,2024-11,812929,6124525,BGN
0215232030,care,2024-12,522317,6646842,BGN
0215232030,care,2025-01,522317,522317,BGN
0215232030,care,2025-02,522317,1044634,BGN
0215232030,care,2025-03,522317,1566951,BGN
0215232030,care,2025-04,522317,2089268,BGN
0215232030,care,2025-05,1941597,4030865,BGN
0215232030,care,2025-06,811241,4842106,BGN
0215232030,care,2025-07,738103,5580208,BGN
0215232030,care,2025-08,722670,6302878,BGN
0215232030,care,2025-09,637973,6940852,BGN
0215232030,care,2025-10,584405,7525257,BGN
0215232030,care,2025-11,560427,8085683,BGN
0215232030,care,2025-12,660584,8746267,BGN
0215232030,care,2026-01,355610,355610,EUR
0215232030,care,2026-02,278658,634268,EUR
0215232030,care,2026-03,341778,976046,EUR
0215232030,care,2026-04,334082,1310128,EUR
0215232030,care,2026-05,334082,1644210,EUR
0215232030,care,2026-06,334082,1978292,EUR
0215232030,care,2026-07,334082,2312374,EUR
0215232030,care,2026-08,334082,2646456,EUR
0215391023,care,2024-01,90526,90526,BGN
0215391023,care,2024-02,93139,183665,BGN
0215391023,care,2024-03,83160,266825,BGN
0215391023,care,2024-04,96000,362825,BGN
0215391023,care,2024-05,95750,458575,BGN
0215391023,care,2024-06,106000,564575,BGN
0215391023,care,2024-07,101500,666075,BGN
0215391023,care,2024-08,121250,787325,BGN
0215391023,care,2024-09,126750,914075,BGN
0215391023,care,2024-10,117000,1031075,BGN
0215391023,care,2024-11,97250,1128325,BGN
0215391023,care,2024-12,96000,1224325,BGN
0215391023,care,2025-01,99000,99000,BGN
0215391023,care,2025-02,93000,192000,BGN
0215391023,care,2025-03,84250,276250,BGN
0215391023,care,2025-04,99500,375750,BGN
0215391023,care,2025-05,93500,469250,BGN
0215391023,care,2025-06,92000,561250,BGN
0215391023,care,2025-07,86750,648000,BGN
0215391023,care,2025-08,92750,740750,BGN
0215391023,care,2025-09,100500,841250,BGN
0215391023,care,2025-10,86250,927500,BGN
0215391023,care,2025-11,78750,1006250,BGN
0215391023,care,2025-12,69250,1075500,BGN
0215391023,care,2026-01,39496,39496,EUR
0215391023,care,2026-02,39880,79376,EUR
0215391023,care,2026-03,34767,114143,EUR
0215391023,care,2026-04,43459,157602,EUR
0215391023,care,2026-05,42948,200550,EUR
0215391023,care,2026-06,47549,248099,EUR
0215391023,care,2026-07,47549,295648,EUR
0215391023,care,2026-08,59820,355467,EUR
0217211004,care,2024-01,101050,101050,BGN
0217211004,care,2024-02,123647,224698,BGN
0217211004,care,2024-03,142791,367488,BGN
0217211004,care,2024-04,106872,474360,BGN
0217211004,care,2024-05,107268,581628,BGN
0217211004,care,2024-06,98462,680091,BGN
0217211004,care,2024-07,103693,783784,BGN
0217211004,care,2024-08,100833,884616,BGN
0217211004,care,2024-09,106947,991563,BGN
0217211004,care,2024-10,98032,1089595,BGN
0217211004,care,2024-11,112413,1202008,BGN
0217211004,care,2024-12,105230,1307238,BGN
0217211004,care,2025-01,104890,104890,BGN
0217211004,care,2025-02,108191,213081,BGN
0217211004,care,2025-03,103679,316760,BGN
0217211004,care,2025-04,101663,418422,BGN
0217211004,care,2025-05,145021,563443,BGN
0217211004,care,2025-06,148140,711583,BGN
0217211004,care,2025-07,123485,835068,BGN
0217211004,care,2025-08,99882,934950,BGN
0217211004,care,2025-09,109993,1044943,BGN
0217211004,care,2025-10,95541,1140484,BGN
0217211004,care,2025-11,144688,1285172,BGN
0217211004,care,2025-12,111471,1396642,BGN
0217211004,care,2026-01,49498,49498,EUR
0217211004,care,2026-02,57316,106814,EUR
0217211004,care,2026-03,49467,156281,EUR
0217211004,care,2026-04,59015,215296,EUR
0217211004,care,2026-05,48755,264051,EUR
0217211004,care,2026-06,52359,316410,EUR
0217211004,care,2026-07,59073,375483,EUR
0217211004,care,2026-08,46865,422348,EUR
0217233017,care,2024-01,176199,176199,BGN
0217233017,care,2024-02,39543,215742,BGN
0217233017,care,2024-03,191217,406959,BGN
0217233017,care,2024-04,216305,623264,BGN
0217233017,care,2024-05,216305,839569,BGN
0217233017,care,2024-06,216305,1055874,BGN
0217233017,care,2024-07,216305,1272179,BGN
0217233017,care,2024-08,216305,1488484,BGN
0217233017,care,2024-09,216305,1704789,BGN
0217233017,care,2024-10,216305,1921094,BGN
0217233017,care,2024-11,229567,2150661,BGN
0217233017,care,2024-12,216305,2366966,BGN
0217233017,care,2025-01,188640,188640,BGN
0217233017,care,2025-02,45086,233726,BGN
0217233017,care,2025-03,200720,434447,BGN
0217233017,care,2025-04,216305,650752,BGN
0217233017,care,2025-05,249779,900531,BGN
0217233017,care,2025-06,181775,1082306,BGN
0217233017,care,2025-07,247030,1329336,BGN
0217233017,care,2025-08,225210,1554546,BGN
0217233017,care,2025-09,228438,1782984,BGN
0217233017,care,2025-10,144816,1927800,BGN
0217233017,care,2025-11,144816,2072616,BGN
0217233017,care,2025-12,144816,2217432,BGN
0217233017,care,2026-01,74044,74044,EUR
0217233017,care,2026-02,52489,126533,EUR
0217233017,care,2026-03,70980,197513,EUR
0217233017,care,2026-04,102405,299918,EUR
0217233017,care,2026-05,102200,402118,EUR
0217233017,care,2026-06,86861,488978,EUR
0217233017,care,2026-07,102405,591383,EUR
0217233017,care,2026-08,102405,693788,EUR
0290211001,care,2024-01,3898854,3898854,BGN
0290211001,care,2024-02,3898854,7797708,BGN
0290211001,care,2024-03,3898854,11696562,BGN
0290211001,care,2024-04,15200082,26896644,BGN
0290211001,care,2024-05,7117172,34013816,BGN
0290211001,care,2024-06,7038351,41052167,BGN
0290211001,care,2024-07,7040990,48093157,BGN
0290211001,care,2024-08,7058471,55151628,BGN
0290211001,care,2024-09,6730217,61881845,BGN
0290211001,care,2024-10,7038351,68920196,BGN
0290211001,care,2024-11,7837799,76757995,BGN
0290211001,care,2024-12,6857024,83615019,BGN
0290211001,care,2025-01,7038351,7038351,BGN
0290211001,care,2025-02,7498815,14537166,BGN
0290211001,care,2025-03,7333479,21870645,BGN
0290211001,care,2025-04,6818414,28689059,BGN
0290211001,care,2025-05,10412665,39101725,BGN
0290211001,care,2025-06,9944490,49046215,BGN
0290211001,care,2025-07,10739599,59785814,BGN
0290211001,care,2025-08,8680474,68466288,BGN
0290211001,care,2025-09,8250795,76717083,BGN
0290211001,care,2025-10,8058360,84775443,BGN
0290211001,care,2025-11,8080880,92856323,BGN
0290211001,care,2025-12,8287076,101143399,BGN
0290211001,care,2026-01,4138350,4138350,EUR
0290211001,care,2026-02,4114267,8252616,EUR
0290211001,care,2026-03,4319126,12571742,EUR
0290211001,care,2026-04,4274275,16846017,EUR
0290211001,care,2026-05,4295765,21141782,EUR
0290211001,care,2026-06,4290007,25431789,EUR
0290211001,care,2026-07,4276521,29708310,EUR
0290211001,care,2026-08,4278493,33986803,EUR
0290211001,devices,2024-02,432424,432424,BGN
0290211001,devices,2024-03,631269,1063693,BGN
0290211001,devices,2024-04,523540,1587234,BGN
0290211001,devices,2024-05,627173,2214407,BGN
0290211001,devices,2024-06,542451,2756858,BGN
0290211001,devices,2024-07,498663,3255521,BGN
0290211001,devices,2024-08,592428,3847949,BGN
0290211001,devices,2024-09,923395,4771344,BGN
0290211001,devices,2024-10,599529,5370873,BGN
0290211001,devices,2024-11,649710,6020583,BGN
0290211001,devices,2024-12,724870,6745452,BGN
0290211001,devices,2025-01,842661,842661,BGN
0290211001,devices,2025-02,775910,1618571,BGN
0290211001,devices,2025-03,698235,2316805,BGN
0290211001,devices,2025-04,800588,3117394,BGN
0290211001,devices,2025-05,758144,3875537,BGN
0290211001,devices,2025-06,806073,4681610,BGN
0290211001,devices,2025-07,729385,5410995,BGN
0290211001,devices,2025-08,622124,6033118,BGN
0290211001,devices,2025-09,692871,6725989,BGN
0290211001,devices,2025-10,707697,7433686,BGN
0290211001,devices,2025-11,590965,8024651,BGN
0290211001,devices,2025-12,0,8024651,BGN
0290211001,devices,2026-01,711926,711926,EUR
0290211001,devices,2026-02,274440,986366,EUR
0290211001,devices,2026-03,700572,1686938,EUR
0290211001,devices,2026-04,0,1686938,EUR
0290211001,devices,2026-05,422879,2109817,EUR
0290211001,devices,2026-06,364909,2474725,EUR
0290211001,devices,2026-07,426056,2900782,EUR
0290211001,devices,2026-08,453212,3353994,EUR
0290232001,care,2024-01,81710,81710,BGN
0290232001,care,2024-02,81710,163420,BGN
0290232001,care,2024-03,99218,262638,BGN
0290232001,care,2024-04,151546,414184,BGN
0290232001,care,2024-05,114094,528278,BGN
0290232001,care,2024-06,114094,642372,BGN
0290232001,care,2024-07,114094,756466,BGN
0290232001,care,2024-08,114094,870560,BGN
0290232001,care,2024-09,114094,984654,BGN
0290232001,care,2024-10,114094,1098748,BGN
0290232001,care,2024-11,134978,1233726,BGN
0290232001,care,2024-12,114094,1347820,BGN
0290232001,care,2025-01,94180,94180,BGN
0290232001,care,2025-02,87668,181848,BGN
0290232001,care,2025-03,115221,297069,BGN
0290232001,care,2025-04,114094,411163,BGN
0290232001,care,2025-05,214522,625685,BGN
0290232001,care,2025-06,108165,733851,BGN
0290232001,care,2025-07,126242,860092,BGN
0290232001,care,2025-08,126743,986835,BGN
0290232001,care,2025-09,140770,1127605,BGN
0290232001,care,2025-10,99023,1226628,BGN
0290232001,care,2025-11,99023,1325651,BGN
0290232001,care,2025-12,99023,1424674,BGN
0290232001,care,2026-01,73853,73853,EUR
0290232001,care,2026-02,39189,113043,EUR
0290232001,care,2026-03,55070,168113,EUR
0290232001,care,2026-04,63145,231258,EUR
0290232001,care,2026-05,63145,294403,EUR
0290232001,care,2026-06,60961,355364,EUR
0290232001,care,2026-07,63145,418509,EUR
0290232001,care,2026-08,63145,481654,EUR
0306131010,care,2024-01,45684,45684,BGN
0306131010,care,2024-02,62942,108626,BGN
0306131010,care,2024-03,68018,176645,BGN
0306131010,care,2024-04,74616,251261,BGN
0306131010,care,2024-05,74616,325877,BGN
0306131010,care,2024-06,74616,400493,BGN
0306131010,care,2024-07,74616,475109,BGN
0306131010,care,2024-08,74616,549725,BGN
0306131010,care,2024-09,65486,615211,BGN
0306131010,care,2024-10,60303,675514,BGN
0306131010,care,2024-11,88929,764443,BGN
0306131010,care,2024-12,74616,839059,BGN
0306131010,care,2025-01,54821,54821,BGN
0306131010,care,2025-02,73094,127915,BGN
0306131010,care,2025-03,87104,215019,BGN
0306131010,care,2025-04,74616,289635,BGN
0306131010,care,2025-05,94363,383998,BGN
0306131010,care,2025-06,81569,465567,BGN
0306131010,care,2025-07,82231,547798,BGN
0306131010,care,2025-08,76140,623938,BGN
0306131010,care,2025-09,63708,687645,BGN
0306131010,care,2025-10,67003,754649,BGN
0306131010,care,2025-11,76031,830679,BGN
0306131010,care,2025-12,71517,902196,BGN
0306131010,care,2026-01,40671,40671,EUR
0306131010,care,2026-02,33013,73683,EUR
0306131010,care,2026-03,39553,113236,EUR
0306131010,care,2026-04,38925,152161,EUR
0306131010,care,2026-05,38925,191086,EUR
0306131010,care,2026-06,37061,228148,EUR
0306131010,care,2026-07,38925,267073,EUR
0306131010,care,2026-08,31767,298840,EUR
0306131071,care,2024-01,80341,80341,BGN
0306131071,care,2024-02,117499,197840,BGN
0306131071,care,2024-03,122450,320290,BGN
0306131071,care,2024-04,135718,456008,BGN
0306131071,care,2024-05,129255,585263,BGN
0306131071,care,2024-06,129255,714518,BGN
0306131071,care,2024-07,122792,837310,BGN
0306131071,care,2024-08,95657,932967,BGN
0306131071,care,2024-09,104891,1037859,BGN
0306131071,care,2024-10,111693,1149552,BGN
0306131071,care,2024-11,146817,1296369,BGN
0306131071,care,2024-12,109126,1405494,BGN
0306131071,care,2025-01,119015,119015,BGN
0306131071,care,2025-02,133283,252299,BGN
0306131071,care,2025-03,103443,355742,BGN
0306131071,care,2025-04,129255,484997,BGN
0306131071,care,2025-05,118323,603320,BGN
0306131071,care,2025-06,123486,726806,BGN
0306131071,care,2025-07,138282,865088,BGN
0306131071,care,2025-08,64438,929526,BGN
0306131071,care,2025-09,119047,1048574,BGN
0306131071,care,2025-10,108074,1156648,BGN
0306131071,care,2025-11,128572,1285220,BGN
0306131071,care,2025-12,118323,1403543,BGN
0306131071,care,2026-01,58175,58175,EUR
0306131071,care,2026-02,60014,118189,EUR
0306131071,care,2026-03,52570,170759,EUR
0306131071,care,2026-04,62677,233436,EUR
0306131071,care,2026-05,60747,294183,EUR
0306131071,care,2026-06,60884,355066,EUR
0306131071,care,2026-07,62626,417693,EUR
0306131071,care,2026-08,26875,444567,EUR
0306131074,care,2024-01,73354,73354,BGN
0306131074,care,2024-02,97546,170899,BGN
0306131074,care,2024-03,95753,266652,BGN
0306131074,care,2024-04,49242,315894,BGN
0306131074,care,2024-05,132793,448688,BGN
0306131074,care,2024-06,101197,549885,BGN
0306131074,care,2024-07,108267,658152,BGN
0306131074,care,2024-08,98184,756336,BGN
0306131074,care,2024-09,81355,837691,BGN
0306131074,care,2024-10,76164,913855,BGN
0306131074,care,2024-11,124155,1038010,BGN
0306131074,care,2024-12,119093,1157102,BGN
0306131074,care,2025-01,78531,78531,BGN
0306131074,care,2025-02,100108,178639,BGN
0306131074,care,2025-03,112083,290723,BGN
0306131074,care,2025-04,106981,397704,BGN
0306131074,care,2025-05,96697,494401,BGN
0306131074,care,2025-06,91963,586363,BGN
0306131074,care,2025-07,117854,704218,BGN
0306131074,care,2025-08,96697,800915,BGN
0306131074,care,2025-09,76711,877626,BGN
0306131074,care,2025-10,82906,960531,BGN
0306131074,care,2025-11,110488,1071020,BGN
0306131074,care,2025-12,96697,1167717,BGN
0306131074,care,2026-01,54949,54949,EUR
0306131074,care,2026-02,43206,98155,EUR
0306131074,care,2026-03,52421,150576,EUR
0306131074,care,2026-04,51520,202096,EUR
0306131074,care,2026-05,51520,253616,EUR
0306131074,care,2026-06,47122,300739,EUR
0306131074,care,2026-07,50574,351313,EUR
0306131074,care,2026-08,45600,396913,EUR
0306131078,care,2024-01,23134,23134,BGN
0306131078,care,2024-02,29484,52618,BGN
0306131078,care,2024-03,29030,81648,BGN
0306131078,care,2024-04,29316,110964,BGN
0306131078,care,2024-05,23184,134148,BGN
0306131078,care,2024-06,19500,153648,BGN
0306131078,care,2024-07,24500,178148,BGN
0306131078,care,2024-08,22500,200648,BGN
0306131078,care,2024-09,15000,215648,BGN
0306131078,care,2024-10,24000,239648,BGN
0306131078,care,2024-11,15500,255148,BGN
0306131078,care,2024-12,6000,261148,BGN
0306131078,care,2025-01,23000,23000,BGN
0306131078,care,2025-02,24500,47500,BGN
0306131078,care,2025-03,25500,73000,BGN
0306131078,care,2025-04,18500,91500,BGN
0306131078,care,2025-05,30000,121500,BGN
0306131078,care,2025-06,12500,134000,BGN
0306131078,care,2025-07,30500,164500,BGN
0306131078,care,2025-08,19500,184000,BGN
0306131078,care,2025-09,14000,198000,BGN
0306131078,care,2025-10,19500,217500,BGN
0306131078,care,2025-11,27000,244500,BGN
0306131078,care,2025-12,18000,262500,BGN
0306131078,care,2026-01,8436,8436,EUR
0306131078,care,2026-02,12271,20708,EUR
0306131078,care,2026-03,4090,24798,EUR
0306131078,care,2026-04,10993,35791,EUR
0306131078,care,2026-05,11249,47040,EUR
0306131078,care,2026-06,10737,57777,EUR
0306131078,care,2026-07,10993,68770,EUR
0306131078,care,2026-08,6136,74905,EUR
0306131117,care,2024-01,2538,2538,BGN
0306131117,care,2024-02,6091,8629,BGN
0306131117,care,2024-03,6091,14720,BGN
0306131117,care,2024-04,6129,20849,BGN
0306131117,care,2024-05,6129,26978,BGN
0306131117,care,2024-06,6129,33107,BGN
0306131117,care,2024-07,6129,39236,BGN
0306131117,care,2024-08,6129,45365,BGN
0306131117,care,2024-09,6129,51494,BGN
0306131117,care,2024-10,6129,57623,BGN
0306131117,care,2024-11,7738,65361,BGN
0306131117,care,2024-12,5398,70759,BGN
0306131117,care,2025-01,3655,3655,BGN
0306131117,care,2025-02,0,3655,BGN
0306131117,care,2025-03,1218,4873,BGN
0306131117,care,2025-04,3655,8528,BGN
0306131117,care,2025-05,4095,12623,BGN
0306131117,care,2025-06,1621,14244,BGN
0306131117,care,2025-07,1790,16034,BGN
0306131117,care,2025-08,2643,18676,BGN
0306131117,care,2025-09,1425,20101,BGN
0306131117,care,2025-10,1218,21319,BGN
0306131117,care,2025-11,1827,23147,BGN
0306131117,care,2025-12,1817,24964,BGN
0306131117,care,2026-01,623,623,EUR
0306131117,care,2026-02,623,1246,EUR
0306131117,care,2026-03,934,2180,EUR
0306131117,care,2026-04,623,2803,EUR
0306131117,care,2026-05,623,3426,EUR
0306131117,care,2026-06,623,4049,EUR
0306131117,care,2026-07,934,4983,EUR
0306131117,care,2026-08,623,5606,EUR
0306211001,care,2024-01,7989074,7989074,BGN
0306211001,care,2024-02,8841150,16830225,BGN
0306211001,care,2024-03,9409438,26239663,BGN
0306211001,care,2024-04,9689795,35929458,BGN
0306211001,care,2024-05,9634900,45564358,BGN
0306211001,care,2024-06,9538768,55103126,BGN
0306211001,care,2024-07,8900756,64003882,BGN
0306211001,care,2024-08,9508781,73512663,BGN
0306211001,care,2024-09,9284597,82797260,BGN
0306211001,care,2024-10,8946965,91744225,BGN
0306211001,care,2024-11,10157199,101901424,BGN
0306211001,care,2024-12,9449156,111350580,BGN
0306211001,care,2025-01,9459332,9459332,BGN
0306211001,care,2025-02,9738026,19197358,BGN
0306211001,care,2025-03,9636289,28833647,BGN
0306211001,care,2025-04,9935918,38769565,BGN
0306211001,care,2025-05,12081654,50851220,BGN
0306211001,care,2025-06,15521472,66372692,BGN
0306211001,care,2025-07,11488506,77861198,BGN
0306211001,care,2025-08,10784454,88645652,BGN
0306211001,care,2025-09,10584470,99230122,BGN
0306211001,care,2025-10,10127206,109357328,BGN
0306211001,care,2025-11,11281723,120639052,BGN
0306211001,care,2025-12,10570163,131209215,BGN
0306211001,care,2026-01,5467564,5467564,EUR
0306211001,care,2026-02,5413393,10880957,EUR
0306211001,care,2026-03,5318532,16199489,EUR
0306211001,care,2026-04,5600581,21800070,EUR
0306211001,care,2026-05,5504925,27304995,EUR
0306211001,care,2026-06,5330802,32635797,EUR
0306211001,care,2026-07,5628429,38264226,EUR
0306211001,care,2026-08,5590656,43854881,EUR
0306211001,devices,2024-02,292496,292496,BGN
0306211001,devices,2024-03,309524,602019,BGN
0306211001,devices,2024-04,150196,752215,BGN
0306211001,devices,2024-05,480180,1232395,BGN
0306211001,devices,2024-06,261888,1494283,BGN
0306211001,devices,2024-07,476078,1970361,BGN
0306211001,devices,2024-08,379441,2349802,BGN
0306211001,devices,2024-09,383055,2732857,BGN
0306211001,devices,2024-10,577148,3310005,BGN
0306211001,devices,2024-11,333340,3643345,BGN
0306211001,devices,2024-12,520875,4164220,BGN
0306211001,devices,2025-01,325267,325267,BGN
0306211001,devices,2025-02,482363,807630,BGN
0306211001,devices,2025-03,261617,1069248,BGN
0306211001,devices,2025-04,425806,1495054,BGN
0306211001,devices,2025-05,597064,2092118,BGN
0306211001,devices,2025-06,675115,2767233,BGN
0306211001,devices,2025-07,338281,3105515,BGN
0306211001,devices,2025-08,421968,3527483,BGN
0306211001,devices,2025-09,933350,4460833,BGN
0306211001,devices,2025-10,491231,4952064,BGN
0306211001,devices,2025-11,468146,5420210,BGN
0306211001,devices,2025-12,0,5420210,BGN
0306211001,devices,2026-01,703538,703538,EUR
0306211001,devices,2026-02,332306,1035844,EUR
0306211001,devices,2026-03,748697,1784540,EUR
0306211001,devices,2026-04,0,1784540,EUR
0306211001,devices,2026-05,220155,2004696,EUR
0306211001,devices,2026-06,337645,2342341,EUR
0306211001,devices,2026-07,288220,2630561,EUR
0306211001,devices,2026-08,517329,3147890,EUR
0306211001,medicines,2024-01,5920240,5920240,BGN
0306211001,medicines,2024-02,5468112,11388352,BGN
0306211001,medicines,2024-03,5479806,16868158,BGN
0306211001,medicines,2024-04,5420842,22289000,BGN
0306211001,medicines,2024-05,5575292,27864293,BGN
0306211001,medicines,2024-06,5732094,33596387,BGN
0306211001,medicines,2024-07,5919223,39515610,BGN
0306211001,medicines,2024-08,6273101,45788711,BGN
0306211001,medicines,2024-09,6019999,51808710,BGN
0306211001,medicines,2024-10,6416967,58225676,BGN
0306211001,medicines,2024-11,6241818,64467494,BGN
0306211001,medicines,2024-12,6576498,71043992,BGN
0306211001,medicines,2025-01,6523096,6523096,BGN
0306211001,medicines,2025-02,6104342,12627437,BGN
0306211001,medicines,2025-03,6439634,19067071,BGN
0306211001,medicines,2025-04,6172968,25240039,BGN
0306211001,medicines,2025-05,6623663,31863702,BGN
0306211001,medicines,2025-06,6742020,38605722,BGN
0306211001,medicines,2025-07,6384832,44990555,BGN
0306211001,medicines,2025-08,6989006,51979561,BGN
0306211001,medicines,2025-09,7190941,59170502,BGN
0306211001,medicines,2025-10,7331536,66502039,BGN
0306211001,medicines,2025-11,7454754,73956793,BGN
0306211001,medicines,2025-12,7400228,81357020,BGN
0306211001,medicines,2026-01,3746183,3746183,EUR
0306211001,medicines,2026-02,3876138,7622321,EUR
0306211001,medicines,2026-03,3959700,11582021,EUR
0306211001,medicines,2026-04,3701486,15283507,EUR
0306211001,medicines,2026-05,3980423,19263929,EUR
0306211001,medicines,2026-06,4013987,23277916,EUR
0306211001,medicines,2026-07,3804277,27082193,EUR
0306211001,medicines,2026-08,4148439,31230632,EUR
0306211002,care,2024-01,1904310,1904310,BGN
0306211002,care,2024-02,1840041,3744352,BGN
0306211002,care,2024-03,2226790,5971142,BGN
0306211002,care,2024-04,2312249,8283390,BGN
0306211002,care,2024-05,2217083,10500473,BGN
0306211002,care,2024-06,2210338,12710811,BGN
0306211002,care,2024-07,2175350,14886162,BGN
0306211002,care,2024-08,2252256,17138418,BGN
0306211002,care,2024-09,2128815,19267233,BGN
0306211002,care,2024-10,2256293,21523526,BGN
0306211002,care,2024-11,2324666,23848191,BGN
0306211002,care,2024-12,2194059,26042251,BGN
0306211002,care,2025-01,2070749,2070749,BGN
0306211002,care,2025-02,2132638,4203387,BGN
0306211002,care,2025-03,2132666,6336054,BGN
0306211002,care,2025-04,2174858,8510912,BGN
0306211002,care,2025-05,2545980,11056892,BGN
0306211002,care,2025-06,2237516,13294408,BGN
0306211002,care,2025-07,2402861,15697269,BGN
0306211002,care,2025-08,2288551,17985820,BGN
0306211002,care,2025-09,2382627,20368447,BGN
0306211002,care,2025-10,2168306,22536753,BGN
0306211002,care,2025-11,2165408,24702160,BGN
0306211002,care,2025-12,2127833,26829993,BGN
0306211002,care,2026-01,1091601,1091601,EUR
0306211002,care,2026-02,1253215,2344816,EUR
0306211002,care,2026-03,1213885,3558701,EUR
0306211002,care,2026-04,1198891,4757591,EUR
0306211002,care,2026-05,1233732,5991323,EUR
0306211002,care,2026-06,1134140,7125463,EUR
0306211002,care,2026-07,1263921,8389384,EUR
0306211002,care,2026-08,1247265,9636649,EUR
0306211002,devices,2024-02,102941,102941,BGN
0306211002,devices,2024-03,143266,246207,BGN
0306211002,devices,2024-04,161760,407967,BGN
0306211002,devices,2024-05,157963,565930,BGN
0306211002,devices,2024-06,205953,771882,BGN
0306211002,devices,2024-07,127531,899413,BGN
0306211002,devices,2024-08,162262,1061675,BGN
0306211002,devices,2024-09,119141,1180816,BGN
0306211002,devices,2024-10,166728,1347544,BGN
0306211002,devices,2024-11,124111,1471655,BGN
0306211002,devices,2024-12,185752,1657406,BGN
0306211002,devices,2025-01,153221,153221,BGN
0306211002,devices,2025-02,161399,314620,BGN
0306211002,devices,2025-03,214345,528965,BGN
0306211002,devices,2025-04,174495,703460,BGN
0306211002,devices,2025-05,186378,889838,BGN
0306211002,devices,2025-06,176257,1066095,BGN
0306211002,devices,2025-07,179613,1245708,BGN
0306211002,devices,2025-08,198287,1443995,BGN
0306211002,devices,2025-09,184350,1628345,BGN
0306211002,devices,2025-10,152264,1780609,BGN
0306211002,devices,2025-11,175433,1956042,BGN
0306211002,devices,2025-12,0,1956042,BGN
0306211002,devices,2026-01,157253,157253,EUR
0306211002,devices,2026-02,71724,228976,EUR
0306211002,devices,2026-03,140218,369194,EUR
0306211002,devices,2026-04,0,369194,EUR
0306211002,devices,2026-05,102976,472170,EUR
0306211002,devices,2026-06,72663,544833,EUR
0306211002,devices,2026-07,79018,623851,EUR
0306211002,devices,2026-08,80362,704212,EUR
0306211013,care,2025-03,9758,9758,BGN
0306211013,care,2025-04,29898,39656,BGN
0306211013,care,2025-05,10043,49699,BGN
0306211013,care,2025-06,34968,84667,BGN
0306211013,care,2025-07,75538,160205,BGN
0306211013,care,2025-08,108865,269070,BGN
0306211013,care,2025-09,151371,420442,BGN
0306211013,care,2025-10,29898,450340,BGN
0306211013,care,2025-11,29898,480238,BGN
0306211013,care,2025-12,29898,510136,BGN
0306211013,care,2026-01,56793,56793,EUR
0306211013,care,2026-02,94793,151586,EUR
0306211013,care,2026-03,93790,245376,EUR
0306211013,care,2026-04,82018,327394,EUR
0306211013,care,2026-05,107568,434962,EUR
0306211013,care,2026-06,94793,529755,EUR
0306211013,care,2026-07,94793,624548,EUR
0306211013,care,2026-08,94793,719341,EUR
0306211021,care,2024-01,395139,395139,BGN
0306211021,care,2024-02,395139,790278,BGN
0306211021,care,2024-03,395139,1185417,BGN
0306211021,care,2024-04,603987,1789404,BGN
0306211021,care,2024-05,473075,2262479,BGN
0306211021,care,2024-06,441638,2704117,BGN
0306211021,care,2024-07,459458,3163575,BGN
0306211021,care,2024-08,450548,3614123,BGN
0306211021,care,2024-09,428021,4042144,BGN
0306211021,care,2024-10,448300,4490444,BGN
0306211021,care,2024-11,452796,4943240,BGN
0306211021,care,2024-12,450548,5393788,BGN
0306211021,care,2025-01,450548,450548,BGN
0306211021,care,2025-02,441527,892075,BGN
0306211021,care,2025-03,473860,1365935,BGN
0306211021,care,2025-04,434220,1800155,BGN
0306211021,care,2025-05,629269,2429424,BGN
0306211021,care,2025-06,486572,2915997,BGN
0306211021,care,2025-07,496215,3412211,BGN
0306211021,care,2025-08,454322,3866533,BGN
0306211021,care,2025-09,475088,4341622,BGN
0306211021,care,2025-10,384746,4726368,BGN
0306211021,care,2025-11,523898,5250266,BGN
0306211021,care,2025-12,454322,5704588,BGN
0306211021,care,2026-01,219684,219684,EUR
0306211021,care,2026-02,200290,419974,EUR
0306211021,care,2026-03,236988,656962,EUR
0306211021,care,2026-04,241604,898566,EUR
0306211021,care,2026-05,240310,1138876,EUR
0306211021,care,2026-06,239855,1378731,EUR
0306211021,care,2026-07,241604,1620335,EUR
0306211021,care,2026-08,238696,1859031,EUR
0306211021,devices,2024-02,34560,34560,BGN
0306211021,devices,2024-03,48000,82560,BGN
0306211021,devices,2024-04,55440,138000,BGN
0306211021,devices,2024-05,42660,180660,BGN
0306211021,devices,2024-06,56880,237540,BGN
0306211021,devices,2024-07,37510,275050,BGN
0306211021,devices,2024-08,58500,333550,BGN
0306211021,devices,2024-09,51120,384670,BGN
0306211021,devices,2024-10,3240,387910,BGN
0306211021,devices,2024-11,20520,408430,BGN
0306211021,devices,2024-12,74340,482770,BGN
0306211021,devices,2025-01,59540,59540,BGN
0306211021,devices,2025-02,47410,106950,BGN
0306211021,devices,2025-03,32220,139170,BGN
0306211021,devices,2025-04,67500,206670,BGN
0306211021,devices,2025-05,52270,258940,BGN
0306211021,devices,2025-06,55980,314920,BGN
0306211021,devices,2025-07,38700,353620,BGN
0306211021,devices,2025-08,65230,418850,BGN
0306211021,devices,2025-09,44720,463570,BGN
0306211021,devices,2025-10,2280,465850,BGN
0306211021,devices,2025-11,27000,492850,BGN
0306211021,devices,2025-12,0,492850,BGN
0306211021,devices,2026-01,66632,66632,EUR
0306211021,devices,2026-02,27830,94461,EUR
0306211021,devices,2026-03,45592,140053,EUR
0306211021,devices,2026-04,0,140053,EUR
0306211021,devices,2026-05,33929,173983,EUR
0306211021,devices,2026-06,23620,197603,EUR
0306211021,devices,2026-07,17338,214941,EUR
0306211021,devices,2026-08,31935,246876,EUR
0306211030,care,2024-01,454966,454966,BGN
0306211030,care,2024-02,447147,902113,BGN
0306211030,care,2024-03,479835,1381948,BGN
0306211030,care,2024-04,528260,1910208,BGN
0306211030,care,2024-05,543964,2454172,BGN
0306211030,care,2024-06,550434,3004606,BGN
0306211030,care,2024-07,539185,3543790,BGN
0306211030,care,2024-08,608397,4152187,BGN
0306211030,care,2024-09,554779,4706966,BGN
0306211030,care,2024-10,546767,5253733,BGN
0306211030,care,2024-11,582257,5835990,BGN
0306211030,care,2024-12,567186,6403176,BGN
0306211030,care,2025-01,523719,523719,BGN
0306211030,care,2025-02,578404,1102123,BGN
0306211030,care,2025-03,600167,1702289,BGN
0306211030,care,2025-04,580232,2282522,BGN
0306211030,care,2025-05,586991,2869513,BGN
0306211030,care,2025-06,627990,3497502,BGN
0306211030,care,2025-07,522293,4019795,BGN
0306211030,care,2025-08,645124,4664919,BGN
0306211030,care,2025-09,590526,5255444,BGN
0306211030,care,2025-10,583742,5839187,BGN
0306211030,care,2025-11,597133,6436319,BGN
0306211030,care,2025-12,650414,7086733,BGN
0306211030,care,2026-01,273715,273715,EUR
0306211030,care,2026-02,274146,547860,EUR
0306211030,care,2026-03,275889,823749,EUR
0306211030,care,2026-04,271083,1094832,EUR
0306211030,care,2026-05,290095,1384927,EUR
0306211030,care,2026-06,334118,1719045,EUR
0306211030,care,2026-07,277800,1996845,EUR
0306211030,care,2026-08,318011,2314856,EUR
0306212007,care,2024-01,153564,153564,BGN
0306212007,care,2024-02,178289,331853,BGN
0306212007,care,2024-03,170278,502131,BGN
0306212007,care,2024-04,238396,740527,BGN
0306212007,care,2024-05,219177,959704,BGN
0306212007,care,2024-06,219177,1178881,BGN
0306212007,care,2024-07,219177,1398058,BGN
0306212007,care,2024-08,219177,1617235,BGN
0306212007,care,2024-09,206032,1823267,BGN
0306212007,care,2024-10,187209,2010475,BGN
0306212007,care,2024-11,251145,2261621,BGN
0306212007,care,2024-12,219177,2480798,BGN
0306212007,care,2025-01,138809,138809,BGN
0306212007,care,2025-02,162433,301243,BGN
0306212007,care,2025-03,164964,466206,BGN
0306212007,care,2025-04,219177,685383,BGN
0306212007,care,2025-05,155952,841336,BGN
0306212007,care,2025-06,157213,998549,BGN
0306212007,care,2025-07,210551,1209100,BGN
0306212007,care,2025-08,187567,1396666,BGN
0306212007,care,2025-09,170375,1567042,BGN
0306212007,care,2025-10,155064,1722106,BGN
0306212007,care,2025-11,155064,1877170,BGN
0306212007,care,2025-12,155064,2032234,BGN
0306212007,care,2026-01,82916,82916,EUR
0306212007,care,2026-02,95104,178020,EUR
0306212007,care,2026-03,95104,273124,EUR
0306212007,care,2026-04,95104,368228,EUR
0306212007,care,2026-05,95104,463332,EUR
0306212007,care,2026-06,95104,558436,EUR
0306212007,care,2026-07,95104,653540,EUR
0306212007,care,2026-08,93681,747221,EUR
0306212008,care,2024-01,414943,414943,BGN
0306212008,care,2024-02,467182,882125,BGN
0306212008,care,2024-03,402863,1284988,BGN
0306212008,care,2024-04,498641,1783629,BGN
0306212008,care,2024-05,537677,2321306,BGN
0306212008,care,2024-06,598559,2919864,BGN
0306212008,care,2024-07,617476,3537340,BGN
0306212008,care,2024-08,631020,4168360,BGN
0306212008,care,2024-09,618904,4787264,BGN
0306212008,care,2024-10,547887,5335151,BGN
0306212008,care,2024-11,583723,5918874,BGN
0306212008,care,2024-12,539680,6458555,BGN
0306212008,care,2025-01,620642,620642,BGN
0306212008,care,2025-02,570794,1191435,BGN
0306212008,care,2025-03,498201,1689636,BGN
0306212008,care,2025-04,511937,2201574,BGN
0306212008,care,2025-05,863520,3065093,BGN
0306212008,care,2025-06,624912,3690005,BGN
0306212008,care,2025-07,520694,4210699,BGN
0306212008,care,2025-08,603055,4813754,BGN
0306212008,care,2025-09,579023,5392777,BGN
0306212008,care,2025-10,524778,5917555,BGN
0306212008,care,2025-11,537076,6454631,BGN
0306212008,care,2025-12,448602,6903234,BGN
0306212008,care,2026-01,267960,267960,EUR
0306212008,care,2026-02,276008,543968,EUR
0306212008,care,2026-03,239218,783186,EUR
0306212008,care,2026-04,263324,1046510,EUR
0306212008,care,2026-05,265440,1311950,EUR
0306212008,care,2026-06,236527,1548477,EUR
0306212008,care,2026-07,248463,1796940,EUR
0306212008,care,2026-08,293524,2090464,EUR
0306212009,care,2024-01,115440,115440,BGN
0306212009,care,2024-02,113694,229133,BGN
0306212009,care,2024-03,144587,373721,BGN
0306212009,care,2024-04,151960,525681,BGN
0306212009,care,2024-05,144724,670405,BGN
0306212009,care,2024-06,139726,810131,BGN
0306212009,care,2024-07,142486,952617,BGN
0306212009,care,2024-08,143294,1095910,BGN
0306212009,care,2024-09,80873,1176783,BGN
0306212009,care,2024-10,103972,1280755,BGN
0306212009,care,2024-11,139318,1420073,BGN
0306212009,care,2024-12,187497,1607569,BGN
0306212009,care,2025-01,127800,127800,BGN
0306212009,care,2025-02,105363,233163,BGN
0306212009,care,2025-03,141173,374336,BGN
0306212009,care,2025-04,144083,518419,BGN
0306212009,care,2025-05,123127,641546,BGN
0306212009,care,2025-06,120777,762323,BGN
0306212009,care,2025-07,110714,873037,BGN
0306212009,care,2025-08,80998,954035,BGN
0306212009,care,2025-09,51232,1005267,BGN
0306212009,care,2025-10,92807,1098074,BGN
0306212009,care,2025-11,149552,1247625,BGN
0306212009,care,2025-12,111997,1359623,BGN
0306212009,care,2026-01,44111,44111,EUR
0306212009,care,2026-02,60828,104938,EUR
0306212009,care,2026-03,65164,170103,EUR
0306212009,care,2026-04,57845,227948,EUR
0306212009,care,2026-05,57845,285793,EUR
0306212009,care,2026-06,57845,343638,EUR
0306212009,care,2026-07,57845,401483,EUR
0306212009,care,2026-08,51861,453344,EUR
0306212011,care,2024-01,20288,20288,BGN
0306212011,care,2024-02,8905,29192,BGN
0306212011,care,2024-03,17334,46526,BGN
0306212011,care,2024-04,20742,67268,BGN
0306212011,care,2024-05,24268,91536,BGN
0306212011,care,2024-06,15246,106782,BGN
0306212011,care,2024-07,17343,124125,BGN
0306212011,care,2024-08,8416,132541,BGN
0306212011,care,2024-09,11002,143543,BGN
0306212011,care,2024-10,18466,162009,BGN
0306212011,care,2024-11,28986,190995,BGN
0306212011,care,2024-12,23930,214925,BGN
0306212011,care,2025-01,23521,23521,BGN
0306212011,care,2025-02,23709,47230,BGN
0306212011,care,2025-03,16806,64036,BGN
0306212011,care,2025-04,23637,87673,BGN
0306212011,care,2025-05,21823,109496,BGN
0306212011,care,2025-06,18298,127794,BGN
0306212011,care,2025-07,21013,148808,BGN
0306212011,care,2025-08,19475,168283,BGN
0306212011,care,2025-09,8341,176624,BGN
0306212011,care,2025-10,17260,193884,BGN
0306212011,care,2025-11,17984,211868,BGN
0306212011,care,2025-12,22002,233871,BGN
0306212011,care,2026-01,9602,9602,EUR
0306212011,care,2026-02,7601,17203,EUR
0306212011,care,2026-03,10557,27760,EUR
0306212011,care,2026-04,9934,37694,EUR
0306212011,care,2026-05,9708,47402,EUR
0306212011,care,2026-06,9223,56625,EUR
0306212011,care,2026-07,9753,66378,EUR
0306212011,care,2026-08,7183,73560,EUR
0306212022,care,2024-01,722202,722202,BGN
0306212022,care,2024-02,713164,1435366,BGN
0306212022,care,2024-03,722202,2157568,BGN
0306212022,care,2024-04,1290660,3448229,BGN
0306212022,care,2024-05,877022,4325251,BGN
0306212022,care,2024-06,867562,5192813,BGN
0306212022,care,2024-07,868598,6061411,BGN
0306212022,care,2024-08,825168,6886579,BGN
0306212022,care,2024-09,868598,7755177,BGN
0306212022,care,2024-10,868627,8623804,BGN
0306212022,care,2024-11,890850,9514654,BGN
0306212022,care,2024-12,868598,10383252,BGN
0306212022,care,2025-01,868598,868598,BGN
0306212022,care,2025-02,912028,1780626,BGN
0306212022,care,2025-03,868598,2649224,BGN
0306212022,care,2025-04,825168,3474392,BGN
0306212022,care,2025-05,1259232,4733624,BGN
0306212022,care,2025-06,1118098,5851722,BGN
0306212022,care,2025-07,944691,6796413,BGN
0306212022,care,2025-08,965154,7761567,BGN
0306212022,care,2025-09,949518,8711086,BGN
0306212022,care,2025-10,948589,9659675,BGN
0306212022,care,2025-11,943120,10602794,BGN
0306212022,care,2025-12,954058,11556853,BGN
0306212022,care,2026-01,473268,473268,EUR
0306212022,care,2026-02,498200,971469,EUR
0306212022,care,2026-03,486463,1457932,EUR
0306212022,care,2026-04,486463,1944395,EUR
0306212022,care,2026-05,486463,2430858,EUR
0306212022,care,2026-06,486463,2917321,EUR
0306212022,care,2026-07,486463,3403784,EUR
0306212022,care,2026-08,486463,3890247,EUR
0306212022,devices,2024-03,1047,1047,BGN
0306212022,devices,2024-04,29279,30326,BGN
0306212022,devices,2024-05,21782,52108,BGN
0306212022,devices,2024-06,132844,184952,BGN
0306212022,devices,2024-07,19694,204646,BGN
0306212022,devices,2024-08,58747,263393,BGN
0306212022,devices,2024-09,43266,306659,BGN
0306212022,devices,2024-10,37244,343903,BGN
0306212022,devices,2024-11,39025,382928,BGN
0306212022,devices,2024-12,37272,420200,BGN
0306212022,devices,2025-01,42825,42825,BGN
0306212022,devices,2025-02,30397,73222,BGN
0306212022,devices,2025-03,28926,102148,BGN
0306212022,devices,2025-04,40485,142633,BGN
0306212022,devices,2025-05,25874,168507,BGN
0306212022,devices,2025-06,48248,216755,BGN
0306212022,devices,2025-07,12075,228830,BGN
0306212022,devices,2025-08,24150,252980,BGN
0306212022,devices,2025-09,30862,283842,BGN
0306212022,devices,2025-10,33438,317280,BGN
0306212022,devices,2025-11,18069,335349,BGN
0306212022,devices,2025-12,0,335349,BGN
0306212022,devices,2026-01,53299,53299,EUR
0306212022,devices,2026-02,24374,77673,EUR
0306212022,devices,2026-03,33934,111607,EUR
0306212022,devices,2026-04,0,111607,EUR
0306212022,devices,2026-05,19729,131336,EUR
0306212022,devices,2026-06,8080,139417,EUR
0306212022,devices,2026-07,3600,143017,EUR
0306212022,devices,2026-08,19210,162227,EUR
0306212026,care,2024-01,1129240,1129240,BGN
0306212026,care,2024-02,1151180,2280420,BGN
0306212026,care,2024-03,1178811,3459231,BGN
0306212026,care,2024-04,1318875,4778106,BGN
0306212026,care,2024-05,1326590,6104696,BGN
0306212026,care,2024-06,1237284,7341980,BGN
0306212026,care,2024-07,1224222,8566202,BGN
0306212026,care,2024-08,1225232,9791434,BGN
0306212026,care,2024-09,1193756,10985191,BGN
0306212026,care,2024-10,1153834,12139025,BGN
0306212026,care,2024-11,1286809,13425834,BGN
0306212026,care,2024-12,1214598,14640432,BGN
0306212026,care,2025-01,1204075,1204075,BGN
0306212026,care,2025-02,1333787,2537863,BGN
0306212026,care,2025-03,1198786,3736649,BGN
0306212026,care,2025-04,1267915,5004563,BGN
0306212026,care,2025-05,1780094,6784658,BGN
0306212026,care,2025-06,1245818,8030476,BGN
0306212026,care,2025-07,1370073,9400549,BGN
0306212026,care,2025-08,1339940,10740489,BGN
0306212026,care,2025-09,1149286,11889775,BGN
0306212026,care,2025-10,1195756,13085531,BGN
0306212026,care,2025-11,1442646,14528177,BGN
0306212026,care,2025-12,1300902,15829079,BGN
0306212026,care,2026-01,600972,600972,EUR
0306212026,care,2026-02,613666,1214637,EUR
0306212026,care,2026-03,666000,1880638,EUR
0306212026,care,2026-04,648033,2528671,EUR
0306212026,care,2026-05,656756,3185427,EUR
0306212026,care,2026-06,630987,3816415,EUR
0306212026,care,2026-07,644752,4461167,EUR
0306212026,care,2026-08,674488,5135655,EUR
0306212026,devices,2024-02,13200,13200,BGN
0306212026,devices,2024-03,12000,25200,BGN
0306212026,devices,2024-04,15600,40800,BGN
0306212026,devices,2024-05,13200,54000,BGN
0306212026,devices,2024-06,26400,80400,BGN
0306212026,devices,2024-07,21600,102000,BGN
0306212026,devices,2024-08,14400,116400,BGN
0306212026,devices,2024-09,19200,135600,BGN
0306212026,devices,2024-10,19200,154800,BGN
0306212026,devices,2024-11,14400,169200,BGN
0306212026,devices,2024-12,21600,190800,BGN
0306212026,devices,2025-01,15600,15600,BGN
0306212026,devices,2025-02,13200,28800,BGN
0306212026,devices,2025-03,15600,44400,BGN
0306212026,devices,2025-04,15600,60000,BGN
0306212026,devices,2025-05,9600,69600,BGN
0306212026,devices,2025-06,19200,88800,BGN
0306212026,devices,2025-07,9600,98400,BGN
0306212026,devices,2025-08,13200,111600,BGN
0306212026,devices,2025-09,9600,121200,BGN
0306212026,devices,2025-10,8400,129600,BGN
0306212026,devices,2025-11,15600,145200,BGN
0306212026,devices,2025-12,0,145200,BGN
0306212026,devices,2026-01,11657,11657,EUR
0306212026,devices,2026-02,6136,17793,EUR
0306212026,devices,2026-03,17179,34972,EUR
0306212026,devices,2026-04,0,34972,EUR
0306212026,devices,2026-05,9203,44176,EUR
0306212026,devices,2026-06,6749,50925,EUR
0306212026,devices,2026-07,6136,57060,EUR
0306212026,devices,2026-08,7363,64423,EUR
0306212026,medicines,2024-01,3235275,3235275,BGN
0306212026,medicines,2024-02,3031363,6266638,BGN
0306212026,medicines,2024-03,3543970,9810607,BGN
0306212026,medicines,2024-04,3489109,13299716,BGN
0306212026,medicines,2024-05,3492555,16792271,BGN
0306212026,medicines,2024-06,4058373,20850644,BGN
0306212026,medicines,2024-07,3591866,24442509,BGN
0306212026,medicines,2024-08,3534301,27976810,BGN
0306212026,medicines,2024-09,3512671,31489481,BGN
0306212026,medicines,2024-10,3913402,35402883,BGN
0306212026,medicines,2024-11,3683144,39086027,BGN
0306212026,medicines,2024-12,3908182,42994210,BGN
0306212026,medicines,2025-01,3793847,3793847,BGN
0306212026,medicines,2025-02,3498808,7292655,BGN
0306212026,medicines,2025-03,3984021,11276676,BGN
0306212026,medicines,2025-04,3765195,15041871,BGN
0306212026,medicines,2025-05,3771042,18812913,BGN
0306212026,medicines,2025-06,3998428,22811341,BGN
0306212026,medicines,2025-07,3769938,26581280,BGN
0306212026,medicines,2025-08,3960255,30541534,BGN
0306212026,medicines,2025-09,4087412,34628946,BGN
0306212026,medicines,2025-10,4005034,38633980,BGN
0306212026,medicines,2025-11,3777704,42411684,BGN
0306212026,medicines,2025-12,4490841,46902525,BGN
0306212026,medicines,2026-01,1982631,1982631,EUR
0306212026,medicines,2026-02,1941103,3923734,EUR
0306212026,medicines,2026-03,1892279,5816013,EUR
0306212026,medicines,2026-04,1847903,7663916,EUR
0306212026,medicines,2026-05,1975072,9638988,EUR
0306212026,medicines,2026-06,2208115,11847103,EUR
0306212026,medicines,2026-07,1905946,13753049,EUR
0306212026,medicines,2026-08,2136671,15889719,EUR
0306212027,care,2024-01,279866,279866,BGN
0306212027,care,2024-02,282776,562642,BGN
0306212027,care,2024-03,306958,869600,BGN
0306212027,care,2024-04,306085,1175685,BGN
0306212027,care,2024-05,311687,1487372,BGN
0306212027,care,2024-06,316313,1803685,BGN
0306212027,care,2024-07,301846,2105531,BGN
0306212027,care,2024-08,244695,2350226,BGN
0306212027,care,2024-09,312328,2662554,BGN
0306212027,care,2024-10,273834,2936388,BGN
0306212027,care,2024-11,340507,3276895,BGN
0306212027,care,2024-12,319604,3596499,BGN
0306212027,care,2025-01,249109,249109,BGN
0306212027,care,2025-02,304497,553607,BGN
0306212027,care,2025-03,303034,856641,BGN
0306212027,care,2025-04,308305,1164946,BGN
0306212027,care,2025-05,248183,1413129,BGN
0306212027,care,2025-06,298124,1711253,BGN
0306212027,care,2025-07,271385,1982637,BGN
0306212027,care,2025-08,266670,2249307,BGN
0306212027,care,2025-09,227977,2477284,BGN
0306212027,care,2025-10,247845,2725130,BGN
0306212027,care,2025-11,303689,3028818,BGN
0306212027,care,2025-12,283636,3312454,BGN
0306212027,care,2026-01,145680,145680,EUR
0306212027,care,2026-02,140763,286443,EUR
0306212027,care,2026-03,138981,425425,EUR
0306212027,care,2026-04,139980,565405,EUR
0306212027,care,2026-05,22270,587675,EUR
0306212027,care,2026-06,7269,594945,EUR
0306212027,care,2026-07,49078,644023,EUR
0306212027,care,2026-08,182428,826451,EUR
0306232016,care,2024-01,183173,183173,BGN
0306232016,care,2024-02,172800,355973,BGN
0306232016,care,2024-03,193546,549519,BGN
0306232016,care,2024-04,212795,762314,BGN
0306232016,care,2024-05,195007,957321,BGN
0306232016,care,2024-06,195007,1152328,BGN
0306232016,care,2024-07,194742,1347070,BGN
0306232016,care,2024-08,185522,1532592,BGN
0306232016,care,2024-09,153888,1686480,BGN
0306232016,care,2024-10,187614,1874095,BGN
0306232016,care,2024-11,202400,2076494,BGN
0306232016,care,2024-12,195007,2271501,BGN
0306232016,care,2025-01,195007,195007,BGN
0306232016,care,2025-02,193862,388869,BGN
0306232016,care,2025-03,204589,593458,BGN
0306232016,care,2025-04,186570,780028,BGN
0306232016,care,2025-05,214088,994116,BGN
0306232016,care,2025-06,218495,1212611,BGN
0306232016,care,2025-07,228051,1440662,BGN
0306232016,care,2025-08,208488,1649150,BGN
0306232016,care,2025-09,190084,1839235,BGN
0306232016,care,2025-10,192576,2031811,BGN
0306232016,care,2025-11,202202,2234013,BGN
0306232016,care,2025-12,197389,2431402,BGN
0306232016,care,2026-01,100925,100925,EUR
0306232016,care,2026-02,79290,180215,EUR
0306232016,care,2026-03,110854,291068,EUR
0306232016,care,2026-04,104590,395658,EUR
0306232016,care,2026-05,98744,494403,EUR
0306232016,care,2026-06,98945,593348,EUR
0306232016,care,2026-07,104590,697938,EUR
0306232016,care,2026-08,87117,785055,EUR
0306232033,care,2024-01,183480,183480,BGN
0306232033,care,2024-02,183480,366960,BGN
0306232033,care,2024-03,183480,550440,BGN
0306232033,care,2024-04,429025,979465,BGN
0306232033,care,2024-05,295901,1275366,BGN
0306232033,care,2024-06,295901,1571267,BGN
0306232033,care,2024-07,295901,1867168,BGN
0306232033,care,2024-08,295901,2163069,BGN
0306232033,care,2024-09,295901,2458970,BGN
0306232033,care,2024-10,295901,2754871,BGN
0306232033,care,2024-11,332337,3087208,BGN
0306232033,care,2024-12,295901,3383109,BGN
0306232033,care,2025-01,217672,217672,BGN
0306232033,care,2025-02,211297,428969,BGN
0306232033,care,2025-03,294292,723261,BGN
0306232033,care,2025-04,295901,1019162,BGN
0306232033,care,2025-05,401318,1420480,BGN
0306232033,care,2025-06,255093,1675574,BGN
0306232033,care,2025-07,316862,1992436,BGN
0306232033,care,2025-08,325190,2317625,BGN
0306232033,care,2025-09,308460,2626085,BGN
0306232033,care,2025-10,240564,2866649,BGN
0306232033,care,2025-11,240564,3107213,BGN
0306232033,care,2025-12,240564,3347777,BGN
0306232033,care,2026-01,164350,164350,EUR
0306232033,care,2026-02,105844,270195,EUR
0306232033,care,2026-03,145420,415615,EUR
0306232033,care,2026-04,151855,567470,EUR
0306232033,care,2026-05,151855,719325,EUR
0306232033,care,2026-06,151855,871180,EUR
0306232033,care,2026-07,151855,1023035,EUR
0306232033,care,2026-08,151855,1174890,EUR
0306253028,care,2024-01,63055,63055,BGN
0306253028,care,2024-02,34730,97785,BGN
0306253028,care,2024-03,86623,184408,BGN
0306253028,care,2024-04,94960,279368,BGN
0306253028,care,2024-05,91719,371087,BGN
0306253028,care,2024-06,91063,462150,BGN
0306253028,care,2024-07,91063,553213,BGN
0306253028,care,2024-08,91063,644276,BGN
0306253028,care,2024-09,86510,730786,BGN
0306253028,care,2024-10,91063,821849,BGN
0306253028,care,2024-11,109741,931590,BGN
0306253028,care,2024-12,91063,1022653,BGN
0306253028,care,2025-01,64624,64624,BGN
0306253028,care,2025-02,59113,123737,BGN
0306253028,care,2025-03,92678,216415,BGN
0306253028,care,2025-04,91063,307478,BGN
0306253028,care,2025-05,151616,459093,BGN
0306253028,care,2025-06,80888,539981,BGN
0306253028,care,2025-07,100471,640452,BGN
0306253028,care,2025-08,107098,747550,BGN
0306253028,care,2025-09,102475,850025,BGN
0306253028,care,2025-10,71981,922006,BGN
0306253028,care,2025-11,71981,993987,BGN
0306253028,care,2025-12,71981,1065968,BGN
0306253028,care,2026-01,57404,57404,EUR
0306253028,care,2026-02,31022,88426,EUR
0306253028,care,2026-03,45366,133792,EUR
0306253028,care,2026-04,48462,182254,EUR
0306253028,care,2026-05,48462,230716,EUR
0306253028,care,2026-06,48462,279178,EUR
0306253028,care,2026-07,48462,327640,EUR
0306253028,care,2026-08,48462,376102,EUR
0306391031,care,2024-01,141221,141221,BGN
0306391031,care,2024-02,150487,291708,BGN
0306391031,care,2024-03,130669,422377,BGN
0306391031,care,2024-04,147709,570086,BGN
0306391031,care,2024-05,153670,723756,BGN
0306391031,care,2024-06,157209,880965,BGN
0306391031,care,2024-07,133513,1014478,BGN
0306391031,care,2024-08,145973,1160451,BGN
0306391031,care,2024-09,136209,1296660,BGN
0306391031,care,2024-10,134670,1431330,BGN
0306391031,care,2024-11,134408,1565738,BGN
0306391031,care,2024-12,124054,1689792,BGN
0306391031,care,2025-01,125738,125738,BGN
0306391031,care,2025-02,126857,252595,BGN
0306391031,care,2025-03,114516,367111,BGN
0306391031,care,2025-04,125791,492902,BGN
0306391031,care,2025-05,133290,626192,BGN
0306391031,care,2025-06,144947,771139,BGN
0306391031,care,2025-07,148157,919296,BGN
0306391031,care,2025-08,143408,1062704,BGN
0306391031,care,2025-09,139908,1202612,BGN
0306391031,care,2025-10,143790,1346402,BGN
0306391031,care,2025-11,149158,1495560,BGN
0306391031,care,2025-12,136631,1632191,BGN
0306391031,care,2026-01,80122,80122,EUR
0306391031,care,2026-02,73476,153598,EUR
0306391031,care,2026-03,71350,224949,EUR
0306391031,care,2026-04,81117,306066,EUR
0306391031,care,2026-05,76268,382334,EUR
0306391031,care,2026-06,80404,462738,EUR
0306391031,care,2026-07,85901,548639,EUR
0306391031,care,2026-08,87758,636397,EUR
0306391032,care,2024-01,73418,73418,BGN
0306391032,care,2024-02,88625,162043,BGN
0306391032,care,2024-03,78170,240214,BGN
0306391032,care,2024-04,90250,330464,BGN
0306391032,care,2024-05,89000,419464,BGN
0306391032,care,2024-06,97000,516464,BGN
0306391032,care,2024-07,93750,610214,BGN
0306391032,care,2024-08,100000,710214,BGN
0306391032,care,2024-09,90750,800964,BGN
0306391032,care,2024-10,78500,879464,BGN
0306391032,care,2024-11,70750,950214,BGN
0306391032,care,2024-12,69250,1019464,BGN
0306391032,care,2025-01,72250,72250,BGN
0306391032,care,2025-02,75750,148000,BGN
0306391032,care,2025-03,65500,213500,BGN
0306391032,care,2025-04,72000,285500,BGN
0306391032,care,2025-05,72000,357500,BGN
0306391032,care,2025-06,74750,432250,BGN
0306391032,care,2025-07,75500,507750,BGN
0306391032,care,2025-08,79750,587500,BGN
0306391032,care,2025-09,79750,667250,BGN
0306391032,care,2025-10,77750,745000,BGN
0306391032,care,2025-11,78500,823500,BGN
0306391032,care,2025-12,69000,892500,BGN
0306391032,care,2026-01,43075,43075,EUR
0306391032,care,2026-02,40775,83850,EUR
0306391032,care,2026-03,36940,120790,EUR
0306391032,care,2026-04,40902,161692,EUR
0306391032,care,2026-05,40902,202595,EUR
0306391032,care,2026-06,39624,242219,EUR
0306391032,care,2026-07,39880,282099,EUR
0306391032,care,2026-08,40775,322873,EUR
0306911012,care,2024-01,981790,981790,BGN
0306911012,care,2024-02,980986,1962776,BGN
0306911012,care,2024-03,981790,2944566,BGN
0306911012,care,2024-04,1928587,4873153,BGN
0306911012,care,2024-05,1207364,6080517,BGN
0306911012,care,2024-06,1207364,7287881,BGN
0306911012,care,2024-07,1207364,8495245,BGN
0306911012,care,2024-08,1207364,9702609,BGN
0306911012,care,2024-09,1146996,10849605,BGN
0306911012,care,2024-10,1267732,12117337,BGN
0306911012,care,2024-11,1453944,13571281,BGN
0306911012,care,2024-12,1207364,14778645,BGN
0306911012,care,2025-01,1207364,1207364,BGN
0306911012,care,2025-02,1267732,2475096,BGN
0306911012,care,2025-03,1206085,3681181,BGN
0306911012,care,2025-04,1144787,4825968,BGN
0306911012,care,2025-05,3398656,8224624,BGN
0306911012,care,2025-06,1559781,9784405,BGN
0306911012,care,2025-07,1403211,11187617,BGN
0306911012,care,2025-08,1448139,12635756,BGN
0306911012,care,2025-09,1355955,13991711,BGN
0306911012,care,2025-10,1355955,15347666,BGN
0306911012,care,2025-11,1355955,16703621,BGN
0306911012,care,2025-12,1355955,18059576,BGN
0306911012,care,2026-01,597212,597212,EUR
0306911012,care,2026-02,611145,1208358,EUR
0306911012,care,2026-03,565701,1774059,EUR
0306911012,care,2026-04,675269,2449328,EUR
0306911012,care,2026-05,720571,3169898,EUR
0306911012,care,2026-06,680603,3850502,EUR
0306911012,care,2026-07,705437,4555939,EUR
0306911012,care,2026-08,705437,5261376,EUR
0306911012,devices,2024-02,35855,35855,BGN
0306911012,devices,2024-03,40980,76835,BGN
0306911012,devices,2024-04,58629,135464,BGN
0306911012,devices,2024-05,65983,201447,BGN
0306911012,devices,2024-06,72545,273992,BGN
0306911012,devices,2024-07,57521,331513,BGN
0306911012,devices,2024-08,50390,381903,BGN
0306911012,devices,2024-09,44257,426160,BGN
0306911012,devices,2024-10,23918,450078,BGN
0306911012,devices,2024-11,46653,496731,BGN
0306911012,devices,2024-12,78793,575524,BGN
0306911012,devices,2025-01,83356,83356,BGN
0306911012,devices,2025-02,69196,152552,BGN
0306911012,devices,2025-03,61780,214332,BGN
0306911012,devices,2025-04,56215,270547,BGN
0306911012,devices,2025-05,65575,336122,BGN
0306911012,devices,2025-06,55150,391272,BGN
0306911012,devices,2025-07,62280,453552,BGN
0306911012,devices,2025-08,58985,512537,BGN
0306911012,devices,2025-09,36250,548787,BGN
0306911012,devices,2025-10,21325,570112,BGN
0306911012,devices,2025-11,51960,622072,BGN
0306911012,devices,2025-12,0,622072,BGN
0306911012,devices,2026-01,71678,71678,EUR
0306911012,devices,2026-02,30023,101701,EUR
0306911012,devices,2026-03,60449,162150,EUR
0306911012,devices,2026-04,0,162150,EUR
0306911012,devices,2026-05,37148,199299,EUR
0306911012,devices,2026-06,34010,233309,EUR
0306911012,devices,2026-07,34323,267632,EUR
0306911012,devices,2026-08,33670,301301,EUR
0314211005,care,2024-01,9855,9855,BGN
0314211005,care,2024-02,7753,17608,BGN
0314211005,care,2024-03,9801,27409,BGN
0314211005,care,2024-04,10634,38043,BGN
0314211005,care,2024-05,8688,46731,BGN
0314211005,care,2024-06,6906,53637,BGN
0314211005,care,2024-07,16760,70397,BGN
0314211005,care,2024-08,15035,85432,BGN
0314211005,care,2024-09,8910,94342,BGN
0314211005,care,2024-10,10076,104418,BGN
0314211005,care,2024-11,17483,121901,BGN
0314211005,care,2024-12,11078,132979,BGN
0314211005,care,2025-01,14271,14271,BGN
0314211005,care,2025-02,14985,29256,BGN
0314211005,care,2025-03,14033,43289,BGN
0314211005,care,2025-04,13795,57084,BGN
0314211005,care,2025-05,25584,82668,BGN
0314211005,care,2025-06,21665,104334,BGN
0314211005,care,2025-07,17426,121760,BGN
0314211005,care,2025-08,14642,136402,BGN
0314211005,care,2025-09,13862,150264,BGN
0314211005,care,2025-10,12581,162845,BGN
0314211005,care,2025-11,22233,185078,BGN
0314211005,care,2025-12,13862,198940,BGN
0314211005,care,2026-01,8900,8900,EUR
0314211005,care,2026-02,7260,16160,EUR
0314211005,care,2026-03,5295,21454,EUR
0314211005,care,2026-04,8654,30108,EUR
0314211005,care,2026-05,8660,38768,EUR
0314211005,care,2026-06,7999,46767,EUR
0314211005,care,2026-07,7885,54652,EUR
0314211005,care,2026-08,5950,60602,EUR
0324211004,care,2024-01,114601,114601,BGN
0324211004,care,2024-02,161450,276051,BGN
0324211004,care,2024-03,187609,463660,BGN
0324211004,care,2024-04,173470,637130,BGN
0324211004,care,2024-05,142066,779195,BGN
0324211004,care,2024-06,151605,930801,BGN
0324211004,care,2024-07,147465,1078265,BGN
0324211004,care,2024-08,150338,1228603,BGN
0324211004,care,2024-09,142026,1370628,BGN
0324211004,care,2024-10,153372,1524000,BGN
0324211004,care,2024-11,159480,1683480,BGN
0324211004,care,2024-12,147806,1831286,BGN
0324211004,care,2025-01,147469,147469,BGN
0324211004,care,2025-02,154379,301848,BGN
0324211004,care,2025-03,147803,449651,BGN
0324211004,care,2025-04,141192,590843,BGN
0324211004,care,2025-05,278778,869621,BGN
0324211004,care,2025-06,153634,1023254,BGN
0324211004,care,2025-07,193843,1217098,BGN
0324211004,care,2025-08,152833,1369931,BGN
0324211004,care,2025-09,146490,1516420,BGN
0324211004,care,2025-10,162738,1679159,BGN
0324211004,care,2025-11,168819,1847977,BGN
0324211004,care,2025-12,165232,2013209,BGN
0324211004,care,2026-01,84500,84500,EUR
0324211004,care,2026-02,82927,167426,EUR
0324211004,care,2026-03,66477,233903,EUR
0324211004,care,2026-04,82465,316368,EUR
0324211004,care,2026-05,82308,398677,EUR
0324211004,care,2026-06,79552,478229,EUR
0324211004,care,2026-07,72501,550730,EUR
0324211004,care,2026-08,71121,621851,EUR
0404211001,care,2024-01,2116010,2116010,BGN
0404211001,care,2024-02,2196651,4312661,BGN
0404211001,care,2024-03,2235603,6548264,BGN
0404211001,care,2024-04,2514360,9062625,BGN
0404211001,care,2024-05,2468592,11531217,BGN
0404211001,care,2024-06,2426165,13957382,BGN
0404211001,care,2024-07,2373254,16330636,BGN
0404211001,care,2024-08,2252718,18583354,BGN
0404211001,care,2024-09,2229250,20812604,BGN
0404211001,care,2024-10,2053093,22865698,BGN
0404211001,care,2024-11,2485159,25350856,BGN
0404211001,care,2024-12,2541823,27892680,BGN
0404211001,care,2025-01,2368057,2368057,BGN
0404211001,care,2025-02,2657762,5025820,BGN
0404211001,care,2025-03,2387748,7413568,BGN
0404211001,care,2025-04,2350228,9763796,BGN
0404211001,care,2025-05,2369408,12133204,BGN
0404211001,care,2025-06,2624064,14757267,BGN
0404211001,care,2025-07,2694587,17451855,BGN
0404211001,care,2025-08,2380115,19831969,BGN
0404211001,care,2025-09,2343338,22175308,BGN
0404211001,care,2025-10,2345619,24520926,BGN
0404211001,care,2025-11,2660532,27181458,BGN
0404211001,care,2025-12,2461742,29643200,BGN
0404211001,care,2026-01,1257839,1257839,EUR
0404211001,care,2026-02,1270940,2528778,EUR
0404211001,care,2026-03,1234972,3763750,EUR
0404211001,care,2026-04,1245002,5008752,EUR
0404211001,care,2026-05,1247416,6256168,EUR
0404211001,care,2026-06,1270395,7526564,EUR
0404211001,care,2026-07,1266433,8792997,EUR
0404211001,care,2026-08,1255290,10048287,EUR
0404211001,devices,2024-02,10415,10415,BGN
0404211001,devices,2024-03,13895,24310,BGN
0404211001,devices,2024-04,17538,41848,BGN
0404211001,devices,2024-05,9690,51538,BGN
0404211001,devices,2024-06,17500,69038,BGN
0404211001,devices,2024-07,13593,82631,BGN
0404211001,devices,2024-08,15100,97731,BGN
0404211001,devices,2024-09,14985,112716,BGN
0404211001,devices,2024-10,10770,123486,BGN
0404211001,devices,2024-11,7900,131386,BGN
0404211001,devices,2024-12,18896,150282,BGN
0404211001,devices,2025-01,21805,21805,BGN
0404211001,devices,2025-02,24675,46480,BGN
0404211001,devices,2025-03,29915,76395,BGN
0404211001,devices,2025-04,24700,101095,BGN
0404211001,devices,2025-05,20140,121235,BGN
0404211001,devices,2025-06,48470,169705,BGN
0404211001,devices,2025-07,23735,193440,BGN
0404211001,devices,2025-08,23380,216820,BGN
0404211001,devices,2025-09,1435,218255,BGN
0404211001,devices,2025-10,14250,232505,BGN
0404211001,devices,2025-11,29005,261510,BGN
0404211001,devices,2025-12,0,261510,BGN
0404211001,devices,2026-01,29933,29933,EUR
0404211001,devices,2026-02,14238,44171,EUR
0404211001,devices,2026-03,20057,64228,EUR
0404211001,devices,2026-04,0,64228,EUR
0404211001,devices,2026-05,11531,75759,EUR
0404211001,devices,2026-06,13873,89632,EUR
0404211001,devices,2026-07,15329,104960,EUR
0404211001,devices,2026-08,17875,122835,EUR
0404212016,care,2024-01,433851,433851,BGN
0404212016,care,2024-02,433851,867702,BGN
0404212016,care,2024-03,433851,1301553,BGN
0404212016,care,2024-04,1131979,2433532,BGN
0404212016,care,2024-05,610449,3043981,BGN
0404212016,care,2024-06,610449,3654430,BGN
0404212016,care,2024-07,610449,4264879,BGN
0404212016,care,2024-08,579927,4844805,BGN
0404212016,care,2024-09,610449,5455254,BGN
0404212016,care,2024-10,610449,6065703,BGN
0404212016,care,2024-11,688320,6754023,BGN
0404212016,care,2024-12,610449,7364472,BGN
0404212016,care,2025-01,609107,609107,BGN
0404212016,care,2025-02,642314,1251420,BGN
0404212016,care,2025-03,610449,1861869,BGN
0404212016,care,2025-04,579927,2441796,BGN
0404212016,care,2025-05,1143331,3585127,BGN
0404212016,care,2025-06,802809,4387935,BGN
0404212016,care,2025-07,699155,5087090,BGN
0404212016,care,2025-08,705886,5792975,BGN
0404212016,care,2025-09,547466,6340442,BGN
0404212016,care,2025-10,471180,6811622,BGN
0404212016,care,2025-11,691232,7502854,BGN
0404212016,care,2025-12,617578,8120432,BGN
0404212016,care,2026-01,277101,277101,EUR
0404212016,care,2026-02,316286,593388,EUR
0404212016,care,2026-03,307082,900470,EUR
0404212016,care,2026-04,302723,1203193,EUR
0404212016,care,2026-05,299631,1502824,EUR
0404212016,care,2026-06,302328,1805152,EUR
0404212016,care,2026-07,322737,2127889,EUR
0404212016,care,2026-08,327789,2455678,EUR
0404212016,devices,2024-03,2094,2094,BGN
0404212016,devices,2024-04,3847,5941,BGN
0404212016,devices,2024-05,16275,22216,BGN
0404212016,devices,2024-06,5588,27804,BGN
0404212016,devices,2024-07,27291,55095,BGN
0404212016,devices,2024-08,3847,58942,BGN
0404212016,devices,2024-09,0,58942,BGN
0404212016,devices,2024-10,4188,63130,BGN
0404212016,devices,2024-11,4541,67671,BGN
0404212016,devices,2024-12,4541,72212,BGN
0404212016,devices,2025-01,19416,19416,BGN
0404212016,devices,2025-02,30091,49507,BGN
0404212016,devices,2025-03,19063,68570,BGN
0404212016,devices,2025-04,41472,110042,BGN
0404212016,devices,2025-05,18369,128411,BGN
0404212016,devices,2025-06,33244,161655,BGN
0404212016,devices,2025-07,31491,193146,BGN
0404212016,devices,2025-08,21000,214146,BGN
0404212016,devices,2025-09,20122,234268,BGN
0404212016,devices,2025-10,11200,245468,BGN
0404212016,devices,2025-11,11200,256668,BGN
0404212016,devices,2025-12,0,256668,BGN
0404212016,devices,2026-01,27554,27554,EUR
0404212016,devices,2026-02,5011,32565,EUR
0404212016,devices,2026-03,32390,64955,EUR
0404212016,devices,2026-04,0,64955,EUR
0404212016,devices,2026-05,6442,71397,EUR
0404212016,devices,2026-06,4295,75692,EUR
0404212016,devices,2026-07,10021,85714,EUR
0404212016,devices,2026-08,1432,87145,EUR
0404212017,care,2024-01,116636,116636,BGN
0404212017,care,2024-02,116636,233272,BGN
0404212017,care,2024-03,116636,349908,BGN
0404212017,care,2024-04,343992,693900,BGN
0404212017,care,2024-05,157012,850912,BGN
0404212017,care,2024-06,157012,1007924,BGN
0404212017,care,2024-07,157012,1164936,BGN
0404212017,care,2024-08,157012,1321948,BGN
0404212017,care,2024-09,157012,1478960,BGN
0404212017,care,2024-10,157012,1635972,BGN
0404212017,care,2024-11,186740,1822712,BGN
0404212017,care,2024-12,157012,1979724,BGN
0404212017,care,2025-01,157012,157012,BGN
0404212017,care,2025-02,157012,314024,BGN
0404212017,care,2025-03,157012,471036,BGN
0404212017,care,2025-04,157012,628048,BGN
0404212017,care,2025-05,475551,1103599,BGN
0404212017,care,2025-06,224784,1328383,BGN
0404212017,care,2025-07,207413,1535796,BGN
0404212017,care,2025-08,170508,1706304,BGN
0404212017,care,2025-09,160125,1866429,BGN
0404212017,care,2025-10,173618,2040047,BGN
0404212017,care,2025-11,195455,2235501,BGN
0404212017,care,2025-12,230145,2465647,BGN
0404212017,care,2026-01,104891,104891,EUR
0404212017,care,2026-02,99688,204579,EUR
0404212017,care,2026-03,99688,304267,EUR
0404212017,care,2026-04,99688,403955,EUR
0404212017,care,2026-05,99688,503643,EUR
0404212017,care,2026-06,99688,603331,EUR
0404212017,care,2026-07,97114,700445,EUR
0404212017,care,2026-08,81567,782012,EUR
0404232018,care,2024-01,67375,67375,BGN
0404232018,care,2024-02,26750,94125,BGN
0404232018,care,2024-03,109458,203583,BGN
0404232018,care,2024-04,78154,281737,BGN
0404232018,care,2024-05,78154,359891,BGN
0404232018,care,2024-06,78154,438045,BGN
0404232018,care,2024-07,78154,516199,BGN
0404232018,care,2024-08,78154,594353,BGN
0404232018,care,2024-09,78154,672507,BGN
0404232018,care,2024-10,78154,750661,BGN
0404232018,care,2024-11,86936,837597,BGN
0404232018,care,2024-12,78154,915751,BGN
0404232018,care,2025-01,78154,78154,BGN
0404232018,care,2025-02,41411,119565,BGN
0404232018,care,2025-03,104701,224265,BGN
0404232018,care,2025-04,78154,302419,BGN
0404232018,care,2025-05,137441,439860,BGN
0404232018,care,2025-06,118334,558194,BGN
0404232018,care,2025-07,112716,670910,BGN
0404232018,care,2025-08,81545,752455,BGN
0404232018,care,2025-09,53467,805922,BGN
0404232018,care,2025-10,70914,876836,BGN
0404232018,care,2025-11,78596,955432,BGN
0404232018,care,2025-12,74755,1030187,BGN
0404232018,care,2026-01,38222,38222,EUR
0404232018,care,2026-02,12039,50261,EUR
0404232018,care,2026-03,51996,102257,EUR
0404232018,care,2026-04,42376,144633,EUR
0404232018,care,2026-05,41864,186497,EUR
0404232018,care,2026-06,42888,229385,EUR
0404232018,care,2026-07,42376,271761,EUR
0404232018,care,2026-08,32119,303880,EUR
0404333010,care,2024-01,40909,40909,BGN
0404333010,care,2024-02,43380,84289,BGN
0404333010,care,2024-03,42584,126873,BGN
0404333010,care,2024-04,47627,174500,BGN
0404333010,care,2024-05,52491,226991,BGN
0404333010,care,2024-06,45308,272300,BGN
0404333010,care,2024-07,46967,319267,BGN
0404333010,care,2024-08,58152,377419,BGN
0404333010,care,2024-09,50381,427801,BGN
0404333010,care,2024-10,47125,474926,BGN
0404333010,care,2024-11,55320,530246,BGN
0404333010,care,2024-12,46128,576374,BGN
0404333010,care,2025-01,47682,47682,BGN
0404333010,care,2025-02,53570,101252,BGN
0404333010,care,2025-03,53255,154506,BGN
0404333010,care,2025-04,52261,206768,BGN
0404333010,care,2025-05,46846,253614,BGN
0404333010,care,2025-06,50304,303918,BGN
0404333010,care,2025-07,48797,352714,BGN
0404333010,care,2025-08,54292,407006,BGN
0404333010,care,2025-09,50782,457788,BGN
0404333010,care,2025-10,46451,504239,BGN
0404333010,care,2025-11,55609,559848,BGN
0404333010,care,2025-12,50215,610063,BGN
0404333010,care,2026-01,19564,19564,EUR
0404333010,care,2026-02,22929,42492,EUR
0404333010,care,2026-03,23849,66341,EUR
0404333010,care,2026-04,25993,92334,EUR
0404333010,care,2026-05,24503,116838,EUR
0404333010,care,2026-06,23327,140165,EUR
0404333010,care,2026-07,25594,165760,EUR
0404333010,care,2026-08,26255,192014,EUR
0404334009,care,2024-01,376369,376369,BGN
0404334009,care,2024-02,446827,823197,BGN
0404334009,care,2024-03,446876,1270073,BGN
0404334009,care,2024-04,428127,1698200,BGN
0404334009,care,2024-05,493589,2191789,BGN
0404334009,care,2024-06,479504,2671293,BGN
0404334009,care,2024-07,522288,3193581,BGN
0404334009,care,2024-08,510934,3704515,BGN
0404334009,care,2024-09,500752,4205267,BGN
0404334009,care,2024-10,457436,4662703,BGN
0404334009,care,2024-11,616051,5278754,BGN
0404334009,care,2024-12,529626,5808380,BGN
0404334009,care,2025-01,422621,422621,BGN
0404334009,care,2025-02,461181,883802,BGN
0404334009,care,2025-03,513115,1396918,BGN
0404334009,care,2025-04,472660,1869578,BGN
0404334009,care,2025-05,524611,2394189,BGN
0404334009,care,2025-06,469301,2863490,BGN
0404334009,care,2025-07,481050,3344539,BGN
0404334009,care,2025-08,532102,3876642,BGN
0404334009,care,2025-09,459481,4336122,BGN
0404334009,care,2025-10,432984,4769107,BGN
0404334009,care,2025-11,556563,5325670,BGN
0404334009,care,2025-12,515500,5841170,BGN
0404334009,care,2026-01,240967,240967,EUR
0404334009,care,2026-02,233468,474435,EUR
0404334009,care,2026-03,278262,752697,EUR
0404334009,care,2026-04,273262,1025959,EUR
0404334009,care,2026-05,268953,1294912,EUR
0404334009,care,2026-06,248463,1543375,EUR
0404334009,care,2026-07,256236,1799612,EUR
0404334009,care,2026-08,263479,2063091,EUR
0404334009,devices,2024-02,2400,2400,BGN
0404334009,devices,2024-03,1200,3600,BGN
0404334009,devices,2024-04,3600,7200,BGN
0404334009,devices,2024-05,2400,9600,BGN
0404334009,devices,2024-06,2400,12000,BGN
0404334009,devices,2024-07,2400,14400,BGN
0404334009,devices,2024-08,1200,15600,BGN
0404334009,devices,2024-09,2400,18000,BGN
0404334009,devices,2024-10,4800,22800,BGN
0404334009,devices,2024-11,0,22800,BGN
0404334009,devices,2024-12,1200,24000,BGN
0404334009,devices,2025-01,2400,2400,BGN
0404334009,devices,2025-02,4800,7200,BGN
0404334009,devices,2025-03,1200,8400,BGN
0404334009,devices,2025-04,2400,10800,BGN
0404334009,devices,2025-05,1200,12000,BGN
0404334009,devices,2025-06,2400,14400,BGN
0404334009,devices,2025-07,0,14400,BGN
0404334009,devices,2025-08,2400,16800,BGN
0404334009,devices,2025-09,4800,21600,BGN
0404334009,devices,2025-10,1200,22800,BGN
0404334009,devices,2025-11,3600,26400,BGN
0404334009,devices,2025-12,0,26400,BGN
0404334009,devices,2026-01,2454,2454,EUR
0404334009,devices,2026-02,1841,4295,EUR
0404334009,devices,2026-03,2454,6749,EUR
0404334009,devices,2026-04,0,6749,EUR
0404334009,devices,2026-05,1227,7976,EUR
0404334009,devices,2026-06,1227,9203,EUR
0404334009,devices,2026-07,1227,10430,EUR
0404334009,devices,2026-08,1227,11657,EUR
0404334009,medicines,2024-01,694608,694608,BGN
0404334009,medicines,2024-02,549856,1244464,BGN
0404334009,medicines,2024-03,718803,1963267,BGN
0404334009,medicines,2024-04,680709,2643976,BGN
0404334009,medicines,2024-05,725309,3369285,BGN
0404334009,medicines,2024-06,776312,4145597,BGN
0404334009,medicines,2024-07,828187,4973785,BGN
0404334009,medicines,2024-08,731270,5705054,BGN
0404334009,medicines,2024-09,830046,6535101,BGN
0404334009,medicines,2024-10,813346,7348447,BGN
0404334009,medicines,2024-11,738408,8086854,BGN
0404334009,medicines,2024-12,872256,8959110,BGN
0404334009,medicines,2025-01,840003,840003,BGN
0404334009,medicines,2025-02,699898,1539902,BGN
0404334009,medicines,2025-03,1075331,2615233,BGN
0404334009,medicines,2025-04,879308,3494541,BGN
0404334009,medicines,2025-05,810634,4305175,BGN
0404334009,medicines,2025-06,967096,5272271,BGN
0404334009,medicines,2025-07,816050,6088321,BGN
0404334009,medicines,2025-08,908160,6996481,BGN
0404334009,medicines,2025-09,943067,7939549,BGN
0404334009,medicines,2025-10,848633,8788182,BGN
0404334009,medicines,2025-11,773313,9561495,BGN
0404334009,medicines,2025-12,852613,10414107,BGN
0404334009,medicines,2026-01,377145,377145,EUR
0404334009,medicines,2026-02,369144,746288,EUR
0404334009,medicines,2026-03,459761,1206050,EUR
0404334009,medicines,2026-04,440872,1646921,EUR
0404334009,medicines,2026-05,442747,2089668,EUR
0404334009,medicines,2026-06,491392,2581061,EUR
0404334009,medicines,2026-07,453542,3034603,EUR
0404334009,medicines,2026-08,454446,3489049,EUR
0404391019,care,2024-01,175824,175824,BGN
0404391019,care,2024-02,186278,362102,BGN
0404391019,care,2024-03,175111,537214,BGN
0404391019,care,2024-04,198000,735214,BGN
0404391019,care,2024-05,193750,928964,BGN
0404391019,care,2024-06,199000,1127964,BGN
0404391019,care,2024-07,181750,1309714,BGN
0404391019,care,2024-08,193250,1502964,BGN
0404391019,care,2024-09,199500,1702464,BGN
0404391019,care,2024-10,186750,1889214,BGN
0404391019,care,2024-11,193000,2082214,BGN
0404391019,care,2024-12,198250,2280464,BGN
0404391019,care,2025-01,193750,193750,BGN
0404391019,care,2025-02,206000,399750,BGN
0404391019,care,2025-03,182250,582000,BGN
0404391019,care,2025-04,194250,776250,BGN
0404391019,care,2025-05,192500,968750,BGN
0404391019,care,2025-06,208250,1177000,BGN
0404391019,care,2025-07,199750,1376750,BGN
0404391019,care,2025-08,210250,1587000,BGN
0404391019,care,2025-09,205750,1792750,BGN
0404391019,care,2025-10,204000,1996750,BGN
0404391019,care,2025-11,215000,2211750,BGN
0404391019,care,2025-12,200750,2412500,BGN
0404391019,care,2026-01,108519,108519,EUR
0404391019,care,2026-02,111587,220106,EUR
0404391019,care,2026-03,98294,318400,EUR
0404391019,care,2026-04,110948,429347,EUR
0404391019,care,2026-05,114015,543363,EUR
0404391019,care,2026-06,112482,655844,EUR
0404391019,care,2026-07,110692,766537,EUR
0404391019,care,2026-08,117978,884514,EUR
0406131002,care,2024-01,22275,22275,BGN
0406131002,care,2024-02,40053,62328,BGN
0406131002,care,2024-03,31164,93492,BGN
0406131002,care,2024-04,92669,186161,BGN
0406131002,care,2024-05,63225,249386,BGN
0406131002,care,2024-06,63225,312611,BGN
0406131002,care,2024-07,63225,375836,BGN
0406131002,care,2024-08,53840,429676,BGN
0406131002,care,2024-09,39193,468869,BGN
0406131002,care,2024-10,63225,532094,BGN
0406131002,care,2024-11,63973,596067,BGN
0406131002,care,2024-12,63225,659292,BGN
0406131002,care,2025-01,52861,52861,BGN
0406131002,care,2025-02,66025,118887,BGN
0406131002,care,2025-03,64967,183853,BGN
0406131002,care,2025-04,63225,247078,BGN
0406131002,care,2025-05,93376,340455,BGN
0406131002,care,2025-06,73913,414368,BGN
0406131002,care,2025-07,76026,490394,BGN
0406131002,care,2025-08,55261,545655,BGN
0406131002,care,2025-09,61697,607352,BGN
0406131002,care,2025-10,54061,661413,BGN
0406131002,care,2025-11,68509,729922,BGN
0406131002,care,2025-12,61285,791207,BGN
0406131002,care,2026-01,16838,16838,EUR
0406131002,care,2026-02,36826,53664,EUR
0406131002,care,2026-03,33879,87544,EUR
0406131002,care,2026-04,34791,122335,EUR
0406131002,care,2026-05,34697,157032,EUR
0406131002,care,2026-06,31469,188501,EUR
0406131002,care,2026-07,34791,223292,EUR
0406131002,care,2026-08,34791,258083,EUR
0406211002,care,2024-01,620792,620792,BGN
0406211002,care,2024-02,835048,1455840,BGN
0406211002,care,2024-03,879427,2335267,BGN
0406211002,care,2024-04,1061853,3397120,BGN
0406211002,care,2024-05,815458,4212578,BGN
0406211002,care,2024-06,856624,5069202,BGN
0406211002,care,2024-07,853735,5922936,BGN
0406211002,care,2024-08,858372,6781308,BGN
0406211002,care,2024-09,850476,7631785,BGN
0406211002,care,2024-10,858625,8490410,BGN
0406211002,care,2024-11,906245,9396654,BGN
0406211002,care,2024-12,863844,10260498,BGN
0406211002,care,2025-01,846264,846264,BGN
0406211002,care,2025-02,882851,1729115,BGN
0406211002,care,2025-03,821472,2550587,BGN
0406211002,care,2025-04,849749,3400335,BGN
0406211002,care,2025-05,1448780,4849116,BGN
0406211002,care,2025-06,1021674,5870789,BGN
0406211002,care,2025-07,1002658,6873448,BGN
0406211002,care,2025-08,888974,7762422,BGN
0406211002,care,2025-09,913224,8675646,BGN
0406211002,care,2025-10,852768,9528414,BGN
0406211002,care,2025-11,1031935,10560349,BGN
0406211002,care,2025-12,939738,11500087,BGN
0406211002,care,2026-01,476054,476054,EUR
0406211002,care,2026-02,478970,955023,EUR
0406211002,care,2026-03,449033,1404057,EUR
0406211002,care,2026-04,477204,1881261,EUR
0406211002,care,2026-05,473868,2355129,EUR
0406211002,care,2026-06,370000,2725129,EUR
0406211002,care,2026-07,373985,3099113,EUR
0406211002,care,2026-08,391861,3490974,EUR
0422211004,care,2024-01,267374,267374,BGN
0422211004,care,2024-02,345517,612892,BGN
0422211004,care,2024-03,442626,1055518,BGN
0422211004,care,2024-04,310233,1365751,BGN
0422211004,care,2024-05,310247,1675998,BGN
0422211004,care,2024-06,309834,1985832,BGN
0422211004,care,2024-07,309733,2295565,BGN
0422211004,care,2024-08,309716,2605281,BGN
0422211004,care,2024-09,309774,2915055,BGN
0422211004,care,2024-10,312168,3227223,BGN
0422211004,care,2024-11,354463,3581686,BGN
0422211004,care,2024-12,309457,3891143,BGN
0422211004,care,2025-01,296831,296831,BGN
0422211004,care,2025-02,319069,615900,BGN
0422211004,care,2025-03,308104,924004,BGN
0422211004,care,2025-04,308693,1232697,BGN
0422211004,care,2025-05,602803,1835500,BGN
0422211004,care,2025-06,422818,2258318,BGN
0422211004,care,2025-07,381140,2639458,BGN
0422211004,care,2025-08,323269,2962727,BGN
0422211004,care,2025-09,332752,3295479,BGN
0422211004,care,2025-10,285334,3580813,BGN
0422211004,care,2025-11,363753,3944566,BGN
0422211004,care,2025-12,328284,4272850,BGN
0422211004,care,2026-01,178755,178755,EUR
0422211004,care,2026-02,173917,352671,EUR
0422211004,care,2026-03,173901,526573,EUR
0422211004,care,2026-04,173126,699698,EUR
0422211004,care,2026-05,157785,857483,EUR
0422211004,care,2026-06,162524,1020006,EUR
0422211004,care,2026-07,159448,1179455,EUR
0422211004,care,2026-08,157434,1336889,EUR
0426252021,care,2024-01,63995,63995,BGN
0426252021,care,2024-02,41061,105055,BGN
0426252021,care,2024-03,91168,196223,BGN
0426252021,care,2024-04,118347,314571,BGN
0426252021,care,2024-05,170726,485297,BGN
0426252021,care,2024-06,156897,642194,BGN
0426252021,care,2024-07,160626,802820,BGN
0426252021,care,2024-08,141721,944541,BGN
0426252021,care,2024-09,119062,1063602,BGN
0426252021,care,2024-10,153751,1217353,BGN
0426252021,care,2024-11,157074,1374427,BGN
0426252021,care,2024-12,153751,1528178,BGN
0426252021,care,2025-01,101480,101480,BGN
0426252021,care,2025-02,75086,176566,BGN
0426252021,care,2025-03,182914,359480,BGN
0426252021,care,2025-04,127193,486673,BGN
0426252021,care,2025-05,246362,733036,BGN
0426252021,care,2025-06,121929,854964,BGN
0426252021,care,2025-07,119827,974791,BGN
0426252021,care,2025-08,185099,1159890,BGN
0426252021,care,2025-09,186168,1346058,BGN
0426252021,care,2025-10,119827,1465885,BGN
0426252021,care,2025-11,119827,1585712,BGN
0426252021,care,2025-12,119827,1705539,BGN
0426252021,care,2026-01,74997,74997,EUR
0426252021,care,2026-02,46848,121845,EUR
0426252021,care,2026-03,79037,200882,EUR
0426252021,care,2026-04,81750,282632,EUR
0426252021,care,2026-05,81750,364382,EUR
0426252021,care,2026-06,81750,446132,EUR
0426252021,care,2026-07,81750,527882,EUR
0426252021,care,2026-08,81750,609632,EUR
0428211006,care,2024-01,313805,313805,BGN
0428211006,care,2024-02,317369,631174,BGN
0428211006,care,2024-03,408272,1039447,BGN
0428211006,care,2024-04,625397,1664844,BGN
0428211006,care,2024-05,389126,2053970,BGN
0428211006,care,2024-06,394383,2448353,BGN
0428211006,care,2024-07,386533,2834886,BGN
0428211006,care,2024-08,395651,3230537,BGN
0428211006,care,2024-09,394105,3624642,BGN
0428211006,care,2024-10,398480,4023122,BGN
0428211006,care,2024-11,455055,4478177,BGN
0428211006,care,2024-12,394865,4873042,BGN
0428211006,care,2025-01,389090,389090,BGN
0428211006,care,2025-02,389887,778977,BGN
0428211006,care,2025-03,381448,1160425,BGN
0428211006,care,2025-04,382843,1543268,BGN
0428211006,care,2025-05,752248,2295516,BGN
0428211006,care,2025-06,387356,2682873,BGN
0428211006,care,2025-07,436700,3119572,BGN
0428211006,care,2025-08,343593,3463165,BGN
0428211006,care,2025-09,378623,3841788,BGN
0428211006,care,2025-10,366229,4208017,BGN
0428211006,care,2025-11,451943,4659960,BGN
0428211006,care,2025-12,436419,5096379,BGN
0428211006,care,2026-01,214991,214991,EUR
0428211006,care,2026-02,217716,432707,EUR
0428211006,care,2026-03,207166,639872,EUR
0428211006,care,2026-04,207128,847001,EUR
0428211006,care,2026-05,207022,1054023,EUR
0428211006,care,2026-06,207147,1261170,EUR
0428211006,care,2026-07,203064,1464234,EUR
0428211006,care,2026-08,173931,1638165,EUR
0428233013,care,2024-01,48151,48151,BGN
0428233013,care,2024-02,0,48151,BGN
0428233013,care,2024-03,65660,113811,BGN
0428233013,care,2024-04,70313,184124,BGN
0428233013,care,2024-05,70313,254437,BGN
0428233013,care,2024-06,70313,324750,BGN
0428233013,care,2024-07,70313,395063,BGN
0428233013,care,2024-08,70313,465376,BGN
0428233013,care,2024-09,68239,533615,BGN
0428233013,care,2024-10,64123,597738,BGN
0428233013,care,2024-11,76503,674241,BGN
0428233013,care,2024-12,70313,744554,BGN
0428233013,care,2025-01,50096,50096,BGN
0428233013,care,2025-02,19036,69132,BGN
0428233013,care,2025-03,73641,142774,BGN
0428233013,care,2025-04,70313,213087,BGN
0428233013,care,2025-05,78115,291201,BGN
0428233013,care,2025-06,81979,373180,BGN
0428233013,care,2025-07,100693,473873,BGN
0428233013,care,2025-08,73140,547013,BGN
0428233013,care,2025-09,93680,640693,BGN
0428233013,care,2025-10,47591,688284,BGN
0428233013,care,2025-11,47591,735875,BGN
0428233013,care,2025-12,47591,783466,BGN
0428233013,care,2026-01,31761,31761,EUR
0428233013,care,2026-02,12039,43800,EUR
0428233013,care,2026-03,35860,79660,EUR
0428233013,care,2026-04,40064,119724,EUR
0428233013,care,2026-05,40064,159788,EUR
0428233013,care,2026-06,40064,199852,EUR
0428233013,care,2026-07,40064,239916,EUR
0428233013,care,2026-08,32274,272189,EUR
0501211002,care,2024-01,59471,59471,BGN
0501211002,care,2024-02,70914,130385,BGN
0501211002,care,2024-03,59698,190082,BGN
0501211002,care,2024-04,108726,298808,BGN
0501211002,care,2024-05,74868,373676,BGN
0501211002,care,2024-06,63404,437080,BGN
0501211002,care,2024-07,72111,509191,BGN
0501211002,care,2024-08,71605,580795,BGN
0501211002,care,2024-09,71750,652546,BGN
0501211002,care,2024-10,59524,712069,BGN
0501211002,care,2024-11,72986,785056,BGN
0501211002,care,2024-12,78461,863516,BGN
0501211002,care,2025-01,63913,63913,BGN
0501211002,care,2025-02,81589,145502,BGN
0501211002,care,2025-03,78513,224015,BGN
0501211002,care,2025-04,62479,286494,BGN
0501211002,care,2025-05,65557,352051,BGN
0501211002,care,2025-06,47137,399189,BGN
0501211002,care,2025-07,107145,506334,BGN
0501211002,care,2025-08,65376,571709,BGN
0501211002,care,2025-09,71473,643182,BGN
0501211002,care,2025-10,67188,710370,BGN
0501211002,care,2025-11,61812,772182,BGN
0501211002,care,2025-12,79976,852158,BGN
0501211002,care,2026-01,36951,36951,EUR
0501211002,care,2026-02,40537,77488,EUR
0501211002,care,2026-03,32635,110122,EUR
0501211002,care,2026-04,40066,150188,EUR
0501211002,care,2026-05,40784,190972,EUR
0501211002,care,2026-06,40409,231381,EUR
0501211002,care,2026-07,38052,269433,EUR
0501211002,care,2026-08,34434,303867,EUR
0509211001,care,2024-01,848260,848260,BGN
0509211001,care,2024-02,969770,1818030,BGN
0509211001,care,2024-03,1106276,2924306,BGN
0509211001,care,2024-04,1055899,3980205,BGN
0509211001,care,2024-05,997915,4978120,BGN
0509211001,care,2024-06,1019531,5997651,BGN
0509211001,care,2024-07,1009047,7006698,BGN
0509211001,care,2024-08,1011083,8017781,BGN
0509211001,care,2024-09,972987,8990768,BGN
0509211001,care,2024-10,1047157,10037925,BGN
0509211001,care,2024-11,1137557,11175481,BGN
0509211001,care,2024-12,1000483,12175964,BGN
0509211001,care,2025-01,984553,984553,BGN
0509211001,care,2025-02,1069511,2054064,BGN
0509211001,care,2025-03,1008833,3062897,BGN
0509211001,care,2025-04,969123,4032020,BGN
0509211001,care,2025-05,2233581,6265600,BGN
0509211001,care,2025-06,1378354,7643955,BGN
0509211001,care,2025-07,1230034,8873989,BGN
0509211001,care,2025-08,1174456,10048445,BGN
0509211001,care,2025-09,1045654,11094098,BGN
0509211001,care,2025-10,960239,12054337,BGN
0509211001,care,2025-11,1154991,13209328,BGN
0509211001,care,2025-12,1061170,14270498,BGN
0509211001,care,2026-01,506052,506052,EUR
0509211001,care,2026-02,587735,1093787,EUR
0509211001,care,2026-03,574607,1668394,EUR
0509211001,care,2026-04,572756,2241150,EUR
0509211001,care,2026-05,573946,2815096,EUR
0509211001,care,2026-06,558363,3373459,EUR
0509211001,care,2026-07,541039,3914497,EUR
0509211001,care,2026-08,558812,4473310,EUR
0509211001,devices,2024-03,2716,2716,BGN
0509211001,devices,2024-04,2716,5432,BGN
0509211001,devices,2024-05,1358,6790,BGN
0509211001,devices,2024-06,5432,12222,BGN
0509211001,devices,2024-07,1358,13580,BGN
0509211001,devices,2024-08,1358,14938,BGN
0509211001,devices,2024-09,2716,17654,BGN
0509211001,devices,2024-10,1358,19012,BGN
0509211001,devices,2024-11,5516,24528,BGN
0509211001,devices,2024-12,3763,28291,BGN
0509211001,devices,2025-01,6832,6832,BGN
0509211001,devices,2025-02,4074,10906,BGN
0509211001,devices,2025-03,6832,17738,BGN
0509211001,devices,2025-04,4200,21938,BGN
0509211001,devices,2025-05,3805,25743,BGN
0509211001,devices,2025-06,7837,33580,BGN
0509211001,devices,2025-07,6605,40185,BGN
0509211001,devices,2025-08,1358,41543,BGN
0509211001,devices,2025-09,4200,45743,BGN
0509211001,devices,2025-10,0,45743,BGN
0509211001,devices,2025-11,1400,47143,BGN
0509211001,devices,2025-12,0,47143,BGN
0509211001,devices,2026-01,4962,4962,EUR
0509211001,devices,2026-02,716,5677,EUR
0509211001,devices,2026-03,6270,11948,EUR
0509211001,devices,2026-04,0,11948,EUR
0509211001,devices,2026-05,2104,14052,EUR
0509211001,devices,2026-06,2777,16830,EUR
0509211001,devices,2026-07,2481,19310,EUR
0509211001,devices,2026-08,0,19310,EUR
0509391009,care,2024-01,61538,61538,BGN
0509391009,care,2024-02,62489,124027,BGN
0509391009,care,2024-03,60113,184140,BGN
0509391009,care,2024-04,63500,247640,BGN
0509391009,care,2024-05,72500,320140,BGN
0509391009,care,2024-06,72000,392140,BGN
0509391009,care,2024-07,60500,452640,BGN
0509391009,care,2024-08,62500,515140,BGN
0509391009,care,2024-09,67500,582640,BGN
0509391009,care,2024-10,58750,641390,BGN
0509391009,care,2024-11,69250,710640,BGN
0509391009,care,2024-12,66500,777140,BGN
0509391009,care,2025-01,66250,66250,BGN
0509391009,care,2025-02,64000,130250,BGN
0509391009,care,2025-03,58000,188250,BGN
0509391009,care,2025-04,66500,254750,BGN
0509391009,care,2025-05,64500,319250,BGN
0509391009,care,2025-06,69000,388250,BGN
0509391009,care,2025-07,58000,446250,BGN
0509391009,care,2025-08,75750,522000,BGN
0509391009,care,2025-09,81250,603250,BGN
0509391009,care,2025-10,74250,677500,BGN
0509391009,care,2025-11,77750,755250,BGN
0509391009,care,2025-12,84500,839750,BGN
0509391009,care,2026-01,43970,43970,EUR
0509391009,care,2026-02,43842,87812,EUR
0509391009,care,2026-03,42308,130121,EUR
0509391009,care,2026-04,46015,176136,EUR
0509391009,care,2026-05,44737,220873,EUR
0509391009,care,2026-06,42053,262926,EUR
0509391009,care,2026-07,42436,305362,EUR
0509391009,care,2026-08,42053,347415,EUR
0608211003,care,2024-01,350009,350009,BGN
0608211003,care,2024-02,352169,702178,BGN
0608211003,care,2024-03,423802,1125979,BGN
0608211003,care,2024-04,559107,1685087,BGN
0608211003,care,2024-05,451103,2136190,BGN
0608211003,care,2024-06,454980,2591170,BGN
0608211003,care,2024-07,443072,3034242,BGN
0608211003,care,2024-08,497500,3531742,BGN
0608211003,care,2024-09,493735,4025477,BGN
0608211003,care,2024-10,471148,4496625,BGN
0608211003,care,2024-11,473902,4970527,BGN
0608211003,care,2024-12,463228,5433755,BGN
0608211003,care,2025-01,470070,470070,BGN
0608211003,care,2025-02,478965,949035,BGN
0608211003,care,2025-03,459147,1408183,BGN
0608211003,care,2025-04,457124,1865307,BGN
0608211003,care,2025-05,570634,2435941,BGN
0608211003,care,2025-06,484224,2920165,BGN
0608211003,care,2025-07,572217,3492382,BGN
0608211003,care,2025-08,511010,4003392,BGN
0608211003,care,2025-09,496587,4499979,BGN
0608211003,care,2025-10,483755,4983734,BGN
0608211003,care,2025-11,520963,5504697,BGN
0608211003,care,2025-12,493008,5997704,BGN
0608211003,care,2026-01,254445,254445,EUR
0608211003,care,2026-02,262642,517087,EUR
0608211003,care,2026-03,257454,774542,EUR
0608211003,care,2026-04,260740,1035282,EUR
0608211003,care,2026-05,245679,1280960,EUR
0608211003,care,2026-06,267244,1548205,EUR
0608211003,care,2026-07,261783,1809987,EUR
0608211003,care,2026-08,262084,2072072,EUR
0610131005,care,2024-06,50,50,BGN
0610131005,care,2024-07,972,1022,BGN
0610131005,care,2024-08,486,1508,BGN
0610131005,care,2024-09,972,2480,BGN
0610131005,care,2024-10,972,3452,BGN
0610131005,care,2024-11,486,3938,BGN
0610131005,care,2024-12,1215,5153,BGN
0610131005,care,2025-01,2187,2187,BGN
0610131005,care,2025-02,2187,4374,BGN
0610131005,care,2025-03,1944,6318,BGN
0610131005,care,2025-04,2187,8505,BGN
0610131005,care,2025-05,1458,9963,BGN
0610131005,care,2025-06,1944,11907,BGN
0610131005,care,2025-07,1458,13365,BGN
0610131005,care,2025-08,972,14337,BGN
0610131005,care,2025-09,1215,15552,BGN
0610131005,care,2025-10,486,16038,BGN
0610131005,care,2025-11,1458,17496,BGN
0610131005,care,2025-12,486,17982,BGN
0610131005,care,2026-01,248,248,EUR
0610131005,care,2026-02,497,745,EUR
0610131005,care,2026-03,373,1118,EUR
0610131005,care,2026-04,870,1988,EUR
0610131005,care,2026-05,373,2361,EUR
0610131005,care,2026-06,0,2361,EUR
0610131005,care,2026-07,745,3106,EUR
0610131005,care,2026-08,373,3479,EUR
0610133002,care,2024-01,7636,7636,BGN
0610133002,care,2024-02,7636,15272,BGN
0610133002,care,2024-03,7636,22908,BGN
0610133002,care,2024-04,20335,43243,BGN
0610133002,care,2024-05,12096,55339,BGN
0610133002,care,2024-06,12096,67435,BGN
0610133002,care,2024-07,12096,79531,BGN
0610133002,care,2024-08,12096,91627,BGN
0610133002,care,2024-09,12096,103723,BGN
0610133002,care,2024-10,12096,115819,BGN
0610133002,care,2024-11,17199,133018,BGN
0610133002,care,2024-12,12096,145114,BGN
0610133002,care,2025-01,11340,11340,BGN
0610133002,care,2025-02,12852,24192,BGN
0610133002,care,2025-03,12096,36288,BGN
0610133002,care,2025-04,12096,48384,BGN
0610133002,care,2025-05,38371,86755,BGN
0610133002,care,2025-06,16258,103013,BGN
0610133002,care,2025-07,15498,118511,BGN
0610133002,care,2025-08,15876,134387,BGN
0610133002,care,2025-09,18522,152909,BGN
0610133002,care,2025-10,12100,165009,BGN
0610133002,care,2025-11,12100,177109,BGN
0610133002,care,2025-12,12100,189209,BGN
0610133002,care,2026-01,8697,8697,EUR
0610133002,care,2026-02,6765,15462,EUR
0610133002,care,2026-03,6765,22227,EUR
0610133002,care,2026-04,6765,28992,EUR
0610133002,care,2026-05,6765,35757,EUR
0610133002,care,2026-06,6765,42522,EUR
0610133002,care,2026-07,6765,49287,EUR
0610133002,care,2026-08,6765,56052,EUR
0610211001,care,2024-01,1516174,1516174,BGN
0610211001,care,2024-02,1727464,3243638,BGN
0610211001,care,2024-03,1797891,5041529,BGN
0610211001,care,2024-04,1813119,6854648,BGN
0610211001,care,2024-05,1798385,8653033,BGN
0610211001,care,2024-06,1796497,10449530,BGN
0610211001,care,2024-07,1823140,12272670,BGN
0610211001,care,2024-08,1818443,14091113,BGN
0610211001,care,2024-09,1808265,15899378,BGN
0610211001,care,2024-10,1779047,17678425,BGN
0610211001,care,2024-11,2081286,19759711,BGN
0610211001,care,2024-12,1804395,21564106,BGN
0610211001,care,2025-01,1825910,1825910,BGN
0610211001,care,2025-02,1817790,3643700,BGN
0610211001,care,2025-03,1801422,5445122,BGN
0610211001,care,2025-04,1814133,7259255,BGN
0610211001,care,2025-05,3262415,10521670,BGN
0610211001,care,2025-06,2271579,12793249,BGN
0610211001,care,2025-07,2111390,14904639,BGN
0610211001,care,2025-08,1985072,16889711,BGN
0610211001,care,2025-09,1699168,18588879,BGN
0610211001,care,2025-10,1891405,20480284,BGN
0610211001,care,2025-11,1901688,22381972,BGN
0610211001,care,2025-12,1888457,24270429,BGN
0610211001,care,2026-01,1037383,1037383,EUR
0610211001,care,2026-02,987326,2024708,EUR
0610211001,care,2026-03,941555,2966264,EUR
0610211001,care,2026-04,1012032,3978296,EUR
0610211001,care,2026-05,981255,4959550,EUR
0610211001,care,2026-06,946142,5905692,EUR
0610211001,care,2026-07,1022085,6927777,EUR
0610211001,care,2026-08,997766,7925543,EUR
0610211001,devices,2024-02,5432,5432,BGN
0610211001,devices,2024-03,9305,14737,BGN
0610211001,devices,2024-04,5051,19788,BGN
0610211001,devices,2024-05,8178,27966,BGN
0610211001,devices,2024-06,7391,35357,BGN
0610211001,devices,2024-07,5432,40789,BGN
0610211001,devices,2024-08,6666,47455,BGN
0610211001,devices,2024-09,9564,57019,BGN
0610211001,devices,2024-10,4937,61956,BGN
0610211001,devices,2024-11,10308,72264,BGN
0610211001,devices,2024-12,10688,82952,BGN
0610211001,devices,2025-01,7434,7434,BGN
0610211001,devices,2025-02,4700,12134,BGN
0610211001,devices,2025-03,5432,17566,BGN
0610211001,devices,2025-04,2716,20282,BGN
0610211001,devices,2025-05,4707,24989,BGN
0610211001,devices,2025-06,0,24989,BGN
0610211001,devices,2025-07,2400,27389,BGN
0610211001,devices,2025-08,1160,28549,BGN
0610211001,devices,2025-09,1158,29707,BGN
0610211001,devices,2025-10,2400,32107,BGN
0610211001,devices,2025-11,2337,34444,BGN
0610211001,devices,2025-12,0,34444,BGN
0610211001,devices,2026-01,593,593,EUR
0610211001,devices,2026-02,1178,1771,EUR
0610211001,devices,2026-03,2388,4158,EUR
0610211001,devices,2026-04,0,4158,EUR
0610211001,devices,2026-05,3564,7722,EUR
0610211001,devices,2026-06,0,7722,EUR
0610211001,devices,2026-07,2939,10661,EUR
0610211001,devices,2026-08,2733,13395,EUR
0610211001,medicines,2024-01,39045,39045,BGN
0610211001,medicines,2024-02,40660,79704,BGN
0610211001,medicines,2024-03,38443,118148,BGN
0610211001,medicines,2024-04,37006,155153,BGN
0610211001,medicines,2024-05,50488,205642,BGN
0610211001,medicines,2024-06,38853,244495,BGN
0610211001,medicines,2024-07,61712,306207,BGN
0610211001,medicines,2024-08,38876,345083,BGN
0610211001,medicines,2024-09,75779,420862,BGN
0610211001,medicines,2024-10,75923,496786,BGN
0610211001,medicines,2024-11,86689,583474,BGN
0610211001,medicines,2024-12,98498,681972,BGN
0610211001,medicines,2025-01,88673,88673,BGN
0610211001,medicines,2025-02,97742,186416,BGN
0610211001,medicines,2025-03,110994,297410,BGN
0610211001,medicines,2025-04,110181,407591,BGN
0610211001,medicines,2025-05,87737,495328,BGN
0610211001,medicines,2025-06,98726,594054,BGN
0610211001,medicines,2025-07,112226,706280,BGN
0610211001,medicines,2025-08,109217,815497,BGN
0610211001,medicines,2025-09,145166,960663,BGN
0610211001,medicines,2025-10,84090,1044753,BGN
0610211001,medicines,2025-11,0,1044753,BGN
0610211001,medicines,2025-12,280067,1324821,BGN
0610211001,medicines,2026-01,69258,69258,EUR
0610211001,medicines,2026-02,68808,138066,EUR
0610211001,medicines,2026-03,68988,207055,EUR
0610211001,medicines,2026-04,50933,257988,EUR
0610211001,medicines,2026-05,68974,326962,EUR
0610211001,medicines,2026-06,70011,396973,EUR
0610211001,medicines,2026-07,50448,447420,EUR
0610211001,medicines,2026-08,69083,516504,EUR
0610211019,care,2024-01,503519,503519,BGN
0610211019,care,2024-02,536767,1040286,BGN
0610211019,care,2024-03,591192,1631478,BGN
0610211019,care,2024-04,685418,2316896,BGN
0610211019,care,2024-05,617880,2934776,BGN
0610211019,care,2024-06,617880,3552656,BGN
0610211019,care,2024-07,617880,4170536,BGN
0610211019,care,2024-08,617880,4788416,BGN
0610211019,care,2024-09,617880,5406296,BGN
0610211019,care,2024-10,617880,6024176,BGN
0610211019,care,2024-11,691816,6715992,BGN
0610211019,care,2024-12,617880,7333872,BGN
0610211019,care,2025-01,574748,574748,BGN
0610211019,care,2025-02,614475,1189223,BGN
0610211019,care,2025-03,657173,1846396,BGN
0610211019,care,2025-04,617880,2464276,BGN
0610211019,care,2025-05,1014182,3478458,BGN
0610211019,care,2025-06,723703,4202161,BGN
0610211019,care,2025-07,712959,4915121,BGN
0610211019,care,2025-08,768408,5683528,BGN
0610211019,care,2025-09,759893,6443422,BGN
0610211019,care,2025-10,615400,7058822,BGN
0610211019,care,2025-11,615400,7674222,BGN
0610211019,care,2025-12,615400,8289622,BGN
0610211019,care,2026-01,396747,396747,EUR
0610211019,care,2026-02,353831,750578,EUR
0610211019,care,2026-03,353831,1104409,EUR
0610211019,care,2026-04,353831,1458240,EUR
0610211019,care,2026-05,353831,1812071,EUR
0610211019,care,2026-06,353831,2165902,EUR
0610211019,care,2026-07,353831,2519733,EUR
0610211019,care,2026-08,353831,2873564,EUR
0610211019,devices,2024-02,17500,17500,BGN
0610211019,devices,2024-03,9736,27236,BGN
0610211019,devices,2024-04,28593,55829,BGN
0610211019,devices,2024-05,20493,76322,BGN
0610211019,devices,2024-06,10800,87122,BGN
0610211019,devices,2024-07,15683,102805,BGN
0610211019,devices,2024-08,12961,115766,BGN
0610211019,devices,2024-09,13763,129529,BGN
0610211019,devices,2024-10,9890,139419,BGN
0610211019,devices,2024-11,22850,162269,BGN
0610211019,devices,2024-12,23915,186184,BGN
0610211019,devices,2025-01,35015,35015,BGN
0610211019,devices,2025-02,29140,64155,BGN
0610211019,devices,2025-03,42510,106665,BGN
0610211019,devices,2025-04,46910,153575,BGN
0610211019,devices,2025-05,58104,211679,BGN
0610211019,devices,2025-06,50444,262123,BGN
0610211019,devices,2025-07,65946,328069,BGN
0610211019,devices,2025-08,53180,381249,BGN
0610211019,devices,2025-09,54603,435852,BGN
0610211019,devices,2025-10,41696,477548,BGN
0610211019,devices,2025-11,41334,518882,BGN
0610211019,devices,2025-12,0,518882,BGN
0610211019,devices,2026-01,36014,36014,EUR
0610211019,devices,2026-02,20921,56935,EUR
0610211019,devices,2026-03,38263,95198,EUR
0610211019,devices,2026-04,0,95198,EUR
0610211019,devices,2026-05,23238,118436,EUR
0610211019,devices,2026-06,17568,136004,EUR
0610211019,devices,2026-07,18974,154978,EUR
0610211019,devices,2026-08,16512,171490,EUR
0610212016,care,2024-01,49874,49874,BGN
0610212016,care,2024-02,49874,99748,BGN
0610212016,care,2024-03,49874,149622,BGN
0610212016,care,2024-04,87121,236743,BGN
0610212016,care,2024-05,74487,311229,BGN
0610212016,care,2024-06,58280,369509,BGN
0610212016,care,2024-07,71690,441199,BGN
0610212016,care,2024-08,78256,519455,BGN
0610212016,care,2024-09,68761,588217,BGN
0610212016,care,2024-10,62940,651156,BGN
0610212016,care,2024-11,75024,726180,BGN
0610212016,care,2024-12,63216,789397,BGN
0610212016,care,2025-01,70480,70480,BGN
0610212016,care,2025-02,70480,140960,BGN
0610212016,care,2025-03,70480,211440,BGN
0610212016,care,2025-04,70480,281920,BGN
0610212016,care,2025-05,101190,383110,BGN
0610212016,care,2025-06,71839,454950,BGN
0610212016,care,2025-07,87434,542383,BGN
0610212016,care,2025-08,78536,620919,BGN
0610212016,care,2025-09,75976,696895,BGN
0610212016,care,2025-10,74659,771554,BGN
0610212016,care,2025-11,75373,846928,BGN
0610212016,care,2025-12,71973,918900,BGN
0610212016,care,2026-01,36002,36002,EUR
0610212016,care,2026-02,41011,77012,EUR
0610212016,care,2026-03,44818,121831,EUR
0610212016,care,2026-04,32506,154337,EUR
0610212016,care,2026-05,47973,202310,EUR
0610212016,care,2026-06,41459,243769,EUR
0610212016,care,2026-07,40930,284699,EUR
0610212016,care,2026-08,39558,324257,EUR
0610212018,care,2024-01,225869,225869,BGN
0610212018,care,2024-02,300713,526583,BGN
0610212018,care,2024-03,302848,829431,BGN
0610212018,care,2024-04,282500,1111931,BGN
0610212018,care,2024-05,282500,1394431,BGN
0610212018,care,2024-06,282500,1676931,BGN
0610212018,care,2024-07,282500,1959431,BGN
0610212018,care,2024-08,282500,2241931,BGN
0610212018,care,2024-09,282500,2524431,BGN
0610212018,care,2024-10,282500,2806931,BGN
0610212018,care,2024-11,316136,3123067,BGN
0610212018,care,2024-12,282500,3405567,BGN
0610212018,care,2025-01,282500,282500,BGN
0610212018,care,2025-02,282500,565000,BGN
0610212018,care,2025-03,282500,847500,BGN
0610212018,care,2025-04,282500,1130000,BGN
0610212018,care,2025-05,377975,1507975,BGN
0610212018,care,2025-06,332884,1840859,BGN
0610212018,care,2025-07,289498,2130357,BGN
0610212018,care,2025-08,265696,2396053,BGN
0610212018,care,2025-09,175988,2572041,BGN
0610212018,care,2025-10,233015,2805056,BGN
0610212018,care,2025-11,298931,3103988,BGN
0610212018,care,2025-12,297325,3401313,BGN
0610212018,care,2026-01,149654,149654,EUR
0610212018,care,2026-02,141441,291095,EUR
0610212018,care,2026-03,148135,439229,EUR
0610212018,care,2026-04,149719,588948,EUR
0610212018,care,2026-05,149719,738667,EUR
0610212018,care,2026-06,149719,888386,EUR
0610212018,care,2026-07,143127,1031513,EUR
0610212018,care,2026-08,113018,1144531,EUR
0610333009,care,2024-01,24883,24883,BGN
0610333009,care,2024-02,27414,52297,BGN
0610333009,care,2024-03,31254,83551,BGN
0610333009,care,2024-04,33800,117351,BGN
0610333009,care,2024-05,33800,151151,BGN
0610333009,care,2024-06,33800,184951,BGN
0610333009,care,2024-07,33800,218751,BGN
0610333009,care,2024-08,33800,252551,BGN
0610333009,care,2024-09,33800,286351,BGN
0610333009,care,2024-10,33800,320151,BGN
0610333009,care,2024-11,39667,359818,BGN
0610333009,care,2024-12,33800,393618,BGN
0610333009,care,2025-01,33800,33800,BGN
0610333009,care,2025-02,33800,67600,BGN
0610333009,care,2025-03,33800,101400,BGN
0610333009,care,2025-04,33800,135200,BGN
0610333009,care,2025-05,69471,204671,BGN
0610333009,care,2025-06,39141,243812,BGN
0610333009,care,2025-07,38476,282289,BGN
0610333009,care,2025-08,38476,320765,BGN
0610333009,care,2025-09,36856,357621,BGN
0610333009,care,2025-10,34465,392086,BGN
0610333009,care,2025-11,34465,426551,BGN
0610333009,care,2025-12,34465,461016,BGN
0610333009,care,2026-01,21029,21029,EUR
0610333009,care,2026-02,15790,36818,EUR
0610333009,care,2026-03,18673,55492,EUR
0610333009,care,2026-04,19218,74710,EUR
0610333009,care,2026-05,19218,93928,EUR
0610333009,care,2026-06,19087,113015,EUR
0610333009,care,2026-07,19218,132233,EUR
0610333009,care,2026-08,19218,151451,EUR
0610334010,care,2024-01,860243,860243,BGN
0610334010,care,2024-02,1010141,1870384,BGN
0610334010,care,2024-03,1004264,2874647,BGN
0610334010,care,2024-04,1184773,4059420,BGN
0610334010,care,2024-05,1072286,5131706,BGN
0610334010,care,2024-06,1072020,6203726,BGN
0610334010,care,2024-07,1076299,7280026,BGN
0610334010,care,2024-08,1057526,8337551,BGN
0610334010,care,2024-09,1088585,9426136,BGN
0610334010,care,2024-10,1031976,10458112,BGN
0610334010,care,2024-11,1058502,11516614,BGN
0610334010,care,2024-12,975501,12492115,BGN
0610334010,care,2025-01,745755,745755,BGN
0610334010,care,2025-02,870123,1615878,BGN
0610334010,care,2025-03,1053649,2669527,BGN
0610334010,care,2025-04,970765,3640292,BGN
0610334010,care,2025-05,993445,4633736,BGN
0610334010,care,2025-06,928880,5562616,BGN
0610334010,care,2025-07,954693,6517309,BGN
0610334010,care,2025-08,965048,7482357,BGN
0610334010,care,2025-09,891621,8373979,BGN
0610334010,care,2025-10,825922,9199901,BGN
0610334010,care,2025-11,820580,10020481,BGN
0610334010,care,2025-12,797711,10818192,BGN
0610334010,care,2026-01,414985,414985,EUR
0610334010,care,2026-02,336914,751899,EUR
0610334010,care,2026-03,453648,1205547,EUR
0610334010,care,2026-04,440590,1646137,EUR
0610334010,care,2026-05,428276,2074413,EUR
0610334010,care,2026-06,438418,2512831,EUR
0610334010,care,2026-07,453832,2966663,EUR
0610334010,care,2026-08,462497,3429160,EUR
0610334010,devices,2024-02,2300,2300,BGN
0610334010,devices,2024-03,4900,7200,BGN
0610334010,devices,2024-04,0,7200,BGN
0610334010,devices,2024-05,4005,11205,BGN
0610334010,devices,2024-06,3521,14725,BGN
0610334010,devices,2024-07,4069,18794,BGN
0610334010,devices,2024-08,5694,24488,BGN
0610334010,devices,2024-09,9522,34010,BGN
0610334010,devices,2024-10,5442,39452,BGN
0610334010,devices,2024-11,6264,45716,BGN
0610334010,devices,2024-12,3782,49498,BGN
0610334010,devices,2025-01,4778,4778,BGN
0610334010,devices,2025-02,1200,5978,BGN
0610334010,devices,2025-03,7756,13734,BGN
0610334010,devices,2025-04,3132,16866,BGN
0610334010,devices,2025-05,1016,17882,BGN
0610334010,devices,2025-06,1566,19448,BGN
0610334010,devices,2025-07,4650,24098,BGN
0610334010,devices,2025-08,2820,26918,BGN
0610334010,devices,2025-09,4432,31350,BGN
0610334010,devices,2025-10,2850,34200,BGN
0610334010,devices,2025-11,1632,35832,BGN
0610334010,devices,2025-12,0,35832,BGN
0610334010,devices,2026-01,6058,6058,EUR
0610334010,devices,2026-02,2249,8306,EUR
0610334010,devices,2026-03,2086,10392,EUR
0610334010,devices,2026-04,0,10392,EUR
0610334010,devices,2026-05,1353,11745,EUR
0610334010,devices,2026-06,3269,15014,EUR
0610334010,devices,2026-07,1057,16071,EUR
0610334010,devices,2026-08,1110,17181,EUR
0610334010,medicines,2024-01,1269018,1269018,BGN
0610334010,medicines,2024-02,1162897,2431915,BGN
0610334010,medicines,2024-03,1399490,3831405,BGN
0610334010,medicines,2024-04,1414293,5245698,BGN
0610334010,medicines,2024-05,1439792,6685490,BGN
0610334010,medicines,2024-06,1473419,8158909,BGN
0610334010,medicines,2024-07,1555608,9714517,BGN
0610334010,medicines,2024-08,1403444,11117961,BGN
0610334010,medicines,2024-09,1478194,12596154,BGN
0610334010,medicines,2024-10,1607855,14204009,BGN
0610334010,medicines,2024-11,1486365,15690374,BGN
0610334010,medicines,2024-12,1526832,17217206,BGN
0610334010,medicines,2025-01,1367251,1367251,BGN
0610334010,medicines,2025-02,1150379,2517630,BGN
0610334010,medicines,2025-03,1421522,3939152,BGN
0610334010,medicines,2025-04,1413151,5352303,BGN
0610334010,medicines,2025-05,1424819,6777122,BGN
0610334010,medicines,2025-06,1446017,8223139,BGN
0610334010,medicines,2025-07,1456190,9679329,BGN
0610334010,medicines,2025-08,1433352,11112681,BGN
0610334010,medicines,2025-09,1544896,12657578,BGN
0610334010,medicines,2025-10,1584370,14241947,BGN
0610334010,medicines,2025-11,0,14241947,BGN
0610334010,medicines,2025-12,2585066,16827013,BGN
0610334010,medicines,2026-01,683145,683145,EUR
0610334010,medicines,2026-02,550780,1233925,EUR
0610334010,medicines,2026-03,640203,1874128,EUR
0610334010,medicines,2026-04,646929,2521058,EUR
0610334010,medicines,2026-05,757121,3278178,EUR
0610334010,medicines,2026-06,689142,3967321,EUR
0610334010,medicines,2026-07,779291,4746611,EUR
0610334010,medicines,2026-08,720367,5466979,EUR
0620211004,care,2024-01,236001,236001,BGN
0620211004,care,2024-02,265672,501673,BGN
0620211004,care,2024-03,400929,902602,BGN
0620211004,care,2024-04,317007,1219609,BGN
0620211004,care,2024-05,340091,1559700,BGN
0620211004,care,2024-06,309219,1868919,BGN
0620211004,care,2024-07,308067,2176987,BGN
0620211004,care,2024-08,304610,2481597,BGN
0620211004,care,2024-09,303060,2784657,BGN
0620211004,care,2024-10,302827,3087484,BGN
0620211004,care,2024-11,316768,3404252,BGN
0620211004,care,2024-12,297381,3701633,BGN
0620211004,care,2025-01,230239,230239,BGN
0620211004,care,2025-02,313593,543832,BGN
0620211004,care,2025-03,323448,867280,BGN
0620211004,care,2025-04,303703,1170983,BGN
0620211004,care,2025-05,234030,1405013,BGN
0620211004,care,2025-06,278244,1683257,BGN
0620211004,care,2025-07,412530,2095787,BGN
0620211004,care,2025-08,317766,2413552,BGN
0620211004,care,2025-09,271586,2685139,BGN
0620211004,care,2025-10,276465,2961603,BGN
0620211004,care,2025-11,281336,3242940,BGN
0620211004,care,2025-12,300787,3543727,BGN
0620211004,care,2026-01,137510,137510,EUR
0620211004,care,2026-02,138350,275861,EUR
0620211004,care,2026-03,150723,426583,EUR
0620211004,care,2026-04,150454,577037,EUR
0620211004,care,2026-05,136468,713505,EUR
0620211004,care,2026-06,130813,844318,EUR
0620211004,care,2026-07,124395,968712,EUR
0620211004,care,2026-08,147952,1116664,EUR
0627211002,care,2024-01,217574,217574,BGN
0627211002,care,2024-02,285512,503087,BGN
0627211002,care,2024-03,390294,893380,BGN
0627211002,care,2024-04,313598,1206979,BGN
0627211002,care,2024-05,308726,1515705,BGN
0627211002,care,2024-06,320986,1836691,BGN
0627211002,care,2024-07,322177,2158868,BGN
0627211002,care,2024-08,318271,2477139,BGN
0627211002,care,2024-09,308348,2785488,BGN
0627211002,care,2024-10,326171,3111658,BGN
0627211002,care,2024-11,323572,3435230,BGN
0627211002,care,2024-12,315147,3750377,BGN
0627211002,care,2025-01,312392,312392,BGN
0627211002,care,2025-02,339188,651580,BGN
0627211002,care,2025-03,318286,969866,BGN
0627211002,care,2025-04,313756,1283621,BGN
0627211002,care,2025-05,348732,1632353,BGN
0627211002,care,2025-06,310389,1942742,BGN
0627211002,care,2025-07,401458,2344199,BGN
0627211002,care,2025-08,370725,2714924,BGN
0627211002,care,2025-09,350453,3065377,BGN
0627211002,care,2025-10,302561,3367939,BGN
0627211002,care,2025-11,353770,3721709,BGN
0627211002,care,2025-12,340990,4062699,BGN
0627211002,care,2026-01,169291,169291,EUR
0627211002,care,2026-02,172588,341878,EUR
0627211002,care,2026-03,163230,505108,EUR
0627211002,care,2026-04,168763,673871,EUR
0627211002,care,2026-05,163693,837563,EUR
0627211002,care,2026-06,165932,1003495,EUR
0627211002,care,2026-07,153986,1157481,EUR
0627211002,care,2026-08,156251,1313732,EUR
0627252021,care,2024-01,59908,59908,BGN
0627252021,care,2024-02,61917,121825,BGN
0627252021,care,2024-03,63411,185236,BGN
0627252021,care,2024-04,60191,245427,BGN
0627252021,care,2024-05,77529,322956,BGN
0627252021,care,2024-06,59724,382680,BGN
0627252021,care,2024-07,63193,445873,BGN
0627252021,care,2024-08,78025,523898,BGN
0627252021,care,2024-09,73168,597067,BGN
0627252021,care,2024-10,68649,665716,BGN
0627252021,care,2024-11,69071,734787,BGN
0627252021,care,2024-12,68860,803647,BGN
0627252021,care,2025-01,63938,63938,BGN
0627252021,care,2025-02,56598,120535,BGN
0627252021,care,2025-03,68941,189476,BGN
0627252021,care,2025-04,68860,258336,BGN
0627252021,care,2025-05,77057,335393,BGN
0627252021,care,2025-06,64303,399696,BGN
0627252021,care,2025-07,70169,469865,BGN
0627252021,care,2025-08,67544,537410,BGN
0627252021,care,2025-09,68269,605679,BGN
0627252021,care,2025-10,63500,669179,BGN
0627252021,care,2025-11,63500,732679,BGN
0627252021,care,2025-12,63500,796179,BGN
0627252021,care,2026-01,36912,36912,EUR
0627252021,care,2026-02,30890,67802,EUR
0627252021,care,2026-03,30634,98436,EUR
0627252021,care,2026-04,34654,133090,EUR
0627252021,care,2026-05,34654,167744,EUR
0627252021,care,2026-06,32591,200335,EUR
0627252021,care,2026-07,31328,231663,EUR
0627252021,care,2026-08,32032,263694,EUR
0632222014,care,2024-01,9983,9983,BGN
0632222014,care,2024-02,9497,19479,BGN
0632222014,care,2024-03,10700,30180,BGN
0632222014,care,2024-04,10520,40700,BGN
0632222014,care,2024-05,11522,52222,BGN
0632222014,care,2024-06,11021,63243,BGN
0632222014,care,2024-07,11021,74264,BGN
0632222014,care,2024-08,11021,85285,BGN
0632222014,care,2024-09,11021,96306,BGN
0632222014,care,2024-10,10800,107105,BGN
0632222014,care,2024-11,9518,116624,BGN
0632222014,care,2024-12,9797,126421,BGN
0632222014,care,2025-01,11021,11021,BGN
0632222014,care,2025-02,11021,22042,BGN
0632222014,care,2025-03,11021,33063,BGN
0632222014,care,2025-04,11021,44084,BGN
0632222014,care,2025-05,10520,54605,BGN
0632222014,care,2025-06,11021,65626,BGN
0632222014,care,2025-07,10019,75645,BGN
0632222014,care,2025-08,12023,87668,BGN
0632222014,care,2025-09,11021,98689,BGN
0632222014,care,2025-10,10799,109488,BGN
0632222014,care,2025-11,11021,120509,BGN
0632222014,care,2025-12,11021,131531,BGN
0632222014,care,2026-01,5635,5635,EUR
0632222014,care,2026-02,5635,11270,EUR
0632222014,care,2026-03,6034,17304,EUR
0632222014,care,2026-04,5635,22939,EUR
0632222014,care,2026-05,5635,28574,EUR
0632222014,care,2026-06,6147,34722,EUR
0632222014,care,2026-07,5635,40357,EUR
0632222014,care,2026-08,5379,45736,EUR
0705211001,care,2024-01,1421359,1421359,BGN
0705211001,care,2024-02,1623930,3045289,BGN
0705211001,care,2024-03,1699286,4744575,BGN
0705211001,care,2024-04,1768498,6513073,BGN
0705211001,care,2024-05,1706359,8219431,BGN
0705211001,care,2024-06,1699494,9918925,BGN
0705211001,care,2024-07,1660020,11578945,BGN
0705211001,care,2024-08,1779937,13358882,BGN
0705211001,care,2024-09,1641279,15000161,BGN
0705211001,care,2024-10,1710706,16710866,BGN
0705211001,care,2024-11,1831626,18542493,BGN
0705211001,care,2024-12,1629821,20172314,BGN
0705211001,care,2025-01,1634086,1634086,BGN
0705211001,care,2025-02,1780847,3414933,BGN
0705211001,care,2025-03,1608992,5023925,BGN
0705211001,care,2025-04,1737503,6761428,BGN
0705211001,care,2025-05,2173745,8935173,BGN
0705211001,care,2025-06,1806262,10741435,BGN
0705211001,care,2025-07,1867682,12609117,BGN
0705211001,care,2025-08,1799150,14408268,BGN
0705211001,care,2025-09,1754010,16162278,BGN
0705211001,care,2025-10,1658273,17820551,BGN
0705211001,care,2025-11,1822614,19643165,BGN
0705211001,care,2025-12,1684608,21327773,BGN
0705211001,care,2026-01,883546,883546,EUR
0705211001,care,2026-02,896380,1779926,EUR
0705211001,care,2026-03,821020,2600947,EUR
0705211001,care,2026-04,896889,3497836,EUR
0705211001,care,2026-05,921308,4419144,EUR
0705211001,care,2026-06,915793,5334937,EUR
0705211001,care,2026-07,900825,6235762,EUR
0705211001,care,2026-08,902120,7137882,EUR
0705211001,devices,2024-02,10149,10149,BGN
0705211001,devices,2024-03,13948,24098,BGN
0705211001,devices,2024-04,15003,39101,BGN
0705211001,devices,2024-05,13993,53093,BGN
0705211001,devices,2024-06,20660,73753,BGN
0705211001,devices,2024-07,14840,88593,BGN
0705211001,devices,2024-08,15947,104540,BGN
0705211001,devices,2024-09,11398,115938,BGN
0705211001,devices,2024-10,10520,126458,BGN
0705211001,devices,2024-11,7564,134022,BGN
0705211001,devices,2024-12,14956,148978,BGN
0705211001,devices,2025-01,22249,22249,BGN
0705211001,devices,2025-02,16164,38413,BGN
0705211001,devices,2025-03,26799,65212,BGN
0705211001,devices,2025-04,15792,81004,BGN
0705211001,devices,2025-05,14808,95812,BGN
0705211001,devices,2025-06,12602,108414,BGN
0705211001,devices,2025-07,17402,125816,BGN
0705211001,devices,2025-08,14662,140478,BGN
0705211001,devices,2025-09,20455,160934,BGN
0705211001,devices,2025-10,11911,172844,BGN
0705211001,devices,2025-11,12219,185063,BGN
0705211001,devices,2025-12,0,185063,BGN
0705211001,devices,2026-01,16877,16877,EUR
0705211001,devices,2026-02,6226,23103,EUR
0705211001,devices,2026-03,8791,31894,EUR
0705211001,devices,2026-04,0,31894,EUR
0705211001,devices,2026-05,8486,40380,EUR
0705211001,devices,2026-06,4186,44567,EUR
0705211001,devices,2026-07,5879,50446,EUR
0705211001,devices,2026-08,7741,58187,EUR
0705211001,medicines,2024-01,628869,628869,BGN
0705211001,medicines,2024-02,562354,1191224,BGN
0705211001,medicines,2024-03,567808,1759032,BGN
0705211001,medicines,2024-04,602630,2361662,BGN
0705211001,medicines,2024-05,622934,2984595,BGN
0705211001,medicines,2024-06,587425,3572021,BGN
0705211001,medicines,2024-07,672107,4244128,BGN
0705211001,medicines,2024-08,660334,4904462,BGN
0705211001,medicines,2024-09,624699,5529161,BGN
0705211001,medicines,2024-10,708013,6237173,BGN
0705211001,medicines,2024-11,604236,6841409,BGN
0705211001,medicines,2024-12,657975,7499383,BGN
0705211001,medicines,2025-01,688767,688767,BGN
0705211001,medicines,2025-02,710249,1399016,BGN
0705211001,medicines,2025-03,742883,2141899,BGN
0705211001,medicines,2025-04,746979,2888878,BGN
0705211001,medicines,2025-05,708586,3597464,BGN
0705211001,medicines,2025-06,757073,4354537,BGN
0705211001,medicines,2025-07,702279,5056816,BGN
0705211001,medicines,2025-08,704365,5761182,BGN
0705211001,medicines,2025-09,815465,6576646,BGN
0705211001,medicines,2025-10,727929,7304575,BGN
0705211001,medicines,2025-11,753559,8058134,BGN
0705211001,medicines,2025-12,879677,8937811,BGN
0705211001,medicines,2026-01,423321,423321,EUR
0705211001,medicines,2026-02,487287,910609,EUR
0705211001,medicines,2026-03,470379,1380988,EUR
0705211001,medicines,2026-04,450133,1831121,EUR
0705211001,medicines,2026-05,475021,2306142,EUR
0705211001,medicines,2026-06,546810,2852952,EUR
0705211001,medicines,2026-07,489893,3342846,EUR
0705211001,medicines,2026-08,503683,3846528,EUR
0705211013,care,2024-01,158676,158676,BGN
0705211013,care,2024-02,155119,313795,BGN
0705211013,care,2024-03,124496,438291,BGN
0705211013,care,2024-04,166278,604569,BGN
0705211013,care,2024-05,153746,758315,BGN
0705211013,care,2024-06,136353,894668,BGN
0705211013,care,2024-07,157763,1052431,BGN
0705211013,care,2024-08,129078,1181509,BGN
0705211013,care,2024-09,142050,1323560,BGN
0705211013,care,2024-10,146273,1469833,BGN
0705211013,care,2024-11,139617,1609450,BGN
0705211013,care,2024-12,132343,1741793,BGN
0705211013,care,2025-01,115875,115875,BGN
0705211013,care,2025-02,169706,285581,BGN
0705211013,care,2025-03,139308,424889,BGN
0705211013,care,2025-04,132343,557232,BGN
0705211013,care,2025-05,226466,783698,BGN
0705211013,care,2025-06,212784,996482,BGN
0705211013,care,2025-07,150504,1146985,BGN
0705211013,care,2025-08,145640,1292625,BGN
0705211013,care,2025-09,137749,1430374,BGN
0705211013,care,2025-10,153532,1583906,BGN
0705211013,care,2025-11,153532,1737438,BGN
0705211013,care,2025-12,158886,1896324,BGN
0705211013,care,2026-01,72351,72351,EUR
0705211013,care,2026-02,80559,152910,EUR
0705211013,care,2026-03,89361,242271,EUR
0705211013,care,2026-04,87242,329513,EUR
0705211013,care,2026-05,87242,416755,EUR
0705211013,care,2026-06,87242,503997,EUR
0705211013,care,2026-07,98786,602783,EUR
0705211013,care,2026-08,98786,701569,EUR
0705212005,care,2024-01,140197,140197,BGN
0705212005,care,2024-02,149231,289428,BGN
0705212005,care,2024-03,144714,434142,BGN
0705212005,care,2024-04,152009,586151,BGN
0705212005,care,2024-05,148255,734406,BGN
0705212005,care,2024-06,148255,882661,BGN
0705212005,care,2024-07,148255,1030916,BGN
0705212005,care,2024-08,148255,1179171,BGN
0705212005,care,2024-09,148255,1327426,BGN
0705212005,care,2024-10,150294,1477720,BGN
0705212005,care,2024-11,162699,1640419,BGN
0705212005,care,2024-12,150294,1790713,BGN
0705212005,care,2025-01,137554,137554,BGN
0705212005,care,2025-02,161128,298682,BGN
0705212005,care,2025-03,152141,450822,BGN
0705212005,care,2025-04,150294,601116,BGN
0705212005,care,2025-05,224321,825437,BGN
0705212005,care,2025-06,182401,1007838,BGN
0705212005,care,2025-07,159582,1167420,BGN
0705212005,care,2025-08,164108,1331528,BGN
0705212005,care,2025-09,176772,1508300,BGN
0705212005,care,2025-10,151354,1659653,BGN
0705212005,care,2025-11,163838,1823491,BGN
0705212005,care,2025-12,162348,1985840,BGN
0705212005,care,2026-01,82836,82836,EUR
0705212005,care,2026-02,76958,159794,EUR
0705212005,care,2026-03,92466,252260,EUR
0705212005,care,2026-04,84058,336318,EUR
0705212005,care,2026-05,84058,420376,EUR
0705212005,care,2026-06,84058,504434,EUR
0705212005,care,2026-07,85591,590025,EUR
0705212005,care,2026-08,60561,650586,EUR
0729211003,care,2024-01,555667,555667,BGN
0729211003,care,2024-02,535773,1091440,BGN
0729211003,care,2024-03,722497,1813936,BGN
0729211003,care,2024-04,663548,2477484,BGN
0729211003,care,2024-05,651927,3129411,BGN
0729211003,care,2024-06,647723,3777134,BGN
0729211003,care,2024-07,637139,4414273,BGN
0729211003,care,2024-08,650502,5064775,BGN
0729211003,care,2024-09,623980,5688755,BGN
0729211003,care,2024-10,593977,6282732,BGN
0729211003,care,2024-11,743507,7026239,BGN
0729211003,care,2024-12,650298,7676537,BGN
0729211003,care,2025-01,617364,617364,BGN
0729211003,care,2025-02,680405,1297769,BGN
0729211003,care,2025-03,670391,1968160,BGN
0729211003,care,2025-04,672305,2640465,BGN
0729211003,care,2025-05,878601,3519066,BGN
0729211003,care,2025-06,632084,4151150,BGN
0729211003,care,2025-07,771844,4922994,BGN
0729211003,care,2025-08,616669,5539662,BGN
0729211003,care,2025-09,603692,6143354,BGN
0729211003,care,2025-10,547109,6690463,BGN
0729211003,care,2025-11,626949,7317412,BGN
0729211003,care,2025-12,575095,7892507,BGN
0729211003,care,2026-01,264012,264012,EUR
0729211003,care,2026-02,296393,560405,EUR
0729211003,care,2026-03,277069,837474,EUR
0729211003,care,2026-04,289411,1126886,EUR
0729211003,care,2026-05,281866,1408752,EUR
0729211003,care,2026-06,297814,1706566,EUR
0729211003,care,2026-07,270493,1977059,EUR
0729211003,care,2026-08,273173,2250232,EUR
0729211003,devices,2024-02,11881,11881,BGN
0729211003,devices,2024-03,2438,14319,BGN
0729211003,devices,2024-04,9458,23777,BGN
0729211003,devices,2024-05,8733,32510,BGN
0729211003,devices,2024-06,8018,40528,BGN
0729211003,devices,2024-07,11246,51774,BGN
0729211003,devices,2024-08,4953,56727,BGN
0729211003,devices,2024-09,8394,65121,BGN
0729211003,devices,2024-10,3796,68917,BGN
0729211003,devices,2024-11,2160,71077,BGN
0729211003,devices,2024-12,13636,84713,BGN
0729211003,devices,2025-01,7576,7576,BGN
0729211003,devices,2025-02,4598,12174,BGN
0729211003,devices,2025-03,3873,16047,BGN
0729211003,devices,2025-04,10554,26601,BGN
0729211003,devices,2025-05,6218,32819,BGN
0729211003,devices,2025-06,3000,35819,BGN
0729211003,devices,2025-07,6076,41895,BGN
0729211003,devices,2025-08,6033,47928,BGN
0729211003,devices,2025-09,2438,50366,BGN
0729211003,devices,2025-10,0,50366,BGN
0729211003,devices,2025-11,6311,56677,BGN
0729211003,devices,2025-12,0,56677,BGN
0729211003,devices,2026-01,6224,6224,EUR
0729211003,devices,2026-02,3321,9546,EUR
0729211003,devices,2026-03,5120,14666,EUR
0729211003,devices,2026-04,0,14666,EUR
0729211003,devices,2026-05,6216,20882,EUR
0729211003,devices,2026-06,5193,26075,EUR
0729211003,devices,2026-07,4568,30643,EUR
0729211003,devices,2026-08,1941,32584,EUR
0735211004,care,2024-01,101293,101293,BGN
0735211004,care,2024-02,139577,240870,BGN
0735211004,care,2024-03,177631,418501,BGN
0735211004,care,2024-04,170565,589066,BGN
0735211004,care,2024-05,136973,726039,BGN
0735211004,care,2024-06,136959,862998,BGN
0735211004,care,2024-07,131027,994025,BGN
0735211004,care,2024-08,138510,1132535,BGN
0735211004,care,2024-09,135306,1267841,BGN
0735211004,care,2024-10,240381,1508221,BGN
0735211004,care,2024-11,202044,1710265,BGN
0735211004,care,2024-12,138030,1848295,BGN
0735211004,care,2025-01,144340,144340,BGN
0735211004,care,2025-02,150468,294808,BGN
0735211004,care,2025-03,144272,439080,BGN
0735211004,care,2025-04,138032,577112,BGN
0735211004,care,2025-05,304804,881916,BGN
0735211004,care,2025-06,145145,1027061,BGN
0735211004,care,2025-07,208193,1235254,BGN
0735211004,care,2025-08,117353,1352607,BGN
0735211004,care,2025-09,152432,1505039,BGN
0735211004,care,2025-10,133206,1638245,BGN
0735211004,care,2025-11,143651,1781896,BGN
0735211004,care,2025-12,144126,1926022,BGN
0735211004,care,2026-01,61012,61012,EUR
0735211004,care,2026-02,85407,146419,EUR
0735211004,care,2026-03,72801,219220,EUR
0735211004,care,2026-04,72990,292210,EUR
0735211004,care,2026-05,73071,365281,EUR
0735211004,care,2026-06,66771,432053,EUR
0735211004,care,2026-07,74049,506102,EUR
0735211004,care,2026-08,74808,580910,EUR
0803211002,care,2024-01,177448,177448,BGN
0803211002,care,2024-02,178742,356190,BGN
0803211002,care,2024-03,248157,604347,BGN
0803211002,care,2024-04,222210,826557,BGN
0803211002,care,2024-05,219110,1045666,BGN
0803211002,care,2024-06,215657,1261323,BGN
0803211002,care,2024-07,222362,1483686,BGN
0803211002,care,2024-08,215934,1699620,BGN
0803211002,care,2024-09,218112,1917732,BGN
0803211002,care,2024-10,216116,2133848,BGN
0803211002,care,2024-11,246184,2380031,BGN
0803211002,care,2024-12,217120,2597151,BGN
0803211002,care,2025-01,208310,208310,BGN
0803211002,care,2025-02,180022,388332,BGN
0803211002,care,2025-03,190214,578546,BGN
0803211002,care,2025-04,179482,758029,BGN
0803211002,care,2025-05,307119,1065148,BGN
0803211002,care,2025-06,174282,1239430,BGN
0803211002,care,2025-07,255481,1494911,BGN
0803211002,care,2025-08,236169,1731081,BGN
0803211002,care,2025-09,200756,1931837,BGN
0803211002,care,2025-10,198699,2130536,BGN
0803211002,care,2025-11,179225,2309760,BGN
0803211002,care,2025-12,215836,2525597,BGN
0803211002,care,2026-01,114021,114021,EUR
0803211002,care,2026-02,60073,174094,EUR
0803211002,care,2026-03,106517,280610,EUR
0803211002,care,2026-04,106308,386919,EUR
0803211002,care,2026-05,98123,485041,EUR
0803211002,care,2026-06,109844,594885,EUR
0803211002,care,2026-07,87530,682415,EUR
0803211002,care,2026-08,84475,766890,EUR
0803232008,care,2024-01,64308,64308,BGN
0803232008,care,2024-02,55838,120146,BGN
0803232008,care,2024-03,74580,194726,BGN
0803232008,care,2024-04,95284,290010,BGN
0803232008,care,2024-05,80358,370368,BGN
0803232008,care,2024-06,80358,450726,BGN
0803232008,care,2024-07,80358,531084,BGN
0803232008,care,2024-08,80358,611442,BGN
0803232008,care,2024-09,80358,691800,BGN
0803232008,care,2024-10,80358,772158,BGN
0803232008,care,2024-11,81998,854156,BGN
0803232008,care,2024-12,69393,923549,BGN
0803232008,care,2025-01,80358,80358,BGN
0803232008,care,2025-02,64036,144394,BGN
0803232008,care,2025-03,81321,225715,BGN
0803232008,care,2025-04,80358,306073,BGN
0803232008,care,2025-05,75238,381311,BGN
0803232008,care,2025-06,86613,467924,BGN
0803232008,care,2025-07,81936,549859,BGN
0803232008,care,2025-08,78906,628765,BGN
0803232008,care,2025-09,81282,710047,BGN
0803232008,care,2025-10,75238,785285,BGN
0803232008,care,2025-11,75238,860523,BGN
0803232008,care,2025-12,75238,935761,BGN
0803232008,care,2026-01,40345,40345,EUR
0803232008,care,2026-02,34054,74399,EUR
0803232008,care,2026-03,41809,116208,EUR
0803232008,care,2026-04,41477,157686,EUR
0803232008,care,2026-05,40709,198395,EUR
0803232008,care,2026-06,40709,239104,EUR
0803232008,care,2026-07,40709,279813,EUR
0803232008,care,2026-08,40709,320522,EUR
0803232016,care,2024-01,33134,33134,BGN
0803232016,care,2024-02,43633,76767,BGN
0803232016,care,2024-03,53122,129889,BGN
0803232016,care,2024-04,62992,192881,BGN
0803232016,care,2024-05,58309,251190,BGN
0803232016,care,2024-06,65158,316349,BGN
0803232016,care,2024-07,57388,373737,BGN
0803232016,care,2024-08,67105,440842,BGN
0803232016,care,2024-09,60313,501155,BGN
0803232016,care,2024-10,60394,561549,BGN
0803232016,care,2024-11,60500,622049,BGN
0803232016,care,2024-12,59264,681313,BGN
0803232016,care,2025-01,45678,45678,BGN
0803232016,care,2025-02,26527,72205,BGN
0803232016,care,2025-03,49967,122172,BGN
0803232016,care,2025-04,60091,182264,BGN
0803232016,care,2025-05,50514,232777,BGN
0803232016,care,2025-06,40724,273501,BGN
0803232016,care,2025-07,47599,321100,BGN
0803232016,care,2025-08,51878,372978,BGN
0803232016,care,2025-09,59927,432904,BGN
0803232016,care,2025-10,40724,473628,BGN
0803232016,care,2025-11,40724,514352,BGN
0803232016,care,2025-12,40724,555076,BGN
0803232016,care,2026-01,27651,27651,EUR
0803232016,care,2026-02,15255,42906,EUR
0803232016,care,2026-03,22028,64934,EUR
0803232016,care,2026-04,26727,91661,EUR
0803232016,care,2026-05,26727,118388,EUR
0803232016,care,2026-06,26727,145115,EUR
0803232016,care,2026-07,26727,171842,EUR
0803232016,care,2026-08,26727,198569,EUR
0817211003,care,2024-01,60548,60548,BGN
0817211003,care,2024-02,75357,135906,BGN
0817211003,care,2024-03,127148,263054,BGN
0817211003,care,2024-04,92207,355261,BGN
0817211003,care,2024-05,87721,442982,BGN
0817211003,care,2024-06,96695,539677,BGN
0817211003,care,2024-07,92167,631844,BGN
0817211003,care,2024-08,92161,724005,BGN
0817211003,care,2024-09,91793,815798,BGN
0817211003,care,2024-10,91364,907162,BGN
0817211003,care,2024-11,71115,978276,BGN
0817211003,care,2024-12,87484,1065760,BGN
0817211003,care,2025-01,91400,91400,BGN
0817211003,care,2025-02,91333,182733,BGN
0817211003,care,2025-03,91749,274482,BGN
0817211003,care,2025-04,91364,365846,BGN
0817211003,care,2025-05,124964,490810,BGN
0817211003,care,2025-06,70510,561320,BGN
0817211003,care,2025-07,111207,672527,BGN
0817211003,care,2025-08,76575,749102,BGN
0817211003,care,2025-09,99034,848136,BGN
0817211003,care,2025-10,90067,938203,BGN
0817211003,care,2025-11,74340,1012543,BGN
0817211003,care,2025-12,85296,1097839,BGN
0817211003,care,2026-01,47350,47350,EUR
0817211003,care,2026-02,55859,103209,EUR
0817211003,care,2026-03,47252,150462,EUR
0817211003,care,2026-04,46841,197302,EUR
0817211003,care,2026-05,35800,233102,EUR
0817211003,care,2026-06,46167,279269,EUR
0817211003,care,2026-07,47121,326391,EUR
0817211003,care,2026-08,46898,373289,EUR
0828134001,care,2024-01,7792,7792,BGN
0828134001,care,2024-02,7295,15088,BGN
0828134001,care,2024-03,8894,23981,BGN
0828134001,care,2024-04,7926,31907,BGN
0828134001,care,2024-05,7926,39833,BGN
0828134001,care,2024-06,7926,47759,BGN
0828134001,care,2024-07,3840,51599,BGN
0828134001,care,2024-08,9353,60953,BGN
0828134001,care,2024-09,8297,69249,BGN
0828134001,care,2024-10,6501,75750,BGN
0828134001,care,2024-11,6860,82610,BGN
0828134001,care,2024-12,7078,89689,BGN
0828134001,care,2025-01,6969,6969,BGN
0828134001,care,2025-02,7706,14676,BGN
0828134001,care,2025-03,7200,21876,BGN
0828134001,care,2025-04,6488,28364,BGN
0828134001,care,2025-05,6360,34724,BGN
0828134001,care,2025-06,7219,41943,BGN
0828134001,care,2025-07,6232,48175,BGN
0828134001,care,2025-08,8469,56644,BGN
0828134001,care,2025-09,6232,62877,BGN
0828134001,care,2025-10,7292,70169,BGN
0828134001,care,2025-11,7292,77461,BGN
0828134001,care,2025-12,7292,84753,BGN
0828134001,care,2026-01,3728,3728,EUR
0828134001,care,2026-02,3719,7447,EUR
0828134001,care,2026-03,3576,11023,EUR
0828134001,care,2026-04,3308,14331,EUR
0828134001,care,2026-05,3812,18143,EUR
0828134001,care,2026-06,3619,21763,EUR
0828134001,care,2026-07,3619,25382,EUR
0828134001,care,2026-08,2931,28312,EUR
0828134002,care,2024-01,8381,8381,BGN
0828134002,care,2024-02,8354,16735,BGN
0828134002,care,2024-03,8468,25203,BGN
0828134002,care,2024-04,12419,37622,BGN
0828134002,care,2024-05,11659,49281,BGN
0828134002,care,2024-06,11659,60940,BGN
0828134002,care,2024-07,11659,72599,BGN
0828134002,care,2024-08,11659,84258,BGN
0828134002,care,2024-09,11659,95917,BGN
0828134002,care,2024-10,11659,107576,BGN
0828134002,care,2024-11,21803,129379,BGN
0828134002,care,2024-12,11659,141038,BGN
0828134002,care,2025-01,11659,11659,BGN
0828134002,care,2025-02,11659,23318,BGN
0828134002,care,2025-03,11659,34977,BGN
0828134002,care,2025-04,11659,46636,BGN
0828134002,care,2025-05,88710,135346,BGN
0828134002,care,2025-06,30508,165854,BGN
0828134002,care,2025-07,19209,185063,BGN
0828134002,care,2025-08,22797,207859,BGN
0828134002,care,2025-09,23180,231039,BGN
0828134002,care,2025-10,18912,249951,BGN
0828134002,care,2025-11,18912,268863,BGN
0828134002,care,2025-12,18912,287775,BGN
0828134002,care,2026-01,9669,9669,EUR
0828134002,care,2026-02,13851,23520,EUR
0828134002,care,2026-03,11051,34571,EUR
0828134002,care,2026-04,11051,45622,EUR
0828134002,care,2026-05,11051,56673,EUR
0828134002,care,2026-06,11051,67724,EUR
0828134002,care,2026-07,11051,78775,EUR
0828134002,care,2026-08,10772,89547,EUR
0828211001,care,2024-01,1712379,1712379,BGN
0828211001,care,2024-02,1893121,3605499,BGN
0828211001,care,2024-03,1917596,5523095,BGN
0828211001,care,2024-04,2148225,7671320,BGN
0828211001,care,2024-05,2011320,9682640,BGN
0828211001,care,2024-06,2035637,11718278,BGN
0828211001,care,2024-07,1983013,13701291,BGN
0828211001,care,2024-08,2049990,15751281,BGN
0828211001,care,2024-09,2060115,17811395,BGN
0828211001,care,2024-10,2034340,19845736,BGN
0828211001,care,2024-11,2226774,22072509,BGN
0828211001,care,2024-12,2016936,24089445,BGN
0828211001,care,2025-01,2021860,2021860,BGN
0828211001,care,2025-02,2035552,4057412,BGN
0828211001,care,2025-03,1983543,6040955,BGN
0828211001,care,2025-04,2027266,8068220,BGN
0828211001,care,2025-05,3274361,11342582,BGN
0828211001,care,2025-06,2403117,13745699,BGN
0828211001,care,2025-07,2268008,16013707,BGN
0828211001,care,2025-08,2512174,18525881,BGN
0828211001,care,2025-09,2295593,20821474,BGN
0828211001,care,2025-10,1985744,22807218,BGN
0828211001,care,2025-11,2233793,25041011,BGN
0828211001,care,2025-12,2124674,27165685,BGN
0828211001,care,2026-01,1098024,1098024,EUR
0828211001,care,2026-02,1163773,2261797,EUR
0828211001,care,2026-03,1123430,3385227,EUR
0828211001,care,2026-04,1131781,4517009,EUR
0828211001,care,2026-05,1115784,5632793,EUR
0828211001,care,2026-06,1122704,6755497,EUR
0828211001,care,2026-07,1136422,7891918,EUR
0828211001,care,2026-08,1147674,9039593,EUR
0828211001,devices,2024-02,40965,40965,BGN
0828211001,devices,2024-03,69665,110630,BGN
0828211001,devices,2024-04,64255,174885,BGN
0828211001,devices,2024-05,87160,262045,BGN
0828211001,devices,2024-06,59630,321675,BGN
0828211001,devices,2024-07,76559,398234,BGN
0828211001,devices,2024-08,75815,474049,BGN
0828211001,devices,2024-09,65520,539569,BGN
0828211001,devices,2024-10,73685,613254,BGN
0828211001,devices,2024-11,74315,687569,BGN
0828211001,devices,2024-12,95645,783214,BGN
0828211001,devices,2025-01,79710,79710,BGN
0828211001,devices,2025-02,56150,135860,BGN
0828211001,devices,2025-03,92515,228375,BGN
0828211001,devices,2025-04,111930,340305,BGN
0828211001,devices,2025-05,96199,436504,BGN
0828211001,devices,2025-06,132705,569209,BGN
0828211001,devices,2025-07,179515,748724,BGN
0828211001,devices,2025-08,202145,950869,BGN
0828211001,devices,2025-09,177395,1128264,BGN
0828211001,devices,2025-10,113114,1241378,BGN
0828211001,devices,2025-11,121155,1362533,BGN
0828211001,devices,2025-12,0,1362533,BGN
0828211001,devices,2026-01,143719,143719,EUR
0828211001,devices,2026-02,50270,193989,EUR
0828211001,devices,2026-03,105446,299435,EUR
0828211001,devices,2026-04,0,299435,EUR
0828211001,devices,2026-05,74523,373959,EUR
0828211001,devices,2026-06,58395,432353,EUR
0828211001,devices,2026-07,68303,500657,EUR
0828211001,devices,2026-08,69622,570279,EUR
0828211001,medicines,2024-01,99424,99424,BGN
0828211001,medicines,2024-02,109869,209293,BGN
0828211001,medicines,2024-03,166537,375830,BGN
0828211001,medicines,2024-04,132133,507963,BGN
0828211001,medicines,2024-05,152742,660705,BGN
0828211001,medicines,2024-06,190946,851651,BGN
0828211001,medicines,2024-07,151089,1002740,BGN
0828211001,medicines,2024-08,181326,1184066,BGN
0828211001,medicines,2024-09,149761,1333827,BGN
0828211001,medicines,2024-10,183140,1516967,BGN
0828211001,medicines,2024-11,195781,1712748,BGN
0828211001,medicines,2024-12,167163,1879911,BGN
0828211001,medicines,2025-01,168943,168943,BGN
0828211001,medicines,2025-02,160584,329527,BGN
0828211001,medicines,2025-03,178736,508263,BGN
0828211001,medicines,2025-04,157673,665936,BGN
0828211001,medicines,2025-05,210394,876330,BGN
0828211001,medicines,2025-06,244464,1120794,BGN
0828211001,medicines,2025-07,262722,1383516,BGN
0828211001,medicines,2025-08,222297,1605812,BGN
0828211001,medicines,2025-09,230979,1836791,BGN
0828211001,medicines,2025-10,193753,2030544,BGN
0828211001,medicines,2025-11,189587,2220131,BGN
0828211001,medicines,2025-12,201616,2421748,BGN
0828211001,medicines,2026-01,86037,86037,EUR
0828211001,medicines,2026-02,89861,175898,EUR
0828211001,medicines,2026-03,92335,268233,EUR
0828211001,medicines,2026-04,92814,361046,EUR
0828211001,medicines,2026-05,107276,468323,EUR
0828211001,medicines,2026-06,126766,595089,EUR
0828211001,medicines,2026-07,106361,701449,EUR
0828211001,medicines,2026-08,102626,804075,EUR
0828391015,care,2024-01,89132,89132,BGN
0828391015,care,2024-02,92934,182066,BGN
0828391015,care,2024-03,83819,265885,BGN
0828391015,care,2024-04,96301,362186,BGN
0828391015,care,2024-05,95169,457355,BGN
0828391015,care,2024-06,107852,565207,BGN
0828391015,care,2024-07,95260,660467,BGN
0828391015,care,2024-08,95352,755819,BGN
0828391015,care,2024-09,93102,848921,BGN
0828391015,care,2024-10,84260,933181,BGN
0828391015,care,2024-11,80102,1013283,BGN
0828391015,care,2024-12,81760,1095043,BGN
0828391015,care,2025-01,81602,81602,BGN
0828391015,care,2025-02,85102,166704,BGN
0828391015,care,2025-03,77076,243780,BGN
0828391015,care,2025-04,85852,329632,BGN
0828391015,care,2025-05,93010,422642,BGN
0828391015,care,2025-06,93602,516244,BGN
0828391015,care,2025-07,85760,602004,BGN
0828391015,care,2025-08,92352,694356,BGN
0828391015,care,2025-09,93102,787458,BGN
0828391015,care,2025-10,91760,879218,BGN
0828391015,care,2025-11,97602,976820,BGN
0828391015,care,2025-12,83630,1060450,BGN
0828391015,care,2026-01,46808,46808,EUR
0828391015,care,2026-02,44635,91444,EUR
0828391015,care,2026-03,42072,133516,EUR
0828391015,care,2026-04,46553,180068,EUR
0828391015,care,2026-05,47104,227173,EUR
0828391015,care,2026-06,43485,270658,EUR
0828391015,care,2026-07,43014,313672,EUR
0828391015,care,2026-08,48853,362525,EUR
0902211002,care,2024-01,96962,96962,BGN
0902211002,care,2024-02,122412,219375,BGN
0902211002,care,2024-03,132970,352344,BGN
0902211002,care,2024-04,115789,468133,BGN
0902211002,care,2024-05,104726,572859,BGN
0902211002,care,2024-06,111870,684729,BGN
0902211002,care,2024-07,117426,802154,BGN
0902211002,care,2024-08,106833,908988,BGN
0902211002,care,2024-09,124563,1033551,BGN
0902211002,care,2024-10,86485,1120036,BGN
0902211002,care,2024-11,100668,1220704,BGN
0902211002,care,2024-12,114116,1334820,BGN
0902211002,care,2025-01,111545,111545,BGN
0902211002,care,2025-02,122069,233613,BGN
0902211002,care,2025-03,111127,344740,BGN
0902211002,care,2025-04,90798,435538,BGN
0902211002,care,2025-05,93901,529439,BGN
0902211002,care,2025-06,103011,632451,BGN
0902211002,care,2025-07,150523,782974,BGN
0902211002,care,2025-08,99176,882149,BGN
0902211002,care,2025-09,113505,995654,BGN
0902211002,care,2025-10,101006,1096660,BGN
0902211002,care,2025-11,109475,1206135,BGN
0902211002,care,2025-12,96189,1302324,BGN
0902211002,care,2026-01,53678,53678,EUR
0902211002,care,2026-02,63107,116785,EUR
0902211002,care,2026-03,58750,175535,EUR
0902211002,care,2026-04,55816,231351,EUR
0902211002,care,2026-05,49882,281233,EUR
0902211002,care,2026-06,54253,335486,EUR
0902211002,care,2026-07,54959,390445,EUR
0902211002,care,2026-08,49356,439801,EUR
0915211004,care,2024-01,91817,91817,BGN
0915211004,care,2024-02,96623,188440,BGN
0915211004,care,2024-03,144044,332484,BGN
0915211004,care,2024-04,218769,551253,BGN
0915211004,care,2024-05,111786,663039,BGN
0915211004,care,2024-06,106493,769532,BGN
0915211004,care,2024-07,113410,882942,BGN
0915211004,care,2024-08,115542,998484,BGN
0915211004,care,2024-09,100013,1098497,BGN
0915211004,care,2024-10,112849,1211346,BGN
0915211004,care,2024-11,147746,1359091,BGN
0915211004,care,2024-12,114355,1473447,BGN
0915211004,care,2025-01,97383,97383,BGN
0915211004,care,2025-02,94389,191772,BGN
0915211004,care,2025-03,143520,335292,BGN
0915211004,care,2025-04,107342,442634,BGN
0915211004,care,2025-05,221234,663868,BGN
0915211004,care,2025-06,156611,820480,BGN
0915211004,care,2025-07,169443,989922,BGN
0915211004,care,2025-08,116592,1106514,BGN
0915211004,care,2025-09,97611,1204125,BGN
0915211004,care,2025-10,91757,1295882,BGN
0915211004,care,2025-11,131706,1427587,BGN
0915211004,care,2025-12,103677,1531264,BGN
0915211004,care,2026-01,57769,57769,EUR
0915211004,care,2026-02,55110,112879,EUR
0915211004,care,2026-03,67422,180301,EUR
0915211004,care,2026-04,65256,245557,EUR
0915211004,care,2026-05,60266,305823,EUR
0915211004,care,2026-06,60098,365921,EUR
0915211004,care,2026-07,58278,424200,EUR
0915211004,care,2026-08,51871,476070,EUR
0916211001,care,2024-01,1825113,1825113,BGN
0916211001,care,2024-02,1833126,3658239,BGN
0916211001,care,2024-03,1950078,5608316,BGN
0916211001,care,2024-04,2912231,8520548,BGN
0916211001,care,2024-05,2215824,10736372,BGN
0916211001,care,2024-06,2234087,12970458,BGN
0916211001,care,2024-07,2212589,15183047,BGN
0916211001,care,2024-08,2233074,17416122,BGN
0916211001,care,2024-09,2161133,19577255,BGN
0916211001,care,2024-10,2229072,21806327,BGN
0916211001,care,2024-11,2446572,24252898,BGN
0916211001,care,2024-12,2198702,26451600,BGN
0916211001,care,2025-01,2209130,2209130,BGN
0916211001,care,2025-02,2331002,4540132,BGN
0916211001,care,2025-03,2186413,6726545,BGN
0916211001,care,2025-04,2114702,8841247,BGN
0916211001,care,2025-05,3932025,12773271,BGN
0916211001,care,2025-06,2810734,15584005,BGN
0916211001,care,2025-07,2531964,18115969,BGN
0916211001,care,2025-08,2368812,20484782,BGN
0916211001,care,2025-09,2327953,22812735,BGN
0916211001,care,2025-10,2293703,25106437,BGN
0916211001,care,2025-11,2392315,27498752,BGN
0916211001,care,2025-12,2384696,29883448,BGN
0916211001,care,2026-01,1207008,1207008,EUR
0916211001,care,2026-02,1274816,2481824,EUR
0916211001,care,2026-03,1201537,3683361,EUR
0916211001,care,2026-04,1333599,5016959,EUR
0916211001,care,2026-05,1325180,6342139,EUR
0916211001,care,2026-06,1270809,7612948,EUR
0916211001,care,2026-07,1296120,8909067,EUR
0916211001,care,2026-08,1272212,10181279,EUR
0916211001,devices,2024-02,7947,7947,BGN
0916211001,devices,2024-03,2438,10385,BGN
0916211001,devices,2024-04,5154,15539,BGN
0916211001,devices,2024-05,5154,20693,BGN
0916211001,devices,2024-06,7592,28285,BGN
0916211001,devices,2024-07,7592,35877,BGN
0916211001,devices,2024-08,5154,41031,BGN
0916211001,devices,2024-09,9027,50058,BGN
0916211001,devices,2024-10,7592,57650,BGN
0916211001,devices,2024-11,2716,60366,BGN
0916211001,devices,2024-12,1080,61446,BGN
0916211001,devices,2025-01,7947,7947,BGN
0916211001,devices,2025-02,7592,15539,BGN
0916211001,devices,2025-03,8148,23687,BGN
0916211001,devices,2025-04,10740,34427,BGN
0916211001,devices,2025-05,6944,41371,BGN
0916211001,devices,2025-06,21398,62769,BGN
0916211001,devices,2025-07,10069,72838,BGN
0916211001,devices,2025-08,31669,104507,BGN
0916211001,devices,2025-09,29470,133977,BGN
0916211001,devices,2025-10,17154,151131,BGN
0916211001,devices,2025-11,10718,161849,BGN
0916211001,devices,2025-12,0,161849,BGN
0916211001,devices,2026-01,12633,12633,EUR
0916211001,devices,2026-02,3149,15782,EUR
0916211001,devices,2026-03,20654,36436,EUR
0916211001,devices,2026-04,0,36436,EUR
0916211001,devices,2026-05,9220,45656,EUR
0916211001,devices,2026-06,10673,56329,EUR
0916211001,devices,2026-07,16666,72995,EUR
0916211001,devices,2026-08,16049,89044,EUR
0916211009,care,2024-01,160933,160933,BGN
0916211009,care,2024-02,160933,321866,BGN
0916211009,care,2024-03,158162,480028,BGN
0916211009,care,2024-04,240984,721012,BGN
0916211009,care,2024-05,179315,900327,BGN
0916211009,care,2024-06,179315,1079642,BGN
0916211009,care,2024-07,177258,1256901,BGN
0916211009,care,2024-08,181372,1438272,BGN
0916211009,care,2024-09,170349,1608621,BGN
0916211009,care,2024-10,188281,1796902,BGN
0916211009,care,2024-11,189161,1986063,BGN
0916211009,care,2024-12,179315,2165378,BGN
0916211009,care,2025-01,168940,168940,BGN
0916211009,care,2025-02,192167,361107,BGN
0916211009,care,2025-03,158590,519697,BGN
0916211009,care,2025-04,179315,699012,BGN
0916211009,care,2025-05,282165,981177,BGN
0916211009,care,2025-06,215236,1196413,BGN
0916211009,care,2025-07,182848,1379261,BGN
0916211009,care,2025-08,189814,1569075,BGN
0916211009,care,2025-09,185956,1755031,BGN
0916211009,care,2025-10,169748,1924779,BGN
0916211009,care,2025-11,167025,2091805,BGN
0916211009,care,2025-12,93014,2184819,BGN
0916211009,care,2026-01,944,944,EUR
0916211009,care,2026-02,0,944,EUR
0916211009,care,2026-03,0,944,EUR
0916211009,care,2026-04,0,944,EUR
0916211009,care,2026-05,0,944,EUR
0916211009,care,2026-06,0,944,EUR
0916211009,care,2026-07,0,944,EUR
0916211009,care,2026-08,0,944,EUR
0921211003,care,2024-01,126408,126408,BGN
0921211003,care,2024-02,180845,307253,BGN
0921211003,care,2024-03,222448,529701,BGN
0921211003,care,2024-04,182552,712253,BGN
0921211003,care,2024-05,173787,886040,BGN
0921211003,care,2024-06,178573,1064613,BGN
0921211003,care,2024-07,194038,1258650,BGN
0921211003,care,2024-08,170192,1428842,BGN
0921211003,care,2024-09,152352,1581194,BGN
0921211003,care,2024-10,163338,1744532,BGN
0921211003,care,2024-11,171100,1915632,BGN
0921211003,care,2024-12,159968,2075600,BGN
0921211003,care,2025-01,157338,157338,BGN
0921211003,care,2025-02,152043,309380,BGN
0921211003,care,2025-03,173153,482533,BGN
0921211003,care,2025-04,160687,643219,BGN
0921211003,care,2025-05,246234,889454,BGN
0921211003,care,2025-06,173071,1062524,BGN
0921211003,care,2025-07,271012,1333536,BGN
0921211003,care,2025-08,147037,1480573,BGN
0921211003,care,2025-09,186585,1667158,BGN
0921211003,care,2025-10,161700,1828859,BGN
0921211003,care,2025-11,172989,2001847,BGN
0921211003,care,2025-12,170203,2172050,BGN
0921211003,care,2026-01,82959,82959,EUR
0921211003,care,2026-02,84375,167333,EUR
0921211003,care,2026-03,89060,256393,EUR
0921211003,care,2026-04,84924,341317,EUR
0921211003,care,2026-05,85233,426551,EUR
0921211003,care,2026-06,83425,509976,EUR
0921211003,care,2026-07,85458,595433,EUR
0921211003,care,2026-08,85468,680901,EUR
1029131002,care,2024-01,3429,3429,BGN
1029131002,care,2024-02,5060,8489,BGN
1029131002,care,2024-03,2630,11119,BGN
1029131002,care,2024-04,4546,15664,BGN
1029131002,care,2024-05,5248,20913,BGN
1029131002,care,2024-06,4897,25810,BGN
1029131002,care,2024-07,4897,30707,BGN
1029131002,care,2024-08,2826,33533,BGN
1029131002,care,2024-09,0,33533,BGN
1029131002,care,2024-10,4873,38406,BGN
1029131002,care,2024-11,4921,43327,BGN
1029131002,care,2024-12,3498,46825,BGN
1029131002,care,2025-01,3796,3796,BGN
1029131002,care,2025-02,4405,8200,BGN
1029131002,care,2025-03,4064,12265,BGN
1029131002,care,2025-04,3796,16060,BGN
1029131002,care,2025-05,3936,19997,BGN
1029131002,care,2025-06,3046,23042,BGN
1029131002,care,2025-07,1968,25011,BGN
1029131002,care,2025-08,3064,28075,BGN
1029131002,care,2025-09,0,28075,BGN
1029131002,care,2025-10,2686,30762,BGN
1029131002,care,2025-11,2898,33659,BGN
1029131002,care,2025-12,2792,36451,BGN
1029131002,care,2026-01,1428,1428,EUR
1029131002,care,2026-02,1907,3335,EUR
1029131002,care,2026-03,2257,5592,EUR
1029131002,care,2026-04,2082,7674,EUR
1029131002,care,2026-05,2082,9756,EUR
1029131002,care,2026-06,2082,11838,EUR
1029131002,care,2026-07,1327,13165,EUR
1029131002,care,2026-08,1567,14732,EUR
1029211001,care,2024-01,927696,927696,BGN
1029211001,care,2024-02,969032,1896727,BGN
1029211001,care,2024-03,1061770,2958497,BGN
1029211001,care,2024-04,1101898,4060395,BGN
1029211001,care,2024-05,1036596,5096991,BGN
1029211001,care,2024-06,1049679,6146670,BGN
1029211001,care,2024-07,1043098,7189767,BGN
1029211001,care,2024-08,1048414,8238182,BGN
1029211001,care,2024-09,999850,9238031,BGN
1029211001,care,2024-10,1035087,10273118,BGN
1029211001,care,2024-11,1293384,11566502,BGN
1029211001,care,2024-12,1051864,12618366,BGN
1029211001,care,2025-01,1030975,1030975,BGN
1029211001,care,2025-02,1062760,2093735,BGN
1029211001,care,2025-03,1029606,3123341,BGN
1029211001,care,2025-04,1042083,4165424,BGN
1029211001,care,2025-05,2300040,6465463,BGN
1029211001,care,2025-06,1344451,7809915,BGN
1029211001,care,2025-07,1250222,9060136,BGN
1029211001,care,2025-08,1181998,10242134,BGN
1029211001,care,2025-09,1267484,11509618,BGN
1029211001,care,2025-10,1174147,12683765,BGN
1029211001,care,2025-11,1253599,13937364,BGN
1029211001,care,2025-12,1212218,15149582,BGN
1029211001,care,2026-01,633126,633126,EUR
1029211001,care,2026-02,636015,1269141,EUR
1029211001,care,2026-03,630162,1899303,EUR
1029211001,care,2026-04,628714,2528016,EUR
1029211001,care,2026-05,646333,3174350,EUR
1029211001,care,2026-06,621136,3795485,EUR
1029211001,care,2026-07,621262,4416747,EUR
1029211001,care,2026-08,634833,5051580,EUR
1029211001,devices,2025-10,1358,1358,BGN
1029211001,devices,2025-11,6743,8101,BGN
1029211001,devices,2025-12,0,8101,BGN
1029211001,devices,2026-01,8505,8505,EUR
1029211001,devices,2026-02,4284,12789,EUR
1029211001,devices,2026-03,6249,19038,EUR
1029211001,devices,2026-04,0,19038,EUR
1029211001,devices,2026-05,694,19732,EUR
1029211001,devices,2026-06,4166,23898,EUR
1029211001,devices,2026-07,1428,25326,EUR
1029211001,devices,2026-08,2777,28104,EUR
1029233006,care,2024-01,126481,126481,BGN
1029233006,care,2024-02,66303,192784,BGN
1029233006,care,2024-03,141681,334465,BGN
1029233006,care,2024-04,156236,490701,BGN
1029233006,care,2024-05,156236,646937,BGN
1029233006,care,2024-06,156236,803173,BGN
1029233006,care,2024-07,156236,959409,BGN
1029233006,care,2024-08,156236,1115645,BGN
1029233006,care,2024-09,156236,1271881,BGN
1029233006,care,2024-10,156236,1428117,BGN
1029233006,care,2024-11,164945,1593062,BGN
1029233006,care,2024-12,156236,1749298,BGN
1029233006,care,2025-01,131843,131843,BGN
1029233006,care,2025-02,66907,198750,BGN
1029233006,care,2025-03,154467,353217,BGN
1029233006,care,2025-04,156236,509453,BGN
1029233006,care,2025-05,219980,729432,BGN
1029233006,care,2025-06,160195,889628,BGN
1029233006,care,2025-07,184525,1074152,BGN
1029233006,care,2025-08,169439,1243591,BGN
1029233006,care,2025-09,125303,1368894,BGN
1029233006,care,2025-10,120010,1488904,BGN
1029233006,care,2025-11,120010,1608914,BGN
1029233006,care,2025-12,120010,1728924,BGN
1029233006,care,2026-01,70391,70391,EUR
1029233006,care,2026-02,34553,104944,EUR
1029233006,care,2026-03,61633,166577,EUR
1029233006,care,2026-04,70793,237370,EUR
1029233006,care,2026-05,70793,308163,EUR
1029233006,care,2026-06,70793,378956,EUR
1029233006,care,2026-07,70793,449749,EUR
1029233006,care,2026-08,62469,512218,EUR
1041232010,care,2024-01,237986,237986,BGN
1041232010,care,2024-02,158710,396696,BGN
1041232010,care,2024-03,246290,642986,BGN
1041232010,care,2024-04,305079,948065,BGN
1041232010,care,2024-05,267766,1215831,BGN
1041232010,care,2024-06,267766,1483597,BGN
1041232010,care,2024-07,267766,1751363,BGN
1041232010,care,2024-08,267766,2019129,BGN
1041232010,care,2024-09,267766,2286895,BGN
1041232010,care,2024-10,267766,2554661,BGN
1041232010,care,2024-11,305840,2860501,BGN
1041232010,care,2024-12,267766,3128267,BGN
1041232010,care,2025-01,267766,267766,BGN
1041232010,care,2025-02,181824,449590,BGN
1041232010,care,2025-03,280316,729905,BGN
1041232010,care,2025-04,267766,997671,BGN
1041232010,care,2025-05,559852,1557523,BGN
1041232010,care,2025-06,338287,1895810,BGN
1041232010,care,2025-07,352067,2247877,BGN
1041232010,care,2025-08,370102,2617979,BGN
1041232010,care,2025-09,294622,2912602,BGN
1041232010,care,2025-10,245652,3158254,BGN
1041232010,care,2025-11,245652,3403906,BGN
1041232010,care,2025-12,245652,3649558,BGN
1041232010,care,2026-01,125602,125602,EUR
1041232010,care,2026-02,117740,243342,EUR
1041232010,care,2026-03,151065,394407,EUR
1041232010,care,2026-04,130489,524896,EUR
1041232010,care,2026-05,130489,655385,EUR
1041232010,care,2026-06,130489,785874,EUR
1041232010,care,2026-07,167175,953049,EUR
1041232010,care,2026-08,136837,1089886,EUR
1048131001,care,2024-01,7560,7560,BGN
1048131001,care,2024-02,8467,16027,BGN
1048131001,care,2024-03,8165,24192,BGN
1048131001,care,2024-04,9167,33359,BGN
1048131001,care,2024-05,9167,42526,BGN
1048131001,care,2024-06,9167,51693,BGN
1048131001,care,2024-07,9167,60860,BGN
1048131001,care,2024-08,9167,70027,BGN
1048131001,care,2024-09,9167,79194,BGN
1048131001,care,2024-10,9167,88361,BGN
1048131001,care,2024-11,5761,94122,BGN
1048131001,care,2024-12,1134,95256,BGN
1048131001,care,2025-02,756,756,BGN
1048131001,care,2025-03,0,756,BGN
1048131001,care,2025-04,0,756,BGN
1048131001,care,2025-05,0,756,BGN
1048131001,care,2025-06,0,756,BGN
1048131001,care,2025-07,0,756,BGN
1048131001,care,2025-08,0,756,BGN
1048131001,care,2025-09,0,756,BGN
1048131001,care,2025-10,0,756,BGN
1048131001,care,2025-11,0,756,BGN
1048131001,care,2025-12,0,756,BGN
1048131004,care,2024-01,12782,12782,BGN
1048131004,care,2024-02,7506,20288,BGN
1048131004,care,2024-03,16874,37162,BGN
1048131004,care,2024-04,24707,61869,BGN
1048131004,care,2024-05,22003,83872,BGN
1048131004,care,2024-06,15999,99870,BGN
1048131004,care,2024-07,13542,113412,BGN
1048131004,care,2024-08,7450,120862,BGN
1048131004,care,2024-09,13323,134185,BGN
1048131004,care,2024-10,16837,151023,BGN
1048131004,care,2024-11,27169,178191,BGN
1048131004,care,2024-12,21265,199457,BGN
1048131004,care,2025-01,12682,12682,BGN
1048131004,care,2025-02,15978,28660,BGN
1048131004,care,2025-03,16837,45498,BGN
1048131004,care,2025-04,20024,65521,BGN
1048131004,care,2025-05,15042,80563,BGN
1048131004,care,2025-06,17270,97833,BGN
1048131004,care,2025-07,15166,112999,BGN
1048131004,care,2025-08,15795,128794,BGN
1048131004,care,2025-09,7794,136588,BGN
1048131004,care,2025-10,15220,151808,BGN
1048131004,care,2025-11,15220,167028,BGN
1048131004,care,2025-12,15220,182248,BGN
1048131004,care,2026-01,7782,7782,EUR
1048131004,care,2026-02,4065,11847,EUR
1048131004,care,2026-03,10166,22013,EUR
1048131004,care,2026-04,5806,27819,EUR
1048131004,care,2026-05,5015,32834,EUR
1048131004,care,2026-06,8992,41826,EUR
1048131004,care,2026-07,8178,50004,EUR
1048131004,care,2026-08,3809,53814,EUR
1048211002,care,2024-01,430107,430107,BGN
1048211002,care,2024-02,496780,926887,BGN
1048211002,care,2024-03,499458,1426345,BGN
1048211002,care,2024-04,495356,1921701,BGN
1048211002,care,2024-05,467603,2389304,BGN
1048211002,care,2024-06,457847,2847151,BGN
1048211002,care,2024-07,461932,3309082,BGN
1048211002,care,2024-08,467312,3776394,BGN
1048211002,care,2024-09,436026,4212420,BGN
1048211002,care,2024-10,471850,4684270,BGN
1048211002,care,2024-11,544323,5228593,BGN
1048211002,care,2024-12,468608,5697201,BGN
1048211002,care,2025-01,428894,428894,BGN
1048211002,care,2025-02,494403,923298,BGN
1048211002,care,2025-03,481937,1405235,BGN
1048211002,care,2025-04,437140,1842375,BGN
1048211002,care,2025-05,688356,2530731,BGN
1048211002,care,2025-06,580325,3111055,BGN
1048211002,care,2025-07,482014,3593069,BGN
1048211002,care,2025-08,449742,4042811,BGN
1048211002,care,2025-09,440804,4483615,BGN
1048211002,care,2025-10,406664,4890279,BGN
1048211002,care,2025-11,496111,5386390,BGN
1048211002,care,2025-12,487972,5874363,BGN
1048211002,care,2026-01,236871,236871,EUR
1048211002,care,2026-02,248751,485623,EUR
1048211002,care,2026-03,214690,700312,EUR
1048211002,care,2026-04,238080,938392,EUR
1048211002,care,2026-05,238178,1176570,EUR
1048211002,care,2026-06,233312,1409882,EUR
1048211002,care,2026-07,229719,1639600,EUR
1048211002,care,2026-08,211678,1851278,EUR
1048211009,care,2024-01,860009,860009,BGN
1048211009,care,2024-02,885217,1745226,BGN
1048211009,care,2024-03,916902,2662128,BGN
1048211009,care,2024-04,968634,3630762,BGN
1048211009,care,2024-05,947256,4578018,BGN
1048211009,care,2024-06,934120,5512138,BGN
1048211009,care,2024-07,925378,6437516,BGN
1048211009,care,2024-08,900869,7338385,BGN
1048211009,care,2024-09,906467,8244852,BGN
1048211009,care,2024-10,919695,9164547,BGN
1048211009,care,2024-11,947500,10112047,BGN
1048211009,care,2024-12,908155,11020202,BGN
1048211009,care,2025-01,856371,856371,BGN
1048211009,care,2025-02,926290,1782661,BGN
1048211009,care,2025-03,966104,2748765,BGN
1048211009,care,2025-04,904283,3653048,BGN
1048211009,care,2025-05,976757,4629805,BGN
1048211009,care,2025-06,846451,5476257,BGN
1048211009,care,2025-07,928869,6405126,BGN
1048211009,care,2025-08,845544,7250670,BGN
1048211009,care,2025-09,786865,8037535,BGN
1048211009,care,2025-10,859819,8897354,BGN
1048211009,care,2025-11,892027,9789381,BGN
1048211009,care,2025-12,878823,10668204,BGN
1048211009,care,2026-01,453769,453769,EUR
1048211009,care,2026-02,458988,912756,EUR
1048211009,care,2026-03,452122,1364878,EUR
1048211009,care,2026-04,460467,1825346,EUR
1048211009,care,2026-05,451934,2277280,EUR
1048211009,care,2026-06,454591,2731870,EUR
1048211009,care,2026-07,450767,3182638,EUR
1048211009,care,2026-08,461078,3643716,EUR
1048211009,devices,2026-03,1227,1227,EUR
1048211009,devices,2026-04,0,1227,EUR
1048211009,devices,2026-05,1227,2454,EUR
1048211009,devices,2026-06,0,2454,EUR
1048211009,devices,2026-07,0,2454,EUR
1048211009,devices,2026-08,2454,4908,EUR
1118131004,care,2024-01,1458,1458,BGN
1118131004,care,2024-02,810,2268,BGN
1118131004,care,2024-03,3726,5994,BGN
1118131004,care,2024-04,1458,7452,BGN
1118131004,care,2024-05,2673,10125,BGN
1118131004,care,2024-06,2916,13041,BGN
1118131004,care,2024-07,2673,15714,BGN
1118131004,care,2024-08,2673,18387,BGN
1118131004,care,2024-09,5832,24219,BGN
1118131004,care,2024-10,3930,28149,BGN
1118131004,care,2024-11,3603,31752,BGN
1118131004,care,2024-12,2430,34182,BGN
1118131004,care,2025-01,3930,3930,BGN
1118131004,care,2025-02,3930,7860,BGN
1118131004,care,2025-03,3804,11664,BGN
1118131004,care,2025-04,3645,15309,BGN
1118131004,care,2025-05,4173,19482,BGN
1118131004,care,2025-06,1458,20940,BGN
1118131004,care,2025-07,3603,24543,BGN
1118131004,care,2025-08,1215,25758,BGN
1118131004,care,2025-09,3159,28917,BGN
1118131004,care,2025-10,3888,32805,BGN
1118131004,care,2025-11,3402,36207,BGN
1118131004,care,2025-12,3159,39366,BGN
1118131004,care,2026-01,1615,1615,EUR
1118131004,care,2026-02,373,1988,EUR
1118131004,care,2026-03,1739,3727,EUR
1118131004,care,2026-04,1726,5453,EUR
1118131004,care,2026-05,1726,7179,EUR
1118131004,care,2026-06,1118,8297,EUR
1118131004,care,2026-07,745,9043,EUR
1118131004,care,2026-08,1491,10534,EUR
1118211001,care,2024-01,503434,503434,BGN
1118211001,care,2024-02,674621,1178055,BGN
1118211001,care,2024-03,675155,1853210,BGN
1118211001,care,2024-04,665884,2519094,BGN
1118211001,care,2024-05,637784,3156878,BGN
1118211001,care,2024-06,637115,3793993,BGN
1118211001,care,2024-07,631343,4425336,BGN
1118211001,care,2024-08,633919,5059255,BGN
1118211001,care,2024-09,605422,5664677,BGN
1118211001,care,2024-10,623104,6287781,BGN
1118211001,care,2024-11,704255,6992036,BGN
1118211001,care,2024-12,628236,7620272,BGN
1118211001,care,2025-01,631265,631265,BGN
1118211001,care,2025-02,629998,1261263,BGN
1118211001,care,2025-03,617605,1878868,BGN
1118211001,care,2025-04,621577,2500445,BGN
1118211001,care,2025-05,1191575,3692020,BGN
1118211001,care,2025-06,616577,4308597,BGN
1118211001,care,2025-07,583433,4892030,BGN
1118211001,care,2025-08,714476,5606506,BGN
1118211001,care,2025-09,516630,6123136,BGN
1118211001,care,2025-10,576119,6699255,BGN
1118211001,care,2025-11,678647,7377902,BGN
1118211001,care,2025-12,667701,8045603,BGN
1118211001,care,2026-01,285708,285708,EUR
1118211001,care,2026-02,316573,602281,EUR
1118211001,care,2026-03,286836,889117,EUR
1118211001,care,2026-04,329802,1218920,EUR
1118211001,care,2026-05,329364,1548284,EUR
1118211001,care,2026-06,330976,1879260,EUR
1118211001,care,2026-07,301017,2180276,EUR
1118211001,care,2026-08,280987,2461263,EUR
1118211010,care,2024-01,246202,246202,BGN
1118211010,care,2024-02,269506,515707,BGN
1118211010,care,2024-03,313700,829407,BGN
1118211010,care,2024-04,266304,1095712,BGN
1118211010,care,2024-05,260180,1355891,BGN
1118211010,care,2024-06,263242,1619133,BGN
1118211010,care,2024-07,226711,1845844,BGN
1118211010,care,2024-08,290784,2136628,BGN
1118211010,care,2024-09,219372,2355999,BGN
1118211010,care,2024-10,184353,2540353,BGN
1118211010,care,2024-11,240615,2780967,BGN
1118211010,care,2024-12,276830,3057798,BGN
1118211010,care,2025-01,251879,251879,BGN
1118211010,care,2025-02,274605,526484,BGN
1118211010,care,2025-03,263242,789726,BGN
1118211010,care,2025-04,263242,1052968,BGN
1118211010,care,2025-05,294501,1347469,BGN
1118211010,care,2025-06,286274,1633744,BGN
1118211010,care,2025-07,241601,1875344,BGN
1118211010,care,2025-08,223991,2099335,BGN
1118211010,care,2025-09,222597,2321932,BGN
1118211010,care,2025-10,219850,2541782,BGN
1118211010,care,2025-11,283704,2825485,BGN
1118211010,care,2025-12,224353,3049838,BGN
1118211010,care,2026-01,127692,127692,EUR
1118211010,care,2026-02,134247,261939,EUR
1118211010,care,2026-03,136542,398481,EUR
1118211010,care,2026-04,129946,528427,EUR
1118211010,care,2026-05,129946,658373,EUR
1118211010,care,2026-06,111601,769974,EUR
1118211010,care,2026-07,119710,889683,EUR
1118211010,care,2026-08,124062,1013745,EUR
1119211004,care,2024-01,138134,138134,BGN
1119211004,care,2024-02,193148,331282,BGN
1119211004,care,2024-03,228693,559975,BGN
1119211004,care,2024-04,171156,731131,BGN
1119211004,care,2024-05,188237,919368,BGN
1119211004,care,2024-06,196098,1115467,BGN
1119211004,care,2024-07,0,1115467,BGN
1119211004,care,2024-08,387714,1503180,BGN
1119211004,care,2024-09,199235,1702416,BGN
1119211004,care,2024-10,188399,1890815,BGN
1119211004,care,2024-11,203927,2094742,BGN
1119211004,care,2024-12,185773,2280514,BGN
1119211004,care,2025-01,192617,192617,BGN
1119211004,care,2025-02,181438,374055,BGN
1119211004,care,2025-03,192931,566986,BGN
1119211004,care,2025-04,199091,766077,BGN
1119211004,care,2025-05,269965,1036042,BGN
1119211004,care,2025-06,159617,1195659,BGN
1119211004,care,2025-07,256878,1452537,BGN
1119211004,care,2025-08,188112,1640649,BGN
1119211004,care,2025-09,206753,1847402,BGN
1119211004,care,2025-10,189215,2036616,BGN
1119211004,care,2025-11,216393,2253009,BGN
1119211004,care,2025-12,196483,2449493,BGN
1119211004,care,2026-01,82355,82355,EUR
1119211004,care,2026-02,80578,162933,EUR
1119211004,care,2026-03,115897,278830,EUR
1119211004,care,2026-04,100460,379291,EUR
1119211004,care,2026-05,97171,476461,EUR
1119211004,care,2026-06,99924,576385,EUR
1119211004,care,2026-07,95127,671512,EUR
1119211004,care,2026-08,100556,772068,EUR
1133211003,care,2024-01,238371,238371,BGN
1133211003,care,2024-02,276273,514644,BGN
1133211003,care,2024-03,339942,854586,BGN
1133211003,care,2024-04,403125,1257711,BGN
1133211003,care,2024-05,309787,1567498,BGN
1133211003,care,2024-06,308601,1876099,BGN
1133211003,care,2024-07,308917,2185016,BGN
1133211003,care,2024-08,308516,2493532,BGN
1133211003,care,2024-09,308947,2802479,BGN
1133211003,care,2024-10,308859,3111338,BGN
1133211003,care,2024-11,351918,3463256,BGN
1133211003,care,2024-12,308857,3772113,BGN
1133211003,care,2025-01,285373,285373,BGN
1133211003,care,2025-02,332357,617730,BGN
1133211003,care,2025-03,308853,926583,BGN
1133211003,care,2025-04,308859,1235442,BGN
1133211003,care,2025-05,433825,1669267,BGN
1133211003,care,2025-06,313454,1982721,BGN
1133211003,care,2025-07,356487,2339208,BGN
1133211003,care,2025-08,262604,2601812,BGN
1133211003,care,2025-09,297504,2899316,BGN
1133211003,care,2025-10,280202,3179518,BGN
1133211003,care,2025-11,351619,3531137,BGN
1133211003,care,2025-12,316253,3847390,BGN
1133211003,care,2026-01,144330,144330,EUR
1133211003,care,2026-02,165076,309406,EUR
1133211003,care,2026-03,168594,478000,EUR
1133211003,care,2026-04,158868,636869,EUR
1133211003,care,2026-05,158753,795622,EUR
1133211003,care,2026-06,158726,954348,EUR
1133211003,care,2026-07,170735,1125083,EUR
1133211003,care,2026-08,165547,1290630,EUR
1134211002,care,2024-01,405634,405634,BGN
1134211002,care,2024-02,442524,848158,BGN
1134211002,care,2024-03,563229,1411387,BGN
1134211002,care,2024-04,505641,1917028,BGN
1134211002,care,2024-05,475227,2392255,BGN
1134211002,care,2024-06,489405,2881660,BGN
1134211002,care,2024-07,497603,3379264,BGN
1134211002,care,2024-08,512194,3891458,BGN
1134211002,care,2024-09,482736,4374194,BGN
1134211002,care,2024-10,491257,4865450,BGN
1134211002,care,2024-11,538427,5403877,BGN
1134211002,care,2024-12,492878,5896756,BGN
1134211002,care,2025-01,504752,504752,BGN
1134211002,care,2025-02,522147,1026899,BGN
1134211002,care,2025-03,473985,1500884,BGN
1134211002,care,2025-04,465551,1966435,BGN
1134211002,care,2025-05,602961,2569396,BGN
1134211002,care,2025-06,503098,3072494,BGN
1134211002,care,2025-07,584084,3656578,BGN
1134211002,care,2025-08,481936,4138514,BGN
1134211002,care,2025-09,502117,4640631,BGN
1134211002,care,2025-10,435655,5076286,BGN
1134211002,care,2025-11,490872,5567158,BGN
1134211002,care,2025-12,502026,6069184,BGN
1134211002,care,2026-01,211021,211021,EUR
1134211002,care,2026-02,275071,486092,EUR
1134211002,care,2026-03,246524,732615,EUR
1134211002,care,2026-04,253625,986241,EUR
1134211002,care,2026-05,252373,1238613,EUR
1134211002,care,2026-06,256328,1494941,EUR
1134211002,care,2026-07,260851,1755792,EUR
1134211002,care,2026-08,248948,2004739,EUR
1134212005,care,2024-01,139036,139036,BGN
1134212005,care,2024-02,239933,378969,BGN
1134212005,care,2024-03,245474,624443,BGN
1134212005,care,2024-04,205680,830123,BGN
1134212005,care,2024-05,195886,1026009,BGN
1134212005,care,2024-06,195886,1221895,BGN
1134212005,care,2024-07,195886,1417781,BGN
1134212005,care,2024-08,195886,1613667,BGN
1134212005,care,2024-09,186092,1799759,BGN
1134212005,care,2024-10,194344,1994103,BGN
1134212005,care,2024-11,234419,2228522,BGN
1134212005,care,2024-12,195886,2424408,BGN
1134212005,care,2025-01,156079,156079,BGN
1134212005,care,2025-02,210788,366867,BGN
1134212005,care,2025-03,220791,587658,BGN
1134212005,care,2025-04,195021,782679,BGN
1134212005,care,2025-05,315063,1097742,BGN
1134212005,care,2025-06,200164,1297906,BGN
1134212005,care,2025-07,177424,1475329,BGN
1134212005,care,2025-08,200330,1675659,BGN
1134212005,care,2025-09,189876,1865535,BGN
1134212005,care,2025-10,185250,2050785,BGN
1134212005,care,2025-11,206654,2257439,BGN
1134212005,care,2025-12,193531,2450970,BGN
1134212005,care,2026-01,97765,97765,EUR
1134212005,care,2026-02,100053,197818,EUR
1134212005,care,2026-03,82130,279948,EUR
1134212005,care,2026-04,97945,377893,EUR
1134212005,care,2026-05,99425,477318,EUR
1134212005,care,2026-06,99250,576567,EUR
1134212005,care,2026-07,109160,685727,EUR
1134212005,care,2026-08,87710,773438,EUR
1202211002,care,2024-01,177535,177535,BGN
1202211002,care,2024-02,177535,355070,BGN
1202211002,care,2024-03,236296,591366,BGN
1202211002,care,2024-04,251492,842858,BGN
1202211002,care,2024-05,205024,1047882,BGN
1202211002,care,2024-06,205400,1253282,BGN
1202211002,care,2024-07,204950,1458232,BGN
1202211002,care,2024-08,204552,1662784,BGN
1202211002,care,2024-09,202641,1865425,BGN
1202211002,care,2024-10,202578,2068003,BGN
1202211002,care,2024-11,225828,2293831,BGN
1202211002,care,2024-12,202964,2496795,BGN
1202211002,care,2025-01,203024,203024,BGN
1202211002,care,2025-02,202916,405940,BGN
1202211002,care,2025-03,203349,609289,BGN
1202211002,care,2025-04,204516,813805,BGN
1202211002,care,2025-05,391439,1205244,BGN
1202211002,care,2025-06,249720,1454964,BGN
1202211002,care,2025-07,278541,1733505,BGN
1202211002,care,2025-08,226198,1959703,BGN
1202211002,care,2025-09,235247,2194950,BGN
1202211002,care,2025-10,225396,2420346,BGN
1202211002,care,2025-11,226394,2646740,BGN
1202211002,care,2025-12,226861,2873601,BGN
1202211002,care,2026-01,116150,116150,EUR
1202211002,care,2026-02,115975,232126,EUR
1202211002,care,2026-03,101639,333765,EUR
1202211002,care,2026-04,115726,449491,EUR
1202211002,care,2026-05,115467,564958,EUR
1202211002,care,2026-06,115407,680365,EUR
1202211002,care,2026-07,115216,795581,EUR
1202211002,care,2026-08,114996,910578,EUR
1212233004,care,2024-01,139307,139307,BGN
1212233004,care,2024-02,60128,199436,BGN
1212233004,care,2024-03,164491,363927,BGN
1212233004,care,2024-04,204854,568781,BGN
1212233004,care,2024-05,204854,773635,BGN
1212233004,care,2024-06,204854,978489,BGN
1212233004,care,2024-07,204854,1183343,BGN
1212233004,care,2024-08,186345,1369688,BGN
1212233004,care,2024-09,184639,1554327,BGN
1212233004,care,2024-10,180133,1734460,BGN
1212233004,care,2024-11,229575,1964035,BGN
1212233004,care,2024-12,204854,2168889,BGN
1212233004,care,2025-01,155412,155412,BGN
1212233004,care,2025-02,96077,251488,BGN
1212233004,care,2025-03,173086,424575,BGN
1212233004,care,2025-04,204854,629429,BGN
1212233004,care,2025-05,191924,821353,BGN
1212233004,care,2025-06,183744,1005097,BGN
1212233004,care,2025-07,217087,1222184,BGN
1212233004,care,2025-08,218764,1440948,BGN
1212233004,care,2025-09,223411,1664359,BGN
1212233004,care,2025-10,141525,1805884,BGN
1212233004,care,2025-11,141525,1947409,BGN
1212233004,care,2025-12,141525,2088934,BGN
1212233004,care,2026-01,104139,104139,EUR
1212233004,care,2026-02,46093,150232,EUR
1212233004,care,2026-03,94859,245091,EUR
1212233004,care,2026-04,77361,322452,EUR
1212233004,care,2026-05,77361,399813,EUR
1212233004,care,2026-06,77361,477174,EUR
1212233004,care,2026-07,98301,575475,EUR
1212233004,care,2026-08,87658,663133,EUR
1224211003,care,2024-01,689809,689809,BGN
1224211003,care,2024-02,742216,1432025,BGN
1224211003,care,2024-03,915063,2347087,BGN
1224211003,care,2024-04,838325,3185412,BGN
1224211003,care,2024-05,840966,4026378,BGN
1224211003,care,2024-06,826359,4852737,BGN
1224211003,care,2024-07,842729,5695466,BGN
1224211003,care,2024-08,838667,6534133,BGN
1224211003,care,2024-09,828083,7362215,BGN
1224211003,care,2024-10,815350,8177565,BGN
1224211003,care,2024-11,871185,9048750,BGN
1224211003,care,2024-12,823724,9872474,BGN
1224211003,care,2025-01,790476,790476,BGN
1224211003,care,2025-02,885854,1676330,BGN
1224211003,care,2025-03,790152,2466482,BGN
1224211003,care,2025-04,816870,3283351,BGN
1224211003,care,2025-05,911066,4194417,BGN
1224211003,care,2025-06,839226,5033643,BGN
1224211003,care,2025-07,1016373,6050016,BGN
1224211003,care,2025-08,841787,6891803,BGN
1224211003,care,2025-09,856426,7748229,BGN
1224211003,care,2025-10,848159,8596388,BGN
1224211003,care,2025-11,844730,9441118,BGN
1224211003,care,2025-12,832693,10273811,BGN
1224211003,care,2026-01,432530,432530,EUR
1224211003,care,2026-02,455453,887983,EUR
1224211003,care,2026-03,416878,1304861,EUR
1224211003,care,2026-04,392248,1697109,EUR
1224211003,care,2026-05,421668,2118777,EUR
1224211003,care,2026-06,437368,2556145,EUR
1224211003,care,2026-07,427725,2983869,EUR
1224211003,care,2026-08,411403,3395273,EUR
1224211003,devices,2024-02,1080,1080,BGN
1224211003,devices,2024-03,6234,7314,BGN
1224211003,devices,2024-04,5385,12699,BGN
1224211003,devices,2024-05,4151,16850,BGN
1224211003,devices,2024-06,0,16850,BGN
1224211003,devices,2024-07,2870,19720,BGN
1224211003,devices,2024-08,8456,28176,BGN
1224211003,devices,2024-09,2515,30691,BGN
1224211003,devices,2024-10,7021,37712,BGN
1224211003,devices,2024-11,4151,41863,BGN
1224211003,devices,2024-12,5663,47526,BGN
1224211003,devices,2025-01,4228,4228,BGN
1224211003,devices,2025-02,4151,8379,BGN
1224211003,devices,2025-03,5663,14042,BGN
1224211003,devices,2025-04,2870,16912,BGN
1224211003,devices,2025-05,8024,24936,BGN
1224211003,devices,2025-06,2515,27451,BGN
1224211003,devices,2025-07,1435,28886,BGN
1224211003,devices,2025-08,5586,34472,BGN
1224211003,devices,2025-09,2793,37265,BGN
1224211003,devices,2025-10,2716,39981,BGN
1224211003,devices,2025-11,6666,46647,BGN
1224211003,devices,2025-12,0,46647,BGN
1224211003,devices,2026-01,10627,10627,EUR
1224211003,devices,2026-02,0,10627,EUR
1224211003,devices,2026-03,6998,17625,EUR
1224211003,devices,2026-04,0,17625,EUR
1224211003,devices,2026-05,1428,19053,EUR
1224211003,devices,2026-06,2714,21767,EUR
1224211003,devices,2026-07,1838,23605,EUR
1224211003,devices,2026-08,4103,27708,EUR
1229211001,care,2024-01,1730723,1730723,BGN
1229211001,care,2024-02,1813383,3544106,BGN
1229211001,care,2024-03,1902060,5446166,BGN
1229211001,care,2024-04,2208905,7655071,BGN
1229211001,care,2024-05,2043608,9698679,BGN
1229211001,care,2024-06,2043225,11741904,BGN
1229211001,care,2024-07,2033690,13775594,BGN
1229211001,care,2024-08,2088137,15863731,BGN
1229211001,care,2024-09,2047809,17911540,BGN
1229211001,care,2024-10,2055150,19966691,BGN
1229211001,care,2024-11,2131651,22098342,BGN
1229211001,care,2024-12,2024724,24123066,BGN
1229211001,care,2025-01,2084260,2084260,BGN
1229211001,care,2025-02,2042275,4126535,BGN
1229211001,care,2025-03,2036767,6163302,BGN
1229211001,care,2025-04,2054220,8217522,BGN
1229211001,care,2025-05,2464402,10681924,BGN
1229211001,care,2025-06,2217784,12899707,BGN
1229211001,care,2025-07,2270406,15170114,BGN
1229211001,care,2025-08,2027621,17197735,BGN
1229211001,care,2025-09,2070329,19268064,BGN
1229211001,care,2025-10,2011248,21279312,BGN
1229211001,care,2025-11,2210052,23489364,BGN
1229211001,care,2025-12,1957707,25447072,BGN
1229211001,care,2026-01,1047346,1047346,EUR
1229211001,care,2026-02,1108967,2156313,EUR
1229211001,care,2026-03,1069425,3225738,EUR
1229211001,care,2026-04,1078239,4303977,EUR
1229211001,care,2026-05,1083656,5387634,EUR
1229211001,care,2026-06,1072444,6460078,EUR
1229211001,care,2026-07,1071963,7532041,EUR
1229211001,care,2026-08,1042707,8574747,EUR
1229211001,devices,2024-02,6218,6218,BGN
1229211001,devices,2024-03,2438,8656,BGN
1229211001,devices,2024-04,9180,17836,BGN
1229211001,devices,2024-05,4860,22696,BGN
1229211001,devices,2024-06,2160,24856,BGN
1229211001,devices,2024-07,6758,31614,BGN
1229211001,devices,2024-08,4860,36474,BGN
1229211001,devices,2024-09,2160,38634,BGN
1229211001,devices,2024-10,0,38634,BGN
1229211001,devices,2024-11,2160,40794,BGN
1229211001,devices,2024-12,3480,44274,BGN
1229211001,devices,2025-01,3240,3240,BGN
1229211001,devices,2025-02,2438,5678,BGN
1229211001,devices,2025-03,9458,15136,BGN
1229211001,devices,2025-04,4598,19734,BGN
1229211001,devices,2025-05,8378,28112,BGN
1229211001,devices,2025-06,5138,33250,BGN
1229211001,devices,2025-07,1080,34330,BGN
1229211001,devices,2025-08,3240,37570,BGN
1229211001,devices,2025-09,2160,39730,BGN
1229211001,devices,2025-10,0,39730,BGN
1229211001,devices,2025-11,4320,44050,BGN
1229211001,devices,2025-12,0,44050,BGN
1229211001,devices,2026-01,8670,8670,EUR
1229211001,devices,2026-02,0,8670,EUR
1229211001,devices,2026-03,3865,12536,EUR
1229211001,devices,2026-04,0,12536,EUR
1229211001,devices,2026-05,1104,13640,EUR
1229211001,devices,2026-06,2761,16401,EUR
1229211001,devices,2026-07,1779,18181,EUR
1229211001,devices,2026-08,1104,19285,EUR
1229211008,care,2024-01,898979,898979,BGN
1229211008,care,2024-02,1028011,1926990,BGN
1229211008,care,2024-03,963495,2890485,BGN
1229211008,care,2024-04,1267658,4158143,BGN
1229211008,care,2024-05,1081281,5239425,BGN
1229211008,care,2024-06,1076849,6316274,BGN
1229211008,care,2024-07,1075533,7391807,BGN
1229211008,care,2024-08,1027303,8419110,BGN
1229211008,care,2024-09,1054720,9473830,BGN
1229211008,care,2024-10,1025439,10499269,BGN
1229211008,care,2024-11,1129859,11629128,BGN
1229211008,care,2024-12,1077649,12706777,BGN
1229211008,care,2025-01,1020645,1020645,BGN
1229211008,care,2025-02,1122024,2142669,BGN
1229211008,care,2025-03,1140501,3283170,BGN
1229211008,care,2025-04,1027426,4310596,BGN
1229211008,care,2025-05,1289352,5599948,BGN
1229211008,care,2025-06,1294525,6894473,BGN
1229211008,care,2025-07,1198713,8093186,BGN
1229211008,care,2025-08,1150850,9244036,BGN
1229211008,care,2025-09,1161670,10405706,BGN
1229211008,care,2025-10,1163107,11568813,BGN
1229211008,care,2025-11,1366860,12935673,BGN
1229211008,care,2025-12,1386820,14322493,BGN
1229211008,care,2026-01,606473,606473,EUR
1229211008,care,2026-02,556239,1162712,EUR
1229211008,care,2026-03,677408,1840120,EUR
1229211008,care,2026-04,638981,2479101,EUR
1229211008,care,2026-05,638981,3118082,EUR
1229211008,care,2026-06,638981,3757063,EUR
1229211008,care,2026-07,641749,4398812,EUR
1229211008,care,2026-08,593545,4992357,EUR
1229211008,devices,2024-03,8400,8400,BGN
1229211008,devices,2024-04,33244,41644,BGN
1229211008,devices,2024-05,8047,49691,BGN
1229211008,devices,2024-06,2800,52491,BGN
1229211008,devices,2024-07,13294,65785,BGN
1229211008,devices,2024-08,10847,76632,BGN
1229211008,devices,2024-09,5600,82232,BGN
1229211008,devices,2024-10,9447,91679,BGN
1229211008,devices,2024-11,13294,104973,BGN
1229211008,devices,2024-12,19941,124914,BGN
1229211008,devices,2025-01,11200,11200,BGN
1229211008,devices,2025-02,7000,18200,BGN
1229211008,devices,2025-03,19600,37800,BGN
1229211008,devices,2025-04,18200,56000,BGN
1229211008,devices,2025-05,9800,65800,BGN
1229211008,devices,2025-06,22047,87847,BGN
1229211008,devices,2025-07,18541,106388,BGN
1229211008,devices,2025-08,24847,131235,BGN
1229211008,devices,2025-09,29047,160282,BGN
1229211008,devices,2025-10,25200,185482,BGN
1229211008,devices,2025-11,25200,210682,BGN
1229211008,devices,2025-12,0,210682,BGN
1229211008,devices,2026-01,21294,21294,EUR
1229211008,devices,2026-02,8945,30238,EUR
1229211008,devices,2026-03,8590,38828,EUR
1229211008,devices,2026-04,0,38828,EUR
1229211008,devices,2026-05,9306,48134,EUR
1229211008,devices,2026-06,11272,59406,EUR
1229211008,devices,2026-07,9306,68712,EUR
1229211008,devices,2026-08,7874,76585,EUR
1229391010,care,2024-01,362599,362599,BGN
1229391010,care,2024-02,332003,694602,BGN
1229391010,care,2024-03,280163,974765,BGN
1229391010,care,2024-04,297454,1272219,BGN
1229391010,care,2024-05,318270,1590489,BGN
1229391010,care,2024-06,348704,1939193,BGN
1229391010,care,2024-07,344270,2283463,BGN
1229391010,care,2024-08,372204,2655667,BGN
1229391010,care,2024-09,318100,2973767,BGN
1229391010,care,2024-10,306035,3279802,BGN
1229391010,care,2024-11,326852,3606654,BGN
1229391010,care,2024-12,320010,3926664,BGN
1229391010,care,2025-01,322102,322102,BGN
1229391010,care,2025-02,334102,656204,BGN
1229391010,care,2025-03,302957,959161,BGN
1229391010,care,2025-04,331153,1290314,BGN
1229391010,care,2025-05,329770,1620084,BGN
1229391010,care,2025-06,339282,1959366,BGN
1229391010,care,2025-07,323650,2283016,BGN
1229391010,care,2025-08,342505,2625521,BGN
1229391010,care,2025-09,334005,2959526,BGN
1229391010,care,2025-10,337150,3296676,BGN
1229391010,care,2025-11,347755,3644431,BGN
1229391010,care,2025-12,321650,3966081,BGN
1229391010,care,2026-01,182913,182913,EUR
1229391010,care,2026-02,170489,353402,EUR
1229391010,care,2026-03,150905,504307,EUR
1229391010,care,2026-04,169082,673390,EUR
1229391010,care,2026-05,168605,841995,EUR
1229391010,care,2026-06,169977,1011972,EUR
1229391010,care,2026-07,169116,1181088,EUR
1229391010,care,2026-08,167542,1348630,EUR
1308211004,care,2024-01,385156,385156,BGN
1308211004,care,2024-02,485924,871080,BGN
1308211004,care,2024-03,468240,1339320,BGN
1308211004,care,2024-04,465179,1804500,BGN
1308211004,care,2024-05,450044,2254544,BGN
1308211004,care,2024-06,461515,2716058,BGN
1308211004,care,2024-07,456088,3172146,BGN
1308211004,care,2024-08,462213,3634359,BGN
1308211004,care,2024-09,458590,4092948,BGN
1308211004,care,2024-10,473577,4566526,BGN
1308211004,care,2024-11,459493,5026018,BGN
1308211004,care,2024-12,394633,5420651,BGN
1308211004,care,2025-01,438667,438667,BGN
1308211004,care,2025-02,463398,902064,BGN
1308211004,care,2025-03,344691,1246756,BGN
1308211004,care,2025-04,0,1246756,BGN
1308211004,care,2025-05,0,1246756,BGN
1308211004,care,2025-06,0,1246756,BGN
1308211004,care,2025-07,0,1246756,BGN
1308211004,care,2025-08,0,1246756,BGN
1308211004,care,2025-09,0,1246756,BGN
1308211004,care,2025-10,0,1246756,BGN
1308211004,care,2025-11,0,1246756,BGN
1308211004,care,2025-12,0,1246756,BGN
1308211004,devices,2025-03,-4680,-4680,BGN
1308211004,devices,2025-04,0,-4680,BGN
1308211004,devices,2025-05,0,-4680,BGN
1308211004,devices,2025-06,0,-4680,BGN
1308211004,devices,2025-07,0,-4680,BGN
1308211004,devices,2025-08,0,-4680,BGN
1308211004,devices,2025-09,0,-4680,BGN
1308211004,devices,2025-10,0,-4680,BGN
1308211004,devices,2025-11,0,-4680,BGN
1308211004,devices,2025-12,0,-4680,BGN
1308211017,care,2024-01,485154,485154,BGN
1308211017,care,2024-02,500008,985162,BGN
1308211017,care,2024-03,500008,1485170,BGN
1308211017,care,2024-04,944234,2429404,BGN
1308211017,care,2024-05,604259,3033663,BGN
1308211017,care,2024-06,574046,3607709,BGN
1308211017,care,2024-07,616790,4224499,BGN
1308211017,care,2024-08,612763,4837262,BGN
1308211017,care,2024-09,583224,5420486,BGN
1308211017,care,2024-10,604259,6024745,BGN
1308211017,care,2024-11,645628,6670373,BGN
1308211017,care,2024-12,604259,7274632,BGN
1308211017,care,2025-01,547655,547655,BGN
1308211017,care,2025-02,628908,1176563,BGN
1308211017,care,2025-03,675120,1851683,BGN
1308211017,care,2025-04,1014626,2866309,BGN
1308211017,care,2025-05,1071748,3938058,BGN
1308211017,care,2025-06,1212229,5150287,BGN
1308211017,care,2025-07,1064063,6214349,BGN
1308211017,care,2025-08,1141458,7355808,BGN
1308211017,care,2025-09,897172,8252980,BGN
1308211017,care,2025-10,993722,9246702,BGN
1308211017,care,2025-11,1111907,10358609,BGN
1308211017,care,2025-12,1055550,11414159,BGN
1308211017,care,2026-01,533910,533910,EUR
1308211017,care,2026-02,686022,1219933,EUR
1308211017,care,2026-03,632027,1851960,EUR
1308211017,care,2026-04,854071,2706030,EUR
1308211017,care,2026-05,811377,3517407,EUR
1308211017,care,2026-06,681498,4198905,EUR
1308211017,care,2026-07,590047,4788952,EUR
1308211017,care,2026-08,739067,5528020,EUR
1308211017,devices,2024-02,2870,2870,BGN
1308211017,devices,2024-03,1435,4305,BGN
1308211017,devices,2024-04,1435,5740,BGN
1308211017,devices,2024-05,970,6710,BGN
1308211017,devices,2024-06,1435,8145,BGN
1308211017,devices,2024-07,0,8145,BGN
1308211017,devices,2024-08,0,8145,BGN
1308211017,devices,2024-09,0,8145,BGN
1308211017,devices,2024-10,1435,9580,BGN
1308211017,devices,2024-11,0,9580,BGN
1308211017,devices,2024-12,0,9580,BGN
1308211017,devices,2025-02,1435,1435,BGN
1308211017,devices,2025-03,0,1435,BGN
1308211017,devices,2025-04,1435,2870,BGN
1308211017,devices,2025-05,0,2870,BGN
1308211017,devices,2025-06,970,3840,BGN
1308211017,devices,2025-07,0,3840,BGN
1308211017,devices,2025-08,0,3840,BGN
1308211017,devices,2025-09,0,3840,BGN
1308211017,devices,2025-10,0,3840,BGN
1308211017,devices,2025-11,1358,5198,BGN
1308211017,devices,2025-12,0,5198,BGN
1308211017,devices,2026-01,2201,2201,EUR
1308211017,devices,2026-02,734,2935,EUR
1308211017,devices,2026-03,734,3669,EUR
1308211017,devices,2026-04,0,3669,EUR
1308211017,devices,2026-05,0,3669,EUR
1308211017,devices,2026-06,1467,5136,EUR
1308211017,devices,2026-07,0,5136,EUR
1308211017,devices,2026-08,0,5136,EUR
1308212012,care,2024-01,8676,8676,BGN
1308212012,care,2024-02,8347,17023,BGN
1308212012,care,2024-03,2432,19455,BGN
1308212012,care,2024-04,6512,25967,BGN
1308212012,care,2024-05,13025,38992,BGN
1308212012,care,2024-06,11813,50805,BGN
1308212012,care,2024-07,7224,58029,BGN
1308212012,care,2024-08,7013,65042,BGN
1308212012,care,2024-09,9518,74560,BGN
1308212012,care,2024-10,8015,82576,BGN
1308212012,care,2024-11,11021,93597,BGN
1308212012,care,2024-12,12314,105910,BGN
1308212012,care,2025-01,8015,8015,BGN
1308212012,care,2025-02,501,8516,BGN
1308212012,care,2025-03,2505,11021,BGN
1308212012,care,2025-04,6512,17534,BGN
1308212012,care,2025-05,7224,24758,BGN
1308212012,care,2025-06,4278,29036,BGN
1308212012,care,2025-07,3677,32713,BGN
1308212012,care,2025-08,7414,40127,BGN
1308212012,care,2025-09,5511,45637,BGN
1308212012,care,2025-10,3677,49314,BGN
1308212012,care,2025-11,3677,52991,BGN
1308212012,care,2025-12,3677,56668,BGN
1308212012,care,2026-01,1880,1880,EUR
1308212012,care,2026-02,4011,5891,EUR
1308212012,care,2026-03,0,5891,EUR
1308212012,care,2026-04,2818,8709,EUR
1308212012,care,2026-05,3074,11782,EUR
1308212012,care,2026-06,2305,14088,EUR
1308212012,care,2026-07,1281,15368,EUR
1308212012,care,2026-08,1281,16649,EUR
1308232020,care,2024-01,48637,48637,BGN
1308232020,care,2024-02,27237,75874,BGN
1308232020,care,2024-03,128888,204762,BGN
1308232020,care,2024-04,134009,338771,BGN
1308232020,care,2024-05,134009,472780,BGN
1308232020,care,2024-06,134009,606789,BGN
1308232020,care,2024-07,134009,740798,BGN
1308232020,care,2024-08,134009,874807,BGN
1308232020,care,2024-09,134009,1008816,BGN
1308232020,care,2024-10,134009,1142825,BGN
1308232020,care,2024-11,159116,1301941,BGN
1308232020,care,2024-12,134009,1435950,BGN
1308232020,care,2025-01,41079,41079,BGN
1308232020,care,2025-02,24046,65125,BGN
1308232020,care,2025-03,85664,150789,BGN
1308232020,care,2025-04,131252,282040,BGN
1308232020,care,2025-05,167451,449492,BGN
1308232020,care,2025-06,50303,499795,BGN
1308232020,care,2025-07,146028,645822,BGN
1308232020,care,2025-08,151290,797112,BGN
1308232020,care,2025-09,149286,946398,BGN
1308232020,care,2025-10,50303,996701,BGN
1308232020,care,2025-11,50303,1047004,BGN
1308232020,care,2025-12,50303,1097307,BGN
1308232020,care,2026-01,25720,25720,EUR
1308232020,care,2026-02,105167,130887,EUR
1308232020,care,2026-03,70695,201582,EUR
1308232020,care,2026-04,63202,264784,EUR
1308232020,care,2026-05,63202,327986,EUR
1308232020,care,2026-06,63202,391188,EUR
1308232020,care,2026-07,63202,454390,EUR
1308232020,care,2026-08,63202,517592,EUR
1308233008,care,2024-01,177758,177758,BGN
1308233008,care,2024-02,69452,247210,BGN
1308233008,care,2024-03,213697,460907,BGN
1308233008,care,2024-04,259522,720429,BGN
1308233008,care,2024-05,259522,979951,BGN
1308233008,care,2024-06,259522,1239473,BGN
1308233008,care,2024-07,252162,1491635,BGN
1308233008,care,2024-08,266882,1758517,BGN
1308233008,care,2024-09,219504,1978022,BGN
1308233008,care,2024-10,197784,2175805,BGN
1308233008,care,2024-11,296558,2472363,BGN
1308233008,care,2024-12,283586,2755949,BGN
1308233008,care,2025-01,202431,202431,BGN
1308233008,care,2025-02,100504,302935,BGN
1308233008,care,2025-03,206381,509316,BGN
1308233008,care,2025-04,259522,768838,BGN
1308233008,care,2025-05,169908,938746,BGN
1308233008,care,2025-06,181250,1119996,BGN
1308233008,care,2025-07,283205,1403201,BGN
1308233008,care,2025-08,255482,1658683,BGN
1308233008,care,2025-09,233883,1892566,BGN
1308233008,care,2025-10,169908,2062474,BGN
1308233008,care,2025-11,169908,2232382,BGN
1308233008,care,2025-12,169908,2402290,BGN
1308233008,care,2026-01,86874,86874,EUR
1308233008,care,2026-02,89644,176518,EUR
1308233008,care,2026-03,72821,249338,EUR
1308233008,care,2026-04,122194,371532,EUR
1308233008,care,2026-05,122194,493726,EUR
1308233008,care,2026-06,122194,615920,EUR
1308233008,care,2026-07,122194,738114,EUR
1308233008,care,2026-08,122194,860308,EUR
1319211001,care,2024-01,2591606,2591606,BGN
1319211001,care,2024-02,2693239,5284845,BGN
1319211001,care,2024-03,2865914,8150759,BGN
1319211001,care,2024-04,4246292,12397051,BGN
1319211001,care,2024-05,3103075,15500126,BGN
1319211001,care,2024-06,3141548,18641674,BGN
1319211001,care,2024-07,3123488,21765162,BGN
1319211001,care,2024-08,3140884,24906046,BGN
1319211001,care,2024-09,3003055,27909101,BGN
1319211001,care,2024-10,3218872,31127974,BGN
1319211001,care,2024-11,3303398,34431372,BGN
1319211001,care,2024-12,3041245,37472617,BGN
1319211001,care,2025-01,3092041,3092041,BGN
1319211001,care,2025-02,3240523,6332564,BGN
1319211001,care,2025-03,3065628,9398192,BGN
1319211001,care,2025-04,2972201,12370394,BGN
1319211001,care,2025-05,5507102,17877495,BGN
1319211001,care,2025-06,4094329,21971824,BGN
1319211001,care,2025-07,3254462,25226286,BGN
1319211001,care,2025-08,3543804,28770091,BGN
1319211001,care,2025-09,3687477,32457568,BGN
1319211001,care,2025-10,3222468,35680035,BGN
1319211001,care,2025-11,3487962,39167997,BGN
1319211001,care,2025-12,3346630,42514628,BGN
1319211001,care,2026-01,1721708,1721708,EUR
1319211001,care,2026-02,1765521,3487228,EUR
1319211001,care,2026-03,1747743,5234971,EUR
1319211001,care,2026-04,1759014,6993985,EUR
1319211001,care,2026-05,1755993,8749978,EUR
1319211001,care,2026-06,1765806,10515784,EUR
1319211001,care,2026-07,1767914,12283698,EUR
1319211001,care,2026-08,1769252,14052950,EUR
1319211001,devices,2024-02,33070,33070,BGN
1319211001,devices,2024-03,41431,74501,BGN
1319211001,devices,2024-04,34090,108591,BGN
1319211001,devices,2024-05,30925,139516,BGN
1319211001,devices,2024-06,22220,161736,BGN
1319211001,devices,2024-07,54469,216205,BGN
1319211001,devices,2024-08,40003,256209,BGN
1319211001,devices,2024-09,38382,294591,BGN
1319211001,devices,2024-10,24455,319046,BGN
1319211001,devices,2024-11,46229,365275,BGN
1319211001,devices,2024-12,51403,416678,BGN
1319211001,devices,2025-01,37494,37494,BGN
1319211001,devices,2025-02,26168,63662,BGN
1319211001,devices,2025-03,53003,116665,BGN
1319211001,devices,2025-04,24700,141366,BGN
1319211001,devices,2025-05,29070,170436,BGN
1319211001,devices,2025-06,43295,213731,BGN
1319211001,devices,2025-07,56163,269894,BGN
1319211001,devices,2025-08,64395,334289,BGN
1319211001,devices,2025-09,38140,372429,BGN
1319211001,devices,2025-10,37238,409667,BGN
1319211001,devices,2025-11,30828,440495,BGN
1319211001,devices,2025-12,0,440495,BGN
1319211001,devices,2026-01,25488,25488,EUR
1319211001,devices,2026-02,30071,55559,EUR
1319211001,devices,2026-03,29298,84856,EUR
1319211001,devices,2026-04,0,84856,EUR
1319211001,devices,2026-05,24123,108979,EUR
1319211001,devices,2026-06,22010,130989,EUR
1319211001,devices,2026-07,13428,144418,EUR
1319211001,devices,2026-08,17583,162001,EUR
1319211013,care,2024-01,544655,544655,BGN
1319211013,care,2024-02,713386,1258041,BGN
1319211013,care,2024-03,651675,1909716,BGN
1319211013,care,2024-04,788896,2698612,BGN
1319211013,care,2024-05,684484,3383097,BGN
1319211013,care,2024-06,676152,4059249,BGN
1319211013,care,2024-07,679202,4738451,BGN
1319211013,care,2024-08,670515,5408966,BGN
1319211013,care,2024-09,652557,6061522,BGN
1319211013,care,2024-10,688209,6749732,BGN
1319211013,care,2024-11,715964,7465696,BGN
1319211013,care,2024-12,673107,8138802,BGN
1319211013,care,2025-01,654825,654825,BGN
1319211013,care,2025-02,729574,1384399,BGN
1319211013,care,2025-03,675605,2060004,BGN
1319211013,care,2025-04,650349,2710353,BGN
1319211013,care,2025-05,1201332,3911685,BGN
1319211013,care,2025-06,911478,4823163,BGN
1319211013,care,2025-07,750945,5574108,BGN
1319211013,care,2025-08,753538,6327646,BGN
1319211013,care,2025-09,527265,6854911,BGN
1319211013,care,2025-10,696374,7551284,BGN
1319211013,care,2025-11,754814,8306099,BGN
1319211013,care,2025-12,613880,8919979,BGN
1319211013,care,2026-01,296886,296886,EUR
1319211013,care,2026-02,330229,627114,EUR
1319211013,care,2026-03,314970,942084,EUR
1319211013,care,2026-04,334949,1277033,EUR
1319211013,care,2026-05,308833,1585866,EUR
1319211013,care,2026-06,264217,1850083,EUR
1319211013,care,2026-07,346745,2196828,EUR
1319211013,care,2026-08,316770,2513598,EUR
1319211013,devices,2024-02,19845,19845,BGN
1319211013,devices,2024-03,13195,33040,BGN
1319211013,devices,2024-04,23100,56140,BGN
1319211013,devices,2024-05,11880,68020,BGN
1319211013,devices,2024-06,16500,84520,BGN
1319211013,devices,2024-07,13855,98375,BGN
1319211013,devices,2024-08,24300,122675,BGN
1319211013,devices,2024-09,22140,144815,BGN
1319211013,devices,2024-10,1435,146250,BGN
1319211013,devices,2024-11,4860,151110,BGN
1319211013,devices,2024-12,28855,179965,BGN
1319211013,devices,2025-01,23270,23270,BGN
1319211013,devices,2025-02,43080,66350,BGN
1319211013,devices,2025-03,29880,96230,BGN
1319211013,devices,2025-04,31615,127845,BGN
1319211013,devices,2025-05,43855,171700,BGN
1319211013,devices,2025-06,42840,214540,BGN
1319211013,devices,2025-07,29935,244475,BGN
1319211013,devices,2025-08,20820,265295,BGN
1319211013,devices,2025-09,38575,303870,BGN
1319211013,devices,2025-10,8640,312510,BGN
1319211013,devices,2025-11,52075,364585,BGN
1319211013,devices,2025-12,0,364585,BGN
1319211013,devices,2026-01,35985,35985,EUR
1319211013,devices,2026-02,23466,59451,EUR
1319211013,devices,2026-03,34384,93835,EUR
1319211013,devices,2026-04,0,93835,EUR
1319211013,devices,2026-05,16014,109849,EUR
1319211013,devices,2026-06,10241,120090,EUR
1319211013,devices,2026-07,9111,129201,EUR
1319211013,devices,2026-08,26505,155707,EUR
1319211014,care,2024-01,170789,170789,BGN
1319211014,care,2024-02,185342,356131,BGN
1319211014,care,2024-03,185342,541473,BGN
1319211014,care,2024-04,335921,877394,BGN
1319211014,care,2024-05,231331,1108725,BGN
1319211014,care,2024-06,225166,1333892,BGN
1319211014,care,2024-07,237496,1571387,BGN
1319211014,care,2024-08,212837,1784224,BGN
1319211014,care,2024-09,226803,2011027,BGN
1319211014,care,2024-10,240997,2252023,BGN
1319211014,care,2024-11,254645,2506668,BGN
1319211014,care,2024-12,227221,2733889,BGN
1319211014,care,2025-01,206672,206672,BGN
1319211014,care,2025-02,238942,445614,BGN
1319211014,care,2025-03,230304,675917,BGN
1319211014,care,2025-04,226803,902720,BGN
1319211014,care,2025-05,496770,1399490,BGN
1319211014,care,2025-06,319405,1718895,BGN
1319211014,care,2025-07,316528,2035423,BGN
1319211014,care,2025-08,249999,2285423,BGN
1319211014,care,2025-09,275619,2561042,BGN
1319211014,care,2025-10,241575,2802617,BGN
1319211014,care,2025-11,259514,3062131,BGN
1319211014,care,2025-12,247462,3309593,BGN
1319211014,care,2026-01,116019,116019,EUR
1319211014,care,2026-02,130392,246410,EUR
1319211014,care,2026-03,140414,386824,EUR
1319211014,care,2026-04,137242,524066,EUR
1319211014,care,2026-05,136716,660782,EUR
1319211014,care,2026-06,136191,796973,EUR
1319211014,care,2026-07,138256,935229,EUR
1319211014,care,2026-08,126403,1061633,EUR
1319211015,care,2024-01,1209028,1209028,BGN
1319211015,care,2024-02,1444544,2653572,BGN
1319211015,care,2024-03,1322088,3975660,BGN
1319211015,care,2024-04,1761817,5737477,BGN
1319211015,care,2024-05,1534030,7271507,BGN
1319211015,care,2024-06,1528639,8800147,BGN
1319211015,care,2024-07,1542695,10342842,BGN
1319211015,care,2024-08,1552048,11894890,BGN
1319211015,care,2024-09,1465011,13359900,BGN
1319211015,care,2024-10,1551725,14911625,BGN
1319211015,care,2024-11,1705098,16616722,BGN
1319211015,care,2024-12,1534012,18150735,BGN
1319211015,care,2025-01,1257315,1257315,BGN
1319211015,care,2025-02,1803822,3061137,BGN
1319211015,care,2025-03,1570765,4631902,BGN
1319211015,care,2025-04,1549877,6181779,BGN
1319211015,care,2025-05,2652391,8834170,BGN
1319211015,care,2025-06,2165097,10999266,BGN
1319211015,care,2025-07,1687357,12686623,BGN
1319211015,care,2025-08,1874388,14561011,BGN
1319211015,care,2025-09,1758005,16319016,BGN
1319211015,care,2025-10,1540688,17859705,BGN
1319211015,care,2025-11,1672100,19531805,BGN
1319211015,care,2025-12,1620353,21152158,BGN
1319211015,care,2026-01,821222,821222,EUR
1319211015,care,2026-02,1054320,1875542,EUR
1319211015,care,2026-03,1182172,3057714,EUR
1319211015,care,2026-04,1235742,4293456,EUR
1319211015,care,2026-05,1163914,5457369,EUR
1319211015,care,2026-06,1101310,6558680,EUR
1319211015,care,2026-07,1158439,7717118,EUR
1319211015,care,2026-08,1125543,8842661,EUR
1319211015,devices,2024-02,5740,5740,BGN
1319211015,devices,2024-03,2870,8610,BGN
1319211015,devices,2024-04,2535,11145,BGN
1319211015,devices,2024-05,3950,15095,BGN
1319211015,devices,2024-06,3520,18615,BGN
1319211015,devices,2024-07,1435,20050,BGN
1319211015,devices,2024-08,1080,21130,BGN
1319211015,devices,2024-09,0,21130,BGN
1319211015,devices,2024-10,2085,23215,BGN
1319211015,devices,2024-11,6685,29900,BGN
1319211015,devices,2024-12,6170,36070,BGN
1319211015,devices,2025-01,7685,7685,BGN
1319211015,devices,2025-02,0,7685,BGN
1319211015,devices,2025-03,2200,9885,BGN
1319211015,devices,2025-04,5950,15835,BGN
1319211015,devices,2025-05,9000,24835,BGN
1319211015,devices,2025-06,1080,25915,BGN
1319211015,devices,2025-07,7940,33855,BGN
1319211015,devices,2025-08,6530,40385,BGN
1319211015,devices,2025-09,10180,50565,BGN
1319211015,devices,2025-10,3165,53730,BGN
1319211015,devices,2025-11,3595,57325,BGN
1319211015,devices,2025-12,-2515,54810,BGN
1319211015,devices,2026-01,8209,8209,EUR
1319211015,devices,2026-02,2943,11151,EUR
1319211015,devices,2026-03,5069,16221,EUR
1319211015,devices,2026-04,0,16221,EUR
1319211015,devices,2026-05,2666,18887,EUR
1319211015,devices,2026-06,3865,22753,EUR
1319211015,devices,2026-07,2485,25237,EUR
1319211015,devices,2026-08,2275,27513,EUR
1319212018,care,2024-01,91127,91127,BGN
1319212018,care,2024-02,124689,215816,BGN
1319212018,care,2024-03,118748,334564,BGN
1319212018,care,2024-04,124466,459030,BGN
1319212018,care,2024-05,118539,577569,BGN
1319212018,care,2024-06,112498,690067,BGN
1319212018,care,2024-07,122745,812812,BGN
1319212018,care,2024-08,116517,929330,BGN
1319212018,care,2024-09,100109,1029438,BGN
1319212018,care,2024-10,109472,1138910,BGN
1319212018,care,2024-11,112674,1251585,BGN
1319212018,care,2024-12,130011,1381596,BGN
1319212018,care,2025-01,118539,118539,BGN
1319212018,care,2025-02,123186,241725,BGN
1319212018,care,2025-03,119819,361544,BGN
1319212018,care,2025-04,112612,474156,BGN
1319212018,care,2025-05,128996,603152,BGN
1319212018,care,2025-06,118223,721375,BGN
1319212018,care,2025-07,133782,855157,BGN
1319212018,care,2025-08,127249,982406,BGN
1319212018,care,2025-09,124067,1106473,BGN
1319212018,care,2025-10,124027,1230500,BGN
1319212018,care,2025-11,124027,1354527,BGN
1319212018,care,2025-12,115724,1470250,BGN
1319212018,care,2026-01,63414,63414,EUR
1319212018,care,2026-02,62169,125582,EUR
1319212018,care,2026-03,64095,189678,EUR
1319212018,care,2026-04,63132,252810,EUR
1319212018,care,2026-05,63132,315942,EUR
1319212018,care,2026-06,63132,379074,EUR
1319212018,care,2026-07,63132,442206,EUR
1319212018,care,2026-08,63132,505338,EUR
1319391019,care,2024-01,73418,73418,BGN
1319391019,care,2024-02,80071,153490,BGN
1319391019,care,2024-03,57974,211464,BGN
1319391019,care,2024-04,68000,279464,BGN
1319391019,care,2024-05,63750,343214,BGN
1319391019,care,2024-06,61750,404964,BGN
1319391019,care,2024-07,55000,459964,BGN
1319391019,care,2024-08,69750,529714,BGN
1319391019,care,2024-09,71250,600964,BGN
1319391019,care,2024-10,73000,673964,BGN
1319391019,care,2024-11,73250,747214,BGN
1319391019,care,2024-12,74750,821964,BGN
1319391019,care,2025-01,74500,74500,BGN
1319391019,care,2025-02,78750,153250,BGN
1319391019,care,2025-03,68750,222000,BGN
1319391019,care,2025-04,79250,301250,BGN
1319391019,care,2025-05,87250,388500,BGN
1319391019,care,2025-06,87250,475750,BGN
1319391019,care,2025-07,93500,569250,BGN
1319391019,care,2025-08,93000,662250,BGN
1319391019,care,2025-09,98250,760500,BGN
1319391019,care,2025-10,89250,849750,BGN
1319391019,care,2025-11,99250,949000,BGN
1319391019,care,2025-12,89250,1038250,BGN
1319391019,care,2026-01,55090,55090,EUR
1319391019,care,2026-02,55857,110948,EUR
1319391019,care,2026-03,45376,156324,EUR
1319391019,care,2026-04,44993,201317,EUR
1319391019,care,2026-05,41414,242730,EUR
1319391019,care,2026-06,40902,283633,EUR
1319391019,care,2026-07,39369,323001,EUR
1319391019,care,2026-08,41797,364798,EUR
1320211002,care,2024-01,3890001,3890001,BGN
1320211002,care,2024-02,3919396,7809397,BGN
1320211002,care,2024-03,4389166,12198562,BGN
1320211002,care,2024-04,7093721,19292284,BGN
1320211002,care,2024-05,5252070,24544353,BGN
1320211002,care,2024-06,5067288,29611642,BGN
1320211002,care,2024-07,5160355,34771996,BGN
1320211002,care,2024-08,5030611,39802608,BGN
1320211002,care,2024-09,5144620,44947228,BGN
1320211002,care,2024-10,5099017,50046246,BGN
1320211002,care,2024-11,5414754,55461000,BGN
1320211002,care,2024-12,5096216,60557216,BGN
1320211002,care,2025-01,4605361,4605361,BGN
1320211002,care,2025-02,5261750,9867111,BGN
1320211002,care,2025-03,5355773,15222884,BGN
1320211002,care,2025-04,4961792,20184676,BGN
1320211002,care,2025-05,5806017,25990693,BGN
1320211002,care,2025-06,5719247,31709940,BGN
1320211002,care,2025-07,5237167,36947107,BGN
1320211002,care,2025-08,6118819,43065925,BGN
1320211002,care,2025-09,5422816,48488741,BGN
1320211002,care,2025-10,5128537,53617278,BGN
1320211002,care,2025-11,5319812,58937090,BGN
1320211002,care,2025-12,4858780,63795869,BGN
1320211002,care,2026-01,2296028,2296028,EUR
1320211002,care,2026-02,2829610,5125638,EUR
1320211002,care,2026-03,2730727,7856365,EUR
1320211002,care,2026-04,2745221,10601586,EUR
1320211002,care,2026-05,2679066,13280652,EUR
1320211002,care,2026-06,2707925,15988577,EUR
1320211002,care,2026-07,2816016,18804593,EUR
1320211002,care,2026-08,2733506,21538098,EUR
1320211002,devices,2024-02,20193,20193,BGN
1320211002,devices,2024-03,11567,31760,BGN
1320211002,devices,2024-04,24147,55907,BGN
1320211002,devices,2024-05,30089,85996,BGN
1320211002,devices,2024-06,30246,116242,BGN
1320211002,devices,2024-07,11042,127285,BGN
1320211002,devices,2024-08,39742,167026,BGN
1320211002,devices,2024-09,10026,177052,BGN
1320211002,devices,2024-10,15078,192131,BGN
1320211002,devices,2024-11,17128,209259,BGN
1320211002,devices,2024-12,-23458,185801,BGN
1320211002,devices,2025-01,27175,27175,BGN
1320211002,devices,2025-02,25050,52225,BGN
1320211002,devices,2025-03,28923,81148,BGN
1320211002,devices,2025-04,33610,114758,BGN
1320211002,devices,2025-05,24614,139372,BGN
1320211002,devices,2025-06,33572,172944,BGN
1320211002,devices,2025-07,32165,205108,BGN
1320211002,devices,2025-08,45413,250521,BGN
1320211002,devices,2025-09,29673,280194,BGN
1320211002,devices,2025-10,13212,293406,BGN
1320211002,devices,2025-11,42462,335868,BGN
1320211002,devices,2025-12,0,335868,BGN
1320211002,devices,2026-01,34594,34594,EUR
1320211002,devices,2026-02,12394,46988,EUR
1320211002,devices,2026-03,42884,89872,EUR
1320211002,devices,2026-04,0,89872,EUR
1320211002,devices,2026-05,22016,111887,EUR
1320211002,devices,2026-06,21320,133207,EUR
1320211002,devices,2026-07,22006,155214,EUR
1320211002,devices,2026-08,18310,173524,EUR
1320211002,medicines,2024-01,8506714,8506714,BGN
1320211002,medicines,2024-02,7054795,15561509,BGN
1320211002,medicines,2024-03,8990225,24551733,BGN
1320211002,medicines,2024-04,8159321,32711054,BGN
1320211002,medicines,2024-05,8666534,41377589,BGN
1320211002,medicines,2024-06,9164368,50541957,BGN
1320211002,medicines,2024-07,9071442,59613398,BGN
1320211002,medicines,2024-08,8571033,68184432,BGN
1320211002,medicines,2024-09,8842694,77027126,BGN
1320211002,medicines,2024-10,9338594,86365719,BGN
1320211002,medicines,2024-11,8072167,94437886,BGN
1320211002,medicines,2024-12,8945695,103383581,BGN
1320211002,medicines,2025-01,8152071,8152071,BGN
1320211002,medicines,2025-02,7175538,15327609,BGN
1320211002,medicines,2025-03,10340797,25668406,BGN
1320211002,medicines,2025-04,8372252,34040658,BGN
1320211002,medicines,2025-05,8918664,42959322,BGN
1320211002,medicines,2025-06,9509410,52468732,BGN
1320211002,medicines,2025-07,8411513,60880245,BGN
1320211002,medicines,2025-08,8482757,69363002,BGN
1320211002,medicines,2025-09,9210947,78573949,BGN
1320211002,medicines,2025-10,8915434,87489383,BGN
1320211002,medicines,2025-11,8789864,96279248,BGN
1320211002,medicines,2025-12,9293663,105572911,BGN
1320211002,medicines,2026-01,4333134,4333134,EUR
1320211002,medicines,2026-02,3473761,7806895,EUR
1320211002,medicines,2026-03,4809779,12616674,EUR
1320211002,medicines,2026-04,4427619,17044294,EUR
1320211002,medicines,2026-05,4741488,21785782,EUR
1320211002,medicines,2026-06,5272126,27057908,EUR
1320211002,medicines,2026-07,4770817,31828725,EUR
1320211002,medicines,2026-08,5146614,36975339,EUR
1321211003,care,2024-01,434811,434811,BGN
1321211003,care,2024-02,438454,873265,BGN
1321211003,care,2024-03,477563,1350828,BGN
1321211003,care,2024-04,480293,1831121,BGN
1321211003,care,2024-05,465616,2296737,BGN
1321211003,care,2024-06,473393,2770130,BGN
1321211003,care,2024-07,470712,3240842,BGN
1321211003,care,2024-08,491496,3732338,BGN
1321211003,care,2024-09,477774,4210112,BGN
1321211003,care,2024-10,416734,4626847,BGN
1321211003,care,2024-11,413325,5040172,BGN
1321211003,care,2024-12,491615,5531787,BGN
1321211003,care,2025-01,476491,476491,BGN
1321211003,care,2025-02,499994,976485,BGN
1321211003,care,2025-03,476786,1453271,BGN
1321211003,care,2025-04,454227,1907498,BGN
1321211003,care,2025-05,707106,2614604,BGN
1321211003,care,2025-06,631283,3245887,BGN
1321211003,care,2025-07,519189,3765075,BGN
1321211003,care,2025-08,664262,4429337,BGN
1321211003,care,2025-09,507756,4937094,BGN
1321211003,care,2025-10,531615,5468709,BGN
1321211003,care,2025-11,545807,6014516,BGN
1321211003,care,2025-12,535072,6549588,BGN
1321211003,care,2026-01,283445,283445,EUR
1321211003,care,2026-02,300537,583983,EUR
1321211003,care,2026-03,304081,888064,EUR
1321211003,care,2026-04,350066,1238130,EUR
1321211003,care,2026-05,325276,1563406,EUR
1321211003,care,2026-06,306020,1869426,EUR
1321211003,care,2026-07,278709,2148135,EUR
1321211003,care,2026-08,301457,2449592,EUR
1390391001,care,2024-01,160618,160618,BGN
1390391001,care,2024-02,169409,330026,BGN
1390391001,care,2024-03,155866,485892,BGN
1390391001,care,2024-04,168250,654142,BGN
1390391001,care,2024-05,165500,819642,BGN
1390391001,care,2024-06,172750,992392,BGN
1390391001,care,2024-07,160000,1152392,BGN
1390391001,care,2024-08,179250,1331642,BGN
1390391001,care,2024-09,174500,1506142,BGN
1390391001,care,2024-10,164000,1670142,BGN
1390391001,care,2024-11,167000,1837142,BGN
1390391001,care,2024-12,178250,2015392,BGN
1390391001,care,2025-01,180500,180500,BGN
1390391001,care,2025-02,190000,370500,BGN
1390391001,care,2025-03,159750,530250,BGN
1390391001,care,2025-04,174000,704250,BGN
1390391001,care,2025-05,178750,883000,BGN
1390391001,care,2025-06,188250,1071250,BGN
1390391001,care,2025-07,183500,1254750,BGN
1390391001,care,2025-08,195250,1450000,BGN
1390391001,care,2025-09,190500,1640500,BGN
1390391001,care,2025-10,187250,1827750,BGN
1390391001,care,2025-11,204000,2031750,BGN
1390391001,care,2025-12,190000,2221750,BGN
1390391001,care,2026-01,117594,117594,EUR
1390391001,care,2026-02,114015,231610,EUR
1390391001,care,2026-03,99061,330670,EUR
1390391001,care,2026-04,105963,436633,EUR
1390391001,care,2026-05,106858,543491,EUR
1390391001,care,2026-06,108136,651626,EUR
1390391001,care,2026-07,111459,763085,EUR
1390391001,care,2026-08,121940,885026,EUR
1432211001,care,2024-01,907610,907610,BGN
1432211001,care,2024-02,1089474,1997084,BGN
1432211001,care,2024-03,1174315,3171399,BGN
1432211001,care,2024-04,1091009,4262409,BGN
1432211001,care,2024-05,1064835,5327243,BGN
1432211001,care,2024-06,1061144,6388387,BGN
1432211001,care,2024-07,1054158,7442545,BGN
1432211001,care,2024-08,1038908,8481453,BGN
1432211001,care,2024-09,1005559,9487012,BGN
1432211001,care,2024-10,1058288,10545300,BGN
1432211001,care,2024-11,1207961,11753261,BGN
1432211001,care,2024-12,1031818,12785079,BGN
1432211001,care,2025-01,1035567,1035567,BGN
1432211001,care,2025-02,1059792,2095359,BGN
1432211001,care,2025-03,1064976,3160335,BGN
1432211001,care,2025-04,1015617,4175952,BGN
1432211001,care,2025-05,1945642,6121594,BGN
1432211001,care,2025-06,1333092,7454686,BGN
1432211001,care,2025-07,1241001,8695686,BGN
1432211001,care,2025-08,974454,9670140,BGN
1432211001,care,2025-09,1107170,10777310,BGN
1432211001,care,2025-10,1119442,11896752,BGN
1432211001,care,2025-11,1127635,13024387,BGN
1432211001,care,2025-12,1124522,14148909,BGN
1432211001,care,2026-01,585702,585702,EUR
1432211001,care,2026-02,574490,1160193,EUR
1432211001,care,2026-03,566012,1726205,EUR
1432211001,care,2026-04,656891,2383096,EUR
1432211001,care,2026-05,654860,3037956,EUR
1432211001,care,2026-06,660904,3698860,EUR
1432211001,care,2026-07,703762,4402622,EUR
1432211001,care,2026-08,659564,5062186,EUR
1432211013,care,2024-01,190383,190383,BGN
1432211013,care,2024-02,291368,481751,BGN
1432211013,care,2024-03,285774,767525,BGN
1432211013,care,2024-04,233535,1001060,BGN
1432211013,care,2024-05,225483,1226543,BGN
1432211013,care,2024-06,233535,1460078,BGN
1432211013,care,2024-07,233535,1693613,BGN
1432211013,care,2024-08,239342,1932955,BGN
1432211013,care,2024-09,227728,2160683,BGN
1432211013,care,2024-10,233535,2394218,BGN
1432211013,care,2024-11,288873,2683091,BGN
1432211013,care,2024-12,233535,2916626,BGN
1432211013,care,2025-01,215766,215766,BGN
1432211013,care,2025-02,237204,452970,BGN
1432211013,care,2025-03,247635,700605,BGN
1432211013,care,2025-04,233535,934140,BGN
1432211013,care,2025-05,490635,1424775,BGN
1432211013,care,2025-06,281332,1706107,BGN
1432211013,care,2025-07,286373,1992480,BGN
1432211013,care,2025-08,211273,2203753,BGN
1432211013,care,2025-09,183811,2387564,BGN
1432211013,care,2025-10,214302,2601866,BGN
1432211013,care,2025-11,201719,2803586,BGN
1432211013,care,2025-12,296139,3099724,BGN
1432211013,care,2026-01,100232,100232,EUR
1432211013,care,2026-02,115676,215908,EUR
1432211013,care,2026-03,140348,356256,EUR
1432211013,care,2026-04,123996,480252,EUR
1432211013,care,2026-05,123996,604248,EUR
1432211013,care,2026-06,123996,728244,EUR
1432211013,care,2026-07,123996,852240,EUR
1432211013,care,2026-08,96732,948972,EUR
1432211013,devices,2024-03,2800,2800,BGN
1432211013,devices,2024-04,0,2800,BGN
1432211013,devices,2024-05,2800,5600,BGN
1432211013,devices,2024-06,2800,8400,BGN
1432211013,devices,2024-07,4200,12600,BGN
1432211013,devices,2024-08,1400,14000,BGN
1432211013,devices,2024-09,0,14000,BGN
1432211013,devices,2024-10,0,14000,BGN
1432211013,devices,2024-11,0,14000,BGN
1432211013,devices,2024-12,1400,15400,BGN
1432211013,devices,2025-04,2800,2800,BGN
1432211013,devices,2025-05,2800,5600,BGN
1432211013,devices,2025-06,0,5600,BGN
1432211013,devices,2025-07,2800,8400,BGN
1432211013,devices,2025-08,0,8400,BGN
1432211013,devices,2025-09,1400,9800,BGN
1432211013,devices,2025-10,0,9800,BGN
1432211013,devices,2025-11,2800,12600,BGN
1432211013,devices,2025-12,0,12600,BGN
1432211013,devices,2026-01,1432,1432,EUR
1432211013,devices,2026-02,0,1432,EUR
1432211013,devices,2026-03,716,2147,EUR
1432211013,devices,2026-04,0,2147,EUR
1432211013,devices,2026-05,2147,4295,EUR
1432211013,devices,2026-06,716,5011,EUR
1432211013,devices,2026-07,716,5726,EUR
1432211013,devices,2026-08,2147,7874,EUR
1432212005,care,2024-01,119504,119504,BGN
1432212005,care,2024-02,155263,274767,BGN
1432212005,care,2024-03,156511,431279,BGN
1432212005,care,2024-04,131114,562392,BGN
1432212005,care,2024-05,124870,687262,BGN
1432212005,care,2024-06,124870,812132,BGN
1432212005,care,2024-07,124870,937002,BGN
1432212005,care,2024-08,124870,1061872,BGN
1432212005,care,2024-09,111185,1173057,BGN
1432212005,care,2024-10,124870,1297927,BGN
1432212005,care,2024-11,131654,1429581,BGN
1432212005,care,2024-12,124870,1554451,BGN
1432212005,care,2025-01,124870,124870,BGN
1432212005,care,2025-02,121090,245960,BGN
1432212005,care,2025-03,124870,370830,BGN
1432212005,care,2025-04,124870,495700,BGN
1432212005,care,2025-05,215373,711073,BGN
1432212005,care,2025-06,168808,879880,BGN
1432212005,care,2025-07,145188,1025068,BGN
1432212005,care,2025-08,121720,1146788,BGN
1432212005,care,2025-09,116257,1263045,BGN
1432212005,care,2025-10,138524,1401569,BGN
1432212005,care,2025-11,136325,1537894,BGN
1432212005,care,2025-12,153651,1691545,BGN
1432212005,care,2026-01,73065,73065,EUR
1432212005,care,2026-02,70756,143821,EUR
1432212005,care,2026-03,70231,214051,EUR
1432212005,care,2026-04,78443,292494,EUR
1432212005,care,2026-05,82743,375238,EUR
1432212005,care,2026-06,80445,455682,EUR
1432212005,care,2026-07,77842,533524,EUR
1432212005,care,2026-08,68853,602377,EUR
1432252010,care,2024-01,36419,36419,BGN
1432252010,care,2024-02,39581,76000,BGN
1432252010,care,2024-03,42424,118424,BGN
1432252010,care,2024-04,47038,165462,BGN
1432252010,care,2024-05,47038,212500,BGN
1432252010,care,2024-06,47038,259538,BGN
1432252010,care,2024-07,45579,305116,BGN
1432252010,care,2024-08,47038,352154,BGN
1432252010,care,2024-09,47038,399192,BGN
1432252010,care,2024-10,47038,446230,BGN
1432252010,care,2024-11,47938,494168,BGN
1432252010,care,2024-12,45132,539300,BGN
1432252010,care,2025-01,35911,35911,BGN
1432252010,care,2025-02,43654,79565,BGN
1432252010,care,2025-03,44040,123605,BGN
1432252010,care,2025-04,47038,170643,BGN
1432252010,care,2025-05,40235,210878,BGN
1432252010,care,2025-06,47092,257970,BGN
1432252010,care,2025-07,44649,302619,BGN
1432252010,care,2025-08,45930,348549,BGN
1432252010,care,2025-09,44480,393029,BGN
1432252010,care,2025-10,38779,431808,BGN
1432252010,care,2025-11,41691,473499,BGN
1432252010,care,2025-12,58568,532068,BGN
1432252010,care,2026-01,25789,25789,EUR
1432252010,care,2026-02,29502,55291,EUR
1432252010,care,2026-03,26104,81395,EUR
1432252010,care,2026-04,24179,105574,EUR
1432252010,care,2026-05,23487,129061,EUR
1432252010,care,2026-06,18332,147393,EUR
1432252010,care,2026-07,24179,171572,EUR
1432252010,care,2026-08,24179,195751,EUR
1432391012,care,2024-01,75856,75856,BGN
1432391012,care,2024-02,83635,159491,BGN
1432391012,care,2024-03,80784,240275,BGN
1432391012,care,2024-04,88000,328275,BGN
1432391012,care,2024-05,85287,413562,BGN
1432391012,care,2024-06,100500,514062,BGN
1432391012,care,2024-07,88340,602402,BGN
1432391012,care,2024-08,93500,695902,BGN
1432391012,care,2024-09,89000,784902,BGN
1432391012,care,2024-10,87750,872652,BGN
1432391012,care,2024-11,92000,964652,BGN
1432391012,care,2024-12,81250,1045902,BGN
1432391012,care,2025-01,91250,91250,BGN
1432391012,care,2025-02,94500,185750,BGN
1432391012,care,2025-03,87000,272750,BGN
1432391012,care,2025-04,98000,370750,BGN
1432391012,care,2025-05,97500,468250,BGN
1432391012,care,2025-06,101000,569250,BGN
1432391012,care,2025-07,101000,670250,BGN
1432391012,care,2025-08,104250,774500,BGN
1432391012,care,2025-09,104500,879000,BGN
1432391012,care,2025-10,109500,988500,BGN
1432391012,care,2025-11,111250,1099750,BGN
1432391012,care,2025-12,106750,1206500,BGN
1432391012,care,2026-01,62121,62121,EUR
1432391012,care,2026-02,62632,124752,EUR
1432391012,care,2026-03,58669,183422,EUR
1432391012,care,2026-04,63143,246565,EUR
1432391012,care,2026-05,64549,311114,EUR
1432391012,care,2026-06,63143,374257,EUR
1432391012,care,2026-07,66850,441107,EUR
1432391012,care,2026-08,67617,508724,EUR
1503211006,care,2024-01,113801,113801,BGN
1503211006,care,2024-02,122730,236530,BGN
1503211006,care,2024-03,174677,411207,BGN
1503211006,care,2024-04,137470,548677,BGN
1503211006,care,2024-05,136072,684749,BGN
1503211006,care,2024-06,135578,820327,BGN
1503211006,care,2024-07,136501,956828,BGN
1503211006,care,2024-08,126483,1083311,BGN
1503211006,care,2024-09,134491,1217803,BGN
1503211006,care,2024-10,128506,1346309,BGN
1503211006,care,2024-11,128760,1475069,BGN
1503211006,care,2024-12,122673,1597743,BGN
1503211006,care,2025-01,124072,124072,BGN
1503211006,care,2025-02,147899,271971,BGN
1503211006,care,2025-03,135591,407562,BGN
1503211006,care,2025-04,135982,543544,BGN
1503211006,care,2025-05,123544,667088,BGN
1503211006,care,2025-06,124225,791313,BGN
1503211006,care,2025-07,168054,959367,BGN
1503211006,care,2025-08,112876,1072243,BGN
1503211006,care,2025-09,124498,1196741,BGN
1503211006,care,2025-10,128892,1325632,BGN
1503211006,care,2025-11,106404,1432036,BGN
1503211006,care,2025-12,119183,1551220,BGN
1503211006,care,2026-01,71025,71025,EUR
1503211006,care,2026-02,71936,142961,EUR
1503211006,care,2026-03,65940,208901,EUR
1503211006,care,2026-04,65732,274633,EUR
1503211006,care,2026-05,64589,339222,EUR
1503211006,care,2026-06,55343,394565,EUR
1503211006,care,2026-07,66480,461044,EUR
1503211006,care,2026-08,66488,527532,EUR
1508211005,care,2024-01,178608,178608,BGN
1508211005,care,2024-02,178608,357216,BGN
1508211005,care,2024-03,233844,591060,BGN
1508211005,care,2024-04,245860,836920,BGN
1508211005,care,2024-05,205574,1042494,BGN
1508211005,care,2024-06,205561,1248055,BGN
1508211005,care,2024-07,205503,1453558,BGN
1508211005,care,2024-08,205494,1659052,BGN
1508211005,care,2024-09,205527,1864579,BGN
1508211005,care,2024-10,205458,2070037,BGN
1508211005,care,2024-11,213448,2283485,BGN
1508211005,care,2024-12,205456,2488941,BGN
1508211005,care,2025-01,205520,205520,BGN
1508211005,care,2025-02,205406,410926,BGN
1508211005,care,2025-03,205454,616380,BGN
1508211005,care,2025-04,204296,820676,BGN
1508211005,care,2025-05,262842,1083518,BGN
1508211005,care,2025-06,210290,1293808,BGN
1508211005,care,2025-07,263038,1556846,BGN
1508211005,care,2025-08,202514,1759361,BGN
1508211005,care,2025-09,207687,1967048,BGN
1508211005,care,2025-10,208714,2175762,BGN
1508211005,care,2025-11,204058,2379820,BGN
1508211005,care,2025-12,246858,2626678,BGN
1508211005,care,2026-01,108471,108471,EUR
1508211005,care,2026-02,100965,209436,EUR
1508211005,care,2026-03,117437,326873,EUR
1508211005,care,2026-04,109544,436417,EUR
1508211005,care,2026-05,106627,543044,EUR
1508211005,care,2026-06,116419,659462,EUR
1508211005,care,2026-07,106443,765905,EUR
1508211005,care,2026-08,97368,863273,EUR
1516211003,care,2024-01,133001,133001,BGN
1516211003,care,2024-02,176982,309983,BGN
1516211003,care,2024-03,239349,549331,BGN
1516211003,care,2024-04,194305,743637,BGN
1516211003,care,2024-05,195258,938895,BGN
1516211003,care,2024-06,193844,1132738,BGN
1516211003,care,2024-07,188151,1320889,BGN
1516211003,care,2024-08,186585,1507474,BGN
1516211003,care,2024-09,180349,1687823,BGN
1516211003,care,2024-10,164909,1852732,BGN
1516211003,care,2024-11,188410,2041142,BGN
1516211003,care,2024-12,188499,2229641,BGN
1516211003,care,2025-01,165893,165893,BGN
1516211003,care,2025-02,181396,347289,BGN
1516211003,care,2025-03,189231,536520,BGN
1516211003,care,2025-04,186922,723442,BGN
1516211003,care,2025-05,168002,891444,BGN
1516211003,care,2025-06,190453,1081898,BGN
1516211003,care,2025-07,272107,1354005,BGN
1516211003,care,2025-08,189440,1543445,BGN
1516211003,care,2025-09,189828,1733273,BGN
1516211003,care,2025-10,168396,1901669,BGN
1516211003,care,2025-11,213214,2114883,BGN
1516211003,care,2025-12,214188,2329071,BGN
1516211003,care,2026-01,89187,89187,EUR
1516211003,care,2026-02,93628,182815,EUR
1516211003,care,2026-03,101187,284002,EUR
1516211003,care,2026-04,99592,383594,EUR
1516211003,care,2026-05,99480,483074,EUR
1516211003,care,2026-06,99681,582755,EUR
1516211003,care,2026-07,93602,676357,EUR
1516211003,care,2026-08,80984,757341,EUR
1521211004,care,2024-01,37789,37789,BGN
1521211004,care,2024-02,47660,85450,BGN
1521211004,care,2024-03,58709,144158,BGN
1521211004,care,2024-04,53052,197210,BGN
1521211004,care,2024-05,53052,250262,BGN
1521211004,care,2024-06,53052,303314,BGN
1521211004,care,2024-07,53052,356366,BGN
1521211004,care,2024-08,53052,409418,BGN
1521211004,care,2024-09,53052,462470,BGN
1521211004,care,2024-10,53052,515522,BGN
1521211004,care,2024-11,55191,570713,BGN
1521211004,care,2024-12,53052,623765,BGN
1521211004,care,2025-01,53052,53052,BGN
1521211004,care,2025-02,53052,106104,BGN
1521211004,care,2025-03,53052,159156,BGN
1521211004,care,2025-04,53052,212208,BGN
1521211004,care,2025-05,82676,294884,BGN
1521211004,care,2025-06,57399,352283,BGN
1521211004,care,2025-07,27326,379609,BGN
1521211004,care,2025-08,45652,425261,BGN
1521211004,care,2025-09,59182,484443,BGN
1521211004,care,2025-10,52463,536906,BGN
1521211004,care,2025-11,63030,599936,BGN
1521211004,care,2025-12,60790,660726,BGN
1521211004,care,2026-01,27316,27316,EUR
1521211004,care,2026-02,27549,54866,EUR
1521211004,care,2026-03,27758,82623,EUR
1521211004,care,2026-04,27806,110429,EUR
1521211004,care,2026-05,26899,137329,EUR
1521211004,care,2026-06,24916,162245,EUR
1521211004,care,2026-07,27478,189722,EUR
1521211004,care,2026-08,28134,217857,EUR
1524131015,care,2024-01,18781,18781,BGN
1524131015,care,2024-02,18781,37562,BGN
1524131015,care,2024-03,18781,56343,BGN
1524131015,care,2024-04,41725,98068,BGN
1524131015,care,2024-05,29847,127915,BGN
1524131015,care,2024-06,28020,155935,BGN
1524131015,care,2024-07,24365,180300,BGN
1524131015,care,2024-08,13401,193700,BGN
1524131015,care,2024-09,13401,207101,BGN
1524131015,care,2024-10,14619,221720,BGN
1524131015,care,2024-11,28629,250348,BGN
1524131015,care,2024-12,34111,284459,BGN
1524131015,care,2025-01,27750,27750,BGN
1524131015,care,2025-02,27750,55500,BGN
1524131015,care,2025-03,27750,83250,BGN
1524131015,care,2025-04,27750,111000,BGN
1524131015,care,2025-05,26392,137392,BGN
1524131015,care,2025-06,25853,163244,BGN
1524131015,care,2025-07,21319,184563,BGN
1524131015,care,2025-08,21460,206023,BGN
1524131015,care,2025-09,14010,220033,BGN
1524131015,care,2025-10,22101,242134,BGN
1524131015,care,2025-11,33565,275699,BGN
1524131015,care,2025-12,36536,312235,BGN
1524131015,care,2026-01,12458,12458,EUR
1524131015,care,2026-02,16499,28957,EUR
1524131015,care,2026-03,13991,42948,EUR
1524131015,care,2026-04,13617,56565,EUR
1524131015,care,2026-05,13617,70182,EUR
1524131015,care,2026-06,13617,83799,EUR
1524131015,care,2026-07,12146,95945,EUR
1524131015,care,2026-08,11077,107022,EUR
1524131022,care,2024-01,221276,221276,BGN
1524131022,care,2024-02,221276,442552,BGN
1524131022,care,2024-03,221276,663828,BGN
1524131022,care,2024-04,372252,1036080,BGN
1524131022,care,2024-05,279680,1315760,BGN
1524131022,care,2024-06,274160,1589920,BGN
1524131022,care,2024-07,294400,1884320,BGN
1524131022,care,2024-08,272320,2156640,BGN
1524131022,care,2024-09,391920,2548560,BGN
1524131022,care,2024-10,360640,2909200,BGN
1524131022,care,2024-11,368000,3277200,BGN
1524131022,care,2024-12,368000,3645200,BGN
1524131022,care,2025-01,333040,333040,BGN
1524131022,care,2025-02,366160,699200,BGN
1524131022,care,2025-03,296240,995440,BGN
1524131022,care,2025-04,353280,1348720,BGN
1524131022,care,2025-05,362480,1711200,BGN
1524131022,care,2025-06,368000,2079200,BGN
1524131022,care,2025-07,360640,2439840,BGN
1524131022,care,2025-08,355120,2794960,BGN
1524131022,care,2025-09,356960,3151920,BGN
1524131022,care,2025-10,364320,3516240,BGN
1524131022,care,2025-11,368000,3884240,BGN
1524131022,care,2025-12,355120,4239360,BGN
1524131022,care,2026-01,175926,175926,EUR
1524131022,care,2026-02,186274,362200,EUR
1524131022,care,2026-03,185334,547534,EUR
1524131022,care,2026-04,181571,729105,EUR
1524131022,care,2026-05,188156,917261,EUR
1524131022,care,2026-06,185334,1102594,EUR
1524131022,care,2026-07,186274,1288869,EUR
1524131022,care,2026-08,186274,1475143,EUR
1524134003,care,2024-01,9264,9264,BGN
1524134003,care,2024-02,380,9644,BGN
1524134003,care,2024-03,7614,17258,BGN
1524134003,care,2024-04,10355,27613,BGN
1524134003,care,2024-05,10803,38416,BGN
1524134003,care,2024-06,10579,48995,BGN
1524134003,care,2024-07,8668,57663,BGN
1524134003,care,2024-08,10355,68018,BGN
1524134003,care,2024-09,4873,72891,BGN
1524134003,care,2024-10,5482,78373,BGN
1524134003,care,2024-11,6091,84465,BGN
1524134003,care,2024-12,7309,91774,BGN
1524134003,care,2025-01,6700,6700,BGN
1524134003,care,2025-02,0,6700,BGN
1524134003,care,2025-03,11573,18274,BGN
1524134003,care,2025-04,10579,28853,BGN
1524134003,care,2025-05,10101,38954,BGN
1524134003,care,2025-06,11349,50303,BGN
1524134003,care,2025-07,10609,60912,BGN
1524134003,care,2025-08,9137,70049,BGN
1524134003,care,2025-09,4264,74313,BGN
1524134003,care,2025-10,4873,79186,BGN
1524134003,care,2025-11,10964,90150,BGN
1524134003,care,2025-12,4873,95023,BGN
1524134003,care,2026-01,5174,5174,EUR
1524134003,care,2026-02,3114,8289,EUR
1524134003,care,2026-03,2180,10469,EUR
1524134003,care,2026-04,4057,14526,EUR
1524134003,care,2026-05,3114,17640,EUR
1524134003,care,2026-06,3426,21066,EUR
1524134003,care,2026-07,3114,24180,EUR
1524134003,care,2026-08,2803,26983,EUR
1524211001,care,2024-01,4633218,4633218,BGN
1524211001,care,2024-02,4610430,9243648,BGN
1524211001,care,2024-03,5078251,14321899,BGN
1524211001,care,2024-04,6894116,21216015,BGN
1524211001,care,2024-05,5849449,27065465,BGN
1524211001,care,2024-06,5704577,32770041,BGN
1524211001,care,2024-07,5999216,38769257,BGN
1524211001,care,2024-08,5820248,44589505,BGN
1524211001,care,2024-09,5837962,50427467,BGN
1524211001,care,2024-10,5831518,56258985,BGN
1524211001,care,2024-11,6331223,62590208,BGN
1524211001,care,2024-12,5862191,68452399,BGN
1524211001,care,2025-01,5614224,5614224,BGN
1524211001,care,2025-02,5965340,11579564,BGN
1524211001,care,2025-03,5761380,17340945,BGN
1524211001,care,2025-04,5897469,23238413,BGN
1524211001,care,2025-05,8875767,32114180,BGN
1524211001,care,2025-06,6913916,39028096,BGN
1524211001,care,2025-07,6851507,45879603,BGN
1524211001,care,2025-08,6322603,52202206,BGN
1524211001,care,2025-09,5851270,58053476,BGN
1524211001,care,2025-10,5950825,64004302,BGN
1524211001,care,2025-11,6662917,70667219,BGN
1524211001,care,2025-12,6212714,76879932,BGN
1524211001,care,2026-01,2980214,2980214,EUR
1524211001,care,2026-02,3315991,6296204,EUR
1524211001,care,2026-03,3198527,9494731,EUR
1524211001,care,2026-04,3218837,12713568,EUR
1524211001,care,2026-05,3216524,15930092,EUR
1524211001,care,2026-06,3199150,19129242,EUR
1524211001,care,2026-07,3207531,22336773,EUR
1524211001,care,2026-08,3285582,25622355,EUR
1524211001,devices,2024-02,60680,60680,BGN
1524211001,devices,2024-03,37377,98057,BGN
1524211001,devices,2024-04,73992,172049,BGN
1524211001,devices,2024-05,78977,251026,BGN
1524211001,devices,2024-06,64722,315748,BGN
1524211001,devices,2024-07,77256,393004,BGN
1524211001,devices,2024-08,81437,474441,BGN
1524211001,devices,2024-09,67618,542059,BGN
1524211001,devices,2024-10,62949,605008,BGN
1524211001,devices,2024-11,58542,663550,BGN
1524211001,devices,2024-12,124313,787863,BGN
1524211001,devices,2025-01,74161,74161,BGN
1524211001,devices,2025-02,82648,156809,BGN
1524211001,devices,2025-03,110777,267586,BGN
1524211001,devices,2025-04,71201,338787,BGN
1524211001,devices,2025-05,84254,423040,BGN
1524211001,devices,2025-06,87942,510982,BGN
1524211001,devices,2025-07,103612,614594,BGN
1524211001,devices,2025-08,49873,664467,BGN
1524211001,devices,2025-09,82671,747138,BGN
1524211001,devices,2025-10,75391,822529,BGN
1524211001,devices,2025-11,65938,888467,BGN
1524211001,devices,2025-12,0,888467,BGN
1524211001,devices,2026-01,99375,99375,EUR
1524211001,devices,2026-02,38803,138178,EUR
1524211001,devices,2026-03,118412,256589,EUR
1524211001,devices,2026-04,0,256589,EUR
1524211001,devices,2026-05,73208,329797,EUR
1524211001,devices,2026-06,73611,403409,EUR
1524211001,devices,2026-07,70120,473529,EUR
1524211001,devices,2026-08,80347,553876,EUR
1524211001,medicines,2024-01,3490958,3490958,BGN
1524211001,medicines,2024-02,3379249,6870207,BGN
1524211001,medicines,2024-03,3444005,10314212,BGN
1524211001,medicines,2024-04,3336929,13651141,BGN
1524211001,medicines,2024-05,3754810,17405952,BGN
1524211001,medicines,2024-06,3724391,21130343,BGN
1524211001,medicines,2024-07,3952369,25082712,BGN
1524211001,medicines,2024-08,4012256,29094968,BGN
1524211001,medicines,2024-09,3795424,32890392,BGN
1524211001,medicines,2024-10,3782781,36673172,BGN
1524211001,medicines,2024-11,3786722,40459894,BGN
1524211001,medicines,2024-12,4155209,44615103,BGN
1524211001,medicines,2025-01,3764852,3764852,BGN
1524211001,medicines,2025-02,3582348,7347200,BGN
1524211001,medicines,2025-03,4291486,11638686,BGN
1524211001,medicines,2025-04,3827334,15466021,BGN
1524211001,medicines,2025-05,4116318,19582339,BGN
1524211001,medicines,2025-06,4109261,23691600,BGN
1524211001,medicines,2025-07,4332551,28024150,BGN
1524211001,medicines,2025-08,4212019,32236170,BGN
1524211001,medicines,2025-09,4477285,36713455,BGN
1524211001,medicines,2025-10,4329251,41042705,BGN
1524211001,medicines,2025-11,4260712,45303417,BGN
1524211001,medicines,2025-12,4604985,49908402,BGN
1524211001,medicines,2026-01,2348846,2348846,EUR
1524211001,medicines,2026-02,2369719,4718565,EUR
1524211001,medicines,2026-03,2358190,7076755,EUR
1524211001,medicines,2026-04,2173230,9249985,EUR
1524211001,medicines,2026-05,2346495,11596480,EUR
1524211001,medicines,2026-06,2589764,14186244,EUR
1524211001,medicines,2026-07,2432174,16618418,EUR
1524211001,medicines,2026-08,2644297,19262715,EUR
1524211014,care,2024-01,984021,984021,BGN
1524211014,care,2024-02,975593,1959614,BGN
1524211014,care,2024-03,988823,2948437,BGN
1524211014,care,2024-04,1305381,4253819,BGN
1524211014,care,2024-05,1123202,5377021,BGN
1524211014,care,2024-06,1132158,6509179,BGN
1524211014,care,2024-07,1134115,7643294,BGN
1524211014,care,2024-08,1124032,8767326,BGN
1524211014,care,2024-09,1116091,9883418,BGN
1524211014,care,2024-10,1088766,10972184,BGN
1524211014,care,2024-11,1187807,12159990,BGN
1524211014,care,2024-12,1153312,13313302,BGN
1524211014,care,2025-01,950124,950124,BGN
1524211014,care,2025-02,1055198,2005322,BGN
1524211014,care,2025-03,1072033,3077355,BGN
1524211014,care,2025-04,1112161,4189516,BGN
1524211014,care,2025-05,1357058,5546574,BGN
1524211014,care,2025-06,1215318,6761892,BGN
1524211014,care,2025-07,1171601,7933493,BGN
1524211014,care,2025-08,1099448,9032941,BGN
1524211014,care,2025-09,1071673,10104614,BGN
1524211014,care,2025-10,864600,10969213,BGN
1524211014,care,2025-11,1268692,12237905,BGN
1524211014,care,2025-12,1240399,13478305,BGN
1524211014,care,2026-01,506586,506586,EUR
1524211014,care,2026-02,525017,1031603,EUR
1524211014,care,2026-03,577368,1608971,EUR
1524211014,care,2026-04,553971,2162943,EUR
1524211014,care,2026-05,548161,2711104,EUR
1524211014,care,2026-06,547841,3258945,EUR
1524211014,care,2026-07,552265,3811210,EUR
1524211014,care,2026-08,545159,4356369,EUR
1524211014,devices,2024-02,62220,62220,BGN
1524211014,devices,2024-03,63235,125455,BGN
1524211014,devices,2024-04,58020,183475,BGN
1524211014,devices,2024-05,53460,236935,BGN
1524211014,devices,2024-06,59520,296455,BGN
1524211014,devices,2024-07,42240,338695,BGN
1524211014,devices,2024-08,64380,403075,BGN
1524211014,devices,2024-09,50275,453350,BGN
1524211014,devices,2024-10,49140,502490,BGN
1524211014,devices,2024-11,24120,526610,BGN
1524211014,devices,2024-12,69240,595850,BGN
1524211014,devices,2025-01,80580,80580,BGN
1524211014,devices,2025-02,57360,137940,BGN
1524211014,devices,2025-03,47520,185460,BGN
1524211014,devices,2025-04,54120,239580,BGN
1524211014,devices,2025-05,70740,310320,BGN
1524211014,devices,2025-06,70980,381300,BGN
1524211014,devices,2025-07,61020,442320,BGN
1524211014,devices,2025-08,73795,516115,BGN
1524211014,devices,2025-09,60535,576650,BGN
1524211014,devices,2025-10,60480,637130,BGN
1524211014,devices,2025-11,29160,666290,BGN
1524211014,devices,2025-12,0,666290,BGN
1524211014,devices,2026-01,69362,69362,EUR
1524211014,devices,2026-02,38930,108292,EUR
1524211014,devices,2026-03,58256,166548,EUR
1524211014,devices,2026-04,0,166548,EUR
1524211014,devices,2026-05,33132,199680,EUR
1524211014,devices,2026-06,32579,232259,EUR
1524211014,devices,2026-07,36997,269256,EUR
1524211014,devices,2026-08,45065,314322,EUR
1524211014,medicines,2024-01,229989,229989,BGN
1524211014,medicines,2024-02,206964,436953,BGN
1524211014,medicines,2024-03,264488,701441,BGN
1524211014,medicines,2024-04,268932,970373,BGN
1524211014,medicines,2024-05,238236,1208610,BGN
1524211014,medicines,2024-06,259645,1468255,BGN
1524211014,medicines,2024-07,267008,1735263,BGN
1524211014,medicines,2024-08,210761,1946024,BGN
1524211014,medicines,2024-09,225545,2171569,BGN
1524211014,medicines,2024-10,226798,2398367,BGN
1524211014,medicines,2024-11,214884,2613251,BGN
1524211014,medicines,2024-12,157066,2770316,BGN
1524211014,medicines,2025-01,173766,173766,BGN
1524211014,medicines,2025-02,196441,370207,BGN
1524211014,medicines,2025-03,243392,613599,BGN
1524211014,medicines,2025-04,175180,788779,BGN
1524211014,medicines,2025-05,270550,1059329,BGN
1524211014,medicines,2025-06,257002,1316331,BGN
1524211014,medicines,2025-07,221869,1538200,BGN
1524211014,medicines,2025-08,237270,1775470,BGN
1524211014,medicines,2025-09,248393,2023863,BGN
1524211014,medicines,2025-10,214208,2238071,BGN
1524211014,medicines,2025-11,218959,2457030,BGN
1524211014,medicines,2025-12,201095,2658125,BGN
1524211014,medicines,2026-01,106591,106591,EUR
1524211014,medicines,2026-02,82437,189028,EUR
1524211014,medicines,2026-03,94782,283810,EUR
1524211014,medicines,2026-04,98432,382243,EUR
1524211014,medicines,2026-05,81001,463243,EUR
1524211014,medicines,2026-06,94018,557261,EUR
1524211014,medicines,2026-07,71683,628944,EUR
1524211014,medicines,2026-08,71585,700529,EUR
1524211017,care,2024-01,554540,554540,BGN
1524211017,care,2024-02,687501,1242041,BGN
1524211017,care,2024-03,631441,1873481,BGN
1524211017,care,2024-04,687825,2561307,BGN
1524211017,care,2024-05,716005,3277312,BGN
1524211017,care,2024-06,653933,3931245,BGN
1524211017,care,2024-07,678719,4609964,BGN
1524211017,care,2024-08,683219,5293183,BGN
1524211017,care,2024-09,685969,5979152,BGN
1524211017,care,2024-10,688719,6667871,BGN
1524211017,care,2024-11,707987,7375858,BGN
1524211017,care,2024-12,692719,8068577,BGN
1524211017,care,2025-01,462978,462978,BGN
1524211017,care,2025-02,693739,1156717,BGN
1524211017,care,2025-03,813165,1969883,BGN
1524211017,care,2025-04,693969,2663852,BGN
1524211017,care,2025-05,717609,3381461,BGN
1524211017,care,2025-06,1085883,4467344,BGN
1524211017,care,2025-07,736055,5203399,BGN
1524211017,care,2025-08,753985,5957384,BGN
1524211017,care,2025-09,688002,6645386,BGN
1524211017,care,2025-10,651835,7297221,BGN
1524211017,care,2025-11,777111,8074332,BGN
1524211017,care,2025-12,711598,8785930,BGN
1524211017,care,2026-01,356390,356390,EUR
1524211017,care,2026-02,377127,733517,EUR
1524211017,care,2026-03,367766,1101283,EUR
1524211017,care,2026-04,367638,1468921,EUR
1524211017,care,2026-05,368277,1837199,EUR
1524211017,care,2026-06,370450,2207649,EUR
1524211017,care,2026-07,371089,2578738,EUR
1524211017,care,2026-08,370603,2949341,EUR
1524211017,devices,2024-02,28178,28178,BGN
1524211017,devices,2024-03,44630,72808,BGN
1524211017,devices,2024-04,32880,105688,BGN
1524211017,devices,2024-05,37435,143123,BGN
1524211017,devices,2024-06,48158,191281,BGN
1524211017,devices,2024-07,36834,228115,BGN
1524211017,devices,2024-08,34560,262675,BGN
1524211017,devices,2024-09,30950,293625,BGN
1524211017,devices,2024-10,21158,314783,BGN
1524211017,devices,2024-11,39775,354558,BGN
1524211017,devices,2024-12,49495,404053,BGN
1524211017,devices,2025-01,45326,45326,BGN
1524211017,devices,2025-02,34299,79625,BGN
1524211017,devices,2025-03,35749,115374,BGN
1524211017,devices,2025-04,42290,157664,BGN
1524211017,devices,2025-05,45901,203565,BGN
1524211017,devices,2025-06,41263,244828,BGN
1524211017,devices,2025-07,29438,274266,BGN
1524211017,devices,2025-08,50252,324518,BGN
1524211017,devices,2025-09,33502,358020,BGN
1524211017,devices,2025-10,31151,389171,BGN
1524211017,devices,2025-11,38355,427526,BGN
1524211017,devices,2025-12,0,427526,BGN
1524211017,devices,2026-01,54001,54001,EUR
1524211017,devices,2026-02,20242,74243,EUR
1524211017,devices,2026-03,21639,95882,EUR
1524211017,devices,2026-04,0,95882,EUR
1524211017,devices,2026-05,19935,115817,EUR
1524211017,devices,2026-06,21544,137360,EUR
1524211017,devices,2026-07,25504,162864,EUR
1524211017,devices,2026-08,14082,176946,EUR
1524211018,care,2024-01,19072,19072,BGN
1524211018,care,2024-02,20076,39148,BGN
1524211018,care,2024-03,20076,59224,BGN
1524211018,care,2024-04,75566,134789,BGN
1524211018,care,2024-05,42471,177260,BGN
1524211018,care,2024-06,36106,213366,BGN
1524211018,care,2024-07,36106,249472,BGN
1524211018,care,2024-08,35624,285096,BGN
1524211018,care,2024-09,22807,307903,BGN
1524211018,care,2024-10,36106,344009,BGN
1524211018,care,2024-11,36381,380390,BGN
1524211018,care,2024-12,36106,416496,BGN
1524211018,care,2025-01,35574,35574,BGN
1524211018,care,2025-02,30986,66560,BGN
1524211018,care,2025-03,41758,108318,BGN
1524211018,care,2025-04,36106,144424,BGN
1524211018,care,2025-05,46406,190830,BGN
1524211018,care,2025-06,2095,192926,BGN
1524211018,care,2025-07,0,192926,BGN
1524211018,care,2025-08,0,192926,BGN
1524211018,care,2025-09,0,192926,BGN
1524211018,care,2025-10,0,192926,BGN
1524211018,care,2025-11,0,192926,BGN
1524211018,care,2025-12,0,192926,BGN
1524211019,care,2024-01,1542093,1542093,BGN
1524211019,care,2024-02,1530985,3073079,BGN
1524211019,care,2024-03,1542623,4615701,BGN
1524211019,care,2024-04,4210458,8826160,BGN
1524211019,care,2024-05,2480892,11307051,BGN
1524211019,care,2024-06,2262152,13569203,BGN
1524211019,care,2024-07,2649752,16218954,BGN
1524211019,care,2024-08,2352022,18570977,BGN
1524211019,care,2024-09,2646976,21217953,BGN
1524211019,care,2024-10,2330700,23548653,BGN
1524211019,care,2024-11,2693560,26242213,BGN
1524211019,care,2024-12,2440007,28682220,BGN
1524211019,care,2025-01,2285240,2285240,BGN
1524211019,care,2025-02,2402715,4687954,BGN
1524211019,care,2025-03,2641439,7329394,BGN
1524211019,care,2025-04,2519175,9848568,BGN
1524211019,care,2025-05,4548519,14397087,BGN
1524211019,care,2025-06,2980059,17377145,BGN
1524211019,care,2025-07,2769945,20147090,BGN
1524211019,care,2025-08,3116631,23263721,BGN
1524211019,care,2025-09,2700916,25964636,BGN
1524211019,care,2025-10,2959790,28924427,BGN
1524211019,care,2025-11,3050435,31974861,BGN
1524211019,care,2025-12,2986947,34961808,BGN
1524211019,care,2026-01,1483704,1483704,EUR
1524211019,care,2026-02,1509984,2993688,EUR
1524211019,care,2026-03,1653355,4647043,EUR
1524211019,care,2026-04,1612094,6259137,EUR
1524211019,care,2026-05,1609894,7869031,EUR
1524211019,care,2026-06,1628530,9497561,EUR
1524211019,care,2026-07,1739796,11237357,EUR
1524211019,care,2026-08,1709139,12946497,EUR
1524211019,devices,2024-02,6672,6672,BGN
1524211019,devices,2024-03,2622,9294,BGN
1524211019,devices,2024-04,7727,17021,BGN
1524211019,devices,2024-05,3959,20980,BGN
1524211019,devices,2024-06,12343,33323,BGN
1524211019,devices,2024-07,7677,41000,BGN
1524211019,devices,2024-08,7690,48690,BGN
1524211019,devices,2024-09,6451,55141,BGN
1524211019,devices,2024-10,9201,64342,BGN
1524211019,devices,2024-11,942,65284,BGN
1524211019,devices,2024-12,1927,67211,BGN
1524211019,devices,2025-01,840,840,BGN
1524211019,devices,2025-02,1782,2622,BGN
1524211019,devices,2025-03,2007,4629,BGN
1524211019,devices,2025-04,942,5571,BGN
1524211019,devices,2025-05,0,5571,BGN
1524211019,devices,2025-06,942,6513,BGN
1524211019,devices,2025-07,2955,9468,BGN
1524211019,devices,2025-08,985,10453,BGN
1524211019,devices,2025-09,12884,23337,BGN
1524211019,devices,2025-10,17550,40887,BGN
1524211019,devices,2025-11,13334,54221,BGN
1524211019,devices,2025-12,0,54221,BGN
1524211019,devices,2026-01,18176,18176,EUR
1524211019,devices,2026-02,7487,25664,EUR
1524211019,devices,2026-03,19423,45086,EUR
1524211019,devices,2026-04,0,45086,EUR
1524211019,devices,2026-05,10044,55130,EUR
1524211019,devices,2026-06,10220,65350,EUR
1524211019,devices,2026-07,12424,77774,EUR
1524211019,devices,2026-08,14725,92499,EUR
1524211019,medicines,2024-01,1350868,1350868,BGN
1524211019,medicines,2024-02,1024917,2375785,BGN
1524211019,medicines,2024-03,1775402,4151187,BGN
1524211019,medicines,2024-04,2139038,6290225,BGN
1524211019,medicines,2024-05,1495881,7786106,BGN
1524211019,medicines,2024-06,1511548,9297655,BGN
1524211019,medicines,2024-07,1434964,10732619,BGN
1524211019,medicines,2024-08,1505029,12237647,BGN
1524211019,medicines,2024-09,1556202,13793849,BGN
1524211019,medicines,2024-10,1653873,15447722,BGN
1524211019,medicines,2024-11,1441039,16888761,BGN
1524211019,medicines,2024-12,1790359,18679120,BGN
1524211019,medicines,2025-01,1751819,1751819,BGN
1524211019,medicines,2025-02,1484727,3236546,BGN
1524211019,medicines,2025-03,1873350,5109896,BGN
1524211019,medicines,2025-04,1651771,6761667,BGN
1524211019,medicines,2025-05,1681286,8442953,BGN
1524211019,medicines,2025-06,1833682,10276635,BGN
1524211019,medicines,2025-07,1922546,12199181,BGN
1524211019,medicines,2025-08,1944673,14143854,BGN
1524211019,medicines,2025-09,2126971,16270825,BGN
1524211019,medicines,2025-10,1952230,18223055,BGN
1524211019,medicines,2025-11,1666897,19889952,BGN
1524211019,medicines,2025-12,1978998,21868950,BGN
1524211019,medicines,2026-01,909023,909023,EUR
1524211019,medicines,2026-02,863375,1772398,EUR
1524211019,medicines,2026-03,1043542,2815940,EUR
1524211019,medicines,2026-04,968759,3784698,EUR
1524211019,medicines,2026-05,1077207,4861905,EUR
1524211019,medicines,2026-06,1238283,6100188,EUR
1524211019,medicines,2026-07,1139269,7239457,EUR
1524211019,medicines,2026-08,1341732,8581190,EUR
1524211020,care,2024-01,5004921,5004921,BGN
1524211020,care,2024-02,5048454,10053376,BGN
1524211020,care,2024-03,5036531,15089907,BGN
1524211020,care,2024-04,13616608,28706515,BGN
1524211020,care,2024-05,7422799,36129314,BGN
1524211020,care,2024-06,7882244,44011558,BGN
1524211020,care,2024-07,7747465,51759023,BGN
1524211020,care,2024-08,7584614,59343637,BGN
1524211020,care,2024-09,7610099,66953737,BGN
1524211020,care,2024-10,7601399,74555136,BGN
1524211020,care,2024-11,9083001,83638137,BGN
1524211020,care,2024-12,7581470,91219606,BGN
1524211020,care,2025-01,7487924,7487924,BGN
1524211020,care,2025-02,7691930,15179855,BGN
1524211020,care,2025-03,7809992,22989846,BGN
1524211020,care,2025-04,7803564,30793410,BGN
1524211020,care,2025-05,18396013,49189424,BGN
1524211020,care,2025-06,10686669,59876093,BGN
1524211020,care,2025-07,9974437,69850530,BGN
1524211020,care,2025-08,10106708,79957238,BGN
1524211020,care,2025-09,9535499,89492737,BGN
1524211020,care,2025-10,8448810,97941548,BGN
1524211020,care,2025-11,8769606,106711154,BGN
1524211020,care,2025-12,8705097,115416251,BGN
1524211020,care,2026-01,4484323,4484323,EUR
1524211020,care,2026-02,5650677,10134999,EUR
1524211020,care,2026-03,5129297,15264296,EUR
1524211020,care,2026-04,5059804,20324100,EUR
1524211020,care,2026-05,5064656,25388755,EUR
1524211020,care,2026-06,5052348,30441104,EUR
1524211020,care,2026-07,5026906,35468010,EUR
1524211020,care,2026-08,5143184,40611194,EUR
1524211020,devices,2024-02,328891,328891,BGN
1524211020,devices,2024-03,329110,658001,BGN
1524211020,devices,2024-04,262366,920367,BGN
1524211020,devices,2024-05,319391,1239758,BGN
1524211020,devices,2024-06,392381,1632139,BGN
1524211020,devices,2024-07,234836,1866975,BGN
1524211020,devices,2024-08,482224,2349199,BGN
1524211020,devices,2024-09,349027,2698226,BGN
1524211020,devices,2024-10,378835,3077061,BGN
1524211020,devices,2024-11,316582,3393643,BGN
1524211020,devices,2024-12,362543,3756186,BGN
1524211020,devices,2025-01,445187,445187,BGN
1524211020,devices,2025-02,457579,902765,BGN
1524211020,devices,2025-03,353060,1255825,BGN
1524211020,devices,2025-04,399587,1655412,BGN
1524211020,devices,2025-05,582107,2237519,BGN
1524211020,devices,2025-06,464985,2702504,BGN
1524211020,devices,2025-07,480152,3182656,BGN
1524211020,devices,2025-08,711418,3894074,BGN
1524211020,devices,2025-09,663731,4557805,BGN
1524211020,devices,2025-10,410200,4968005,BGN
1524211020,devices,2025-11,445248,5413253,BGN
1524211020,devices,2025-12,0,5413253,BGN
1524211020,devices,2026-01,601244,601244,EUR
1524211020,devices,2026-02,212406,813650,EUR
1524211020,devices,2026-03,457612,1271262,EUR
1524211020,devices,2026-04,0,1271262,EUR
1524211020,devices,2026-05,247772,1519034,EUR
1524211020,devices,2026-06,257568,1776602,EUR
1524211020,devices,2026-07,266118,2042720,EUR
1524211020,devices,2026-08,286724,2329444,EUR
1524211020,medicines,2024-01,1968220,1968220,BGN
1524211020,medicines,2024-02,1929625,3897844,BGN
1524211020,medicines,2024-03,1804663,5702507,BGN
1524211020,medicines,2024-04,1774093,7476600,BGN
1524211020,medicines,2024-05,2229458,9706058,BGN
1524211020,medicines,2024-06,2176983,11883041,BGN
1524211020,medicines,2024-07,2327220,14210261,BGN
1524211020,medicines,2024-08,2258592,16468853,BGN
1524211020,medicines,2024-09,2134084,18602937,BGN
1524211020,medicines,2024-10,2437408,21040345,BGN
1524211020,medicines,2024-11,2357090,23397435,BGN
1524211020,medicines,2024-12,2634887,26032322,BGN
1524211020,medicines,2025-01,2679541,2679541,BGN
1524211020,medicines,2025-02,2659140,5338681,BGN
1524211020,medicines,2025-03,2708383,8047064,BGN
1524211020,medicines,2025-04,2745011,10792075,BGN
1524211020,medicines,2025-05,3209073,14001148,BGN
1524211020,medicines,2025-06,3092238,17093386,BGN
1524211020,medicines,2025-07,3162621,20256007,BGN
1524211020,medicines,2025-08,3427464,23683471,BGN
1524211020,medicines,2025-09,4081684,27765155,BGN
1524211020,medicines,2025-10,3776335,31541490,BGN
1524211020,medicines,2025-11,3512844,35054334,BGN
1524211020,medicines,2025-12,4157047,39211381,BGN
1524211020,medicines,2026-01,1906825,1906825,EUR
1524211020,medicines,2026-02,1951693,3858518,EUR
1524211020,medicines,2026-03,1816626,5675143,EUR
1524211020,medicines,2026-04,1742032,7417176,EUR
1524211020,medicines,2026-05,2089703,9506879,EUR
1524211020,medicines,2026-06,2219096,11725974,EUR
1524211020,medicines,2026-07,2203226,13929201,EUR
1524211020,medicines,2026-08,2222794,16151994,EUR
1524212015,care,2024-01,425822,425822,BGN
1524212015,care,2024-02,435056,860878,BGN
1524212015,care,2024-03,435056,1295934,BGN
1524212015,care,2024-04,675585,1971519,BGN
1524212015,care,2024-05,488929,2460448,BGN
1524212015,care,2024-06,495423,2955871,BGN
1524212015,care,2024-07,479213,3435084,BGN
1524212015,care,2024-08,554550,3989634,BGN
1524212015,care,2024-09,514662,4504296,BGN
1524212015,care,2024-10,514662,5018958,BGN
1524212015,care,2024-11,523131,5542089,BGN
1524212015,care,2024-12,514662,6056751,BGN
1524212015,care,2025-01,504758,504758,BGN
1524212015,care,2025-02,511855,1016614,BGN
1524212015,care,2025-03,501584,1518198,BGN
1524212015,care,2025-04,500488,2018686,BGN
1524212015,care,2025-05,522563,2541249,BGN
1524212015,care,2025-06,599649,3140898,BGN
1524212015,care,2025-07,568113,3709011,BGN
1524212015,care,2025-08,562126,4271137,BGN
1524212015,care,2025-09,554412,4825549,BGN
1524212015,care,2025-10,549378,5374927,BGN
1524212015,care,2025-11,554848,5929776,BGN
1524212015,care,2025-12,569754,6499530,BGN
1524212015,care,2026-01,281711,281711,EUR
1524212015,care,2026-02,273621,555332,EUR
1524212015,care,2026-03,264594,819926,EUR
1524212015,care,2026-04,263185,1083111,EUR
1524212015,care,2026-05,264626,1347737,EUR
1524212015,care,2026-06,289254,1636990,EUR
1524212015,care,2026-07,273774,1910765,EUR
1524212015,care,2026-08,262259,2173024,EUR
1524212015,devices,2024-04,2094,2094,BGN
1524212015,devices,2024-05,0,2094,BGN
1524212015,devices,2024-06,0,2094,BGN
1524212015,devices,2024-07,0,2094,BGN
1524212015,devices,2024-08,1047,3141,BGN
1524212015,devices,2024-09,2094,5235,BGN
1524212015,devices,2024-10,0,5235,BGN
1524212015,devices,2024-11,2094,7329,BGN
1524212015,devices,2024-12,2094,9423,BGN
1524212015,devices,2025-01,3494,3494,BGN
1524212015,devices,2025-02,1047,4541,BGN
1524212015,devices,2025-03,2447,6988,BGN
1524212015,devices,2025-04,8388,15376,BGN
1524212015,devices,2025-05,3847,19223,BGN
1524212015,devices,2025-06,1047,20270,BGN
1524212015,devices,2025-07,0,20270,BGN
1524212015,devices,2025-08,2800,23070,BGN
1524212015,devices,2025-09,3494,26564,BGN
1524212015,devices,2025-10,1400,27964,BGN
1524212015,devices,2025-11,8388,36352,BGN
1524212015,devices,2025-12,0,36352,BGN
1524212015,devices,2026-01,4650,4650,EUR
1524212015,devices,2026-02,716,5366,EUR
1524212015,devices,2026-03,2854,8220,EUR
1524212015,devices,2026-04,0,8220,EUR
1524212015,devices,2026-05,1967,10187,EUR
1524212015,devices,2026-06,1432,11618,EUR
1524212015,devices,2026-07,2141,13759,EUR
1524212015,devices,2026-08,2502,16262,EUR
1524911008,care,2024-01,298475,298475,BGN
1524911008,care,2024-02,415179,713654,BGN
1524911008,care,2024-03,390219,1103873,BGN
1524911008,care,2024-04,553861,1657733,BGN
1524911008,care,2024-05,451266,2108999,BGN
1524911008,care,2024-06,451266,2560265,BGN
1524911008,care,2024-07,451266,3011531,BGN
1524911008,care,2024-08,451266,3462797,BGN
1524911008,care,2024-09,451266,3914063,BGN
1524911008,care,2024-10,451266,4365329,BGN
1524911008,care,2024-11,500445,4865774,BGN
1524911008,care,2024-12,451266,5317040,BGN
1524911008,care,2025-01,253654,253654,BGN
1524911008,care,2025-02,458387,712041,BGN
1524911008,care,2025-03,439863,1151904,BGN
1524911008,care,2025-04,451266,1603170,BGN
1524911008,care,2025-05,700011,2303180,BGN
1524911008,care,2025-06,518785,2821966,BGN
1524911008,care,2025-07,463710,3285676,BGN
1524911008,care,2025-08,463996,3749672,BGN
1524911008,care,2025-09,422901,4172573,BGN
1524911008,care,2025-10,425450,4598023,BGN
1524911008,care,2025-11,425450,5023473,BGN
1524911008,care,2025-12,425450,5448923,BGN
1524911008,care,2026-01,208384,208384,EUR
1524911008,care,2026-02,209387,417771,EUR
1524911008,care,2026-03,250515,668286,EUR
1524911008,care,2026-04,227684,895970,EUR
1524911008,care,2026-05,218362,1114333,EUR
1524911008,care,2026-06,204775,1319108,EUR
1524911008,care,2026-07,227684,1546792,EUR
1524911008,care,2026-08,210321,1757112,EUR
1524911008,devices,2026-03,1227,1227,EUR
1524911008,devices,2026-04,0,1227,EUR
1524911008,devices,2026-05,614,1841,EUR
1524911008,devices,2026-06,0,1841,EUR
1524911008,devices,2026-07,0,1841,EUR
1524911008,devices,2026-08,1227,3068,EUR
1537211002,care,2024-01,250782,250782,BGN
1537211002,care,2024-02,284833,535615,BGN
1537211002,care,2024-03,393746,929361,BGN
1537211002,care,2024-04,329813,1259175,BGN
1537211002,care,2024-05,329549,1588724,BGN
1537211002,care,2024-06,335233,1923957,BGN
1537211002,care,2024-07,327795,2251752,BGN
1537211002,care,2024-08,337457,2589209,BGN
1537211002,care,2024-09,334935,2924143,BGN
1537211002,care,2024-10,324144,3248288,BGN
1537211002,care,2024-11,380208,3628495,BGN
1537211002,care,2024-12,319299,3947794,BGN
1537211002,care,2025-01,308850,308850,BGN
1537211002,care,2025-02,327805,636655,BGN
1537211002,care,2025-03,307817,944473,BGN
1537211002,care,2025-04,316277,1260749,BGN
1537211002,care,2025-05,458653,1719403,BGN
1537211002,care,2025-06,389114,2108517,BGN
1537211002,care,2025-07,468119,2576636,BGN
1537211002,care,2025-08,342037,2918673,BGN
1537211002,care,2025-09,315843,3234516,BGN
1537211002,care,2025-10,314684,3549200,BGN
1537211002,care,2025-11,365294,3914494,BGN
1537211002,care,2025-12,339576,4254070,BGN
1537211002,care,2026-01,172096,172096,EUR
1537211002,care,2026-02,165347,337443,EUR
1537211002,care,2026-03,167576,505019,EUR
1537211002,care,2026-04,172180,677199,EUR
1537211002,care,2026-05,168820,846019,EUR
1537211002,care,2026-06,164502,1010522,EUR
1537211002,care,2026-07,168189,1178710,EUR
1537211002,care,2026-08,147510,1326220,EUR
1539211012,care,2024-01,269782,269782,BGN
1539211012,care,2024-02,272355,542137,BGN
1539211012,care,2024-03,367023,909160,BGN
1539211012,care,2024-04,338750,1247910,BGN
1539211012,care,2024-05,325333,1573243,BGN
1539211012,care,2024-06,331085,1904328,BGN
1539211012,care,2024-07,335641,2239969,BGN
1539211012,care,2024-08,325709,2565678,BGN
1539211012,care,2024-09,333111,2898789,BGN
1539211012,care,2024-10,335608,3234397,BGN
1539211012,care,2024-11,327024,3561421,BGN
1539211012,care,2024-12,329479,3890901,BGN
1539211012,care,2025-01,322987,322987,BGN
1539211012,care,2025-02,320878,643866,BGN
1539211012,care,2025-03,315880,959746,BGN
1539211012,care,2025-04,329259,1289005,BGN
1539211012,care,2025-05,314738,1603742,BGN
1539211012,care,2025-06,343157,1946899,BGN
1539211012,care,2025-07,405850,2352749,BGN
1539211012,care,2025-08,345849,2698598,BGN
1539211012,care,2025-09,332230,3030828,BGN
1539211012,care,2025-10,354866,3385695,BGN
1539211012,care,2025-11,337953,3723647,BGN
1539211012,care,2025-12,348969,4072616,BGN
1539211012,care,2026-01,175980,175980,EUR
1539211012,care,2026-02,157052,333032,EUR
1539211012,care,2026-03,172406,505438,EUR
1539211012,care,2026-04,172394,677832,EUR
1539211012,care,2026-05,168803,846635,EUR
1539211012,care,2026-06,169954,1016589,EUR
1539211012,care,2026-07,174690,1191279,EUR
1539211012,care,2026-08,174654,1365933,EUR
1601133001,care,2024-01,800,800,BGN
1601133001,care,2024-02,800,1600,BGN
1601133001,care,2024-03,800,2400,BGN
1601133001,care,2024-04,12720,15120,BGN
1601133001,care,2024-05,3024,18144,BGN
1601133001,care,2024-06,3024,21168,BGN
1601133001,care,2024-07,3024,24192,BGN
1601133001,care,2024-08,3024,27216,BGN
1601133001,care,2024-09,3024,30240,BGN
1601133001,care,2024-10,3024,33264,BGN
1601133001,care,2024-11,6143,39407,BGN
1601133001,care,2024-12,3024,42431,BGN
1601133001,care,2025-01,3024,3024,BGN
1601133001,care,2025-02,3024,6048,BGN
1601133001,care,2025-03,3024,9072,BGN
1601133001,care,2025-04,3024,12096,BGN
1601133001,care,2025-05,20695,32791,BGN
1601133001,care,2025-06,4536,37327,BGN
1601133001,care,2025-07,3780,41107,BGN
1601133001,care,2025-08,4914,46021,BGN
1601133001,care,2025-09,4410,50431,BGN
1601133001,care,2025-10,4284,54715,BGN
1601133001,care,2025-11,4158,58873,BGN
1601133001,care,2025-12,4410,63283,BGN
1601133001,care,2026-01,1546,1546,EUR
1601133001,care,2026-02,1739,3286,EUR
1601133001,care,2026-03,1546,4832,EUR
1601133001,care,2026-04,2303,7135,EUR
1601133001,care,2026-05,2303,9438,EUR
1601133001,care,2026-06,2303,11741,EUR
1601133001,care,2026-07,2303,14044,EUR
1601133001,care,2026-08,2126,16170,EUR
1601211005,care,2024-01,869159,869159,BGN
1601211005,care,2024-02,895685,1764843,BGN
1601211005,care,2024-03,1069591,2834434,BGN
1601211005,care,2024-04,1225867,4060301,BGN
1601211005,care,2024-05,1032965,5093266,BGN
1601211005,care,2024-06,1056114,6149379,BGN
1601211005,care,2024-07,1039847,7189226,BGN
1601211005,care,2024-08,1054033,8243260,BGN
1601211005,care,2024-09,1054334,9297593,BGN
1601211005,care,2024-10,1044895,10342488,BGN
1601211005,care,2024-11,1144589,11487076,BGN
1601211005,care,2024-12,1033434,12520510,BGN
1601211005,care,2025-01,1003137,1003137,BGN
1601211005,care,2025-02,1080241,2083378,BGN
1601211005,care,2025-03,1030166,3113544,BGN
1601211005,care,2025-04,1055733,4169277,BGN
1601211005,care,2025-05,1783274,5952551,BGN
1601211005,care,2025-06,1314984,7267535,BGN
1601211005,care,2025-07,1335123,8602657,BGN
1601211005,care,2025-08,1143761,9746419,BGN
1601211005,care,2025-09,1093927,10840345,BGN
1601211005,care,2025-10,1068030,11908376,BGN
1601211005,care,2025-11,1216538,13124914,BGN
1601211005,care,2025-12,1057638,14182551,BGN
1601211005,care,2026-01,558675,558675,EUR
1601211005,care,2026-02,562343,1121017,EUR
1601211005,care,2026-03,551971,1672988,EUR
1601211005,care,2026-04,589759,2262747,EUR
1601211005,care,2026-05,588893,2851640,EUR
1601211005,care,2026-06,559539,3411179,EUR
1601211005,care,2026-07,569359,3980538,EUR
1601211005,care,2026-08,579357,4559895,EUR
1601232056,care,2024-01,104132,104132,BGN
1601232056,care,2024-02,58620,162752,BGN
1601232056,care,2024-03,128245,290997,BGN
1601232056,care,2024-04,166991,457988,BGN
1601232056,care,2024-05,166991,624979,BGN
1601232056,care,2024-06,166991,791970,BGN
1601232056,care,2024-07,166991,958961,BGN
1601232056,care,2024-08,166991,1125952,BGN
1601232056,care,2024-09,166991,1292943,BGN
1601232056,care,2024-10,166991,1459934,BGN
1601232056,care,2024-11,183777,1643711,BGN
1601232056,care,2024-12,166991,1810702,BGN
1601232056,care,2025-01,144334,144334,BGN
1601232056,care,2025-02,48707,193041,BGN
1601232056,care,2025-03,134372,327412,BGN
1601232056,care,2025-04,166991,494403,BGN
1601232056,care,2025-05,249600,744004,BGN
1601232056,care,2025-06,142922,886926,BGN
1601232056,care,2025-07,218082,1105007,BGN
1601232056,care,2025-08,204119,1309127,BGN
1601232056,care,2025-09,179629,1488756,BGN
1601232056,care,2025-10,109129,1597885,BGN
1601232056,care,2025-11,109129,1707014,BGN
1601232056,care,2025-12,109129,1816143,BGN
1601232056,care,2026-01,80007,80007,EUR
1601232056,care,2026-02,37455,117461,EUR
1601232056,care,2026-03,97735,215197,EUR
1601232056,care,2026-04,81910,297106,EUR
1601232056,care,2026-05,94460,391567,EUR
1601232056,care,2026-06,88185,479752,EUR
1601232056,care,2026-07,86977,566729,EUR
1601232056,care,2026-08,80687,647417,EUR
1601233016,care,2024-01,130396,130396,BGN
1601233016,care,2024-02,5836,136233,BGN
1601233016,care,2024-03,72287,208520,BGN
1601233016,care,2024-04,145843,354363,BGN
1601233016,care,2024-05,178678,533041,BGN
1601233016,care,2024-06,177232,710273,BGN
1601233016,care,2024-07,140497,850771,BGN
1601233016,care,2024-08,150960,1001731,BGN
1601233016,care,2024-09,128525,1130256,BGN
1601233016,care,2024-10,143389,1273645,BGN
1601233016,care,2024-11,210073,1483718,BGN
1601233016,care,2024-12,176731,1660449,BGN
1601233016,care,2025-01,149901,149901,BGN
1601233016,care,2025-02,12023,161924,BGN
1601233016,care,2025-03,73140,235064,BGN
1601233016,care,2025-04,140884,375948,BGN
1601233016,care,2025-05,147253,523202,BGN
1601233016,care,2025-06,78349,601551,BGN
1601233016,care,2025-07,132533,734084,BGN
1601233016,care,2025-08,158081,892165,BGN
1601233016,care,2025-09,118842,1011007,BGN
1601233016,care,2025-10,78349,1089356,BGN
1601233016,care,2025-11,78349,1167705,BGN
1601233016,care,2025-12,78349,1246054,BGN
1601233016,care,2026-01,67054,67054,EUR
1601233016,care,2026-02,6147,73201,EUR
1601233016,care,2026-03,17674,90875,EUR
1601233016,care,2026-04,54331,145205,EUR
1601233016,care,2026-05,71236,216442,EUR
1601233016,care,2026-06,75078,291520,EUR
1601233016,care,2026-07,55326,346846,EUR
1601233016,care,2026-08,43460,390306,EUR
1613131004,care,2024-01,4568,4568,BGN
1613131004,care,2024-02,15228,19796,BGN
1613131004,care,2024-03,9137,28933,BGN
1613131004,care,2024-04,11573,40506,BGN
1613131004,care,2024-05,11573,52079,BGN
1613131004,care,2024-06,11573,63652,BGN
1613131004,care,2024-07,11573,75225,BGN
1613131004,care,2024-08,8529,83754,BGN
1613131004,care,2024-09,4873,88627,BGN
1613131004,care,2024-10,9746,98373,BGN
1613131004,care,2024-11,13400,111773,BGN
1613131004,care,2024-12,11573,123346,BGN
1613131004,care,2025-01,4873,4873,BGN
1613131004,care,2025-02,14619,19492,BGN
1613131004,care,2025-03,9137,28629,BGN
1613131004,care,2025-04,9746,38375,BGN
1613131004,care,2025-05,13401,51776,BGN
1613131004,care,2025-06,11165,62941,BGN
1613131004,care,2025-07,9542,72483,BGN
1613131004,care,2025-08,8936,81419,BGN
1613131004,care,2025-09,11777,93196,BGN
1613131004,care,2025-10,9542,102738,BGN
1613131004,care,2025-11,9542,112280,BGN
1613131004,care,2025-12,9137,121417,BGN
1613131004,care,2026-01,4879,4879,EUR
1613131004,care,2026-02,4983,9862,EUR
1613131004,care,2026-03,2180,12042,EUR
1613131004,care,2026-04,3114,15156,EUR
1613131004,care,2026-05,2492,17648,EUR
1613131004,care,2026-06,4672,22319,EUR
1613131004,care,2026-07,2180,24500,EUR
1613131004,care,2026-08,1557,26057,EUR
1613211006,care,2024-01,421953,421953,BGN
1613211006,care,2024-02,423778,845731,BGN
1613211006,care,2024-03,606634,1452365,BGN
1613211006,care,2024-04,734920,2187285,BGN
1613211006,care,2024-05,555433,2742719,BGN
1613211006,care,2024-06,538975,3281693,BGN
1613211006,care,2024-07,585031,3866724,BGN
1613211006,care,2024-08,574829,4441553,BGN
1613211006,care,2024-09,460819,4902371,BGN
1613211006,care,2024-10,434772,5337143,BGN
1613211006,care,2024-11,564311,5901455,BGN
1613211006,care,2024-12,547747,6449202,BGN
1613211006,care,2025-01,508741,508741,BGN
1613211006,care,2025-02,544928,1053668,BGN
1613211006,care,2025-03,606563,1660232,BGN
1613211006,care,2025-04,571325,2231557,BGN
1613211006,care,2025-05,480023,2711580,BGN
1613211006,care,2025-06,486733,3198313,BGN
1613211006,care,2025-07,679700,3878014,BGN
1613211006,care,2025-08,477288,4355301,BGN
1613211006,care,2025-09,442499,4797800,BGN
1613211006,care,2025-10,430123,5227924,BGN
1613211006,care,2025-11,535012,5762936,BGN
1613211006,care,2025-12,489393,6252329,BGN
1613211006,care,2026-01,265785,265785,EUR
1613211006,care,2026-02,264393,530177,EUR
1613211006,care,2026-03,248232,778409,EUR
1613211006,care,2026-04,259956,1038365,EUR
1613211006,care,2026-05,255916,1294281,EUR
1613211006,care,2026-06,239424,1533705,EUR
1613211006,care,2026-07,212211,1745916,EUR
1613211006,care,2026-08,242078,1987994,EUR
1613232020,care,2024-01,126225,126225,BGN
1613232020,care,2024-02,83911,210136,BGN
1613232020,care,2024-03,231512,441649,BGN
1613232020,care,2024-04,170384,612033,BGN
1613232020,care,2024-05,170384,782417,BGN
1613232020,care,2024-06,170384,952801,BGN
1613232020,care,2024-07,170384,1123185,BGN
1613232020,care,2024-08,170384,1293569,BGN
1613232020,care,2024-09,170384,1463953,BGN
1613232020,care,2024-10,170384,1634337,BGN
1613232020,care,2024-11,225029,1859366,BGN
1613232020,care,2024-12,170384,2029750,BGN
1613232020,care,2025-01,99190,99190,BGN
1613232020,care,2025-02,94960,194151,BGN
1613232020,care,2025-03,170605,364756,BGN
1613232020,care,2025-04,170384,535140,BGN
1613232020,care,2025-05,340902,876042,BGN
1613232020,care,2025-06,205737,1081779,BGN
1613232020,care,2025-07,222927,1304706,BGN
1613232020,care,2025-08,200942,1505648,BGN
1613232020,care,2025-09,220957,1726605,BGN
1613232020,care,2025-10,121576,1848181,BGN
1613232020,care,2025-11,121576,1969757,BGN
1613232020,care,2025-12,121576,2091333,BGN
1613232020,care,2026-01,97841,97841,EUR
1613232020,care,2026-02,36628,134469,EUR
1613232020,care,2026-03,75960,210429,EUR
1613232020,care,2026-04,96952,307381,EUR
1613232020,care,2026-05,96952,404333,EUR
1613232020,care,2026-06,90405,494739,EUR
1613232020,care,2026-07,96952,591691,EUR
1613232020,care,2026-08,86051,677741,EUR
1622131037,care,2024-01,11786,11786,BGN
1622131037,care,2024-02,11786,23572,BGN
1622131037,care,2024-03,11786,35358,BGN
1622131037,care,2024-04,32452,67810,BGN
1622131037,care,2024-05,20750,88560,BGN
1622131037,care,2024-06,20750,109310,BGN
1622131037,care,2024-07,20750,130060,BGN
1622131037,care,2024-08,20750,150810,BGN
1622131037,care,2024-09,20750,171560,BGN
1622131037,care,2024-10,20750,192310,BGN
1622131037,care,2024-11,24633,216943,BGN
1622131037,care,2024-12,20750,237693,BGN
1622131037,care,2025-01,20750,20750,BGN
1622131037,care,2025-02,20750,41500,BGN
1622131037,care,2025-03,20750,62250,BGN
1622131037,care,2025-04,20750,83000,BGN
1622131037,care,2025-05,61980,144980,BGN
1622131037,care,2025-06,38081,183061,BGN
1622131037,care,2025-07,30000,213061,BGN
1622131037,care,2025-08,25419,238480,BGN
1622131037,care,2025-09,26581,265061,BGN
1622131037,care,2025-10,25331,290392,BGN
1622131037,care,2025-11,25331,315723,BGN
1622131037,care,2025-12,25331,341054,BGN
1622131037,care,2026-01,12951,12951,EUR
1622131037,care,2026-02,14031,26982,EUR
1622131037,care,2026-03,14031,41013,EUR
1622131037,care,2026-04,14031,55044,EUR
1622131037,care,2026-05,14031,69075,EUR
1622131037,care,2026-06,14031,83106,EUR
1622131037,care,2026-07,14031,97137,EUR
1622131037,care,2026-08,14031,111168,EUR
1622131068,care,2024-01,1134,1134,BGN
1622131068,care,2024-02,1134,2268,BGN
1622131068,care,2024-03,1134,3402,BGN
1622131068,care,2024-04,15876,19278,BGN
1622131068,care,2024-05,5346,24624,BGN
1622131068,care,2024-06,5346,29970,BGN
1622131068,care,2024-07,5346,35316,BGN
1622131068,care,2024-08,5346,40662,BGN
1622131068,care,2024-09,5346,46008,BGN
1622131068,care,2024-10,5346,51354,BGN
1622131068,care,2024-11,8627,59981,BGN
1622131068,care,2024-12,5346,65327,BGN
1622131068,care,2025-01,5346,5346,BGN
1622131068,care,2025-02,5103,10449,BGN
1622131068,care,2025-03,5589,16038,BGN
1622131068,care,2025-04,5346,21384,BGN
1622131068,care,2025-05,17374,38758,BGN
1622131068,care,2025-06,6478,45236,BGN
1622131068,care,2025-07,5589,50825,BGN
1622131068,care,2025-08,5915,56740,BGN
1622131068,care,2025-09,5346,62086,BGN
1622131068,care,2025-10,5912,67998,BGN
1622131068,care,2025-11,5832,73830,BGN
1622131068,care,2025-12,5832,79662,BGN
1622131068,care,2026-01,2982,2982,EUR
1622131068,care,2026-02,2982,5964,EUR
1622131068,care,2026-03,2982,8945,EUR
1622131068,care,2026-04,2982,11927,EUR
1622131068,care,2026-05,2982,14909,EUR
1622131068,care,2026-06,2982,17891,EUR
1622131068,care,2026-07,2982,20872,EUR
1622131068,care,2026-08,2982,23854,EUR
1622131088,care,2024-01,16190,16190,BGN
1622131088,care,2024-02,16190,32380,BGN
1622131088,care,2024-03,16190,48570,BGN
1622131088,care,2024-04,29592,78162,BGN
1622131088,care,2024-05,21165,99327,BGN
1622131088,care,2024-06,21165,120492,BGN
1622131088,care,2024-07,21165,141657,BGN
1622131088,care,2024-08,21165,162822,BGN
1622131088,care,2024-09,21165,183987,BGN
1622131088,care,2024-10,21165,205152,BGN
1622131088,care,2024-11,24488,229640,BGN
1622131088,care,2024-12,21165,250805,BGN
1622131088,care,2025-01,18664,18664,BGN
1622131088,care,2025-02,23666,42330,BGN
1622131088,care,2025-03,21165,63495,BGN
1622131088,care,2025-04,21165,84660,BGN
1622131088,care,2025-05,40891,125551,BGN
1622131088,care,2025-06,23212,148763,BGN
1622131088,care,2025-07,31538,180301,BGN
1622131088,care,2025-08,18585,198887,BGN
1622131088,care,2025-09,23817,222704,BGN
1622131088,care,2025-10,22635,245339,BGN
1622131088,care,2025-11,22635,267974,BGN
1622131088,care,2025-12,22635,290609,BGN
1622131088,care,2026-01,8386,8386,EUR
1622131088,care,2026-02,15838,24224,EUR
1622131088,care,2026-03,12651,36875,EUR
1622131088,care,2026-04,11212,48087,EUR
1622131088,care,2026-05,12402,60489,EUR
1622131088,care,2026-06,14339,74828,EUR
1622131088,care,2026-07,12651,87479,EUR
1622131088,care,2026-08,5294,92774,EUR
1622131104,care,2024-01,5653,5653,BGN
1622131104,care,2024-02,5653,11306,BGN
1622131104,care,2024-03,5653,16959,BGN
1622131104,care,2024-04,18287,35246,BGN
1622131104,care,2024-05,12496,47742,BGN
1622131104,care,2024-06,12496,60238,BGN
1622131104,care,2024-07,12496,72734,BGN
1622131104,care,2024-08,12496,85230,BGN
1622131104,care,2024-09,11764,96993,BGN
1622131104,care,2024-10,8950,105944,BGN
1622131104,care,2024-11,14137,120080,BGN
1622131104,care,2024-12,12855,132935,BGN
1622131104,care,2025-01,11123,11123,BGN
1622131104,care,2025-02,13869,24992,BGN
1622131104,care,2025-03,10514,35506,BGN
1622131104,care,2025-04,12496,48002,BGN
1622131104,care,2025-05,11834,59836,BGN
1622131104,care,2025-06,11943,71779,BGN
1622131104,care,2025-07,15158,86937,BGN
1622131104,care,2025-08,14158,101095,BGN
1622131104,care,2025-09,11778,112872,BGN
1622131104,care,2025-10,9591,122464,BGN
1622131104,care,2025-11,14077,136540,BGN
1622131104,care,2025-12,11834,148374,BGN
1622131104,care,2026-01,6051,6051,EUR
1622131104,care,2026-02,6704,12755,EUR
1622131104,care,2026-03,5710,18465,EUR
1622131104,care,2026-04,6517,24982,EUR
1622131104,care,2026-05,6805,31787,EUR
1622131104,care,2026-06,5710,37497,EUR
1622131104,care,2026-07,5527,43024,EUR
1622131104,care,2026-08,4648,47672,EUR
1622211001,care,2024-01,12978019,12978019,BGN
1622211001,care,2024-02,13087305,26065324,BGN
1622211001,care,2024-03,13730525,39795849,BGN
1622211001,care,2024-04,16429178,56225027,BGN
1622211001,care,2024-05,15429139,71654167,BGN
1622211001,care,2024-06,15340705,86994871,BGN
1622211001,care,2024-07,15383647,102378519,BGN
1622211001,care,2024-08,15461470,117839988,BGN
1622211001,care,2024-09,15560150,133400138,BGN
1622211001,care,2024-10,15366278,148766417,BGN
1622211001,care,2024-11,15870034,164636451,BGN
1622211001,care,2024-12,15536855,180173306,BGN
1622211001,care,2025-01,15309053,15309053,BGN
1622211001,care,2025-02,15881591,31190644,BGN
1622211001,care,2025-03,15410329,46600973,BGN
1622211001,care,2025-04,15539945,62140918,BGN
1622211001,care,2025-05,15924675,78065593,BGN
1622211001,care,2025-06,19021552,97087145,BGN
1622211001,care,2025-07,16805039,113892184,BGN
1622211001,care,2025-08,16208703,130100887,BGN
1622211001,care,2025-09,15263432,145364319,BGN
1622211001,care,2025-10,15694427,161058747,BGN
1622211001,care,2025-11,15974687,177033434,BGN
1622211001,care,2025-12,15950073,192983506,BGN
1622211001,care,2026-01,8293099,8293099,EUR
1622211001,care,2026-02,8000011,16293109,EUR
1622211001,care,2026-03,8166639,24459748,EUR
1622211001,care,2026-04,8276874,32736622,EUR
1622211001,care,2026-05,8197506,40934128,EUR
1622211001,care,2026-06,8267335,49201463,EUR
1622211001,care,2026-07,8222246,57423709,EUR
1622211001,care,2026-08,8267036,65690745,EUR
1622211001,devices,2024-02,454213,454213,BGN
1622211001,devices,2024-03,474892,929105,BGN
1622211001,devices,2024-04,541894,1470998,BGN
1622211001,devices,2024-05,543214,2014212,BGN
1622211001,devices,2024-06,620046,2634257,BGN
1622211001,devices,2024-07,706452,3340710,BGN
1622211001,devices,2024-08,590417,3931127,BGN
1622211001,devices,2024-09,432721,4363848,BGN
1622211001,devices,2024-10,507108,4870956,BGN
1622211001,devices,2024-11,494771,5365727,BGN
1622211001,devices,2024-12,601581,5967308,BGN
1622211001,devices,2025-01,615775,615775,BGN
1622211001,devices,2025-02,715130,1330905,BGN
1622211001,devices,2025-03,518893,1849798,BGN
1622211001,devices,2025-04,624658,2474456,BGN
1622211001,devices,2025-05,749730,3224186,BGN
1622211001,devices,2025-06,665452,3889639,BGN
1622211001,devices,2025-07,643923,4533562,BGN
1622211001,devices,2025-08,697303,5230865,BGN
1622211001,devices,2025-09,710272,5941137,BGN
1622211001,devices,2025-10,731975,6673112,BGN
1622211001,devices,2025-11,640819,7313931,BGN
1622211001,devices,2025-12,0,7313931,BGN
1622211001,devices,2026-01,842072,842072,EUR
1622211001,devices,2026-02,379106,1221178,EUR
1622211001,devices,2026-03,717529,1938707,EUR
1622211001,devices,2026-04,0,1938707,EUR
1622211001,devices,2026-05,340545,2279252,EUR
1622211001,devices,2026-06,396758,2676010,EUR
1622211001,devices,2026-07,388939,3064949,EUR
1622211001,devices,2026-08,327515,3392464,EUR
1622211001,medicines,2024-01,3850974,3850974,BGN
1622211001,medicines,2024-02,3482024,7332997,BGN
1622211001,medicines,2024-03,3642102,10975099,BGN
1622211001,medicines,2024-04,3675001,14650101,BGN
1622211001,medicines,2024-05,4075603,18725704,BGN
1622211001,medicines,2024-06,4449715,23175419,BGN
1622211001,medicines,2024-07,4314959,27490377,BGN
1622211001,medicines,2024-08,4429765,31920143,BGN
1622211001,medicines,2024-09,4495041,36415183,BGN
1622211001,medicines,2024-10,4279578,40694761,BGN
1622211001,medicines,2024-11,3791420,44486181,BGN
1622211001,medicines,2024-12,4201643,48687824,BGN
1622211001,medicines,2025-01,3958040,3958040,BGN
1622211001,medicines,2025-02,3887036,7845076,BGN
1622211001,medicines,2025-03,4048228,11893304,BGN
1622211001,medicines,2025-04,3801578,15694883,BGN
1622211001,medicines,2025-05,3809785,19504668,BGN
1622211001,medicines,2025-06,4232275,23736943,BGN
1622211001,medicines,2025-07,4199324,27936267,BGN
1622211001,medicines,2025-08,4159271,32095537,BGN
1622211001,medicines,2025-09,4588883,36684420,BGN
1622211001,medicines,2025-10,4428178,41112598,BGN
1622211001,medicines,2025-11,4627337,45739935,BGN
1622211001,medicines,2025-12,5009627,50749562,BGN
1622211001,medicines,2026-01,2728102,2728102,EUR
1622211001,medicines,2026-02,2732013,5460115,EUR
1622211001,medicines,2026-03,2559095,8019210,EUR
1622211001,medicines,2026-04,2610506,10629716,EUR
1622211001,medicines,2026-05,2758137,13387854,EUR
1622211001,medicines,2026-06,2979509,16367363,EUR
1622211001,medicines,2026-07,3005433,19372796,EUR
1622211001,medicines,2026-08,2913612,22286407,EUR
1622211002,care,2024-01,2781478,2781478,BGN
1622211002,care,2024-02,3101711,5883189,BGN
1622211002,care,2024-03,3350938,9234127,BGN
1622211002,care,2024-04,3476109,12710236,BGN
1622211002,care,2024-05,3303247,16013483,BGN
1622211002,care,2024-06,3318935,19332418,BGN
1622211002,care,2024-07,3333934,22666352,BGN
1622211002,care,2024-08,3145684,25812036,BGN
1622211002,care,2024-09,3334311,29146347,BGN
1622211002,care,2024-10,3319526,32465873,BGN
1622211002,care,2024-11,3316314,35782187,BGN
1622211002,care,2024-12,3317020,39099206,BGN
1622211002,care,2025-01,2905550,2905550,BGN
1622211002,care,2025-02,3325710,6231260,BGN
1622211002,care,2025-03,3303095,9534355,BGN
1622211002,care,2025-04,3319038,12853393,BGN
1622211002,care,2025-05,3821698,16675091,BGN
1622211002,care,2025-06,3365275,20040367,BGN
1622211002,care,2025-07,3238344,23278710,BGN
1622211002,care,2025-08,3489579,26768289,BGN
1622211002,care,2025-09,3040735,29809024,BGN
1622211002,care,2025-10,3216463,33025487,BGN
1622211002,care,2025-11,3197707,36223194,BGN
1622211002,care,2025-12,3187339,39410533,BGN
1622211002,care,2026-01,1641726,1641726,EUR
1622211002,care,2026-02,1713083,3354810,EUR
1622211002,care,2026-03,1787460,5142270,EUR
1622211002,care,2026-04,1725071,6867340,EUR
1622211002,care,2026-05,1727863,8595203,EUR
1622211002,care,2026-06,1629932,10225135,EUR
1622211002,care,2026-07,1714707,11939842,EUR
1622211002,care,2026-08,1639594,13579436,EUR
1622211002,devices,2024-02,6709,6709,BGN
1622211002,devices,2024-03,10930,17639,BGN
1622211002,devices,2024-04,8955,26594,BGN
1622211002,devices,2024-05,8186,34780,BGN
1622211002,devices,2024-06,7833,42613,BGN
1622211002,devices,2024-07,4374,46987,BGN
1622211002,devices,2024-08,8340,55327,BGN
1622211002,devices,2024-09,6455,61782,BGN
1622211002,devices,2024-10,12414,74196,BGN
1622211002,devices,2024-11,4992,79188,BGN
1622211002,devices,2024-12,9141,88329,BGN
1622211002,devices,2025-01,6468,6468,BGN
1622211002,devices,2025-02,10380,16848,BGN
1622211002,devices,2025-03,4116,20964,BGN
1622211002,devices,2025-04,8108,29072,BGN
1622211002,devices,2025-05,6387,35459,BGN
1622211002,devices,2025-06,6951,42410,BGN
1622211002,devices,2025-07,13333,55743,BGN
1622211002,devices,2025-08,11430,67173,BGN
1622211002,devices,2025-09,9409,76582,BGN
1622211002,devices,2025-10,5280,81862,BGN
1622211002,devices,2025-11,14496,96358,BGN
1622211002,devices,2025-12,0,96358,BGN
1622211002,devices,2026-01,15989,15989,EUR
1622211002,devices,2026-02,2618,18607,EUR
1622211002,devices,2026-03,10274,28881,EUR
1622211002,devices,2026-04,0,28881,EUR
1622211002,devices,2026-05,6418,35299,EUR
1622211002,devices,2026-06,2733,38032,EUR
1622211002,devices,2026-07,3856,41888,EUR
1622211002,devices,2026-08,7783,49671,EUR
1622211003,care,2024-01,500112,500112,BGN
1622211003,care,2024-02,495306,995418,BGN
1622211003,care,2024-03,495576,1490994,BGN
1622211003,care,2024-04,832712,2323706,BGN
1622211003,care,2024-05,587957,2911663,BGN
1622211003,care,2024-06,569113,3480776,BGN
1622211003,care,2024-07,595259,4076035,BGN
1622211003,care,2024-08,565868,4641903,BGN
1622211003,care,2024-09,605129,5247032,BGN
1622211003,care,2024-10,589159,5836190,BGN
1622211003,care,2024-11,682908,6519098,BGN
1622211003,care,2024-12,559960,7079059,BGN
1622211003,care,2025-01,560329,560329,BGN
1622211003,care,2025-02,606928,1167257,BGN
1622211003,care,2025-03,604804,1772062,BGN
1622211003,care,2025-04,551273,2323335,BGN
1622211003,care,2025-05,997959,3321293,BGN
1622211003,care,2025-06,786908,4108201,BGN
1622211003,care,2025-07,673453,4781654,BGN
1622211003,care,2025-08,586014,5367668,BGN
1622211003,care,2025-09,491279,5858947,BGN
1622211003,care,2025-10,521579,6380526,BGN
1622211003,care,2025-11,633648,7014175,BGN
1622211003,care,2025-12,479987,7494161,BGN
1622211003,care,2026-01,255576,255576,EUR
1622211003,care,2026-02,312418,567994,EUR
1622211003,care,2026-03,329363,897357,EUR
1622211003,care,2026-04,326651,1224008,EUR
1622211003,care,2026-05,319020,1543028,EUR
1622211003,care,2026-06,290515,1833542,EUR
1622211003,care,2026-07,248188,2081730,EUR
1622211003,care,2026-08,242501,2324231,EUR
1622211004,care,2024-01,883272,883272,BGN
1622211004,care,2024-02,883272,1766544,BGN
1622211004,care,2024-03,883272,2649816,BGN
1622211004,care,2024-04,1794759,4444575,BGN
1622211004,care,2024-05,1133833,5578408,BGN
1622211004,care,2024-06,1260015,6838423,BGN
1622211004,care,2024-07,1200014,8038437,BGN
1622211004,care,2024-08,1140013,9178450,BGN
1622211004,care,2024-09,1200014,10378464,BGN
1622211004,care,2024-10,1200014,11578478,BGN
1622211004,care,2024-11,1410245,12988723,BGN
1622211004,care,2024-12,1140013,14128736,BGN
1622211004,care,2025-01,1200014,1200014,BGN
1622211004,care,2025-02,1200014,2400028,BGN
1622211004,care,2025-03,1260015,3660043,BGN
1622211004,care,2025-04,1140013,4800056,BGN
1622211004,care,2025-05,2266792,7066848,BGN
1622211004,care,2025-06,1545638,8612485,BGN
1622211004,care,2025-07,1413114,10025599,BGN
1622211004,care,2025-08,1446049,11471648,BGN
1622211004,care,2025-09,1456440,12928087,BGN
1622211004,care,2025-10,1275117,14203205,BGN
1622211004,care,2025-11,1378825,15582029,BGN
1622211004,care,2025-12,1326971,16909000,BGN
1622211004,care,2026-01,722652,722652,EUR
1622211004,care,2026-02,733319,1455971,EUR
1622211004,care,2026-03,733319,2189290,EUR
1622211004,care,2026-04,733319,2922609,EUR
1622211004,care,2026-05,733319,3655928,EUR
1622211004,care,2026-06,733319,4389247,EUR
1622211004,care,2026-07,733319,5122566,EUR
1622211004,care,2026-08,683267,5805833,EUR
1622211004,devices,2025-06,1200,1200,BGN
1622211004,devices,2025-07,0,1200,BGN
1622211004,devices,2025-08,0,1200,BGN
1622211004,devices,2025-09,2240,3440,BGN
1622211004,devices,2025-10,1100,4540,BGN
1622211004,devices,2025-11,0,4540,BGN
1622211004,devices,2025-12,0,4540,BGN
1622211004,devices,2026-06,562,562,EUR
1622211004,devices,2026-07,0,562,EUR
1622211004,devices,2026-08,0,562,EUR
1622211029,care,2024-01,4242702,4242702,BGN
1622211029,care,2024-02,4261235,8503936,BGN
1622211029,care,2024-03,4243091,12747027,BGN
1622211029,care,2024-04,8529979,21277006,BGN
1622211029,care,2024-05,5713660,26990665,BGN
1622211029,care,2024-06,5624702,32615367,BGN
1622211029,care,2024-07,5512512,38127880,BGN
1622211029,care,2024-08,5498068,43625947,BGN
1622211029,care,2024-09,5649785,49275732,BGN
1622211029,care,2024-10,5690862,54966594,BGN
1622211029,care,2024-11,5737303,60703897,BGN
1622211029,care,2024-12,5616369,66320266,BGN
1622211029,care,2025-01,5651695,5651695,BGN
1622211029,care,2025-02,5970448,11622144,BGN
1622211029,care,2025-03,5728726,17350870,BGN
1622211029,care,2025-04,5479633,22830502,BGN
1622211029,care,2025-05,7038085,29868587,BGN
1622211029,care,2025-06,6328480,36197068,BGN
1622211029,care,2025-07,6228070,42425137,BGN
1622211029,care,2025-08,6208667,48633804,BGN
1622211029,care,2025-09,5448800,54082604,BGN
1622211029,care,2025-10,5851563,59934167,BGN
1622211029,care,2025-11,5925044,65859211,BGN
1622211029,care,2025-12,5930143,71789355,BGN
1622211029,care,2026-01,3070304,3070304,EUR
1622211029,care,2026-02,3011735,6082039,EUR
1622211029,care,2026-03,3082865,9164904,EUR
1622211029,care,2026-04,3038343,12203247,EUR
1622211029,care,2026-05,3039155,15242402,EUR
1622211029,care,2026-06,3023377,18265779,EUR
1622211029,care,2026-07,3035443,21301222,EUR
1622211029,care,2026-08,3042566,24343788,EUR
1622211029,devices,2024-02,65211,65211,BGN
1622211029,devices,2024-03,51551,116762,BGN
1622211029,devices,2024-04,68155,184917,BGN
1622211029,devices,2024-05,74688,259605,BGN
1622211029,devices,2024-06,78758,338363,BGN
1622211029,devices,2024-07,74434,412797,BGN
1622211029,devices,2024-08,80327,493124,BGN
1622211029,devices,2024-09,81893,575017,BGN
1622211029,devices,2024-10,61209,636226,BGN
1622211029,devices,2024-11,73903,710129,BGN
1622211029,devices,2024-12,96093,806222,BGN
1622211029,devices,2025-01,84447,84447,BGN
1622211029,devices,2025-02,87297,171744,BGN
1622211029,devices,2025-03,71397,243141,BGN
1622211029,devices,2025-04,86850,329991,BGN
1622211029,devices,2025-05,99969,429960,BGN
1622211029,devices,2025-06,88015,517975,BGN
1622211029,devices,2025-07,71793,589768,BGN
1622211029,devices,2025-08,73609,663377,BGN
1622211029,devices,2025-09,56487,719864,BGN
1622211029,devices,2025-10,52192,772056,BGN
1622211029,devices,2025-11,75233,847289,BGN
1622211029,devices,2025-12,0,847289,BGN
1622211029,devices,2026-01,79854,79854,EUR
1622211029,devices,2026-02,50082,129936,EUR
1622211029,devices,2026-03,70164,200100,EUR
1622211029,devices,2026-04,0,200100,EUR
1622211029,devices,2026-05,36256,236356,EUR
1622211029,devices,2026-06,41721,278077,EUR
1622211029,devices,2026-07,49526,327603,EUR
1622211029,devices,2026-08,48127,375729,EUR
1622211031,care,2024-01,751803,751803,BGN
1622211031,care,2024-02,990162,1741965,BGN
1622211031,care,2024-03,890968,2632933,BGN
1622211031,care,2024-04,1016266,3649199,BGN
1622211031,care,2024-05,1016266,4665465,BGN
1622211031,care,2024-06,1016266,5681731,BGN
1622211031,care,2024-07,1016266,6697997,BGN
1622211031,care,2024-08,1016266,7714263,BGN
1622211031,care,2024-09,1013956,8728219,BGN
1622211031,care,2024-10,963524,9691743,BGN
1622211031,care,2024-11,1069008,10760751,BGN
1622211031,care,2024-12,1016266,11777017,BGN
1622211031,care,2025-01,922256,922256,BGN
1622211031,care,2025-02,1026525,1948781,BGN
1622211031,care,2025-03,974411,2923191,BGN
1622211031,care,2025-04,1016266,3939457,BGN
1622211031,care,2025-05,1168180,5107638,BGN
1622211031,care,2025-06,976615,6084253,BGN
1622211031,care,2025-07,1014160,7098413,BGN
1622211031,care,2025-08,953890,8052302,BGN
1622211031,care,2025-09,957086,9009389,BGN
1622211031,care,2025-10,923285,9932673,BGN
1622211031,care,2025-11,994789,10927463,BGN
1622211031,care,2025-12,959037,11886500,BGN
1622211031,care,2026-01,490348,490348,EUR
1622211031,care,2026-02,509026,999374,EUR
1622211031,care,2026-03,509026,1508400,EUR
1622211031,care,2026-04,509026,2017426,EUR
1622211031,care,2026-05,509026,2526452,EUR
1622211031,care,2026-06,509026,3035478,EUR
1622211031,care,2026-07,509026,3544504,EUR
1622211031,care,2026-08,509026,4053530,EUR
1622211031,devices,2024-02,4070,4070,BGN
1622211031,devices,2024-03,18320,22390,BGN
1622211031,devices,2024-04,10155,32545,BGN
1622211031,devices,2024-05,6620,39165,BGN
1622211031,devices,2024-06,8420,47585,BGN
1622211031,devices,2024-07,11035,58620,BGN
1622211031,devices,2024-08,14270,72890,BGN
1622211031,devices,2024-09,3300,76190,BGN
1622211031,devices,2024-10,6908,83098,BGN
1622211031,devices,2024-11,7755,90853,BGN
1622211031,devices,2024-12,7005,97858,BGN
1622211031,devices,2025-01,10005,10005,BGN
1622211031,devices,2025-02,5935,15940,BGN
1622211031,devices,2025-03,6435,22375,BGN
1622211031,devices,2025-04,4135,26510,BGN
1622211031,devices,2025-05,7735,34245,BGN
1622211031,devices,2025-06,9135,43380,BGN
1622211031,devices,2025-07,14943,58323,BGN
1622211031,devices,2025-08,5258,63581,BGN
1622211031,devices,2025-09,13593,77174,BGN
1622211031,devices,2025-10,7800,84974,BGN
1622211031,devices,2025-11,3758,88732,BGN
1622211031,devices,2025-12,0,88732,BGN
1622211031,devices,2026-01,6708,6708,EUR
1622211031,devices,2026-02,3017,9725,EUR
1622211031,devices,2026-03,7499,17224,EUR
1622211031,devices,2026-04,0,17224,EUR
1622211031,devices,2026-05,3941,21165,EUR
1622211031,devices,2026-06,3758,24923,EUR
1622211031,devices,2026-07,3597,28520,EUR
1622211031,devices,2026-08,7306,35826,EUR
1622211036,care,2024-01,226275,226275,BGN
1622211036,care,2024-02,226275,452550,BGN
1622211036,care,2024-03,226275,678825,BGN
1622211036,care,2024-04,361315,1040140,BGN
1622211036,care,2024-05,292868,1333008,BGN
1622211036,care,2024-06,292868,1625876,BGN
1622211036,care,2024-07,292868,1918744,BGN
1622211036,care,2024-08,292868,2211612,BGN
1622211036,care,2024-09,292868,2504480,BGN
1622211036,care,2024-10,292868,2797348,BGN
1622211036,care,2024-11,292916,3090264,BGN
1622211036,care,2024-12,292868,3383132,BGN
1622211036,care,2025-01,280102,280102,BGN
1622211036,care,2025-02,305634,585736,BGN
1622211036,care,2025-03,292868,878604,BGN
1622211036,care,2025-04,292868,1171472,BGN
1622211036,care,2025-05,394099,1565571,BGN
1622211036,care,2025-06,294866,1860436,BGN
1622211036,care,2025-07,306100,2166536,BGN
1622211036,care,2025-08,207155,2373691,BGN
1622211036,care,2025-09,224491,2598182,BGN
1622211036,care,2025-10,299659,2897841,BGN
1622211036,care,2025-11,299659,3197500,BGN
1622211036,care,2025-12,299659,3497159,BGN
1622211036,care,2026-01,153213,153213,EUR
1622211036,care,2026-02,151734,304947,EUR
1622211036,care,2026-03,151178,456125,EUR
1622211036,care,2026-04,151947,608072,EUR
1622211036,care,2026-05,151947,760019,EUR
1622211036,care,2026-06,151947,911966,EUR
1622211036,care,2026-07,151645,1063611,EUR
1622211036,care,2026-08,144833,1208444,EUR
1622211037,care,2024-01,6036958,6036958,BGN
1622211037,care,2024-02,6045962,12082920,BGN
1622211037,care,2024-03,6038024,18120944,BGN
1622211037,care,2024-04,12321796,30442740,BGN
1622211037,care,2024-05,9128670,39571410,BGN
1622211037,care,2024-06,8014658,47586068,BGN
1622211037,care,2024-07,8838526,56424594,BGN
1622211037,care,2024-08,8982462,65407056,BGN
1622211037,care,2024-09,9078024,74485080,BGN
1622211037,care,2024-10,8803229,83288310,BGN
1622211037,care,2024-11,10180452,93468762,BGN
1622211037,care,2024-12,10435389,103904151,BGN
1622211037,care,2025-01,9773882,9773882,BGN
1622211037,care,2025-02,9969751,19743633,BGN
1622211037,care,2025-03,9969389,29713022,BGN
1622211037,care,2025-04,10033774,39746796,BGN
1622211037,care,2025-05,11769380,51516176,BGN
1622211037,care,2025-06,11811897,63328073,BGN
1622211037,care,2025-07,11292475,74620548,BGN
1622211037,care,2025-08,10784067,85404615,BGN
1622211037,care,2025-09,9734108,95138724,BGN
1622211037,care,2025-10,9265456,104404180,BGN
1622211037,care,2025-11,10993339,115397519,BGN
1622211037,care,2025-12,11117794,126515313,BGN
1622211037,care,2026-01,5381295,5381295,EUR
1622211037,care,2026-02,5347821,10729116,EUR
1622211037,care,2026-03,5786592,16515708,EUR
1622211037,care,2026-04,5932802,22448510,EUR
1622211037,care,2026-05,5668595,28117105,EUR
1622211037,care,2026-06,6082964,34200068,EUR
1622211037,care,2026-07,5936000,40136069,EUR
1622211037,care,2026-08,5889242,46025311,EUR
1622211037,devices,2024-02,72627,72627,BGN
1622211037,devices,2024-03,88358,160985,BGN
1622211037,devices,2024-04,126825,287810,BGN
1622211037,devices,2024-05,94575,382385,BGN
1622211037,devices,2024-06,129253,511638,BGN
1622211037,devices,2024-07,92515,604153,BGN
1622211037,devices,2024-08,108181,712334,BGN
1622211037,devices,2024-09,73919,786253,BGN
1622211037,devices,2024-10,68097,854350,BGN
1622211037,devices,2024-11,69098,923448,BGN
1622211037,devices,2024-12,125138,1048586,BGN
1622211037,devices,2025-01,91112,91112,BGN
1622211037,devices,2025-02,79016,170128,BGN
1622211037,devices,2025-03,147104,317232,BGN
1622211037,devices,2025-04,169447,486679,BGN
1622211037,devices,2025-05,174679,661358,BGN
1622211037,devices,2025-06,121039,782397,BGN
1622211037,devices,2025-07,116540,898937,BGN
1622211037,devices,2025-08,149292,1048229,BGN
1622211037,devices,2025-09,89489,1137718,BGN
1622211037,devices,2025-10,66988,1204706,BGN
1622211037,devices,2025-11,151483,1356189,BGN
1622211037,devices,2025-12,0,1356189,BGN
1622211037,devices,2026-01,259142,259142,EUR
1622211037,devices,2026-02,119879,379021,EUR
1622211037,devices,2026-03,168631,547653,EUR
1622211037,devices,2026-04,0,547653,EUR
1622211037,devices,2026-05,113112,660764,EUR
1622211037,devices,2026-06,158488,819253,EUR
1622211037,devices,2026-07,72066,891318,EUR
1622211037,devices,2026-08,91327,982645,EUR
1622211037,medicines,2024-01,1060001,1060001,BGN
1622211037,medicines,2024-02,1014966,2074967,BGN
1622211037,medicines,2024-03,1123863,3198830,BGN
1622211037,medicines,2024-04,905689,4104519,BGN
1622211037,medicines,2024-05,1096768,5201287,BGN
1622211037,medicines,2024-06,1234072,6435359,BGN
1622211037,medicines,2024-07,1518550,7953909,BGN
1622211037,medicines,2024-08,1760981,9714890,BGN
1622211037,medicines,2024-09,1734503,11449393,BGN
1622211037,medicines,2024-10,2217678,13667071,BGN
1622211037,medicines,2024-11,2023874,15690945,BGN
1622211037,medicines,2024-12,2265854,17956798,BGN
1622211037,medicines,2025-01,2463935,2463935,BGN
1622211037,medicines,2025-02,2509956,4973890,BGN
1622211037,medicines,2025-03,2544691,7518581,BGN
1622211037,medicines,2025-04,2464625,9983205,BGN
1622211037,medicines,2025-05,2870343,12853548,BGN
1622211037,medicines,2025-06,3131267,15984815,BGN
1622211037,medicines,2025-07,3069463,19054278,BGN
1622211037,medicines,2025-08,3312027,22366305,BGN
1622211037,medicines,2025-09,3692492,26058797,BGN
1622211037,medicines,2025-10,3807304,29866101,BGN
1622211037,medicines,2025-11,3712892,33578993,BGN
1622211037,medicines,2025-12,3926211,37505204,BGN
1622211037,medicines,2026-01,1877476,1877476,EUR
1622211037,medicines,2026-02,1845715,3723191,EUR
1622211037,medicines,2026-03,1783275,5506466,EUR
1622211037,medicines,2026-04,2057720,7564187,EUR
1622211037,medicines,2026-05,2263228,9827415,EUR
1622211037,medicines,2026-06,2585404,12412819,EUR
1622211037,medicines,2026-07,2377332,14790151,EUR
1622211037,medicines,2026-08,2600114,17390265,EUR
1622211039,care,2024-01,1459342,1459342,BGN
1622211039,care,2024-02,1459342,2918684,BGN
1622211039,care,2024-03,1459342,4378026,BGN
1622211039,care,2024-04,2965101,7343127,BGN
1622211039,care,2024-05,2019340,9362467,BGN
1622211039,care,2024-06,2019340,11381807,BGN
1622211039,care,2024-07,2019340,13401147,BGN
1622211039,care,2024-08,1941826,15342973,BGN
1622211039,care,2024-09,2005931,17348904,BGN
1622211039,care,2024-10,1931270,19280174,BGN
1622211039,care,2024-11,2107410,21387584,BGN
1622211039,care,2024-12,2019340,23406924,BGN
1622211039,care,2025-01,2019340,2019340,BGN
1622211039,care,2025-02,2019340,4038680,BGN
1622211039,care,2025-03,2019340,6058020,BGN
1622211039,care,2025-04,2019340,8077360,BGN
1622211039,care,2025-05,3588017,11665377,BGN
1622211039,care,2025-06,2765020,14430397,BGN
1622211039,care,2025-07,2519495,16949892,BGN
1622211039,care,2025-08,2559510,19509402,BGN
1622211039,care,2025-09,2230312,21739714,BGN
1622211039,care,2025-10,2321767,24061481,BGN
1622211039,care,2025-11,2321767,26383248,BGN
1622211039,care,2025-12,2321767,28705015,BGN
1622211039,care,2026-01,1337073,1337073,EUR
1622211039,care,2026-02,1368204,2705278,EUR
1622211039,care,2026-03,1375704,4080982,EUR
1622211039,care,2026-04,1366543,5447525,EUR
1622211039,care,2026-05,1396529,6844054,EUR
1622211039,care,2026-06,1348029,8192084,EUR
1622211039,care,2026-07,1314095,9506179,EUR
1622211039,care,2026-08,1359240,10865418,EUR
1622211039,devices,2024-02,56155,56155,BGN
1622211039,devices,2024-03,76345,132500,BGN
1622211039,devices,2024-04,77143,209643,BGN
1622211039,devices,2024-05,77157,286800,BGN
1622211039,devices,2024-06,97924,384724,BGN
1622211039,devices,2024-07,48267,432991,BGN
1622211039,devices,2024-08,76212,509203,BGN
1622211039,devices,2024-09,44839,554042,BGN
1622211039,devices,2024-10,40748,594790,BGN
1622211039,devices,2024-11,65215,660005,BGN
1622211039,devices,2024-12,110814,770819,BGN
1622211039,devices,2025-01,122044,122044,BGN
1622211039,devices,2025-02,42562,164606,BGN
1622211039,devices,2025-03,95807,260413,BGN
1622211039,devices,2025-04,102964,363377,BGN
1622211039,devices,2025-05,151822,515199,BGN
1622211039,devices,2025-06,105649,620848,BGN
1622211039,devices,2025-07,84045,704893,BGN
1622211039,devices,2025-08,130234,835127,BGN
1622211039,devices,2025-09,71903,907030,BGN
1622211039,devices,2025-10,41425,948455,BGN
1622211039,devices,2025-11,67497,1015952,BGN
1622211039,devices,2025-12,0,1015952,BGN
1622211039,devices,2026-01,103614,103614,EUR
1622211039,devices,2026-02,44208,147823,EUR
1622211039,devices,2026-03,107760,255582,EUR
1622211039,devices,2026-04,0,255582,EUR
1622211039,devices,2026-05,55595,311178,EUR
1622211039,devices,2026-06,39536,350714,EUR
1622211039,devices,2026-07,47919,398633,EUR
1622211039,devices,2026-08,60847,459480,EUR
1622211042,care,2024-01,1429304,1429304,BGN
1622211042,care,2024-02,1592935,3022239,BGN
1622211042,care,2024-03,1616948,4639187,BGN
1622211042,care,2024-04,1735143,6374330,BGN
1622211042,care,2024-05,1707022,8081352,BGN
1622211042,care,2024-06,1661887,9743239,BGN
1622211042,care,2024-07,1700403,11443642,BGN
1622211042,care,2024-08,1626335,13069977,BGN
1622211042,care,2024-09,1626772,14696749,BGN
1622211042,care,2024-10,1579228,16275977,BGN
1622211042,care,2024-11,1810428,18086405,BGN
1622211042,care,2024-12,1649264,19735669,BGN
1622211042,care,2025-01,1353165,1353165,BGN
1622211042,care,2025-02,1637998,2991163,BGN
1622211042,care,2025-03,1651323,4642485,BGN
1622211042,care,2025-04,1623456,6265941,BGN
1622211042,care,2025-05,2203437,8469378,BGN
1622211042,care,2025-06,1710580,10179957,BGN
1622211042,care,2025-07,1513431,11693388,BGN
1622211042,care,2025-08,1410407,13103796,BGN
1622211042,care,2025-09,1230910,14334705,BGN
1622211042,care,2025-10,1445541,15780246,BGN
1622211042,care,2025-11,1743498,17523744,BGN
1622211042,care,2025-12,1642356,19166100,BGN
1622211042,care,2026-01,706108,706108,EUR
1622211042,care,2026-02,784668,1490776,EUR
1622211042,care,2026-03,805832,2296608,EUR
1622211042,care,2026-04,811207,3107814,EUR
1622211042,care,2026-05,810828,3918642,EUR
1622211042,care,2026-06,797873,4716515,EUR
1622211042,care,2026-07,816132,5532647,EUR
1622211042,care,2026-08,823006,6355653,EUR
1622211042,devices,2024-12,366,366,BGN
1622211042,devices,2025-03,366,366,BGN
1622211042,devices,2025-04,0,366,BGN
1622211042,devices,2025-05,0,366,BGN
1622211042,devices,2025-06,0,366,BGN
1622211042,devices,2025-07,0,366,BGN
1622211042,devices,2025-08,366,732,BGN
1622211042,devices,2025-09,0,732,BGN
1622211042,devices,2025-10,366,1098,BGN
1622211042,devices,2025-11,0,1098,BGN
1622211042,devices,2025-12,0,1098,BGN
1622211042,devices,2026-01,187,187,EUR
1622211042,devices,2026-02,187,374,EUR
1622211042,devices,2026-03,1414,1788,EUR
1622211042,devices,2026-04,0,1788,EUR
1622211042,devices,2026-05,187,1976,EUR
1622211042,devices,2026-06,374,2350,EUR
1622211042,devices,2026-07,537,2887,EUR
1622211042,devices,2026-08,0,2887,EUR
1622211042,medicines,2024-01,1408564,1408564,BGN
1622211042,medicines,2024-02,1306809,2715374,BGN
1622211042,medicines,2024-03,1360306,4075679,BGN
1622211042,medicines,2024-04,1380953,5456632,BGN
1622211042,medicines,2024-05,1593936,7050567,BGN
1622211042,medicines,2024-06,1515666,8566234,BGN
1622211042,medicines,2024-07,1427679,9993912,BGN
1622211042,medicines,2024-08,1384496,11378408,BGN
1622211042,medicines,2024-09,1337141,12715549,BGN
1622211042,medicines,2024-10,1380763,14096312,BGN
1622211042,medicines,2024-11,1220868,15317180,BGN
1622211042,medicines,2024-12,1346332,16663512,BGN
1622211042,medicines,2025-01,1269855,1269855,BGN
1622211042,medicines,2025-02,1157070,2426925,BGN
1622211042,medicines,2025-03,1486507,3913432,BGN
1622211042,medicines,2025-04,1401777,5315209,BGN
1622211042,medicines,2025-05,1487372,6802581,BGN
1622211042,medicines,2025-06,1655246,8457826,BGN
1622211042,medicines,2025-07,1748481,10206307,BGN
1622211042,medicines,2025-08,1638244,11844551,BGN
1622211042,medicines,2025-09,1650497,13495047,BGN
1622211042,medicines,2025-10,1530470,15025517,BGN
1622211042,medicines,2025-11,1618164,16643681,BGN
1622211042,medicines,2025-12,1716243,18359924,BGN
1622211042,medicines,2026-01,824283,824283,EUR
1622211042,medicines,2026-02,829868,1654151,EUR
1622211042,medicines,2026-03,816378,2470529,EUR
1622211042,medicines,2026-04,831931,3302459,EUR
1622211042,medicines,2026-05,903685,4206144,EUR
1622211042,medicines,2026-06,950263,5156407,EUR
1622211042,medicines,2026-07,845040,6001447,EUR
1622211042,medicines,2026-08,864208,6865655,EUR
1622211044,care,2024-01,824510,824510,BGN
1622211044,care,2024-02,824510,1649020,BGN
1622211044,care,2024-03,824510,2473530,BGN
1622211044,care,2024-04,1942595,4416125,BGN
1622211044,care,2024-05,1049217,5465342,BGN
1622211044,care,2024-06,1049217,6514559,BGN
1622211044,care,2024-07,1049217,7563776,BGN
1622211044,care,2024-08,1049217,8612993,BGN
1622211044,care,2024-09,996756,9609749,BGN
1622211044,care,2024-10,1103399,10713148,BGN
1622211044,care,2024-11,1733839,12446986,BGN
1622211044,care,2024-12,1209366,13656353,BGN
1622211044,care,2025-01,1221387,1221387,BGN
1622211044,care,2025-02,1179043,2400431,BGN
1622211044,care,2025-03,1297659,3698090,BGN
1622211044,care,2025-04,1301540,4999629,BGN
1622211044,care,2025-05,7848310,12847939,BGN
1622211044,care,2025-06,2894526,15742466,BGN
1622211044,care,2025-07,2118874,17861340,BGN
1622211044,care,2025-08,2040919,19902260,BGN
1622211044,care,2025-09,1823956,21726216,BGN
1622211044,care,2025-10,1964707,23690923,BGN
1622211044,care,2025-11,2023794,25714716,BGN
1622211044,care,2025-12,1973344,27688061,BGN
1622211044,care,2026-01,981903,981903,EUR
1622211044,care,2026-02,956190,1938094,EUR
1622211044,care,2026-03,1087406,3025499,EUR
1622211044,care,2026-04,1053653,4079152,EUR
1622211044,care,2026-05,1045736,5124888,EUR
1622211044,care,2026-06,1042418,6167306,EUR
1622211044,care,2026-07,1069864,7237170,EUR
1622211044,care,2026-08,1023548,8260718,EUR
1622211044,devices,2024-03,15047,15047,BGN
1622211044,devices,2024-04,6647,21694,BGN
1622211044,devices,2024-05,19941,41635,BGN
1622211044,devices,2024-06,17847,59482,BGN
1622211044,devices,2024-07,73351,132833,BGN
1622211044,devices,2024-08,29469,162302,BGN
1622211044,devices,2024-09,21313,183615,BGN
1622211044,devices,2024-10,26298,209913,BGN
1622211044,devices,2024-11,14447,224360,BGN
1622211044,devices,2024-12,45855,270215,BGN
1622211044,devices,2025-01,121839,121839,BGN
1622211044,devices,2025-02,66632,188471,BGN
1622211044,devices,2025-03,70346,258817,BGN
1622211044,devices,2025-04,38090,296907,BGN
1622211044,devices,2025-05,47238,344145,BGN
1622211044,devices,2025-06,87379,431524,BGN
1622211044,devices,2025-07,60657,492181,BGN
1622211044,devices,2025-08,58518,550699,BGN
1622211044,devices,2025-09,48324,599023,BGN
1622211044,devices,2025-10,42852,641875,BGN
1622211044,devices,2025-11,61924,703799,BGN
1622211044,devices,2025-12,0,703799,BGN
1622211044,devices,2026-01,93179,93179,EUR
1622211044,devices,2026-02,28367,121546,EUR
1622211044,devices,2026-03,60127,181673,EUR
1622211044,devices,2026-04,0,181673,EUR
1622211044,devices,2026-05,60018,241691,EUR
1622211044,devices,2026-06,43814,285505,EUR
1622211044,devices,2026-07,31344,316849,EUR
1622211044,devices,2026-08,39696,356545,EUR
1622211044,medicines,2024-12,60531,60531,BGN
1622211044,medicines,2025-01,115625,115625,BGN
1622211044,medicines,2025-02,44078,159704,BGN
1622211044,medicines,2025-03,150107,309811,BGN
1622211044,medicines,2025-04,181420,491230,BGN
1622211044,medicines,2025-05,217049,708279,BGN
1622211044,medicines,2025-06,311947,1020226,BGN
1622211044,medicines,2025-07,198772,1218998,BGN
1622211044,medicines,2025-08,198844,1417842,BGN
1622211044,medicines,2025-09,286394,1704236,BGN
1622211044,medicines,2025-10,244750,1948986,BGN
1622211044,medicines,2025-11,221398,2170384,BGN
1622211044,medicines,2025-12,243376,2413759,BGN
1622211044,medicines,2026-01,121680,121680,EUR
1622211044,medicines,2026-02,127775,249455,EUR
1622211044,medicines,2026-03,157178,406633,EUR
1622211044,medicines,2026-04,180900,587534,EUR
1622211044,medicines,2026-05,178871,766404,EUR
1622211044,medicines,2026-06,216363,982767,EUR
1622211044,medicines,2026-07,191086,1173853,EUR
1622211044,medicines,2026-08,202051,1375903,EUR
1622211045,care,2024-01,1573394,1573394,BGN
1622211045,care,2024-02,1573394,3146788,BGN
1622211045,care,2024-03,1573394,4720182,BGN
1622211045,care,2024-04,1951587,6671769,BGN
1622211045,care,2024-05,1842229,8513998,BGN
1622211045,care,2024-06,1834010,10348007,BGN
1622211045,care,2024-07,1846339,12194347,BGN
1622211045,care,2024-08,1842024,14036370,BGN
1622211045,care,2024-09,1848394,15884764,BGN
1622211045,care,2024-10,1832777,17717541,BGN
1622211045,care,2024-11,2076003,19793544,BGN
1622211045,care,2024-12,1844284,21637828,BGN
1622211045,care,2025-01,1846339,1846339,BGN
1622211045,care,2025-02,1844284,3690623,BGN
1622211045,care,2025-03,1845312,5535935,BGN
1622211045,care,2025-04,1842229,7378164,BGN
1622211045,care,2025-05,3118188,10496352,BGN
1622211045,care,2025-06,1923001,12419354,BGN
1622211045,care,2025-07,1992793,14412147,BGN
1622211045,care,2025-08,1994366,16406512,BGN
1622211045,care,2025-09,1778724,18185237,BGN
1622211045,care,2025-10,1739936,19925173,BGN
1622211045,care,2025-11,1990648,21915821,BGN
1622211045,care,2025-12,1886869,23802690,BGN
1622211045,care,2026-01,966682,966682,EUR
1622211045,care,2026-02,996557,1963239,EUR
1622211045,care,2026-03,982988,2946227,EUR
1622211045,care,2026-04,982921,3929148,EUR
1622211045,care,2026-05,979349,4908497,EUR
1622211045,care,2026-06,982080,5890577,EUR
1622211045,care,2026-07,980504,6871081,EUR
1622211045,care,2026-08,976932,7848013,EUR
1622211045,devices,2024-02,23999,23999,BGN
1622211045,devices,2024-03,40349,64348,BGN
1622211045,devices,2024-04,36906,101254,BGN
1622211045,devices,2024-05,53689,154943,BGN
1622211045,devices,2024-06,35500,190443,BGN
1622211045,devices,2024-07,34699,225142,BGN
1622211045,devices,2024-08,43885,269027,BGN
1622211045,devices,2024-09,49986,319013,BGN
1622211045,devices,2024-10,34894,353907,BGN
1622211045,devices,2024-11,42758,396665,BGN
1622211045,devices,2024-12,47350,444015,BGN
1622211045,devices,2025-01,51135,51135,BGN
1622211045,devices,2025-02,37037,88172,BGN
1622211045,devices,2025-03,31696,119868,BGN
1622211045,devices,2025-04,33499,153367,BGN
1622211045,devices,2025-05,35343,188710,BGN
1622211045,devices,2025-06,46636,235346,BGN
1622211045,devices,2025-07,30902,266248,BGN
1622211045,devices,2025-08,43265,309513,BGN
1622211045,devices,2025-09,39275,348788,BGN
1622211045,devices,2025-10,16562,365350,BGN
1622211045,devices,2025-11,28985,394335,BGN
1622211045,devices,2025-12,0,394335,BGN
1622211045,devices,2026-01,40294,40294,EUR
1622211045,devices,2026-02,12867,53161,EUR
1622211045,devices,2026-03,36581,89742,EUR
1622211045,devices,2026-04,0,89742,EUR
1622211045,devices,2026-05,18720,108462,EUR
1622211045,devices,2026-06,24131,132594,EUR
1622211045,devices,2026-07,18308,150902,EUR
1622211045,devices,2026-08,25612,176514,EUR
1622211049,care,2024-01,424505,424505,BGN
1622211049,care,2024-02,429339,853844,BGN
1622211049,care,2024-03,426922,1280766,BGN
1622211049,care,2024-04,525975,1806741,BGN
1622211049,care,2024-05,502187,2308928,BGN
1622211049,care,2024-06,502187,2811115,BGN
1622211049,care,2024-07,502187,3313302,BGN
1622211049,care,2024-08,502187,3815489,BGN
1622211049,care,2024-09,502187,4317676,BGN
1622211049,care,2024-10,502187,4819863,BGN
1622211049,care,2024-11,527751,5347614,BGN
1622211049,care,2024-12,502187,5849801,BGN
1622211049,care,2025-01,476986,476986,BGN
1622211049,care,2025-02,527388,1004374,BGN
1622211049,care,2025-03,502187,1506561,BGN
1622211049,care,2025-04,502187,2008748,BGN
1622211049,care,2025-05,714194,2722942,BGN
1622211049,care,2025-06,534628,3257571,BGN
1622211049,care,2025-07,508339,3765910,BGN
1622211049,care,2025-08,526268,4292177,BGN
1622211049,care,2025-09,520370,4812547,BGN
1622211049,care,2025-10,508339,5320886,BGN
1622211049,care,2025-11,508339,5829225,BGN
1622211049,care,2025-12,508339,6337564,BGN
1622211049,care,2026-01,257096,257096,EUR
1622211049,care,2026-02,262769,519864,EUR
1622211049,care,2026-03,262767,782632,EUR
1622211049,care,2026-04,262710,1045342,EUR
1622211049,care,2026-05,245576,1290917,EUR
1622211049,care,2026-06,261277,1552195,EUR
1622211049,care,2026-07,250149,1802344,EUR
1622211049,care,2026-08,262692,2065036,EUR
1622211053,care,2024-01,230022,230022,BGN
1622211053,care,2024-02,230022,460044,BGN
1622211053,care,2024-03,230022,690066,BGN
1622211053,care,2024-04,722160,1412226,BGN
1622211053,care,2024-05,489786,1902012,BGN
1622211053,care,2024-06,439788,2341800,BGN
1622211053,care,2024-07,476051,2817850,BGN
1622211053,care,2024-08,510850,3328701,BGN
1622211053,care,2024-09,464750,3793451,BGN
1622211053,care,2024-10,446202,4239652,BGN
1622211053,care,2024-11,524144,4763796,BGN
1622211053,care,2024-12,466729,5230526,BGN
1622211053,care,2025-01,479025,479025,BGN
1622211053,care,2025-02,476135,955160,BGN
1622211053,care,2025-03,505866,1461026,BGN
1622211053,care,2025-04,455074,1916100,BGN
1622211053,care,2025-05,571310,2487410,BGN
1622211053,care,2025-06,634235,3121645,BGN
1622211053,care,2025-07,515093,3636739,BGN
1622211053,care,2025-08,551336,4188075,BGN
1622211053,care,2025-09,451631,4639706,BGN
1622211053,care,2025-10,424700,5064406,BGN
1622211053,care,2025-11,558950,5623356,BGN
1622211053,care,2025-12,491825,6115181,BGN
1622211053,care,2026-01,271488,271488,EUR
1622211053,care,2026-02,244412,515900,EUR
1622211053,care,2026-03,300752,816652,EUR
1622211053,care,2026-04,313427,1130078,EUR
1622211053,care,2026-05,313258,1443336,EUR
1622211053,care,2026-06,313971,1757308,EUR
1622211053,care,2026-07,313226,2070533,EUR
1622211053,care,2026-08,277543,2348076,EUR
1622212028,care,2024-01,171645,171645,BGN
1622212028,care,2024-02,171645,343290,BGN
1622212028,care,2024-03,171645,514935,BGN
1622212028,care,2024-04,399267,914202,BGN
1622212028,care,2024-05,270338,1184540,BGN
1622212028,care,2024-06,270338,1454878,BGN
1622212028,care,2024-07,270338,1725216,BGN
1622212028,care,2024-08,270338,1995554,BGN
1622212028,care,2024-09,270338,2265892,BGN
1622212028,care,2024-10,270338,2536230,BGN
1622212028,care,2024-11,308870,2845100,BGN
1622212028,care,2024-12,270338,3115438,BGN
1622212028,care,2025-01,270338,270338,BGN
1622212028,care,2025-02,270338,540676,BGN
1622212028,care,2025-03,270338,811014,BGN
1622212028,care,2025-04,270338,1081352,BGN
1622212028,care,2025-05,601080,1682432,BGN
1622212028,care,2025-06,352447,2034878,BGN
1622212028,care,2025-07,347445,2382324,BGN
1622212028,care,2025-08,298290,2680614,BGN
1622212028,care,2025-09,323355,3003969,BGN
1622212028,care,2025-10,298290,3302259,BGN
1622212028,care,2025-11,298290,3600549,BGN
1622212028,care,2025-12,298290,3898839,BGN
1622212028,care,2026-01,157569,157569,EUR
1622212028,care,2026-02,163669,321238,EUR
1622212028,care,2026-03,163669,484907,EUR
1622212028,care,2026-04,163669,648576,EUR
1622212028,care,2026-05,163669,812245,EUR
1622212028,care,2026-06,163669,975914,EUR
1622212028,care,2026-07,163669,1139583,EUR
1622212028,care,2026-08,163669,1303252,EUR
1622212030,care,2024-01,1034213,1034213,BGN
1622212030,care,2024-02,978053,2012266,BGN
1622212030,care,2024-03,940577,2952843,BGN
1622212030,care,2024-04,1241985,4194828,BGN
1622212030,care,2024-05,1046685,5241513,BGN
1622212030,care,2024-06,1191073,6432586,BGN
1622212030,care,2024-07,1264772,7697358,BGN
1622212030,care,2024-08,1194651,8892009,BGN
1622212030,care,2024-09,1278250,10170259,BGN
1622212030,care,2024-10,1176339,11346598,BGN
1622212030,care,2024-11,1226555,12573152,BGN
1622212030,care,2024-12,1141772,13714924,BGN
1622212030,care,2025-01,1115970,1115970,BGN
1622212030,care,2025-02,1130564,2246534,BGN
1622212030,care,2025-03,828228,3074761,BGN
1622212030,care,2025-04,1131741,4206502,BGN
1622212030,care,2025-05,1100196,5306697,BGN
1622212030,care,2025-06,1107318,6414015,BGN
1622212030,care,2025-07,1085897,7499912,BGN
1622212030,care,2025-08,1092456,8592368,BGN
1622212030,care,2025-09,1155853,9748221,BGN
1622212030,care,2025-10,1178906,10927126,BGN
1622212030,care,2025-11,1081350,12008476,BGN
1622212030,care,2025-12,1088629,13097105,BGN
1622212030,care,2026-01,523070,523070,EUR
1622212030,care,2026-02,473859,996929,EUR
1622212030,care,2026-03,496649,1493578,EUR
1622212030,care,2026-04,472297,1965875,EUR
1622212030,care,2026-05,474690,2440565,EUR
1622212030,care,2026-06,490799,2931365,EUR
1622212030,care,2026-07,508837,3440202,EUR
1622212030,care,2026-08,476855,3917057,EUR
1622212033,care,2024-01,335581,335581,BGN
1622212033,care,2024-02,335581,671162,BGN
1622212033,care,2024-03,335581,1006743,BGN
1622212033,care,2024-04,446465,1453208,BGN
1622212033,care,2024-05,399811,1853019,BGN
1622212033,care,2024-06,399811,2252830,BGN
1622212033,care,2024-07,399811,2652641,BGN
1622212033,care,2024-08,399811,3052452,BGN
1622212033,care,2024-09,399811,3452263,BGN
1622212033,care,2024-10,399811,3852074,BGN
1622212033,care,2024-11,424382,4276456,BGN
1622212033,care,2024-12,399811,4676267,BGN
1622212033,care,2025-01,399811,399811,BGN
1622212033,care,2025-02,399811,799622,BGN
1622212033,care,2025-03,399811,1199433,BGN
1622212033,care,2025-04,399811,1599244,BGN
1622212033,care,2025-05,581328,2180572,BGN
1622212033,care,2025-06,436088,2616660,BGN
1622212033,care,2025-07,436331,3052991,BGN
1622212033,care,2025-08,436719,3489710,BGN
1622212033,care,2025-09,433499,3923209,BGN
1622212033,care,2025-10,416450,4339659,BGN
1622212033,care,2025-11,416450,4756109,BGN
1622212033,care,2025-12,416450,5172559,BGN
1622212033,care,2026-01,236850,236850,EUR
1622212033,care,2026-02,221263,458113,EUR
1622212033,care,2026-03,221263,679376,EUR
1622212033,care,2026-04,221263,900639,EUR
1622212033,care,2026-05,221263,1121902,EUR
1622212033,care,2026-06,221263,1343165,EUR
1622212033,care,2026-07,221263,1564428,EUR
1622212033,care,2026-08,221263,1785691,EUR
1622212038,care,2024-01,285473,285473,BGN
1622212038,care,2024-02,278882,564356,BGN
1622212038,care,2024-03,283263,847619,BGN
1622212038,care,2024-04,304227,1151846,BGN
1622212038,care,2024-05,346245,1498091,BGN
1622212038,care,2024-06,360716,1858807,BGN
1622212038,care,2024-07,361991,2220798,BGN
1622212038,care,2024-08,348795,2569593,BGN
1622212038,care,2024-09,348064,2917658,BGN
1622212038,care,2024-10,345949,3263607,BGN
1622212038,care,2024-11,346357,3609964,BGN
1622212038,care,2024-12,345949,3955913,BGN
1622212038,care,2025-01,345949,345949,BGN
1622212038,care,2025-02,345949,691898,BGN
1622212038,care,2025-03,345949,1037847,BGN
1622212038,care,2025-04,341688,1379535,BGN
1622212038,care,2025-05,363653,1743189,BGN
1622212038,care,2025-06,367314,2110503,BGN
1622212038,care,2025-07,312095,2422598,BGN
1622212038,care,2025-08,335564,2758162,BGN
1622212038,care,2025-09,355508,3113670,BGN
1622212038,care,2025-10,297625,3411295,BGN
1622212038,care,2025-11,322339,3733634,BGN
1622212038,care,2025-12,317332,4050966,BGN
1622212038,care,2026-01,160326,160326,EUR
1622212038,care,2026-02,162066,322392,EUR
1622212038,care,2026-03,156243,478635,EUR
1622212038,care,2026-04,158784,637418,EUR
1622212038,care,2026-05,167009,804427,EUR
1622212038,care,2026-06,157801,962228,EUR
1622212038,care,2026-07,145176,1107404,EUR
1622212038,care,2026-08,170502,1277906,EUR
1622212041,care,2024-01,207387,207387,BGN
1622212041,care,2024-02,217071,424458,BGN
1622212041,care,2024-03,183528,607986,BGN
1622212041,care,2024-04,246076,854062,BGN
1622212041,care,2024-05,235388,1089450,BGN
1622212041,care,2024-06,226675,1316125,BGN
1622212041,care,2024-07,264119,1580244,BGN
1622212041,care,2024-08,275976,1856220,BGN
1622212041,care,2024-09,252797,2109017,BGN
1622212041,care,2024-10,218596,2327613,BGN
1622212041,care,2024-11,237482,2565095,BGN
1622212041,care,2024-12,208422,2773516,BGN
1622212041,care,2025-01,204956,204956,BGN
1622212041,care,2025-02,160835,365791,BGN
1622212041,care,2025-03,167732,533523,BGN
1622212041,care,2025-04,167578,701101,BGN
1622212041,care,2025-05,158851,859952,BGN
1622212041,care,2025-06,162642,1022594,BGN
1622212041,care,2025-07,192555,1215150,BGN
1622212041,care,2025-08,155792,1370941,BGN
1622212041,care,2025-09,151817,1522759,BGN
1622212041,care,2025-10,139334,1662093,BGN
1622212041,care,2025-11,127802,1789895,BGN
1622212041,care,2025-12,173368,1963263,BGN
1622212041,care,2026-01,89251,89251,EUR
1622212041,care,2026-02,75893,165145,EUR
1622212041,care,2026-03,72045,237190,EUR
1622212041,care,2026-04,84409,321599,EUR
1622212041,care,2026-05,78826,400425,EUR
1622212041,care,2026-06,88172,488598,EUR
1622212041,care,2026-07,88239,576836,EUR
1622212041,care,2026-08,80335,657172,EUR
1622212050,care,2024-01,118679,118679,BGN
1622212050,care,2024-02,122192,240871,BGN
1622212050,care,2024-03,121602,362473,BGN
1622212050,care,2024-04,130366,492838,BGN
1622212050,care,2024-05,142676,635514,BGN
1622212050,care,2024-06,134463,769977,BGN
1622212050,care,2024-07,123575,893552,BGN
1622212050,care,2024-08,145691,1039243,BGN
1622212050,care,2024-09,107216,1146458,BGN
1622212050,care,2024-10,141522,1287981,BGN
1622212050,care,2024-11,137684,1425665,BGN
1622212050,care,2024-12,147264,1572929,BGN
1622212050,care,2025-01,112777,112777,BGN
1622212050,care,2025-02,144618,257395,BGN
1622212050,care,2025-03,133440,390834,BGN
1622212050,care,2025-04,141742,532576,BGN
1622212050,care,2025-05,131228,663804,BGN
1622212050,care,2025-06,143722,807527,BGN
1622212050,care,2025-07,141212,948738,BGN
1622212050,care,2025-08,133645,1082384,BGN
1622212050,care,2025-09,108119,1190503,BGN
1622212050,care,2025-10,148076,1338579,BGN
1622212050,care,2025-11,149931,1488509,BGN
1622212050,care,2025-12,131754,1620263,BGN
1622212050,care,2026-01,72172,72172,EUR
1622212050,care,2026-02,72759,144931,EUR
1622212050,care,2026-03,72662,217593,EUR
1622212050,care,2026-04,76343,293936,EUR
1622212050,care,2026-05,70106,364041,EUR
1622212050,care,2026-06,75337,439378,EUR
1622212050,care,2026-07,74342,513719,EUR
1622212050,care,2026-08,70044,583764,EUR
1622333018,care,2024-01,16160,16160,BGN
1622333018,care,2024-02,18982,35143,BGN
1622333018,care,2024-03,19049,54191,BGN
1622333018,care,2024-04,21380,75571,BGN
1622333018,care,2024-05,21380,96951,BGN
1622333018,care,2024-06,21380,118331,BGN
1622333018,care,2024-07,21380,139711,BGN
1622333018,care,2024-08,21380,161091,BGN
1622333018,care,2024-09,21380,182471,BGN
1622333018,care,2024-10,21380,203851,BGN
1622333018,care,2024-11,28279,232130,BGN
1622333018,care,2024-12,21380,253510,BGN
1622333018,care,2025-01,14099,14099,BGN
1622333018,care,2025-02,20605,34704,BGN
1622333018,care,2025-03,27722,62426,BGN
1622333018,care,2025-04,21380,83806,BGN
1622333018,care,2025-05,44136,127942,BGN
1622333018,care,2025-06,18499,146441,BGN
1622333018,care,2025-07,15619,162059,BGN
1622333018,care,2025-08,22797,184857,BGN
1622333018,care,2025-09,19837,204693,BGN
1622333018,care,2025-10,20807,225500,BGN
1622333018,care,2025-11,20807,246307,BGN
1622333018,care,2025-12,20807,267114,BGN
1622333018,care,2026-01,9767,9767,EUR
1622333018,care,2026-02,11291,21057,EUR
1622333018,care,2026-03,10305,31363,EUR
1622333018,care,2026-04,10419,41782,EUR
1622333018,care,2026-05,8410,50192,EUR
1622333018,care,2026-06,5177,55369,EUR
1622333018,care,2026-07,10419,65788,EUR
1622333018,care,2026-08,10383,76171,EUR
1622334019,care,2024-01,1899844,1899844,BGN
1622334019,care,2024-02,1899844,3799688,BGN
1622334019,care,2024-03,1899844,5699532,BGN
1622334019,care,2024-04,2768500,8468032,BGN
1622334019,care,2024-05,2322548,10790580,BGN
1622334019,care,2024-06,2236153,13026733,BGN
1622334019,care,2024-07,2351465,15378199,BGN
1622334019,care,2024-08,2367878,17746076,BGN
1622334019,care,2024-09,2322034,20068111,BGN
1622334019,care,2024-10,2132735,22200846,BGN
1622334019,care,2024-11,2412830,24613676,BGN
1622334019,care,2024-12,2233830,26847506,BGN
1622334019,care,2025-01,2104765,2104765,BGN
1622334019,care,2025-02,2198062,4302828,BGN
1622334019,care,2025-03,2165495,6468323,BGN
1622334019,care,2025-04,2258846,8727169,BGN
1622334019,care,2025-05,2183749,10910919,BGN
1622334019,care,2025-06,2176800,13087719,BGN
1622334019,care,2025-07,2272546,15360265,BGN
1622334019,care,2025-08,2388430,17748695,BGN
1622334019,care,2025-09,2404858,20153553,BGN
1622334019,care,2025-10,2142609,22296162,BGN
1622334019,care,2025-11,2431478,24727640,BGN
1622334019,care,2025-12,2205599,26933239,BGN
1622334019,care,2026-01,1148950,1148950,EUR
1622334019,care,2026-02,1052274,2201224,EUR
1622334019,care,2026-03,1172277,3373501,EUR
1622334019,care,2026-04,1227347,4600848,EUR
1622334019,care,2026-05,1226643,5827491,EUR
1622334019,care,2026-06,1136308,6963800,EUR
1622334019,care,2026-07,1237428,8201228,EUR
1622334019,care,2026-08,1317122,9518350,EUR
1622334019,medicines,2024-01,8433257,8433257,BGN
1622334019,medicines,2024-02,8152506,16585763,BGN
1622334019,medicines,2024-03,9073743,25659506,BGN
1622334019,medicines,2024-04,8650628,34310134,BGN
1622334019,medicines,2024-05,9207265,43517399,BGN
1622334019,medicines,2024-06,9495985,53013383,BGN
1622334019,medicines,2024-07,9598453,62611837,BGN
1622334019,medicines,2024-08,9286508,71898345,BGN
1622334019,medicines,2024-09,9990871,81889216,BGN
1622334019,medicines,2024-10,10452892,92342108,BGN
1622334019,medicines,2024-11,9095650,101437758,BGN
1622334019,medicines,2024-12,10923873,112361631,BGN
1622334019,medicines,2025-01,9655394,9655394,BGN
1622334019,medicines,2025-02,9249062,18904456,BGN
1622334019,medicines,2025-03,10416937,29321393,BGN
1622334019,medicines,2025-04,9067285,38388678,BGN
1622334019,medicines,2025-05,10169074,48557752,BGN
1622334019,medicines,2025-06,10620556,59178309,BGN
1622334019,medicines,2025-07,10049037,69227345,BGN
1622334019,medicines,2025-08,10098258,79325603,BGN
1622334019,medicines,2025-09,10775570,90101173,BGN
1622334019,medicines,2025-10,10434711,100535884,BGN
1622334019,medicines,2025-11,9970942,110506826,BGN
1622334019,medicines,2025-12,11034787,121541612,BGN
1622334019,medicines,2026-01,5162047,5162047,EUR
1622334019,medicines,2026-02,5579574,10741621,EUR
1622334019,medicines,2026-03,5263547,16005168,EUR
1622334019,medicines,2026-04,5263653,21268821,EUR
1622334019,medicines,2026-05,5555475,26824296,EUR
1622334019,medicines,2026-06,5873879,32698174,EUR
1622334019,medicines,2026-07,5225331,37923505,EUR
1622334019,medicines,2026-08,5768600,43692105,EUR
1622391046,care,2024-01,406696,406696,BGN
1622391046,care,2024-02,386975,793670,BGN
1622391046,care,2024-03,367708,1161378,BGN
1622391046,care,2024-04,415349,1576727,BGN
1622391046,care,2024-05,420870,1997597,BGN
1622391046,care,2024-06,438099,2435696,BGN
1622391046,care,2024-07,407620,2843316,BGN
1622391046,care,2024-08,430599,3273915,BGN
1622391046,care,2024-09,417849,3691764,BGN
1622391046,care,2024-10,396620,4088384,BGN
1622391046,care,2024-11,427074,4515458,BGN
1622391046,care,2024-12,413340,4928798,BGN
1622391046,care,2025-01,401048,401048,BGN
1622391046,care,2025-02,412298,813346,BGN
1622391046,care,2025-03,363374,1176720,BGN
1622391046,care,2025-04,382548,1559268,BGN
1622391046,care,2025-05,393740,1953008,BGN
1622391046,care,2025-06,412349,2365357,BGN
1622391046,care,2025-07,382140,2747497,BGN
1622391046,care,2025-08,406403,3153900,BGN
1622391046,care,2025-09,383653,3537553,BGN
1622391046,care,2025-10,388390,3925943,BGN
1622391046,care,2025-11,419653,4345596,BGN
1622391046,care,2025-12,389140,4734736,BGN
1622391046,care,2026-01,219673,219673,EUR
1622391046,care,2026-02,218011,437685,EUR
1622391046,care,2026-03,197540,635225,EUR
1622391046,care,2026-04,218778,854003,EUR
1622391046,care,2026-05,218644,1072647,EUR
1622391046,care,2026-06,219673,1292320,EUR
1622391046,care,2026-07,215065,1507385,EUR
1622391046,care,2026-08,219673,1727058,EUR
1622391051,care,2024-01,119275,119275,BGN
1622391051,care,2024-02,128066,247342,BGN
1622391051,care,2024-03,113335,360677,BGN
1622391051,care,2024-04,127250,487927,BGN
1622391051,care,2024-05,126250,614177,BGN
1622391051,care,2024-06,135500,749677,BGN
1622391051,care,2024-07,119250,868927,BGN
1622391051,care,2024-08,130250,999177,BGN
1622391051,care,2024-09,123250,1122427,BGN
1622391051,care,2024-10,126000,1248427,BGN
1622391051,care,2024-11,135250,1383677,BGN
1622391051,care,2024-12,139000,1522677,BGN
1622391051,care,2025-01,136750,136750,BGN
1622391051,care,2025-02,143500,280250,BGN
1622391051,care,2025-03,127000,407250,BGN
1622391051,care,2025-04,141750,549000,BGN
1622391051,care,2025-05,135750,684750,BGN
1622391051,care,2025-06,138750,823500,BGN
1622391051,care,2025-07,131500,955000,BGN
1622391051,care,2025-08,130750,1085750,BGN
1622391051,care,2025-09,132250,1218000,BGN
1622391051,care,2025-10,128250,1346250,BGN
1622391051,care,2025-11,136500,1482750,BGN
1622391051,care,2025-12,132750,1615500,BGN
1622391051,care,2026-01,74136,74136,EUR
1622391051,care,2026-02,70429,144564,EUR
1622391051,care,2026-03,67489,212053,EUR
1622391051,care,2026-04,72985,285039,EUR
1622391051,care,2026-05,69406,354445,EUR
1622391051,care,2026-06,69918,424362,EUR
1622391051,care,2026-07,67106,491468,EUR
1622391051,care,2026-08,66211,557679,EUR
1622911013,care,2024-01,363682,363682,BGN
1622911013,care,2024-02,363682,727364,BGN
1622911013,care,2024-03,363682,1091046,BGN
1622911013,care,2024-04,733717,1824763,BGN
1622911013,care,2024-05,468285,2293048,BGN
1622911013,care,2024-06,468285,2761333,BGN
1622911013,care,2024-07,468285,3229618,BGN
1622911013,care,2024-08,468285,3697903,BGN
1622911013,care,2024-09,444871,4142774,BGN
1622911013,care,2024-10,468285,4611059,BGN
1622911013,care,2024-11,669643,5280702,BGN
1622911013,care,2024-12,444871,5725573,BGN
1622911013,care,2025-01,468285,468285,BGN
1622911013,care,2025-02,489300,957585,BGN
1622911013,care,2025-03,470685,1428269,BGN
1622911013,care,2025-04,444871,1873140,BGN
1622911013,care,2025-05,1506451,3379591,BGN
1622911013,care,2025-06,635359,4014949,BGN
1622911013,care,2025-07,546908,4561857,BGN
1622911013,care,2025-08,542145,5104002,BGN
1622911013,care,2025-09,482396,5586398,BGN
1622911013,care,2025-10,521204,6107602,BGN
1622911013,care,2025-11,521204,6628806,BGN
1622911013,care,2025-12,521204,7150010,BGN
1622911013,care,2026-01,233563,233563,EUR
1622911013,care,2026-02,226951,460514,EUR
1622911013,care,2026-03,291679,752193,EUR
1622911013,care,2026-04,273189,1025382,EUR
1622911013,care,2026-05,273189,1298571,EUR
1622911013,care,2026-06,273189,1571760,EUR
1622911013,care,2026-07,264710,1836470,EUR
1622911013,care,2026-08,261634,2098104,EUR
1622911013,devices,2024-02,2766,2766,BGN
1622911013,devices,2024-03,0,2766,BGN
1622911013,devices,2024-04,2221,4987,BGN
1622911013,devices,2024-05,4051,9038,BGN
1622911013,devices,2024-06,0,9038,BGN
1622911013,devices,2024-07,1914,10952,BGN
1622911013,devices,2024-08,1141,12093,BGN
1622911013,devices,2024-09,2400,14493,BGN
1622911013,devices,2024-10,1200,15693,BGN
1622911013,devices,2024-11,0,15693,BGN
1622911013,devices,2024-12,1200,16893,BGN
1622911013,devices,2025-01,2400,2400,BGN
1622911013,devices,2025-02,2400,4800,BGN
1622911013,devices,2025-03,1200,6000,BGN
1622911013,devices,2025-04,2400,8400,BGN
1622911013,devices,2025-05,1200,9600,BGN
1622911013,devices,2025-06,3600,13200,BGN
1622911013,devices,2025-07,1200,14400,BGN
1622911013,devices,2025-08,1200,15600,BGN
1622911013,devices,2025-09,1566,17166,BGN
1622911013,devices,2025-10,3600,20766,BGN
1622911013,devices,2025-11,0,20766,BGN
1622911013,devices,2025-12,0,20766,BGN
1622911013,devices,2026-01,614,614,EUR
1622911013,devices,2026-02,801,1414,EUR
1622911013,devices,2026-03,1227,2641,EUR
1622911013,devices,2026-04,0,2641,EUR
1622911013,devices,2026-05,1227,3868,EUR
1622911013,devices,2026-06,1227,5096,EUR
1622911013,devices,2026-07,0,5096,EUR
1622911013,devices,2026-08,1227,6323,EUR
1622911014,care,2024-01,258029,258029,BGN
1622911014,care,2024-02,343395,601424,BGN
1622911014,care,2024-03,300712,902136,BGN
1622911014,care,2024-04,484257,1386393,BGN
1622911014,care,2024-05,358371,1744764,BGN
1622911014,care,2024-06,358371,2103135,BGN
1622911014,care,2024-07,358371,2461506,BGN
1622911014,care,2024-08,358371,2819877,BGN
1622911014,care,2024-09,358371,3178248,BGN
1622911014,care,2024-10,358371,3536619,BGN
1622911014,care,2024-11,394556,3931175,BGN
1622911014,care,2024-12,358371,4289546,BGN
1622911014,care,2025-01,344144,344144,BGN
1622911014,care,2025-02,372598,716742,BGN
1622911014,care,2025-03,358371,1075113,BGN
1622911014,care,2025-04,358371,1433484,BGN
1622911014,care,2025-05,553887,1987371,BGN
1622911014,care,2025-06,392915,2380286,BGN
1622911014,care,2025-07,368169,2748455,BGN
1622911014,care,2025-08,341380,3089836,BGN
1622911014,care,2025-09,335023,3424859,BGN
1622911014,care,2025-10,362707,3787566,BGN
1622911014,care,2025-11,362707,4150273,BGN
1622911014,care,2025-12,362707,4512980,BGN
1622911014,care,2026-01,171279,171279,EUR
1622911014,care,2026-02,181090,352369,EUR
1622911014,care,2026-03,201286,553654,EUR
1622911014,care,2026-04,188493,742147,EUR
1622911014,care,2026-05,188493,930640,EUR
1622911014,care,2026-06,188493,1119133,EUR
1622911014,care,2026-07,188493,1307626,EUR
1622911014,care,2026-08,188493,1496119,EUR
1623211007,care,2024-01,570891,570891,BGN
1623211007,care,2024-02,564465,1135356,BGN
1623211007,care,2024-03,682508,1817864,BGN
1623211007,care,2024-04,665047,2482911,BGN
1623211007,care,2024-05,676694,3159604,BGN
1623211007,care,2024-06,664741,3824346,BGN
1623211007,care,2024-07,677642,4501988,BGN
1623211007,care,2024-08,662484,5164472,BGN
1623211007,care,2024-09,662203,5826675,BGN
1623211007,care,2024-10,662408,6489083,BGN
1623211007,care,2024-11,690247,7179330,BGN
1623211007,care,2024-12,656601,7835931,BGN
1623211007,care,2025-01,661345,661345,BGN
1623211007,care,2025-02,647271,1308616,BGN
1623211007,care,2025-03,668859,1977475,BGN
1623211007,care,2025-04,655050,2632525,BGN
1623211007,care,2025-05,767962,3400487,BGN
1623211007,care,2025-06,707811,4108299,BGN
1623211007,care,2025-07,829985,4938284,BGN
1623211007,care,2025-08,747120,5685404,BGN
1623211007,care,2025-09,687260,6372664,BGN
1623211007,care,2025-10,684726,7057390,BGN
1623211007,care,2025-11,677665,7735055,BGN
1623211007,care,2025-12,677682,8412736,BGN
1623211007,care,2026-01,363700,363700,EUR
1623211007,care,2026-02,363146,726846,EUR
1623211007,care,2026-03,364409,1091255,EUR
1623211007,care,2026-04,357511,1448766,EUR
1623211007,care,2026-05,355620,1804386,EUR
1623211007,care,2026-06,363691,2168076,EUR
1623211007,care,2026-07,368916,2536992,EUR
1623211007,care,2026-08,366270,2903262,EUR
1625131001,care,2024-01,2001,2001,BGN
1625131001,care,2024-02,2001,4002,BGN
1625131001,care,2024-03,2001,6003,BGN
1625131001,care,2024-04,2632,8635,BGN
1625131001,care,2024-05,2835,11470,BGN
1625131001,care,2024-06,3038,14508,BGN
1625131001,care,2024-07,2011,16519,BGN
1625131001,care,2024-08,3659,20178,BGN
1625131001,care,2024-09,2835,23013,BGN
1625131001,care,2024-10,2835,25848,BGN
1625131001,care,2024-11,2845,28693,BGN
1625131001,care,2024-12,2835,31528,BGN
1625131001,care,2025-01,2835,2835,BGN
1625131001,care,2025-02,2592,5427,BGN
1625131001,care,2025-03,3078,8505,BGN
1625131001,care,2025-04,2835,11340,BGN
1625131001,care,2025-05,2865,14205,BGN
1625131001,care,2025-06,2835,17040,BGN
1625131001,care,2025-07,2835,19875,BGN
1625131001,care,2025-08,2835,22710,BGN
1625131001,care,2025-09,2835,25545,BGN
1625131001,care,2025-10,2835,28380,BGN
1625131001,care,2025-11,2592,30972,BGN
1625131001,care,2025-12,3078,34050,BGN
1625131001,care,2026-01,1449,1449,EUR
1625131001,care,2026-02,1449,2899,EUR
1625131001,care,2026-03,1325,4224,EUR
1625131001,care,2026-04,1450,5674,EUR
1625131001,care,2026-05,1449,7124,EUR
1625131001,care,2026-06,1449,8573,EUR
1625131001,care,2026-07,1449,10023,EUR
1625131001,care,2026-08,1449,11472,EUR
1625211008,care,2024-01,259694,259694,BGN
1625211008,care,2024-02,259694,519388,BGN
1625211008,care,2024-03,309837,829225,BGN
1625211008,care,2024-04,460742,1289967,BGN
1625211008,care,2024-05,307567,1597533,BGN
1625211008,care,2024-06,288504,1886038,BGN
1625211008,care,2024-07,367333,2253370,BGN
1625211008,care,2024-08,319277,2572648,BGN
1625211008,care,2024-09,308931,2881579,BGN
1625211008,care,2024-10,316167,3197746,BGN
1625211008,care,2024-11,328666,3526412,BGN
1625211008,care,2024-12,322426,3848838,BGN
1625211008,care,2025-01,322482,322482,BGN
1625211008,care,2025-02,322381,644863,BGN
1625211008,care,2025-03,322424,967287,BGN
1625211008,care,2025-04,322427,1289714,BGN
1625211008,care,2025-05,460969,1750683,BGN
1625211008,care,2025-06,424679,2175362,BGN
1625211008,care,2025-07,338468,2513829,BGN
1625211008,care,2025-08,291327,2805157,BGN
1625211008,care,2025-09,352859,3158015,BGN
1625211008,care,2025-10,327398,3485414,BGN
1625211008,care,2025-11,369554,3854968,BGN
1625211008,care,2025-12,360417,4215385,BGN
1625211008,care,2026-01,168948,168948,EUR
1625211008,care,2026-02,195218,364166,EUR
1625211008,care,2026-03,177830,541997,EUR
1625211008,care,2026-04,178749,720746,EUR
1625211008,care,2026-05,178827,899574,EUR
1625211008,care,2026-06,178464,1078037,EUR
1625211008,care,2026-07,178822,1256859,EUR
1625211008,care,2026-08,167427,1424287,EUR
1626131002,care,2024-01,81648,81648,BGN
1626131002,care,2024-02,86119,167767,BGN
1626131002,care,2024-03,84233,252000,BGN
1626131002,care,2024-04,84170,336170,BGN
1626131002,care,2024-05,101860,438030,BGN
1626131002,care,2024-06,93270,531300,BGN
1626131002,care,2024-07,91510,622810,BGN
1626131002,care,2024-08,93100,715910,BGN
1626131002,care,2024-09,92620,808530,BGN
1626131002,care,2024-10,92960,901490,BGN
1626131002,care,2024-11,89860,991350,BGN
1626131002,care,2024-12,95180,1086530,BGN
1626131002,care,2025-01,85260,85260,BGN
1626131002,care,2025-02,94440,179700,BGN
1626131002,care,2025-03,92020,271720,BGN
1626131002,care,2025-04,93100,364820,BGN
1626131002,care,2025-05,90566,455386,BGN
1626131002,care,2025-06,95646,551032,BGN
1626131002,care,2025-07,94260,645292,BGN
1626131002,care,2025-08,94260,739552,BGN
1626131002,care,2025-09,94954,834506,BGN
1626131002,care,2025-10,90566,925072,BGN
1626131002,care,2025-11,90566,1015638,BGN
1626131002,care,2025-12,90566,1106204,BGN
1626131002,care,2026-01,47916,47916,EUR
1626131002,care,2026-02,46446,94362,EUR
1626131002,care,2026-03,45894,140257,EUR
1626131002,care,2026-04,47819,188076,EUR
1626131002,care,2026-05,47295,235371,EUR
1626131002,care,2026-06,47551,282922,EUR
1626131002,care,2026-07,47819,330741,EUR
1626131002,care,2026-08,47819,378560,EUR
1626211048,care,2024-01,580876,580876,BGN
1626211048,care,2024-02,580876,1161752,BGN
1626211048,care,2024-03,580876,1742628,BGN
1626211048,care,2024-04,1385109,3127737,BGN
1626211048,care,2024-05,813055,3940792,BGN
1626211048,care,2024-06,792132,4732924,BGN
1626211048,care,2024-07,810473,5543397,BGN
1626211048,care,2024-08,831192,6374589,BGN
1626211048,care,2024-09,711652,7086241,BGN
1626211048,care,2024-10,818530,7904771,BGN
1626211048,care,2024-11,1048337,8953109,BGN
1626211048,care,2024-12,783024,9736132,BGN
1626211048,care,2025-01,760277,760277,BGN
1626211048,care,2025-02,846376,1606653,BGN
1626211048,care,2025-03,811838,2418491,BGN
1626211048,care,2025-04,793238,3211729,BGN
1626211048,care,2025-05,2096889,5308618,BGN
1626211048,care,2025-06,876969,6185587,BGN
1626211048,care,2025-07,1039461,7225048,BGN
1626211048,care,2025-08,908125,8133173,BGN
1626211048,care,2025-09,743720,8876893,BGN
1626211048,care,2025-10,900068,9776961,BGN
1626211048,care,2025-11,923324,10700285,BGN
1626211048,care,2025-12,917583,11617869,BGN
1626211048,care,2026-01,447294,447294,EUR
1626211048,care,2026-02,480299,927594,EUR
1626211048,care,2026-03,475520,1403114,EUR
1626211048,care,2026-04,487224,1890338,EUR
1626211048,care,2026-05,492528,2382866,EUR
1626211048,care,2026-06,478285,2861151,EUR
1626211048,care,2026-07,496911,3358062,EUR
1626211048,care,2026-08,497681,3855742,EUR
1626211048,devices,2024-02,19070,19070,BGN
1626211048,devices,2024-03,26682,45752,BGN
1626211048,devices,2024-04,17632,63384,BGN
1626211048,devices,2024-05,18343,81727,BGN
1626211048,devices,2024-06,36170,117897,BGN
1626211048,devices,2024-07,24278,142175,BGN
1626211048,devices,2024-08,9539,151714,BGN
1626211048,devices,2024-09,19973,171687,BGN
1626211048,devices,2024-10,12050,183737,BGN
1626211048,devices,2024-11,14939,198676,BGN
1626211048,devices,2024-12,32582,231258,BGN
1626211048,devices,2025-01,34915,34915,BGN
1626211048,devices,2025-02,27525,62440,BGN
1626211048,devices,2025-03,18605,81045,BGN
1626211048,devices,2025-04,36617,117662,BGN
1626211048,devices,2025-05,28080,145742,BGN
1626211048,devices,2025-06,37079,182821,BGN
1626211048,devices,2025-07,19618,202439,BGN
1626211048,devices,2025-08,41845,244284,BGN
1626211048,devices,2025-09,11514,255798,BGN
1626211048,devices,2025-10,1435,257233,BGN
1626211048,devices,2025-11,22299,279532,BGN
1626211048,devices,2025-12,0,279532,BGN
1626211048,devices,2026-01,42146,42146,EUR
1626211048,devices,2026-02,20125,62271,EUR
1626211048,devices,2026-03,17642,79913,EUR
1626211048,devices,2026-04,0,79913,EUR
1626211048,devices,2026-05,9720,89633,EUR
1626211048,devices,2026-06,13175,102808,EUR
1626211048,devices,2026-07,16940,119748,EUR
1626211048,devices,2026-08,15781,135529,EUR
1626211048,medicines,2024-01,1032693,1032693,BGN
1626211048,medicines,2024-02,864841,1897534,BGN
1626211048,medicines,2024-03,1119020,3016554,BGN
1626211048,medicines,2024-04,1009827,4026381,BGN
1626211048,medicines,2024-05,1172289,5198670,BGN
1626211048,medicines,2024-06,1414255,6612925,BGN
1626211048,medicines,2024-07,1358651,7971576,BGN
1626211048,medicines,2024-08,1405223,9376799,BGN
1626211048,medicines,2024-09,1533147,10909946,BGN
1626211048,medicines,2024-10,1260490,12170437,BGN
1626211048,medicines,2024-11,1395752,13566189,BGN
1626211048,medicines,2024-12,1550394,15116583,BGN
1626211048,medicines,2025-01,1467223,1467223,BGN
1626211048,medicines,2025-02,1264166,2731389,BGN
1626211048,medicines,2025-03,1725580,4456968,BGN
1626211048,medicines,2025-04,1482883,5939852,BGN
1626211048,medicines,2025-05,1550400,7490252,BGN
1626211048,medicines,2025-06,1590301,9080552,BGN
1626211048,medicines,2025-07,1386959,10467512,BGN
1626211048,medicines,2025-08,1478648,11946160,BGN
1626211048,medicines,2025-09,1467362,13413522,BGN
1626211048,medicines,2025-10,1348572,14762094,BGN
1626211048,medicines,2025-11,1780323,16542418,BGN
1626211048,medicines,2025-12,1724346,18266764,BGN
1626211048,medicines,2026-01,895522,895522,EUR
1626211048,medicines,2026-02,802391,1697913,EUR
1626211048,medicines,2026-03,980675,2678587,EUR
1626211048,medicines,2026-04,875556,3554143,EUR
1626211048,medicines,2026-05,916583,4470726,EUR
1626211048,medicines,2026-06,1029149,5499875,EUR
1626211048,medicines,2026-07,900194,6400069,EUR
1626211048,medicines,2026-08,1071672,7471741,EUR
1637232012,care,2024-01,176515,176515,BGN
1637232012,care,2024-02,176515,353030,BGN
1637232012,care,2024-03,176515,529545,BGN
1637232012,care,2024-04,253992,783537,BGN
1637232012,care,2024-05,197156,980693,BGN
1637232012,care,2024-06,197156,1177849,BGN
1637232012,care,2024-07,197156,1375005,BGN
1637232012,care,2024-08,197156,1572161,BGN
1637232012,care,2024-09,197156,1769317,BGN
1637232012,care,2024-10,197156,1966473,BGN
1637232012,care,2024-11,275711,2242184,BGN
1637232012,care,2024-12,197156,2439340,BGN
1637232012,care,2025-01,197156,197156,BGN
1637232012,care,2025-02,197156,394312,BGN
1637232012,care,2025-03,197156,591468,BGN
1637232012,care,2025-04,197156,788624,BGN
1637232012,care,2025-05,941518,1730142,BGN
1637232012,care,2025-06,395873,2126015,BGN
1637232012,care,2025-07,282934,2408949,BGN
1637232012,care,2025-08,226713,2635662,BGN
1637232012,care,2025-09,241520,2877182,BGN
1637232012,care,2025-10,271298,3148481,BGN
1637232012,care,2025-11,285656,3434136,BGN
1637232012,care,2025-12,278477,3712613,BGN
1637232012,care,2026-01,142385,142385,EUR
1637232012,care,2026-02,131685,274070,EUR
1637232012,care,2026-03,153103,427173,EUR
1637232012,care,2026-04,142394,569567,EUR
1637232012,care,2026-05,142394,711961,EUR
1637232012,care,2026-06,139739,851700,EUR
1637232012,care,2026-07,125794,977494,EUR
1637232012,care,2026-08,92691,1070184,EUR
1637232057,care,2024-01,116012,116012,BGN
1637232057,care,2024-02,70293,186304,BGN
1637232057,care,2024-03,122186,308490,BGN
1637232057,care,2024-04,117757,426247,BGN
1637232057,care,2024-05,130889,557136,BGN
1637232057,care,2024-06,130889,688025,BGN
1637232057,care,2024-07,130889,818914,BGN
1637232057,care,2024-08,130889,949803,BGN
1637232057,care,2024-09,130889,1080692,BGN
1637232057,care,2024-10,130889,1211581,BGN
1637232057,care,2024-11,138004,1349585,BGN
1637232057,care,2024-12,130889,1480474,BGN
1637232057,care,2025-01,130889,130889,BGN
1637232057,care,2025-02,86504,217393,BGN
1637232057,care,2025-03,124016,341409,BGN
1637232057,care,2025-04,130889,472298,BGN
1637232057,care,2025-05,150947,623245,BGN
1637232057,care,2025-06,115718,738962,BGN
1637232057,care,2025-07,136819,875782,BGN
1637232057,care,2025-08,138544,1014326,BGN
1637232057,care,2025-09,131839,1146164,BGN
1637232057,care,2025-10,113795,1259959,BGN
1637232057,care,2025-11,113795,1373754,BGN
1637232057,care,2025-12,113795,1487549,BGN
1637232057,care,2026-01,73797,73797,EUR
1637232057,care,2026-02,32018,105815,EUR
1637232057,care,2026-03,64576,170391,EUR
1637232057,care,2026-04,66822,237213,EUR
1637232057,care,2026-05,66822,304035,EUR
1637232057,care,2026-06,66822,370857,EUR
1637232057,care,2026-07,66822,437679,EUR
1637232057,care,2026-08,66822,504501,EUR
1637233021,care,2024-01,151321,151321,BGN
1637233021,care,2024-02,62937,214258,BGN
1637233021,care,2024-03,119268,333526,BGN
1637233021,care,2024-04,217195,550721,BGN
1637233021,care,2024-05,217195,767916,BGN
1637233021,care,2024-06,217195,985111,BGN
1637233021,care,2024-07,217195,1202306,BGN
1637233021,care,2024-08,201418,1403724,BGN
1637233021,care,2024-09,170861,1574585,BGN
1637233021,care,2024-10,168881,1743466,BGN
1637233021,care,2024-11,236009,1979475,BGN
1637233021,care,2024-12,246695,2226170,BGN
1637233021,care,2025-01,128747,128747,BGN
1637233021,care,2025-02,38073,166820,BGN
1637233021,care,2025-03,165794,332614,BGN
1637233021,care,2025-04,217195,549809,BGN
1637233021,care,2025-05,128510,678319,BGN
1637233021,care,2025-06,156672,834991,BGN
1637233021,care,2025-07,250036,1085027,BGN
1637233021,care,2025-08,241799,1326826,BGN
1637233021,care,2025-09,179250,1506076,BGN
1637233021,care,2025-10,110863,1616939,BGN
1637233021,care,2025-11,110863,1727802,BGN
1637233021,care,2025-12,110863,1838665,BGN
1637233021,care,2026-01,97505,97505,EUR
1637233021,care,2026-02,27550,125054,EUR
1637233021,care,2026-03,47386,172440,EUR
1637233021,care,2026-04,93123,265563,EUR
1637233021,care,2026-05,93123,358686,EUR
1637233021,care,2026-06,93123,451809,EUR
1637233021,care,2026-07,93123,544932,EUR
1637233021,care,2026-08,79534,624466,EUR
1637253040,care,2024-01,123064,123064,BGN
1637253040,care,2024-02,123064,246128,BGN
1637253040,care,2024-03,123064,369192,BGN
1637253040,care,2024-04,162359,531551,BGN
1637253040,care,2024-05,139768,671319,BGN
1637253040,care,2024-06,139768,811087,BGN
1637253040,care,2024-07,139768,950855,BGN
1637253040,care,2024-08,139768,1090623,BGN
1637253040,care,2024-09,139768,1230391,BGN
1637253040,care,2024-10,139768,1370159,BGN
1637253040,care,2024-11,154505,1524664,BGN
1637253040,care,2024-12,139768,1664432,BGN
1637253040,care,2025-01,139768,139768,BGN
1637253040,care,2025-02,139768,279536,BGN
1637253040,care,2025-03,139768,419304,BGN
1637253040,care,2025-04,139768,559072,BGN
1637253040,care,2025-05,337707,896779,BGN
1637253040,care,2025-06,203268,1100047,BGN
1637253040,care,2025-07,162089,1262136,BGN
1637253040,care,2025-08,174334,1436470,BGN
1637253040,care,2025-09,173332,1609802,BGN
1637253040,care,2025-10,161409,1771211,BGN
1637253040,care,2025-11,161409,1932620,BGN
1637253040,care,2025-12,161409,2094029,BGN
1637253040,care,2026-01,85210,85210,EUR
1637253040,care,2026-02,83132,168342,EUR
1637253040,care,2026-03,91474,259816,EUR
1637253040,care,2026-04,87303,347119,EUR
1637253040,care,2026-05,87303,434422,EUR
1637253040,care,2026-06,87303,521725,EUR
1637253040,care,2026-07,87303,609028,EUR
1637253040,care,2026-08,87303,696331,EUR
1641131001,care,2025-09,1458,1458,BGN
1641131001,care,2025-10,729,2187,BGN
1641131001,care,2025-11,0,2187,BGN
1641131001,care,2025-12,1458,3645,BGN
1641131001,care,2026-01,373,373,EUR
1641131001,care,2026-02,373,745,EUR
1641131001,care,2026-03,373,1118,EUR
1641131001,care,2026-04,663,1781,EUR
1641131001,care,2026-05,373,2154,EUR
1641131001,care,2026-06,870,3024,EUR
1641131001,care,2026-07,663,3687,EUR
1641131001,care,2026-08,373,4059,EUR
1641221054,care,2024-01,41499,41499,BGN
1641221054,care,2024-02,43782,85281,BGN
1641221054,care,2024-03,45166,130446,BGN
1641221054,care,2024-04,46372,176818,BGN
1641221054,care,2024-05,46900,223718,BGN
1641221054,care,2024-06,46636,270354,BGN
1641221054,care,2024-07,46636,316990,BGN
1641221054,care,2024-08,46636,363626,BGN
1641221054,care,2024-09,45159,408785,BGN
1641221054,care,2024-10,40076,448861,BGN
1641221054,care,2024-11,53196,502057,BGN
1641221054,care,2024-12,46636,548693,BGN
1641221054,care,2025-01,46636,46636,BGN
1641221054,care,2025-02,37870,84506,BGN
1641221054,care,2025-03,52018,136524,BGN
1641221054,care,2025-04,46636,183160,BGN
1641221054,care,2025-05,45816,228976,BGN
1641221054,care,2025-06,45510,274487,BGN
1641221054,care,2025-07,46699,321185,BGN
1641221054,care,2025-08,50700,371885,BGN
1641221054,care,2025-09,47635,419521,BGN
1641221054,care,2025-10,45505,465026,BGN
1641221054,care,2025-11,45505,510531,BGN
1641221054,care,2025-12,45505,556036,BGN
1641221054,care,2026-01,22055,22055,EUR
1641221054,care,2026-02,22048,44103,EUR
1641221054,care,2026-03,22703,66805,EUR
1641221054,care,2026-04,23794,90599,EUR
1641221054,care,2026-05,23514,114113,EUR
1641221054,care,2026-06,24013,138126,EUR
1641221054,care,2026-07,23794,161920,EUR
1641221054,care,2026-08,23794,185714,EUR
1643221052,care,2024-01,52528,52528,BGN
1643221052,care,2024-02,23832,76360,BGN
1643221052,care,2024-03,40138,116498,BGN
1643221052,care,2024-04,42081,158579,BGN
1643221052,care,2024-05,53603,212181,BGN
1643221052,care,2024-06,23044,235225,BGN
1643221052,care,2024-07,47648,282874,BGN
1643221052,care,2024-08,39855,322729,BGN
1643221052,care,2024-09,40857,363585,BGN
1643221052,care,2024-10,29335,392920,BGN
1643221052,care,2024-11,51878,444798,BGN
1643221052,care,2024-12,50096,494894,BGN
1643221052,care,2025-01,54104,54104,BGN
1643221052,care,2025-02,32841,86945,BGN
1643221052,care,2025-03,45086,132032,BGN
1643221052,care,2025-04,42639,174670,BGN
1643221052,care,2025-05,42582,217252,BGN
1643221052,care,2025-06,40578,257830,BGN
1643221052,care,2025-07,43863,301692,BGN
1643221052,care,2025-08,45644,347337,BGN
1643221052,care,2025-09,35625,382962,BGN
1643221052,care,2025-10,23949,406911,BGN
1643221052,care,2025-11,37754,444666,BGN
1643221052,care,2025-12,34191,478856,BGN
1643221052,care,2026-01,17326,17326,EUR
1643221052,care,2026-02,13575,30901,EUR
1643221052,care,2026-03,24589,55490,EUR
1643221052,care,2026-04,20003,75493,EUR
1643221052,care,2026-05,20003,95496,EUR
1643221052,care,2026-06,19979,115475,EUR
1643221052,care,2026-07,19865,135341,EUR
1643221052,care,2026-08,19353,154694,EUR
1714211002,care,2024-01,336846,336846,BGN
1714211002,care,2024-02,344514,681360,BGN
1714211002,care,2024-03,442842,1124202,BGN
1714211002,care,2024-04,501425,1625627,BGN
1714211002,care,2024-05,413755,2039382,BGN
1714211002,care,2024-06,413342,2452724,BGN
1714211002,care,2024-07,411269,2863993,BGN
1714211002,care,2024-08,401805,3265798,BGN
1714211002,care,2024-09,408607,3674405,BGN
1714211002,care,2024-10,364720,4039125,BGN
1714211002,care,2024-11,422388,4461513,BGN
1714211002,care,2024-12,445473,4906987,BGN
1714211002,care,2025-01,407783,407783,BGN
1714211002,care,2025-02,409604,817387,BGN
1714211002,care,2025-03,408854,1226241,BGN
1714211002,care,2025-04,413157,1639398,BGN
1714211002,care,2025-05,373870,2013268,BGN
1714211002,care,2025-06,342125,2355393,BGN
1714211002,care,2025-07,479486,2834879,BGN
1714211002,care,2025-08,374098,3208977,BGN
1714211002,care,2025-09,336267,3545244,BGN
1714211002,care,2025-10,394011,3939255,BGN
1714211002,care,2025-11,425326,4364581,BGN
1714211002,care,2025-12,410901,4775482,BGN
1714211002,care,2026-01,185718,185718,EUR
1714211002,care,2026-02,195202,380920,EUR
1714211002,care,2026-03,226468,607388,EUR
1714211002,care,2026-04,202684,810072,EUR
1714211002,care,2026-05,202831,1012903,EUR
1714211002,care,2026-06,203025,1215928,EUR
1714211002,care,2026-07,203740,1419668,EUR
1714211002,care,2026-08,199219,1618886,EUR
1716211003,care,2024-01,278199,278199,BGN
1716211003,care,2024-02,291579,569778,BGN
1716211003,care,2024-03,365618,935396,BGN
1716211003,care,2024-04,364364,1299760,BGN
1716211003,care,2024-05,339080,1638840,BGN
1716211003,care,2024-06,295729,1934569,BGN
1716211003,care,2024-07,288740,2223310,BGN
1716211003,care,2024-08,312867,2536176,BGN
1716211003,care,2024-09,305361,2841537,BGN
1716211003,care,2024-10,310665,3152202,BGN
1716211003,care,2024-11,308644,3460847,BGN
1716211003,care,2024-12,294672,3755519,BGN
1716211003,care,2025-01,319726,319726,BGN
1716211003,care,2025-02,338543,658269,BGN
1716211003,care,2025-03,320917,979186,BGN
1716211003,care,2025-04,328723,1307909,BGN
1716211003,care,2025-05,287172,1595081,BGN
1716211003,care,2025-06,299826,1894907,BGN
1716211003,care,2025-07,375810,2270717,BGN
1716211003,care,2025-08,302986,2573702,BGN
1716211003,care,2025-09,273466,2847168,BGN
1716211003,care,2025-10,274166,3121334,BGN
1716211003,care,2025-11,307856,3429190,BGN
1716211003,care,2025-12,302748,3731939,BGN
1716211003,care,2026-01,142824,142824,EUR
1716211003,care,2026-02,155750,298575,EUR
1716211003,care,2026-03,159562,458136,EUR
1716211003,care,2026-04,160347,618483,EUR
1716211003,care,2026-05,158658,777141,EUR
1716211003,care,2026-06,140647,917788,EUR
1716211003,care,2026-07,159973,1077761,EUR
1716211003,care,2026-08,159825,1237586,EUR
1726131002,care,2025-08,243,243,BGN
1726131002,care,2025-09,3157,3400,BGN
1726131002,care,2025-10,4152,7552,BGN
1726131002,care,2025-11,4152,11704,BGN
1726131002,care,2025-12,4152,15856,BGN
1726131002,care,2026-01,2123,2123,EUR
1726131002,care,2026-02,3315,5438,EUR
1726131002,care,2026-03,3315,8753,EUR
1726131002,care,2026-04,3315,12068,EUR
1726131002,care,2026-05,3315,15383,EUR
1726131002,care,2026-06,2858,18240,EUR
1726131002,care,2026-07,3315,21555,EUR
1726131002,care,2026-08,3315,24870,EUR
1726131005,care,2024-01,1577,1577,BGN
1726131005,care,2024-02,15638,17215,BGN
1726131005,care,2024-03,9806,27022,BGN
1726131005,care,2024-04,8620,35642,BGN
1726131005,care,2024-05,9620,45262,BGN
1726131005,care,2024-06,6440,51702,BGN
1726131005,care,2024-07,4260,55962,BGN
1726131005,care,2024-08,16800,72762,BGN
1726131005,care,2024-09,14540,87302,BGN
1726131005,care,2024-10,13732,101034,BGN
1726131005,care,2024-11,10448,111482,BGN
1726131005,care,2024-12,11280,122762,BGN
1726131005,care,2025-01,8200,8200,BGN
1726131005,care,2025-02,16460,24660,BGN
1726131005,care,2025-03,4760,29420,BGN
1726131005,care,2025-04,9340,38760,BGN
1726131005,care,2025-05,9280,48040,BGN
1726131005,care,2025-06,11200,59240,BGN
1726131005,care,2025-07,8700,67940,BGN
1726131005,care,2025-08,13980,81920,BGN
1726131005,care,2025-09,9520,91440,BGN
1726131005,care,2025-10,10552,101992,BGN
1726131005,care,2025-11,10100,112092,BGN
1726131005,care,2025-12,11004,123096,BGN
1726131005,care,2026-01,4919,4919,EUR
1726131005,care,2026-02,4612,9531,EUR
1726131005,care,2026-03,3334,12864,EUR
1726131005,care,2026-04,4019,16883,EUR
1726131005,care,2026-05,2608,19491,EUR
1726131005,care,2026-06,2863,22354,EUR
1726131005,care,2026-07,1800,24154,EUR
1726131005,care,2026-08,3456,27610,EUR
1726131006,care,2024-05,900,900,BGN
1726131006,care,2024-06,2550,3450,BGN
1726131006,care,2024-07,1200,4650,BGN
1726131006,care,2024-08,1400,6050,BGN
1726131006,care,2024-09,1350,7400,BGN
1726131006,care,2024-10,600,8000,BGN
1726131006,care,2024-11,800,8800,BGN
1726131006,care,2024-12,2500,11300,BGN
1726131006,care,2025-01,3550,3550,BGN
1726131006,care,2025-02,5310,8860,BGN
1726131006,care,2025-03,4430,13290,BGN
1726131006,care,2025-04,4060,17350,BGN
1726131006,care,2025-05,4550,21900,BGN
1726131006,care,2025-06,3650,25550,BGN
1726131006,care,2025-07,5850,31400,BGN
1726131006,care,2025-08,4644,36044,BGN
1726131006,care,2025-09,2450,38494,BGN
1726131006,care,2025-10,2800,41294,BGN
1726131006,care,2025-11,5000,46294,BGN
1726131006,care,2025-12,4750,51044,BGN
1726131006,care,2026-01,3205,3205,EUR
1726131006,care,2026-02,2238,5443,EUR
1726131006,care,2026-03,2238,7681,EUR
1726131006,care,2026-04,2238,9919,EUR
1726131006,care,2026-05,2238,12157,EUR
1726131006,care,2026-06,2019,14177,EUR
1726131006,care,2026-07,2238,16415,EUR
1726131006,care,2026-08,2096,18511,EUR
1726211001,care,2024-01,1061517,1061517,BGN
1726211001,care,2024-02,1148356,2209873,BGN
1726211001,care,2024-03,1182543,3392416,BGN
1726211001,care,2024-04,1214862,4607278,BGN
1726211001,care,2024-05,1279699,5886977,BGN
1726211001,care,2024-06,1145666,7032643,BGN
1726211001,care,2024-07,1137925,8170568,BGN
1726211001,care,2024-08,1162189,9332757,BGN
1726211001,care,2024-09,1215602,10548359,BGN
1726211001,care,2024-10,1135147,11683506,BGN
1726211001,care,2024-11,1231364,12914870,BGN
1726211001,care,2024-12,1196247,14111117,BGN
1726211001,care,2025-01,1157048,1157048,BGN
1726211001,care,2025-02,1264353,2421401,BGN
1726211001,care,2025-03,1166745,3588145,BGN
1726211001,care,2025-04,1233463,4821608,BGN
1726211001,care,2025-05,1114899,5936507,BGN
1726211001,care,2025-06,1226278,7162785,BGN
1726211001,care,2025-07,1235141,8397925,BGN
1726211001,care,2025-08,1139146,9537071,BGN
1726211001,care,2025-09,1131941,10669012,BGN
1726211001,care,2025-10,1108695,11777707,BGN
1726211001,care,2025-11,1220374,12998081,BGN
1726211001,care,2025-12,1137642,14135723,BGN
1726211001,care,2026-01,591029,591029,EUR
1726211001,care,2026-02,611959,1202988,EUR
1726211001,care,2026-03,593800,1796789,EUR
1726211001,care,2026-04,584513,2381302,EUR
1726211001,care,2026-05,594212,2975514,EUR
1726211001,care,2026-06,594784,3570298,EUR
1726211001,care,2026-07,590893,4161191,EUR
1726211001,care,2026-08,554346,4715537,EUR
1726211001,devices,2024-02,4074,4074,BGN
1726211001,devices,2024-03,2793,6867,BGN
1726211001,devices,2024-04,0,6867,BGN
1726211001,devices,2024-05,1358,8225,BGN
1726211001,devices,2024-06,1358,9583,BGN
1726211001,devices,2024-07,5509,15092,BGN
1726211001,devices,2024-08,1435,16527,BGN
1726211001,devices,2024-09,2716,19243,BGN
1726211001,devices,2024-10,2793,22036,BGN
1726211001,devices,2024-11,1358,23394,BGN
1726211001,devices,2024-12,6867,30261,BGN
1726211001,devices,2025-01,4151,4151,BGN
1726211001,devices,2025-02,5509,9660,BGN
1726211001,devices,2025-03,1358,11018,BGN
1726211001,devices,2025-04,5509,16527,BGN
1726211001,devices,2025-05,2793,19320,BGN
1726211001,devices,2025-06,2716,22036,BGN
1726211001,devices,2025-07,1358,23394,BGN
1726211001,devices,2025-08,4151,27545,BGN
1726211001,devices,2025-09,5432,32977,BGN
1726211001,devices,2025-10,4074,37051,BGN
1726211001,devices,2025-11,4074,41125,BGN
1726211001,devices,2025-12,0,41125,BGN
1726211001,devices,2026-01,1389,1389,EUR
1726211001,devices,2026-02,1389,2777,EUR
1726211001,devices,2026-03,4939,7716,EUR
1726211001,devices,2026-04,0,7716,EUR
1726211001,devices,2026-05,2162,9878,EUR
1726211001,devices,2026-06,3511,13389,EUR
1726211001,devices,2026-07,694,14083,EUR
1726211001,devices,2026-08,1389,15472,EUR
1804211002,care,2024-01,647299,647299,BGN
1804211002,care,2024-02,648036,1295334,BGN
1804211002,care,2024-03,805391,2100726,BGN
1804211002,care,2024-04,797720,2898446,BGN
1804211002,care,2024-05,761731,3660177,BGN
1804211002,care,2024-06,766800,4426977,BGN
1804211002,care,2024-07,767917,5194894,BGN
1804211002,care,2024-08,779416,5974310,BGN
1804211002,care,2024-09,739597,6713907,BGN
1804211002,care,2024-10,777498,7491405,BGN
1804211002,care,2024-11,806822,8298227,BGN
1804211002,care,2024-12,772502,9070729,BGN
1804211002,care,2025-01,764438,764438,BGN
1804211002,care,2025-02,782019,1546457,BGN
1804211002,care,2025-03,759972,2306429,BGN
1804211002,care,2025-04,766183,3072612,BGN
1804211002,care,2025-05,811408,3884019,BGN
1804211002,care,2025-06,717911,4601930,BGN
1804211002,care,2025-07,927657,5529587,BGN
1804211002,care,2025-08,791982,6321569,BGN
1804211002,care,2025-09,784766,7106335,BGN
1804211002,care,2025-10,788496,7894831,BGN
1804211002,care,2025-11,778411,8673243,BGN
1804211002,care,2025-12,782344,9455587,BGN
1804211002,care,2026-01,401649,401649,EUR
1804211002,care,2026-02,398947,800596,EUR
1804211002,care,2026-03,397547,1198143,EUR
1804211002,care,2026-04,394963,1593106,EUR
1804211002,care,2026-05,401394,1994500,EUR
1804211002,care,2026-06,402656,2397156,EUR
1804211002,care,2026-07,401320,2798476,EUR
1804211002,care,2026-08,399219,3197695,EUR
1827211001,care,2024-01,3503333,3503333,BGN
1827211001,care,2024-02,3520009,7023342,BGN
1827211001,care,2024-03,3772181,10795523,BGN
1827211001,care,2024-04,4716286,15511810,BGN
1827211001,care,2024-05,4257818,19769628,BGN
1827211001,care,2024-06,4072137,23841765,BGN
1827211001,care,2024-07,4072203,27913968,BGN
1827211001,care,2024-08,4100387,32014354,BGN
1827211001,care,2024-09,3922781,35937135,BGN
1827211001,care,2024-10,4044497,39981631,BGN
1827211001,care,2024-11,4390879,44372510,BGN
1827211001,care,2024-12,4112733,48485244,BGN
1827211001,care,2025-01,4101880,4101880,BGN
1827211001,care,2025-02,4267559,8369439,BGN
1827211001,care,2025-03,4056337,12425776,BGN
1827211001,care,2025-04,3932050,16357826,BGN
1827211001,care,2025-05,6388032,22745858,BGN
1827211001,care,2025-06,5208722,27954580,BGN
1827211001,care,2025-07,4710540,32665120,BGN
1827211001,care,2025-08,4692991,37358112,BGN
1827211001,care,2025-09,4688907,42047018,BGN
1827211001,care,2025-10,4371660,46418678,BGN
1827211001,care,2025-11,4429787,50848465,BGN
1827211001,care,2025-12,4335962,55184427,BGN
1827211001,care,2026-01,2274249,2274249,EUR
1827211001,care,2026-02,2297168,4571418,EUR
1827211001,care,2026-03,2258370,6829787,EUR
1827211001,care,2026-04,2334394,9164181,EUR
1827211001,care,2026-05,2333277,11497458,EUR
1827211001,care,2026-06,2325015,13822473,EUR
1827211001,care,2026-07,2332821,16155294,EUR
1827211001,care,2026-08,2361786,18517080,EUR
1827211001,devices,2024-02,31794,31794,BGN
1827211001,devices,2024-03,17109,48903,BGN
1827211001,devices,2024-04,20477,69380,BGN
1827211001,devices,2024-05,17094,86474,BGN
1827211001,devices,2024-06,24629,111103,BGN
1827211001,devices,2024-07,20801,131904,BGN
1827211001,devices,2024-08,20217,152121,BGN
1827211001,devices,2024-09,21694,173815,BGN
1827211001,devices,2024-10,10794,184609,BGN
1827211001,devices,2024-11,8760,193369,BGN
1827211001,devices,2024-12,40374,233743,BGN
1827211001,devices,2025-01,22895,22895,BGN
1827211001,devices,2025-02,17840,40735,BGN
1827211001,devices,2025-03,22240,62975,BGN
1827211001,devices,2025-04,8710,71685,BGN
1827211001,devices,2025-05,16360,88045,BGN
1827211001,devices,2025-06,23510,111555,BGN
1827211001,devices,2025-07,17460,129015,BGN
1827211001,devices,2025-08,22735,151750,BGN
1827211001,devices,2025-09,12280,164030,BGN
1827211001,devices,2025-10,14760,178790,BGN
1827211001,devices,2025-11,9770,188560,BGN
1827211001,devices,2025-12,0,188560,BGN
1827211001,devices,2026-01,29420,29420,EUR
1827211001,devices,2026-02,13846,43266,EUR
1827211001,devices,2026-03,17537,60803,EUR
1827211001,devices,2026-04,0,60803,EUR
1827211001,devices,2026-05,12286,73089,EUR
1827211001,devices,2026-06,10783,83873,EUR
1827211001,devices,2026-07,8564,92437,EUR
1827211001,devices,2026-08,9132,101569,EUR
1827211001,medicines,2024-02,2169,2169,BGN
1827211001,medicines,2024-03,2169,4339,BGN
1827211001,medicines,2024-04,0,4339,BGN
1827211001,medicines,2024-05,0,4339,BGN
1827211001,medicines,2024-06,0,4339,BGN
1827211001,medicines,2024-07,0,4339,BGN
1827211001,medicines,2024-08,0,4339,BGN
1827211001,medicines,2024-09,0,4339,BGN
1827211001,medicines,2024-10,0,4339,BGN
1827211001,medicines,2024-11,0,4339,BGN
1827211001,medicines,2024-12,0,4339,BGN
1827211019,care,2024-01,3172539,3172539,BGN
1827211019,care,2024-02,3171599,6344138,BGN
1827211019,care,2024-03,3154437,9498574,BGN
1827211019,care,2024-04,6676087,16174662,BGN
1827211019,care,2024-05,4540272,20714934,BGN
1827211019,care,2024-06,4370569,25085503,BGN
1827211019,care,2024-07,4331999,29417502,BGN
1827211019,care,2024-08,4387451,33804953,BGN
1827211019,care,2024-09,4209204,38014157,BGN
1827211019,care,2024-10,4549407,42563564,BGN
1827211019,care,2024-11,5002518,47566082,BGN
1827211019,care,2024-12,4395925,51962007,BGN
1827211019,care,2025-01,4354412,4354412,BGN
1827211019,care,2025-02,4618676,8973088,BGN
1827211019,care,2025-03,4380089,13353177,BGN
1827211019,care,2025-04,4195752,17548929,BGN
1827211019,care,2025-05,12354687,29903616,BGN
1827211019,care,2025-06,7105580,37009196,BGN
1827211019,care,2025-07,6100100,43109296,BGN
1827211019,care,2025-08,6310015,49419312,BGN
1827211019,care,2025-09,5961864,55381176,BGN
1827211019,care,2025-10,5329995,60711171,BGN
1827211019,care,2025-11,5430002,66141173,BGN
1827211019,care,2025-12,5327194,71468366,BGN
1827211019,care,2026-01,3272878,3272878,EUR
1827211019,care,2026-02,3085031,6357908,EUR
1827211019,care,2026-03,3086011,9443920,EUR
1827211019,care,2026-04,3089337,12533257,EUR
1827211019,care,2026-05,3108248,15641504,EUR
1827211019,care,2026-06,3111487,18752991,EUR
1827211019,care,2026-07,3516751,22269742,EUR
1827211019,care,2026-08,3563817,25833559,EUR
1827211019,devices,2024-02,25262,25262,BGN
1827211019,devices,2024-03,30612,55874,BGN
1827211019,devices,2024-04,27282,83156,BGN
1827211019,devices,2024-05,51515,134671,BGN
1827211019,devices,2024-06,91921,226592,BGN
1827211019,devices,2024-07,73480,300072,BGN
1827211019,devices,2024-08,60130,360202,BGN
1827211019,devices,2024-09,41380,401582,BGN
1827211019,devices,2024-10,44947,446529,BGN
1827211019,devices,2024-11,27225,473754,BGN
1827211019,devices,2024-12,55992,529746,BGN
1827211019,devices,2025-01,62308,62308,BGN
1827211019,devices,2025-02,37065,99373,BGN
1827211019,devices,2025-03,41210,140583,BGN
1827211019,devices,2025-04,20355,160938,BGN
1827211019,devices,2025-05,45853,206791,BGN
1827211019,devices,2025-06,57833,264624,BGN
1827211019,devices,2025-07,76697,341321,BGN
1827211019,devices,2025-08,34618,375939,BGN
1827211019,devices,2025-09,36463,412402,BGN
1827211019,devices,2025-10,67245,479647,BGN
1827211019,devices,2025-11,47176,526823,BGN
1827211019,devices,2025-12,0,526823,BGN
1827211019,devices,2026-01,133909,133909,EUR
1827211019,devices,2026-02,52104,186013,EUR
1827211019,devices,2026-03,68917,254930,EUR
1827211019,devices,2026-04,0,254930,EUR
1827211019,devices,2026-05,20140,275070,EUR
1827211019,devices,2026-06,27707,302778,EUR
1827211019,devices,2026-07,34856,337634,EUR
1827211019,devices,2026-08,41400,379034,EUR
1827211019,medicines,2024-01,336590,336590,BGN
1827211019,medicines,2024-02,372172,708762,BGN
1827211019,medicines,2024-03,420636,1129398,BGN
1827211019,medicines,2024-04,466578,1595976,BGN
1827211019,medicines,2024-05,536834,2132809,BGN
1827211019,medicines,2024-06,539931,2672740,BGN
1827211019,medicines,2024-07,565055,3237795,BGN
1827211019,medicines,2024-08,617241,3855036,BGN
1827211019,medicines,2024-09,681921,4536958,BGN
1827211019,medicines,2024-10,837582,5374539,BGN
1827211019,medicines,2024-11,672165,6046704,BGN
1827211019,medicines,2024-12,933304,6980008,BGN
1827211019,medicines,2025-01,799379,799379,BGN
1827211019,medicines,2025-02,661063,1460442,BGN
1827211019,medicines,2025-03,1001132,2461574,BGN
1827211019,medicines,2025-04,866836,3328410,BGN
1827211019,medicines,2025-05,893742,4222152,BGN
1827211019,medicines,2025-06,996011,5218163,BGN
1827211019,medicines,2025-07,1120667,6338829,BGN
1827211019,medicines,2025-08,990728,7329557,BGN
1827211019,medicines,2025-09,1061654,8391212,BGN
1827211019,medicines,2025-10,1079603,9470814,BGN
1827211019,medicines,2025-11,877688,10348502,BGN
1827211019,medicines,2025-12,1235095,11583597,BGN
1827211019,medicines,2026-01,531678,531678,EUR
1827211019,medicines,2026-02,713328,1245006,EUR
1827211019,medicines,2026-03,583952,1828958,EUR
1827211019,medicines,2026-04,613945,2442903,EUR
1827211019,medicines,2026-05,592158,3035062,EUR
1827211019,medicines,2026-06,655127,3690189,EUR
1827211019,medicines,2026-07,649424,4339614,EUR
1827211019,medicines,2026-08,636746,4976359,EUR
1827212013,care,2024-01,123574,123574,BGN
1827212013,care,2024-02,118332,241906,BGN
1827212013,care,2024-03,104066,345972,BGN
1827212013,care,2024-04,132254,478226,BGN
1827212013,care,2024-05,132254,610480,BGN
1827212013,care,2024-06,132254,742734,BGN
1827212013,care,2024-07,132254,874988,BGN
1827212013,care,2024-08,132254,1007242,BGN
1827212013,care,2024-09,132254,1139496,BGN
1827212013,care,2024-10,98211,1237707,BGN
1827212013,care,2024-11,134151,1371858,BGN
1827212013,care,2024-12,139451,1511309,BGN
1827212013,care,2025-01,110814,110814,BGN
1827212013,care,2025-02,109332,220145,BGN
1827212013,care,2025-03,127145,347290,BGN
1827212013,care,2025-04,117672,464962,BGN
1827212013,care,2025-05,100896,565859,BGN
1827212013,care,2025-06,118530,684389,BGN
1827212013,care,2025-07,93309,777698,BGN
1827212013,care,2025-08,104004,881701,BGN
1827212013,care,2025-09,87314,969016,BGN
1827212013,care,2025-10,85626,1054641,BGN
1827212013,care,2025-11,102664,1157305,BGN
1827212013,care,2025-12,90334,1247640,BGN
1827212013,care,2026-01,55666,55666,EUR
1827212013,care,2026-02,36662,92328,EUR
1827212013,care,2026-03,44017,136345,EUR
1827212013,care,2026-04,48535,184880,EUR
1827212013,care,2026-05,50217,235096,EUR
1827212013,care,2026-06,51194,286291,EUR
1827212013,care,2026-07,48234,334525,EUR
1827212013,care,2026-08,39481,374006,EUR
1827212015,care,2024-01,1225325,1225325,BGN
1827212015,care,2024-02,1225325,2450650,BGN
1827212015,care,2024-03,1225325,3675975,BGN
1827212015,care,2024-04,1478238,5154213,BGN
1827212015,care,2024-05,1386406,6540619,BGN
1827212015,care,2024-06,1320387,7861006,BGN
1827212015,care,2024-07,1320387,9181393,BGN
1827212015,care,2024-08,1320387,10501780,BGN
1827212015,care,2024-09,1254368,11756148,BGN
1827212015,care,2024-10,1335724,13091872,BGN
1827212015,care,2024-11,1381050,14472922,BGN
1827212015,care,2024-12,1320387,15793309,BGN
1827212015,care,2025-01,1320387,1320387,BGN
1827212015,care,2025-02,1386406,2706793,BGN
1827212015,care,2025-03,1320387,4027180,BGN
1827212015,care,2025-04,1254368,5281548,BGN
1827212015,care,2025-05,2535676,7817224,BGN
1827212015,care,2025-06,1919446,9736671,BGN
1827212015,care,2025-07,1662399,11399070,BGN
1827212015,care,2025-08,1683978,13083048,BGN
1827212015,care,2025-09,1632876,14715924,BGN
1827212015,care,2025-10,1499347,16215271,BGN
1827212015,care,2025-11,1499347,17714618,BGN
1827212015,care,2025-12,1499347,19213965,BGN
1827212015,care,2026-01,853254,853254,EUR
1827212015,care,2026-02,793382,1646636,EUR
1827212015,care,2026-03,843234,2489870,EUR
1827212015,care,2026-04,818308,3308178,EUR
1827212015,care,2026-05,818308,4126486,EUR
1827212015,care,2026-06,818308,4944794,EUR
1827212015,care,2026-07,1018308,5963102,EUR
1827212015,care,2026-08,1018308,6981410,EUR
1827212015,devices,2024-02,57938,57938,BGN
1827212015,devices,2024-03,81832,139770,BGN
1827212015,devices,2024-04,112687,252457,BGN
1827212015,devices,2024-05,192246,444703,BGN
1827212015,devices,2024-06,240551,685254,BGN
1827212015,devices,2024-07,262910,948164,BGN
1827212015,devices,2024-08,255308,1203472,BGN
1827212015,devices,2024-09,281939,1485411,BGN
1827212015,devices,2024-10,236674,1722085,BGN
1827212015,devices,2024-11,234082,1956167,BGN
1827212015,devices,2024-12,257494,2213661,BGN
1827212015,devices,2025-01,306635,306635,BGN
1827212015,devices,2025-02,327052,633687,BGN
1827212015,devices,2025-03,309727,943414,BGN
1827212015,devices,2025-04,336235,1279649,BGN
1827212015,devices,2025-05,372229,1651878,BGN
1827212015,devices,2025-06,358891,2010769,BGN
1827212015,devices,2025-07,391514,2402283,BGN
1827212015,devices,2025-08,334051,2736334,BGN
1827212015,devices,2025-09,375714,3112048,BGN
1827212015,devices,2025-10,394941,3506989,BGN
1827212015,devices,2025-11,334405,3841394,BGN
1827212015,devices,2025-12,0,3841394,BGN
1827212015,devices,2026-01,400602,400602,EUR
1827212015,devices,2026-02,186708,587310,EUR
1827212015,devices,2026-03,421541,1008851,EUR
1827212015,devices,2026-04,0,1008851,EUR
1827212015,devices,2026-05,213372,1222223,EUR
1827212015,devices,2026-06,203178,1425401,EUR
1827212015,devices,2026-07,194383,1619783,EUR
1827212015,devices,2026-08,208534,1828318,EUR
1827212016,care,2024-01,274063,274063,BGN
1827212016,care,2024-02,274223,548286,BGN
1827212016,care,2024-03,274143,822429,BGN
1827212016,care,2024-04,383879,1206308,BGN
1827212016,care,2024-05,284162,1490470,BGN
1827212016,care,2024-06,284162,1774632,BGN
1827212016,care,2024-07,284162,2058794,BGN
1827212016,care,2024-08,284162,2342956,BGN
1827212016,care,2024-09,269954,2612910,BGN
1827212016,care,2024-10,298370,2911280,BGN
1827212016,care,2024-11,330548,3241828,BGN
1827212016,care,2024-12,284162,3525990,BGN
1827212016,care,2025-01,284162,284162,BGN
1827212016,care,2025-02,298370,582532,BGN
1827212016,care,2025-03,284162,866694,BGN
1827212016,care,2025-04,269954,1136648,BGN
1827212016,care,2025-05,983167,2119815,BGN
1827212016,care,2025-06,508046,2627861,BGN
1827212016,care,2025-07,326130,2953990,BGN
1827212016,care,2025-08,325460,3279451,BGN
1827212016,care,2025-09,310194,3589644,BGN
1827212016,care,2025-10,263472,3853116,BGN
1827212016,care,2025-11,382077,4235193,BGN
1827212016,care,2025-12,366091,4601283,BGN
1827212016,care,2026-01,180635,180635,EUR
1827212016,care,2026-02,164354,344989,EUR
1827212016,care,2026-03,189728,534717,EUR
1827212016,care,2026-04,179402,714119,EUR
1827212016,care,2026-05,179402,893521,EUR
1827212016,care,2026-06,179402,1072923,EUR
1827212016,care,2026-07,179402,1252325,EUR
1827212016,care,2026-08,153524,1405849,EUR
1827334009,care,2024-01,686333,686333,BGN
1827334009,care,2024-02,836625,1522958,BGN
1827334009,care,2024-03,890208,2413166,BGN
1827334009,care,2024-04,931473,3344639,BGN
1827334009,care,2024-05,969490,4314129,BGN
1827334009,care,2024-06,931056,5245185,BGN
1827334009,care,2024-07,984047,6229232,BGN
1827334009,care,2024-08,958910,7188142,BGN
1827334009,care,2024-09,1063073,8251215,BGN
1827334009,care,2024-10,897890,9149105,BGN
1827334009,care,2024-11,1051764,10200870,BGN
1827334009,care,2024-12,900138,11101008,BGN
1827334009,care,2025-01,754221,754221,BGN
1827334009,care,2025-02,912093,1666314,BGN
1827334009,care,2025-03,922482,2588796,BGN
1827334009,care,2025-04,913357,3502154,BGN
1827334009,care,2025-05,1264868,4767022,BGN
1827334009,care,2025-06,952991,5720012,BGN
1827334009,care,2025-07,941488,6661501,BGN
1827334009,care,2025-08,1124013,7785514,BGN
1827334009,care,2025-09,1031422,8816936,BGN
1827334009,care,2025-10,899109,9716045,BGN
1827334009,care,2025-11,1052522,10768567,BGN
1827334009,care,2025-12,980803,11749370,BGN
1827334009,care,2026-01,494060,494060,EUR
1827334009,care,2026-02,457959,952019,EUR
1827334009,care,2026-03,491563,1443582,EUR
1827334009,care,2026-04,530901,1974483,EUR
1827334009,care,2026-05,531532,2506015,EUR
1827334009,care,2026-06,510636,3016651,EUR
1827334009,care,2026-07,515381,3532032,EUR
1827334009,care,2026-08,561007,4093039,EUR
1827334009,devices,2024-02,1200,1200,BGN
1827334009,devices,2024-03,550,1750,BGN
1827334009,devices,2024-04,3240,4990,BGN
1827334009,devices,2024-05,3500,8490,BGN
1827334009,devices,2024-06,2270,10760,BGN
1827334009,devices,2024-07,1620,12380,BGN
1827334009,devices,2024-08,2140,14520,BGN
1827334009,devices,2024-09,2790,17310,BGN
1827334009,devices,2024-10,4380,21690,BGN
1827334009,devices,2024-11,1070,22760,BGN
1827334009,devices,2024-12,3310,26070,BGN
1827334009,devices,2025-01,810,810,BGN
1827334009,devices,2025-02,3110,3920,BGN
1827334009,devices,2025-03,2270,6190,BGN
1827334009,devices,2025-04,2270,8460,BGN
1827334009,devices,2025-05,2920,11380,BGN
1827334009,devices,2025-06,3080,14460,BGN
1827334009,devices,2025-07,0,14460,BGN
1827334009,devices,2025-08,5190,19650,BGN
1827334009,devices,2025-09,2820,22470,BGN
1827334009,devices,2025-10,5350,27820,BGN
1827334009,devices,2025-11,2690,30510,BGN
1827334009,devices,2025-12,0,30510,BGN
1827334009,devices,2026-01,2848,2848,EUR
1827334009,devices,2026-02,1774,4622,EUR
1827334009,devices,2026-03,895,5517,EUR
1827334009,devices,2026-04,0,5517,EUR
1827334009,devices,2026-05,0,5517,EUR
1827334009,devices,2026-06,0,5517,EUR
1827334009,devices,2026-07,2193,7710,EUR
1827334009,devices,2026-08,1698,9408,EUR
1827334009,medicines,2024-01,2453825,2453825,BGN
1827334009,medicines,2024-02,2445456,4899281,BGN
1827334009,medicines,2024-03,2311121,7210402,BGN
1827334009,medicines,2024-04,2345614,9556016,BGN
1827334009,medicines,2024-05,2646601,12202617,BGN
1827334009,medicines,2024-06,2385419,14588036,BGN
1827334009,medicines,2024-07,2567694,17155731,BGN
1827334009,medicines,2024-08,2519876,19675606,BGN
1827334009,medicines,2024-09,2446774,22122380,BGN
1827334009,medicines,2024-10,2690497,24812877,BGN
1827334009,medicines,2024-11,2461460,27274337,BGN
1827334009,medicines,2024-12,2656704,29931041,BGN
1827334009,medicines,2025-01,2595964,2595964,BGN
1827334009,medicines,2025-02,2437260,5033224,BGN
1827334009,medicines,2025-03,2663586,7696810,BGN
1827334009,medicines,2025-04,2505092,10201902,BGN
1827334009,medicines,2025-05,2879952,13081855,BGN
1827334009,medicines,2025-06,2713599,15795454,BGN
1827334009,medicines,2025-07,3034317,18829771,BGN
1827334009,medicines,2025-08,2647763,21477534,BGN
1827334009,medicines,2025-09,3012107,24489640,BGN
1827334009,medicines,2025-10,3002378,27492018,BGN
1827334009,medicines,2025-11,2806340,30298359,BGN
1827334009,medicines,2025-12,3348688,33647047,BGN
1827334009,medicines,2026-01,1514374,1514374,EUR
1827334009,medicines,2026-02,1525457,3039832,EUR
1827334009,medicines,2026-03,1465937,4505768,EUR
1827334009,medicines,2026-04,1518032,6023800,EUR
1827334009,medicines,2026-05,1634970,7658770,EUR
1827334009,medicines,2026-06,1790809,9449579,EUR
1827334009,medicines,2026-07,1688835,11138414,EUR
1827334009,medicines,2026-08,1719552,12857966,EUR
1827391020,care,2024-01,14256,14256,BGN
1827391020,care,2024-02,14969,29225,BGN
1827391020,care,2024-03,12830,42055,BGN
1827391020,care,2024-04,13000,55055,BGN
1827391020,care,2024-05,16000,71055,BGN
1827391020,care,2024-06,16000,87055,BGN
1827391020,care,2024-07,14500,101555,BGN
1827391020,care,2024-08,16750,118305,BGN
1827391020,care,2024-09,16250,134555,BGN
1827391020,care,2024-10,17750,152305,BGN
1827391020,care,2024-11,16250,168555,BGN
1827391020,care,2024-12,14500,183055,BGN
1827391020,care,2025-01,16250,16250,BGN
1827391020,care,2025-02,17500,33750,BGN
1827391020,care,2025-03,15000,48750,BGN
1827391020,care,2025-04,16250,65000,BGN
1827391020,care,2025-05,15500,80500,BGN
1827391020,care,2025-06,13750,94250,BGN
1827391020,care,2025-07,2250,96500,BGN
1827391020,care,2025-08,0,96500,BGN
1827391020,care,2025-09,0,96500,BGN
1827391020,care,2025-10,0,96500,BGN
1827391020,care,2025-11,0,96500,BGN
1827391020,care,2025-12,0,96500,BGN
1910211003,care,2024-01,247346,247346,BGN
1910211003,care,2024-02,315916,563262,BGN
1910211003,care,2024-03,381020,944282,BGN
1910211003,care,2024-04,406219,1350501,BGN
1910211003,care,2024-05,336318,1686819,BGN
1910211003,care,2024-06,344755,2031573,BGN
1910211003,care,2024-07,338267,2369840,BGN
1910211003,care,2024-08,342817,2712657,BGN
1910211003,care,2024-09,345763,3058420,BGN
1910211003,care,2024-10,336079,3394499,BGN
1910211003,care,2024-11,386440,3780939,BGN
1910211003,care,2024-12,327064,4108004,BGN
1910211003,care,2025-01,320228,320228,BGN
1910211003,care,2025-02,350513,670740,BGN
1910211003,care,2025-03,323558,994298,BGN
1910211003,care,2025-04,330823,1325121,BGN
1910211003,care,2025-05,512270,1837391,BGN
1910211003,care,2025-06,384941,2222332,BGN
1910211003,care,2025-07,445832,2668163,BGN
1910211003,care,2025-08,322166,2990329,BGN
1910211003,care,2025-09,307059,3297388,BGN
1910211003,care,2025-10,307735,3605123,BGN
1910211003,care,2025-11,370567,3975690,BGN
1910211003,care,2025-12,332622,4308312,BGN
1910211003,care,2026-01,159756,159756,EUR
1910211003,care,2026-02,173877,333633,EUR
1910211003,care,2026-03,152777,486410,EUR
1910211003,care,2026-04,176004,662415,EUR
1910211003,care,2026-05,173509,835924,EUR
1910211003,care,2026-06,162918,998843,EUR
1910211003,care,2026-07,176425,1175268,EUR
1910211003,care,2026-08,167627,1342895,EUR
1931211001,care,2024-01,1561703,1561703,BGN
1931211001,care,2024-02,1759524,3321228,BGN
1931211001,care,2024-03,1787081,5108309,BGN
1931211001,care,2024-04,1884121,6992430,BGN
1931211001,care,2024-05,1721568,8713998,BGN
1931211001,care,2024-06,1805666,10519664,BGN
1931211001,care,2024-07,1801230,12320895,BGN
1931211001,care,2024-08,1821283,14142177,BGN
1931211001,care,2024-09,1832130,15974307,BGN
1931211001,care,2024-10,1804774,17779081,BGN
1931211001,care,2024-11,2047616,19826698,BGN
1931211001,care,2024-12,1803160,21629857,BGN
1931211001,care,2025-01,1810185,1810185,BGN
1931211001,care,2025-02,1807350,3617534,BGN
1931211001,care,2025-03,1852552,5470086,BGN
1931211001,care,2025-04,1725464,7195550,BGN
1931211001,care,2025-05,3373715,10569265,BGN
1931211001,care,2025-06,2349888,12919153,BGN
1931211001,care,2025-07,1957431,14876583,BGN
1931211001,care,2025-08,1952581,16829164,BGN
1931211001,care,2025-09,1853277,18682441,BGN
1931211001,care,2025-10,1748647,20431088,BGN
1931211001,care,2025-11,2023240,22454329,BGN
1931211001,care,2025-12,1871927,24326255,BGN
1931211001,care,2026-01,955321,955321,EUR
1931211001,care,2026-02,993874,1949195,EUR
1931211001,care,2026-03,960155,2909350,EUR
1931211001,care,2026-04,990380,3899730,EUR
1931211001,care,2026-05,995985,4895716,EUR
1931211001,care,2026-06,997649,5893365,EUR
1931211001,care,2026-07,998266,6891631,EUR
1931211001,care,2026-08,765142,7656773,EUR
1931211001,devices,2024-04,2800,2800,BGN
1931211001,devices,2024-05,2000,4800,BGN
1931211001,devices,2024-06,1200,6000,BGN
1931211001,devices,2024-07,0,6000,BGN
1931211001,devices,2024-08,0,6000,BGN
1931211001,devices,2024-09,1200,7200,BGN
1931211001,devices,2024-10,600,7800,BGN
1931211001,devices,2024-11,1400,9200,BGN
1931211001,devices,2024-12,2800,12000,BGN
1931211001,devices,2025-01,2800,2800,BGN
1931211001,devices,2025-02,0,2800,BGN
1931211001,devices,2025-03,2600,5400,BGN
1931211001,devices,2025-04,4000,9400,BGN
1931211001,devices,2025-05,5400,14800,BGN
1931211001,devices,2025-06,1400,16200,BGN
1931211001,devices,2025-07,1400,17600,BGN
1931211001,devices,2025-08,600,18200,BGN
1931211001,devices,2025-09,0,18200,BGN
1931211001,devices,2025-10,2600,20800,BGN
1931211001,devices,2025-11,6247,27047,BGN
1931211001,devices,2025-12,0,27047,BGN
1931211001,devices,2026-01,716,716,EUR
1931211001,devices,2026-02,716,1432,EUR
1931211001,devices,2026-03,3477,4908,EUR
1931211001,devices,2026-04,0,4908,EUR
1931211001,devices,2026-05,3296,8205,EUR
1931211001,devices,2026-06,1329,9534,EUR
1931211001,devices,2026-07,716,10250,EUR
1931211001,devices,2026-08,535,10785,EUR
1934211002,care,2024-01,380972,380972,BGN
1934211002,care,2024-02,378326,759298,BGN
1934211002,care,2024-03,463460,1222758,BGN
1934211002,care,2024-04,487644,1710402,BGN
1934211002,care,2024-05,406295,2116697,BGN
1934211002,care,2024-06,404246,2520943,BGN
1934211002,care,2024-07,421553,2942496,BGN
1934211002,care,2024-08,427986,3370482,BGN
1934211002,care,2024-09,442501,3812983,BGN
1934211002,care,2024-10,424464,4237446,BGN
1934211002,care,2024-11,472470,4709916,BGN
1934211002,care,2024-12,428672,5138589,BGN
1934211002,care,2025-01,408278,408278,BGN
1934211002,care,2025-02,467354,875632,BGN
1934211002,care,2025-03,401678,1277310,BGN
1934211002,care,2025-04,419540,1696850,BGN
1934211002,care,2025-05,562167,2259017,BGN
1934211002,care,2025-06,380804,2639821,BGN
1934211002,care,2025-07,515714,3155535,BGN
1934211002,care,2025-08,421045,3576580,BGN
1934211002,care,2025-09,435130,4011711,BGN
1934211002,care,2025-10,376233,4387944,BGN
1934211002,care,2025-11,382463,4770407,BGN
1934211002,care,2025-12,412955,5183362,BGN
1934211002,care,2026-01,210161,210161,EUR
1934211002,care,2026-02,230413,440574,EUR
1934211002,care,2026-03,196344,636918,EUR
1934211002,care,2026-04,215237,852155,EUR
1934211002,care,2026-05,198959,1051115,EUR
1934211002,care,2026-06,212122,1263236,EUR
1934211002,care,2026-07,205562,1468798,EUR
1934211002,care,2026-08,205615,1674413,EUR
2011252017,care,2024-01,25984,25984,BGN
2011252017,care,2024-02,0,25984,BGN
2011252017,care,2024-03,30668,56652,BGN
2011252017,care,2024-04,59593,116245,BGN
2011252017,care,2024-05,18292,134537,BGN
2011252017,care,2024-06,74642,209179,BGN
2011252017,care,2024-07,49030,258209,BGN
2011252017,care,2024-08,64274,322483,BGN
2011252017,care,2024-09,63921,386404,BGN
2011252017,care,2024-10,56104,442508,BGN
2011252017,care,2024-11,61429,503937,BGN
2011252017,care,2024-12,53223,557160,BGN
2011252017,care,2025-01,39550,39550,BGN
2011252017,care,2025-02,28332,67882,BGN
2011252017,care,2025-03,49653,117535,BGN
2011252017,care,2025-04,53157,170692,BGN
2011252017,care,2025-05,45246,215938,BGN
2011252017,care,2025-06,39175,255113,BGN
2011252017,care,2025-07,53309,308423,BGN
2011252017,care,2025-08,63573,371996,BGN
2011252017,care,2025-09,61682,433678,BGN
2011252017,care,2025-10,39175,472853,BGN
2011252017,care,2025-11,39175,512028,BGN
2011252017,care,2025-12,67175,579203,BGN
2011252017,care,2026-01,34784,34784,EUR
2011252017,care,2026-02,13931,48715,EUR
2011252017,care,2026-03,28935,77650,EUR
2011252017,care,2026-04,30210,107859,EUR
2011252017,care,2026-05,28150,136010,EUR
2011252017,care,2026-06,31118,167128,EUR
2011252017,care,2026-07,27900,195027,EUR
2011252017,care,2026-08,30100,225127,EUR
2016211002,care,2024-01,225353,225353,BGN
2016211002,care,2024-02,276528,501881,BGN
2016211002,care,2024-03,334493,836374,BGN
2016211002,care,2024-04,410076,1246450,BGN
2016211002,care,2024-05,288442,1534892,BGN
2016211002,care,2024-06,297389,1832281,BGN
2016211002,care,2024-07,282083,2114364,BGN
2016211002,care,2024-08,294887,2409252,BGN
2016211002,care,2024-09,279516,2688768,BGN
2016211002,care,2024-10,292293,2981061,BGN
2016211002,care,2024-11,376643,3357704,BGN
2016211002,care,2024-12,278395,3636099,BGN
2016211002,care,2025-01,285903,285903,BGN
2016211002,care,2025-02,297364,583267,BGN
2016211002,care,2025-03,279944,863212,BGN
2016211002,care,2025-04,278274,1141486,BGN
2016211002,care,2025-05,748764,1890250,BGN
2016211002,care,2025-06,398946,2289196,BGN
2016211002,care,2025-07,371886,2661082,BGN
2016211002,care,2025-08,358907,3019989,BGN
2016211002,care,2025-09,343439,3363428,BGN
2016211002,care,2025-10,332680,3696108,BGN
2016211002,care,2025-11,305498,4001606,BGN
2016211002,care,2025-12,313230,4314836,BGN
2016211002,care,2026-01,163482,163482,EUR
2016211002,care,2026-02,170861,334343,EUR
2016211002,care,2026-03,177036,511379,EUR
2016211002,care,2026-04,166777,678156,EUR
2016211002,care,2026-05,169170,847325,EUR
2016211002,care,2026-06,156926,1004252,EUR
2016211002,care,2026-07,168339,1172590,EUR
2016211002,care,2026-08,156427,1329017,EUR
2020211001,care,2024-01,2592235,2592235,BGN
2020211001,care,2024-02,2727022,5319257,BGN
2020211001,care,2024-03,2832109,8151366,BGN
2020211001,care,2024-04,3622927,11774293,BGN
2020211001,care,2024-05,3361476,15135769,BGN
2020211001,care,2024-06,3088576,18224345,BGN
2020211001,care,2024-07,3103162,21327507,BGN
2020211001,care,2024-08,3116150,24443657,BGN
2020211001,care,2024-09,3011765,27455422,BGN
2020211001,care,2024-10,3131178,30586600,BGN
2020211001,care,2024-11,3539025,34125625,BGN
2020211001,care,2024-12,2963815,37089440,BGN
2020211001,care,2025-01,2721101,2721101,BGN
2020211001,care,2025-02,3497777,6218877,BGN
2020211001,care,2025-03,3112610,9331488,BGN
2020211001,care,2025-04,3045204,12376692,BGN
2020211001,care,2025-05,4240712,16617404,BGN
2020211001,care,2025-06,3565498,20182902,BGN
2020211001,care,2025-07,3317992,23500893,BGN
2020211001,care,2025-08,3430345,26931238,BGN
2020211001,care,2025-09,2923164,29854402,BGN
2020211001,care,2025-10,2876756,32731158,BGN
2020211001,care,2025-11,3463708,36194865,BGN
2020211001,care,2025-12,3118396,39313261,BGN
2020211001,care,2026-01,1555033,1555033,EUR
2020211001,care,2026-02,1728105,3283138,EUR
2020211001,care,2026-03,1639409,4922547,EUR
2020211001,care,2026-04,1614312,6536859,EUR
2020211001,care,2026-05,1616401,8153260,EUR
2020211001,care,2026-06,1617308,9770568,EUR
2020211001,care,2026-07,1589025,11359593,EUR
2020211001,care,2026-08,1655690,13015283,EUR
2020211001,devices,2024-02,14148,14148,BGN
2020211001,devices,2024-03,14148,28296,BGN
2020211001,devices,2024-04,7210,35506,BGN
2020211001,devices,2024-05,15625,51131,BGN
2020211001,devices,2024-06,18151,69282,BGN
2020211001,devices,2024-07,16242,85524,BGN
2020211001,devices,2024-08,10232,95756,BGN
2020211001,devices,2024-09,9921,105677,BGN
2020211001,devices,2024-10,8415,114092,BGN
2020211001,devices,2024-11,8726,122818,BGN
2020211001,devices,2024-12,20354,143172,BGN
2020211001,devices,2025-01,20902,20902,BGN
2020211001,devices,2025-02,15126,36028,BGN
2020211001,devices,2025-03,14697,50725,BGN
2020211001,devices,2025-04,10193,60918,BGN
2020211001,devices,2025-05,10003,70921,BGN
2020211001,devices,2025-06,12484,83405,BGN
2020211001,devices,2025-07,15289,98694,BGN
2020211001,devices,2025-08,16484,115178,BGN
2020211001,devices,2025-09,8257,123435,BGN
2020211001,devices,2025-10,16531,139966,BGN
2020211001,devices,2025-11,11726,151692,BGN
2020211001,devices,2025-12,0,151692,BGN
2020211001,devices,2026-01,22947,22947,EUR
2020211001,devices,2026-02,12547,35494,EUR
2020211001,devices,2026-03,38121,73615,EUR
2020211001,devices,2026-04,0,73615,EUR
2020211001,devices,2026-05,15211,88827,EUR
2020211001,devices,2026-06,22679,111505,EUR
2020211001,devices,2026-07,19487,130993,EUR
2020211001,devices,2026-08,16990,147983,EUR
2020211016,care,2024-01,1190478,1190478,BGN
2020211016,care,2024-02,1255782,2446260,BGN
2020211016,care,2024-03,1230647,3676906,BGN
2020211016,care,2024-04,1547454,5224360,BGN
2020211016,care,2024-05,1337395,6561755,BGN
2020211016,care,2024-06,1351320,7913074,BGN
2020211016,care,2024-07,1322691,9235766,BGN
2020211016,care,2024-08,1281463,10517228,BGN
2020211016,care,2024-09,1342596,11859825,BGN
2020211016,care,2024-10,1331678,13191503,BGN
2020211016,care,2024-11,1518805,14710307,BGN
2020211016,care,2024-12,1268069,15978376,BGN
2020211016,care,2025-01,1335428,1335428,BGN
2020211016,care,2025-02,1408065,2743493,BGN
2020211016,care,2025-03,1332798,4076290,BGN
2020211016,care,2025-04,1280343,5356633,BGN
2020211016,care,2025-05,1960151,7316784,BGN
2020211016,care,2025-06,1584094,8900879,BGN
2020211016,care,2025-07,1401362,10302241,BGN
2020211016,care,2025-08,1463580,11765821,BGN
2020211016,care,2025-09,1373172,13138993,BGN
2020211016,care,2025-10,1300757,14439750,BGN
2020211016,care,2025-11,1443727,15883477,BGN
2020211016,care,2025-12,1354892,17238369,BGN
2020211016,care,2026-01,705209,705209,EUR
2020211016,care,2026-02,684457,1389666,EUR
2020211016,care,2026-03,700543,2090209,EUR
2020211016,care,2026-04,710310,2800519,EUR
2020211016,care,2026-05,703098,3503617,EUR
2020211016,care,2026-06,703115,4206732,EUR
2020211016,care,2026-07,696096,4902829,EUR
2020211016,care,2026-08,703632,5606461,EUR
2020211016,devices,2024-02,120,120,BGN
2020211016,devices,2024-03,4320,4440,BGN
2020211016,devices,2024-04,240,4680,BGN
2020211016,devices,2024-05,120,4800,BGN
2020211016,devices,2024-06,0,4800,BGN
2020211016,devices,2024-07,0,4800,BGN
2020211016,devices,2024-08,5200,10000,BGN
2020211016,devices,2024-09,1047,11047,BGN
2020211016,devices,2024-10,2400,13447,BGN
2020211016,devices,2024-11,1520,14967,BGN
2020211016,devices,2024-12,1400,16367,BGN
2020211016,devices,2025-01,1520,1520,BGN
2020211016,devices,2025-02,1400,2920,BGN
2020211016,devices,2025-03,1320,4240,BGN
2020211016,devices,2025-04,1050,5290,BGN
2020211016,devices,2025-05,2334,7624,BGN
2020211016,devices,2025-06,4450,12074,BGN
2020211016,devices,2025-07,3540,15614,BGN
2020211016,devices,2025-08,0,15614,BGN
2020211016,devices,2025-09,4200,19814,BGN
2020211016,devices,2025-10,1400,21214,BGN
2020211016,devices,2025-11,1380,22594,BGN
2020211016,devices,2025-12,0,22594,BGN
2020211016,devices,2026-01,890,890,EUR
2020211016,devices,2026-02,1432,2321,EUR
2020211016,devices,2026-03,3177,5498,EUR
2020211016,devices,2026-04,0,5498,EUR
2020211016,devices,2026-05,3702,9200,EUR
2020211016,devices,2026-06,2551,11751,EUR
2020211016,devices,2026-07,777,12529,EUR
2020211016,devices,2026-08,1800,14328,EUR
2020212012,care,2024-01,100343,100343,BGN
2020212012,care,2024-02,101504,201847,BGN
2020212012,care,2024-03,106072,307919,BGN
2020212012,care,2024-04,126175,434094,BGN
2020212012,care,2024-05,117890,551983,BGN
2020212012,care,2024-06,104572,656556,BGN
2020212012,care,2024-07,113073,769629,BGN
2020212012,care,2024-08,107129,876759,BGN
2020212012,care,2024-09,121377,998135,BGN
2020212012,care,2024-10,105579,1103714,BGN
2020212012,care,2024-11,125894,1229608,BGN
2020212012,care,2024-12,104216,1333824,BGN
2020212012,care,2025-01,74637,74637,BGN
2020212012,care,2025-02,81682,156319,BGN
2020212012,care,2025-03,101099,257418,BGN
2020212012,care,2025-04,86328,343746,BGN
2020212012,care,2025-05,69019,412765,BGN
2020212012,care,2025-06,55262,468028,BGN
2020212012,care,2025-07,82354,550382,BGN
2020212012,care,2025-08,59228,609610,BGN
2020212012,care,2025-09,86215,695824,BGN
2020212012,care,2025-10,76701,772525,BGN
2020212012,care,2025-11,93441,865966,BGN
2020212012,care,2025-12,111590,977556,BGN
2020212012,care,2026-01,47536,47536,EUR
2020212012,care,2026-02,46950,94486,EUR
2020212012,care,2026-03,47243,141729,EUR
2020212012,care,2026-04,62191,203920,EUR
2020212012,care,2026-05,56726,260646,EUR
2020212012,care,2026-06,59343,319989,EUR
2020212012,care,2026-07,34326,354315,EUR
2020212012,care,2026-08,45372,399686,EUR
2020212015,care,2024-01,284303,284303,BGN
2020212015,care,2024-02,243035,527338,BGN
2020212015,care,2024-03,277115,804453,BGN
2020212015,care,2024-04,347636,1152089,BGN
2020212015,care,2024-05,314085,1466174,BGN
2020212015,care,2024-06,342686,1808860,BGN
2020212015,care,2024-07,348503,2157363,BGN
2020212015,care,2024-08,338397,2495760,BGN
2020212015,care,2024-09,343278,2839038,BGN
2020212015,care,2024-10,372223,3211261,BGN
2020212015,care,2024-11,263758,3475019,BGN
2020212015,care,2024-12,255654,3730673,BGN
2020212015,care,2025-01,299825,299825,BGN
2020212015,care,2025-02,288838,588663,BGN
2020212015,care,2025-03,267321,855984,BGN
2020212015,care,2025-04,265273,1121257,BGN
2020212015,care,2025-05,230747,1352004,BGN
2020212015,care,2025-06,285825,1637829,BGN
2020212015,care,2025-07,258946,1896775,BGN
2020212015,care,2025-08,299073,2195848,BGN
2020212015,care,2025-09,209667,2405515,BGN
2020212015,care,2025-10,220135,2625649,BGN
2020212015,care,2025-11,287551,2913201,BGN
2020212015,care,2025-12,276322,3189522,BGN
2020212015,care,2026-01,122793,122793,EUR
2020212015,care,2026-02,102381,225174,EUR
2020212015,care,2026-03,124701,349875,EUR
2020212015,care,2026-04,140444,490319,EUR
2020212015,care,2026-05,140641,630961,EUR
2020212015,care,2026-06,144524,775484,EUR
2020212015,care,2026-07,124367,899851,EUR
2020212015,care,2026-08,118282,1018133,EUR
2020911006,care,2024-01,329339,329339,BGN
2020911006,care,2024-02,336195,665534,BGN
2020911006,care,2024-03,332767,998301,BGN
2020911006,care,2024-04,483451,1481752,BGN
2020911006,care,2024-05,370219,1851972,BGN
2020911006,care,2024-06,375536,2227508,BGN
2020911006,care,2024-07,371850,2599358,BGN
2020911006,care,2024-08,374933,2974291,BGN
2020911006,care,2024-09,353412,3327703,BGN
2020911006,care,2024-10,389261,3716964,BGN
2020911006,care,2024-11,484394,4201358,BGN
2020911006,care,2024-12,354439,4555798,BGN
2020911006,care,2025-01,371850,371850,BGN
2020911006,care,2025-02,392344,764194,BGN
2020911006,care,2025-03,378015,1142209,BGN
2020911006,care,2025-04,352385,1494594,BGN
2020911006,care,2025-05,1116223,2610817,BGN
2020911006,care,2025-06,470441,3081259,BGN
2020911006,care,2025-07,372246,3453504,BGN
2020911006,care,2025-08,417421,3870925,BGN
2020911006,care,2025-09,354652,4225577,BGN
2020911006,care,2025-10,396643,4622220,BGN
2020911006,care,2025-11,449500,5071720,BGN
2020911006,care,2025-12,410028,5481747,BGN
2020911006,care,2026-01,209128,209128,EUR
2020911006,care,2026-02,212808,421936,EUR
2020911006,care,2026-03,227964,649899,EUR
2020911006,care,2026-04,217080,866979,EUR
2020911006,care,2026-05,216029,1083009,EUR
2020911006,care,2026-06,217605,1300614,EUR
2020911006,care,2026-07,216555,1517169,EUR
2020911006,care,2026-08,216029,1733198,EUR
2020911006,devices,2024-10,1200,1200,BGN
2020911006,devices,2024-11,0,1200,BGN
2020911006,devices,2024-12,0,1200,BGN
2020911006,devices,2025-04,3600,3600,BGN
2020911006,devices,2025-05,0,3600,BGN
2020911006,devices,2025-06,0,3600,BGN
2020911006,devices,2025-07,1200,4800,BGN
2020911006,devices,2025-08,0,4800,BGN
2020911006,devices,2025-09,0,4800,BGN
2020911006,devices,2025-10,1200,6000,BGN
2020911006,devices,2025-11,0,6000,BGN
2020911006,devices,2025-12,0,6000,BGN
2020911006,devices,2026-07,614,614,EUR
2020911006,devices,2026-08,614,1227,EUR
2102232008,care,2024-01,187994,187994,BGN
2102232008,care,2024-02,76846,264841,BGN
2102232008,care,2024-03,212337,477178,BGN
2102232008,care,2024-04,238947,716125,BGN
2102232008,care,2024-05,239920,956045,BGN
2102232008,care,2024-06,239920,1195965,BGN
2102232008,care,2024-07,239920,1435885,BGN
2102232008,care,2024-08,239920,1675805,BGN
2102232008,care,2024-09,239920,1915725,BGN
2102232008,care,2024-10,239920,2155645,BGN
2102232008,care,2024-11,255876,2411521,BGN
2102232008,care,2024-12,239920,2651441,BGN
2102232008,care,2025-01,201278,201278,BGN
2102232008,care,2025-02,70413,271692,BGN
2102232008,care,2025-03,193371,465062,BGN
2102232008,care,2025-04,218977,684039,BGN
2102232008,care,2025-05,209719,893758,BGN
2102232008,care,2025-06,165543,1059301,BGN
2102232008,care,2025-07,193303,1252604,BGN
2102232008,care,2025-08,216472,1469075,BGN
2102232008,care,2025-09,215749,1684824,BGN
2102232008,care,2025-10,165543,1850367,BGN
2102232008,care,2025-11,165543,2015910,BGN
2102232008,care,2025-12,165543,2181453,BGN
2102232008,care,2026-01,103225,103225,EUR
2102232008,care,2026-02,63922,167147,EUR
2102232008,care,2026-03,98102,265248,EUR
2102232008,care,2026-04,95351,360599,EUR
2102232008,care,2026-05,95351,455950,EUR
2102232008,care,2026-06,95351,551301,EUR
2102232008,care,2026-07,93235,644536,EUR
2102232008,care,2026-08,97467,742003,EUR
2109211004,care,2024-01,139271,139271,BGN
2109211004,care,2024-02,188957,328228,BGN
2109211004,care,2024-03,282952,611180,BGN
2109211004,care,2024-04,231917,843097,BGN
2109211004,care,2024-05,214097,1057194,BGN
2109211004,care,2024-06,188704,1245898,BGN
2109211004,care,2024-07,214787,1460685,BGN
2109211004,care,2024-08,177702,1638387,BGN
2109211004,care,2024-09,180901,1819288,BGN
2109211004,care,2024-10,213702,2032990,BGN
2109211004,care,2024-11,222690,2255680,BGN
2109211004,care,2024-12,219127,2474807,BGN
2109211004,care,2025-01,203970,203970,BGN
2109211004,care,2025-02,234181,438151,BGN
2109211004,care,2025-03,215745,653896,BGN
2109211004,care,2025-04,214266,868162,BGN
2109211004,care,2025-05,291129,1159291,BGN
2109211004,care,2025-06,227265,1386557,BGN
2109211004,care,2025-07,282783,1669339,BGN
2109211004,care,2025-08,181435,1850775,BGN
2109211004,care,2025-09,160493,2011268,BGN
2109211004,care,2025-10,218340,2229607,BGN
2109211004,care,2025-11,247090,2476698,BGN
2109211004,care,2025-12,229362,2706059,BGN
2109211004,care,2026-01,95529,95529,EUR
2109211004,care,2026-02,125781,221310,EUR
2109211004,care,2026-03,105527,326837,EUR
2109211004,care,2026-04,110771,437608,EUR
2109211004,care,2026-05,117082,554690,EUR
2109211004,care,2026-06,108498,663188,EUR
2109211004,care,2026-07,98990,762177,EUR
2109211004,care,2026-08,88756,850934,EUR
2109232012,care,2024-01,144579,144579,BGN
2109232012,care,2024-02,163780,308359,BGN
2109232012,care,2024-03,192084,500443,BGN
2109232012,care,2024-04,187935,688377,BGN
2109232012,care,2024-05,178175,866552,BGN
2109232012,care,2024-06,178175,1044727,BGN
2109232012,care,2024-07,178175,1222902,BGN
2109232012,care,2024-08,178175,1401077,BGN
2109232012,care,2024-09,178175,1579252,BGN
2109232012,care,2024-10,178175,1757427,BGN
2109232012,care,2024-11,212658,1970085,BGN
2109232012,care,2024-12,178175,2148260,BGN
2109232012,care,2025-01,178175,178175,BGN
2109232012,care,2025-02,128913,307088,BGN
2109232012,care,2025-03,183852,490941,BGN
2109232012,care,2025-04,178175,669116,BGN
2109232012,care,2025-05,355806,1024922,BGN
2109232012,care,2025-06,195083,1220005,BGN
2109232012,care,2025-07,198881,1418886,BGN
2109232012,care,2025-08,180847,1599733,BGN
2109232012,care,2025-09,192369,1792101,BGN
2109232012,care,2025-10,176882,1968983,BGN
2109232012,care,2025-11,176882,2145865,BGN
2109232012,care,2025-12,176882,2322747,BGN
2109232012,care,2026-01,97567,97567,EUR
2109232012,care,2026-02,65316,162883,EUR
2109232012,care,2026-03,98870,261753,EUR
2109232012,care,2026-04,94715,356468,EUR
2109232012,care,2026-05,94715,451183,EUR
2109232012,care,2026-06,94260,545442,EUR
2109232012,care,2026-07,94715,640157,EUR
2109232012,care,2026-08,94715,734872,EUR
2111211002,care,2024-01,182472,182472,BGN
2111211002,care,2024-02,232347,414819,BGN
2111211002,care,2024-03,274315,689134,BGN
2111211002,care,2024-04,275798,964932,BGN
2111211002,care,2024-05,233286,1198218,BGN
2111211002,care,2024-06,213396,1411615,BGN
2111211002,care,2024-07,203832,1615447,BGN
2111211002,care,2024-08,237397,1852844,BGN
2111211002,care,2024-09,228136,2080979,BGN
2111211002,care,2024-10,223053,2304033,BGN
2111211002,care,2024-11,220621,2524654,BGN
2111211002,care,2024-12,209420,2734073,BGN
2111211002,care,2025-01,213307,213307,BGN
2111211002,care,2025-02,236488,449796,BGN
2111211002,care,2025-03,254347,704143,BGN
2111211002,care,2025-04,234711,938854,BGN
2111211002,care,2025-05,232879,1171733,BGN
2111211002,care,2025-06,230015,1401748,BGN
2111211002,care,2025-07,274848,1676596,BGN
2111211002,care,2025-08,225150,1901746,BGN
2111211002,care,2025-09,201198,2102944,BGN
2111211002,care,2025-10,222890,2325833,BGN
2111211002,care,2025-11,241891,2567724,BGN
2111211002,care,2025-12,239834,2807558,BGN
2111211002,care,2026-01,130111,130111,EUR
2111211002,care,2026-02,124399,254509,EUR
2111211002,care,2026-03,123010,377520,EUR
2111211002,care,2026-04,123847,501367,EUR
2111211002,care,2026-05,127149,628517,EUR
2111211002,care,2026-06,127045,755562,EUR
2111211002,care,2026-07,127372,882934,EUR
2111211002,care,2026-08,125739,1008673,EUR
2116211003,care,2024-01,295602,295602,BGN
2116211003,care,2024-02,338700,634302,BGN
2116211003,care,2024-03,406193,1040495,BGN
2116211003,care,2024-04,412617,1453111,BGN
2116211003,care,2024-05,383970,1837082,BGN
2116211003,care,2024-06,378573,2215654,BGN
2116211003,care,2024-07,378598,2594253,BGN
2116211003,care,2024-08,380553,2974806,BGN
2116211003,care,2024-09,378919,3353725,BGN
2116211003,care,2024-10,369859,3723584,BGN
2116211003,care,2024-11,383206,4106790,BGN
2116211003,care,2024-12,384306,4491095,BGN
2116211003,care,2025-01,372792,372792,BGN
2116211003,care,2025-02,393921,766713,BGN
2116211003,care,2025-03,375942,1142655,BGN
2116211003,care,2025-04,378639,1521294,BGN
2116211003,care,2025-05,503202,2024496,BGN
2116211003,care,2025-06,436369,2460865,BGN
2116211003,care,2025-07,461773,2922638,BGN
2116211003,care,2025-08,395272,3317910,BGN
2116211003,care,2025-09,386323,3704234,BGN
2116211003,care,2025-10,420332,4124566,BGN
2116211003,care,2025-11,417007,4541572,BGN
2116211003,care,2025-12,416455,4958027,BGN
2116211003,care,2026-01,206054,206054,EUR
2116211003,care,2026-02,208229,414283,EUR
2116211003,care,2026-03,222163,636446,EUR
2116211003,care,2026-04,214966,851413,EUR
2116211003,care,2026-05,218369,1069781,EUR
2116211003,care,2026-06,215060,1284841,EUR
2116211003,care,2026-07,217981,1502822,EUR
2116211003,care,2026-08,216619,1719441,EUR
2127232011,care,2024-01,181888,181888,BGN
2127232011,care,2024-02,125069,306957,BGN
2127232011,care,2024-03,131988,438945,BGN
2127232011,care,2024-04,204752,643696,BGN
2127232011,care,2024-05,280826,924523,BGN
2127232011,care,2024-06,248056,1172579,BGN
2127232011,care,2024-07,233891,1406469,BGN
2127232011,care,2024-08,278526,1684995,BGN
2127232011,care,2024-09,283304,1968300,BGN
2127232011,care,2024-10,258785,2227085,BGN
2127232011,care,2024-11,267894,2494979,BGN
2127232011,care,2024-12,258785,2753764,BGN
2127232011,care,2025-01,253979,253979,BGN
2127232011,care,2025-02,177602,431581,BGN
2127232011,care,2025-03,220852,652433,BGN
2127232011,care,2025-04,250150,902584,BGN
2127232011,care,2025-05,359011,1261595,BGN
2127232011,care,2025-06,233698,1495293,BGN
2127232011,care,2025-07,279910,1775203,BGN
2127232011,care,2025-08,285668,2060871,BGN
2127232011,care,2025-09,255385,2316256,BGN
2127232011,care,2025-10,233698,2549954,BGN
2127232011,care,2025-11,233698,2783652,BGN
2127232011,care,2025-12,233698,3017350,BGN
2127232011,care,2026-01,149405,149405,EUR
2127232011,care,2026-02,93424,242829,EUR
2127232011,care,2026-03,139424,382253,EUR
2127232011,care,2026-04,128153,510406,EUR
2127232011,care,2026-05,128153,638559,EUR
2127232011,care,2026-06,128153,766712,EUR
2127232011,care,2026-07,128153,894865,EUR
2127232011,care,2026-08,128153,1023018,EUR
2131211001,care,2024-01,1326090,1326090,BGN
2131211001,care,2024-02,1505209,2831299,BGN
2131211001,care,2024-03,1571322,4402621,BGN
2131211001,care,2024-04,1451736,5854357,BGN
2131211001,care,2024-05,1479482,7333840,BGN
2131211001,care,2024-06,1486391,8820230,BGN
2131211001,care,2024-07,1460792,10281023,BGN
2131211001,care,2024-08,1486782,11767805,BGN
2131211001,care,2024-09,1478653,13246458,BGN
2131211001,care,2024-10,1451486,14697944,BGN
2131211001,care,2024-11,1586064,16284008,BGN
2131211001,care,2024-12,1448814,17732823,BGN
2131211001,care,2025-01,1457671,1457671,BGN
2131211001,care,2025-02,1462325,2919997,BGN
2131211001,care,2025-03,1440660,4360656,BGN
2131211001,care,2025-04,1448359,5809015,BGN
2131211001,care,2025-05,2543353,8352369,BGN
2131211001,care,2025-06,1759936,10112305,BGN
2131211001,care,2025-07,1728951,11841256,BGN
2131211001,care,2025-08,1647452,13488708,BGN
2131211001,care,2025-09,1615245,15103953,BGN
2131211001,care,2025-10,1553310,16657262,BGN
2131211001,care,2025-11,1572070,18229332,BGN
2131211001,care,2025-12,1540638,19769970,BGN
2131211001,care,2026-01,801006,801006,EUR
2131211001,care,2026-02,832075,1633081,EUR
2131211001,care,2026-03,830158,2463239,EUR
2131211001,care,2026-04,827959,3291197,EUR
2131211001,care,2026-05,840402,4131600,EUR
2131211001,care,2026-06,838321,4969921,EUR
2131211001,care,2026-07,854223,5824144,EUR
2131211001,care,2026-08,850153,6674297,EUR
2131211001,devices,2024-02,4512,4512,BGN
2131211001,devices,2024-03,5940,10452,BGN
2131211001,devices,2024-04,6148,16600,BGN
2131211001,devices,2024-05,7775,24375,BGN
2131211001,devices,2024-06,10270,34645,BGN
2131211001,devices,2024-07,4795,39440,BGN
2131211001,devices,2024-08,1200,40640,BGN
2131211001,devices,2024-09,12806,53446,BGN
2131211001,devices,2024-10,3598,57044,BGN
2131211001,devices,2024-11,3715,60759,BGN
2131211001,devices,2024-12,7674,68433,BGN
2131211001,devices,2025-01,7653,7653,BGN
2131211001,devices,2025-02,7800,15453,BGN
2131211001,devices,2025-03,9704,25157,BGN
2131211001,devices,2025-04,10316,35473,BGN
2131211001,devices,2025-05,3360,38833,BGN
2131211001,devices,2025-06,8196,47029,BGN
2131211001,devices,2025-07,13414,60443,BGN
2131211001,devices,2025-08,12951,73394,BGN
2131211001,devices,2025-09,4598,77992,BGN
2131211001,devices,2025-10,3795,81787,BGN
2131211001,devices,2025-11,5600,87387,BGN
2131211001,devices,2025-12,0,87387,BGN
2131211001,devices,2026-01,11123,11123,EUR
2131211001,devices,2026-02,2802,13925,EUR
2131211001,devices,2026-03,4946,18870,EUR
2131211001,devices,2026-04,0,18870,EUR
2131211001,devices,2026-05,6388,25258,EUR
2131211001,devices,2026-06,3619,28877,EUR
2131211001,devices,2026-07,4210,33088,EUR
2131211001,devices,2026-08,7418,40506,EUR
2201211001,care,2024-01,55178,55178,BGN
2201211001,care,2024-02,10518844,10574022,BGN
2201211001,care,2024-03,5470445,16044467,BGN
2201211001,care,2024-04,6006280,22050747,BGN
2201211001,care,2024-05,5709287,27760034,BGN
2201211001,care,2024-06,5746624,33506658,BGN
2201211001,care,2024-07,5704959,39211617,BGN
2201211001,care,2024-08,5705478,44917095,BGN
2201211001,care,2024-09,5462719,50379814,BGN
2201211001,care,2024-10,5579959,55959773,BGN
2201211001,care,2024-11,5674052,61633825,BGN
2201211001,care,2024-12,5610389,67244214,BGN
2201211001,care,2025-01,5590532,5590532,BGN
2201211001,care,2025-02,5680886,11271417,BGN
2201211001,care,2025-03,5617875,16889292,BGN
2201211001,care,2025-04,5599942,22489234,BGN
2201211001,care,2025-05,10743384,33232618,BGN
2201211001,care,2025-06,7273848,40506466,BGN
2201211001,care,2025-07,6925133,47431599,BGN
2201211001,care,2025-08,6319735,53751334,BGN
2201211001,care,2025-09,5617433,59368767,BGN
2201211001,care,2025-10,5627543,64996311,BGN
2201211001,care,2025-11,7148589,72144900,BGN
2201211001,care,2025-12,6364114,78509014,BGN
2201211001,care,2026-01,3285309,3285309,EUR
2201211001,care,2026-02,3253083,6538391,EUR
2201211001,care,2026-03,3267291,9805682,EUR
2201211001,care,2026-04,3271370,13077052,EUR
2201211001,care,2026-05,3284312,16361365,EUR
2201211001,care,2026-06,3258561,19619925,EUR
2201211001,care,2026-07,3271941,22891866,EUR
2201211001,care,2026-08,3203268,26095133,EUR
2201211001,devices,2024-02,756327,756327,BGN
2201211001,devices,2024-03,684280,1440608,BGN
2201211001,devices,2024-04,615097,2055705,BGN
2201211001,devices,2024-05,889819,2945524,BGN
2201211001,devices,2024-06,763687,3709211,BGN
2201211001,devices,2024-07,793519,4502729,BGN
2201211001,devices,2024-08,625715,5128445,BGN
2201211001,devices,2024-09,850974,5979419,BGN
2201211001,devices,2024-10,535643,6515062,BGN
2201211001,devices,2024-11,638918,7153980,BGN
2201211001,devices,2024-12,896286,8050266,BGN
2201211001,devices,2025-01,893429,893429,BGN
2201211001,devices,2025-02,966053,1859482,BGN
2201211001,devices,2025-03,771473,2630954,BGN
2201211001,devices,2025-04,749110,3380064,BGN
2201211001,devices,2025-05,985243,4365307,BGN
2201211001,devices,2025-06,573708,4939015,BGN
2201211001,devices,2025-07,515845,5454861,BGN
2201211001,devices,2025-08,1034365,6489226,BGN
2201211001,devices,2025-09,1094219,7583445,BGN
2201211001,devices,2025-10,576052,8159497,BGN
2201211001,devices,2025-11,704388,8863885,BGN
2201211001,devices,2025-12,0,8863885,BGN
2201211001,devices,2026-01,875070,875070,EUR
2201211001,devices,2026-02,546200,1421271,EUR
2201211001,devices,2026-03,759426,2180697,EUR
2201211001,devices,2026-04,0,2180697,EUR
2201211001,devices,2026-05,529098,2709795,EUR
2201211001,devices,2026-06,461645,3171441,EUR
2201211001,devices,2026-07,601536,3772977,EUR
2201211001,devices,2026-08,450073,4223051,EUR
2201211002,care,2024-01,3197725,3197725,BGN
2201211002,care,2024-02,3220934,6418659,BGN
2201211002,care,2024-03,3514475,9933134,BGN
2201211002,care,2024-04,4284929,14218063,BGN
2201211002,care,2024-05,4057361,18275423,BGN
2201211002,care,2024-06,3948674,22224098,BGN
2201211002,care,2024-07,4003264,26227361,BGN
2201211002,care,2024-08,4051429,30278791,BGN
2201211002,care,2024-09,3902235,34181026,BGN
2201211002,care,2024-10,3865817,38046843,BGN
2201211002,care,2024-11,4501519,42548362,BGN
2201211002,care,2024-12,4036240,46584602,BGN
2201211002,care,2025-01,3823417,3823417,BGN
2201211002,care,2025-02,3933081,7756498,BGN
2201211002,care,2025-03,3829393,11585891,BGN
2201211002,care,2025-04,3948338,15534229,BGN
2201211002,care,2025-05,6153085,21687315,BGN
2201211002,care,2025-06,4269082,25956397,BGN
2201211002,care,2025-07,4534097,30490494,BGN
2201211002,care,2025-08,4360652,34851146,BGN
2201211002,care,2025-09,4312066,39163212,BGN
2201211002,care,2025-10,3882433,43045645,BGN
2201211002,care,2025-11,4083477,47129122,BGN
2201211002,care,2025-12,4128101,51257223,BGN
2201211002,care,2026-01,2127793,2127793,EUR
2201211002,care,2026-02,2130751,4258544,EUR
2201211002,care,2026-03,2134635,6393179,EUR
2201211002,care,2026-04,2164453,8557632,EUR
2201211002,care,2026-05,2151170,10708801,EUR
2201211002,care,2026-06,2088227,12797028,EUR
2201211002,care,2026-07,2199171,14996199,EUR
2201211002,care,2026-08,2148283,17144482,EUR
2201211002,devices,2024-02,105619,105619,BGN
2201211002,devices,2024-03,102577,208196,BGN
2201211002,devices,2024-04,146917,355113,BGN
2201211002,devices,2024-05,267840,622953,BGN
2201211002,devices,2024-06,294469,917422,BGN
2201211002,devices,2024-07,205595,1123017,BGN
2201211002,devices,2024-08,260271,1383288,BGN
2201211002,devices,2024-09,246545,1629833,BGN
2201211002,devices,2024-10,80643,1710476,BGN
2201211002,devices,2024-11,145382,1855858,BGN
2201211002,devices,2024-12,304918,2160776,BGN
2201211002,devices,2025-01,200713,200713,BGN
2201211002,devices,2025-02,244689,445402,BGN
2201211002,devices,2025-03,140327,585729,BGN
2201211002,devices,2025-04,140567,726296,BGN
2201211002,devices,2025-05,187076,913372,BGN
2201211002,devices,2025-06,145951,1059323,BGN
2201211002,devices,2025-07,171156,1230479,BGN
2201211002,devices,2025-08,291318,1521797,BGN
2201211002,devices,2025-09,205229,1727026,BGN
2201211002,devices,2025-10,178159,1905185,BGN
2201211002,devices,2025-11,139014,2044199,BGN
2201211002,devices,2025-12,0,2044199,BGN
2201211002,devices,2026-01,222550,222550,EUR
2201211002,devices,2026-02,90332,312882,EUR
2201211002,devices,2026-03,193552,506434,EUR
2201211002,devices,2026-04,0,506434,EUR
2201211002,devices,2026-05,167992,674426,EUR
2201211002,devices,2026-06,65662,740087,EUR
2201211002,devices,2026-07,78151,818239,EUR
2201211002,devices,2026-08,82322,900560,EUR
2201211002,medicines,2024-01,2328885,2328885,BGN
2201211002,medicines,2024-02,1941050,4269935,BGN
2201211002,medicines,2024-03,2230353,6500288,BGN
2201211002,medicines,2024-04,2241672,8741960,BGN
2201211002,medicines,2024-05,2171653,10913613,BGN
2201211002,medicines,2024-06,2219879,13133492,BGN
2201211002,medicines,2024-07,2322882,15456374,BGN
2201211002,medicines,2024-08,2216667,17673041,BGN
2201211002,medicines,2024-09,2434120,20107160,BGN
2201211002,medicines,2024-10,2457254,22564414,BGN
2201211002,medicines,2024-11,2273428,24837842,BGN
2201211002,medicines,2024-12,2326523,27164364,BGN
2201211002,medicines,2025-01,2256598,2256598,BGN
2201211002,medicines,2025-02,1743184,3999782,BGN
2201211002,medicines,2025-03,2513811,6513593,BGN
2201211002,medicines,2025-04,2490756,9004349,BGN
2201211002,medicines,2025-05,2471889,11476239,BGN
2201211002,medicines,2025-06,2784573,14260812,BGN
2201211002,medicines,2025-07,2447858,16708670,BGN
2201211002,medicines,2025-08,2516933,19225603,BGN
2201211002,medicines,2025-09,2883365,22108968,BGN
2201211002,medicines,2025-10,2408952,24517920,BGN
2201211002,medicines,2025-11,2490677,27008596,BGN
2201211002,medicines,2025-12,2868652,29877248,BGN
2201211002,medicines,2026-01,1467223,1467223,EUR
2201211002,medicines,2026-02,1272786,2740009,EUR
2201211002,medicines,2026-03,1459496,4199505,EUR
2201211002,medicines,2026-04,1381912,5581418,EUR
2201211002,medicines,2026-05,1402955,6984373,EUR
2201211002,medicines,2026-06,1529496,8513868,EUR
2201211002,medicines,2026-07,1233648,9747516,EUR
2201211002,medicines,2026-08,1594404,11341921,EUR
2201211003,care,2024-01,8807100,8807100,BGN
2201211003,care,2024-02,8817317,17624418,BGN
2201211003,care,2024-03,9480828,27105245,BGN
2201211003,care,2024-04,14083405,41188651,BGN
2201211003,care,2024-05,11672064,52860715,BGN
2201211003,care,2024-06,11387211,64247926,BGN
2201211003,care,2024-07,11392805,75640731,BGN
2201211003,care,2024-08,11421084,87061815,BGN
2201211003,care,2024-09,10862543,97924357,BGN
2201211003,care,2024-10,11934921,109859278,BGN
2201211003,care,2024-11,12716616,122575895,BGN
2201211003,care,2024-12,11411013,133986907,BGN
2201211003,care,2025-01,11403386,11403386,BGN
2201211003,care,2025-02,11398969,22802355,BGN
2201211003,care,2025-03,11381854,34184209,BGN
2201211003,care,2025-04,11405239,45589448,BGN
2201211003,care,2025-05,21368523,66957971,BGN
2201211003,care,2025-06,13830059,80788031,BGN
2201211003,care,2025-07,13459121,94247152,BGN
2201211003,care,2025-08,13049198,107296350,BGN
2201211003,care,2025-09,12715776,120012126,BGN
2201211003,care,2025-10,12618141,132630267,BGN
2201211003,care,2025-11,12776926,145407193,BGN
2201211003,care,2025-12,12686560,158093753,BGN
2201211003,care,2026-01,6671852,6671852,EUR
2201211003,care,2026-02,6459961,13131813,EUR
2201211003,care,2026-03,6159202,19291016,EUR
2201211003,care,2026-04,6465048,25756064,EUR
2201211003,care,2026-05,6460652,32216715,EUR
2201211003,care,2026-06,6462894,38679609,EUR
2201211003,care,2026-07,6464316,45143925,EUR
2201211003,care,2026-08,6467134,51611059,EUR
2201211003,devices,2024-02,180524,180524,BGN
2201211003,devices,2024-03,332244,512768,BGN
2201211003,devices,2024-04,469573,982341,BGN
2201211003,devices,2024-05,211478,1193819,BGN
2201211003,devices,2024-06,413904,1607723,BGN
2201211003,devices,2024-07,209904,1817627,BGN
2201211003,devices,2024-08,241011,2058638,BGN
2201211003,devices,2024-09,536571,2595209,BGN
2201211003,devices,2024-10,278825,2874034,BGN
2201211003,devices,2024-11,401795,3275829,BGN
2201211003,devices,2024-12,425552,3701380,BGN
2201211003,devices,2025-01,331667,331667,BGN
2201211003,devices,2025-02,288372,620039,BGN
2201211003,devices,2025-03,439143,1059183,BGN
2201211003,devices,2025-04,301194,1360377,BGN
2201211003,devices,2025-05,416695,1777071,BGN
2201211003,devices,2025-06,459034,2236105,BGN
2201211003,devices,2025-07,345767,2581872,BGN
2201211003,devices,2025-08,528441,3110313,BGN
2201211003,devices,2025-09,486517,3596830,BGN
2201211003,devices,2025-10,469075,4065905,BGN
2201211003,devices,2025-11,335437,4401342,BGN
2201211003,devices,2025-12,0,4401342,BGN
2201211003,devices,2026-01,513767,513767,EUR
2201211003,devices,2026-02,216189,729956,EUR
2201211003,devices,2026-03,478535,1208491,EUR
2201211003,devices,2026-04,0,1208491,EUR
2201211003,devices,2026-05,280120,1488611,EUR
2201211003,devices,2026-06,283408,1772019,EUR
2201211003,devices,2026-07,183636,1955654,EUR
2201211003,devices,2026-08,265541,2221195,EUR
2201211004,care,2024-01,4800739,4800739,BGN
2201211004,care,2024-02,4800738,9601477,BGN
2201211004,care,2024-03,4800740,14402217,BGN
2201211004,care,2024-04,9146866,23549083,BGN
2201211004,care,2024-05,6664491,30213574,BGN
2201211004,care,2024-06,6525255,36738829,BGN
2201211004,care,2024-07,6596521,43335350,BGN
2201211004,care,2024-08,6758704,50094054,BGN
2201211004,care,2024-09,6661205,56755259,BGN
2201211004,care,2024-10,6442921,63198180,BGN
2201211004,care,2024-11,7034950,70233130,BGN
2201211004,care,2024-12,6759651,76992781,BGN
2201211004,care,2025-01,6390196,6390196,BGN
2201211004,care,2025-02,6871988,13262184,BGN
2201211004,care,2025-03,6755420,20017604,BGN
2201211004,care,2025-04,6779651,26797255,BGN
2201211004,care,2025-05,8448017,35245272,BGN
2201211004,care,2025-06,7801488,43046760,BGN
2201211004,care,2025-07,7044858,50091618,BGN
2201211004,care,2025-08,7222600,57314219,BGN
2201211004,care,2025-09,7182182,64496401,BGN
2201211004,care,2025-10,6740332,71236733,BGN
2201211004,care,2025-11,7434493,78671226,BGN
2201211004,care,2025-12,7135842,85807067,BGN
2201211004,care,2026-01,3727770,3727770,EUR
2201211004,care,2026-02,3519879,7247649,EUR
2201211004,care,2026-03,3767596,11015245,EUR
2201211004,care,2026-04,3747658,14762903,EUR
2201211004,care,2026-05,3757525,18520429,EUR
2201211004,care,2026-06,3723116,22243544,EUR
2201211004,care,2026-07,3773757,26017302,EUR
2201211004,care,2026-08,3854904,29872206,EUR
2201211004,devices,2024-02,1057201,1057201,BGN
2201211004,devices,2024-03,1070920,2128122,BGN
2201211004,devices,2024-04,1158636,3286758,BGN
2201211004,devices,2024-05,897224,4183982,BGN
2201211004,devices,2024-06,1611645,5795628,BGN
2201211004,devices,2024-07,974611,6770239,BGN
2201211004,devices,2024-08,1027486,7797725,BGN
2201211004,devices,2024-09,1140504,8938229,BGN
2201211004,devices,2024-10,1152111,10090339,BGN
2201211004,devices,2024-11,1353630,11443969,BGN
2201211004,devices,2024-12,1395679,12839648,BGN
2201211004,devices,2025-01,1127924,1127924,BGN
2201211004,devices,2025-02,1267300,2395224,BGN
2201211004,devices,2025-03,1119634,3514858,BGN
2201211004,devices,2025-04,416650,3931508,BGN
2201211004,devices,2025-05,2062001,5993509,BGN
2201211004,devices,2025-06,1250200,7243709,BGN
2201211004,devices,2025-07,915717,8159426,BGN
2201211004,devices,2025-08,1771008,9930434,BGN
2201211004,devices,2025-09,1602406,11532840,BGN
2201211004,devices,2025-10,1596036,13128876,BGN
2201211004,devices,2025-11,1281582,14410458,BGN
2201211004,devices,2025-12,0,14410458,BGN
2201211004,devices,2026-01,1464537,1464537,EUR
2201211004,devices,2026-02,622962,2087499,EUR
2201211004,devices,2026-03,1543065,3630564,EUR
2201211004,devices,2026-04,0,3630564,EUR
2201211004,devices,2026-05,972854,4603419,EUR
2201211004,devices,2026-06,706567,5309986,EUR
2201211004,devices,2026-07,671149,5981135,EUR
2201211004,devices,2026-08,767493,6748628,EUR
2201211004,medicines,2024-01,5786852,5786852,BGN
2201211004,medicines,2024-02,5818743,11605594,BGN
2201211004,medicines,2024-03,6361536,17967130,BGN
2201211004,medicines,2024-04,6255072,24222202,BGN
2201211004,medicines,2024-05,6720037,30942239,BGN
2201211004,medicines,2024-06,7197816,38140055,BGN
2201211004,medicines,2024-07,7276558,45416613,BGN
2201211004,medicines,2024-08,7360520,52777133,BGN
2201211004,medicines,2024-09,7881383,60658516,BGN
2201211004,medicines,2024-10,8124944,68783459,BGN
2201211004,medicines,2024-11,7638722,76422182,BGN
2201211004,medicines,2024-12,8303748,84725930,BGN
2201211004,medicines,2025-01,7563566,7563566,BGN
2201211004,medicines,2025-02,8333506,15897072,BGN
2201211004,medicines,2025-03,9133278,25030350,BGN
2201211004,medicines,2025-04,7758313,32788663,BGN
2201211004,medicines,2025-05,8615834,41404497,BGN
2201211004,medicines,2025-06,9050628,50455125,BGN
2201211004,medicines,2025-07,8903316,59358441,BGN
2201211004,medicines,2025-08,9288823,68647265,BGN
2201211004,medicines,2025-09,10007229,78654493,BGN
2201211004,medicines,2025-10,9504477,88158970,BGN
2201211004,medicines,2025-11,10308388,98467359,BGN
2201211004,medicines,2025-12,10543646,109011004,BGN
2201211004,medicines,2026-01,5261640,5261640,EUR
2201211004,medicines,2026-02,5539514,10801154,EUR
2201211004,medicines,2026-03,5562146,16363300,EUR
2201211004,medicines,2026-04,5250143,21613443,EUR
2201211004,medicines,2026-05,5823535,27436978,EUR
2201211004,medicines,2026-06,5834736,33271714,EUR
2201211004,medicines,2026-07,5420729,38692443,EUR
2201211004,medicines,2026-08,5996944,44689387,EUR
2201211005,care,2024-01,1905823,1905823,BGN
2201211005,care,2024-02,1960876,3866699,BGN
2201211005,care,2024-03,1962690,5829389,BGN
2201211005,care,2024-04,2122164,7951553,BGN
2201211005,care,2024-05,2021109,9972662,BGN
2201211005,care,2024-06,2021109,11993771,BGN
2201211005,care,2024-07,2018697,14012469,BGN
2201211005,care,2024-08,2023521,16035989,BGN
2201211005,care,2024-09,1920054,17956043,BGN
2201211005,care,2024-10,2021109,19977152,BGN
2201211005,care,2024-11,2285894,22263046,BGN
2201211005,care,2024-12,2021109,24284155,BGN
2201211005,care,2025-01,2021109,2021109,BGN
2201211005,care,2025-02,2021109,4042218,BGN
2201211005,care,2025-03,2086779,6128997,BGN
2201211005,care,2025-04,2096308,8225305,BGN
2201211005,care,2025-05,4664575,12889881,BGN
2201211005,care,2025-06,3157007,16046888,BGN
2201211005,care,2025-07,2498542,18545430,BGN
2201211005,care,2025-08,2763850,21309280,BGN
2201211005,care,2025-09,2685174,23994454,BGN
2201211005,care,2025-10,2373848,26368302,BGN
2201211005,care,2025-11,2699328,29067631,BGN
2201211005,care,2025-12,2561736,31629366,BGN
2201211005,care,2026-01,1290726,1290726,EUR
2201211005,care,2026-02,1430959,2721685,EUR
2201211005,care,2026-03,1399898,4121583,EUR
2201211005,care,2026-04,1421713,5543296,EUR
2201211005,care,2026-05,1420204,6963499,EUR
2201211005,care,2026-06,1304603,8268102,EUR
2201211005,care,2026-07,1521821,9789923,EUR
2201211005,care,2026-08,1437825,11227748,EUR
2201211005,devices,2024-02,283636,283636,BGN
2201211005,devices,2024-03,217625,501261,BGN
2201211005,devices,2024-04,330166,831427,BGN
2201211005,devices,2024-05,221433,1052860,BGN
2201211005,devices,2024-06,196248,1249108,BGN
2201211005,devices,2024-07,156435,1405543,BGN
2201211005,devices,2024-08,249383,1654926,BGN
2201211005,devices,2024-09,330460,1985386,BGN
2201211005,devices,2024-10,276763,2262149,BGN
2201211005,devices,2024-11,393291,2655440,BGN
2201211005,devices,2024-12,195814,2851254,BGN
2201211005,devices,2025-01,254325,254325,BGN
2201211005,devices,2025-02,397903,652228,BGN
2201211005,devices,2025-03,200689,852917,BGN
2201211005,devices,2025-04,203179,1056096,BGN
2201211005,devices,2025-05,140599,1196695,BGN
2201211005,devices,2025-06,114646,1311341,BGN
2201211005,devices,2025-07,244448,1555789,BGN
2201211005,devices,2025-08,197538,1753327,BGN
2201211005,devices,2025-09,309762,2063089,BGN
2201211005,devices,2025-10,227151,2290240,BGN
2201211005,devices,2025-11,187778,2478018,BGN
2201211005,devices,2025-12,0,2478018,BGN
2201211005,devices,2026-01,245010,245010,EUR
2201211005,devices,2026-02,187768,432778,EUR
2201211005,devices,2026-03,220415,653193,EUR
2201211005,devices,2026-04,0,653193,EUR
2201211005,devices,2026-05,214039,867232,EUR
2201211005,devices,2026-06,113605,980837,EUR
2201211005,devices,2026-07,209000,1189837,EUR
2201211005,devices,2026-08,205984,1395821,EUR
2201211005,medicines,2025-03,163861,163861,BGN
2201211005,medicines,2025-04,392423,556285,BGN
2201211005,medicines,2025-05,629687,1185972,BGN
2201211005,medicines,2025-06,843386,2029357,BGN
2201211005,medicines,2025-07,868660,2898018,BGN
2201211005,medicines,2025-08,1075841,3973859,BGN
2201211005,medicines,2025-09,0,3973859,BGN
2201211005,medicines,2025-10,2535110,6508969,BGN
2201211005,medicines,2025-11,1369921,7878889,BGN
2201211005,medicines,2025-12,1575897,9454786,BGN
2201211005,medicines,2026-01,780402,780402,EUR
2201211005,medicines,2026-02,851644,1632046,EUR
2201211005,medicines,2026-03,909053,2541099,EUR
2201211005,medicines,2026-04,893901,3435000,EUR
2201211005,medicines,2026-05,1117551,4552551,EUR
2201211005,medicines,2026-06,1222396,5774947,EUR
2201211005,medicines,2026-07,1119749,6894696,EUR
2201211005,medicines,2026-08,1320170,8214867,EUR
2201211032,care,2024-01,977298,977298,BGN
2201211032,care,2024-02,1011094,1988392,BGN
2201211032,care,2024-03,994196,2982588,BGN
2201211032,care,2024-04,1270942,4253530,BGN
2201211032,care,2024-05,1129491,5383020,BGN
2201211032,care,2024-06,1128463,6511484,BGN
2201211032,care,2024-07,1126408,7637892,BGN
2201211032,care,2024-08,1129491,8767382,BGN
2201211032,care,2024-09,1124353,9891736,BGN
2201211032,care,2024-10,1127436,11019171,BGN
2201211032,care,2024-11,1149103,12168274,BGN
2201211032,care,2024-12,1132573,13300847,BGN
2201211032,care,2025-01,1077100,1077100,BGN
2201211032,care,2025-02,1187019,2264119,BGN
2201211032,care,2025-03,1124353,3388472,BGN
2201211032,care,2025-04,1129491,4517962,BGN
2201211032,care,2025-05,1945868,6463830,BGN
2201211032,care,2025-06,1546366,8010196,BGN
2201211032,care,2025-07,1185594,9195790,BGN
2201211032,care,2025-08,1200680,10396470,BGN
2201211032,care,2025-09,1051873,11448343,BGN
2201211032,care,2025-10,1072580,12520923,BGN
2201211032,care,2025-11,1392395,13913318,BGN
2201211032,care,2025-12,1230946,15144264,BGN
2201211032,care,2026-01,596417,596417,EUR
2201211032,care,2026-02,650455,1246872,EUR
2201211032,care,2026-03,659268,1906140,EUR
2201211032,care,2026-04,634444,2540584,EUR
2201211032,care,2026-05,636545,3177129,EUR
2201211032,care,2026-06,576281,3753410,EUR
2201211032,care,2026-07,630489,4383899,EUR
2201211032,care,2026-08,635246,5019145,EUR
2201211032,devices,2024-02,4800,4800,BGN
2201211032,devices,2024-03,3600,8400,BGN
2201211032,devices,2024-04,1200,9600,BGN
2201211032,devices,2024-05,3600,13200,BGN
2201211032,devices,2024-06,2400,15600,BGN
2201211032,devices,2024-07,0,15600,BGN
2201211032,devices,2024-08,9600,25200,BGN
2201211032,devices,2024-09,3600,28800,BGN
2201211032,devices,2024-10,3600,32400,BGN
2201211032,devices,2024-11,2400,34800,BGN
2201211032,devices,2024-12,2400,37200,BGN
2201211032,devices,2025-01,2400,2400,BGN
2201211032,devices,2025-02,6000,8400,BGN
2201211032,devices,2025-03,1200,9600,BGN
2201211032,devices,2025-04,5682,15282,BGN
2201211032,devices,2025-05,2400,17682,BGN
2201211032,devices,2025-06,4482,22164,BGN
2201211032,devices,2025-07,1200,23364,BGN
2201211032,devices,2025-08,6000,29364,BGN
2201211032,devices,2025-09,1200,30564,BGN
2201211032,devices,2025-10,0,30564,BGN
2201211032,devices,2025-11,1200,31764,BGN
2201211032,devices,2025-12,0,31764,BGN
2201211032,devices,2026-01,614,614,EUR
2201211032,devices,2026-02,0,614,EUR
2201211032,devices,2026-03,1227,1841,EUR
2201211032,devices,2026-04,0,1841,EUR
2201211032,devices,2026-05,614,2454,EUR
2201211032,devices,2026-06,1807,4261,EUR
2201211032,devices,2026-07,614,4875,EUR
2201211032,devices,2026-08,598,5473,EUR
2201211033,care,2024-01,575485,575485,BGN
2201211033,care,2024-02,594733,1170218,BGN
2201211033,care,2024-03,724189,1894407,BGN
2201211033,care,2024-04,646419,2540826,BGN
2201211033,care,2024-05,646419,3187245,BGN
2201211033,care,2024-06,646419,3833664,BGN
2201211033,care,2024-07,646419,4480083,BGN
2201211033,care,2024-08,646419,5126502,BGN
2201211033,care,2024-09,646419,5772921,BGN
2201211033,care,2024-10,639022,6411943,BGN
2201211033,care,2024-11,605544,7017487,BGN
2201211033,care,2024-12,694691,7712178,BGN
2201211033,care,2025-01,505917,505917,BGN
2201211033,care,2025-02,578820,1084737,BGN
2201211033,care,2025-03,605717,1690454,BGN
2201211033,care,2025-04,646419,2336873,BGN
2201211033,care,2025-05,549555,2886428,BGN
2201211033,care,2025-06,619093,3505521,BGN
2201211033,care,2025-07,573127,4078648,BGN
2201211033,care,2025-08,563485,4642133,BGN
2201211033,care,2025-09,527807,5169941,BGN
2201211033,care,2025-10,501926,5671867,BGN
2201211033,care,2025-11,572763,6244630,BGN
2201211033,care,2025-12,331892,6576522,BGN
2201211033,care,2026-01,158354,158354,EUR
2201211033,care,2026-02,159237,317591,EUR
2201211033,care,2026-03,171164,488755,EUR
2201211033,care,2026-04,199905,688660,EUR
2201211033,care,2026-05,148334,836994,EUR
2201211033,care,2026-06,140190,977184,EUR
2201211033,care,2026-07,143272,1120456,EUR
2201211033,care,2026-08,120766,1241221,EUR
2201211034,care,2024-01,115027,115027,BGN
2201211034,care,2024-02,123730,238756,BGN
2201211034,care,2024-03,144202,382958,BGN
2201211034,care,2024-04,132919,515877,BGN
2201211034,care,2024-05,120406,636284,BGN
2201211034,care,2024-06,132919,769203,BGN
2201211034,care,2024-07,132919,902122,BGN
2201211034,care,2024-08,132919,1035041,BGN
2201211034,care,2024-09,132919,1167960,BGN
2201211034,care,2024-10,78578,1246538,BGN
2201211034,care,2024-11,96380,1342917,BGN
2201211034,care,2024-12,106648,1449566,BGN
2201211034,care,2025-01,64230,64230,BGN
2201211034,care,2025-02,96255,160485,BGN
2201211034,care,2025-03,134255,294740,BGN
2201211034,care,2025-04,132919,427659,BGN
2201211034,care,2025-05,98247,525906,BGN
2201211034,care,2025-06,104481,630387,BGN
2201211034,care,2025-07,154174,784562,BGN
2201211034,care,2025-08,98247,882809,BGN
2201211034,care,2025-09,117723,1000532,BGN
2201211034,care,2025-10,98247,1098779,BGN
2201211034,care,2025-11,98247,1197026,BGN
2201211034,care,2025-12,98247,1295273,BGN
2201211034,care,2026-01,56299,56299,EUR
2201211034,care,2026-02,64582,120881,EUR
2201211034,care,2026-03,64582,185463,EUR
2201211034,care,2026-04,112879,298343,EUR
2201211034,care,2026-05,0,298343,EUR
2201211034,care,2026-06,94100,392442,EUR
2201211034,care,2026-07,0,392442,EUR
2201211034,care,2026-08,37596,430038,EUR
2201211034,devices,2024-02,1200,1200,BGN
2201211034,devices,2024-03,0,1200,BGN
2201211034,devices,2024-04,0,1200,BGN
2201211034,devices,2024-05,1200,2400,BGN
2201211034,devices,2024-06,1200,3600,BGN
2201211034,devices,2024-07,0,3600,BGN
2201211034,devices,2024-08,0,3600,BGN
2201211034,devices,2024-09,0,3600,BGN
2201211034,devices,2024-10,0,3600,BGN
2201211034,devices,2024-11,0,3600,BGN
2201211034,devices,2024-12,0,3600,BGN
2201211035,care,2024-01,1299406,1299406,BGN
2201211035,care,2024-02,1300259,2599666,BGN
2201211035,care,2024-03,1294989,3894655,BGN
2201211035,care,2024-04,1831890,5726544,BGN
2201211035,care,2024-05,1530221,7256765,BGN
2201211035,care,2024-06,1502711,8759476,BGN
2201211035,care,2024-07,1629601,10389077,BGN
2201211035,care,2024-08,1563431,11952508,BGN
2201211035,care,2024-09,1508239,13460747,BGN
2201211035,care,2024-10,1413229,14873977,BGN
2201211035,care,2024-11,1642260,16516236,BGN
2201211035,care,2024-12,1739873,18256109,BGN
2201211035,care,2025-01,1355090,1355090,BGN
2201211035,care,2025-02,1575866,2930956,BGN
2201211035,care,2025-03,1717472,4648428,BGN
2201211035,care,2025-04,1619491,6267919,BGN
2201211035,care,2025-05,1542469,7810388,BGN
2201211035,care,2025-06,1625068,9435455,BGN
2201211035,care,2025-07,1562633,10998088,BGN
2201211035,care,2025-08,1646183,12644271,BGN
2201211035,care,2025-09,1464858,14109129,BGN
2201211035,care,2025-10,1385935,15495064,BGN
2201211035,care,2025-11,1650142,17145205,BGN
2201211035,care,2025-12,1771571,18916776,BGN
2201211035,care,2026-01,768512,768512,EUR
2201211035,care,2026-02,868075,1636587,EUR
2201211035,care,2026-03,857994,2494581,EUR
2201211035,care,2026-04,864676,3359258,EUR
2201211035,care,2026-05,817591,4176849,EUR
2201211035,care,2026-06,790273,4967122,EUR
2201211035,care,2026-07,952793,5919915,EUR
2201211035,care,2026-08,738876,6658790,EUR
2201211035,devices,2024-02,3600,3600,BGN
2201211035,devices,2024-03,0,3600,BGN
2201211035,devices,2024-04,4800,8400,BGN
2201211035,devices,2024-05,6000,14400,BGN
2201211035,devices,2024-06,2400,16800,BGN
2201211035,devices,2024-07,2400,19200,BGN
2201211035,devices,2024-08,4800,24000,BGN
2201211035,devices,2024-09,7200,31200,BGN
2201211035,devices,2024-10,7200,38400,BGN
2201211035,devices,2024-11,0,38400,BGN
2201211035,devices,2024-12,4800,43200,BGN
2201211035,devices,2025-01,2400,2400,BGN
2201211035,devices,2025-02,1200,3600,BGN
2201211035,devices,2025-03,2400,6000,BGN
2201211035,devices,2025-04,0,6000,BGN
2201211035,devices,2025-05,3600,9600,BGN
2201211035,devices,2025-06,4800,14400,BGN
2201211035,devices,2025-07,3600,18000,BGN
2201211035,devices,2025-08,3600,21600,BGN
2201211035,devices,2025-09,2400,24000,BGN
2201211035,devices,2025-10,2400,26400,BGN
2201211035,devices,2025-11,0,26400,BGN
2201211035,devices,2025-12,0,26400,BGN
2201211035,devices,2026-01,3068,3068,EUR
2201211035,devices,2026-02,3681,6749,EUR
2201211035,devices,2026-03,2454,9203,EUR
2201211035,devices,2026-04,0,9203,EUR
2201211035,devices,2026-05,614,9817,EUR
2201211035,devices,2026-06,1227,11044,EUR
2201211035,devices,2026-07,2454,13498,EUR
2201211035,devices,2026-08,614,14112,EUR
2201211055,care,2024-01,4758886,4758886,BGN
2201211055,care,2024-02,5092311,9851197,BGN
2201211055,care,2024-03,5450130,15301327,BGN
2201211055,care,2024-04,6216066,21517393,BGN
2201211055,care,2024-05,5871407,27388801,BGN
2201211055,care,2024-06,5864215,33253016,BGN
2201211055,care,2024-07,5622339,38875355,BGN
2201211055,care,2024-08,5831348,44706703,BGN
2201211055,care,2024-09,5853085,50559787,BGN
2201211055,care,2024-10,5828053,56387840,BGN
2201211055,care,2024-11,6339708,62727548,BGN
2201211055,care,2024-12,5828447,68555995,BGN
2201211055,care,2025-01,5791708,5791708,BGN
2201211055,care,2025-02,5921772,11713480,BGN
2201211055,care,2025-03,5916677,17630156,BGN
2201211055,care,2025-04,5922034,23552190,BGN
2201211055,care,2025-05,10738037,34290226,BGN
2201211055,care,2025-06,7227123,41517349,BGN
2201211055,care,2025-07,6779657,48297006,BGN
2201211055,care,2025-08,6581996,54879002,BGN
2201211055,care,2025-09,6236493,61115495,BGN
2201211055,care,2025-10,6066494,67181990,BGN
2201211055,care,2025-11,6809815,73991805,BGN
2201211055,care,2025-12,6398297,80390102,BGN
2201211055,care,2026-01,3329873,3329873,EUR
2201211055,care,2026-02,3341109,6670983,EUR
2201211055,care,2026-03,3351821,10022803,EUR
2201211055,care,2026-04,3347071,13369874,EUR
2201211055,care,2026-05,3357457,16727332,EUR
2201211055,care,2026-06,3346069,20073401,EUR
2201211055,care,2026-07,3313374,23386775,EUR
2201211055,care,2026-08,3327495,26714270,EUR
2201211055,devices,2024-02,57582,57582,BGN
2201211055,devices,2024-03,75685,133267,BGN
2201211055,devices,2024-04,59775,193042,BGN
2201211055,devices,2024-05,92614,285656,BGN
2201211055,devices,2024-06,95790,381446,BGN
2201211055,devices,2024-07,111022,492468,BGN
2201211055,devices,2024-08,87741,580209,BGN
2201211055,devices,2024-09,47863,628072,BGN
2201211055,devices,2024-10,71429,699501,BGN
2201211055,devices,2024-11,85621,785122,BGN
2201211055,devices,2024-12,140250,925372,BGN
2201211055,devices,2025-01,68351,68351,BGN
2201211055,devices,2025-02,36694,105045,BGN
2201211055,devices,2025-03,130050,235095,BGN
2201211055,devices,2025-04,54298,289393,BGN
2201211055,devices,2025-05,59371,348764,BGN
2201211055,devices,2025-06,52172,400936,BGN
2201211055,devices,2025-07,93722,494658,BGN
2201211055,devices,2025-08,101832,596489,BGN
2201211055,devices,2025-09,107060,703549,BGN
2201211055,devices,2025-10,75627,779176,BGN
2201211055,devices,2025-11,111036,890212,BGN
2201211055,devices,2025-12,0,890212,BGN
2201211055,devices,2026-01,75132,75132,EUR
2201211055,devices,2026-02,34534,109666,EUR
2201211055,devices,2026-03,71505,181171,EUR
2201211055,devices,2026-04,0,181171,EUR
2201211055,devices,2026-05,45668,226839,EUR
2201211055,devices,2026-06,20823,247662,EUR
2201211055,devices,2026-07,46030,293692,EUR
2201211055,devices,2026-08,33151,326843,EUR
2201211055,medicines,2024-01,941365,941365,BGN
2201211055,medicines,2024-02,950169,1891535,BGN
2201211055,medicines,2024-03,1001321,2892856,BGN
2201211055,medicines,2024-04,966317,3859173,BGN
2201211055,medicines,2024-05,954641,4813815,BGN
2201211055,medicines,2024-06,1034231,5848046,BGN
2201211055,medicines,2024-07,962575,6810621,BGN
2201211055,medicines,2024-08,937333,7747954,BGN
2201211055,medicines,2024-09,946860,8694813,BGN
2201211055,medicines,2024-10,921525,9616338,BGN
2201211055,medicines,2024-11,852605,10468943,BGN
2201211055,medicines,2024-12,927996,11396939,BGN
2201211055,medicines,2025-01,810966,810966,BGN
2201211055,medicines,2025-02,857956,1668922,BGN
2201211055,medicines,2025-03,858691,2527613,BGN
2201211055,medicines,2025-04,848043,3375656,BGN
2201211055,medicines,2025-05,891546,4267202,BGN
2201211055,medicines,2025-06,898982,5166184,BGN
2201211055,medicines,2025-07,935173,6101357,BGN
2201211055,medicines,2025-08,915664,7017021,BGN
2201211055,medicines,2025-09,1112363,8129383,BGN
2201211055,medicines,2025-10,953438,9082822,BGN
2201211055,medicines,2025-11,990105,10072926,BGN
2201211055,medicines,2025-12,936011,11008937,BGN
2201211055,medicines,2026-01,473398,473398,EUR
2201211055,medicines,2026-02,538920,1012317,EUR
2201211055,medicines,2026-03,474876,1487193,EUR
2201211055,medicines,2026-04,462994,1950188,EUR
2201211055,medicines,2026-05,512975,2463163,EUR
2201211055,medicines,2026-06,473290,2936453,EUR
2201211055,medicines,2026-07,451008,3387461,EUR
2201211055,medicines,2026-08,541708,3929169,EUR
2201211060,care,2024-01,616695,616695,BGN
2201211060,care,2024-02,625551,1242246,BGN
2201211060,care,2024-03,640779,1883025,BGN
2201211060,care,2024-04,1522974,3405999,BGN
2201211060,care,2024-05,859403,4265402,BGN
2201211060,care,2024-06,864977,5130379,BGN
2201211060,care,2024-07,882316,6012695,BGN
2201211060,care,2024-08,900532,6913227,BGN
2201211060,care,2024-09,905588,7818815,BGN
2201211060,care,2024-10,852902,8671717,BGN
2201211060,care,2024-11,975964,9647681,BGN
2201211060,care,2024-12,891878,10539559,BGN
2201211060,care,2025-01,887216,887216,BGN
2201211060,care,2025-02,895500,1782716,BGN
2201211060,care,2025-03,864175,2646891,BGN
2201211060,care,2025-04,903747,3550638,BGN
2201211060,care,2025-05,1805689,5356327,BGN
2201211060,care,2025-06,1385258,6741585,BGN
2201211060,care,2025-07,1000900,7742485,BGN
2201211060,care,2025-08,1214271,8956755,BGN
2201211060,care,2025-09,1178810,10135566,BGN
2201211060,care,2025-10,969301,11104867,BGN
2201211060,care,2025-11,1051199,12156065,BGN
2201211060,care,2025-12,951194,13107259,BGN
2201211060,care,2026-01,550894,550894,EUR
2201211060,care,2026-02,543949,1094843,EUR
2201211060,care,2026-03,535798,1630641,EUR
2201211060,care,2026-04,545594,2176235,EUR
2201211060,care,2026-05,537454,2713688,EUR
2201211060,care,2026-06,539676,3253364,EUR
2201211060,care,2026-07,541428,3794793,EUR
2201211060,care,2026-08,560702,4355494,EUR
2201211060,devices,2024-02,6869,6869,BGN
2201211060,devices,2024-03,4800,11669,BGN
2201211060,devices,2024-04,6869,18538,BGN
2201211060,devices,2024-05,5794,24332,BGN
2201211060,devices,2024-06,2280,26612,BGN
2201211060,devices,2024-07,3600,30212,BGN
2201211060,devices,2024-08,8669,38881,BGN
2201211060,devices,2024-09,3719,42600,BGN
2201211060,devices,2024-10,4414,47014,BGN
2201211060,devices,2024-11,4469,51483,BGN
2201211060,devices,2024-12,1949,53432,BGN
2201211060,devices,2025-01,3360,3360,BGN
2201211060,devices,2025-02,2400,5760,BGN
2201211060,devices,2025-03,2700,8460,BGN
2201211060,devices,2025-04,2280,10740,BGN
2201211060,devices,2025-05,9143,19883,BGN
2201211060,devices,2025-06,2160,22043,BGN
2201211060,devices,2025-07,8468,30510,BGN
2201211060,devices,2025-08,3989,34499,BGN
2201211060,devices,2025-09,21600,56099,BGN
2201211060,devices,2025-10,7995,64094,BGN
2201211060,devices,2025-11,14460,78554,BGN
2201211060,devices,2025-12,0,78554,BGN
2201211060,devices,2026-01,30248,30248,EUR
2201211060,devices,2026-02,14940,45188,EUR
2201211060,devices,2026-03,26536,71724,EUR
2201211060,devices,2026-04,0,71724,EUR
2201211060,devices,2026-05,8498,80222,EUR
2201211060,devices,2026-06,12578,92800,EUR
2201211060,devices,2026-07,6688,99488,EUR
2201211060,devices,2026-08,22579,122066,EUR
2201211063,care,2024-01,852776,852776,BGN
2201211063,care,2024-02,852776,1705552,BGN
2201211063,care,2024-03,852776,2558328,BGN
2201211063,care,2024-04,1587165,4145493,BGN
2201211063,care,2024-05,1156044,5301537,BGN
2201211063,care,2024-06,1158789,6460326,BGN
2201211063,care,2024-07,1181278,7641603,BGN
2201211063,care,2024-08,1165876,8807479,BGN
2201211063,care,2024-09,973070,9780549,BGN
2201211063,care,2024-10,882352,10662901,BGN
2201211063,care,2024-11,1238643,11901544,BGN
2201211063,care,2024-12,1361303,13262846,BGN
2201211063,care,2025-01,1033683,1033683,BGN
2201211063,care,2025-02,1078428,2112111,BGN
2201211063,care,2025-03,1178163,3290274,BGN
2201211063,care,2025-04,1055604,4345877,BGN
2201211063,care,2025-05,1159308,5505185,BGN
2201211063,care,2025-06,1128295,6633481,BGN
2201211063,care,2025-07,1003501,7636982,BGN
2201211063,care,2025-08,1129921,8766903,BGN
2201211063,care,2025-09,1044990,9811893,BGN
2201211063,care,2025-10,952653,10764546,BGN
2201211063,care,2025-11,1184344,11948890,BGN
2201211063,care,2025-12,1108668,13057558,BGN
2201211063,care,2026-01,493414,493414,EUR
2201211063,care,2026-02,446981,940395,EUR
2201211063,care,2026-03,619394,1559789,EUR
2201211063,care,2026-04,545690,2105479,EUR
2201211063,care,2026-05,550720,2656199,EUR
2201211063,care,2026-06,570288,3226486,EUR
2201211063,care,2026-07,624058,3850545,EUR
2201211063,care,2026-08,563072,4413616,EUR
2201211063,devices,2024-02,35640,35640,BGN
2201211063,devices,2024-03,39120,74760,BGN
2201211063,devices,2024-04,36720,111480,BGN
2201211063,devices,2024-05,43980,155460,BGN
2201211063,devices,2024-06,46680,202140,BGN
2201211063,devices,2024-07,40320,242460,BGN
2201211063,devices,2024-08,40320,282780,BGN
2201211063,devices,2024-09,33600,316380,BGN
2201211063,devices,2024-10,11160,327540,BGN
2201211063,devices,2024-11,37080,364620,BGN
2201211063,devices,2024-12,44575,409195,BGN
2201211063,devices,2025-01,40320,40320,BGN
2201211063,devices,2025-02,30840,71160,BGN
2201211063,devices,2025-03,29820,100980,BGN
2201211063,devices,2025-04,38515,139495,BGN
2201211063,devices,2025-05,36780,176275,BGN
2201211063,devices,2025-06,31800,208075,BGN
2201211063,devices,2025-07,36000,244075,BGN
2201211063,devices,2025-08,34620,278695,BGN
2201211063,devices,2025-09,27540,306235,BGN
2201211063,devices,2025-10,10620,316855,BGN
2201211063,devices,2025-11,28080,344935,BGN
2201211063,devices,2025-12,0,344935,BGN
2201211063,devices,2026-01,40678,40678,EUR
2201211063,devices,2026-02,14449,55128,EUR
2201211063,devices,2026-03,35157,90284,EUR
2201211063,devices,2026-04,0,90284,EUR
2201211063,devices,2026-05,16474,106758,EUR
2201211063,devices,2026-06,17762,124520,EUR
2201211063,devices,2026-07,21444,145964,EUR
2201211063,devices,2026-08,20830,166794,EUR
2201211064,care,2024-01,2217601,2217601,BGN
2201211064,care,2024-02,2222515,4440116,BGN
2201211064,care,2024-03,2194057,6634173,BGN
2201211064,care,2024-04,3665455,10299628,BGN
2201211064,care,2024-05,7180016,17479645,BGN
2201211064,care,2024-06,3443931,20923576,BGN
2201211064,care,2024-07,3595078,24518654,BGN
2201211064,care,2024-08,3626506,28145160,BGN
2201211064,care,2024-09,3390809,31535969,BGN
2201211064,care,2024-10,3647208,35183177,BGN
2201211064,care,2024-11,4137035,39320212,BGN
2201211064,care,2024-12,3590591,42910803,BGN
2201211064,care,2025-01,3423865,3423865,BGN
2201211064,care,2025-02,3633526,7057391,BGN
2201211064,care,2025-03,3667534,10724925,BGN
2201211064,care,2025-04,3466466,14191390,BGN
2201211064,care,2025-05,9437277,23628667,BGN
2201211064,care,2025-06,5371299,28999967,BGN
2201211064,care,2025-07,4602772,33602739,BGN
2201211064,care,2025-08,4164445,37767184,BGN
2201211064,care,2025-09,4530951,42298135,BGN
2201211064,care,2025-10,3841602,46139737,BGN
2201211064,care,2025-11,3966463,50106200,BGN
2201211064,care,2025-12,3905267,54011467,BGN
2201211064,care,2026-01,1911172,1911172,EUR
2201211064,care,2026-02,2142076,4053248,EUR
2201211064,care,2026-03,2169072,6222320,EUR
2201211064,care,2026-04,2200983,8423303,EUR
2201211064,care,2026-05,2167205,10590508,EUR
2201211064,care,2026-06,2170988,12761497,EUR
2201211064,care,2026-07,2215693,14977190,EUR
2201211064,care,2026-08,2236966,17214156,EUR
2201211064,devices,2024-02,59370,59370,BGN
2201211064,devices,2024-03,57160,116530,BGN
2201211064,devices,2024-04,57872,174402,BGN
2201211064,devices,2024-05,75343,249745,BGN
2201211064,devices,2024-06,85458,335203,BGN
2201211064,devices,2024-07,60816,396019,BGN
2201211064,devices,2024-08,228501,624520,BGN
2201211064,devices,2024-09,106055,730575,BGN
2201211064,devices,2024-10,122279,852854,BGN
2201211064,devices,2024-11,110203,963057,BGN
2201211064,devices,2024-12,186185,1149242,BGN
2201211064,devices,2025-01,217454,217454,BGN
2201211064,devices,2025-02,112314,329768,BGN
2201211064,devices,2025-03,228110,557878,BGN
2201211064,devices,2025-04,209274,767152,BGN
2201211064,devices,2025-05,226420,993572,BGN
2201211064,devices,2025-06,249600,1243172,BGN
2201211064,devices,2025-07,229458,1472630,BGN
2201211064,devices,2025-08,247171,1719801,BGN
2201211064,devices,2025-09,213776,1933577,BGN
2201211064,devices,2025-10,156271,2089848,BGN
2201211064,devices,2025-11,197314,2287162,BGN
2201211064,devices,2025-12,0,2287162,BGN
2201211064,devices,2026-01,326573,326573,EUR
2201211064,devices,2026-02,108168,434741,EUR
2201211064,devices,2026-03,248878,683620,EUR
2201211064,devices,2026-04,0,683620,EUR
2201211064,devices,2026-05,143486,827106,EUR
2201211064,devices,2026-06,117125,944231,EUR
2201211064,devices,2026-07,118573,1062803,EUR
2201211064,devices,2026-08,130861,1193664,EUR
2201211064,medicines,2024-01,1665373,1665373,BGN
2201211064,medicines,2024-02,1473579,3138952,BGN
2201211064,medicines,2024-03,1869626,5008578,BGN
2201211064,medicines,2024-04,1799430,6808007,BGN
2201211064,medicines,2024-05,1638319,8446326,BGN
2201211064,medicines,2024-06,2137012,10583338,BGN
2201211064,medicines,2024-07,1915119,12498457,BGN
2201211064,medicines,2024-08,1921446,14419903,BGN
2201211064,medicines,2024-09,2001906,16421809,BGN
2201211064,medicines,2024-10,2066260,18488069,BGN
2201211064,medicines,2024-11,1865398,20353467,BGN
2201211064,medicines,2024-12,2085028,22438495,BGN
2201211064,medicines,2025-01,2080068,2080068,BGN
2201211064,medicines,2025-02,1858146,3938214,BGN
2201211064,medicines,2025-03,2259288,6197502,BGN
2201211064,medicines,2025-04,2185024,8382526,BGN
2201211064,medicines,2025-05,2164512,10547038,BGN
2201211064,medicines,2025-06,2477376,13024415,BGN
2201211064,medicines,2025-07,2343169,15367583,BGN
2201211064,medicines,2025-08,2164753,17532336,BGN
2201211064,medicines,2025-09,2703222,20235558,BGN
2201211064,medicines,2025-10,2604758,22840316,BGN
2201211064,medicines,2025-11,2800912,25641228,BGN
2201211064,medicines,2025-12,2843005,28484233,BGN
2201211064,medicines,2026-01,1348059,1348059,EUR
2201211064,medicines,2026-02,1372564,2720622,EUR
2201211064,medicines,2026-03,1335348,4055971,EUR
2201211064,medicines,2026-04,1248236,5304206,EUR
2201211064,medicines,2026-05,1444706,6748912,EUR
2201211064,medicines,2026-06,1587936,8336848,EUR
2201211064,medicines,2026-07,1388547,9725395,EUR
2201211064,medicines,2026-08,1630888,11356283,EUR
2201211067,care,2024-01,7889582,7889582,BGN
2201211067,care,2024-02,8833627,16723209,BGN
2201211067,care,2024-03,8441082,25164291,BGN
2201211067,care,2024-04,9278932,34443223,BGN
2201211067,care,2024-05,9796847,44240070,BGN
2201211067,care,2024-06,8888025,53128095,BGN
2201211067,care,2024-07,9488086,62616181,BGN
2201211067,care,2024-08,9497621,72113801,BGN
2201211067,care,2024-09,9657203,81771004,BGN
2201211067,care,2024-10,9286627,91057631,BGN
2201211067,care,2024-11,9740520,100798151,BGN
2201211067,care,2024-12,9498441,110296592,BGN
2201211067,care,2025-01,9016419,9016419,BGN
2201211067,care,2025-02,9658768,18675188,BGN
2201211067,care,2025-03,9619180,28294368,BGN
2201211067,care,2025-04,9717303,38011671,BGN
2201211067,care,2025-05,11468504,49480175,BGN
2201211067,care,2025-06,11137039,60617214,BGN
2201211067,care,2025-07,10437811,71055025,BGN
2201211067,care,2025-08,10825522,81880547,BGN
2201211067,care,2025-09,10098486,91979034,BGN
2201211067,care,2025-10,8719700,100698733,BGN
2201211067,care,2025-11,10796733,111495466,BGN
2201211067,care,2025-12,9968229,121463695,BGN
2201211067,care,2026-01,5220902,5220902,EUR
2201211067,care,2026-02,5284149,10505052,EUR
2201211067,care,2026-03,5250737,15755788,EUR
2201211067,care,2026-04,5379145,21134933,EUR
2201211067,care,2026-05,5106804,26241737,EUR
2201211067,care,2026-06,5710326,31952063,EUR
2201211067,care,2026-07,5445971,37398035,EUR
2201211067,care,2026-08,5609813,43007848,EUR
2201211067,devices,2024-02,521725,521725,BGN
2201211067,devices,2024-03,524440,1046165,BGN
2201211067,devices,2024-04,467775,1513940,BGN
2201211067,devices,2024-05,665565,2179505,BGN
2201211067,devices,2024-06,618385,2797890,BGN
2201211067,devices,2024-07,368586,3166476,BGN
2201211067,devices,2024-08,621024,3787500,BGN
2201211067,devices,2024-09,589225,4376725,BGN
2201211067,devices,2024-10,501260,4877985,BGN
2201211067,devices,2024-11,367666,5245651,BGN
2201211067,devices,2024-12,607725,5853377,BGN
2201211067,devices,2025-01,638739,638739,BGN
2201211067,devices,2025-02,581986,1220725,BGN
2201211067,devices,2025-03,549392,1770117,BGN
2201211067,devices,2025-04,530527,2300644,BGN
2201211067,devices,2025-05,631210,2931855,BGN
2201211067,devices,2025-06,604204,3536059,BGN
2201211067,devices,2025-07,627893,4163952,BGN
2201211067,devices,2025-08,717334,4881286,BGN
2201211067,devices,2025-09,643441,5524726,BGN
2201211067,devices,2025-10,592276,6117003,BGN
2201211067,devices,2025-11,618585,6735587,BGN
2201211067,devices,2025-12,0,6735587,BGN
2201211067,devices,2026-01,761085,761085,EUR
2201211067,devices,2026-02,377649,1138734,EUR
2201211067,devices,2026-03,650003,1788737,EUR
2201211067,devices,2026-04,0,1788737,EUR
2201211067,devices,2026-05,386247,2174983,EUR
2201211067,devices,2026-06,482561,2657544,EUR
2201211067,devices,2026-07,295550,2953094,EUR
2201211067,devices,2026-08,432959,3386053,EUR
2201211067,medicines,2024-01,6173948,6173948,BGN
2201211067,medicines,2024-02,5804601,11978550,BGN
2201211067,medicines,2024-03,6307986,18286535,BGN
2201211067,medicines,2024-04,6100235,24386770,BGN
2201211067,medicines,2024-05,5997851,30384621,BGN
2201211067,medicines,2024-06,6256219,36640840,BGN
2201211067,medicines,2024-07,6318528,42959368,BGN
2201211067,medicines,2024-08,6126427,49085796,BGN
2201211067,medicines,2024-09,6566810,55652606,BGN
2201211067,medicines,2024-10,6614976,62267582,BGN
2201211067,medicines,2024-11,6280620,68548202,BGN
2201211067,medicines,2024-12,6845179,75393381,BGN
2201211067,medicines,2025-01,6341923,6341923,BGN
2201211067,medicines,2025-02,6398578,12740501,BGN
2201211067,medicines,2025-03,7280134,20020635,BGN
2201211067,medicines,2025-04,6612023,26632658,BGN
2201211067,medicines,2025-05,7072135,33704793,BGN
2201211067,medicines,2025-06,7688048,41392842,BGN
2201211067,medicines,2025-07,7181628,48574470,BGN
2201211067,medicines,2025-08,7382126,55956596,BGN
2201211067,medicines,2025-09,7664767,63621363,BGN
2201211067,medicines,2025-10,7228745,70850108,BGN
2201211067,medicines,2025-11,6830951,77681059,BGN
2201211067,medicines,2025-12,7100882,84781941,BGN
2201211067,medicines,2026-01,3173257,3173257,EUR
2201211067,medicines,2026-02,3155731,6328988,EUR
2201211067,medicines,2026-03,3283223,9612211,EUR
2201211067,medicines,2026-04,3261272,12873482,EUR
2201211067,medicines,2026-05,3440131,16313613,EUR
2201211067,medicines,2026-06,3780500,20094113,EUR
2201211067,medicines,2026-07,3305249,23399363,EUR
2201211067,medicines,2026-08,3798367,27197730,EUR
2201211078,care,2024-01,414799,414799,BGN
2201211078,care,2024-02,459195,873993,BGN
2201211078,care,2024-03,535800,1409793,BGN
2201211078,care,2024-04,496001,1905794,BGN
2201211078,care,2024-05,505216,2411010,BGN
2201211078,care,2024-06,514260,2925270,BGN
2201211078,care,2024-07,505159,3430429,BGN
2201211078,care,2024-08,485918,3916347,BGN
2201211078,care,2024-09,388169,4304517,BGN
2201211078,care,2024-10,402566,4707083,BGN
2201211078,care,2024-11,551655,5258738,BGN
2201211078,care,2024-12,561256,5819994,BGN
2201211078,care,2025-01,391341,391341,BGN
2201211078,care,2025-02,471954,863296,BGN
2201211078,care,2025-03,552742,1416037,BGN
2201211078,care,2025-04,505159,1921196,BGN
2201211078,care,2025-05,518327,2439523,BGN
2201211078,care,2025-06,553557,2993080,BGN
2201211078,care,2025-07,472012,3465092,BGN
2201211078,care,2025-08,467242,3932335,BGN
2201211078,care,2025-09,497991,4430325,BGN
2201211078,care,2025-10,395116,4825441,BGN
2201211078,care,2025-11,518443,5343884,BGN
2201211078,care,2025-12,502477,5846361,BGN
2201211078,care,2026-01,241336,241336,EUR
2201211078,care,2026-02,210941,452277,EUR
2201211078,care,2026-03,238005,690282,EUR
2201211078,care,2026-04,247181,937463,EUR
2201211078,care,2026-05,225165,1162628,EUR
2201211078,care,2026-06,241565,1404193,EUR
2201211078,care,2026-07,227544,1631737,EUR
2201211078,care,2026-08,222089,1853826,EUR
2201211078,devices,2024-02,34080,34080,BGN
2201211078,devices,2024-03,42705,76785,BGN
2201211078,devices,2024-04,36425,113210,BGN
2201211078,devices,2024-05,57175,170385,BGN
2201211078,devices,2024-06,62685,233070,BGN
2201211078,devices,2024-07,37075,270145,BGN
2201211078,devices,2024-08,38140,308285,BGN
2201211078,devices,2024-09,25365,333650,BGN
2201211078,devices,2024-10,16000,349650,BGN
2201211078,devices,2024-11,22125,371775,BGN
2201211078,devices,2024-12,53190,424965,BGN
2201211078,devices,2025-01,43005,43005,BGN
2201211078,devices,2025-02,26985,69990,BGN
2201211078,devices,2025-03,30840,100830,BGN
2201211078,devices,2025-04,49495,150325,BGN
2201211078,devices,2025-05,55065,205390,BGN
2201211078,devices,2025-06,35100,240490,BGN
2201211078,devices,2025-07,44255,284745,BGN
2201211078,devices,2025-08,53990,338735,BGN
2201211078,devices,2025-09,17085,355820,BGN
2201211078,devices,2025-10,23575,379395,BGN
2201211078,devices,2025-11,28130,407525,BGN
2201211078,devices,2025-12,0,407525,BGN
2201211078,devices,2026-01,68125,68125,EUR
2201211078,devices,2026-02,29944,98068,EUR
2201211078,devices,2026-03,40484,138553,EUR
2201211078,devices,2026-04,0,138553,EUR
2201211078,devices,2026-05,19452,158005,EUR
2201211078,devices,2026-06,18401,176406,EUR
2201211078,devices,2026-07,27239,203645,EUR
2201211078,devices,2026-08,25375,229021,EUR
2201211080,care,2024-01,98820,98820,BGN
2201211080,care,2024-02,115020,213840,BGN
2201211080,care,2024-03,114981,328821,BGN
2201211080,care,2024-04,144505,473326,BGN
2201211080,care,2024-05,136096,609422,BGN
2201211080,care,2024-06,123533,732955,BGN
2201211080,care,2024-07,148659,881614,BGN
2201211080,care,2024-08,136096,1017710,BGN
2201211080,care,2024-09,99385,1117095,BGN
2201211080,care,2024-10,120069,1237164,BGN
2201211080,care,2024-11,152123,1389287,BGN
2201211080,care,2024-12,136096,1525383,BGN
2201211080,care,2025-01,119118,119118,BGN
2201211080,care,2025-02,122412,241530,BGN
2201211080,care,2025-03,151605,393135,BGN
2201211080,care,2025-04,136096,529231,BGN
2201211080,care,2025-05,152883,682114,BGN
2201211080,care,2025-06,143110,825224,BGN
2201211080,care,2025-07,161458,986682,BGN
2201211080,care,2025-08,131045,1117727,BGN
2201211080,care,2025-09,49432,1167159,BGN
2201211080,care,2025-10,131045,1298204,BGN
2201211080,care,2025-11,131045,1429249,BGN
2201211080,care,2025-12,131045,1560294,BGN
2201211080,care,2026-01,92599,92599,EUR
2201211080,care,2026-02,74101,166700,EUR
2201211080,care,2026-03,75521,242221,EUR
2201211080,care,2026-04,70461,312682,EUR
2201211080,care,2026-05,70461,383143,EUR
2201211080,care,2026-06,68964,452107,EUR
2201211080,care,2026-07,70461,522568,EUR
2201211080,care,2026-08,70461,593029,EUR
2201211080,devices,2024-02,66420,66420,BGN
2201211080,devices,2024-03,90060,156480,BGN
2201211080,devices,2024-04,93840,250320,BGN
2201211080,devices,2024-05,92880,343200,BGN
2201211080,devices,2024-06,95580,438780,BGN
2201211080,devices,2024-07,66960,505740,BGN
2201211080,devices,2024-08,109570,615310,BGN
2201211080,devices,2024-09,108420,723730,BGN
2201211080,devices,2024-10,29700,753430,BGN
2201211080,devices,2024-11,68580,822010,BGN
2201211080,devices,2024-12,101400,923410,BGN
2201211080,devices,2025-01,98280,98280,BGN
2201211080,devices,2025-02,81540,179820,BGN
2201211080,devices,2025-03,73980,253800,BGN
2201211080,devices,2025-04,100440,354240,BGN
2201211080,devices,2025-05,112860,467100,BGN
2201211080,devices,2025-06,101940,569040,BGN
2201211080,devices,2025-07,102600,671640,BGN
2201211080,devices,2025-08,110700,782340,BGN
2201211080,devices,2025-09,115360,897700,BGN
2201211080,devices,2025-10,20590,918290,BGN
2201211080,devices,2025-11,70690,988980,BGN
2201211080,devices,2025-12,0,988980,BGN
2201211080,devices,2026-01,104835,104835,EUR
2201211080,devices,2026-02,44728,149563,EUR
2201211080,devices,2026-03,87748,237312,EUR
2201211080,devices,2026-04,0,237312,EUR
2201211080,devices,2026-05,65660,302972,EUR
2201211080,devices,2026-06,55496,358468,EUR
2201211080,devices,2026-07,52459,410927,EUR
2201211080,devices,2026-08,50802,461729,EUR
2201211082,care,2024-01,931738,931738,BGN
2201211082,care,2024-02,1041179,1972917,BGN
2201211082,care,2024-03,1034637,3007554,BGN
2201211082,care,2024-04,1250137,4257691,BGN
2201211082,care,2024-05,1189813,5447504,BGN
2201211082,care,2024-06,1141202,6588705,BGN
2201211082,care,2024-07,1234655,7823360,BGN
2201211082,care,2024-08,1233831,9057191,BGN
2201211082,care,2024-09,1238100,10295291,BGN
2201211082,care,2024-10,1132763,11428055,BGN
2201211082,care,2024-11,1248536,12676591,BGN
2201211082,care,2024-12,1221780,13898371,BGN
2201211082,care,2025-01,1136989,1136989,BGN
2201211082,care,2025-02,1096340,2233329,BGN
2201211082,care,2025-03,1233957,3467286,BGN
2201211082,care,2025-04,1162324,4629610,BGN
2201211082,care,2025-05,1126984,5756594,BGN
2201211082,care,2025-06,1106272,6862867,BGN
2201211082,care,2025-07,764517,7627384,BGN
2201211082,care,2025-08,734625,8362009,BGN
2201211082,care,2025-09,725881,9087890,BGN
2201211082,care,2025-10,639689,9727579,BGN
2201211082,care,2025-11,736544,10464122,BGN
2201211082,care,2025-12,820864,11284986,BGN
2201211082,care,2026-01,408700,408700,EUR
2201211082,care,2026-02,356185,764884,EUR
2201211082,care,2026-03,394976,1159860,EUR
2201211082,care,2026-04,437813,1597674,EUR
2201211082,care,2026-05,485007,2082681,EUR
2201211082,care,2026-06,437449,2520130,EUR
2201211082,care,2026-07,529889,3050019,EUR
2201211082,care,2026-08,519302,3569321,EUR
2201211082,devices,2024-02,107699,107699,BGN
2201211082,devices,2024-03,95850,203549,BGN
2201211082,devices,2024-04,128690,332239,BGN
2201211082,devices,2024-05,104505,436744,BGN
2201211082,devices,2024-06,148390,585134,BGN
2201211082,devices,2024-07,111195,696329,BGN
2201211082,devices,2024-08,118310,814639,BGN
2201211082,devices,2024-09,107440,922079,BGN
2201211082,devices,2024-10,94199,1016278,BGN
2201211082,devices,2024-11,93900,1110178,BGN
2201211082,devices,2024-12,138575,1248753,BGN
2201211082,devices,2025-01,155710,155710,BGN
2201211082,devices,2025-02,135885,291595,BGN
2201211082,devices,2025-03,98010,389605,BGN
2201211082,devices,2025-04,139379,528984,BGN
2201211082,devices,2025-05,88380,617364,BGN
2201211082,devices,2025-06,87895,705259,BGN
2201211082,devices,2025-07,146455,851714,BGN
2201211082,devices,2025-08,3780,855494,BGN
2201211082,devices,2025-09,0,855494,BGN
2201211082,devices,2025-10,0,855494,BGN
2201211082,devices,2025-11,0,855494,BGN
2201211082,devices,2025-12,0,855494,BGN
2201211082,devices,2026-01,21812,21812,EUR
2201211082,devices,2026-02,12606,34418,EUR
2201211082,devices,2026-03,14357,48775,EUR
2201211082,devices,2026-04,0,48775,EUR
2201211082,devices,2026-05,6532,55307,EUR
2201211082,devices,2026-06,8283,63590,EUR
2201211082,devices,2026-07,5246,68835,EUR
2201211082,devices,2026-08,8370,77205,EUR
2201211082,medicines,2024-01,4313908,4313908,BGN
2201211082,medicines,2024-02,4031399,8345306,BGN
2201211082,medicines,2024-03,4203465,12548771,BGN
2201211082,medicines,2024-04,3897157,16445928,BGN
2201211082,medicines,2024-05,4089343,20535271,BGN
2201211082,medicines,2024-06,4031077,24566348,BGN
2201211082,medicines,2024-07,4116169,28682517,BGN
2201211082,medicines,2024-08,4025681,32708198,BGN
2201211082,medicines,2024-09,3968121,36676319,BGN
2201211082,medicines,2024-10,4469013,41145332,BGN
2201211082,medicines,2024-11,3646030,44791361,BGN
2201211082,medicines,2024-12,4031748,48823110,BGN
2201211082,medicines,2025-01,3856512,3856512,BGN
2201211082,medicines,2025-02,3620829,7477341,BGN
2201211082,medicines,2025-03,3877027,11354368,BGN
2201211082,medicines,2025-04,3443078,14797446,BGN
2201211082,medicines,2025-05,3553401,18350847,BGN
2201211082,medicines,2025-06,3555348,21906195,BGN
2201211082,medicines,2025-07,3376417,25282612,BGN
2201211082,medicines,2025-08,3796805,29079417,BGN
2201211082,medicines,2025-09,3822776,32902193,BGN
2201211082,medicines,2025-10,3836902,36739094,BGN
2201211082,medicines,2025-11,3494580,40233674,BGN
2201211082,medicines,2025-12,3939336,44173010,BGN
2201211082,medicines,2026-01,1825549,1825549,EUR
2201211082,medicines,2026-02,1718397,3543946,EUR
2201211082,medicines,2026-03,1468620,5012567,EUR
2201211082,medicines,2026-04,1437208,6449774,EUR
2201211082,medicines,2026-05,1574278,8024052,EUR
2201211082,medicines,2026-06,1551782,9575835,EUR
2201211082,medicines,2026-07,1479209,11055043,EUR
2201211082,medicines,2026-08,1652889,12707932,EUR
2201211083,care,2024-01,2525260,2525260,BGN
2201211083,care,2024-02,2537296,5062556,BGN
2201211083,care,2024-03,2846379,7908936,BGN
2201211083,care,2024-04,3042786,10951722,BGN
2201211083,care,2024-05,2903242,13854964,BGN
2201211083,care,2024-06,2773692,16628656,BGN
2201211083,care,2024-07,3026833,19655489,BGN
2201211083,care,2024-08,2899942,22555431,BGN
2201211083,care,2024-09,2764014,25319445,BGN
2201211083,care,2024-10,2892031,28211476,BGN
2201211083,care,2024-11,3050534,31262010,BGN
2201211083,care,2024-12,2906767,34168777,BGN
2201211083,care,2025-01,2863367,2863367,BGN
2201211083,care,2025-02,2957942,5821309,BGN
2201211083,care,2025-03,2890892,8712201,BGN
2201211083,care,2025-04,2903821,11616022,BGN
2201211083,care,2025-05,4737542,16353564,BGN
2201211083,care,2025-06,3416506,19770069,BGN
2201211083,care,2025-07,3199172,22969241,BGN
2201211083,care,2025-08,3262107,26231348,BGN
2201211083,care,2025-09,2671411,28902759,BGN
2201211083,care,2025-10,2550694,31453453,BGN
2201211083,care,2025-11,3364499,34817952,BGN
2201211083,care,2025-12,3504573,38322525,BGN
2201211083,care,2026-01,1608504,1608504,EUR
2201211083,care,2026-02,1599325,3207829,EUR
2201211083,care,2026-03,1634039,4841867,EUR
2201211083,care,2026-04,1595856,6437723,EUR
2201211083,care,2026-05,1594230,8031953,EUR
2201211083,care,2026-06,1596701,9628654,EUR
2201211083,care,2026-07,1699743,11328396,EUR
2201211083,care,2026-08,1563644,12892040,EUR
2201211083,devices,2024-02,163226,163226,BGN
2201211083,devices,2024-03,82759,245986,BGN
2201211083,devices,2024-04,126124,372110,BGN
2201211083,devices,2024-05,215549,587659,BGN
2201211083,devices,2024-06,137632,725291,BGN
2201211083,devices,2024-07,112691,837983,BGN
2201211083,devices,2024-08,124631,962613,BGN
2201211083,devices,2024-09,181505,1144118,BGN
2201211083,devices,2024-10,140197,1284315,BGN
2201211083,devices,2024-11,120016,1404331,BGN
2201211083,devices,2024-12,196872,1601204,BGN
2201211083,devices,2025-01,295970,295970,BGN
2201211083,devices,2025-02,233570,529540,BGN
2201211083,devices,2025-03,228995,758535,BGN
2201211083,devices,2025-04,156535,915069,BGN
2201211083,devices,2025-05,169813,1084882,BGN
2201211083,devices,2025-06,262695,1347577,BGN
2201211083,devices,2025-07,199540,1547118,BGN
2201211083,devices,2025-08,262038,1809155,BGN
2201211083,devices,2025-09,152240,1961395,BGN
2201211083,devices,2025-10,201235,2162630,BGN
2201211083,devices,2025-11,132744,2295374,BGN
2201211083,devices,2025-12,0,2295374,BGN
2201211083,devices,2026-01,181085,181085,EUR
2201211083,devices,2026-02,164294,345379,EUR
2201211083,devices,2026-03,233256,578635,EUR
2201211083,devices,2026-04,0,578635,EUR
2201211083,devices,2026-05,103483,682118,EUR
2201211083,devices,2026-06,251544,933662,EUR
2201211083,devices,2026-07,138606,1072268,EUR
2201211083,devices,2026-08,105358,1177627,EUR
2201211084,care,2024-01,144661,144661,BGN
2201211084,care,2024-02,152471,297132,BGN
2201211084,care,2024-03,148566,445698,BGN
2201211084,care,2024-04,360628,806326,BGN
2201211084,care,2024-05,179004,985330,BGN
2201211084,care,2024-06,179004,1164334,BGN
2201211084,care,2024-07,179004,1343338,BGN
2201211084,care,2024-08,179004,1522342,BGN
2201211084,care,2024-09,179004,1701346,BGN
2201211084,care,2024-10,179004,1880350,BGN
2201211084,care,2024-11,263765,2144115,BGN
2201211084,care,2024-12,246564,2390679,BGN
2201211084,care,2025-01,179003,179003,BGN
2201211084,care,2025-02,235304,414307,BGN
2201211084,care,2025-03,280344,694651,BGN
2201211084,care,2025-04,190263,884914,BGN
2201211084,care,2025-05,1053595,1938510,BGN
2201211084,care,2025-06,375668,2314177,BGN
2201211084,care,2025-07,325540,2639717,BGN
2201211084,care,2025-08,316741,2956458,BGN
2201211084,care,2025-09,197061,3153519,BGN
2201211084,care,2025-10,219986,3373505,BGN
2201211084,care,2025-11,265026,3638532,BGN
2201211084,care,2025-12,253766,3892298,BGN
2201211084,care,2026-01,122469,122469,EUR
2201211084,care,2026-02,104120,226589,EUR
2201211084,care,2026-03,164498,391087,EUR
2201211084,care,2026-04,143950,535037,EUR
2201211084,care,2026-05,143950,678987,EUR
2201211084,care,2026-06,178493,857480,EUR
2201211084,care,2026-07,143950,1001430,EUR
2201211084,care,2026-08,118052,1119482,EUR
2201211085,care,2024-01,149002,149002,BGN
2201211085,care,2024-02,138364,287366,BGN
2201211085,care,2024-03,149880,437245,BGN
2201211085,care,2024-04,153722,590967,BGN
2201211085,care,2024-05,161364,752331,BGN
2201211085,care,2024-06,161580,913911,BGN
2201211085,care,2024-07,168930,1082841,BGN
2201211085,care,2024-08,161399,1244240,BGN
2201211085,care,2024-09,161399,1405639,BGN
2201211085,care,2024-10,151489,1557129,BGN
2201211085,care,2024-11,160344,1717473,BGN
2201211085,care,2024-12,159524,1876997,BGN
2201211085,care,2025-01,161399,161399,BGN
2201211085,care,2025-02,160301,321700,BGN
2201211085,care,2025-03,162497,484197,BGN
2201211085,care,2025-04,155501,639698,BGN
2201211085,care,2025-05,163974,803672,BGN
2201211085,care,2025-06,148836,952509,BGN
2201211085,care,2025-07,161885,1114394,BGN
2201211085,care,2025-08,136616,1251010,BGN
2201211085,care,2025-09,134761,1385770,BGN
2201211085,care,2025-10,156455,1542225,BGN
2201211085,care,2025-11,162713,1704939,BGN
2201211085,care,2025-12,135871,1840809,BGN
2201211085,care,2026-01,72291,72291,EUR
2201211085,care,2026-02,55887,128178,EUR
2201211085,care,2026-03,73941,202119,EUR
2201211085,care,2026-04,80123,282241,EUR
2201211085,care,2026-05,78433,360674,EUR
2201211085,care,2026-06,78433,439107,EUR
2201211085,care,2026-07,78433,517540,EUR
2201211085,care,2026-08,77426,594966,EUR
2201211091,care,2024-01,6912565,6912565,BGN
2201211091,care,2024-02,6920827,13833392,BGN
2201211091,care,2024-03,6907651,20741043,BGN
2201211091,care,2024-04,15965933,36706976,BGN
2201211091,care,2024-05,10278772,46985747,BGN
2201211091,care,2024-06,10090634,57076381,BGN
2201211091,care,2024-07,10171660,67248041,BGN
2201211091,care,2024-08,10290421,77538462,BGN
2201211091,care,2024-09,10447207,87985669,BGN
2201211091,care,2024-10,10162092,98147761,BGN
2201211091,care,2024-11,11849378,109997139,BGN
2201211091,care,2024-12,10280026,120277165,BGN
2201211091,care,2025-01,9956870,9956870,BGN
2201211091,care,2025-02,10689017,20645886,BGN
2201211091,care,2025-03,10696210,31342096,BGN
2201211091,care,2025-04,10710261,42052357,BGN
2201211091,care,2025-05,25158057,67210415,BGN
2201211091,care,2025-06,15640369,82850783,BGN
2201211091,care,2025-07,13481439,96332222,BGN
2201211091,care,2025-08,12215578,108547800,BGN
2201211091,care,2025-09,12096149,120643949,BGN
2201211091,care,2025-10,12179320,132823270,BGN
2201211091,care,2025-11,14672126,147495396,BGN
2201211091,care,2025-12,13708667,161204062,BGN
2201211091,care,2026-01,6783114,6783114,EUR
2201211091,care,2026-02,7057018,13840132,EUR
2201211091,care,2026-03,7297208,21137340,EUR
2201211091,care,2026-04,7820039,28957380,EUR
2201211091,care,2026-05,7700283,36657663,EUR
2201211091,care,2026-06,7721161,44378824,EUR
2201211091,care,2026-07,7080356,51459180,EUR
2201211091,care,2026-08,6912961,58372141,EUR
2201211091,devices,2024-02,134375,134375,BGN
2201211091,devices,2024-03,238075,372450,BGN
2201211091,devices,2024-04,246955,619405,BGN
2201211091,devices,2024-05,227647,847052,BGN
2201211091,devices,2024-06,180411,1027463,BGN
2201211091,devices,2024-07,268212,1295675,BGN
2201211091,devices,2024-08,218712,1514387,BGN
2201211091,devices,2024-09,188399,1702786,BGN
2201211091,devices,2024-10,151832,1854618,BGN
2201211091,devices,2024-11,140031,1994649,BGN
2201211091,devices,2024-12,216719,2211368,BGN
2201211091,devices,2025-01,230496,230496,BGN
2201211091,devices,2025-02,226491,456987,BGN
2201211091,devices,2025-03,147447,604434,BGN
2201211091,devices,2025-04,190851,795285,BGN
2201211091,devices,2025-05,218694,1013979,BGN
2201211091,devices,2025-06,201835,1215814,BGN
2201211091,devices,2025-07,201199,1417013,BGN
2201211091,devices,2025-08,236582,1653595,BGN
2201211091,devices,2025-09,279006,1932601,BGN
2201211091,devices,2025-10,343236,2275837,BGN
2201211091,devices,2025-11,297843,2573680,BGN
2201211091,devices,2025-12,0,2573680,BGN
2201211091,devices,2026-01,492382,492382,EUR
2201211091,devices,2026-02,251831,744213,EUR
2201211091,devices,2026-03,366916,1111129,EUR
2201211091,devices,2026-04,0,1111129,EUR
2201211091,devices,2026-05,206890,1318020,EUR
2201211091,devices,2026-06,245729,1563748,EUR
2201211091,devices,2026-07,165107,1728855,EUR
2201211091,devices,2026-08,244233,1973089,EUR
2201211091,medicines,2024-01,3315181,3315181,BGN
2201211091,medicines,2024-02,3295041,6610222,BGN
2201211091,medicines,2024-03,3324365,9934587,BGN
2201211091,medicines,2024-04,3377122,13311709,BGN
2201211091,medicines,2024-05,3518426,16830135,BGN
2201211091,medicines,2024-06,3909859,20739994,BGN
2201211091,medicines,2024-07,3684544,24424538,BGN
2201211091,medicines,2024-08,3776166,28200704,BGN
2201211091,medicines,2024-09,3906501,32107205,BGN
2201211091,medicines,2024-10,3952343,36059548,BGN
2201211091,medicines,2024-11,3680596,39740144,BGN
2201211091,medicines,2024-12,4007546,43747690,BGN
2201211091,medicines,2025-01,3644152,3644152,BGN
2201211091,medicines,2025-02,3939471,7583623,BGN
2201211091,medicines,2025-03,4066235,11649858,BGN
2201211091,medicines,2025-04,3789091,15438949,BGN
2201211091,medicines,2025-05,4176829,19615778,BGN
2201211091,medicines,2025-06,4562594,24178372,BGN
2201211091,medicines,2025-07,4622057,28800428,BGN
2201211091,medicines,2025-08,4530564,33330992,BGN
2201211091,medicines,2025-09,5115475,38446468,BGN
2201211091,medicines,2025-10,4967618,43414085,BGN
2201211091,medicines,2025-11,4719265,48133350,BGN
2201211091,medicines,2025-12,5105062,53238412,BGN
2201211091,medicines,2026-01,2596480,2596480,EUR
2201211091,medicines,2026-02,2701008,5297488,EUR
2201211091,medicines,2026-03,2621082,7918570,EUR
2201211091,medicines,2026-04,2381426,10299996,EUR
2201211091,medicines,2026-05,2752489,13052485,EUR
2201211091,medicines,2026-06,2921237,15973721,EUR
2201211091,medicines,2026-07,2688428,18662150,EUR
2201211091,medicines,2026-08,2885627,21547776,EUR
2201211093,care,2024-01,4702838,4702838,BGN
2201211093,care,2024-02,5270791,9973629,BGN
2201211093,care,2024-03,5619405,15593034,BGN
2201211093,care,2024-04,5595772,21188806,BGN
2201211093,care,2024-05,5692263,26881069,BGN
2201211093,care,2024-06,5236653,32117722,BGN
2201211093,care,2024-07,5546433,37664155,BGN
2201211093,care,2024-08,5312359,42976514,BGN
2201211093,care,2024-09,5411573,48388087,BGN
2201211093,care,2024-10,5283549,53671636,BGN
2201211093,care,2024-11,5693354,59364990,BGN
2201211093,care,2024-12,5520847,64885837,BGN
2201211093,care,2025-01,5030677,5030677,BGN
2201211093,care,2025-02,5171194,10201871,BGN
2201211093,care,2025-03,5910640,16112511,BGN
2201211093,care,2025-04,5454959,21567471,BGN
2201211093,care,2025-05,5581787,27149258,BGN
2201211093,care,2025-06,5340962,32490220,BGN
2201211093,care,2025-07,6537321,39027541,BGN
2201211093,care,2025-08,6007518,45035059,BGN
2201211093,care,2025-09,5737208,50772267,BGN
2201211093,care,2025-10,5681336,56453603,BGN
2201211093,care,2025-11,5848426,62302029,BGN
2201211093,care,2025-12,5784123,68086152,BGN
2201211093,care,2026-01,3202718,3202718,EUR
2201211093,care,2026-02,3233578,6436296,EUR
2201211093,care,2026-03,3759407,10195703,EUR
2201211093,care,2026-04,3934361,14130064,EUR
2201211093,care,2026-05,3700698,17830762,EUR
2201211093,care,2026-06,3715572,21546334,EUR
2201211093,care,2026-07,3777483,25323817,EUR
2201211093,care,2026-08,3601248,28925065,EUR
2201211093,devices,2024-02,336446,336446,BGN
2201211093,devices,2024-03,735097,1071543,BGN
2201211093,devices,2024-04,304345,1375888,BGN
2201211093,devices,2024-05,343839,1719727,BGN
2201211093,devices,2024-06,240259,1959985,BGN
2201211093,devices,2024-07,284710,2244695,BGN
2201211093,devices,2024-08,453573,2698268,BGN
2201211093,devices,2024-09,260217,2958484,BGN
2201211093,devices,2024-10,276370,3234854,BGN
2201211093,devices,2024-11,232628,3467482,BGN
2201211093,devices,2024-12,526726,3994208,BGN
2201211093,devices,2025-01,333632,333632,BGN
2201211093,devices,2025-02,635279,968910,BGN
2201211093,devices,2025-03,362085,1330995,BGN
2201211093,devices,2025-04,382560,1713555,BGN
2201211093,devices,2025-05,493946,2207501,BGN
2201211093,devices,2025-06,248961,2456462,BGN
2201211093,devices,2025-07,161817,2618279,BGN
2201211093,devices,2025-08,379523,2997802,BGN
2201211093,devices,2025-09,350938,3348739,BGN
2201211093,devices,2025-10,372873,3721613,BGN
2201211093,devices,2025-11,408804,4130416,BGN
2201211093,devices,2025-12,0,4130416,BGN
2201211093,devices,2026-01,513561,513561,EUR
2201211093,devices,2026-02,354713,868274,EUR
2201211093,devices,2026-03,954688,1822962,EUR
2201211093,devices,2026-04,0,1822962,EUR
2201211093,devices,2026-05,569219,2392181,EUR
2201211093,devices,2026-06,475421,2867602,EUR
2201211093,devices,2026-07,454433,3322034,EUR
2201211093,devices,2026-08,491236,3813270,EUR
2201211093,medicines,2024-01,3346536,3346536,BGN
2201211093,medicines,2024-02,2968492,6315028,BGN
2201211093,medicines,2024-03,3827857,10142885,BGN
2201211093,medicines,2024-04,3613423,13756308,BGN
2201211093,medicines,2024-05,3451899,17208207,BGN
2201211093,medicines,2024-06,4236029,21444236,BGN
2201211093,medicines,2024-07,3833476,25277712,BGN
2201211093,medicines,2024-08,3988788,29266501,BGN
2201211093,medicines,2024-09,4251335,33517836,BGN
2201211093,medicines,2024-10,4320339,37838175,BGN
2201211093,medicines,2024-11,3840380,41678554,BGN
2201211093,medicines,2024-12,4521110,46199665,BGN
2201211093,medicines,2025-01,4279529,4279529,BGN
2201211093,medicines,2025-02,3598254,7877783,BGN
2201211093,medicines,2025-03,4692354,12570137,BGN
2201211093,medicines,2025-04,3869496,16439634,BGN
2201211093,medicines,2025-05,4137624,20577258,BGN
2201211093,medicines,2025-06,4591996,25169254,BGN
2201211093,medicines,2025-07,4626046,29795300,BGN
2201211093,medicines,2025-08,4091539,33886839,BGN
2201211093,medicines,2025-09,4513836,38400675,BGN
2201211093,medicines,2025-10,4513017,42913692,BGN
2201211093,medicines,2025-11,4212870,47126562,BGN
2201211093,medicines,2025-12,4480718,51607280,BGN
2201211093,medicines,2026-01,2146579,2146579,EUR
2201211093,medicines,2026-02,1995190,4141769,EUR
2201211093,medicines,2026-03,2304859,6446628,EUR
2201211093,medicines,2026-04,2050613,8497240,EUR
2201211093,medicines,2026-05,1997064,10494304,EUR
2201211093,medicines,2026-06,2394452,12888756,EUR
2201211093,medicines,2026-07,1985749,14874505,EUR
2201211093,medicines,2026-08,2166860,17041365,EUR
2201211094,care,2024-01,1210990,1210990,BGN
2201211094,care,2024-02,1194844,2405834,BGN
2201211094,care,2024-03,1176970,3582804,BGN
2201211094,care,2024-04,1878985,5461789,BGN
2201211094,care,2024-05,1544504,7006293,BGN
2201211094,care,2024-06,1556046,8562339,BGN
2201211094,care,2024-07,1564086,10126426,BGN
2201211094,care,2024-08,1575370,11701796,BGN
2201211094,care,2024-09,1547612,13249408,BGN
2201211094,care,2024-10,1353512,14602920,BGN
2201211094,care,2024-11,1583925,16186844,BGN
2201211094,care,2024-12,1382108,17568952,BGN
2201211094,care,2025-01,1391587,1391587,BGN
2201211094,care,2025-02,1496656,2888242,BGN
2201211094,care,2025-03,1480959,4369201,BGN
2201211094,care,2025-04,1482751,5851952,BGN
2201211094,care,2025-05,1429267,7281219,BGN
2201211094,care,2025-06,1607819,8889038,BGN
2201211094,care,2025-07,1608821,10497859,BGN
2201211094,care,2025-08,1543940,12041799,BGN
2201211094,care,2025-09,1588475,13630274,BGN
2201211094,care,2025-10,1467136,15097410,BGN
2201211094,care,2025-11,1626743,16724154,BGN
2201211094,care,2025-12,1541571,18265725,BGN
2201211094,care,2026-01,872268,872268,EUR
2201211094,care,2026-02,723963,1596231,EUR
2201211094,care,2026-03,763195,2359426,EUR
2201211094,care,2026-04,866501,3225927,EUR
2201211094,care,2026-05,766380,3992307,EUR
2201211094,care,2026-06,818374,4810682,EUR
2201211094,care,2026-07,857038,5667719,EUR
2201211094,care,2026-08,867447,6535166,EUR
2201211094,devices,2024-02,4230,4230,BGN
2201211094,devices,2024-03,3864,8094,BGN
2201211094,devices,2024-04,732,8826,BGN
2201211094,devices,2024-05,366,9192,BGN
2201211094,devices,2024-06,3498,12690,BGN
2201211094,devices,2024-07,4230,16920,BGN
2201211094,devices,2024-08,1932,18852,BGN
2201211094,devices,2024-09,3396,22248,BGN
2201211094,devices,2024-10,5064,27312,BGN
2201211094,devices,2024-11,2664,29976,BGN
2201211094,devices,2024-12,2298,32274,BGN
2201211094,devices,2025-01,1932,1932,BGN
2201211094,devices,2025-02,2298,4230,BGN
2201211094,devices,2025-03,366,4596,BGN
2201211094,devices,2025-04,1098,5694,BGN
2201211094,devices,2025-05,2400,8094,BGN
2201211094,devices,2025-06,732,8826,BGN
2201211094,devices,2025-07,732,9558,BGN
2201211094,devices,2025-08,1878,11436,BGN
2201211094,devices,2025-09,1098,12534,BGN
2201211094,devices,2025-10,732,13266,BGN
2201211094,devices,2025-11,1932,15198,BGN
2201211094,devices,2025-12,0,15198,BGN
2201211094,devices,2026-01,2589,2589,EUR
2201211094,devices,2026-02,1788,4378,EUR
2201211094,devices,2026-03,1976,6353,EUR
2201211094,devices,2026-04,0,6353,EUR
2201211094,devices,2026-05,374,6728,EUR
2201211094,devices,2026-06,1549,8277,EUR
2201211094,devices,2026-07,374,8651,EUR
2201211094,devices,2026-08,0,8651,EUR
2201211094,medicines,2024-01,3319613,3319613,BGN
2201211094,medicines,2024-02,3159698,6479312,BGN
2201211094,medicines,2024-03,3852903,10332214,BGN
2201211094,medicines,2024-04,3628588,13960802,BGN
2201211094,medicines,2024-05,3389167,17349969,BGN
2201211094,medicines,2024-06,3605755,20955724,BGN
2201211094,medicines,2024-07,3819470,24775194,BGN
2201211094,medicines,2024-08,3895067,28670261,BGN
2201211094,medicines,2024-09,4183838,32854099,BGN
2201211094,medicines,2024-10,4326073,37180172,BGN
2201211094,medicines,2024-11,3928697,41108869,BGN
2201211094,medicines,2024-12,4436147,45545016,BGN
2201211094,medicines,2025-01,4186065,4186065,BGN
2201211094,medicines,2025-02,3979851,8165916,BGN
2201211094,medicines,2025-03,4601451,12767367,BGN
2201211094,medicines,2025-04,4014223,16781591,BGN
2201211094,medicines,2025-05,4317350,21098941,BGN
2201211094,medicines,2025-06,4819214,25918155,BGN
2201211094,medicines,2025-07,4468673,30386829,BGN
2201211094,medicines,2025-08,4638409,35025238,BGN
2201211094,medicines,2025-09,5113226,40138464,BGN
2201211094,medicines,2025-10,4675621,44814086,BGN
2201211094,medicines,2025-11,4718593,49532679,BGN
2201211094,medicines,2025-12,5252922,54785601,BGN
2201211094,medicines,2026-01,2431960,2431960,EUR
2201211094,medicines,2026-02,2233459,4665419,EUR
2201211094,medicines,2026-03,2487722,7153141,EUR
2201211094,medicines,2026-04,2432983,9586124,EUR
2201211094,medicines,2026-05,2635311,12221435,EUR
2201211094,medicines,2026-06,2732362,14953797,EUR
2201211094,medicines,2026-07,2497677,17451474,EUR
2201211094,medicines,2026-08,2778101,20229575,EUR
2201211096,care,2024-05,1189632,1189632,BGN
2201211096,care,2024-06,148508,1338140,BGN
2201211096,care,2024-07,148508,1486648,BGN
2201211096,care,2024-08,148508,1635156,BGN
2201211096,care,2024-09,148508,1783664,BGN
2201211096,care,2024-10,148508,1932172,BGN
2201211096,care,2024-11,166054,2098226,BGN
2201211096,care,2024-12,148508,2246734,BGN
2201211096,care,2025-01,148508,148508,BGN
2201211096,care,2025-02,148508,297016,BGN
2201211096,care,2025-03,148508,445524,BGN
2201211096,care,2025-04,148508,594032,BGN
2201211096,care,2025-05,701827,1295859,BGN
2201211096,care,2025-06,251758,1547617,BGN
2201211096,care,2025-07,228100,1775716,BGN
2201211096,care,2025-08,161106,1936823,BGN
2201211096,care,2025-09,110338,2047161,BGN
2201211096,care,2025-10,117592,2164753,BGN
2201211096,care,2025-11,283615,2448369,BGN
2201211096,care,2025-12,242024,2690393,BGN
2201211096,care,2026-01,109077,109077,EUR
2201211096,care,2026-02,102829,211906,EUR
2201211096,care,2026-03,102829,314735,EUR
2201211096,care,2026-04,102829,417564,EUR
2201211096,care,2026-05,102829,520393,EUR
2201211096,care,2026-06,102829,623222,EUR
2201211096,care,2026-07,102829,726051,EUR
2201211096,care,2026-08,102829,828880,EUR
2201211096,devices,2026-01,16361,16361,EUR
2201211096,devices,2026-02,16361,32723,EUR
2201211096,devices,2026-03,0,32723,EUR
2201211096,devices,2026-04,0,32723,EUR
2201211096,devices,2026-05,0,32723,EUR
2201211096,devices,2026-06,0,32723,EUR
2201211096,devices,2026-07,0,32723,EUR
2201211096,devices,2026-08,0,32723,EUR
2201211097,care,2024-01,439050,439050,BGN
2201211097,care,2024-02,447984,887034,BGN
2201211097,care,2024-03,447567,1334601,BGN
2201211097,care,2024-04,587597,1922198,BGN
2201211097,care,2024-05,490938,2413136,BGN
2201211097,care,2024-06,490938,2904074,BGN
2201211097,care,2024-07,490938,3395012,BGN
2201211097,care,2024-08,490938,3885950,BGN
2201211097,care,2024-09,490938,4376888,BGN
2201211097,care,2024-10,490938,4867826,BGN
2201211097,care,2024-11,535704,5403530,BGN
2201211097,care,2024-12,490938,5894468,BGN
2201211097,care,2025-01,490938,490938,BGN
2201211097,care,2025-02,490938,981876,BGN
2201211097,care,2025-03,490938,1472814,BGN
2201211097,care,2025-04,490938,1963752,BGN
2201211097,care,2025-05,853580,2817332,BGN
2201211097,care,2025-06,539589,3356921,BGN
2201211097,care,2025-07,523064,3879985,BGN
2201211097,care,2025-08,469621,4349606,BGN
2201211097,care,2025-09,500529,4850135,BGN
2201211097,care,2025-10,427992,5278127,BGN
2201211097,care,2025-11,500454,5778581,BGN
2201211097,care,2025-12,538399,6316980,BGN
2201211097,care,2026-01,270901,270901,EUR
2201211097,care,2026-02,252265,523165,EUR
2201211097,care,2026-03,283734,806899,EUR
2201211097,care,2026-04,261265,1068164,EUR
2201211097,care,2026-05,261265,1329429,EUR
2201211097,care,2026-06,261265,1590694,EUR
2201211097,care,2026-07,296391,1887086,EUR
2201211097,care,2026-08,269695,2156781,EUR
2201211109,care,2024-01,2302302,2302302,BGN
2201211109,care,2024-02,2284579,4586880,BGN
2201211109,care,2024-03,2272224,6859104,BGN
2201211109,care,2024-04,3385783,10244887,BGN
2201211109,care,2024-05,2625286,12870173,BGN
2201211109,care,2024-06,2452805,15322978,BGN
2201211109,care,2024-07,2480436,17803414,BGN
2201211109,care,2024-08,2556943,20360358,BGN
2201211109,care,2024-09,2440112,22800470,BGN
2201211109,care,2024-10,2235256,25035726,BGN
2201211109,care,2024-11,2900739,27936465,BGN
2201211109,care,2024-12,2998226,30934690,BGN
2201211109,care,2025-01,2503849,2503849,BGN
2201211109,care,2025-02,2802235,5306083,BGN
2201211109,care,2025-03,2725632,8031715,BGN
2201211109,care,2025-04,2722910,10754624,BGN
2201211109,care,2025-05,2714436,13469060,BGN
2201211109,care,2025-06,2877756,16346817,BGN
2201211109,care,2025-07,2825139,19171956,BGN
2201211109,care,2025-08,3009496,22181452,BGN
2201211109,care,2025-09,2620916,24802368,BGN
2201211109,care,2025-10,2573635,27376003,BGN
2201211109,care,2025-11,2849757,30225760,BGN
2201211109,care,2025-12,2714257,32940017,BGN
2201211109,care,2026-01,1593914,1593914,EUR
2201211109,care,2026-02,1461477,3055390,EUR
2201211109,care,2026-03,1460026,4515417,EUR
2201211109,care,2026-04,1460151,5975567,EUR
2201211109,care,2026-05,1443770,7419337,EUR
2201211109,care,2026-06,1468343,8887680,EUR
2201211109,care,2026-07,1461862,10349542,EUR
2201211109,care,2026-08,1465222,11814764,EUR
2201211109,devices,2024-02,12321,12321,BGN
2201211109,devices,2024-03,33738,46059,BGN
2201211109,devices,2024-04,12473,58532,BGN
2201211109,devices,2024-05,17513,76045,BGN
2201211109,devices,2024-06,14957,91002,BGN
2201211109,devices,2024-07,6057,97059,BGN
2201211109,devices,2024-08,12888,109946,BGN
2201211109,devices,2024-09,20085,130031,BGN
2201211109,devices,2024-10,17030,147061,BGN
2201211109,devices,2024-11,21754,168815,BGN
2201211109,devices,2024-12,17739,186554,BGN
2201211109,devices,2025-01,64365,64365,BGN
2201211109,devices,2025-02,50688,115053,BGN
2201211109,devices,2025-03,30959,146012,BGN
2201211109,devices,2025-04,14998,161010,BGN
2201211109,devices,2025-05,23554,184564,BGN
2201211109,devices,2025-06,29892,214456,BGN
2201211109,devices,2025-07,18612,233068,BGN
2201211109,devices,2025-08,25714,258782,BGN
2201211109,devices,2025-09,21371,280153,BGN
2201211109,devices,2025-10,26301,306454,BGN
2201211109,devices,2025-11,30930,337384,BGN
2201211109,devices,2025-12,-1644,335740,BGN
2201211109,devices,2026-01,28509,28509,EUR
2201211109,devices,2026-02,11320,39829,EUR
2201211109,devices,2026-03,263405,303233,EUR
2201211109,devices,2026-04,0,303233,EUR
2201211109,devices,2026-05,104446,407680,EUR
2201211109,devices,2026-06,60132,467812,EUR
2201211109,devices,2026-07,68769,536580,EUR
2201211109,devices,2026-08,99171,635752,EUR
2201212006,care,2024-01,1689178,1689178,BGN
2201212006,care,2024-02,1631262,3320440,BGN
2201212006,care,2024-03,1677443,4997883,BGN
2201212006,care,2024-04,1912908,6910791,BGN
2201212006,care,2024-05,1995945,8906736,BGN
2201212006,care,2024-06,1695102,10601837,BGN
2201212006,care,2024-07,1771215,12373052,BGN
2201212006,care,2024-08,1973587,14346639,BGN
2201212006,care,2024-09,2178956,16525595,BGN
2201212006,care,2024-10,1862384,18387979,BGN
2201212006,care,2024-11,1949588,20337567,BGN
2201212006,care,2024-12,1912823,22250390,BGN
2201212006,care,2025-01,1858631,1858631,BGN
2201212006,care,2025-02,1899377,3758008,BGN
2201212006,care,2025-03,1843144,5601152,BGN
2201212006,care,2025-04,1893381,7494534,BGN
2201212006,care,2025-05,2488293,9982826,BGN
2201212006,care,2025-06,2158035,12140861,BGN
2201212006,care,2025-07,1978589,14119450,BGN
2201212006,care,2025-08,2151467,16270917,BGN
2201212006,care,2025-09,1771789,18042706,BGN
2201212006,care,2025-10,1766265,19808971,BGN
2201212006,care,2025-11,1915440,21724411,BGN
2201212006,care,2025-12,1709045,23433456,BGN
2201212006,care,2026-01,1019759,1019759,EUR
2201212006,care,2026-02,925682,1945441,EUR
2201212006,care,2026-03,1015528,2960969,EUR
2201212006,care,2026-04,984979,3945948,EUR
2201212006,care,2026-05,955374,4901323,EUR
2201212006,care,2026-06,974329,5875652,EUR
2201212006,care,2026-07,970525,6846177,EUR
2201212006,care,2026-08,966096,7812273,EUR
2201212007,care,2024-01,722112,722112,BGN
2201212007,care,2024-02,722397,1444509,BGN
2201212007,care,2024-03,658355,2102864,BGN
2201212007,care,2024-04,855109,2957973,BGN
2201212007,care,2024-05,782982,3740955,BGN
2201212007,care,2024-06,723981,4464936,BGN
2201212007,care,2024-07,805713,5270649,BGN
2201212007,care,2024-08,746336,6016986,BGN
2201212007,care,2024-09,670169,6687154,BGN
2201212007,care,2024-10,731061,7418215,BGN
2201212007,care,2024-11,781945,8200161,BGN
2201212007,care,2024-12,696382,8896543,BGN
2201212007,care,2025-01,736192,736192,BGN
2201212007,care,2025-02,713408,1449600,BGN
2201212007,care,2025-03,628389,2077988,BGN
2201212007,care,2025-04,775869,2853857,BGN
2201212007,care,2025-05,663023,3516880,BGN
2201212007,care,2025-06,703730,4220610,BGN
2201212007,care,2025-07,770699,4991309,BGN
2201212007,care,2025-08,695363,5686672,BGN
2201212007,care,2025-09,682558,6369230,BGN
2201212007,care,2025-10,706302,7075532,BGN
2201212007,care,2025-11,667194,7742726,BGN
2201212007,care,2025-12,698108,8440834,BGN
2201212007,care,2026-01,410342,410342,EUR
2201212007,care,2026-02,320889,731231,EUR
2201212007,care,2026-03,296256,1027487,EUR
2201212007,care,2026-04,357668,1385155,EUR
2201212007,care,2026-05,363099,1748254,EUR
2201212007,care,2026-06,371766,2120020,EUR
2201212007,care,2026-07,373669,2493688,EUR
2201212007,care,2026-08,366178,2859866,EUR
2201212008,care,2024-01,667232,667232,BGN
2201212008,care,2024-02,776760,1443992,BGN
2201212008,care,2024-03,772392,2216385,BGN
2201212008,care,2024-04,805488,3021873,BGN
2201212008,care,2024-05,812987,3834859,BGN
2201212008,care,2024-06,749465,4584324,BGN
2201212008,care,2024-07,760073,5344397,BGN
2201212008,care,2024-08,830192,6174589,BGN
2201212008,care,2024-09,837667,7012256,BGN
2201212008,care,2024-10,811124,7823380,BGN
2201212008,care,2024-11,940093,8763473,BGN
2201212008,care,2024-12,820658,9584130,BGN
2201212008,care,2025-01,784317,784317,BGN
2201212008,care,2025-02,734776,1519093,BGN
2201212008,care,2025-03,751854,2270947,BGN
2201212008,care,2025-04,795902,3066849,BGN
2201212008,care,2025-05,1803857,4870706,BGN
2201212008,care,2025-06,941429,5812135,BGN
2201212008,care,2025-07,944247,6756382,BGN
2201212008,care,2025-08,970934,7727316,BGN
2201212008,care,2025-09,998584,8725900,BGN
2201212008,care,2025-10,849937,9575837,BGN
2201212008,care,2025-11,876077,10451914,BGN
2201212008,care,2025-12,815223,11267137,BGN
2201212008,care,2026-01,493801,493801,EUR
2201212008,care,2026-02,432524,926325,EUR
2201212008,care,2026-03,371201,1297526,EUR
2201212008,care,2026-04,445078,1742604,EUR
2201212008,care,2026-05,467425,2210029,EUR
2201212008,care,2026-06,450674,2660703,EUR
2201212008,care,2026-07,446254,3106957,EUR
2201212008,care,2026-08,431895,3538852,EUR
2201212009,care,2024-01,482471,482471,BGN
2201212009,care,2024-02,648624,1131095,BGN
2201212009,care,2024-03,722600,1853695,BGN
2201212009,care,2024-04,751413,2605108,BGN
2201212009,care,2024-05,715631,3320739,BGN
2201212009,care,2024-06,679849,4000588,BGN
2201212009,care,2024-07,751413,4752001,BGN
2201212009,care,2024-08,715631,5467632,BGN
2201212009,care,2024-09,679849,6147481,BGN
2201212009,care,2024-10,715631,6863112,BGN
2201212009,care,2024-11,825542,7688654,BGN
2201212009,care,2024-12,715631,8404285,BGN
2201212009,care,2025-01,597748,597748,BGN
2201212009,care,2025-02,689398,1287146,BGN
2201212009,care,2025-03,732609,2019755,BGN
2201212009,care,2025-04,715631,2735386,BGN
2201212009,care,2025-05,1187228,3922614,BGN
2201212009,care,2025-06,885950,4808564,BGN
2201212009,care,2025-07,807899,5616463,BGN
2201212009,care,2025-08,843875,6460338,BGN
2201212009,care,2025-09,736082,7196419,BGN
2201212009,care,2025-10,664324,7860743,BGN
2201212009,care,2025-11,682180,8542923,BGN
2201212009,care,2025-12,673252,9216175,BGN
2201212009,care,2026-01,339158,339158,EUR
2201212009,care,2026-02,409809,748966,EUR
2201212009,care,2026-03,391652,1140618,EUR
2201212009,care,2026-04,391652,1532270,EUR
2201212009,care,2026-05,391652,1923922,EUR
2201212009,care,2026-06,391652,2315574,EUR
2201212009,care,2026-07,391652,2707226,EUR
2201212009,care,2026-08,391652,3098878,EUR
2201212010,care,2024-01,306016,306016,BGN
2201212010,care,2024-02,369425,675441,BGN
2201212010,care,2024-03,393591,1069032,BGN
2201212010,care,2024-04,510686,1579718,BGN
2201212010,care,2024-05,444108,2023826,BGN
2201212010,care,2024-06,444108,2467934,BGN
2201212010,care,2024-07,444108,2912042,BGN
2201212010,care,2024-08,444108,3356150,BGN
2201212010,care,2024-09,444108,3800258,BGN
2201212010,care,2024-10,444108,4244366,BGN
2201212010,care,2024-11,500098,4744464,BGN
2201212010,care,2024-12,444108,5188572,BGN
2201212010,care,2025-01,383455,383455,BGN
2201212010,care,2025-02,502105,885561,BGN
2201212010,care,2025-03,446763,1332324,BGN
2201212010,care,2025-04,444108,1776432,BGN
2201212010,care,2025-05,1026325,2802757,BGN
2201212010,care,2025-06,697390,3500148,BGN
2201212010,care,2025-07,520951,4021099,BGN
2201212010,care,2025-08,563383,4584482,BGN
2201212010,care,2025-09,580988,5165470,BGN
2201212010,care,2025-10,396469,5561939,BGN
2201212010,care,2025-11,595127,6157066,BGN
2201212010,care,2025-12,495798,6652864,BGN
2201212010,care,2026-01,252357,252357,EUR
2201212010,care,2026-02,249335,501692,EUR
2201212010,care,2026-03,272729,774421,EUR
2201212010,care,2026-04,270779,1045200,EUR
2201212010,care,2026-05,270779,1315979,EUR
2201212010,care,2026-06,222211,1538190,EUR
2201212010,care,2026-07,270779,1808969,EUR
2201212010,care,2026-08,251919,2060889,EUR
2201212010,devices,2024-02,69030,69030,BGN
2201212010,devices,2024-03,59865,128895,BGN
2201212010,devices,2024-04,102285,231180,BGN
2201212010,devices,2024-05,82215,313395,BGN
2201212010,devices,2024-06,105555,418950,BGN
2201212010,devices,2024-07,82265,501215,BGN
2201212010,devices,2024-08,93903,595118,BGN
2201212010,devices,2024-09,63395,658513,BGN
2201212010,devices,2024-10,56084,714597,BGN
2201212010,devices,2024-11,62302,776899,BGN
2201212010,devices,2024-12,105393,882292,BGN
2201212010,devices,2025-01,84689,84689,BGN
2201212010,devices,2025-02,56784,141473,BGN
2201212010,devices,2025-03,93458,234931,BGN
2201212010,devices,2025-04,97665,332596,BGN
2201212010,devices,2025-05,122779,455375,BGN
2201212010,devices,2025-06,102082,557457,BGN
2201212010,devices,2025-07,108165,665622,BGN
2201212010,devices,2025-08,101535,767157,BGN
2201212010,devices,2025-09,53920,821077,BGN
2201212010,devices,2025-10,52035,873112,BGN
2201212010,devices,2025-11,59650,932762,BGN
2201212010,devices,2025-12,0,932762,BGN
2201212010,devices,2026-01,110258,110258,EUR
2201212010,devices,2026-02,41154,151412,EUR
2201212010,devices,2026-03,66945,218357,EUR
2201212010,devices,2026-04,0,218357,EUR
2201212010,devices,2026-05,50608,268964,EUR
2201212010,devices,2026-06,42066,311031,EUR
2201212010,devices,2026-07,32385,343416,EUR
2201212010,devices,2026-08,44004,387420,EUR
2201212011,care,2024-01,453210,453210,BGN
2201212011,care,2024-02,524496,977706,BGN
2201212011,care,2024-03,488853,1466559,BGN
2201212011,care,2024-04,838592,2305151,BGN
2201212011,care,2024-05,672640,2977791,BGN
2201212011,care,2024-06,672640,3650431,BGN
2201212011,care,2024-07,672640,4323071,BGN
2201212011,care,2024-08,672640,4995711,BGN
2201212011,care,2024-09,672640,5668351,BGN
2201212011,care,2024-10,672640,6340991,BGN
2201212011,care,2024-11,757826,7098817,BGN
2201212011,care,2024-12,672640,7771457,BGN
2201212011,care,2025-01,672640,672640,BGN
2201212011,care,2025-02,672640,1345280,BGN
2201212011,care,2025-03,672640,2017920,BGN
2201212011,care,2025-04,672640,2690560,BGN
2201212011,care,2025-05,1497640,4188200,BGN
2201212011,care,2025-06,870493,5058693,BGN
2201212011,care,2025-07,744809,5803502,BGN
2201212011,care,2025-08,748093,6551595,BGN
2201212011,care,2025-09,818085,7369681,BGN
2201212011,care,2025-10,698694,8068375,BGN
2201212011,care,2025-11,790924,8859299,BGN
2201212011,care,2025-12,744809,9604108,BGN
2201212011,care,2026-01,418588,418588,EUR
2201212011,care,2026-02,368514,787102,EUR
2201212011,care,2026-03,424292,1211394,EUR
2201212011,care,2026-04,396403,1607797,EUR
2201212011,care,2026-05,396403,2004200,EUR
2201212011,care,2026-06,396403,2400603,EUR
2201212011,care,2026-07,396403,2797006,EUR
2201212011,care,2026-08,396403,3193409,EUR
2201212012,care,2024-01,879377,879377,BGN
2201212012,care,2024-02,1113224,1992602,BGN
2201212012,care,2024-03,1045847,3038448,BGN
2201212012,care,2024-04,1182899,4221347,BGN
2201212012,care,2024-05,1182653,5404000,BGN
2201212012,care,2024-06,1182151,6586151,BGN
2201212012,care,2024-07,1179151,7765302,BGN
2201212012,care,2024-08,1178651,8943953,BGN
2201212012,care,2024-09,1172901,10116854,BGN
2201212012,care,2024-10,1172651,11289505,BGN
2201212012,care,2024-11,1186635,12476140,BGN
2201212012,care,2024-12,1174901,13651041,BGN
2201212012,care,2025-01,1108313,1108313,BGN
2201212012,care,2025-02,1160341,2268655,BGN
2201212012,care,2025-03,1158163,3426817,BGN
2201212012,care,2025-04,1183901,4610718,BGN
2201212012,care,2025-05,1368764,5979483,BGN
2201212012,care,2025-06,1187315,7166798,BGN
2201212012,care,2025-07,1295025,8461823,BGN
2201212012,care,2025-08,1218105,9679928,BGN
2201212012,care,2025-09,1316339,10996267,BGN
2201212012,care,2025-10,1143772,12140039,BGN
2201212012,care,2025-11,1143272,13283311,BGN
2201212012,care,2025-12,1140772,14424083,BGN
2201212012,care,2026-01,697197,697197,EUR
2201212012,care,2026-02,596409,1293606,EUR
2201212012,care,2026-03,568283,1861889,EUR
2201212012,care,2026-04,643402,2505291,EUR
2201212012,care,2026-05,643019,3148309,EUR
2201212012,care,2026-06,622394,3770703,EUR
2201212012,care,2026-07,644297,4414999,EUR
2201212012,care,2026-08,645319,5060319,EUR
2201212014,care,2024-01,446895,446895,BGN
2201212014,care,2024-02,443444,890340,BGN
2201212014,care,2024-03,351945,1242285,BGN
2201212014,care,2024-04,370229,1612514,BGN
2201212014,care,2024-05,453755,2066269,BGN
2201212014,care,2024-06,403771,2470040,BGN
2201212014,care,2024-07,401658,2871697,BGN
2201212014,care,2024-08,505197,3376895,BGN
2201212014,care,2024-09,504540,3881435,BGN
2201212014,care,2024-10,506020,4387454,BGN
2201212014,care,2024-11,505883,4893338,BGN
2201212014,care,2024-12,465936,5359273,BGN
2201212014,care,2025-01,430953,430953,BGN
2201212014,care,2025-02,501718,932671,BGN
2201212014,care,2025-03,503066,1435737,BGN
2201212014,care,2025-04,501939,1937676,BGN
2201212014,care,2025-05,478350,2416025,BGN
2201212014,care,2025-06,402020,2818045,BGN
2201212014,care,2025-07,425380,3243425,BGN
2201212014,care,2025-08,469857,3713282,BGN
2201212014,care,2025-09,373419,4086701,BGN
2201212014,care,2025-10,432713,4519414,BGN
2201212014,care,2025-11,470956,4990370,BGN
2201212014,care,2025-12,363462,5353831,BGN
2201212014,care,2026-01,244693,244693,EUR
2201212014,care,2026-02,228114,472807,EUR
2201212014,care,2026-03,228104,700911,EUR
2201212014,care,2026-04,241230,942141,EUR
2201212014,care,2026-05,240426,1182567,EUR
2201212014,care,2026-06,240282,1422849,EUR
2201212014,care,2026-07,240924,1663773,EUR
2201212014,care,2026-08,242513,1906286,EUR
2201212017,care,2024-01,83467,83467,BGN
2201212017,care,2024-02,83467,166934,BGN
2201212017,care,2024-03,83467,250401,BGN
2201212017,care,2024-04,126587,376988,BGN
2201212017,care,2024-05,90139,467127,BGN
2201212017,care,2024-06,90139,557266,BGN
2201212017,care,2024-07,90139,647405,BGN
2201212017,care,2024-08,90139,737544,BGN
2201212017,care,2024-09,90139,827683,BGN
2201212017,care,2024-10,90139,917822,BGN
2201212017,care,2024-11,106478,1024300,BGN
2201212017,care,2024-12,90139,1114439,BGN
2201212017,care,2025-01,90139,90139,BGN
2201212017,care,2025-02,90139,180278,BGN
2201212017,care,2025-03,90139,270417,BGN
2201212017,care,2025-04,90139,360556,BGN
2201212017,care,2025-05,173257,533813,BGN
2201212017,care,2025-06,96305,630118,BGN
2201212017,care,2025-07,107209,737327,BGN
2201212017,care,2025-08,94142,831469,BGN
2201212017,care,2025-09,102427,933896,BGN
2201212017,care,2025-10,93013,1026909,BGN
2201212017,care,2025-11,93013,1119922,BGN
2201212017,care,2025-12,90207,1210129,BGN
2201212017,care,2026-01,31492,31492,EUR
2201212017,care,2026-02,28834,60326,EUR
2201212017,care,2026-03,24501,84827,EUR
2201212017,care,2026-04,33544,118370,EUR
2201212017,care,2026-05,37118,155488,EUR
2201212017,care,2026-06,32493,187981,EUR
2201212017,care,2026-07,34858,222839,EUR
2201212017,care,2026-08,37306,260145,EUR
2201212038,care,2024-01,86249,86249,BGN
2201212038,care,2024-02,62075,148324,BGN
2201212038,care,2024-03,67508,215832,BGN
2201212038,care,2024-04,88750,304582,BGN
2201212038,care,2024-05,96403,400986,BGN
2201212038,care,2024-06,87584,488570,BGN
2201212038,care,2024-07,95496,584066,BGN
2201212038,care,2024-08,108065,692131,BGN
2201212038,care,2024-09,86420,778551,BGN
2201212038,care,2024-10,81917,860468,BGN
2201212038,care,2024-11,120602,981070,BGN
2201212038,care,2024-12,73328,1054398,BGN
2201212038,care,2025-01,134121,134121,BGN
2201212038,care,2025-02,82429,216550,BGN
2201212038,care,2025-03,89041,305591,BGN
2201212038,care,2025-04,87356,392947,BGN
2201212038,care,2025-05,290375,683323,BGN
2201212038,care,2025-06,118858,802181,BGN
2201212038,care,2025-07,111810,913990,BGN
2201212038,care,2025-08,90873,1004864,BGN
2201212038,care,2025-09,91825,1096689,BGN
2201212038,care,2025-10,122011,1218700,BGN
2201212038,care,2025-11,115637,1334337,BGN
2201212038,care,2025-12,123224,1457561,BGN
2201212038,care,2026-01,63384,63384,EUR
2201212038,care,2026-02,64096,127480,EUR
2201212038,care,2026-03,46825,174305,EUR
2201212038,care,2026-04,55226,229531,EUR
2201212038,care,2026-05,55276,284808,EUR
2201212038,care,2026-06,52609,337416,EUR
2201212038,care,2026-07,57413,394829,EUR
2201212038,care,2026-08,44329,439158,EUR
2201212039,care,2024-01,76012,76012,BGN
2201212039,care,2024-02,91314,167326,BGN
2201212039,care,2024-03,88182,255508,BGN
2201212039,care,2024-04,90110,345618,BGN
2201212039,care,2024-05,93046,438664,BGN
2201212039,care,2024-06,91578,530242,BGN
2201212039,care,2024-07,91578,621820,BGN
2201212039,care,2024-08,91578,713398,BGN
2201212039,care,2024-09,52341,765740,BGN
2201212039,care,2024-10,91114,856853,BGN
2201212039,care,2024-11,91471,948324,BGN
2201212039,care,2024-12,89910,1038234,BGN
2201212039,care,2025-01,85255,85255,BGN
2201212039,care,2025-02,87907,173162,BGN
2201212039,care,2025-03,83624,256786,BGN
2201212039,care,2025-04,91578,348364,BGN
2201212039,care,2025-05,84121,432484,BGN
2201212039,care,2025-06,96390,528875,BGN
2201212039,care,2025-07,84958,613833,BGN
2201212039,care,2025-08,83753,697586,BGN
2201212039,care,2025-09,54177,751763,BGN
2201212039,care,2025-10,84132,835894,BGN
2201212039,care,2025-11,83613,919508,BGN
2201212039,care,2025-12,85487,1004995,BGN
2201212039,care,2026-01,42326,42326,EUR
2201212039,care,2026-02,41611,83936,EUR
2201212039,care,2026-03,41260,125196,EUR
2201212039,care,2026-04,38388,163584,EUR
2201212039,care,2026-05,39633,203218,EUR
2201212039,care,2026-06,40081,243299,EUR
2201212039,care,2026-07,41975,285273,EUR
2201212039,care,2026-08,43665,328939,EUR
2201212039,devices,2024-02,17865,17865,BGN
2201212039,devices,2024-03,21903,39768,BGN
2201212039,devices,2024-04,15330,55098,BGN
2201212039,devices,2024-05,23360,78458,BGN
2201212039,devices,2024-06,15445,93903,BGN
2201212039,devices,2024-07,0,93903,BGN
2201212039,devices,2024-08,0,93903,BGN
2201212039,devices,2024-09,0,93903,BGN
2201212039,devices,2024-10,0,93903,BGN
2201212039,devices,2024-11,0,93903,BGN
2201212039,devices,2024-12,5423,99326,BGN
2201212039,devices,2025-01,28260,28260,BGN
2201212039,devices,2025-02,18160,46420,BGN
2201212039,devices,2025-03,20350,66770,BGN
2201212039,devices,2025-04,14850,81620,BGN
2201212039,devices,2025-05,27485,109105,BGN
2201212039,devices,2025-06,22990,132095,BGN
2201212039,devices,2025-07,21925,154020,BGN
2201212039,devices,2025-08,24020,178040,BGN
2201212039,devices,2025-09,18963,197003,BGN
2201212039,devices,2025-10,8085,205088,BGN
2201212039,devices,2025-11,19225,224313,BGN
2201212039,devices,2025-12,0,224313,BGN
2201212039,devices,2026-01,29826,29826,EUR
2201212039,devices,2026-02,16768,46594,EUR
2201212039,devices,2026-03,17218,63812,EUR
2201212039,devices,2026-04,0,63812,EUR
2201212039,devices,2026-05,11522,75333,EUR
2201212039,devices,2026-06,7265,82599,EUR
2201212039,devices,2026-07,6248,88847,EUR
2201212039,devices,2026-08,7846,96693,EUR
2201212059,care,2024-01,32484,32484,BGN
2201212059,care,2024-02,22224,54708,BGN
2201212059,care,2024-03,33618,88326,BGN
2201212059,care,2024-04,41623,129949,BGN
2201212059,care,2024-05,58134,188083,BGN
2201212059,care,2024-06,42465,230549,BGN
2201212059,care,2024-07,40327,270876,BGN
2201212059,care,2024-08,42694,313569,BGN
2201212059,care,2024-09,28779,342349,BGN
2201212059,care,2024-10,41956,384304,BGN
2201212059,care,2024-11,37894,422198,BGN
2201212059,care,2024-12,53283,475481,BGN
2201212059,care,2025-01,22078,22078,BGN
2201212059,care,2025-02,56266,78345,BGN
2201212059,care,2025-03,37371,115716,BGN
2201212059,care,2025-04,39322,155038,BGN
2201212059,care,2025-05,45592,200629,BGN
2201212059,care,2025-06,46859,247488,BGN
2201212059,care,2025-07,62262,309750,BGN
2201212059,care,2025-08,47485,357235,BGN
2201212059,care,2025-09,35210,392445,BGN
2201212059,care,2025-10,23687,416133,BGN
2201212059,care,2025-11,38278,454411,BGN
2201212059,care,2025-12,59349,513760,BGN
2201212059,care,2026-01,24222,24222,EUR
2201212059,care,2026-02,0,24222,EUR
2201212059,care,2026-03,48479,72702,EUR
2201212059,care,2026-04,18417,91118,EUR
2201212059,care,2026-05,22671,113789,EUR
2201212059,care,2026-06,21435,135224,EUR
2201212059,care,2026-07,25737,160961,EUR
2201212059,care,2026-08,19450,180411,EUR
2201212061,care,2024-01,245096,245096,BGN
2201212061,care,2024-02,293804,538900,BGN
2201212061,care,2024-03,256598,795498,BGN
2201212061,care,2024-04,546702,1342200,BGN
2201212061,care,2024-05,389078,1731279,BGN
2201212061,care,2024-06,407813,2139091,BGN
2201212061,care,2024-07,361034,2500126,BGN
2201212061,care,2024-08,410394,2910519,BGN
2201212061,care,2024-09,412528,3323048,BGN
2201212061,care,2024-10,406820,3729868,BGN
2201212061,care,2024-11,401291,4131159,BGN
2201212061,care,2024-12,414735,4545894,BGN
2201212061,care,2025-01,414060,414060,BGN
2201212061,care,2025-02,381388,795447,BGN
2201212061,care,2025-03,365632,1161080,BGN
2201212061,care,2025-04,380319,1541399,BGN
2201212061,care,2025-05,598509,2139908,BGN
2201212061,care,2025-06,488076,2627984,BGN
2201212061,care,2025-07,397769,3025753,BGN
2201212061,care,2025-08,371081,3396834,BGN
2201212061,care,2025-09,384202,3781036,BGN
2201212061,care,2025-10,402423,4183459,BGN
2201212061,care,2025-11,407649,4591108,BGN
2201212061,care,2025-12,476314,5067422,BGN
2201212061,care,2026-01,239080,239080,EUR
2201212061,care,2026-02,199260,438340,EUR
2201212061,care,2026-03,175092,613433,EUR
2201212061,care,2026-04,186515,799948,EUR
2201212061,care,2026-05,170077,970024,EUR
2201212061,care,2026-06,197951,1167976,EUR
2201212061,care,2026-07,199266,1367241,EUR
2201212061,care,2026-08,231658,1598899,EUR
2201212065,care,2024-01,87769,87769,BGN
2201212065,care,2024-02,87769,175538,BGN
2201212065,care,2024-03,87769,263307,BGN
2201212065,care,2024-04,125350,388657,BGN
2201212065,care,2024-05,122423,511080,BGN
2201212065,care,2024-06,108401,619482,BGN
2201212065,care,2024-07,120299,739780,BGN
2201212065,care,2024-08,113107,852887,BGN
2201212065,care,2024-09,99751,952638,BGN
2201212065,care,2024-10,98966,1051604,BGN
2201212065,care,2024-11,105813,1157417,BGN
2201212065,care,2024-12,130818,1288235,BGN
2201212065,care,2025-01,109796,109796,BGN
2201212065,care,2025-02,96103,205900,BGN
2201212065,care,2025-03,98747,304646,BGN
2201212065,care,2025-04,135907,440554,BGN
2201212065,care,2025-05,125932,566485,BGN
2201212065,care,2025-06,111433,677918,BGN
2201212065,care,2025-07,121696,799614,BGN
2201212065,care,2025-08,125577,925192,BGN
2201212065,care,2025-09,96360,1021552,BGN
2201212065,care,2025-10,123316,1144868,BGN
2201212065,care,2025-11,130832,1275700,BGN
2201212065,care,2025-12,148628,1424328,BGN
2201212065,care,2026-01,70782,70782,EUR
2201212065,care,2026-02,57608,128390,EUR
2201212065,care,2026-03,67538,195928,EUR
2201212065,care,2026-04,77824,273752,EUR
2201212065,care,2026-05,69861,343613,EUR
2201212065,care,2026-06,65902,409515,EUR
2201212065,care,2026-07,75870,485385,EUR
2201212065,care,2026-08,83171,568556,EUR
2201212065,medicines,2024-01,2460,2460,BGN
2201212065,medicines,2024-02,2760,5221,BGN
2201212065,medicines,2024-03,340,5560,BGN
2201212065,medicines,2024-04,1653,7214,BGN
2201212065,medicines,2024-05,533,7746,BGN
2201212065,medicines,2024-06,2527,10274,BGN
2201212065,medicines,2024-07,3364,13637,BGN
2201212065,medicines,2024-08,1404,15042,BGN
2201212065,medicines,2024-09,1109,16150,BGN
2201212065,medicines,2024-10,2247,18398,BGN
2201212065,medicines,2024-11,701,19099,BGN
2201212065,medicines,2024-12,1185,20284,BGN
2201212065,medicines,2025-01,1235,1235,BGN
2201212065,medicines,2025-02,1289,2524,BGN
2201212065,medicines,2025-03,662,3186,BGN
2201212065,medicines,2025-04,330,3516,BGN
2201212065,medicines,2025-05,730,4246,BGN
2201212065,medicines,2025-06,2176,6422,BGN
2201212065,medicines,2025-07,1100,7523,BGN
2201212065,medicines,2025-08,2180,9703,BGN
2201212065,medicines,2025-09,947,10650,BGN
2201212065,medicines,2025-10,1093,11743,BGN
2201212065,medicines,2025-11,722,12465,BGN
2201212065,medicines,2025-12,2296,14761,BGN
2201212065,medicines,2026-01,777,777,EUR
2201212065,medicines,2026-02,1105,1882,EUR
2201212065,medicines,2026-03,790,2671,EUR
2201212065,medicines,2026-04,1207,3878,EUR
2201212065,medicines,2026-05,1052,4930,EUR
2201212065,medicines,2026-06,971,5901,EUR
2201212065,medicines,2026-07,421,6322,EUR
2201212065,medicines,2026-08,394,6716,EUR
2201212066,care,2024-01,109403,109403,BGN
2201212066,care,2024-02,109403,218806,BGN
2201212066,care,2024-03,0,218806,BGN
2201212066,care,2024-04,344135,562941,BGN
2201212066,care,2024-05,170184,733125,BGN
2201212066,care,2024-06,170184,903309,BGN
2201212066,care,2024-07,170184,1073493,BGN
2201212066,care,2024-08,170184,1243677,BGN
2201212066,care,2024-09,170184,1413861,BGN
2201212066,care,2024-10,170184,1584045,BGN
2201212066,care,2024-11,192026,1776071,BGN
2201212066,care,2024-12,170184,1946255,BGN
2201212066,care,2025-01,170184,170184,BGN
2201212066,care,2025-02,170184,340368,BGN
2201212066,care,2025-03,170184,510552,BGN
2201212066,care,2025-04,170184,680736,BGN
2201212066,care,2025-05,410840,1091576,BGN
2201212066,care,2025-06,235495,1327071,BGN
2201212066,care,2025-07,198568,1525639,BGN
2201212066,care,2025-08,197505,1723144,BGN
2201212066,care,2025-09,191587,1914731,BGN
2201212066,care,2025-10,177986,2092717,BGN
2201212066,care,2025-11,211004,2303721,BGN
2201212066,care,2025-12,194495,2498216,BGN
2201212066,care,2026-01,92885,92885,EUR
2201212066,care,2026-02,109858,202744,EUR
2201212066,care,2026-03,96444,299188,EUR
2201212066,care,2026-04,103300,402488,EUR
2201212066,care,2026-05,103300,505788,EUR
2201212066,care,2026-06,103300,609088,EUR
2201212066,care,2026-07,103300,712388,EUR
2201212066,care,2026-08,103300,815688,EUR
2201212070,care,2024-01,807,807,BGN
2201212070,care,2024-02,45993,46800,BGN
2201212070,care,2024-03,53488,100288,BGN
2201212070,care,2024-04,36543,136831,BGN
2201212070,care,2024-05,36543,173374,BGN
2201212070,care,2024-06,36543,209917,BGN
2201212070,care,2024-07,36543,246460,BGN
2201212070,care,2024-08,36139,282600,BGN
2201212070,care,2024-09,36447,319046,BGN
2201212070,care,2024-10,37043,356089,BGN
2201212070,care,2024-11,46821,402910,BGN
2201212070,care,2024-12,36543,439453,BGN
2201212070,care,2025-01,36543,36543,BGN
2201212070,care,2025-02,36495,73038,BGN
2201212070,care,2025-03,36591,109629,BGN
2201212070,care,2025-04,36336,145965,BGN
2201212070,care,2025-05,64752,210718,BGN
2201212070,care,2025-06,36393,247111,BGN
2201212070,care,2025-07,37150,284261,BGN
2201212070,care,2025-08,36636,320897,BGN
2201212070,care,2025-09,36656,357553,BGN
2201212070,care,2025-10,36300,393853,BGN
2201212070,care,2025-11,36501,430354,BGN
2201212070,care,2025-12,36779,467134,BGN
2201212070,care,2026-01,18671,18671,EUR
2201212070,care,2026-02,18588,37259,EUR
2201212070,care,2026-03,18590,55849,EUR
2201212070,care,2026-04,18102,73952,EUR
2201212070,care,2026-05,18432,92384,EUR
2201212070,care,2026-06,19453,111837,EUR
2201212070,care,2026-07,18694,130530,EUR
2201212070,care,2026-08,18074,148605,EUR
2201212071,care,2024-01,268414,268414,BGN
2201212071,care,2024-02,273960,542374,BGN
2201212071,care,2024-03,271187,813561,BGN
2201212071,care,2024-04,500090,1313651,BGN
2201212071,care,2024-05,360463,1674114,BGN
2201212071,care,2024-06,360463,2034577,BGN
2201212071,care,2024-07,360463,2395040,BGN
2201212071,care,2024-08,360463,2755503,BGN
2201212071,care,2024-09,360463,3115966,BGN
2201212071,care,2024-10,360463,3476429,BGN
2201212071,care,2024-11,429005,3905434,BGN
2201212071,care,2024-12,360463,4265897,BGN
2201212071,care,2025-01,324792,324792,BGN
2201212071,care,2025-02,396134,720926,BGN
2201212071,care,2025-03,360463,1081389,BGN
2201212071,care,2025-04,360463,1441852,BGN
2201212071,care,2025-05,1170856,2612708,BGN
2201212071,care,2025-06,569625,3182332,BGN
2201212071,care,2025-07,477340,3659673,BGN
2201212071,care,2025-08,469404,4129077,BGN
2201212071,care,2025-09,383884,4512961,BGN
2201212071,care,2025-10,382007,4894968,BGN
2201212071,care,2025-11,490733,5385701,BGN
2201212071,care,2025-12,436370,5822071,BGN
2201212071,care,2026-01,187225,187225,EUR
2201212071,care,2026-02,264232,451457,EUR
2201212071,care,2026-03,235615,687072,EUR
2201212071,care,2026-04,231980,919052,EUR
2201212071,care,2026-05,231980,1151032,EUR
2201212071,care,2026-06,220725,1371758,EUR
2201212071,care,2026-07,231980,1603738,EUR
2201212071,care,2026-08,229151,1832889,EUR
2201212072,care,2024-01,109270,109270,BGN
2201212072,care,2024-02,142606,251876,BGN
2201212072,care,2024-03,110152,362028,BGN
2201212072,care,2024-04,157033,519061,BGN
2201212072,care,2024-05,178914,697975,BGN
2201212072,care,2024-06,138457,836432,BGN
2201212072,care,2024-07,133367,969799,BGN
2201212072,care,2024-08,104168,1073966,BGN
2201212072,care,2024-09,102654,1176620,BGN
2201212072,care,2024-10,124131,1300752,BGN
2201212072,care,2024-11,175359,1476111,BGN
2201212072,care,2024-12,168547,1644658,BGN
2201212072,care,2025-01,101712,101712,BGN
2201212072,care,2025-02,149443,251155,BGN
2201212072,care,2025-03,130297,381452,BGN
2201212072,care,2025-04,127204,508656,BGN
2201212072,care,2025-05,131469,640125,BGN
2201212072,care,2025-06,132773,772899,BGN
2201212072,care,2025-07,137799,910698,BGN
2201212072,care,2025-08,114517,1025215,BGN
2201212072,care,2025-09,99544,1124759,BGN
2201212072,care,2025-10,97265,1222024,BGN
2201212072,care,2025-11,157037,1379061,BGN
2201212072,care,2025-12,127151,1506212,BGN
2201212072,care,2026-01,49805,49805,EUR
2201212072,care,2026-02,72051,121855,EUR
2201212072,care,2026-03,64610,186465,EUR
2201212072,care,2026-04,66414,252879,EUR
2201212072,care,2026-05,66414,319293,EUR
2201212072,care,2026-06,63855,383148,EUR
2201212072,care,2026-07,66414,449562,EUR
2201212072,care,2026-08,51706,501268,EUR
2201212075,care,2024-01,1594271,1594271,BGN
2201212075,care,2024-02,1594271,3188542,BGN
2201212075,care,2024-03,1594271,4782813,BGN
2201212075,care,2024-04,1933795,6716608,BGN
2201212075,care,2024-05,2467811,9184419,BGN
2201212075,care,2024-06,1944469,11128887,BGN
2201212075,care,2024-07,1886601,13015488,BGN
2201212075,care,2024-08,1921195,14936683,BGN
2201212075,care,2024-09,2022358,16959041,BGN
2201212075,care,2024-10,1863525,18822566,BGN
2201212075,care,2024-11,2192352,21014918,BGN
2201212075,care,2024-12,1844701,22859618,BGN
2201212075,care,2025-01,1760571,1760571,BGN
2201212075,care,2025-02,1911407,3671978,BGN
2201212075,care,2025-03,1759123,5431100,BGN
2201212075,care,2025-04,1901377,7332478,BGN
2201212075,care,2025-05,2830829,10163306,BGN
2201212075,care,2025-06,2133039,12296346,BGN
2201212075,care,2025-07,2119424,14415770,BGN
2201212075,care,2025-08,2052383,16468153,BGN
2201212075,care,2025-09,1945575,18413727,BGN
2201212075,care,2025-10,1979830,20393557,BGN
2201212075,care,2025-11,2205287,22598844,BGN
2201212075,care,2025-12,2074955,24673799,BGN
2201212075,care,2026-01,1027937,1027937,EUR
2201212075,care,2026-02,1056628,2084565,EUR
2201212075,care,2026-03,1052675,3137240,EUR
2201212075,care,2026-04,1153934,4291174,EUR
2201212075,care,2026-05,1117955,5409129,EUR
2201212075,care,2026-06,1079615,6488743,EUR
2201212075,care,2026-07,1110801,7599544,EUR
2201212075,care,2026-08,1151303,8750847,EUR
2201212075,medicines,2024-01,4880966,4880966,BGN
2201212075,medicines,2024-02,4790903,9671869,BGN
2201212075,medicines,2024-03,5050177,14722046,BGN
2201212075,medicines,2024-04,5060202,19782248,BGN
2201212075,medicines,2024-05,5238002,25020250,BGN
2201212075,medicines,2024-06,5697959,30718209,BGN
2201212075,medicines,2024-07,5911203,36629411,BGN
2201212075,medicines,2024-08,5561134,42190546,BGN
2201212075,medicines,2024-09,5494388,47684933,BGN
2201212075,medicines,2024-10,5570502,53255435,BGN
2201212075,medicines,2024-11,5095521,58350956,BGN
2201212075,medicines,2024-12,5359866,63710822,BGN
2201212075,medicines,2025-01,5199988,5199988,BGN
2201212075,medicines,2025-02,5093744,10293732,BGN
2201212075,medicines,2025-03,5909058,16202790,BGN
2201212075,medicines,2025-04,4907888,21110678,BGN
2201212075,medicines,2025-05,4986933,26097611,BGN
2201212075,medicines,2025-06,5273306,31370918,BGN
2201212075,medicines,2025-07,5126820,36497738,BGN
2201212075,medicines,2025-08,5808383,42306121,BGN
2201212075,medicines,2025-09,5585170,47891291,BGN
2201212075,medicines,2025-10,5594454,53485744,BGN
2201212075,medicines,2025-11,6075812,59561556,BGN
2201212075,medicines,2025-12,7169883,66731438,BGN
2201212075,medicines,2026-01,3088037,3088037,EUR
2201212075,medicines,2026-02,3050667,6138704,EUR
2201212075,medicines,2026-03,3195612,9334316,EUR
2201212075,medicines,2026-04,3167587,12501903,EUR
2201212075,medicines,2026-05,3570980,16072883,EUR
2201212075,medicines,2026-06,3379459,19452341,EUR
2201212075,medicines,2026-07,3471883,22924225,EUR
2201212075,medicines,2026-08,3772085,26696310,EUR
2201212076,care,2024-01,7106,7106,BGN
2201212076,care,2024-02,9137,16243,BGN
2201212076,care,2024-03,12355,28598,BGN
2201212076,care,2024-04,10746,39344,BGN
2201212076,care,2024-05,13030,52374,BGN
2201212076,care,2024-06,15182,67557,BGN
2201212076,care,2024-07,11573,79130,BGN
2201212076,care,2024-08,5655,84785,BGN
2201212076,care,2024-09,2718,87503,BGN
2201212076,care,2024-10,7309,94812,BGN
2201212076,care,2024-11,9137,103949,BGN
2201212076,care,2024-12,16696,120645,BGN
2201212076,care,2025-01,5764,5764,BGN
2201212076,care,2025-02,11246,17010,BGN
2201212076,care,2025-03,7700,24710,BGN
2201212076,care,2025-04,13182,37892,BGN
2201212076,care,2025-05,9128,47020,BGN
2201212076,care,2025-06,8237,55257,BGN
2201212076,care,2025-07,34051,89308,BGN
2201212076,care,2025-08,19043,108351,BGN
2201212076,care,2025-09,24410,132761,BGN
2201212076,care,2025-10,8237,140998,BGN
2201212076,care,2025-11,8237,149235,BGN
2201212076,care,2025-12,8237,157472,BGN
2201212076,care,2026-01,7068,7068,EUR
2201212076,care,2026-02,6647,13715,EUR
2201212076,care,2026-03,6294,20009,EUR
2201212076,care,2026-04,7919,27928,EUR
2201212076,care,2026-05,7919,35847,EUR
2201212076,care,2026-06,6693,42540,EUR
2201212076,care,2026-07,7919,50459,EUR
2201212076,care,2026-08,4535,54994,EUR
2201212079,care,2024-01,159626,159626,BGN
2201212079,care,2024-02,150404,310030,BGN
2201212079,care,2024-03,159626,469656,BGN
2201212079,care,2024-04,400263,869919,BGN
2201212079,care,2024-05,255720,1125639,BGN
2201212079,care,2024-06,195832,1321471,BGN
2201212079,care,2024-07,274509,1595980,BGN
2201212079,care,2024-08,200538,1796518,BGN
2201212079,care,2024-09,151362,1947880,BGN
2201212079,care,2024-10,255807,2203687,BGN
2201212079,care,2024-11,263351,2467038,BGN
2201212079,care,2024-12,255807,2722845,BGN
2201212079,care,2025-01,193501,193501,BGN
2201212079,care,2025-02,236729,430230,BGN
2201212079,care,2025-03,281807,712037,BGN
2201212079,care,2025-04,255807,967844,BGN
2201212079,care,2025-05,395163,1363007,BGN
2201212079,care,2025-06,312505,1675513,BGN
2201212079,care,2025-07,288306,1963819,BGN
2201212079,care,2025-08,157788,2121607,BGN
2201212079,care,2025-09,205477,2327084,BGN
2201212079,care,2025-10,237346,2564430,BGN
2201212079,care,2025-11,237346,2801776,BGN
2201212079,care,2025-12,237346,3039122,BGN
2201212079,care,2026-01,121353,121353,EUR
2201212079,care,2026-02,132213,253566,EUR
2201212079,care,2026-03,132213,385779,EUR
2201212079,care,2026-04,132213,517992,EUR
2201212079,care,2026-05,132213,650205,EUR
2201212079,care,2026-06,132213,782418,EUR
2201212079,care,2026-07,180226,962645,EUR
2201212079,care,2026-08,127514,1090158,EUR
2201212079,devices,2024-05,2427,2427,BGN
2201212079,devices,2024-06,18480,20907,BGN
2201212079,devices,2024-07,17878,38785,BGN
2201212079,devices,2024-08,27000,65785,BGN
2201212079,devices,2024-09,3480,69265,BGN
2201212079,devices,2024-10,9600,78865,BGN
2201212079,devices,2024-11,7200,86065,BGN
2201212079,devices,2024-12,29525,115590,BGN
2201212079,devices,2025-01,16629,16629,BGN
2201212079,devices,2025-02,12060,28689,BGN
2201212079,devices,2025-03,15240,43929,BGN
2201212079,devices,2025-04,16319,60248,BGN
2201212079,devices,2025-05,31320,91568,BGN
2201212079,devices,2025-06,25139,116707,BGN
2201212079,devices,2025-07,18960,135667,BGN
2201212079,devices,2025-08,21775,157442,BGN
2201212079,devices,2025-09,6960,164402,BGN
2201212079,devices,2025-10,15480,179882,BGN
2201212079,devices,2025-11,15595,195477,BGN
2201212079,devices,2025-12,0,195477,BGN
2201212079,devices,2026-01,19726,19726,EUR
2201212079,devices,2026-02,5614,25340,EUR
2201212079,devices,2026-03,16290,41629,EUR
2201212079,devices,2026-04,0,41629,EUR
2201212079,devices,2026-05,6135,47764,EUR
2201212079,devices,2026-06,9449,57213,EUR
2201212079,devices,2026-07,14633,71846,EUR
2201212079,devices,2026-08,14415,86261,EUR
2201212086,care,2024-01,373625,373625,BGN
2201212086,care,2024-02,453793,827418,BGN
2201212086,care,2024-03,413709,1241127,BGN
2201212086,care,2024-04,562021,1803148,BGN
2201212086,care,2024-05,522640,2325789,BGN
2201212086,care,2024-06,458387,2784176,BGN
2201212086,care,2024-07,478120,3262296,BGN
2201212086,care,2024-08,475370,3737666,BGN
2201212086,care,2024-09,317795,4055461,BGN
2201212086,care,2024-10,454148,4509609,BGN
2201212086,care,2024-11,551490,5061098,BGN
2201212086,care,2024-12,487438,5548536,BGN
2201212086,care,2025-01,343112,343112,BGN
2201212086,care,2025-02,486938,830050,BGN
2201212086,care,2025-03,436623,1266674,BGN
2201212086,care,2025-04,469747,1736421,BGN
2201212086,care,2025-05,477599,2214019,BGN
2201212086,care,2025-06,433348,2647367,BGN
2201212086,care,2025-07,478762,3126129,BGN
2201212086,care,2025-08,456231,3582360,BGN
2201212086,care,2025-09,342790,3925150,BGN
2201212086,care,2025-10,457574,4382724,BGN
2201212086,care,2025-11,487847,4870571,BGN
2201212086,care,2025-12,392464,5263035,BGN
2201212086,care,2026-01,174467,174467,EUR
2201212086,care,2026-02,225493,399960,EUR
2201212086,care,2026-03,229806,629765,EUR
2201212086,care,2026-04,240059,869824,EUR
2201212086,care,2026-05,224300,1094124,EUR
2201212086,care,2026-06,205510,1299634,EUR
2201212086,care,2026-07,239043,1538678,EUR
2201212086,care,2026-08,220473,1759151,EUR
2201212086,medicines,2024-01,1477116,1477116,BGN
2201212086,medicines,2024-02,1492551,2969667,BGN
2201212086,medicines,2024-03,1485063,4454730,BGN
2201212086,medicines,2024-04,1585084,6039814,BGN
2201212086,medicines,2024-05,1647873,7687687,BGN
2201212086,medicines,2024-06,1786004,9473691,BGN
2201212086,medicines,2024-07,1664127,11137818,BGN
2201212086,medicines,2024-08,1580864,12718681,BGN
2201212086,medicines,2024-09,1681181,14399862,BGN
2201212086,medicines,2024-10,1805572,16205434,BGN
2201212086,medicines,2024-11,1628687,17834121,BGN
2201212086,medicines,2024-12,1913662,19747783,BGN
2201212086,medicines,2025-01,1838554,1838554,BGN
2201212086,medicines,2025-02,1837496,3676051,BGN
2201212086,medicines,2025-03,2086271,5762322,BGN
2201212086,medicines,2025-04,1881059,7643381,BGN
2201212086,medicines,2025-05,2038332,9681713,BGN
2201212086,medicines,2025-06,2244515,11926228,BGN
2201212086,medicines,2025-07,2268418,14194645,BGN
2201212086,medicines,2025-08,2088842,16283487,BGN
2201212086,medicines,2025-09,2239186,18522673,BGN
2201212086,medicines,2025-10,2020917,20543590,BGN
2201212086,medicines,2025-11,1702470,22246060,BGN
2201212086,medicines,2025-12,1158200,23404260,BGN
2201212086,medicines,2026-01,570903,570903,EUR
2201212086,medicines,2026-02,847566,1418469,EUR
2201212086,medicines,2026-03,1015823,2434292,EUR
2201212086,medicines,2026-04,981361,3415653,EUR
2201212086,medicines,2026-05,1056300,4471953,EUR
2201212086,medicines,2026-06,1155828,5627781,EUR
2201212086,medicines,2026-07,1074271,6702052,EUR
2201212086,medicines,2026-08,1137357,7839409,EUR
2201212090,care,2024-01,432,432,BGN
2201212090,care,2024-02,540,972,BGN
2201212090,care,2024-03,756,1728,BGN
2201212090,care,2024-04,39068,40796,BGN
2201212090,care,2024-05,48896,89692,BGN
2201212090,care,2024-06,43982,133674,BGN
2201212090,care,2024-07,43982,177656,BGN
2201212090,care,2024-08,43982,221638,BGN
2201212090,care,2024-09,43982,265620,BGN
2201212090,care,2024-10,43982,309602,BGN
2201212090,care,2024-11,73221,382823,BGN
2201212090,care,2024-12,43982,426805,BGN
2201212090,care,2025-01,43982,43982,BGN
2201212090,care,2025-02,43982,87964,BGN
2201212090,care,2025-03,43982,131946,BGN
2201212090,care,2025-04,43982,175928,BGN
2201212090,care,2025-05,372273,548201,BGN
2201212090,care,2025-06,125650,673851,BGN
2201212090,care,2025-07,84498,758350,BGN
2201212090,care,2025-08,84305,842654,BGN
2201212090,care,2025-09,56763,899418,BGN
2201212090,care,2025-10,55689,955107,BGN
2201212090,care,2025-11,115939,1071046,BGN
2201212090,care,2025-12,100805,1171851,BGN
2201212090,care,2026-01,39203,39203,EUR
2201212090,care,2026-02,50822,90025,EUR
2201212090,care,2026-03,47320,137345,EUR
2201212090,care,2026-04,41491,178836,EUR
2201212090,care,2026-05,41491,220327,EUR
2201212090,care,2026-06,41491,261818,EUR
2201212090,care,2026-07,41491,303309,EUR
2201212090,care,2026-08,39908,343217,EUR
2201212095,care,2024-01,118693,118693,BGN
2201212095,care,2024-02,118493,237186,BGN
2201212095,care,2024-03,118893,356079,BGN
2201212095,care,2024-04,282193,638272,BGN
2201212095,care,2024-05,183964,822236,BGN
2201212095,care,2024-06,183964,1006200,BGN
2201212095,care,2024-07,183964,1190164,BGN
2201212095,care,2024-08,183964,1374128,BGN
2201212095,care,2024-09,147697,1521825,BGN
2201212095,care,2024-10,162222,1684047,BGN
2201212095,care,2024-11,205706,1889753,BGN
2201212095,care,2024-12,183964,2073717,BGN
2201212095,care,2025-01,174671,174671,BGN
2201212095,care,2025-02,193257,367928,BGN
2201212095,care,2025-03,183964,551892,BGN
2201212095,care,2025-04,183964,735856,BGN
2201212095,care,2025-05,322195,1058051,BGN
2201212095,care,2025-06,201317,1259368,BGN
2201212095,care,2025-07,213444,1472812,BGN
2201212095,care,2025-08,174888,1647700,BGN
2201212095,care,2025-09,173266,1820966,BGN
2201212095,care,2025-10,198545,2019511,BGN
2201212095,care,2025-11,204305,2223816,BGN
2201212095,care,2025-12,201425,2425241,BGN
2201212095,care,2026-01,102987,102987,EUR
2201212095,care,2026-02,104467,207454,EUR
2201212095,care,2026-03,104467,311921,EUR
2201212095,care,2026-04,104467,416388,EUR
2201212095,care,2026-05,104467,520855,EUR
2201212095,care,2026-06,104467,625322,EUR
2201212095,care,2026-07,104467,729789,EUR
2201212095,care,2026-08,104467,834256,EUR
2201212102,care,2024-01,5584,5584,BGN
2201212102,care,2024-02,7614,13198,BGN
2201212102,care,2024-03,6091,19289,BGN
2201212102,care,2024-04,6700,25989,BGN
2201212102,care,2024-05,8528,34517,BGN
2201212102,care,2024-06,7710,42227,BGN
2201212102,care,2024-07,11174,53401,BGN
2201212102,care,2024-08,8528,61928,BGN
2201212102,care,2024-09,1217,63145,BGN
2201212102,care,2024-10,12792,75937,BGN
2201212102,care,2024-11,8833,84770,BGN
2201212102,care,2024-12,8528,93298,BGN
2201212102,care,2025-01,7309,7309,BGN
2201212102,care,2025-02,0,7309,BGN
2201212102,care,2025-03,18275,25584,BGN
2201212102,care,2025-04,8528,34112,BGN
2201212102,care,2025-05,33195,67307,BGN
2201212102,care,2025-06,17663,84970,BGN
2201212102,care,2025-07,9746,94716,BGN
2201212102,care,2025-08,10965,105681,BGN
2201212102,care,2025-09,0,105681,BGN
2201212102,care,2025-10,12182,117863,BGN
2201212102,care,2025-11,10355,128218,BGN
2201212102,care,2025-12,12792,141009,BGN
2201212102,care,2026-01,3426,3426,EUR
2201212102,care,2026-02,8097,11523,EUR
2201212102,care,2026-03,6823,18347,EUR
2201212102,care,2026-04,6059,24406,EUR
2201212102,care,2026-05,2180,26586,EUR
2201212102,care,2026-06,6357,32942,EUR
2201212102,care,2026-07,3115,36057,EUR
2201212102,care,2026-08,4794,40851,EUR
2201212116,care,2024-05,19919,19919,BGN
2201212116,care,2024-06,21670,41589,BGN
2201212116,care,2024-07,33182,74772,BGN
2201212116,care,2024-08,37706,112478,BGN
2201212116,care,2024-09,1150,113628,BGN
2201212116,care,2024-10,29992,143620,BGN
2201212116,care,2024-11,34751,178371,BGN
2201212116,care,2024-12,29992,208363,BGN
2201212116,care,2025-01,28464,28464,BGN
2201212116,care,2025-02,31520,59984,BGN
2201212116,care,2025-03,29992,89976,BGN
2201212116,care,2025-04,29992,119968,BGN
2201212116,care,2025-05,69126,189094,BGN
2201212116,care,2025-06,31314,220408,BGN
2201212116,care,2025-07,31237,251645,BGN
2201212116,care,2025-08,33497,285142,BGN
2201212116,care,2025-09,15818,300960,BGN
2201212116,care,2025-10,30734,331694,BGN
2201212116,care,2025-11,30734,362428,BGN
2201212116,care,2025-12,30734,393162,BGN
2201212116,care,2026-01,15714,15714,EUR
2201212116,care,2026-02,15572,31286,EUR
2201212116,care,2026-03,15572,46858,EUR
2201212116,care,2026-04,15572,62430,EUR
2201212116,care,2026-05,15572,78002,EUR
2201212116,care,2026-06,15572,93574,EUR
2201212116,care,2026-07,15572,109146,EUR
2201212116,care,2026-08,15572,124718,EUR
2201214020,care,2024-01,2304011,2304011,BGN
2201214020,care,2024-02,2557135,4861146,BGN
2201214020,care,2024-03,2556372,7417518,BGN
2201214020,care,2024-04,2971572,10389090,BGN
2201214020,care,2024-05,2961672,13350762,BGN
2201214020,care,2024-06,2810911,16161673,BGN
2201214020,care,2024-07,2762994,18924667,BGN
2201214020,care,2024-08,2959494,21884161,BGN
2201214020,care,2024-09,2844815,24728976,BGN
2201214020,care,2024-10,2528899,27257875,BGN
2201214020,care,2024-11,3042764,30300639,BGN
2201214020,care,2024-12,2784568,33085207,BGN
2201214020,care,2025-01,2437735,2437735,BGN
2201214020,care,2025-02,2821546,5259281,BGN
2201214020,care,2025-03,2987736,8247017,BGN
2201214020,care,2025-04,2591292,10838308,BGN
2201214020,care,2025-05,3011364,13849672,BGN
2201214020,care,2025-06,2862268,16711940,BGN
2201214020,care,2025-07,3066357,19778297,BGN
2201214020,care,2025-08,3061930,22840227,BGN
2201214020,care,2025-09,2791904,25632131,BGN
2201214020,care,2025-10,2498822,28130954,BGN
2201214020,care,2025-11,3214034,31344988,BGN
2201214020,care,2025-12,3013577,34358565,BGN
2201214020,care,2026-01,1537681,1537681,EUR
2201214020,care,2026-02,1408635,2946316,EUR
2201214020,care,2026-03,1472644,4418960,EUR
2201214020,care,2026-04,1643468,6062428,EUR
2201214020,care,2026-05,1543721,7606149,EUR
2201214020,care,2026-06,1308977,8915125,EUR
2201214020,care,2026-07,1540569,10455694,EUR
2201214020,care,2026-08,1544870,12000564,EUR
2201214020,devices,2024-02,12236,12236,BGN
2201214020,devices,2024-03,13067,25303,BGN
2201214020,devices,2024-04,18831,44134,BGN
2201214020,devices,2024-05,17621,61755,BGN
2201214020,devices,2024-06,17026,78781,BGN
2201214020,devices,2024-07,11754,90535,BGN
2201214020,devices,2024-08,14038,104573,BGN
2201214020,devices,2024-09,20531,125104,BGN
2201214020,devices,2024-10,18166,143270,BGN
2201214020,devices,2024-11,26999,170269,BGN
2201214020,devices,2024-12,16318,186587,BGN
2201214020,devices,2025-01,6718,6718,BGN
2201214020,devices,2025-02,16195,22913,BGN
2201214020,devices,2025-03,17532,40445,BGN
2201214020,devices,2025-04,15396,55841,BGN
2201214020,devices,2025-05,8400,64241,BGN
2201214020,devices,2025-06,24602,88843,BGN
2201214020,devices,2025-07,27171,116014,BGN
2201214020,devices,2025-08,20798,136812,BGN
2201214020,devices,2025-09,25577,162389,BGN
2201214020,devices,2025-10,21924,184313,BGN
2201214020,devices,2025-11,24518,208831,BGN
2201214020,devices,2025-12,0,208831,BGN
2201214020,devices,2026-01,18495,18495,EUR
2201214020,devices,2026-02,9594,28089,EUR
2201214020,devices,2026-03,14488,42577,EUR
2201214020,devices,2026-04,0,42577,EUR
2201214020,devices,2026-05,10835,53412,EUR
2201214020,devices,2026-06,7768,61179,EUR
2201214020,devices,2026-07,7206,68386,EUR
2201214020,devices,2026-08,8912,77297,EUR
2201214020,medicines,2024-01,5552766,5552766,BGN
2201214020,medicines,2024-02,5238086,10790852,BGN
2201214020,medicines,2024-03,5716479,16507331,BGN
2201214020,medicines,2024-04,5570166,22077497,BGN
2201214020,medicines,2024-05,5621902,27699399,BGN
2201214020,medicines,2024-06,6064094,33763493,BGN
2201214020,medicines,2024-07,5562007,39325500,BGN
2201214020,medicines,2024-08,5878015,45203515,BGN
2201214020,medicines,2024-09,6248932,51452446,BGN
2201214020,medicines,2024-10,6498797,57951243,BGN
2201214020,medicines,2024-11,5900469,63851713,BGN
2201214020,medicines,2024-12,6853860,70705573,BGN
2201214020,medicines,2025-01,5874528,5874528,BGN
2201214020,medicines,2025-02,6282558,12157086,BGN
2201214020,medicines,2025-03,6869968,19027054,BGN
2201214020,medicines,2025-04,6072386,25099440,BGN
2201214020,medicines,2025-05,6388052,31487492,BGN
2201214020,medicines,2025-06,6845446,38332938,BGN
2201214020,medicines,2025-07,5588951,43921889,BGN
2201214020,medicines,2025-08,5796319,49718209,BGN
2201214020,medicines,2025-09,6758248,56476456,BGN
2201214020,medicines,2025-10,6480360,62956816,BGN
2201214020,medicines,2025-11,6444477,69401293,BGN
2201214020,medicines,2025-12,7110162,76511455,BGN
2201214020,medicines,2026-01,3248236,3248236,EUR
2201214020,medicines,2026-02,2980668,6228905,EUR
2201214020,medicines,2026-03,3014859,9243764,EUR
2201214020,medicines,2026-04,2945951,12189714,EUR
2201214020,medicines,2026-05,3150839,15340554,EUR
2201214020,medicines,2026-06,3331300,18671854,EUR
2201214020,medicines,2026-07,2969610,21641464,EUR
2201214020,medicines,2026-08,3192778,24834241,EUR
2201222024,care,2024-01,12208,12208,BGN
2201222024,care,2024-02,10494,22702,BGN
2201222024,care,2024-03,14665,37367,BGN
2201222024,care,2024-04,14642,52009,BGN
2201222024,care,2024-05,14642,66651,BGN
2201222024,care,2024-06,14642,81293,BGN
2201222024,care,2024-07,14642,95935,BGN
2201222024,care,2024-08,14642,110577,BGN
2201222024,care,2024-09,11358,121935,BGN
2201222024,care,2024-10,14084,136019,BGN
2201222024,care,2024-11,15200,151219,BGN
2201222024,care,2024-12,14642,165861,BGN
2201222024,care,2025-01,8795,8795,BGN
2201222024,care,2025-02,12137,20933,BGN
2201222024,care,2025-03,15200,36133,BGN
2201222024,care,2025-04,14642,50775,BGN
2201222024,care,2025-05,18442,69217,BGN
2201222024,care,2025-06,13661,82878,BGN
2201222024,care,2025-07,10892,93771,BGN
2201222024,care,2025-08,13232,107003,BGN
2201222024,care,2025-09,12137,119141,BGN
2201222024,care,2025-10,12044,131185,BGN
2201222024,care,2025-11,12044,143229,BGN
2201222024,care,2025-12,12044,155273,BGN
2201222024,care,2026-01,6158,6158,EUR
2201222024,care,2026-02,6264,12422,EUR
2201222024,care,2026-03,7470,19892,EUR
2201222024,care,2026-04,6867,26759,EUR
2201222024,care,2026-05,6867,33626,EUR
2201222024,care,2026-06,6867,40493,EUR
2201222024,care,2026-07,6867,47360,EUR
2201222024,care,2026-08,6867,54227,EUR
2201222025,care,2024-01,1228,1228,BGN
2201222025,care,2024-02,1945,3174,BGN
2201222025,care,2024-03,4377,7551,BGN
2201222025,care,2024-04,2784,10335,BGN
2201222025,care,2024-05,1002,11337,BGN
2201222025,care,2024-06,3063,14400,BGN
2201222025,care,2024-07,3507,17906,BGN
2201222025,care,2024-08,1782,19688,BGN
2201222025,care,2024-09,4008,23696,BGN
2201222025,care,2024-10,2004,25700,BGN
2201222025,care,2024-11,5067,30767,BGN
2201222025,care,2024-12,2505,33271,BGN
2201222025,care,2025-01,1281,1281,BGN
2201222025,care,2025-02,2505,3786,BGN
2201222025,care,2025-03,6849,10634,BGN
2201222025,care,2025-04,3063,13697,BGN
2201222025,care,2025-05,2784,16481,BGN
2201222025,care,2025-06,4065,20546,BGN
2201222025,care,2025-07,4509,25055,BGN
2201222025,care,2025-08,501,25556,BGN
2201222025,care,2025-09,2783,28339,BGN
2201222025,care,2025-10,3545,31884,BGN
2201222025,care,2025-11,3545,35429,BGN
2201222025,care,2025-12,3545,38974,BGN
2201222025,care,2026-01,1423,1423,EUR
2201222025,care,2026-02,1566,2989,EUR
2201222025,care,2026-03,2192,5181,EUR
2201222025,care,2026-04,1054,6235,EUR
2201222025,care,2026-05,2414,8649,EUR
2201222025,care,2026-06,1734,10383,EUR
2201222025,care,2026-07,1734,12117,EUR
2201222025,care,2026-08,1025,13142,EUR
2201222026,care,2024-01,5886,5886,BGN
2201222026,care,2024-02,9570,15456,BGN
2201222026,care,2024-03,10568,26024,BGN
2201222026,care,2024-04,15314,41338,BGN
2201222026,care,2024-05,15314,56652,BGN
2201222026,care,2024-06,15314,71966,BGN
2201222026,care,2024-07,15314,87280,BGN
2201222026,care,2024-08,15314,102594,BGN
2201222026,care,2024-09,15314,117908,BGN
2201222026,care,2024-10,15314,133222,BGN
2201222026,care,2024-11,17167,150389,BGN
2201222026,care,2024-12,11404,161792,BGN
2201222026,care,2025-01,-723,-723,BGN
2201222026,care,2025-02,1224,501,BGN
2201222026,care,2025-03,7185,7686,BGN
2201222026,care,2025-04,15314,23000,BGN
2201222026,care,2025-05,2822,25822,BGN
2201222026,care,2025-06,3660,29481,BGN
2201222026,care,2025-07,11028,40509,BGN
2201222026,care,2025-08,11972,52481,BGN
2201222026,care,2025-09,10298,62779,BGN
2201222026,care,2025-10,2822,65601,BGN
2201222026,care,2025-11,2822,68423,BGN
2201222026,care,2025-12,2822,71245,BGN
2201222026,care,2026-01,5781,5781,EUR
2201222026,care,2026-02,1054,6835,EUR
2201222026,care,2026-03,2620,9455,EUR
2201222026,care,2026-04,3275,12729,EUR
2201222026,care,2026-05,4555,17285,EUR
2201222026,care,2026-06,3531,20816,EUR
2201222026,care,2026-07,4281,25097,EUR
2201222026,care,2026-08,3787,28884,EUR
2201222027,care,2024-01,120213,120213,BGN
2201222027,care,2024-02,124135,244347,BGN
2201222027,care,2024-03,123390,367737,BGN
2201222027,care,2024-04,136064,503801,BGN
2201222027,care,2024-05,136064,639865,BGN
2201222027,care,2024-06,136064,775929,BGN
2201222027,care,2024-07,136064,911993,BGN
2201222027,care,2024-08,136064,1048057,BGN
2201222027,care,2024-09,136064,1184121,BGN
2201222027,care,2024-10,136064,1320185,BGN
2201222027,care,2024-11,152336,1472521,BGN
2201222027,care,2024-12,136064,1608585,BGN
2201222027,care,2025-01,128302,128302,BGN
2201222027,care,2025-02,127420,255722,BGN
2201222027,care,2025-03,115150,370872,BGN
2201222027,care,2025-04,136064,506936,BGN
2201222027,care,2025-05,180120,687056,BGN
2201222027,care,2025-06,126656,813712,BGN
2201222027,care,2025-07,134330,948042,BGN
2201222027,care,2025-08,127267,1075309,BGN
2201222027,care,2025-09,153627,1228936,BGN
2201222027,care,2025-10,119114,1348050,BGN
2201222027,care,2025-11,128134,1476184,BGN
2201222027,care,2025-12,123624,1599808,BGN
2201222027,care,2026-01,61433,61433,EUR
2201222027,care,2026-02,63383,124816,EUR
2201222027,care,2026-03,61220,186037,EUR
2201222027,care,2026-04,66694,252731,EUR
2201222027,care,2026-05,66694,319425,EUR
2201222027,care,2026-06,66694,386119,EUR
2201222027,care,2026-07,66026,452144,EUR
2201222027,care,2026-08,67362,519507,EUR
2201232029,care,2024-01,352301,352301,BGN
2201232029,care,2024-02,235202,587503,BGN
2201232029,care,2024-03,395114,982617,BGN
2201232029,care,2024-04,450204,1432821,BGN
2201232029,care,2024-05,428766,1861587,BGN
2201232029,care,2024-06,428551,2290139,BGN
2201232029,care,2024-07,407543,2697681,BGN
2201232029,care,2024-08,432763,3130444,BGN
2201232029,care,2024-09,275821,3406265,BGN
2201232029,care,2024-10,411777,3818043,BGN
2201232029,care,2024-11,445755,4263797,BGN
2201232029,care,2024-12,428766,4692563,BGN
2201232029,care,2025-01,333000,333000,BGN
2201232029,care,2025-02,276804,609803,BGN
2201232029,care,2025-03,348184,957987,BGN
2201232029,care,2025-04,428766,1386753,BGN
2201232029,care,2025-05,332243,1718996,BGN
2201232029,care,2025-06,380009,2099006,BGN
2201232029,care,2025-07,423577,2522582,BGN
2201232029,care,2025-08,433631,2956213,BGN
2201232029,care,2025-09,373136,3329349,BGN
2201232029,care,2025-10,319329,3648678,BGN
2201232029,care,2025-11,319329,3968007,BGN
2201232029,care,2025-12,319329,4287336,BGN
2201232029,care,2026-01,163273,163273,EUR
2201232029,care,2026-02,179149,342422,EUR
2201232029,care,2026-03,201935,544357,EUR
2201232029,care,2026-04,203100,747457,EUR
2201232029,care,2026-05,203100,950557,EUR
2201232029,care,2026-06,203100,1153657,EUR
2201232029,care,2026-07,235528,1389185,EUR
2201232029,care,2026-08,244677,1633862,EUR
2201232030,care,2024-01,73961,73961,BGN
2201232030,care,2024-02,73961,147922,BGN
2201232030,care,2024-03,73961,221883,BGN
2201232030,care,2024-04,106772,328655,BGN
2201232030,care,2024-05,100324,428979,BGN
2201232030,care,2024-06,100324,529303,BGN
2201232030,care,2024-07,100324,629627,BGN
2201232030,care,2024-08,100324,729951,BGN
2201232030,care,2024-09,100324,830275,BGN
2201232030,care,2024-10,100324,930599,BGN
2201232030,care,2024-11,126414,1057013,BGN
2201232030,care,2024-12,100324,1157337,BGN
2201232030,care,2025-01,100324,100324,BGN
2201232030,care,2025-02,48657,148981,BGN
2201232030,care,2025-03,99087,248068,BGN
2201232030,care,2025-04,100324,348392,BGN
2201232030,care,2025-05,258789,607182,BGN
2201232030,care,2025-06,123186,730368,BGN
2201232030,care,2025-07,165056,895423,BGN
2201232030,care,2025-08,137776,1033200,BGN
2201232030,care,2025-09,100819,1134018,BGN
2201232030,care,2025-10,82689,1216707,BGN
2201232030,care,2025-11,82689,1299396,BGN
2201232030,care,2025-12,82689,1382085,BGN
2201232030,care,2026-01,50643,50643,EUR
2201232030,care,2026-02,23213,73856,EUR
2201232030,care,2026-03,36634,110490,EUR
2201232030,care,2026-04,58508,168998,EUR
2201232030,care,2026-05,58508,227506,EUR
2201232030,care,2026-06,58508,286014,EUR
2201232030,care,2026-07,53190,339204,EUR
2201232030,care,2026-08,51575,390778,EUR
2201233028,care,2024-01,245221,245221,BGN
2201233028,care,2024-02,224114,469335,BGN
2201233028,care,2024-03,248073,717408,BGN
2201233028,care,2024-04,268050,985458,BGN
2201233028,care,2024-05,267564,1253022,BGN
2201233028,care,2024-06,268536,1521558,BGN
2201233028,care,2024-07,268050,1789608,BGN
2201233028,care,2024-08,268050,2057658,BGN
2201233028,care,2024-09,268050,2325708,BGN
2201233028,care,2024-10,268050,2593758,BGN
2201233028,care,2024-11,316919,2910677,BGN
2201233028,care,2024-12,268050,3178727,BGN
2201233028,care,2025-01,268050,268050,BGN
2201233028,care,2025-02,179816,447866,BGN
2201233028,care,2025-03,244223,692088,BGN
2201233028,care,2025-04,268050,960138,BGN
2201233028,care,2025-05,723066,1683205,BGN
2201233028,care,2025-06,367611,2050816,BGN
2201233028,care,2025-07,389747,2440563,BGN
2201233028,care,2025-08,352222,2792785,BGN
2201233028,care,2025-09,309827,3102611,BGN
2201233028,care,2025-10,230696,3333307,BGN
2201233028,care,2025-11,230696,3564003,BGN
2201233028,care,2025-12,230696,3794699,BGN
2201233028,care,2026-01,140368,140368,EUR
2201233028,care,2026-02,59092,199460,EUR
2201233028,care,2026-03,132676,332136,EUR
2201233028,care,2026-04,163893,496029,EUR
2201233028,care,2026-05,163893,659922,EUR
2201233028,care,2026-06,163893,823815,EUR
2201233028,care,2026-07,163893,987708,EUR
2201233028,care,2026-08,133088,1120796,EUR
2201233087,care,2024-01,54303,54303,BGN
2201233087,care,2024-02,38898,93201,BGN
2201233087,care,2024-03,26750,119952,BGN
2201233087,care,2024-04,72474,192426,BGN
2201233087,care,2024-05,110197,302623,BGN
2201233087,care,2024-06,69841,372464,BGN
2201233087,care,2024-07,51269,423733,BGN
2201233087,care,2024-08,49626,473360,BGN
2201233087,care,2024-09,55535,528895,BGN
2201233087,care,2024-10,66136,595030,BGN
2201233087,care,2024-11,104128,699158,BGN
2201233087,care,2024-12,111955,811114,BGN
2201233087,care,2025-01,66127,66127,BGN
2201233087,care,2025-02,12359,78486,BGN
2201233087,care,2025-03,32340,110826,BGN
2201233087,care,2025-04,74676,185503,BGN
2201233087,care,2025-05,68457,253959,BGN
2201233087,care,2025-06,36942,290901,BGN
2201233087,care,2025-07,52742,343643,BGN
2201233087,care,2025-08,58948,402591,BGN
2201233087,care,2025-09,46761,449352,BGN
2201233087,care,2025-10,36942,486294,BGN
2201233087,care,2025-11,36942,523236,BGN
2201233087,care,2025-12,36942,560178,BGN
2201233087,care,2026-01,25073,25073,EUR
2201233087,care,2026-02,16393,41466,EUR
2201233087,care,2026-03,18984,60449,EUR
2201233087,care,2026-04,31343,91792,EUR
2201233087,care,2026-05,31343,123135,EUR
2201233087,care,2026-06,26193,149328,EUR
2201233087,care,2026-07,20395,169723,EUR
2201233087,care,2026-08,17703,187426,EUR
2201234021,care,2024-01,148160,148160,BGN
2201234021,care,2024-02,104482,252643,BGN
2201234021,care,2024-03,126191,378834,BGN
2201234021,care,2024-04,153916,532749,BGN
2201234021,care,2024-05,181148,713898,BGN
2201234021,care,2024-06,148966,862864,BGN
2201234021,care,2024-07,175317,1038181,BGN
2201234021,care,2024-08,178313,1216494,BGN
2201234021,care,2024-09,167532,1384026,BGN
2201234021,care,2024-10,145690,1529715,BGN
2201234021,care,2024-11,188819,1718534,BGN
2201234021,care,2024-12,168088,1886622,BGN
2201234021,care,2025-01,167532,167532,BGN
2201234021,care,2025-02,136576,304108,BGN
2201234021,care,2025-03,170540,474648,BGN
2201234021,care,2025-04,156589,631237,BGN
2201234021,care,2025-05,173952,805190,BGN
2201234021,care,2025-06,158216,963406,BGN
2201234021,care,2025-07,166873,1130279,BGN
2201234021,care,2025-08,158993,1289272,BGN
2201234021,care,2025-09,169227,1458499,BGN
2201234021,care,2025-10,158216,1616715,BGN
2201234021,care,2025-11,158216,1774931,BGN
2201234021,care,2025-12,156992,1931923,BGN
2201234021,care,2026-01,112203,112203,EUR
2201234021,care,2026-02,71234,183436,EUR
2201234021,care,2026-03,84613,268049,EUR
2201234021,care,2026-04,108052,376101,EUR
2201234021,care,2026-05,98751,474852,EUR
2201234021,care,2026-06,91131,565983,EUR
2201234021,care,2026-07,89276,655259,EUR
2201234021,care,2026-08,109232,764491,EUR
2201251096,care,2024-01,53968,53968,BGN
2201251096,care,2024-02,55890,109858,BGN
2201251096,care,2024-03,55265,165123,BGN
2201251096,care,2024-04,61964,227087,BGN
2201251096,care,2024-05,64192,291279,BGN
2201251096,care,2024-06,56768,348047,BGN
2201251096,care,2024-07,70004,418051,BGN
2201251096,care,2024-08,61058,479109,BGN
2201251096,care,2024-09,0,479109,BGN
2201251096,care,2024-10,104392,583501,BGN
2201251096,care,2024-11,66898,650399,BGN
2201251096,care,2024-12,63232,713631,BGN
2201251096,care,2025-01,63232,63232,BGN
2201251096,care,2025-02,63232,126464,BGN
2201251096,care,2025-03,63232,189696,BGN
2201251096,care,2025-04,63232,252928,BGN
2201251096,care,2025-05,80346,333274,BGN
2201251096,care,2025-06,90658,423932,BGN
2201251096,care,2025-07,57512,481444,BGN
2201251096,care,2025-08,63042,544485,BGN
2201251096,care,2025-09,47430,591916,BGN
2201251096,care,2025-10,52220,644135,BGN
2201251096,care,2025-11,85304,729439,BGN
2201251096,care,2025-12,57010,786449,BGN
2201251096,care,2026-01,35689,35689,EUR
2201251096,care,2026-02,24799,60488,EUR
2201251096,care,2026-03,25613,86101,EUR
2201251096,care,2026-04,33032,119133,EUR
2201251096,care,2026-05,33032,152165,EUR
2201251096,care,2026-06,29789,181955,EUR
2201251096,care,2026-07,33032,214987,EUR
2201251096,care,2026-08,33032,248019,EUR
2201252113,care,2024-01,8384,8384,BGN
2201252113,care,2024-02,18969,27353,BGN
2201252113,care,2024-03,13759,41112,BGN
2201252113,care,2024-04,0,41112,BGN
2201252113,care,2024-05,14030,55142,BGN
2201252113,care,2024-06,7015,62157,BGN
2201252113,care,2024-07,7015,69172,BGN
2201252113,care,2024-08,7015,76187,BGN
2201252113,care,2024-09,7015,83202,BGN
2201252113,care,2024-10,7015,90217,BGN
2201252113,care,2024-11,7952,98169,BGN
2201252113,care,2024-12,14030,112199,BGN
2201253089,care,2024-01,46981,46981,BGN
2201253089,care,2024-02,46981,93962,BGN
2201253089,care,2024-03,46981,140943,BGN
2201253089,care,2024-04,91416,232359,BGN
2201253089,care,2024-05,86035,318394,BGN
2201253089,care,2024-06,86035,404429,BGN
2201253089,care,2024-07,86035,490464,BGN
2201253089,care,2024-08,53984,544448,BGN
2201253089,care,2024-09,70020,614468,BGN
2201253089,care,2024-10,81241,695709,BGN
2201253089,care,2024-11,90829,786538,BGN
2201253089,care,2024-12,86035,872573,BGN
2201253089,care,2025-01,86035,86035,BGN
2201253089,care,2025-02,29631,115666,BGN
2201253089,care,2025-03,68051,183717,BGN
2201253089,care,2025-04,86035,269752,BGN
2201253089,care,2025-05,113275,383026,BGN
2201253089,care,2025-06,80537,463563,BGN
2201253089,care,2025-07,101530,565093,BGN
2201253089,care,2025-08,89289,654382,BGN
2201253089,care,2025-09,70656,725039,BGN
2201253089,care,2025-10,61239,786278,BGN
2201253089,care,2025-11,61239,847517,BGN
2201253089,care,2025-12,61239,908756,BGN
2201253089,care,2026-01,31312,31312,EUR
2201253089,care,2026-02,21289,52601,EUR
2201253089,care,2026-03,39399,92000,EUR
2201253089,care,2026-04,42367,134367,EUR
2201253089,care,2026-05,42367,176734,EUR
2201253089,care,2026-06,42367,219101,EUR
2201253089,care,2026-07,42367,261468,EUR
2201253089,care,2026-08,36439,297907,EUR
2201331047,care,2024-01,108,108,BGN
2201331047,care,2024-02,54,162,BGN
2201331047,care,2024-03,54,216,BGN
2201331047,care,2024-04,168,384,BGN
2201331047,care,2024-05,60,444,BGN
2201331047,care,2024-06,60,504,BGN
2201331047,care,2024-07,60,564,BGN
2201331047,care,2024-08,60,624,BGN
2201331047,care,2024-09,60,684,BGN
2201331047,care,2024-10,60,744,BGN
2201331047,care,2024-11,90,834,BGN
2201331047,care,2024-12,60,894,BGN
2201331047,care,2025-02,60,60,BGN
2201331047,care,2025-03,60,120,BGN
2201331047,care,2025-04,0,120,BGN
2201331047,care,2025-05,150,270,BGN
2201331047,care,2025-06,60,330,BGN
2201331047,care,2025-07,60,390,BGN
2201331047,care,2025-08,0,390,BGN
2201331047,care,2025-09,120,510,BGN
2201331047,care,2025-10,0,510,BGN
2201331047,care,2025-11,0,510,BGN
2201331047,care,2025-12,0,510,BGN
2201391092,care,2024-01,281502,281502,BGN
2201391092,care,2024-02,292216,573718,BGN
2201391092,care,2024-03,273197,846914,BGN
2201391092,care,2024-04,293414,1140328,BGN
2201391092,care,2024-05,282255,1422583,BGN
2201391092,care,2024-06,292703,1715286,BGN
2201391092,care,2024-07,277963,1993249,BGN
2201391092,care,2024-08,286050,2279299,BGN
2201391092,care,2024-09,269353,2548652,BGN
2201391092,care,2024-10,261612,2810264,BGN
2201391092,care,2024-11,277927,3088191,BGN
2201391092,care,2024-12,269011,3357202,BGN
2201391092,care,2025-01,273138,273138,BGN
2201391092,care,2025-02,278839,551977,BGN
2201391092,care,2025-03,255221,807198,BGN
2201391092,care,2025-04,286795,1093993,BGN
2201391092,care,2025-05,261141,1355134,BGN
2201391092,care,2025-06,273881,1629015,BGN
2201391092,care,2025-07,263159,1892174,BGN
2201391092,care,2025-08,262783,2154957,BGN
2201391092,care,2025-09,245646,2400603,BGN
2201391092,care,2025-10,243308,2643911,BGN
2201391092,care,2025-11,251218,2895129,BGN
2201391092,care,2025-12,244551,3139680,BGN
2201391092,care,2026-01,134934,134934,EUR
2201391092,care,2026-02,131930,266865,EUR
2201391092,care,2026-03,118638,385502,EUR
2201391092,care,2026-04,128419,513921,EUR
2201391092,care,2026-05,123521,637442,EUR
2201391092,care,2026-06,126851,764292,EUR
2201391092,care,2026-07,129220,893512,EUR
2201391092,care,2026-08,132345,1025857,EUR
2201391101,care,2024-01,333353,333353,BGN
2201391101,care,2024-02,360677,694030,BGN
2201391101,care,2024-03,312682,1006711,BGN
2201391101,care,2024-04,350750,1357461,BGN
2201391101,care,2024-05,347750,1705211,BGN
2201391101,care,2024-06,361750,2066961,BGN
2201391101,care,2024-07,319250,2386211,BGN
2201391101,care,2024-08,354000,2740211,BGN
2201391101,care,2024-09,328500,3068711,BGN
2201391101,care,2024-10,301250,3369961,BGN
2201391101,care,2024-11,319000,3688961,BGN
2201391101,care,2024-12,322250,4011211,BGN
2201391101,care,2025-01,329000,329000,BGN
2201391101,care,2025-02,345750,674750,BGN
2201391101,care,2025-03,304500,979250,BGN
2201391101,care,2025-04,327750,1307000,BGN
2201391101,care,2025-05,314250,1621250,BGN
2201391101,care,2025-06,314000,1935250,BGN
2201391101,care,2025-07,306500,2241750,BGN
2201391101,care,2025-08,300750,2542500,BGN
2201391101,care,2025-09,300250,2842750,BGN
2201391101,care,2025-10,294750,3137500,BGN
2201391101,care,2025-11,315750,3453250,BGN
2201391101,care,2025-12,283750,3737000,BGN
2201391101,care,2026-01,166166,166166,EUR
2201391101,care,2026-02,162459,328625,EUR
2201391101,care,2026-03,156963,485588,EUR
2201391101,care,2026-04,169873,655461,EUR
2201391101,care,2026-05,168850,824311,EUR
2201391101,care,2026-06,165910,990222,EUR
2201391101,care,2026-07,158369,1148591,EUR
2201391101,care,2026-08,165143,1313734,EUR
2201391111,care,2024-01,252094,252094,BGN
2201391111,care,2024-02,269201,521294,BGN
2201391111,care,2024-03,253994,775289,BGN
2201391111,care,2024-04,274250,1049539,BGN
2201391111,care,2024-05,277750,1327289,BGN
2201391111,care,2024-06,287500,1614789,BGN
2201391111,care,2024-07,268500,1883289,BGN
2201391111,care,2024-08,294000,2177289,BGN
2201391111,care,2024-09,284500,2461789,BGN
2201391111,care,2024-10,272000,2733789,BGN
2201391111,care,2024-11,309000,3042789,BGN
2201391111,care,2024-12,296000,3338789,BGN
2201391111,care,2025-01,309000,309000,BGN
2201391111,care,2025-02,329750,638750,BGN
2201391111,care,2025-03,290000,928750,BGN
2201391111,care,2025-04,317250,1246000,BGN
2201391111,care,2025-05,313250,1559250,BGN
2201391111,care,2025-06,327250,1886500,BGN
2201391111,care,2025-07,307750,2194250,BGN
2201391111,care,2025-08,328000,2522250,BGN
2201391111,care,2025-09,320250,2842500,BGN
2201391111,care,2025-10,324250,3166750,BGN
2201391111,care,2025-11,344250,3511000,BGN
2201391111,care,2025-12,325250,3836250,BGN
2201391111,care,2026-01,166933,166933,EUR
2201391111,care,2026-02,176008,342941,EUR
2201391111,care,2026-03,164632,507573,EUR
2201391111,care,2026-04,180865,688439,EUR
2201391111,care,2026-05,182655,871093,EUR
2201391111,care,2026-06,185083,1056177,EUR
2201391111,care,2026-07,185467,1241643,EUR
2201391111,care,2026-08,197354,1438998,EUR
2201391119,care,2026-07,2173,2173,EUR
2201391119,care,2026-08,13293,15466,EUR
2201911041,care,2024-01,1376279,1376279,BGN
2201911041,care,2024-02,1376279,2752558,BGN
2201911041,care,2024-03,1376279,4128837,BGN
2201911041,care,2024-04,2832945,6961782,BGN
2201911041,care,2024-05,1813601,8775383,BGN
2201911041,care,2024-06,1800249,10575632,BGN
2201911041,care,2024-07,1806529,12382161,BGN
2201911041,care,2024-08,1803786,14185948,BGN
2201911041,care,2024-09,1792154,15978102,BGN
2201911041,care,2024-10,1794538,17772639,BGN
2201911041,care,2024-11,2061506,19834145,BGN
2201911041,care,2024-12,1803787,21637932,BGN
2201911041,care,2025-01,1750256,1750256,BGN
2201911041,care,2025-02,1849009,3599265,BGN
2201911041,care,2025-03,1809612,5408877,BGN
2201911041,care,2025-04,1822843,7231720,BGN
2201911041,care,2025-05,4463651,11695370,BGN
2201911041,care,2025-06,2459770,14155140,BGN
2201911041,care,2025-07,2079543,16234683,BGN
2201911041,care,2025-08,2109969,18344652,BGN
2201911041,care,2025-09,2190555,20535207,BGN
2201911041,care,2025-10,1962776,22497983,BGN
2201911041,care,2025-11,2014201,24512184,BGN
2201911041,care,2025-12,2002557,26514742,BGN
2201911041,care,2026-01,1064233,1064233,EUR
2201911041,care,2026-02,1151048,2215281,EUR
2201911041,care,2026-03,1166041,3381322,EUR
2201911041,care,2026-04,1203190,4584512,EUR
2201911041,care,2026-05,1212238,5796750,EUR
2201911041,care,2026-06,1244606,7041357,EUR
2201911041,care,2026-07,1212292,8253648,EUR
2201911041,care,2026-08,1246656,9500304,EUR
2201911041,devices,2024-02,10785,10785,BGN
2201911041,devices,2024-03,8640,19425,BGN
2201911041,devices,2024-04,14935,34360,BGN
2201911041,devices,2024-05,12213,46573,BGN
2201911041,devices,2024-06,16375,62948,BGN
2201911041,devices,2024-07,15835,78783,BGN
2201911041,devices,2024-08,28255,107038,BGN
2201911041,devices,2024-09,7418,114456,BGN
2201911041,devices,2024-10,11990,126446,BGN
2201911041,devices,2024-11,11479,137925,BGN
2201911041,devices,2024-12,23265,161190,BGN
2201911041,devices,2025-01,22245,22245,BGN
2201911041,devices,2025-02,13080,35325,BGN
2201911041,devices,2025-03,13648,48973,BGN
2201911041,devices,2025-04,13675,62648,BGN
2201911041,devices,2025-05,16745,79393,BGN
2201911041,devices,2025-06,24193,103586,BGN
2201911041,devices,2025-07,10315,113901,BGN
2201911041,devices,2025-08,10795,124696,BGN
2201911041,devices,2025-09,16221,140917,BGN
2201911041,devices,2025-10,12900,153817,BGN
2201911041,devices,2025-11,17702,171519,BGN
2201911041,devices,2025-12,0,171519,BGN
2201911041,devices,2026-01,20052,20052,EUR
2201911041,devices,2026-02,8434,28486,EUR
2201911041,devices,2026-03,10877,39363,EUR
2201911041,devices,2026-04,0,39363,EUR
2201911041,devices,2026-05,9786,49149,EUR
2201911041,devices,2026-06,8057,57206,EUR
2201911041,devices,2026-07,5235,62441,EUR
2201911041,devices,2026-08,4682,67123,EUR
2201911041,medicines,2026-03,461,461,EUR
2201911041,medicines,2026-04,487,949,EUR
2201911041,medicines,2026-05,4659,5607,EUR
2201911041,medicines,2026-06,33238,38846,EUR
2201911041,medicines,2026-07,28702,67548,EUR
2201911041,medicines,2026-08,97683,165231,EUR
2201911042,care,2024-01,6166849,6166849,BGN
2201911042,care,2024-02,6198736,12365585,BGN
2201911042,care,2024-03,6175621,18541207,BGN
2201911042,care,2024-04,8799687,27340894,BGN
2201911042,care,2024-05,7163456,34504350,BGN
2201911042,care,2024-06,7088027,41592378,BGN
2201911042,care,2024-07,7222843,48815221,BGN
2201911042,care,2024-08,7175323,55990543,BGN
2201911042,care,2024-09,6792632,62783175,BGN
2201911042,care,2024-10,7120549,69903724,BGN
2201911042,care,2024-11,7791888,77695612,BGN
2201911042,care,2024-12,7116069,84811682,BGN
2201911042,care,2025-01,7067769,7067769,BGN
2201911042,care,2025-02,7166234,14234002,BGN
2201911042,care,2025-03,7074974,21308977,BGN
2201911042,care,2025-04,7196338,28505315,BGN
2201911042,care,2025-05,13872098,42377413,BGN
2201911042,care,2025-06,8649652,51027065,BGN
2201911042,care,2025-07,8042594,59069659,BGN
2201911042,care,2025-08,7758101,66827760,BGN
2201911042,care,2025-09,7379357,74207116,BGN
2201911042,care,2025-10,6538717,80745833,BGN
2201911042,care,2025-11,8884901,89630735,BGN
2201911042,care,2025-12,7818067,97448802,BGN
2201911042,care,2026-01,4066713,4066713,EUR
2201911042,care,2026-02,3728433,7795146,EUR
2201911042,care,2026-03,4192051,11987197,EUR
2201911042,care,2026-04,4001825,15989022,EUR
2201911042,care,2026-05,4051302,20040324,EUR
2201911042,care,2026-06,4055278,24095602,EUR
2201911042,care,2026-07,4052907,28148509,EUR
2201911042,care,2026-08,4021553,32170062,EUR
2201911042,devices,2024-02,443688,443688,BGN
2201911042,devices,2024-03,336153,779841,BGN
2201911042,devices,2024-04,417199,1197040,BGN
2201911042,devices,2024-05,516302,1713342,BGN
2201911042,devices,2024-06,484036,2197378,BGN
2201911042,devices,2024-07,375390,2572768,BGN
2201911042,devices,2024-08,530598,3103366,BGN
2201911042,devices,2024-09,399470,3502835,BGN
2201911042,devices,2024-10,174644,3677479,BGN
2201911042,devices,2024-11,333072,4010551,BGN
2201911042,devices,2024-12,533080,4543631,BGN
2201911042,devices,2025-01,488998,488998,BGN
2201911042,devices,2025-02,408361,897360,BGN
2201911042,devices,2025-03,394370,1291729,BGN
2201911042,devices,2025-04,443890,1735619,BGN
2201911042,devices,2025-05,469322,2204941,BGN
2201911042,devices,2025-06,504097,2709038,BGN
2201911042,devices,2025-07,446654,3155692,BGN
2201911042,devices,2025-08,551509,3707202,BGN
2201911042,devices,2025-09,471418,4178619,BGN
2201911042,devices,2025-10,388132,4566751,BGN
2201911042,devices,2025-11,435049,5001801,BGN
2201911042,devices,2025-12,0,5001801,BGN
2201911042,devices,2026-01,638843,638843,EUR
2201911042,devices,2026-02,247781,886624,EUR
2201911042,devices,2026-03,443103,1329727,EUR
2201911042,devices,2026-04,0,1329727,EUR
2201911042,devices,2026-05,267453,1597180,EUR
2201911042,devices,2026-06,237042,1834222,EUR
2201911042,devices,2026-07,232196,2066418,EUR
2201911042,devices,2026-08,262304,2328721,EUR
2201911042,medicines,2024-01,2464449,2464449,BGN
2201911042,medicines,2024-02,2273206,4737655,BGN
2201911042,medicines,2024-03,2227854,6965509,BGN
2201911042,medicines,2024-04,2240312,9205821,BGN
2201911042,medicines,2024-05,2121839,11327660,BGN
2201911042,medicines,2024-06,2226135,13553795,BGN
2201911042,medicines,2024-07,2338780,15892575,BGN
2201911042,medicines,2024-08,2295674,18188249,BGN
2201911042,medicines,2024-09,2248377,20436626,BGN
2201911042,medicines,2024-10,2397106,22833733,BGN
2201911042,medicines,2024-11,1985798,24819531,BGN
2201911042,medicines,2024-12,2387794,27207325,BGN
2201911042,medicines,2025-01,2071317,2071317,BGN
2201911042,medicines,2025-02,1987727,4059045,BGN
2201911042,medicines,2025-03,2467311,6526356,BGN
2201911042,medicines,2025-04,2147276,8673632,BGN
2201911042,medicines,2025-05,2188789,10862421,BGN
2201911042,medicines,2025-06,2325623,13188044,BGN
2201911042,medicines,2025-07,2422297,15610341,BGN
2201911042,medicines,2025-08,2317244,17927585,BGN
2201911042,medicines,2025-09,2581167,20508752,BGN
2201911042,medicines,2025-10,2611440,23120192,BGN
2201911042,medicines,2025-11,2680566,25800758,BGN
2201911042,medicines,2025-12,2551604,28352361,BGN
2201911042,medicines,2026-01,1211674,1211674,EUR
2201911042,medicines,2026-02,1236443,2448117,EUR
2201911042,medicines,2026-03,1140330,3588448,EUR
2201911042,medicines,2026-04,1133037,4721485,EUR
2201911042,medicines,2026-05,1162822,5884307,EUR
2201911042,medicines,2026-06,1213634,7097940,EUR
2201911042,medicines,2026-07,1100567,8198507,EUR
2201911042,medicines,2026-08,1210860,9409367,EUR
2201911043,care,2024-01,294185,294185,BGN
2201911043,care,2024-02,319240,613425,BGN
2201911043,care,2024-03,307575,921000,BGN
2201911043,care,2024-04,364541,1285541,BGN
2201911043,care,2024-05,368144,1653686,BGN
2201911043,care,2024-06,367017,2020702,BGN
2201911043,care,2024-07,348035,2368738,BGN
2201911043,care,2024-08,380750,2749488,BGN
2201911043,care,2024-09,329277,3078765,BGN
2201911043,care,2024-10,322909,3401674,BGN
2201911043,care,2024-11,407759,3809433,BGN
2201911043,care,2024-12,374473,4183905,BGN
2201911043,care,2025-01,318872,318872,BGN
2201911043,care,2025-02,381262,700134,BGN
2201911043,care,2025-03,401223,1101357,BGN
2201911043,care,2025-04,367098,1468455,BGN
2201911043,care,2025-05,363419,1831874,BGN
2201911043,care,2025-06,366187,2198061,BGN
2201911043,care,2025-07,370502,2568563,BGN
2201911043,care,2025-08,364956,2933518,BGN
2201911043,care,2025-09,318485,3252003,BGN
2201911043,care,2025-10,322834,3574837,BGN
2201911043,care,2025-11,411402,3986239,BGN
2201911043,care,2025-12,366292,4352531,BGN
2201911043,care,2026-01,186416,186416,EUR
2201911043,care,2026-02,173154,359570,EUR
2201911043,care,2026-03,186698,546268,EUR
2201911043,care,2026-04,185343,731611,EUR
2201911043,care,2026-05,190037,921648,EUR
2201911043,care,2026-06,187315,1108963,EUR
2201911043,care,2026-07,187643,1296607,EUR
2201911043,care,2026-08,186992,1483598,EUR
2202131522,care,2024-01,1701,1701,BGN
2202131522,care,2024-02,2459,4160,BGN
2202131522,care,2024-03,2080,6240,BGN
2202131522,care,2024-04,3135,9375,BGN
2202131522,care,2024-05,2970,12345,BGN
2202131522,care,2024-06,2090,14435,BGN
2202131522,care,2024-07,2690,17125,BGN
2202131522,care,2024-08,3060,20185,BGN
2202131522,care,2024-09,1500,21685,BGN
2202131522,care,2024-10,2210,23895,BGN
2202131522,care,2024-11,2140,26035,BGN
2202131522,care,2024-12,1570,27605,BGN
2202131522,care,2025-01,720,720,BGN
2202131522,care,2025-02,2190,2910,BGN
2202131522,care,2025-03,3150,6060,BGN
2202131522,care,2025-04,2640,8700,BGN
2202131522,care,2025-05,1400,10100,BGN
2202131522,care,2025-06,3370,13470,BGN
2202131522,care,2025-07,2610,16080,BGN
2202131522,care,2025-08,2020,18100,BGN
2202131522,care,2025-09,2870,20970,BGN
2202131522,care,2025-10,2020,22990,BGN
2202131522,care,2025-11,2020,25010,BGN
2202131522,care,2025-12,2020,27030,BGN
2202131522,care,2026-01,1948,1948,EUR
2202131522,care,2026-02,1365,3313,EUR
2202131522,care,2026-03,1474,4787,EUR
2202131522,care,2026-04,1417,6204,EUR
2202131522,care,2026-05,1417,7621,EUR
2202131522,care,2026-06,1417,9038,EUR
2202131522,care,2026-07,1417,10455,EUR
2202131522,care,2026-08,1417,11872,EUR
2203131515,care,2024-01,36806,36806,BGN
2203131515,care,2024-02,76534,113341,BGN
2203131515,care,2024-03,70604,183945,BGN
2203131515,care,2024-04,90659,274604,BGN
2203131515,care,2024-05,74723,349327,BGN
2203131515,care,2024-06,74723,424050,BGN
2203131515,care,2024-07,74723,498773,BGN
2203131515,care,2024-08,74723,573496,BGN
2203131515,care,2024-09,52896,626392,BGN
2203131515,care,2024-10,47220,673612,BGN
2203131515,care,2024-11,80885,754498,BGN
2203131515,care,2024-12,96063,850561,BGN
2203131515,care,2025-01,63843,63843,BGN
2203131515,care,2025-02,85603,149446,BGN
2203131515,care,2025-03,74723,224169,BGN
2203131515,care,2025-04,74723,298892,BGN
2203131515,care,2025-05,120274,419166,BGN
2203131515,care,2025-06,101262,520429,BGN
2203131515,care,2025-07,74833,595262,BGN
2203131515,care,2025-08,79179,674440,BGN
2203131515,care,2025-09,47515,721956,BGN
2203131515,care,2025-10,76029,797985,BGN
2203131515,care,2025-11,96345,894330,BGN
2203131515,care,2025-12,86187,980517,BGN
2203131515,care,2026-01,40193,40193,EUR
2203131515,care,2026-02,45881,86074,EUR
2203131515,care,2026-03,42007,128081,EUR
2203131515,care,2026-04,42007,170088,EUR
2203131515,care,2026-05,42007,212095,EUR
2203131515,care,2026-06,35495,247590,EUR
2203131515,care,2026-07,9198,256788,EUR
2203131515,care,2026-08,36613,293400,EUR
2203131519,care,2024-05,24210,24210,BGN
2203131519,care,2024-06,24210,48420,BGN
2203131519,care,2024-07,24210,72630,BGN
2203131519,care,2024-08,24210,96840,BGN
2203131519,care,2024-09,24210,121050,BGN
2203131519,care,2024-10,24210,145260,BGN
2203131519,care,2024-11,28291,173551,BGN
2203131519,care,2024-12,24210,197761,BGN
2203131519,care,2025-01,15228,15228,BGN
2203131519,care,2025-02,29770,44998,BGN
2203131519,care,2025-03,26070,71067,BGN
2203131519,care,2025-04,24210,95277,BGN
2203131519,care,2025-05,55326,150603,BGN
2203131519,care,2025-06,42617,193220,BGN
2203131519,care,2025-07,26801,220022,BGN
2203131519,care,2025-08,28855,248876,BGN
2203131519,care,2025-09,16749,265626,BGN
2203131519,care,2025-10,22447,288072,BGN
2203131519,care,2025-11,24931,313004,BGN
2203131519,care,2025-12,23689,336693,BGN
2203131519,care,2026-01,12112,12112,EUR
2203131519,care,2026-02,11477,23589,EUR
2203131519,care,2026-03,8242,31831,EUR
2203131519,care,2026-04,13518,45349,EUR
2203131519,care,2026-05,12602,57950,EUR
2203131519,care,2026-06,11956,69906,EUR
2203131519,care,2026-07,10589,80495,EUR
2203131519,care,2026-08,8242,88736,EUR
2204131521,care,2024-01,20412,20412,BGN
2204131521,care,2024-02,20866,41278,BGN
2204131521,care,2024-03,20412,61690,BGN
2204131521,care,2024-04,22000,83690,BGN
2204131521,care,2024-05,23000,106690,BGN
2204131521,care,2024-06,22500,129190,BGN
2204131521,care,2024-07,22500,151690,BGN
2204131521,care,2024-08,22000,173690,BGN
2204131521,care,2024-09,20000,193690,BGN
2204131521,care,2024-10,22000,215690,BGN
2204131521,care,2024-11,18500,234190,BGN
2204131521,care,2024-12,27000,261190,BGN
2204131521,care,2025-01,22000,22000,BGN
2204131521,care,2025-02,19000,41000,BGN
2204131521,care,2025-03,8500,49500,BGN
2204131521,care,2025-04,0,49500,BGN
2204131521,care,2025-05,4000,53500,BGN
2204131521,care,2025-06,17500,71000,BGN
2204131521,care,2025-07,18000,89000,BGN
2204131521,care,2025-08,21000,110000,BGN
2204131521,care,2025-09,11000,121000,BGN
2204131521,care,2025-10,6500,127500,BGN
2204131521,care,2025-11,7500,135000,BGN
2204131521,care,2025-12,7000,142000,BGN
2204131521,care,2026-01,7925,7925,EUR
2204131521,care,2026-02,3323,11249,EUR
2204131521,care,2026-03,3323,14572,EUR
2204131521,care,2026-04,3068,17640,EUR
2204131521,care,2026-05,0,17640,EUR
2204131521,care,2026-06,15082,32722,EUR
2204131521,care,2026-07,5553,38275,EUR
2204131521,care,2026-08,6146,44421,EUR
2204131532,care,2024-01,13118,13118,BGN
2204131532,care,2024-02,13118,26236,BGN
2204131532,care,2024-03,13118,39354,BGN
2204131532,care,2024-04,14676,54030,BGN
2204131532,care,2024-05,13989,68019,BGN
2204131532,care,2024-06,16280,84299,BGN
2204131532,care,2024-07,15940,100239,BGN
2204131532,care,2024-08,15345,115584,BGN
2204131532,care,2024-09,15246,130830,BGN
2204131532,care,2024-10,15049,145879,BGN
2204131532,care,2024-11,15440,161319,BGN
2204131532,care,2024-12,15020,176339,BGN
2204131532,care,2025-01,15246,15246,BGN
2204131532,care,2025-02,14680,29926,BGN
2204131532,care,2025-03,15214,45140,BGN
2204131532,care,2025-04,14260,59400,BGN
2204131532,care,2025-05,16020,75420,BGN
2204131532,care,2025-06,14440,89860,BGN
2204131532,care,2025-07,15667,105527,BGN
2204131532,care,2025-08,15047,120574,BGN
2204131532,care,2025-09,15293,135867,BGN
2204131532,care,2025-10,15047,150914,BGN
2204131532,care,2025-11,14780,165694,BGN
2204131532,care,2025-12,15020,180714,BGN
2204131532,care,2026-01,7639,7639,EUR
2204131532,care,2026-02,7660,15299,EUR
2204131532,care,2026-03,7516,22815,EUR
2204131532,care,2026-04,7721,30536,EUR
2204131532,care,2026-05,7689,38225,EUR
2204131532,care,2026-06,7753,45978,EUR
2204131532,care,2026-07,5886,51864,EUR
2204131532,care,2026-08,9276,61140,EUR
2204131537,care,2025-11,3000,3000,BGN
2204131537,care,2025-12,3500,6500,BGN
2204131537,care,2026-01,1790,1790,EUR
2204131537,care,2026-02,1534,3323,EUR
2204131537,care,2026-03,2557,5880,EUR
2204131537,care,2026-04,1662,7542,EUR
2204131537,care,2026-05,1023,8565,EUR
2204131537,care,2026-06,1278,9843,EUR
2204131537,care,2026-07,0,9843,EUR
2204131537,care,2026-08,0,9843,EUR
2205131519,care,2024-01,540,540,BGN
2205131519,care,2024-02,1188,1728,BGN
2205131519,care,2024-03,918,2646,BGN
2205131519,care,2024-04,660,3306,BGN
2205131519,care,2024-05,900,4206,BGN
2205131519,care,2024-06,780,4986,BGN
2205131519,care,2024-07,780,5766,BGN
2205131519,care,2024-08,780,6546,BGN
2205131519,care,2024-09,780,7326,BGN
2205131519,care,2024-10,780,8106,BGN
2205131519,care,2024-11,1530,9636,BGN
2205131519,care,2024-12,780,10416,BGN
2205131519,care,2025-01,780,780,BGN
2205131519,care,2025-02,780,1560,BGN
2205131519,care,2025-03,780,2340,BGN
2205131519,care,2025-04,780,3120,BGN
2205131519,care,2025-05,8210,11330,BGN
2205131519,care,2025-06,1880,13210,BGN
2205131519,care,2025-07,1500,14710,BGN
2205131519,care,2025-08,2160,16870,BGN
2205131519,care,2025-09,1620,18490,BGN
2205131519,care,2025-10,1320,19810,BGN
2205131519,care,2025-11,1320,21130,BGN
2205131519,care,2025-12,1560,22690,BGN
2205131519,care,2026-01,767,767,EUR
2205131519,care,2026-02,772,1539,EUR
2205131519,care,2026-03,772,2311,EUR
2205131519,care,2026-04,772,3083,EUR
2205131519,care,2026-05,706,3789,EUR
2205131519,care,2026-06,838,4627,EUR
2205131519,care,2026-07,772,5399,EUR
2205131519,care,2026-08,772,6171,EUR
2209131537,care,2025-12,6318,6318,BGN
2209131537,care,2026-03,124,124,EUR
2209131537,care,2026-04,0,124,EUR
2209131537,care,2026-05,6460,6584,EUR
2209131537,care,2026-06,2858,9442,EUR
2209131537,care,2026-07,870,10311,EUR
2209131537,care,2026-08,4224,14536,EUR
2210134002,care,2024-04,7000,11050,BGN
2210134002,care,2024-05,7000,18050,BGN
2210134002,care,2024-06,3888,21938,BGN
2210134002,care,2024-07,10112,32050,BGN
2210134002,care,2024-08,7000,39050,BGN
2210134002,care,2024-09,7000,46050,BGN
2210134002,care,2024-10,7000,53050,BGN
2210134002,care,2024-11,15284,68334,BGN
2210134002,care,2024-12,7000,75334,BGN
2210134002,care,2025-01,5832,5832,BGN
2210134002,care,2025-02,8168,14000,BGN
2210134002,care,2025-03,7000,21000,BGN
2210134002,care,2025-04,7000,28000,BGN
2210134002,care,2025-05,50843,78843,BGN
2210134002,care,2025-06,10010,88853,BGN
2210134002,care,2025-07,8991,97844,BGN
2210134002,care,2025-08,8505,106349,BGN
2210134002,care,2025-09,12879,119228,BGN
2210134002,care,2025-10,8019,127247,BGN
2210134002,care,2025-11,7776,135023,BGN
2210134002,care,2025-12,4374,139397,BGN
2210134002,care,2026-01,4804,4804,EUR
2210134002,care,2026-02,4100,8904,EUR
2210134002,care,2026-03,4472,13376,EUR
2210134002,care,2026-04,3354,16730,EUR
2210134002,care,2026-05,5218,21948,EUR
2210134002,care,2026-06,4286,26234,EUR
2210134002,care,2026-07,4286,30520,EUR
2210134002,care,2026-08,4286,34806,EUR
2210134507,care,2024-06,4500,4500,BGN
2210134507,care,2024-07,13500,18000,BGN
2210134507,care,2024-08,6000,24000,BGN
2210134507,care,2024-09,22500,46500,BGN
2210134507,care,2024-10,10000,56500,BGN
2210134507,care,2024-11,10875,67375,BGN
2210134507,care,2024-12,10000,77375,BGN
2210134507,care,2025-01,3500,3500,BGN
2210134507,care,2025-02,16500,20000,BGN
2210134507,care,2025-03,10000,30000,BGN
2210134507,care,2025-04,10000,40000,BGN
2210134507,care,2025-05,33125,73125,BGN
2210134507,care,2025-06,18500,91625,BGN
2210134507,care,2025-07,24000,115625,BGN
2210134507,care,2025-08,13000,128625,BGN
2210134507,care,2025-09,20500,149125,BGN
2210134507,care,2025-10,9500,158625,BGN
2210134507,care,2025-11,15000,173625,BGN
2210134507,care,2025-12,13000,186625,BGN
2210134507,care,2026-01,6391,6391,EUR
2210134507,care,2026-02,7542,13933,EUR
2210134507,care,2026-03,7542,21475,EUR
2210134507,care,2026-04,7542,29017,EUR
2210134507,care,2026-05,7542,36559,EUR
2210134507,care,2026-06,7542,44101,EUR
2210134507,care,2026-07,7542,51643,EUR
2210134507,care,2026-08,7286,58930,EUR
2212131505,care,2024-01,45467,45467,BGN
2212131505,care,2024-02,45467,90934,BGN
2212131505,care,2024-03,45467,136401,BGN
2212131505,care,2024-04,93250,229651,BGN
2212131505,care,2024-05,63444,293095,BGN
2212131505,care,2024-06,63444,356539,BGN
2212131505,care,2024-07,63444,419983,BGN
2212131505,care,2024-08,63444,483427,BGN
2212131505,care,2024-09,38174,521600,BGN
2212131505,care,2024-10,52698,574298,BGN
2212131505,care,2024-11,74190,648488,BGN
2212131505,care,2024-12,63444,711932,BGN
2212131505,care,2025-01,62226,62226,BGN
2212131505,care,2025-02,64662,126888,BGN
2212131505,care,2025-03,63444,190332,BGN
2212131505,care,2025-04,63444,253776,BGN
2212131505,care,2025-05,129118,382894,BGN
2212131505,care,2025-06,68957,451851,BGN
2212131505,care,2025-07,70071,521923,BGN
2212131505,care,2025-08,47357,569279,BGN
2212131505,care,2025-09,55589,624868,BGN
2212131505,care,2025-10,54807,679675,BGN
2212131505,care,2025-11,82599,762274,BGN
2212131505,care,2025-12,68703,830977,BGN
2212131505,care,2026-01,28127,28127,EUR
2212131505,care,2026-02,38628,66755,EUR
2212131505,care,2026-03,33445,100199,EUR
2212131505,care,2026-04,34275,134474,EUR
2212131505,care,2026-05,34275,168749,EUR
2212131505,care,2026-06,34275,203024,EUR
2212131505,care,2026-07,34275,237299,EUR
2212131505,care,2026-08,34275,271574,EUR
2220134001,care,2024-01,529,529,BGN
2220134001,care,2024-02,0,529,BGN
2220134001,care,2024-03,929,1458,BGN
2220134001,care,2024-04,729,2187,BGN
2220134001,care,2024-05,729,2916,BGN
2220134001,care,2024-06,1215,4131,BGN
2220134001,care,2024-07,729,4860,BGN
2220134001,care,2024-08,243,5103,BGN
2220134001,care,2024-09,243,5346,BGN
2220134001,care,2024-10,972,6318,BGN
2220134001,care,2024-11,61,6379,BGN
2220134001,care,2024-12,911,7290,BGN
2220134001,care,2025-01,729,729,BGN
2220134001,care,2025-02,729,1458,BGN
2220134001,care,2025-03,1215,2673,BGN
2220134001,care,2025-04,486,3159,BGN
2220134001,care,2025-05,243,3402,BGN
2220134001,care,2025-06,729,4131,BGN
2220134001,care,2025-07,243,4374,BGN
2220134001,care,2025-08,729,5103,BGN
2220134001,care,2025-09,729,5832,BGN
2220134001,care,2025-10,0,5832,BGN
2220134001,care,2025-11,0,5832,BGN
2220134001,care,2025-12,0,5832,BGN
2290211001,care,2024-01,60692,60692,BGN
2290211001,care,2024-02,89440,150132,BGN
2290211001,care,2024-03,76611,226743,BGN
2290211001,care,2024-04,74982,301725,BGN
2290211001,care,2024-05,74982,376707,BGN
2290211001,care,2024-06,74982,451689,BGN
2290211001,care,2024-07,74982,526671,BGN
2290211001,care,2024-08,71914,598585,BGN
2290211001,care,2024-09,71664,670249,BGN
2290211001,care,2024-10,53227,723476,BGN
2290211001,care,2024-11,92709,816185,BGN
2290211001,care,2024-12,79010,895195,BGN
2290211001,care,2025-01,74982,74982,BGN
2290211001,care,2025-02,74982,149964,BGN
2290211001,care,2025-03,74982,224946,BGN
2290211001,care,2025-04,74982,299928,BGN
2290211001,care,2025-05,238412,538340,BGN
2290211001,care,2025-06,156375,694715,BGN
2290211001,care,2025-07,123304,818020,BGN
2290211001,care,2025-08,101841,919860,BGN
2290211001,care,2025-09,88974,1008834,BGN
2290211001,care,2025-10,69475,1078309,BGN
2290211001,care,2025-11,145450,1223759,BGN
2290211001,care,2025-12,125095,1348854,BGN
2290211001,care,2026-01,53496,53496,EUR
2290211001,care,2026-02,47680,101176,EUR
2290211001,care,2026-03,70984,172160,EUR
2290211001,care,2026-04,52492,224652,EUR
2290211001,care,2026-05,51104,275756,EUR
2290211001,care,2026-06,64109,339865,EUR
2290211001,care,2026-07,57105,396970,EUR
2290211001,care,2026-08,57105,454075,EUR
2290211001,devices,2024-02,359,359,BGN
2290211001,devices,2024-03,0,359,BGN
2290211001,devices,2024-04,0,359,BGN
2290211001,devices,2024-05,0,359,BGN
2290211001,devices,2024-06,0,359,BGN
2290211001,devices,2024-07,0,359,BGN
2290211001,devices,2024-08,0,359,BGN
2290211001,devices,2024-09,0,359,BGN
2290211001,devices,2024-10,0,359,BGN
2290211001,devices,2024-11,0,359,BGN
2290211001,devices,2024-12,0,359,BGN
2301212022,care,2024-01,196919,196919,BGN
2301212022,care,2024-02,250748,447666,BGN
2301212022,care,2024-03,262514,710180,BGN
2301212022,care,2024-04,271406,981587,BGN
2301212022,care,2024-05,254919,1236506,BGN
2301212022,care,2024-06,224706,1461212,BGN
2301212022,care,2024-07,251691,1712904,BGN
2301212022,care,2024-08,272864,1985768,BGN
2301212022,care,2024-09,258463,2244231,BGN
2301212022,care,2024-10,232811,2477042,BGN
2301212022,care,2024-11,283943,2760985,BGN
2301212022,care,2024-12,249525,3010510,BGN
2301212022,care,2025-01,225348,225348,BGN
2301212022,care,2025-02,293923,519270,BGN
2301212022,care,2025-03,292957,812227,BGN
2301212022,care,2025-04,283560,1095787,BGN
2301212022,care,2025-05,435149,1530936,BGN
2301212022,care,2025-06,281799,1812735,BGN
2301212022,care,2025-07,356468,2169203,BGN
2301212022,care,2025-08,275949,2445152,BGN
2301212022,care,2025-09,263103,2708255,BGN
2301212022,care,2025-10,234714,2942970,BGN
2301212022,care,2025-11,297354,3240324,BGN
2301212022,care,2025-12,277786,3518109,BGN
2301212022,care,2026-01,112000,112000,EUR
2301212022,care,2026-02,153663,265663,EUR
2301212022,care,2026-03,173343,439006,EUR
2301212022,care,2026-04,172521,611527,EUR
2301212022,care,2026-05,181688,793215,EUR
2301212022,care,2026-06,180981,974196,EUR
2301212022,care,2026-07,192470,1166666,EUR
2301212022,care,2026-08,180553,1347219,EUR
2301212022,devices,2026-06,1129,1129,EUR
2301212022,devices,2026-07,0,1129,EUR
2301212022,devices,2026-08,614,1742,EUR
2301212022,medicines,2024-01,724336,724336,BGN
2301212022,medicines,2024-02,703303,1427639,BGN
2301212022,medicines,2024-03,697199,2124838,BGN
2301212022,medicines,2024-04,742081,2866919,BGN
2301212022,medicines,2024-05,814098,3681017,BGN
2301212022,medicines,2024-06,879346,4560362,BGN
2301212022,medicines,2024-07,984047,5544409,BGN
2301212022,medicines,2024-08,996666,6541075,BGN
2301212022,medicines,2024-09,986383,7527458,BGN
2301212022,medicines,2024-10,989774,8517232,BGN
2301212022,medicines,2024-11,822330,9339562,BGN
2301212022,medicines,2024-12,922043,10261605,BGN
2301212022,medicines,2025-01,854674,854674,BGN
2301212022,medicines,2025-02,802184,1656859,BGN
2301212022,medicines,2025-03,934871,2591729,BGN
2301212022,medicines,2025-04,719610,3311340,BGN
2301212022,medicines,2025-05,741266,4052605,BGN
2301212022,medicines,2025-06,776004,4828609,BGN
2301212022,medicines,2025-07,752420,5581029,BGN
2301212022,medicines,2025-08,751710,6332739,BGN
2301212022,medicines,2025-09,739603,7072342,BGN
2301212022,medicines,2025-10,752189,7824530,BGN
2301212022,medicines,2025-11,651863,8476393,BGN
2301212022,medicines,2025-12,868311,9344704,BGN
2301212022,medicines,2026-01,423771,423771,EUR
2301212022,medicines,2026-02,339882,763653,EUR
2301212022,medicines,2026-03,652639,1416292,EUR
2301212022,medicines,2026-04,669536,2085828,EUR
2301212022,medicines,2026-05,590463,2676291,EUR
2301212022,medicines,2026-06,625332,3301624,EUR
2301212022,medicines,2026-07,553162,3854786,EUR
2301212022,medicines,2026-08,642348,4497135,EUR
2301212023,care,2024-01,94397,94397,BGN
2301212023,care,2024-02,111255,205652,BGN
2301212023,care,2024-03,104052,309703,BGN
2301212023,care,2024-04,105130,414833,BGN
2301212023,care,2024-05,110387,525220,BGN
2301212023,care,2024-06,99874,625093,BGN
2301212023,care,2024-07,105130,730223,BGN
2301212023,care,2024-08,110087,840311,BGN
2301212023,care,2024-09,100173,940483,BGN
2301212023,care,2024-10,83735,1024219,BGN
2301212023,care,2024-11,118342,1142560,BGN
2301212023,care,2024-12,102346,1244906,BGN
2301212023,care,2025-01,90863,90863,BGN
2301212023,care,2025-02,108452,199315,BGN
2301212023,care,2025-03,121331,320647,BGN
2301212023,care,2025-04,99874,420520,BGN
2301212023,care,2025-05,120731,541251,BGN
2301212023,care,2025-06,104854,646105,BGN
2301212023,care,2025-07,103799,749903,BGN
2301212023,care,2025-08,79840,829744,BGN
2301212023,care,2025-09,85367,915110,BGN
2301212023,care,2025-10,93750,1008860,BGN
2301212023,care,2025-11,108368,1117228,BGN
2301212023,care,2025-12,110136,1227364,BGN
2301212023,care,2026-01,45760,45760,EUR
2301212023,care,2026-02,54486,100246,EUR
2301212023,care,2026-03,57757,158003,EUR
2301212023,care,2026-04,54247,212250,EUR
2301212023,care,2026-05,51110,263360,EUR
2301212023,care,2026-06,54351,317710,EUR
2301212023,care,2026-07,54247,371957,EUR
2301212023,care,2026-08,48333,420290,EUR
2307211002,care,2024-01,462918,462918,BGN
2307211002,care,2024-02,515645,978563,BGN
2307211002,care,2024-03,712555,1691117,BGN
2307211002,care,2024-04,605305,2296422,BGN
2307211002,care,2024-05,565532,2861954,BGN
2307211002,care,2024-06,583238,3445192,BGN
2307211002,care,2024-07,575926,4021118,BGN
2307211002,care,2024-08,605232,4626350,BGN
2307211002,care,2024-09,583012,5209362,BGN
2307211002,care,2024-10,589362,5798724,BGN
2307211002,care,2024-11,589308,6388032,BGN
2307211002,care,2024-12,585926,6973958,BGN
2307211002,care,2025-01,579096,579096,BGN
2307211002,care,2025-02,586258,1165354,BGN
2307211002,care,2025-03,572975,1738329,BGN
2307211002,care,2025-04,570089,2308418,BGN
2307211002,care,2025-05,661287,2969705,BGN
2307211002,care,2025-06,549460,3519165,BGN
2307211002,care,2025-07,800551,4319717,BGN
2307211002,care,2025-08,624279,4943996,BGN
2307211002,care,2025-09,575081,5519077,BGN
2307211002,care,2025-10,634262,6153339,BGN
2307211002,care,2025-11,654476,6807815,BGN
2307211002,care,2025-12,608511,7416325,BGN
2307211002,care,2026-01,339831,339831,EUR
2307211002,care,2026-02,310202,650033,EUR
2307211002,care,2026-03,313800,963833,EUR
2307211002,care,2026-04,304328,1268161,EUR
2307211002,care,2026-05,273331,1541493,EUR
2307211002,care,2026-06,316054,1857546,EUR
2307211002,care,2026-07,314135,2171681,EUR
2307211002,care,2026-08,324012,2495693,EUR
2317211004,care,2024-01,184623,184623,BGN
2317211004,care,2024-02,221863,406486,BGN
2317211004,care,2024-03,284156,690642,BGN
2317211004,care,2024-04,264673,955315,BGN
2317211004,care,2024-05,213922,1169237,BGN
2317211004,care,2024-06,204421,1373658,BGN
2317211004,care,2024-07,222591,1596249,BGN
2317211004,care,2024-08,214994,1811243,BGN
2317211004,care,2024-09,204402,2015645,BGN
2317211004,care,2024-10,213233,2228878,BGN
2317211004,care,2024-11,217040,2445918,BGN
2317211004,care,2024-12,213188,2659106,BGN
2317211004,care,2025-01,212145,212145,BGN
2317211004,care,2025-02,220815,432960,BGN
2317211004,care,2025-03,211423,644383,BGN
2317211004,care,2025-04,201996,846379,BGN
2317211004,care,2025-05,297676,1144055,BGN
2317211004,care,2025-06,195498,1339553,BGN
2317211004,care,2025-07,263329,1602883,BGN
2317211004,care,2025-08,186856,1789738,BGN
2317211004,care,2025-09,172847,1962585,BGN
2317211004,care,2025-10,198644,2161229,BGN
2317211004,care,2025-11,258562,2419791,BGN
2317211004,care,2025-12,241285,2661076,BGN
2317211004,care,2026-01,119436,119436,EUR
2317211004,care,2026-02,115618,235054,EUR
2317211004,care,2026-03,115325,350379,EUR
2317211004,care,2026-04,115751,466130,EUR
2317211004,care,2026-05,105606,571736,EUR
2317211004,care,2026-06,91135,662871,EUR
2317211004,care,2026-07,98355,761225,EUR
2317211004,care,2026-08,83440,844665,EUR
2317211024,care,2024-01,571557,571557,BGN
2317211024,care,2024-02,571607,1143164,BGN
2317211024,care,2024-03,571582,1714746,BGN
2317211024,care,2024-04,699517,2414263,BGN
2317211024,care,2024-05,657676,3071939,BGN
2317211024,care,2024-06,634471,3706410,BGN
2317211024,care,2024-07,617071,4323480,BGN
2317211024,care,2024-08,651086,4974566,BGN
2317211024,care,2024-09,603533,5578099,BGN
2317211024,care,2024-10,634471,6212570,BGN
2317211024,care,2024-11,643372,6855942,BGN
2317211024,care,2024-12,634471,7490413,BGN
2317211024,care,2025-01,608649,608649,BGN
2317211024,care,2025-02,654482,1263131,BGN
2317211024,care,2025-03,639337,1902468,BGN
2317211024,care,2025-04,634471,2536939,BGN
2317211024,care,2025-05,661892,3198831,BGN
2317211024,care,2025-06,647464,3846295,BGN
2317211024,care,2025-07,628313,4474608,BGN
2317211024,care,2025-08,636594,5111202,BGN
2317211024,care,2025-09,634154,5745356,BGN
2317211024,care,2025-10,634156,6379512,BGN
2317211024,care,2025-11,629579,7009091,BGN
2317211024,care,2025-12,633678,7642769,BGN
2317211024,care,2026-01,324239,324239,EUR
2317211024,care,2026-02,323861,648100,EUR
2317211024,care,2026-03,324915,973016,EUR
2317211024,care,2026-04,324426,1297442,EUR
2317211024,care,2026-05,324426,1621868,EUR
2317211024,care,2026-06,324426,1946294,EUR
2317211024,care,2026-07,324426,2270720,EUR
2317211024,care,2026-08,324211,2594930,EUR
2317211024,devices,2024-02,20640,20640,BGN
2317211024,devices,2024-03,25140,45780,BGN
2317211024,devices,2024-04,32760,78540,BGN
2317211024,devices,2024-05,25990,104530,BGN
2317211024,devices,2024-06,22640,127170,BGN
2317211024,devices,2024-07,26995,154165,BGN
2317211024,devices,2024-08,19140,173305,BGN
2317211024,devices,2024-09,14760,188065,BGN
2317211024,devices,2024-10,17640,205705,BGN
2317211024,devices,2024-11,21240,226945,BGN
2317211024,devices,2024-12,28200,255145,BGN
2317211024,devices,2025-01,38460,38460,BGN
2317211024,devices,2025-02,40510,78970,BGN
2317211024,devices,2025-03,15540,94510,BGN
2317211024,devices,2025-04,14335,108845,BGN
2317211024,devices,2025-05,31380,140225,BGN
2317211024,devices,2025-06,30060,170285,BGN
2317211024,devices,2025-07,40855,211140,BGN
2317211024,devices,2025-08,13440,224580,BGN
2317211024,devices,2025-09,30060,254640,BGN
2317211024,devices,2025-10,10980,265620,BGN
2317211024,devices,2025-11,28680,294300,BGN
2317211024,devices,2025-12,0,294300,BGN
2317211024,devices,2026-01,40829,40829,EUR
2317211024,devices,2026-02,20122,60951,EUR
2317211024,devices,2026-03,20091,81042,EUR
2317211024,devices,2026-04,0,81042,EUR
2317211024,devices,2026-05,13038,94080,EUR
2317211024,devices,2026-06,11811,105891,EUR
2317211024,devices,2026-07,6902,112794,EUR
2317211024,devices,2026-08,13802,126596,EUR
2318211005,care,2024-01,153003,153003,BGN
2318211005,care,2024-02,186290,339293,BGN
2318211005,care,2024-03,321523,660816,BGN
2318211005,care,2024-04,249139,909955,BGN
2318211005,care,2024-05,234009,1143964,BGN
2318211005,care,2024-06,235236,1379200,BGN
2318211005,care,2024-07,236307,1615507,BGN
2318211005,care,2024-08,227376,1842883,BGN
2318211005,care,2024-09,238686,2081569,BGN
2318211005,care,2024-10,199421,2280990,BGN
2318211005,care,2024-11,244737,2525726,BGN
2318211005,care,2024-12,221266,2746992,BGN
2318211005,care,2025-01,235251,235251,BGN
2318211005,care,2025-02,235992,471244,BGN
2318211005,care,2025-03,231599,702842,BGN
2318211005,care,2025-04,221593,924435,BGN
2318211005,care,2025-05,254237,1178673,BGN
2318211005,care,2025-06,252691,1431364,BGN
2318211005,care,2025-07,357769,1789133,BGN
2318211005,care,2025-08,238955,2028088,BGN
2318211005,care,2025-09,205282,2233370,BGN
2318211005,care,2025-10,224242,2457611,BGN
2318211005,care,2025-11,230016,2687627,BGN
2318211005,care,2025-12,246321,2933948,BGN
2318211005,care,2026-01,112418,112418,EUR
2318211005,care,2026-02,122975,235393,EUR
2318211005,care,2026-03,121138,356531,EUR
2318211005,care,2026-04,123691,480222,EUR
2318211005,care,2026-05,126102,606324,EUR
2318211005,care,2026-06,127904,734228,EUR
2318211005,care,2026-07,127795,862024,EUR
2318211005,care,2026-08,128244,990268,EUR
2320211006,care,2024-01,225788,225788,BGN
2320211006,care,2024-02,281315,507103,BGN
2320211006,care,2024-03,383522,890626,BGN
2320211006,care,2024-04,383397,1274022,BGN
2320211006,care,2024-05,312595,1586617,BGN
2320211006,care,2024-06,299548,1886165,BGN
2320211006,care,2024-07,325851,2212016,BGN
2320211006,care,2024-08,326185,2538202,BGN
2320211006,care,2024-09,304677,2842879,BGN
2320211006,care,2024-10,315617,3158496,BGN
2320211006,care,2024-11,333124,3491621,BGN
2320211006,care,2024-12,317191,3808812,BGN
2320211006,care,2025-01,284863,284863,BGN
2320211006,care,2025-02,291005,575868,BGN
2320211006,care,2025-03,317875,893743,BGN
2320211006,care,2025-04,316707,1210450,BGN
2320211006,care,2025-05,297578,1508028,BGN
2320211006,care,2025-06,234162,1742190,BGN
2320211006,care,2025-07,421698,2163888,BGN
2320211006,care,2025-08,278487,2442375,BGN
2320211006,care,2025-09,281044,2723419,BGN
2320211006,care,2025-10,296131,3019550,BGN
2320211006,care,2025-11,276280,3295830,BGN
2320211006,care,2025-12,307105,3602935,BGN
2320211006,care,2026-01,146055,146055,EUR
2320211006,care,2026-02,143822,289877,EUR
2320211006,care,2026-03,168043,457920,EUR
2320211006,care,2026-04,152913,610833,EUR
2320211006,care,2026-05,153256,764089,EUR
2320211006,care,2026-06,146743,910833,EUR
2320211006,care,2026-07,147485,1058318,EUR
2320211006,care,2026-08,121055,1179372,EUR
2325222010,care,2024-01,12919,12919,BGN
2325222010,care,2024-02,12919,25838,BGN
2325222010,care,2024-03,12919,38757,BGN
2325222010,care,2024-04,15162,53919,BGN
2325222010,care,2024-05,14027,67946,BGN
2325222010,care,2024-06,14445,82391,BGN
2325222010,care,2024-07,14236,96627,BGN
2325222010,care,2024-08,14236,110863,BGN
2325222010,care,2024-09,14236,125099,BGN
2325222010,care,2024-10,12537,137637,BGN
2325222010,care,2024-11,13526,151163,BGN
2325222010,care,2024-12,14306,165469,BGN
2325222010,care,2025-01,13025,13025,BGN
2325222010,care,2025-02,13526,26551,BGN
2325222010,care,2025-03,13025,39576,BGN
2325222010,care,2025-04,12524,52100,BGN
2325222010,care,2025-05,13025,65125,BGN
2325222010,care,2025-06,13025,78150,BGN
2325222010,care,2025-07,13025,91175,BGN
2325222010,care,2025-08,13025,104200,BGN
2325222010,care,2025-09,12524,116724,BGN
2325222010,care,2025-10,13192,129916,BGN
2325222010,care,2025-11,13192,143108,BGN
2325222010,care,2025-12,13192,156300,BGN
2325222010,care,2026-01,6660,6660,EUR
2325222010,care,2026-02,6660,13319,EUR
2325222010,care,2026-03,6774,20093,EUR
2325222010,care,2026-04,6034,26127,EUR
2325222010,care,2026-05,6916,33043,EUR
2325222010,care,2026-06,6916,39958,EUR
2325222010,care,2026-07,6674,46632,EUR
2325222010,care,2026-08,5891,52524,EUR
2325233017,care,2024-01,72107,72107,BGN
2325233017,care,2024-02,15564,87671,BGN
2325233017,care,2024-03,71497,159168,BGN
2325233017,care,2024-04,107371,266539,BGN
2325233017,care,2024-05,134629,401168,BGN
2325233017,care,2024-06,92971,494139,BGN
2325233017,care,2024-07,99286,593425,BGN
2325233017,care,2024-08,100991,694416,BGN
2325233017,care,2024-09,96214,790630,BGN
2325233017,care,2024-10,135153,925783,BGN
2325233017,care,2024-11,135497,1061280,BGN
2325233017,care,2024-12,135153,1196433,BGN
2325233017,care,2025-01,135153,135153,BGN
2325233017,care,2025-02,41206,176359,BGN
2325233017,care,2025-03,138100,314459,BGN
2325233017,care,2025-04,135153,449612,BGN
2325233017,care,2025-05,257797,707409,BGN
2325233017,care,2025-06,198433,905842,BGN
2325233017,care,2025-07,188554,1094396,BGN
2325233017,care,2025-08,185355,1279751,BGN
2325233017,care,2025-09,154733,1434484,BGN
2325233017,care,2025-10,104820,1539304,BGN
2325233017,care,2025-11,104820,1644124,BGN
2325233017,care,2025-12,104820,1748944,BGN
2325233017,care,2026-01,55036,55036,EUR
2325233017,care,2026-02,37560,92596,EUR
2325233017,care,2026-03,63432,156028,EUR
2325233017,care,2026-04,57471,213499,EUR
2325233017,care,2026-05,57471,270970,EUR
2325233017,care,2026-06,57471,328441,EUR
2325233017,care,2026-07,57471,385912,EUR
2325233017,care,2026-08,57471,443383,EUR
2339211009,care,2024-01,664430,664430,BGN
2339211009,care,2024-02,665801,1330231,BGN
2339211009,care,2024-03,975524,2305755,BGN
2339211009,care,2024-04,1158066,3463821,BGN
2339211009,care,2024-05,839881,4303701,BGN
2339211009,care,2024-06,836944,5140645,BGN
2339211009,care,2024-07,840632,5981276,BGN
2339211009,care,2024-08,877972,6859248,BGN
2339211009,care,2024-09,837801,7697049,BGN
2339211009,care,2024-10,878488,8575537,BGN
2339211009,care,2024-11,959331,9534868,BGN
2339211009,care,2024-12,853283,10388150,BGN
2339211009,care,2025-01,829657,829657,BGN
2339211009,care,2025-02,901852,1731509,BGN
2339211009,care,2025-03,848029,2579538,BGN
2339211009,care,2025-04,826170,3405708,BGN
2339211009,care,2025-05,1494987,4900695,BGN
2339211009,care,2025-06,1006891,5907587,BGN
2339211009,care,2025-07,1193040,7100626,BGN
2339211009,care,2025-08,909431,8010057,BGN
2339211009,care,2025-09,911234,8921291,BGN
2339211009,care,2025-10,907483,9828774,BGN
2339211009,care,2025-11,939079,10767853,BGN
2339211009,care,2025-12,979863,11747716,BGN
2339211009,care,2026-01,477243,477243,EUR
2339211009,care,2026-02,489388,966631,EUR
2339211009,care,2026-03,469173,1435804,EUR
2339211009,care,2026-04,485069,1920873,EUR
2339211009,care,2026-05,487376,2408249,EUR
2339211009,care,2026-06,487425,2895674,EUR
2339211009,care,2026-07,480458,3376132,EUR
2339211009,care,2026-08,483867,3859999,EUR
2343211008,care,2024-01,202002,202002,BGN
2343211008,care,2024-02,264292,466293,BGN
2343211008,care,2024-03,352118,818412,BGN
2343211008,care,2024-04,286631,1105043,BGN
2343211008,care,2024-05,284432,1389474,BGN
2343211008,care,2024-06,249809,1639283,BGN
2343211008,care,2024-07,293405,1932689,BGN
2343211008,care,2024-08,257796,2190484,BGN
2343211008,care,2024-09,257421,2447905,BGN
2343211008,care,2024-10,251966,2699871,BGN
2343211008,care,2024-11,283317,2983189,BGN
2343211008,care,2024-12,280411,3263600,BGN
2343211008,care,2025-01,255097,255097,BGN
2343211008,care,2025-02,251957,507054,BGN
2343211008,care,2025-03,251525,758579,BGN
2343211008,care,2025-04,283802,1042381,BGN
2343211008,care,2025-05,220525,1262906,BGN
2343211008,care,2025-06,223887,1486793,BGN
2343211008,care,2025-07,332677,1819470,BGN
2343211008,care,2025-08,272951,2092421,BGN
2343211008,care,2025-09,264676,2357097,BGN
2343211008,care,2025-10,236715,2593812,BGN
2343211008,care,2025-11,286163,2879975,BGN
2343211008,care,2025-12,262365,3142340,BGN
2343211008,care,2026-01,128950,128950,EUR
2343211008,care,2026-02,119974,248924,EUR
2343211008,care,2026-03,145255,394180,EUR
2343211008,care,2026-04,134251,528430,EUR
2343211008,care,2026-05,134330,662761,EUR
2343211008,care,2026-06,134332,797092,EUR
2343211008,care,2026-07,129764,926857,EUR
2343211008,care,2026-08,121618,1048474,EUR
2343222013,care,2024-01,165840,165840,BGN
2343222013,care,2024-02,165885,331724,BGN
2343222013,care,2024-03,166547,498271,BGN
2343222013,care,2024-04,183539,681810,BGN
2343222013,care,2024-05,183539,865349,BGN
2343222013,care,2024-06,183539,1048888,BGN
2343222013,care,2024-07,183539,1232427,BGN
2343222013,care,2024-08,183539,1415966,BGN
2343222013,care,2024-09,183539,1599505,BGN
2343222013,care,2024-10,183539,1783044,BGN
2343222013,care,2024-11,185009,1968053,BGN
2343222013,care,2024-12,183539,2151592,BGN
2343222013,care,2025-01,183453,183453,BGN
2343222013,care,2025-02,183522,366974,BGN
2343222013,care,2025-03,181694,548668,BGN
2343222013,care,2025-04,183535,732203,BGN
2343222013,care,2025-05,185716,917920,BGN
2343222013,care,2025-06,181543,1099463,BGN
2343222013,care,2025-07,183675,1283138,BGN
2343222013,care,2025-08,184185,1467323,BGN
2343222013,care,2025-09,181625,1648948,BGN
2343222013,care,2025-10,182547,1831495,BGN
2343222013,care,2025-11,179864,2011359,BGN
2343222013,care,2025-12,186202,2197561,BGN
2343222013,care,2026-01,93339,93339,EUR
2343222013,care,2026-02,93486,186825,EUR
2343222013,care,2026-03,92743,279567,EUR
2343222013,care,2026-04,93481,373048,EUR
2343222013,care,2026-05,92743,465791,EUR
2343222013,care,2026-06,92898,558689,EUR
2343222013,care,2026-07,93481,652170,EUR
2343222013,care,2026-08,93386,745556,EUR
2355211007,care,2024-01,181240,181240,BGN
2355211007,care,2024-02,181240,362480,BGN
2355211007,care,2024-03,304491,666971,BGN
2355211007,care,2024-04,311783,978754,BGN
2355211007,care,2024-05,236024,1214778,BGN
2355211007,care,2024-06,235783,1450561,BGN
2355211007,care,2024-07,235702,1686263,BGN
2355211007,care,2024-08,226504,1912766,BGN
2355211007,care,2024-09,236495,2149261,BGN
2355211007,care,2024-10,245887,2395148,BGN
2355211007,care,2024-11,238314,2633462,BGN
2355211007,care,2024-12,237056,2870518,BGN
2355211007,care,2025-01,237262,237262,BGN
2355211007,care,2025-02,247823,485085,BGN
2355211007,care,2025-03,249668,734752,BGN
2355211007,care,2025-04,233351,968103,BGN
2355211007,care,2025-05,309128,1277231,BGN
2355211007,care,2025-06,205657,1482888,BGN
2355211007,care,2025-07,375991,1858879,BGN
2355211007,care,2025-08,290179,2149058,BGN
2355211007,care,2025-09,229547,2378605,BGN
2355211007,care,2025-10,260968,2639574,BGN
2355211007,care,2025-11,267516,2907089,BGN
2355211007,care,2025-12,255881,3162971,BGN
2355211007,care,2026-01,124277,124277,EUR
2355211007,care,2026-02,133434,257711,EUR
2355211007,care,2026-03,128139,385850,EUR
2355211007,care,2026-04,133856,519707,EUR
2355211007,care,2026-05,131823,651529,EUR
2355211007,care,2026-06,122783,774312,EUR
2355211007,care,2026-07,133916,908229,EUR
2355211007,care,2026-08,123815,1032044,EUR
2407211005,care,2024-01,184513,184513,BGN
2407211005,care,2024-02,224707,409220,BGN
2407211005,care,2024-03,310722,719942,BGN
2407211005,care,2024-04,242806,962748,BGN
2407211005,care,2024-05,242814,1205562,BGN
2407211005,care,2024-06,242800,1448362,BGN
2407211005,care,2024-07,242738,1691100,BGN
2407211005,care,2024-08,242728,1933828,BGN
2407211005,care,2024-09,242763,2176591,BGN
2407211005,care,2024-10,242689,2419280,BGN
2407211005,care,2024-11,272904,2692184,BGN
2407211005,care,2024-12,242687,2934871,BGN
2407211005,care,2025-01,242756,242756,BGN
2407211005,care,2025-02,242632,485388,BGN
2407211005,care,2025-03,242684,728072,BGN
2407211005,care,2025-04,242689,970761,BGN
2407211005,care,2025-05,533700,1504461,BGN
2407211005,care,2025-06,361441,1865902,BGN
2407211005,care,2025-07,342048,2207950,BGN
2407211005,care,2025-08,272139,2480089,BGN
2407211005,care,2025-09,254416,2734505,BGN
2407211005,care,2025-10,229605,2964110,BGN
2407211005,care,2025-11,294989,3259099,BGN
2407211005,care,2025-12,278339,3537438,BGN
2407211005,care,2026-01,129750,129750,EUR
2407211005,care,2026-02,124056,253805,EUR
2407211005,care,2026-03,137892,391697,EUR
2407211005,care,2026-04,142164,533861,EUR
2407211005,care,2026-05,142266,676126,EUR
2407211005,care,2026-06,132422,808548,EUR
2407211005,care,2026-07,140349,948897,EUR
2407211005,care,2026-08,143492,1092390,EUR
2412211003,care,2024-01,693731,693731,BGN
2412211003,care,2024-02,805587,1499318,BGN
2412211003,care,2024-03,955597,2454915,BGN
2412211003,care,2024-04,875270,3330184,BGN
2412211003,care,2024-05,889392,4219577,BGN
2412211003,care,2024-06,900147,5119724,BGN
2412211003,care,2024-07,902421,6022145,BGN
2412211003,care,2024-08,906056,6928201,BGN
2412211003,care,2024-09,871614,7799816,BGN
2412211003,care,2024-10,785479,8585294,BGN
2412211003,care,2024-11,988670,9573964,BGN
2412211003,care,2024-12,889253,10463217,BGN
2412211003,care,2025-01,829080,829080,BGN
2412211003,care,2025-02,962209,1791289,BGN
2412211003,care,2025-03,865773,2657062,BGN
2412211003,care,2025-04,908504,3565566,BGN
2412211003,care,2025-05,772728,4338294,BGN
2412211003,care,2025-06,915678,5253972,BGN
2412211003,care,2025-07,1001702,6255674,BGN
2412211003,care,2025-08,870862,7126537,BGN
2412211003,care,2025-09,869857,7996393,BGN
2412211003,care,2025-10,857658,8854051,BGN
2412211003,care,2025-11,961734,9815785,BGN
2412211003,care,2025-12,874839,10690625,BGN
2412211003,care,2026-01,459618,459618,EUR
2412211003,care,2026-02,449132,908750,EUR
2412211003,care,2026-03,438433,1347183,EUR
2412211003,care,2026-04,448015,1795198,EUR
2412211003,care,2026-05,455747,2250944,EUR
2412211003,care,2026-06,458595,2709539,EUR
2412211003,care,2026-07,455843,3165382,EUR
2412211003,care,2026-08,467536,3632918,EUR
2412211003,devices,2024-02,2850,2850,BGN
2412211003,devices,2024-03,1200,4050,BGN
2412211003,devices,2024-04,0,4050,BGN
2412211003,devices,2024-05,0,4050,BGN
2412211003,devices,2024-06,1330,5380,BGN
2412211003,devices,2024-07,2010,7390,BGN
2412211003,devices,2024-08,550,7940,BGN
2412211003,devices,2024-09,1620,9560,BGN
2412211003,devices,2024-10,1360,10920,BGN
2412211003,devices,2024-11,1460,12380,BGN
2412211003,devices,2024-12,550,12930,BGN
2412211003,devices,2025-01,1720,1720,BGN
2412211003,devices,2025-02,0,1720,BGN
2412211003,devices,2025-03,1460,3180,BGN
2412211003,devices,2025-04,0,3180,BGN
2412211003,devices,2025-05,0,3180,BGN
2412211003,devices,2025-06,810,3990,BGN
2412211003,devices,2025-07,2010,6000,BGN
2412211003,devices,2025-08,0,6000,BGN
2412211003,devices,2025-09,1360,7360,BGN
2412211003,devices,2025-10,4600,11960,BGN
2412211003,devices,2025-11,0,11960,BGN
2412211003,devices,2025-12,0,11960,BGN
2412211003,devices,2026-01,977,977,EUR
2412211003,devices,2026-02,414,1391,EUR
2412211003,devices,2026-03,281,1672,EUR
2412211003,devices,2026-04,0,1672,EUR
2412211003,devices,2026-05,0,1672,EUR
2412211003,devices,2026-06,0,1672,EUR
2412211003,devices,2026-07,414,2086,EUR
2412211003,devices,2026-08,0,2086,EUR
2412212028,care,2024-01,80923,80923,BGN
2412212028,care,2024-02,88827,169750,BGN
2412212028,care,2024-03,84875,254625,BGN
2412212028,care,2024-04,121169,375794,BGN
2412212028,care,2024-05,97203,472997,BGN
2412212028,care,2024-06,97203,570200,BGN
2412212028,care,2024-07,97203,667403,BGN
2412212028,care,2024-08,97203,764606,BGN
2412212028,care,2024-09,97203,861809,BGN
2412212028,care,2024-10,97203,959012,BGN
2412212028,care,2024-11,105730,1064742,BGN
2412212028,care,2024-12,97203,1161945,BGN
2412212028,care,2025-01,88927,88927,BGN
2412212028,care,2025-02,92680,181607,BGN
2412212028,care,2025-03,91261,272868,BGN
2412212028,care,2025-04,97203,370071,BGN
2412212028,care,2025-05,128605,498676,BGN
2412212028,care,2025-06,109251,607927,BGN
2412212028,care,2025-07,98540,706468,BGN
2412212028,care,2025-08,108412,814880,BGN
2412212028,care,2025-09,104638,919519,BGN
2412212028,care,2025-10,90943,1010462,BGN
2412212028,care,2025-11,90943,1101405,BGN
2412212028,care,2025-12,90943,1192348,BGN
2412212028,care,2026-01,46498,46498,EUR
2412212028,care,2026-02,44814,91312,EUR
2412212028,care,2026-03,48872,140184,EUR
2412212028,care,2026-04,51861,192045,EUR
2412212028,care,2026-05,44330,236375,EUR
2412212028,care,2026-06,59392,295767,EUR
2412212028,care,2026-07,51861,347628,EUR
2412212028,care,2026-08,51861,399489,EUR
2424233014,care,2024-01,211571,211571,BGN
2424233014,care,2024-02,84628,296199,BGN
2424233014,care,2024-03,249150,545349,BGN
2424233014,care,2024-04,272252,817601,BGN
2424233014,care,2024-05,272252,1089853,BGN
2424233014,care,2024-06,272252,1362105,BGN
2424233014,care,2024-07,272252,1634357,BGN
2424233014,care,2024-08,272252,1906609,BGN
2424233014,care,2024-09,272252,2178861,BGN
2424233014,care,2024-10,272252,2451113,BGN
2424233014,care,2024-11,300081,2751194,BGN
2424233014,care,2024-12,272252,3023446,BGN
2424233014,care,2025-01,201106,201106,BGN
2424233014,care,2025-02,140130,341236,BGN
2424233014,care,2025-03,262076,603312,BGN
2424233014,care,2025-04,272252,875564,BGN
2424233014,care,2025-05,518746,1394310,BGN
2424233014,care,2025-06,294250,1688560,BGN
2424233014,care,2025-07,346395,2034954,BGN
2424233014,care,2025-08,361736,2396691,BGN
2424233014,care,2025-09,201076,2597767,BGN
2424233014,care,2025-10,201076,2798843,BGN
2424233014,care,2025-11,201076,2999919,BGN
2424233014,care,2025-12,201076,3200995,BGN
2424233014,care,2026-01,59678,59678,EUR
2424233014,care,2026-02,80913,140590,EUR
2424233014,care,2026-03,106367,246957,EUR
2424233014,care,2026-04,133526,380483,EUR
2424233014,care,2026-05,133526,514009,EUR
2424233014,care,2026-06,133526,647535,EUR
2424233014,care,2026-07,129541,777076,EUR
2424233014,care,2026-08,120110,897187,EUR
2431131035,care,2024-01,46754,46754,BGN
2431131035,care,2024-02,46754,93508,BGN
2431131035,care,2024-03,46754,140262,BGN
2431131035,care,2024-04,117063,257325,BGN
2431131035,care,2024-05,73930,331255,BGN
2431131035,care,2024-06,73930,405185,BGN
2431131035,care,2024-07,73930,479115,BGN
2431131035,care,2024-08,57870,536984,BGN
2431131035,care,2024-09,35972,572956,BGN
2431131035,care,2024-10,55285,628241,BGN
2431131035,care,2024-11,92575,720816,BGN
2431131035,care,2024-12,73930,794746,BGN
2431131035,care,2025-01,73195,73195,BGN
2431131035,care,2025-02,74665,147860,BGN
2431131035,care,2025-03,73930,221790,BGN
2431131035,care,2025-04,73930,295720,BGN
2431131035,care,2025-05,146983,442703,BGN
2431131035,care,2025-06,114344,557047,BGN
2431131035,care,2025-07,69626,626673,BGN
2431131035,care,2025-08,57007,683680,BGN
2431131035,care,2025-09,35486,719166,BGN
2431131035,care,2025-10,65999,785165,BGN
2431131035,care,2025-11,100572,885737,BGN
2431131035,care,2025-12,97194,982931,BGN
2431131035,care,2026-01,42206,42206,EUR
2431131035,care,2026-02,38989,81195,EUR
2431131035,care,2026-03,37930,119125,EUR
2431131035,care,2026-04,41170,160295,EUR
2431131035,care,2026-05,35597,195893,EUR
2431131035,care,2026-06,46743,242635,EUR
2431131035,care,2026-07,37505,280140,EUR
2431131035,care,2026-08,21509,301649,EUR
2431131041,care,2024-06,5456,5456,BGN
2431131041,care,2024-07,16864,22320,BGN
2431131041,care,2024-08,6448,28768,BGN
2431131041,care,2024-09,7936,36704,BGN
2431131041,care,2024-10,6112,42816,BGN
2431131041,care,2024-11,6112,48928,BGN
2431131041,care,2024-12,6096,55024,BGN
2431131041,care,2025-01,15040,15040,BGN
2431131041,care,2025-02,23632,38672,BGN
2431131041,care,2025-03,14304,52976,BGN
2431131041,care,2025-04,8048,61024,BGN
2431131041,care,2025-05,39152,100176,BGN
2431131041,care,2025-06,47904,148080,BGN
2431131041,care,2025-07,56144,204224,BGN
2431131041,care,2025-08,49104,253328,BGN
2431131041,care,2025-09,166352,419680,BGN
2431131041,care,2025-10,278604,698284,BGN
2431131041,care,2025-11,469772,1168056,BGN
2431131041,care,2025-12,381020,1549076,BGN
2431131041,care,2026-01,139618,139618,EUR
2431131041,care,2026-02,227592,367210,EUR
2431131041,care,2026-03,216695,583905,EUR
2431131041,care,2026-04,248469,832374,EUR
2431131041,care,2026-05,255377,1087751,EUR
2431131041,care,2026-06,227996,1315747,EUR
2431131041,care,2026-07,293806,1609553,EUR
2431131041,care,2026-08,305996,1915549,EUR
2431131051,care,2024-01,98804,98804,BGN
2431131051,care,2024-02,98804,197608,BGN
2431131051,care,2024-03,98804,296412,BGN
2431131051,care,2024-04,125672,422084,BGN
2431131051,care,2024-05,167591,589675,BGN
2431131051,care,2024-06,143055,732730,BGN
2431131051,care,2024-07,139106,871836,BGN
2431131051,care,2024-08,116802,988638,BGN
2431131051,care,2024-09,98086,1086724,BGN
2431131051,care,2024-10,113705,1200430,BGN
2431131051,care,2024-11,179557,1379987,BGN
2431131051,care,2024-12,135902,1515889,BGN
2431131051,care,2025-01,124828,124828,BGN
2431131051,care,2025-02,161282,286110,BGN
2431131051,care,2025-03,143055,429165,BGN
2431131051,care,2025-04,143055,572220,BGN
2431131051,care,2025-05,232940,805160,BGN
2431131051,care,2025-06,151651,956811,BGN
2431131051,care,2025-07,150409,1107220,BGN
2431131051,care,2025-08,130731,1237950,BGN
2431131051,care,2025-09,110904,1348854,BGN
2431131051,care,2025-10,127809,1476663,BGN
2431131051,care,2025-11,177569,1654232,BGN
2431131051,care,2025-12,152689,1806921,BGN
2431131051,care,2026-01,78068,78068,EUR
2431131051,care,2026-02,78779,156847,EUR
2431131051,care,2026-03,78779,235626,EUR
2431131051,care,2026-04,78779,314405,EUR
2431131051,care,2026-05,78779,393184,EUR
2431131051,care,2026-06,78779,471963,EUR
2431131051,care,2026-07,76300,548264,EUR
2431131051,care,2026-08,70224,618488,EUR
2431211002,care,2024-01,3173912,3173912,BGN
2431211002,care,2024-02,3547090,6721002,BGN
2431211002,care,2024-03,3744383,10465384,BGN
2431211002,care,2024-04,3905862,14371246,BGN
2431211002,care,2024-05,4219214,18590460,BGN
2431211002,care,2024-06,3733611,22324071,BGN
2431211002,care,2024-07,4054219,26378290,BGN
2431211002,care,2024-08,4373164,30751454,BGN
2431211002,care,2024-09,3913811,34665266,BGN
2431211002,care,2024-10,4005835,38671101,BGN
2431211002,care,2024-11,4278278,42949378,BGN
2431211002,care,2024-12,4075603,47024981,BGN
2431211002,care,2025-01,3948225,3948225,BGN
2431211002,care,2025-02,4424464,8372689,BGN
2431211002,care,2025-03,4038674,12411364,BGN
2431211002,care,2025-04,3926991,16338355,BGN
2431211002,care,2025-05,4438219,20776573,BGN
2431211002,care,2025-06,5242773,26019346,BGN
2431211002,care,2025-07,4579550,30598896,BGN
2431211002,care,2025-08,4596971,35195867,BGN
2431211002,care,2025-09,4063390,39259257,BGN
2431211002,care,2025-10,4029781,43289039,BGN
2431211002,care,2025-11,4391458,47680497,BGN
2431211002,care,2025-12,4192965,51873461,BGN
2431211002,care,2026-01,1841529,1841529,EUR
2431211002,care,2026-02,2225917,4067445,EUR
2431211002,care,2026-03,2270760,6338205,EUR
2431211002,care,2026-04,2226737,8564942,EUR
2431211002,care,2026-05,2196953,10761895,EUR
2431211002,care,2026-06,2219599,12981494,EUR
2431211002,care,2026-07,2205134,15186628,EUR
2431211002,care,2026-08,2201201,17387829,EUR
2431211002,devices,2024-02,23348,23348,BGN
2431211002,devices,2024-03,33113,56461,BGN
2431211002,devices,2024-04,22294,78755,BGN
2431211002,devices,2024-05,19190,97945,BGN
2431211002,devices,2024-06,32736,130681,BGN
2431211002,devices,2024-07,27656,158337,BGN
2431211002,devices,2024-08,35986,194323,BGN
2431211002,devices,2024-09,31526,225849,BGN
2431211002,devices,2024-10,14268,240117,BGN
2431211002,devices,2024-11,21772,261889,BGN
2431211002,devices,2024-12,38786,300675,BGN
2431211002,devices,2025-01,38398,38398,BGN
2431211002,devices,2025-02,29228,67626,BGN
2431211002,devices,2025-03,27446,95072,BGN
2431211002,devices,2025-04,19196,114268,BGN
2431211002,devices,2025-05,46262,160530,BGN
2431211002,devices,2025-06,31284,191814,BGN
2431211002,devices,2025-07,28747,220561,BGN
2431211002,devices,2025-08,24152,244713,BGN
2431211002,devices,2025-09,17960,262673,BGN
2431211002,devices,2025-10,9858,272531,BGN
2431211002,devices,2025-11,27194,299725,BGN
2431211002,devices,2025-12,0,299725,BGN
2431211002,devices,2026-01,32148,32148,EUR
2431211002,devices,2026-02,15216,47364,EUR
2431211002,devices,2026-03,21217,68581,EUR
2431211002,devices,2026-04,0,68581,EUR
2431211002,devices,2026-05,12899,81479,EUR
2431211002,devices,2026-06,11419,92899,EUR
2431211002,devices,2026-07,18448,111347,EUR
2431211002,devices,2026-08,13676,125023,EUR
2431211002,medicines,2024-01,50510,50510,BGN
2431211002,medicines,2024-02,45206,95716,BGN
2431211002,medicines,2024-03,57320,153036,BGN
2431211002,medicines,2024-04,81098,234134,BGN
2431211002,medicines,2024-05,50635,284769,BGN
2431211002,medicines,2024-06,74206,358975,BGN
2431211002,medicines,2024-07,86129,445104,BGN
2431211002,medicines,2024-08,73825,518929,BGN
2431211002,medicines,2024-09,93955,612884,BGN
2431211002,medicines,2024-10,76872,689756,BGN
2431211002,medicines,2024-11,41724,731480,BGN
2431211002,medicines,2024-12,71549,803029,BGN
2431211002,medicines,2025-01,72268,72268,BGN
2431211002,medicines,2025-02,62979,135247,BGN
2431211002,medicines,2025-03,61460,196707,BGN
2431211002,medicines,2025-04,61260,257966,BGN
2431211002,medicines,2025-05,104791,362758,BGN
2431211002,medicines,2025-06,103804,466561,BGN
2431211002,medicines,2025-07,115283,581845,BGN
2431211002,medicines,2025-08,180408,762252,BGN
2431211002,medicines,2025-09,146203,908456,BGN
2431211002,medicines,2025-10,106304,1014760,BGN
2431211002,medicines,2025-11,125051,1139811,BGN
2431211002,medicines,2025-12,122808,1262619,BGN
2431211002,medicines,2026-01,79776,79776,EUR
2431211002,medicines,2026-02,70022,149798,EUR
2431211002,medicines,2026-03,63364,213162,EUR
2431211002,medicines,2026-04,59839,273000,EUR
2431211002,medicines,2026-05,60248,333249,EUR
2431211002,medicines,2026-06,68090,401338,EUR
2431211002,medicines,2026-07,63492,464831,EUR
2431211002,medicines,2026-08,107950,572780,EUR
2431211024,care,2024-01,205691,205691,BGN
2431211024,care,2024-02,184337,390028,BGN
2431211024,care,2024-03,205877,595905,BGN
2431211024,care,2024-04,201892,797797,BGN
2431211024,care,2024-05,208468,1006264,BGN
2431211024,care,2024-06,183686,1189950,BGN
2431211024,care,2024-07,200727,1390676,BGN
2431211024,care,2024-08,233344,1624021,BGN
2431211024,care,2024-09,189377,1813398,BGN
2431211024,care,2024-10,208060,2021458,BGN
2431211024,care,2024-11,187930,2209388,BGN
2431211024,care,2024-12,200754,2410142,BGN
2431211024,care,2025-01,182654,182654,BGN
2431211024,care,2025-02,176269,358922,BGN
2431211024,care,2025-03,180150,539072,BGN
2431211024,care,2025-04,201134,740206,BGN
2431211024,care,2025-05,184612,924818,BGN
2431211024,care,2025-06,197982,1122800,BGN
2431211024,care,2025-07,206821,1329621,BGN
2431211024,care,2025-08,179891,1509511,BGN
2431211024,care,2025-09,192511,1702023,BGN
2431211024,care,2025-10,174519,1876542,BGN
2431211024,care,2025-11,189176,2065718,BGN
2431211024,care,2025-12,208566,2274284,BGN
2431211024,care,2026-01,103227,103227,EUR
2431211024,care,2026-02,106556,209783,EUR
2431211024,care,2026-03,94229,304012,EUR
2431211024,care,2026-04,99862,403874,EUR
2431211024,care,2026-05,83430,487303,EUR
2431211024,care,2026-06,89055,576359,EUR
2431211024,care,2026-07,95686,672045,EUR
2431211024,care,2026-08,109291,781336,EUR
2431211024,devices,2024-07,542,542,BGN
2431211024,devices,2024-08,433,975,BGN
2431211024,devices,2024-09,867,1842,BGN
2431211024,devices,2024-10,650,2492,BGN
2431211024,devices,2024-11,260,2752,BGN
2431211024,devices,2024-12,0,2752,BGN
2431211024,devices,2025-08,1100,1100,BGN
2431211024,devices,2025-09,0,1100,BGN
2431211024,devices,2025-10,810,1910,BGN
2431211024,devices,2025-11,0,1910,BGN
2431211024,devices,2025-12,0,1910,BGN
2431211024,devices,2026-01,465,465,EUR
2431211024,devices,2026-02,410,875,EUR
2431211024,devices,2026-03,0,875,EUR
2431211024,devices,2026-04,0,875,EUR
2431211024,devices,2026-05,0,875,EUR
2431211024,devices,2026-06,0,875,EUR
2431211024,devices,2026-07,332,1208,EUR
2431211024,devices,2026-08,0,1208,EUR
2431211026,care,2024-01,1733697,1733697,BGN
2431211026,care,2024-02,1922813,3656510,BGN
2431211026,care,2024-03,1780519,5437029,BGN
2431211026,care,2024-04,2277476,7714505,BGN
2431211026,care,2024-05,2045693,9760198,BGN
2431211026,care,2024-06,1944624,11704822,BGN
2431211026,care,2024-07,1888874,13593696,BGN
2431211026,care,2024-08,2047194,15640890,BGN
2431211026,care,2024-09,2059820,17700710,BGN
2431211026,care,2024-10,2053324,19754033,BGN
2431211026,care,2024-11,2406268,22160302,BGN
2431211026,care,2024-12,2125694,24285996,BGN
2431211026,care,2025-01,2110147,2110147,BGN
2431211026,care,2025-02,2130520,4240667,BGN
2431211026,care,2025-03,2124842,6365508,BGN
2431211026,care,2025-04,2130951,8496460,BGN
2431211026,care,2025-05,5361283,13857742,BGN
2431211026,care,2025-06,3109641,16967383,BGN
2431211026,care,2025-07,2799056,19766439,BGN
2431211026,care,2025-08,2662361,22428800,BGN
2431211026,care,2025-09,2617656,25046456,BGN
2431211026,care,2025-10,2496613,27543069,BGN
2431211026,care,2025-11,2554371,30097440,BGN
2431211026,care,2025-12,2522573,32620013,BGN
2431211026,care,2026-01,1280553,1280553,EUR
2431211026,care,2026-02,1396861,2677414,EUR
2431211026,care,2026-03,1355238,4032652,EUR
2431211026,care,2026-04,1365061,5397714,EUR
2431211026,care,2026-05,1352541,6750255,EUR
2431211026,care,2026-06,1328197,8078452,EUR
2431211026,care,2026-07,1368313,9446765,EUR
2431211026,care,2026-08,1323462,10770227,EUR
2431211026,devices,2024-02,101649,101649,BGN
2431211026,devices,2024-03,86173,187822,BGN
2431211026,devices,2024-04,87746,275568,BGN
2431211026,devices,2024-05,114203,389771,BGN
2431211026,devices,2024-06,91328,481099,BGN
2431211026,devices,2024-07,107870,588969,BGN
2431211026,devices,2024-08,128327,717296,BGN
2431211026,devices,2024-09,106084,823380,BGN
2431211026,devices,2024-10,80940,904320,BGN
2431211026,devices,2024-11,135298,1039618,BGN
2431211026,devices,2024-12,134658,1174276,BGN
2431211026,devices,2025-01,138973,138973,BGN
2431211026,devices,2025-02,127655,266628,BGN
2431211026,devices,2025-03,100588,367216,BGN
2431211026,devices,2025-04,127410,494626,BGN
2431211026,devices,2025-05,146258,640884,BGN
2431211026,devices,2025-06,138011,778895,BGN
2431211026,devices,2025-07,156521,935416,BGN
2431211026,devices,2025-08,185874,1121290,BGN
2431211026,devices,2025-09,164635,1285925,BGN
2431211026,devices,2025-10,203912,1489837,BGN
2431211026,devices,2025-11,165066,1654903,BGN
2431211026,devices,2025-12,0,1654903,BGN
2431211026,devices,2026-01,237861,237861,EUR
2431211026,devices,2026-02,88808,326668,EUR
2431211026,devices,2026-03,181323,507992,EUR
2431211026,devices,2026-04,0,507992,EUR
2431211026,devices,2026-05,149088,657079,EUR
2431211026,devices,2026-06,110963,768042,EUR
2431211026,devices,2026-07,92562,860604,EUR
2431211026,devices,2026-08,92424,953028,EUR
2431211026,medicines,2024-08,30524,30524,BGN
2431211026,medicines,2024-09,114132,144656,BGN
2431211026,medicines,2024-10,157620,302276,BGN
2431211026,medicines,2024-11,190126,492402,BGN
2431211026,medicines,2024-12,275593,767996,BGN
2431211026,medicines,2025-01,322953,322953,BGN
2431211026,medicines,2025-02,391333,714286,BGN
2431211026,medicines,2025-03,471341,1185627,BGN
2431211026,medicines,2025-04,422272,1607899,BGN
2431211026,medicines,2025-05,554303,2162202,BGN
2431211026,medicines,2025-06,511130,2673332,BGN
2431211026,medicines,2025-07,510235,3183567,BGN
2431211026,medicines,2025-08,550355,3733922,BGN
2431211026,medicines,2025-09,658876,4392798,BGN
2431211026,medicines,2025-10,704760,5097557,BGN
2431211026,medicines,2025-11,746501,5844059,BGN
2431211026,medicines,2025-12,857606,6701665,BGN
2431211026,medicines,2026-01,412145,412145,EUR
2431211026,medicines,2026-02,379845,791990,EUR
2431211026,medicines,2026-03,426387,1218377,EUR
2431211026,medicines,2026-04,452457,1670833,EUR
2431211026,medicines,2026-05,531833,2202667,EUR
2431211026,medicines,2026-06,518782,2721448,EUR
2431211026,medicines,2026-07,600419,3321868,EUR
2431211026,medicines,2026-08,610747,3932615,EUR
2431211029,care,2024-01,754244,754244,BGN
2431211029,care,2024-02,754244,1508488,BGN
2431211029,care,2024-03,754244,2262732,BGN
2431211029,care,2024-04,1406122,3668854,BGN
2431211029,care,2024-05,1022285,4691139,BGN
2431211029,care,2024-06,965889,5657028,BGN
2431211029,care,2024-07,1075682,6732710,BGN
2431211029,care,2024-08,1000198,7732908,BGN
2431211029,care,2024-09,1059821,8792728,BGN
2431211029,care,2024-10,950541,9743269,BGN
2431211029,care,2024-11,1196342,10939612,BGN
2431211029,care,2024-12,1050810,11990422,BGN
2431211029,care,2025-01,908105,908105,BGN
2431211029,care,2025-02,1033222,1941327,BGN
2431211029,care,2025-03,1132862,3074189,BGN
2431211029,care,2025-04,1117251,4191440,BGN
2431211029,care,2025-05,1267666,5459105,BGN
2431211029,care,2025-06,1132978,6592083,BGN
2431211029,care,2025-07,1168290,7760373,BGN
2431211029,care,2025-08,1204686,8965059,BGN
2431211029,care,2025-09,1117433,10082492,BGN
2431211029,care,2025-10,1025257,11107749,BGN
2431211029,care,2025-11,1125371,12233121,BGN
2431211029,care,2025-12,1084009,13317130,BGN
2431211029,care,2026-01,527432,527432,EUR
2431211029,care,2026-02,567715,1095146,EUR
2431211029,care,2026-03,520223,1615369,EUR
2431211029,care,2026-04,582931,2198300,EUR
2431211029,care,2026-05,569422,2767722,EUR
2431211029,care,2026-06,553404,3321126,EUR
2431211029,care,2026-07,574144,3895270,EUR
2431211029,care,2026-08,609172,4504442,EUR
2431211029,devices,2024-02,31227,31227,BGN
2431211029,devices,2024-03,21428,52655,BGN
2431211029,devices,2024-04,10858,63514,BGN
2431211029,devices,2024-05,16850,80364,BGN
2431211029,devices,2024-06,28100,108464,BGN
2431211029,devices,2024-07,9815,118279,BGN
2431211029,devices,2024-08,9757,128036,BGN
2431211029,devices,2024-09,6537,134574,BGN
2431211029,devices,2024-10,5159,139733,BGN
2431211029,devices,2024-11,4779,144512,BGN
2431211029,devices,2024-12,12237,156750,BGN
2431211029,devices,2025-01,12259,12259,BGN
2431211029,devices,2025-02,7158,19417,BGN
2431211029,devices,2025-03,14600,34017,BGN
2431211029,devices,2025-04,9079,43096,BGN
2431211029,devices,2025-05,8100,51196,BGN
2431211029,devices,2025-06,12500,63696,BGN
2431211029,devices,2025-07,5216,68912,BGN
2431211029,devices,2025-08,7100,76012,BGN
2431211029,devices,2025-09,4940,80952,BGN
2431211029,devices,2025-10,10183,91135,BGN
2431211029,devices,2025-11,7640,98775,BGN
2431211029,devices,2025-12,0,98775,BGN
2431211029,devices,2026-01,11525,11525,EUR
2431211029,devices,2026-02,3865,15390,EUR
2431211029,devices,2026-03,6628,22019,EUR
2431211029,devices,2026-04,0,22019,EUR
2431211029,devices,2026-05,5238,27257,EUR
2431211029,devices,2026-06,14064,41320,EUR
2431211029,devices,2026-07,18901,60222,EUR
2431211029,devices,2026-08,14769,74991,EUR
2431211029,medicines,2024-01,222102,222102,BGN
2431211029,medicines,2024-02,202129,424231,BGN
2431211029,medicines,2024-03,287014,711245,BGN
2431211029,medicines,2024-04,218618,929863,BGN
2431211029,medicines,2024-05,332131,1261994,BGN
2431211029,medicines,2024-06,291122,1553116,BGN
2431211029,medicines,2024-07,358776,1911891,BGN
2431211029,medicines,2024-08,322234,2234125,BGN
2431211029,medicines,2024-09,245205,2479330,BGN
2431211029,medicines,2024-10,299356,2778686,BGN
2431211029,medicines,2024-11,222568,3001254,BGN
2431211029,medicines,2024-12,357741,3358995,BGN
2431211029,medicines,2025-01,312163,312163,BGN
2431211029,medicines,2025-02,228747,540910,BGN
2431211029,medicines,2025-03,387293,928203,BGN
2431211029,medicines,2025-04,338024,1266227,BGN
2431211029,medicines,2025-05,325864,1592092,BGN
2431211029,medicines,2025-06,367776,1959868,BGN
2431211029,medicines,2025-07,422498,2382366,BGN
2431211029,medicines,2025-08,361310,2743677,BGN
2431211029,medicines,2025-09,410057,3153734,BGN
2431211029,medicines,2025-10,448302,3602036,BGN
2431211029,medicines,2025-11,419135,4021170,BGN
2431211029,medicines,2025-12,497135,4518306,BGN
2431211029,medicines,2026-01,239105,239105,EUR
2431211029,medicines,2026-02,186665,425770,EUR
2431211029,medicines,2026-03,226998,652768,EUR
2431211029,medicines,2026-04,233311,886078,EUR
2431211029,medicines,2026-05,281994,1168073,EUR
2431211029,medicines,2026-06,333818,1501891,EUR
2431211029,medicines,2026-07,341990,1843881,EUR
2431211029,medicines,2026-08,393567,2237448,EUR
2431212027,care,2024-01,112561,112561,BGN
2431212027,care,2024-02,112561,225122,BGN
2431212027,care,2024-03,112561,337683,BGN
2431212027,care,2024-04,210332,548015,BGN
2431212027,care,2024-05,135292,683307,BGN
2431212027,care,2024-06,135292,818599,BGN
2431212027,care,2024-07,135009,953608,BGN
2431212027,care,2024-08,114213,1067821,BGN
2431212027,care,2024-09,147256,1215076,BGN
2431212027,care,2024-10,125838,1340914,BGN
2431212027,care,2024-11,144746,1485660,BGN
2431212027,care,2024-12,135292,1620952,BGN
2431212027,care,2025-01,124419,124419,BGN
2431212027,care,2025-02,146165,270584,BGN
2431212027,care,2025-03,135292,405876,BGN
2431212027,care,2025-04,135292,541168,BGN
2431212027,care,2025-05,174390,715558,BGN
2431212027,care,2025-06,165331,880889,BGN
2431212027,care,2025-07,136109,1016999,BGN
2431212027,care,2025-08,120644,1137642,BGN
2431212027,care,2025-09,113255,1250897,BGN
2431212027,care,2025-10,130959,1381856,BGN
2431212027,care,2025-11,152873,1534729,BGN
2431212027,care,2025-12,145193,1679922,BGN
2431212027,care,2026-01,57184,57184,EUR
2431212027,care,2026-02,68492,125676,EUR
2431212027,care,2026-03,67926,193603,EUR
2431212027,care,2026-04,71221,264824,EUR
2431212027,care,2026-05,66392,331216,EUR
2431212027,care,2026-06,62148,393364,EUR
2431212027,care,2026-07,60308,453672,EUR
2431212027,care,2026-08,61635,515307,EUR
2431334012,care,2024-01,731348,731348,BGN
2431334012,care,2024-02,811142,1542490,BGN
2431334012,care,2024-03,955630,2498120,BGN
2431334012,care,2024-04,844972,3343093,BGN
2431334012,care,2024-05,861766,4204858,BGN
2431334012,care,2024-06,898418,5103277,BGN
2431334012,care,2024-07,920163,6023440,BGN
2431334012,care,2024-08,865622,6889062,BGN
2431334012,care,2024-09,908766,7797828,BGN
2431334012,care,2024-10,767426,8565253,BGN
2431334012,care,2024-11,921397,9486651,BGN
2431334012,care,2024-12,834397,10321048,BGN
2431334012,care,2025-01,720741,720741,BGN
2431334012,care,2025-02,779141,1499882,BGN
2431334012,care,2025-03,743026,2242908,BGN
2431334012,care,2025-04,759744,3002652,BGN
2431334012,care,2025-05,752799,3755450,BGN
2431334012,care,2025-06,694822,4450272,BGN
2431334012,care,2025-07,703412,5153684,BGN
2431334012,care,2025-08,734884,5888568,BGN
2431334012,care,2025-09,687086,6575654,BGN
2431334012,care,2025-10,649726,7225380,BGN
2431334012,care,2025-11,634968,7860348,BGN
2431334012,care,2025-12,583392,8443740,BGN
2431334012,care,2026-01,286350,286350,EUR
2431334012,care,2026-02,288524,574874,EUR
2431334012,care,2026-03,327551,902425,EUR
2431334012,care,2026-04,325241,1227666,EUR
2431334012,care,2026-05,312809,1540475,EUR
2431334012,care,2026-06,289149,1829624,EUR
2431334012,care,2026-07,296709,2126333,EUR
2431334012,care,2026-08,329795,2456129,EUR
2431334012,devices,2026-03,230,230,EUR
2431334012,devices,2026-04,0,230,EUR
2431334012,devices,2026-05,690,920,EUR
2431334012,devices,2026-06,2071,2991,EUR
2431334012,devices,2026-07,1380,4372,EUR
2431334012,devices,2026-08,3221,7593,EUR
2431334012,medicines,2024-01,3865934,3865934,BGN
2431334012,medicines,2024-02,3269829,7135763,BGN
2431334012,medicines,2024-03,3812600,10948364,BGN
2431334012,medicines,2024-04,3673485,14621849,BGN
2431334012,medicines,2024-05,3966133,18587982,BGN
2431334012,medicines,2024-06,3721701,22309683,BGN
2431334012,medicines,2024-07,3813277,26122960,BGN
2431334012,medicines,2024-08,3689816,29812776,BGN
2431334012,medicines,2024-09,3818086,33630863,BGN
2431334012,medicines,2024-10,3850957,37481819,BGN
2431334012,medicines,2024-11,3615232,41097051,BGN
2431334012,medicines,2024-12,4076536,45173588,BGN
2431334012,medicines,2025-01,3753758,3753758,BGN
2431334012,medicines,2025-02,3540440,7294198,BGN
2431334012,medicines,2025-03,4269199,11563398,BGN
2431334012,medicines,2025-04,3529828,15093226,BGN
2431334012,medicines,2025-05,3754685,18847911,BGN
2431334012,medicines,2025-06,4060606,22908517,BGN
2431334012,medicines,2025-07,4028448,26936965,BGN
2431334012,medicines,2025-08,3817753,30754718,BGN
2431334012,medicines,2025-09,4214201,34968920,BGN
2431334012,medicines,2025-10,4086001,39054920,BGN
2431334012,medicines,2025-11,3549609,42604529,BGN
2431334012,medicines,2025-12,3862920,46467449,BGN
2431334012,medicines,2026-01,1739443,1739443,EUR
2431334012,medicines,2026-02,1661960,3401403,EUR
2431334012,medicines,2026-03,1719503,5120906,EUR
2431334012,medicines,2026-04,1855073,6975979,EUR
2431334012,medicines,2026-05,1758779,8734758,EUR
2431334012,medicines,2026-06,1901356,10636115,EUR
2431334012,medicines,2026-07,1857679,12493794,EUR
2431334012,medicines,2026-08,1944259,14438053,EUR
2431391030,care,2024-01,167303,167303,BGN
2431391030,care,2024-02,158512,325814,BGN
2431391030,care,2024-03,147258,473072,BGN
2431391030,care,2024-04,159801,632873,BGN
2431391030,care,2024-05,162630,795503,BGN
2431391030,care,2024-06,177551,973054,BGN
2431391030,care,2024-07,161880,1134934,BGN
2431391030,care,2024-08,178551,1313485,BGN
2431391030,care,2024-09,169801,1483286,BGN
2431391030,care,2024-10,156630,1639916,BGN
2431391030,care,2024-11,159801,1799717,BGN
2431391030,care,2024-12,153130,1952847,BGN
2431391030,care,2025-01,159551,159551,BGN
2431391030,care,2025-02,158301,317852,BGN
2431391030,care,2025-03,144788,462640,BGN
2431391030,care,2025-04,158801,621441,BGN
2431391030,care,2025-05,154880,776321,BGN
2431391030,care,2025-06,159801,936122,BGN
2431391030,care,2025-07,152380,1088502,BGN
2431391030,care,2025-08,158801,1247303,BGN
2431391030,care,2025-09,168051,1415354,BGN
2431391030,care,2025-10,171880,1587234,BGN
2431391030,care,2025-11,177051,1764285,BGN
2431391030,care,2025-12,166130,1930415,BGN
2431391030,care,2026-01,92823,92823,EUR
2431391030,care,2026-02,87327,180151,EUR
2431391030,care,2026-03,75433,255584,EUR
2431391030,care,2026-04,88989,344573,EUR
2431391030,care,2026-05,83916,428489,EUR
2431391030,care,2026-06,85026,513516,EUR
2431391030,care,2026-07,84044,597560,EUR
2431391030,care,2026-08,84132,681691,EUR
2436211004,care,2024-01,285881,285881,BGN
2436211004,care,2024-02,382257,668138,BGN
2436211004,care,2024-03,462488,1130626,BGN
2436211004,care,2024-04,366098,1496724,BGN
2436211004,care,2024-05,363075,1859799,BGN
2436211004,care,2024-06,367275,2227074,BGN
2436211004,care,2024-07,360690,2587764,BGN
2436211004,care,2024-08,349794,2937558,BGN
2436211004,care,2024-09,361570,3299128,BGN
2436211004,care,2024-10,350906,3650034,BGN
2436211004,care,2024-11,373535,4023569,BGN
2436211004,care,2024-12,351250,4374819,BGN
2436211004,care,2025-01,329543,329543,BGN
2436211004,care,2025-02,377132,706675,BGN
2436211004,care,2025-03,356721,1063396,BGN
2436211004,care,2025-04,348353,1411749,BGN
2436211004,care,2025-05,542899,1954648,BGN
2436211004,care,2025-06,453470,2408118,BGN
2436211004,care,2025-07,407040,2815158,BGN
2436211004,care,2025-08,362523,3177681,BGN
2436211004,care,2025-09,297450,3475131,BGN
2436211004,care,2025-10,343894,3819025,BGN
2436211004,care,2025-11,397266,4216291,BGN
2436211004,care,2025-12,362573,4578863,BGN
2436211004,care,2026-01,143578,143578,EUR
2436211004,care,2026-02,167463,311041,EUR
2436211004,care,2026-03,199063,510105,EUR
2436211004,care,2026-04,180401,690506,EUR
2436211004,care,2026-05,174117,864622,EUR
2436211004,care,2026-06,178084,1042707,EUR
2436211004,care,2026-07,170113,1212819,EUR
2436211004,care,2026-08,149615,1362434,EUR
2522211003,care,2024-01,375218,375218,BGN
2522211003,care,2024-02,377867,753085,BGN
2522211003,care,2024-03,509405,1262490,BGN
2522211003,care,2024-04,537095,1799585,BGN
2522211003,care,2024-05,457576,2257162,BGN
2522211003,care,2024-06,453500,2710661,BGN
2522211003,care,2024-07,452990,3163651,BGN
2522211003,care,2024-08,447589,3611240,BGN
2522211003,care,2024-09,456571,4067811,BGN
2522211003,care,2024-10,464237,4532048,BGN
2522211003,care,2024-11,477671,5009719,BGN
2522211003,care,2024-12,451431,5461149,BGN
2522211003,care,2025-01,448422,448422,BGN
2522211003,care,2025-02,454012,902434,BGN
2522211003,care,2025-03,448183,1350617,BGN
2522211003,care,2025-04,453707,1804324,BGN
2522211003,care,2025-05,667923,2472247,BGN
2522211003,care,2025-06,548759,3021006,BGN
2522211003,care,2025-07,588403,3609409,BGN
2522211003,care,2025-08,497217,4106626,BGN
2522211003,care,2025-09,471286,4577912,BGN
2522211003,care,2025-10,501291,5079203,BGN
2522211003,care,2025-11,485006,5564210,BGN
2522211003,care,2025-12,438480,6002689,BGN
2522211003,care,2026-01,250186,250186,EUR
2522211003,care,2026-02,242445,492631,EUR
2522211003,care,2026-03,231360,723991,EUR
2522211003,care,2026-04,255653,979643,EUR
2522211003,care,2026-05,248339,1227982,EUR
2522211003,care,2026-06,242267,1470249,EUR
2522211003,care,2026-07,255410,1725659,EUR
2522211003,care,2026-08,255463,1981122,EUR
2524211002,care,2024-01,312204,312204,BGN
2524211002,care,2024-02,311799,624003,BGN
2524211002,care,2024-03,403252,1027255,BGN
2524211002,care,2024-04,462470,1489725,BGN
2524211002,care,2024-05,373077,1862802,BGN
2524211002,care,2024-06,373056,2235858,BGN
2524211002,care,2024-07,372962,2608820,BGN
2524211002,care,2024-08,372946,2981766,BGN
2524211002,care,2024-09,372208,3353974,BGN
2524211002,care,2024-10,373275,3727249,BGN
2524211002,care,2024-11,411433,4138682,BGN
2524211002,care,2024-12,371335,4510017,BGN
2524211002,care,2025-01,370657,370657,BGN
2524211002,care,2025-02,371643,742300,BGN
2524211002,care,2025-03,371331,1113631,BGN
2524211002,care,2025-04,371338,1484969,BGN
2524211002,care,2025-05,514366,1999335,BGN
2524211002,care,2025-06,482744,2482078,BGN
2524211002,care,2025-07,485591,2967669,BGN
2524211002,care,2025-08,359533,3327202,BGN
2524211002,care,2025-09,399837,3727040,BGN
2524211002,care,2025-10,370243,4097283,BGN
2524211002,care,2025-11,396797,4494080,BGN
2524211002,care,2025-12,385683,4879764,BGN
2524211002,care,2026-01,211096,211096,EUR
2524211002,care,2026-02,187815,398911,EUR
2524211002,care,2026-03,189975,588886,EUR
2524211002,care,2026-04,194431,783317,EUR
2524211002,care,2026-05,193375,976692,EUR
2524211002,care,2026-06,189185,1165877,EUR
2524211002,care,2026-07,207642,1373518,EUR
2524211002,care,2026-08,192820,1566339,EUR
2524211002,devices,2024-02,1080,1080,BGN
2524211002,devices,2024-03,0,1080,BGN
2524211002,devices,2024-04,8390,9470,BGN
2524211002,devices,2024-05,2858,12328,BGN
2524211002,devices,2024-06,10260,22588,BGN
2524211002,devices,2024-07,0,22588,BGN
2524211002,devices,2024-08,9720,32308,BGN
2524211002,devices,2024-09,7560,39868,BGN
2524211002,devices,2024-10,3518,43386,BGN
2524211002,devices,2024-11,5678,49064,BGN
2524211002,devices,2024-12,14040,63104,BGN
2524211002,devices,2025-01,17820,17820,BGN
2524211002,devices,2025-02,11618,29438,BGN
2524211002,devices,2025-03,4320,33758,BGN
2524211002,devices,2025-04,6480,40238,BGN
2524211002,devices,2025-05,2280,42518,BGN
2524211002,devices,2025-06,2280,44798,BGN
2524211002,devices,2025-07,6108,50906,BGN
2524211002,devices,2025-08,10538,61444,BGN
2524211002,devices,2025-09,6758,68202,BGN
2524211002,devices,2025-10,5940,74142,BGN
2524211002,devices,2025-11,4876,79018,BGN
2524211002,devices,2025-12,0,79018,BGN
2524211002,devices,2026-01,5608,5608,EUR
2524211002,devices,2026-02,1941,7549,EUR
2524211002,devices,2026-03,1104,8653,EUR
2524211002,devices,2026-04,0,8653,EUR
2524211002,devices,2026-05,0,8653,EUR
2524211002,devices,2026-06,1380,10034,EUR
2524211002,devices,2026-07,1994,12028,EUR
2524211002,devices,2026-08,1104,13132,EUR
2535211001,care,2024-01,1464467,1464467,BGN
2535211001,care,2024-02,1513238,2977705,BGN
2535211001,care,2024-03,1587631,4565336,BGN
2535211001,care,2024-04,1797880,6363216,BGN
2535211001,care,2024-05,1708010,8071227,BGN
2535211001,care,2024-06,1729132,9800359,BGN
2535211001,care,2024-07,1706343,11506702,BGN
2535211001,care,2024-08,1750391,13257093,BGN
2535211001,care,2024-09,1724476,14981570,BGN
2535211001,care,2024-10,1703498,16685068,BGN
2535211001,care,2024-11,2003027,18688096,BGN
2535211001,care,2024-12,1724143,20412239,BGN
2535211001,care,2025-01,1726500,1726500,BGN
2535211001,care,2025-02,1731216,3457716,BGN
2535211001,care,2025-03,1705908,5163624,BGN
2535211001,care,2025-04,1733548,6897172,BGN
2535211001,care,2025-05,3174439,10071610,BGN
2535211001,care,2025-06,1814162,11885772,BGN
2535211001,care,2025-07,2060065,13945837,BGN
2535211001,care,2025-08,1915502,15861339,BGN
2535211001,care,2025-09,1907929,17769268,BGN
2535211001,care,2025-10,1805941,19575209,BGN
2535211001,care,2025-11,1929201,21504409,BGN
2535211001,care,2025-12,1822905,23327314,BGN
2535211001,care,2026-01,905645,905645,EUR
2535211001,care,2026-02,936174,1841819,EUR
2535211001,care,2026-03,862533,2704352,EUR
2535211001,care,2026-04,940142,3644494,EUR
2535211001,care,2026-05,941179,4585673,EUR
2535211001,care,2026-06,947160,5532832,EUR
2535211001,care,2026-07,964005,6496838,EUR
2535211001,care,2026-08,950724,7447562,EUR
2535211001,devices,2024-02,27048,27048,BGN
2535211001,devices,2024-03,0,27048,BGN
2535211001,devices,2024-04,29476,56524,BGN
2535211001,devices,2024-05,20874,77398,BGN
2535211001,devices,2024-06,10538,87936,BGN
2535211001,devices,2024-07,11094,99030,BGN
2535211001,devices,2024-08,22249,121279,BGN
2535211001,devices,2024-09,13500,134779,BGN
2535211001,devices,2024-10,6496,141275,BGN
2535211001,devices,2024-11,21415,162690,BGN
2535211001,devices,2024-12,23760,186450,BGN
2535211001,devices,2025-01,38078,38078,BGN
2535211001,devices,2025-02,26553,64631,BGN
2535211001,devices,2025-03,25948,90579,BGN
2535211001,devices,2025-04,24764,115343,BGN
2535211001,devices,2025-05,19178,134521,BGN
2535211001,devices,2025-06,44994,179515,BGN
2535211001,devices,2025-07,22789,202304,BGN
2535211001,devices,2025-08,30670,232974,BGN
2535211001,devices,2025-09,16200,249174,BGN
2535211001,devices,2025-10,7854,257028,BGN
2535211001,devices,2025-11,16094,273122,BGN
2535211001,devices,2025-12,0,273122,BGN
2535211001,devices,2026-01,31020,31020,EUR
2535211001,devices,2026-02,14919,45939,EUR
2535211001,devices,2026-03,20157,66096,EUR
2535211001,devices,2026-04,0,66096,EUR
2535211001,devices,2026-05,11585,77681,EUR
2535211001,devices,2026-06,12370,90051,EUR
2535211001,devices,2026-07,10500,100551,EUR
2535211001,devices,2026-08,11612,112163,EUR
2535212007,care,2024-01,135394,135394,BGN
2535212007,care,2024-02,141367,276761,BGN
2535212007,care,2024-03,141367,418128,BGN
2535212007,care,2024-04,190075,608203,BGN
2535212007,care,2024-05,172080,780283,BGN
2535212007,care,2024-06,172080,952363,BGN
2535212007,care,2024-07,172080,1124443,BGN
2535212007,care,2024-08,172080,1296523,BGN
2535212007,care,2024-09,172080,1468603,BGN
2535212007,care,2024-10,172080,1640683,BGN
2535212007,care,2024-11,208577,1849260,BGN
2535212007,care,2024-12,172080,2021340,BGN
2535212007,care,2025-01,155791,155791,BGN
2535212007,care,2025-02,188369,344160,BGN
2535212007,care,2025-03,172080,516240,BGN
2535212007,care,2025-04,172080,688320,BGN
2535212007,care,2025-05,437708,1126028,BGN
2535212007,care,2025-06,250517,1376544,BGN
2535212007,care,2025-07,212535,1589079,BGN
2535212007,care,2025-08,205519,1794598,BGN
2535212007,care,2025-09,203768,1998366,BGN
2535212007,care,2025-10,204134,2202499,BGN
2535212007,care,2025-11,206220,2408720,BGN
2535212007,care,2025-12,205177,2613897,BGN
2535212007,care,2026-01,105680,105680,EUR
2535212007,care,2026-02,105692,211372,EUR
2535212007,care,2026-03,105692,317064,EUR
2535212007,care,2026-04,105692,422756,EUR
2535212007,care,2026-05,105692,528448,EUR
2535212007,care,2026-06,105692,634140,EUR
2535212007,care,2026-07,105692,739832,EUR
2535212007,care,2026-08,105692,845524,EUR
2609211002,care,2024-01,232872,232872,BGN
2609211002,care,2024-02,300951,533824,BGN
2609211002,care,2024-03,384705,918529,BGN
2609211002,care,2024-04,415327,1333855,BGN
2609211002,care,2024-05,334279,1668134,BGN
2609211002,care,2024-06,327811,1995945,BGN
2609211002,care,2024-07,324547,2320492,BGN
2609211002,care,2024-08,305898,2626390,BGN
2609211002,care,2024-09,283186,2909576,BGN
2609211002,care,2024-10,313487,3223062,BGN
2609211002,care,2024-11,326759,3549822,BGN
2609211002,care,2024-12,320487,3870308,BGN
2609211002,care,2025-01,327061,327061,BGN
2609211002,care,2025-02,323006,650068,BGN
2609211002,care,2025-03,323590,973658,BGN
2609211002,care,2025-04,318381,1292039,BGN
2609211002,care,2025-05,396376,1688415,BGN
2609211002,care,2025-06,389377,2077792,BGN
2609211002,care,2025-07,288025,2365817,BGN
2609211002,care,2025-08,469321,2835138,BGN
2609211002,care,2025-09,285034,3120172,BGN
2609211002,care,2025-10,322861,3443032,BGN
2609211002,care,2025-11,342464,3785497,BGN
2609211002,care,2025-12,308316,4093812,BGN
2609211002,care,2026-01,173474,173474,EUR
2609211002,care,2026-02,173898,347372,EUR
2609211002,care,2026-03,160706,508078,EUR
2609211002,care,2026-04,165344,673422,EUR
2609211002,care,2026-05,161576,834998,EUR
2609211002,care,2026-06,170788,1005786,EUR
2609211002,care,2026-07,168154,1173940,EUR
2609211002,care,2026-08,165421,1339361,EUR
2617212008,care,2024-01,50004,50004,BGN
2617212008,care,2024-02,55747,105752,BGN
2617212008,care,2024-03,65588,171340,BGN
2617212008,care,2024-04,72427,243767,BGN
2617212008,care,2024-05,68978,312745,BGN
2617212008,care,2024-06,68977,381722,BGN
2617212008,care,2024-07,65530,447252,BGN
2617212008,care,2024-08,72426,519678,BGN
2617212008,care,2024-09,65530,585208,BGN
2617212008,care,2024-10,67743,652951,BGN
2617212008,care,2024-11,71987,724938,BGN
2617212008,care,2024-12,60146,785084,BGN
2617212008,care,2025-01,48563,48563,BGN
2617212008,care,2025-02,44737,93300,BGN
2617212008,care,2025-03,64832,158131,BGN
2617212008,care,2025-04,63418,221549,BGN
2617212008,care,2025-05,71730,293279,BGN
2617212008,care,2025-06,65105,358385,BGN
2617212008,care,2025-07,69163,427547,BGN
2617212008,care,2025-08,63456,491003,BGN
2617212008,care,2025-09,57771,548774,BGN
2617212008,care,2025-10,56552,605326,BGN
2617212008,care,2025-11,62643,667968,BGN
2617212008,care,2025-12,58070,726038,BGN
2617212008,care,2026-01,28614,28614,EUR
2617212008,care,2026-02,23181,51795,EUR
2617212008,care,2026-03,25474,77269,EUR
2617212008,care,2026-04,31019,108288,EUR
2617212008,care,2026-05,31019,139307,EUR
2617212008,care,2026-06,31019,170326,EUR
2617212008,care,2026-07,31019,201345,EUR
2617212008,care,2026-08,31019,232364,EUR
2619232019,care,2024-01,48637,48637,BGN
2619232019,care,2024-02,48637,97274,BGN
2619232019,care,2024-03,65660,162934,BGN
2619232019,care,2024-04,66406,229340,BGN
2619232019,care,2024-05,57832,287172,BGN
2619232019,care,2024-06,63622,350794,BGN
2619232019,care,2024-07,66628,417422,BGN
2619232019,care,2024-08,73641,491063,BGN
2619232019,care,2024-09,60616,551679,BGN
2619232019,care,2024-10,69633,621312,BGN
2619232019,care,2024-11,66499,687811,BGN
2619232019,care,2024-12,66127,753938,BGN
2619232019,care,2025-01,54605,54605,BGN
2619232019,care,2025-02,49595,104200,BGN
2619232019,care,2025-03,67129,171328,BGN
2619232019,care,2025-04,66406,237734,BGN
2619232019,care,2025-05,76553,314287,BGN
2619232019,care,2025-06,72137,386424,BGN
2619232019,care,2025-07,74142,460567,BGN
2619232019,care,2025-08,68131,528697,BGN
2619232019,care,2025-09,73864,602561,BGN
2619232019,care,2025-10,65403,667964,BGN
2619232019,care,2025-11,65403,733367,BGN
2619232019,care,2025-12,65403,798770,BGN
2619232019,care,2026-01,35717,35717,EUR
2619232019,care,2026-02,25102,60819,EUR
2619232019,care,2026-03,35091,95910,EUR
2619232019,care,2026-04,34261,130171,EUR
2619232019,care,2026-05,34261,164432,EUR
2619232019,care,2026-06,34261,198693,EUR
2619232019,care,2026-07,34261,232954,EUR
2619232019,care,2026-08,34261,267215,EUR
2628211004,care,2024-01,704727,704727,BGN
2628211004,care,2024-02,734961,1439689,BGN
2628211004,care,2024-03,830430,2270119,BGN
2628211004,care,2024-04,1033728,3303847,BGN
2628211004,care,2024-05,838270,4142117,BGN
2628211004,care,2024-06,843994,4986111,BGN
2628211004,care,2024-07,832711,5818822,BGN
2628211004,care,2024-08,834646,6653467,BGN
2628211004,care,2024-09,809216,7462684,BGN
2628211004,care,2024-10,837534,8300218,BGN
2628211004,care,2024-11,1025207,9325425,BGN
2628211004,care,2024-12,837531,10162956,BGN
2628211004,care,2025-01,807684,807684,BGN
2628211004,care,2025-02,885313,1692997,BGN
2628211004,care,2025-03,853980,2546977,BGN
2628211004,care,2025-04,808333,3355310,BGN
2628211004,care,2025-05,1155329,4510639,BGN
2628211004,care,2025-06,1177223,5687862,BGN
2628211004,care,2025-07,938298,6626160,BGN
2628211004,care,2025-08,1128058,7754218,BGN
2628211004,care,2025-09,994147,8748365,BGN
2628211004,care,2025-10,985316,9733681,BGN
2628211004,care,2025-11,991173,10724854,BGN
2628211004,care,2025-12,979027,11703882,BGN
2628211004,care,2026-01,503699,503699,EUR
2628211004,care,2026-02,500587,1004286,EUR
2628211004,care,2026-03,503081,1507367,EUR
2628211004,care,2026-04,503790,2011157,EUR
2628211004,care,2026-05,503333,2514490,EUR
2628211004,care,2026-06,503782,3018272,EUR
2628211004,care,2026-07,504093,3522365,EUR
2628211004,care,2026-08,508819,4031184,EUR
2632212018,care,2024-01,19656,19656,BGN
2632212018,care,2024-02,19366,35732,BGN
2632212018,care,2024-03,17962,53694,BGN
2632212018,care,2024-04,27120,80814,BGN
2632212018,care,2024-05,19712,100526,BGN
2632212018,care,2024-06,15163,115690,BGN
2632212018,care,2024-07,22745,138434,BGN
2632212018,care,2024-08,21228,159663,BGN
2632212018,care,2024-09,9098,168761,BGN
2632212018,care,2024-10,6065,174826,BGN
2632212018,care,2024-11,21228,196055,BGN
2632212018,care,2024-12,28810,224865,BGN
2632212018,care,2025-01,13647,13647,BGN
2632212018,care,2025-02,32980,46627,BGN
2632212018,care,2025-03,4928,51555,BGN
2632212018,care,2025-04,22745,74300,BGN
2632212018,care,2025-05,17329,91629,BGN
2632212018,care,2025-06,18196,109825,BGN
2632212018,care,2025-07,19063,128887,BGN
2632212018,care,2025-08,22745,151632,BGN
2632212018,care,2025-09,28375,180007,BGN
2632212018,care,2025-10,17329,197336,BGN
2632212018,care,2025-11,17329,214665,BGN
2632212018,care,2025-12,27329,241994,BGN
2632212018,care,2026-01,13973,13973,EUR
2632212018,care,2026-02,12631,26604,EUR
2632212018,care,2026-03,12631,39235,EUR
2632212018,care,2026-04,12404,51640,EUR
2632212018,care,2026-05,11629,63269,EUR
2632212018,care,2026-06,13180,76448,EUR
2632212018,care,2026-07,11629,88078,EUR
2632212018,care,2026-08,13180,101257,EUR
2633211003,care,2024-01,271711,271711,BGN
2633211003,care,2024-02,295510,567738,BGN
2633211003,care,2024-03,449145,1016883,BGN
2633211003,care,2024-04,367889,1384772,BGN
2633211003,care,2024-05,352437,1737209,BGN
2633211003,care,2024-06,350035,2087244,BGN
2633211003,care,2024-07,354467,2441711,BGN
2633211003,care,2024-08,351785,2793496,BGN
2633211003,care,2024-09,335795,3129291,BGN
2633211003,care,2024-10,350938,3480229,BGN
2633211003,care,2024-11,414941,3895170,BGN
2633211003,care,2024-12,353397,4248567,BGN
2633211003,care,2025-01,347822,347822,BGN
2633211003,care,2025-02,350447,698269,BGN
2633211003,care,2025-03,359853,1058122,BGN
2633211003,care,2025-04,341627,1399749,BGN
2633211003,care,2025-05,524455,1924205,BGN
2633211003,care,2025-06,422206,2346411,BGN
2633211003,care,2025-07,366658,2713069,BGN
2633211003,care,2025-08,534682,3247752,BGN
2633211003,care,2025-09,335872,3583624,BGN
2633211003,care,2025-10,366119,3949743,BGN
2633211003,care,2025-11,365750,4315493,BGN
2633211003,care,2025-12,366216,4681709,BGN
2633211003,care,2026-01,187575,187575,EUR
2633211003,care,2026-02,186776,374351,EUR
2633211003,care,2026-03,190872,565223,EUR
2633211003,care,2026-04,184421,749643,EUR
2633211003,care,2026-05,184597,934240,EUR
2633211003,care,2026-06,185468,1119709,EUR
2633211003,care,2026-07,176659,1296368,EUR
2633211003,care,2026-08,177851,1474218,EUR
2634131016,care,2024-01,34727,34727,BGN
2634131016,care,2024-02,39395,74122,BGN
2634131016,care,2024-03,37061,111183,BGN
2634131016,care,2024-04,51881,163064,BGN
2634131016,care,2024-05,51600,214664,BGN
2634131016,care,2024-06,54180,268844,BGN
2634131016,care,2024-07,44423,313267,BGN
2634131016,care,2024-08,36407,349675,BGN
2634131016,care,2024-09,31228,380903,BGN
2634131016,care,2024-10,44544,425447,BGN
2634131016,care,2024-11,61236,486683,BGN
2634131016,care,2024-12,51600,538283,BGN
2634131016,care,2025-01,35780,35780,BGN
2634131016,care,2025-02,49911,85691,BGN
2634131016,care,2025-03,38140,123832,BGN
2634131016,care,2025-04,51600,175432,BGN
2634131016,care,2025-05,64057,239489,BGN
2634131016,care,2025-06,58010,297499,BGN
2634131016,care,2025-07,41976,339475,BGN
2634131016,care,2025-08,51086,390561,BGN
2634131016,care,2025-09,46344,436905,BGN
2634131016,care,2025-10,37404,474309,BGN
2634131016,care,2025-11,56032,530341,BGN
2634131016,care,2025-12,46718,577059,BGN
2634131016,care,2026-01,22651,22651,EUR
2634131016,care,2026-02,22892,45543,EUR
2634131016,care,2026-03,23382,68925,EUR
2634131016,care,2026-04,24435,93361,EUR
2634131016,care,2026-05,26655,120015,EUR
2634131016,care,2026-06,25680,145695,EUR
2634131016,care,2026-07,25590,171285,EUR
2634131016,care,2026-08,18745,190030,EUR
2634131024,care,2025-09,20080,20080,BGN
2634131024,care,2025-10,20080,40160,BGN
2634131024,care,2025-11,18060,58220,BGN
2634131024,care,2025-12,21000,79220,BGN
2634131024,care,2026-01,10267,10267,EUR
2634131024,care,2026-02,9449,19715,EUR
2634131024,care,2026-03,8160,27875,EUR
2634131024,care,2026-04,9878,37753,EUR
2634131024,care,2026-05,9878,47631,EUR
2634131024,care,2026-06,6872,54503,EUR
2634131024,care,2026-07,8375,62878,EUR
2634131024,care,2026-08,6013,68891,EUR
2634211001,care,2024-01,2823787,2823787,BGN
2634211001,care,2024-02,2899124,5722912,BGN
2634211001,care,2024-03,3077166,8800078,BGN
2634211001,care,2024-04,3270901,12070980,BGN
2634211001,care,2024-05,3131454,15202433,BGN
2634211001,care,2024-06,3140209,18342642,BGN
2634211001,care,2024-07,3158029,21500672,BGN
2634211001,care,2024-08,3163817,24664489,BGN
2634211001,care,2024-09,3010980,27675469,BGN
2634211001,care,2024-10,3140639,30816108,BGN
2634211001,care,2024-11,3768368,34584476,BGN
2634211001,care,2024-12,3096248,37680724,BGN
2634211001,care,2025-01,2977093,2977093,BGN
2634211001,care,2025-02,3391047,6368139,BGN
2634211001,care,2025-03,3152831,9520971,BGN
2634211001,care,2025-04,3046660,12567631,BGN
2634211001,care,2025-05,5656183,18223813,BGN
2634211001,care,2025-06,3909657,22133471,BGN
2634211001,care,2025-07,3469636,25603107,BGN
2634211001,care,2025-08,3713949,29317056,BGN
2634211001,care,2025-09,3282083,32599139,BGN
2634211001,care,2025-10,3124097,35723235,BGN
2634211001,care,2025-11,3468600,39191836,BGN
2634211001,care,2025-12,3403991,42595826,BGN
2634211001,care,2026-01,1733399,1733399,EUR
2634211001,care,2026-02,1749081,3482480,EUR
2634211001,care,2026-03,1708643,5191123,EUR
2634211001,care,2026-04,1787121,6978243,EUR
2634211001,care,2026-05,1763422,8741665,EUR
2634211001,care,2026-06,1753111,10494777,EUR
2634211001,care,2026-07,1757297,12252074,EUR
2634211001,care,2026-08,1685431,13937505,EUR
2634211001,devices,2024-02,14814,14814,BGN
2634211001,devices,2024-03,12376,27190,BGN
2634211001,devices,2024-04,19618,46808,BGN
2634211001,devices,2024-05,17060,63868,BGN
2634211001,devices,2024-06,13572,77440,BGN
2634211001,devices,2024-07,17820,95260,BGN
2634211001,devices,2024-08,24768,120028,BGN
2634211001,devices,2024-09,28428,148456,BGN
2634211001,devices,2024-10,19691,168147,BGN
2634211001,devices,2024-11,23983,192130,BGN
2634211001,devices,2024-12,27932,220062,BGN
2634211001,devices,2025-01,42411,42411,BGN
2634211001,devices,2025-02,38019,80430,BGN
2634211001,devices,2025-03,19260,99690,BGN
2634211001,devices,2025-04,45382,145072,BGN
2634211001,devices,2025-05,30141,175213,BGN
2634211001,devices,2025-06,40296,215509,BGN
2634211001,devices,2025-07,31460,246969,BGN
2634211001,devices,2025-08,24021,270990,BGN
2634211001,devices,2025-09,34855,305845,BGN
2634211001,devices,2025-10,46625,352470,BGN
2634211001,devices,2025-11,32596,385066,BGN
2634211001,devices,2025-12,0,385066,BGN
2634211001,devices,2026-01,37273,37273,EUR
2634211001,devices,2026-02,23105,60378,EUR
2634211001,devices,2026-03,38854,99232,EUR
2634211001,devices,2026-04,0,99232,EUR
2634211001,devices,2026-05,19214,118446,EUR
2634211001,devices,2026-06,30649,149095,EUR
2634211001,devices,2026-07,22753,171849,EUR
2634211001,devices,2026-08,14061,185910,EUR
2634211001,medicines,2025-04,0,3791131,BGN
2634211001,medicines,2025-05,0,3791131,BGN
2634211001,medicines,2025-06,0,3791131,BGN
2634211001,medicines,2025-07,0,3791131,BGN
2634211001,medicines,2025-08,0,3791131,BGN
2634211001,medicines,2025-09,0,3791131,BGN
2634211001,medicines,2025-10,0,3791131,BGN
2634211001,medicines,2025-11,0,3791131,BGN
2634211001,medicines,2025-12,0,3791131,BGN
2634211015,care,2024-01,152335,152335,BGN
2634211015,care,2024-02,174474,326809,BGN
2634211015,care,2024-03,158505,485314,BGN
2634211015,care,2024-04,190534,675848,BGN
2634211015,care,2024-05,181461,857309,BGN
2634211015,care,2024-06,172388,1029697,BGN
2634211015,care,2024-07,182443,1212140,BGN
2634211015,care,2024-08,188857,1400998,BGN
2634211015,care,2024-09,167593,1568591,BGN
2634211015,care,2024-10,153938,1722529,BGN
2634211015,care,2024-11,167490,1890019,BGN
2634211015,care,2024-12,191211,2081229,BGN
2634211015,care,2025-01,144674,144674,BGN
2634211015,care,2025-02,196394,341068,BGN
2634211015,care,2025-03,184028,525096,BGN
2634211015,care,2025-04,181461,706557,BGN
2634211015,care,2025-05,169270,875827,BGN
2634211015,care,2025-06,185357,1061184,BGN
2634211015,care,2025-07,183994,1245178,BGN
2634211015,care,2025-08,153735,1398913,BGN
2634211015,care,2025-09,157735,1556648,BGN
2634211015,care,2025-10,150616,1707264,BGN
2634211015,care,2025-11,187914,1895177,BGN
2634211015,care,2025-12,182457,2077635,BGN
2634211015,care,2026-01,69362,69362,EUR
2634211015,care,2026-02,74524,143886,EUR
2634211015,care,2026-03,86539,230425,EUR
2634211015,care,2026-04,86185,316610,EUR
2634211015,care,2026-05,92013,408623,EUR
2634211015,care,2026-06,89099,497722,EUR
2634211015,care,2026-07,89099,586821,EUR
2634211015,care,2026-08,89099,675920,EUR
2634212016,care,2024-01,164318,164318,BGN
2634212016,care,2024-02,160065,323866,BGN
2634212016,care,2024-03,169161,493027,BGN
2634212016,care,2024-04,202869,695896,BGN
2634212016,care,2024-05,185059,880955,BGN
2634212016,care,2024-06,175806,1056761,BGN
2634212016,care,2024-07,185059,1241820,BGN
2634212016,care,2024-08,192204,1434024,BGN
2634212016,care,2024-09,171520,1605544,BGN
2634212016,care,2024-10,194312,1799856,BGN
2634212016,care,2024-11,186551,1986407,BGN
2634212016,care,2024-12,185059,2171466,BGN
2634212016,care,2025-01,175806,175806,BGN
2634212016,care,2025-02,185059,360865,BGN
2634212016,care,2025-03,186959,547824,BGN
2634212016,care,2025-04,183159,730983,BGN
2634212016,care,2025-05,210086,941069,BGN
2634212016,care,2025-06,238321,1179389,BGN
2634212016,care,2025-07,189839,1369229,BGN
2634212016,care,2025-08,133292,1502521,BGN
2634212016,care,2025-09,157758,1660280,BGN
2634212016,care,2025-10,188107,1848386,BGN
2634212016,care,2025-11,191139,2039526,BGN
2634212016,care,2025-12,189623,2229149,BGN
2634212016,care,2026-01,96952,96952,EUR
2634212016,care,2026-02,95457,192409,EUR
2634212016,care,2026-03,95457,287866,EUR
2634212016,care,2026-04,95457,383323,EUR
2634212016,care,2026-05,95457,478780,EUR
2634212016,care,2026-06,95457,574237,EUR
2634212016,care,2026-07,95457,669694,EUR
2634212016,care,2026-08,87352,757046,EUR
2634212017,care,2024-01,150365,150365,BGN
2634212017,care,2024-02,267089,420744,BGN
2634212017,care,2024-03,270978,691722,BGN
2634212017,care,2024-04,277341,969062,BGN
2634212017,care,2024-05,300829,1269892,BGN
2634212017,care,2024-06,278679,1548571,BGN
2634212017,care,2024-07,281159,1829730,BGN
2634212017,care,2024-08,284952,2114681,BGN
2634212017,care,2024-09,278226,2392907,BGN
2634212017,care,2024-10,254544,2647452,BGN
2634212017,care,2024-11,287682,2935134,BGN
2634212017,care,2024-12,261613,3196747,BGN
2634212017,care,2025-01,202503,202503,BGN
2634212017,care,2025-02,253403,455905,BGN
2634212017,care,2025-03,249446,705351,BGN
2634212017,care,2025-04,230784,936135,BGN
2634212017,care,2025-05,275822,1211957,BGN
2634212017,care,2025-06,234048,1446005,BGN
2634212017,care,2025-07,286950,1732955,BGN
2634212017,care,2025-08,300394,2033349,BGN
2634212017,care,2025-09,379037,2412386,BGN
2634212017,care,2025-10,337735,2750121,BGN
2634212017,care,2025-11,471394,3221515,BGN
2634212017,care,2025-12,393360,3614875,BGN
2634212017,care,2026-01,222517,222517,EUR
2634212017,care,2026-02,166786,389303,EUR
2634212017,care,2026-03,219035,608338,EUR
2634212017,care,2026-04,213586,821924,EUR
2634212017,care,2026-05,225951,1047876,EUR
2634212017,care,2026-06,208061,1255936,EUR
2634212017,care,2026-07,196499,1452435,EUR
2634212017,care,2026-08,217068,1669503,EUR
2634212017,medicines,2024-01,1233451,1233451,BGN
2634212017,medicines,2024-02,861710,2095161,BGN
2634212017,medicines,2024-03,1339013,3434174,BGN
2634212017,medicines,2024-04,1224731,4658905,BGN
2634212017,medicines,2024-05,1247455,5906360,BGN
2634212017,medicines,2024-06,1318184,7224544,BGN
2634212017,medicines,2024-07,1239098,8463642,BGN
2634212017,medicines,2024-08,1102006,9565648,BGN
2634212017,medicines,2024-09,1338191,10903838,BGN
2634212017,medicines,2024-10,1236937,12140775,BGN
2634212017,medicines,2024-11,1108283,13249059,BGN
2634212017,medicines,2024-12,1134691,14383749,BGN
2634212017,medicines,2025-01,1242095,1242095,BGN
2634212017,medicines,2025-02,1148354,2390448,BGN
2634212017,medicines,2025-03,1400682,3791131,BGN
2634212017,medicines,2025-04,1181302,1181302,BGN
2634212017,medicines,2025-05,1254646,2435948,BGN
2634212017,medicines,2025-06,1314955,3750903,BGN
2634212017,medicines,2025-07,1288417,5039320,BGN
2634212017,medicines,2025-08,1317784,6357104,BGN
2634212017,medicines,2025-09,1357136,7714240,BGN
2634212017,medicines,2025-10,1268422,8982662,BGN
2634212017,medicines,2025-11,1229646,10212308,BGN
2634212017,medicines,2025-12,1463225,11675533,BGN
2634212017,medicines,2026-01,671167,671167,EUR
2634212017,medicines,2026-02,687765,1358932,EUR
2634212017,medicines,2026-03,665287,2024219,EUR
2634212017,medicines,2026-04,630325,2654544,EUR
2634212017,medicines,2026-05,700501,3355045,EUR
2634212017,medicines,2026-06,718141,4073187,EUR
2634212017,medicines,2026-07,737708,4810895,EUR
2634212017,medicines,2026-08,878572,5689467,EUR
2723211002,care,2024-01,40395,40395,BGN
2723211002,care,2024-02,46121,86516,BGN
2723211002,care,2024-03,54492,141008,BGN
2723211002,care,2024-04,84603,225611,BGN
2723211002,care,2024-05,84603,310214,BGN
2723211002,care,2024-06,88833,399047,BGN
2723211002,care,2024-07,84603,483650,BGN
2723211002,care,2024-08,83107,566757,BGN
2723211002,care,2024-09,81869,648626,BGN
2723211002,care,2024-10,88833,737459,BGN
2723211002,care,2024-11,117221,854680,BGN
2723211002,care,2024-12,84603,939283,BGN
2723211002,care,2025-01,84603,84603,BGN
2723211002,care,2025-02,84603,169206,BGN
2723211002,care,2025-03,81983,251189,BGN
2723211002,care,2025-04,84603,335792,BGN
2723211002,care,2025-05,234543,570335,BGN
2723211002,care,2025-06,98981,669316,BGN
2723211002,care,2025-07,98895,768211,BGN
2723211002,care,2025-08,89320,857531,BGN
2723211002,care,2025-09,101012,958543,BGN
2723211002,care,2025-10,88297,1046840,BGN
2723211002,care,2025-11,87299,1134139,BGN
2723211002,care,2025-12,89295,1223434,BGN
2723211002,care,2026-01,45864,45864,EUR
2723211002,care,2026-02,47061,92925,EUR
2723211002,care,2026-03,47061,139986,EUR
2723211002,care,2026-04,47061,187047,EUR
2723211002,care,2026-05,47061,234108,EUR
2723211002,care,2026-06,47061,281169,EUR
2723211002,care,2026-07,47061,328230,EUR
2723211002,care,2026-08,47061,375291,EUR
2730131021,care,2024-05,500,500,BGN
2730131021,care,2024-06,68539,69039,BGN
2730131021,care,2024-07,42611,111650,BGN
2730131021,care,2024-08,39238,150888,BGN
2730131021,care,2024-09,16746,167634,BGN
2730131021,care,2024-10,42332,209965,BGN
2730131021,care,2024-11,40359,250324,BGN
2730131021,care,2024-12,38300,288625,BGN
2730131021,care,2025-01,40316,40316,BGN
2730131021,care,2025-02,40316,80632,BGN
2730131021,care,2025-03,40316,120948,BGN
2730131021,care,2025-04,40316,161264,BGN
2730131021,care,2025-05,65091,226355,BGN
2730131021,care,2025-06,44528,270883,BGN
2730131021,care,2025-07,49170,320054,BGN
2730131021,care,2025-08,30897,350951,BGN
2730131021,care,2025-09,37284,388234,BGN
2730131021,care,2025-10,42515,430749,BGN
2730131021,care,2025-11,42515,473264,BGN
2730131021,care,2025-12,42515,515779,BGN
2730131021,care,2026-01,21738,21738,EUR
2730131021,care,2026-02,21770,43508,EUR
2730131021,care,2026-03,12371,55879,EUR
2730131021,care,2026-04,22951,78830,EUR
2730131021,care,2026-05,20453,99283,EUR
2730131021,care,2026-06,25449,124732,EUR
2730131021,care,2026-07,22049,146782,EUR
2730131021,care,2026-08,14024,160805,EUR
2730211001,care,2024-01,1941078,1941078,BGN
2730211001,care,2024-02,2255299,4196378,BGN
2730211001,care,2024-03,2403677,6600055,BGN
2730211001,care,2024-04,2529082,9129137,BGN
2730211001,care,2024-05,2364879,11494016,BGN
2730211001,care,2024-06,2388042,13882057,BGN
2730211001,care,2024-07,2378335,16260392,BGN
2730211001,care,2024-08,2409419,18669811,BGN
2730211001,care,2024-09,2307140,20976951,BGN
2730211001,care,2024-10,2353090,23330041,BGN
2730211001,care,2024-11,2650919,25980960,BGN
2730211001,care,2024-12,2257325,28238285,BGN
2730211001,care,2025-01,2365245,2365245,BGN
2730211001,care,2025-02,2482225,4847469,BGN
2730211001,care,2025-03,2363959,7211428,BGN
2730211001,care,2025-04,2294086,9505515,BGN
2730211001,care,2025-05,3663970,13169485,BGN
2730211001,care,2025-06,2792879,15962364,BGN
2730211001,care,2025-07,2885539,18847903,BGN
2730211001,care,2025-08,2382793,21230696,BGN
2730211001,care,2025-09,2343395,23574090,BGN
2730211001,care,2025-10,2249078,25823169,BGN
2730211001,care,2025-11,2427468,28250636,BGN
2730211001,care,2025-12,2332751,30583387,BGN
2730211001,care,2026-01,1158908,1158908,EUR
2730211001,care,2026-02,1302969,2461876,EUR
2730211001,care,2026-03,1232183,3694059,EUR
2730211001,care,2026-04,1276785,4970844,EUR
2730211001,care,2026-05,1259400,6230244,EUR
2730211001,care,2026-06,1299372,7529616,EUR
2730211001,care,2026-07,1212699,8742315,EUR
2730211001,care,2026-08,1285401,10027716,EUR
2730211001,devices,2024-02,34658,34658,BGN
2730211001,devices,2024-03,33100,67758,BGN
2730211001,devices,2024-04,36804,104562,BGN
2730211001,devices,2024-05,15163,119725,BGN
2730211001,devices,2024-06,55058,174783,BGN
2730211001,devices,2024-07,60074,234857,BGN
2730211001,devices,2024-08,36478,271335,BGN
2730211001,devices,2024-09,41780,313115,BGN
2730211001,devices,2024-10,15233,328348,BGN
2730211001,devices,2024-11,66368,394716,BGN
2730211001,devices,2024-12,35034,429750,BGN
2730211001,devices,2025-01,83011,83011,BGN
2730211001,devices,2025-02,72281,155292,BGN
2730211001,devices,2025-03,42234,197526,BGN
2730211001,devices,2025-04,38754,236280,BGN
2730211001,devices,2025-05,72226,308506,BGN
2730211001,devices,2025-06,26023,334529,BGN
2730211001,devices,2025-07,43161,377690,BGN
2730211001,devices,2025-08,59124,436814,BGN
2730211001,devices,2025-09,32361,469175,BGN
2730211001,devices,2025-10,10980,480155,BGN
2730211001,devices,2025-11,22323,502478,BGN
2730211001,devices,2025-12,0,502478,BGN
2730211001,devices,2026-01,36841,36841,EUR
2730211001,devices,2026-02,15776,52617,EUR
2730211001,devices,2026-03,35610,88227,EUR
2730211001,devices,2026-04,0,88227,EUR
2730211001,devices,2026-05,14731,102958,EUR
2730211001,devices,2026-06,21905,124863,EUR
2730211001,devices,2026-07,18002,142865,EUR
2730211001,devices,2026-08,13222,156087,EUR
2730212011,care,2024-01,507704,507704,BGN
2730212011,care,2024-02,507704,1015408,BGN
2730212011,care,2024-03,507704,1523112,BGN
2730212011,care,2024-04,1109664,2632776,BGN
2730212011,care,2024-05,660568,3293344,BGN
2730212011,care,2024-06,660568,3953912,BGN
2730212011,care,2024-07,660568,4614480,BGN
2730212011,care,2024-08,660568,5275048,BGN
2730212011,care,2024-09,627540,5902588,BGN
2730212011,care,2024-10,693596,6596184,BGN
2730212011,care,2024-11,711458,7307642,BGN
2730212011,care,2024-12,627540,7935182,BGN
2730212011,care,2025-01,660568,660568,BGN
2730212011,care,2025-02,693596,1354164,BGN
2730212011,care,2025-03,660568,2014732,BGN
2730212011,care,2025-04,627540,2642272,BGN
2730212011,care,2025-05,1130331,3772603,BGN
2730212011,care,2025-06,779311,4551914,BGN
2730212011,care,2025-07,727068,5278982,BGN
2730212011,care,2025-08,712375,5991357,BGN
2730212011,care,2025-09,713871,6705228,BGN
2730212011,care,2025-10,602124,7307351,BGN
2730212011,care,2025-11,713437,8020789,BGN
2730212011,care,2025-12,708158,8728947,BGN
2730212011,care,2026-01,360713,360713,EUR
2730212011,care,2026-02,363468,724180,EUR
2730212011,care,2026-03,359727,1083907,EUR
2730212011,care,2026-04,359727,1443634,EUR
2730212011,care,2026-05,359727,1803361,EUR
2730212011,care,2026-06,359727,2163088,EUR
2730212011,care,2026-07,359727,2522815,EUR
2730212011,care,2026-08,359727,2882542,EUR
2730212011,devices,2024-02,120,120,BGN
2730212011,devices,2024-03,240,360,BGN
2730212011,devices,2024-04,240,600,BGN
2730212011,devices,2024-05,120,720,BGN
2730212011,devices,2024-06,1167,1887,BGN
2730212011,devices,2024-07,4440,6327,BGN
2730212011,devices,2024-08,1400,7727,BGN
2730212011,devices,2024-09,4320,12047,BGN
2730212011,devices,2024-10,8400,20447,BGN
2730212011,devices,2024-11,2920,23367,BGN
2730212011,devices,2024-12,11200,34567,BGN
2730212011,devices,2025-01,9800,9800,BGN
2730212011,devices,2025-02,5720,15520,BGN
2730212011,devices,2025-03,4200,19720,BGN
2730212011,devices,2025-04,8520,28240,BGN
2730212011,devices,2025-05,1520,29760,BGN
2730212011,devices,2025-06,5720,35480,BGN
2730212011,devices,2025-07,5600,41080,BGN
2730212011,devices,2025-08,2920,44000,BGN
2730212011,devices,2025-09,1640,45640,BGN
2730212011,devices,2025-10,4200,49840,BGN
2730212011,devices,2025-11,3160,53000,BGN
2730212011,devices,2025-12,0,53000,BGN
2730212011,devices,2026-01,3763,3763,EUR
2730212011,devices,2026-02,777,4540,EUR
2730212011,devices,2026-03,5011,9551,EUR
2730212011,devices,2026-04,0,9551,EUR
2730212011,devices,2026-05,839,10389,EUR
2730212011,devices,2026-06,3702,14091,EUR
2730212011,devices,2026-07,2863,16954,EUR
2730212011,devices,2026-08,2147,19102,EUR
2730334007,care,2024-01,1289761,1289761,BGN
2730334007,care,2024-02,1289761,2579522,BGN
2730334007,care,2024-03,1289761,3869283,BGN
2730334007,care,2024-04,1790894,5660177,BGN
2730334007,care,2024-05,1659356,7319532,BGN
2730334007,care,2024-06,1410655,8730187,BGN
2730334007,care,2024-07,1572373,10302560,BGN
2730334007,care,2024-08,1622998,11925558,BGN
2730334007,care,2024-09,1524999,13450557,BGN
2730334007,care,2024-10,1418494,14869050,BGN
2730334007,care,2024-11,1658632,16527682,BGN
2730334007,care,2024-12,1503465,18031147,BGN
2730334007,care,2025-01,1121001,1121001,BGN
2730334007,care,2025-02,1661675,2782675,BGN
2730334007,care,2025-03,1417953,4200629,BGN
2730334007,care,2025-04,1568971,5769600,BGN
2730334007,care,2025-05,1471199,7240799,BGN
2730334007,care,2025-06,1477625,8718424,BGN
2730334007,care,2025-07,1627915,10346339,BGN
2730334007,care,2025-08,1756658,12102997,BGN
2730334007,care,2025-09,1598545,13701542,BGN
2730334007,care,2025-10,1400708,15102250,BGN
2730334007,care,2025-11,1496010,16598260,BGN
2730334007,care,2025-12,1456344,18054603,BGN
2730334007,care,2026-01,744806,744806,EUR
2730334007,care,2026-02,782258,1527064,EUR
2730334007,care,2026-03,758538,2285602,EUR
2730334007,care,2026-04,840301,3125903,EUR
2730334007,care,2026-05,789257,3915160,EUR
2730334007,care,2026-06,730343,4645503,EUR
2730334007,care,2026-07,820249,5465753,EUR
2730334007,care,2026-08,902035,6367788,EUR
2730334007,devices,2024-02,7200,7200,BGN
2730334007,devices,2024-03,6000,13200,BGN
2730334007,devices,2024-04,11952,25152,BGN
2730334007,devices,2024-05,4800,29952,BGN
2730334007,devices,2024-06,2400,32352,BGN
2730334007,devices,2024-07,1200,33552,BGN
2730334007,devices,2024-08,9600,43152,BGN
2730334007,devices,2024-09,9552,52704,BGN
2730334007,devices,2024-10,4800,57504,BGN
2730334007,devices,2024-11,6000,63504,BGN
2730334007,devices,2024-12,7152,70656,BGN
2730334007,devices,2025-01,7056,7056,BGN
2730334007,devices,2025-02,4752,11808,BGN
2730334007,devices,2025-03,11856,23664,BGN
2730334007,devices,2025-04,1152,24816,BGN
2730334007,devices,2025-05,2352,27168,BGN
2730334007,devices,2025-06,7680,34848,BGN
2730334007,devices,2025-07,7056,41904,BGN
2730334007,devices,2025-08,37854,79758,BGN
2730334007,devices,2025-09,56304,136062,BGN
2730334007,devices,2025-10,55608,191670,BGN
2730334007,devices,2025-11,49200,240870,BGN
2730334007,devices,2025-12,0,240870,BGN
2730334007,devices,2026-01,52845,52845,EUR
2730334007,devices,2026-02,22907,75752,EUR
2730334007,devices,2026-03,43948,119700,EUR
2730334007,devices,2026-04,0,119700,EUR
2730334007,devices,2026-05,27944,147644,EUR
2730334007,devices,2026-06,20121,167766,EUR
2730334007,devices,2026-07,22625,190390,EUR
2730334007,devices,2026-08,20453,210843,EUR
2730334007,medicines,2024-01,1566538,1566538,BGN
2730334007,medicines,2024-02,1482622,3049160,BGN
2730334007,medicines,2024-03,1621499,4670659,BGN
2730334007,medicines,2024-04,1589289,6259948,BGN
2730334007,medicines,2024-05,1836026,8095974,BGN
2730334007,medicines,2024-06,1759848,9855822,BGN
2730334007,medicines,2024-07,1807297,11663119,BGN
2730334007,medicines,2024-08,1809430,13472549,BGN
2730334007,medicines,2024-09,1764874,15237423,BGN
2730334007,medicines,2024-10,1880232,17117655,BGN
2730334007,medicines,2024-11,1681698,18799353,BGN
2730334007,medicines,2024-12,1884598,20683952,BGN
2730334007,medicines,2025-01,1847019,1847019,BGN
2730334007,medicines,2025-02,1869914,3716932,BGN
2730334007,medicines,2025-03,2140069,5857002,BGN
2730334007,medicines,2025-04,2028151,7885153,BGN
2730334007,medicines,2025-05,2114717,9999870,BGN
2730334007,medicines,2025-06,2128581,12128451,BGN
2730334007,medicines,2025-07,1985216,14113667,BGN
2730334007,medicines,2025-08,2044182,16157849,BGN
2730334007,medicines,2025-09,2087584,18245434,BGN
2730334007,medicines,2025-10,2022742,20268176,BGN
2730334007,medicines,2025-11,1834358,22102534,BGN
2730334007,medicines,2025-12,2092125,24194659,BGN
2730334007,medicines,2026-01,980780,980780,EUR
2730334007,medicines,2026-02,989390,1970171,EUR
2730334007,medicines,2026-03,1023866,2994037,EUR
2730334007,medicines,2026-04,1018633,4012669,EUR
2730334007,medicines,2026-05,1084582,5097251,EUR
2730334007,medicines,2026-06,1072601,6169852,EUR
2730334007,medicines,2026-07,948823,7118676,EUR
2730334007,medicines,2026-08,1075930,8194605,EUR
2730391012,care,2024-01,116186,116186,BGN
2730391012,care,2024-02,125928,242114,BGN
2730391012,care,2024-03,108108,350222,BGN
2730391012,care,2024-04,125000,475222,BGN
2730391012,care,2024-05,132000,607222,BGN
2730391012,care,2024-06,144750,751972,BGN
2730391012,care,2024-07,124500,876472,BGN
2730391012,care,2024-08,144750,1021222,BGN
2730391012,care,2024-09,130250,1151472,BGN
2730391012,care,2024-10,138500,1289972,BGN
2730391012,care,2024-11,142000,1431972,BGN
2730391012,care,2024-12,140000,1571972,BGN
2730391012,care,2025-01,133000,133000,BGN
2730391012,care,2025-02,142250,275250,BGN
2730391012,care,2025-03,126750,402000,BGN
2730391012,care,2025-04,134000,536000,BGN
2730391012,care,2025-05,133750,669750,BGN
2730391012,care,2025-06,135500,805250,BGN
2730391012,care,2025-07,138500,943750,BGN
2730391012,care,2025-08,134500,1078250,BGN
2730391012,care,2025-09,136000,1214250,BGN
2730391012,care,2025-10,135250,1349500,BGN
2730391012,care,2025-11,144000,1493500,BGN
2730391012,care,2025-12,127250,1620750,BGN
2730391012,care,2026-01,76820,76820,EUR
2730391012,care,2026-02,71835,148655,EUR
2730391012,care,2026-03,68000,216655,EUR
2730391012,care,2026-04,73241,289896,EUR
2730391012,care,2026-05,71579,361475,EUR
2730391012,care,2026-06,69278,430753,EUR
2730391012,care,2026-07,68512,499265,EUR
2730391012,care,2026-08,73113,572378,EUR
2807211002,care,2024-01,140660,140660,BGN
2807211002,care,2024-02,140444,281104,BGN
2807211002,care,2024-03,183194,464298,BGN
2807211002,care,2024-04,189202,653499,BGN
2807211002,care,2024-05,152843,806342,BGN
2807211002,care,2024-06,155083,961425,BGN
2807211002,care,2024-07,147238,1108663,BGN
2807211002,care,2024-08,157172,1265836,BGN
2807211002,care,2024-09,152920,1418755,BGN
2807211002,care,2024-10,162811,1581566,BGN
2807211002,care,2024-11,145172,1726738,BGN
2807211002,care,2024-12,174656,1901395,BGN
2807211002,care,2025-01,159175,159175,BGN
2807211002,care,2025-02,176505,335680,BGN
2807211002,care,2025-03,161992,497672,BGN
2807211002,care,2025-04,159923,657595,BGN
2807211002,care,2025-05,185279,842874,BGN
2807211002,care,2025-06,162281,1005156,BGN
2807211002,care,2025-07,167948,1173103,BGN
2807211002,care,2025-08,150062,1323165,BGN
2807211002,care,2025-09,141064,1464229,BGN
2807211002,care,2025-10,138944,1603173,BGN
2807211002,care,2025-11,152431,1755604,BGN
2807211002,care,2025-12,152346,1907950,BGN
2807211002,care,2026-01,79867,79867,EUR
2807211002,care,2026-02,75061,154928,EUR
2807211002,care,2026-03,80816,235744,EUR
2807211002,care,2026-04,81615,317359,EUR
2807211002,care,2026-05,83182,400541,EUR
2807211002,care,2026-06,84062,484603,EUR
2807211002,care,2026-07,70917,555520,EUR
2807211002,care,2026-08,69730,625250,EUR
2826134001,care,2024-01,3888,3888,BGN
2826134001,care,2024-02,3888,7776,BGN
2826134001,care,2024-03,3888,11664,BGN
2826134001,care,2024-04,5828,17492,BGN
2826134001,care,2024-05,5108,22599,BGN
2826134001,care,2024-06,5589,28188,BGN
2826134001,care,2024-07,4374,32562,BGN
2826134001,care,2024-08,5832,38394,BGN
2826134001,care,2024-09,6561,44955,BGN
2826134001,care,2024-10,5103,50058,BGN
2826134001,care,2024-11,5832,55890,BGN
2826134001,care,2024-12,5832,61722,BGN
2826134001,care,2025-01,5103,5103,BGN
2826134001,care,2025-02,5103,10206,BGN
2826134001,care,2025-03,4131,14337,BGN
2826134001,care,2025-04,5589,19926,BGN
2826134001,care,2025-05,4374,24300,BGN
2826134001,care,2025-06,5103,29403,BGN
2826134001,care,2025-07,4860,34263,BGN
2826134001,care,2025-08,4937,39200,BGN
2826134001,care,2025-09,4617,43817,BGN
2826134001,care,2025-10,3888,47705,BGN
2826134001,care,2025-11,5589,53294,BGN
2826134001,care,2025-12,4860,58154,BGN
2826134001,care,2026-01,2321,2321,EUR
2826134001,care,2026-02,2609,4930,EUR
2826134001,care,2026-03,2598,7529,EUR
2826134001,care,2026-04,2485,10014,EUR
2826134001,care,2026-05,2485,12498,EUR
2826134001,care,2026-06,2539,15038,EUR
2826134001,care,2026-07,2485,17523,EUR
2826134001,care,2026-08,2485,20007,EUR
2826211001,care,2024-01,996651,996651,BGN
2826211001,care,2024-02,1045408,2042059,BGN
2826211001,care,2024-03,1143803,3185861,BGN
2826211001,care,2024-04,1197891,4383753,BGN
2826211001,care,2024-05,1294349,5678102,BGN
2826211001,care,2024-06,1151392,6829494,BGN
2826211001,care,2024-07,1214227,8043721,BGN
2826211001,care,2024-08,1222318,9266039,BGN
2826211001,care,2024-09,1186946,10452985,BGN
2826211001,care,2024-10,1118622,11571606,BGN
2826211001,care,2024-11,1219634,12791240,BGN
2826211001,care,2024-12,1267553,14058793,BGN
2826211001,care,2025-01,1153667,1153667,BGN
2826211001,care,2025-02,1174425,2328093,BGN
2826211001,care,2025-03,1154380,3482472,BGN
2826211001,care,2025-04,1233231,4715703,BGN
2826211001,care,2025-05,1140983,5856687,BGN
2826211001,care,2025-06,1294596,7151282,BGN
2826211001,care,2025-07,1349220,8500502,BGN
2826211001,care,2025-08,1248222,9748724,BGN
2826211001,care,2025-09,1269865,11018589,BGN
2826211001,care,2025-10,1178368,12196957,BGN
2826211001,care,2025-11,1183065,13380022,BGN
2826211001,care,2025-12,1137162,14517185,BGN
2826211001,care,2026-01,605643,605643,EUR
2826211001,care,2026-02,618816,1224459,EUR
2826211001,care,2026-03,570673,1795131,EUR
2826211001,care,2026-04,604474,2399605,EUR
2826211001,care,2026-05,638468,3038073,EUR
2826211001,care,2026-06,613729,3651802,EUR
2826211001,care,2026-07,635523,4287325,EUR
2826211001,care,2026-08,621300,4908625,EUR
2826211001,devices,2024-02,18607,18607,BGN
2826211001,devices,2024-03,11660,30267,BGN
2826211001,devices,2024-04,8438,38705,BGN
2826211001,devices,2024-05,9311,48016,BGN
2826211001,devices,2024-06,6586,54602,BGN
2826211001,devices,2024-07,8302,62904,BGN
2826211001,devices,2024-08,11027,73931,BGN
2826211001,devices,2024-09,6551,80482,BGN
2826211001,devices,2024-10,10548,91030,BGN
2826211001,devices,2024-11,3638,94668,BGN
2826211001,devices,2024-12,12790,107458,BGN
2826211001,devices,2025-01,6196,6196,BGN
2826211001,devices,2025-02,10112,16308,BGN
2826211001,devices,2025-03,9506,25814,BGN
2826211001,devices,2025-04,6474,32288,BGN
2826211001,devices,2025-05,13183,45471,BGN
2826211001,devices,2025-06,7674,53145,BGN
2826211001,devices,2025-07,5116,58261,BGN
2826211001,devices,2025-08,13592,71853,BGN
2826211001,devices,2025-09,5274,77127,BGN
2826211001,devices,2025-10,5274,82401,BGN
2826211001,devices,2025-11,10548,92949,BGN
2826211001,devices,2025-12,0,92949,BGN
2826211001,devices,2026-01,7502,7502,EUR
2826211001,devices,2026-02,6724,14225,EUR
2826211001,devices,2026-03,8396,22622,EUR
2826211001,devices,2026-04,0,22622,EUR
2826211001,devices,2026-05,1227,23849,EUR
2826211001,devices,2026-06,2002,25851,EUR
2826211001,devices,2026-07,3924,29775,EUR
2826211001,devices,2026-08,5393,35168,EUR
2826211008,care,2024-01,238759,238759,BGN
2826211008,care,2024-02,286058,524817,BGN
2826211008,care,2024-03,313462,838279,BGN
2826211008,care,2024-04,337698,1175977,BGN
2826211008,care,2024-05,335952,1511928,BGN
2826211008,care,2024-06,317741,1829669,BGN
2826211008,care,2024-07,309835,2139504,BGN
2826211008,care,2024-08,353287,2492791,BGN
2826211008,care,2024-09,342896,2835686,BGN
2826211008,care,2024-10,349790,3185476,BGN
2826211008,care,2024-11,408247,3593722,BGN
2826211008,care,2024-12,334007,3927730,BGN
2826211008,care,2025-01,287369,287369,BGN
2826211008,care,2025-02,347347,634717,BGN
2826211008,care,2025-03,337585,972301,BGN
2826211008,care,2025-04,347935,1320237,BGN
2826211008,care,2025-05,540668,1860905,BGN
2826211008,care,2025-06,352184,2213089,BGN
2826211008,care,2025-07,348222,2561311,BGN
2826211008,care,2025-08,365179,2926491,BGN
2826211008,care,2025-09,351584,3278074,BGN
2826211008,care,2025-10,338846,3616920,BGN
2826211008,care,2025-11,317811,3934731,BGN
2826211008,care,2025-12,342676,4277408,BGN
2826211008,care,2026-01,161410,161410,EUR
2826211008,care,2026-02,153746,315156,EUR
2826211008,care,2026-03,182072,497228,EUR
2826211008,care,2026-04,179718,676945,EUR
2826211008,care,2026-05,146966,823912,EUR
2826211008,care,2026-06,180974,1004886,EUR
2826211008,care,2026-07,168965,1173851,EUR
2826211008,care,2026-08,183082,1356933,EUR
2826212007,care,2024-01,655061,655061,BGN
2826212007,care,2024-02,655061,1310122,BGN
2826212007,care,2024-03,655061,1965183,BGN
2826212007,care,2024-04,682018,2647201,BGN
2826212007,care,2024-05,660116,3307316,BGN
2826212007,care,2024-06,647935,3955252,BGN
2826212007,care,2024-07,618301,4573553,BGN
2826212007,care,2024-08,626757,5200310,BGN
2826212007,care,2024-09,617064,5817375,BGN
2826212007,care,2024-10,644752,6462127,BGN
2826212007,care,2024-11,665107,7127234,BGN
2826212007,care,2024-12,631697,7758931,BGN
2826212007,care,2025-01,648160,648160,BGN
2826212007,care,2025-02,673122,1321282,BGN
2826212007,care,2025-03,601396,1922678,BGN
2826212007,care,2025-04,648160,2570838,BGN
2826212007,care,2025-05,641502,3212340,BGN
2826212007,care,2025-06,675104,3887443,BGN
2826212007,care,2025-07,637531,4524974,BGN
2826212007,care,2025-08,655931,5180904,BGN
2826212007,care,2025-09,646039,5826943,BGN
2826212007,care,2025-10,619259,6446202,BGN
2826212007,care,2025-11,672560,7118763,BGN
2826212007,care,2025-12,635500,7754262,BGN
2826212007,care,2026-01,330358,330358,EUR
2826212007,care,2026-02,333452,663810,EUR
2826212007,care,2026-03,333452,997262,EUR
2826212007,care,2026-04,333452,1330714,EUR
2826212007,care,2026-05,333452,1664166,EUR
2826212007,care,2026-06,333452,1997618,EUR
2826212007,care,2026-07,303679,2301297,EUR
2826212007,care,2026-08,324647,2625945,EUR
2826212007,devices,2024-03,3847,3847,BGN
2826212007,devices,2024-04,4894,8741,BGN
2826212007,devices,2024-05,15729,24470,BGN
2826212007,devices,2024-06,13294,37764,BGN
2826212007,devices,2024-07,7694,45458,BGN
2826212007,devices,2024-08,5600,51058,BGN
2826212007,devices,2024-09,15047,66105,BGN
2826212007,devices,2024-10,9447,75552,BGN
2826212007,devices,2024-11,19235,94787,BGN
2826212007,devices,2024-12,11200,105987,BGN
2826212007,devices,2025-01,12247,12247,BGN
2826212007,devices,2025-02,9214,21461,BGN
2826212007,devices,2025-03,13647,35108,BGN
2826212007,devices,2025-04,8047,43155,BGN
2826212007,devices,2025-05,17675,60830,BGN
2826212007,devices,2025-06,9447,70277,BGN
2826212007,devices,2025-07,8047,78324,BGN
2826212007,devices,2025-08,5367,83691,BGN
2826212007,devices,2025-09,7000,90691,BGN
2826212007,devices,2025-10,8400,99091,BGN
2826212007,devices,2025-11,9447,108538,BGN
2826212007,devices,2025-12,0,108538,BGN
2826212007,devices,2026-01,16274,16274,EUR
2826212007,devices,2026-02,13391,29665,EUR
2826212007,devices,2026-03,18683,48348,EUR
2826212007,devices,2026-04,0,48348,EUR
2826212007,devices,2026-05,12126,60474,EUR
2826212007,devices,2026-06,24958,85432,EUR
2826212007,devices,2026-07,33231,118663,EUR
2826212007,devices,2026-08,16523,135185,EUR
