table_idx,article,paragraph,caption,row_no,label,value_kBGN
0,,,,,"брой: 25, от дата 25.3.2025 г. Официален раздел / НАРОДНО СЪБРАНИЕ",стр.3
1,1,1,"Чл. 1. (1) Приема консолидирания бюджет на държавното обществено осигуряване по приходите и трансферите на обща сума 27 389 371,0 хил. лв., както следва:",,П О К А З А Т Е Л И,Сума (хил. лв.)
1,1,1,"Чл. 1. (1) Приема консолидирания бюджет на държавното обществено осигуряване по приходите и трансферите на обща сума 27 389 371,0 хил. лв., както следва:",I.,ПРИХОДИ И ТРАНСФЕРИ – ВСИЧКО,"27 389 371,0"
1,1,1,"Чл. 1. (1) Приема консолидирания бюджет на държавното обществено осигуряване по приходите и трансферите на обща сума 27 389 371,0 хил. лв., както следва:",1.,Осигурителни приходи,"15 080 329,9"
1,1,1,"Чл. 1. (1) Приема консолидирания бюджет на държавното обществено осигуряване по приходите и трансферите на обща сума 27 389 371,0 хил. лв., както следва:",1.1.,Осигурителни вноски,"15 080 329,9"
1,1,1,"Чл. 1. (1) Приема консолидирания бюджет на държавното обществено осигуряване по приходите и трансферите на обща сума 27 389 371,0 хил. лв., както следва:",2.,Неданъчни приходи,"136 917,4"
1,1,1,"Чл. 1. (1) Приема консолидирания бюджет на държавното обществено осигуряване по приходите и трансферите на обща сума 27 389 371,0 хил. лв., както следва:",2.1.,Приходи и доходи от собственост,"7 982,0"
1,1,1,"Чл. 1. (1) Приема консолидирания бюджет на държавното обществено осигуряване по приходите и трансферите на обща сума 27 389 371,0 хил. лв., както следва:",2.2.,"Глоби, санкции и наказателни лихви","12 705,4"
1,1,1,"Чл. 1. (1) Приема консолидирания бюджет на държавното обществено осигуряване по приходите и трансферите на обща сума 27 389 371,0 хил. лв., както следва:",2.3.,Други приходи,"116 230,0"
1,1,1,"Чл. 1. (1) Приема консолидирания бюджет на държавното обществено осигуряване по приходите и трансферите на обща сума 27 389 371,0 хил. лв., както следва:",3.,Внесени ДДС и други данъци върху продажбите,"-1 377,0"
1,1,1,"Чл. 1. (1) Приема консолидирания бюджет на държавното обществено осигуряване по приходите и трансферите на обща сума 27 389 371,0 хил. лв., както следва:",4.,Получени трансфери от централния бюджет за държавното обществено осигуряване,"467 821,8"
1,1,1,"Чл. 1. (1) Приема консолидирания бюджет на държавното обществено осигуряване по приходите и трансферите на обща сума 27 389 371,0 хил. лв., както следва:",5.,Получени допълнителни трансфери от централния/държавния бюджет за покриване на недостига от средства,"11 705 678,9"
2,1,2,"(2) Приема консолидирания бюджет на държавното обществено осигуряване по разходите и трансферите на обща сума 27 389 371,0 хил. лв., както следва:",I.,РАЗХОДИ И ТРАНСФЕРИ – ВСИЧКО,"27 389 371,0"
2,1,2,"(2) Приема консолидирания бюджет на държавното обществено осигуряване по разходите и трансферите на обща сума 27 389 371,0 хил. лв., както следва:",1.,Разходи,"27 381 971,0"
2,1,2,"(2) Приема консолидирания бюджет на държавното обществено осигуряване по разходите и трансферите на обща сума 27 389 371,0 хил. лв., както следва:",1.1.,Пенсии,"24 106 021,6"
2,1,2,"(2) Приема консолидирания бюджет на държавното обществено осигуряване по разходите и трансферите на обща сума 27 389 371,0 хил. лв., както следва:",1.1.1.,Пенсии за сметка на държавното обществено осигуряване,"23 636 849,9"
2,1,2,"(2) Приема консолидирания бюджет на държавното обществено осигуряване по разходите и трансферите на обща сума 27 389 371,0 хил. лв., както следва:",1.1.2.,Пенсии за сметка на държавния бюджет,"466 771,7"
2,1,2,"(2) Приема консолидирания бюджет на държавното обществено осигуряване по разходите и трансферите на обща сума 27 389 371,0 хил. лв., както следва:",1.1.3.,"Капиталов трансфер за прехвърляне на пенсионни права към пенсионните схеми на ЕС, ЕЦБ и ЕИБ","2 400,0"
2,1,2,"(2) Приема консолидирания бюджет на държавното обществено осигуряване по разходите и трансферите на обща сума 27 389 371,0 хил. лв., както следва:",1.2.,Социални помощи и обезщетения,"3 073 893,6"
2,1,2,"(2) Приема консолидирания бюджет на държавното обществено осигуряване по разходите и трансферите на обща сума 27 389 371,0 хил. лв., както следва:",1.3.,"Програми, дейности и служби по социалното осигуряване, подпомагане и заетостта","201 809,8"
2,1,2,"(2) Приема консолидирания бюджет на държавното обществено осигуряване по разходите и трансферите на обща сума 27 389 371,0 хил. лв., както следва:",1.3.1.,Разходи за персонал,"141 181,2"
2,1,2,"(2) Приема консолидирания бюджет на държавното обществено осигуряване по разходите и трансферите на обща сума 27 389 371,0 хил. лв., както следва:",1.3.2.,Издръжка,"55 402,9"
2,1,2,"(2) Приема консолидирания бюджет на държавното обществено осигуряване по разходите и трансферите на обща сума 27 389 371,0 хил. лв., както следва:",1.3.3.,"Платени данъци, такси и административни санкции","600,0"
2,1,2,"(2) Приема консолидирания бюджет на държавното обществено осигуряване по разходите и трансферите на обща сума 27 389 371,0 хил. лв., както следва:",1.3.4.,Разходи за членски внос и участие в нетърговски организации и дейности,"131,1"
2,1,2,"(2) Приема консолидирания бюджет на държавното обществено осигуряване по разходите и трансферите на обща сума 27 389 371,0 хил. лв., както следва:",1.3.5.,Капиталови разходи,"4 494,6"
2,1,2,"(2) Приема консолидирания бюджет на държавното обществено осигуряване по разходите и трансферите на обща сума 27 389 371,0 хил. лв., както следва:",1.4.,Отбрана и сигурност,"246,0"
2,1,2,"(2) Приема консолидирания бюджет на държавното обществено осигуряване по разходите и трансферите на обща сума 27 389 371,0 хил. лв., както следва:",2.,Предоставени трансфери,"7 400,0"
2,1,2,"(2) Приема консолидирания бюджет на държавното обществено осигуряване по разходите и трансферите на обща сума 27 389 371,0 хил. лв., както следва:",2.1.,"На Министерството на здравеопазването, съгласно чл. 11, ал. 1, т. 2, буква „в“, чл. 12, ал. 1, т. 4 и чл. 13, ал. 1, т. 3 от Кодекса за социално осигуряване","3 150,0"
2,1,2,"(2) Приема консолидирания бюджет на държавното обществено осигуряване по разходите и трансферите на обща сума 27 389 371,0 хил. лв., както следва:",2.2.,На Министерството на труда и социалната политика за фонд „Условия на труд“,"4 000,0"
2,1,2,"(2) Приема консолидирания бюджет на държавното обществено осигуряване по разходите и трансферите на обща сума 27 389 371,0 хил. лв., както следва:",2.2.1.,"Мероприятия за предотвратяване на трудовите злополуки и професионалните болести, съгласно чл. 24, т. 3 от Кодекса за социално осигуряване","3 000,0"
2,1,2,"(2) Приема консолидирания бюджет на държавното обществено осигуряване по разходите и трансферите на обща сума 27 389 371,0 хил. лв., както следва:",2.2.2.,"За диагностика на професионалните болести, съгласно чл. 24, т. 4 от Кодекса за социално осигуряване","1 000,0"
2,1,2,"(2) Приема консолидирания бюджет на държавното обществено осигуряване по разходите и трансферите на обща сума 27 389 371,0 хил. лв., както следва:",2.3.,"На Министерството на транспорта и съобщенията, съгласно чл. 92, ал. 4 от Наредбата за пенсиите и осигурителния стаж","250,0"
3,1,3,"(3) Приема дефицит (излишък) по бюджета на държавното обществено осигуряване , както следва:",,"ДЕФИЦИТ (-), ИЗЛИШЪК (+)","0,0"
4,2,1,"Чл. 2. (1) Приема бюджета на фонд „Пенсии“ по приходите и трансферите на обща сума 10048714,4хил.лв., както следва:",I.,ПРИХОДИ И ТРАНСФЕРИ – ВСИЧКО,"10 048 714,4"
4,2,1,"Чл. 2. (1) Приема бюджета на фонд „Пенсии“ по приходите и трансферите на обща сума 10048714,4хил.лв., както следва:",1.,Осигурителни приходи,"10 012 064,3"
4,2,1,"Чл. 2. (1) Приема бюджета на фонд „Пенсии“ по приходите и трансферите на обща сума 10048714,4хил.лв., както следва:",1.1.,Осигурителни вноски,"10 012 064,3"
4,2,1,"Чл. 2. (1) Приема бюджета на фонд „Пенсии“ по приходите и трансферите на обща сума 10048714,4хил.лв., както следва:",2.,Неданъчни приходи,"36 000,0"
4,2,1,"Чл. 2. (1) Приема бюджета на фонд „Пенсии“ по приходите и трансферите на обща сума 10048714,4хил.лв., както следва:",2.3.,Други приходи,"36 000,0"
4,2,1,"Чл. 2. (1) Приема бюджета на фонд „Пенсии“ по приходите и трансферите на обща сума 10048714,4хил.лв., както следва:",4.,Получени трансфери от централния бюджет за държавното обществено осигуряване,"650,1"
5,2,2,"(2) Приема бюджета на фонд „Пенсии“ по разходите и трансферите на обща сума 21761742,9 хил. лв., както следва:",I.,РАЗХОДИ И ТРАНСФЕРИ – ВСИЧКО,"21 761 742,9"
5,2,2,"(2) Приема бюджета на фонд „Пенсии“ по разходите и трансферите на обща сума 21761742,9 хил. лв., както следва:",1.,Разходи,"21 761 742,9"
5,2,2,"(2) Приема бюджета на фонд „Пенсии“ по разходите и трансферите на обща сума 21761742,9 хил. лв., както следва:",1.1.,Пенсии,"21 760 906,6"
5,2,2,"(2) Приема бюджета на фонд „Пенсии“ по разходите и трансферите на обща сума 21761742,9 хил. лв., както следва:",1.1.1.,Пенсии за сметка на държавното обществено осигуряване,"21 758 506,6"
5,2,2,"(2) Приема бюджета на фонд „Пенсии“ по разходите и трансферите на обща сума 21761742,9 хил. лв., както следва:",1.1.3.,"Капиталов трансфер за прехвърляне на пенсионни права към пенсионните схеми на ЕС, ЕЦБ и ЕИБ","2 400,0"
5,2,2,"(2) Приема бюджета на фонд „Пенсии“ по разходите и трансферите на обща сума 21761742,9 хил. лв., както следва:",1.2.,Социални помощи и обезщетения,"836,3"
6,2,3,"(3) Приема дефицит (излишък) по бюджета на фонд „Пенсии“ , както следва:",,"ДЕФИЦИТ (-), ИЗЛИШЪК (+)","-11 713 028,5"
7,3,1,"Чл. 3. (1) Приема бюджета на фонд „Пенсии за лицата по чл. 69“ по приходите и трансферите на обща сума 1 685 678,3 хил. лв., както следва:",I.,ПРИХОДИ И ТРАНСФЕРИ – ВСИЧКО,"1 685 678,3"
7,3,1,"Чл. 3. (1) Приема бюджета на фонд „Пенсии за лицата по чл. 69“ по приходите и трансферите на обща сума 1 685 678,3 хил. лв., както следва:",1.,Осигурителни приходи,"1 685 678,3"
7,3,1,"Чл. 3. (1) Приема бюджета на фонд „Пенсии за лицата по чл. 69“ по приходите и трансферите на обща сума 1 685 678,3 хил. лв., както следва:",1.1.,Осигурителни вноски,"1 685 678,3"
8,3,2,"(2) Приема бюджета на фонд „Пенсии за лицата по чл. 69“ по разходите и трансферите на обща сума 1 798 311,4 хил. лв., както следва:",I.,РАЗХОДИ И ТРАНСФЕРИ – ВСИЧКО,"1 798 311,4"
8,3,2,"(2) Приема бюджета на фонд „Пенсии за лицата по чл. 69“ по разходите и трансферите на обща сума 1 798 311,4 хил. лв., както следва:",1.,Разходи,"1 798 311,4"
8,3,2,"(2) Приема бюджета на фонд „Пенсии за лицата по чл. 69“ по разходите и трансферите на обща сума 1 798 311,4 хил. лв., както следва:",1.1.,Пенсии,"1 798 308,9"
8,3,2,"(2) Приема бюджета на фонд „Пенсии за лицата по чл. 69“ по разходите и трансферите на обща сума 1 798 311,4 хил. лв., както следва:",1.1.1.,Пенсии за сметка на държавното обществено осигуряване,"1 798 308,9"
8,3,2,"(2) Приема бюджета на фонд „Пенсии за лицата по чл. 69“ по разходите и трансферите на обща сума 1 798 311,4 хил. лв., както следва:",1.2.,Социални помощи и обезщетения,"2,5"
9,3,3,"(3) Приема дефицит (излишък) по бюджета на фонд „Пенсии за лицата по чл. 69“, както следва:",,"ДЕФИЦИТ (-), ИЗЛИШЪК (+)","-112 633,1"
10,4,1,"Чл. 4. (1) Приема бюджета на фонд „Пенсии, несвързани с трудова дейност“ по приходите и трансферите на обща сума 466 771,7 хил. лв., както следва:",I.,ПРИХОДИ И ТРАНСФЕРИ – ВСИЧКО,"466 771,7"
10,4,1,"Чл. 4. (1) Приема бюджета на фонд „Пенсии, несвързани с трудова дейност“ по приходите и трансферите на обща сума 466 771,7 хил. лв., както следва:",4.,Получени трансфери от централния бюджет за държавното обществено осигуряване,"466 771,7"
11,4,2,"(2) Приема разходи и трансфери (субсидии, вноски) между държавния бюджет и бюджета на фонд „Пенсии, несвързани с трудова дейност“ на обща сума 466 799,2 хил. лв., както следва:",I.,РАЗХОДИ И ТРАНСФЕРИ – ВСИЧКО,"466 799,2"
11,4,2,"(2) Приема разходи и трансфери (субсидии, вноски) между държавния бюджет и бюджета на фонд „Пенсии, несвързани с трудова дейност“ на обща сума 466 799,2 хил. лв., както следва:",1.,Разходи,"466 799,2"
11,4,2,"(2) Приема разходи и трансфери (субсидии, вноски) между държавния бюджет и бюджета на фонд „Пенсии, несвързани с трудова дейност“ на обща сума 466 799,2 хил. лв., както следва:",1.1.,Пенсии,"466 771,7"
11,4,2,"(2) Приема разходи и трансфери (субсидии, вноски) между държавния бюджет и бюджета на фонд „Пенсии, несвързани с трудова дейност“ на обща сума 466 799,2 хил. лв., както следва:",1.1.2.,Пенсии за сметка на държавния бюджет,"466 771,7"
11,4,2,"(2) Приема разходи и трансфери (субсидии, вноски) между държавния бюджет и бюджета на фонд „Пенсии, несвързани с трудова дейност“ на обща сума 466 799,2 хил. лв., както следва:",1.2.,Социални помощи и обезщетения,"27,5"
12,4,3,"(3) Приема дефицит (излишък) по бюджета на фонд „Пенсии, несвързани с трудова дейност“ , както следва:",,"ДЕФИЦИТ (-), ИЗЛИШЪК (+)","-27,5"
13,5,1,"Чл. 5. (1) Приема бюджета на фонд „Трудова злополука и професионална болест“ по приходите и трансферите на обща сума 429 327,6 хил. лв., както следва:",I.,ПРИХОДИ И ТРАНСФЕРИ – ВСИЧКО,"429 327,6"
13,5,1,"Чл. 5. (1) Приема бюджета на фонд „Трудова злополука и професионална болест“ по приходите и трансферите на обща сума 429 327,6 хил. лв., както следва:",1.,Осигурителни приходи,"429 327,6"
13,5,1,"Чл. 5. (1) Приема бюджета на фонд „Трудова злополука и професионална болест“ по приходите и трансферите на обща сума 429 327,6 хил. лв., както следва:",1.1.,Осигурителни вноски,"429 327,6"
14,5,2,"(2) Приема бюджета на фонд „Трудова злополука и професионална болест“ по разходите и трансферите на обща сума 100 872,7 хил. лв., както следва:",I.,РАЗХОДИ И ТРАНСФЕРИ – ВСИЧКО,"100 872,7"
14,5,2,"(2) Приема бюджета на фонд „Трудова злополука и професионална болест“ по разходите и трансферите на обща сума 100 872,7 хил. лв., както следва:",1.,Разходи,"96 522,7"
14,5,2,"(2) Приема бюджета на фонд „Трудова злополука и професионална болест“ по разходите и трансферите на обща сума 100 872,7 хил. лв., както следва:",1.1.,Пенсии,"80 034,4"
14,5,2,"(2) Приема бюджета на фонд „Трудова злополука и професионална болест“ по разходите и трансферите на обща сума 100 872,7 хил. лв., както следва:",1.1.1.,Пенсии за сметка на държавното обществено осигуряване,"80 034,4"
14,5,2,"(2) Приема бюджета на фонд „Трудова злополука и професионална болест“ по разходите и трансферите на обща сума 100 872,7 хил. лв., както следва:",1.2.,Социални помощи и обезщетения,"16 488,3"
14,5,2,"(2) Приема бюджета на фонд „Трудова злополука и професионална болест“ по разходите и трансферите на обща сума 100 872,7 хил. лв., както следва:",2.,Предоставени трансфери,"4 350,0"
14,5,2,"(2) Приема бюджета на фонд „Трудова злополука и професионална болест“ по разходите и трансферите на обща сума 100 872,7 хил. лв., както следва:",2.1.,"На Министерството на здравеопазването, съгласно чл. 24, т. 5 от Кодекса за социално осигуряване","350,0"
14,5,2,"(2) Приема бюджета на фонд „Трудова злополука и професионална болест“ по разходите и трансферите на обща сума 100 872,7 хил. лв., както следва:",2.2.,На Министерството на труда и социалната политика за фонд „Условия на труд“,"4 000,0"
14,5,2,"(2) Приема бюджета на фонд „Трудова злополука и професионална болест“ по разходите и трансферите на обща сума 100 872,7 хил. лв., както следва:",2.2.1.,"Мероприятия за предотвратяване на трудовите злополуки и професионалните болести, съгласно чл. 24, т. 3 от Кодекса за социално осигуряване","3 000,0"
14,5,2,"(2) Приема бюджета на фонд „Трудова злополука и професионална болест“ по разходите и трансферите на обща сума 100 872,7 хил. лв., както следва:",2.2.2.,"За диагностика на професионалните болести, съгласно чл. 24, т. 4 от Кодекса за социално осигуряване","1 000,0"
15,5,3,"(3) Приема дефицит (излишък) по бюджета на фонд „Трудова злополука и професионална болест“ , както следва:",,"ДЕФИЦИТ (-), ИЗЛИШЪК (+)","328 454,9"
16,6,1,"Чл. 6. (1) Приема бюджета на фонд „Общо заболяване и майчинство“ по приходите и трансферите на обща сума 2 322 374,5 хил. лв., както следва:",I.,ПРИХОДИ И ТРАНСФЕРИ – ВСИЧКО,"2 322 374,5"
16,6,1,"Чл. 6. (1) Приема бюджета на фонд „Общо заболяване и майчинство“ по приходите и трансферите на обща сума 2 322 374,5 хил. лв., както следва:",1.,Осигурителни приходи,"2 322 374,5"
16,6,1,"Чл. 6. (1) Приема бюджета на фонд „Общо заболяване и майчинство“ по приходите и трансферите на обща сума 2 322 374,5 хил. лв., както следва:",1.1.,Осигурителни вноски,"2 322 374,5"
17,6,2,"(2) Приема бюджета на фонд „Общо заболяване и майчинство“ по разходите и трансферите на обща сума 2 414 878,8 хил. лв., както следва:",I.,РАЗХОДИ И ТРАНСФЕРИ – ВСИЧКО,"2 414 878,8"
17,6,2,"(2) Приема бюджета на фонд „Общо заболяване и майчинство“ по разходите и трансферите на обща сума 2 414 878,8 хил. лв., както следва:",1.,Разходи,"2 412 078,8"
17,6,2,"(2) Приема бюджета на фонд „Общо заболяване и майчинство“ по разходите и трансферите на обща сума 2 414 878,8 хил. лв., както следва:",1.2.,Социални помощи и обезщетения,"2 412 078,8"
17,6,2,"(2) Приема бюджета на фонд „Общо заболяване и майчинство“ по разходите и трансферите на обща сума 2 414 878,8 хил. лв., както следва:",2.,Предоставени трансфери,"2 800,0"
17,6,2,"(2) Приема бюджета на фонд „Общо заболяване и майчинство“ по разходите и трансферите на обща сума 2 414 878,8 хил. лв., както следва:",2.1.,"На Министерството на здравеопазването, съгласно чл. 26, т. 4 от Кодекса за социално осигуряване","2 800,0"
18,6,3,"(3) Приема дефицит (излишък) по бюджета на фонд „Общо заболяване и майчинство“ , както следва:",,"ДЕФИЦИТ (-), ИЗЛИШЪК (+)","-92 504,3"
19,7,1,"Чл. 7. (1) Приема бюджета на фонд „Безработица“ по приходите и трансферите на обща сума 631 285,2 хил. лв., както следва:",I.,ПРИХОДИ И ТРАНСФЕРИ – ВСИЧКО,"631 285,2"
19,7,1,"Чл. 7. (1) Приема бюджета на фонд „Безработица“ по приходите и трансферите на обща сума 631 285,2 хил. лв., както следва:",1.,Осигурителни приходи,"630 885,2"
19,7,1,"Чл. 7. (1) Приема бюджета на фонд „Безработица“ по приходите и трансферите на обща сума 631 285,2 хил. лв., както следва:",1.1.,Осигурителни вноски,"630 885,2"
19,7,1,"Чл. 7. (1) Приема бюджета на фонд „Безработица“ по приходите и трансферите на обща сума 631 285,2 хил. лв., както следва:",4.,Получени трансфери от централния бюджет за държавното обществено осигуряване,"400,0"
20,7,2,"(2) Приема бюджета на фонд „Безработица“ по разходите и трансферите на обща сума 644 460,2 хил. лв., както следва:",I.,РАЗХОДИ И ТРАНСФЕРИ – ВСИЧКО,"644 460,2"
20,7,2,"(2) Приема бюджета на фонд „Безработица“ по разходите и трансферите на обща сума 644 460,2 хил. лв., както следва:",1.,Разходи,"644 460,2"
20,7,2,"(2) Приема бюджета на фонд „Безработица“ по разходите и трансферите на обща сума 644 460,2 хил. лв., както следва:",1.2.,Социални помощи и обезщетения,"644 460,2"
21,7,3,"(3) Приема дефицит (излишък) по бюджета на фонд „Безработица“ , както следва:",,"ДЕФИЦИТ (-), ИЗЛИШЪК (+)","-13 175,0"
22,8,1,"Чл. 8. (1) Приема бюджета на Националния осигурителен институт по приходите и трансферите на обща сума 11 805 219,3 хил. лв., както следва:",I.,ПРИХОДИ И ТРАНСФЕРИ – ВСИЧКО,"11 805 219,3"
22,8,1,"Чл. 8. (1) Приема бюджета на Националния осигурителен институт по приходите и трансферите на обща сума 11 805 219,3 хил. лв., както следва:",2.,Неданъчни приходи,"100 917,4"
22,8,1,"Чл. 8. (1) Приема бюджета на Националния осигурителен институт по приходите и трансферите на обща сума 11 805 219,3 хил. лв., както следва:",2.1.,Приходи и доходи от собственост,"7 982,0"
22,8,1,"Чл. 8. (1) Приема бюджета на Националния осигурителен институт по приходите и трансферите на обща сума 11 805 219,3 хил. лв., както следва:",2.2.,"Глоби, санкции и наказателни лихви","12 705,4"
22,8,1,"Чл. 8. (1) Приема бюджета на Националния осигурителен институт по приходите и трансферите на обща сума 11 805 219,3 хил. лв., както следва:",2.3.,Други приходи,"80 230,0"
22,8,1,"Чл. 8. (1) Приема бюджета на Националния осигурителен институт по приходите и трансферите на обща сума 11 805 219,3 хил. лв., както следва:",3.,Внесени ДДС и други данъци върху продажбите,"-1 377,0"
22,8,1,"Чл. 8. (1) Приема бюджета на Националния осигурителен институт по приходите и трансферите на обща сума 11 805 219,3 хил. лв., както следва:",5.,Получени допълнителни трансфери от централния/държавния бюджет за покриване на недостига от средства,"11 705 678,9"
23,8,2,"(2) Приема бюджета на Националния осигурителен институт по разходите и трансферите на обща сума 202 305,8 хил. лв., както следва:",I.,РАЗХОДИ И ТРАНСФЕРИ – ВСИЧКО,"202 305,8"
23,8,2,"(2) Приема бюджета на Националния осигурителен институт по разходите и трансферите на обща сума 202 305,8 хил. лв., както следва:",1.,Разходи,"202 055,8"
23,8,2,"(2) Приема бюджета на Националния осигурителен институт по разходите и трансферите на обща сума 202 305,8 хил. лв., както следва:",1.3.,"Програми, дейности и служби по социалното осигуряване, подпомагане и заетостта","201 809,8"
23,8,2,"(2) Приема бюджета на Националния осигурителен институт по разходите и трансферите на обща сума 202 305,8 хил. лв., както следва:",1.3.1.,Разходи за персонал,"141 181,2"
23,8,2,"(2) Приема бюджета на Националния осигурителен институт по разходите и трансферите на обща сума 202 305,8 хил. лв., както следва:",1.3.2.,Издръжка,"55 402,9"
23,8,2,"(2) Приема бюджета на Националния осигурителен институт по разходите и трансферите на обща сума 202 305,8 хил. лв., както следва:",1.3.3.,"Платени данъци, такси и административни санкции","600,0"
23,8,2,"(2) Приема бюджета на Националния осигурителен институт по разходите и трансферите на обща сума 202 305,8 хил. лв., както следва:",1.3.4.,Разходи за членски внос и участие в нетърговски организации и дейности,"131,1"
23,8,2,"(2) Приема бюджета на Националния осигурителен институт по разходите и трансферите на обща сума 202 305,8 хил. лв., както следва:",1.3.5.,Капиталови разходи,"4 494,6"
23,8,2,"(2) Приема бюджета на Националния осигурителен институт по разходите и трансферите на обща сума 202 305,8 хил. лв., както следва:",1.4.,Отбрана и сигурност,"246,0"
23,8,2,"(2) Приема бюджета на Националния осигурителен институт по разходите и трансферите на обща сума 202 305,8 хил. лв., както следва:",2.,Предоставени трансфери,"250,0"
23,8,2,"(2) Приема бюджета на Националния осигурителен институт по разходите и трансферите на обща сума 202 305,8 хил. лв., както следва:",2.3.,"На Министерството на транспорта и съобщенията, съгласно чл. 92, ал. 4 от Наредбата за пенсиите и осигурителния стаж","250,0"
24,8,3,"(3) Приема дефицит (излишък) по бюджета на Националния осигурителен институт , както следва:",,"ДЕФИЦИТ (-), ИЗЛИШЪК (+)","11 602 913,5"
25,Прил.1,,Минимален осигурителен доход по основни икономически дейности и квалификационни групи професии за периода от 1 януари до 31 март 2025 г.,Пореден номер,Машинни оператори и монтажници,"Професии, неизискващи специална квалификация"
25,Прил.1,,Минимален осигурителен доход по основни икономически дейности и квалификационни групи професии за периода от 1 януари до 31 март 2025 г.,,8,9
25,Прил.1,,Минимален осигурителен доход по основни икономически дейности и квалификационни групи професии за периода от 1 януари до 31 март 2025 г.,1,933,933
25,Прил.1,,Минимален осигурителен доход по основни икономически дейности и квалификационни групи професии за периода от 1 януари до 31 март 2025 г.,2,933,933
25,Прил.1,,Минимален осигурителен доход по основни икономически дейности и квалификационни групи професии за периода от 1 януари до 31 март 2025 г.,3,933,933
25,Прил.1,,Минимален осигурителен доход по основни икономически дейности и квалификационни групи професии за периода от 1 януари до 31 март 2025 г.,4,933,933
25,Прил.1,,Минимален осигурителен доход по основни икономически дейности и квалификационни групи професии за периода от 1 януари до 31 март 2025 г.,5,933,933
25,Прил.1,,Минимален осигурителен доход по основни икономически дейности и квалификационни групи професии за периода от 1 януари до 31 март 2025 г.,6,933,933
25,Прил.1,,Минимален осигурителен доход по основни икономически дейности и квалификационни групи професии за периода от 1 януари до 31 март 2025 г.,7,933,933
25,Прил.1,,Минимален осигурителен доход по основни икономически дейности и квалификационни групи професии за периода от 1 януари до 31 март 2025 г.,8,933,933
25,Прил.1,,Минимален осигурителен доход по основни икономически дейности и квалификационни групи професии за периода от 1 януари до 31 март 2025 г.,9,933,933
25,Прил.1,,Минимален осигурителен доход по основни икономически дейности и квалификационни групи професии за периода от 1 януари до 31 март 2025 г.,10,933,933
25,Прил.1,,Минимален осигурителен доход по основни икономически дейности и квалификационни групи професии за периода от 1 януари до 31 март 2025 г.,11,933,933
25,Прил.1,,Минимален осигурителен доход по основни икономически дейности и квалификационни групи професии за периода от 1 януари до 31 март 2025 г.,12,933,933
25,Прил.1,,Минимален осигурителен доход по основни икономически дейности и квалификационни групи професии за периода от 1 януари до 31 март 2025 г.,13,933,933
25,Прил.1,,Минимален осигурителен доход по основни икономически дейности и квалификационни групи професии за периода от 1 януари до 31 март 2025 г.,14,933,933
25,Прил.1,,Минимален осигурителен доход по основни икономически дейности и квалификационни групи професии за периода от 1 януари до 31 март 2025 г.,15,933,933
25,Прил.1,,Минимален осигурителен доход по основни икономически дейности и квалификационни групи професии за периода от 1 януари до 31 март 2025 г.,16,933,933
25,Прил.1,,Минимален осигурителен доход по основни икономически дейности и квалификационни групи професии за периода от 1 януари до 31 март 2025 г.,17,933,933
25,Прил.1,,Минимален осигурителен доход по основни икономически дейности и квалификационни групи професии за периода от 1 януари до 31 март 2025 г.,18,933,933
25,Прил.1,,Минимален осигурителен доход по основни икономически дейности и квалификационни групи професии за периода от 1 януари до 31 март 2025 г.,19,933,933
25,Прил.1,,Минимален осигурителен доход по основни икономически дейности и квалификационни групи професии за периода от 1 януари до 31 март 2025 г.,20,933,933
25,Прил.1,,Минимален осигурителен доход по основни икономически дейности и квалификационни групи професии за периода от 1 януари до 31 март 2025 г.,21,933,933
25,Прил.1,,Минимален осигурителен доход по основни икономически дейности и квалификационни групи професии за периода от 1 януари до 31 март 2025 г.,22,933,933
25,Прил.1,,Минимален осигурителен доход по основни икономически дейности и квалификационни групи професии за периода от 1 януари до 31 март 2025 г.,23,933,933
25,Прил.1,,Минимален осигурителен доход по основни икономически дейности и квалификационни групи професии за периода от 1 януари до 31 март 2025 г.,24,933,933
25,Прил.1,,Минимален осигурителен доход по основни икономически дейности и квалификационни групи професии за периода от 1 януари до 31 март 2025 г.,25,933,933
25,Прил.1,,Минимален осигурителен доход по основни икономически дейности и квалификационни групи професии за периода от 1 януари до 31 март 2025 г.,26,933,933
25,Прил.1,,Минимален осигурителен доход по основни икономически дейности и квалификационни групи професии за периода от 1 януари до 31 март 2025 г.,27,933,933
25,Прил.1,,Минимален осигурителен доход по основни икономически дейности и квалификационни групи професии за периода от 1 януари до 31 март 2025 г.,28,933,933
25,Прил.1,,Минимален осигурителен доход по основни икономически дейности и квалификационни групи професии за периода от 1 януари до 31 март 2025 г.,29,933,933
25,Прил.1,,Минимален осигурителен доход по основни икономически дейности и квалификационни групи професии за периода от 1 януари до 31 март 2025 г.,30,933,933
25,Прил.1,,Минимален осигурителен доход по основни икономически дейности и квалификационни групи професии за периода от 1 януари до 31 март 2025 г.,31,933,933
25,Прил.1,,Минимален осигурителен доход по основни икономически дейности и квалификационни групи професии за периода от 1 януари до 31 март 2025 г.,32,933,933
25,Прил.1,,Минимален осигурителен доход по основни икономически дейности и квалификационни групи професии за периода от 1 януари до 31 март 2025 г.,33,967,933
25,Прил.1,,Минимален осигурителен доход по основни икономически дейности и квалификационни групи професии за периода от 1 януари до 31 март 2025 г.,34,933,933
25,Прил.1,,Минимален осигурителен доход по основни икономически дейности и квалификационни групи професии за периода от 1 януари до 31 март 2025 г.,35,933,933
25,Прил.1,,Минимален осигурителен доход по основни икономически дейности и квалификационни групи професии за периода от 1 януари до 31 март 2025 г.,36,933,933
25,Прил.1,,Минимален осигурителен доход по основни икономически дейности и квалификационни групи професии за периода от 1 януари до 31 март 2025 г.,37,933,933
25,Прил.1,,Минимален осигурителен доход по основни икономически дейности и квалификационни групи професии за периода от 1 януари до 31 март 2025 г.,38,933,933
25,Прил.1,,Минимален осигурителен доход по основни икономически дейности и квалификационни групи професии за периода от 1 януари до 31 март 2025 г.,39,933,933
25,Прил.1,,Минимален осигурителен доход по основни икономически дейности и квалификационни групи професии за периода от 1 януари до 31 март 2025 г.,40,933,933
25,Прил.1,,Минимален осигурителен доход по основни икономически дейности и квалификационни групи професии за периода от 1 януари до 31 март 2025 г.,41,933,933
25,Прил.1,,Минимален осигурителен доход по основни икономически дейности и квалификационни групи професии за периода от 1 януари до 31 март 2025 г.,42,933,933
25,Прил.1,,Минимален осигурителен доход по основни икономически дейности и квалификационни групи професии за периода от 1 януари до 31 март 2025 г.,43,933,933
25,Прил.1,,Минимален осигурителен доход по основни икономически дейности и квалификационни групи професии за периода от 1 януари до 31 март 2025 г.,44,933,933
25,Прил.1,,Минимален осигурителен доход по основни икономически дейности и квалификационни групи професии за периода от 1 януари до 31 март 2025 г.,45,933,933
25,Прил.1,,Минимален осигурителен доход по основни икономически дейности и квалификационни групи професии за периода от 1 януари до 31 март 2025 г.,46,933,933
25,Прил.1,,Минимален осигурителен доход по основни икономически дейности и квалификационни групи професии за периода от 1 януари до 31 март 2025 г.,47,933,933
25,Прил.1,,Минимален осигурителен доход по основни икономически дейности и квалификационни групи професии за периода от 1 януари до 31 март 2025 г.,48,933,933
25,Прил.1,,Минимален осигурителен доход по основни икономически дейности и квалификационни групи професии за периода от 1 януари до 31 март 2025 г.,49,933,933
25,Прил.1,,Минимален осигурителен доход по основни икономически дейности и квалификационни групи професии за периода от 1 януари до 31 март 2025 г.,50,933,933
25,Прил.1,,Минимален осигурителен доход по основни икономически дейности и квалификационни групи професии за периода от 1 януари до 31 март 2025 г.,51,933,933
25,Прил.1,,Минимален осигурителен доход по основни икономически дейности и квалификационни групи професии за периода от 1 януари до 31 март 2025 г.,52,933,933
25,Прил.1,,Минимален осигурителен доход по основни икономически дейности и квалификационни групи професии за периода от 1 януари до 31 март 2025 г.,53,933,933
25,Прил.1,,Минимален осигурителен доход по основни икономически дейности и квалификационни групи професии за периода от 1 януари до 31 март 2025 г.,54,933,933
25,Прил.1,,Минимален осигурителен доход по основни икономически дейности и квалификационни групи професии за периода от 1 януари до 31 март 2025 г.,55,933,933
25,Прил.1,,Минимален осигурителен доход по основни икономически дейности и квалификационни групи професии за периода от 1 януари до 31 март 2025 г.,56,933,933
25,Прил.1,,Минимален осигурителен доход по основни икономически дейности и квалификационни групи професии за периода от 1 януари до 31 март 2025 г.,57,933,933
25,Прил.1,,Минимален осигурителен доход по основни икономически дейности и квалификационни групи професии за периода от 1 януари до 31 март 2025 г.,58,933,933
25,Прил.1,,Минимален осигурителен доход по основни икономически дейности и квалификационни групи професии за периода от 1 януари до 31 март 2025 г.,59,933,933
25,Прил.1,,Минимален осигурителен доход по основни икономически дейности и квалификационни групи професии за периода от 1 януари до 31 март 2025 г.,60,933,933
25,Прил.1,,Минимален осигурителен доход по основни икономически дейности и квалификационни групи професии за периода от 1 януари до 31 март 2025 г.,61,933,933
25,Прил.1,,Минимален осигурителен доход по основни икономически дейности и квалификационни групи професии за периода от 1 януари до 31 март 2025 г.,62,933,933
25,Прил.1,,Минимален осигурителен доход по основни икономически дейности и квалификационни групи професии за периода от 1 януари до 31 март 2025 г.,63,933,933
25,Прил.1,,Минимален осигурителен доход по основни икономически дейности и квалификационни групи професии за периода от 1 януари до 31 март 2025 г.,64,933,933
25,Прил.1,,Минимален осигурителен доход по основни икономически дейности и квалификационни групи професии за периода от 1 януари до 31 март 2025 г.,65,933,933
25,Прил.1,,Минимален осигурителен доход по основни икономически дейности и квалификационни групи професии за периода от 1 януари до 31 март 2025 г.,66,933,933
25,Прил.1,,Минимален осигурителен доход по основни икономически дейности и квалификационни групи професии за периода от 1 януари до 31 март 2025 г.,67,933,933
25,Прил.1,,Минимален осигурителен доход по основни икономически дейности и квалификационни групи професии за периода от 1 януари до 31 март 2025 г.,68,933,933
25,Прил.1,,Минимален осигурителен доход по основни икономически дейности и квалификационни групи професии за периода от 1 януари до 31 март 2025 г.,69,933,933
25,Прил.1,,Минимален осигурителен доход по основни икономически дейности и квалификационни групи професии за периода от 1 януари до 31 март 2025 г.,70,933,933
25,Прил.1,,Минимален осигурителен доход по основни икономически дейности и квалификационни групи професии за периода от 1 януари до 31 март 2025 г.,71,933,933
25,Прил.1,,Минимален осигурителен доход по основни икономически дейности и квалификационни групи професии за периода от 1 януари до 31 март 2025 г.,72,933,933
25,Прил.1,,Минимален осигурителен доход по основни икономически дейности и квалификационни групи професии за периода от 1 януари до 31 март 2025 г.,73,933,933
25,Прил.1,,Минимален осигурителен доход по основни икономически дейности и квалификационни групи професии за периода от 1 януари до 31 март 2025 г.,74,933,933
25,Прил.1,,Минимален осигурителен доход по основни икономически дейности и квалификационни групи професии за периода от 1 януари до 31 март 2025 г.,75,933,933
25,Прил.1,,Минимален осигурителен доход по основни икономически дейности и квалификационни групи професии за периода от 1 януари до 31 март 2025 г.,76,933,933
25,Прил.1,,Минимален осигурителен доход по основни икономически дейности и квалификационни групи професии за периода от 1 януари до 31 март 2025 г.,77,933,933
25,Прил.1,,Минимален осигурителен доход по основни икономически дейности и квалификационни групи професии за периода от 1 януари до 31 март 2025 г.,78,933,933
25,Прил.1,,Минимален осигурителен доход по основни икономически дейности и квалификационни групи професии за периода от 1 януари до 31 март 2025 г.,79,933,933
25,Прил.1,,Минимален осигурителен доход по основни икономически дейности и квалификационни групи професии за периода от 1 януари до 31 март 2025 г.,80,933,933
25,Прил.1,,Минимален осигурителен доход по основни икономически дейности и квалификационни групи професии за периода от 1 януари до 31 март 2025 г.,81,,
25,Прил.1,,Минимален осигурителен доход по основни икономически дейности и квалификационни групи професии за периода от 1 януари до 31 март 2025 г.,82,933,933
25,Прил.1,,Минимален осигурителен доход по основни икономически дейности и квалификационни групи професии за периода от 1 януари до 31 март 2025 г.,83,,
25,Прил.1,,Минимален осигурителен доход по основни икономически дейности и квалификационни групи професии за периода от 1 януари до 31 март 2025 г.,84,,
25,Прил.1,,Минимален осигурителен доход по основни икономически дейности и квалификационни групи професии за периода от 1 януари до 31 март 2025 г.,85,,
25,Прил.1,,Минимален осигурителен доход по основни икономически дейности и квалификационни групи професии за периода от 1 януари до 31 март 2025 г.,86,,
25,Прил.1,,Минимален осигурителен доход по основни икономически дейности и квалификационни групи професии за периода от 1 януари до 31 март 2025 г.,Забележки:,,
25,Прил.1,,Минимален осигурителен доход по основни икономически дейности и квалификационни групи професии за периода от 1 януари до 31 март 2025 г.,,"1. Минималният осигурителен доход за работниците и служителите, които съгласно условията на трудовия договор работят при непълно работно време или непълен месец, се определя пропорционално на законоустановеното работно време, съответно на пълния брой на работните дни през месеца.",
25,Прил.1,,Минимален осигурителен доход по основни икономически дейности и квалификационни групи професии за периода от 1 януари до 31 март 2025 г.,,"2. Минималният осигурителен доход за работниците и служителите, които работят в специализирани предприятия, трудово-лечебните бази и кооперациите на хората с увреждания, съгласно Закона за хората с увреждания, се определя в размер 50 на сто от минималния осигурителен доход за съответната икономическа дейност и квалификационна група професия.",
25,Прил.1,,Минимален осигурителен доход по основни икономически дейности и квалификационни групи професии за периода от 1 януари до 31 март 2025 г.,,3. Осигурителят определя основната икономическа дейност съобразно преобладаващия брой заети лица по трудови правоотношения. Определянето на групата професии се извършва по структурата на Националната класификация на професиите и длъжностите – приложение 2 към Заповед № РД01-931 от 27.12.2010 г. на министъра на труда и социалната политика.,
25,Прил.1,,Минимален осигурителен доход по основни икономически дейности и квалификационни групи професии за периода от 1 януари до 31 март 2025 г.,,"Когато осигурителят осъществява две или повече икономически дейности, основната му икономическа дейност се определя от дейността, в която са заети най-голям брой лица, работещи по трудово правоотношение. В този случай при определянето й не се вземат предвид работниците и служителите, които са общофункционално свързани с всички дейности на осигурителя. При равен брой работещи по трудови правоотношения в отделните дейности основната икономическа дейност на осигурителя се определя по негов избор.",
25,Прил.1,,Минимален осигурителен доход по основни икономически дейности и квалификационни групи професии за периода от 1 януари до 31 март 2025 г.,,"4. Минималният осигурителен доход не се прилага за общинските съветници, работниците и служителите в бюджетните предприятия по смисъла на § 1, т. 1 от допълнителната разпоредба на Закона за счетоводството и за избраните управител, контрольор, касиер и членовете на управителния и контролния съвет на етажната собственост по Закона за управление на етажната собственост, както и за учениците, включени в обучение чрез работа (дуална система на обучение).",
26,Прил.1,,Минимален осигурителен доход по основни икономически дейности и квалификационни групи професии за 2025 г. за периода от 1 април до 31 декември 2025 г.,Пореден номер,Машинни оператори и монтажници,"Професии, неизискващи специална квалификация"
26,Прил.1,,Минимален осигурителен доход по основни икономически дейности и квалификационни групи професии за 2025 г. за периода от 1 април до 31 декември 2025 г.,,8,9
26,Прил.1,,Минимален осигурителен доход по основни икономически дейности и квалификационни групи професии за 2025 г. за периода от 1 април до 31 декември 2025 г.,1,1077,1077
26,Прил.1,,Минимален осигурителен доход по основни икономически дейности и квалификационни групи професии за 2025 г. за периода от 1 април до 31 декември 2025 г.,2,1077,1077
26,Прил.1,,Минимален осигурителен доход по основни икономически дейности и квалификационни групи професии за 2025 г. за периода от 1 април до 31 декември 2025 г.,3,1077,1077
26,Прил.1,,Минимален осигурителен доход по основни икономически дейности и квалификационни групи професии за 2025 г. за периода от 1 април до 31 декември 2025 г.,4,1077,1077
26,Прил.1,,Минимален осигурителен доход по основни икономически дейности и квалификационни групи професии за 2025 г. за периода от 1 април до 31 декември 2025 г.,5,1077,1077
26,Прил.1,,Минимален осигурителен доход по основни икономически дейности и квалификационни групи професии за 2025 г. за периода от 1 април до 31 декември 2025 г.,6,1077,1077
26,Прил.1,,Минимален осигурителен доход по основни икономически дейности и квалификационни групи професии за 2025 г. за периода от 1 април до 31 декември 2025 г.,7,1077,1077
26,Прил.1,,Минимален осигурителен доход по основни икономически дейности и квалификационни групи професии за 2025 г. за периода от 1 април до 31 декември 2025 г.,8,1077,1077
26,Прил.1,,Минимален осигурителен доход по основни икономически дейности и квалификационни групи професии за 2025 г. за периода от 1 април до 31 декември 2025 г.,9,1077,1077
26,Прил.1,,Минимален осигурителен доход по основни икономически дейности и квалификационни групи професии за 2025 г. за периода от 1 април до 31 декември 2025 г.,10,1077,1077
26,Прил.1,,Минимален осигурителен доход по основни икономически дейности и квалификационни групи професии за 2025 г. за периода от 1 април до 31 декември 2025 г.,11,1077,1077
26,Прил.1,,Минимален осигурителен доход по основни икономически дейности и квалификационни групи професии за 2025 г. за периода от 1 април до 31 декември 2025 г.,12,1077,1077
26,Прил.1,,Минимален осигурителен доход по основни икономически дейности и квалификационни групи професии за 2025 г. за периода от 1 април до 31 декември 2025 г.,13,1077,1077
26,Прил.1,,Минимален осигурителен доход по основни икономически дейности и квалификационни групи професии за 2025 г. за периода от 1 април до 31 декември 2025 г.,14,1077,1077
26,Прил.1,,Минимален осигурителен доход по основни икономически дейности и квалификационни групи професии за 2025 г. за периода от 1 април до 31 декември 2025 г.,15,1077,1077
26,Прил.1,,Минимален осигурителен доход по основни икономически дейности и квалификационни групи професии за 2025 г. за периода от 1 април до 31 декември 2025 г.,16,1077,1077
26,Прил.1,,Минимален осигурителен доход по основни икономически дейности и квалификационни групи професии за 2025 г. за периода от 1 април до 31 декември 2025 г.,17,1077,1077
26,Прил.1,,Минимален осигурителен доход по основни икономически дейности и квалификационни групи професии за 2025 г. за периода от 1 април до 31 декември 2025 г.,18,1077,1077
26,Прил.1,,Минимален осигурителен доход по основни икономически дейности и квалификационни групи професии за 2025 г. за периода от 1 април до 31 декември 2025 г.,19,1077,1077
26,Прил.1,,Минимален осигурителен доход по основни икономически дейности и квалификационни групи професии за 2025 г. за периода от 1 април до 31 декември 2025 г.,20,1077,1077
26,Прил.1,,Минимален осигурителен доход по основни икономически дейности и квалификационни групи професии за 2025 г. за периода от 1 април до 31 декември 2025 г.,21,1077,1077
26,Прил.1,,Минимален осигурителен доход по основни икономически дейности и квалификационни групи професии за 2025 г. за периода от 1 април до 31 декември 2025 г.,22,1077,1077
26,Прил.1,,Минимален осигурителен доход по основни икономически дейности и квалификационни групи професии за 2025 г. за периода от 1 април до 31 декември 2025 г.,23,1077,1077
26,Прил.1,,Минимален осигурителен доход по основни икономически дейности и квалификационни групи професии за 2025 г. за периода от 1 април до 31 декември 2025 г.,24,1077,1077
26,Прил.1,,Минимален осигурителен доход по основни икономически дейности и квалификационни групи професии за 2025 г. за периода от 1 април до 31 декември 2025 г.,25,1077,1077
26,Прил.1,,Минимален осигурителен доход по основни икономически дейности и квалификационни групи професии за 2025 г. за периода от 1 април до 31 декември 2025 г.,26,1077,1077
26,Прил.1,,Минимален осигурителен доход по основни икономически дейности и квалификационни групи професии за 2025 г. за периода от 1 април до 31 декември 2025 г.,27,1077,1077
26,Прил.1,,Минимален осигурителен доход по основни икономически дейности и квалификационни групи професии за 2025 г. за периода от 1 април до 31 декември 2025 г.,28,1077,1077
26,Прил.1,,Минимален осигурителен доход по основни икономически дейности и квалификационни групи професии за 2025 г. за периода от 1 април до 31 декември 2025 г.,29,1077,1077
26,Прил.1,,Минимален осигурителен доход по основни икономически дейности и квалификационни групи професии за 2025 г. за периода от 1 април до 31 декември 2025 г.,30,1077,1077
26,Прил.1,,Минимален осигурителен доход по основни икономически дейности и квалификационни групи професии за 2025 г. за периода от 1 април до 31 декември 2025 г.,31,1077,1077
26,Прил.1,,Минимален осигурителен доход по основни икономически дейности и квалификационни групи професии за 2025 г. за периода от 1 април до 31 декември 2025 г.,32,1077,1077
26,Прил.1,,Минимален осигурителен доход по основни икономически дейности и квалификационни групи професии за 2025 г. за периода от 1 април до 31 декември 2025 г.,33,1077,1077
26,Прил.1,,Минимален осигурителен доход по основни икономически дейности и квалификационни групи професии за 2025 г. за периода от 1 април до 31 декември 2025 г.,34,1077,1077
26,Прил.1,,Минимален осигурителен доход по основни икономически дейности и квалификационни групи професии за 2025 г. за периода от 1 април до 31 декември 2025 г.,35,1077,1077
26,Прил.1,,Минимален осигурителен доход по основни икономически дейности и квалификационни групи професии за 2025 г. за периода от 1 април до 31 декември 2025 г.,36,1077,1077
26,Прил.1,,Минимален осигурителен доход по основни икономически дейности и квалификационни групи професии за 2025 г. за периода от 1 април до 31 декември 2025 г.,37,1077,1077
26,Прил.1,,Минимален осигурителен доход по основни икономически дейности и квалификационни групи професии за 2025 г. за периода от 1 април до 31 декември 2025 г.,38,1077,1077
26,Прил.1,,Минимален осигурителен доход по основни икономически дейности и квалификационни групи професии за 2025 г. за периода от 1 април до 31 декември 2025 г.,39,1077,1077
26,Прил.1,,Минимален осигурителен доход по основни икономически дейности и квалификационни групи професии за 2025 г. за периода от 1 април до 31 декември 2025 г.,40,1077,1077
26,Прил.1,,Минимален осигурителен доход по основни икономически дейности и квалификационни групи професии за 2025 г. за периода от 1 април до 31 декември 2025 г.,41,1077,1077
26,Прил.1,,Минимален осигурителен доход по основни икономически дейности и квалификационни групи професии за 2025 г. за периода от 1 април до 31 декември 2025 г.,42,1077,1077
26,Прил.1,,Минимален осигурителен доход по основни икономически дейности и квалификационни групи професии за 2025 г. за периода от 1 април до 31 декември 2025 г.,43,1077,1077
26,Прил.1,,Минимален осигурителен доход по основни икономически дейности и квалификационни групи професии за 2025 г. за периода от 1 април до 31 декември 2025 г.,44,1077,1077
26,Прил.1,,Минимален осигурителен доход по основни икономически дейности и квалификационни групи професии за 2025 г. за периода от 1 април до 31 декември 2025 г.,45,1077,1077
26,Прил.1,,Минимален осигурителен доход по основни икономически дейности и квалификационни групи професии за 2025 г. за периода от 1 април до 31 декември 2025 г.,46,1077,1077
26,Прил.1,,Минимален осигурителен доход по основни икономически дейности и квалификационни групи професии за 2025 г. за периода от 1 април до 31 декември 2025 г.,47,1077,1077
26,Прил.1,,Минимален осигурителен доход по основни икономически дейности и квалификационни групи професии за 2025 г. за периода от 1 април до 31 декември 2025 г.,48,1077,1077
26,Прил.1,,Минимален осигурителен доход по основни икономически дейности и квалификационни групи професии за 2025 г. за периода от 1 април до 31 декември 2025 г.,49,1077,1077
26,Прил.1,,Минимален осигурителен доход по основни икономически дейности и квалификационни групи професии за 2025 г. за периода от 1 април до 31 декември 2025 г.,50,1077,1077
26,Прил.1,,Минимален осигурителен доход по основни икономически дейности и квалификационни групи професии за 2025 г. за периода от 1 април до 31 декември 2025 г.,51,1077,1077
26,Прил.1,,Минимален осигурителен доход по основни икономически дейности и квалификационни групи професии за 2025 г. за периода от 1 април до 31 декември 2025 г.,52,1077,1077
26,Прил.1,,Минимален осигурителен доход по основни икономически дейности и квалификационни групи професии за 2025 г. за периода от 1 април до 31 декември 2025 г.,53,1077,1077
26,Прил.1,,Минимален осигурителен доход по основни икономически дейности и квалификационни групи професии за 2025 г. за периода от 1 април до 31 декември 2025 г.,54,1077,1077
26,Прил.1,,Минимален осигурителен доход по основни икономически дейности и квалификационни групи професии за 2025 г. за периода от 1 април до 31 декември 2025 г.,55,1077,1077
26,Прил.1,,Минимален осигурителен доход по основни икономически дейности и квалификационни групи професии за 2025 г. за периода от 1 април до 31 декември 2025 г.,56,1077,1077
26,Прил.1,,Минимален осигурителен доход по основни икономически дейности и квалификационни групи професии за 2025 г. за периода от 1 април до 31 декември 2025 г.,57,1077,1077
26,Прил.1,,Минимален осигурителен доход по основни икономически дейности и квалификационни групи професии за 2025 г. за периода от 1 април до 31 декември 2025 г.,58,1077,1077
26,Прил.1,,Минимален осигурителен доход по основни икономически дейности и квалификационни групи професии за 2025 г. за периода от 1 април до 31 декември 2025 г.,59,1077,1077
26,Прил.1,,Минимален осигурителен доход по основни икономически дейности и квалификационни групи професии за 2025 г. за периода от 1 април до 31 декември 2025 г.,60,1077,1077
26,Прил.1,,Минимален осигурителен доход по основни икономически дейности и квалификационни групи професии за 2025 г. за периода от 1 април до 31 декември 2025 г.,61,1077,1077
26,Прил.1,,Минимален осигурителен доход по основни икономически дейности и квалификационни групи професии за 2025 г. за периода от 1 април до 31 декември 2025 г.,62,1077,1077
26,Прил.1,,Минимален осигурителен доход по основни икономически дейности и квалификационни групи професии за 2025 г. за периода от 1 април до 31 декември 2025 г.,63,1077,1077
26,Прил.1,,Минимален осигурителен доход по основни икономически дейности и квалификационни групи професии за 2025 г. за периода от 1 април до 31 декември 2025 г.,64,1077,1077
26,Прил.1,,Минимален осигурителен доход по основни икономически дейности и квалификационни групи професии за 2025 г. за периода от 1 април до 31 декември 2025 г.,65,1077,1077
26,Прил.1,,Минимален осигурителен доход по основни икономически дейности и квалификационни групи професии за 2025 г. за периода от 1 април до 31 декември 2025 г.,66,1077,1077
26,Прил.1,,Минимален осигурителен доход по основни икономически дейности и квалификационни групи професии за 2025 г. за периода от 1 април до 31 декември 2025 г.,67,1077,1077
26,Прил.1,,Минимален осигурителен доход по основни икономически дейности и квалификационни групи професии за 2025 г. за периода от 1 април до 31 декември 2025 г.,68,1077,1077
26,Прил.1,,Минимален осигурителен доход по основни икономически дейности и квалификационни групи професии за 2025 г. за периода от 1 април до 31 декември 2025 г.,69,1077,1077
26,Прил.1,,Минимален осигурителен доход по основни икономически дейности и квалификационни групи професии за 2025 г. за периода от 1 април до 31 декември 2025 г.,70,1077,1077
26,Прил.1,,Минимален осигурителен доход по основни икономически дейности и квалификационни групи професии за 2025 г. за периода от 1 април до 31 декември 2025 г.,71,1077,1077
26,Прил.1,,Минимален осигурителен доход по основни икономически дейности и квалификационни групи професии за 2025 г. за периода от 1 април до 31 декември 2025 г.,72,1077,1077
26,Прил.1,,Минимален осигурителен доход по основни икономически дейности и квалификационни групи професии за 2025 г. за периода от 1 април до 31 декември 2025 г.,73,1077,1077
26,Прил.1,,Минимален осигурителен доход по основни икономически дейности и квалификационни групи професии за 2025 г. за периода от 1 април до 31 декември 2025 г.,74,1077,1077
26,Прил.1,,Минимален осигурителен доход по основни икономически дейности и квалификационни групи професии за 2025 г. за периода от 1 април до 31 декември 2025 г.,75,1077,1077
26,Прил.1,,Минимален осигурителен доход по основни икономически дейности и квалификационни групи професии за 2025 г. за периода от 1 април до 31 декември 2025 г.,76,1077,1077
26,Прил.1,,Минимален осигурителен доход по основни икономически дейности и квалификационни групи професии за 2025 г. за периода от 1 април до 31 декември 2025 г.,77,1077,1077
26,Прил.1,,Минимален осигурителен доход по основни икономически дейности и квалификационни групи професии за 2025 г. за периода от 1 април до 31 декември 2025 г.,78,1077,1077
26,Прил.1,,Минимален осигурителен доход по основни икономически дейности и квалификационни групи професии за 2025 г. за периода от 1 април до 31 декември 2025 г.,79,1077,1077
26,Прил.1,,Минимален осигурителен доход по основни икономически дейности и квалификационни групи професии за 2025 г. за периода от 1 април до 31 декември 2025 г.,80,1077,1077
26,Прил.1,,Минимален осигурителен доход по основни икономически дейности и квалификационни групи професии за 2025 г. за периода от 1 април до 31 декември 2025 г.,81,,
26,Прил.1,,Минимален осигурителен доход по основни икономически дейности и квалификационни групи професии за 2025 г. за периода от 1 април до 31 декември 2025 г.,82,1077,1077
26,Прил.1,,Минимален осигурителен доход по основни икономически дейности и квалификационни групи професии за 2025 г. за периода от 1 април до 31 декември 2025 г.,83,1077,1077
26,Прил.1,,Минимален осигурителен доход по основни икономически дейности и квалификационни групи професии за 2025 г. за периода от 1 април до 31 декември 2025 г.,84,,
26,Прил.1,,Минимален осигурителен доход по основни икономически дейности и квалификационни групи професии за 2025 г. за периода от 1 април до 31 декември 2025 г.,85,,
26,Прил.1,,Минимален осигурителен доход по основни икономически дейности и квалификационни групи професии за 2025 г. за периода от 1 април до 31 декември 2025 г.,86,,
26,Прил.1,,Минимален осигурителен доход по основни икономически дейности и квалификационни групи професии за 2025 г. за периода от 1 април до 31 декември 2025 г.,,Забележки:,
26,Прил.1,,Минимален осигурителен доход по основни икономически дейности и квалификационни групи професии за 2025 г. за периода от 1 април до 31 декември 2025 г.,,"1. Минималният осигурителен доход за работниците и служителите, които съгласно условията на трудовия договор работят при непълно работно време или непълен месец, се определя пропорционално на законоустановеното работно време, съответно на пълния брой на работните дни през месеца.",
26,Прил.1,,Минимален осигурителен доход по основни икономически дейности и квалификационни групи професии за 2025 г. за периода от 1 април до 31 декември 2025 г.,,"2. Минималният осигурителен доход за работниците и служителите, които работят в специализирани предприятия, трудово-лечебните бази и кооперациите на хората с увреждания, съгласно Закона за хората с увреждания, се определя в размер 50 на сто от минималния осигурителен доход за съответната икономическа дейност и квалификационна група професия.",
26,Прил.1,,Минимален осигурителен доход по основни икономически дейности и квалификационни групи професии за 2025 г. за периода от 1 април до 31 декември 2025 г.,,3. Осигурителят определя основната икономическа дейност съобразно преобладаващия брой заети лица по трудови правоотношения. Определянето на групата професии се извършва по структурата на Националната класификация на професиите и длъжностите – Приложение 2 към Заповед № РД01-931 от 27.12.2010 г. на министъра на труда и социалната политика и последващите й изменения.,
26,Прил.1,,Минимален осигурителен доход по основни икономически дейности и квалификационни групи професии за 2025 г. за периода от 1 април до 31 декември 2025 г.,,"Когато осигурителят осъществява две или повече икономически дейности, основната му икономическа дейност се определя от дейността, в която са заети най-голям брой лица, работещи по трудово правоотношение. В този случай при определянето й не се вземат предвид работниците и служителите, които са общофункционално свързани с всички дейности на осигурителя. При равен брой работещи по трудови правоотношения в отделните дейности основната икономическа дейност на осигурителя се определя по негов избор.",
26,Прил.1,,Минимален осигурителен доход по основни икономически дейности и квалификационни групи професии за 2025 г. за периода от 1 април до 31 декември 2025 г.,,"4. Минималният осигурителен доход не се прилага за общинските съветници, работниците и служителите в бюджетните предприятия по смисъла на § 1, т. 1 от допълнителната разпоредба на Закона за счетоводството и за избраните управител, контрольор, касиер и членовете на управителния и контролния съвет на етажната собственост по Закона за управление на етажната собственост, както и за учениците, включени в обучение чрез работа (дуална система на обучение).",
27,Прил.2,,Диференцирани осигурителни вноски за фонд „Трудова злополука и професионална болест“ за периода от 1 януари до 31 март 2025 г.,Код по КИД-2008,Наименование на икономическа дейност по КИД-2008,Осигурителна вноска (%)
27,Прил.2,,Диференцирани осигурителни вноски за фонд „Трудова злополука и професионална болест“ за периода от 1 януари до 31 март 2025 г.,1,2,3
27,Прил.2,,Диференцирани осигурителни вноски за фонд „Трудова злополука и професионална болест“ за периода от 1 януари до 31 март 2025 г.,02,Горско стопанство,"1,1"
27,Прил.2,,Диференцирани осигурителни вноски за фонд „Трудова злополука и професионална болест“ за периода от 1 януари до 31 март 2025 г.,05,Добив на въглища,"1,1"
27,Прил.2,,Диференцирани осигурителни вноски за фонд „Трудова злополука и професионална болест“ за периода от 1 януари до 31 март 2025 г.,07,Добив на метални руди,"1,1"
27,Прил.2,,Диференцирани осигурителни вноски за фонд „Трудова злополука и професионална болест“ за периода от 1 януари до 31 март 2025 г.,08,Добив на неметални материали и суровини,"1,1"
27,Прил.2,,Диференцирани осигурителни вноски за фонд „Трудова злополука и професионална болест“ за периода от 1 януари до 31 март 2025 г.,09,Спомагателни дейности в добива,"1,1"
27,Прил.2,,Диференцирани осигурителни вноски за фонд „Трудова злополука и професионална болест“ за периода от 1 януари до 31 март 2025 г.,12,Производство на тютюневи изделия,"1,1"
27,Прил.2,,Диференцирани осигурителни вноски за фонд „Трудова злополука и професионална болест“ за периода от 1 януари до 31 март 2025 г.,13,"Производство на текстил и изделия от текстил, без облекло","1,1"
27,Прил.2,,Диференцирани осигурителни вноски за фонд „Трудова злополука и професионална болест“ за периода от 1 януари до 31 март 2025 г.,16,"Производство на дървен материал и изделия от дървен материал и корк, без мебели; производство на изделия от слама и материали за плетене","1,1"
27,Прил.2,,Диференцирани осигурителни вноски за фонд „Трудова злополука и професионална болест“ за периода от 1 януари до 31 март 2025 г.,17,"Производство на хартия, картон и изделия от хартия и картон","1,1"
27,Прил.2,,Диференцирани осигурителни вноски за фонд „Трудова злополука и професионална болест“ за периода от 1 януари до 31 март 2025 г.,20,Производство на химични продукти,"1,1"
27,Прил.2,,Диференцирани осигурителни вноски за фонд „Трудова злополука и професионална болест“ за периода от 1 януари до 31 март 2025 г.,23,Производство на изделия от други неметални минерални суровини,"1,1"
27,Прил.2,,Диференцирани осигурителни вноски за фонд „Трудова злополука и професионална болест“ за периода от 1 януари до 31 март 2025 г.,24,Производство на основни метали,"1,1"
27,Прил.2,,Диференцирани осигурителни вноски за фонд „Трудова злополука и професионална болест“ за периода от 1 януари до 31 март 2025 г.,25,"Производство на метални изделия, без машини и оборудване","1,1"
27,Прил.2,,Диференцирани осигурителни вноски за фонд „Трудова злополука и професионална болест“ за периода от 1 януари до 31 март 2025 г.,30,"Производство на превозни средства, без автомобили","1,1"
27,Прил.2,,Диференцирани осигурителни вноски за фонд „Трудова злополука и професионална болест“ за периода от 1 януари до 31 март 2025 г.,31,Производство на мебели,"1,1"
27,Прил.2,,Диференцирани осигурителни вноски за фонд „Трудова злополука и професионална болест“ за периода от 1 януари до 31 март 2025 г.,33,Ремонт и инсталиране на машини и оборудване,"1,1"
27,Прил.2,,Диференцирани осигурителни вноски за фонд „Трудова злополука и професионална болест“ за периода от 1 януари до 31 март 2025 г.,38,Събиране и обезвреждане на отпадъци; рециклиране на материали,"1,1"
27,Прил.2,,Диференцирани осигурителни вноски за фонд „Трудова злополука и професионална болест“ за периода от 1 януари до 31 март 2025 г.,41,Строителство на сгради,"1,1"
27,Прил.2,,Диференцирани осигурителни вноски за фонд „Трудова злополука и професионална болест“ за периода от 1 януари до 31 март 2025 г.,42,Строителство на съоръжения,"1,1"
27,Прил.2,,Диференцирани осигурителни вноски за фонд „Трудова злополука и професионална болест“ за периода от 1 януари до 31 март 2025 г.,43,Специализирани строителни дейности,"1,1"
27,Прил.2,,Диференцирани осигурителни вноски за фонд „Трудова злополука и професионална болест“ за периода от 1 януари до 31 март 2025 г.,49,Сухопътен транспорт,"1,1"
27,Прил.2,,Диференцирани осигурителни вноски за фонд „Трудова злополука и професионална болест“ за периода от 1 януари до 31 март 2025 г.,50,Воден транспорт,"1,1"
27,Прил.2,,Диференцирани осигурителни вноски за фонд „Трудова злополука и професионална болест“ за периода от 1 януари до 31 март 2025 г.,52,Складиране на товари и спомагателни дейности в транспорта,"1,1"
27,Прил.2,,Диференцирани осигурителни вноски за фонд „Трудова злополука и професионална болест“ за периода от 1 януари до 31 март 2025 г.,68,Операции с недвижими имоти,"1,1"
27,Прил.2,,Диференцирани осигурителни вноски за фонд „Трудова злополука и професионална болест“ за периода от 1 януари до 31 март 2025 г.,77,Даване под наем и оперативен лизинг,"1,1"
27,Прил.2,,Диференцирани осигурителни вноски за фонд „Трудова злополука и професионална болест“ за периода от 1 януари до 31 март 2025 г.,01,"Растениевъдство, животновъдство и лов; спомагателни дейности","0,9"
27,Прил.2,,Диференцирани осигурителни вноски за фонд „Трудова злополука и професионална болест“ за периода от 1 януари до 31 март 2025 г.,21,Производство на лекарствени вещества и продукти,"0,9"
27,Прил.2,,Диференцирани осигурителни вноски за фонд „Трудова злополука и професионална болест“ за периода от 1 януари до 31 март 2025 г.,22,Производство на изделия от каучук и пластмаси,"0,9"
27,Прил.2,,Диференцирани осигурителни вноски за фонд „Трудова злополука и професионална болест“ за периода от 1 януари до 31 март 2025 г.,28,"Производство на машини и оборудване, с общо и специално предназначение","0,9"
27,Прил.2,,Диференцирани осигурителни вноски за фонд „Трудова злополука и професионална болест“ за периода от 1 януари до 31 март 2025 г.,35,Производство и разпределение на електрическа и топлинна енергия и на газообразни горива,"0,9"
27,Прил.2,,Диференцирани осигурителни вноски за фонд „Трудова злополука и професионална болест“ за периода от 1 януари до 31 март 2025 г.,36,"Събиране, пречистване и доставяне на води","0,9"
27,Прил.2,,Диференцирани осигурителни вноски за фонд „Трудова злополука и професионална болест“ за периода от 1 януари до 31 март 2025 г.,37,"Събиране, отвеждане и пречистване на отпадъчни води","0,9"
27,Прил.2,,Диференцирани осигурителни вноски за фонд „Трудова злополука и професионална болест“ за периода от 1 януари до 31 март 2025 г.,39,Възстановяване и други услуги по управление на отпадъци,"0,9"
27,Прил.2,,Диференцирани осигурителни вноски за фонд „Трудова злополука и професионална болест“ за периода от 1 януари до 31 март 2025 г.,81,Дейности по обслужване на сгради и озеленяване,"0,9"
27,Прил.2,,Диференцирани осигурителни вноски за фонд „Трудова злополука и професионална болест“ за периода от 1 януари до 31 март 2025 г.,06,Добив на нефт и природен газ,"0,7"
27,Прил.2,,Диференцирани осигурителни вноски за фонд „Трудова злополука и професионална болест“ за периода от 1 януари до 31 март 2025 г.,10,Производство на хранителни продукти,"0,7"
27,Прил.2,,Диференцирани осигурителни вноски за фонд „Трудова злополука и професионална болест“ за периода от 1 януари до 31 март 2025 г.,11,Производство на напитки,"0,7"
27,Прил.2,,Диференцирани осигурителни вноски за фонд „Трудова злополука и професионална болест“ за периода от 1 януари до 31 март 2025 г.,19,Производство на кокс и рафинирани нефтопродукти,"0,7"
27,Прил.2,,Диференцирани осигурителни вноски за фонд „Трудова злополука и професионална болест“ за периода от 1 януари до 31 март 2025 г.,27,Производство на електрически съоръжения,"0,7"
27,Прил.2,,Диференцирани осигурителни вноски за фонд „Трудова злополука и професионална болест“ за периода от 1 януари до 31 март 2025 г.,32,"Производство, некласифицирано другаде","0,7"
27,Прил.2,,Диференцирани осигурителни вноски за фонд „Трудова злополука и професионална болест“ за периода от 1 януари до 31 март 2025 г.,46,"Търговия на едро, без търговията с автомобили и мотоциклети","0,7"
27,Прил.2,,Диференцирани осигурителни вноски за фонд „Трудова злополука и професионална болест“ за периода от 1 януари до 31 март 2025 г.,51,Въздушен транспорт,"0,7"
27,Прил.2,,Диференцирани осигурителни вноски за фонд „Трудова злополука и професионална болест“ за периода от 1 януари до 31 март 2025 г.,53,Пощенски и куриерски дейности,"0,7"
27,Прил.2,,Диференцирани осигурителни вноски за фонд „Трудова злополука и професионална болест“ за периода от 1 януари до 31 март 2025 г.,61,Далекосъобщения,"0,7"
27,Прил.2,,Диференцирани осигурителни вноски за фонд „Трудова злополука и професионална болест“ за периода от 1 януари до 31 март 2025 г.,71,Архитектурни и инженерни дейности; технически изпитвания и анализи,"0,7"
27,Прил.2,,Диференцирани осигурителни вноски за фонд „Трудова злополука и професионална болест“ за периода от 1 януари до 31 март 2025 г.,80,Дейности по охрана и разследване,"0,7"
27,Прил.2,,Диференцирани осигурителни вноски за фонд „Трудова злополука и професионална болест“ за периода от 1 януари до 31 март 2025 г.,84,Държавно управление,"0,7"
27,Прил.2,,Диференцирани осигурителни вноски за фонд „Трудова злополука и професионална болест“ за периода от 1 януари до 31 март 2025 г.,90,Артистична и творческа дейност,"0,7"
27,Прил.2,,Диференцирани осигурителни вноски за фонд „Трудова злополука и професионална болест“ за периода от 1 януари до 31 март 2025 г.,14,Производство на облекло,"0,5"
27,Прил.2,,Диференцирани осигурителни вноски за фонд „Трудова злополука и професионална болест“ за периода от 1 януари до 31 март 2025 г.,15,Обработка на кожи; производство на обувки и други изделия от обработени кожи без косъм,"0,5"
27,Прил.2,,Диференцирани осигурителни вноски за фонд „Трудова злополука и професионална болест“ за периода от 1 януари до 31 март 2025 г.,18,Печатна дейност и възпроизвеждане на записани носители,"0,5"
27,Прил.2,,Диференцирани осигурителни вноски за фонд „Трудова злополука и професионална болест“ за периода от 1 януари до 31 март 2025 г.,26,"Производство на компютърна и комуникационна техника, електронни и оптични продукти","0,5"
27,Прил.2,,Диференцирани осигурителни вноски за фонд „Трудова злополука и професионална болест“ за периода от 1 януари до 31 март 2025 г.,45,"Търговия на едро и дребно с автомобили и мотоциклети, техническо обслужване и ремонт","0,5"
27,Прил.2,,Диференцирани осигурителни вноски за фонд „Трудова злополука и професионална болест“ за периода от 1 януари до 31 март 2025 г.,47,"Търговия на дребно, без търговията с автомобили и мотоциклети","0,5"
27,Прил.2,,Диференцирани осигурителни вноски за фонд „Трудова злополука и професионална болест“ за периода от 1 януари до 31 март 2025 г.,56,Ресторантьорство,"0,5"
27,Прил.2,,Диференцирани осигурителни вноски за фонд „Трудова злополука и професионална болест“ за периода от 1 януари до 31 март 2025 г.,60,Радио- и телевизионна дейност,"0,5"
27,Прил.2,,Диференцирани осигурителни вноски за фонд „Трудова злополука и професионална болест“ за периода от 1 януари до 31 март 2025 г.,70,Дейност на централни офиси; консултантски дейности в областта на управлението,"0,5"
27,Прил.2,,Диференцирани осигурителни вноски за фонд „Трудова злополука и професионална болест“ за периода от 1 януари до 31 март 2025 г.,72,Научноизследователска и развойна дейност,"0,5"
27,Прил.2,,Диференцирани осигурителни вноски за фонд „Трудова злополука и професионална болест“ за периода от 1 януари до 31 март 2025 г.,74,Други професионални дейности,"0,5"
27,Прил.2,,Диференцирани осигурителни вноски за фонд „Трудова злополука и професионална болест“ за периода от 1 януари до 31 март 2025 г.,78,Дейности по наемане и предоставяне на работна сила,"0,5"
27,Прил.2,,Диференцирани осигурителни вноски за фонд „Трудова злополука и професионална болест“ за периода от 1 януари до 31 март 2025 г.,79,"Туристическа агентска и операторска дейност; други дейности, свързани с пътувания и резервации","0,5"
27,Прил.2,,Диференцирани осигурителни вноски за фонд „Трудова злополука и професионална болест“ за периода от 1 януари до 31 март 2025 г.,82,Административни офис дейности и друго спомагателно обслужване на стопанската дейност,"0,5"
27,Прил.2,,Диференцирани осигурителни вноски за фонд „Трудова злополука и професионална болест“ за периода от 1 януари до 31 март 2025 г.,85,Образование,"0,5"
27,Прил.2,,Диференцирани осигурителни вноски за фонд „Трудова злополука и професионална болест“ за периода от 1 януари до 31 март 2025 г.,86,Хуманно здравеопазване,"0,5"
27,Прил.2,,Диференцирани осигурителни вноски за фонд „Трудова злополука и професионална болест“ за периода от 1 януари до 31 март 2025 г.,87,Медико-социални грижи с настаняване,"0,5"
27,Прил.2,,Диференцирани осигурителни вноски за фонд „Трудова злополука и професионална болест“ за периода от 1 януари до 31 март 2025 г.,88,Социална работа без настаняване,"0,5"
27,Прил.2,,Диференцирани осигурителни вноски за фонд „Трудова злополука и професионална болест“ за периода от 1 януари до 31 март 2025 г.,91,Други дейности в областта на културата,"0,5"
27,Прил.2,,Диференцирани осигурителни вноски за фонд „Трудова злополука и професионална болест“ за периода от 1 януари до 31 март 2025 г.,92,Организиране на хазартни игри,"0,5"
27,Прил.2,,Диференцирани осигурителни вноски за фонд „Трудова злополука и професионална болест“ за периода от 1 януари до 31 март 2025 г.,93,"Спортни и други дейности, свързани с развлечения и отдих","0,5"
27,Прил.2,,Диференцирани осигурителни вноски за фонд „Трудова злополука и професионална болест“ за периода от 1 януари до 31 март 2025 г.,95,"Ремонт на компютърна техника, на лични и домакински вещи","0,5"
27,Прил.2,,Диференцирани осигурителни вноски за фонд „Трудова злополука и професионална болест“ за периода от 1 януари до 31 март 2025 г.,99,Дейности на екстериториални организации и служби,"0,5"
27,Прил.2,,Диференцирани осигурителни вноски за фонд „Трудова злополука и професионална болест“ за периода от 1 януари до 31 март 2025 г.,03,Рибно стопанство,"0,4"
27,Прил.2,,Диференцирани осигурителни вноски за фонд „Трудова злополука и професионална болест“ за периода от 1 януари до 31 март 2025 г.,29,"Производство на автомобили, ремаркета и полуремаркета","0,4"
27,Прил.2,,Диференцирани осигурителни вноски за фонд „Трудова злополука и професионална болест“ за периода от 1 януари до 31 март 2025 г.,55,Хотелиерство,"0,4"
27,Прил.2,,Диференцирани осигурителни вноски за фонд „Трудова злополука и професионална болест“ за периода от 1 януари до 31 март 2025 г.,58,Издателска дейност,"0,4"
27,Прил.2,,Диференцирани осигурителни вноски за фонд „Трудова злополука и професионална болест“ за периода от 1 януари до 31 март 2025 г.,59,"Производство на филми и телевизионни предавания, звукозаписване и издаване на музика","0,4"
27,Прил.2,,Диференцирани осигурителни вноски за фонд „Трудова злополука и професионална болест“ за периода от 1 януари до 31 март 2025 г.,62,Дейности в областта на информационните технологии,"0,4"
27,Прил.2,,Диференцирани осигурителни вноски за фонд „Трудова злополука и професионална болест“ за периода от 1 януари до 31 март 2025 г.,63,Информационни услуги,"0,4"
27,Прил.2,,Диференцирани осигурителни вноски за фонд „Трудова злополука и професионална болест“ за периода от 1 януари до 31 март 2025 г.,64,"Предоставяне на финансови услуги, без застраховане и допълнително пенсионно осигуряване","0,4"
27,Прил.2,,Диференцирани осигурителни вноски за фонд „Трудова злополука и професионална болест“ за периода от 1 януари до 31 март 2025 г.,65,"Застраховане, презастраховане и допълнително пенсионно осигуряване","0,4"
27,Прил.2,,Диференцирани осигурителни вноски за фонд „Трудова злополука и професионална болест“ за периода от 1 януари до 31 март 2025 г.,66,Спомагателни дейности във финансовите услуги и застраховането,"0,4"
27,Прил.2,,Диференцирани осигурителни вноски за фонд „Трудова злополука и професионална болест“ за периода от 1 януари до 31 март 2025 г.,69,Юридически и счетоводни дейности,"0,4"
27,Прил.2,,Диференцирани осигурителни вноски за фонд „Трудова злополука и професионална болест“ за периода от 1 януари до 31 март 2025 г.,73,Рекламна дейност и проучване на пазари,"0,4"
27,Прил.2,,Диференцирани осигурителни вноски за фонд „Трудова злополука и професионална болест“ за периода от 1 януари до 31 март 2025 г.,75,Ветеринарномедицинска дейност,"0,4"
27,Прил.2,,Диференцирани осигурителни вноски за фонд „Трудова злополука и професионална болест“ за периода от 1 януари до 31 март 2025 г.,94,Дейности на организации с нестопанска цел,"0,4"
27,Прил.2,,Диференцирани осигурителни вноски за фонд „Трудова злополука и професионална болест“ за периода от 1 януари до 31 март 2025 г.,96,Други персонални услуги,"0,4"
27,Прил.2,,Диференцирани осигурителни вноски за фонд „Трудова злополука и професионална болест“ за периода от 1 януари до 31 март 2025 г.,97,Дейности на домакинства като работодатели на домашен персонал,"0,4"
27,Прил.2,,Диференцирани осигурителни вноски за фонд „Трудова злополука и професионална болест“ за периода от 1 януари до 31 март 2025 г.,98,Недиференцирани дейности на домакинства по производство на стоки и услуги за собствено потребление,"0,4"
28,Прил.2,,Диференцирани осигурителни вноски за фонд „Трудова злополука и професионална болест“ за периода от 1 април до 31 декември 2025 г.,Код по КИД-2025,Наименование на икономическа дейност по КИД-2025,Осигурителна вноска (%)
28,Прил.2,,Диференцирани осигурителни вноски за фонд „Трудова злополука и професионална болест“ за периода от 1 април до 31 декември 2025 г.,1,2,3
28,Прил.2,,Диференцирани осигурителни вноски за фонд „Трудова злополука и професионална болест“ за периода от 1 април до 31 декември 2025 г.,02,Горско стопанство и дърводобив,"1,1"
28,Прил.2,,Диференцирани осигурителни вноски за фонд „Трудова злополука и професионална болест“ за периода от 1 април до 31 декември 2025 г.,05,Добив на въглища,"1,1"
28,Прил.2,,Диференцирани осигурителни вноски за фонд „Трудова злополука и професионална болест“ за периода от 1 април до 31 декември 2025 г.,07,Добив на метални руди,"1,1"
28,Прил.2,,Диференцирани осигурителни вноски за фонд „Трудова злополука и професионална болест“ за периода от 1 април до 31 декември 2025 г.,08,Добив на неметални материали и суровини,"1,1"
28,Прил.2,,Диференцирани осигурителни вноски за фонд „Трудова злополука и професионална болест“ за периода от 1 април до 31 декември 2025 г.,09,Спомагателни дейности в добива,"1,1"
28,Прил.2,,Диференцирани осигурителни вноски за фонд „Трудова злополука и професионална болест“ за периода от 1 април до 31 декември 2025 г.,12,Производство на тютюневи изделия,"1,1"
28,Прил.2,,Диференцирани осигурителни вноски за фонд „Трудова злополука и професионална болест“ за периода от 1 април до 31 декември 2025 г.,13,"Производство на текстил и изделия от текстил, без облекло","1,1"
28,Прил.2,,Диференцирани осигурителни вноски за фонд „Трудова злополука и професионална болест“ за периода от 1 април до 31 декември 2025 г.,16,"Производство на дървен материал и изделия от дървен материал и корк, без мебели; производство на изделия от слама и материали за плетене","1,1"
28,Прил.2,,Диференцирани осигурителни вноски за фонд „Трудова злополука и професионална болест“ за периода от 1 април до 31 декември 2025 г.,17,"Производство на хартия, картон и изделия от хартия и картон","1,1"
28,Прил.2,,Диференцирани осигурителни вноски за фонд „Трудова злополука и професионална болест“ за периода от 1 април до 31 декември 2025 г.,20,Производство на химични продукти,"1,1"
28,Прил.2,,Диференцирани осигурителни вноски за фонд „Трудова злополука и професионална болест“ за периода от 1 април до 31 декември 2025 г.,22,Производство на изделия от каучук и пластмаси,"1,1"
28,Прил.2,,Диференцирани осигурителни вноски за фонд „Трудова злополука и професионална болест“ за периода от 1 април до 31 декември 2025 г.,23,Производство на изделия от други неметални минерални суровини,"1,1"
28,Прил.2,,Диференцирани осигурителни вноски за фонд „Трудова злополука и професионална болест“ за периода от 1 април до 31 декември 2025 г.,24,Производство на основни метали,"1,1"
28,Прил.2,,Диференцирани осигурителни вноски за фонд „Трудова злополука и професионална болест“ за периода от 1 април до 31 декември 2025 г.,25,"Производство на метални изделия, без машини и оборудване","1,1"
28,Прил.2,,Диференцирани осигурителни вноски за фонд „Трудова злополука и професионална болест“ за периода от 1 април до 31 декември 2025 г.,30,"Производство на превозни средства, без автомобили","1,1"
28,Прил.2,,Диференцирани осигурителни вноски за фонд „Трудова злополука и професионална болест“ за периода от 1 април до 31 декември 2025 г.,31,Производство на мебели,"1,1"
28,Прил.2,,Диференцирани осигурителни вноски за фонд „Трудова злополука и професионална болест“ за периода от 1 април до 31 декември 2025 г.,33,"Ремонт, поддържане и инсталиране на машини и оборудване","1,1"
28,Прил.2,,Диференцирани осигурителни вноски за фонд „Трудова злополука и професионална болест“ за периода от 1 април до 31 декември 2025 г.,37,"Събиране, отвеждане и пречистване на отпадъчни води","1,1"
28,Прил.2,,Диференцирани осигурителни вноски за фонд „Трудова злополука и професионална болест“ за периода от 1 април до 31 декември 2025 г.,38,"Събиране, оползотворяване и обезвреждане на отпадъци","1,1"
28,Прил.2,,Диференцирани осигурителни вноски за фонд „Трудова злополука и професионална болест“ за периода от 1 април до 31 декември 2025 г.,39,Възстановяване и други дейности по управление на отпадъци,"1,1"
28,Прил.2,,Диференцирани осигурителни вноски за фонд „Трудова злополука и професионална болест“ за периода от 1 април до 31 декември 2025 г.,41,Строителство на жилищни и нежилищни сгради,"1,1"
28,Прил.2,,Диференцирани осигурителни вноски за фонд „Трудова злополука и професионална болест“ за периода от 1 април до 31 декември 2025 г.,42,Строителство на съоръжения,"1,1"
28,Прил.2,,Диференцирани осигурителни вноски за фонд „Трудова злополука и професионална болест“ за периода от 1 април до 31 декември 2025 г.,43,Специализирани строителни дейности,"1,1"
28,Прил.2,,Диференцирани осигурителни вноски за фонд „Трудова злополука и професионална болест“ за периода от 1 април до 31 декември 2025 г.,49,Сухопътен транспорт,"1,1"
28,Прил.2,,Диференцирани осигурителни вноски за фонд „Трудова злополука и професионална болест“ за периода от 1 април до 31 декември 2025 г.,50,Воден транспорт,"1,1"
28,Прил.2,,Диференцирани осигурителни вноски за фонд „Трудова злополука и професионална болест“ за периода от 1 април до 31 декември 2025 г.,52,Складиране и съхраняване на товари и спомагателни дейности в транспорта,"1,1"
28,Прил.2,,Диференцирани осигурителни вноски за фонд „Трудова злополука и професионална болест“ за периода от 1 април до 31 декември 2025 г.,68,Операции с недвижими имоти,"1,1"
28,Прил.2,,Диференцирани осигурителни вноски за фонд „Трудова злополука и професионална болест“ за периода от 1 април до 31 декември 2025 г.,77,Даване под наем и оперативен лизинг,"1,1"
28,Прил.2,,Диференцирани осигурителни вноски за фонд „Трудова злополука и професионална болест“ за периода от 1 април до 31 декември 2025 г.,01,"Растениевъдство, животновъдство и лов; спомагателни дейности","0,9"
28,Прил.2,,Диференцирани осигурителни вноски за фонд „Трудова злополука и професионална болест“ за периода от 1 април до 31 декември 2025 г.,19,Производство на кокс и рафинирани нефтопродукти,"0,9"
28,Прил.2,,Диференцирани осигурителни вноски за фонд „Трудова злополука и професионална болест“ за периода от 1 април до 31 декември 2025 г.,21,Производство на лекарствени вещества и продукти,"0,9"
28,Прил.2,,Диференцирани осигурителни вноски за фонд „Трудова злополука и професионална болест“ за периода от 1 април до 31 декември 2025 г.,28,"Производство на машини и оборудване, с общо и специално предназначение","0,9"
28,Прил.2,,Диференцирани осигурителни вноски за фонд „Трудова злополука и професионална болест“ за периода от 1 април до 31 декември 2025 г.,35,"Производство и разпределение на електрическа и топлинна енергия, газообразни горива и енергия за охлаждане","0,9"
28,Прил.2,,Диференцирани осигурителни вноски за фонд „Трудова злополука и професионална болест“ за периода от 1 април до 31 декември 2025 г.,36,"Събиране, пречистване и доставяне на води","0,9"
28,Прил.2,,Диференцирани осигурителни вноски за фонд „Трудова злополука и професионална болест“ за периода от 1 април до 31 декември 2025 г.,81,Дейности по обслужване на сгради и озеленяване,"0,9"
28,Прил.2,,Диференцирани осигурителни вноски за фонд „Трудова злополука и професионална болест“ за периода от 1 април до 31 декември 2025 г.,03,Рибно стопанство,"0,7"
28,Прил.2,,Диференцирани осигурителни вноски за фонд „Трудова злополука и професионална болест“ за периода от 1 април до 31 декември 2025 г.,06,Добив на нефт и природен газ,"0,7"
28,Прил.2,,Диференцирани осигурителни вноски за фонд „Трудова злополука и професионална болест“ за периода от 1 април до 31 декември 2025 г.,10,Производство на хранителни продукти,"0,7"
28,Прил.2,,Диференцирани осигурителни вноски за фонд „Трудова злополука и професионална болест“ за периода от 1 април до 31 декември 2025 г.,11,Производство на напитки,"0,7"
28,Прил.2,,Диференцирани осигурителни вноски за фонд „Трудова злополука и професионална болест“ за периода от 1 април до 31 декември 2025 г.,27,Производство на електрически съоръжения,"0,7"
28,Прил.2,,Диференцирани осигурителни вноски за фонд „Трудова злополука и професионална болест“ за периода от 1 април до 31 декември 2025 г.,32,"Производство, некласифицирано другаде","0,7"
28,Прил.2,,Диференцирани осигурителни вноски за фонд „Трудова злополука и професионална болест“ за периода от 1 април до 31 декември 2025 г.,51,Въздушен транспорт,"0,7"
28,Прил.2,,Диференцирани осигурителни вноски за фонд „Трудова злополука и професионална болест“ за периода от 1 април до 31 декември 2025 г.,53,Пощенски и куриерски дейности,"0,7"
28,Прил.2,,Диференцирани осигурителни вноски за фонд „Трудова злополука и професионална болест“ за периода от 1 април до 31 декември 2025 г.,61,Телекомуникации,"0,7"
28,Прил.2,,Диференцирани осигурителни вноски за фонд „Трудова злополука и професионална болест“ за периода от 1 април до 31 декември 2025 г.,71,Архитектурни и инженерни дейности; технически изпитвания и анализи,"0,7"
28,Прил.2,,Диференцирани осигурителни вноски за фонд „Трудова злополука и професионална болест“ за периода от 1 април до 31 декември 2025 г.,80,Дейности по разследване и охрана,"0,7"
28,Прил.2,,Диференцирани осигурителни вноски за фонд „Трудова злополука и професионална болест“ за периода от 1 април до 31 декември 2025 г.,84,Държавно управление,"0,7"
28,Прил.2,,Диференцирани осигурителни вноски за фонд „Трудова злополука и професионална болест“ за периода от 1 април до 31 декември 2025 г.,90,Артистична и творческа дейност и изпълнителско изкуство,"0,7"
28,Прил.2,,Диференцирани осигурителни вноски за фонд „Трудова злополука и професионална болест“ за периода от 1 април до 31 декември 2025 г.,14,Производство на облекло,"0,5"
28,Прил.2,,Диференцирани осигурителни вноски за фонд „Трудова злополука и професионална болест“ за периода от 1 април до 31 декември 2025 г.,15,Обработка на кожи; производство на обувки; производство на изделия за пътуване и сарашки изделия от всякакви материали,"0,5"
28,Прил.2,,Диференцирани осигурителни вноски за фонд „Трудова злополука и професионална болест“ за периода от 1 април до 31 декември 2025 г.,18,Печатна дейност и възпроизвеждане на записани носители,"0,5"
28,Прил.2,,Диференцирани осигурителни вноски за фонд „Трудова злополука и професионална болест“ за периода от 1 април до 31 декември 2025 г.,26,"Производство на компютърна и телекомуникационна техника, електронни и оптични продукти","0,5"
28,Прил.2,,Диференцирани осигурителни вноски за фонд „Трудова злополука и професионална болест“ за периода от 1 април до 31 декември 2025 г.,29,"Производство на автомобили, ремаркета и полуремаркета","0,5"
28,Прил.2,,Диференцирани осигурителни вноски за фонд „Трудова злополука и професионална болест“ за периода от 1 април до 31 декември 2025 г.,46,Търговия на едро,"0,5"
28,Прил.2,,Диференцирани осигурителни вноски за фонд „Трудова злополука и професионална болест“ за периода от 1 април до 31 декември 2025 г.,47,Търговия на дребно,"0,5"
28,Прил.2,,Диференцирани осигурителни вноски за фонд „Трудова злополука и професионална болест“ за периода от 1 април до 31 декември 2025 г.,55,Хотелиерство,"0,5"
28,Прил.2,,Диференцирани осигурителни вноски за фонд „Трудова злополука и професионална болест“ за периода от 1 април до 31 декември 2025 г.,56,Ресторантьорство,"0,5"
28,Прил.2,,Диференцирани осигурителни вноски за фонд „Трудова злополука и професионална болест“ за периода от 1 април до 31 декември 2025 г.,70,Дейност на централни офиси и консултантски дейности в областта на управлението,"0,5"
28,Прил.2,,Диференцирани осигурителни вноски за фонд „Трудова злополука и професионална болест“ за периода от 1 април до 31 декември 2025 г.,72,Научноизследователска и развойна дейност,"0,5"
28,Прил.2,,Диференцирани осигурителни вноски за фонд „Трудова злополука и професионална болест“ за периода от 1 април до 31 декември 2025 г.,74,Други професионални дейности,"0,5"
28,Прил.2,,Диференцирани осигурителни вноски за фонд „Трудова злополука и професионална болест“ за периода от 1 април до 31 декември 2025 г.,78,Дейности по наемане и предоставяне на работна сила,"0,5"
28,Прил.2,,Диференцирани осигурителни вноски за фонд „Трудова злополука и професионална болест“ за периода от 1 април до 31 декември 2025 г.,79,"Туристическа агентска и операторска дейност и други дейности, свързани с пътувания и резервации","0,5"
28,Прил.2,,Диференцирани осигурителни вноски за фонд „Трудова злополука и професионална болест“ за периода от 1 април до 31 декември 2025 г.,85,Образование,"0,5"
28,Прил.2,,Диференцирани осигурителни вноски за фонд „Трудова злополука и професионална болест“ за периода от 1 април до 31 декември 2025 г.,86,Хуманно здравеопазване,"0,5"
28,Прил.2,,Диференцирани осигурителни вноски за фонд „Трудова злополука и професионална болест“ за периода от 1 април до 31 декември 2025 г.,87,Медико-социални грижи с настаняване,"0,5"
28,Прил.2,,Диференцирани осигурителни вноски за фонд „Трудова злополука и професионална болест“ за периода от 1 април до 31 декември 2025 г.,88,Социална работа без настаняване,"0,5"
28,Прил.2,,Диференцирани осигурителни вноски за фонд „Трудова злополука и професионална болест“ за периода от 1 април до 31 декември 2025 г.,91,Други дейности в областта на културата,"0,5"
28,Прил.2,,Диференцирани осигурителни вноски за фонд „Трудова злополука и професионална болест“ за периода от 1 април до 31 декември 2025 г.,92,Организиране на хазартни игри,"0,5"
28,Прил.2,,Диференцирани осигурителни вноски за фонд „Трудова злополука и професионална болест“ за периода от 1 април до 31 декември 2025 г.,93,"Спортни и други дейности, свързани с развлечения и отдих","0,5"
28,Прил.2,,Диференцирани осигурителни вноски за фонд „Трудова злополука и професионална болест“ за периода от 1 април до 31 декември 2025 г.,95,"Ремонт и поддържане на компютърна техника, на лични и домакински вещи и техническо обслужване и ремонт на автомобили и мотоциклети","0,5"
28,Прил.2,,Диференцирани осигурителни вноски за фонд „Трудова злополука и професионална болест“ за периода от 1 април до 31 декември 2025 г.,99,Дейности на екстериториални организации и служби,"0,5"
28,Прил.2,,Диференцирани осигурителни вноски за фонд „Трудова злополука и професионална болест“ за периода от 1 април до 31 декември 2025 г.,58,Издателска дейност,"0,4"
28,Прил.2,,Диференцирани осигурителни вноски за фонд „Трудова злополука и професионална болест“ за периода от 1 април до 31 декември 2025 г.,59,"Производство на филми и телевизионни предавания, звукозаписване и издаване на музика","0,4"
28,Прил.2,,Диференцирани осигурителни вноски за фонд „Трудова злополука и професионална болест“ за периода от 1 април до 31 декември 2025 г.,60,"Радио- и телевизионна дейност, дейности на информационни агенции и разпространение на друго съдържание","0,4"
28,Прил.2,,Диференцирани осигурителни вноски за фонд „Трудова злополука и професионална болест“ за периода от 1 април до 31 декември 2025 г.,62,Дейности в областта на информационните технологии,"0,4"
28,Прил.2,,Диференцирани осигурителни вноски за фонд „Трудова злополука и професионална болест“ за периода от 1 април до 31 декември 2025 г.,63,"Инфраструктура за информационни технологии, обработка на данни, хостинг и други информационни услуги","0,4"
28,Прил.2,,Диференцирани осигурителни вноски за фонд „Трудова злополука и професионална болест“ за периода от 1 април до 31 декември 2025 г.,64,"Предоставяне на финансови услуги, без застраховане и допълнително пенсионно осигуряване","0,4"
28,Прил.2,,Диференцирани осигурителни вноски за фонд „Трудова злополука и професионална болест“ за периода от 1 април до 31 декември 2025 г.,65,"Застраховане, презастраховане и допълнително пенсионно осигуряване","0,4"
28,Прил.2,,Диференцирани осигурителни вноски за фонд „Трудова злополука и професионална болест“ за периода от 1 април до 31 декември 2025 г.,66,Спомагателни дейности във финансовите услуги и застраховането,"0,4"
28,Прил.2,,Диференцирани осигурителни вноски за фонд „Трудова злополука и професионална болест“ за периода от 1 април до 31 декември 2025 г.,69,Юридически и счетоводни дейности,"0,4"
28,Прил.2,,Диференцирани осигурителни вноски за фонд „Трудова злополука и професионална болест“ за периода от 1 април до 31 декември 2025 г.,73,"Рекламна дейност, проучване на пазари и връзки с обществеността","0,4"
28,Прил.2,,Диференцирани осигурителни вноски за фонд „Трудова злополука и професионална болест“ за периода от 1 април до 31 декември 2025 г.,75,Ветеринарномедицинска дейност,"0,4"
28,Прил.2,,Диференцирани осигурителни вноски за фонд „Трудова злополука и професионална болест“ за периода от 1 април до 31 декември 2025 г.,82,Административни офис дейности и друго спомагателно обслужване на стопанската дейност,"0,4"
28,Прил.2,,Диференцирани осигурителни вноски за фонд „Трудова злополука и професионална болест“ за периода от 1 април до 31 декември 2025 г.,94,Дейности на организации с нестопанска цел,"0,4"
28,Прил.2,,Диференцирани осигурителни вноски за фонд „Трудова злополука и професионална болест“ за периода от 1 април до 31 декември 2025 г.,96,Персонални услуги,"0,4"
28,Прил.2,,Диференцирани осигурителни вноски за фонд „Трудова злополука и професионална болест“ за периода от 1 април до 31 декември 2025 г.,97,Дейности на домакинства като работодатели на домашен персонал,"0,4"
28,Прил.2,,Диференцирани осигурителни вноски за фонд „Трудова злополука и професионална болест“ за периода от 1 април до 31 декември 2025 г.,98,Недиференцирани дейности на домакинства по производство на стоки и услуги за собствено потребление,"0,4"
29,Прил.3,,(в хил. лв.),,П О К А З А Т Е Л И,Б Ю Д Ж Е Т 2025 г.
29,Прил.3,,(в хил. лв.),,І. ПРИХОДИ,"3 200,0"
29,Прил.3,,(в хил. лв.),,Приходи от лихви и отстъпки от държавни и общински ценни книжа,"3 200,0"
29,Прил.3,,(в хил. лв.),,ІІ. РАЗХОДИ,"4 839,1"
29,Прил.3,,(в хил. лв.),,Обезщетения и помощи за домакинствата,"4 500,0"
29,Прил.3,,(в хил. лв.),,Разходи за гарантирани вземания на работници и служители,"4 500,0"
29,Прил.3,,(в хил. лв.),,Разходи за дейността,"90,0"
29,Прил.3,,(в хил. лв.),,"Разходи за дейността, извършени по чл. 13 от Закона за гарантираните вземания на работниците и служителите при несъстоятелност на работодателя","90,0"
29,Прил.3,,(в хил. лв.),,Разходи за заплати и възнаграждения на персонала,"69,5"
29,Прил.3,,(в хил. лв.),,Други възнаграждения и плащания на персонала,"105,8"
29,Прил.3,,(в хил. лв.),,Осигурителни вноски от работодатели,"29,8"
29,Прил.3,,(в хил. лв.),,Издръжка,"44,0"
29,Прил.3,,(в хил. лв.),,III. ТРАНСФЕРИ,"0,0"
29,Прил.3,,(в хил. лв.),,IV. ДЕФИЦИТ (-)/ИЗЛИШЪК (+),"-1 639,1"
29,Прил.3,,(в хил. лв.),,V. ФИНАНСИРАНЕ,"1 639,1"
29,Прил.3,,(в хил. лв.),,Покупко-продажба на държавни (общински) ценни книжа от бюджетни организации – нето (+/-),"10 531,5"
29,Прил.3,,(в хил. лв.),,Покупка на държавни (общински) ценни книжа на първичния пазар (–),"-20 000,0"
29,Прил.3,,(в хил. лв.),,Получени погашения по държавни (общински) ценни книжа (+),"30 531,5"
29,Прил.3,,(в хил. лв.),,Депозити и средства по сметки – нето (+/–),"-8 892,4"
29,Прил.3,,(в хил. лв.),,Наличност по сметка в началото на периода (+),"48 628,2"
29,Прил.3,,(в хил. лв.),,Наличност по депозити в началото на периода (+),"0,0"
29,Прил.3,,(в хил. лв.),,Наличност по сметка в края на периода (–),"-50 520,6"
29,Прил.3,,(в хил. лв.),,Наличност по депозити в края на периода (–),"-7 000,0"
30,Прил.4,,(в хил. лв.),,П О К А З А Т Е Л И,Б Ю Д Ж Е Т 2025 г.
30,Прил.4,,(в хил. лв.),,I. ПРИХОДИ,"139 192,3"
30,Прил.4,,(в хил. лв.),,Данъчно-осигурителни приходи,"136 769,0"
30,Прил.4,,(в хил. лв.),,Осигурителни вноски от работодатели за Учителския пенсионен фонд,"136 769,0"
30,Прил.4,,(в хил. лв.),,Неданъчни приходи,"2 423,3"
30,Прил.4,,(в хил. лв.),,Приходи и доходи от собственост,"2 423,3"
30,Прил.4,,(в хил. лв.),,Приходи от лихви и отстъпки от държавни и общински ценни книжа,"2 423,3"
30,Прил.4,,(в хил. лв.),,II. РАЗХОДИ,"124 741,3"
30,Прил.4,,(в хил. лв.),,Издръжка,"11,8"
30,Прил.4,,(в хил. лв.),,Други финансови услуги,"11,8"
30,Прил.4,,(в хил. лв.),,Пенсии,"124 729,5"
30,Прил.4,,(в хил. лв.),,Пенсии от Учителския пенсионен фонд,"27 367,7"
30,Прил.4,,(в хил. лв.),,Добавки от Учителския пенсионен фонд,"97 361,8"
30,Прил.4,,(в хил. лв.),,III. ТРАНСФЕРИ,"0,0"
30,Прил.4,,(в хил. лв.),,IV. ДЕФИЦИТ (–)/ИЗЛИШЪК (+),"14 451,0"
30,Прил.4,,(в хил. лв.),,V. ФИНАНСИРАНЕ,"-14 451,0"
30,Прил.4,,(в хил. лв.),,Покупко-продажба на държавни (общински) ценни книжа от бюджетни организации – нето (+/–),"25 619,3"
30,Прил.4,,(в хил. лв.),,Покупка на държавни (общински) ценни книжа на първичния пазар (-),"-9 500,0"
30,Прил.4,,(в хил. лв.),,Получени погашения по държавни (общински) ценни книжа (+),"35 119,3"
30,Прил.4,,(в хил. лв.),,Депозити и средства по сметки – нето (+/–),"-40 070,3"
30,Прил.4,,(в хил. лв.),,Наличност по сметка в началото на периода (+),"23 319,1"
30,Прил.4,,(в хил. лв.),,Наличност по депозити в началото на периода (+),"30 000,0"
30,Прил.4,,(в хил. лв.),,Наличност по сметка в края на периода (–),"-53 389,4"
30,Прил.4,,(в хил. лв.),,Наличност по депозити в края на периода (–),"-40 000,0"
31,Прил.5,,КОНСОЛИДИРАН БЮДЖЕТ на администрираните от Националния осигурителен институт социалноосигурителни фондове за 2025 г.,,П О К А З А Т Е Л И,Сума (хил. лв.)
31,Прил.5,,КОНСОЛИДИРАН БЮДЖЕТ на администрираните от Националния осигурителен институт социалноосигурителни фондове за 2025 г.,I.,ПРИХОДИ И ТРАНСФЕРИ – ВСИЧКО,"27 531 763,3"
31,Прил.5,,КОНСОЛИДИРАН БЮДЖЕТ на администрираните от Националния осигурителен институт социалноосигурителни фондове за 2025 г.,1.,Приходи,"15 358 262,6"
31,Прил.5,,КОНСОЛИДИРАН БЮДЖЕТ на администрираните от Националния осигурителен институт социалноосигурителни фондове за 2025 г.,1.1.,Осигурителни приходи,"15 217 098,9"
31,Прил.5,,КОНСОЛИДИРАН БЮДЖЕТ на администрираните от Националния осигурителен институт социалноосигурителни фондове за 2025 г.,1.1.1.,Осигурителни вноски,"15 217 098,9"
31,Прил.5,,КОНСОЛИДИРАН БЮДЖЕТ на администрираните от Националния осигурителен институт социалноосигурителни фондове за 2025 г.,1.2.,Неданъчни приходи,"142 540,7"
31,Прил.5,,КОНСОЛИДИРАН БЮДЖЕТ на администрираните от Националния осигурителен институт социалноосигурителни фондове за 2025 г.,1.3.,Внесени ДДС и други данъци върху продажбите,"-1 377,0"
31,Прил.5,,КОНСОЛИДИРАН БЮДЖЕТ на администрираните от Националния осигурителен институт социалноосигурителни фондове за 2025 г.,2.,Получени трансфери от централния/държавния бюджет,"12 173 500,7"
31,Прил.5,,КОНСОЛИДИРАН БЮДЖЕТ на администрираните от Националния осигурителен институт социалноосигурителни фондове за 2025 г.,I.,РАЗХОДИ И ТРАНСФЕРИ – ВСИЧКО,"27 518 951,4"
31,Прил.5,,КОНСОЛИДИРАН БЮДЖЕТ на администрираните от Националния осигурителен институт социалноосигурителни фондове за 2025 г.,1.,Разходи,"27 511 551,4"
31,Прил.5,,КОНСОЛИДИРАН БЮДЖЕТ на администрираните от Националния осигурителен институт социалноосигурителни фондове за 2025 г.,1.1.,Пенсии,"24 230 751,1"
31,Прил.5,,КОНСОЛИДИРАН БЮДЖЕТ на администрираните от Националния осигурителен институт социалноосигурителни фондове за 2025 г.,1.2.,Социални помощи и обезщетения,"3 078 483,6"
31,Прил.5,,КОНСОЛИДИРАН БЮДЖЕТ на администрираните от Националния осигурителен институт социалноосигурителни фондове за 2025 г.,1.3.,"Програми, дейности и служби по социалното осигуряване, подпомагане и заетостта","202 070,7"
31,Прил.5,,КОНСОЛИДИРАН БЮДЖЕТ на администрираните от Националния осигурителен институт социалноосигурителни фондове за 2025 г.,1.3.1.,Разходи за персонал,"141 386,3"
31,Прил.5,,КОНСОЛИДИРАН БЮДЖЕТ на администрираните от Националния осигурителен институт социалноосигурителни фондове за 2025 г.,1.3.2.,Издръжка,"55 458,7"
31,Прил.5,,КОНСОЛИДИРАН БЮДЖЕТ на администрираните от Националния осигурителен институт социалноосигурителни фондове за 2025 г.,1.3.3.,"Платени данъци, такси и административни санкции","600,0"
31,Прил.5,,КОНСОЛИДИРАН БЮДЖЕТ на администрираните от Националния осигурителен институт социалноосигурителни фондове за 2025 г.,1.3.4.,Разходи за членски внос и участие в нетърговски организации и дейности,"131,1"
31,Прил.5,,КОНСОЛИДИРАН БЮДЖЕТ на администрираните от Националния осигурителен институт социалноосигурителни фондове за 2025 г.,1.3.5.,Капиталови разходи,"4 494,6"
31,Прил.5,,КОНСОЛИДИРАН БЮДЖЕТ на администрираните от Националния осигурителен институт социалноосигурителни фондове за 2025 г.,1.4.,Отбрана и сигурност,"246,0"
31,Прил.5,,КОНСОЛИДИРАН БЮДЖЕТ на администрираните от Националния осигурителен институт социалноосигурителни фондове за 2025 г.,2.,Предоставени трансфери,"7 400,0"
31,Прил.5,,КОНСОЛИДИРАН БЮДЖЕТ на администрираните от Националния осигурителен институт социалноосигурителни фондове за 2025 г.,,"ДЕФИЦИТ (–), ИЗЛИШЪК (+)","12 811,9"
31,Прил.5,,КОНСОЛИДИРАН БЮДЖЕТ на администрираните от Националния осигурителен институт социалноосигурителни фондове за 2025 г.,,ФИНАНСИРАНЕ,"-12 811,9"
31,Прил.5,,КОНСОЛИДИРАН БЮДЖЕТ на администрираните от Националния осигурителен институт социалноосигурителни фондове за 2025 г.,,Покупко-продажба на държавни (общински) ценни книжа – нето (+/–),"36 150,8"
31,Прил.5,,КОНСОЛИДИРАН БЮДЖЕТ на администрираните от Националния осигурителен институт социалноосигурителни фондове за 2025 г.,,Депозити и средства по сметки – нето (+/–),"-48 962,7"
31,Прил.5,,КОНСОЛИДИРАН БЮДЖЕТ на администрираните от Националния осигурителен институт социалноосигурителни фондове за 2025 г.,,Наличности в началото на периода (+),"101 947,3"
31,Прил.5,,КОНСОЛИДИРАН БЮДЖЕТ на администрираните от Националния осигурителен институт социалноосигурителни фондове за 2025 г.,,Наличности в края на периода (–),"-150 910,0"
